R48 L 路 升温管段伸长探针　场转储（每段 X/TMetal 原样）　开跑 2026-09-16 22:44:15　2026-09-16 Opus 5
── 设定点 300 °C　夹头 100 °C　段 0「HC1」　T设定 300 °C　节点 401　段长 300 mm　控温点下标 200（x = 150 mm）　电流 531.8 A　ΔL_A +0.018688　ΔL_B -0.010228
i	X_mm	TMetal_C	epsDiff
0	0	335.135543	3.447533640E-04
1	0.75	334.753689	3.409901326E-04
2	1.5	334.375553	3.372638824E-04
3	2.25	334.001094	3.335742206E-04
4	3	333.630276	3.299207591E-04
5	3.75	333.263059	3.263031140E-04
6	4.5	332.899406	3.227209059E-04
7	5.25	332.53928	3.191737594E-04
8	6	332.182645	3.156613035E-04
9	6.75	331.829463	3.121831713E-04
10	7.5	331.479699	3.087389999E-04
11	8.25	331.133318	3.053284307E-04
12	9	330.790284	3.019511086E-04
13	9.75	330.450562	2.986066831E-04
14	10.5	330.114119	2.952948069E-04
15	11.25	329.780919	2.920151371E-04
16	12	329.45093	2.887673342E-04
17	12.75	329.124117	2.855510627E-04
18	13.5	328.800449	2.823659907E-04
19	14.25	328.479892	2.792117899E-04
20	15	328.162414	2.760881355E-04
21	15.75	327.847983	2.729947066E-04
22	16.5	327.536567	2.699311855E-04
23	17.25	327.228136	2.668972580E-04
24	18	326.922659	2.638926135E-04
25	18.75	326.620104	2.609169445E-04
26	19.5	326.320442	2.579699472E-04
27	20.25	326.023643	2.550513207E-04
28	21	325.729676	2.521607676E-04
29	21.75	325.438514	2.492979937E-04
30	22.5	325.150126	2.464627078E-04
31	23.25	324.864484	2.436546220E-04
32	24	324.58156	2.408734516E-04
33	24.75	324.301325	2.381189145E-04
34	25.5	324.023752	2.353907322E-04
35	26.25	323.748813	2.326886287E-04
36	27	323.476481	2.300123313E-04
37	27.75	323.206729	2.273615699E-04
38	28.5	322.939531	2.247360774E-04
39	29.25	322.67486	2.221355897E-04
40	30	322.412689	2.195598452E-04
41	30.75	322.152993	2.170085853E-04
42	31.5	321.895747	2.144815541E-04
43	32.25	321.640925	2.119784981E-04
44	33	321.388503	2.094991670E-04
45	33.75	321.138454	2.070433127E-04
46	34.5	320.890755	2.046106898E-04
47	35.25	320.645382	2.022010555E-04
48	36	320.40231	1.998141697E-04
49	36.75	320.161516	1.974497945E-04
50	37.5	319.922976	1.951076947E-04
51	38.25	319.686666	1.927876375E-04
52	39	319.452565	1.904893924E-04
53	39.75	319.220648	1.882127315E-04
54	40.5	318.990893	1.859574291E-04
55	41.25	318.763279	1.837232618E-04
56	42	318.537782	1.815100086E-04
57	42.75	318.31438	1.793174508E-04
58	43.5	318.093053	1.771453718E-04
59	44.25	317.873779	1.749935573E-04
60	45	317.656536	1.728617954E-04
61	45.75	317.441303	1.707498760E-04
62	46.5	317.228059	1.686575913E-04
63	47.25	317.016784	1.665847356E-04
64	48	316.807458	1.645311055E-04
65	48.75	316.600059	1.624964993E-04
66	49.5	316.394569	1.604807176E-04
67	50.25	316.190967	1.584835630E-04
68	51	315.989233	1.565048399E-04
69	51.75	315.789349	1.545443548E-04
70	52.5	315.591295	1.526019162E-04
71	53.25	315.395051	1.506773344E-04
72	54	315.200599	1.487704217E-04
73	54.75	315.007921	1.468809923E-04
74	55.5	314.816997	1.450088621E-04
75	56.25	314.62781	1.431538489E-04
76	57	314.440341	1.413157724E-04
77	57.75	314.254572	1.394944539E-04
78	58.5	314.070486	1.376897168E-04
79	59.25	313.888064	1.359013858E-04
80	60	313.70729	1.341292877E-04
81	60.75	313.528147	1.323732508E-04
82	61.5	313.350616	1.306331051E-04
83	62.25	313.174681	1.289086824E-04
84	63	313.000326	1.271998160E-04
85	63.75	312.827533	1.255063409E-04
86	64.5	312.656287	1.238280937E-04
87	65.25	312.48657	1.221649126E-04
88	66	312.318367	1.205166372E-04
89	66.75	312.151662	1.188831089E-04
90	67.5	311.986439	1.172641705E-04
91	68.25	311.822682	1.156596663E-04
92	69	311.660376	1.140694423E-04
93	69.75	311.499504	1.124933455E-04
94	70.5	311.340053	1.109312250E-04
95	71.25	311.182007	1.093829308E-04
96	72	311.02535	1.078483145E-04
97	72.75	310.870068	1.063272294E-04
98	73.5	310.716147	1.048195297E-04
99	74.25	310.563572	1.033250713E-04
100	75	310.412328	1.018437113E-04
101	75.75	310.262401	1.003753084E-04
102	76.5	310.113777	9.891972227E-05
103	77.25	309.966441	9.747681415E-05
104	78	309.820381	9.604644647E-05
105	78.75	309.675582	9.462848297E-05
106	79.5	309.53203	9.322278864E-05
107	80.25	309.389713	9.182922975E-05
108	81	309.248616	9.044767378E-05
109	81.75	309.108726	8.907798943E-05
110	82.5	308.970031	8.772004662E-05
111	83.25	308.832517	8.637371645E-05
112	84	308.696171	8.503887121E-05
113	84.75	308.56098	8.371538436E-05
114	85.5	308.426933	8.240313048E-05
115	86.25	308.294015	8.110198531E-05
116	87	308.162215	7.981182571E-05
117	87.75	308.031521	7.853252965E-05
118	88.5	307.901919	7.726397619E-05
119	89.25	307.773399	7.600604547E-05
120	90	307.645947	7.475861871E-05
121	90.75	307.519553	7.352157818E-05
122	91.5	307.394203	7.229480719E-05
123	92.25	307.269887	7.107819010E-05
124	93	307.146593	6.987161227E-05
125	93.75	307.02431	6.867496007E-05
126	94.5	306.903025	6.748812087E-05
127	95.25	306.782728	6.631098303E-05
128	96	306.663407	6.514343585E-05
129	96.75	306.545052	6.398536963E-05
130	97.5	306.427651	6.283667558E-05
131	98.25	306.311193	6.169724588E-05
132	99	306.195667	6.056697360E-05
133	99.75	306.081064	5.944575274E-05
134	100.5	305.967371	5.833347820E-05
135	101.25	305.854579	5.723004577E-05
136	102	305.742677	5.613535213E-05
137	102.75	305.631654	5.504929480E-05
138	103.5	305.521501	5.397177219E-05
139	104.25	305.412207	5.290268353E-05
140	105	305.303762	5.184192891E-05
141	105.75	305.196155	5.078940922E-05
142	106.5	305.089378	4.974502620E-05
143	107.25	304.983419	4.870868235E-05
144	108	304.87827	4.768028100E-05
145	108.75	304.77392	4.665972627E-05
146	109.5	304.67036	4.564692302E-05
147	110.25	304.56758	4.464177690E-05
148	111	304.465571	4.364419432E-05
149	111.75	304.364322	4.265408242E-05
150	112.5	304.263826	4.167134909E-05
151	113.25	304.164073	4.069590293E-05
152	114	304.065052	3.972765327E-05
153	114.75	303.966757	3.876651015E-05
154	115.5	303.869176	3.781238430E-05
155	116.25	303.772301	3.686518714E-05
156	117	303.676124	3.592483079E-05
157	117.75	303.580634	3.499122801E-05
158	118.5	303.485825	3.406429225E-05
159	119.25	303.391686	3.314393760E-05
160	120	303.29821	3.223007879E-05
161	120.75	303.205387	3.132263121E-05
162	121.5	303.113208	3.042151085E-05
163	122.25	303.021667	2.952663434E-05
164	123	302.930753	2.863791891E-05
165	123.75	302.840459	2.775528239E-05
166	124.5	302.750777	2.687864323E-05
167	125.25	302.661698	2.600792043E-05
168	126	302.573214	2.514303359E-05
169	126.75	302.485316	2.428390288E-05
170	127.5	302.397998	2.343044902E-05
171	128.25	302.31125	2.258259330E-05
172	129	302.225065	2.174025755E-05
173	129.75	302.139435	2.090336412E-05
174	130.5	302.054352	2.007183592E-05
175	131.25	301.969808	1.924559637E-05
176	132	301.885796	1.842456941E-05
177	132.75	301.802308	1.760867947E-05
178	133.5	301.719335	1.679785151E-05
179	134.25	301.636872	1.599201095E-05
180	135	301.554909	1.519108373E-05
181	135.75	301.47344	1.439499625E-05
182	136.5	301.392457	1.360367538E-05
183	137.25	301.311953	1.281704845E-05
184	138	301.231919	1.203504326E-05
185	138.75	301.15235	1.125758805E-05
186	139.5	301.073238	1.048461151E-05
187	140.25	300.994575	9.716042761E-06
188	141	300.916355	8.951811353E-06
189	141.75	300.838569	8.191847257E-06
190	142.5	300.761212	7.436080861E-06
191	143.25	300.684276	6.684442963E-06
192	144	300.607753	5.936864758E-06
193	144.75	300.531638	5.193277839E-06
194	145.5	300.455923	4.453614187E-06
195	146.25	300.380601	3.717806164E-06
196	147	300.305665	2.985786508E-06
197	147.75	300.231109	2.257488324E-06
198	148.5	300.156926	1.532845080E-06
199	149.25	300.083108	8.117906019E-07
200	150	300.00965	9.425906131E-08
201	150.75	299.936544	-6.198150248E-07
202	151.5	299.863784	-1.330496803E-06
203	152.25	299.791364	-2.037851090E-06
204	153	299.719276	-2.741942378E-06
205	153.75	299.647514	-3.442834840E-06
206	154.5	299.576072	-4.140592339E-06
207	155.25	299.504943	-4.835278429E-06
208	156	299.434121	-5.526956368E-06
209	156.75	299.363599	-6.215689116E-06
210	157.5	299.293371	-6.901539350E-06
211	158.25	299.22343	-7.584569461E-06
212	159	299.153771	-8.264841565E-06
213	159.75	299.084386	-8.942417509E-06
214	160.5	299.01527	-9.617358875E-06
215	161.25	298.946416	-1.028972699E-05
216	162	298.877818	-1.095958292E-05
217	162.75	298.80947	-1.162698749E-05
218	163.5	298.741366	-1.229200128E-05
219	164.25	298.673498	-1.295468465E-05
220	165	298.605863	-1.361509771E-05
221	165.75	298.538452	-1.427330035E-05
222	166.5	298.471261	-1.492935225E-05
223	167.25	298.404282	-1.558331287E-05
224	168	298.337511	-1.623524147E-05
225	168.75	298.27094	-1.688519710E-05
226	169.5	298.204564	-1.753323861E-05
227	170.25	298.138377	-1.817942468E-05
228	171	298.072373	-1.882381378E-05
229	171.75	298.006546	-1.946646422E-05
230	172.5	297.94089	-2.010743412E-05
231	173.25	297.875399	-2.074678144E-05
232	174	297.810067	-2.138456396E-05
233	174.75	297.744889	-2.202083934E-05
234	175.5	297.679858	-2.265566505E-05
235	176.25	297.614968	-2.328909842E-05
236	177	297.550214	-2.392119665E-05
237	177.75	297.48559	-2.455201679E-05
238	178.5	297.42109	-2.518161576E-05
239	179.25	297.356708	-2.581005036E-05
240	180	297.292438	-2.643737727E-05
241	180.75	297.228275	-2.706365305E-05
242	181.5	297.164213	-2.768893413E-05
243	182.25	297.100246	-2.831327687E-05
244	183	297.036368	-2.893673750E-05
245	183.75	296.972574	-2.955937217E-05
246	184.5	296.908857	-3.018123693E-05
247	185.25	296.845213	-3.080238776E-05
248	186	296.781635	-3.142288053E-05
249	186.75	296.718117	-3.204277108E-05
250	187.5	296.654655	-3.266211513E-05
251	188.25	296.591242	-3.328096837E-05
252	189	296.527872	-3.389938642E-05
253	189.75	296.46454	-3.451742484E-05
254	190.5	296.40124	-3.513513914E-05
255	191.25	296.337967	-3.575258479E-05
256	192	296.274714	-3.636981722E-05
257	192.75	296.211477	-3.698689183E-05
258	193.5	296.148249	-3.760386398E-05
259	194.25	296.085025	-3.822078900E-05
260	195	296.021799	-3.883772222E-05
261	195.75	295.958565	-3.945471893E-05
262	196.5	295.895319	-4.007183444E-05
263	197.25	295.832053	-4.068912403E-05
264	198	295.768762	-4.130664299E-05
265	198.75	295.705442	-4.192444661E-05
266	199.5	295.642085	-4.254259019E-05
267	200.25	295.578687	-4.316112905E-05
268	201	295.515242	-4.378011853E-05
269	201.75	295.451744	-4.439961398E-05
270	202.5	295.388187	-4.501967080E-05
271	203.25	295.324566	-4.564034442E-05
272	204	295.260875	-4.626169029E-05
273	204.75	295.197108	-4.688376392E-05
274	205.5	295.13326	-4.750662087E-05
275	206.25	295.069324	-4.813031675E-05
276	207	295.005296	-4.875490723E-05
277	207.75	294.94117	-4.938044804E-05
278	208.5	294.876939	-5.000699498E-05
279	209.25	294.812598	-5.063460393E-05
280	210	294.748142	-5.126333084E-05
281	210.75	294.683564	-5.189323175E-05
282	211.5	294.618858	-5.252436278E-05
283	212.25	294.55402	-5.315678014E-05
284	213	294.489043	-5.379054016E-05
285	213.75	294.423922	-5.442569925E-05
286	214.5	294.35865	-5.506231394E-05
287	215.25	294.293222	-5.570044087E-05
288	216	294.227632	-5.634013679E-05
289	216.75	294.161874	-5.698145859E-05
290	217.5	294.095942	-5.762446327E-05
291	218.25	294.029831	-5.826920796E-05
292	219	293.963534	-5.891574995E-05
293	219.75	293.897046	-5.956414666E-05
294	220.5	293.830361	-6.021445564E-05
295	221.25	293.763472	-6.086673463E-05
296	222	293.696374	-6.152104149E-05
297	222.75	293.629062	-6.217743426E-05
298	223.5	293.561528	-6.283597115E-05
299	224.25	293.493767	-6.349671053E-05
300	225	293.425773	-6.415971096E-05
301	225.75	293.357539	-6.482503118E-05
302	226.5	293.289061	-6.549273010E-05
303	227.25	293.220331	-6.616286685E-05
304	228	293.151344	-6.683550073E-05
305	228.75	293.082094	-6.751069127E-05
306	229.5	293.012573	-6.818849817E-05
307	230.25	292.942777	-6.886898139E-05
308	231	292.872699	-6.955220107E-05
309	231.75	292.802333	-7.023821758E-05
310	232.5	292.731673	-7.092709153E-05
311	233.25	292.660711	-7.161888375E-05
312	234	292.589443	-7.231365532E-05
313	234.75	292.517861	-7.301146755E-05
314	235.5	292.44596	-7.371238201E-05
315	236.25	292.373733	-7.441646051E-05
316	237	292.301174	-7.512376513E-05
317	237.75	292.228276	-7.583435821E-05
318	238.5	292.155032	-7.654830236E-05
319	239.25	292.081437	-7.726566046E-05
320	240	292.007484	-7.798649567E-05
321	240.75	291.933166	-7.871087144E-05
322	241.5	291.858477	-7.943885151E-05
323	242.25	291.783409	-8.017049990E-05
324	243	291.707958	-8.090588096E-05
325	243.75	291.632115	-8.164505932E-05
326	244.5	291.555874	-8.238809992E-05
327	245.25	291.479229	-8.313506804E-05
328	246	291.402173	-8.388602925E-05
329	246.75	291.324698	-8.464104949E-05
330	247.5	291.246799	-8.540019499E-05
331	248.25	291.168467	-8.616353233E-05
332	249	291.089698	-8.693112846E-05
333	249.75	291.010482	-8.770305064E-05
334	250.5	290.930814	-8.847936651E-05
335	251.25	290.850686	-8.926014406E-05
336	252	290.770092	-9.004545165E-05
337	252.75	290.689024	-9.083535801E-05
338	253.5	290.607475	-9.162993224E-05
339	254.25	290.525438	-9.242924384E-05
340	255	290.442906	-9.323336267E-05
341	255.75	290.359871	-9.404235902E-05
342	256.5	290.276327	-9.485630353E-05
343	257.25	290.192265	-9.567526730E-05
344	258	290.10768	-9.649932180E-05
345	258.75	290.022562	-9.732853894E-05
346	259.5	289.936905	-9.816299103E-05
347	260.25	289.850701	-9.900275082E-05
348	261	289.763943	-9.984789150E-05
349	261.75	289.676623	-1.006984867E-04
350	262.5	289.588733	-1.015546105E-04
351	263.25	289.500266	-1.024163373E-04
352	264	289.411213	-1.032837423E-04
353	264.75	289.321568	-1.041569007E-04
354	265.5	289.231323	-1.050358886E-04
355	266.25	289.140468	-1.059207823E-04
356	267	289.048998	-1.068116586E-04
357	267.75	288.956902	-1.077085950E-04
358	268.5	288.864175	-1.086116692E-04
359	269.25	288.770806	-1.095209596E-04
360	270	288.676789	-1.104365450E-04
361	270.75	288.582115	-1.113585049E-04
362	271.5	288.486776	-1.122869190E-04
363	272.25	288.390763	-1.132218678E-04
364	273	288.294068	-1.141634322E-04
365	273.75	288.196683	-1.151116937E-04
366	274.5	288.098599	-1.160667343E-04
367	275.25	287.999808	-1.170286365E-04
368	276	287.900301	-1.179974834E-04
369	276.75	287.80007	-1.189733588E-04
370	277.5	287.699105	-1.199563468E-04
371	278.25	287.597398	-1.209465322E-04
372	279	287.49494	-1.219440006E-04
373	279.75	287.391722	-1.229488377E-04
374	280.5	287.287736	-1.239611303E-04
375	281.25	287.182972	-1.249809654E-04
376	282	287.077421	-1.260084309E-04
377	282.75	286.971074	-1.270436152E-04
378	283.5	286.863922	-1.280866072E-04
379	284.25	286.755956	-1.291374966E-04
380	285	286.647165	-1.301963738E-04
381	285.75	286.537542	-1.312633295E-04
382	286.5	286.427076	-1.323384553E-04
383	287.25	286.315757	-1.334218435E-04
384	288	286.203576	-1.345135870E-04
385	288.75	286.090524	-1.356137792E-04
386	289.5	285.976591	-1.367225144E-04
387	290.25	285.861766	-1.378398874E-04
388	291	285.746041	-1.389659939E-04
389	291.75	285.629404	-1.401009302E-04
390	292.5	285.511846	-1.412447931E-04
391	293.25	285.393357	-1.423976804E-04
392	294	285.273926	-1.435596906E-04
393	294.75	285.153544	-1.447309226E-04
394	295.5	285.0322	-1.459114764E-04
395	296.25	284.909883	-1.471014526E-04
396	297	284.786583	-1.483009524E-04
397	297.75	284.662289	-1.495100781E-04
398	298.5	284.536992	-1.507289323E-04
399	299.25	284.410679	-1.519576188E-04
400	300	284.28334	-1.531962419E-04
── 设定点 300 °C　夹头 100 °C　段 1「HC2」　T设定 300 °C　节点 401　段长 300 mm　控温点下标 200（x = 150 mm）　电流 525.8 A　ΔL_A -0.012119　ΔL_B +0.033258
i	X_mm	TMetal_C	epsDiff
0	0	284.262839	-1.533956457E-04
1	0.75	284.350041	-1.525474496E-04
2	1.5	284.436725	-1.517042614E-04
3	2.25	284.5229	-1.508660084E-04
4	3	284.608573	-1.500326182E-04
5	3.75	284.693752	-1.492040190E-04
6	4.5	284.778443	-1.483801391E-04
7	5.25	284.862655	-1.475609074E-04
8	6	284.946394	-1.467462531E-04
9	6.75	285.029668	-1.459361058E-04
10	7.5	285.112484	-1.451303954E-04
11	8.25	285.19485	-1.443290523E-04
12	9	285.276772	-1.435320069E-04
13	9.75	285.358257	-1.427391905E-04
14	10.5	285.439313	-1.419505341E-04
15	11.25	285.519947	-1.411659696E-04
16	12	285.600166	-1.403854290E-04
17	12.75	285.679976	-1.396088445E-04
18	13.5	285.759385	-1.388361487E-04
19	14.25	285.838399	-1.380672747E-04
20	15	285.917026	-1.373021556E-04
21	15.75	285.995272	-1.365407251E-04
22	16.5	286.073144	-1.357829169E-04
23	17.25	286.150649	-1.350286653E-04
24	18	286.227794	-1.342779046E-04
25	18.75	286.304585	-1.335305695E-04
26	19.5	286.381029	-1.327865951E-04
27	20.25	286.457133	-1.320459166E-04
28	21	286.532904	-1.313084695E-04
29	21.75	286.608347	-1.305741896E-04
30	22.5	286.683471	-1.298430128E-04
31	23.25	286.75828	-1.291148756E-04
32	24	286.832782	-1.283897143E-04
33	24.75	286.906983	-1.276674659E-04
34	25.5	286.98089	-1.269480671E-04
35	26.25	287.05451	-1.262314553E-04
36	27	287.127848	-1.255175679E-04
37	27.75	287.200911	-1.248063426E-04
38	28.5	287.273705	-1.240977172E-04
39	29.25	287.346238	-1.233916298E-04
40	30	287.418514	-1.226880186E-04
41	30.75	287.490541	-1.219868222E-04
42	31.5	287.562325	-1.212879792E-04
43	32.25	287.633873	-1.205914284E-04
44	33	287.705189	-1.198971089E-04
45	33.75	287.776282	-1.192049598E-04
46	34.5	287.847156	-1.185149206E-04
47	35.25	287.917818	-1.178269308E-04
48	36	287.988275	-1.171409300E-04
49	36.75	288.058532	-1.164568582E-04
50	37.5	288.128596	-1.157746552E-04
51	38.25	288.198473	-1.150942614E-04
52	39	288.268169	-1.144156169E-04
53	39.75	288.337691	-1.137386622E-04
54	40.5	288.407043	-1.130633378E-04
55	41.25	288.476233	-1.123895844E-04
56	42	288.545266	-1.117173427E-04
57	42.75	288.614149	-1.110465538E-04
58	43.5	288.682887	-1.103771586E-04
59	44.25	288.751487	-1.097090982E-04
60	45	288.819955	-1.090423139E-04
61	45.75	288.888297	-1.083767469E-04
62	46.5	288.956518	-1.077123387E-04
63	47.25	289.024625	-1.070490307E-04
64	48	289.092624	-1.063867646E-04
65	48.75	289.160521	-1.057254819E-04
66	49.5	289.228321	-1.050651243E-04
67	50.25	289.296031	-1.044056337E-04
68	51	289.363657	-1.037469518E-04
69	51.75	289.431205	-1.030890205E-04
70	52.5	289.49868	-1.024317818E-04
71	53.25	289.566089	-1.017751776E-04
72	54	289.633437	-1.011191499E-04
73	54.75	289.700731	-1.004636408E-04
74	55.5	289.767977	-9.980859242E-05
75	56.25	289.83518	-9.915394675E-05
76	57	289.902346	-9.849964593E-05
77	57.75	289.969482	-9.784563210E-05
78	58.5	290.036593	-9.719184738E-05
79	59.25	290.103685	-9.653823391E-05
80	60	290.170765	-9.588473382E-05
81	60.75	290.237837	-9.523128924E-05
82	61.5	290.304909	-9.457784228E-05
83	62.25	290.371985	-9.392433504E-05
84	63	290.439072	-9.327070957E-05
85	63.75	290.506177	-9.261690793E-05
86	64.5	290.573304	-9.196287213E-05
87	65.25	290.64046	-9.130854414E-05
88	66	290.70765	-9.065386588E-05
89	66.75	290.774882	-8.999877923E-05
90	67.5	290.84216	-8.934322602E-05
91	68.25	290.90949	-8.868714801E-05
92	69	290.97688	-8.803048690E-05
93	69.75	291.044333	-8.737318433E-05
94	70.5	291.111858	-8.671518185E-05
95	71.25	291.179459	-8.605642093E-05
96	72	291.247143	-8.539684297E-05
97	72.75	291.314915	-8.473638926E-05
98	73.5	291.382782	-8.407500101E-05
99	74.25	291.45075	-8.341261933E-05
100	75	291.518824	-8.274918520E-05
101	75.75	291.587012	-8.208463951E-05
102	76.5	291.655318	-8.141892304E-05
103	77.25	291.723749	-8.075197641E-05
104	78	291.792311	-8.008374015E-05
105	78.75	291.86101	-7.941415464E-05
106	79.5	291.929853	-7.874316012E-05
107	80.25	291.998845	-7.807069669E-05
108	81	292.067993	-7.739670431E-05
109	81.75	292.137302	-7.672112275E-05
110	82.5	292.20678	-7.604389166E-05
111	83.25	292.276431	-7.536495051E-05
112	84	292.346263	-7.468423858E-05
113	84.75	292.416282	-7.400169500E-05
114	85.5	292.486493	-7.331725869E-05
115	86.25	292.556903	-7.263086841E-05
116	87	292.627519	-7.194246270E-05
117	87.75	292.698347	-7.125197991E-05
118	88.5	292.769393	-7.055935819E-05
119	89.25	292.840663	-6.986453547E-05
120	90	292.912164	-6.916744948E-05
121	90.75	292.983902	-6.846803769E-05
122	91.5	293.055883	-6.776623738E-05
123	92.25	293.128115	-6.706198558E-05
124	93	293.200603	-6.635521907E-05
125	93.75	293.273354	-6.564587439E-05
126	94.5	293.346375	-6.493388785E-05
127	95.25	293.419672	-6.421919547E-05
128	96	293.493252	-6.350173301E-05
129	96.75	293.56712	-6.278143598E-05
130	97.5	293.641285	-6.205823960E-05
131	98.25	293.715752	-6.133207881E-05
132	99	293.790529	-6.060288825E-05
133	99.75	293.865621	-5.987060229E-05
134	100.5	293.941036	-5.913515498E-05
135	101.25	294.01678	-5.839648006E-05
136	102	294.092861	-5.765451098E-05
137	102.75	294.169285	-5.690918084E-05
138	103.5	294.246058	-5.616042244E-05
139	104.25	294.323189	-5.540816823E-05
140	105	294.400683	-5.465235033E-05
141	105.75	294.478549	-5.389290052E-05
142	106.5	294.556792	-5.312975021E-05
143	107.25	294.635419	-5.236283047E-05
144	108	294.714439	-5.159207199E-05
145	108.75	294.793858	-5.081740511E-05
146	109.5	294.873683	-5.003875977E-05
147	110.25	294.953921	-4.925606553E-05
148	111	295.03458	-4.846925157E-05
149	111.75	295.115666	-4.767824666E-05
150	112.5	295.197188	-4.688297917E-05
151	113.25	295.279153	-4.608337705E-05
152	114	295.361567	-4.527936785E-05
153	114.75	295.444439	-4.447087866E-05
154	115.5	295.527776	-4.365783618E-05
155	116.25	295.611585	-4.284016664E-05
156	117	295.695874	-4.201779583E-05
157	117.75	295.780651	-4.119064908E-05
158	118.5	295.865923	-4.035865127E-05
159	119.25	295.951698	-3.952172680E-05
160	120	296.037984	-3.867979961E-05
161	120.75	296.124788	-3.783279312E-05
162	121.5	296.212119	-3.698063030E-05
163	122.25	296.299984	-3.612323361E-05
164	123	296.388391	-3.526052497E-05
165	123.75	296.477349	-3.439242584E-05
166	124.5	296.566865	-3.351885712E-05
167	125.25	296.656948	-3.263973918E-05
168	126	296.747605	-3.175499187E-05
169	126.75	296.838845	-3.086453450E-05
170	127.5	296.930676	-2.996828579E-05
171	128.25	297.023107	-2.906616394E-05
172	129	297.116146	-2.815808655E-05
173	129.75	297.209801	-2.724397066E-05
174	130.5	297.304081	-2.632373272E-05
175	131.25	297.398994	-2.539728858E-05
176	132	297.49455	-2.446455348E-05
177	132.75	297.590756	-2.352544208E-05
178	133.5	297.687622	-2.257986838E-05
179	134.25	297.785156	-2.162774578E-05
180	135	297.883368	-2.066898703E-05
181	135.75	297.982266	-1.970350423E-05
182	136.5	298.081859	-1.873120885E-05
183	137.25	298.182156	-1.775201166E-05
184	138	298.283167	-1.676582278E-05
185	138.75	298.3849	-1.577255164E-05
186	139.5	298.487365	-1.477210699E-05
187	140.25	298.590572	-1.376439687E-05
188	141	298.69453	-1.274932861E-05
189	141.75	298.799247	-1.172680881E-05
190	142.5	298.904735	-1.069674338E-05
191	143.25	299.011002	-9.659037440E-06
192	144	299.118058	-8.613595401E-06
193	144.75	299.225913	-7.560320897E-06
194	145.5	299.334578	-6.499116803E-06
195	146.25	299.444061	-5.429885210E-06
196	147	299.554372	-4.352527425E-06
197	147.75	299.665523	-3.266943957E-06
198	148.5	299.777523	-2.173034503E-06
199	149.25	299.890383	-1.070697947E-06
200	150	300.004112	4.016766114E-08
201	150.75	300.118722	1.159665109E-06
202	151.5	300.234222	2.287898035E-06
203	152.25	300.350624	3.424970939E-06
204	153	300.467938	4.570989193E-06
205	153.75	300.586175	5.726059052E-06
206	154.5	300.705346	6.890287666E-06
207	155.25	300.825461	8.063783090E-06
208	156	300.946533	9.246654296E-06
209	156.75	301.068571	1.043901118E-05
210	157.5	301.191587	1.164096459E-05
211	158.25	301.315594	1.285262632E-05
212	159	301.440601	1.407410912E-05
213	159.75	301.566621	1.530552672E-05
214	160.5	301.693665	1.654699384E-05
215	161.25	301.821745	1.779862621E-05
216	162	301.950872	1.906054054E-05
217	162.75	302.08106	2.033285461E-05
218	163.5	302.212319	2.161568720E-05
219	164.25	302.344662	2.290915815E-05
220	165	302.478102	2.421338837E-05
221	165.75	302.61265	2.552849985E-05
222	166.5	302.748319	2.685461565E-05
223	167.25	302.885122	2.819185995E-05
224	168	303.023071	2.954035804E-05
225	168.75	303.162179	3.090023634E-05
226	169.5	303.302459	3.227162241E-05
227	170.25	303.443924	3.365464498E-05
228	171	303.586588	3.504943392E-05
229	171.75	303.730463	3.645612032E-05
230	172.5	303.875563	3.787483646E-05
231	173.25	304.021901	3.930571582E-05
232	174	304.169492	4.074889313E-05
233	174.75	304.318348	4.220450434E-05
234	175.5	304.468484	4.367268669E-05
235	176.25	304.619914	4.515357866E-05
236	177	304.772651	4.664732005E-05
237	177.75	304.926711	4.815405194E-05
238	178.5	305.082107	4.967391675E-05
239	179.25	305.238855	5.120705823E-05
240	180	305.396968	5.275362147E-05
241	180.75	305.556461	5.431375296E-05
242	181.5	305.717351	5.588760053E-05
243	182.25	305.87965	5.747531346E-05
244	183	306.043376	5.907704242E-05
245	183.75	306.208543	6.069293953E-05
246	184.5	306.375166	6.232315834E-05
247	185.25	306.543262	6.396785390E-05
248	186	306.712845	6.562718274E-05
249	186.75	306.883933	6.730130289E-05
250	187.5	307.056542	6.899037390E-05
251	188.25	307.230686	7.069455688E-05
252	189	307.406384	7.241401449E-05
253	189.75	307.583651	7.414891096E-05
254	190.5	307.762504	7.589941215E-05
255	191.25	307.94296	7.766568550E-05
256	192	308.125036	7.944790012E-05
257	192.75	308.30875	8.124622676E-05
258	193.5	308.494118	8.306083785E-05
259	194.25	308.681159	8.489190752E-05
260	195	308.86989	8.673961162E-05
261	195.75	309.060328	8.860412772E-05
262	196.5	309.252493	9.048563519E-05
263	197.25	309.446402	9.238431513E-05
264	198	309.642073	9.430035049E-05
265	198.75	309.839526	9.623392600E-05
266	199.5	310.038778	9.818522827E-05
267	200.25	310.23985	1.001544458E-04
268	201	310.442759	1.021417688E-04
269	201.75	310.647526	1.041473898E-04
270	202.5	310.854171	1.061715027E-04
271	203.25	311.062711	1.082143039E-04
272	204	311.273169	1.102759915E-04
273	204.75	311.485563	1.123567656E-04
274	205.5	311.699915	1.144568284E-04
275	206.25	311.916244	1.165763842E-04
276	207	312.134571	1.187156392E-04
277	207.75	312.354918	1.208748020E-04
278	208.5	312.577305	1.230540830E-04
279	209.25	312.801754	1.252536951E-04
280	210	313.028286	1.274738531E-04
281	210.75	313.256924	1.297147741E-04
282	211.5	313.487689	1.319766775E-04
283	212.25	313.720603	1.342597850E-04
284	213	313.955689	1.365643204E-04
285	213.75	314.192969	1.388905099E-04
286	214.5	314.432468	1.412385822E-04
287	215.25	314.674206	1.436087683E-04
288	216	314.918209	1.460013014E-04
289	216.75	315.164499	1.484164175E-04
290	217.5	315.413101	1.508543547E-04
291	218.25	315.664039	1.533153539E-04
292	219	315.917337	1.557996584E-04
293	219.75	316.173019	1.583075140E-04
294	220.5	316.431111	1.608391692E-04
295	221.25	316.691637	1.633948750E-04
296	222	316.954623	1.659748853E-04
297	222.75	317.220095	1.685794563E-04
298	223.5	317.488079	1.712088473E-04
299	224.25	317.7586	1.738633201E-04
300	225	318.031686	1.765431395E-04
301	225.75	318.307362	1.792485729E-04
302	226.5	318.585656	1.819798907E-04
303	227.25	318.866596	1.847373662E-04
304	228	319.150208	1.875212756E-04
305	228.75	319.436522	1.903318980E-04
306	229.5	319.725563	1.931695156E-04
307	230.25	320.017363	1.960344136E-04
308	231	320.311948	1.989268804E-04
309	231.75	320.609348	2.018472073E-04
310	232.5	320.909593	2.047956889E-04
311	233.25	321.212712	2.077726231E-04
312	234	321.518735	2.107783107E-04
313	234.75	321.827693	2.138130561E-04
314	235.5	322.139616	2.168771670E-04
315	236.25	322.454535	2.199709543E-04
316	237	322.772481	2.230947324E-04
317	237.75	323.093486	2.262488192E-04
318	238.5	323.417582	2.294335360E-04
319	239.25	323.744802	2.326492077E-04
320	240	324.075177	2.358961627E-04
321	240.75	324.408742	2.391747332E-04
322	241.5	324.745528	2.424852550E-04
323	242.25	325.085571	2.458280675E-04
324	243	325.428904	2.492035140E-04
325	243.75	325.775562	2.526119416E-04
326	244.5	326.125579	2.560537014E-04
327	245.25	326.478991	2.595291482E-04
328	246	326.835833	2.630386409E-04
329	246.75	327.196141	2.665825424E-04
330	247.5	327.559952	2.701612196E-04
331	248.25	327.927302	2.737750438E-04
332	249	328.298229	2.774243901E-04
333	249.75	328.67277	2.811096381E-04
334	250.5	329.050964	2.848311717E-04
335	251.25	329.432848	2.885893791E-04
336	252	329.818462	2.923846528E-04
337	252.75	330.207844	2.962173899E-04
338	253.5	330.601035	3.000879920E-04
339	254.25	330.998075	3.039968654E-04
340	255	331.399004	3.079444207E-04
341	255.75	331.803863	3.119310737E-04
342	256.5	332.212694	3.159572446E-04
343	257.25	332.625539	3.200233587E-04
344	258	333.04244	3.241298458E-04
345	258.75	333.463441	3.282771412E-04
346	259.5	333.888584	3.324656848E-04
347	260.25	334.317913	3.366959219E-04
348	261	334.751474	3.409683028E-04
349	261.75	335.18931	3.452832831E-04
350	262.5	335.631468	3.496413238E-04
351	263.25	336.077993	3.540428911E-04
352	264	336.528931	3.584884568E-04
353	264.75	336.98433	3.629784982E-04
354	265.5	337.444237	3.675134982E-04
355	266.25	337.9087	3.720939455E-04
356	267	338.377768	3.767203344E-04
357	267.75	338.851489	3.813931651E-04
358	268.5	339.329914	3.861129439E-04
359	269.25	339.813093	3.908801828E-04
360	270	340.301077	3.956954001E-04
361	270.75	340.793917	4.005591203E-04
362	271.5	341.291665	4.054718741E-04
363	272.25	341.794374	4.104341985E-04
364	273	342.302097	4.154466371E-04
365	273.75	342.814888	4.205097399E-04
366	274.5	343.332802	4.256240635E-04
367	275.25	343.855894	4.307901714E-04
368	276	344.384219	4.360086337E-04
369	276.75	344.917833	4.412800276E-04
370	277.5	345.456795	4.466049373E-04
371	278.25	346.001162	4.519839539E-04
372	279	346.550992	4.574176759E-04
373	279.75	347.106345	4.629067090E-04
374	280.5	347.66728	4.684516666E-04
375	281.25	348.233857	4.740531693E-04
376	282	348.806139	4.797118454E-04
377	282.75	349.384188	4.854283311E-04
378	283.5	349.968065	4.912032704E-04
379	284.25	350.557834	4.970373152E-04
380	285	351.15356	5.029311255E-04
381	285.75	351.755308	5.088853697E-04
382	286.5	352.363144	5.149007243E-04
383	287.25	352.977134	5.209778744E-04
384	288	353.597345	5.271175135E-04
385	288.75	354.223846	5.333203441E-04
386	289.5	354.856707	5.395870773E-04
387	290.25	355.495995	5.459184332E-04
388	291	356.141784	5.523151411E-04
389	291.75	356.794144	5.587779395E-04
390	292.5	357.453147	5.653075763E-04
391	293.25	358.118867	5.719048088E-04
392	294	358.791379	5.785704040E-04
393	294.75	359.470757	5.853051389E-04
394	295.5	360.157078	5.921098003E-04
395	296.25	360.850419	5.989851850E-04
396	297	361.550858	6.059321003E-04
397	297.75	362.258473	6.129513638E-04
398	298.5	362.973345	6.200438036E-04
399	299.25	363.695554	6.272102588E-04
400	300	364.425183	6.344515791E-04
── 设定点 450 °C　夹头 100 °C　段 0「HC1」　T设定 450 °C　节点 401　段长 300 mm　控温点下标 200（x = 150 mm）　电流 668.7 A　ΔL_A +0.027150　ΔL_B -0.011227
i	X_mm	TMetal_C	epsDiff
0	0	501.703605	5.259148884E-04
1	0.75	501.098643	5.197286860E-04
2	1.5	500.500132	5.136092029E-04
3	2.25	499.907997	5.075556649E-04
4	3	499.322167	5.015673079E-04
5	3.75	498.742571	4.956433772E-04
6	4.5	498.169137	4.897831278E-04
7	5.25	497.601796	4.839858241E-04
8	6	497.040478	4.782507398E-04
9	6.75	496.485116	4.725771577E-04
10	7.5	495.935642	4.669643696E-04
11	8.25	495.39199	4.614116762E-04
12	9	494.854094	4.559183869E-04
13	9.75	494.32189	4.504838199E-04
14	10.5	493.795312	4.451073016E-04
15	11.25	493.274299	4.397881669E-04
16	12	492.758786	4.345257591E-04
17	12.75	492.248713	4.293194295E-04
18	13.5	491.744019	4.241685373E-04
19	14.25	491.244643	4.190724498E-04
20	15	490.750525	4.140305419E-04
21	15.75	490.261606	4.090421965E-04
22	16.5	489.777829	4.041068037E-04
23	17.25	489.299136	3.992237612E-04
24	18	488.82547	3.943924741E-04
25	18.75	488.356775	3.896123548E-04
26	19.5	487.892995	3.848828228E-04
27	20.25	487.434076	3.802033044E-04
28	21	486.979963	3.755732334E-04
29	21.75	486.530602	3.709920498E-04
30	22.5	486.085942	3.664592010E-04
31	23.25	485.645929	3.619741405E-04
32	24	485.210512	3.575363288E-04
33	24.75	484.77964	3.531452327E-04
34	25.5	484.353263	3.488003254E-04
35	26.25	483.931329	3.445010863E-04
36	27	483.513791	3.402470012E-04
37	27.75	483.100599	3.360375621E-04
38	28.5	482.691706	3.318722666E-04
39	29.25	482.287063	3.277506189E-04
40	30	481.886623	3.236721285E-04
41	30.75	481.490341	3.196363112E-04
42	31.5	481.098169	3.156426881E-04
43	32.25	480.710063	3.116907862E-04
44	33	480.325978	3.077801380E-04
45	33.75	479.945868	3.039102815E-04
46	34.5	479.569691	3.000807602E-04
47	35.25	479.197403	2.962911228E-04
48	36	478.828961	2.925409233E-04
49	36.75	478.464322	2.888297211E-04
50	37.5	478.103445	2.851570805E-04
51	38.25	477.746288	2.815225711E-04
52	39	477.39281	2.779257672E-04
53	39.75	477.042971	2.743662482E-04
54	40.5	476.69673	2.708435985E-04
55	41.25	476.354048	2.673574071E-04
56	42	476.014886	2.639072679E-04
57	42.75	475.679204	2.604927793E-04
58	43.5	475.346966	2.571135445E-04
59	44.25	475.018132	2.537691710E-04
60	45	474.692666	2.504592712E-04
61	45.75	474.37053	2.471834615E-04
62	46.5	474.051687	2.439413630E-04
63	47.25	473.736103	2.407326010E-04
64	48	473.42374	2.375568050E-04
65	48.75	473.114563	2.344136088E-04
66	49.5	472.808538	2.313026504E-04
67	50.25	472.50563	2.282235718E-04
68	51	472.205804	2.251760190E-04
69	51.75	471.909026	2.221596422E-04
70	52.5	471.615264	2.191740954E-04
71	53.25	471.324484	2.162190365E-04
72	54	471.036654	2.132941272E-04
73	54.75	470.75174	2.103990332E-04
74	55.5	470.469711	2.075334236E-04
75	56.25	470.190536	2.046969716E-04
76	57	469.914182	2.018893537E-04
77	57.75	469.640619	1.991102501E-04
78	58.5	469.369817	1.963593448E-04
79	59.25	469.101744	1.936363250E-04
80	60	468.836372	1.909408814E-04
81	60.75	468.57367	1.882727083E-04
82	61.5	468.313609	1.856315032E-04
83	62.25	468.056159	1.830169672E-04
84	63	467.801293	1.804288042E-04
85	63.75	467.548982	1.778667219E-04
86	64.5	467.299198	1.753304309E-04
87	65.25	467.051912	1.728196451E-04
88	66	466.807098	1.703340813E-04
89	66.75	466.564728	1.678734596E-04
90	67.5	466.324776	1.654375033E-04
91	68.25	466.087214	1.630259382E-04
92	69	465.852017	1.606384937E-04
93	69.75	465.619158	1.582749016E-04
94	70.5	465.388612	1.559348969E-04
95	71.25	465.160353	1.536182175E-04
96	72	464.934356	1.513246039E-04
97	72.75	464.710595	1.490537995E-04
98	73.5	464.489047	1.468055505E-04
99	74.25	464.269687	1.445796059E-04
100	75	464.05249	1.423757171E-04
101	75.75	463.837433	1.401936384E-04
102	76.5	463.624492	1.380331266E-04
103	77.25	463.413643	1.358939413E-04
104	78	463.204864	1.337758444E-04
105	78.75	462.998131	1.316786005E-04
106	79.5	462.793422	1.296019765E-04
107	80.25	462.590714	1.275457419E-04
108	81	462.389985	1.255096687E-04
109	81.75	462.191213	1.234935312E-04
110	82.5	461.994376	1.214971060E-04
111	83.25	461.799454	1.195201722E-04
112	84	461.606423	1.175625111E-04
113	84.75	461.415264	1.156239064E-04
114	85.5	461.225955	1.137041439E-04
115	86.25	461.038476	1.118030117E-04
116	87	460.852806	1.099203002E-04
117	87.75	460.668925	1.080558018E-04
118	88.5	460.486813	1.062093111E-04
119	89.25	460.30645	1.043806249E-04
120	90	460.127817	1.025695420E-04
121	90.75	459.950893	1.007758634E-04
122	91.5	459.775661	9.899939196E-05
123	92.25	459.6021	9.723993263E-05
124	93	459.430192	9.549729239E-05
125	93.75	459.259918	9.377128014E-05
126	94.5	459.09126	9.206170676E-05
127	95.25	458.924199	9.036838501E-05
128	96	458.758717	8.869112957E-05
129	96.75	458.594797	8.702975696E-05
130	97.5	458.43242	8.538408559E-05
131	98.25	458.27157	8.375393565E-05
132	99	458.112228	8.213912917E-05
133	99.75	457.954377	8.053948992E-05
134	100.5	457.798	7.895484345E-05
135	101.25	457.643081	7.738501705E-05
136	102	457.489603	7.582983971E-05
137	102.75	457.337549	7.428914211E-05
138	103.5	457.186902	7.276275660E-05
139	104.25	457.037647	7.125051720E-05
140	105	456.889767	6.975225954E-05
141	105.75	456.743246	6.826782086E-05
142	106.5	456.598069	6.679703999E-05
143	107.25	456.45422	6.533975733E-05
144	108	456.311684	6.389581483E-05
145	108.75	456.170445	6.246505597E-05
146	109.5	456.030487	6.104732573E-05
147	110.25	455.891797	5.964247060E-05
148	111	455.754359	5.825033852E-05
149	111.75	455.618158	5.687077891E-05
150	112.5	455.483179	5.550364259E-05
151	113.25	455.349409	5.414878184E-05
152	114	455.216833	5.280605030E-05
153	114.75	455.085436	5.147530302E-05
154	115.5	454.955205	5.015639639E-05
155	116.25	454.826125	4.884918817E-05
156	117	454.698183	4.755353743E-05
157	117.75	454.571365	4.626930457E-05
158	118.5	454.445658	4.499635127E-05
159	119.25	454.321048	4.373454049E-05
160	120	454.197521	4.248373646E-05
161	120.75	454.075065	4.124380466E-05
162	121.5	453.953666	4.001461179E-05
163	122.25	453.833312	3.879602576E-05
164	123	453.71399	3.758791570E-05
165	123.75	453.595686	3.639015190E-05
166	124.5	453.478389	3.520260582E-05
167	125.25	453.362085	3.402515010E-05
168	126	453.246763	3.285765847E-05
169	126.75	453.13241	3.170000583E-05
170	127.5	453.019014	3.055206815E-05
171	128.25	452.906562	2.941372251E-05
172	129	452.795044	2.828484708E-05
173	129.75	452.684446	2.716532107E-05
174	130.5	452.574758	2.605502474E-05
175	131.25	452.465967	2.495383942E-05
176	132	452.358063	2.386164742E-05
177	132.75	452.251033	2.277833208E-05
178	133.5	452.144866	2.170377772E-05
179	134.25	452.039551	2.063786968E-05
180	135	451.935076	1.958049421E-05
181	135.75	451.831432	1.853153856E-05
182	136.5	451.728606	1.749089090E-05
183	137.25	451.626587	1.645844033E-05
184	138	451.525366	1.543407687E-05
185	138.75	451.424931	1.441769144E-05
186	139.5	451.325271	1.340917587E-05
187	140.25	451.226376	1.240842282E-05
188	141	451.128236	1.141532587E-05
189	141.75	451.03084	1.042977942E-05
190	142.5	450.934178	9.451678715E-06
191	143.25	450.838239	8.480919840E-06
192	144	450.743014	7.517399688E-06
193	144.75	450.648492	6.561015961E-06
194	145.5	450.554664	5.611667155E-06
195	146.25	450.461519	4.669252546E-06
196	147	450.369048	3.733672183E-06
197	147.75	450.277241	2.804826873E-06
198	148.5	450.186088	1.882618171E-06
199	149.25	450.095579	9.669483697E-07
200	150	450.005705	5.772048720E-08
201	150.75	449.916458	-8.451617435E-07
202	151.5	449.827826	-1.741793886E-06
203	152.25	449.739801	-2.632270809E-06
204	153	449.652373	-3.516686700E-06
205	153.75	449.565534	-4.395135076E-06
206	154.5	449.479274	-5.267708790E-06
207	155.25	449.393584	-6.134500044E-06
208	156	449.308455	-6.995600403E-06
209	156.75	449.223878	-7.851100797E-06
210	157.5	449.139844	-8.701091540E-06
211	158.25	449.056345	-9.545662332E-06
212	159	448.973371	-1.038490228E-05
213	159.75	448.890914	-1.121889988E-05
214	160.5	448.808965	-1.204774309E-05
215	161.25	448.727516	-1.287151924E-05
216	162	448.646558	-1.369031516E-05
217	162.75	448.566082	-1.450421708E-05
218	163.5	448.486081	-1.531331071E-05
219	164.25	448.406545	-1.611768123E-05
220	165	448.327466	-1.691741329E-05
221	165.75	448.248836	-1.771259104E-05
222	166.5	448.170648	-1.850329809E-05
223	167.25	448.092891	-1.928961761E-05
224	168	448.01556	-2.007163224E-05
225	168.75	447.938644	-2.084942415E-05
226	169.5	447.862137	-2.162307507E-05
227	170.25	447.78603	-2.239266624E-05
228	171	447.710315	-2.315827847E-05
229	171.75	447.634984	-2.391999211E-05
230	172.5	447.56003	-2.467788710E-05
231	173.25	447.485445	-2.543204295E-05
232	174	447.41122	-2.618253874E-05
233	174.75	447.337349	-2.692945316E-05
234	175.5	447.263823	-2.767286451E-05
235	176.25	447.190634	-2.841285067E-05
236	177	447.117775	-2.914948917E-05
237	177.75	447.045239	-2.988285716E-05
238	178.5	446.973017	-3.061303142E-05
239	179.25	446.901103	-3.134008838E-05
240	180	446.829489	-3.206410412E-05
241	180.75	446.758166	-3.278515438E-05
242	181.5	446.687129	-3.350331458E-05
243	182.25	446.616368	-3.421865980E-05
244	183	446.545878	-3.493126481E-05
245	183.75	446.475651	-3.564120409E-05
246	184.5	446.405678	-3.634855181E-05
247	185.25	446.335954	-3.705338185E-05
248	186	446.266471	-3.775576780E-05
249	186.75	446.197221	-3.845578298E-05
250	187.5	446.128197	-3.915350046E-05
251	188.25	446.059392	-3.984899303E-05
252	189	445.9908	-4.054233323E-05
253	189.75	445.922412	-4.123359337E-05
254	190.5	445.854222	-4.192284551E-05
255	191.25	445.786222	-4.261016150E-05
256	192	445.718406	-4.329561295E-05
257	192.75	445.650766	-4.397927127E-05
258	193.5	445.583296	-4.466120766E-05
259	194.25	445.515988	-4.534149312E-05
260	195	445.448835	-4.602019847E-05
261	195.75	445.381831	-4.669739433E-05
262	196.5	445.314968	-4.737315116E-05
263	197.25	445.24824	-4.804753926E-05
264	198	445.181639	-4.872062874E-05
265	198.75	445.115159	-4.939248958E-05
266	199.5	445.048792	-5.006319162E-05
267	200.25	444.982533	-5.073280454E-05
268	201	444.916373	-5.140139791E-05
269	201.75	444.850307	-5.206904115E-05
270	202.5	444.784326	-5.273580361E-05
271	203.25	444.718425	-5.340175447E-05
272	204	444.652597	-5.406696286E-05
273	204.75	444.586834	-5.473149780E-05
274	205.5	444.52113	-5.539542820E-05
275	206.25	444.455479	-5.605882293E-05
276	207	444.389872	-5.672175076E-05
277	207.75	444.324304	-5.738428039E-05
278	208.5	444.258768	-5.804648049E-05
279	209.25	444.193257	-5.870841964E-05
280	210	444.127764	-5.937016642E-05
281	210.75	444.062282	-6.003178933E-05
282	211.5	443.996805	-6.069335688E-05
283	212.25	443.931325	-6.135493751E-05
284	213	443.865837	-6.201659970E-05
285	213.75	443.800332	-6.267841187E-05
286	214.5	443.734806	-6.334044248E-05
287	215.25	443.669249	-6.400275996E-05
288	216	443.603657	-6.466543278E-05
289	216.75	443.538022	-6.532852941E-05
290	217.5	443.472338	-6.599211836E-05
291	218.25	443.406596	-6.665626817E-05
292	219	443.340792	-6.732104742E-05
293	219.75	443.274918	-6.798652473E-05
294	220.5	443.208966	-6.865276879E-05
295	221.25	443.142932	-6.931984834E-05
296	222	443.076806	-6.998783219E-05
297	222.75	443.010584	-7.065678923E-05
298	223.5	442.944257	-7.132678844E-05
299	224.25	442.877819	-7.199789887E-05
300	225	442.811264	-7.267018968E-05
301	225.75	442.744584	-7.334373013E-05
302	226.5	442.677772	-7.401858960E-05
303	227.25	442.610822	-7.469483758E-05
304	228	442.543727	-7.537254368E-05
305	228.75	442.476479	-7.605177765E-05
306	229.5	442.409072	-7.673260939E-05
307	230.25	442.341499	-7.741510891E-05
308	231	442.273753	-7.809934642E-05
309	231.75	442.205827	-7.878539226E-05
310	232.5	442.137714	-7.947331695E-05
311	233.25	442.069407	-8.016319116E-05
312	234	442.000899	-8.085508579E-05
313	234.75	441.932183	-8.154907188E-05
314	235.5	441.863252	-8.224522069E-05
315	236.25	441.794098	-8.294360369E-05
316	237	441.724715	-8.364429254E-05
317	237.75	441.655096	-8.434735913E-05
318	238.5	441.585233	-8.505287558E-05
319	239.25	441.515119	-8.576091422E-05
320	240	441.444747	-8.647154764E-05
321	240.75	441.37411	-8.718484868E-05
322	241.5	441.3032	-8.790089040E-05
323	242.25	441.232011	-8.861974616E-05
324	243	441.160535	-8.934148957E-05
325	243.75	441.088764	-9.006619452E-05
326	244.5	441.016691	-9.079393518E-05
327	245.25	440.94431	-9.152478600E-05
328	246	440.871612	-9.225882174E-05
329	246.75	440.798589	-9.299611747E-05
330	247.5	440.725236	-9.373674856E-05
331	248.25	440.651543	-9.448079070E-05
332	249	440.577504	-9.522831992E-05
333	249.75	440.50311	-9.597941258E-05
334	250.5	440.428355	-9.673414536E-05
335	251.25	440.353231	-9.749259531E-05
336	252	440.277729	-9.825483985E-05
337	252.75	440.201843	-9.902095674E-05
338	253.5	440.125564	-9.979102411E-05
339	254.25	440.048884	-1.005651205E-04
340	255	439.971797	-1.013433248E-04
341	255.75	439.894293	-1.021257163E-04
342	256.5	439.816366	-1.029123748E-04
343	257.25	439.738006	-1.037033803E-04
344	258	439.659207	-1.044988134E-04
345	258.75	439.57996	-1.052987550E-04
346	259.5	439.500256	-1.061032866E-04
347	260.25	439.420089	-1.069124899E-04
348	261	439.339449	-1.077264473E-04
349	261.75	439.258328	-1.085452416E-04
350	262.5	439.176718	-1.093689558E-04
351	263.25	439.094612	-1.101976737E-04
352	264	439.012	-1.110314796E-04
353	264.75	438.928873	-1.118704579E-04
354	265.5	438.845225	-1.127146939E-04
355	266.25	438.761045	-1.135642732E-04
356	267	438.676326	-1.144192821E-04
357	267.75	438.591059	-1.152798072E-04
358	268.5	438.505235	-1.161459356E-04
359	269.25	438.418845	-1.170177553E-04
360	270	438.331881	-1.178953545E-04
361	270.75	438.244334	-1.187788221E-04
362	271.5	438.156195	-1.196682475E-04
363	272.25	438.067455	-1.205637206E-04
364	273	437.978105	-1.214653322E-04
365	273.75	437.888136	-1.223731733E-04
366	274.5	437.797539	-1.232873358E-04
367	275.25	437.706304	-1.242079120E-04
368	276	437.614422	-1.251349949E-04
369	276.75	437.521885	-1.260686782E-04
370	277.5	437.428682	-1.270090560E-04
371	278.25	437.334804	-1.279562233E-04
372	279	437.240242	-1.289102756E-04
373	279.75	437.144987	-1.298713091E-04
374	280.5	437.049027	-1.308394207E-04
375	281.25	436.952355	-1.318147079E-04
376	282	436.854959	-1.327972690E-04
377	282.75	436.75683	-1.337872028E-04
378	283.5	436.657959	-1.347846091E-04
379	284.25	436.558335	-1.357895881E-04
380	285	436.457948	-1.368022410E-04
381	285.75	436.356788	-1.378226695E-04
382	286.5	436.254844	-1.388509762E-04
383	287.25	436.152108	-1.398872643E-04
384	288	436.048567	-1.409316380E-04
385	288.75	435.944212	-1.419842019E-04
386	289.5	435.839032	-1.430450618E-04
387	290.25	435.733017	-1.441143241E-04
388	291	435.626155	-1.451920958E-04
389	291.75	435.518437	-1.462784851E-04
390	292.5	435.409851	-1.473736006E-04
391	293.25	435.300386	-1.484775521E-04
392	294	435.190031	-1.495904501E-04
393	294.75	435.078776	-1.507124058E-04
394	295.5	434.966608	-1.518435314E-04
395	296.25	434.853517	-1.529839401E-04
396	297	434.739492	-1.541337456E-04
397	297.75	434.624521	-1.552930629E-04
398	298.5	434.508591	-1.564620076E-04
399	299.25	434.391693	-1.576406964E-04
400	300	434.273813	-1.588292468E-04
── 设定点 450 °C　夹头 100 °C　段 1「HC2」　T设定 450 °C　节点 401　段长 300 mm　控温点下标 200（x = 150 mm）　电流 663.2 A　ΔL_A -0.013561　ΔL_B +0.046256
i	X_mm	TMetal_C	epsDiff
0	0	434.249185	-1.590775657E-04
1	0.75	434.318861	-1.583750499E-04
2	1.5	434.388188	-1.576760364E-04
3	2.25	434.457174	-1.569804546E-04
4	3	434.525825	-1.562882341E-04
5	3.75	434.594149	-1.555993052E-04
6	4.5	434.662153	-1.549135982E-04
7	5.25	434.729843	-1.542310439E-04
8	6	434.797226	-1.535515732E-04
9	6.75	434.864309	-1.528751174E-04
10	7.5	434.931099	-1.522016081E-04
11	8.25	434.997603	-1.515309772E-04
12	9	435.063827	-1.508631569E-04
13	9.75	435.129778	-1.501980796E-04
14	10.5	435.195462	-1.495356778E-04
15	11.25	435.260887	-1.488758846E-04
16	12	435.32606	-1.482186331E-04
17	12.75	435.390985	-1.475638567E-04
18	13.5	435.455672	-1.469114891E-04
19	14.25	435.520124	-1.462614642E-04
20	15	435.584351	-1.456137160E-04
21	15.75	435.648357	-1.449681788E-04
22	16.5	435.712149	-1.443247872E-04
23	17.25	435.775735	-1.436834759E-04
24	18	435.83912	-1.430441798E-04
25	18.75	435.90231	-1.424068340E-04
26	19.5	435.965313	-1.417713738E-04
27	20.25	436.028134	-1.411377347E-04
28	21	436.09078	-1.405058522E-04
29	21.75	436.153258	-1.398756621E-04
30	22.5	436.215573	-1.392471005E-04
31	23.25	436.277733	-1.386201034E-04
32	24	436.339743	-1.379946071E-04
33	24.75	436.401609	-1.373705479E-04
34	25.5	436.463339	-1.367478624E-04
35	26.25	436.524937	-1.361264871E-04
36	27	436.586412	-1.355063589E-04
37	27.75	436.647768	-1.348874146E-04
38	28.5	436.709012	-1.342695911E-04
39	29.25	436.770151	-1.336528256E-04
40	30	436.83119	-1.330370552E-04
41	30.75	436.892136	-1.324222172E-04
42	31.5	436.952995	-1.318082489E-04
43	32.25	437.013773	-1.311950876E-04
44	33	437.074476	-1.305826709E-04
45	33.75	437.135112	-1.299709363E-04
46	34.5	437.195685	-1.293598215E-04
47	35.25	437.256201	-1.287492639E-04
48	36	437.316668	-1.281392013E-04
49	36.75	437.377092	-1.275295715E-04
50	37.5	437.437478	-1.269203121E-04
51	38.25	437.497832	-1.263113610E-04
52	39	437.558162	-1.257026559E-04
53	39.75	437.618472	-1.250941345E-04
54	40.5	437.678769	-1.244857349E-04
55	41.25	437.73906	-1.238773946E-04
56	42	437.799351	-1.232690515E-04
57	42.75	437.859647	-1.226606434E-04
58	43.5	437.919954	-1.220521081E-04
59	44.25	437.98028	-1.214433832E-04
60	45	438.04063	-1.208344065E-04
61	45.75	438.101011	-1.202251155E-04
62	46.5	438.161428	-1.196154480E-04
63	47.25	438.221887	-1.190053415E-04
64	48	438.282396	-1.183947334E-04
65	48.75	438.342959	-1.177835612E-04
66	49.5	438.403584	-1.171717623E-04
67	50.25	438.464277	-1.165592738E-04
68	51	438.525043	-1.159460331E-04
69	51.75	438.585889	-1.153319772E-04
70	52.5	438.646822	-1.147170432E-04
71	53.25	438.707847	-1.141011678E-04
72	54	438.76897	-1.134842879E-04
73	54.75	438.830199	-1.128663402E-04
74	55.5	438.891539	-1.122472612E-04
75	56.25	438.952997	-1.116269873E-04
76	57	439.014578	-1.110054548E-04
77	57.75	439.07629	-1.103825999E-04
78	58.5	439.138138	-1.097583584E-04
79	59.25	439.200129	-1.091326663E-04
80	60	439.262269	-1.085054591E-04
81	60.75	439.324565	-1.078766724E-04
82	61.5	439.387023	-1.072462414E-04
83	62.25	439.44965	-1.066141014E-04
84	63	439.512452	-1.059801872E-04
85	63.75	439.575434	-1.053444335E-04
86	64.5	439.638605	-1.047067750E-04
87	65.25	439.70197	-1.040671458E-04
88	66	439.765536	-1.034254801E-04
89	66.75	439.82931	-1.027817118E-04
90	67.5	439.893297	-1.021357746E-04
91	68.25	439.957505	-1.014876017E-04
92	69	440.02194	-1.008371264E-04
93	69.75	440.086609	-1.001842815E-04
94	70.5	440.151519	-9.952899974E-05
95	71.25	440.216675	-9.887121344E-05
96	72	440.282086	-9.821085469E-05
97	72.75	440.347757	-9.754785531E-05
98	73.5	440.413696	-9.688214682E-05
99	74.25	440.479908	-9.621366044E-05
100	75	440.546402	-9.554232710E-05
101	75.75	440.613184	-9.486807739E-05
102	76.5	440.680261	-9.419084161E-05
103	77.25	440.747639	-9.351054972E-05
104	78	440.815326	-9.282713135E-05
105	78.75	440.883329	-9.214051578E-05
106	79.5	440.951654	-9.145063196E-05
107	80.25	441.020309	-9.075740845E-05
108	81	441.089301	-9.006077349E-05
109	81.75	441.158637	-8.936065490E-05
110	82.5	441.228324	-8.865698016E-05
111	83.25	441.298369	-8.794967635E-05
112	84	441.36878	-8.723867013E-05
113	84.75	441.439564	-8.652388779E-05
114	85.5	441.510728	-8.580525520E-05
115	86.25	441.58228	-8.508269780E-05
116	87	441.654226	-8.435614061E-05
117	87.75	441.726575	-8.362550822E-05
118	88.5	441.799334	-8.289072475E-05
119	89.25	441.872511	-8.215171391E-05
120	90	441.946112	-8.140839891E-05
121	90.75	442.020146	-8.066070252E-05
122	91.5	442.094621	-7.990854702E-05
123	92.25	442.169543	-7.915185419E-05
124	93	442.244922	-7.839054536E-05
125	93.75	442.320764	-7.762454130E-05
126	94.5	442.397077	-7.685376232E-05
127	95.25	442.47387	-7.607812817E-05
128	96	442.55115	-7.529755811E-05
129	96.75	442.628926	-7.451197082E-05
130	97.5	442.707206	-7.372128447E-05
131	98.25	442.785997	-7.292541665E-05
132	99	442.865307	-7.212428439E-05
133	99.75	442.945146	-7.131780417E-05
134	100.5	443.025522	-7.050589185E-05
135	101.25	443.106442	-6.968846272E-05
136	102	443.187915	-6.886543147E-05
137	102.75	443.26995	-6.803671217E-05
138	103.5	443.352555	-6.720221827E-05
139	104.25	443.435738	-6.636186259E-05
140	105	443.51951	-6.551555731E-05
141	105.75	443.603877	-6.466321397E-05
142	106.5	443.688849	-6.380474344E-05
143	107.25	443.774435	-6.294005592E-05
144	108	443.860644	-6.206906095E-05
145	108.75	443.947485	-6.119166734E-05
146	109.5	444.034966	-6.030778324E-05
147	110.25	444.123097	-5.941731607E-05
148	111	444.211888	-5.852017254E-05
149	111.75	444.301346	-5.761625862E-05
150	112.5	444.391483	-5.670547954E-05
151	113.25	444.482306	-5.578773979E-05
152	114	444.573826	-5.486294307E-05
153	114.75	444.666052	-5.393099234E-05
154	115.5	444.758994	-5.299178975E-05
155	116.25	444.852662	-5.204523667E-05
156	117	444.947065	-5.109123366E-05
157	117.75	445.042213	-5.012968044E-05
158	118.5	445.138116	-4.916047593E-05
159	119.25	445.234785	-4.818351821E-05
160	120	445.332229	-4.719870447E-05
161	120.75	445.430458	-4.620593109E-05
162	121.5	445.529483	-4.520509352E-05
163	122.25	445.629315	-4.419608635E-05
164	123	445.729963	-4.317880329E-05
165	123.75	445.831438	-4.215313708E-05
166	124.5	445.933751	-4.111897960E-05
167	125.25	446.036913	-4.007622174E-05
168	126	446.140934	-3.902475348E-05
169	126.75	446.245825	-3.796446382E-05
170	127.5	446.351598	-3.689524077E-05
171	128.25	446.458263	-3.581697138E-05
172	129	446.565833	-3.472954168E-05
173	129.75	446.674317	-3.363283670E-05
174	130.5	446.783727	-3.252674043E-05
175	131.25	446.894076	-3.141113583E-05
176	132	447.005374	-3.028590479E-05
177	132.75	447.117633	-2.915092815E-05
178	133.5	447.230865	-2.800608565E-05
179	134.25	447.345083	-2.685125595E-05
180	135	447.460297	-2.568631658E-05
181	135.75	447.576521	-2.451114397E-05
182	136.5	447.693766	-2.332561339E-05
183	137.25	447.812045	-2.212959896E-05
184	138	447.931371	-2.092297364E-05
185	138.75	448.051755	-1.970560920E-05
186	139.5	448.173211	-1.847737620E-05
187	140.25	448.295751	-1.723814401E-05
188	141	448.419389	-1.598778075E-05
189	141.75	448.544138	-1.472615330E-05
190	142.5	448.67001	-1.345312728E-05
191	143.25	448.797019	-1.216856704E-05
192	144	448.925179	-1.087233562E-05
193	144.75	449.054503	-9.564294760E-06
194	145.5	449.185004	-8.244304878E-06
195	146.25	449.316697	-6.912225040E-06
196	147	449.449596	-5.567912956E-06
197	147.75	449.583714	-4.211224958E-06
198	148.5	449.719067	-2.842015985E-06
199	149.25	449.855667	-1.460139561E-06
200	150	449.993531	-6.544778282E-08
201	150.75	450.132672	1.342208701E-06
202	151.5	450.273105	2.762980707E-06
203	152.25	450.414845	4.197020537E-06
204	153	450.557907	5.644481995E-06
205	153.75	450.702307	7.105520405E-06
206	154.5	450.84806	8.580292634E-06
207	155.25	450.995181	1.006895711E-05
208	156	451.143687	1.157167382E-05
209	156.75	451.293592	1.308860439E-05
210	157.5	451.444913	1.461991203E-05
211	158.25	451.597667	1.616576160E-05
212	159	451.751868	1.772631961E-05
213	159.75	451.907535	1.930175428E-05
214	160.5	452.064683	2.089223548E-05
215	161.25	452.223329	2.249793485E-05
216	162	452.383491	2.411902575E-05
217	162.75	452.545185	2.575568331E-05
218	163.5	452.708429	2.740808443E-05
219	164.25	452.87324	2.907640784E-05
220	165	453.039636	3.076083410E-05
221	165.75	453.207635	3.246154561E-05
222	166.5	453.377255	3.417872665E-05
223	167.25	453.548514	3.591256342E-05
224	168	453.72143	3.766324400E-05
225	168.75	453.896022	3.943095847E-05
226	169.5	454.072309	4.121589885E-05
227	170.25	454.25031	4.301825915E-05
228	171	454.430043	4.483823542E-05
229	171.75	454.611529	4.667602576E-05
230	172.5	454.794787	4.853183031E-05
231	173.25	454.979837	5.040585133E-05
232	174	455.166698	5.229829321E-05
233	174.75	455.355391	5.420936248E-05
234	175.5	455.545936	5.613926782E-05
235	176.25	455.738353	5.808822016E-05
236	177	455.932665	6.005643264E-05
237	177.75	456.128891	6.204412063E-05
238	178.5	456.327053	6.405150184E-05
239	179.25	456.527172	6.607879625E-05
240	180	456.72927	6.812622620E-05
241	180.75	456.933369	7.019401641E-05
242	181.5	457.139492	7.228239399E-05
243	182.25	457.347659	7.439158849E-05
244	183	457.557895	7.652183191E-05
245	183.75	457.770222	7.867335876E-05
246	184.5	457.984663	8.084640607E-05
247	185.25	458.201242	8.304121342E-05
248	186	458.419982	8.525802298E-05
249	186.75	458.640906	8.749707954E-05
250	187.5	458.86404	8.975863055E-05
251	188.25	459.089407	9.204292614E-05
252	189	459.317032	9.435021916E-05
253	189.75	459.54694	9.668076522E-05
254	190.5	459.779156	9.903482271E-05
255	191.25	460.013705	1.014126529E-04
256	192	460.250614	1.038145197E-04
257	192.75	460.489908	1.062406903E-04
258	193.5	460.731613	1.086914346E-04
259	194.25	460.975757	1.111670253E-04
260	195	461.222365	1.136677384E-04
261	195.75	461.471465	1.161938528E-04
262	196.5	461.723085	1.187456506E-04
263	197.25	461.977251	1.213234168E-04
264	198	462.233993	1.239274398E-04
265	198.75	462.493338	1.265580111E-04
266	199.5	462.755315	1.292154255E-04
267	200.25	463.019953	1.318999809E-04
268	201	463.287282	1.346119787E-04
269	201.75	463.55733	1.373517237E-04
270	202.5	463.830128	1.401195241E-04
271	203.25	464.105706	1.429156913E-04
272	204	464.384095	1.457405406E-04
273	204.75	464.665325	1.485943905E-04
274	205.5	464.949428	1.514775634E-04
275	206.25	465.236435	1.543903850E-04
276	207	465.526378	1.573331851E-04
277	207.75	465.81929	1.603062968E-04
278	208.5	466.115203	1.633100572E-04
279	209.25	466.414151	1.663448074E-04
280	210	466.716166	1.694108919E-04
281	210.75	467.021282	1.725086597E-04
282	211.5	467.329535	1.756384634E-04
283	212.25	467.640957	1.788006597E-04
284	213	467.955584	1.819956095E-04
285	213.75	468.273451	1.852236777E-04
286	214.5	468.594595	1.884852335E-04
287	215.25	468.919051	1.917806503E-04
288	216	469.246855	1.951103059E-04
289	216.75	469.578045	1.984745822E-04
290	217.5	469.912658	2.018738659E-04
291	218.25	470.250731	2.053085479E-04
292	219	470.592303	2.087790237E-04
293	219.75	470.937413	2.122856934E-04
294	220.5	471.286099	2.158289618E-04
295	221.25	471.638402	2.194092385E-04
296	222	471.99436	2.230269376E-04
297	222.75	472.354015	2.266824783E-04
298	223.5	472.717408	2.303762847E-04
299	224.25	473.084579	2.341087858E-04
300	225	473.45557	2.378804157E-04
301	225.75	473.830425	2.416916135E-04
302	226.5	474.209185	2.455428236E-04
303	227.25	474.591894	2.494344956E-04
304	228	474.978596	2.533670845E-04
305	228.75	475.369334	2.573410506E-04
306	229.5	475.764155	2.613568598E-04
307	230.25	476.163103	2.654149834E-04
308	231	476.566224	2.695158983E-04
309	231.75	476.973564	2.736600873E-04
310	232.5	477.385171	2.778480388E-04
311	233.25	477.801092	2.820802470E-04
312	234	478.221374	2.863572124E-04
313	234.75	478.646067	2.906794411E-04
314	235.5	479.07522	2.950474454E-04
315	236.25	479.508882	2.994617440E-04
316	237	479.947104	3.039228616E-04
317	237.75	480.389937	3.084313294E-04
318	238.5	480.837432	3.129876852E-04
319	239.25	481.289641	3.175924729E-04
320	240	481.746617	3.222462434E-04
321	240.75	482.208414	3.269495543E-04
322	241.5	482.675086	3.317029699E-04
323	242.25	483.146686	3.365070614E-04
324	243	483.623272	3.413624070E-04
325	243.75	484.104897	3.462695922E-04
326	244.5	484.59162	3.512292096E-04
327	245.25	485.083498	3.562418590E-04
328	246	485.580588	3.613081478E-04
329	246.75	486.082949	3.664286907E-04
330	247.5	486.590641	3.716041104E-04
331	248.25	487.103723	3.768350369E-04
332	249	487.622258	3.821221085E-04
333	249.75	488.146305	3.874659710E-04
334	250.5	488.675928	3.928672788E-04
335	251.25	489.21119	3.983266940E-04
336	252	489.752155	4.038448873E-04
337	252.75	490.298886	4.094225379E-04
338	253.5	490.851451	4.150603335E-04
339	254.25	491.409914	4.207589702E-04
340	255	491.974344	4.265191534E-04
341	255.75	492.544807	4.323415972E-04
342	256.5	493.121373	4.382270248E-04
343	257.25	493.704111	4.441761685E-04
344	258	494.293092	4.501897702E-04
345	258.75	494.888387	4.562685812E-04
346	259.5	495.490067	4.624133624E-04
347	260.25	496.098208	4.686248844E-04
348	261	496.712881	4.749039279E-04
349	261.75	497.334162	4.812512836E-04
350	262.5	497.962128	4.876677524E-04
351	263.25	498.596854	4.941541456E-04
352	264	499.238419	5.007112852E-04
353	264.75	499.886901	5.073400035E-04
354	265.5	500.54238	5.140411442E-04
355	266.25	501.204936	5.208155616E-04
356	267	501.874653	5.276641214E-04
357	267.75	502.551612	5.345877007E-04
358	268.5	503.235897	5.415871880E-04
359	269.25	503.927593	5.486634837E-04
360	270	504.626786	5.558175000E-04
361	270.75	505.333563	5.630501613E-04
362	271.5	506.048013	5.703624042E-04
363	272.25	506.770225	5.777551779E-04
364	273	507.500289	5.852294441E-04
365	273.75	508.238297	5.927861775E-04
366	274.5	508.984341	6.004263658E-04
367	275.25	509.738517	6.081510102E-04
368	276	510.500919	6.159611252E-04
369	276.75	511.271643	6.238577390E-04
370	277.5	512.050788	6.318418939E-04
371	278.25	512.838452	6.399146463E-04
372	279	513.634736	6.480770670E-04
373	279.75	514.439741	6.563302413E-04
374	280.5	515.253571	6.646752695E-04
375	281.25	516.07633	6.731132670E-04
376	282	516.908123	6.816453645E-04
377	282.75	517.749058	6.902727083E-04
378	283.5	518.599243	6.989964607E-04
379	284.25	519.458788	7.078178000E-04
380	285	520.327805	7.167379208E-04
381	285.75	521.206406	7.257580345E-04
382	286.5	522.094706	7.348793695E-04
383	287.25	522.992821	7.441031713E-04
384	288	523.900869	7.534307029E-04
385	288.75	524.818969	7.628632453E-04
386	289.5	525.747241	7.724020973E-04
387	290.25	526.685807	7.820485764E-04
388	291	527.634793	7.918040186E-04
389	291.75	528.594323	8.016697792E-04
390	292.5	529.564525	8.116472327E-04
391	293.25	530.545528	8.217377734E-04
392	294	531.537464	8.319428155E-04
393	294.75	532.540464	8.422637939E-04
394	295.5	533.554664	8.527021639E-04
395	296.25	534.5802	8.632594021E-04
396	297	535.617211	8.739370066E-04
397	297.75	536.665836	8.847364974E-04
398	298.5	537.726218	8.956594166E-04
399	299.25	538.7985	9.067073290E-04
400	300	539.882831	9.178818225E-04
── 设定点 600 °C　夹头 100 °C　段 0「HC1」　T设定 600 °C　节点 401　段长 300 mm　控温点下标 200（x = 150 mm）　电流 791.2 A　ΔL_A +0.030622　ΔL_B -0.007115
i	X_mm	TMetal_C	epsDiff
0	0	658.854929	6.178789164E-04
1	0.75	658.130121	6.102228129E-04
2	1.5	657.413428	6.026536007E-04
3	2.25	656.704754	5.951702288E-04
4	3	656.004006	5.877716601E-04
5	3.75	655.311089	5.804568716E-04
6	4.5	654.625912	5.732248540E-04
7	5.25	653.948384	5.660746114E-04
8	6	653.278416	5.590051613E-04
9	6.75	652.615917	5.520155341E-04
10	7.5	651.960802	5.451047733E-04
11	8.25	651.312983	5.382719347E-04
12	9	650.672376	5.315160870E-04
13	9.75	650.038897	5.248363109E-04
14	10.5	649.412461	5.182316994E-04
15	11.25	648.792988	5.117013572E-04
16	12	648.180396	5.052444009E-04
17	12.75	647.574605	4.988599586E-04
18	13.5	646.975536	4.925471698E-04
19	14.25	646.383111	4.863051852E-04
20	15	645.797254	4.801331665E-04
21	15.75	645.217888	4.740302864E-04
22	16.5	644.644937	4.679957283E-04
23	17.25	644.078329	4.620286860E-04
24	18	643.517989	4.561283639E-04
25	18.75	642.963845	4.502939765E-04
26	19.5	642.415826	4.445247485E-04
27	20.25	641.873862	4.388199146E-04
28	21	641.337882	4.331787190E-04
29	21.75	640.807818	4.276004159E-04
30	22.5	640.283601	4.220842690E-04
31	23.25	639.765166	4.166295511E-04
32	24	639.252444	4.112355446E-04
33	24.75	638.745372	4.059015408E-04
34	25.5	638.243884	4.006268399E-04
35	26.25	637.747916	3.954107513E-04
36	27	637.257405	3.902525927E-04
37	27.75	636.772289	3.851516907E-04
38	28.5	636.292507	3.801073803E-04
39	29.25	635.817997	3.751190049E-04
40	30	635.348699	3.701859159E-04
41	30.75	634.884554	3.653074731E-04
42	31.5	634.425504	3.604830443E-04
43	32.25	633.971491	3.557120050E-04
44	33	633.522456	3.509937386E-04
45	33.75	633.078344	3.463276362E-04
46	34.5	632.639099	3.417130963E-04
47	35.25	632.204666	3.371495252E-04
48	36	631.77499	3.326363363E-04
49	36.75	631.350017	3.281729502E-04
50	37.5	630.929695	3.237587948E-04
51	38.25	630.51397	3.193933051E-04
52	39	630.10279	3.150759229E-04
53	39.75	629.696105	3.108060969E-04
54	40.5	629.293863	3.065832826E-04
55	41.25	628.896015	3.024069423E-04
56	42	628.502511	2.982765447E-04
57	42.75	628.113302	2.941915650E-04
58	43.5	627.72834	2.901514850E-04
59	44.25	627.347576	2.861557925E-04
60	45	626.970965	2.822039819E-04
61	45.75	626.598458	2.782955534E-04
62	46.5	626.230011	2.744300136E-04
63	47.25	625.865577	2.706068748E-04
64	48	625.505112	2.668256553E-04
65	48.75	625.148571	2.630858793E-04
66	49.5	624.79591	2.593870767E-04
67	50.25	624.447086	2.557287831E-04
68	51	624.102055	2.521105395E-04
69	51.75	623.760776	2.485318927E-04
70	52.5	623.423207	2.449923948E-04
71	53.25	623.089305	2.414916033E-04
72	54	622.759031	2.380290809E-04
73	54.75	622.432344	2.346043958E-04
74	55.5	622.109203	2.312171211E-04
75	56.25	621.789569	2.278668350E-04
76	57	621.473404	2.245531210E-04
77	57.75	621.160668	2.212755673E-04
78	58.5	620.851324	2.180337671E-04
79	59.25	620.545333	2.148273183E-04
80	60	620.242659	2.116558239E-04
81	60.75	619.943265	2.085188913E-04
82	61.5	619.647114	2.054161326E-04
83	62.25	619.35417	2.023471645E-04
84	63	619.064397	1.993116085E-04
85	63.75	618.777762	1.963090901E-04
86	64.5	618.494228	1.933392395E-04
87	65.25	618.213762	1.904016912E-04
88	66	617.936329	1.874960841E-04
89	66.75	617.661896	1.846220612E-04
90	67.5	617.390429	1.817792697E-04
91	68.25	617.121897	1.789673610E-04
92	69	616.856267	1.761859906E-04
93	69.75	616.593506	1.734348179E-04
94	70.5	616.333583	1.707135065E-04
95	71.25	616.076466	1.680217238E-04
96	72	615.822125	1.653591410E-04
97	72.75	615.570529	1.627254332E-04
98	73.5	615.321648	1.601202795E-04
99	74.25	615.075452	1.575433623E-04
100	75	614.831911	1.549943681E-04
101	75.75	614.590996	1.524729868E-04
102	76.5	614.352679	1.499789119E-04
103	77.25	614.11693	1.475118407E-04
104	78	613.883722	1.450714737E-04
105	78.75	613.653026	1.426575150E-04
106	79.5	613.424815	1.402696722E-04
107	80.25	613.199062	1.379076560E-04
108	81	612.975739	1.355711809E-04
109	81.75	612.754821	1.332599642E-04
110	82.5	612.53628	1.309737267E-04
111	83.25	612.320091	1.287121925E-04
112	84	612.106227	1.264750887E-04
113	84.75	611.894665	1.242621456E-04
114	85.5	611.685377	1.220730965E-04
115	86.25	611.478339	1.199076780E-04
116	87	611.273528	1.177656295E-04
117	87.75	611.070917	1.156466934E-04
118	88.5	610.870484	1.135506152E-04
119	89.25	610.672205	1.114771432E-04
120	90	610.476055	1.094260284E-04
121	90.75	610.282012	1.073970251E-04
122	91.5	610.090052	1.053898900E-04
123	92.25	609.900154	1.034043827E-04
124	93	609.712294	1.014402655E-04
125	93.75	609.52645	9.949730346E-05
126	94.5	609.342601	9.757526436E-05
127	95.25	609.160724	9.567391850E-05
128	96	608.980798	9.379303885E-05
129	96.75	608.802801	9.193240095E-05
130	97.5	608.626714	9.009178288E-05
131	98.25	608.452514	8.827096523E-05
132	99	608.280182	8.646973108E-05
133	99.75	608.109697	8.468786596E-05
134	100.5	607.941039	8.292515783E-05
135	101.25	607.774188	8.118139705E-05
136	102	607.609124	7.945637632E-05
137	102.75	607.445828	7.774989071E-05
138	103.5	607.284282	7.606173758E-05
139	104.25	607.124465	7.439171658E-05
140	105	606.966359	7.273962962E-05
141	105.75	606.809946	7.110528084E-05
142	106.5	606.655206	6.948847657E-05
143	107.25	606.502123	6.788902532E-05
144	108	606.350677	6.630673776E-05
145	108.75	606.200852	6.474142667E-05
146	109.5	606.05263	6.319290695E-05
147	110.25	605.905992	6.166099555E-05
148	111	605.760923	6.014551148E-05
149	111.75	605.617405	5.864627579E-05
150	112.5	605.475421	5.716311152E-05
151	113.25	605.334955	5.569584369E-05
152	114	605.19599	5.424429926E-05
153	114.75	605.05851	5.280830716E-05
154	115.5	604.922499	5.138769819E-05
155	116.25	604.787941	4.998230505E-05
156	117	604.65482	4.859196233E-05
157	117.75	604.523121	4.721650643E-05
158	118.5	604.392829	4.585577558E-05
159	119.25	604.263927	4.450960982E-05
160	120	604.136402	4.317785096E-05
161	120.75	604.010238	4.186034258E-05
162	121.5	603.885421	4.055692999E-05
163	122.25	603.761935	3.926746022E-05
164	123	603.639768	3.799178198E-05
165	123.75	603.518903	3.672974570E-05
166	124.5	603.399328	3.548120343E-05
167	125.25	603.281029	3.424600887E-05
168	126	603.163991	3.302401735E-05
169	126.75	603.048201	3.181508579E-05
170	127.5	602.933646	3.061907271E-05
171	128.25	602.820312	2.943583818E-05
172	129	602.708186	2.826524381E-05
173	129.75	602.597255	2.710715276E-05
174	130.5	602.487507	2.596142969E-05
175	131.25	602.378927	2.482794075E-05
176	132	602.271505	2.370655357E-05
177	132.75	602.165227	2.259713725E-05
178	133.5	602.060082	2.149956232E-05
179	134.25	601.956056	2.041370073E-05
180	135	601.853137	1.933942587E-05
181	135.75	601.751315	1.827661250E-05
182	136.5	601.650577	1.722513675E-05
183	137.25	601.550911	1.618487613E-05
184	138	601.452307	1.515570950E-05
185	138.75	601.354751	1.413751703E-05
186	139.5	601.258234	1.313018022E-05
187	140.25	601.162744	1.213358188E-05
188	141	601.06827	1.114760609E-05
189	141.75	600.9748	1.017213820E-05
190	142.5	600.882325	9.207064834E-06
191	143.25	600.790834	8.252273840E-06
192	144	600.700315	7.307654305E-06
193	144.75	600.610759	6.373096529E-06
194	145.5	600.522156	5.448492011E-06
195	146.25	600.434494	4.533733440E-06
196	147	600.347764	3.628714675E-06
197	147.75	600.261955	2.733330739E-06
198	148.5	600.177059	1.847477798E-06
199	149.25	600.093065	9.710531568E-07
200	150	600.009963	1.039552380E-07
201	150.75	599.927744	-7.539164256E-07
202	151.5	599.846398	-1.602661205E-06
203	152.25	599.765917	-2.442377388E-06
204	153	599.68629	-3.273162190E-06
205	153.75	599.607508	-4.095111767E-06
206	154.5	599.529563	-4.908321229E-06
207	155.25	599.452446	-5.712884649E-06
208	156	599.376147	-6.508895075E-06
209	156.75	599.300658	-7.296444545E-06
210	157.5	599.22597	-8.075624093E-06
211	158.25	599.152075	-8.846523766E-06
212	159	599.078963	-9.609232630E-06
213	159.75	599.006627	-1.036383878E-05
214	160.5	598.935059	-1.111042937E-05
215	161.25	598.86425	-1.184909058E-05
216	162	598.794191	-1.257990768E-05
217	162.75	598.724875	-1.330296501E-05
218	163.5	598.656295	-1.401834598E-05
219	164.25	598.588441	-1.472613311E-05
220	165	598.521307	-1.542640802E-05
221	165.75	598.454884	-1.611925145E-05
222	166.5	598.389165	-1.680474326E-05
223	167.25	598.324142	-1.748296245E-05
224	168	598.259809	-1.815398716E-05
225	168.75	598.196157	-1.881789469E-05
226	169.5	598.133179	-1.947476151E-05
227	170.25	598.070868	-2.012466324E-05
228	171	598.009216	-2.076767470E-05
229	171.75	597.948218	-2.140386991E-05
230	172.5	597.887865	-2.203332206E-05
231	173.25	597.828152	-2.265610358E-05
232	174	597.76907	-2.327228612E-05
233	174.75	597.710613	-2.388194052E-05
234	175.5	597.652775	-2.448513689E-05
235	176.25	597.595549	-2.508194457E-05
236	177	597.538928	-2.567243216E-05
237	177.75	597.482907	-2.625666752E-05
238	178.5	597.427477	-2.683471777E-05
239	179.25	597.372634	-2.740664931E-05
240	180	597.31837	-2.797252784E-05
241	180.75	597.26468	-2.853241832E-05
242	181.5	597.211558	-2.908638505E-05
243	182.25	597.158997	-2.963449162E-05
244	183	597.106991	-3.017680093E-05
245	183.75	597.055535	-3.071337520E-05
246	184.5	597.004622	-3.124427601E-05
247	185.25	596.954247	-3.176956426E-05
248	186	596.904404	-3.228930018E-05
249	186.75	596.855087	-3.280354338E-05
250	187.5	596.806291	-3.331235282E-05
251	188.25	596.75801	-3.381578683E-05
252	189	596.710239	-3.431390310E-05
253	189.75	596.662971	-3.480675873E-05
254	190.5	596.616202	-3.529441018E-05
255	191.25	596.569926	-3.577691332E-05
256	192	596.524139	-3.625432341E-05
257	192.75	596.478834	-3.672669515E-05
258	193.5	596.434007	-3.719408260E-05
259	194.25	596.389652	-3.765653930E-05
260	195	596.345765	-3.811411817E-05
261	195.75	596.30234	-3.856687160E-05
262	196.5	596.259373	-3.901485139E-05
263	197.25	596.216858	-3.945810880E-05
264	198	596.174791	-3.989669456E-05
265	198.75	596.133167	-4.033065882E-05
266	199.5	596.091981	-4.076005123E-05
267	200.25	596.051229	-4.118492089E-05
268	201	596.010905	-4.160531639E-05
269	201.75	595.971005	-4.202128578E-05
270	202.5	595.931526	-4.243287662E-05
271	203.25	595.892461	-4.284013596E-05
272	204	595.853807	-4.324311033E-05
273	204.75	595.815559	-4.364184579E-05
274	205.5	595.777714	-4.403638789E-05
275	206.25	595.740266	-4.442678171E-05
276	207	595.703211	-4.481307184E-05
277	207.75	595.666545	-4.519530239E-05
278	208.5	595.630265	-4.557351703E-05
279	209.25	595.594365	-4.594775893E-05
280	210	595.558842	-4.631807082E-05
281	210.75	595.523691	-4.668449498E-05
282	211.5	595.48891	-4.704707323E-05
283	212.25	595.454493	-4.740584695E-05
284	213	595.420437	-4.776085709E-05
285	213.75	595.386737	-4.811214415E-05
286	214.5	595.353391	-4.845974822E-05
287	215.25	595.320394	-4.880370894E-05
288	216	595.287743	-4.914406555E-05
289	216.75	595.255433	-4.948085686E-05
290	217.5	595.223462	-4.981412130E-05
291	218.25	595.191825	-5.014389685E-05
292	219	595.160519	-5.047022113E-05
293	219.75	595.12954	-5.079313132E-05
294	220.5	595.098885	-5.111266425E-05
295	221.25	595.068551	-5.142885632E-05
296	222	595.038533	-5.174174359E-05
297	222.75	595.008829	-5.205136170E-05
298	223.5	594.979435	-5.235774593E-05
299	224.25	594.950347	-5.266093119E-05
300	225	594.921563	-5.296095203E-05
301	225.75	594.893079	-5.325784261E-05
302	226.5	594.864892	-5.355163676E-05
303	227.25	594.836999	-5.384236794E-05
304	228	594.809396	-5.413006924E-05
305	228.75	594.782081	-5.441477345E-05
306	229.5	594.75505	-5.469651296E-05
307	230.25	594.7283	-5.497531987E-05
308	231	594.701828	-5.525122590E-05
309	231.75	594.675632	-5.552426246E-05
310	232.5	594.649708	-5.579446063E-05
311	233.25	594.624053	-5.606185116E-05
312	234	594.598664	-5.632646448E-05
313	234.75	594.573539	-5.658833071E-05
314	235.5	594.548674	-5.684747962E-05
315	236.25	594.524067	-5.710394072E-05
316	237	594.499715	-5.735774317E-05
317	237.75	594.475615	-5.760891584E-05
318	238.5	594.451765	-5.785748731E-05
319	239.25	594.428162	-5.810348584E-05
320	240	594.404802	-5.834693941E-05
321	240.75	594.381684	-5.858787571E-05
322	241.5	594.358805	-5.882632212E-05
323	242.25	594.336162	-5.906230577E-05
324	243	594.313752	-5.929585348E-05
325	243.75	594.291574	-5.952699181E-05
326	244.5	594.269624	-5.975574701E-05
327	245.25	594.247901	-5.998214510E-05
328	246	594.226401	-6.020621181E-05
329	246.75	594.205122	-6.042797260E-05
330	247.5	594.184062	-6.064745268E-05
331	248.25	594.163218	-6.086467698E-05
332	249	594.142588	-6.107967018E-05
333	249.75	594.12217	-6.129245671E-05
334	250.5	594.101961	-6.150306075E-05
335	251.25	594.081959	-6.171150621E-05
336	252	594.062162	-6.191781679E-05
337	252.75	594.042568	-6.212201590E-05
338	253.5	594.023174	-6.232412675E-05
339	254.25	594.003978	-6.252417229E-05
340	255	593.984978	-6.272217523E-05
341	255.75	593.966171	-6.291815806E-05
342	256.5	593.947557	-6.311214303E-05
343	257.25	593.929131	-6.330415217E-05
344	258	593.910894	-6.349420728E-05
345	258.75	593.892841	-6.368232993E-05
346	259.5	593.874972	-6.386854148E-05
347	260.25	593.857285	-6.405286307E-05
348	261	593.839776	-6.423531562E-05
349	261.75	593.822445	-6.441591983E-05
350	262.5	593.805289	-6.459469621E-05
351	263.25	593.788307	-6.477166504E-05
352	264	593.771496	-6.494684641E-05
353	264.75	593.754855	-6.512026019E-05
354	265.5	593.738381	-6.529192606E-05
355	266.25	593.722073	-6.546186350E-05
356	267	593.705929	-6.563009178E-05
357	267.75	593.689948	-6.579663000E-05
358	268.5	593.674126	-6.596149705E-05
359	269.25	593.658463	-6.612471162E-05
360	270	593.642957	-6.628629224E-05
361	270.75	593.627606	-6.644625722E-05
362	271.5	593.612408	-6.660462472E-05
363	272.25	593.597362	-6.676141269E-05
364	273	593.582465	-6.691663891E-05
365	273.75	593.567717	-6.707032099E-05
366	274.5	593.553115	-6.722247635E-05
367	275.25	593.538658	-6.737312225E-05
368	276	593.524344	-6.752227576E-05
369	276.75	593.510171	-6.766995381E-05
370	277.5	593.496139	-6.781617312E-05
371	278.25	593.482245	-6.796095028E-05
372	279	593.468488	-6.810430170E-05
373	279.75	593.454865	-6.824624363E-05
374	280.5	593.441377	-6.838679216E-05
375	281.25	593.428021	-6.852596322E-05
376	282	593.414795	-6.866377259E-05
377	282.75	593.401699	-6.880023587E-05
378	283.5	593.38873	-6.893536855E-05
379	284.25	593.375888	-6.906918593E-05
380	285	593.36317	-6.920170318E-05
381	285.75	593.350575	-6.933293531E-05
382	286.5	593.338103	-6.946289720E-05
383	287.25	593.32575	-6.959160356E-05
384	288	593.313517	-6.971906899E-05
385	288.75	593.301402	-6.984530793E-05
386	289.5	593.289403	-6.997033467E-05
387	290.25	593.277519	-7.009416338E-05
388	291	593.265748	-7.021680809E-05
389	291.75	593.25409	-7.033828270E-05
390	292.5	593.242542	-7.045860096E-05
391	293.25	593.231105	-7.057777649E-05
392	294	593.219775	-7.069582281E-05
393	294.75	593.208553	-7.081275328E-05
394	295.5	593.197437	-7.092858114E-05
395	296.25	593.186425	-7.104331951E-05
396	297	593.175516	-7.115698139E-05
397	297.75	593.164709	-7.126957965E-05
398	298.5	593.154004	-7.138112703E-05
399	299.25	593.143397	-7.149163618E-05
400	300	593.13289	-7.160111959E-05
── 设定点 600 °C　夹头 100 °C　段 1「HC2」　T设定 600 °C　节点 401　段长 300 mm　控温点下标 200（x = 150 mm）　电流 786.5 A　ΔL_A -0.009520　ΔL_B +0.050897
i	X_mm	TMetal_C	epsDiff
0	0	593.108345	-7.185685519E-05
1	0.75	593.0705	-7.225116784E-05
2	1.5	593.033407	-7.263765098E-05
3	2.25	592.99706	-7.301634880E-05
4	3	592.961456	-7.338730456E-05
5	3.75	592.926591	-7.375056066E-05
6	4.5	592.892461	-7.410615860E-05
7	5.25	592.859062	-7.445413899E-05
8	6	592.826389	-7.479454160E-05
9	6.75	592.79444	-7.512740529E-05
10	7.5	592.763211	-7.545276808E-05
11	8.25	592.732698	-7.577066713E-05
12	9	592.702898	-7.608113872E-05
13	9.75	592.673807	-7.638421831E-05
14	10.5	592.645422	-7.667994049E-05
15	11.25	592.61774	-7.696833902E-05
16	12	592.590758	-7.724944681E-05
17	12.75	592.564472	-7.752329595E-05
18	13.5	592.538879	-7.778991768E-05
19	14.25	592.513978	-7.804934242E-05
20	15	592.489764	-7.830159978E-05
21	15.75	592.466236	-7.854671853E-05
22	16.5	592.443389	-7.878472664E-05
23	17.25	592.421223	-7.901565125E-05
24	18	592.399734	-7.923951870E-05
25	18.75	592.37892	-7.945635452E-05
26	19.5	592.358778	-7.966618344E-05
27	20.25	592.339307	-7.986902939E-05
28	21	592.320503	-8.006491550E-05
29	21.75	592.302366	-8.025386411E-05
30	22.5	592.284892	-8.043589675E-05
31	23.25	592.26808	-8.061103417E-05
32	24	592.251928	-8.077929635E-05
33	24.75	592.236434	-8.094070246E-05
34	25.5	592.221597	-8.109527090E-05
35	26.25	592.207414	-8.124301929E-05
36	27	592.193884	-8.138396447E-05
37	27.75	592.181006	-8.151812251E-05
38	28.5	592.168777	-8.164550868E-05
39	29.25	592.157197	-8.176613751E-05
40	30	592.146265	-8.188002274E-05
41	30.75	592.135979	-8.198717736E-05
42	31.5	592.126337	-8.208761357E-05
43	32.25	592.11734	-8.218134281E-05
44	33	592.108985	-8.226837576E-05
45	33.75	592.101272	-8.234872235E-05
46	34.5	592.0942	-8.242239172E-05
47	35.25	592.087768	-8.248939227E-05
48	36	592.081976	-8.254973163E-05
49	36.75	592.076822	-8.260341668E-05
50	37.5	592.072307	-8.265045353E-05
51	38.25	592.068429	-8.269084754E-05
52	39	592.065189	-8.272460331E-05
53	39.75	592.062585	-8.275172468E-05
54	40.5	592.060618	-8.277221475E-05
55	41.25	592.059288	-8.278607586E-05
56	42	592.058593	-8.279330957E-05
57	42.75	592.058535	-8.279391672E-05
58	43.5	592.059113	-8.278789736E-05
59	44.25	592.060327	-8.277525083E-05
60	45	592.062177	-8.275597567E-05
61	45.75	592.064664	-8.273006970E-05
62	46.5	592.067788	-8.269752995E-05
63	47.25	592.071549	-8.265835272E-05
64	48	592.075947	-8.261253356E-05
65	48.75	592.080984	-8.256006723E-05
66	49.5	592.086659	-8.250094777E-05
67	50.25	592.092973	-8.243516844E-05
68	51	592.099928	-8.236272174E-05
69	51.75	592.107524	-8.228359941E-05
70	52.5	592.115761	-8.219779246E-05
71	53.25	592.12464	-8.210529109E-05
72	54	592.134164	-8.200608477E-05
73	54.75	592.144332	-8.190016220E-05
74	55.5	592.155146	-8.178751131E-05
75	56.25	592.166607	-8.166811925E-05
76	57	592.178716	-8.154197243E-05
77	57.75	592.191475	-8.140905646E-05
78	58.5	592.204886	-8.126935621E-05
79	59.25	592.218949	-8.112285575E-05
80	60	592.233666	-8.096953838E-05
81	60.75	592.24904	-8.080938663E-05
82	61.5	592.265071	-8.064238224E-05
83	62.25	592.281762	-8.046850618E-05
84	63	592.299114	-8.028773862E-05
85	63.75	592.31713	-8.010005896E-05
86	64.5	592.335811	-7.990544580E-05
87	65.25	592.35516	-7.970387695E-05
88	66	592.375179	-7.949532943E-05
89	66.75	592.395869	-7.927977945E-05
90	67.5	592.417235	-7.905720244E-05
91	68.25	592.439277	-7.882757301E-05
92	69	592.461998	-7.859086497E-05
93	69.75	592.485401	-7.834705131E-05
94	70.5	592.509489	-7.809610424E-05
95	71.25	592.534265	-7.783799511E-05
96	72	592.55973	-7.757269449E-05
97	72.75	592.585889	-7.730017209E-05
98	73.5	592.612743	-7.702039683E-05
99	74.25	592.640297	-7.673333677E-05
100	75	592.668553	-7.643895915E-05
101	75.75	592.697514	-7.613723038E-05
102	76.5	592.727184	-7.582811600E-05
103	77.25	592.757566	-7.551158073E-05
104	78	592.788664	-7.518758843E-05
105	78.75	592.820481	-7.485610210E-05
106	79.5	592.85302	-7.451708389E-05
107	80.25	592.886286	-7.417049508E-05
108	81	592.920282	-7.381629607E-05
109	81.75	592.955012	-7.345444642E-05
110	82.5	592.99048	-7.308490477E-05
111	83.25	593.026691	-7.270762890E-05
112	84	593.063647	-7.232257570E-05
113	84.75	593.101354	-7.192970116E-05
114	85.5	593.139815	-7.152896037E-05
115	86.25	593.179036	-7.112030752E-05
116	87	593.21902	-7.070369589E-05
117	87.75	593.259772	-7.027907784E-05
118	88.5	593.301297	-6.984640481E-05
119	89.25	593.343599	-6.940562731E-05
120	90	593.386683	-6.895669491E-05
121	90.75	593.430555	-6.849955626E-05
122	91.5	593.475219	-6.803415904E-05
123	92.25	593.52068	-6.756044999E-05
124	93	593.566944	-6.707837490E-05
125	93.75	593.614015	-6.658787856E-05
126	94.5	593.661899	-6.608890483E-05
127	95.25	593.710602	-6.558139655E-05
128	96	593.760129	-6.506529561E-05
129	96.75	593.810486	-6.454054289E-05
130	97.5	593.861678	-6.400707825E-05
131	98.25	593.913712	-6.346484058E-05
132	99	593.966593	-6.291376772E-05
133	99.75	594.020327	-6.235379651E-05
134	100.5	594.07492	-6.178486275E-05
135	101.25	594.130379	-6.120690119E-05
136	102	594.186711	-6.061984554E-05
137	102.75	594.24392	-6.002362847E-05
138	103.5	594.302015	-5.941818156E-05
139	104.25	594.361001	-5.880343534E-05
140	105	594.420885	-5.817931925E-05
141	105.75	594.481675	-5.754576164E-05
142	106.5	594.543377	-5.690268975E-05
143	107.25	594.605998	-5.625002974E-05
144	108	594.669545	-5.558770662E-05
145	108.75	594.734026	-5.491564431E-05
146	109.5	594.799447	-5.423376557E-05
147	110.25	594.865818	-5.354199201E-05
148	111	594.933144	-5.284024412E-05
149	111.75	595.001434	-5.212844118E-05
150	112.5	595.070695	-5.140650132E-05
151	113.25	595.140936	-5.067434150E-05
152	114	595.212165	-4.993187744E-05
153	114.75	595.284389	-4.917902371E-05
154	115.5	595.357617	-4.841569361E-05
155	116.25	595.431858	-4.764179926E-05
156	117	595.507119	-4.685725150E-05
157	117.75	595.58341	-4.606195995E-05
158	118.5	595.660739	-4.525583295E-05
159	119.25	595.739115	-4.443877759E-05
160	120	595.818547	-4.361069966E-05
161	120.75	595.899044	-4.277150364E-05
162	121.5	595.980616	-4.192109274E-05
163	122.25	596.063271	-4.105936882E-05
164	123	596.14702	-4.018623242E-05
165	123.75	596.231871	-3.930158273E-05
166	124.5	596.317835	-3.840531758E-05
167	125.25	596.404922	-3.749733343E-05
168	126	596.493141	-3.657752537E-05
169	126.75	596.582502	-3.564578708E-05
170	127.5	596.673017	-3.470201082E-05
171	128.25	596.764695	-3.374608745E-05
172	129	596.857546	-3.277790638E-05
173	129.75	596.951582	-3.179735556E-05
174	130.5	597.046813	-3.080432148E-05
175	131.25	597.143251	-2.979868916E-05
176	132	597.240906	-2.878034210E-05
177	132.75	597.339789	-2.774916232E-05
178	133.5	597.439913	-2.670503028E-05
179	134.25	597.541288	-2.564782493E-05
180	135	597.643926	-2.457742364E-05
181	135.75	597.74784	-2.349370222E-05
182	136.5	597.85304	-2.239653490E-05
183	137.25	597.959539	-2.128579428E-05
184	138	598.06735	-2.016135137E-05
185	138.75	598.176485	-1.902307551E-05
186	139.5	598.286956	-1.787083442E-05
187	140.25	598.398776	-1.670449412E-05
188	141	598.511958	-1.552391895E-05
189	141.75	598.626516	-1.432897156E-05
190	142.5	598.742462	-1.311951284E-05
191	143.25	598.85981	-1.189540198E-05
192	144	598.978573	-1.065649637E-05
193	144.75	599.098766	-9.402651649E-06
194	145.5	599.220401	-8.133721644E-06
195	146.25	599.343494	-6.849558369E-06
196	147	599.468057	-5.550011999E-06
197	147.75	599.594107	-4.234930854E-06
198	148.5	599.721657	-2.904161378E-06
199	149.25	599.850722	-1.557548118E-06
200	150	599.981318	-1.949337026E-07
201	150.75	600.113458	1.183841175E-06
202	151.5	600.247159	2.578937783E-06
203	152.25	600.382437	3.990519367E-06
204	153	600.519306	5.418751176E-06
205	153.75	600.657782	6.863800483E-06
206	154.5	600.797883	8.325836607E-06
207	155.25	600.939624	9.805030934E-06
208	156	601.083021	1.130155694E-05
209	156.75	601.228091	1.281559023E-05
210	157.5	601.374852	1.434730852E-05
211	158.25	601.52332	1.589689171E-05
212	159	601.673512	1.746452187E-05
213	159.75	601.825446	1.905038331E-05
214	160.5	601.97914	2.065466253E-05
215	161.25	602.134611	2.227754834E-05
216	162	602.291879	2.391923179E-05
217	162.75	602.45096	2.557990627E-05
218	163.5	602.611874	2.725976751E-05
219	164.25	602.774639	2.895901359E-05
220	165	602.939275	3.067784498E-05
221	165.75	603.105801	3.241646459E-05
222	166.5	603.274235	3.417507775E-05
223	167.25	603.444599	3.595389229E-05
224	168	603.616911	3.775311852E-05
225	168.75	603.791193	3.957296930E-05
226	169.5	603.967463	4.141366005E-05
227	170.25	604.145744	4.327540876E-05
228	171	604.326056	4.515843607E-05
229	171.75	604.50842	4.706296526E-05
230	172.5	604.692857	4.898922229E-05
231	173.25	604.879389	5.093743583E-05
232	174	605.068039	5.290783730E-05
233	174.75	605.258828	5.490066092E-05
234	175.5	605.451778	5.691614367E-05
235	176.25	605.646913	5.895452544E-05
236	177	605.844256	6.101604893E-05
237	177.75	606.043828	6.310095981E-05
238	178.5	606.245655	6.520950666E-05
239	179.25	606.44976	6.734194106E-05
240	180	606.656167	6.949851759E-05
241	180.75	606.8649	7.167949391E-05
242	181.5	607.075985	7.388513074E-05
243	182.25	607.289445	7.611569196E-05
244	183	607.505306	7.837144458E-05
245	183.75	607.723594	8.065265883E-05
246	184.5	607.944335	8.295960819E-05
247	185.25	608.167554	8.529256941E-05
248	186	608.393279	8.765182257E-05
249	186.75	608.621535	9.003765110E-05
250	187.5	608.85235	9.245034184E-05
251	188.25	609.085752	9.489018507E-05
252	189	609.321768	9.735747457E-05
253	189.75	609.560426	9.985250762E-05
254	190.5	609.801755	1.023755851E-04
255	191.25	610.045782	1.049270115E-04
256	192	610.292538	1.075070950E-04
257	192.75	610.542052	1.101161474E-04
258	193.5	610.794354	1.127544844E-04
259	194.25	611.049473	1.154224252E-04
260	195	611.307439	1.181202934E-04
261	195.75	611.568285	1.208484158E-04
262	196.5	611.832041	1.236071237E-04
263	197.25	612.098738	1.263967522E-04
264	198	612.368409	1.292176403E-04
265	198.75	612.641086	1.320701314E-04
266	199.5	612.916801	1.349545727E-04
267	200.25	613.195588	1.378713159E-04
268	201	613.47748	1.408207168E-04
269	201.75	613.762511	1.438031355E-04
270	202.5	614.050715	1.468189366E-04
271	203.25	614.342127	1.498684888E-04
272	204	614.636782	1.529521657E-04
273	204.75	614.934716	1.560703452E-04
274	205.5	615.235963	1.592234096E-04
275	206.25	615.540562	1.624117463E-04
276	207	615.848548	1.656357470E-04
277	207.75	616.159959	1.688958085E-04
278	208.5	616.474833	1.721923321E-04
279	209.25	616.793207	1.755257243E-04
280	210	617.11512	1.788963963E-04
281	210.75	617.440612	1.823047645E-04
282	211.5	617.769721	1.857512503E-04
283	212.25	618.102488	1.892362803E-04
284	213	618.438953	1.927602864E-04
285	213.75	618.779157	1.963237056E-04
286	214.5	619.123142	1.999269804E-04
287	215.25	619.470949	2.035705587E-04
288	216	619.822621	2.072548939E-04
289	216.75	620.178202	2.109804450E-04
290	217.5	620.537733	2.147476766E-04
291	218.25	620.90126	2.185570590E-04
292	219	621.268826	2.224090686E-04
293	219.75	621.640478	2.263041872E-04
294	220.5	622.01626	2.302429030E-04
295	221.25	622.396219	2.342257100E-04
296	222	622.780401	2.382531084E-04
297	222.75	623.168853	2.423256045E-04
298	223.5	623.561625	2.464437111E-04
299	224.25	623.958763	2.506079472E-04
300	225	624.360317	2.548188384E-04
301	225.75	624.766336	2.590769167E-04
302	226.5	625.176872	2.633827208E-04
303	227.25	625.591974	2.677367963E-04
304	228	626.011694	2.721396954E-04
305	228.75	626.436084	2.765919773E-04
306	229.5	626.865197	2.810942083E-04
307	230.25	627.299086	2.856469616E-04
308	231	627.737805	2.902508180E-04
309	231.75	628.181409	2.949063652E-04
310	232.5	628.629953	2.996141985E-04
311	233.25	629.083494	3.043749207E-04
312	234	629.542087	3.091891424E-04
313	234.75	630.00579	3.140574817E-04
314	235.5	630.474662	3.189805645E-04
315	236.25	630.948762	3.239590250E-04
316	237	631.428148	3.289935051E-04
317	237.75	631.912881	3.340846550E-04
318	238.5	632.403022	3.392331334E-04
319	239.25	632.898633	3.444396072E-04
320	240	633.399777	3.497047518E-04
321	240.75	633.906516	3.550292515E-04
322	241.5	634.418915	3.604137992E-04
323	242.25	634.937039	3.658590968E-04
324	243	635.460954	3.713658551E-04
325	243.75	635.990726	3.769347944E-04
326	244.5	636.526422	3.825666439E-04
327	245.25	637.068111	3.882621426E-04
328	246	637.615862	3.940220389E-04
329	246.75	638.169745	3.998470910E-04
330	247.5	638.72983	4.057380669E-04
331	248.25	639.29619	4.116957447E-04
332	249	639.868897	4.177209126E-04
333	249.75	640.448024	4.238143691E-04
334	250.5	641.033646	4.299769234E-04
335	251.25	641.625839	4.362093951E-04
336	252	642.224679	4.425126145E-04
337	252.75	642.830243	4.488874231E-04
338	253.5	643.442609	4.553346735E-04
339	254.25	644.061857	4.618552294E-04
340	255	644.688067	4.684499660E-04
341	255.75	645.321321	4.751197703E-04
342	256.5	645.961701	4.818655410E-04
343	257.25	646.60929	4.886881887E-04
344	258	647.264174	4.955886364E-04
345	258.75	647.926436	5.025678192E-04
346	259.5	648.596166	5.096266850E-04
347	260.25	649.273449	5.167661943E-04
348	261	649.958376	5.239873205E-04
349	261.75	650.651036	5.312910504E-04
350	262.5	651.351521	5.386783839E-04
351	263.25	652.059923	5.461503346E-04
352	264	652.776336	5.537079298E-04
353	264.75	653.500855	5.613522109E-04
354	265.5	654.233576	5.690842334E-04
355	266.25	654.974596	5.769050674E-04
356	267	655.724015	5.848157975E-04
357	267.75	656.481931	5.928175234E-04
358	268.5	657.248448	6.009113599E-04
359	269.25	658.023666	6.090984370E-04
360	270	658.807691	6.173799006E-04
361	270.75	659.600627	6.257569125E-04
362	271.5	660.402581	6.342306504E-04
363	272.25	661.213662	6.428023088E-04
364	273	662.03398	6.514730985E-04
365	273.75	662.863645	6.602442476E-04
366	274.5	663.702769	6.691170013E-04
367	275.25	664.551468	6.780926223E-04
368	276	665.409857	6.871723912E-04
369	276.75	666.278052	6.963576068E-04
370	277.5	667.156174	7.056495862E-04
371	278.25	668.044341	7.150496652E-04
372	279	668.942677	7.245591988E-04
373	279.75	669.851304	7.341795613E-04
374	280.5	670.770349	7.439121468E-04
375	281.25	671.699938	7.537583693E-04
376	282	672.640199	7.637196633E-04
377	282.75	673.591265	7.737974840E-04
378	283.5	674.553266	7.839933076E-04
379	284.25	675.526338	7.943086320E-04
380	285	676.510615	8.047449767E-04
381	285.75	677.506237	8.153038836E-04
382	286.5	678.513343	8.259869170E-04
383	287.25	679.532074	8.367956643E-04
384	288	680.562574	8.477317365E-04
385	288.75	681.604989	8.587967681E-04
386	289.5	682.659468	8.699924180E-04
387	290.25	683.726158	8.813203699E-04
388	291	684.805213	8.927823323E-04
389	291.75	685.896787	9.043800396E-04
390	292.5	687.001035	9.161152522E-04
391	293.25	688.118117	9.279897566E-04
392	294	689.248193	9.400053669E-04
393	294.75	690.391425	9.521639243E-04
394	295.5	691.547979	9.644672981E-04
395	296.25	692.718024	9.769173860E-04
396	297	693.901728	9.895161149E-04
397	297.75	695.099264	1.002265441E-03
398	298.5	696.310807	1.015167351E-03
399	299.25	697.536535	1.028223863E-03
400	300	698.776628	1.041437023E-03
── 设定点 600 °C　夹头 450 °C　段 0「HC1」　T设定 600 °C　节点 401　段长 300 mm　控温点下标 200（x = 150 mm）　电流 782.1 A　ΔL_A +0.029274　ΔL_B +0.028493
i	X_mm	TMetal_C	epsDiff
0	0	664.675669	6.794062783E-04
1	0.75	663.787637	6.700144670E-04
2	1.5	662.909862	6.607328972E-04
3	2.25	662.042223	6.515602374E-04
4	3	661.184603	6.424951754E-04
5	3.75	660.336884	6.335364177E-04
6	4.5	659.498952	6.246826891E-04
7	5.25	658.670693	6.159327324E-04
8	6	657.851995	6.072853083E-04
9	6.75	657.042748	5.987391950E-04
10	7.5	656.242842	5.902931878E-04
11	8.25	655.452169	5.819460993E-04
12	9	654.670625	5.736967582E-04
13	9.75	653.898103	5.655440102E-04
14	10.5	653.134501	5.574867167E-04
15	11.25	652.379716	5.495237553E-04
16	12	651.633649	5.416540191E-04
17	12.75	650.896199	5.338764166E-04
18	13.5	650.167269	5.261898715E-04
19	14.25	649.446763	5.185933225E-04
20	15	648.734584	5.110857229E-04
21	15.75	648.030639	5.036660405E-04
22	16.5	647.334836	4.963332573E-04
23	17.25	646.647082	4.890863695E-04
24	18	645.967287	4.819243870E-04
25	18.75	645.295362	4.748463332E-04
26	19.5	644.631218	4.678512451E-04
27	20.25	643.97477	4.609381728E-04
28	21	643.325931	4.541061795E-04
29	21.75	642.684617	4.473543410E-04
30	22.5	642.050744	4.406817460E-04
31	23.25	641.42423	4.340874955E-04
32	24	640.804994	4.275707026E-04
33	24.75	640.192955	4.211304927E-04
34	25.5	639.588034	4.147660030E-04
35	26.25	638.990154	4.084763824E-04
36	27	638.399236	4.022607914E-04
37	27.75	637.815205	3.961184018E-04
38	28.5	637.237986	3.900483967E-04
39	29.25	636.667505	3.840499701E-04
40	30	636.103688	3.781223272E-04
41	30.75	635.546463	3.722646837E-04
42	31.5	634.99576	3.664762658E-04
43	32.25	634.451507	3.607563104E-04
44	33	633.913636	3.551040645E-04
45	33.75	633.382077	3.495187854E-04
46	34.5	632.856764	3.439997402E-04
47	35.25	632.337629	3.385462061E-04
48	36	631.824606	3.331574697E-04
49	36.75	631.317632	3.278328276E-04
50	37.5	630.81664	3.225715856E-04
51	38.25	630.321569	3.173730588E-04
52	39	629.832356	3.122365716E-04
53	39.75	629.348939	3.071614574E-04
54	40.5	628.871257	3.021470588E-04
55	41.25	628.39925	2.971927268E-04
56	42	627.932859	2.922978215E-04
57	42.75	627.472025	2.874617114E-04
58	43.5	627.016691	2.826837735E-04
59	44.25	626.566799	2.779633932E-04
60	45	626.122294	2.732999641E-04
61	45.75	625.683119	2.686928881E-04
62	46.5	625.249221	2.641415748E-04
63	47.25	624.820544	2.596454422E-04
64	48	624.397037	2.552039158E-04
65	48.75	623.978645	2.508164288E-04
66	49.5	623.565317	2.464824223E-04
67	50.25	623.157001	2.422013448E-04
68	51	622.753648	2.379726520E-04
69	51.75	622.355208	2.337958073E-04
70	52.5	621.96163	2.296702812E-04
71	53.25	621.572866	2.255955512E-04
72	54	621.188868	2.215711022E-04
73	54.75	620.80959	2.175964257E-04
74	55.5	620.434983	2.136710204E-04
75	56.25	620.065003	2.097943915E-04
76	57	619.699603	2.059660512E-04
77	57.75	619.33874	2.021855182E-04
78	58.5	618.982367	1.984523177E-04
79	59.25	618.630442	1.947659815E-04
80	60	618.282922	1.911260477E-04
81	60.75	617.939764	1.875320607E-04
82	61.5	617.600926	1.839835712E-04
83	62.25	617.266366	1.804801361E-04
84	63	616.936045	1.770213183E-04
85	63.75	616.609921	1.736066868E-04
86	64.5	616.287955	1.702358163E-04
87	65.25	615.970108	1.669082878E-04
88	66	615.65634	1.636236878E-04
89	66.75	615.346615	1.603816086E-04
90	67.5	615.040893	1.571816483E-04
91	68.25	614.739139	1.540234103E-04
92	69	614.441315	1.509065040E-04
93	69.75	614.147385	1.478305438E-04
94	70.5	613.857315	1.447951499E-04
95	71.25	613.571068	1.417999477E-04
96	72	613.28861	1.388445678E-04
97	72.75	613.009907	1.359286463E-04
98	73.5	612.734925	1.330518242E-04
99	74.25	612.463632	1.302137477E-04
100	75	612.195993	1.274140683E-04
101	75.75	611.931979	1.246524421E-04
102	76.5	611.671555	1.219285306E-04
103	77.25	611.414692	1.192419999E-04
104	78	611.161357	1.165925210E-04
105	78.75	610.911522	1.139797697E-04
106	79.5	610.665155	1.114034267E-04
107	80.25	610.422228	1.088631773E-04
108	81	610.18271	1.063587114E-04
109	81.75	609.946574	1.038897235E-04
110	82.5	609.713791	1.014559127E-04
111	83.25	609.484333	9.905698265E-05
112	84	609.258173	9.669264142E-05
113	84.75	609.035283	9.436260148E-05
114	85.5	608.815638	9.206657972E-05
115	86.25	608.59921	8.980429731E-05
116	87	608.385975	8.757547975E-05
117	87.75	608.175906	8.537985676E-05
118	88.5	607.968978	8.321716228E-05
119	89.25	607.765168	8.108713441E-05
120	90	607.56445	7.898951538E-05
121	90.75	607.366801	7.692405151E-05
122	91.5	607.172197	7.489049315E-05
123	92.25	606.980615	7.288859467E-05
124	93	606.792033	7.091811444E-05
125	93.75	606.606427	6.897881472E-05
126	94.5	606.423776	6.707046170E-05
127	95.25	606.244059	6.519282545E-05
128	96	606.067253	6.334567985E-05
129	96.75	605.893338	6.152880257E-05
130	97.5	605.722294	5.974197509E-05
131	98.25	605.5541	5.798498257E-05
132	99	605.388735	5.625761391E-05
133	99.75	605.226182	5.455966168E-05
134	100.5	605.06642	5.289092206E-05
135	101.25	604.90943	5.125119487E-05
136	102	604.755194	4.964028349E-05
137	102.75	604.603694	4.805799488E-05
138	103.5	604.454911	4.650413950E-05
139	104.25	604.308829	4.497853130E-05
140	105	604.16543	4.348098773E-05
141	105.75	604.024697	4.201132965E-05
142	106.5	603.886613	4.056938135E-05
143	107.25	603.751163	3.915497051E-05
144	108	603.618329	3.776792819E-05
145	108.75	603.488098	3.640808875E-05
146	109.5	603.360453	3.507528992E-05
147	110.25	603.235379	3.376937268E-05
148	111	603.112861	3.249018131E-05
149	111.75	602.992886	3.123756331E-05
150	112.5	602.875438	3.001136943E-05
151	113.25	602.760505	2.881145362E-05
152	114	602.648073	2.763767301E-05
153	114.75	602.538128	2.648988789E-05
154	115.5	602.430657	2.536796170E-05
155	116.25	602.325649	2.427176100E-05
156	117	602.22309	2.320115545E-05
157	117.75	602.122969	2.215601780E-05
158	118.5	602.025274	2.113622388E-05
159	119.25	601.929993	2.014165255E-05
160	120	601.837115	1.917218572E-05
161	120.75	601.74663	1.822770830E-05
162	121.5	601.658526	1.730810822E-05
163	122.25	601.572794	1.641327636E-05
164	123	601.489423	1.554310661E-05
165	123.75	601.408404	1.469749578E-05
166	124.5	601.329727	1.387634364E-05
167	125.25	601.253383	1.307955288E-05
168	126	601.179363	1.230702909E-05
169	126.75	601.107658	1.155868076E-05
170	127.5	601.03826	1.083441928E-05
171	128.25	600.971161	1.013415889E-05
172	129	600.906353	9.457816719E-06
173	129.75	600.843828	8.805312712E-06
174	130.5	600.78358	8.176569669E-06
175	131.25	600.7256	7.571513214E-06
176	132	600.669883	6.990071786E-06
177	132.75	600.616421	6.432176628E-06
178	133.5	600.565209	5.897761781E-06
179	134.25	600.51624	5.386764072E-06
180	135	600.46951	4.899123107E-06
181	135.75	600.425011	4.434781260E-06
182	136.5	600.38274	3.993683667E-06
183	137.25	600.342691	3.575778218E-06
184	138	600.304859	3.181015550E-06
185	138.75	600.269241	2.809349038E-06
186	139.5	600.235831	2.460734792E-06
187	140.25	600.204627	2.135131646E-06
188	141	600.175624	1.832501159E-06
189	141.75	600.148819	1.552807603E-06
190	142.5	600.124209	1.296017961E-06
191	143.25	600.101791	1.062101925E-06
192	144	600.081562	8.510318845E-07
193	144.75	600.063521	6.627829310E-07
194	145.5	600.047664	4.973328488E-07
195	146.25	600.033991	3.546621143E-07
196	147	600.022499	2.347538925E-07
197	147.75	600.013187	1.375940351E-07
198	148.5	600.006054	6.317107827E-08
199	149.25	600.0011	1.147624120E-08
200	150	599.998323	-1.749657529E-08
201	150.75	599.997724	-2.375078948E-08
202	151.5	599.999302	-7.287139246E-09
203	152.25	600.003057	3.189631782E-08
204	153	600.00899	9.380420470E-08
205	153.75	600.017102	1.784438256E-07
206	154.5	600.027393	2.858251668E-07
207	155.25	600.039866	4.159608985E-07
208	156	600.05452	5.688663759E-07
209	156.75	600.071358	7.445596421E-07
210	157.5	600.090382	9.430614299E-07
211	158.25	600.111594	1.164395165E-06
212	159	600.134997	1.408586970E-06
213	159.75	600.160593	1.675665666E-06
214	160.5	600.188386	1.965662780E-06
215	161.25	600.218377	2.278612544E-06
216	162	600.250572	2.614551907E-06
217	162.75	600.284974	2.973520533E-06
218	163.5	600.321586	3.355560811E-06
219	164.25	600.360414	3.760717860E-06
220	165	600.401461	4.189039533E-06
221	165.75	600.444733	4.640576429E-06
222	166.5	600.490234	5.115381893E-06
223	167.25	600.537969	5.613512030E-06
224	168	600.587946	6.135025709E-06
225	168.75	600.640168	6.679984572E-06
226	169.5	600.694642	7.248453042E-06
227	170.25	600.751376	7.840498335E-06
228	171	600.810374	8.456190467E-06
229	171.75	600.871645	9.095602261E-06
230	172.5	600.935195	9.758809366E-06
231	173.25	601.001031	1.044589026E-05
232	174	601.069163	1.115692625E-05
233	174.75	601.139596	1.189200153E-05
234	175.5	601.21234	1.265120312E-05
235	176.25	601.287404	1.343462094E-05
236	177	601.364795	1.424234779E-05
237	177.75	601.444524	1.507447940E-05
238	178.5	601.526599	1.593111437E-05
239	179.25	601.611029	1.681235427E-05
240	180	601.697826	1.771830361E-05
241	180.75	601.786999	1.864906984E-05
242	181.5	601.878558	1.960476339E-05
243	182.25	601.972514	2.058549771E-05
244	183	602.068878	2.159138922E-05
245	183.75	602.167663	2.262255738E-05
246	184.5	602.268878	2.367912470E-05
247	185.25	602.372536	2.476121672E-05
248	186	602.478649	2.586896209E-05
249	186.75	602.58723	2.700249253E-05
250	187.5	602.698291	2.816194288E-05
251	188.25	602.811846	2.934745112E-05
252	189	602.927907	3.055915837E-05
253	189.75	603.046489	3.179720892E-05
254	190.5	603.167605	3.306175028E-05
255	191.25	603.291269	3.435293313E-05
256	192	603.417497	3.567091144E-05
257	192.75	603.546303	3.701584239E-05
258	193.5	603.677702	3.838788646E-05
259	194.25	603.811709	3.978720744E-05
260	195	603.948341	4.121397245E-05
261	195.75	604.087613	4.266835193E-05
262	196.5	604.229542	4.415051975E-05
263	197.25	604.374145	4.566065313E-05
264	198	604.521439	4.719893276E-05
265	198.75	604.67144	4.876554274E-05
266	199.5	604.824168	5.036067070E-05
267	200.25	604.979639	5.198450774E-05
268	201	605.137872	5.363724851E-05
269	201.75	605.298887	5.531909123E-05
270	202.5	605.462701	5.703023771E-05
271	203.25	605.629334	5.877089338E-05
272	204	605.798807	6.054126732E-05
273	204.75	605.971139	6.234157231E-05
274	205.5	606.14635	6.417202484E-05
275	206.25	606.324462	6.603284514E-05
276	207	606.505495	6.792425723E-05
277	207.75	606.689471	6.984648895E-05
278	208.5	606.876412	7.179977196E-05
279	209.25	607.066339	7.378434183E-05
280	210	607.259276	7.580043805E-05
281	210.75	607.455246	7.784830405E-05
282	211.5	607.654271	7.992818725E-05
283	212.25	607.856376	8.204033911E-05
284	213	608.061584	8.418501514E-05
285	213.75	608.26992	8.636247497E-05
286	214.5	608.481409	8.857298235E-05
287	215.25	608.696076	9.081680525E-05
288	216	608.913946	9.309421583E-05
289	216.75	609.135046	9.540549053E-05
290	217.5	609.359402	9.775091010E-05
291	218.25	609.587041	1.001307596E-04
292	219	609.81799	1.025453286E-04
293	219.75	610.052276	1.049949110E-04
294	220.5	610.289929	1.074798051E-04
295	221.25	610.530975	1.100003140E-04
296	222	610.775445	1.125567452E-04
297	222.75	611.023366	1.151494107E-04
298	223.5	611.274771	1.177786275E-04
299	224.25	611.529687	1.204447170E-04
300	225	611.788146	1.231480056E-04
301	225.75	612.05018	1.258888244E-04
302	226.5	612.315819	1.286675094E-04
303	227.25	612.585096	1.314844016E-04
304	228	612.858043	1.343398468E-04
305	228.75	613.134693	1.372341960E-04
306	229.5	613.415079	1.401678053E-04
307	230.25	613.699235	1.431410359E-04
308	231	613.987197	1.461542542E-04
309	231.75	614.278997	1.492078318E-04
310	232.5	614.574672	1.523021458E-04
311	233.25	614.874258	1.554375784E-04
312	234	615.177791	1.586145177E-04
313	234.75	615.485307	1.618333567E-04
314	235.5	615.796844	1.650944946E-04
315	236.25	616.112441	1.683983358E-04
316	237	616.432134	1.717452906E-04
317	237.75	616.755964	1.751357750E-04
318	238.5	617.083969	1.785702108E-04
319	239.25	617.41619	1.820490258E-04
320	240	617.752667	1.855726538E-04
321	240.75	618.093441	1.891415345E-04
322	241.5	618.438555	1.927561140E-04
323	242.25	618.788049	1.964168442E-04
324	243	619.141967	2.001241835E-04
325	243.75	619.500353	2.038785968E-04
326	244.5	619.863249	2.076805552E-04
327	245.25	620.230702	2.115305364E-04
328	246	620.602756	2.154290245E-04
329	246.75	620.979456	2.193765106E-04
330	247.5	621.360849	2.233734923E-04
331	248.25	621.746983	2.274204742E-04
332	249	622.137904	2.315179676E-04
333	249.75	622.533661	2.356664911E-04
334	250.5	622.934304	2.398665703E-04
335	251.25	623.33988	2.441187378E-04
336	252	623.750442	2.484235338E-04
337	252.75	624.166039	2.527815056E-04
338	253.5	624.586724	2.571932081E-04
339	254.25	625.012548	2.616592039E-04
340	255	625.443565	2.661800630E-04
341	255.75	625.879827	2.707563634E-04
342	256.5	626.321391	2.753886909E-04
343	257.25	626.76831	2.800776393E-04
344	258	627.22064	2.848238103E-04
345	258.75	627.678439	2.896278141E-04
346	259.5	628.141763	2.944902691E-04
347	260.25	628.610671	2.994118020E-04
348	261	629.08522	3.043930480E-04
349	261.75	629.565472	3.094346513E-04
350	262.5	630.051487	3.145372645E-04
351	263.25	630.543325	3.197015491E-04
352	264	631.041049	3.249281759E-04
353	264.75	631.544721	3.302178245E-04
354	265.5	632.054405	3.355711839E-04
355	266.25	632.570166	3.409889526E-04
356	267	633.09207	3.464718385E-04
357	267.75	633.620181	3.520205590E-04
358	268.5	634.154569	3.576358416E-04
359	269.25	634.695299	3.633184235E-04
360	270	635.242442	3.690690520E-04
361	270.75	635.796068	3.748884847E-04
362	271.5	636.356246	3.807774894E-04
363	272.25	636.923049	3.867368447E-04
364	273	637.496549	3.927673395E-04
365	273.75	638.07682	3.988697737E-04
366	274.5	638.663936	4.050449581E-04
367	275.25	639.257974	4.112937147E-04
368	276	639.859009	4.176168767E-04
369	276.75	640.467119	4.240152889E-04
370	277.5	641.082382	4.304898076E-04
371	278.25	641.704879	4.370413008E-04
372	279	642.33469	4.436706488E-04
373	279.75	642.971897	4.503787436E-04
374	280.5	643.616582	4.571664900E-04
375	281.25	644.26883	4.640348049E-04
376	282	644.928726	4.709846182E-04
377	282.75	645.596355	4.780168726E-04
378	283.5	646.271806	4.851325239E-04
379	284.25	646.955167	4.923325410E-04
380	285	647.646527	4.996179067E-04
381	285.75	648.345978	5.069896171E-04
382	286.5	649.053611	5.144486826E-04
383	287.25	649.769521	5.219961273E-04
384	288	650.493801	5.296329899E-04
385	288.75	651.226547	5.373603238E-04
386	289.5	651.967857	5.451791969E-04
387	290.25	652.71783	5.530906924E-04
388	291	653.476565	5.610959085E-04
389	291.75	654.244163	5.691959593E-04
390	292.5	655.020727	5.773919742E-04
391	293.25	655.80636	5.856850989E-04
392	294	656.601169	5.940764954E-04
393	294.75	657.40526	6.025673421E-04
394	295.5	658.218741	6.111588341E-04
395	296.25	659.041722	6.198521840E-04
396	297	659.874314	6.286486212E-04
397	297.75	660.716629	6.375493930E-04
398	298.5	661.568783	6.465557648E-04
399	299.25	662.430891	6.556690198E-04
400	300	663.303071	6.648904600E-04
── 设定点 600 °C　夹头 450 °C　段 1「HC2」　T设定 600 °C　节点 401　段长 300 mm　控温点下标 200（x = 150 mm）　电流 778.3 A　ΔL_A +0.026553　ΔL_B +0.045719
i	X_mm	TMetal_C	epsDiff
0	0	663.28466	6.646957929E-04
1	0.75	662.372892	6.550558630E-04
2	1.5	661.471759	6.455302324E-04
3	2.25	660.581137	6.361175318E-04
4	3	659.700905	6.268164115E-04
5	3.75	658.830944	6.176255414E-04
6	4.5	657.971135	6.085436107E-04
7	5.25	657.121361	5.995693271E-04
8	6	656.281508	5.907014170E-04
9	6.75	655.451461	5.819386251E-04
10	7.5	654.63111	5.732797138E-04
11	8.25	653.820344	5.647234635E-04
12	9	653.019054	5.562686717E-04
13	9.75	652.227132	5.479141530E-04
14	10.5	651.444473	5.396587390E-04
15	11.25	650.670972	5.315012777E-04
16	12	649.906526	5.234406334E-04
17	12.75	649.151034	5.154756865E-04
18	13.5	648.404394	5.076053333E-04
19	14.25	647.666509	4.998284855E-04
20	15	646.93728	4.921440700E-04
21	15.75	646.216612	4.845510291E-04
22	16.5	645.504408	4.770483197E-04
23	17.25	644.800576	4.696349133E-04
24	18	644.105023	4.623097960E-04
25	18.75	643.417658	4.550719679E-04
26	19.5	642.738391	4.479204431E-04
27	20.25	642.067133	4.408542495E-04
28	21	641.403796	4.338724286E-04
29	21.75	640.748294	4.269740350E-04
30	22.5	640.100541	4.201581367E-04
31	23.25	639.460454	4.134238146E-04
32	24	638.82795	4.067701624E-04
33	24.75	638.202947	4.001962862E-04
34	25.5	637.585363	3.937013046E-04
35	26.25	636.975119	3.872843486E-04
36	27	636.372137	3.809445608E-04
37	27.75	635.776339	3.746810962E-04
38	28.5	635.187648	3.684931212E-04
39	29.25	634.605989	3.623798136E-04
40	30	634.031288	3.563403628E-04
41	30.75	633.46347	3.503739693E-04
42	31.5	632.902463	3.444798447E-04
43	32.25	632.348196	3.386572115E-04
44	33	631.800598	3.329053028E-04
45	33.75	631.259599	3.272233625E-04
46	34.5	630.725131	3.216106448E-04
47	35.25	630.197126	3.160664141E-04
48	36	629.675516	3.105899453E-04
49	36.75	629.160237	3.051805229E-04
50	37.5	628.651222	2.998374416E-04
51	38.25	628.148408	2.945600056E-04
52	39	627.65173	2.893475290E-04
53	39.75	627.161128	2.841993352E-04
54	40.5	626.676538	2.791147569E-04
55	41.25	626.1979	2.740931361E-04
56	42	625.725154	2.691338241E-04
57	42.75	625.258241	2.642361808E-04
58	43.5	624.797102	2.593995754E-04
59	44.25	624.341679	2.546233856E-04
60	45	623.891916	2.499069977E-04
61	45.75	623.447757	2.452498067E-04
62	46.5	623.009147	2.406512160E-04
63	47.25	622.57603	2.361106371E-04
64	48	622.148353	2.316274900E-04
65	48.75	621.726062	2.272012027E-04
66	49.5	621.309106	2.228312111E-04
67	50.25	620.897433	2.185169591E-04
68	51	620.490992	2.142578984E-04
69	51.75	620.089732	2.100534883E-04
70	52.5	619.693604	2.059031959E-04
71	53.25	619.302559	2.018064956E-04
72	54	618.916549	1.977628693E-04
73	54.75	618.535526	1.937718063E-04
74	55.5	618.159444	1.898328032E-04
75	56.25	617.788256	1.859453635E-04
76	57	617.421917	1.821089980E-04
77	57.75	617.060381	1.783232243E-04
78	58.5	616.703605	1.745875672E-04
79	59.25	616.351545	1.709015580E-04
80	60	616.004157	1.672647349E-04
81	60.75	615.661399	1.636766427E-04
82	61.5	615.32323	1.601368328E-04
83	62.25	614.989607	1.566448633E-04
84	63	614.660491	1.532002984E-04
85	63.75	614.335842	1.498027089E-04
86	64.5	614.015619	1.464516717E-04
87	65.25	613.699783	1.431467702E-04
88	66	613.388298	1.398875937E-04
89	66.75	613.081124	1.366737376E-04
90	67.5	612.778224	1.335048035E-04
91	68.25	612.479562	1.303803988E-04
92	69	612.185102	1.273001368E-04
93	69.75	611.894807	1.242636366E-04
94	70.5	611.608643	1.212705231E-04
95	71.25	611.326575	1.183204268E-04
96	72	611.04857	1.154129841E-04
97	72.75	610.774593	1.125478368E-04
98	73.5	610.504611	1.097246320E-04
99	74.25	610.238592	1.069430227E-04
100	75	609.976505	1.042026670E-04
101	75.75	609.718316	1.015032284E-04
102	76.5	609.463996	9.884437587E-05
103	77.25	609.213514	9.622578335E-05
104	78	608.96684	9.364713018E-05
105	78.75	608.723943	9.110810076E-05
106	79.5	608.484796	8.860838461E-05
107	80.25	608.249369	8.614767626E-05
108	81	608.017634	8.372567525E-05
109	81.75	607.789563	8.134208609E-05
110	82.5	607.56513	7.899661814E-05
111	83.25	607.344306	7.668898566E-05
112	84	607.127067	7.441890769E-05
113	84.75	606.913385	7.218610805E-05
114	85.5	606.703236	6.999031528E-05
115	86.25	606.496594	6.783126259E-05
116	87	606.293435	6.570868784E-05
117	87.75	606.093734	6.362233347E-05
118	88.5	605.897468	6.157194651E-05
119	89.25	605.704614	5.955727849E-05
120	90	605.515147	5.757808540E-05
121	90.75	605.329047	5.563412770E-05
122	91.5	605.14629	5.372517026E-05
123	92.25	604.966855	5.185098230E-05
124	93	604.790721	5.001133738E-05
125	93.75	604.617866	4.820601337E-05
126	94.5	604.448271	4.643479240E-05
127	95.25	604.281915	4.469746082E-05
128	96	604.118778	4.299380920E-05
129	96.75	603.958842	4.132363228E-05
130	97.5	603.802087	3.968672891E-05
131	98.25	603.648494	3.808290209E-05
132	99	603.498046	3.651195885E-05
133	99.75	603.350724	3.497371030E-05
134	100.5	603.206511	3.346797157E-05
135	101.25	603.065391	3.199456176E-05
136	102	602.927346	3.055330396E-05
137	102.75	602.792361	2.914402518E-05
138	103.5	602.660418	2.776655635E-05
139	104.25	602.531503	2.642073228E-05
140	105	602.405601	2.510639166E-05
141	105.75	602.282696	2.382337701E-05
142	106.5	602.162775	2.257153465E-05
143	107.25	602.045822	2.135071470E-05
144	108	601.931825	2.016077107E-05
145	108.75	601.820769	1.900156140E-05
146	109.5	601.712642	1.787294705E-05
147	110.25	601.607431	1.677479310E-05
148	111	601.505123	1.570696831E-05
149	111.75	601.405707	1.466934512E-05
150	112.5	601.309171	1.366179960E-05
151	113.25	601.215503	1.268421147E-05
152	114	601.124693	1.173646403E-05
153	114.75	601.036729	1.081844421E-05
154	115.5	600.951602	9.930042499E-06
155	116.25	600.869302	9.071152961E-06
156	117	600.789818	8.241673197E-06
157	117.75	600.713142	7.441504343E-06
158	118.5	600.639264	6.670551054E-06
159	119.25	600.568176	5.928721487E-06
160	120	600.499869	5.215927289E-06
161	120.75	600.434336	4.532083586E-06
162	121.5	600.371568	3.877108967E-06
163	122.25	600.311559	3.250925476E-06
164	123	600.254301	2.653458595E-06
165	123.75	600.199788	2.084637242E-06
166	124.5	600.148013	1.544393750E-06
167	125.25	600.09897	1.032663867E-06
168	126	600.052653	5.493867385E-07
169	126.75	600.009057	9.450490504E-08
170	127.5	599.968178	-3.320357101E-07
171	128.25	599.930009	-7.302858073E-07
172	129	599.894547	-1.100292718E-06
173	129.75	599.861787	-1.442100412E-06
174	130.5	599.831726	-1.755749503E-06
175	131.25	599.80436	-2.041277256E-06
176	132	599.779686	-2.298717591E-06
177	132.75	599.757701	-2.528101089E-06
178	133.5	599.738402	-2.729454996E-06
179	134.25	599.721787	-2.902803227E-06
180	135	599.707855	-3.048166370E-06
181	135.75	599.696603	-3.165561688E-06
182	136.5	599.68803	-3.255003122E-06
183	137.25	599.682136	-3.316501293E-06
184	138	599.678919	-3.350063505E-06
185	138.75	599.678379	-3.355693741E-06
186	139.5	599.680517	-3.333392672E-06
187	140.25	599.685332	-3.283157648E-06
188	141	599.692825	-3.204982705E-06
189	141.75	599.702996	-3.098858559E-06
190	142.5	599.715848	-2.964772608E-06
191	143.25	599.731381	-2.802708929E-06
192	144	599.749597	-2.612648273E-06
193	144.75	599.770499	-2.394568069E-06
194	145.5	599.794089	-2.148442413E-06
195	146.25	599.820369	-1.874242069E-06
196	147	599.849343	-1.571934465E-06
197	147.75	599.881015	-1.241483683E-06
198	148.5	599.915387	-8.828504616E-07
199	149.25	599.952464	-4.959921844E-07
200	150	599.99225	-8.086287597E-08
201	150.75	600.03475	3.625868051E-07
202	151.5	600.079969	8.344095732E-07
203	152.25	600.127912	1.334661524E-06
204	153	600.178585	1.863402140E-06
205	153.75	600.231994	2.420694305E-06
206	154.5	600.288145	3.006604306E-06
207	155.25	600.347044	3.621201849E-06
208	156	600.408698	4.264560064E-06
209	156.75	600.473116	4.936755520E-06
210	157.5	600.540304	5.637868233E-06
211	158.25	600.610269	6.367981681E-06
212	159	600.683022	7.127182812E-06
213	159.75	600.758569	7.915562061E-06
214	160.5	600.836919	8.733213358E-06
215	161.25	600.918083	9.580234149E-06
216	162	601.00207	1.045672540E-05
217	162.75	601.088888	1.136279163E-05
218	163.5	601.17855	1.229854090E-05
219	164.25	601.271064	1.326408484E-05
220	165	601.366442	1.425953870E-05
221	165.75	601.464696	1.528502129E-05
222	166.5	601.565836	1.634065508E-05
223	167.25	601.669875	1.742656616E-05
224	168	601.776825	1.854288430E-05
225	168.75	601.886699	1.968974292E-05
226	169.5	601.999509	2.086727916E-05
227	170.25	602.115268	2.207563387E-05
228	171	602.233991	2.331495164E-05
229	171.75	602.355692	2.458538083E-05
230	172.5	602.480384	2.588707357E-05
231	173.25	602.608082	2.722018581E-05
232	174	602.738802	2.858487731E-05
233	174.75	602.872559	2.998131171E-05
234	175.5	603.009369	3.140965649E-05
235	176.25	603.149247	3.287008307E-05
236	177	603.292211	3.436276677E-05
237	177.75	603.438277	3.588788689E-05
238	178.5	603.587463	3.744562667E-05
239	179.25	603.739786	3.903617341E-05
240	180	603.895264	4.065971841E-05
241	180.75	604.053916	4.231645704E-05
242	181.5	604.21576	4.400658878E-05
243	182.25	604.380816	4.573031723E-05
244	183	604.549102	4.748785014E-05
245	183.75	604.72064	4.927939945E-05
246	184.5	604.89545	5.110518132E-05
247	185.25	605.073552	5.296541616E-05
248	186	605.254967	5.486032868E-05
249	186.75	605.439716	5.679014788E-05
250	187.5	605.627823	5.875510716E-05
251	188.25	605.819309	6.075544427E-05
252	189	606.014197	6.279140141E-05
253	189.75	606.21251	6.486322523E-05
254	190.5	606.414272	6.697116691E-05
255	191.25	606.619507	6.911548214E-05
256	192	606.82824	7.129643122E-05
257	192.75	607.040494	7.351427905E-05
258	193.5	607.256296	7.576929520E-05
259	194.25	607.475671	7.806175395E-05
260	195	607.698646	8.039193431E-05
261	195.75	607.925247	8.276012012E-05
262	196.5	608.155502	8.516660001E-05
263	197.25	608.389437	8.761166752E-05
264	198	608.627081	9.009562111E-05
265	198.75	608.868463	9.261876422E-05
266	199.5	609.11361	9.518140529E-05
267	200.25	609.362554	9.778385785E-05
268	201	609.615323	1.004264406E-04
269	201.75	609.871948	1.031094772E-04
270	202.5	610.13246	1.058332969E-04
271	203.25	610.39689	1.085982339E-04
272	204	610.66527	1.114046279E-04
273	204.75	610.937632	1.142528238E-04
274	205.5	611.21401	1.171431723E-04
275	206.25	611.494436	1.200760291E-04
276	207	611.778944	1.230517560E-04
277	207.75	612.067569	1.260707199E-04
278	208.5	612.360346	1.291332938E-04
279	209.25	612.65731	1.322398561E-04
280	210	612.958497	1.353907911E-04
281	210.75	613.263943	1.385864892E-04
282	211.5	613.573686	1.418273463E-04
283	212.25	613.887763	1.451137646E-04
284	213	614.206212	1.484461523E-04
285	213.75	614.529073	1.518249235E-04
286	214.5	614.856383	1.552504989E-04
287	215.25	615.188184	1.587233051E-04
288	216	615.524515	1.622437751E-04
289	216.75	615.865418	1.658123486E-04
290	217.5	616.210934	1.694294713E-04
291	218.25	616.561106	1.730955958E-04
292	219	616.915976	1.768111812E-04
293	219.75	617.275587	1.805766935E-04
294	220.5	617.639985	1.843926051E-04
295	221.25	618.009213	1.882593956E-04
296	222	618.383316	1.921775515E-04
297	222.75	618.762341	1.961475663E-04
298	223.5	619.146335	2.001699405E-04
299	224.25	619.535344	2.042451819E-04
300	225	619.929417	2.083738058E-04
301	225.75	620.328602	2.125563345E-04
302	226.5	620.732949	2.167932980E-04
303	227.25	621.142507	2.210852340E-04
304	228	621.557327	2.254326875E-04
305	228.75	621.97746	2.298362117E-04
306	229.5	622.402959	2.342963672E-04
307	230.25	622.833877	2.388137229E-04
308	231	623.270266	2.433888557E-04
309	231.75	623.712181	2.480223505E-04
310	232.5	624.159678	2.527148007E-04
311	233.25	624.612812	2.574668079E-04
312	234	625.07164	2.622789822E-04
313	234.75	625.536218	2.671519425E-04
314	235.5	626.006605	2.720863161E-04
315	236.25	626.482861	2.770827394E-04
316	237	626.965044	2.821418575E-04
317	237.75	627.453215	2.872643249E-04
318	238.5	627.947436	2.924508048E-04
319	239.25	628.447769	2.977019702E-04
320	240	628.954276	3.030185033E-04
321	240.75	629.467022	3.084010958E-04
322	241.5	629.986072	3.138504492E-04
323	242.25	630.511491	3.193672748E-04
324	243	631.043345	3.249522938E-04
325	243.75	631.581703	3.306062377E-04
326	244.5	632.126632	3.363298481E-04
327	245.25	632.678202	3.421238768E-04
328	246	633.236483	3.479890865E-04
329	246.75	633.801546	3.539262504E-04
330	247.5	634.373464	3.599361524E-04
331	248.25	634.952309	3.660195875E-04
332	249	635.538156	3.721773619E-04
333	249.75	636.13108	3.784102931E-04
334	250.5	636.731156	3.847192099E-04
335	251.25	637.338463	3.911049529E-04
336	252	637.953078	3.975683744E-04
337	252.75	638.575081	4.041103386E-04
338	253.5	639.204551	4.107317221E-04
339	254.25	639.841571	4.174334136E-04
340	255	640.486223	4.242163144E-04
341	255.75	641.13859	4.310813383E-04
342	256.5	641.798758	4.380294123E-04
343	257.25	642.466813	4.450614763E-04
344	258	643.142841	4.521784834E-04
345	258.75	643.82693	4.593814002E-04
346	259.5	644.519171	4.666712072E-04
347	260.25	645.219655	4.740488984E-04
348	261	645.928472	4.815154821E-04
349	261.75	646.645716	4.890719810E-04
350	262.5	647.371482	4.967194321E-04
351	263.25	648.105866	5.044588873E-04
352	264	648.848964	5.122914135E-04
353	264.75	649.600876	5.202180928E-04
354	265.5	650.3617	5.282400226E-04
355	266.25	651.131538	5.363583161E-04
356	267	651.910492	5.445741026E-04
357	267.75	652.698667	5.528885273E-04
358	268.5	653.496168	5.613027520E-04
359	269.25	654.303101	5.698179554E-04
360	270	655.119574	5.784353328E-04
361	270.75	655.945699	5.871560971E-04
362	271.5	656.781585	5.959814785E-04
363	272.25	657.627345	6.049127251E-04
364	273	658.483095	6.139511032E-04
365	273.75	659.348949	6.230978974E-04
366	274.5	660.225026	6.323544111E-04
367	275.25	661.111444	6.417219666E-04
368	276	662.008325	6.512019055E-04
369	276.75	662.915791	6.607955893E-04
370	277.5	663.833966	6.705043993E-04
371	278.25	664.762977	6.803297371E-04
372	279	665.70295	6.902730251E-04
373	279.75	666.654016	7.003357066E-04
374	280.5	667.616305	7.105192463E-04
375	281.25	668.589952	7.208251306E-04
376	282	669.575091	7.312548680E-04
377	282.75	670.571858	7.418099896E-04
378	283.5	671.580394	7.524920493E-04
379	284.25	672.600838	7.633026241E-04
380	285	673.633334	7.742433151E-04
381	285.75	674.678027	7.853157471E-04
382	286.5	675.735063	7.965215695E-04
383	287.25	676.804592	8.078624568E-04
384	288	677.886764	8.193401087E-04
385	288.75	678.981734	8.309562509E-04
386	289.5	680.089656	8.427126353E-04
387	290.25	681.210688	8.546110406E-04
388	291	682.344991	8.666532727E-04
389	291.75	683.492727	8.788411654E-04
390	292.5	684.65406	8.911765807E-04
391	293.25	685.829157	9.036614093E-04
392	294	687.018189	9.162975713E-04
393	294.75	688.221327	9.290870165E-04
394	295.5	689.438745	9.420317252E-04
395	296.25	690.670621	9.551337088E-04
396	297	691.917134	9.683950100E-04
397	297.75	693.178466	9.818177037E-04
398	298.5	694.454803	9.954038975E-04
399	299.25	695.746332	1.009155733E-03
400	300	697.053243	1.023075384E-03
── 设定点 750 °C　夹头 100 °C　段 0「HC1」　T设定 750 °C　节点 401　段长 300 mm　控温点下标 200（x = 150 mm）　电流 908.0 A　ΔL_A +0.030181　ΔL_B -0.002190
i	X_mm	TMetal_C	epsDiff
0	0	807.553924	6.250179790E-04
1	0.75	806.826862	6.170655048E-04
2	1.5	806.108053	6.092047807E-04
3	2.25	805.3974	6.014346911E-04
4	3	804.694807	5.937541354E-04
5	3.75	804.000179	5.861620279E-04
6	4.5	803.313423	5.786572976E-04
7	5.25	802.634446	5.712388879E-04
8	6	801.963158	5.639057564E-04
9	6.75	801.299467	5.566568747E-04
10	7.5	800.643286	5.494912281E-04
11	8.25	799.994526	5.424078156E-04
12	9	799.353101	5.354056495E-04
13	9.75	798.718925	5.284837551E-04
14	10.5	798.091914	5.216411708E-04
15	11.25	797.471985	5.148769477E-04
16	12	796.859054	5.081901495E-04
17	12.75	796.253042	5.015798522E-04
18	13.5	795.653867	4.950451440E-04
19	14.25	795.06145	4.885851251E-04
20	15	794.475713	4.821989075E-04
21	15.75	793.896579	4.758856149E-04
22	16.5	793.32397	4.696443825E-04
23	17.25	792.757813	4.634743566E-04
24	18	792.198032	4.573746948E-04
25	18.75	791.644555	4.513445656E-04
26	19.5	791.097307	4.453831484E-04
27	20.25	790.556218	4.394896332E-04
28	21	790.021217	4.336632204E-04
29	21.75	789.492234	4.279031208E-04
30	22.5	788.969199	4.222085555E-04
31	23.25	788.452045	4.165787555E-04
32	24	787.940705	4.110129617E-04
33	24.75	787.435111	4.055104248E-04
34	25.5	786.935197	4.000704051E-04
35	26.25	786.4409	3.946921725E-04
36	27	785.952155	3.893750060E-04
37	27.75	785.468899	3.841181939E-04
38	28.5	784.991068	3.789210337E-04
39	29.25	784.518602	3.737828318E-04
40	30	784.051439	3.687029032E-04
41	30.75	783.589519	3.636805719E-04
42	31.5	783.132782	3.587151703E-04
43	32.25	782.68117	3.538060393E-04
44	33	782.234625	3.489525282E-04
45	33.75	781.793088	3.441539943E-04
46	34.5	781.356504	3.394098034E-04
47	35.25	780.924817	3.347193288E-04
48	36	780.49797	3.300819520E-04
49	36.75	780.07591	3.254970623E-04
50	37.5	779.658583	3.209640565E-04
51	38.25	779.245934	3.164823390E-04
52	39	778.837912	3.120513217E-04
53	39.75	778.434465	3.076704239E-04
54	40.5	778.035541	3.033390720E-04
55	41.25	777.641088	2.990566997E-04
56	42	777.251058	2.948227477E-04
57	42.75	776.8654	2.906366637E-04
58	43.5	776.484066	2.864979022E-04
59	44.25	776.107006	2.824059244E-04
60	45	775.734174	2.783601985E-04
61	45.75	775.365522	2.743601990E-04
62	46.5	775.001004	2.704054069E-04
63	47.25	774.640573	2.664953099E-04
64	48	774.284183	2.626294016E-04
65	48.75	773.93179	2.588071824E-04
66	49.5	773.583349	2.550281583E-04
67	50.25	773.238817	2.512918418E-04
68	51	772.89815	2.475977512E-04
69	51.75	772.561304	2.439454107E-04
70	52.5	772.228239	2.403343506E-04
71	53.25	771.898911	2.367641067E-04
72	54	771.573279	2.332342206E-04
73	54.75	771.251303	2.297442395E-04
74	55.5	770.932943	2.262937162E-04
75	56.25	770.618157	2.228822089E-04
76	57	770.306908	2.195092812E-04
77	57.75	769.999155	2.161745022E-04
78	58.5	769.694861	2.128774461E-04
79	59.25	769.393987	2.096176923E-04
80	60	769.096496	2.063948254E-04
81	60.75	768.80235	2.032084350E-04
82	61.5	768.511514	2.000581158E-04
83	62.25	768.22395	1.969434673E-04
84	63	767.939623	1.938640941E-04
85	63.75	767.658498	1.908196053E-04
86	64.5	767.380539	1.878096150E-04
87	65.25	767.105713	1.848337418E-04
88	66	766.833984	1.818916092E-04
89	66.75	766.565319	1.789828450E-04
90	67.5	766.299685	1.761070816E-04
91	68.25	766.037048	1.732639560E-04
92	69	765.777377	1.704531095E-04
93	69.75	765.520639	1.676741876E-04
94	70.5	765.266803	1.649268402E-04
95	71.25	765.015836	1.622107217E-04
96	72	764.767708	1.595254903E-04
97	72.75	764.522388	1.568708085E-04
98	73.5	764.279846	1.542463429E-04
99	74.25	764.040052	1.516517641E-04
100	75	763.802977	1.490867468E-04
101	75.75	763.56859	1.465509695E-04
102	76.5	763.336864	1.440441145E-04
103	77.25	763.107769	1.415658682E-04
104	78	762.881278	1.391159206E-04
105	78.75	762.657362	1.366939656E-04
106	79.5	762.435995	1.342997006E-04
107	80.25	762.217148	1.319328268E-04
108	81	762.000795	1.295930491E-04
109	81.75	761.786909	1.272800756E-04
110	82.5	761.575465	1.249936185E-04
111	83.25	761.366436	1.227333929E-04
112	84	761.159796	1.204991177E-04
113	84.75	760.95552	1.182905151E-04
114	85.5	760.753584	1.161073107E-04
115	86.25	760.553962	1.139492333E-04
116	87	760.35663	1.118160152E-04
117	87.75	760.161564	1.097073918E-04
118	88.5	759.96874	1.076231016E-04
119	89.25	759.778134	1.055628865E-04
120	90	759.589724	1.035264913E-04
121	90.75	759.403485	1.015136641E-04
122	91.5	759.219396	9.952415599E-05
123	92.25	759.037434	9.755772096E-05
124	93	758.857576	9.561411613E-05
125	93.75	758.679801	9.369310150E-05
126	94.5	758.504088	9.179444002E-05
127	95.25	758.330414	8.991789752E-05
128	96	758.158758	8.806324264E-05
129	96.75	757.989101	8.623024690E-05
130	97.5	757.82142	8.441868454E-05
131	98.25	757.655696	8.262833261E-05
132	99	757.491908	8.085897083E-05
133	99.75	757.330037	7.911038166E-05
134	100.5	757.170062	7.738235017E-05
135	101.25	757.011966	7.567466410E-05
136	102	756.855727	7.398711377E-05
137	102.75	756.701328	7.231949207E-05
138	103.5	756.548749	7.067159445E-05
139	104.25	756.397972	6.904321883E-05
140	105	756.248979	6.743416567E-05
141	105.75	756.101752	6.584423785E-05
142	106.5	755.956272	6.427324068E-05
143	107.25	755.812523	6.272098190E-05
144	108	755.670486	6.118727160E-05
145	108.75	755.530146	5.967192224E-05
146	109.5	755.391483	5.817474857E-05
147	110.25	755.254483	5.669556769E-05
148	111	755.119128	5.523419893E-05
149	111.75	754.985402	5.379046388E-05
150	112.5	754.853289	5.236418637E-05
151	113.25	754.722773	5.095519241E-05
152	114	754.593837	4.956331020E-05
153	114.75	754.466467	4.818837009E-05
154	115.5	754.340648	4.683020455E-05
155	116.25	754.216363	4.548864818E-05
156	117	754.093598	4.416353763E-05
157	117.75	753.972338	4.285471165E-05
158	118.5	753.852569	4.156201100E-05
159	119.25	753.734276	4.028527848E-05
160	120	753.617445	3.902435887E-05
161	120.75	753.502061	3.777909895E-05
162	121.5	753.388111	3.654934743E-05
163	122.25	753.275582	3.533495498E-05
164	123	753.164459	3.413577416E-05
165	123.75	753.054729	3.295165945E-05
166	124.5	752.946379	3.178246720E-05
167	125.25	752.839396	3.062805560E-05
168	126	752.733767	2.948828470E-05
169	126.75	752.62948	2.836301636E-05
170	127.5	752.526522	2.725211424E-05
171	128.25	752.42488	2.615544379E-05
172	129	752.324542	2.507287221E-05
173	129.75	752.225497	2.400426847E-05
174	130.5	752.127731	2.294950325E-05
175	131.25	752.031235	2.190844895E-05
176	132	751.935996	2.088097966E-05
177	132.75	751.842002	1.986697117E-05
178	133.5	751.749242	1.886630090E-05
179	134.25	751.657706	1.787884794E-05
180	135	751.567382	1.690449300E-05
181	135.75	751.478259	1.594311842E-05
182	136.5	751.390327	1.499460812E-05
183	137.25	751.303575	1.405884761E-05
184	138	751.217993	1.313572397E-05
185	138.75	751.13357	1.222512583E-05
186	139.5	751.050297	1.132694338E-05
187	140.25	750.968163	1.044106831E-05
188	141	750.887159	9.567393825E-06
189	141.75	750.807275	8.705814636E-06
190	142.5	750.728501	7.856226932E-06
191	143.25	750.650828	7.018528372E-06
192	144	750.574247	6.192618071E-06
193	144.75	750.498748	5.378396586E-06
194	145.5	750.424322	4.575765907E-06
195	146.25	750.350961	3.784629438E-06
196	147	750.278656	3.004891988E-06
197	147.75	750.207398	2.236459761E-06
198	148.5	750.137178	1.479240338E-06
199	149.25	750.067989	7.331426704E-07
200	150	749.999822	-1.922935921E-09
201	150.75	749.932668	-7.260448294E-07
202	151.5	749.86652	-1.439310025E-06
203	152.25	749.80137	-2.141804218E-06
204	153	749.737211	-2.833611788E-06
205	153.75	749.674033	-3.514815820E-06
206	154.5	749.611831	-4.185498107E-06
207	155.25	749.550596	-4.845739163E-06
208	156	749.490321	-5.495618234E-06
209	156.75	749.430999	-6.135213309E-06
210	157.5	749.372623	-6.764601128E-06
211	158.25	749.315186	-7.383857193E-06
212	159	749.258681	-7.993055777E-06
213	159.75	749.203101	-8.592269936E-06
214	160.5	749.14844	-9.181571512E-06
215	161.25	749.094692	-9.761031152E-06
216	162	749.041849	-1.033071831E-05
217	162.75	748.989905	-1.089070125E-05
218	163.5	748.938855	-1.144104708E-05
219	164.25	748.888692	-1.198182173E-05
220	165	748.839411	-1.251308997E-05
221	165.75	748.791004	-1.303491543E-05
222	166.5	748.743468	-1.354736059E-05
223	167.25	748.696795	-1.405048682E-05
224	168	748.650981	-1.454435434E-05
225	168.75	748.606019	-1.502902227E-05
226	169.5	748.561905	-1.550454861E-05
227	170.25	748.518634	-1.597099026E-05
228	171	748.476199	-1.642840304E-05
229	171.75	748.434597	-1.687684165E-05
230	172.5	748.393822	-1.731635975E-05
231	173.25	748.353869	-1.774700991E-05
232	174	748.314734	-1.816884361E-05
233	174.75	748.276412	-1.858191130E-05
234	175.5	748.238898	-1.898626237E-05
235	176.25	748.202188	-1.938194515E-05
236	177	748.166277	-1.976900694E-05
237	177.75	748.131162	-2.014749400E-05
238	178.5	748.096838	-2.051745156E-05
239	179.25	748.0633	-2.087892383E-05
240	180	748.030546	-2.123195399E-05
241	180.75	747.998571	-2.157658423E-05
242	181.5	747.967371	-2.191285571E-05
243	182.25	747.936943	-2.224080859E-05
244	183	747.907282	-2.256048205E-05
245	183.75	747.878387	-2.287191425E-05
246	184.5	747.850252	-2.317514240E-05
247	185.25	747.822875	-2.347020269E-05
248	186	747.796252	-2.375713035E-05
249	186.75	747.77038	-2.403595964E-05
250	187.5	747.745257	-2.430672384E-05
251	188.25	747.720879	-2.456945527E-05
252	189	747.697243	-2.482418528E-05
253	189.75	747.674347	-2.507094429E-05
254	190.5	747.652187	-2.530976172E-05
255	191.25	747.630762	-2.554066609E-05
256	192	747.610068	-2.576368495E-05
257	192.75	747.590103	-2.597884489E-05
258	193.5	747.570865	-2.618617160E-05
259	194.25	747.552352	-2.638568981E-05
260	195	747.53456	-2.657742331E-05
261	195.75	747.517489	-2.676139498E-05
262	196.5	747.501136	-2.693762676E-05
263	197.25	747.4855	-2.710613968E-05
264	198	747.470577	-2.726695382E-05
265	198.75	747.456367	-2.742008837E-05
266	199.5	747.442868	-2.756556159E-05
267	200.25	747.430079	-2.770339083E-05
268	201	747.417997	-2.783359252E-05
269	201.75	747.406621	-2.795618218E-05
270	202.5	747.39595	-2.807117445E-05
271	203.25	747.385983	-2.817858302E-05
272	204	747.376719	-2.827842070E-05
273	204.75	747.368156	-2.837069940E-05
274	205.5	747.360293	-2.845543012E-05
275	206.25	747.35313	-2.853262296E-05
276	207	747.346666	-2.860228712E-05
277	207.75	747.340899	-2.866443090E-05
278	208.5	747.335829	-2.871906172E-05
279	209.25	747.331456	-2.876618609E-05
280	210	747.32778	-2.880580962E-05
281	210.75	747.324798	-2.883793704E-05
282	211.5	747.322512	-2.886257218E-05
283	212.25	747.320921	-2.887971798E-05
284	213	747.320025	-2.888937647E-05
285	213.75	747.319823	-2.889154881E-05
286	214.5	747.320316	-2.888623527E-05
287	215.25	747.321504	-2.887343519E-05
288	216	747.323387	-2.885314707E-05
289	216.75	747.325965	-2.882536848E-05
290	217.5	747.329238	-2.879009611E-05
291	218.25	747.333207	-2.874732576E-05
292	219	747.337872	-2.869705232E-05
293	219.75	747.343234	-2.863926980E-05
294	220.5	747.349293	-2.857397133E-05
295	221.25	747.356051	-2.850114910E-05
296	222	747.363507	-2.842079444E-05
297	222.75	747.371664	-2.833289777E-05
298	223.5	747.380521	-2.823744862E-05
299	224.25	747.39008	-2.813443559E-05
300	225	747.400342	-2.802384641E-05
301	225.75	747.411308	-2.790566790E-05
302	226.5	747.42298	-2.777988596E-05
303	227.25	747.435359	-2.764648559E-05
304	228	747.448446	-2.750545089E-05
305	228.75	747.462243	-2.735676504E-05
306	229.5	747.476752	-2.720041031E-05
307	230.25	747.491974	-2.703636805E-05
308	231	747.507911	-2.686461870E-05
309	231.75	747.524565	-2.668514177E-05
310	232.5	747.541938	-2.649791586E-05
311	233.25	747.560032	-2.630291863E-05
312	234	747.578849	-2.610012683E-05
313	234.75	747.598392	-2.588951626E-05
314	235.5	747.618662	-2.567106179E-05
315	236.25	747.639663	-2.544473736E-05
316	237	747.661396	-2.521051598E-05
317	237.75	747.683864	-2.496836968E-05
318	238.5	747.707071	-2.471826957E-05
319	239.25	747.731018	-2.446018582E-05
320	240	747.755708	-2.419408761E-05
321	240.75	747.781145	-2.391994318E-05
322	241.5	747.807331	-2.363771982E-05
323	242.25	747.83427	-2.334738383E-05
324	243	747.861965	-2.304890054E-05
325	243.75	747.890419	-2.274223433E-05
326	244.5	747.919635	-2.242734857E-05
327	245.25	747.949617	-2.210420566E-05
328	246	747.980369	-2.177276702E-05
329	246.75	748.011893	-2.143299304E-05
330	247.5	748.044195	-2.108484315E-05
331	248.25	748.077277	-2.072827577E-05
332	249	748.111144	-2.036324827E-05
333	249.75	748.1458	-1.998971707E-05
334	250.5	748.181249	-1.960763750E-05
335	251.25	748.217494	-1.921696392E-05
336	252	748.254541	-1.881764964E-05
337	252.75	748.292394	-1.840964691E-05
338	253.5	748.331056	-1.799290695E-05
339	254.25	748.370534	-1.756737996E-05
340	255	748.410831	-1.713301503E-05
341	255.75	748.451953	-1.668976023E-05
342	256.5	748.493904	-1.623756253E-05
343	257.25	748.536689	-1.577636784E-05
344	258	748.580313	-1.530612100E-05
345	258.75	748.624782	-1.482676572E-05
346	259.5	748.670101	-1.433824465E-05
347	260.25	748.716275	-1.384049931E-05
348	261	748.763309	-1.333347014E-05
349	261.75	748.81121	-1.281709641E-05
350	262.5	748.859983	-1.229131631E-05
351	263.25	748.909634	-1.175606687E-05
352	264	748.960168	-1.121128399E-05
353	264.75	749.011592	-1.065690239E-05
354	265.5	749.063912	-1.009285567E-05
355	266.25	749.117135	-9.519076233E-06
356	267	749.171265	-8.935495313E-06
357	267.75	749.226311	-8.342042958E-06
358	268.5	749.282278	-7.738648021E-06
359	269.25	749.339173	-7.125238152E-06
360	270	749.397004	-6.501739785E-06
361	270.75	749.455776	-5.868078132E-06
362	271.5	749.515497	-5.224177173E-06
363	272.25	749.576173	-4.569959645E-06
364	273	749.637813	-3.905347034E-06
365	273.75	749.700424	-3.230259563E-06
366	274.5	749.764013	-2.544616180E-06
367	275.25	749.828587	-1.848334555E-06
368	276	749.894155	-1.141331058E-06
369	276.75	749.960724	-4.235207598E-07
370	277.5	750.028302	3.051825871E-07
371	278.25	750.096897	1.044866556E-06
372	279	750.166517	1.795620059E-06
373	279.75	750.237172	2.557533356E-06
374	280.5	750.308868	3.330698070E-06
375	281.25	750.381615	4.115207196E-06
376	282	750.455422	4.911155116E-06
377	282.75	750.530297	5.718637606E-06
378	283.5	750.606249	6.537751854E-06
379	284.25	750.683287	7.368596472E-06
380	285	750.761421	8.211271505E-06
381	285.75	750.84066	9.065878447E-06
382	286.5	750.921013	9.932520255E-06
383	287.25	751.00249	1.081130136E-05
384	288	751.0851	1.170232768E-05
385	288.75	751.168855	1.260570664E-05
386	289.5	751.253763	1.352154718E-05
387	290.25	751.339834	1.444995976E-05
388	291	751.42708	1.539105641E-05
389	291.75	751.51551	1.634495071E-05
390	292.5	751.605136	1.731175779E-05
391	293.25	751.695967	1.829159441E-05
392	294	751.788016	1.928457890E-05
393	294.75	751.881292	2.029083125E-05
394	295.5	751.975807	2.131047305E-05
395	296.25	752.071572	2.234362756E-05
396	297	752.1686	2.339041972E-05
397	297.75	752.266901	2.445097613E-05
398	298.5	752.366487	2.552542511E-05
399	299.25	752.46737	2.661389670E-05
400	300	752.569563	2.771652268E-05
── 设定点 750 °C　夹头 100 °C　段 1「HC2」　T设定 750 °C　节点 401　段长 300 mm　控温点下标 200（x = 150 mm）　电流 903.8 A　ΔL_A -0.004561　ΔL_B +0.050567
i	X_mm	TMetal_C	epsDiff
0	0	752.54625	2.746497757E-05
1	0.75	752.397653	2.586168501E-05
2	1.5	752.251001	2.427943985E-05
3	2.25	752.106278	2.271804900E-05
4	3	751.963465	2.117732197E-05
5	3.75	751.822545	1.965707091E-05
6	4.5	751.683501	1.815711051E-05
7	5.25	751.546316	1.667725804E-05
8	6	751.410975	1.521733329E-05
9	6.75	751.27746	1.377715852E-05
10	7.5	751.145756	1.235655850E-05
11	8.25	751.015846	1.095536045E-05
12	9	750.887716	9.573393987E-06
13	9.75	750.761349	8.210491160E-06
14	10.5	750.63673	6.866486389E-06
15	11.25	750.513845	5.541216450E-06
16	12	750.392679	4.234520459E-06
17	12.75	750.273217	2.946239841E-06
18	13.5	750.155445	1.676218315E-06
19	14.25	750.039348	4.243018705E-07
20	15	749.924914	-8.096612555E-07
21	15.75	749.812127	-2.025820596E-06
22	16.5	749.700975	-3.224323478E-06
23	17.25	749.591444	-4.405315037E-06
24	18	749.483521	-5.568938242E-06
25	18.75	749.377193	-6.715333915E-06
26	19.5	749.272447	-7.844640746E-06
27	20.25	749.169271	-8.956995313E-06
28	21	749.067653	-1.005253210E-05
29	21.75	748.96758	-1.113138353E-05
30	22.5	748.86904	-1.219367995E-05
31	23.25	748.772022	-1.323954968E-05
32	24	748.676513	-1.426911902E-05
33	24.75	748.582503	-1.528251225E-05
34	25.5	748.489981	-1.627985168E-05
35	26.25	748.398934	-1.726125764E-05
36	27	748.309353	-1.822684850E-05
37	27.75	748.221226	-1.917674071E-05
38	28.5	748.134543	-2.011104878E-05
39	29.25	748.049294	-2.102988530E-05
40	30	747.965468	-2.193336100E-05
41	30.75	747.883056	-2.282158470E-05
42	31.5	747.802048	-2.369466338E-05
43	32.25	747.722433	-2.455270214E-05
44	33	747.644203	-2.539580428E-05
45	33.75	747.567348	-2.622407124E-05
46	34.5	747.491859	-2.703760269E-05
47	35.25	747.417727	-2.783649648E-05
48	36	747.344943	-2.862084868E-05
49	36.75	747.273499	-2.939075359E-05
50	37.5	747.203385	-3.014630376E-05
51	38.25	747.134594	-3.088759000E-05
52	39	747.067117	-3.161470137E-05
53	39.75	747.000946	-3.232772521E-05
54	40.5	746.936074	-3.302674717E-05
55	41.25	746.872493	-3.371185118E-05
56	42	746.810194	-3.438311950E-05
57	42.75	746.749172	-3.504063270E-05
58	43.5	746.689417	-3.568446968E-05
59	44.25	746.630924	-3.631470771E-05
60	45	746.573686	-3.693142239E-05
61	45.75	746.517695	-3.753468770E-05
62	46.5	746.462944	-3.812457598E-05
63	47.25	746.409428	-3.870115796E-05
64	48	746.35714	-3.926450277E-05
65	48.75	746.306074	-3.981467794E-05
66	49.5	746.256223	-4.035174939E-05
67	50.25	746.207582	-4.087578150E-05
68	51	746.160146	-4.138683704E-05
69	51.75	746.113907	-4.188497724E-05
70	52.5	746.068861	-4.237026176E-05
71	53.25	746.025003	-4.284274872E-05
72	54	745.982327	-4.330249470E-05
73	54.75	745.940828	-4.374955475E-05
74	55.5	745.900501	-4.418398238E-05
75	56.25	745.861342	-4.460582959E-05
76	57	745.823345	-4.501514688E-05
77	57.75	745.786507	-4.541198322E-05
78	58.5	745.750823	-4.579638610E-05
79	59.25	745.716288	-4.616840151E-05
80	60	745.682899	-4.652807396E-05
81	60.75	745.650651	-4.687544646E-05
82	61.5	745.619541	-4.721056058E-05
83	62.25	745.589566	-4.753345638E-05
84	63	745.56072	-4.784417248E-05
85	63.75	745.533002	-4.814274603E-05
86	64.5	745.506408	-4.842921273E-05
87	65.25	745.480934	-4.870360683E-05
88	66	745.456578	-4.896596113E-05
89	66.75	745.433336	-4.921630699E-05
90	67.5	745.411206	-4.945467434E-05
91	68.25	745.390186	-4.968109165E-05
92	69	745.370273	-4.989558600E-05
93	69.75	745.351464	-5.009818302E-05
94	70.5	745.333757	-5.028890690E-05
95	71.25	745.31715	-5.046778046E-05
96	72	745.301642	-5.063482504E-05
97	72.75	745.287229	-5.079006062E-05
98	73.5	745.273912	-5.093350575E-05
99	74.25	745.261687	-5.106517754E-05
100	75	745.250554	-5.118509175E-05
101	75.75	745.240511	-5.129326268E-05
102	76.5	745.231557	-5.138970327E-05
103	77.25	745.223692	-5.147442503E-05
104	78	745.216913	-5.154743808E-05
105	78.75	745.21122	-5.160875115E-05
106	79.5	745.206614	-5.165837155E-05
107	80.25	745.203092	-5.169630521E-05
108	81	745.200654	-5.172255667E-05
109	81.75	745.199301	-5.173712906E-05
110	82.5	745.199033	-5.174002411E-05
111	83.25	745.199848	-5.173124219E-05
112	84	745.201748	-5.171078223E-05
113	84.75	745.204732	-5.167864179E-05
114	85.5	745.2088	-5.163481704E-05
115	86.25	745.213955	-5.157930273E-05
116	87	745.220195	-5.151209225E-05
117	87.75	745.227521	-5.143317755E-05
118	88.5	745.235935	-5.134254923E-05
119	89.25	745.245438	-5.124019644E-05
120	90	745.25603	-5.112610696E-05
121	90.75	745.267713	-5.100026717E-05
122	91.5	745.280489	-5.086266204E-05
123	92.25	745.294358	-5.071327511E-05
124	93	745.309323	-5.055208856E-05
125	93.75	745.325385	-5.037908311E-05
126	94.5	745.342546	-5.019423809E-05
127	95.25	745.360808	-4.999753144E-05
128	96	745.380174	-4.978893962E-05
129	96.75	745.400645	-4.956843773E-05
130	97.5	745.422224	-4.933599941E-05
131	98.25	745.444914	-4.909159687E-05
132	99	745.468717	-4.883520092E-05
133	99.75	745.493636	-4.856678089E-05
134	100.5	745.519675	-4.828630471E-05
135	101.25	745.546835	-4.799373884E-05
136	102	745.575121	-4.768904831E-05
137	102.75	745.604536	-4.737219668E-05
138	103.5	745.635083	-4.704314607E-05
139	104.25	745.666766	-4.670185712E-05
140	105	745.699589	-4.634828901E-05
141	105.75	745.733555	-4.598239946E-05
142	106.5	745.768669	-4.560414470E-05
143	107.25	745.804934	-4.521347946E-05
144	108	745.842356	-4.481035702E-05
145	108.75	745.880938	-4.439472912E-05
146	109.5	745.920685	-4.396654603E-05
147	110.25	745.961602	-4.352575650E-05
148	111	746.003694	-4.307230776E-05
149	111.75	746.046965	-4.260614553E-05
150	112.5	746.091422	-4.212721398E-05
151	113.25	746.137068	-4.163545577E-05
152	114	746.18391	-4.113081200E-05
153	114.75	746.231953	-4.061322221E-05
154	115.5	746.281203	-4.008262440E-05
155	116.25	746.331666	-3.953895499E-05
156	117	746.383348	-3.898214884E-05
157	117.75	746.436254	-3.841213919E-05
158	118.5	746.490391	-3.782885772E-05
159	119.25	746.545766	-3.723223450E-05
160	120	746.602386	-3.662219798E-05
161	120.75	746.660256	-3.599867500E-05
162	121.5	746.719384	-3.536159075E-05
163	122.25	746.779777	-3.471086881E-05
164	123	746.841441	-3.404643109E-05
165	123.75	746.904386	-3.336819783E-05
166	124.5	746.968617	-3.267608762E-05
167	125.25	747.034143	-3.197001736E-05
168	126	747.100971	-3.124990225E-05
169	126.75	747.169109	-3.051565580E-05
170	127.5	747.238566	-2.976718980E-05
171	128.25	747.30935	-2.900441430E-05
172	129	747.381468	-2.822723762E-05
173	129.75	747.454931	-2.743556633E-05
174	130.5	747.529746	-2.662930524E-05
175	131.25	747.605923	-2.580835739E-05
176	132	747.68347	-2.497262400E-05
177	132.75	747.762397	-2.412200452E-05
178	133.5	747.842713	-2.325639657E-05
179	134.25	747.924427	-2.237569595E-05
180	135	748.007551	-2.147979660E-05
181	135.75	748.092093	-2.056859063E-05
182	136.5	748.178063	-1.964196825E-05
183	137.25	748.265473	-1.869981780E-05
184	138	748.354332	-1.774202571E-05
185	138.75	748.44465	-1.676847651E-05
186	139.5	748.53644	-1.577905278E-05
187	140.25	748.629711	-1.477363517E-05
188	141	748.724475	-1.375210234E-05
189	141.75	748.820743	-1.271433100E-05
190	142.5	748.918527	-1.166019584E-05
191	143.25	749.017838	-1.058956956E-05
192	144	749.118689	-9.502322805E-06
193	144.75	749.221091	-8.398324193E-06
194	145.5	749.325056	-7.277440266E-06
195	146.25	749.430598	-6.139535482E-06
196	147	749.537729	-4.984472202E-06
197	147.75	749.646461	-3.812110664E-06
198	148.5	749.756807	-2.622308966E-06
199	149.25	749.868782	-1.414923049E-06
200	150	749.982398	-1.898066737E-07
201	150.75	750.097669	1.053188595E-06
202	151.5	750.214608	2.314213412E-06
203	152.25	750.33323	3.593420670E-06
204	153	750.45355	4.890965523E-06
205	153.75	750.575581	6.207005405E-06
206	154.5	750.699338	7.541700052E-06
207	155.25	750.824836	8.895211526E-06
208	156	750.95209	1.026770423E-05
209	156.75	751.081115	1.165934495E-05
210	157.5	751.211928	1.307030285E-05
211	158.25	751.344543	1.450074952E-05
212	159	751.478977	1.595085897E-05
213	159.75	751.615245	1.742080770E-05
214	160.5	751.753365	1.891077468E-05
215	161.25	751.893352	2.042094139E-05
216	162	752.035225	2.195149187E-05
217	162.75	752.178999	2.350261270E-05
218	163.5	752.324692	2.507449306E-05
219	164.25	752.472322	2.666732474E-05
220	165	752.621907	2.828130217E-05
221	165.75	752.773464	2.991662246E-05
222	166.5	752.927012	3.157348541E-05
223	167.25	753.08257	3.325209355E-05
224	168	753.240156	3.495265216E-05
225	168.75	753.399789	3.667536930E-05
226	169.5	753.561488	3.842045585E-05
227	170.25	753.725274	4.018812551E-05
228	171	753.891166	4.197859489E-05
229	171.75	754.059184	4.379208346E-05
230	172.5	754.229348	4.562881366E-05
231	173.25	754.40168	4.748901087E-05
232	174	754.576199	4.937290348E-05
233	174.75	754.752927	5.128072291E-05
234	175.5	754.931886	5.321270363E-05
235	176.25	755.113097	5.516908322E-05
236	177	755.296582	5.715010239E-05
237	177.75	755.482364	5.915600500E-05
238	178.5	755.670465	6.118703813E-05
239	179.25	755.860908	6.324345209E-05
240	180	756.053715	6.532550045E-05
241	180.75	756.248912	6.743344011E-05
242	181.5	756.44652	6.956753130E-05
243	182.25	756.646565	7.172803763E-05
244	183	756.849071	7.391522615E-05
245	183.75	757.054062	7.612936736E-05
246	184.5	757.261564	7.837073525E-05
247	185.25	757.471601	8.063960738E-05
248	186	757.6842	8.293626487E-05
249	186.75	757.899386	8.526099246E-05
250	187.5	758.117185	8.761407857E-05
251	188.25	758.337625	8.999581532E-05
252	189	758.560732	9.240649858E-05
253	189.75	758.786534	9.484642801E-05
254	190.5	759.015057	9.731590712E-05
255	191.25	759.246331	9.981524329E-05
256	192	759.480383	1.023447479E-04
257	192.75	759.717242	1.049047361E-04
258	193.5	759.956937	1.074955274E-04
259	194.25	760.199498	1.101174450E-04
260	195	760.444955	1.127708166E-04
261	195.75	760.693336	1.154559738E-04
262	196.5	760.944674	1.181732525E-04
263	197.25	761.198999	1.209229928E-04
264	198	761.456343	1.237055394E-04
265	198.75	761.716736	1.265212410E-04
266	199.5	761.980211	1.293704510E-04
267	200.25	762.246801	1.322535272E-04
268	201	762.516538	1.351708319E-04
269	201.75	762.789457	1.381227320E-04
270	202.5	763.065589	1.411095991E-04
271	203.25	763.34497	1.441318094E-04
272	204	763.627634	1.471897442E-04
273	204.75	763.913617	1.502837891E-04
274	205.5	764.202953	1.534143351E-04
275	206.25	764.495678	1.565817777E-04
276	207	764.791829	1.597865178E-04
277	207.75	765.091442	1.630289611E-04
278	208.5	765.394555	1.663095186E-04
279	209.25	765.701205	1.696286065E-04
280	210	766.011431	1.729866460E-04
281	210.75	766.32527	1.763840640E-04
282	211.5	766.642763	1.798212926E-04
283	212.25	766.963948	1.832987695E-04
284	213	767.288866	1.868169378E-04
285	213.75	767.617557	1.903762463E-04
286	214.5	767.950062	1.939771495E-04
287	215.25	768.286423	1.976201076E-04
288	216	768.626682	2.013055866E-04
289	216.75	768.970882	2.050340586E-04
290	217.5	769.319065	2.088060015E-04
291	218.25	769.671275	2.126218994E-04
292	219	770.027556	2.164822425E-04
293	219.75	770.387953	2.203875271E-04
294	220.5	770.752512	2.243382560E-04
295	221.25	771.121278	2.283349383E-04
296	222	771.494297	2.323780897E-04
297	222.75	771.871617	2.364682322E-04
298	223.5	772.253285	2.406058948E-04
299	224.25	772.63935	2.447916130E-04
300	225	773.029859	2.490259291E-04
301	225.75	773.424863	2.533093925E-04
302	226.5	773.82441	2.576425596E-04
303	227.25	774.228553	2.620259938E-04
304	228	774.637342	2.664602658E-04
305	228.75	775.050829	2.709459536E-04
306	229.5	775.469066	2.754836425E-04
307	230.25	775.892106	2.800739254E-04
308	231	776.320004	2.847174030E-04
309	231.75	776.752814	2.894146833E-04
310	232.5	777.19059	2.941663825E-04
311	233.25	777.63339	2.989731245E-04
312	234	778.081268	3.038355414E-04
313	234.75	778.534283	3.087542733E-04
314	235.5	778.992492	3.137299689E-04
315	236.25	779.455955	3.187632847E-04
316	237	779.92473	3.238548864E-04
317	237.75	780.398877	3.290054477E-04
318	238.5	780.878458	3.342156515E-04
319	239.25	781.363534	3.394861893E-04
320	240	781.854168	3.448177617E-04
321	240.75	782.350422	3.502110784E-04
322	241.5	782.852361	3.556668585E-04
323	242.25	783.360049	3.611858301E-04
324	243	783.873553	3.667687313E-04
325	243.75	784.392938	3.724163096E-04
326	244.5	784.918273	3.781293222E-04
327	245.25	785.449624	3.839085365E-04
328	246	785.987061	3.897547298E-04
329	246.75	786.530654	3.956686897E-04
330	247.5	787.080473	4.016512143E-04
331	248.25	787.636591	4.077031119E-04
332	249	788.199079	4.138252019E-04
333	249.75	788.768011	4.200183143E-04
334	250.5	789.343463	4.262832901E-04
335	251.25	789.925507	4.326209816E-04
336	252	790.514222	4.390322524E-04
337	252.75	791.109685	4.455179776E-04
338	253.5	791.711973	4.520790439E-04
339	254.25	792.321166	4.587163499E-04
340	255	792.937345	4.654308065E-04
341	255.75	793.560589	4.722233363E-04
342	256.5	794.190983	4.790948748E-04
343	257.25	794.828609	4.860463698E-04
344	258	795.473551	4.930787820E-04
345	258.75	796.125895	5.001930851E-04
346	259.5	796.785729	5.073902660E-04
347	260.25	797.453138	5.146713247E-04
348	261	798.128214	5.220372753E-04
349	261.75	798.811044	5.294891453E-04
350	262.5	799.501722	5.370279764E-04
351	263.25	800.200338	5.446548244E-04
352	264	800.906987	5.523707598E-04
353	264.75	801.621763	5.601768677E-04
354	265.5	802.344763	5.680742479E-04
355	266.25	803.076084	5.760640156E-04
356	267	803.815824	5.841473015E-04
357	267.75	804.564083	5.923252516E-04
358	268.5	805.320962	6.005990280E-04
359	269.25	806.086564	6.089698091E-04
360	270	806.860993	6.174387895E-04
361	270.75	807.644353	6.260071806E-04
362	271.5	808.436752	6.346762105E-04
363	272.25	809.238297	6.434471250E-04
364	273	810.049098	6.523211870E-04
365	273.75	810.869265	6.612996773E-04
366	274.5	811.698911	6.703838950E-04
367	275.25	812.53815	6.795751572E-04
368	276	813.387097	6.888748001E-04
369	276.75	814.245869	6.982841787E-04
370	277.5	815.114584	7.078046674E-04
371	278.25	815.993363	7.174376601E-04
372	279	816.882326	7.271845709E-04
373	279.75	817.781597	7.370468340E-04
374	280.5	818.691302	7.470259046E-04
375	281.25	819.611567	7.571232584E-04
376	282	820.542519	7.673403931E-04
377	282.75	821.484289	7.776788275E-04
378	283.5	822.43701	7.881401031E-04
379	284.25	823.400813	7.987257836E-04
380	285	824.375836	8.094374556E-04
381	285.75	825.362214	8.202767290E-04
382	286.5	826.360088	8.312452375E-04
383	287.25	827.369598	8.423446388E-04
384	288	828.390887	8.535766153E-04
385	288.75	829.4241	8.649428741E-04
386	289.5	830.469385	8.764451482E-04
387	290.25	831.526889	8.880851959E-04
388	291	832.596764	8.998648023E-04
389	291.75	833.679163	9.117857791E-04
390	292.5	834.774241	9.238499654E-04
391	293.25	835.882156	9.360592279E-04
392	294	837.003067	9.484154619E-04
393	294.75	838.137136	9.609205914E-04
394	295.5	839.284527	9.735765697E-04
395	296.25	840.445407	9.863853800E-04
396	297	841.619943	9.993490361E-04
397	297.75	842.808308	1.012469583E-03
398	298.5	844.010674	1.025749096E-03
399	299.25	845.227218	1.039189685E-03
400	300	846.458118	1.052793490E-03
── 设定点 750 °C　夹头 450 °C　段 0「HC1」　T设定 750 °C　节点 401　段长 300 mm　控温点下标 200（x = 150 mm）　电流 901.9 A　ΔL_A +0.028306　ΔL_B +0.025233
i	X_mm	TMetal_C	epsDiff
0	0	810.17079	6.536532492E-04
1	0.75	809.345411	6.446193552E-04
2	1.5	808.5296	6.356921037E-04
3	2.25	807.723246	6.268702047E-04
4	3	806.926239	6.181523861E-04
5	3.75	806.138471	6.095373938E-04
6	4.5	805.359834	6.010239911E-04
7	5.25	804.590222	5.926109589E-04
8	6	803.829531	5.842970949E-04
9	6.75	803.077658	5.760812137E-04
10	7.5	802.334501	5.679621465E-04
11	8.25	801.599961	5.599387405E-04
12	9	800.873937	5.520098590E-04
13	9.75	800.156333	5.441743811E-04
14	10.5	799.447052	5.364312013E-04
15	11.25	798.745998	5.287792294E-04
16	12	798.053078	5.212173904E-04
17	12.75	797.3682	5.137446237E-04
18	13.5	796.691271	5.063598836E-04
19	14.25	796.022201	4.990621386E-04
20	15	795.360901	4.918503714E-04
21	15.75	794.707283	4.847235785E-04
22	16.5	794.061261	4.776807701E-04
23	17.25	793.422749	4.707209701E-04
24	18	792.791662	4.638432155E-04
25	18.75	792.167916	4.570465564E-04
26	19.5	791.55143	4.503300559E-04
27	20.25	790.942121	4.436927897E-04
28	21	790.33991	4.371338460E-04
29	21.75	789.744718	4.306523256E-04
30	22.5	789.156466	4.242473411E-04
31	23.25	788.575076	4.179180174E-04
32	24	788.000473	4.116634908E-04
33	24.75	787.432582	4.054829097E-04
34	25.5	786.871328	3.993754336E-04
35	26.25	786.316638	3.933402336E-04
36	27	785.76844	3.873764916E-04
37	27.75	785.226661	3.814834007E-04
38	28.5	784.691232	3.756601648E-04
39	29.25	784.162083	3.699059984E-04
40	30	783.639146	3.642201267E-04
41	30.75	783.122352	3.586017849E-04
42	31.5	782.611634	3.530502189E-04
43	32.25	782.106927	3.475646842E-04
44	33	781.608165	3.421444467E-04
45	33.75	781.115284	3.367887817E-04
46	34.5	780.628221	3.314969743E-04
47	35.25	780.146911	3.262683194E-04
48	36	779.671294	3.211021209E-04
49	36.75	779.201309	3.159976922E-04
50	37.5	778.736894	3.109543557E-04
51	38.25	778.277991	3.059714430E-04
52	39	777.82454	3.010482946E-04
53	39.75	777.376484	2.961842596E-04
54	40.5	776.933765	2.913786958E-04
55	41.25	776.496327	2.866309697E-04
56	42	776.064113	2.819404561E-04
57	42.75	775.637069	2.773065381E-04
58	43.5	775.21514	2.727286072E-04
59	44.25	774.798273	2.682060628E-04
60	45	774.386414	2.637383123E-04
61	45.75	773.979511	2.593247711E-04
62	46.5	773.577513	2.549648624E-04
63	47.25	773.180368	2.506580170E-04
64	48	772.788026	2.464036733E-04
65	48.75	772.400438	2.422012772E-04
66	49.5	772.017554	2.380502819E-04
67	50.25	771.639326	2.339501482E-04
68	51	771.265706	2.299003438E-04
69	51.75	770.896647	2.259003436E-04
70	52.5	770.532102	2.219496295E-04
71	53.25	770.172026	2.180476905E-04
72	54	769.816374	2.141940222E-04
73	54.75	769.4651	2.103881272E-04
74	55.5	769.11816	2.066295146E-04
75	56.25	768.775511	2.029177002E-04
76	57	768.437109	1.992522063E-04
77	57.75	768.102913	1.956325616E-04
78	58.5	767.77288	1.920583011E-04
79	59.25	767.44697	1.885289662E-04
80	60	767.125141	1.850441046E-04
81	60.75	766.807352	1.816032698E-04
82	61.5	766.493565	1.782060216E-04
83	62.25	766.183741	1.748519257E-04
84	63	765.877839	1.715405539E-04
85	63.75	765.575823	1.682714835E-04
86	64.5	765.277655	1.650442978E-04
87	65.25	764.983298	1.618585857E-04
88	66	764.692714	1.587139420E-04
89	66.75	764.405868	1.556099667E-04
90	67.5	764.122725	1.525462655E-04
91	68.25	763.843248	1.495224495E-04
92	69	763.567404	1.465381353E-04
93	69.75	763.295157	1.435929446E-04
94	70.5	763.026476	1.406865047E-04
95	71.25	762.761325	1.378184476E-04
96	72	762.499672	1.349884110E-04
97	72.75	762.241485	1.321960373E-04
98	73.5	761.986733	1.294409741E-04
99	74.25	761.735382	1.267228739E-04
100	75	761.487403	1.240413941E-04
101	75.75	761.242765	1.213961970E-04
102	76.5	761.001437	1.187869499E-04
103	77.25	760.76339	1.162133245E-04
104	78	760.528595	1.136749975E-04
105	78.75	760.297022	1.111716501E-04
106	79.5	760.068643	1.087029682E-04
107	80.25	759.84343	1.062686422E-04
108	81	759.621355	1.038683671E-04
109	81.75	759.402391	1.015018423E-04
110	82.5	759.186511	9.916877158E-05
111	83.25	758.973689	9.686886321E-05
112	84	758.763898	9.460182971E-05
113	84.75	758.557113	9.236738791E-05
114	85.5	758.353307	9.016525889E-05
115	86.25	758.152458	8.799516791E-05
116	87	757.954538	8.585684443E-05
117	87.75	757.759526	8.375002198E-05
118	88.5	757.567396	8.167443822E-05
119	89.25	757.378124	7.962983482E-05
120	90	757.191689	7.761595744E-05
121	90.75	757.008067	7.563255573E-05
122	91.5	756.827236	7.367938326E-05
123	92.25	756.649173	7.175619747E-05
124	93	756.473857	6.986275967E-05
125	93.75	756.301266	6.799883498E-05
126	94.5	756.13138	6.616419230E-05
127	95.25	755.964177	6.435860428E-05
128	96	755.799638	6.258184729E-05
129	96.75	755.637742	6.083370136E-05
130	97.5	755.478469	5.911395018E-05
131	98.25	755.3218	5.742238107E-05
132	99	755.167717	5.575878491E-05
133	99.75	755.0162	5.412295615E-05
134	100.5	754.86723	5.251469275E-05
135	101.25	754.720791	5.093379618E-05
136	102	754.576863	4.938007137E-05
137	102.75	754.43543	4.785332667E-05
138	103.5	754.296473	4.635337386E-05
139	104.25	754.159978	4.488002810E-05
140	105	754.025926	4.343310788E-05
141	105.75	753.894301	4.201243504E-05
142	106.5	753.765089	4.061783472E-05
143	107.25	753.638272	3.924913532E-05
144	108	753.513835	3.790616852E-05
145	108.75	753.391764	3.658876920E-05
146	109.5	753.272044	3.529677546E-05
147	110.25	753.154659	3.403002858E-05
148	111	753.039597	3.278837297E-05
149	111.75	752.926843	3.157165621E-05
150	112.5	752.816383	3.037972898E-05
151	113.25	752.708203	2.921244504E-05
152	114	752.602292	2.806966124E-05
153	114.75	752.498636	2.695123747E-05
154	115.5	752.397222	2.585703664E-05
155	116.25	752.298039	2.478692469E-05
156	117	752.201073	2.374077054E-05
157	117.75	752.106315	2.271844608E-05
158	118.5	752.013751	2.171982616E-05
159	119.25	751.923371	2.074478857E-05
160	120	751.835165	1.979321401E-05
161	120.75	751.74912	1.886498607E-05
162	121.5	751.665228	1.795999126E-05
163	122.25	751.583477	1.707811894E-05
164	123	751.503859	1.621926131E-05
165	123.75	751.426362	1.538331344E-05
166	124.5	751.350979	1.457017319E-05
167	125.25	751.277699	1.377974125E-05
168	126	751.206515	1.301192110E-05
169	126.75	751.137417	1.226661900E-05
170	127.5	751.070398	1.154374399E-05
171	128.25	751.005448	1.084320785E-05
172	129	750.94256	1.016492510E-05
173	129.75	750.881728	9.508813010E-06
174	130.5	750.822942	8.874791557E-06
175	131.25	750.766197	8.262783427E-06
176	132	750.711485	7.672714006E-06
177	132.75	750.658801	7.104511363E-06
178	133.5	750.608136	6.558106247E-06
179	134.25	750.559486	6.033432074E-06
180	135	750.512845	5.530424917E-06
181	135.75	750.468206	5.049023496E-06
182	136.5	750.425565	4.589169174E-06
183	137.25	750.384916	4.150805944E-06
184	138	750.346255	3.733880425E-06
185	138.75	750.309577	3.338341850E-06
186	139.5	750.274877	2.964142064E-06
187	140.25	750.242152	2.611235514E-06
188	141	750.211396	2.279579243E-06
189	141.75	750.182608	1.969132885E-06
190	142.5	750.155782	1.679858659E-06
191	143.25	750.130917	1.411721364E-06
192	144	750.108009	1.164688372E-06
193	144.75	750.087054	9.387296261E-07
194	145.5	750.068052	7.338176366E-07
195	146.25	750.050998	5.499274741E-07
196	147	750.035893	3.870367687E-07
197	147.75	750.022732	2.451257056E-07
198	148.5	750.011516	1.241770233E-07
199	149.25	750.002242	2.417601019E-08
200	150	749.99491	-5.488949677E-08
201	150.75	749.989518	-1.130291141E-07
202	151.5	749.986066	-1.502499129E-07
203	152.25	749.984554	-1.665564202E-07
204	153	749.984981	-1.619506192E-07
205	153.75	749.987348	-1.364319497E-07
206	154.5	749.991654	-8.999730805E-08
207	155.25	749.9979	-2.264104673E-08
208	156	750.006088	6.564502649E-08
209	156.75	750.016217	1.748716497E-07
210	157.5	750.02829	3.050521082E-07
211	158.25	750.042307	4.562022367E-07
212	159	750.05827	6.283404210E-07
213	159.75	750.076182	8.214876010E-07
214	160.5	750.096044	1.035667274E-06
215	161.25	750.117859	1.270905495E-06
216	162	750.141629	1.527230887E-06
217	162.75	750.167357	1.804674637E-06
218	163.5	750.195047	2.103270506E-06
219	164.25	750.224701	2.423054831E-06
220	165	750.256324	2.764066531E-06
221	165.75	750.289919	3.126347113E-06
222	166.5	750.325489	3.509940676E-06
223	167.25	750.363041	3.914893919E-06
224	168	750.402577	4.341256147E-06
225	168.75	750.444102	4.789079276E-06
226	169.5	750.487622	5.258417844E-06
227	170.25	750.533143	5.749329015E-06
228	171	750.580668	6.261872590E-06
229	171.75	750.630205	6.796111013E-06
230	172.5	750.681758	7.352109380E-06
231	173.25	750.735335	7.929935450E-06
232	174	750.790942	8.529659653E-06
233	174.75	750.848585	9.151355099E-06
234	175.5	750.908271	9.795097591E-06
235	176.25	750.970008	1.046096563E-05
236	177	751.033803	1.114904044E-05
237	177.75	751.099664	1.185940596E-05
238	178.5	751.167598	1.259214887E-05
239	179.25	751.237614	1.334735859E-05
240	180	751.30972	1.412512731E-05
241	180.75	751.383925	1.492555000E-05
242	181.5	751.460238	1.574872440E-05
243	182.25	751.538668	1.659475107E-05
244	183	751.619224	1.746373336E-05
245	183.75	751.701917	1.835577748E-05
246	184.5	751.786756	1.927099247E-05
247	185.25	751.873752	2.020949022E-05
248	186	751.962914	2.117138553E-05
249	186.75	752.054255	2.215679605E-05
250	187.5	752.147784	2.316584237E-05
251	188.25	752.243513	2.419864800E-05
252	189	752.341454	2.525533938E-05
253	189.75	752.441618	2.633604593E-05
254	190.5	752.544018	2.744090005E-05
255	191.25	752.648666	2.857003712E-05
256	192	752.755575	2.972359557E-05
257	192.75	752.864757	3.090171683E-05
258	193.5	752.976226	3.210454543E-05
259	194.25	753.089996	3.333222894E-05
260	195	753.206079	3.458491806E-05
261	195.75	753.324491	3.586276660E-05
262	196.5	753.445245	3.716593152E-05
263	197.25	753.568356	3.849457295E-05
264	198	753.693839	3.984885419E-05
265	198.75	753.821709	4.122894177E-05
266	199.5	753.951983	4.263500546E-05
267	200.25	754.084674	4.406721829E-05
268	201	754.219801	4.552575658E-05
269	201.75	754.357378	4.701079994E-05
270	202.5	754.497423	4.852253136E-05
271	203.25	754.639953	5.006113716E-05
272	204	754.784985	5.162680707E-05
273	204.75	754.932537	5.321973424E-05
274	205.5	755.082627	5.484011526E-05
275	206.25	755.235272	5.648815020E-05
276	207	755.390492	5.816404266E-05
277	207.75	755.548305	5.986799973E-05
278	208.5	755.708731	6.160023212E-05
279	209.25	755.871789	6.336095409E-05
280	210	756.037499	6.515038357E-05
281	210.75	756.205881	6.696874213E-05
282	211.5	756.376956	6.881625504E-05
283	212.25	756.550745	7.069315128E-05
284	213	756.727268	7.259966364E-05
285	213.75	756.906548	7.453602865E-05
286	214.5	757.088606	7.650248671E-05
287	215.25	757.273464	7.849928207E-05
288	216	757.461146	8.052666290E-05
289	216.75	757.651673	8.258488130E-05
290	217.5	757.84507	8.467419335E-05
291	218.25	758.04136	8.679485915E-05
292	219	758.240568	8.894714285E-05
293	219.75	758.442716	9.113131271E-05
294	220.5	758.647831	9.334764112E-05
295	221.25	758.855937	9.559640465E-05
296	222	759.06706	9.787788409E-05
297	222.75	759.281226	1.001923645E-04
298	223.5	759.498461	1.025401352E-04
299	224.25	759.718792	1.049214900E-04
300	225	759.942246	1.073367269E-04
301	225.75	760.16885	1.097861485E-04
302	226.5	760.398632	1.122700618E-04
303	227.25	760.631621	1.147887784E-04
304	228	760.867845	1.173426145E-04
305	228.75	761.107334	1.199318908E-04
306	229.5	761.350116	1.225569328E-04
307	230.25	761.596222	1.252180708E-04
308	231	761.845682	1.279156397E-04
309	231.75	762.098528	1.306499793E-04
310	232.5	762.354789	1.334214343E-04
311	233.25	762.614499	1.362303545E-04
312	234	762.877688	1.390770944E-04
313	234.75	763.14439	1.419620138E-04
314	235.5	763.414638	1.448854774E-04
315	236.25	763.688465	1.478478554E-04
316	237	763.965905	1.508495229E-04
317	237.75	764.246993	1.538908603E-04
318	238.5	764.531763	1.569722537E-04
319	239.25	764.820251	1.600940942E-04
320	240	765.112492	1.632567785E-04
321	240.75	765.408524	1.664607091E-04
322	241.5	765.708382	1.697062936E-04
323	242.25	766.012105	1.729939457E-04
324	243	766.31973	1.763240847E-04
325	243.75	766.631295	1.796971356E-04
326	244.5	766.94684	1.831135295E-04
327	245.25	767.266403	1.865737031E-04
328	246	767.590025	1.900780994E-04
329	246.75	767.917746	1.936271675E-04
330	247.5	768.249608	1.972213625E-04
331	248.25	768.585651	2.008611457E-04
332	249	768.925918	2.045469849E-04
333	249.75	769.270452	2.082793542E-04
334	250.5	769.619296	2.120587342E-04
335	251.25	769.972493	2.158856121E-04
336	252	770.330089	2.197604814E-04
337	252.75	770.692127	2.236838429E-04
338	253.5	771.058655	2.276562037E-04
339	254.25	771.429717	2.316780779E-04
340	255	771.805361	2.357499868E-04
341	255.75	772.185634	2.398724586E-04
342	256.5	772.570584	2.440460286E-04
343	257.25	772.960261	2.482712393E-04
344	258	773.354712	2.525486409E-04
345	258.75	773.753989	2.568787905E-04
346	259.5	774.158141	2.612622533E-04
347	260.25	774.567221	2.656996016E-04
348	261	774.981279	2.701914158E-04
349	261.75	775.400369	2.747382840E-04
350	262.5	775.824545	2.793408022E-04
351	263.25	776.253859	2.839995746E-04
352	264	776.688367	2.887152132E-04
353	264.75	777.128125	2.934883388E-04
354	265.5	777.573188	2.983195801E-04
355	266.25	778.023613	3.032095744E-04
356	267	778.479458	3.081589677E-04
357	267.75	778.940782	3.131684147E-04
358	268.5	779.407643	3.182385788E-04
359	269.25	779.880102	3.233701326E-04
360	270	780.358218	3.285637574E-04
361	270.75	780.842055	3.338201441E-04
362	271.5	781.331673	3.391399927E-04
363	272.25	781.827137	3.445240127E-04
364	273	782.32851	3.499729232E-04
365	273.75	782.835856	3.554874530E-04
366	274.5	783.349242	3.610683408E-04
367	275.25	783.868734	3.667163353E-04
368	276	784.394399	3.724321954E-04
369	276.75	784.926306	3.782166902E-04
370	277.5	785.464523	3.840705991E-04
371	278.25	786.009121	3.899947125E-04
372	279	786.56017	3.959898310E-04
373	279.75	787.117742	4.020567666E-04
374	280.5	787.681911	4.081963420E-04
375	281.25	788.252749	4.144093911E-04
376	282	788.830332	4.206967595E-04
377	282.75	789.414735	4.270593041E-04
378	283.5	790.006035	4.334978934E-04
379	284.25	790.604309	4.400134080E-04
380	285	791.209637	4.466067404E-04
381	285.75	791.822097	4.532787956E-04
382	286.5	792.441771	4.600304906E-04
383	287.25	793.06874	4.668627553E-04
384	288	793.703088	4.737765324E-04
385	288.75	794.344898	4.807727773E-04
386	289.5	794.994255	4.878524590E-04
387	290.25	795.651246	4.950165596E-04
388	291	796.315957	5.022660748E-04
389	291.75	796.988478	5.096020142E-04
390	292.5	797.668898	5.170254012E-04
391	293.25	798.357307	5.245372737E-04
392	294	799.053798	5.321386839E-04
393	294.75	799.758464	5.398306987E-04
394	295.5	800.4714	5.476143997E-04
395	296.25	801.192701	5.554908839E-04
396	297	801.922464	5.634612636E-04
397	297.75	802.660788	5.715266665E-04
398	298.5	803.407771	5.796882364E-04
399	299.25	804.163516	5.879471331E-04
400	300	804.928123	5.963045327E-04
── 设定点 750 °C　夹头 450 °C　段 1「HC2」　T设定 750 °C　节点 401　段长 300 mm　控温点下标 200（x = 150 mm）　电流 898.2 A　ΔL_A +0.023170　ΔL_B +0.046117
i	X_mm	TMetal_C	epsDiff
0	0	804.909102	5.960966019E-04
1	0.75	804.103763	5.872940904E-04
2	1.5	803.307865	5.785965686E-04
3	2.25	802.5213	5.700027899E-04
4	3	801.74396	5.615115255E-04
5	3.75	800.975741	5.531215636E-04
6	4.5	800.216539	5.448317099E-04
7	5.25	799.466252	5.366407866E-04
8	6	798.724778	5.285476327E-04
9	6.75	797.992018	5.205511034E-04
10	7.5	797.267874	5.126500699E-04
11	8.25	796.552248	5.048434194E-04
12	9	795.845045	4.971300544E-04
13	9.75	795.14617	4.895088930E-04
14	10.5	794.45553	4.819788681E-04
15	11.25	793.773032	4.745389278E-04
16	12	793.098587	4.671880345E-04
17	12.75	792.432105	4.599251653E-04
18	13.5	791.773497	4.527493113E-04
19	14.25	791.122675	4.456594776E-04
20	15	790.479555	4.386546832E-04
21	15.75	789.84405	4.317339606E-04
22	16.5	789.216077	4.248963558E-04
23	17.25	788.595553	4.181409276E-04
24	18	787.982397	4.114667483E-04
25	18.75	787.376528	4.048729026E-04
26	19.5	786.777867	3.983584879E-04
27	20.25	786.186335	3.919226142E-04
28	21	785.601854	3.855644035E-04
29	21.75	785.024349	3.792829901E-04
30	22.5	784.453743	3.730775199E-04
31	23.25	783.889963	3.669471509E-04
32	24	783.332935	3.608910523E-04
33	24.75	782.782586	3.549084050E-04
34	25.5	782.238845	3.489984009E-04
35	26.25	781.701642	3.431602431E-04
36	27	781.170907	3.373931456E-04
37	27.75	780.646571	3.316963331E-04
38	28.5	780.128566	3.260690411E-04
39	29.25	779.616825	3.205105155E-04
40	30	779.111283	3.150200123E-04
41	30.75	778.611874	3.095967981E-04
42	31.5	778.118534	3.042401492E-04
43	32.25	777.6312	2.989493520E-04
44	33	777.149808	2.937237026E-04
45	33.75	776.674297	2.885625068E-04
46	34.5	776.204607	2.834650799E-04
47	35.25	775.740676	2.784307467E-04
48	36	775.282446	2.734588410E-04
49	36.75	774.829858	2.685487059E-04
50	37.5	774.382854	2.636996937E-04
51	38.25	773.941377	2.589111653E-04
52	39	773.505371	2.541824906E-04
53	39.75	773.074781	2.495130480E-04
54	40.5	772.649551	2.449022247E-04
55	41.25	772.229628	2.403494161E-04
56	42	771.814958	2.358540261E-04
57	42.75	771.405489	2.314154669E-04
58	43.5	771.001169	2.270331586E-04
59	44.25	770.601946	2.227065295E-04
60	45	770.207771	2.184350158E-04
61	45.75	769.818592	2.142180616E-04
62	46.5	769.434362	2.100551186E-04
63	47.25	769.055032	2.059456462E-04
64	48	768.680553	2.018891113E-04
65	48.75	768.310879	1.978849883E-04
66	49.5	767.945964	1.939327590E-04
67	50.25	767.58576	1.900319124E-04
68	51	767.230224	1.861819447E-04
69	51.75	766.879309	1.823823592E-04
70	52.5	766.532974	1.786326661E-04
71	53.25	766.191173	1.749323828E-04
72	54	765.853864	1.712810333E-04
73	54.75	765.521005	1.676781484E-04
74	55.5	765.192555	1.641232656E-04
75	56.25	764.868471	1.606159292E-04
76	57	764.548715	1.571556897E-04
77	57.75	764.233245	1.537421043E-04
78	58.5	763.922023	1.503747365E-04
79	59.25	763.615009	1.470531560E-04
80	60	763.312166	1.437769390E-04
81	60.75	763.013456	1.405456676E-04
82	61.5	762.718841	1.373589301E-04
83	62.25	762.428285	1.342163209E-04
84	63	762.141752	1.311174404E-04
85	63.75	761.859207	1.280618946E-04
86	64.5	761.580614	1.250492956E-04
87	65.25	761.305939	1.220792613E-04
88	66	761.035147	1.191514152E-04
89	66.75	760.768206	1.162653864E-04
90	67.5	760.505081	1.134208096E-04
91	68.25	760.245742	1.106173252E-04
92	69	759.990155	1.078545789E-04
93	69.75	759.738289	1.051322220E-04
94	70.5	759.490113	1.024499108E-04
95	71.25	759.245596	9.980730721E-05
96	72	759.004709	9.720407838E-05
97	72.75	758.767421	9.463989654E-05
98	73.5	758.533703	9.211443912E-05
99	74.25	758.303527	8.962738863E-05
100	75	758.076863	8.717843264E-05
101	75.75	757.853685	8.476726369E-05
102	76.5	757.633965	8.239357930E-05
103	77.25	757.417676	8.005708186E-05
104	78	757.204791	7.775747862E-05
105	78.75	756.995284	7.549448165E-05
106	79.5	756.78913	7.326780777E-05
107	80.25	756.586302	7.107717851E-05
108	81	756.386777	6.892232009E-05
109	81.75	756.19053	6.680296336E-05
110	82.5	755.997537	6.471884375E-05
111	83.25	755.807774	6.266970125E-05
112	84	755.621218	6.065528036E-05
113	84.75	755.437846	5.867533004E-05
114	85.5	755.257636	5.672960368E-05
115	86.25	755.080565	5.481785909E-05
116	87	754.906613	5.293985842E-05
117	87.75	754.735757	5.109536812E-05
118	88.5	754.567978	4.928415896E-05
119	89.25	754.403254	4.750600595E-05
120	90	754.241566	4.576068830E-05
121	90.75	754.082893	4.404798942E-05
122	91.5	753.927217	4.236769687E-05
123	92.25	753.774518	4.071960230E-05
124	93	753.624778	3.910350149E-05
125	93.75	753.477978	3.751919425E-05
126	94.5	753.334102	3.596648441E-05
127	95.25	753.19313	3.444517981E-05
128	96	753.055047	3.295509226E-05
129	96.75	752.919835	3.149603748E-05
130	97.5	752.787478	3.006783513E-05
131	98.25	752.657959	2.867030876E-05
132	99	752.531264	2.730328574E-05
133	99.75	752.407377	2.596659731E-05
134	100.5	752.286282	2.466007851E-05
135	101.25	752.167965	2.338356814E-05
136	102	752.052411	2.213690878E-05
137	102.75	751.939608	2.091994674E-05
138	103.5	751.82954	1.973253204E-05
139	104.25	751.722194	1.857451840E-05
140	105	751.617558	1.744576319E-05
141	105.75	751.515619	1.634612745E-05
142	106.5	751.416365	1.527547582E-05
143	107.25	751.319783	1.423367657E-05
144	108	751.225862	1.322060156E-05
145	108.75	751.13459	1.223612619E-05
146	109.5	751.045957	1.128012945E-05
147	110.25	750.959951	1.035249383E-05
148	111	750.876563	9.453105356E-06
149	111.75	750.795781	8.581853538E-06
150	112.5	750.717597	7.738631380E-06
151	113.25	750.642001	6.923335349E-06
152	114	750.568984	6.135865363E-06
153	114.75	750.498537	5.376124779E-06
154	115.5	750.430651	4.644020377E-06
155	116.25	750.365319	3.939462346E-06
156	117	750.302532	3.262364271E-06
157	117.75	750.242282	2.612643122E-06
158	118.5	750.184563	1.990219242E-06
159	119.25	750.129368	1.395016331E-06
160	120	750.076689	8.269614403E-07
161	120.75	750.026521	2.859849603E-07
162	121.5	749.978858	-2.279793912E-07
163	122.25	749.933693	-7.149945773E-07
164	123	749.891021	-1.175120251E-06
165	123.75	749.850838	-1.608412766E-06
166	124.5	749.813137	-2.014925180E-06
167	125.25	749.777916	-2.394707267E-06
168	126	749.745169	-2.747805525E-06
169	126.75	749.714892	-3.074263177E-06
170	127.5	749.687082	-3.374120184E-06
171	128.25	749.661736	-3.647413246E-06
172	129	749.63885	-3.894175810E-06
173	129.75	749.618421	-4.114438074E-06
174	130.5	749.600448	-4.308226989E-06
175	131.25	749.584928	-4.475566269E-06
176	132	749.571859	-4.616476388E-06
177	132.75	749.56124	-4.730974586E-06
178	133.5	749.553069	-4.819074872E-06
179	134.25	749.547345	-4.880788022E-06
180	135	749.544068	-4.916121589E-06
181	135.75	749.543237	-4.925079893E-06
182	136.5	749.544852	-4.907664031E-06
183	137.25	749.548914	-4.863871872E-06
184	138	749.555422	-4.793698060E-06
185	138.75	749.564378	-4.697134008E-06
186	139.5	749.575783	-4.574167903E-06
187	140.25	749.589638	-4.424784702E-06
188	141	749.605944	-4.248966125E-06
189	141.75	749.624705	-4.046690663E-06
190	142.5	749.645921	-3.817933562E-06
191	143.25	749.669595	-3.562666831E-06
192	144	749.695731	-3.280859231E-06
193	144.75	749.724332	-2.972476272E-06
194	145.5	749.7554	-2.637480208E-06
195	146.25	749.788941	-2.275830034E-06
196	147	749.824957	-1.887481477E-06
197	147.75	749.863453	-1.472386989E-06
198	148.5	749.904434	-1.030495745E-06
199	149.25	749.947904	-5.617536291E-07
200	150	749.99387	-6.610323199E-08
201	150.75	750.042336	4.565161601E-07
202	151.5	750.093308	1.006168573E-06
203	152.25	750.146793	1.582921356E-06
204	153	750.202797	2.186845189E-06
205	153.75	750.261327	2.818014092E-06
206	154.5	750.322389	3.476505441E-06
207	155.25	750.385991	4.162399974E-06
208	156	750.452142	4.875781805E-06
209	156.75	750.520848	5.616738436E-06
210	157.5	750.592119	6.385360770E-06
211	158.25	750.665962	7.181743123E-06
212	159	750.742387	8.005983241E-06
213	159.75	750.821402	8.858182308E-06
214	160.5	750.903019	9.738444968E-06
215	161.25	750.987245	1.064687934E-05
216	162	751.074092	1.158359702E-05
217	162.75	751.163571	1.254871311E-05
218	163.5	751.255691	1.354234626E-05
219	164.25	751.350464	1.456461861E-05
220	165	751.447902	1.561565591E-05
221	165.75	751.548016	1.669558743E-05
222	166.5	751.650818	1.780454609E-05
223	167.25	751.756321	1.894266837E-05
224	168	751.864538	2.011009443E-05
225	168.75	751.975482	2.130696804E-05
226	169.5	752.089166	2.253343670E-05
227	170.25	752.205604	2.378965155E-05
228	171	752.32481	2.507576748E-05
229	171.75	752.446799	2.639194313E-05
230	172.5	752.571585	2.773834089E-05
231	173.25	752.699184	2.911512694E-05
232	174	752.829611	3.052247128E-05
233	174.75	752.962882	3.196054776E-05
234	175.5	753.099013	3.342953407E-05
235	176.25	753.23802	3.492961183E-05
236	177	753.379922	3.646096655E-05
237	177.75	753.524734	3.802378770E-05
238	178.5	753.672474	3.961826872E-05
239	179.25	753.823161	4.124460706E-05
240	180	753.976812	4.290300420E-05
241	180.75	754.133448	4.459366570E-05
242	181.5	754.293085	4.631680120E-05
243	182.25	754.455745	4.807262447E-05
244	183	754.621446	4.986135344E-05
245	183.75	754.79021	5.168321025E-05
246	184.5	754.962056	5.353842124E-05
247	185.25	755.137006	5.542721703E-05
248	186	755.315081	5.734983254E-05
249	186.75	755.496303	5.930650700E-05
250	187.5	755.680693	6.129748402E-05
251	188.25	755.868275	6.332301164E-05
252	189	756.059072	6.538334230E-05
253	189.75	756.253106	6.747873297E-05
254	190.5	756.450401	6.960944509E-05
255	191.25	756.650983	7.177574471E-05
256	192	756.854874	7.397790246E-05
257	192.75	757.062101	7.621619361E-05
258	193.5	757.272688	7.849089815E-05
259	194.25	757.486662	8.080230076E-05
260	195	757.704048	8.315069093E-05
261	195.75	757.924875	8.553636296E-05
262	196.5	758.149167	8.795961600E-05
263	197.25	758.376954	9.042075414E-05
264	198	758.608263	9.292008641E-05
265	198.75	758.843122	9.545792688E-05
266	199.5	759.081561	9.803459465E-05
267	200.25	759.323609	1.006504139E-04
268	201	759.569296	1.033057141E-04
269	201.75	759.818652	1.060008299E-04
270	202.5	760.071708	1.087361009E-04
271	203.25	760.328495	1.115118726E-04
272	204	760.589044	1.143284953E-04
273	204.75	760.853389	1.171863252E-04
274	205.5	761.121562	1.200857236E-04
275	206.25	761.393595	1.230270577E-04
276	207	761.669523	1.260107001E-04
277	207.75	761.94938	1.290370290E-04
278	208.5	762.2332	1.321064285E-04
279	209.25	762.521019	1.352192885E-04
280	210	762.812872	1.383760046E-04
281	210.75	763.108796	1.415769784E-04
282	211.5	763.408828	1.448226175E-04
283	212.25	763.713004	1.481133356E-04
284	213	764.021363	1.514495523E-04
285	213.75	764.333943	1.548316937E-04
286	214.5	764.650783	1.582601920E-04
287	215.25	764.971923	1.617354856E-04
288	216	765.297402	1.652580196E-04
289	216.75	765.627262	1.688282454E-04
290	217.5	765.961543	1.724466209E-04
291	218.25	766.300288	1.761136107E-04
292	219	766.643538	1.798296862E-04
293	219.75	766.991337	1.835953255E-04
294	220.5	767.343729	1.874110136E-04
295	221.25	767.700757	1.912772423E-04
296	222	768.062467	1.951945108E-04
297	222.75	768.428903	1.991633250E-04
298	223.5	768.800113	2.031841982E-04
299	224.25	769.176142	2.072576511E-04
300	225	769.557038	2.113842117E-04
301	225.75	769.94285	2.155644154E-04
302	226.5	770.333625	2.197988053E-04
303	227.25	770.729414	2.240879320E-04
304	228	771.130266	2.284323541E-04
305	228.75	771.536232	2.328326379E-04
306	229.5	771.947363	2.372893577E-04
307	230.25	772.363711	2.418030958E-04
308	231	772.78533	2.463744429E-04
309	231.75	773.212273	2.510039975E-04
310	232.5	773.644594	2.556923671E-04
311	233.25	774.082348	2.604401672E-04
312	234	774.525591	2.652480220E-04
313	234.75	774.97438	2.701165647E-04
314	235.5	775.428771	2.750464369E-04
315	236.25	775.888822	2.800382894E-04
316	237	776.354594	2.850927821E-04
317	237.75	776.826144	2.902105839E-04
318	238.5	777.303534	2.953923732E-04
319	239.25	777.786825	3.006388376E-04
320	240	778.276078	3.059506746E-04
321	240.75	778.771357	3.113285909E-04
322	241.5	779.272726	3.167733036E-04
323	242.25	779.780248	3.222855394E-04
324	243	780.293991	3.278660350E-04
325	243.75	780.814018	3.335155377E-04
326	244.5	781.340399	3.392348049E-04
327	245.25	781.873201	3.450246045E-04
328	246	782.412493	3.508857153E-04
329	246.75	782.958345	3.568189268E-04
330	247.5	783.510827	3.628250394E-04
331	248.25	784.070013	3.689048648E-04
332	249	784.635974	3.750592256E-04
333	249.75	785.208784	3.812889565E-04
334	250.5	785.788518	3.875949031E-04
335	251.25	786.375251	3.939779233E-04
336	252	786.969061	4.004388868E-04
337	252.75	787.570025	4.069786753E-04
338	253.5	788.178222	4.135981829E-04
339	254.25	788.793732	4.202983162E-04
340	255	789.416635	4.270799945E-04
341	255.75	790.047015	4.339441499E-04
342	256.5	790.684952	4.408917274E-04
343	257.25	791.330533	4.479236856E-04
344	258	791.983842	4.550409961E-04
345	258.75	792.644966	4.622446445E-04
346	259.5	793.313992	4.695356301E-04
347	260.25	793.991009	4.769149663E-04
348	261	794.676108	4.843836805E-04
349	261.75	795.369379	4.919428151E-04
350	262.5	796.070914	4.995934268E-04
351	263.25	796.780808	5.073365873E-04
352	264	797.499155	5.151733836E-04
353	264.75	798.226051	5.231049181E-04
354	265.5	798.961595	5.311323085E-04
355	266.25	799.705884	5.392566890E-04
356	267	800.459019	5.474792093E-04
357	267.75	801.221101	5.558010359E-04
358	268.5	801.992233	5.642233518E-04
359	269.25	802.77252	5.727473570E-04
360	270	803.562066	5.813742686E-04
361	270.75	804.36098	5.901053211E-04
362	271.5	805.169369	5.989417669E-04
363	272.25	805.987344	6.078848764E-04
364	273	806.815015	6.169359381E-04
365	273.75	807.652497	6.260962594E-04
366	274.5	808.499902	6.353671666E-04
367	275.25	809.357349	6.447500050E-04
368	276	810.224953	6.542461397E-04
369	276.75	811.102835	6.638569555E-04
370	277.5	811.991116	6.735838575E-04
371	278.25	812.889917	6.834282713E-04
372	279	813.799363	6.933916435E-04
373	279.75	814.71958	7.034754418E-04
374	280.5	815.650696	7.136811555E-04
375	281.25	816.59284	7.240102960E-04
376	282	817.546144	7.344643968E-04
377	282.75	818.510739	7.450450145E-04
378	283.5	819.486762	7.557537284E-04
379	284.25	820.474349	7.665921417E-04
380	285	821.473638	7.775618811E-04
381	285.75	822.48477	7.886645981E-04
382	286.5	823.507887	7.999019685E-04
383	287.25	824.543135	8.112756937E-04
384	288	825.590659	8.227875005E-04
385	288.75	826.650607	8.344391419E-04
386	289.5	827.723132	8.462323975E-04
387	290.25	828.808385	8.581690737E-04
388	291	829.90652	8.702510048E-04
389	291.75	831.017696	8.824800528E-04
390	292.5	832.142072	8.948581085E-04
391	293.25	833.279809	9.073870914E-04
392	294	834.43107	9.200689510E-04
393	294.75	835.596022	9.329056665E-04
394	295.5	836.774834	9.458992481E-04
395	296.25	837.967675	9.590517372E-04
396	297	839.174721	9.723652069E-04
397	297.75	840.396146	9.858417629E-04
398	298.5	841.632128	9.994835437E-04
399	299.25	842.882849	1.013292722E-03
400	300	844.148492	1.027271503E-03
── 设定点 900 °C　夹头 100 °C　段 0「HC1」　T设定 900 °C　节点 401　段长 300 mm　控温点下标 200（x = 150 mm）　电流 1022.0 A　ΔL_A +0.027394　ΔL_B +0.001105
i	X_mm	TMetal_C	epsDiff
0	0	950.708901	5.738662376E-04
1	0.75	950.065094	5.665212971E-04
2	1.5	949.428518	5.592604024E-04
3	2.25	948.799091	5.520825523E-04
4	3	948.17673	5.449867589E-04
5	3.75	947.561354	5.379720473E-04
6	4.5	946.952884	5.310374555E-04
7	5.25	946.35124	5.241820340E-04
8	6	945.756344	5.174048459E-04
9	6.75	945.16812	5.107049666E-04
10	7.5	944.586491	5.040814834E-04
11	8.25	944.011382	4.975334958E-04
12	9	943.442719	4.910601148E-04
13	9.75	942.880428	4.846604631E-04
14	10.5	942.324438	4.783336748E-04
15	11.25	941.774675	4.720788950E-04
16	12	941.23107	4.658952803E-04
17	12.75	940.693554	4.597819978E-04
18	13.5	940.162056	4.537382255E-04
19	14.25	939.636509	4.477631521E-04
20	15	939.116845	4.418559765E-04
21	15.75	938.602998	4.360159082E-04
22	16.5	938.094903	4.302421665E-04
23	17.25	937.592494	4.245339809E-04
24	18	937.095707	4.188905907E-04
25	18.75	936.604479	4.133112450E-04
26	19.5	936.118748	4.077952024E-04
27	20.25	935.638451	4.023417308E-04
28	21	935.163528	3.969501078E-04
29	21.75	934.693918	3.916196196E-04
30	22.5	934.229562	3.863495621E-04
31	23.25	933.770401	3.811392395E-04
32	24	933.316377	3.759879653E-04
33	24.75	932.867432	3.708950614E-04
34	25.5	932.423509	3.658598583E-04
35	26.25	931.984553	3.608816949E-04
36	27	931.550507	3.559599186E-04
37	27.75	931.121318	3.510938847E-04
38	28.5	930.696932	3.462829570E-04
39	29.25	930.277294	3.415265068E-04
40	30	929.862352	3.368239136E-04
41	30.75	929.452053	3.321745646E-04
42	31.5	929.046347	3.275778547E-04
43	32.25	928.645183	3.230331862E-04
44	33	928.248509	3.185399689E-04
45	33.75	927.856277	3.140976202E-04
46	34.5	927.468437	3.097055643E-04
47	35.25	927.08494	3.053632330E-04
48	36	926.70574	3.010700649E-04
49	36.75	926.330788	2.968255056E-04
50	37.5	925.960037	2.926290076E-04
51	38.25	925.593441	2.884800302E-04
52	39	925.230956	2.843780394E-04
53	39.75	924.872534	2.803225078E-04
54	40.5	924.518133	2.763129145E-04
55	41.25	924.167707	2.723487449E-04
56	42	923.821213	2.684294910E-04
57	42.75	923.478608	2.645546509E-04
58	43.5	923.13985	2.607237290E-04
59	44.25	922.804896	2.569362355E-04
60	45	922.473706	2.531916871E-04
61	45.75	922.146237	2.494896060E-04
62	46.5	921.822449	2.458295204E-04
63	47.25	921.502303	2.422109646E-04
64	48	921.185759	2.386334781E-04
65	48.75	920.872777	2.350966064E-04
66	49.5	920.563319	2.315999004E-04
67	50.25	920.257347	2.281429167E-04
68	51	919.954823	2.247252170E-04
69	51.75	919.655709	2.213463688E-04
70	52.5	919.35997	2.180059444E-04
71	53.25	919.067567	2.147035217E-04
72	54	918.778466	2.114386836E-04
73	54.75	918.492631	2.082110182E-04
74	55.5	918.210026	2.050201184E-04
75	56.25	917.930618	2.018655824E-04
76	57	917.65437	1.987470129E-04
77	57.75	917.381251	1.956640179E-04
78	58.5	917.111226	1.926162097E-04
79	59.25	916.844261	1.896032058E-04
80	60	916.580326	1.866246281E-04
81	60.75	916.319386	1.836801030E-04
82	61.5	916.06141	1.807692617E-04
83	62.25	915.806366	1.778917398E-04
84	63	915.554224	1.750471773E-04
85	63.75	915.304953	1.722352186E-04
86	64.5	915.058521	1.694555125E-04
87	65.25	914.814899	1.667077119E-04
88	66	914.574058	1.639914742E-04
89	66.75	914.335967	1.613064608E-04
90	67.5	914.100598	1.586523371E-04
91	68.25	913.867922	1.560287729E-04
92	69	913.637911	1.534354418E-04
93	69.75	913.410536	1.508720214E-04
94	70.5	913.18577	1.483381932E-04
95	71.25	912.963586	1.458336428E-04
96	72	912.743957	1.433580593E-04
97	72.75	912.526856	1.409111359E-04
98	73.5	912.312256	1.384925694E-04
99	74.25	912.100131	1.361020602E-04
100	75	911.890456	1.337393126E-04
101	75.75	911.683206	1.314040343E-04
102	76.5	911.478355	1.290959367E-04
103	77.25	911.275877	1.268147347E-04
104	78	911.07575	1.245601466E-04
105	78.75	910.877948	1.223318944E-04
106	79.5	910.682448	1.201297031E-04
107	80.25	910.489225	1.179533015E-04
108	81	910.298257	1.158024215E-04
109	81.75	910.10952	1.136767982E-04
110	82.5	909.922992	1.115761702E-04
111	83.25	909.73865	1.095002792E-04
112	84	909.556471	1.074488700E-04
113	84.75	909.376434	1.054216906E-04
114	85.5	909.198517	1.034184923E-04
115	86.25	909.022699	1.014390291E-04
116	87	908.848958	9.948305829E-05
117	87.75	908.677273	9.755034017E-05
118	88.5	908.507623	9.564063790E-05
119	89.25	908.339989	9.375371764E-05
120	90	908.174349	9.188934843E-05
121	90.75	908.010685	9.004730218E-05
122	91.5	907.848976	8.822735366E-05
123	92.25	907.689202	8.642928043E-05
124	93	907.531346	8.465286283E-05
125	93.75	907.375386	8.289788395E-05
126	94.5	907.221306	8.116412958E-05
127	95.25	907.069085	7.945138823E-05
128	96	906.918707	7.775945103E-05
129	96.75	906.770153	7.608811176E-05
130	97.5	906.623404	7.443716678E-05
131	98.25	906.478444	7.280641506E-05
132	99	906.335256	7.119565806E-05
133	99.75	906.19382	6.960469980E-05
134	100.5	906.054122	6.803334677E-05
135	101.25	905.916144	6.648140793E-05
136	102	905.779869	6.494869466E-05
137	102.75	905.645282	6.343502078E-05
138	103.5	905.512366	6.194020247E-05
139	104.25	905.381104	6.046405828E-05
140	105	905.251483	5.900640910E-05
141	105.75	905.123485	5.756707812E-05
142	106.5	904.997095	5.614589083E-05
143	107.25	904.8723	5.474267499E-05
144	108	904.749082	5.335726056E-05
145	108.75	904.627428	5.198947978E-05
146	109.5	904.507324	5.063916703E-05
147	110.25	904.388754	4.930615889E-05
148	111	904.271705	4.799029408E-05
149	111.75	904.156163	4.669141346E-05
150	112.5	904.042113	4.540935998E-05
151	113.25	903.929543	4.414397871E-05
152	114	903.818439	4.289511674E-05
153	114.75	903.708787	4.166262324E-05
154	115.5	903.600574	4.044634938E-05
155	116.25	903.493788	3.924614837E-05
156	117	903.388416	3.806187536E-05
157	117.75	903.284445	3.689338751E-05
158	118.5	903.181862	3.574054390E-05
159	119.25	903.080656	3.460320554E-05
160	120	902.980815	3.348123536E-05
161	120.75	902.882326	3.237449817E-05
162	121.5	902.785178	3.128286068E-05
163	122.25	902.689359	3.020619143E-05
164	123	902.594858	2.914436080E-05
165	123.75	902.501664	2.809724100E-05
166	124.5	902.409765	2.706470606E-05
167	125.25	902.319151	2.604663176E-05
168	126	902.22981	2.504289569E-05
169	126.75	902.141733	2.405337718E-05
170	127.5	902.054908	2.307795729E-05
171	128.25	901.969325	2.211651882E-05
172	129	901.884974	2.116894628E-05
173	129.75	901.801846	2.023512586E-05
174	130.5	901.719929	1.931494544E-05
175	131.25	901.639215	1.840829456E-05
176	132	901.559694	1.751506441E-05
177	132.75	901.481356	1.663514782E-05
178	133.5	901.404193	1.576843924E-05
179	134.25	901.328194	1.491483473E-05
180	135	901.253351	1.407423193E-05
181	135.75	901.179655	1.324653009E-05
182	136.5	901.107097	1.243162999E-05
183	137.25	901.035669	1.162943400E-05
184	138	900.965362	1.083984601E-05
185	138.75	900.896168	1.006277146E-05
186	139.5	900.828078	9.298117281E-06
187	140.25	900.761084	8.545791935E-06
188	141	900.69518	7.805705365E-06
189	141.75	900.630356	7.077768999E-06
190	142.5	900.566604	6.361895735E-06
191	143.25	900.503919	5.657999931E-06
192	144	900.442291	4.965997393E-06
193	144.75	900.381714	4.285805367E-06
194	145.5	900.32218	3.617342524E-06
195	146.25	900.263683	2.960528950E-06
196	147	900.206216	2.315286140E-06
197	147.75	900.149771	1.681536983E-06
198	148.5	900.094342	1.059205756E-06
199	149.25	900.039922	4.482181113E-07
200	150	899.986506	-1.514989319E-07
201	150.75	899.934086	-7.400169965E-07
202	151.5	899.882657	-1.317406357E-06
203	152.25	899.832212	-1.883735949E-06
204	153	899.782745	-2.439073378E-06
205	153.75	899.734251	-2.983484925E-06
206	154.5	899.686723	-3.517035561E-06
207	155.25	899.640157	-4.039788950E-06
208	156	899.594546	-4.551807460E-06
209	156.75	899.549886	-5.053152169E-06
210	157.5	899.50617	-5.543882875E-06
211	158.25	899.463394	-6.024058101E-06
212	159	899.421553	-6.493735106E-06
213	159.75	899.380641	-6.952969887E-06
214	160.5	899.340655	-7.401817194E-06
215	161.25	899.301589	-7.840330527E-06
216	162	899.263438	-8.268562152E-06
217	162.75	899.226198	-8.686563103E-06
218	163.5	899.189865	-9.094383188E-06
219	164.25	899.154434	-9.492070998E-06
220	165	899.119901	-9.879673911E-06
221	165.75	899.086262	-1.025723810E-05
222	166.5	899.053513	-1.062480853E-05
223	167.25	899.021651	-1.098242899E-05
224	168	898.990671	-1.133014207E-05
225	168.75	898.960569	-1.166798915E-05
226	169.5	898.931343	-1.199601048E-05
227	170.25	898.902989	-1.231424511E-05
228	171	898.875503	-1.262273092E-05
229	171.75	898.848882	-1.292150462E-05
230	172.5	898.823123	-1.321060179E-05
231	173.25	898.798223	-1.349005683E-05
232	174	898.774179	-1.375990300E-05
233	174.75	898.750988	-1.402017241E-05
234	175.5	898.728647	-1.427089602E-05
235	176.25	898.707155	-1.451210368E-05
236	177	898.686507	-1.474382408E-05
237	177.75	898.666702	-1.496608478E-05
238	178.5	898.647738	-1.517891223E-05
239	179.25	898.629612	-1.538233174E-05
240	180	898.612322	-1.557636751E-05
241	180.75	898.595866	-1.576104262E-05
242	181.5	898.580242	-1.593637904E-05
243	182.25	898.565449	-1.610239761E-05
244	183	898.551483	-1.625911809E-05
245	183.75	898.538345	-1.640655910E-05
246	184.5	898.526032	-1.654473818E-05
247	185.25	898.514543	-1.667367176E-05
248	186	898.503876	-1.679337518E-05
249	186.75	898.49403	-1.690386266E-05
250	187.5	898.485005	-1.700514735E-05
251	188.25	898.476798	-1.709724128E-05
252	189	898.46941	-1.718015540E-05
253	189.75	898.462838	-1.725389958E-05
254	190.5	898.457083	-1.731848258E-05
255	191.25	898.452144	-1.737391208E-05
256	192	898.448019	-1.742019466E-05
257	192.75	898.44471	-1.745733583E-05
258	193.5	898.442214	-1.748534001E-05
259	194.25	898.440532	-1.750421052E-05
260	195	898.439665	-1.751394961E-05
261	195.75	898.43961	-1.751455844E-05
262	196.5	898.44037	-1.750603707E-05
263	197.25	898.441943	-1.748838450E-05
264	198	898.44433	-1.746159863E-05
265	198.75	898.447531	-1.742567626E-05
266	199.5	898.451546	-1.738061314E-05
267	200.25	898.456377	-1.732640390E-05
268	201	898.462023	-1.726304210E-05
269	201.75	898.468486	-1.719052021E-05
270	202.5	898.475765	-1.710882961E-05
271	203.25	898.483863	-1.701796057E-05
272	204	898.492779	-1.691790231E-05
273	204.75	898.502515	-1.680864291E-05
274	205.5	898.513073	-1.669016940E-05
275	206.25	898.524452	-1.656246768E-05
276	207	898.536655	-1.642552258E-05
277	207.75	898.549683	-1.627931780E-05
278	208.5	898.563538	-1.612383595E-05
279	209.25	898.578221	-1.595905856E-05
280	210	898.593734	-1.578496603E-05
281	210.75	898.610079	-1.560153764E-05
282	211.5	898.627258	-1.540875158E-05
283	212.25	898.645272	-1.520658493E-05
284	213	898.664125	-1.499501363E-05
285	213.75	898.683817	-1.477401252E-05
286	214.5	898.704352	-1.454355531E-05
287	215.25	898.725732	-1.430361458E-05
288	216	898.747959	-1.405416179E-05
289	216.75	898.771036	-1.379516724E-05
290	217.5	898.794967	-1.352660013E-05
291	218.25	898.819752	-1.324842850E-05
292	219	898.845396	-1.296061924E-05
293	219.75	898.871902	-1.266313810E-05
294	220.5	898.899273	-1.235594967E-05
295	221.25	898.927511	-1.203901738E-05
296	222	898.956621	-1.171230351E-05
297	222.75	898.986605	-1.137576916E-05
298	223.5	899.017468	-1.102937426E-05
299	224.25	899.049213	-1.067307756E-05
300	225	899.081843	-1.030683663E-05
301	225.75	899.115363	-9.930607856E-06
302	226.5	899.149776	-9.544346424E-06
303	227.25	899.185087	-9.148006324E-06
304	228	899.2213	-8.741540337E-06
305	228.75	899.258419	-8.324900034E-06
306	229.5	899.296448	-7.898035771E-06
307	230.25	899.335392	-7.460896677E-06
308	231	899.375255	-7.013430653E-06
309	231.75	899.416043	-6.555584359E-06
310	232.5	899.45776	-6.087303217E-06
311	233.25	899.500411	-5.608531394E-06
312	234	899.544001	-5.119211801E-06
313	234.75	899.588535	-4.619286083E-06
314	235.5	899.634019	-4.108694613E-06
315	236.25	899.680457	-3.587376484E-06
316	237	899.727856	-3.055269500E-06
317	237.75	899.776221	-2.512310172E-06
318	238.5	899.825558	-1.958433703E-06
319	239.25	899.875872	-1.393573986E-06
320	240	899.92717	-8.176635940E-07
321	240.75	899.979457	-2.306337688E-07
322	241.5	900.032741	3.675855848E-07
323	242.25	900.087026	9.770659096E-07
324	243	900.14232	1.597880005E-06
325	243.75	900.198629	2.230102034E-06
326	244.5	900.25596	2.873807539E-06
327	245.25	900.314319	3.529073442E-06
328	246	900.373714	4.195978064E-06
329	246.75	900.434151	4.874601130E-06
330	247.5	900.495639	5.565023777E-06
331	248.25	900.558183	6.267328571E-06
332	249	900.621791	6.981599514E-06
333	249.75	900.686472	7.707922053E-06
334	250.5	900.752232	8.446383094E-06
335	251.25	900.81908	9.197071013E-06
336	252	900.887023	9.960075666E-06
337	252.75	900.95607	1.073548840E-05
338	253.5	901.026228	1.152340207E-05
339	254.25	901.097506	1.232391104E-05
340	255	901.169913	1.313711121E-05
341	255.75	901.243456	1.396310003E-05
342	256.5	901.318146	1.480197646E-05
343	257.25	901.39399	1.565384109E-05
344	258	901.470998	1.651879604E-05
345	258.75	901.549178	1.739694504E-05
346	259.5	901.628541	1.828839344E-05
347	260.25	901.709095	1.919324818E-05
348	261	901.790851	2.011161785E-05
349	261.75	901.873817	2.104361269E-05
350	262.5	901.958004	2.198934461E-05
351	263.25	902.043422	2.294892718E-05
352	264	902.130081	2.392247566E-05
353	264.75	902.217991	2.491010704E-05
354	265.5	902.307162	2.591194002E-05
355	266.25	902.397606	2.692809502E-05
356	267	902.489333	2.795869425E-05
357	267.75	902.582354	2.900386166E-05
358	268.5	902.67668	3.006372299E-05
359	269.25	902.772323	3.113840581E-05
360	270	902.869293	3.222803947E-05
361	270.75	902.967602	3.333275518E-05
362	271.5	903.067262	3.445268600E-05
363	272.25	903.168285	3.558796686E-05
364	273	903.270683	3.673873459E-05
365	273.75	903.374469	3.790512791E-05
366	274.5	903.479653	3.908728747E-05
367	275.25	903.58625	4.028535588E-05
368	276	903.694272	4.149947770E-05
369	276.75	903.803731	4.272979947E-05
370	277.5	903.914641	4.397646975E-05
371	278.25	904.027015	4.523963910E-05
372	279	904.140866	4.651946013E-05
373	279.75	904.256209	4.781608752E-05
374	280.5	904.373056	4.912967804E-05
375	281.25	904.491422	5.046039055E-05
376	282	904.611321	5.180838603E-05
377	282.75	904.732767	5.317382762E-05
378	283.5	904.855775	5.455688064E-05
379	284.25	904.98036	5.595771258E-05
380	285	905.106536	5.737649316E-05
381	285.75	905.234318	5.881339432E-05
382	286.5	905.363723	6.026859028E-05
383	287.25	905.494764	6.174225754E-05
384	288	905.627459	6.323457489E-05
385	288.75	905.761823	6.474572348E-05
386	289.5	905.897871	6.627588681E-05
387	290.25	906.035621	6.782525074E-05
388	291	906.175089	6.939400356E-05
389	291.75	906.316292	7.098233599E-05
390	292.5	906.459246	7.259044120E-05
391	293.25	906.603969	7.421851486E-05
392	294	906.750477	7.586675515E-05
393	294.75	906.89879	7.753536277E-05
394	295.5	907.048924	7.922454102E-05
395	296.25	907.200897	8.093449576E-05
396	297	907.354729	8.266543551E-05
397	297.75	907.510436	8.441757141E-05
398	298.5	907.668039	8.619111731E-05
399	299.25	907.827556	8.798628975E-05
400	300	907.989006	8.980330802E-05
── 设定点 900 °C　夹头 100 °C　段 1「HC2」　T设定 900 °C　节点 401　段长 300 mm　控温点下标 200（x = 150 mm）　电流 1018.0 A　ΔL_A -0.001288　ΔL_B +0.047863
i	X_mm	TMetal_C	epsDiff
0	0	907.966526	8.955031144E-05
1	0.75	907.760077	8.722688813E-05
2	1.5	907.556179	8.493231328E-05
3	2.25	907.354806	8.266630430E-05
4	3	907.155935	8.042858228E-05
5	3.75	906.959541	7.821887196E-05
6	4.5	906.765601	7.603690168E-05
7	5.25	906.574091	7.388240334E-05
8	6	906.384989	7.175511236E-05
9	6.75	906.198272	6.965476767E-05
10	7.5	906.013916	6.758111161E-05
11	8.25	905.8319	6.553388996E-05
12	9	905.652202	6.351285187E-05
13	9.75	905.474801	6.151774981E-05
14	10.5	905.299675	5.954833957E-05
15	11.25	905.126802	5.760438020E-05
16	12	904.956163	5.568563401E-05
17	12.75	904.787736	5.379186647E-05
18	13.5	904.621502	5.192284624E-05
19	14.25	904.45744	5.007834511E-05
20	15	904.295531	4.825813798E-05
21	15.75	904.135755	4.646200282E-05
22	16.5	903.978094	4.468972061E-05
23	17.25	903.822527	4.294107537E-05
24	18	903.669038	4.121585410E-05
25	18.75	903.517606	3.951384672E-05
26	19.5	903.368215	3.783484610E-05
27	20.25	903.220846	3.617864797E-05
28	21	903.075481	3.454505094E-05
29	21.75	902.932104	3.293385645E-05
30	22.5	902.790697	3.134486874E-05
31	23.25	902.651242	2.977789484E-05
32	24	902.513724	2.823274452E-05
33	24.75	902.378126	2.670923027E-05
34	25.5	902.244432	2.520716729E-05
35	26.25	902.112625	2.372637347E-05
36	27	901.982691	2.226666930E-05
37	27.75	901.854613	2.082787794E-05
38	28.5	901.728376	1.940982513E-05
39	29.25	901.603965	1.801233919E-05
40	30	901.481366	1.663525098E-05
41	30.75	901.360563	1.527839391E-05
42	31.5	901.241542	1.394160388E-05
43	32.25	901.12429	1.262471927E-05
44	33	901.008791	1.132758094E-05
45	33.75	900.895033	1.005003217E-05
46	34.5	900.783002	8.791918663E-06
47	35.25	900.672684	7.553088533E-06
48	36	900.564066	6.333392258E-06
49	36.75	900.457136	5.132682672E-06
50	37.5	900.35188	3.950814951E-06
51	38.25	900.248286	2.787646583E-06
52	39	900.146342	1.643037356E-06
53	39.75	900.046035	5.168493373E-07
54	40.5	899.947355	-5.910531482E-07
55	41.25	899.850288	-1.680803532E-06
56	42	899.754823	-2.752533024E-06
57	42.75	899.66095	-3.806370626E-06
58	43.5	899.568656	-4.842443151E-06
59	44.25	899.477931	-5.860875243E-06
60	45	899.388764	-6.861789388E-06
61	45.75	899.301145	-7.845305936E-06
62	46.5	899.215063	-8.811543113E-06
63	47.25	899.130508	-9.760617038E-06
64	48	899.04747	-1.069264174E-05
65	48.75	898.965938	-1.160772918E-05
66	49.5	898.885904	-1.250598923E-05
67	50.25	898.807358	-1.338752976E-05
68	51	898.73029	-1.425245657E-05
69	51.75	898.654692	-1.510087346E-05
70	52.5	898.580554	-1.593288221E-05
71	53.25	898.507867	-1.674858265E-05
72	54	898.436624	-1.754807258E-05
73	54.75	898.366815	-1.833144787E-05
74	55.5	898.298432	-1.909880242E-05
75	56.25	898.231467	-1.985022822E-05
76	57	898.165913	-2.058581529E-05
77	57.75	898.101761	-2.130565177E-05
78	58.5	898.039003	-2.200982388E-05
79	59.25	897.977633	-2.269841596E-05
80	60	897.917644	-2.337151046E-05
81	60.75	897.859027	-2.402918795E-05
82	61.5	897.801776	-2.467152716E-05
83	62.25	897.745884	-2.529860497E-05
84	63	897.691345	-2.591049640E-05
85	63.75	897.638153	-2.650727467E-05
86	64.5	897.5863	-2.708901116E-05
87	65.25	897.535781	-2.765577544E-05
88	66	897.48659	-2.820763530E-05
89	66.75	897.43872	-2.874465671E-05
90	67.5	897.392167	-2.926690388E-05
91	68.25	897.346925	-2.977443923E-05
92	69	897.302988	-3.026732342E-05
93	69.75	897.260352	-3.074561535E-05
94	70.5	897.21901	-3.120937216E-05
95	71.25	897.178959	-3.165864927E-05
96	72	897.140194	-3.209350035E-05
97	72.75	897.102709	-3.251397732E-05
98	73.5	897.066501	-3.292013042E-05
99	74.25	897.031565	-3.331200814E-05
100	75	896.997898	-3.368965727E-05
101	75.75	896.965494	-3.405312290E-05
102	76.5	896.934351	-3.440244843E-05
103	77.25	896.904464	-3.473767555E-05
104	78	896.875831	-3.505884427E-05
105	78.75	896.848447	-3.536599292E-05
106	79.5	896.82231	-3.565915817E-05
107	80.25	896.797416	-3.593837499E-05
108	81	896.773763	-3.620367670E-05
109	81.75	896.751347	-3.645509495E-05
110	82.5	896.730166	-3.669265974E-05
111	83.25	896.710218	-3.691639941E-05
112	84	896.6915	-3.712634065E-05
113	84.75	896.674009	-3.732250850E-05
114	85.5	896.657745	-3.750492636E-05
115	86.25	896.642704	-3.767361598E-05
116	87	896.628886	-3.782859749E-05
117	87.75	896.616288	-3.796988937E-05
118	88.5	896.60491	-3.809750847E-05
119	89.25	896.594749	-3.821147000E-05
120	90	896.585804	-3.831178756E-05
121	90.75	896.578075	-3.839847311E-05
122	91.5	896.571561	-3.847153699E-05
123	92.25	896.56626	-3.853098790E-05
124	93	896.562172	-3.857683294E-05
125	93.75	896.559297	-3.860907757E-05
126	94.5	896.557634	-3.862772564E-05
127	95.25	896.557184	-3.863277937E-05
128	96	896.557945	-3.862423936E-05
129	96.75	896.559919	-3.860210460E-05
130	97.5	896.563105	-3.856637244E-05
131	98.25	896.567503	-3.851703863E-05
132	99	896.573115	-3.845409728E-05
133	99.75	896.579941	-3.837754089E-05
134	100.5	896.587982	-3.828736033E-05
135	101.25	896.597239	-3.818354484E-05
136	102	896.607712	-3.806608205E-05
137	102.75	896.619403	-3.793495795E-05
138	103.5	896.632314	-3.779015691E-05
139	104.25	896.646445	-3.763166164E-05
140	105	896.661799	-3.745945326E-05
141	105.75	896.678378	-3.727351122E-05
142	106.5	896.696183	-3.707381335E-05
143	107.25	896.715216	-3.686033582E-05
144	108	896.73548	-3.663305318E-05
145	108.75	896.756978	-3.639193830E-05
146	109.5	896.779711	-3.613696243E-05
147	110.25	896.803682	-3.586809514E-05
148	111	896.828894	-3.558530435E-05
149	111.75	896.855351	-3.528855632E-05
150	112.5	896.883055	-3.497781565E-05
151	113.25	896.91201	-3.465304523E-05
152	114	896.942218	-3.431420632E-05
153	114.75	896.973684	-3.396125847E-05
154	115.5	897.006411	-3.359415955E-05
155	116.25	897.040404	-3.321286572E-05
156	117	897.075666	-3.281733148E-05
157	117.75	897.112201	-3.240750957E-05
158	118.5	897.150013	-3.198335108E-05
159	119.25	897.189108	-3.154480533E-05
160	120	897.22949	-3.109181994E-05
161	120.75	897.271163	-3.062434080E-05
162	121.5	897.314132	-3.014231207E-05
163	122.25	897.358403	-2.964567613E-05
164	123	897.403981	-2.913437365E-05
165	123.75	897.450871	-2.860834350E-05
166	124.5	897.499079	-2.806752282E-05
167	125.25	897.54861	-2.751184694E-05
168	126	897.599471	-2.694124942E-05
169	126.75	897.651667	-2.635566202E-05
170	127.5	897.705204	-2.575501472E-05
171	128.25	897.760089	-2.513923564E-05
172	129	897.816329	-2.450825112E-05
173	129.75	897.873929	-2.386198566E-05
174	130.5	897.932897	-2.320036191E-05
175	131.25	897.99324	-2.252330067E-05
176	132	898.054965	-2.183072087E-05
177	132.75	898.11808	-2.112253960E-05
178	133.5	898.182591	-2.039867202E-05
179	134.25	898.248506	-1.965903143E-05
180	135	898.315834	-1.890352921E-05
181	135.75	898.384582	-1.813207483E-05
182	136.5	898.454758	-1.734457581E-05
183	137.25	898.526371	-1.654093776E-05
184	138	898.599428	-1.572106430E-05
185	138.75	898.67394	-1.488485711E-05
186	139.5	898.749915	-1.403221588E-05
187	140.25	898.827361	-1.316303830E-05
188	141	898.906288	-1.227722006E-05
189	141.75	898.986705	-1.137465482E-05
190	142.5	899.068622	-1.045523422E-05
191	143.25	899.152048	-9.518847830E-06
192	144	899.236994	-8.565383176E-06
193	144.75	899.323469	-7.594725691E-06
194	145.5	899.411484	-6.606758717E-06
195	146.25	899.501049	-5.601363483E-06
196	147	899.592175	-4.578419094E-06
197	147.75	899.684873	-3.537802512E-06
198	148.5	899.779154	-2.479388539E-06
199	149.25	899.875028	-1.403049801E-06
200	150	899.972508	-3.086567317E-07
201	150.75	900.071604	8.039224460E-07
202	151.5	900.17233	1.934821738E-06
203	152.25	900.274696	3.084177395E-06
204	153	900.378715	4.252127935E-06
205	153.75	900.484399	5.438814156E-06
206	154.5	900.591761	6.644379162E-06
207	155.25	900.700813	7.868968377E-06
208	156	900.811569	9.112729565E-06
209	156.75	900.924042	1.037581285E-05
210	157.5	901.038246	1.165837075E-05
211	158.25	901.154193	1.296055817E-05
212	159	901.271897	1.428253245E-05
213	159.75	901.391373	1.562445336E-05
214	160.5	901.512636	1.698648316E-05
215	161.25	901.635698	1.836878658E-05
216	162	901.760576	1.977153087E-05
217	162.75	901.887283	2.119488581E-05
218	163.5	902.015836	2.263902374E-05
219	164.25	902.146249	2.410411959E-05
220	165	902.278538	2.559035088E-05
221	165.75	902.412719	2.709789777E-05
222	166.5	902.548808	2.862694308E-05
223	167.25	902.686821	3.017767228E-05
224	168	902.826775	3.175027359E-05
225	168.75	902.968686	3.334493794E-05
226	169.5	903.112571	3.496185900E-05
227	170.25	903.258448	3.660123326E-05
228	171	903.406334	3.826326000E-05
229	171.75	903.556247	3.994814134E-05
230	172.5	903.708205	4.165608228E-05
231	173.25	903.862225	4.338729071E-05
232	174	904.018327	4.514197745E-05
233	174.75	904.176529	4.692035627E-05
234	175.5	904.33685	4.872264392E-05
235	176.25	904.499309	5.054906019E-05
236	177	904.663926	5.239982789E-05
237	177.75	904.830721	5.427517293E-05
238	178.5	904.999713	5.617532431E-05
239	179.25	905.170923	5.810051418E-05
240	180	905.344372	6.005097787E-05
241	180.75	905.52008	6.202695393E-05
242	181.5	905.698068	6.402868412E-05
243	182.25	905.878358	6.605641352E-05
244	183	906.060972	6.811039048E-05
245	183.75	906.245931	7.019086672E-05
246	184.5	906.433258	7.229809735E-05
247	185.25	906.622975	7.443234088E-05
248	186	906.815106	7.659385930E-05
249	186.75	907.009673	7.878291808E-05
250	187.5	907.2067	8.099978623E-05
251	188.25	907.40621	8.324473633E-05
252	189	907.608229	8.551804457E-05
253	189.75	907.812779	8.781999080E-05
254	190.5	908.019886	9.015085855E-05
255	191.25	908.229575	9.251093510E-05
256	192	908.441871	9.490051149E-05
257	192.75	908.6568	9.731988260E-05
258	193.5	908.874388	9.976934714E-05
259	194.25	909.094661	1.022492078E-04
260	195	909.317646	1.047597710E-04
261	195.75	909.54337	1.073013475E-04
262	196.5	909.77186	1.098742519E-04
263	197.25	910.003144	1.124788028E-04
264	198	910.23725	1.151153232E-04
265	198.75	910.474206	1.177841400E-04
266	199.5	910.714042	1.204855845E-04
267	200.25	910.956786	1.232199922E-04
268	201	911.202468	1.259877031E-04
269	201.75	911.451117	1.287890613E-04
270	202.5	911.702765	1.316244156E-04
271	203.25	911.957441	1.344941192E-04
272	204	912.215177	1.373985297E-04
273	204.75	912.476003	1.403380096E-04
274	205.5	912.739953	1.433129257E-04
275	206.25	913.007057	1.463236497E-04
276	207	913.277349	1.493705581E-04
277	207.75	913.550862	1.524540322E-04
278	208.5	913.827629	1.555744580E-04
279	209.25	914.107683	1.587322266E-04
280	210	914.391059	1.619277342E-04
281	210.75	914.677793	1.651613819E-04
282	211.5	914.967918	1.684335759E-04
283	212.25	915.26147	1.717447276E-04
284	213	915.558486	1.750952538E-04
285	213.75	915.859002	1.784855765E-04
286	214.5	916.163054	1.819161231E-04
287	215.25	916.47068	1.853873264E-04
288	216	916.781918	1.888996247E-04
289	216.75	917.096806	1.924534621E-04
290	217.5	917.415383	1.960492882E-04
291	218.25	917.737688	1.996875582E-04
292	219	918.06376	2.033687333E-04
293	219.75	918.39364	2.070932805E-04
294	220.5	918.727369	2.108616728E-04
295	221.25	919.064988	2.146743892E-04
296	222	919.406538	2.185319147E-04
297	222.75	919.752061	2.224347407E-04
298	223.5	920.101601	2.263833647E-04
299	224.25	920.4552	2.303782905E-04
300	225	920.812903	2.344200285E-04
301	225.75	921.174753	2.385090955E-04
302	226.5	921.540796	2.426460148E-04
303	227.25	921.911076	2.468313167E-04
304	228	922.285641	2.510655380E-04
305	228.75	922.664535	2.553492223E-04
306	229.5	923.047808	2.596829204E-04
307	230.25	923.435505	2.640671900E-04
308	231	923.827676	2.685025960E-04
309	231.75	924.22437	2.729897103E-04
310	232.5	924.625635	2.775291125E-04
311	233.25	925.031522	2.821213893E-04
312	234	925.442081	2.867671352E-04
313	234.75	925.857364	2.914669521E-04
314	235.5	926.277423	2.962214498E-04
315	236.25	926.702311	3.010312458E-04
316	237	927.13208	3.058969655E-04
317	237.75	927.566785	3.108192427E-04
318	238.5	928.006479	3.157987189E-04
319	239.25	928.451219	3.208360442E-04
320	240	928.90106	3.259318769E-04
321	240.75	929.356059	3.310868840E-04
322	241.5	929.816273	3.363017409E-04
323	242.25	930.28176	3.415771319E-04
324	243	930.752579	3.469137501E-04
325	243.75	931.228789	3.523122976E-04
326	244.5	931.710451	3.577734856E-04
327	245.25	932.197624	3.632980346E-04
328	246	932.690372	3.688866745E-04
329	246.75	933.188756	3.745401444E-04
330	247.5	933.69284	3.802591935E-04
331	248.25	934.202688	3.860445805E-04
332	249	934.718364	3.918970741E-04
333	249.75	935.239933	3.978174529E-04
334	250.5	935.767464	4.038065061E-04
335	251.25	936.301022	4.098650328E-04
336	252	936.840675	4.159938428E-04
337	252.75	937.386494	4.221937567E-04
338	253.5	937.938546	4.284656057E-04
339	254.25	938.496904	4.348102320E-04
340	255	939.061639	4.412284890E-04
341	255.75	939.632822	4.477212413E-04
342	256.5	940.210528	4.542893652E-04
343	257.25	940.79483	4.609337483E-04
344	258	941.385804	4.676552902E-04
345	258.75	941.983525	4.744549024E-04
346	259.5	942.588072	4.813335086E-04
347	260.25	943.199522	4.882920449E-04
348	261	943.817953	4.953314598E-04
349	261.75	944.443447	5.024527145E-04
350	262.5	945.076083	5.096567833E-04
351	263.25	945.715945	5.169446534E-04
352	264	946.363114	5.243173254E-04
353	264.75	947.017676	5.317758133E-04
354	265.5	947.679715	5.393211451E-04
355	266.25	948.349318	5.469543624E-04
356	267	949.026572	5.546765210E-04
357	267.75	949.711565	5.624886912E-04
358	268.5	950.404387	5.703919578E-04
359	269.25	951.105129	5.783874204E-04
360	270	951.813882	5.864761936E-04
361	270.75	952.530741	5.946594075E-04
362	271.5	953.255798	6.029382073E-04
363	272.25	953.989149	6.113137544E-04
364	273	954.730892	6.197872259E-04
365	273.75	955.481123	6.283598154E-04
366	274.5	956.239943	6.370327328E-04
367	275.25	957.007451	6.458072051E-04
368	276	957.783749	6.546844760E-04
369	276.75	958.56894	6.636658068E-04
370	277.5	959.363129	6.727524764E-04
371	278.25	960.166422	6.819457815E-04
372	279	960.978924	6.912470370E-04
373	279.75	961.800746	7.006575765E-04
374	280.5	962.631996	7.101787521E-04
375	281.25	963.472786	7.198119353E-04
376	282	964.323228	7.295585169E-04
377	282.75	965.183438	7.394199075E-04
378	283.5	966.05353	7.493975377E-04
379	284.25	966.933622	7.594928586E-04
380	285	967.823833	7.697073420E-04
381	285.75	968.724282	7.800424809E-04
382	286.5	969.635092	7.904997898E-04
383	287.25	970.556386	8.010808050E-04
384	288	971.488289	8.117870850E-04
385	288.75	972.430929	8.226202108E-04
386	289.5	973.384432	8.335817866E-04
387	290.25	974.34893	8.446734399E-04
388	291	975.324555	8.558968220E-04
389	291.75	976.311439	8.672536083E-04
390	292.5	977.309719	8.787454989E-04
391	293.25	978.319531	8.903742191E-04
392	294	979.341015	9.021415196E-04
393	294.75	980.374311	9.140491770E-04
394	295.5	981.419562	9.260989943E-04
395	296.25	982.476913	9.382928017E-04
396	297	983.54651	9.506324564E-04
397	297.75	984.628503	9.631198437E-04
398	298.5	985.72304	9.757568773E-04
399	299.25	986.830276	9.885454996E-04
400	300	987.950364	1.001487683E-03
── 设定点 900 °C　夹头 450 °C　段 0「HC1」　T设定 900 °C　节点 401　段长 300 mm　控温点下标 200（x = 150 mm）　电流 1017.8 A　ΔL_A +0.025448　ΔL_B +0.021956
i	X_mm	TMetal_C	epsDiff
0	0	951.583448	5.838461101E-04
1	0.75	950.881934	5.758405609E-04
2	1.5	950.188433	5.679283043E-04
3	2.25	949.502856	5.601082376E-04
4	3	948.825113	5.523792730E-04
5	3.75	948.155114	5.447403374E-04
6	4.5	947.492773	5.371903726E-04
7	5.25	946.838002	5.297283343E-04
8	6	946.190717	5.223531924E-04
9	6.75	945.550834	5.150639309E-04
10	7.5	944.918269	5.078595472E-04
11	8.25	944.292939	5.007390523E-04
12	9	943.674766	4.937014705E-04
13	9.75	943.063667	4.867458392E-04
14	10.5	942.459564	4.798712085E-04
15	11.25	941.862379	4.730766414E-04
16	12	941.272034	4.663612133E-04
17	12.75	940.688455	4.597240119E-04
18	13.5	940.111565	4.531641371E-04
19	14.25	939.54129	4.466807007E-04
20	15	938.977558	4.402728263E-04
21	15.75	938.420295	4.339396493E-04
22	16.5	937.86943	4.276803162E-04
23	17.25	937.324893	4.214939852E-04
24	18	936.786614	4.153798252E-04
25	18.75	936.254524	4.093370164E-04
26	19.5	935.728556	4.033647496E-04
27	20.25	935.208641	3.974622264E-04
28	21	934.694715	3.916286589E-04
29	21.75	934.186711	3.858632694E-04
30	22.5	933.684564	3.801652906E-04
31	23.25	933.188212	3.745339652E-04
32	24	932.69759	3.689685458E-04
33	24.75	932.212637	3.634682947E-04
34	25.5	931.733292	3.580324842E-04
35	26.25	931.259493	3.526603957E-04
36	27	930.79118	3.473513204E-04
37	27.75	930.328295	3.421045583E-04
38	28.5	929.870779	3.369194190E-04
39	29.25	929.418574	3.317952208E-04
40	30	928.971624	3.267312910E-04
41	30.75	928.529871	3.217269657E-04
42	31.5	928.093261	3.167815896E-04
43	32.25	927.661738	3.118945160E-04
44	33	927.235248	3.070651065E-04
45	33.75	926.813738	3.022927311E-04
46	34.5	926.397155	2.975767681E-04
47	35.25	925.985447	2.929166037E-04
48	36	925.578561	2.883116321E-04
49	36.75	925.176448	2.837612556E-04
50	37.5	924.779056	2.792648839E-04
51	38.25	924.386337	2.748219348E-04
52	39	923.998241	2.704318334E-04
53	39.75	923.614719	2.660940122E-04
54	40.5	923.235725	2.618079115E-04
55	41.25	922.86121	2.575729783E-04
56	42	922.491129	2.533886674E-04
57	42.75	922.125434	2.492544402E-04
58	43.5	921.764081	2.451697653E-04
59	44.25	921.407025	2.411341183E-04
60	45	921.054221	2.371469815E-04
61	45.75	920.705626	2.332078441E-04
62	46.5	920.361196	2.293162018E-04
63	47.25	920.020889	2.254715569E-04
64	48	919.684663	2.216734183E-04
65	48.75	919.352476	2.179213012E-04
66	49.5	919.024286	2.142147272E-04
67	50.25	918.700054	2.105532242E-04
68	51	918.37974	2.069363262E-04
69	51.75	918.063303	2.033635733E-04
70	52.5	917.750705	1.998345117E-04
71	53.25	917.441908	1.963486934E-04
72	54	917.136872	1.929056766E-04
73	54.75	916.835562	1.895050250E-04
74	55.5	916.537939	1.861463081E-04
75	56.25	916.243967	1.828291013E-04
76	57	915.95361	1.795529853E-04
77	57.75	915.666832	1.763175466E-04
78	58.5	915.383599	1.731223770E-04
79	59.25	915.103874	1.699670738E-04
80	60	914.827625	1.668512396E-04
81	60.75	914.554817	1.637744823E-04
82	61.5	914.285417	1.607364151E-04
83	62.25	914.019391	1.577366563E-04
84	63	913.756708	1.547748292E-04
85	63.75	913.497334	1.518505624E-04
86	64.5	913.241239	1.489634893E-04
87	65.25	912.988392	1.461132481E-04
88	66	912.73876	1.432994823E-04
89	66.75	912.492314	1.405218398E-04
90	67.5	912.249024	1.377799736E-04
91	68.25	912.00886	1.350735411E-04
92	69	911.771793	1.324022045E-04
93	69.75	911.537794	1.297656308E-04
94	70.5	911.306834	1.271634913E-04
95	71.25	911.078885	1.245954619E-04
96	72	910.85392	1.220612229E-04
97	72.75	910.631911	1.195604591E-04
98	73.5	910.412831	1.170928597E-04
99	74.25	910.196654	1.146581181E-04
100	75	909.983354	1.122559320E-04
101	75.75	909.772903	1.098860035E-04
102	76.5	909.565278	1.075480386E-04
103	77.25	909.360453	1.052417476E-04
104	78	909.158402	1.029668449E-04
105	78.75	908.959102	1.007230489E-04
106	79.5	908.762528	9.851008209E-05
107	80.25	908.568657	9.632767086E-05
108	81	908.377465	9.417554555E-05
109	81.75	908.188928	9.205344039E-05
110	82.5	908.003025	8.996109346E-05
111	83.25	907.819733	8.789824666E-05
112	84	907.639028	8.586464567E-05
113	84.75	907.460891	8.386003990E-05
114	85.5	907.285298	8.188418246E-05
115	86.25	907.11223	7.993683013E-05
116	87	906.941664	7.801774331E-05
117	87.75	906.773581	7.612668602E-05
118	88.5	906.607961	7.426342581E-05
119	89.25	906.444782	7.242773379E-05
120	90	906.284026	7.061938454E-05
121	90.75	906.125673	6.883815611E-05
122	91.5	905.969704	6.708382997E-05
123	92.25	905.816101	6.535619102E-05
124	93	905.664844	6.365502749E-05
125	93.75	905.515916	6.198013097E-05
126	94.5	905.369299	6.033129635E-05
127	95.25	905.224975	5.870832181E-05
128	96	905.082926	5.711100875E-05
129	96.75	904.943136	5.553916183E-05
130	97.5	904.805588	5.399258888E-05
131	98.25	904.670265	5.247110089E-05
132	99	904.537152	5.097451202E-05
133	99.75	904.406231	4.950263950E-05
134	100.5	904.277488	4.805530368E-05
135	101.25	904.150907	4.663232796E-05
136	102	904.026472	4.523353879E-05
137	102.75	903.90417	4.385876560E-05
138	103.5	903.783984	4.250784085E-05
139	104.25	903.665901	4.118059993E-05
140	105	903.549907	3.987688119E-05
141	105.75	903.435987	3.859652590E-05
142	106.5	903.324129	3.733937822E-05
143	107.25	903.214318	3.610528518E-05
144	108	903.106542	3.489409667E-05
145	108.75	903.000787	3.370566542E-05
146	109.5	902.897041	3.253984697E-05
147	110.25	902.795291	3.139649964E-05
148	111	902.695526	3.027548452E-05
149	111.75	902.597734	2.917666548E-05
150	112.5	902.501902	2.809990910E-05
151	113.25	902.408019	2.704508468E-05
152	114	902.316074	2.601206422E-05
153	114.75	902.226056	2.500072240E-05
154	115.5	902.137955	2.401093657E-05
155	116.25	902.051759	2.304258670E-05
156	117	901.967459	2.209555542E-05
157	117.75	901.885044	2.116972796E-05
158	118.5	901.804504	2.026499215E-05
159	119.25	901.725831	1.938123838E-05
160	120	901.649014	1.851835964E-05
161	120.75	901.574044	1.767625145E-05
162	121.5	901.500913	1.685481187E-05
163	122.25	901.429611	1.605394150E-05
164	123	901.360131	1.527354342E-05
165	123.75	901.292463	1.451352323E-05
166	124.5	901.226601	1.377378901E-05
167	125.25	901.162535	1.305425131E-05
168	126	901.100258	1.235482312E-05
169	126.75	901.039764	1.167541991E-05
170	127.5	900.981044	1.101595956E-05
171	128.25	900.924091	1.037636238E-05
172	129	900.8689	9.756551108E-06
173	129.75	900.815463	9.156450862E-06
174	130.5	900.763774	8.575989166E-06
175	131.25	900.713826	8.015095923E-06
176	132	900.665614	7.473703411E-06
177	132.75	900.619133	6.951746271E-06
178	133.5	900.574376	6.449161497E-06
179	134.25	900.531338	5.965888432E-06
180	135	900.490014	5.501868757E-06
181	135.75	900.4504	5.057046482E-06
182	136.5	900.41249	4.631367941E-06
183	137.25	900.376279	4.224781782E-06
184	138	900.341765	3.837238964E-06
185	138.75	900.308942	3.468692745E-06
186	139.5	900.277806	3.119098680E-06
187	140.25	900.248354	2.788414613E-06
188	141	900.220583	2.476600673E-06
189	141.75	900.194489	2.183619265E-06
190	142.5	900.170069	1.909435070E-06
191	143.25	900.14732	1.654015036E-06
192	144	900.126239	1.417328375E-06
193	144.75	900.106824	1.199346558E-06
194	145.5	900.089073	1.000043316E-06
195	146.25	900.072983	8.193946274E-07
196	147	900.058552	6.573787233E-07
197	147.75	900.045779	5.139760796E-07
198	148.5	900.034663	3.891694165E-07
199	149.25	900.025202	2.829436951E-07
200	150	900.017394	1.952861162E-07
201	150.75	900.011239	1.261861180E-07
202	151.5	900.006737	7.563537470E-08
203	152.25	900.003886	4.362779585E-08
204	153	900.002686	3.015952503E-08
205	153.75	900.003138	3.522893954E-08
206	154.5	900.005241	5.883665015E-08
207	155.25	900.008995	1.009855012E-07
208	156	900.014401	1.616805710E-07
209	156.75	900.021459	2.409291723E-07
210	157.5	900.030171	3.387408538E-07
211	158.25	900.040538	4.551274008E-07
212	159	900.05256	5.901028372E-07
213	159.75	900.066239	7.436834273E-07
214	160.5	900.081577	9.158876779E-07
215	161.25	900.098575	1.106736341E-06
216	162	900.117236	1.316252416E-06
217	162.75	900.137562	1.544461155E-06
218	163.5	900.159555	1.791390062E-06
219	164.25	900.183218	2.057068900E-06
220	165	900.208553	2.341529696E-06
221	165.75	900.235564	2.644806740E-06
222	166.5	900.264254	2.966936597E-06
223	167.25	900.294626	3.307958104E-06
224	168	900.326684	3.667912383E-06
225	168.75	900.360432	4.046842841E-06
226	169.5	900.395874	4.444795177E-06
227	170.25	900.433013	4.861817391E-06
228	171	900.471855	5.297959787E-06
229	171.75	900.512404	5.753274981E-06
230	172.5	900.554664	6.227817910E-06
231	173.25	900.598642	6.721645836E-06
232	174	900.644341	7.234818357E-06
233	174.75	900.691768	7.767397412E-06
234	175.5	900.740929	8.319447294E-06
235	176.25	900.791828	8.891034653E-06
236	177	900.844472	9.482228509E-06
237	177.75	900.898868	1.009310026E-05
238	178.5	900.955022	1.072372369E-05
239	179.25	901.01294	1.137417499E-05
240	180	901.07263	1.204453275E-05
241	180.75	901.134098	1.273487798E-05
242	181.5	901.197352	1.344529412E-05
243	182.25	901.2624	1.417586706E-05
244	183	901.329249	1.492668513E-05
245	183.75	901.397907	1.569783913E-05
246	184.5	901.468383	1.648942236E-05
247	185.25	901.540684	1.730153057E-05
248	186	901.614819	1.813426204E-05
249	186.75	901.690798	1.898771757E-05
250	187.5	901.76863	1.986200047E-05
251	188.25	901.848322	2.075721661E-05
252	189	901.929886	2.167347443E-05
253	189.75	902.013331	2.261088492E-05
254	190.5	902.098667	2.356956168E-05
255	191.25	902.185904	2.454962090E-05
256	192	902.275052	2.555118140E-05
257	192.75	902.366122	2.657436465E-05
258	193.5	902.459126	2.761929474E-05
259	194.25	902.554073	2.868609848E-05
260	195	902.650976	2.977490532E-05
261	195.75	902.749846	3.088584745E-05
262	196.5	902.850695	3.201905977E-05
263	197.25	902.953535	3.317467995E-05
264	198	903.058378	3.435284838E-05
265	198.75	903.165237	3.555370828E-05
266	199.5	903.274124	3.677740563E-05
267	200.25	903.385054	3.802408927E-05
268	201	903.498038	3.929391085E-05
269	201.75	903.61309	4.058702492E-05
270	202.5	903.730225	4.190358889E-05
271	203.25	903.849456	4.324376310E-05
272	204	903.970798	4.460771079E-05
273	204.75	904.094265	4.599559820E-05
274	205.5	904.219872	4.740759450E-05
275	206.25	904.347633	4.884387189E-05
276	207	904.477565	5.030460560E-05
277	207.75	904.609684	5.178997389E-05
278	208.5	904.744003	5.330015810E-05
279	209.25	904.880541	5.483534269E-05
280	210	905.019313	5.639571523E-05
281	210.75	905.160336	5.798146644E-05
282	211.5	905.303627	5.959279023E-05
283	212.25	905.449204	6.122988372E-05
284	213	905.597083	6.289294727E-05
285	213.75	905.747282	6.458218450E-05
286	214.5	905.89982	6.629780231E-05
287	215.25	906.054715	6.804001095E-05
288	216	906.211985	6.980902400E-05
289	216.75	906.37165	7.160505845E-05
290	217.5	906.533729	7.342833468E-05
291	218.25	906.69824	7.527907654E-05
292	219	906.865205	7.715751134E-05
293	219.75	907.034644	7.906386991E-05
294	220.5	907.206576	8.099838664E-05
295	221.25	907.381022	8.296129948E-05
296	222	907.558004	8.495285000E-05
297	222.75	907.737542	8.697328343E-05
298	223.5	907.919659	8.902284867E-05
299	224.25	908.104377	9.110179835E-05
300	225	908.291718	9.321038885E-05
301	225.75	908.481704	9.534888037E-05
302	226.5	908.674358	9.751753691E-05
303	227.25	908.869705	9.971662638E-05
304	228	909.067767	1.019464206E-04
305	228.75	909.268568	1.042071952E-04
306	229.5	909.472133	1.064992301E-04
307	230.25	909.678487	1.088228090E-04
308	231	909.887654	1.111782198E-04
309	231.75	910.09966	1.135657544E-04
310	232.5	910.314531	1.159857090E-04
311	233.25	910.532292	1.184383839E-04
312	234	910.752971	1.209240838E-04
313	234.75	910.976593	1.234431175E-04
314	235.5	911.203186	1.259957983E-04
315	236.25	911.432779	1.285824439E-04
316	237	911.665397	1.312033762E-04
317	237.75	911.901071	1.338589219E-04
318	238.5	912.139829	1.365494120E-04
319	239.25	912.381699	1.392751823E-04
320	240	912.626711	1.420365731E-04
321	240.75	912.874895	1.448339294E-04
322	241.5	913.126282	1.476676009E-04
323	242.25	913.380902	1.505379422E-04
324	243	913.638786	1.534453127E-04
325	243.75	913.899966	1.563900768E-04
326	244.5	914.164473	1.593726037E-04
327	245.25	914.432341	1.623932677E-04
328	246	914.703601	1.654524482E-04
329	246.75	914.978287	1.685505297E-04
330	247.5	915.256433	1.716879019E-04
331	248.25	915.538072	1.748649599E-04
332	249	915.82324	1.780821038E-04
333	249.75	916.111971	1.813397394E-04
334	250.5	916.4043	1.846382778E-04
335	251.25	916.700264	1.879781356E-04
336	252	916.9999	1.913597350E-04
337	252.75	917.303243	1.947835039E-04
338	253.5	917.610331	1.982498759E-04
339	254.25	917.921202	2.017592903E-04
340	255	918.235895	2.053121923E-04
341	255.75	918.554448	2.089090331E-04
342	256.5	918.8769	2.125502697E-04
343	257.25	919.203291	2.162363655E-04
344	258	919.533662	2.199677896E-04
345	258.75	919.868053	2.237450178E-04
346	259.5	920.206506	2.275685318E-04
347	260.25	920.549063	2.314388199E-04
348	261	920.895766	2.353563769E-04
349	261.75	921.246657	2.393217039E-04
350	262.5	921.601781	2.433353088E-04
351	263.25	921.961182	2.473977063E-04
352	264	922.324904	2.515094176E-04
353	264.75	922.692992	2.556709711E-04
354	265.5	923.065493	2.598829019E-04
355	266.25	923.442452	2.641457523E-04
356	267	923.823917	2.684600717E-04
357	267.75	924.209934	2.728264169E-04
358	268.5	924.600553	2.772453518E-04
359	269.25	924.995821	2.817174478E-04
360	270	925.395789	2.862432840E-04
361	270.75	925.800506	2.908234468E-04
362	271.5	926.210023	2.954585307E-04
363	272.25	926.624392	3.001491377E-04
364	273	927.043663	3.048958780E-04
365	273.75	927.46789	3.096993697E-04
366	274.5	927.897126	3.145602391E-04
367	275.25	928.331424	3.194791207E-04
368	276	928.77084	3.244566575E-04
369	276.75	929.215429	3.294935008E-04
370	277.5	929.665246	3.345903106E-04
371	278.25	930.120349	3.397477557E-04
372	279	930.580794	3.449665136E-04
373	279.75	931.04664	3.502472708E-04
374	280.5	931.517946	3.555907229E-04
375	281.25	931.994771	3.609975747E-04
376	282	932.477176	3.664685404E-04
377	282.75	932.965222	3.720043434E-04
378	283.5	933.45897	3.776057171E-04
379	284.25	933.958483	3.832734043E-04
380	285	934.463826	3.890081579E-04
381	285.75	934.975061	3.948107405E-04
382	286.5	935.492254	4.006819253E-04
383	287.25	936.015472	4.066224953E-04
384	288	936.54478	4.126332443E-04
385	288.75	937.080246	4.187149766E-04
386	289.5	937.621939	4.248685072E-04
387	290.25	938.169928	4.310946619E-04
388	291	938.724284	4.373942777E-04
389	291.75	939.285076	4.437682028E-04
390	292.5	939.852378	4.502172967E-04
391	293.25	940.426261	4.567424306E-04
392	294	941.006801	4.633444872E-04
393	294.75	941.594071	4.700243611E-04
394	295.5	942.188147	4.767829593E-04
395	296.25	942.789106	4.836212005E-04
396	297	943.397026	4.905400164E-04
397	297.75	944.011984	4.975403507E-04
398	298.5	944.634062	5.046231604E-04
399	299.25	945.263338	5.117894152E-04
400	300	945.899896	5.190400981E-04
── 设定点 900 °C　夹头 450 °C　段 1「HC2」　T设定 900 °C　节点 401　段长 300 mm　控温点下标 200（x = 150 mm）　电流 1014.1 A　ΔL_A +0.019727　ΔL_B +0.044142
i	X_mm	TMetal_C	epsDiff
0	0	945.880095	5.188145332E-04
1	0.75	945.201754	5.110880193E-04
2	1.5	944.531277	5.034527849E-04
3	2.25	943.868579	4.959077752E-04
4	3	943.213571	4.884519496E-04
5	3.75	942.56617	4.810842821E-04
6	4.5	941.926292	4.738037605E-04
7	5.25	941.293853	4.666093863E-04
8	6	940.668772	4.595001749E-04
9	6.75	940.050968	4.524751549E-04
10	7.5	939.440361	4.455333681E-04
11	8.25	938.836873	4.386738694E-04
12	9	938.240426	4.318957264E-04
13	9.75	937.650943	4.251980196E-04
14	10.5	937.068349	4.185798416E-04
15	11.25	936.492569	4.120402975E-04
16	12	935.923528	4.055785045E-04
17	12.75	935.361155	3.991935916E-04
18	13.5	934.805377	3.928846997E-04
19	14.25	934.256123	3.866509811E-04
20	15	933.713323	3.804915996E-04
21	15.75	933.176908	3.744057305E-04
22	16.5	932.64681	3.683925599E-04
23	17.25	932.12296	3.624512848E-04
24	18	931.605293	3.565811134E-04
25	18.75	931.093743	3.507812641E-04
26	19.5	930.588245	3.450509661E-04
27	20.25	930.088734	3.393894587E-04
28	21	929.595148	3.337959917E-04
29	21.75	929.107424	3.282698248E-04
30	22.5	928.625501	3.228102276E-04
31	23.25	928.149317	3.174164796E-04
32	24	927.678812	3.120878699E-04
33	24.75	927.213928	3.068236973E-04
34	25.5	926.754605	3.016232698E-04
35	26.25	926.300786	2.964859047E-04
36	27	925.852414	2.914109286E-04
37	27.75	925.409433	2.863976771E-04
38	28.5	924.971786	2.814454946E-04
39	29.25	924.539419	2.765537345E-04
40	30	924.112279	2.717217587E-04
41	30.75	923.69031	2.669489377E-04
42	31.5	923.273461	2.622346507E-04
43	32.25	922.86168	2.575782850E-04
44	33	922.454914	2.529792363E-04
45	33.75	922.053114	2.484369082E-04
46	34.5	921.656229	2.439507126E-04
47	35.25	921.26421	2.395200692E-04
48	36	920.877007	2.351444057E-04
49	36.75	920.494574	2.308231573E-04
50	37.5	920.116861	2.265557670E-04
51	38.25	919.743823	2.223416852E-04
52	39	919.375413	2.181803701E-04
53	39.75	919.011585	2.140712867E-04
54	40.5	918.652294	2.100139078E-04
55	41.25	918.297496	2.060077131E-04
56	42	917.947147	2.020521895E-04
57	42.75	917.601203	1.981468307E-04
58	43.5	917.259621	1.942911376E-04
59	44.25	916.92236	1.904846177E-04
60	45	916.589378	1.867267855E-04
61	45.75	916.260634	1.830171620E-04
62	46.5	915.936086	1.793552748E-04
63	47.25	915.615696	1.757406581E-04
64	48	915.299424	1.721728524E-04
65	48.75	914.98723	1.686514048E-04
66	49.5	914.679077	1.651758685E-04
67	50.25	914.374927	1.617458030E-04
68	51	914.074741	1.583607738E-04
69	51.75	913.778484	1.550203527E-04
70	52.5	913.486119	1.517241174E-04
71	53.25	913.197609	1.484716516E-04
72	54	912.912921	1.452625447E-04
73	54.75	912.632018	1.420963921E-04
74	55.5	912.354867	1.389727949E-04
75	56.25	912.081434	1.358913598E-04
76	57	911.811684	1.328516991E-04
77	57.75	911.545586	1.298534309E-04
78	58.5	911.283107	1.268961785E-04
79	59.25	911.024214	1.239795707E-04
80	60	910.768875	1.211032419E-04
81	60.75	910.517061	1.182668315E-04
82	61.5	910.26874	1.154699844E-04
83	62.25	910.023882	1.127123505E-04
84	63	909.782457	1.099935851E-04
85	63.75	909.544436	1.073133485E-04
86	64.5	909.309789	1.046713059E-04
87	65.25	909.078488	1.020671277E-04
88	66	908.850506	9.950048904E-05
89	66.75	908.625814	9.697107021E-05
90	67.5	908.404385	9.447855615E-05
91	68.25	908.186192	9.202263667E-05
92	69	907.971208	8.960300629E-05
93	69.75	907.759409	8.721936428E-05
94	70.5	907.550767	8.487141453E-05
95	71.25	907.345258	8.255886555E-05
96	72	907.142857	8.028143043E-05
97	72.75	906.943538	7.803882677E-05
98	73.5	906.747279	7.583077665E-05
99	74.25	906.554056	7.365700660E-05
100	75	906.363844	7.151724755E-05
101	75.75	906.176621	6.941123476E-05
102	76.5	905.992365	6.733870784E-05
103	77.25	905.811052	6.529941066E-05
104	78	905.632662	6.329309134E-05
105	78.75	905.457173	6.131950220E-05
106	79.5	905.284563	5.937839971E-05
107	80.25	905.114811	5.746954450E-05
108	81	904.947898	5.559270126E-05
109	81.75	904.783802	5.374763877E-05
110	82.5	904.622505	5.193412981E-05
111	83.25	904.463987	5.015195117E-05
112	84	904.308229	4.840088359E-05
113	84.75	904.155211	4.668071173E-05
114	85.5	904.004916	4.499122414E-05
115	86.25	903.857325	4.333221327E-05
116	87	903.712421	4.170347535E-05
117	87.75	903.570187	4.010481045E-05
118	88.5	903.430604	3.853602239E-05
119	89.25	903.293657	3.699691877E-05
120	90	903.159329	3.548731086E-05
121	90.75	903.027603	3.400701366E-05
122	91.5	902.898465	3.255584581E-05
123	92.25	902.771897	3.113362958E-05
124	93	902.647887	2.974019088E-05
125	93.75	902.526417	2.837535918E-05
126	94.5	902.407474	2.703896751E-05
127	95.25	902.291044	2.573085245E-05
128	96	902.177112	2.445085408E-05
129	96.75	902.065666	2.319881598E-05
130	97.5	901.95669	2.197458520E-05
131	98.25	901.850174	2.077801222E-05
132	99	901.746103	1.960895095E-05
133	99.75	901.644465	1.846725871E-05
134	100.5	901.545248	1.735279619E-05
135	101.25	901.44844	1.626542745E-05
136	102	901.35403	1.520501989E-05
137	102.75	901.262006	1.417144423E-05
138	103.5	901.172358	1.316457452E-05
139	104.25	901.085074	1.218428805E-05
140	105	901.000144	1.123046543E-05
141	105.75	900.917558	1.030299048E-05
142	106.5	900.837306	9.401750291E-06
143	107.25	900.759379	8.526635153E-06
144	108	900.683766	7.677538567E-06
145	108.75	900.61046	6.854357224E-06
146	109.5	900.539451	6.056990988E-06
147	110.25	900.470731	5.285342886E-06
148	111	900.404292	4.539319089E-06
149	111.75	900.340125	3.818828905E-06
150	112.5	900.278223	3.123784760E-06
151	113.25	900.218579	2.454102189E-06
152	114	900.161186	1.809699823E-06
153	114.75	900.106036	1.190499381E-06
154	115.5	900.053123	5.964256509E-07
155	116.25	900.002441	2.740648816E-08
156	117	899.953984	-5.166272007E-07
157	117.75	899.907745	-1.035741465E-06
158	118.5	899.86372	-1.529999321E-06
159	119.25	899.821903	-1.999460759E-06
160	120	899.78229	-2.444182751E-06
161	120.75	899.744874	-2.864219264E-06
162	121.5	899.709653	-3.259621260E-06
163	122.25	899.676622	-3.630436710E-06
164	123	899.645776	-3.976710595E-06
165	123.75	899.617112	-4.298484917E-06
166	124.5	899.590627	-4.595798702E-06
167	125.25	899.566318	-4.868688008E-06
168	126	899.544181	-5.117185925E-06
169	126.75	899.524215	-5.341322587E-06
170	127.5	899.506416	-5.541125170E-06
171	128.25	899.490782	-5.716617900E-06
172	129	899.477312	-5.867822051E-06
173	129.75	899.466004	-5.994755956E-06
174	130.5	899.456857	-6.097435002E-06
175	131.25	899.44987	-6.175871637E-06
176	132	899.445041	-6.230075368E-06
177	132.75	899.442371	-6.260052767E-06
178	133.5	899.441858	-6.265807467E-06
179	134.25	899.443503	-6.247340165E-06
180	135	899.447306	-6.204648624E-06
181	135.75	899.453268	-6.137727667E-06
182	136.5	899.461389	-6.046569184E-06
183	137.25	899.47167	-5.931162123E-06
184	138	899.484112	-5.791492493E-06
185	138.75	899.498717	-5.627543364E-06
186	139.5	899.515487	-5.439294858E-06
187	140.25	899.534423	-5.226724151E-06
188	141	899.555529	-4.989805471E-06
189	141.75	899.578805	-4.728510090E-06
190	142.5	899.604256	-4.442806322E-06
191	143.25	899.631884	-4.132659521E-06
192	144	899.661692	-3.798032071E-06
193	144.75	899.693685	-3.438883386E-06
194	145.5	899.727865	-3.055169900E-06
195	146.25	899.764237	-2.646845065E-06
196	147	899.802806	-2.213859339E-06
197	147.75	899.843575	-1.756160186E-06
198	148.5	899.88655	-1.273692061E-06
199	149.25	899.931736	-7.663964106E-07
200	150	899.979139	-2.342116562E-07
201	150.75	900.028763	3.229268086E-07
202	151.5	900.080615	9.050866295E-07
203	152.25	900.134701	1.512338501E-06
204	153	900.191028	2.144756175E-06
205	153.75	900.249601	2.802416473E-06
206	154.5	900.310429	3.485399297E-06
207	155.25	900.373519	4.193787638E-06
208	156	900.438877	4.927667590E-06
209	156.75	900.506513	5.687128364E-06
210	157.5	900.576433	6.472262296E-06
211	158.25	900.648647	7.283164864E-06
212	159	900.723162	8.119934698E-06
213	159.75	900.799988	8.982673598E-06
214	160.5	900.879134	9.871486547E-06
215	161.25	900.96061	1.078648172E-05
216	162	901.044425	1.172777052E-05
217	162.75	901.130589	1.269546755E-05
218	163.5	901.219113	1.368969069E-05
219	164.25	901.310007	1.471056107E-05
220	165	901.403281	1.575820308E-05
221	165.75	901.498948	1.683274443E-05
222	166.5	901.597019	1.793431613E-05
223	167.25	901.697505	1.906305255E-05
224	168	901.800418	2.021909138E-05
225	168.75	901.905771	2.140257370E-05
226	169.5	902.013577	2.261364398E-05
227	170.25	902.123848	2.385245010E-05
228	171	902.236597	2.511914338E-05
229	171.75	902.351838	2.641387860E-05
230	172.5	902.469585	2.773681400E-05
231	173.25	902.589852	2.908811134E-05
232	174	902.712654	3.046793590E-05
233	174.75	902.838004	3.187645651E-05
234	175.5	902.965919	3.331384557E-05
235	176.25	903.096413	3.478027908E-05
236	177	903.229503	3.627593666E-05
237	177.75	903.365204	3.780100160E-05
238	178.5	903.503532	3.935566083E-05
239	179.25	903.644504	4.094010501E-05
240	180	903.788138	4.255452853E-05
241	180.75	903.93445	4.419912953E-05
242	181.5	904.083457	4.587410994E-05
243	182.25	904.235179	4.757967552E-05
244	183	904.389633	4.931603587E-05
245	183.75	904.546837	5.108340447E-05
246	184.5	904.706812	5.288199871E-05
247	185.25	904.869575	5.471203992E-05
248	186	905.035147	5.657375341E-05
249	186.75	905.203547	5.846736851E-05
250	187.5	905.374796	6.039311856E-05
251	188.25	905.548915	6.235124101E-05
252	189	905.725924	6.434197741E-05
253	189.75	905.905845	6.636557345E-05
254	190.5	906.0887	6.842227902E-05
255	191.25	906.274511	7.051234822E-05
256	192	906.463299	7.263603943E-05
257	192.75	906.655089	7.479361530E-05
258	193.5	906.849903	7.698534283E-05
259	194.25	907.047764	7.921149341E-05
260	195	907.248697	8.147234284E-05
261	195.75	907.452727	8.376817138E-05
262	196.5	907.659877	8.609926379E-05
263	197.25	907.870173	8.846590938E-05
264	198	908.08364	9.086840207E-05
265	198.75	908.300305	9.330704037E-05
266	199.5	908.520193	9.578212751E-05
267	200.25	908.743331	9.829397143E-05
268	201	908.969747	1.008428849E-04
269	201.75	909.199467	1.034291853E-04
270	202.5	909.43252	1.060531952E-04
271	203.25	909.668935	1.087152419E-04
272	204	909.908739	1.114156577E-04
273	204.75	910.151962	1.141547798E-04
274	205.5	910.398634	1.169329508E-04
275	206.25	910.648784	1.197505180E-04
276	207	910.902444	1.226078343E-04
277	207.75	911.159644	1.255052576E-04
278	208.5	911.420415	1.284431511E-04
279	209.25	911.68479	1.314218833E-04
280	210	911.9528	1.344418284E-04
281	210.75	912.224479	1.375033656E-04
282	211.5	912.49986	1.406068801E-04
283	212.25	912.778975	1.437527624E-04
284	213	913.061861	1.469414088E-04
285	213.75	913.34855	1.501732210E-04
286	214.5	913.639078	1.534486070E-04
287	215.25	913.933482	1.567679801E-04
288	216	914.231796	1.601317600E-04
289	216.75	914.534058	1.635403719E-04
290	217.5	914.840305	1.669942475E-04
291	218.25	915.150574	1.704938243E-04
292	219	915.464903	1.740395460E-04
293	219.75	915.783332	1.776318628E-04
294	220.5	916.105899	1.812712309E-04
295	221.25	916.432644	1.849581132E-04
296	222	916.763607	1.886929789E-04
297	222.75	917.09883	1.924763039E-04
298	223.5	917.438353	1.963085705E-04
299	224.25	917.782219	2.001902680E-04
300	225	918.13047	2.041218922E-04
301	225.75	918.483148	2.081039462E-04
302	226.5	918.840299	2.121369396E-04
303	227.25	919.201965	2.162213894E-04
304	228	919.568193	2.203578195E-04
305	228.75	919.939026	2.245467612E-04
306	229.5	920.314511	2.287887530E-04
307	230.25	920.694696	2.330843408E-04
308	231	921.079626	2.374340781E-04
309	231.75	921.469351	2.418385260E-04
310	232.5	921.863918	2.462982531E-04
311	233.25	922.263376	2.508138360E-04
312	234	922.667776	2.553858592E-04
313	234.75	923.077167	2.600149149E-04
314	235.5	923.491602	2.647016038E-04
315	236.25	923.911131	2.694465344E-04
316	237	924.335808	2.742503238E-04
317	237.75	924.765685	2.791135973E-04
318	238.5	925.200816	2.840369890E-04
319	239.25	925.641255	2.890211414E-04
320	240	926.087059	2.940667057E-04
321	240.75	926.538283	2.991743422E-04
322	241.5	926.994983	3.043447200E-04
323	242.25	927.457217	3.095785173E-04
324	243	927.925044	3.148764218E-04
325	243.75	928.398522	3.202391301E-04
326	244.5	928.87771	3.256673487E-04
327	245.25	929.362671	3.311617934E-04
328	246	929.853463	3.367231900E-04
329	246.75	930.350151	3.423522739E-04
330	247.5	930.852796	3.480497907E-04
331	248.25	931.361463	3.538164960E-04
332	249	931.876215	3.596531559E-04
333	249.75	932.397119	3.655605468E-04
334	250.5	932.924239	3.715394555E-04
335	251.25	933.457644	3.775906800E-04
336	252	933.997402	3.837150286E-04
337	252.75	934.54358	3.899133211E-04
338	253.5	935.09625	3.961863881E-04
339	254.25	935.65548	4.025350720E-04
340	255	936.221344	4.089602262E-04
341	255.75	936.793912	4.154627162E-04
342	256.5	937.37326	4.220434191E-04
343	257.25	937.95946	4.287032241E-04
344	258	938.552588	4.354430326E-04
345	258.75	939.152721	4.422637583E-04
346	259.5	939.759935	4.491663274E-04
347	260.25	940.374309	4.561516791E-04
348	261	940.995923	4.632207653E-04
349	261.75	941.624855	4.703745509E-04
350	262.5	942.261188	4.776140145E-04
351	263.25	942.905004	4.849401478E-04
352	264	943.556387	4.923539565E-04
353	264.75	944.21542	4.998564600E-04
354	265.5	944.88219	5.074486920E-04
355	266.25	945.556783	5.151317004E-04
356	267	946.239288	5.229065479E-04
357	267.75	946.929792	5.307743116E-04
358	268.5	947.628386	5.387360840E-04
359	269.25	948.335162	5.467929725E-04
360	270	949.050212	5.549461003E-04
361	270.75	949.773629	5.631966061E-04
362	271.5	950.505509	5.715456447E-04
363	272.25	951.245948	5.799943869E-04
364	273	951.995042	5.885440203E-04
365	273.75	952.752892	5.971957489E-04
366	274.5	953.519597	6.059507938E-04
367	275.25	954.295257	6.148103936E-04
368	276	955.079976	6.237758041E-04
369	276.75	955.873858	6.328482991E-04
370	277.5	956.677008	6.420291705E-04
371	278.25	957.489533	6.513197285E-04
372	279	958.31154	6.607213022E-04
373	279.75	959.14314	6.702352395E-04
374	280.5	959.984443	6.798629077E-04
375	281.25	960.835562	6.896056938E-04
376	282	961.696611	6.994650047E-04
377	282.75	962.567705	7.094422675E-04
378	283.5	963.448961	7.195389301E-04
379	284.25	964.340498	7.297564613E-04
380	285	965.242435	7.400963511E-04
381	285.75	966.154895	7.505601114E-04
382	286.5	967.078	7.611492761E-04
383	287.25	968.011877	7.718654013E-04
384	288	968.95665	7.827100662E-04
385	288.75	969.912449	7.936848731E-04
386	289.5	970.879404	8.047914477E-04
387	290.25	971.857646	8.160314401E-04
388	291	972.84731	8.274065245E-04
389	291.75	973.848529	8.389184000E-04
390	292.5	974.861442	8.505687911E-04
391	293.25	975.886187	8.623594479E-04
392	294	976.922906	8.742921468E-04
393	294.75	977.97174	8.863686907E-04
394	295.5	979.032836	8.985909098E-04
395	296.25	980.106339	9.109606618E-04
396	297	981.192398	9.234798324E-04
397	297.75	982.291164	9.361503361E-04
398	298.5	983.40279	9.489741164E-04
399	299.25	984.527429	9.619531466E-04
400	300	985.665241	9.750894299E-04
── 设定点 1000 °C　夹头 100 °C　段 0「HC1」　T设定 1000 °C　节点 401　段长 300 mm　控温点下标 200（x = 150 mm）　电流 1097.0 A　ΔL_A +0.024855　ΔL_B +0.002013
i	X_mm	TMetal_C	epsDiff
0	0	1044.426734	5.199522873E-04
1	0.75	1043.866255	5.133375579E-04
2	1.5	1043.311971	5.067973635E-04
3	2.25	1042.763811	5.003308374E-04
4	3	1042.221709	4.939371234E-04
5	3.75	1041.685596	4.876153768E-04
6	4.5	1041.155404	4.813647634E-04
7	5.25	1040.631069	4.751844598E-04
8	6	1040.112525	4.690736530E-04
9	6.75	1039.599707	4.630315405E-04
10	7.5	1039.092552	4.570573299E-04
11	8.25	1038.590996	4.511502389E-04
12	9	1038.094977	4.453094950E-04
13	9.75	1037.604435	4.395343357E-04
14	10.5	1037.119307	4.338240079E-04
15	11.25	1036.639535	4.281777682E-04
16	12	1036.165058	4.225948825E-04
17	12.75	1035.695819	4.170746260E-04
18	13.5	1035.231759	4.116162828E-04
19	14.25	1034.772821	4.062191463E-04
20	15	1034.318948	4.008825184E-04
21	15.75	1033.870085	3.956057101E-04
22	16.5	1033.426176	3.903880408E-04
23	17.25	1032.987166	3.852288384E-04
24	18	1032.553003	3.801274393E-04
25	18.75	1032.123632	3.750831881E-04
26	19.5	1031.699001	3.700954374E-04
27	20.25	1031.279058	3.651635481E-04
28	21	1030.86375	3.602868889E-04
29	21.75	1030.453029	3.554648364E-04
30	22.5	1030.046842	3.506967748E-04
31	23.25	1029.645142	3.459820960E-04
32	24	1029.247877	3.413201994E-04
33	24.75	1028.855001	3.367104919E-04
34	25.5	1028.466465	3.321523874E-04
35	26.25	1028.082222	3.276453075E-04
36	27	1027.702224	3.231886804E-04
37	27.75	1027.326426	3.187819418E-04
38	28.5	1026.954783	3.144245340E-04
39	29.25	1026.587248	3.101159063E-04
40	30	1026.223777	3.058555146E-04
41	30.75	1025.864326	3.016428217E-04
42	31.5	1025.508852	2.974772968E-04
43	32.25	1025.157311	2.933584155E-04
44	33	1024.80966	2.892856601E-04
45	33.75	1024.465858	2.852585190E-04
46	34.5	1024.125864	2.812764869E-04
47	35.25	1023.789635	2.773390646E-04
48	36	1023.457131	2.734457589E-04
49	36.75	1023.128312	2.695960830E-04
50	37.5	1022.803139	2.657895555E-04
51	38.25	1022.481572	2.620257012E-04
52	39	1022.163572	2.583040505E-04
53	39.75	1021.849101	2.546241396E-04
54	40.5	1021.538121	2.509855103E-04
55	41.25	1021.230595	2.473877098E-04
56	42	1020.926485	2.438302910E-04
57	42.75	1020.625756	2.403128121E-04
58	43.5	1020.32837	2.368348366E-04
59	44.25	1020.034293	2.333959335E-04
60	45	1019.743488	2.299956768E-04
61	45.75	1019.455922	2.266336456E-04
62	46.5	1019.171559	2.233094242E-04
63	47.25	1018.890365	2.200226020E-04
64	48	1018.612307	2.167727732E-04
65	48.75	1018.337352	2.135595369E-04
66	49.5	1018.065466	2.103824971E-04
67	50.25	1017.796617	2.072412626E-04
68	51	1017.530772	2.041354468E-04
69	51.75	1017.267901	2.010646678E-04
70	52.5	1017.007971	1.980285484E-04
71	53.25	1016.750952	1.950267158E-04
72	54	1016.496813	1.920588017E-04
73	54.75	1016.245523	1.891244424E-04
74	55.5	1015.997053	1.862232784E-04
75	56.25	1015.751372	1.833549546E-04
76	57	1015.508453	1.805191201E-04
77	57.75	1015.268265	1.777154282E-04
78	58.5	1015.03078	1.749435367E-04
79	59.25	1014.79597	1.722031070E-04
80	60	1014.563807	1.694938050E-04
81	60.75	1014.334264	1.668153004E-04
82	61.5	1014.107312	1.641672669E-04
83	62.25	1013.882926	1.615493822E-04
84	63	1013.661078	1.589613278E-04
85	63.75	1013.441742	1.564027891E-04
86	64.5	1013.224892	1.538734552E-04
87	65.25	1013.010502	1.513730191E-04
88	66	1012.798548	1.489011773E-04
89	66.75	1012.589003	1.464576301E-04
90	67.5	1012.381843	1.440420814E-04
91	68.25	1012.177044	1.416542386E-04
92	69	1011.974581	1.392938126E-04
93	69.75	1011.77443	1.369605180E-04
94	70.5	1011.576567	1.346540727E-04
95	71.25	1011.38097	1.323741979E-04
96	72	1011.187615	1.301206183E-04
97	72.75	1010.996479	1.278930619E-04
98	73.5	1010.80754	1.256912601E-04
99	74.25	1010.620774	1.235149474E-04
100	75	1010.436161	1.213638616E-04
101	75.75	1010.253679	1.192377436E-04
102	76.5	1010.073305	1.171363375E-04
103	77.25	1009.895019	1.150593906E-04
104	78	1009.7188	1.130066530E-04
105	78.75	1009.544627	1.109778782E-04
106	79.5	1009.372479	1.089728224E-04
107	80.25	1009.202335	1.069912450E-04
108	81	1009.034177	1.050329081E-04
109	81.75	1008.867984	1.030975770E-04
110	82.5	1008.703737	1.011850195E-04
111	83.25	1008.541416	9.929500659E-05
112	84	1008.381002	9.742731188E-05
113	84.75	1008.222477	9.558171182E-05
114	85.5	1008.065821	9.375798557E-05
115	86.25	1007.911017	9.195591504E-05
116	87	1007.758046	9.017528483E-05
117	87.75	1007.60689	8.841588216E-05
118	88.5	1007.457531	8.667749692E-05
119	89.25	1007.309953	8.495992158E-05
120	90	1007.164137	8.326295120E-05
121	90.75	1007.020066	8.158638336E-05
122	91.5	1006.877724	7.993001818E-05
123	92.25	1006.737094	7.829365826E-05
124	93	1006.598159	7.667710867E-05
125	93.75	1006.460903	7.508017692E-05
126	94.5	1006.32531	7.350267293E-05
127	95.25	1006.191365	7.194440901E-05
128	96	1006.059051	7.040519981E-05
129	96.75	1005.928353	6.888486236E-05
130	97.5	1005.799255	6.738321597E-05
131	98.25	1005.671743	6.590008225E-05
132	99	1005.545802	6.443528507E-05
133	99.75	1005.421416	6.298865055E-05
134	100.5	1005.298572	6.156000702E-05
135	101.25	1005.177255	6.014918501E-05
136	102	1005.057451	5.875601724E-05
137	102.75	1004.939145	5.738033855E-05
138	103.5	1004.822325	5.602198593E-05
139	104.25	1004.706976	5.468079847E-05
140	105	1004.593084	5.335661737E-05
141	105.75	1004.480638	5.204928586E-05
142	106.5	1004.369622	5.075864923E-05
143	107.25	1004.260026	4.948455482E-05
144	108	1004.151834	4.822685194E-05
145	108.75	1004.045036	4.698539190E-05
146	109.5	1003.939619	4.576002798E-05
147	110.25	1003.83557	4.455061541E-05
148	111	1003.732876	4.335701134E-05
149	111.75	1003.631528	4.217907482E-05
150	112.5	1003.531511	4.101666682E-05
151	113.25	1003.432815	3.986965016E-05
152	114	1003.335429	3.873788953E-05
153	114.75	1003.23934	3.762125144E-05
154	115.5	1003.144538	3.651960423E-05
155	116.25	1003.051012	3.543281806E-05
156	117	1002.958751	3.436076485E-05
157	117.75	1002.867743	3.330331831E-05
158	118.5	1002.777979	3.226035389E-05
159	119.25	1002.689448	3.123174880E-05
160	120	1002.602139	3.021738194E-05
161	120.75	1002.516044	2.921713394E-05
162	121.5	1002.43115	2.823088712E-05
163	122.25	1002.347449	2.725852547E-05
164	123	1002.264931	2.629993465E-05
165	123.75	1002.183587	2.535500194E-05
166	124.5	1002.103406	2.442361630E-05
167	125.25	1002.02438	2.350566825E-05
168	126	1001.946499	2.260104997E-05
169	126.75	1001.869754	2.170965520E-05
170	127.5	1001.794137	2.083137926E-05
171	128.25	1001.719638	1.996611903E-05
172	129	1001.64625	1.911377296E-05
173	129.75	1001.573962	1.827424101E-05
174	130.5	1001.502768	1.744742468E-05
175	131.25	1001.432658	1.663322699E-05
176	132	1001.363625	1.583155245E-05
177	132.75	1001.295661	1.504230705E-05
178	133.5	1001.228757	1.426539827E-05
179	134.25	1001.162907	1.350073504E-05
180	135	1001.098101	1.274822777E-05
181	135.75	1001.034333	1.200778828E-05
182	136.5	1000.971596	1.127932983E-05
183	137.25	1000.909882	1.056276712E-05
184	138	1000.849184	9.858016217E-06
185	138.75	1000.789494	9.164994626E-06
186	139.5	1000.730807	8.483621219E-06
187	140.25	1000.673115	7.813816250E-06
188	141	1000.616411	7.155501340E-06
189	141.75	1000.56069	6.508599467E-06
190	142.5	1000.505943	5.873034958E-06
191	143.25	1000.452166	5.248733477E-06
192	144	1000.399352	4.635622017E-06
193	144.75	1000.347494	4.033628891E-06
194	145.5	1000.296588	3.442683724E-06
195	146.25	1000.246626	2.862717441E-06
196	147	1000.197603	2.293662261E-06
197	147.75	1000.149513	1.735451688E-06
198	148.5	1000.102352	1.188020504E-06
199	149.25	1000.056112	6.513047553E-07
200	150	1000.01079	1.252417528E-07
201	150.75	999.96638	-3.902299424E-07
202	151.5	999.922876	-8.951705236E-07
203	152.25	999.880273	-1.389638947E-06
204	153	999.838568	-1.873692939E-06
205	153.75	999.797754	-2.347389003E-06
206	154.5	999.757827	-2.810782425E-06
207	155.25	999.718783	-3.263927286E-06
208	156	999.680617	-3.706876462E-06
209	156.75	999.643324	-4.139681633E-06
210	157.5	999.6069	-4.562393292E-06
211	158.25	999.571342	-4.975060747E-06
212	159	999.536644	-5.377732132E-06
213	159.75	999.502803	-5.770454407E-06
214	160.5	999.469815	-6.153273369E-06
215	161.25	999.437677	-6.526233656E-06
216	162	999.406384	-6.889378751E-06
217	162.75	999.375932	-7.242750991E-06
218	163.5	999.346319	-7.586391567E-06
219	164.25	999.317541	-7.920340533E-06
220	165	999.289594	-8.244636813E-06
221	165.75	999.262476	-8.559318198E-06
222	166.5	999.236182	-8.864421358E-06
223	167.25	999.210711	-9.159981846E-06
224	168	999.186059	-9.446034096E-06
225	168.75	999.162224	-9.722611436E-06
226	169.5	999.139202	-9.989746085E-06
227	170.25	999.116991	-1.024746916E-05
228	171	999.095588	-1.049581068E-05
229	171.75	999.074991	-1.073479958E-05
230	172.5	999.055198	-1.096446368E-05
231	173.25	999.036206	-1.118482973E-05
232	174	999.018012	-1.139592340E-05
233	174.75	999.000616	-1.159776926E-05
234	175.5	998.984015	-1.179039081E-05
235	176.25	998.968207	-1.197381050E-05
236	177	998.953189	-1.214804966E-05
237	177.75	998.938962	-1.231312859E-05
238	178.5	998.925522	-1.246906650E-05
239	179.25	998.912868	-1.261588155E-05
240	180	998.900999	-1.275359083E-05
241	180.75	998.889913	-1.288221036E-05
242	181.5	998.87961	-1.300175513E-05
243	182.25	998.870087	-1.311223903E-05
244	183	998.861344	-1.321367494E-05
245	183.75	998.85338	-1.330607466E-05
246	184.5	998.846194	-1.338944894E-05
247	185.25	998.839785	-1.346380749E-05
248	186	998.834153	-1.352915896E-05
249	186.75	998.829295	-1.358551096E-05
250	187.5	998.825214	-1.363287004E-05
251	188.25	998.821906	-1.367124172E-05
252	189	998.819373	-1.370063046E-05
253	189.75	998.817614	-1.372103968E-05
254	190.5	998.816629	-1.373247176E-05
255	191.25	998.816417	-1.373492803E-05
256	192	998.816979	-1.372840876E-05
257	192.75	998.818314	-1.371291322E-05
258	193.5	998.820424	-1.368843958E-05
259	194.25	998.823307	-1.365498501E-05
260	195	998.826965	-1.361254561E-05
261	195.75	998.831398	-1.356111644E-05
262	196.5	998.836606	-1.350069152E-05
263	197.25	998.84259	-1.343126380E-05
264	198	998.849351	-1.335282523E-05
265	198.75	998.856889	-1.326536665E-05
266	199.5	998.865205	-1.316887791E-05
267	200.25	998.874301	-1.306334775E-05
268	201	998.884177	-1.294876391E-05
269	201.75	998.894834	-1.282511305E-05
270	202.5	998.906274	-1.269238077E-05
271	203.25	998.918499	-1.255055162E-05
272	204	998.931508	-1.239960909E-05
273	204.75	998.945304	-1.223953562E-05
274	205.5	998.959889	-1.207031256E-05
275	206.25	998.975264	-1.189192021E-05
276	207	998.991431	-1.170433782E-05
277	207.75	999.008392	-1.150754352E-05
278	208.5	999.026149	-1.130151442E-05
279	209.25	999.044704	-1.108622652E-05
280	210	999.064058	-1.086165476E-05
281	210.75	999.084215	-1.062777297E-05
282	211.5	999.105176	-1.038455392E-05
283	212.25	999.126945	-1.013196929E-05
284	213	999.149523	-9.869989647E-06
285	213.75	999.172912	-9.598584484E-06
286	214.5	999.197117	-9.317722182E-06
287	215.25	999.22214	-9.027370020E-06
288	216	999.247983	-8.727494171E-06
289	216.75	999.274649	-8.418059695E-06
290	217.5	999.302142	-8.099030533E-06
291	218.25	999.330465	-7.770369509E-06
292	219	999.35962	-7.432038318E-06
293	219.75	999.389613	-7.083997528E-06
294	220.5	999.420445	-6.726206568E-06
295	221.25	999.45212	-6.358623731E-06
296	222	999.484643	-5.981206161E-06
297	222.75	999.518016	-5.593909852E-06
298	223.5	999.552244	-5.196689644E-06
299	224.25	999.587331	-4.789499213E-06
300	225	999.623281	-4.372291068E-06
301	225.75	999.660097	-3.945016545E-06
302	226.5	999.697785	-3.507625801E-06
303	227.25	999.736348	-3.060067805E-06
304	228	999.775791	-2.602290337E-06
305	228.75	999.816119	-2.134239976E-06
306	229.5	999.857336	-1.655862097E-06
307	230.25	999.899447	-1.167100864E-06
308	231	999.942457	-6.678992203E-07
309	231.75	999.98637	-1.581988837E-07
310	232.5	1000.031193	3.620596609E-07
311	233.25	1000.07693	8.929371696E-07
312	234	1000.123586	1.434495647E-06
313	234.75	1000.171167	1.986798353E-06
314	235.5	1000.219678	2.549909812E-06
315	236.25	1000.269125	3.123895820E-06
316	237	1000.319514	3.708823455E-06
317	237.75	1000.370851	4.304761081E-06
318	238.5	1000.42314	4.911778361E-06
319	239.25	1000.47639	5.529946262E-06
320	240	1000.530605	6.159337070E-06
321	240.75	1000.585792	6.800024389E-06
322	241.5	1000.641957	7.452083161E-06
323	242.25	1000.699108	8.115589668E-06
324	243	1000.75725	8.790621546E-06
325	243.75	1000.81639	9.477257790E-06
326	244.5	1000.876535	1.017557877E-05
327	245.25	1000.937692	1.088566623E-05
328	246	1000.999868	1.160760333E-05
329	246.75	1001.063071	1.234147459E-05
330	247.5	1001.127308	1.308736599E-05
331	248.25	1001.192585	1.384536491E-05
332	249	1001.258912	1.461556015E-05
333	249.75	1001.326295	1.539804200E-05
334	250.5	1001.394742	1.619290217E-05
335	251.25	1001.464261	1.700023385E-05
336	252	1001.534861	1.782013171E-05
337	252.75	1001.606549	1.865269193E-05
338	253.5	1001.679334	1.949801217E-05
339	254.25	1001.753224	2.035619163E-05
340	255	1001.828228	2.122733102E-05
341	255.75	1001.904354	2.211153262E-05
342	256.5	1001.981612	2.300890023E-05
343	257.25	1002.06001	2.391953925E-05
344	258	1002.139558	2.484355666E-05
345	258.75	1002.220264	2.578106101E-05
346	259.5	1002.302139	2.673216250E-05
347	260.25	1002.385191	2.769697292E-05
348	261	1002.469431	2.867560573E-05
349	261.75	1002.554867	2.966817600E-05
350	262.5	1002.641511	3.067480052E-05
351	263.25	1002.729371	3.169559773E-05
352	264	1002.818459	3.273068778E-05
353	264.75	1002.908785	3.378019252E-05
354	265.5	1003.000359	3.484423555E-05
355	266.25	1003.093191	3.592294219E-05
356	267	1003.187294	3.701643956E-05
357	267.75	1003.282677	3.812485651E-05
358	268.5	1003.379352	3.924832372E-05
359	269.25	1003.477329	4.038697368E-05
360	270	1003.576621	4.154094068E-05
361	270.75	1003.67724	4.271036089E-05
362	271.5	1003.779195	4.389537232E-05
363	272.25	1003.882501	4.509611488E-05
364	273	1003.987168	4.631273035E-05
365	273.75	1004.093209	4.754536247E-05
366	274.5	1004.200636	4.879415688E-05
367	275.25	1004.309462	5.005926120E-05
368	276	1004.419699	5.134082501E-05
369	276.75	1004.531361	5.263899990E-05
370	277.5	1004.64446	5.395393945E-05
371	278.25	1004.75901	5.528579930E-05
372	279	1004.875023	5.663473713E-05
373	279.75	1004.992514	5.800091271E-05
374	280.5	1005.111496	5.938448788E-05
375	281.25	1005.231984	6.078562663E-05
376	282	1005.35399	6.220449508E-05
377	282.75	1005.47753	6.364126149E-05
378	283.5	1005.602618	6.509609632E-05
379	284.25	1005.729269	6.656917225E-05
380	285	1005.857497	6.806066418E-05
381	285.75	1005.987317	6.957074924E-05
382	286.5	1006.118744	7.109960687E-05
383	287.25	1006.251795	7.264741878E-05
384	288	1006.386484	7.421436903E-05
385	288.75	1006.522828	7.580064402E-05
386	289.5	1006.660842	7.740643251E-05
387	290.25	1006.800542	7.903192567E-05
388	291	1006.941945	8.067731710E-05
389	291.75	1007.085068	8.234280284E-05
390	292.5	1007.229926	8.402858142E-05
391	293.25	1007.376538	8.573485385E-05
392	294	1007.52492	8.746182369E-05
393	294.75	1007.67509	8.920969705E-05
394	295.5	1007.827066	9.097868263E-05
395	296.25	1007.980864	9.276899174E-05
396	297	1008.136504	9.458083835E-05
397	297.75	1008.294004	9.641443906E-05
398	298.5	1008.453382	9.827001322E-05
399	299.25	1008.614657	1.001477829E-04
400	300	1008.777847	1.020479729E-04
── 设定点 1000 °C　夹头 100 °C　段 1「HC2」　T设定 1000 °C　节点 401　段长 300 mm　控温点下标 200（x = 150 mm）　电流 1093.1 A　ΔL_A -0.000451　ΔL_B +0.045537
i	X_mm	TMetal_C	epsDiff
0	0	1008.755724	1.017903681E-04
1	0.75	1008.547885	9.937032774E-05
2	1.5	1008.34257	9.697986253E-05
3	2.25	1008.139755	9.461868373E-05
4	3	1007.939417	9.228650633E-05
5	3.75	1007.741531	8.998304899E-05
6	4.5	1007.546074	8.770803398E-05
7	5.25	1007.353024	8.546118717E-05
8	6	1007.162357	8.324223796E-05
9	6.75	1006.974051	8.105091929E-05
10	7.5	1006.788084	7.888696754E-05
11	8.25	1006.604434	7.675012253E-05
12	9	1006.42308	7.464012750E-05
13	9.75	1006.244	7.255672903E-05
14	10.5	1006.067172	7.049967703E-05
15	11.25	1005.892578	6.846872469E-05
16	12	1005.720195	6.646362849E-05
17	12.75	1005.550003	6.448414809E-05
18	13.5	1005.381983	6.253004637E-05
19	14.25	1005.216115	6.060108934E-05
20	15	1005.05238	5.869704617E-05
21	15.75	1004.890757	5.681768908E-05
22	16.5	1004.731229	5.496279338E-05
23	17.25	1004.573777	5.313213739E-05
24	18	1004.418381	5.132550243E-05
25	18.75	1004.265025	4.954267279E-05
26	19.5	1004.113689	4.778343572E-05
27	20.25	1003.964357	4.604758134E-05
28	21	1003.817011	4.433490268E-05
29	21.75	1003.671633	4.264519560E-05
30	22.5	1003.528206	4.097825881E-05
31	23.25	1003.386715	3.933389379E-05
32	24	1003.247141	3.771190480E-05
33	24.75	1003.10947	3.611209885E-05
34	25.5	1002.973684	3.453428566E-05
35	26.25	1002.839768	3.297827764E-05
36	27	1002.707707	3.144388986E-05
37	27.75	1002.577484	2.993094004E-05
38	28.5	1002.449086	2.843924851E-05
39	29.25	1002.322495	2.696863820E-05
40	30	1002.197699	2.551893459E-05
41	30.75	1002.074682	2.408996572E-05
42	31.5	1001.953431	2.268156215E-05
43	32.25	1001.83393	2.129355693E-05
44	33	1001.716166	1.992578558E-05
45	33.75	1001.600125	1.857808610E-05
46	34.5	1001.485794	1.725029889E-05
47	35.25	1001.373159	1.594226678E-05
48	36	1001.262208	1.465383499E-05
49	36.75	1001.152927	1.338485110E-05
50	37.5	1001.045303	1.213516504E-05
51	38.25	1000.939325	1.090462909E-05
52	39	1000.83498	9.693097799E-06
53	39.75	1000.732255	8.500428042E-06
54	40.5	1000.631139	7.326478947E-06
55	41.25	1000.531619	6.171111901E-06
56	42	1000.433685	5.034190523E-06
57	42.75	1000.337325	3.915580646E-06
58	43.5	1000.242528	2.815150306E-06
59	44.25	1000.149282	1.732769715E-06
60	45	1000.057578	6.683112532E-07
61	45.75	999.967403	-3.783505550E-07
62	46.5	999.878748	-1.407339054E-06
63	47.25	999.791603	-2.418775473E-06
64	48	999.705957	-3.412778943E-06
65	48.75	999.621801	-4.389466513E-06
66	49.5	999.539124	-5.348953165E-06
67	50.25	999.457917	-6.291351825E-06
68	51	999.378171	-7.216773385E-06
69	51.75	999.299876	-8.125326712E-06
70	52.5	999.223023	-9.017118665E-06
71	53.25	999.147604	-9.892254106E-06
72	54	999.073609	-1.075083592E-05
73	54.75	999.00103	-1.159296501E-05
74	55.5	998.929859	-1.241874035E-05
75	56.25	998.860087	-1.322825895E-05
76	57	998.791707	-1.402161589E-05
77	57.75	998.72471	-1.479890435E-05
78	58.5	998.659088	-1.556021559E-05
79	59.25	998.594834	-1.630563898E-05
80	60	998.531941	-1.703526201E-05
81	60.75	998.470401	-1.774917031E-05
82	61.5	998.410207	-1.844744763E-05
83	62.25	998.351352	-1.913017587E-05
84	63	998.29383	-1.979743513E-05
85	63.75	998.237633	-2.044930364E-05
86	64.5	998.182755	-2.108585783E-05
87	65.25	998.12919	-2.170717232E-05
88	66	998.076932	-2.231331994E-05
89	66.75	998.025974	-2.290437172E-05
90	67.5	997.976311	-2.348039691E-05
91	68.25	997.927936	-2.404146300E-05
92	69	997.880845	-2.458763571E-05
93	69.75	997.835032	-2.511897901E-05
94	70.5	997.790491	-2.563555512E-05
95	71.25	997.747218	-2.613742453E-05
96	72	997.705207	-2.662464599E-05
97	72.75	997.664453	-2.709727655E-05
98	73.5	997.624952	-2.755537151E-05
99	74.25	997.5867	-2.799898450E-05
100	75	997.549691	-2.842816742E-05
101	75.75	997.513922	-2.884297048E-05
102	76.5	997.479388	-2.924344223E-05
103	77.25	997.446086	-2.962962951E-05
104	78	997.414011	-3.000157748E-05
105	78.75	997.38316	-3.035932966E-05
106	79.5	997.353529	-3.070292788E-05
107	80.25	997.325115	-3.103241232E-05
108	81	997.297914	-3.134782151E-05
109	81.75	997.271924	-3.164919233E-05
110	82.5	997.247142	-3.193656000E-05
111	83.25	997.223564	-3.220995813E-05
112	84	997.201187	-3.246941866E-05
113	84.75	997.18001	-3.271497193E-05
114	85.5	997.16003	-3.294664664E-05
115	86.25	997.141244	-3.316446986E-05
116	87	997.12365	-3.336846705E-05
117	87.75	997.107247	-3.355866204E-05
118	88.5	997.092032	-3.373507707E-05
119	89.25	997.078004	-3.389773274E-05
120	90	997.06516	-3.404664807E-05
121	90.75	997.053501	-3.418184044E-05
122	91.5	997.043023	-3.430332565E-05
123	92.25	997.033726	-3.441111790E-05
124	93	997.025609	-3.450522978E-05
125	93.75	997.018671	-3.458567229E-05
126	94.5	997.012911	-3.465245481E-05
127	95.25	997.008329	-3.470558516E-05
128	96	997.004924	-3.474506954E-05
129	96.75	997.002695	-3.477091256E-05
130	97.5	997.001642	-3.478311724E-05
131	98.25	997.001765	-3.478168500E-05
132	99	997.003065	-3.476661569E-05
133	99.75	997.005541	-3.473790753E-05
134	100.5	997.009194	-3.469555718E-05
135	101.25	997.014024	-3.463955968E-05
136	102	997.020031	-3.456990850E-05
137	102.75	997.027216	-3.448659551E-05
138	103.5	997.035581	-3.438961095E-05
139	104.25	997.045126	-3.427894352E-05
140	105	997.055852	-3.415458027E-05
141	105.75	997.06776	-3.401650668E-05
142	106.5	997.080852	-3.386470662E-05
143	107.25	997.09513	-3.369916235E-05
144	108	997.110594	-3.351985453E-05
145	108.75	997.127247	-3.332676221E-05
146	109.5	997.145091	-3.311986282E-05
147	110.25	997.164128	-3.289913218E-05
148	111	997.184359	-3.266454451E-05
149	111.75	997.205788	-3.241607237E-05
150	112.5	997.228417	-3.215368674E-05
151	113.25	997.252247	-3.187735694E-05
152	114	997.277284	-3.158705068E-05
153	114.75	997.303528	-3.128273400E-05
154	115.5	997.330983	-3.096437134E-05
155	116.25	997.359652	-3.063192548E-05
156	117	997.389539	-3.028535753E-05
157	117.75	997.420647	-2.992462697E-05
158	118.5	997.452979	-2.954969162E-05
159	119.25	997.48654	-2.916050761E-05
160	120	997.521333	-2.875702944E-05
161	120.75	997.557362	-2.833920988E-05
162	121.5	997.594632	-2.790700007E-05
163	122.25	997.633146	-2.746034943E-05
164	123	997.67291	-2.699920569E-05
165	123.75	997.713927	-2.652351489E-05
166	124.5	997.756203	-2.603322133E-05
167	125.25	997.799742	-2.552826763E-05
168	126	997.844549	-2.500859466E-05
169	126.75	997.890631	-2.447414159E-05
170	127.5	997.937991	-2.392484581E-05
171	128.25	997.986636	-2.336064299E-05
172	129	998.03657	-2.278146704E-05
173	129.75	998.087801	-2.218725010E-05
174	130.5	998.140333	-2.157792255E-05
175	131.25	998.194173	-2.095341298E-05
176	132	998.249328	-2.031364818E-05
177	132.75	998.305802	-1.965855317E-05
178	133.5	998.363604	-1.898805112E-05
179	134.25	998.42274	-1.830206340E-05
180	135	998.483216	-1.760050957E-05
181	135.75	998.545039	-1.688330732E-05
182	136.5	998.608218	-1.615037250E-05
183	137.25	998.672758	-1.540161910E-05
184	138	998.738668	-1.463695924E-05
185	138.75	998.805955	-1.385630314E-05
186	139.5	998.874628	-1.305955915E-05
187	140.25	998.944693	-1.224663369E-05
188	141	999.016159	-1.141743127E-05
189	141.75	999.089034	-1.057185447E-05
190	142.5	999.163328	-9.709803911E-06
191	143.25	999.239047	-8.831178280E-06
192	144	999.316202	-7.935874275E-06
193	144.75	999.394801	-7.023786616E-06
194	145.5	999.474853	-6.094808023E-06
195	146.25	999.556368	-5.148829204E-06
196	147	999.639355	-4.185738844E-06
197	147.75	999.723824	-3.205423582E-06
198	148.5	999.809784	-2.207768006E-06
199	149.25	999.897245	-1.192654630E-06
200	150	999.986218	-1.599638841E-07
201	150.75	1000.076713	8.904259043E-07
202	151.5	1000.168741	1.958638526E-06
203	152.25	1000.262311	3.044799905E-06
204	153	1000.357436	4.149038116E-06
205	153.75	1000.454126	5.271483402E-06
206	154.5	1000.552392	6.412268189E-06
207	155.25	1000.652246	7.571527107E-06
208	156	1000.753699	8.749397004E-06
209	156.75	1000.856763	9.946016966E-06
210	157.5	1000.961451	1.116152834E-05
211	158.25	1001.067773	1.239607473E-05
212	159	1001.175744	1.364980207E-05
213	159.75	1001.285375	1.492285857E-05
214	160.5	1001.396679	1.621539479E-05
215	161.25	1001.509669	1.752756364E-05
216	162	1001.624358	1.885952042E-05
217	162.75	1001.740759	2.021142278E-05
218	163.5	1001.858887	2.158343084E-05
219	164.25	1001.978754	2.297570712E-05
220	165	1002.100376	2.438841661E-05
221	165.75	1002.223765	2.582172679E-05
222	166.5	1002.348937	2.727580761E-05
223	167.25	1002.475906	2.875083158E-05
224	168	1002.604687	3.024697375E-05
225	168.75	1002.735294	3.176441174E-05
226	169.5	1002.867744	3.330332576E-05
227	170.25	1003.002051	3.486389865E-05
228	171	1003.138231	3.644631588E-05
229	171.75	1003.276301	3.805076562E-05
230	172.5	1003.416276	3.967743871E-05
231	173.25	1003.558173	4.132652873E-05
232	174	1003.702008	4.299823198E-05
233	174.75	1003.847798	4.469274757E-05
234	175.5	1003.99556	4.641027739E-05
235	176.25	1004.145311	4.815102616E-05
236	177	1004.29707	4.991520147E-05
237	177.75	1004.450853	5.170301379E-05
238	178.5	1004.606679	5.351467651E-05
239	179.25	1004.764566	5.535040594E-05
240	180	1004.924533	5.721042140E-05
241	180.75	1005.086597	5.909494519E-05
242	181.5	1005.250779	6.100420266E-05
243	182.25	1005.417098	6.293842220E-05
244	183	1005.585572	6.489783534E-05
245	183.75	1005.756222	6.688267670E-05
246	184.5	1005.929068	6.889318408E-05
247	185.25	1006.10413	7.092959848E-05
248	186	1006.281429	7.299216412E-05
249	186.75	1006.460985	7.508112848E-05
250	187.5	1006.64282	7.719674236E-05
251	188.25	1006.826954	7.933925987E-05
252	189	1007.013411	8.150893849E-05
253	189.75	1007.202211	8.370603912E-05
254	190.5	1007.393376	8.593082610E-05
255	191.25	1007.58693	8.818356723E-05
256	192	1007.782895	9.046453384E-05
257	192.75	1007.981295	9.277400083E-05
258	193.5	1008.182151	9.511224666E-05
259	194.25	1008.385489	9.747955346E-05
260	195	1008.591333	9.987620702E-05
261	195.75	1008.799705	1.023024968E-04
262	196.5	1009.010632	1.047587162E-04
263	197.25	1009.224138	1.072451621E-04
264	198	1009.440248	1.097621355E-04
265	198.75	1009.658988	1.123099411E-04
266	199.5	1009.880383	1.148888878E-04
267	200.25	1010.10446	1.174992881E-04
268	201	1010.331245	1.201414588E-04
269	201.75	1010.560766	1.228157206E-04
270	202.5	1010.793049	1.255223985E-04
271	203.25	1011.028121	1.282618215E-04
272	204	1011.266012	1.310343228E-04
273	204.75	1011.506748	1.338402400E-04
274	205.5	1011.750358	1.366799148E-04
275	206.25	1011.996872	1.395536934E-04
276	207	1012.246319	1.424619265E-04
277	207.75	1012.498728	1.454049690E-04
278	208.5	1012.754129	1.483831804E-04
279	209.25	1013.012552	1.513969250E-04
280	210	1013.274029	1.544465714E-04
281	210.75	1013.53859	1.575324931E-04
282	211.5	1013.806267	1.606550682E-04
283	212.25	1014.077092	1.638146795E-04
284	213	1014.351097	1.670117150E-04
285	213.75	1014.628314	1.702465672E-04
286	214.5	1014.908777	1.735196339E-04
287	215.25	1015.19252	1.768313176E-04
288	216	1015.479575	1.801820261E-04
289	216.75	1015.769978	1.835721724E-04
290	217.5	1016.063763	1.870021745E-04
291	218.25	1016.360966	1.904724558E-04
292	219	1016.661621	1.939834450E-04
293	219.75	1016.965764	1.975355763E-04
294	220.5	1017.273433	2.011292893E-04
295	221.25	1017.584664	2.047650291E-04
296	222	1017.899494	2.084432464E-04
297	222.75	1018.217961	2.121643978E-04
298	223.5	1018.540104	2.159289453E-04
299	224.25	1018.865961	2.197373570E-04
300	225	1019.195571	2.235901069E-04
301	225.75	1019.528973	2.274876748E-04
302	226.5	1019.866209	2.314305466E-04
303	227.25	1020.207317	2.354192144E-04
304	228	1020.552341	2.394541766E-04
305	228.75	1020.901321	2.435359375E-04
306	229.5	1021.254298	2.476650083E-04
307	230.25	1021.611317	2.518419061E-04
308	231	1021.97242	2.560671550E-04
309	231.75	1022.33765	2.603412855E-04
310	232.5	1022.707052	2.646648348E-04
311	233.25	1023.08067	2.690383469E-04
312	234	1023.45855	2.734623727E-04
313	234.75	1023.840737	2.779374701E-04
314	235.5	1024.227278	2.824642040E-04
315	236.25	1024.61822	2.870431465E-04
316	237	1025.013609	2.916748769E-04
317	237.75	1025.413495	2.963599819E-04
318	238.5	1025.817925	3.010990558E-04
319	239.25	1026.22695	3.058927000E-04
320	240	1026.640617	3.107415240E-04
321	240.75	1027.058979	3.156461449E-04
322	241.5	1027.482086	3.206071875E-04
323	242.25	1027.90999	3.256252847E-04
324	243	1028.342742	3.307010776E-04
325	243.75	1028.780396	3.358352152E-04
326	244.5	1029.223006	3.410283550E-04
327	245.25	1029.670625	3.462811629E-04
328	246	1030.123308	3.515943130E-04
329	246.75	1030.58111	3.569684885E-04
330	247.5	1031.044089	3.624043812E-04
331	248.25	1031.5123	3.679026915E-04
332	249	1031.985801	3.734641291E-04
333	249.75	1032.464651	3.790894129E-04
334	250.5	1032.948908	3.847792707E-04
335	251.25	1033.438632	3.905344401E-04
336	252	1033.933883	3.963556678E-04
337	252.75	1034.434723	4.022437105E-04
338	253.5	1034.941213	4.081993345E-04
339	254.25	1035.453415	4.142233160E-04
340	255	1035.971394	4.203164415E-04
341	255.75	1036.495213	4.264795074E-04
342	256.5	1037.024937	4.327133207E-04
343	257.25	1037.560632	4.390186987E-04
344	258	1038.102364	4.453964697E-04
345	258.75	1038.650201	4.518474724E-04
346	259.5	1039.204211	4.583725568E-04
347	260.25	1039.764462	4.649725837E-04
348	261	1040.331025	4.716484256E-04
349	261.75	1040.90397	4.784009662E-04
350	262.5	1041.483369	4.852311007E-04
351	263.25	1042.069294	4.921397365E-04
352	264	1042.661818	4.991277926E-04
353	264.75	1043.261016	5.061962003E-04
354	265.5	1043.866962	5.133459033E-04
355	266.25	1044.479733	5.205778577E-04
356	267	1045.099406	5.278930324E-04
357	267.75	1045.726058	5.352924090E-04
358	268.5	1046.359769	5.427769825E-04
359	269.25	1047.000618	5.503477609E-04
360	270	1047.648686	5.580057659E-04
361	270.75	1048.304055	5.657520327E-04
362	271.5	1048.966808	5.735876106E-04
363	272.25	1049.637029	5.815135628E-04
364	273	1050.314802	5.895309671E-04
365	273.75	1051.000213	5.976409156E-04
366	274.5	1051.69335	6.058445155E-04
367	275.25	1052.394301	6.141428885E-04
368	276	1053.103154	6.225371722E-04
369	276.75	1053.820001	6.310285191E-04
370	277.5	1054.544932	6.396180977E-04
371	278.25	1055.278041	6.483070925E-04
372	279	1056.01942	6.570967043E-04
373	279.75	1056.769166	6.659881500E-04
374	280.5	1057.527373	6.749826638E-04
375	281.25	1058.29414	6.840814964E-04
376	282	1059.069565	6.932859162E-04
377	282.75	1059.853748	7.025972089E-04
378	283.5	1060.646789	7.120166782E-04
379	284.25	1061.448792	7.215456459E-04
380	285	1062.259859	7.311854522E-04
381	285.75	1063.080096	7.409374561E-04
382	286.5	1063.909609	7.508030357E-04
383	287.25	1064.748505	7.607835883E-04
384	288	1065.596894	7.708805310E-04
385	288.75	1066.454886	7.810953010E-04
386	289.5	1067.322593	7.914293555E-04
387	290.25	1068.200127	8.018841729E-04
388	291	1069.087604	8.124612521E-04
389	291.75	1069.985139	8.231621138E-04
390	292.5	1070.892851	8.339883002E-04
391	293.25	1071.810858	8.449413757E-04
392	294	1072.739281	8.560229273E-04
393	294.75	1073.678242	8.672345646E-04
394	295.5	1074.627864	8.785779208E-04
395	296.25	1075.588275	8.900546526E-04
396	297	1076.559599	9.016664408E-04
397	297.75	1077.541966	9.134149907E-04
398	298.5	1078.535507	9.253020326E-04
399	299.25	1079.540353	9.373293220E-04
400	300	1080.556637	9.494986405E-04
── 设定点 1000 °C　夹头 450 °C　段 0「HC1」　T设定 1000 °C　节点 401　段长 300 mm　控温点下标 200（x = 150 mm）　电流 1093.7 A　ΔL_A +0.022861　ΔL_B +0.019352
i	X_mm	TMetal_C	epsDiff
0	0	1044.576969	5.217255950E-04
1	0.75	1043.97636	5.146368957E-04
2	1.5	1043.382497	5.076294497E-04
3	2.25	1042.795305	5.007023209E-04
4	3	1042.21471	4.938545853E-04
5	3.75	1041.64064	4.870853313E-04
6	4.5	1041.073023	4.803936591E-04
7	5.25	1040.511788	4.737786806E-04
8	6	1039.956866	4.672395195E-04
9	6.75	1039.408186	4.607753108E-04
10	7.5	1038.86568	4.543852007E-04
11	8.25	1038.329282	4.480683469E-04
12	9	1037.798923	4.418239176E-04
13	9.75	1037.274539	4.356510920E-04
14	10.5	1036.756065	4.295490601E-04
15	11.25	1036.243435	4.235170221E-04
16	12	1035.736587	4.175541887E-04
17	12.75	1035.235457	4.116597809E-04
18	13.5	1034.739985	4.058330296E-04
19	14.25	1034.250107	4.000731756E-04
20	15	1033.765765	3.943794698E-04
21	15.75	1033.286899	3.887511723E-04
22	16.5	1032.813448	3.831875531E-04
23	17.25	1032.345355	3.776878914E-04
24	18	1031.882563	3.722514756E-04
25	18.75	1031.425015	3.668776033E-04
26	19.5	1030.972653	3.615655812E-04
27	20.25	1030.525423	3.563147248E-04
28	21	1030.08327	3.511243583E-04
29	21.75	1029.64614	3.459938147E-04
30	22.5	1029.213979	3.409224353E-04
31	23.25	1028.786734	3.359095701E-04
32	24	1028.364353	3.309545772E-04
33	24.75	1027.946785	3.260568229E-04
34	25.5	1027.533978	3.212156817E-04
35	26.25	1027.125881	3.164305359E-04
36	27	1026.722446	3.117007759E-04
37	27.75	1026.323624	3.070257996E-04
38	28.5	1025.929364	3.024050128E-04
39	29.25	1025.53962	2.978378288E-04
40	30	1025.154345	2.933236682E-04
41	30.75	1024.773491	2.888619591E-04
42	31.5	1024.397011	2.844521370E-04
43	32.25	1024.024861	2.800936444E-04
44	33	1023.656996	2.757859309E-04
45	33.75	1023.29337	2.715284532E-04
46	34.5	1022.93394	2.673206748E-04
47	35.25	1022.578662	2.631620660E-04
48	36	1022.227493	2.590521040E-04
49	36.75	1021.880391	2.549902725E-04
50	37.5	1021.537313	2.509760618E-04
51	38.25	1021.198219	2.470089686E-04
52	39	1020.863068	2.430884962E-04
53	39.75	1020.531818	2.392141540E-04
54	40.5	1020.204431	2.353854579E-04
55	41.25	1019.880866	2.316019296E-04
56	42	1019.561085	2.278630972E-04
57	42.75	1019.245049	2.241684947E-04
58	43.5	1018.932721	2.205176619E-04
59	44.25	1018.624062	2.169101449E-04
60	45	1018.319035	2.133454950E-04
61	45.75	1018.017605	2.098232697E-04
62	46.5	1017.719735	2.063430319E-04
63	47.25	1017.425388	2.029043501E-04
64	48	1017.134531	1.995067986E-04
65	48.75	1016.847128	1.961499567E-04
66	49.5	1016.563144	1.928334094E-04
67	50.25	1016.282546	1.895567469E-04
68	51	1016.005299	1.863195648E-04
69	51.75	1015.731372	1.831214637E-04
70	52.5	1015.460731	1.799620495E-04
71	53.25	1015.193344	1.768409331E-04
72	54	1014.929178	1.737577305E-04
73	54.75	1014.668203	1.707120624E-04
74	55.5	1014.410388	1.677035547E-04
75	56.25	1014.155701	1.647318380E-04
76	57	1013.904112	1.617965478E-04
77	57.75	1013.655591	1.588973242E-04
78	58.5	1013.410109	1.560338121E-04
79	59.25	1013.167636	1.532056608E-04
80	60	1012.928144	1.504125245E-04
81	60.75	1012.691604	1.476540617E-04
82	61.5	1012.457988	1.449299355E-04
83	62.25	1012.227269	1.422398132E-04
84	63	1011.999418	1.395833667E-04
85	63.75	1011.774409	1.369602723E-04
86	64.5	1011.552215	1.343702102E-04
87	65.25	1011.33281	1.318128651E-04
88	66	1011.116167	1.292879260E-04
89	66.75	1010.902262	1.267950858E-04
90	67.5	1010.691068	1.243340415E-04
91	68.25	1010.482561	1.219044943E-04
92	69	1010.276717	1.195061492E-04
93	69.75	1010.07351	1.171387155E-04
94	70.5	1009.872916	1.148019061E-04
95	71.25	1009.674913	1.124954378E-04
96	72	1009.479476	1.102190315E-04
97	72.75	1009.286582	1.079724116E-04
98	73.5	1009.096209	1.057553065E-04
99	74.25	1008.908335	1.035674480E-04
100	75	1008.722936	1.014085720E-04
101	75.75	1008.539991	9.927841772E-05
102	76.5	1008.359479	9.717672811E-05
103	77.25	1008.181379	9.510324967E-05
104	78	1008.005668	9.305773243E-05
105	78.75	1007.832327	9.103992994E-05
106	79.5	1007.661336	8.904959918E-05
107	80.25	1007.492673	8.708650059E-05
108	81	1007.326319	8.515039798E-05
109	81.75	1007.162255	8.324105853E-05
110	82.5	1007.000462	8.135825276E-05
111	83.25	1006.840919	7.950175447E-05
112	84	1006.683609	7.767134074E-05
113	84.75	1006.528513	7.586679186E-05
114	85.5	1006.375613	7.408789136E-05
115	86.25	1006.224891	7.233442590E-05
116	87	1006.076328	7.060618532E-05
117	87.75	1005.929909	6.890296255E-05
118	88.5	1005.785614	6.722455362E-05
119	89.25	1005.643429	6.557075761E-05
120	90	1005.503335	6.394137663E-05
121	90.75	1005.365317	6.233621578E-05
122	91.5	1005.229357	6.075508317E-05
123	92.25	1005.095441	5.919778981E-05
124	93	1004.963553	5.766414967E-05
125	93.75	1004.833677	5.615397960E-05
126	94.5	1004.705798	5.466709932E-05
127	95.25	1004.5799	5.320333142E-05
128	96	1004.45597	5.176250127E-05
129	96.75	1004.333993	5.034443709E-05
130	97.5	1004.213954	4.894896983E-05
131	98.25	1004.095839	4.757593322E-05
132	99	1003.979635	4.622516370E-05
133	99.75	1003.865327	4.489650044E-05
134	100.5	1003.752904	4.358978528E-05
135	101.25	1003.642351	4.230486273E-05
136	102	1003.533655	4.104157993E-05
137	102.75	1003.426804	3.979978667E-05
138	103.5	1003.321785	3.857933531E-05
139	104.25	1003.218587	3.738008081E-05
140	105	1003.117196	3.620188070E-05
141	105.75	1003.017602	3.504459502E-05
142	106.5	1002.919792	3.390808638E-05
143	107.25	1002.823755	3.279221986E-05
144	108	1002.72948	3.169686304E-05
145	108.75	1002.636956	3.062188598E-05
146	109.5	1002.546172	2.956716117E-05
147	110.25	1002.457118	2.853256355E-05
148	111	1002.369783	2.751797049E-05
149	111.75	1002.284156	2.652326174E-05
150	112.5	1002.200229	2.554831945E-05
151	113.25	1002.117991	2.459302813E-05
152	114	1002.037432	2.365727466E-05
153	114.75	1001.958543	2.274094824E-05
154	115.5	1001.881316	2.184394041E-05
155	116.25	1001.80574	2.096614503E-05
156	117	1001.731808	2.010745823E-05
157	117.75	1001.65951	1.926777844E-05
158	118.5	1001.588838	1.844700636E-05
159	119.25	1001.519785	1.764504495E-05
160	120	1001.452341	1.686179939E-05
161	120.75	1001.386499	1.609717713E-05
162	121.5	1001.322251	1.535108779E-05
163	122.25	1001.259591	1.462344325E-05
164	123	1001.19851	1.391415754E-05
165	123.75	1001.139001	1.322314689E-05
166	124.5	1001.081058	1.255032972E-05
167	125.25	1001.024674	1.189562659E-05
168	126	1000.969842	1.125896021E-05
169	126.75	1000.916556	1.064025545E-05
170	127.5	1000.864809	1.003943930E-05
171	128.25	1000.814597	9.456440861E-06
172	129	1000.765912	8.891191371E-06
173	129.75	1000.718749	8.343624153E-06
174	130.5	1000.673103	7.813674632E-06
175	131.25	1000.628968	7.301280315E-06
176	132	1000.586339	6.806380791E-06
177	132.75	1000.545212	6.328917717E-06
178	133.5	1000.505581	5.868834812E-06
179	134.25	1000.467443	5.426077853E-06
180	135	1000.430791	5.000594660E-06
181	135.75	1000.395623	4.592335099E-06
182	136.5	1000.361934	4.201251068E-06
183	137.25	1000.32972	3.827296494E-06
184	138	1000.298978	3.470427325E-06
185	138.75	1000.269703	3.130601528E-06
186	139.5	1000.241893	2.807779078E-06
187	140.25	1000.215544	2.501921959E-06
188	141	1000.190653	2.212994152E-06
189	141.75	1000.167218	1.940961638E-06
190	142.5	1000.145235	1.685792387E-06
191	143.25	1000.124702	1.447456358E-06
192	144	1000.105617	1.225925491E-06
193	144.75	1000.087978	1.021173710E-06
194	145.5	1000.071781	8.331769124E-07
195	146.25	1000.057026	6.619129695E-07
196	147	1000.043711	5.073617237E-07
197	147.75	1000.031834	3.695049849E-07
198	148.5	1000.021394	2.483265284E-07
199	149.25	1000.01239	1.438120932E-07
200	150	1000.00482	5.594937939E-08
201	150.75	999.998684	-1.527195281E-08
202	151.5	999.993981	-6.986028467E-08
203	152.25	999.990711	-1.078220400E-07
204	153	999.988872	-1.291616860E-07
205	153.75	999.988465	-1.338817338E-07
206	154.5	999.989491	-1.219827389E-07
207	155.25	999.991948	-9.346330099E-08
208	156	999.995837	-4.832006408E-08
209	156.75	1000.001159	1.345228414E-08
210	157.5	1000.007914	9.186101293E-08
211	158.25	1000.016104	1.869153494E-07
212	159	1000.025728	2.986264799E-07
213	159.75	1000.036788	4.270075513E-07
214	160.5	1000.049286	5.720736725E-07
215	161.25	1000.063223	7.338419169E-07
216	162	1000.078601	9.123313244E-07
217	162.75	1000.09542	1.107562904E-06
218	163.5	1000.113684	1.319559635E-06
219	164.25	1000.133394	1.548346474E-06
220	165	1000.154553	1.793950353E-06
221	165.75	1000.177163	2.056400188E-06
222	166.5	1000.201227	2.335726876E-06
223	167.25	1000.226747	2.631963309E-06
224	168	1000.253726	2.945144367E-06
225	168.75	1000.282169	3.275306933E-06
226	169.5	1000.312077	3.622489888E-06
227	170.25	1000.343455	3.986734125E-06
228	171	1000.376305	4.368082549E-06
229	171.75	1000.410633	4.766580083E-06
230	172.5	1000.446441	5.182273677E-06
231	173.25	1000.483735	5.615212309E-06
232	174	1000.522517	6.065446996E-06
233	174.75	1000.562794	6.533030800E-06
234	175.5	1000.604569	7.018018832E-06
235	176.25	1000.647848	7.520468262E-06
236	177	1000.692635	8.040438327E-06
237	177.75	1000.738935	8.577990336E-06
238	178.5	1000.786755	9.133187679E-06
239	179.25	1000.836099	9.706095838E-06
240	180	1000.886974	1.029678239E-05
241	180.75	1000.939384	1.090531702E-05
242	181.5	1000.993338	1.153177154E-05
243	182.25	1001.048839	1.217621987E-05
244	183	1001.105896	1.283873808E-05
245	183.75	1001.164514	1.351940437E-05
246	184.5	1001.224701	1.421829911E-05
247	185.25	1001.286464	1.493550484E-05
248	186	1001.349809	1.567110627E-05
249	186.75	1001.414744	1.642519029E-05
250	187.5	1001.481277	1.719784600E-05
251	188.25	1001.549416	1.798916471E-05
252	189	1001.619167	1.879923997E-05
253	189.75	1001.69054	1.962816752E-05
254	190.5	1001.763543	2.047604541E-05
255	191.25	1001.838184	2.134297391E-05
256	192	1001.914472	2.222905557E-05
257	192.75	1001.992416	2.313439525E-05
258	193.5	1002.072025	2.405910008E-05
259	194.25	1002.153308	2.500327955E-05
260	195	1002.236275	2.596704544E-05
261	195.75	1002.320935	2.695051189E-05
262	196.5	1002.407298	2.795379543E-05
263	197.25	1002.495375	2.897701492E-05
264	198	1002.585175	3.002029164E-05
265	198.75	1002.676709	3.108374928E-05
266	199.5	1002.769988	3.216751396E-05
267	200.25	1002.865023	3.327171422E-05
268	201	1002.961824	3.439648108E-05
269	201.75	1003.060404	3.554194803E-05
270	202.5	1003.160773	3.670825106E-05
271	203.25	1003.262943	3.789552867E-05
272	204	1003.366926	3.910392190E-05
273	204.75	1003.472735	4.033357433E-05
274	205.5	1003.580381	4.158463211E-05
275	206.25	1003.689877	4.285724400E-05
276	207	1003.801237	4.415156135E-05
277	207.75	1003.914473	4.546773815E-05
278	208.5	1004.029598	4.680593104E-05
279	209.25	1004.146625	4.816629933E-05
280	210	1004.26557	4.954900503E-05
281	210.75	1004.386444	5.095421287E-05
282	211.5	1004.509263	5.238209032E-05
283	212.25	1004.634042	5.383280759E-05
284	213	1004.760793	5.530653771E-05
285	213.75	1004.889533	5.680345649E-05
286	214.5	1005.020277	5.832374259E-05
287	215.25	1005.153039	5.986757751E-05
288	216	1005.287836	6.143514567E-05
289	216.75	1005.424682	6.302663435E-05
290	217.5	1005.563595	6.464223379E-05
291	218.25	1005.704591	6.628213719E-05
292	219	1005.847685	6.794654074E-05
293	219.75	1005.992895	6.963564362E-05
294	220.5	1006.140239	7.134964807E-05
295	221.25	1006.289732	7.308875939E-05
296	222	1006.441393	7.485318600E-05
297	222.75	1006.595239	7.664313942E-05
298	223.5	1006.751289	7.845883433E-05
299	224.25	1006.909561	8.030048861E-05
300	225	1007.070074	8.216832334E-05
301	225.75	1007.232846	8.406256286E-05
302	226.5	1007.397897	8.598343478E-05
303	227.25	1007.565245	8.793117002E-05
304	228	1007.734912	8.990600285E-05
305	228.75	1007.906916	9.190817092E-05
306	229.5	1008.081278	9.393791527E-05
307	230.25	1008.258018	9.599548040E-05
308	231	1008.437158	9.808111429E-05
309	231.75	1008.618718	1.001950684E-04
310	232.5	1008.80272	1.023375978E-04
311	233.25	1008.989185	1.045089611E-04
312	234	1009.178136	1.067094205E-04
313	234.75	1009.369595	1.089392420E-04
314	235.5	1009.563585	1.111986951E-04
315	236.25	1009.760127	1.134880532E-04
316	237	1009.959247	1.158075934E-04
317	237.75	1010.160966	1.181575966E-04
318	238.5	1010.36531	1.205383475E-04
319	239.25	1010.572302	1.229501350E-04
320	240	1010.781966	1.253932515E-04
321	240.75	1010.994328	1.278679937E-04
322	241.5	1011.209412	1.303746622E-04
323	242.25	1011.427245	1.329135618E-04
324	243	1011.647852	1.354850011E-04
325	243.75	1011.871258	1.380892932E-04
326	244.5	1012.097492	1.407267552E-04
327	245.25	1012.326578	1.433977085E-04
328	246	1012.558546	1.461024789E-04
329	246.75	1012.793421	1.488413964E-04
330	247.5	1013.031233	1.516147954E-04
331	248.25	1013.272009	1.544230149E-04
332	249	1013.515778	1.572663982E-04
333	249.75	1013.762569	1.601452932E-04
334	250.5	1014.012412	1.630600526E-04
335	251.25	1014.265335	1.660110334E-04
336	252	1014.52137	1.689985976E-04
337	252.75	1014.780547	1.720231118E-04
338	253.5	1015.042896	1.750849474E-04
339	254.25	1015.308449	1.781844808E-04
340	255	1015.577238	1.813220932E-04
341	255.75	1015.849295	1.844981708E-04
342	256.5	1016.124652	1.877131050E-04
343	257.25	1016.403342	1.909672921E-04
344	258	1016.685398	1.942611335E-04
345	258.75	1016.970855	1.975950362E-04
346	259.5	1017.259746	2.009694121E-04
347	260.25	1017.552106	2.043846787E-04
348	261	1017.847971	2.078412588E-04
349	261.75	1018.147374	2.113395806E-04
350	262.5	1018.450354	2.148800780E-04
351	263.25	1018.756944	2.184631904E-04
352	264	1019.067184	2.220893631E-04
353	264.75	1019.381109	2.257590469E-04
354	265.5	1019.698758	2.294726985E-04
355	266.25	1020.020169	2.332307806E-04
356	267	1020.34538	2.370337617E-04
357	267.75	1020.674431	2.408821164E-04
358	268.5	1021.007361	2.447763256E-04
359	269.25	1021.344211	2.487168761E-04
360	270	1021.685021	2.527042612E-04
361	270.75	1022.029832	2.567389805E-04
362	271.5	1022.378685	2.608215399E-04
363	272.25	1022.731624	2.649524520E-04
364	273	1023.08869	2.691322359E-04
365	273.75	1023.449927	2.733614175E-04
366	274.5	1023.815379	2.776405292E-04
367	275.25	1024.18509	2.819701106E-04
368	276	1024.559104	2.863507079E-04
369	276.75	1024.937468	2.907828747E-04
370	277.5	1025.320226	2.952671714E-04
371	278.25	1025.707426	2.998041658E-04
372	279	1026.099115	3.043944331E-04
373	279.75	1026.495339	3.090385555E-04
374	280.5	1026.896149	3.137371233E-04
375	281.25	1027.301591	3.184907338E-04
376	282	1027.711716	3.232999926E-04
377	282.75	1028.126574	3.281655126E-04
378	283.5	1028.546215	3.330879149E-04
379	284.25	1028.97069	3.380678286E-04
380	285	1029.400052	3.431058908E-04
381	285.75	1029.834354	3.482027469E-04
382	286.5	1030.273647	3.533590508E-04
383	287.25	1030.717986	3.585754646E-04
384	288	1031.167426	3.638526592E-04
385	288.75	1031.622021	3.691913141E-04
386	289.5	1032.081828	3.745921175E-04
387	290.25	1032.546903	3.800557669E-04
388	291	1033.017303	3.855829683E-04
389	291.75	1033.493086	3.911744375E-04
390	292.5	1033.97431	3.968308991E-04
391	293.25	1034.461036	4.025530875E-04
392	294	1034.953323	4.083417464E-04
393	294.75	1035.451231	4.141976295E-04
394	295.5	1035.954823	4.201215000E-04
395	296.25	1036.464161	4.261141314E-04
396	297	1036.979308	4.321763070E-04
397	297.75	1037.500327	4.383088208E-04
398	298.5	1038.027284	4.445124769E-04
399	299.25	1038.560243	4.507880899E-04
400	300	1039.099272	4.571364854E-04
── 设定点 1000 °C　夹头 450 °C　段 1「HC2」　T设定 1000 °C　节点 401　段长 300 mm　控温点下标 200（x = 150 mm）　电流 1089.9 A　ΔL_A +0.017075　ΔL_B +0.042285
i	X_mm	TMetal_C	epsDiff
0	0	1039.079676	4.569056687E-04
1	0.75	1038.499041	4.500673600E-04
2	1.5	1037.925051	4.433088308E-04
3	2.25	1037.357636	4.366291850E-04
4	3	1036.796723	4.300275386E-04
5	3.75	1036.242245	4.235030192E-04
6	4.5	1035.694131	4.170547659E-04
7	5.25	1035.152313	4.106819296E-04
8	6	1034.616725	4.043836719E-04
9	6.75	1034.0873	3.981591659E-04
10	7.5	1033.563972	3.920075956E-04
11	8.25	1033.046677	3.859281556E-04
12	9	1032.535351	3.799200513E-04
13	9.75	1032.029931	3.739824986E-04
14	10.5	1031.530354	3.681147235E-04
15	11.25	1031.036559	3.623159626E-04
16	12	1030.548485	3.565854623E-04
17	12.75	1030.066071	3.509224789E-04
18	13.5	1029.58926	3.453262786E-04
19	14.25	1029.117991	3.397961373E-04
20	15	1028.652208	3.343313404E-04
21	15.75	1028.191852	3.289311826E-04
22	16.5	1027.736869	3.235949679E-04
23	17.25	1027.287201	3.183220096E-04
24	18	1026.842795	3.131116298E-04
25	18.75	1026.403595	3.079631597E-04
26	19.5	1025.969548	3.028759392E-04
27	20.25	1025.540601	2.978493170E-04
28	21	1025.116702	2.928826501E-04
29	21.75	1024.697799	2.879753043E-04
30	22.5	1024.28384	2.831266534E-04
31	23.25	1023.874777	2.783360797E-04
32	24	1023.470559	2.736029734E-04
33	24.75	1023.071136	2.689267330E-04
34	25.5	1022.67646	2.643067646E-04
35	26.25	1022.286484	2.597424824E-04
36	27	1021.901161	2.552333082E-04
37	27.75	1021.520442	2.507786713E-04
38	28.5	1021.144283	2.463780088E-04
39	29.25	1020.772638	2.420307650E-04
40	30	1020.405461	2.377363916E-04
41	30.75	1020.042709	2.334943477E-04
42	31.5	1019.684338	2.293040993E-04
43	32.25	1019.330304	2.251651196E-04
44	33	1018.980565	2.210768888E-04
45	33.75	1018.635078	2.170388941E-04
46	34.5	1018.293802	2.130506292E-04
47	35.25	1017.956696	2.091115948E-04
48	36	1017.62372	2.052212982E-04
49	36.75	1017.294832	2.013792532E-04
50	37.5	1016.969994	1.975849802E-04
51	38.25	1016.649167	1.938380058E-04
52	39	1016.332312	1.901378633E-04
53	39.75	1016.019391	1.864840918E-04
54	40.5	1015.710367	1.828762370E-04
55	41.25	1015.405202	1.793138506E-04
56	42	1015.10386	1.757964901E-04
57	42.75	1014.806305	1.723237192E-04
58	43.5	1014.512501	1.688951077E-04
59	44.25	1014.222414	1.655102307E-04
60	45	1013.936008	1.621686696E-04
61	45.75	1013.65325	1.588700113E-04
62	46.5	1013.374104	1.556138481E-04
63	47.25	1013.09854	1.523997784E-04
64	48	1012.826522	1.492274056E-04
65	48.75	1012.558019	1.460963389E-04
66	49.5	1012.292999	1.430061927E-04
67	50.25	1012.031431	1.399565869E-04
68	51	1011.773283	1.369471464E-04
69	51.75	1011.518524	1.339775017E-04
70	52.5	1011.267124	1.310472881E-04
71	53.25	1011.019054	1.281561462E-04
72	54	1010.774283	1.253037216E-04
73	54.75	1010.532783	1.224896650E-04
74	55.5	1010.294525	1.197136319E-04
75	56.25	1010.059481	1.169752827E-04
76	57	1009.827622	1.142742826E-04
77	57.75	1009.598922	1.116103019E-04
78	58.5	1009.373354	1.089830152E-04
79	59.25	1009.150889	1.063921021E-04
80	60	1008.931503	1.038372468E-04
81	60.75	1008.715169	1.013181379E-04
82	61.5	1008.501862	9.883446872E-05
83	62.25	1008.291556	9.638593712E-05
84	63	1008.084227	9.397224530E-05
85	63.75	1007.879849	9.159309995E-05
86	64.5	1007.678399	8.924821210E-05
87	65.25	1007.479853	8.693729711E-05
88	66	1007.284188	8.466007464E-05
89	66.75	1007.091381	8.241626858E-05
90	67.5	1006.901408	8.020560705E-05
91	68.25	1006.714247	7.802782231E-05
92	69	1006.529876	7.588265076E-05
93	69.75	1006.348274	7.376983288E-05
94	70.5	1006.16942	7.168911321E-05
95	71.25	1005.993291	6.964024030E-05
96	72	1005.819867	6.762296666E-05
97	72.75	1005.649128	6.563704877E-05
98	73.5	1005.481054	6.368224699E-05
99	74.25	1005.315625	6.175832557E-05
100	75	1005.152822	5.986505257E-05
101	75.75	1004.992625	5.800219989E-05
102	76.5	1004.835015	5.616954318E-05
103	77.25	1004.679975	5.436686183E-05
104	78	1004.527485	5.259393893E-05
105	78.75	1004.377528	5.085056126E-05
106	79.5	1004.230087	4.913651924E-05
107	80.25	1004.085143	4.745160690E-05
108	81	1003.942681	4.579562188E-05
109	81.75	1003.802683	4.416836534E-05
110	82.5	1003.665132	4.256964199E-05
111	83.25	1003.530013	4.099926006E-05
112	84	1003.397311	3.945703122E-05
113	84.75	1003.267008	3.794277061E-05
114	85.5	1003.13909	3.645629678E-05
115	86.25	1003.013543	3.499743169E-05
116	87	1002.890351	3.356600066E-05
117	87.75	1002.769499	3.216183236E-05
118	88.5	1002.650975	3.078475880E-05
119	89.25	1002.534763	2.943461525E-05
120	90	1002.420851	2.811124028E-05
121	90.75	1002.309225	2.681447574E-05
122	91.5	1002.199871	2.554416665E-05
123	92.25	1002.092778	2.430016130E-05
124	93	1001.987932	2.308231113E-05
125	93.75	1001.885322	2.189047077E-05
126	94.5	1001.784935	2.072449799E-05
127	95.25	1001.686759	1.958425367E-05
128	96	1001.590784	1.846960183E-05
129	96.75	1001.496997	1.738040957E-05
130	97.5	1001.405389	1.631654705E-05
131	98.25	1001.315948	1.527788749E-05
132	99	1001.228663	1.426430716E-05
133	99.75	1001.143526	1.327568532E-05
134	100.5	1001.060525	1.231190425E-05
135	101.25	1000.97965	1.137284923E-05
136	102	1000.900894	1.045840848E-05
137	102.75	1000.824246	9.568473192E-06
138	103.5	1000.749697	8.702937501E-06
139	104.25	1000.677239	7.861698458E-06
140	105	1000.606864	7.044656031E-06
141	105.75	1000.538562	6.251713084E-06
142	106.5	1000.472327	5.482775363E-06
143	107.25	1000.408149	4.737751488E-06
144	108	1000.346023	4.016552938E-06
145	108.75	1000.285941	3.319094037E-06
146	109.5	1000.227895	2.645291944E-06
147	110.25	1000.171879	1.995066643E-06
148	111	1000.117887	1.368340929E-06
149	111.75	1000.065911	7.650404009E-07
150	112.5	1000.015947	1.850934481E-07
151	113.25	999.967987	-3.715687570E-07
152	114	999.922028	-9.050122694E-07
153	114.75	999.878062	-1.415300380E-06
154	115.5	999.836086	-1.902493625E-06
155	116.25	999.796094	-2.366649793E-06
156	117	999.758082	-2.807823933E-06
157	117.75	999.722045	-3.226068365E-06
158	118.5	999.687979	-3.621432680E-06
159	119.25	999.65588	-3.993963756E-06
160	120	999.625744	-4.343705755E-06
161	120.75	999.597568	-4.670700138E-06
162	121.5	999.571348	-4.974985662E-06
163	122.25	999.547082	-5.256598392E-06
164	123	999.524766	-5.515571704E-06
165	123.75	999.504399	-5.751936286E-06
166	124.5	999.485977	-5.965720147E-06
167	125.25	999.469499	-6.156948619E-06
168	126	999.454962	-6.325644359E-06
169	126.75	999.442365	-6.471827354E-06
170	127.5	999.431707	-6.595514924E-06
171	128.25	999.422985	-6.696721721E-06
172	129	999.4162	-6.775459734E-06
173	129.75	999.411351	-6.831738293E-06
174	130.5	999.408436	-6.865564064E-06
175	131.25	999.407455	-6.876941053E-06
176	132	999.408409	-6.865870609E-06
177	132.75	999.411298	-6.832351420E-06
178	133.5	999.416121	-6.776379515E-06
179	134.25	999.42288	-6.697948265E-06
180	135	999.431574	-6.597048376E-06
181	135.75	999.442206	-6.473667897E-06
182	136.5	999.454777	-6.327792210E-06
183	137.25	999.469287	-6.159404033E-06
184	138	999.485739	-5.968483414E-06
185	138.75	999.504134	-5.755007734E-06
186	139.5	999.524475	-5.518951697E-06
187	140.25	999.546764	-5.260287331E-06
188	141	999.571004	-4.978983983E-06
189	141.75	999.597196	-4.675008315E-06
190	142.5	999.625346	-4.348324300E-06
191	143.25	999.655455	-3.998893215E-06
192	144	999.687527	-3.626673638E-06
193	144.75	999.721566	-3.231621443E-06
194	145.5	999.757577	-2.813689791E-06
195	146.25	999.795562	-2.372829124E-06
196	147	999.835527	-1.908987164E-06
197	147.75	999.877476	-1.422108896E-06
198	148.5	999.921414	-9.121365702E-07
199	149.25	999.967346	-3.790096880E-07
200	150	1000.015278	1.773350040E-07
201	150.75	1000.065215	7.569635230E-07
202	151.5	1000.117163	1.359944659E-06
203	152.25	1000.171128	1.986349983E-06
204	153	1000.227116	2.636253861E-06
205	153.75	1000.285134	3.309733456E-06
206	154.5	1000.345189	4.006868749E-06
207	155.25	1000.407287	4.727742540E-06
208	156	1000.471436	5.472440466E-06
209	156.75	1000.537644	6.241051010E-06
210	157.5	1000.605917	7.033665514E-06
211	158.25	1000.676264	7.850378191E-06
212	159	1000.748694	8.691286137E-06
213	159.75	1000.823214	9.556489347E-06
214	160.5	1000.899833	1.044609073E-05
215	161.25	1000.978561	1.136019610E-05
216	162	1001.059406	1.229891425E-05
217	162.75	1001.142378	1.326235689E-05
218	163.5	1001.227486	1.425063872E-05
219	164.25	1001.314741	1.526387741E-05
220	165	1001.404153	1.630219366E-05
221	165.75	1001.495732	1.736571116E-05
222	166.5	1001.589488	1.845455666E-05
223	167.25	1001.685434	1.956885993E-05
224	168	1001.783579	2.070875384E-05
225	168.75	1001.883936	2.187437435E-05
226	169.5	1001.986516	2.306586052E-05
227	170.25	1002.091331	2.428335452E-05
228	171	1002.198394	2.552700170E-05
229	171.75	1002.307716	2.679695057E-05
230	172.5	1002.419311	2.809335281E-05
231	173.25	1002.533192	2.941636332E-05
232	174	1002.649372	3.076614023E-05
233	174.75	1002.767865	3.214284495E-05
234	175.5	1002.888685	3.354664211E-05
235	176.25	1003.011845	3.497769969E-05
236	177	1003.13736	3.643618898E-05
237	177.75	1003.265245	3.792228459E-05
238	178.5	1003.395515	3.943616453E-05
239	179.25	1003.528185	4.097801020E-05
240	180	1003.663271	4.254800641E-05
241	180.75	1003.800788	4.414634144E-05
242	181.5	1003.940753	4.577320702E-05
243	182.25	1004.083181	4.742879840E-05
244	183	1004.228091	4.911331435E-05
245	183.75	1004.375498	5.082695720E-05
246	184.5	1004.52542	5.256993286E-05
247	185.25	1004.677875	5.434245086E-05
248	186	1004.832881	5.614472438E-05
249	186.75	1004.990455	5.797697027E-05
250	187.5	1005.150617	5.983940909E-05
251	188.25	1005.313385	6.173226514E-05
252	189	1005.478778	6.365576647E-05
253	189.75	1005.646815	6.561014497E-05
254	190.5	1005.817517	6.759563634E-05
255	191.25	1005.990904	6.961248015E-05
256	192	1006.166996	7.166091989E-05
257	192.75	1006.345814	7.374120297E-05
258	193.5	1006.527378	7.585358080E-05
259	194.25	1006.71171	7.799830879E-05
260	195	1006.898833	8.017564640E-05
261	195.75	1007.088767	8.238585717E-05
262	196.5	1007.281536	8.462920878E-05
263	197.25	1007.477162	8.690597307E-05
264	198	1007.675668	8.921642607E-05
265	198.75	1007.877078	9.156084809E-05
266	199.5	1008.081416	9.393952368E-05
267	200.25	1008.288705	9.635274177E-05
268	201	1008.49897	9.880079561E-05
269	201.75	1008.712236	1.012839829E-04
270	202.5	1008.928529	1.038026058E-04
271	203.25	1009.147873	1.063569709E-04
272	204	1009.370295	1.089473895E-04
273	204.75	1009.595821	1.115741773E-04
274	205.5	1009.824478	1.142376547E-04
275	206.25	1010.056293	1.169381470E-04
276	207	1010.291294	1.196759839E-04
277	207.75	1010.529508	1.224515002E-04
278	208.5	1010.770963	1.252650353E-04
279	209.25	1011.015689	1.281169335E-04
280	210	1011.263714	1.310075443E-04
281	210.75	1011.515068	1.339372219E-04
282	211.5	1011.769781	1.369063257E-04
283	212.25	1012.027883	1.399152203E-04
284	213	1012.289404	1.429642751E-04
285	213.75	1012.554377	1.460538651E-04
286	214.5	1012.822832	1.491843704E-04
287	215.25	1013.094801	1.523561765E-04
288	216	1013.370317	1.555696742E-04
289	216.75	1013.649413	1.588252598E-04
290	217.5	1013.932122	1.621233351E-04
291	218.25	1014.218478	1.654643076E-04
292	219	1014.508515	1.688485902E-04
293	219.75	1014.802268	1.722766017E-04
294	220.5	1015.099771	1.757487666E-04
295	221.25	1015.401061	1.792655152E-04
296	222	1015.706173	1.828272839E-04
297	222.75	1016.015145	1.864345147E-04
298	223.5	1016.328012	1.900876561E-04
299	224.25	1016.644813	1.937871623E-04
300	225	1016.965586	1.975334940E-04
301	225.75	1017.290369	2.013271179E-04
302	226.5	1017.619201	2.051685073E-04
303	227.25	1017.952121	2.090581417E-04
304	228	1018.289171	2.129965073E-04
305	228.75	1018.630389	2.169840965E-04
306	229.5	1018.975818	2.210214088E-04
307	230.25	1019.325499	2.251089501E-04
308	231	1019.679474	2.292472332E-04
309	231.75	1020.037786	2.334367780E-04
310	232.5	1020.400478	2.376781111E-04
311	233.25	1020.767594	2.419717662E-04
312	234	1021.139178	2.463182843E-04
313	234.75	1021.515275	2.507182136E-04
314	235.5	1021.895931	2.551721096E-04
315	236.25	1022.281191	2.596805353E-04
316	237	1022.671103	2.642440610E-04
317	237.75	1023.065714	2.688632650E-04
318	238.5	1023.465072	2.735387330E-04
319	239.25	1023.869225	2.782710587E-04
320	240	1024.278221	2.830608436E-04
321	240.75	1024.692112	2.879086972E-04
322	241.5	1025.110948	2.928152373E-04
323	242.25	1025.534778	2.977810898E-04
324	243	1025.963656	3.028068890E-04
325	243.75	1026.397633	3.078932776E-04
326	244.5	1026.836762	3.130409068E-04
327	245.25	1027.281097	3.182504366E-04
328	246	1027.730693	3.235225359E-04
329	246.75	1028.185603	3.288578821E-04
330	247.5	1028.645885	3.342571621E-04
331	248.25	1029.111594	3.397210716E-04
332	249	1029.582787	3.452503157E-04
333	249.75	1030.059522	3.508456090E-04
334	250.5	1030.541859	3.565076755E-04
335	251.25	1031.029855	3.622372488E-04
336	252	1031.523572	3.680350725E-04
337	252.75	1032.02307	3.739019000E-04
338	253.5	1032.52841	3.798384947E-04
339	254.25	1033.039655	3.858456302E-04
340	255	1033.556868	3.919240907E-04
341	255.75	1034.080112	3.980746707E-04
342	256.5	1034.609454	4.042981751E-04
343	257.25	1035.144957	4.105954201E-04
344	258	1035.686689	4.169672324E-04
345	258.75	1036.234717	4.234144501E-04
346	259.5	1036.789108	4.299379222E-04
347	260.25	1037.349932	4.365385095E-04
348	261	1037.917259	4.432170842E-04
349	261.75	1038.491158	4.499745302E-04
350	262.5	1039.071701	4.568117434E-04
351	263.25	1039.658962	4.637296317E-04
352	264	1040.253013	4.707291153E-04
353	264.75	1040.853928	4.778111270E-04
354	265.5	1041.461783	4.849766119E-04
355	266.25	1042.076654	4.922265282E-04
356	267	1042.698617	4.995618470E-04
357	267.75	1043.327752	5.069835526E-04
358	268.5	1043.964136	5.144926426E-04
359	269.25	1044.607851	5.220901284E-04
360	270	1045.258977	5.297770349E-04
361	270.75	1045.917596	5.375544013E-04
362	271.5	1046.583791	5.454232809E-04
363	272.25	1047.257646	5.533847414E-04
364	273	1047.939247	5.614398651E-04
365	273.75	1048.628681	5.695897494E-04
366	274.5	1049.326033	5.778355064E-04
367	275.25	1050.031394	5.861782641E-04
368	276	1050.744852	5.946191655E-04
369	276.75	1051.466498	6.031593698E-04
370	277.5	1052.196425	6.118000521E-04
371	278.25	1052.934724	6.205424040E-04
372	279	1053.681492	6.293876333E-04
373	279.75	1054.436822	6.383369650E-04
374	280.5	1055.200812	6.473916410E-04
375	281.25	1055.97356	6.565529207E-04
376	282	1056.755165	6.658220810E-04
377	282.75	1057.545726	6.752004168E-04
378	283.5	1058.345347	6.846892414E-04
379	284.25	1059.15413	6.942898862E-04
380	285	1059.972179	7.040037018E-04
381	285.75	1060.7996	7.138320577E-04
382	286.5	1061.6365	7.237763430E-04
383	287.25	1062.482988	7.338379664E-04
384	288	1063.339173	7.440183567E-04
385	288.75	1064.205166	7.543189632E-04
386	289.5	1065.081081	7.647412559E-04
387	290.25	1065.96703	7.752867258E-04
388	291	1066.863131	7.859568856E-04
389	291.75	1067.769499	7.967532695E-04
390	292.5	1068.686254	8.076774340E-04
391	293.25	1069.613516	8.187309583E-04
392	294	1070.551405	8.299154443E-04
393	294.75	1071.500047	8.412325173E-04
394	295.5	1072.459565	8.526838265E-04
395	296.25	1073.430086	8.642710449E-04
396	297	1074.411738	8.759958705E-04
397	297.75	1075.404651	8.878600258E-04
398	298.5	1076.408956	8.998652591E-04
399	299.25	1077.424787	9.120133443E-04
400	300	1078.452279	9.243060818E-04
── 设定点 1080 °C　夹头 100 °C　段 0「HC1」　T设定 1080 °C　节点 401　段长 300 mm　控温点下标 200（x = 150 mm）　电流 1156.7 A　ΔL_A +0.022523　ΔL_B +0.001916
i	X_mm	TMetal_C	epsDiff
0	0	1118.842615	4.689676192E-04
1	0.75	1118.357117	4.630569738E-04
2	1.5	1117.876895	4.572118188E-04
3	2.25	1117.401891	4.514314102E-04
4	3	1116.93205	4.457150127E-04
5	3.75	1116.467314	4.400619005E-04
6	4.5	1116.007628	4.344713568E-04
7	5.25	1115.552937	4.289426736E-04
8	6	1115.103186	4.234751517E-04
9	6.75	1114.658322	4.180681006E-04
10	7.5	1114.218291	4.127208383E-04
11	8.25	1113.78304	4.074326911E-04
12	9	1113.352519	4.022029939E-04
13	9.75	1112.926675	3.970310895E-04
14	10.5	1112.505457	3.919163289E-04
15	11.25	1112.088816	3.868580712E-04
16	12	1111.676703	3.818556831E-04
17	12.75	1111.269067	3.769085392E-04
18	13.5	1110.86586	3.720160218E-04
19	14.25	1110.467036	3.671775207E-04
20	15	1110.072545	3.623924330E-04
21	15.75	1109.682342	3.576601635E-04
22	16.5	1109.29638	3.529801239E-04
23	17.25	1108.914614	3.483517332E-04
24	18	1108.536997	3.437744176E-04
25	18.75	1108.163487	3.392476099E-04
26	19.5	1107.794038	3.347707502E-04
27	20.25	1107.428606	3.303432852E-04
28	21	1107.067149	3.259646681E-04
29	21.75	1106.709624	3.216343591E-04
30	22.5	1106.355989	3.173518246E-04
31	23.25	1106.006202	3.131165376E-04
32	24	1105.660222	3.089279774E-04
33	24.75	1105.318007	3.047856296E-04
34	25.5	1104.979519	3.006889860E-04
35	26.25	1104.644716	2.966375445E-04
36	27	1104.313561	2.926308090E-04
37	27.75	1103.986012	2.886682893E-04
38	28.5	1103.662033	2.847495013E-04
39	29.25	1103.341586	2.808739664E-04
40	30	1103.024631	2.770412121E-04
41	30.75	1102.711134	2.732507711E-04
42	31.5	1102.401055	2.695021822E-04
43	32.25	1102.094361	2.657949892E-04
44	33	1101.791014	2.621287418E-04
45	33.75	1101.490978	2.585029948E-04
46	34.5	1101.19422	2.549173083E-04
47	35.25	1100.900704	2.513712478E-04
48	36	1100.610395	2.478643838E-04
49	36.75	1100.323261	2.443962922E-04
50	37.5	1100.039267	2.409665536E-04
51	38.25	1099.758381	2.375747539E-04
52	39	1099.480569	2.342204836E-04
53	39.75	1099.205799	2.309033382E-04
54	40.5	1098.934039	2.276229183E-04
55	41.25	1098.665258	2.243788287E-04
56	42	1098.399424	2.211706793E-04
57	42.75	1098.136506	2.179980844E-04
58	43.5	1097.876475	2.148606631E-04
59	44.25	1097.619298	2.117580388E-04
60	45	1097.364947	2.086898394E-04
61	45.75	1097.113393	2.056556972E-04
62	46.5	1096.864605	2.026552491E-04
63	47.25	1096.618555	1.996881359E-04
64	48	1096.375215	1.967540029E-04
65	48.75	1096.134555	1.938524995E-04
66	49.5	1095.896549	1.909832794E-04
67	50.25	1095.661169	1.881460002E-04
68	51	1095.428387	1.853403236E-04
69	51.75	1095.198177	1.825659154E-04
70	52.5	1094.970512	1.798224452E-04
71	53.25	1094.745365	1.771095867E-04
72	54	1094.522711	1.744270172E-04
73	54.75	1094.302523	1.717744180E-04
74	55.5	1094.084777	1.691514742E-04
75	56.25	1093.869447	1.665578745E-04
76	57	1093.656508	1.639933112E-04
77	57.75	1093.445936	1.614574806E-04
78	58.5	1093.237707	1.589500821E-04
79	59.25	1093.031795	1.564708191E-04
80	60	1092.828179	1.540193981E-04
81	60.75	1092.626833	1.515955295E-04
82	61.5	1092.427736	1.491989268E-04
83	62.25	1092.230864	1.468293071E-04
84	63	1092.036194	1.444863905E-04
85	63.75	1091.843704	1.421699009E-04
86	64.5	1091.653371	1.398795652E-04
87	65.25	1091.465175	1.376151135E-04
88	66	1091.279093	1.353762792E-04
89	66.75	1091.095104	1.331627988E-04
90	67.5	1090.913186	1.309744120E-04
91	68.25	1090.73332	1.288108615E-04
92	69	1090.555483	1.266718931E-04
93	69.75	1090.379656	1.245572557E-04
94	70.5	1090.205819	1.224667010E-04
95	71.25	1090.033951	1.203999839E-04
96	72	1089.864034	1.183568620E-04
97	72.75	1089.696046	1.163370958E-04
98	73.5	1089.52997	1.143404488E-04
99	74.25	1089.365786	1.123666873E-04
100	75	1089.203475	1.104155803E-04
101	75.75	1089.043019	1.084868996E-04
102	76.5	1088.884399	1.065804197E-04
103	77.25	1088.727597	1.046959179E-04
104	78	1088.572596	1.028331740E-04
105	78.75	1088.419377	1.009919706E-04
106	79.5	1088.267922	9.917209289E-05
107	80.25	1088.118216	9.737332860E-05
108	81	1087.97024	9.559546800E-05
109	81.75	1087.823977	9.383830394E-05
110	82.5	1087.679411	9.210163173E-05
111	83.25	1087.536526	9.038524919E-05
112	84	1087.395305	8.868895655E-05
113	84.75	1087.255731	8.701255648E-05
114	85.5	1087.117789	8.535585405E-05
115	86.25	1086.981464	8.371865670E-05
116	87	1086.846739	8.210077419E-05
117	87.75	1086.713599	8.050201863E-05
118	88.5	1086.58203	7.892220442E-05
119	89.25	1086.452015	7.736114820E-05
120	90	1086.323541	7.581866889E-05
121	90.75	1086.196592	7.429458763E-05
122	91.5	1086.071154	7.278872775E-05
123	92.25	1085.947214	7.130091476E-05
124	93	1085.824755	6.983097633E-05
125	93.75	1085.703766	6.837874224E-05
126	94.5	1085.584232	6.694404442E-05
127	95.25	1085.466138	6.552671686E-05
128	96	1085.349473	6.412659562E-05
129	96.75	1085.234222	6.274351881E-05
130	97.5	1085.120373	6.137732658E-05
131	98.25	1085.007913	6.002786106E-05
132	99	1084.896828	5.869496638E-05
133	99.75	1084.787106	5.737848863E-05
134	100.5	1084.678735	5.607827585E-05
135	101.25	1084.571702	5.479417800E-05
136	102	1084.465996	5.352604695E-05
137	102.75	1084.361603	5.227373646E-05
138	103.5	1084.258513	5.103710216E-05
139	104.25	1084.156714	4.981600152E-05
140	105	1084.056193	4.861029386E-05
141	105.75	1083.95694	4.741984030E-05
142	106.5	1083.858943	4.624450376E-05
143	107.25	1083.762192	4.508414895E-05
144	108	1083.666675	4.393864233E-05
145	108.75	1083.572381	4.280785212E-05
146	109.5	1083.479299	4.169164826E-05
147	110.25	1083.38742	4.058990241E-05
148	111	1083.296733	3.950248792E-05
149	111.75	1083.207227	3.842927981E-05
150	112.5	1083.118892	3.737015480E-05
151	113.25	1083.031718	3.632499123E-05
152	114	1082.945696	3.529366909E-05
153	114.75	1082.860816	3.427606998E-05
154	115.5	1082.777067	3.327207710E-05
155	116.25	1082.694441	3.228157527E-05
156	117	1082.612928	3.130445084E-05
157	117.75	1082.532519	3.034059177E-05
158	118.5	1082.453204	2.938988753E-05
159	119.25	1082.374976	2.845222915E-05
160	120	1082.297824	2.752750916E-05
161	120.75	1082.221741	2.661562161E-05
162	121.5	1082.146717	2.571646204E-05
163	122.25	1082.072744	2.482992748E-05
164	123	1081.999814	2.395591641E-05
165	123.75	1081.927919	2.309432878E-05
166	124.5	1081.85705	2.224506597E-05
167	125.25	1081.787199	2.140803082E-05
168	126	1081.718358	2.058312755E-05
169	126.75	1081.650521	1.977026182E-05
170	127.5	1081.583678	1.896934067E-05
171	128.25	1081.517822	1.818027252E-05
172	129	1081.452947	1.740296718E-05
173	129.75	1081.389044	1.663733580E-05
174	130.5	1081.326106	1.588329089E-05
175	131.25	1081.264127	1.514074632E-05
176	132	1081.203099	1.440961726E-05
177	132.75	1081.143016	1.368982021E-05
178	133.5	1081.08387	1.298127298E-05
179	134.25	1081.025655	1.228389469E-05
180	135	1080.968364	1.159760572E-05
181	135.75	1080.911991	1.092232777E-05
182	136.5	1080.85653	1.025798376E-05
183	137.25	1080.801973	9.604497921E-06
184	138	1080.748316	8.961795696E-06
185	138.75	1080.695552	8.329803788E-06
186	139.5	1080.643675	7.708450131E-06
187	140.25	1080.592679	7.097663881E-06
188	141	1080.542559	6.497375409E-06
189	141.75	1080.493308	5.907516294E-06
190	142.5	1080.444922	5.328019314E-06
191	143.25	1080.397394	4.758818438E-06
192	144	1080.350719	4.199848815E-06
193	144.75	1080.304893	3.651046770E-06
194	145.5	1080.25991	3.112349796E-06
195	146.25	1080.215764	2.583696542E-06
196	147	1080.172452	2.065026813E-06
197	147.75	1080.129967	1.556281555E-06
198	148.5	1080.088306	1.057402852E-06
199	149.25	1080.047463	5.683339193E-07
200	150	1080.007434	8.901909539E-08
201	150.75	1079.968215	-3.805961652E-07
202	151.5	1079.9298	-8.405652974E-07
203	152.25	1079.892186	-1.290940633E-06
204	153	1079.855369	-1.731773406E-06
205	153.75	1079.819344	-2.163113759E-06
206	154.5	1079.784106	-2.585010751E-06
207	155.25	1079.749654	-2.997512361E-06
208	156	1079.715981	-3.400665494E-06
209	156.75	1079.683085	-3.794515989E-06
210	157.5	1079.650962	-4.179108621E-06
211	158.25	1079.619608	-4.554487110E-06
212	159	1079.589019	-4.920694123E-06
213	159.75	1079.559193	-5.277771282E-06
214	160.5	1079.530126	-5.625759168E-06
215	161.25	1079.501814	-5.964697324E-06
216	162	1079.474255	-6.294624261E-06
217	162.75	1079.447445	-6.615577467E-06
218	163.5	1079.421381	-6.927593402E-06
219	164.25	1079.396061	-7.230707512E-06
220	165	1079.371481	-7.524954227E-06
221	165.75	1079.347639	-7.810366968E-06
222	166.5	1079.324531	-8.086978150E-06
223	167.25	1079.302157	-8.354819188E-06
224	168	1079.280512	-8.613920496E-06
225	168.75	1079.259594	-8.864311495E-06
226	169.5	1079.239402	-9.106020616E-06
227	170.25	1079.219932	-9.339075302E-06
228	171	1079.201184	-9.563502010E-06
229	171.75	1079.183153	-9.779326219E-06
230	172.5	1079.165839	-9.986572428E-06
231	173.25	1079.14924	-1.018526416E-05
232	174	1079.133353	-1.037542398E-05
233	174.75	1079.118178	-1.055707345E-05
234	175.5	1079.103711	-1.073023320E-05
235	176.25	1079.089952	-1.089492288E-05
236	177	1079.076899	-1.105116117E-05
237	177.75	1079.064551	-1.119896582E-05
238	178.5	1079.052905	-1.133835359E-05
239	179.25	1079.041962	-1.146934029E-05
240	180	1079.031719	-1.159194080E-05
241	180.75	1079.022175	-1.170616901E-05
242	181.5	1079.01333	-1.181203790E-05
243	182.25	1079.005183	-1.190955948E-05
244	183	1078.997731	-1.199874480E-05
245	183.75	1078.990976	-1.207960398E-05
246	184.5	1078.984915	-1.215214621E-05
247	185.25	1078.979548	-1.221637970E-05
248	186	1078.974875	-1.227231176E-05
249	186.75	1078.970895	-1.231994871E-05
250	187.5	1078.967607	-1.235929597E-05
251	188.25	1078.965012	-1.239035800E-05
252	189	1078.963109	-1.241313832E-05
253	189.75	1078.961897	-1.242763952E-05
254	190.5	1078.961377	-1.243386324E-05
255	191.25	1078.961549	-1.243181020E-05
256	192	1078.962412	-1.242148014E-05
257	192.75	1078.963967	-1.240287191E-05
258	193.5	1078.966213	-1.237598340E-05
259	194.25	1078.969152	-1.234081154E-05
260	195	1078.972783	-1.229735236E-05
261	195.75	1078.977107	-1.224560092E-05
262	196.5	1078.982124	-1.218555136E-05
263	197.25	1078.987835	-1.211719685E-05
264	198	1078.99424	-1.204052964E-05
265	198.75	1079.001341	-1.195554105E-05
266	199.5	1079.009138	-1.186222142E-05
267	200.25	1079.017631	-1.176056016E-05
268	201	1079.026823	-1.165054575E-05
269	201.75	1079.036713	-1.153216570E-05
270	202.5	1079.047303	-1.140540658E-05
271	203.25	1079.058595	-1.127025400E-05
272	204	1079.070589	-1.112669264E-05
273	204.75	1079.083287	-1.097470619E-05
274	205.5	1079.09669	-1.081427742E-05
275	206.25	1079.1108	-1.064538811E-05
276	207	1079.125618	-1.046801910E-05
277	207.75	1079.141146	-1.028215027E-05
278	208.5	1079.157386	-1.008776051E-05
279	209.25	1079.174339	-9.884827754E-06
280	210	1079.192008	-9.673328979E-06
281	210.75	1079.210395	-9.453240172E-06
282	211.5	1079.229501	-9.224536348E-06
283	212.25	1079.249329	-8.987191544E-06
284	213	1079.269881	-8.741178813E-06
285	213.75	1079.291159	-8.486470223E-06
286	214.5	1079.313165	-8.223036852E-06
287	215.25	1079.335903	-7.950848788E-06
288	216	1079.359375	-7.669875119E-06
289	216.75	1079.383583	-7.380083935E-06
290	217.5	1079.40853	-7.081442324E-06
291	218.25	1079.434218	-6.773916363E-06
292	219	1079.460652	-6.457471119E-06
293	219.75	1079.487833	-6.132070644E-06
294	220.5	1079.515766	-5.797677968E-06
295	221.25	1079.544452	-5.454255097E-06
296	222	1079.573895	-5.101763007E-06
297	222.75	1079.604099	-4.740161641E-06
298	223.5	1079.635067	-4.369409903E-06
299	224.25	1079.666802	-3.989465654E-06
300	225	1079.699308	-3.600285703E-06
301	225.75	1079.732589	-3.201825809E-06
302	226.5	1079.766648	-2.794040669E-06
303	227.25	1079.801489	-2.376883916E-06
304	228	1079.837117	-1.950308113E-06
305	228.75	1079.873535	-1.514264746E-06
306	229.5	1079.910747	-1.068704220E-06
307	230.25	1079.948757	-6.135758496E-07
308	231	1079.987571	-1.488278587E-07
309	231.75	1080.027191	3.255926314E-07
310	232.5	1080.067623	8.097396058E-07
311	233.25	1080.108872	1.303668163E-06
312	234	1080.150941	1.807434520E-06
313	234.75	1080.193836	2.321096024E-06
314	235.5	1080.237561	2.844711152E-06
315	236.25	1080.282121	3.378339525E-06
316	237	1080.327522	3.922041910E-06
317	237.75	1080.373768	4.475880230E-06
318	238.5	1080.420865	5.039917571E-06
319	239.25	1080.468819	5.614218191E-06
320	240	1080.517633	6.198847524E-06
321	240.75	1080.567315	6.793872192E-06
322	241.5	1080.617869	7.399360011E-06
323	242.25	1080.669301	8.015380000E-06
324	243	1080.721617	8.642002389E-06
325	243.75	1080.774824	9.279298627E-06
326	244.5	1080.828926	9.927341392E-06
327	245.25	1080.883931	1.058620460E-05
328	246	1080.939843	1.125596341E-05
329	246.75	1080.996671	1.193669425E-05
330	247.5	1081.054419	1.262847479E-05
331	248.25	1081.113095	1.333138399E-05
332	249	1081.172706	1.404550209E-05
333	249.75	1081.233257	1.477091062E-05
334	250.5	1081.294756	1.550769243E-05
335	251.25	1081.35721	1.625593166E-05
336	252	1081.420625	1.701571379E-05
337	252.75	1081.48501	1.778712564E-05
338	253.5	1081.55037	1.857025535E-05
339	254.25	1081.616715	1.936519244E-05
340	255	1081.68405	2.017202780E-05
341	255.75	1081.752385	2.099085368E-05
342	256.5	1081.821725	2.182176372E-05
343	257.25	1081.89208	2.266485299E-05
344	258	1081.963458	2.352021793E-05
345	258.75	1082.035865	2.438795645E-05
346	259.5	1082.109312	2.526816786E-05
347	260.25	1082.183805	2.616095294E-05
348	261	1082.259353	2.706641392E-05
349	261.75	1082.335965	2.798465453E-05
350	262.5	1082.41365	2.891577995E-05
351	263.25	1082.492416	2.985989689E-05
352	264	1082.572272	3.081711356E-05
353	264.75	1082.653228	3.178753969E-05
354	265.5	1082.735292	3.277128658E-05
355	266.25	1082.818474	3.376846705E-05
356	267	1082.902783	3.477919552E-05
357	267.75	1082.988229	3.580358797E-05
358	268.5	1083.074821	3.684176198E-05
359	269.25	1083.162569	3.789383675E-05
360	270	1083.251484	3.895993311E-05
361	270.75	1083.341575	4.004017352E-05
362	271.5	1083.432852	4.113468212E-05
363	272.25	1083.525326	4.224358469E-05
364	273	1083.619008	4.336700872E-05
365	273.75	1083.713907	4.450508341E-05
366	274.5	1083.810036	4.565793967E-05
367	275.25	1083.907403	4.682571016E-05
368	276	1084.006022	4.800852927E-05
369	276.75	1084.105902	4.920653318E-05
370	277.5	1084.207056	5.041985987E-05
371	278.25	1084.309494	5.164864910E-05
372	279	1084.413229	5.289304246E-05
373	279.75	1084.518272	5.415318341E-05
374	280.5	1084.624635	5.542921723E-05
375	281.25	1084.73233	5.672129110E-05
376	282	1084.84137	5.802955410E-05
377	282.75	1084.951766	5.935415722E-05
378	283.5	1085.063532	6.069525337E-05
379	284.25	1085.17668	6.205299745E-05
380	285	1085.291223	6.342754631E-05
381	285.75	1085.407173	6.481905879E-05
382	286.5	1085.524545	6.622769577E-05
383	287.25	1085.643352	6.765362014E-05
384	288	1085.763606	6.909699687E-05
385	288.75	1085.885323	7.055799299E-05
386	289.5	1086.008515	7.203677763E-05
387	290.25	1086.133196	7.353352205E-05
388	291	1086.259382	7.504839966E-05
389	291.75	1086.387086	7.658158602E-05
390	292.5	1086.516322	7.813325888E-05
391	293.25	1086.647106	7.970359821E-05
392	294	1086.779453	8.129278622E-05
393	294.75	1086.913377	8.290100736E-05
394	295.5	1087.048894	8.452844838E-05
395	296.25	1087.18602	8.617529833E-05
396	297	1087.324769	8.784174859E-05
397	297.75	1087.465158	8.952799290E-05
398	298.5	1087.607203	9.123422738E-05
399	299.25	1087.75092	9.296065055E-05
400	300	1087.896325	9.470746339E-05
── 设定点 1080 °C　夹头 100 °C　段 1「HC2」　T设定 1080 °C　节点 401　段长 300 mm　控温点下标 200（x = 150 mm）　电流 1152.7 A　ΔL_A -0.000610　ΔL_B +0.043546
i	X_mm	TMetal_C	epsDiff
0	0	1087.874284	9.444266262E-05
1	0.75	1087.684507	9.216284502E-05
2	1.5	1087.49702	8.991070799E-05
3	2.25	1087.3118	8.768598686E-05
4	3	1087.128827	8.548842036E-05
5	3.75	1086.94808	8.331775053E-05
6	4.5	1086.769538	8.117372270E-05
7	5.25	1086.59318	7.905608548E-05
8	6	1086.418986	7.696459069E-05
9	6.75	1086.246937	7.489899333E-05
10	7.5	1086.077013	7.285905158E-05
11	8.25	1085.909193	7.084452673E-05
12	9	1085.74346	6.885518317E-05
13	9.75	1085.579794	6.689078834E-05
14	10.5	1085.418177	6.495111271E-05
15	11.25	1085.258589	6.303592976E-05
16	12	1085.101014	6.114501592E-05
17	12.75	1084.945432	5.927815056E-05
18	13.5	1084.791826	5.743511597E-05
19	14.25	1084.640179	5.561569729E-05
20	15	1084.490473	5.381968254E-05
21	15.75	1084.342691	5.204686255E-05
22	16.5	1084.196816	5.029703092E-05
23	17.25	1084.052832	4.856998404E-05
24	18	1083.910723	4.686552103E-05
25	18.75	1083.770471	4.518344372E-05
26	19.5	1083.632062	4.352355662E-05
27	20.25	1083.495479	4.188566690E-05
28	21	1083.360707	4.026958438E-05
29	21.75	1083.22773	3.867512146E-05
30	22.5	1083.096534	3.710209314E-05
31	23.25	1082.967103	3.555031697E-05
32	24	1082.839423	3.401961304E-05
33	24.75	1082.71348	3.250980394E-05
34	25.5	1082.589258	3.102071476E-05
35	26.25	1082.466744	2.955217306E-05
36	27	1082.345923	2.810400882E-05
37	27.75	1082.226783	2.667605444E-05
38	28.5	1082.10931	2.526814475E-05
39	29.25	1081.993489	2.388011692E-05
40	30	1081.879309	2.251181049E-05
41	30.75	1081.766756	2.116306733E-05
42	31.5	1081.655818	1.983373163E-05
43	32.25	1081.546481	1.852364986E-05
44	33	1081.438733	1.723267077E-05
45	33.75	1081.332563	1.596064537E-05
46	34.5	1081.227958	1.470742689E-05
47	35.25	1081.124906	1.347287079E-05
48	36	1081.023396	1.225683471E-05
49	36.75	1080.923416	1.105917848E-05
50	37.5	1080.824954	9.879764090E-06
51	38.25	1080.728	8.718455660E-06
52	39	1080.632543	7.575119446E-06
53	39.75	1080.538572	6.449623807E-06
54	40.5	1080.446075	5.341839193E-06
55	41.25	1080.355044	4.251638128E-06
56	42	1080.265467	3.178895192E-06
57	42.75	1080.177334	2.123487009E-06
58	43.5	1080.090635	1.085292227E-06
59	44.25	1080.005361	6.419150273E-08
60	45	1079.921501	-9.399325101E-07
61	45.75	1079.839047	-1.927195179E-06
62	46.5	1079.757989	-2.897709906E-06
63	47.25	1079.678318	-3.851588143E-06
64	48	1079.600025	-4.788939404E-06
65	48.75	1079.5231	-5.709871282E-06
66	49.5	1079.447536	-6.614489461E-06
67	50.25	1079.373323	-7.502897728E-06
68	51	1079.300454	-8.375197990E-06
69	51.75	1079.22892	-9.231490281E-06
70	52.5	1079.158713	-1.007187278E-05
71	53.25	1079.089825	-1.089644183E-05
72	54	1079.022249	-1.170529192E-05
73	54.75	1078.955976	-1.249851575E-05
74	55.5	1078.890999	-1.327620418E-05
75	56.25	1078.827311	-1.403844629E-05
76	57	1078.764905	-1.478532937E-05
77	57.75	1078.703773	-1.551693894E-05
78	58.5	1078.643909	-1.623335876E-05
79	59.25	1078.585306	-1.693467082E-05
80	60	1078.527958	-1.762095537E-05
81	60.75	1078.471857	-1.829229094E-05
82	61.5	1078.416998	-1.894875433E-05
83	62.25	1078.363374	-1.959042062E-05
84	63	1078.31098	-2.021736320E-05
85	63.75	1078.259809	-2.082965374E-05
86	64.5	1078.209855	-2.142736226E-05
87	65.25	1078.161114	-2.201055708E-05
88	66	1078.113579	-2.257930484E-05
89	66.75	1078.067245	-2.313367054E-05
90	67.5	1078.022107	-2.367371752E-05
91	68.25	1077.978159	-2.419950749E-05
92	69	1077.935398	-2.471110049E-05
93	69.75	1077.893818	-2.520855497E-05
94	70.5	1077.853414	-2.569192773E-05
95	71.25	1077.814182	-2.616127396E-05
96	72	1077.776117	-2.661664725E-05
97	72.75	1077.739215	-2.705809959E-05
98	73.5	1077.703473	-2.748568137E-05
99	74.25	1077.668885	-2.789944138E-05
100	75	1077.635448	-2.829942686E-05
101	75.75	1077.603158	-2.868568343E-05
102	76.5	1077.572012	-2.905825518E-05
103	77.25	1077.542006	-2.941718460E-05
104	78	1077.513137	-2.976251266E-05
105	78.75	1077.485401	-3.009427872E-05
106	79.5	1077.458796	-3.041252065E-05
107	80.25	1077.433317	-3.071727473E-05
108	81	1077.408964	-3.100857572E-05
109	81.75	1077.385732	-3.128645684E-05
110	82.5	1077.363619	-3.155094977E-05
111	83.25	1077.342623	-3.180208466E-05
112	84	1077.32274	-3.203989016E-05
113	84.75	1077.30397	-3.226439337E-05
114	85.5	1077.28631	-3.247561988E-05
115	86.25	1077.269758	-3.267359378E-05
116	87	1077.254312	-3.285833762E-05
117	87.75	1077.23997	-3.302987247E-05
118	88.5	1077.226731	-3.318821788E-05
119	89.25	1077.214593	-3.333339188E-05
120	90	1077.203555	-3.346541104E-05
121	90.75	1077.193615	-3.358429038E-05
122	91.5	1077.184773	-3.369004347E-05
123	92.25	1077.177027	-3.378268235E-05
124	93	1077.170377	-3.386221757E-05
125	93.75	1077.164822	-3.392865821E-05
126	94.5	1077.160361	-3.398201182E-05
127	95.25	1077.156993	-3.402228450E-05
128	96	1077.15472	-3.404948082E-05
129	96.75	1077.153539	-3.406360390E-05
130	97.5	1077.153451	-3.406465533E-05
131	98.25	1077.154456	-3.405263524E-05
132	99	1077.156554	-3.402754225E-05
133	99.75	1077.159745	-3.398937351E-05
134	100.5	1077.16403	-3.393812468E-05
135	101.25	1077.169409	-3.387378990E-05
136	102	1077.175883	-3.379636185E-05
137	102.75	1077.183453	-3.370583171E-05
138	103.5	1077.192118	-3.360218916E-05
139	104.25	1077.201881	-3.348542239E-05
140	105	1077.212743	-3.335551809E-05
141	105.75	1077.224704	-3.321246146E-05
142	106.5	1077.237766	-3.305623619E-05
143	107.25	1077.25193	-3.288682448E-05
144	108	1077.267199	-3.270420703E-05
145	108.75	1077.283573	-3.250836302E-05
146	109.5	1077.301055	-3.229927011E-05
147	110.25	1077.319646	-3.207690449E-05
148	111	1077.339349	-3.184124080E-05
149	111.75	1077.360166	-3.159225218E-05
150	112.5	1077.382099	-3.132991023E-05
151	113.25	1077.405151	-3.105418505E-05
152	114	1077.429324	-3.076504519E-05
153	114.75	1077.454621	-3.046245770E-05
154	115.5	1077.481045	-3.014638805E-05
155	116.25	1077.508598	-2.981680020E-05
156	117	1077.537285	-2.947365656E-05
157	117.75	1077.567108	-2.911691799E-05
158	118.5	1077.59807	-2.874654379E-05
159	119.25	1077.630176	-2.836249171E-05
160	120	1077.663428	-2.796471792E-05
161	120.75	1077.69783	-2.755317705E-05
162	121.5	1077.733387	-2.712782211E-05
163	122.25	1077.770102	-2.668860457E-05
164	123	1077.807979	-2.623547429E-05
165	123.75	1077.847023	-2.576837954E-05
166	124.5	1077.887239	-2.528726700E-05
167	125.25	1077.928629	-2.479208172E-05
168	126	1077.9712	-2.428276716E-05
169	126.75	1078.014956	-2.375926516E-05
170	127.5	1078.059902	-2.322151591E-05
171	128.25	1078.106044	-2.266945797E-05
172	129	1078.153385	-2.210302828E-05
173	129.75	1078.201932	-2.152216211E-05
174	130.5	1078.25169	-2.092679306E-05
175	131.25	1078.302665	-2.031685309E-05
176	132	1078.354862	-1.969227247E-05
177	132.75	1078.408288	-1.905297977E-05
178	133.5	1078.462948	-1.839890190E-05
179	134.25	1078.518849	-1.772996405E-05
180	135	1078.575996	-1.704608968E-05
181	135.75	1078.634397	-1.634720056E-05
182	136.5	1078.694057	-1.563321670E-05
183	137.25	1078.754984	-1.490405640E-05
184	138	1078.817185	-1.415963618E-05
185	138.75	1078.880666	-1.339987082E-05
186	139.5	1078.945435	-1.262467329E-05
187	140.25	1079.011499	-1.183395482E-05
188	141	1079.078866	-1.102762483E-05
189	141.75	1079.147542	-1.020559091E-05
190	142.5	1079.217536	-9.367758870E-06
191	143.25	1079.288856	-8.514032658E-06
192	144	1079.36151	-7.644314396E-06
193	144.75	1079.435506	-6.758504347E-06
194	145.5	1079.510852	-5.856500908E-06
195	146.25	1079.587557	-4.938200594E-06
196	147	1079.66563	-4.003498027E-06
197	147.75	1079.745079	-3.052285924E-06
198	148.5	1079.825913	-2.084455078E-06
199	149.25	1079.908142	-1.099894352E-06
200	150	1079.991775	-9.849065807E-08
201	150.75	1080.076821	9.198710543E-07
202	151.5	1080.163289	1.955307813E-06
203	152.25	1080.251191	3.007938637E-06
204	153	1080.340535	4.077884554E-06
205	153.75	1080.431332	5.165268616E-06
206	154.5	1080.523592	6.270215911E-06
207	155.25	1080.617325	7.392853584E-06
208	156	1080.712543	8.533310849E-06
209	156.75	1080.809255	9.691719011E-06
210	157.5	1080.907473	1.086821148E-05
211	158.25	1081.007208	1.206292378E-05
212	159	1081.108472	1.327599357E-05
213	159.75	1081.211275	1.450756070E-05
214	160.5	1081.315629	1.575776715E-05
215	161.25	1081.421547	1.702675713E-05
216	162	1081.52904	1.831467702E-05
217	162.75	1081.63812	1.962167548E-05
218	163.5	1081.7488	2.094790339E-05
219	164.25	1081.861093	2.229351390E-05
220	165	1081.97501	2.365866246E-05
221	165.75	1082.090566	2.504350682E-05
222	166.5	1082.207772	2.644820708E-05
223	167.25	1082.326643	2.787292566E-05
224	168	1082.447193	2.931782737E-05
225	168.75	1082.569433	3.078307942E-05
226	169.5	1082.693379	3.226885143E-05
227	170.25	1082.819045	3.377531545E-05
228	171	1082.946445	3.530264600E-05
229	171.75	1083.075593	3.685102008E-05
230	172.5	1083.206504	3.842061719E-05
231	173.25	1083.339193	4.001161938E-05
232	174	1083.473676	4.162421124E-05
233	174.75	1083.609966	4.325857993E-05
234	175.5	1083.748081	4.491491524E-05
235	176.25	1083.888035	4.659340955E-05
236	177	1084.029844	4.829425794E-05
237	177.75	1084.173525	5.001765813E-05
238	178.5	1084.319095	5.176381057E-05
239	179.25	1084.466569	5.353291844E-05
240	180	1084.615964	5.532518767E-05
241	180.75	1084.767298	5.714082698E-05
242	181.5	1084.920587	5.898004792E-05
243	182.25	1085.07585	6.084306486E-05
244	183	1085.233104	6.273009506E-05
245	183.75	1085.392366	6.464135869E-05
246	184.5	1085.553656	6.657707882E-05
247	185.25	1085.716991	6.853748152E-05
248	186	1085.882391	7.052279581E-05
249	186.75	1086.049873	7.253325378E-05
250	187.5	1086.219457	7.456909053E-05
251	188.25	1086.391163	7.663054428E-05
252	189	1086.565011	7.871785635E-05
253	189.75	1086.741019	8.083127122E-05
254	190.5	1086.919209	8.297103655E-05
255	191.25	1087.0996	8.513740322E-05
256	192	1087.282213	8.733062537E-05
257	192.75	1087.46707	8.955096042E-05
258	193.5	1087.654191	9.179866913E-05
259	194.25	1087.843598	9.407401558E-05
260	195	1088.035312	9.637726730E-05
261	195.75	1088.229356	9.870869521E-05
262	196.5	1088.425752	1.010685737E-04
263	197.25	1088.624521	1.034571807E-04
264	198	1088.825688	1.058747977E-04
265	198.75	1089.029275	1.083217098E-04
266	199.5	1089.235306	1.107982055E-04
267	200.25	1089.443804	1.133045773E-04
268	201	1089.654793	1.158411211E-04
269	201.75	1089.868298	1.184081369E-04
270	202.5	1090.084343	1.210059281E-04
271	203.25	1090.302952	1.236348023E-04
272	204	1090.524152	1.262950706E-04
273	204.75	1090.747967	1.289870484E-04
274	205.5	1090.974424	1.317110548E-04
275	206.25	1091.203548	1.344674130E-04
276	207	1091.435365	1.372564504E-04
277	207.75	1091.669904	1.400784982E-04
278	208.5	1091.90719	1.429338919E-04
279	209.25	1092.14725	1.458229714E-04
280	210	1092.390114	1.487460805E-04
281	210.75	1092.635808	1.517035676E-04
282	211.5	1092.884362	1.546957852E-04
283	212.25	1093.135803	1.577230904E-04
284	213	1093.390161	1.607858447E-04
285	213.75	1093.647466	1.638844140E-04
286	214.5	1093.907747	1.670191689E-04
287	215.25	1094.171034	1.701904845E-04
288	216	1094.437358	1.733987406E-04
289	216.75	1094.706749	1.766443219E-04
290	217.5	1094.97924	1.799276175E-04
291	218.25	1095.254861	1.832490217E-04
292	219	1095.533644	1.866089336E-04
293	219.75	1095.815623	1.900077571E-04
294	220.5	1096.100829	1.934459013E-04
295	221.25	1096.389296	1.969237803E-04
296	222	1096.681057	2.004418133E-04
297	222.75	1096.976146	2.040004249E-04
298	223.5	1097.274598	2.076000447E-04
299	224.25	1097.576447	2.112411078E-04
300	225	1097.881729	2.149240546E-04
301	225.75	1098.190479	2.186493311E-04
302	226.5	1098.502733	2.224173887E-04
303	227.25	1098.818527	2.262286845E-04
304	228	1099.137899	2.300836812E-04
305	228.75	1099.460885	2.339828472E-04
306	229.5	1099.787524	2.379266569E-04
307	230.25	1100.117854	2.419155905E-04
308	231	1100.451913	2.459501340E-04
309	231.75	1100.78974	2.500307796E-04
310	232.5	1101.131375	2.541580257E-04
311	233.25	1101.476858	2.583323768E-04
312	234	1101.82623	2.625543435E-04
313	234.75	1102.179531	2.668244431E-04
314	235.5	1102.536803	2.711431990E-04
315	236.25	1102.898088	2.755111414E-04
316	237	1103.263428	2.799288070E-04
317	237.75	1103.632867	2.843967391E-04
318	238.5	1104.006448	2.889154878E-04
319	239.25	1104.384214	2.934856103E-04
320	240	1104.76621	2.981076703E-04
321	240.75	1105.152482	3.027822391E-04
322	241.5	1105.543075	3.075098947E-04
323	242.25	1105.938034	3.122912225E-04
324	243	1106.337407	3.171268152E-04
325	243.75	1106.741241	3.220172731E-04
326	244.5	1107.149584	3.269632037E-04
327	245.25	1107.562483	3.319652224E-04
328	246	1107.979989	3.370239522E-04
329	246.75	1108.402149	3.421400240E-04
330	247.5	1108.829015	3.473140767E-04
331	248.25	1109.260637	3.525467569E-04
332	249	1109.697066	3.578387199E-04
333	249.75	1110.138354	3.631906288E-04
334	250.5	1110.584554	3.686031552E-04
335	251.25	1111.035718	3.740769795E-04
336	252	1111.491901	3.796127902E-04
337	252.75	1111.953157	3.852112850E-04
338	253.5	1112.41954	3.908731701E-04
339	254.25	1112.891107	3.965991609E-04
340	255	1113.367913	4.023899817E-04
341	255.75	1113.850017	4.082463663E-04
342	256.5	1114.337474	4.141690576E-04
343	257.25	1114.830345	4.201588080E-04
344	258	1115.328687	4.262163797E-04
345	258.75	1115.832561	4.323425445E-04
346	259.5	1116.342027	4.385380841E-04
347	260.25	1116.857146	4.448037903E-04
348	261	1117.377981	4.511404650E-04
349	261.75	1117.904593	4.575489204E-04
350	262.5	1118.437046	4.640299793E-04
351	263.25	1118.975405	4.705844751E-04
352	264	1119.519734	4.772132517E-04
353	264.75	1120.0701	4.839171643E-04
354	265.5	1120.626568	4.906970789E-04
355	266.25	1121.189205	4.975538728E-04
356	267	1121.758081	5.044884349E-04
357	267.75	1122.333264	5.115016655E-04
358	268.5	1122.914823	5.185944765E-04
359	269.25	1123.502829	5.257677921E-04
360	270	1124.097354	5.330225483E-04
361	270.75	1124.69847	5.403596935E-04
362	271.5	1125.30625	5.477801884E-04
363	272.25	1125.920768	5.552850065E-04
364	273	1126.5421	5.628751340E-04
365	273.75	1127.17032	5.705515703E-04
366	274.5	1127.805506	5.783153279E-04
367	275.25	1128.447735	5.861674327E-04
368	276	1129.097087	5.941089242E-04
369	276.75	1129.75364	6.021408558E-04
370	277.5	1130.417475	6.102642949E-04
371	278.25	1131.088674	6.184803232E-04
372	279	1131.767319	6.267900368E-04
373	279.75	1132.453494	6.351945465E-04
374	280.5	1133.147284	6.436949781E-04
375	281.25	1133.848773	6.522924725E-04
376	282	1134.558049	6.609881859E-04
377	282.75	1135.275198	6.697832903E-04
378	283.5	1136.000311	6.786789734E-04
379	284.25	1136.733477	6.876764391E-04
380	285	1137.474786	6.967769079E-04
381	285.75	1138.224331	7.059816164E-04
382	286.5	1138.982205	7.152918187E-04
383	287.25	1139.748503	7.247087856E-04
384	288	1140.523319	7.342338057E-04
385	288.75	1141.306751	7.438681851E-04
386	289.5	1142.098896	7.536132479E-04
387	290.25	1142.899853	7.634703367E-04
388	291	1143.709723	7.734408124E-04
389	291.75	1144.528607	7.835260552E-04
390	292.5	1145.356609	7.937274643E-04
391	293.25	1146.193831	8.040464582E-04
392	294	1147.04038	8.144844756E-04
393	294.75	1147.896363	8.250429753E-04
394	295.5	1148.761886	8.357234366E-04
395	296.25	1149.63706	8.465273595E-04
396	297	1150.521996	8.574562653E-04
397	297.75	1151.416805	8.685116970E-04
398	298.5	1152.321601	8.796952194E-04
399	299.25	1153.236499	8.910084196E-04
400	300	1154.161615	9.024529074E-04
── 设定点 1080 °C　夹头 450 °C　段 0「HC1」　T设定 1080 °C　节点 401　段长 300 mm　控温点下标 200（x = 150 mm）　电流 1153.9 A　ΔL_A +0.020599　ΔL_B +0.016967
i	X_mm	TMetal_C	epsDiff
0	0	1118.654745	4.666802648E-04
1	0.75	1118.13926	4.604051121E-04
2	1.5	1117.629468	4.542006849E-04
3	2.25	1117.125309	4.480661883E-04
4	3	1116.626723	4.420008374E-04
5	3.75	1116.133649	4.360038575E-04
6	4.5	1115.646027	4.300744837E-04
7	5.25	1115.1638	4.242119606E-04
8	6	1114.68691	4.184155427E-04
9	6.75	1114.215299	4.126844937E-04
10	7.5	1113.748912	4.070180867E-04
11	8.25	1113.287692	4.014156041E-04
12	9	1112.831584	3.958763372E-04
13	9.75	1112.380533	3.903995862E-04
14	10.5	1111.934487	3.849846604E-04
15	11.25	1111.493392	3.796308775E-04
16	12	1111.057194	3.743375640E-04
17	12.75	1110.625843	3.691040547E-04
18	13.5	1110.199287	3.639296928E-04
19	14.25	1109.777475	3.588138297E-04
20	15	1109.360356	3.537558252E-04
21	15.75	1108.947883	3.487550468E-04
22	16.5	1108.540005	3.438108700E-04
23	17.25	1108.136674	3.389226782E-04
24	18	1107.737843	3.340898624E-04
25	18.75	1107.343464	3.293118214E-04
26	19.5	1106.95349	3.245879612E-04
27	20.25	1106.567876	3.199176955E-04
28	21	1106.186575	3.153004452E-04
29	21.75	1105.809543	3.107356384E-04
30	22.5	1105.436736	3.062227103E-04
31	23.25	1105.068108	3.017611032E-04
32	24	1104.703618	2.973502664E-04
33	24.75	1104.343221	2.929896559E-04
34	25.5	1103.986876	2.886787346E-04
35	26.25	1103.63454	2.844169720E-04
36	27	1103.286172	2.802038442E-04
37	27.75	1102.941731	2.760388339E-04
38	28.5	1102.601177	2.719214301E-04
39	29.25	1102.264469	2.678511282E-04
40	30	1101.931569	2.638274300E-04
41	30.75	1101.602436	2.598498433E-04
42	31.5	1101.277033	2.559178820E-04
43	32.25	1100.955321	2.520310663E-04
44	33	1100.637263	2.481889222E-04
45	33.75	1100.322821	2.443909814E-04
46	34.5	1100.011959	2.406367817E-04
47	35.25	1099.70464	2.369258665E-04
48	36	1099.400828	2.332577850E-04
49	36.75	1099.100489	2.296320919E-04
50	37.5	1098.803586	2.260483474E-04
51	38.25	1098.510085	2.225061172E-04
52	39	1098.219952	2.190049726E-04
53	39.75	1097.933153	2.155444899E-04
54	40.5	1097.649655	2.121242509E-04
55	41.25	1097.369425	2.087438426E-04
56	42	1097.092429	2.054028571E-04
57	42.75	1096.818636	2.021008916E-04
58	43.5	1096.548015	1.988375483E-04
59	44.25	1096.280532	1.956124343E-04
60	45	1096.016159	1.924251619E-04
61	45.75	1095.754862	1.892753479E-04
62	46.5	1095.496614	1.861626141E-04
63	47.25	1095.241382	1.830865869E-04
64	48	1094.989139	1.800468976E-04
65	48.75	1094.739854	1.770431820E-04
66	49.5	1094.493498	1.740750803E-04
67	50.25	1094.250044	1.711422376E-04
68	51	1094.009463	1.682443032E-04
69	51.75	1093.771726	1.653809309E-04
70	52.5	1093.536808	1.625517788E-04
71	53.25	1093.304679	1.597565095E-04
72	54	1093.075314	1.569947896E-04
73	54.75	1092.848687	1.542662902E-04
74	55.5	1092.62477	1.515706864E-04
75	56.25	1092.403538	1.489076576E-04
76	57	1092.184965	1.462768870E-04
77	57.75	1091.969027	1.436780620E-04
78	58.5	1091.755698	1.411108742E-04
79	59.25	1091.544954	1.385750188E-04
80	60	1091.33677	1.360701950E-04
81	60.75	1091.131122	1.335961061E-04
82	61.5	1090.927988	1.311524589E-04
83	62.25	1090.727342	1.287389642E-04
84	63	1090.529163	1.263553364E-04
85	63.75	1090.333427	1.240012938E-04
86	64.5	1090.140112	1.216765580E-04
87	65.25	1089.949196	1.193808546E-04
88	66	1089.760657	1.171139125E-04
89	66.75	1089.574473	1.148754645E-04
90	67.5	1089.390622	1.126652464E-04
91	68.25	1089.209084	1.104829979E-04
92	69	1089.029837	1.083284620E-04
93	69.75	1088.852862	1.062013850E-04
94	70.5	1088.678137	1.041015167E-04
95	71.25	1088.505644	1.020286102E-04
96	72	1088.335361	9.998242180E-05
97	72.75	1088.16727	9.796271116E-05
98	73.5	1088.001351	9.596924113E-05
99	74.25	1087.837585	9.400177778E-05
100	75	1087.675953	9.206009033E-05
101	75.75	1087.516438	9.014395114E-05
102	76.5	1087.35902	8.825313565E-05
103	77.25	1087.203682	8.638742240E-05
104	78	1087.050405	8.454659296E-05
105	78.75	1086.899173	8.273043190E-05
106	79.5	1086.749968	8.093872679E-05
107	80.25	1086.602773	7.917126814E-05
108	81	1086.457571	7.742784939E-05
109	81.75	1086.314345	7.570826688E-05
110	82.5	1086.17308	7.401231983E-05
111	83.25	1086.033759	7.233981028E-05
112	84	1085.896365	7.069054309E-05
113	84.75	1085.760885	6.906432594E-05
114	85.5	1085.627301	6.746096924E-05
115	86.25	1085.495599	6.588028615E-05
116	87	1085.365763	6.432209255E-05
117	87.75	1085.23778	6.278620700E-05
118	88.5	1085.111633	6.127245075E-05
119	89.25	1084.98731	5.978064765E-05
120	90	1084.864795	5.831062421E-05
121	90.75	1084.744076	5.686220951E-05
122	91.5	1084.625137	5.543523521E-05
123	92.25	1084.507965	5.402953553E-05
124	93	1084.392548	5.264494719E-05
125	93.75	1084.278872	5.128130946E-05
126	94.5	1084.166923	4.993846405E-05
127	95.25	1084.05669	4.861625518E-05
128	96	1083.94816	4.731452948E-05
129	96.75	1083.84132	4.603313602E-05
130	97.5	1083.736158	4.477192627E-05
131	98.25	1083.632662	4.353075409E-05
132	99	1083.530821	4.230947570E-05
133	99.75	1083.430623	4.110794967E-05
134	100.5	1083.332056	3.992603691E-05
135	101.25	1083.23511	3.876360061E-05
136	102	1083.139773	3.762050630E-05
137	102.75	1083.046034	3.649662174E-05
138	103.5	1082.953883	3.539181698E-05
139	104.25	1082.863309	3.430596428E-05
140	105	1082.774303	3.323893816E-05
141	105.75	1082.686853	3.219061533E-05
142	106.5	1082.60095	3.116087469E-05
143	107.25	1082.516585	3.014959733E-05
144	108	1082.433747	2.915666648E-05
145	108.75	1082.352428	2.818196754E-05
146	109.5	1082.272617	2.722538803E-05
147	110.25	1082.194306	2.628681759E-05
148	111	1082.117487	2.536614795E-05
149	111.75	1082.04215	2.446327296E-05
150	112.5	1081.968287	2.357808851E-05
151	113.25	1081.895889	2.271049258E-05
152	114	1081.824948	2.186038518E-05
153	114.75	1081.755457	2.102766836E-05
154	115.5	1081.687407	2.021224621E-05
155	116.25	1081.62079	1.941402481E-05
156	117	1081.5556	1.863291225E-05
157	117.75	1081.491828	1.786881860E-05
158	118.5	1081.429468	1.712165592E-05
159	119.25	1081.368512	1.639133823E-05
160	120	1081.308953	1.567778148E-05
161	120.75	1081.250785	1.498090360E-05
162	121.5	1081.194001	1.430062443E-05
163	122.25	1081.138595	1.363686574E-05
164	123	1081.084561	1.298955121E-05
165	123.75	1081.031891	1.235860642E-05
166	124.5	1080.980582	1.174395885E-05
167	125.25	1080.930625	1.114553787E-05
168	126	1080.882016	1.056327470E-05
169	126.75	1080.83475	9.997102453E-06
170	127.5	1080.788821	9.446956086E-06
171	128.25	1080.744223	8.912772410E-06
172	129	1080.700953	8.394490077E-06
173	129.75	1080.659004	7.892049572E-06
174	130.5	1080.618372	7.405393208E-06
175	131.25	1080.579053	6.934465116E-06
176	132	1080.541042	6.479211240E-06
177	132.75	1080.504335	6.039579327E-06
178	133.5	1080.468927	5.615518925E-06
179	134.25	1080.434815	5.206981373E-06
180	135	1080.401995	4.813919797E-06
181	135.75	1080.370462	4.436289101E-06
182	136.5	1080.340215	4.074045966E-06
183	137.25	1080.311248	3.727148841E-06
184	138	1080.283559	3.395557938E-06
185	138.75	1080.257145	3.079235229E-06
186	139.5	1080.232002	2.778144438E-06
187	140.25	1080.208128	2.492251042E-06
188	141	1080.18552	2.221522258E-06
189	141.75	1080.164176	1.965927048E-06
190	142.5	1080.144093	1.725436110E-06
191	143.25	1080.125269	1.500021874E-06
192	144	1080.107702	1.289658501E-06
193	144.75	1080.091389	1.094321879E-06
194	145.5	1080.076329	9.139896175E-07
195	146.25	1080.062521	7.486410489E-07
196	147	1080.049962	5.982572229E-07
197	147.75	1080.038652	4.628209047E-07
198	148.5	1080.028588	3.423165736E-07
199	149.25	1080.01977	2.367304201E-07
200	150	1080.012197	1.460503449E-07
201	150.75	1080.005868	7.026595699E-08
202	151.5	1080.000782	9.368572315E-09
203	152.25	1079.996939	-3.664878704E-08
204	153	1079.994338	-6.779139396E-08
205	153.75	1079.99298	-8.406281684E-08
206	154.5	1079.992862	-8.546492011E-08
207	155.25	1079.993987	-7.199786442E-08
208	156	1079.996354	-4.366010669E-08
209	156.75	1079.999963	-4.483998849E-10
210	157.5	1080.004814	5.764220735E-08
211	158.25	1080.010908	1.306183714E-07
212	159	1080.018247	2.184884543E-07
213	159.75	1080.02683	3.212625251E-07
214	160.5	1080.036658	4.389523610E-07
215	161.25	1080.047734	5.715714485E-07
216	162	1080.060057	7.191349858E-07
217	162.75	1080.07363	8.816598840E-07
218	163.5	1080.088453	1.059164770E-06
219	164.25	1080.104529	1.251669987E-06
220	165	1080.12186	1.459197600E-06
221	165.75	1080.140447	1.681771397E-06
222	166.5	1080.160292	1.919416891E-06
223	167.25	1080.181398	2.172161325E-06
224	168	1080.203768	2.440033673E-06
225	168.75	1080.227403	2.723064647E-06
226	169.5	1080.252306	3.021286700E-06
227	170.25	1080.27848	3.334734026E-06
228	171	1080.305928	3.663442571E-06
229	171.75	1080.334654	4.007450032E-06
230	172.5	1080.36466	4.366795863E-06
231	173.25	1080.395949	4.741521284E-06
232	174	1080.428527	5.131669281E-06
233	174.75	1080.462395	5.537284611E-06
234	175.5	1080.497558	5.958413816E-06
235	176.25	1080.53402	6.395105217E-06
236	177	1080.571785	6.847408929E-06
237	177.75	1080.610857	7.315376864E-06
238	178.5	1080.65124	7.799062738E-06
239	179.25	1080.692941	8.298522078E-06
240	180	1080.735962	8.813812227E-06
241	180.75	1080.780308	9.344992354E-06
242	181.5	1080.825986	9.892123462E-06
243	182.25	1080.873	1.045526839E-05
244	183	1080.921355	1.103449183E-05
245	183.75	1080.971057	1.162986033E-05
246	184.5	1081.022111	1.224144230E-05
247	185.25	1081.074523	1.286930803E-05
248	186	1081.1283	1.351352968E-05
249	186.75	1081.183447	1.417418130E-05
250	187.5	1081.23997	1.485133887E-05
251	188.25	1081.297877	1.554508024E-05
252	189	1081.357172	1.625548522E-05
253	189.75	1081.417864	1.698263552E-05
254	190.5	1081.479959	1.772661480E-05
255	191.25	1081.543464	1.848750869E-05
256	192	1081.608387	1.926540475E-05
257	192.75	1081.674734	2.006039254E-05
258	193.5	1081.742513	2.087256359E-05
259	194.25	1081.811732	2.170201145E-05
260	195	1081.882399	2.254883164E-05
261	195.75	1081.954521	2.341312174E-05
262	196.5	1082.028107	2.429498134E-05
263	197.25	1082.103166	2.519451209E-05
264	198	1082.179705	2.611181769E-05
265	198.75	1082.257734	2.704700391E-05
266	199.5	1082.33726	2.800017863E-05
267	200.25	1082.418295	2.897145179E-05
268	201	1082.500845	2.996093550E-05
269	201.75	1082.584922	3.096874393E-05
270	202.5	1082.670534	3.199499346E-05
271	203.25	1082.757691	3.303980259E-05
272	204	1082.846403	3.410329200E-05
273	204.75	1082.936681	3.518558456E-05
274	205.5	1083.028533	3.628680536E-05
275	206.25	1083.121972	3.740708170E-05
276	207	1083.217007	3.854654310E-05
277	207.75	1083.313649	3.970532138E-05
278	208.5	1083.411909	4.088355058E-05
279	209.25	1083.511799	4.208136708E-05
280	210	1083.613329	4.329890952E-05
281	210.75	1083.716512	4.453631891E-05
282	211.5	1083.821359	4.579373857E-05
283	212.25	1083.927881	4.707131420E-05
284	213	1084.036092	4.836919387E-05
285	213.75	1084.146003	4.968752806E-05
286	214.5	1084.257627	5.102646968E-05
287	215.25	1084.370976	5.238617405E-05
288	216	1084.486064	5.376679899E-05
289	216.75	1084.602904	5.516850477E-05
290	217.5	1084.721508	5.659145418E-05
291	218.25	1084.841891	5.803581253E-05
292	219	1084.964067	5.950174767E-05
293	219.75	1085.088048	6.098943004E-05
294	220.5	1085.213849	6.249903265E-05
295	221.25	1085.341485	6.403073113E-05
296	222	1085.47097	6.558470374E-05
297	222.75	1085.602319	6.716113143E-05
298	223.5	1085.735547	6.876019779E-05
299	224.25	1085.870668	7.038208916E-05
300	225	1086.0077	7.202699460E-05
301	225.75	1086.146656	7.369510591E-05
302	226.5	1086.287554	7.538661772E-05
303	227.25	1086.430408	7.710172742E-05
304	228	1086.575236	7.884063529E-05
305	228.75	1086.722054	8.060354442E-05
306	229.5	1086.870879	8.239066084E-05
307	230.25	1087.021728	8.420219347E-05
308	231	1087.174617	8.603835419E-05
309	231.75	1087.329565	8.789935787E-05
310	232.5	1087.48659	8.978542235E-05
311	233.25	1087.645708	9.169676854E-05
312	234	1087.806939	9.363362039E-05
313	234.75	1087.970301	9.559620498E-05
314	235.5	1088.135813	9.758475248E-05
315	236.25	1088.303493	9.959949623E-05
316	237	1088.473361	1.016406728E-04
317	237.75	1088.645436	1.037085219E-04
318	238.5	1088.819738	1.058032865E-04
319	239.25	1088.996287	1.079252130E-04
320	240	1089.175104	1.100745510E-04
321	240.75	1089.356208	1.122515535E-04
322	241.5	1089.539621	1.144564768E-04
323	242.25	1089.725364	1.166895808E-04
324	243	1089.913458	1.189511286E-04
325	243.75	1090.103924	1.212413872E-04
326	244.5	1090.296785	1.235606267E-04
327	245.25	1090.492062	1.259091211E-04
328	246	1090.689779	1.282871478E-04
329	246.75	1090.889957	1.306949881E-04
330	247.5	1091.092621	1.331329266E-04
331	248.25	1091.297792	1.356012521E-04
332	249	1091.505496	1.381002568E-04
333	249.75	1091.715756	1.406302369E-04
334	250.5	1091.928595	1.431914924E-04
335	251.25	1092.14404	1.457843273E-04
336	252	1092.362113	1.484090493E-04
337	252.75	1092.582842	1.510659703E-04
338	253.5	1092.80625	1.537554062E-04
339	254.25	1093.032365	1.564776769E-04
340	255	1093.261212	1.592331066E-04
341	255.75	1093.492817	1.620220233E-04
342	256.5	1093.727207	1.648447596E-04
343	257.25	1093.96441	1.677016521E-04
344	258	1094.204453	1.705930419E-04
345	258.75	1094.447363	1.735192744E-04
346	259.5	1094.693169	1.764806994E-04
347	260.25	1094.941899	1.794776710E-04
348	261	1095.193583	1.825105481E-04
349	261.75	1095.448248	1.855796941E-04
350	262.5	1095.705926	1.886854768E-04
351	263.25	1095.966645	1.918282688E-04
352	264	1096.230436	1.950084477E-04
353	264.75	1096.49733	1.982263954E-04
354	265.5	1096.767357	2.014824989E-04
355	266.25	1097.040549	2.047771502E-04
356	267	1097.316938	2.081107461E-04
357	267.75	1097.596556	2.114836884E-04
358	268.5	1097.879435	2.148963841E-04
359	269.25	1098.165609	2.183492451E-04
360	270	1098.455111	2.218426889E-04
361	270.75	1098.747974	2.253771379E-04
362	271.5	1099.044232	2.289530199E-04
363	272.25	1099.343921	2.325707683E-04
364	273	1099.647076	2.362308217E-04
365	273.75	1099.95373	2.399336243E-04
366	274.5	1100.263921	2.436796260E-04
367	275.25	1100.577685	2.474692823E-04
368	276	1100.895059	2.513030543E-04
369	276.75	1101.216079	2.551814091E-04
370	277.5	1101.540783	2.591048195E-04
371	278.25	1101.869209	2.630737645E-04
372	279	1102.201396	2.670887289E-04
373	279.75	1102.537383	2.711502036E-04
374	280.5	1102.877208	2.752586858E-04
375	281.25	1103.220913	2.794146789E-04
376	282	1103.568537	2.836186926E-04
377	282.75	1103.920122	2.878712431E-04
378	283.5	1104.275708	2.921728529E-04
379	284.25	1104.635337	2.965240514E-04
380	285	1104.999052	3.009253744E-04
381	285.75	1105.366896	3.053773645E-04
382	286.5	1105.738912	3.098805712E-04
383	287.25	1106.115143	3.144355510E-04
384	288	1106.495636	3.190428672E-04
385	288.75	1106.880433	3.237030904E-04
386	289.5	1107.269581	3.284167983E-04
387	290.25	1107.663126	3.331845759E-04
388	291	1108.061114	3.380070156E-04
389	291.75	1108.463592	3.428847175E-04
390	292.5	1108.870609	3.478182888E-04
391	293.25	1109.282212	3.528083449E-04
392	294	1109.698451	3.578555088E-04
393	294.75	1110.119374	3.629604112E-04
394	295.5	1110.545031	3.681236912E-04
395	296.25	1110.975474	3.733459956E-04
396	297	1111.410754	3.786279798E-04
397	297.75	1111.850922	3.839703072E-04
398	298.5	1112.29603	3.893736498E-04
399	299.25	1112.746133	3.948386882E-04
400	300	1113.201283	4.003661117E-04
── 设定点 1080 °C　夹头 450 °C　段 1「HC2」　T设定 1080 °C　节点 401　段长 300 mm　控温点下标 200（x = 150 mm）　电流 1150.1 A　ΔL_A +0.014571　ΔL_B +0.040572
i	X_mm	TMetal_C	epsDiff
0	0	1113.181213	4.001223649E-04
1	0.75	1112.683895	3.940829461E-04
2	1.5	1112.192201	3.881131372E-04
3	2.25	1111.706074	3.822121787E-04
4	3	1111.225456	3.763793211E-04
5	3.75	1110.750288	3.706138242E-04
6	4.5	1110.280515	3.649149578E-04
7	5.25	1109.816079	3.592820008E-04
8	6	1109.356927	3.537142416E-04
9	6.75	1108.903003	3.482109777E-04
10	7.5	1108.454252	3.427715158E-04
11	8.25	1108.010623	3.373951714E-04
12	9	1107.572062	3.320812690E-04
13	9.75	1107.138517	3.268291415E-04
14	10.5	1106.709936	3.216381308E-04
15	11.25	1106.286269	3.165075869E-04
16	12	1105.867466	3.114368685E-04
17	12.75	1105.453476	3.064253423E-04
18	13.5	1105.044252	3.014723833E-04
19	14.25	1104.639744	2.965773746E-04
20	15	1104.239905	2.917397072E-04
21	15.75	1103.844687	2.869587797E-04
22	16.5	1103.454045	2.822339989E-04
23	17.25	1103.067931	2.775647788E-04
24	18	1102.686301	2.729505414E-04
25	18.75	1102.309109	2.683907157E-04
26	19.5	1101.936311	2.638847383E-04
27	20.25	1101.567863	2.594320531E-04
28	21	1101.203722	2.550321112E-04
29	21.75	1100.843845	2.506843705E-04
30	22.5	1100.48819	2.463882962E-04
31	23.25	1100.136715	2.421433603E-04
32	24	1099.789378	2.379490417E-04
33	24.75	1099.44614	2.338048259E-04
34	25.5	1099.10696	2.297102052E-04
35	26.25	1098.771798	2.256646783E-04
36	27	1098.440614	2.216677507E-04
37	27.75	1098.113371	2.177189340E-04
38	28.5	1097.79003	2.138177464E-04
39	29.25	1097.470554	2.099637122E-04
40	30	1097.154904	2.061563619E-04
41	30.75	1096.843044	2.023952323E-04
42	31.5	1096.534938	1.986798660E-04
43	32.25	1096.230549	1.950098117E-04
44	33	1095.929843	1.913846240E-04
45	33.75	1095.632784	1.878038634E-04
46	34.5	1095.339338	1.842670961E-04
47	35.25	1095.04947	1.807738940E-04
48	36	1094.763147	1.773238345E-04
49	36.75	1094.480335	1.739165009E-04
50	37.5	1094.201003	1.705514817E-04
51	38.25	1093.925116	1.672283710E-04
52	39	1093.652644	1.639467682E-04
53	39.75	1093.383554	1.607062782E-04
54	40.5	1093.117815	1.575065109E-04
55	41.25	1092.855397	1.543470816E-04
56	42	1092.59627	1.512276107E-04
57	42.75	1092.340402	1.481477237E-04
58	43.5	1092.087765	1.451070509E-04
59	44.25	1091.838329	1.421052280E-04
60	45	1091.592066	1.391418953E-04
61	45.75	1091.348947	1.362166982E-04
62	46.5	1091.108943	1.333292866E-04
63	47.25	1090.872028	1.304793155E-04
64	48	1090.638173	1.276664443E-04
65	48.75	1090.407352	1.248903375E-04
66	49.5	1090.179538	1.221506638E-04
67	50.25	1089.954705	1.194470966E-04
68	51	1089.732827	1.167793138E-04
69	51.75	1089.513879	1.141469979E-04
70	52.5	1089.297834	1.115498358E-04
71	53.25	1089.084669	1.089875185E-04
72	54	1088.874358	1.064597418E-04
73	54.75	1088.666878	1.039662053E-04
74	55.5	1088.462205	1.015066132E-04
75	56.25	1088.260314	9.908067387E-05
76	57	1088.061184	9.668809967E-05
77	57.75	1087.86479	9.432860720E-05
78	58.5	1087.671111	9.200191712E-05
79	59.25	1087.480124	8.970775415E-05
80	60	1087.291807	8.744584698E-05
81	60.75	1087.106138	8.521592829E-05
82	61.5	1086.923097	8.301773468E-05
83	62.25	1086.742663	8.085100662E-05
84	63	1086.564814	7.871548845E-05
85	63.75	1086.38953	7.661092833E-05
86	64.5	1086.216791	7.453707819E-05
87	65.25	1086.046577	7.249369370E-05
88	66	1085.87887	7.048053425E-05
89	66.75	1085.713649	6.849736291E-05
90	67.5	1085.550896	6.654394639E-05
91	68.25	1085.390591	6.462005501E-05
92	69	1085.232718	6.272546266E-05
93	69.75	1085.077257	6.085994680E-05
94	70.5	1084.924191	5.902328838E-05
95	71.25	1084.773503	5.721527187E-05
96	72	1084.625174	5.543568515E-05
97	72.75	1084.479189	5.368431958E-05
98	73.5	1084.33553	5.196096988E-05
99	74.25	1084.194182	5.026543415E-05
100	75	1084.055128	4.859751384E-05
101	75.75	1083.918351	4.695701370E-05
102	76.5	1083.783837	4.534374178E-05
103	77.25	1083.651571	4.375750940E-05
104	78	1083.521536	4.219813108E-05
105	78.75	1083.393719	4.066542459E-05
106	79.5	1083.268104	3.915921087E-05
107	80.25	1083.144677	3.767931401E-05
108	81	1083.023425	3.622556125E-05
109	81.75	1082.904333	3.479778294E-05
110	82.5	1082.787389	3.339581252E-05
111	83.25	1082.672577	3.201948650E-05
112	84	1082.559887	3.066864443E-05
113	84.75	1082.449303	2.934312889E-05
114	85.5	1082.340815	2.804278545E-05
115	86.25	1082.23441	2.676746268E-05
116	87	1082.130075	2.551701210E-05
117	87.75	1082.027799	2.429128817E-05
118	88.5	1081.92757	2.309014827E-05
119	89.25	1081.829377	2.191345269E-05
120	90	1081.733208	2.076106461E-05
121	90.75	1081.639053	1.963285004E-05
122	91.5	1081.5469	1.852867789E-05
123	92.25	1081.45674	1.744841984E-05
124	93	1081.368563	1.639195044E-05
125	93.75	1081.282357	1.535914700E-05
126	94.5	1081.198114	1.434988960E-05
127	95.25	1081.115823	1.336406113E-05
128	96	1081.035476	1.240154718E-05
129	96.75	1080.957063	1.146223608E-05
130	97.5	1080.880576	1.054601891E-05
131	98.25	1080.806005	9.652789425E-06
132	99	1080.733343	8.782444064E-06
133	99.75	1080.66258	7.934881955E-06
134	100.5	1080.59371	7.110004883E-06
135	101.25	1080.526723	6.307717281E-06
136	102	1080.461613	5.527926219E-06
137	102.75	1080.398373	4.770541389E-06
138	103.5	1080.336994	4.035475095E-06
139	104.25	1080.27747	3.322642241E-06
140	105	1080.219795	2.631960319E-06
141	105.75	1080.163961	1.963349400E-06
142	106.5	1080.109963	1.316732121E-06
143	107.25	1080.057794	6.920336755E-07
144	108	1080.007448	8.918180567E-08
145	108.75	1079.95892	-4.918932099E-07
146	109.5	1079.912204	-1.051258564E-06
147	110.25	1079.867295	-1.588978930E-06
148	111	1079.824187	-2.105116470E-06
149	111.75	1079.782877	-2.599730844E-06
150	112.5	1079.743359	-3.072879216E-06
151	113.25	1079.705628	-3.524616264E-06
152	114	1079.669681	-3.954994184E-06
153	114.75	1079.635513	-4.364062700E-06
154	115.5	1079.603121	-4.751869068E-06
155	116.25	1079.5725	-5.118458085E-06
156	117	1079.543648	-5.463872091E-06
157	117.75	1079.516561	-5.788150979E-06
158	118.5	1079.491236	-6.091332196E-06
159	119.25	1079.46767	-6.373450753E-06
160	120	1079.445861	-6.634539222E-06
161	120.75	1079.425806	-6.874627748E-06
162	121.5	1079.407502	-7.093744049E-06
163	122.25	1079.390948	-7.291913421E-06
164	123	1079.376142	-7.469158738E-06
165	123.75	1079.363082	-7.625500462E-06
166	124.5	1079.351766	-7.760956637E-06
167	125.25	1079.342194	-7.875542898E-06
168	126	1079.334364	-7.969272471E-06
169	126.75	1079.328276	-8.042156174E-06
170	127.5	1079.323928	-8.094202418E-06
171	128.25	1079.32132	-8.125417210E-06
172	129	1079.320453	-8.135804152E-06
173	129.75	1079.321325	-8.125364443E-06
174	130.5	1079.323937	-8.094096879E-06
175	131.25	1079.328289	-8.041997851E-06
176	132	1079.334382	-7.969061346E-06
177	132.75	1079.342216	-7.875278945E-06
178	133.5	1079.351793	-7.760639826E-06
179	134.25	1079.363113	-7.625130757E-06
180	135	1079.376177	-7.468736097E-06
181	135.75	1079.390988	-7.291437793E-06
182	136.5	1079.407546	-7.093215381E-06
183	137.25	1079.425854	-6.874045978E-06
184	138	1079.445914	-6.633904283E-06
185	138.75	1079.467728	-6.372762572E-06
186	139.5	1079.491298	-6.090590695E-06
187	140.25	1079.516628	-5.787356070E-06
188	141	1079.543719	-5.463023683E-06
189	141.75	1079.572576	-5.117556080E-06
190	142.5	1079.603201	-4.750913362E-06
191	143.25	1079.635598	-4.363053182E-06
192	144	1079.66977	-3.953930739E-06
193	144.75	1079.705721	-3.523498768E-06
194	145.5	1079.743457	-3.071707540E-06
195	146.25	1079.782979	-2.598504852E-06
196	147	1079.824294	-2.103836021E-06
197	147.75	1079.867406	-1.587643876E-06
198	148.5	1079.91232	-1.049868751E-06
199	149.25	1079.95904	-4.904484764E-07
200	150	1080.007573	9.068162637E-08
201	150.75	1080.057923	6.935887568E-07
202	151.5	1080.110097	1.318342643E-06
203	152.25	1080.1641	1.965015549E-06
204	153	1080.219939	2.633682288E-06
205	153.75	1080.277619	3.324420228E-06
206	154.5	1080.337147	4.037309307E-06
207	155.25	1080.398531	4.772432038E-06
208	156	1080.461776	5.529873523E-06
209	156.75	1080.526891	6.309721467E-06
210	157.5	1080.593882	7.112066182E-06
211	158.25	1080.662757	7.937000606E-06
212	159	1080.733524	8.784620312E-06
213	159.75	1080.806192	9.655023524E-06
214	160.5	1080.880767	1.054831112E-05
215	161.25	1080.95726	1.146458667E-05
216	162	1081.035677	1.240395640E-05
217	162.75	1081.116029	1.336652928E-05
218	163.5	1081.198325	1.435241697E-05
219	164.25	1081.282573	1.536173387E-05
220	165	1081.368784	1.639459712E-05
221	165.75	1081.456966	1.745112664E-05
222	166.5	1081.547131	1.853144511E-05
223	167.25	1081.639289	1.963567802E-05
224	168	1081.733449	2.076395366E-05
225	168.75	1081.829623	2.191640316E-05
226	169.5	1081.927821	2.309316049E-05
227	170.25	1082.028056	2.429436250E-05
228	171	1082.130337	2.552014889E-05
229	171.75	1082.234677	2.677066231E-05
230	172.5	1082.341087	2.804604828E-05
231	173.25	1082.449581	2.934645530E-05
232	174	1082.560169	3.067203481E-05
233	174.75	1082.672866	3.202294125E-05
234	175.5	1082.787682	3.339933203E-05
235	176.25	1082.904632	3.480136763E-05
236	177	1083.02373	3.622921154E-05
237	177.75	1083.144987	3.768303032E-05
238	178.5	1083.268419	3.916299364E-05
239	179.25	1083.39404	4.066927426E-05
240	180	1083.521863	4.220204809E-05
241	180.75	1083.651903	4.376149421E-05
242	181.5	1083.784175	4.534779487E-05
243	182.25	1083.918695	4.696113553E-05
244	183	1084.055477	4.860170490E-05
245	183.75	1084.194537	5.026969493E-05
246	184.5	1084.335891	5.196530087E-05
247	185.25	1084.479556	5.368872130E-05
248	186	1084.625547	5.544015811E-05
249	186.75	1084.773881	5.721981658E-05
250	187.5	1084.924576	5.902790540E-05
251	188.25	1085.077648	6.086463665E-05
252	189	1085.233115	6.273022590E-05
253	189.75	1085.390994	6.462489220E-05
254	190.5	1085.551305	6.654885810E-05
255	191.25	1085.714064	6.850234972E-05
256	192	1085.879292	7.048559674E-05
257	192.75	1086.047006	7.249883246E-05
258	193.5	1086.217225	7.454229383E-05
259	194.25	1086.389971	7.661622147E-05
260	195	1086.565261	7.872085971E-05
261	195.75	1086.743117	8.085645662E-05
262	196.5	1086.923558	8.302326408E-05
263	197.25	1087.106605	8.522153774E-05
264	198	1087.29228	8.745153714E-05
265	198.75	1087.480604	8.971352569E-05
266	199.5	1087.671598	9.200777073E-05
267	200.25	1087.865284	9.433454356E-05
268	201	1088.061685	9.669411949E-05
269	201.75	1088.260822	9.908677787E-05
270	202.5	1088.46272	1.015128021E-04
271	203.25	1088.6674	1.039724798E-04
272	204	1088.874887	1.064661027E-04
273	204.75	1089.085205	1.089939666E-04
274	205.5	1089.298378	1.115563717E-04
275	206.25	1089.51443	1.141536225E-04
276	207	1089.733386	1.167860279E-04
277	207.75	1089.955271	1.194539009E-04
278	208.5	1090.180112	1.221575591E-04
279	209.25	1090.407933	1.248973248E-04
280	210	1090.638762	1.276735243E-04
281	210.75	1090.872624	1.304864890E-04
282	211.5	1091.109547	1.333365546E-04
283	212.25	1091.349559	1.362240615E-04
284	213	1091.592686	1.391493548E-04
285	213.75	1091.838957	1.421127846E-04
286	214.5	1092.088401	1.451147054E-04
287	215.25	1092.341046	1.481554771E-04
288	216	1092.596922	1.512354639E-04
289	216.75	1092.856058	1.543550356E-04
290	217.5	1093.118484	1.575145666E-04
291	218.25	1093.384231	1.607144366E-04
292	219	1093.65333	1.639550303E-04
293	219.75	1093.925811	1.672367377E-04
294	220.5	1094.201706	1.705599540E-04
295	221.25	1094.481047	1.739250799E-04
296	222	1094.763868	1.773325213E-04
297	222.75	1095.0502	1.807826895E-04
298	223.5	1095.340077	1.842760015E-04
299	224.25	1095.633532	1.878128798E-04
300	225	1095.9306	1.913937524E-04
301	225.75	1096.231316	1.950190531E-04
302	226.5	1096.535714	1.986892217E-04
303	227.25	1096.843829	2.024047033E-04
304	228	1097.155699	2.061659495E-04
305	228.75	1097.471358	2.099734175E-04
306	229.5	1097.790845	2.138275705E-04
307	230.25	1098.114196	2.177288782E-04
308	231	1098.441449	2.216778162E-04
309	231.75	1098.772642	2.256748663E-04
310	232.5	1099.107814	2.297205169E-04
311	233.25	1099.447005	2.338152627E-04
312	234	1099.790253	2.379596048E-04
313	234.75	1100.1376	2.421540510E-04
314	235.5	1100.489085	2.463991157E-04
315	236.25	1100.844751	2.506953203E-04
316	237	1101.204639	2.550431925E-04
317	237.75	1101.568791	2.594432674E-04
318	238.5	1101.93725	2.638960869E-04
319	239.25	1102.310059	2.684022000E-04
320	240	1102.687262	2.729621628E-04
321	240.75	1103.068903	2.775765389E-04
322	241.5	1103.455029	2.822458990E-04
323	242.25	1103.845683	2.869708213E-04
324	243	1104.240912	2.917518918E-04
325	243.75	1104.640763	2.965897037E-04
326	244.5	1105.045282	3.014848585E-04
327	245.25	1105.454519	3.064379650E-04
328	246	1105.868521	3.114496404E-04
329	246.75	1106.287336	3.165205096E-04
330	247.5	1106.711015	3.216512058E-04
331	248.25	1107.139609	3.268423706E-04
332	249	1107.573167	3.320946538E-04
333	249.75	1108.011741	3.374087136E-04
334	250.5	1108.455383	3.427852170E-04
335	251.25	1108.904146	3.482248397E-04
336	252	1109.358084	3.537282660E-04
337	252.75	1109.817249	3.592961895E-04
338	253.5	1110.281698	3.649293126E-04
339	254.25	1110.751485	3.706283470E-04
340	255	1111.226667	3.763940136E-04
341	255.75	1111.707299	3.822270428E-04
342	256.5	1112.19344	3.881281748E-04
343	257.25	1112.685148	3.940981590E-04
344	258	1113.182481	4.001377552E-04
345	258.75	1113.685499	4.062477328E-04
346	259.5	1114.194262	4.124288714E-04
347	260.25	1114.708831	4.186819609E-04
348	261	1115.229269	4.250078016E-04
349	261.75	1115.755637	4.314072042E-04
350	262.5	1116.287999	4.378809903E-04
351	263.25	1116.826419	4.444299922E-04
352	264	1117.370961	4.510550533E-04
353	264.75	1117.921692	4.577570279E-04
354	265.5	1118.478677	4.645367819E-04
355	266.25	1119.041985	4.713951926E-04
356	267	1119.611683	4.783331489E-04
357	267.75	1120.18784	4.853515514E-04
358	268.5	1120.770526	4.924513129E-04
359	269.25	1121.359811	4.996333581E-04
360	270	1121.955767	5.068986242E-04
361	270.75	1122.558466	5.142480610E-04
362	271.5	1123.167982	5.216826306E-04
363	272.25	1123.784388	5.292033085E-04
364	273	1124.407761	5.368110828E-04
365	273.75	1125.038174	5.445069551E-04
366	274.5	1125.675707	5.522919405E-04
367	275.25	1126.320436	5.601670676E-04
368	276	1126.97244	5.681333790E-04
369	276.75	1127.6318	5.761919313E-04
370	277.5	1128.298595	5.843437955E-04
371	278.25	1128.972908	5.925900569E-04
372	279	1129.654822	6.009318157E-04
373	279.75	1130.34442	6.093701870E-04
374	280.5	1131.041787	6.179063011E-04
375	281.25	1131.747009	6.265413037E-04
376	282	1132.460173	6.352763561E-04
377	282.75	1133.181367	6.441126357E-04
378	283.5	1133.91068	6.530513357E-04
379	284.25	1134.648202	6.620936659E-04
380	285	1135.394025	6.712408529E-04
381	285.75	1136.148241	6.804941399E-04
382	286.5	1136.910944	6.898547876E-04
383	287.25	1137.682229	6.993240739E-04
384	288	1138.462192	7.089032945E-04
385	288.75	1139.250929	7.185937632E-04
386	289.5	1140.048539	7.283968121E-04
387	290.25	1140.855123	7.383137918E-04
388	291	1141.67078	7.483460719E-04
389	291.75	1142.495612	7.584950412E-04
390	292.5	1143.329724	7.687621079E-04
391	293.25	1144.17322	7.791487003E-04
392	294	1145.026206	7.896562666E-04
393	294.75	1145.88879	8.002862757E-04
394	295.5	1146.761079	8.110402172E-04
395	296.25	1147.643185	8.219196019E-04
396	297	1148.535218	8.329259623E-04
397	297.75	1149.437292	8.440608527E-04
398	298.5	1150.349521	8.553258495E-04
399	299.25	1151.27202	8.667225521E-04
400	300	1152.204907	8.782525827E-04
── 设定点 1150 °C　夹头 100 °C　段 0「HC1」　T设定 1150 °C　节点 401　段长 300 mm　控温点下标 200（x = 150 mm）　电流 1208.7 A　ΔL_A +0.020317　ΔL_B +0.001226
i	X_mm	TMetal_C	epsDiff
0	0	1183.746786	4.201098540E-04
1	0.75	1183.329745	4.148762909E-04
2	1.5	1182.91716	4.096996989E-04
3	2.25	1182.508983	4.045794449E-04
4	3	1182.105167	3.995149035E-04
5	3.75	1181.705665	3.945054570E-04
6	4.5	1181.310432	3.895504948E-04
7	5.25	1180.919421	3.846494141E-04
8	6	1180.532588	3.798016190E-04
9	6.75	1180.149887	3.750065209E-04
10	7.5	1179.771276	3.702635383E-04
11	8.25	1179.39671	3.655720967E-04
12	9	1179.026147	3.609316284E-04
13	9.75	1178.659543	3.563415725E-04
14	10.5	1178.296858	3.518013749E-04
15	11.25	1177.938048	3.473104880E-04
16	12	1177.583073	3.428683707E-04
17	12.75	1177.231892	3.384744886E-04
18	13.5	1176.884465	3.341283134E-04
19	14.25	1176.540753	3.298293232E-04
20	15	1176.200715	3.255770022E-04
21	15.75	1175.864313	3.213708409E-04
22	16.5	1175.531509	3.172103357E-04
23	17.25	1175.202264	3.130949891E-04
24	18	1174.876541	3.090243092E-04
25	18.75	1174.554303	3.049978103E-04
26	19.5	1174.235512	3.010150122E-04
27	20.25	1173.920133	2.970754403E-04
28	21	1173.60813	2.931786259E-04
29	21.75	1173.299466	2.893241055E-04
30	22.5	1172.994108	2.855114213E-04
31	23.25	1172.692019	2.817401207E-04
32	24	1172.393166	2.780097566E-04
33	24.75	1172.097515	2.743198869E-04
34	25.5	1171.805033	2.706700750E-04
35	26.25	1171.515685	2.670598891E-04
36	27	1171.229439	2.634889028E-04
37	27.75	1170.946262	2.599566945E-04
38	28.5	1170.666123	2.564628474E-04
39	29.25	1170.38899	2.530069499E-04
40	30	1170.114831	2.495885949E-04
41	30.75	1169.843615	2.462073803E-04
42	31.5	1169.575312	2.428629085E-04
43	32.25	1169.30989	2.395547868E-04
44	33	1169.047321	2.362826267E-04
45	33.75	1168.787574	2.330460445E-04
46	34.5	1168.53062	2.298446610E-04
47	35.25	1168.27643	2.266781012E-04
48	36	1168.024975	2.235459946E-04
49	36.75	1167.776227	2.204479751E-04
50	37.5	1167.530157	2.173836806E-04
51	38.25	1167.286739	2.143527535E-04
52	39	1167.045944	2.113548401E-04
53	39.75	1166.807745	2.083895910E-04
54	40.5	1166.572115	2.054566607E-04
55	41.25	1166.339029	2.025557078E-04
56	42	1166.108459	1.996863949E-04
57	42.75	1165.88038	1.968483884E-04
58	43.5	1165.654766	1.940413586E-04
59	44.25	1165.431592	1.912649797E-04
60	45	1165.210832	1.885189295E-04
61	45.75	1164.992462	1.858028898E-04
62	46.5	1164.776457	1.831165459E-04
63	47.25	1164.562793	1.804595867E-04
64	48	1164.351445	1.778317049E-04
65	48.75	1164.142391	1.752325965E-04
66	49.5	1163.935607	1.726619612E-04
67	50.25	1163.731069	1.701195021E-04
68	51	1163.528755	1.676049259E-04
69	51.75	1163.328641	1.651179424E-04
70	52.5	1163.130706	1.626582650E-04
71	53.25	1162.934927	1.602256104E-04
72	54	1162.741283	1.578196983E-04
73	54.75	1162.549751	1.554402520E-04
74	55.5	1162.36031	1.530869979E-04
75	56.25	1162.172939	1.507596655E-04
76	57	1161.987617	1.484579873E-04
77	57.75	1161.804324	1.461816992E-04
78	58.5	1161.623038	1.439305400E-04
79	59.25	1161.44374	1.417042516E-04
80	60	1161.266409	1.395025786E-04
81	60.75	1161.091026	1.373252690E-04
82	61.5	1160.91757	1.351720734E-04
83	62.25	1160.746024	1.330427454E-04
84	63	1160.576367	1.309370415E-04
85	63.75	1160.40858	1.288547209E-04
86	64.5	1160.242646	1.267955457E-04
87	65.25	1160.078545	1.247592808E-04
88	66	1159.916259	1.227456938E-04
89	66.75	1159.755769	1.207545548E-04
90	67.5	1159.597059	1.187856369E-04
91	68.25	1159.440111	1.168387155E-04
92	69	1159.284906	1.149135690E-04
93	69.75	1159.131427	1.130099780E-04
94	70.5	1158.979659	1.111277260E-04
95	71.25	1158.829583	1.092665987E-04
96	72	1158.681182	1.074263846E-04
97	72.75	1158.534442	1.056068744E-04
98	73.5	1158.389344	1.038078615E-04
99	74.25	1158.245873	1.020291415E-04
100	75	1158.104013	1.002705125E-04
101	75.75	1157.963748	9.853177499E-05
102	76.5	1157.825063	9.681273175E-05
103	77.25	1157.687943	9.511318788E-05
104	78	1157.552371	9.343295078E-05
105	78.75	1157.418333	9.177183013E-05
106	79.5	1157.285814	9.012963783E-05
107	80.25	1157.154799	8.850618799E-05
108	81	1157.025274	8.690129695E-05
109	81.75	1156.897225	8.531478320E-05
110	82.5	1156.770637	8.374646736E-05
111	83.25	1156.645496	8.219617221E-05
112	84	1156.521788	8.066372261E-05
113	84.75	1156.399499	7.914894551E-05
114	85.5	1156.278617	7.765166991E-05
115	86.25	1156.159127	7.617172686E-05
116	87	1156.041017	7.470894942E-05
117	87.75	1155.924272	7.326317264E-05
118	88.5	1155.808882	7.183423355E-05
119	89.25	1155.694831	7.042197114E-05
120	90	1155.582109	6.902622632E-05
121	90.75	1155.470702	6.764684193E-05
122	91.5	1155.360598	6.628366270E-05
123	92.25	1155.251785	6.493653521E-05
124	93	1155.144251	6.360530795E-05
125	93.75	1155.037983	6.228983119E-05
126	94.5	1154.932971	6.098995705E-05
127	95.25	1154.829203	5.970553945E-05
128	96	1154.726667	5.843643409E-05
129	96.75	1154.625351	5.718249843E-05
130	97.5	1154.525245	5.594359167E-05
131	98.25	1154.426338	5.471957476E-05
132	99	1154.328618	5.351031034E-05
133	99.75	1154.232075	5.231566277E-05
134	100.5	1154.136698	5.113549806E-05
135	101.25	1154.042476	4.996968391E-05
136	102	1153.9494	4.881808965E-05
137	102.75	1153.857459	4.768058625E-05
138	103.5	1153.766642	4.655704627E-05
139	104.25	1153.67694	4.544734391E-05
140	105	1153.588343	4.435135491E-05
141	105.75	1153.500841	4.326895661E-05
142	106.5	1153.414424	4.220002789E-05
143	107.25	1153.329083	4.114444918E-05
144	108	1153.244809	4.010210241E-05
145	108.75	1153.161591	3.907287104E-05
146	109.5	1153.079422	3.805664001E-05
147	110.25	1152.998291	3.705329577E-05
148	111	1152.918191	3.606272621E-05
149	111.75	1152.839111	3.508482068E-05
150	112.5	1152.761044	3.411946998E-05
151	113.25	1152.683981	3.316656632E-05
152	114	1152.607913	3.222600334E-05
153	114.75	1152.532832	3.129767609E-05
154	115.5	1152.458729	3.038148098E-05
155	116.25	1152.385597	2.947731582E-05
156	117	1152.313428	2.858507978E-05
157	117.75	1152.242213	2.770467337E-05
158	118.5	1152.171944	2.683599846E-05
159	119.25	1152.102615	2.597895824E-05
160	120	1152.034216	2.513345720E-05
161	120.75	1151.966742	2.429940115E-05
162	121.5	1151.900183	2.347669721E-05
163	122.25	1151.834534	2.266525376E-05
164	123	1151.769786	2.186498045E-05
165	123.75	1151.705933	2.107578821E-05
166	124.5	1151.642968	2.029758920E-05
167	125.25	1151.580883	1.953029684E-05
168	126	1151.519672	1.877382576E-05
169	126.75	1151.459328	1.802809183E-05
170	127.5	1151.399845	1.729301212E-05
171	128.25	1151.341215	1.656850488E-05
172	129	1151.283433	1.585448959E-05
173	129.75	1151.226492	1.515088687E-05
174	130.5	1151.170386	1.445761854E-05
175	131.25	1151.115109	1.377460757E-05
176	132	1151.060654	1.310177807E-05
177	132.75	1151.007016	1.243905533E-05
178	133.5	1150.954189	1.178636574E-05
179	134.25	1150.902166	1.114363682E-05
180	135	1150.850943	1.051079722E-05
181	135.75	1150.800513	9.887776695E-06
182	136.5	1150.750872	9.274506097E-06
183	137.25	1150.702013	8.670917371E-06
184	138	1150.653931	8.076943549E-06
185	138.75	1150.606621	7.492518737E-06
186	139.5	1150.560078	6.917578109E-06
187	140.25	1150.514296	6.352057904E-06
188	141	1150.469271	5.795895410E-06
189	141.75	1150.424998	5.249028963E-06
190	142.5	1150.381472	4.711397938E-06
191	143.25	1150.338687	4.182942742E-06
192	144	1150.29664	3.663604806E-06
193	144.75	1150.255325	3.153326579E-06
194	145.5	1150.214739	2.652051520E-06
195	146.25	1150.174877	2.159724095E-06
196	147	1150.135733	1.676289766E-06
197	147.75	1150.097305	1.201694987E-06
198	148.5	1150.059588	7.358871960E-07
199	149.25	1150.022577	2.788148124E-07
200	150	1149.986269	-1.695727730E-07
201	150.75	1149.950659	-6.093252019E-07
202	151.5	1149.915745	-1.040491155E-06
203	152.25	1149.881521	-1.463118356E-06
204	153	1149.847984	-1.877253581E-06
205	153.75	1149.815131	-2.282942660E-06
206	154.5	1149.782957	-2.680230484E-06
207	155.25	1149.75146	-3.069161010E-06
208	156	1149.720636	-3.449777267E-06
209	156.75	1149.690481	-3.822121359E-06
210	157.5	1149.660993	-4.186234471E-06
211	158.25	1149.632167	-4.542156876E-06
212	159	1149.604001	-4.889927936E-06
213	159.75	1149.576492	-5.229586108E-06
214	160.5	1149.549637	-5.561168950E-06
215	161.25	1149.523432	-5.884713123E-06
216	162	1149.497876	-6.200254396E-06
217	162.75	1149.472964	-6.507827652E-06
218	163.5	1149.448694	-6.807466889E-06
219	164.25	1149.425065	-7.099205227E-06
220	165	1149.402072	-7.383074909E-06
221	165.75	1149.379714	-7.659107308E-06
222	166.5	1149.357988	-7.927332926E-06
223	167.25	1149.336892	-8.187781403E-06
224	168	1149.316423	-8.440481517E-06
225	168.75	1149.296579	-8.685461186E-06
226	169.5	1149.277359	-8.922747477E-06
227	170.25	1149.258759	-9.152366603E-06
228	171	1149.240778	-9.374343929E-06
229	171.75	1149.223414	-9.588703974E-06
230	172.5	1149.206665	-9.795470417E-06
231	173.25	1149.190529	-9.994666093E-06
232	174	1149.175005	-1.018631300E-05
233	174.75	1149.16009	-1.037043231E-05
234	175.5	1149.145783	-1.054704435E-05
235	176.25	1149.132083	-1.071616863E-05
236	177	1149.118987	-1.087782381E-05
237	177.75	1149.106495	-1.103202776E-05
238	178.5	1149.094606	-1.117879749E-05
239	179.25	1149.083317	-1.131814921E-05
240	180	1149.072628	-1.145009831E-05
241	180.75	1149.062537	-1.157465935E-05
242	181.5	1149.053044	-1.169184609E-05
243	182.25	1149.044147	-1.180167146E-05
244	183	1149.035845	-1.190414759E-05
245	183.75	1149.028138	-1.199928578E-05
246	184.5	1149.021024	-1.208709655E-05
247	185.25	1149.014503	-1.216758958E-05
248	186	1149.008574	-1.224077376E-05
249	186.75	1149.003237	-1.230665717E-05
250	187.5	1148.99849	-1.236524707E-05
251	188.25	1148.994334	-1.241654995E-05
252	189	1148.990768	-1.246057145E-05
253	189.75	1148.987791	-1.249731644E-05
254	190.5	1148.985403	-1.252678897E-05
255	191.25	1148.983605	-1.254899230E-05
256	192	1148.982394	-1.256392888E-05
257	192.75	1148.981773	-1.257160035E-05
258	193.5	1148.98174	-1.257200757E-05
259	194.25	1148.982295	-1.256515057E-05
260	195	1148.98344	-1.255102860E-05
261	195.75	1148.985172	-1.252964011E-05
262	196.5	1148.987494	-1.250098272E-05
263	197.25	1148.990405	-1.246505329E-05
264	198	1148.993905	-1.242184783E-05
265	198.75	1148.997995	-1.237136159E-05
266	199.5	1149.002675	-1.231358900E-05
267	200.25	1149.007946	-1.224852366E-05
268	201	1149.013809	-1.217615841E-05
269	201.75	1149.020263	-1.209648525E-05
270	202.5	1149.027311	-1.200949540E-05
271	203.25	1149.034951	-1.191517924E-05
272	204	1149.043186	-1.181352637E-05
273	204.75	1149.052017	-1.170452556E-05
274	205.5	1149.061443	-1.158816479E-05
275	206.25	1149.071467	-1.146443120E-05
276	207	1149.082089	-1.133331114E-05
277	207.75	1149.09331	-1.119479013E-05
278	208.5	1149.105132	-1.104885288E-05
279	209.25	1149.117557	-1.089548327E-05
280	210	1149.130584	-1.073466437E-05
281	210.75	1149.144217	-1.056637842E-05
282	211.5	1149.158455	-1.039060684E-05
283	212.25	1149.173302	-1.020733022E-05
284	213	1149.188758	-1.001652833E-05
285	213.75	1149.204825	-9.818180074E-06
286	214.5	1149.221506	-9.612263565E-06
287	215.25	1149.238801	-9.398756056E-06
288	216	1149.256712	-9.177633962E-06
289	216.75	1149.275243	-8.948872860E-06
290	217.5	1149.294393	-8.712447479E-06
291	218.25	1149.314167	-8.468331700E-06
292	219	1149.334566	-8.216498555E-06
293	219.75	1149.355592	-7.956920219E-06
294	220.5	1149.377247	-7.689568010E-06
295	221.25	1149.399534	-7.414412388E-06
296	222	1149.422455	-7.131422945E-06
297	222.75	1149.446013	-6.840568407E-06
298	223.5	1149.470211	-6.541816628E-06
299	224.25	1149.49505	-6.235134587E-06
300	225	1149.520535	-5.920488385E-06
301	225.75	1149.546667	-5.597843239E-06
302	226.5	1149.573449	-5.267163478E-06
303	227.25	1149.600885	-4.928412541E-06
304	228	1149.628977	-4.581552973E-06
305	228.75	1149.657728	-4.226546415E-06
306	229.5	1149.687142	-3.863353609E-06
307	230.25	1149.717222	-3.491934384E-06
308	231	1149.747971	-3.112247658E-06
309	231.75	1149.779392	-2.724251428E-06
310	232.5	1149.81149	-2.327902771E-06
311	233.25	1149.844267	-1.923157834E-06
312	234	1149.877727	-1.509971830E-06
313	234.75	1149.911873	-1.088299035E-06
314	235.5	1149.94671	-6.580927806E-07
315	236.25	1149.982242	-2.193054481E-07
316	237	1150.018471	2.281115353E-07
317	237.75	1150.055403	6.842077032E-07
318	238.5	1150.093041	1.149033556E-06
319	239.25	1150.131389	1.622640565E-06
320	240	1150.170452	2.105081182E-06
321	240.75	1150.210234	2.596408843E-06
322	241.5	1150.250739	3.096677972E-06
323	242.25	1150.291971	3.605943995E-06
324	243	1150.333936	4.124263337E-06
325	243.75	1150.376638	4.651693435E-06
326	244.5	1150.420081	5.188292745E-06
327	245.25	1150.46427	5.734120745E-06
328	246	1150.509211	6.289237943E-06
329	246.75	1150.554907	6.853705887E-06
330	247.5	1150.601365	7.427587169E-06
331	248.25	1150.648588	8.010945435E-06
332	249	1150.696583	8.603845390E-06
333	249.75	1150.745355	9.206352806E-06
334	250.5	1150.794909	9.818534534E-06
335	251.25	1150.84525	1.044045850E-05
336	252	1150.896384	1.107219374E-05
337	252.75	1150.948316	1.171381036E-05
338	253.5	1151.001053	1.236537961E-05
339	254.25	1151.0546	1.302697382E-05
340	255	1151.108963	1.369866648E-05
341	255.75	1151.164148	1.438053217E-05
342	256.5	1151.22016	1.507264667E-05
343	257.25	1151.277007	1.577508685E-05
344	258	1151.334695	1.648793079E-05
345	258.75	1151.393229	1.721125771E-05
346	259.5	1151.452616	1.794514803E-05
347	260.25	1151.512863	1.868968333E-05
348	261	1151.573977	1.944494642E-05
349	261.75	1151.635963	2.021102131E-05
350	262.5	1151.69883	2.098799320E-05
351	263.25	1151.762583	2.177594857E-05
352	264	1151.82723	2.257497509E-05
353	264.75	1151.892778	2.338516170E-05
354	265.5	1151.959234	2.420659862E-05
355	266.25	1152.026605	2.503937730E-05
356	267	1152.0949	2.588359049E-05
357	267.75	1152.164125	2.673933225E-05
358	268.5	1152.234287	2.760669792E-05
359	269.25	1152.305396	2.848578416E-05
360	270	1152.377458	2.937668897E-05
361	270.75	1152.450482	3.027951168E-05
362	271.5	1152.524475	3.119435296E-05
363	272.25	1152.599446	3.212131487E-05
364	273	1152.675403	3.306050081E-05
365	273.75	1152.752354	3.401201560E-05
366	274.5	1152.830308	3.497596543E-05
367	275.25	1152.909274	3.595245794E-05
368	276	1152.98926	3.694160217E-05
369	276.75	1153.070274	3.794350860E-05
370	277.5	1153.152327	3.895828917E-05
371	278.25	1153.235426	3.998605728E-05
372	279	1153.319582	4.102692781E-05
373	279.75	1153.404802	4.208101715E-05
374	280.5	1153.491098	4.314844318E-05
375	281.25	1153.578478	4.422932531E-05
376	282	1153.666952	4.532378448E-05
377	282.75	1153.75653	4.643194319E-05
378	283.5	1153.847221	4.755392550E-05
379	284.25	1153.939035	4.868985705E-05
380	285	1154.031984	4.983986509E-05
381	285.75	1154.126076	5.100407848E-05
382	286.5	1154.221323	5.218262768E-05
383	287.25	1154.317735	5.337564484E-05
384	288	1154.415323	5.458326374E-05
385	288.75	1154.514096	5.580561984E-05
386	289.5	1154.614068	5.704285030E-05
387	290.25	1154.715247	5.829509399E-05
388	291	1154.817646	5.956249151E-05
389	291.75	1154.921275	6.084518519E-05
390	292.5	1155.026148	6.214331914E-05
391	293.25	1155.132273	6.345703926E-05
392	294	1155.239665	6.478649321E-05
393	294.75	1155.348334	6.613183049E-05
394	295.5	1155.458293	6.749320245E-05
395	296.25	1155.569553	6.887076227E-05
396	297	1155.682127	7.026466502E-05
397	297.75	1155.796028	7.167506764E-05
398	298.5	1155.911268	7.310212901E-05
399	299.25	1156.02786	7.454600992E-05
400	300	1156.145817	7.600687312E-05
── 设定点 1150 °C　夹头 100 °C　段 1「HC2」　T设定 1150 °C　节点 401　段长 300 mm　控温点下标 200（x = 150 mm）　电流 1204.7 A　ΔL_A -0.001348　ΔL_B +0.041792
i	X_mm	TMetal_C	epsDiff
0	0	1156.123898	7.573541572E-05
1	0.75	1155.961934	7.372957373E-05
2	1.5	1155.801928	7.174812172E-05
3	2.25	1155.64386	6.979083405E-05
4	3	1155.487715	6.785748796E-05
5	3.75	1155.333474	6.594786350E-05
6	4.5	1155.181121	6.406174351E-05
7	5.25	1155.030639	6.219891363E-05
8	6	1154.88201	6.035916223E-05
9	6.75	1154.735219	5.854228039E-05
10	7.5	1154.590248	5.674806188E-05
11	8.25	1154.447083	5.497630314E-05
12	9	1154.305707	5.322680323E-05
13	9.75	1154.166105	5.149936384E-05
14	10.5	1154.02826	4.979378923E-05
15	11.25	1153.892158	4.810988622E-05
16	12	1153.757784	4.644746415E-05
17	12.75	1153.625123	4.480633491E-05
18	13.5	1153.49416	4.318631282E-05
19	14.25	1153.36488	4.158721469E-05
20	15	1153.23727	4.000885977E-05
21	15.75	1153.111315	3.845106972E-05
22	16.5	1152.987001	3.691366858E-05
23	17.25	1152.864315	3.539648276E-05
24	18	1152.743242	3.389934104E-05
25	18.75	1152.62377	3.242207448E-05
26	19.5	1152.505886	3.096451649E-05
27	20.25	1152.389576	2.952650272E-05
28	21	1152.274827	2.810787112E-05
29	21.75	1152.161627	2.670846185E-05
30	22.5	1152.049964	2.532811729E-05
31	23.25	1151.939824	2.396668204E-05
32	24	1151.831196	2.262400288E-05
33	24.75	1151.724068	2.129992871E-05
34	25.5	1151.618428	1.999431063E-05
35	26.25	1151.514265	1.870700182E-05
36	27	1151.411566	1.743785758E-05
37	27.75	1151.310321	1.618673530E-05
38	28.5	1151.210518	1.495349442E-05
39	29.25	1151.112146	1.373799646E-05
40	30	1151.015195	1.254010494E-05
41	30.75	1150.919653	1.135968543E-05
42	31.5	1150.825511	1.019660547E-05
43	32.25	1150.732758	9.050734594E-06
44	33	1150.641384	7.921944310E-06
45	33.75	1150.551378	6.810108067E-06
46	34.5	1150.46273	5.715101251E-06
47	35.25	1150.375432	4.636801167E-06
48	36	1150.289473	3.575087025E-06
49	36.75	1150.204844	2.529839923E-06
50	37.5	1150.121535	1.500942834E-06
51	38.25	1150.039538	4.882805890E-07
52	39	1149.958843	-5.082601340E-07
53	39.75	1149.879442	-1.488790827E-06
54	40.5	1149.801325	-2.453421162E-06
55	41.25	1149.724484	-3.402259011E-06
56	42	1149.648911	-4.335410451E-06
57	42.75	1149.574598	-5.252979785E-06
58	43.5	1149.501535	-6.155069548E-06
59	44.25	1149.429716	-7.041780526E-06
60	45	1149.359132	-7.913211764E-06
61	45.75	1149.289775	-8.769460578E-06
62	46.5	1149.221639	-9.610622570E-06
63	47.25	1149.154714	-1.043679164E-05
64	48	1149.088995	-1.124805999E-05
65	48.75	1149.024473	-1.204451814E-05
66	49.5	1148.961142	-1.282625496E-05
67	50.25	1148.898995	-1.359335763E-05
68	51	1148.838025	-1.434591170E-05
69	51.75	1148.778225	-1.508400109E-05
70	52.5	1148.719589	-1.580770807E-05
71	53.25	1148.66211	-1.651711330E-05
72	54	1148.605781	-1.721229584E-05
73	54.75	1148.550598	-1.789333316E-05
74	55.5	1148.496553	-1.856030111E-05
75	56.25	1148.443641	-1.921327399E-05
76	57	1148.391856	-1.985232451E-05
77	57.75	1148.341192	-2.047752384E-05
78	58.5	1148.291643	-2.108894158E-05
79	59.25	1148.243205	-2.168664577E-05
80	60	1148.195872	-2.227070296E-05
81	60.75	1148.149638	-2.284117814E-05
82	61.5	1148.104499	-2.339813477E-05
83	62.25	1148.06045	-2.394163482E-05
84	63	1148.017486	-2.447173874E-05
85	63.75	1147.975601	-2.498850551E-05
86	64.5	1147.934793	-2.549199257E-05
87	65.25	1147.895055	-2.598225593E-05
88	66	1147.856384	-2.645935008E-05
89	66.75	1147.818776	-2.692332806E-05
90	67.5	1147.782226	-2.737424144E-05
91	68.25	1147.74673	-2.781214035E-05
92	69	1147.712284	-2.823707344E-05
93	69.75	1147.678886	-2.864908794E-05
94	70.5	1147.64653	-2.904822961E-05
95	71.25	1147.615214	-2.943454281E-05
96	72	1147.584934	-2.980807044E-05
97	72.75	1147.555686	-3.016885399E-05
98	73.5	1147.527468	-3.051693355E-05
99	74.25	1147.500277	-3.085234775E-05
100	75	1147.474108	-3.117513385E-05
101	75.75	1147.448961	-3.148532769E-05
102	76.5	1147.424831	-3.178296371E-05
103	77.25	1147.401716	-3.206807495E-05
104	78	1147.379614	-3.234069307E-05
105	78.75	1147.358522	-3.260084832E-05
106	79.5	1147.338438	-3.284856959E-05
107	80.25	1147.31936	-3.308388436E-05
108	81	1147.301285	-3.330681875E-05
109	81.75	1147.284212	-3.351739751E-05
110	82.5	1147.268139	-3.371564400E-05
111	83.25	1147.253063	-3.390158023E-05
112	84	1147.238984	-3.407522681E-05
113	84.75	1147.2259	-3.423660303E-05
114	85.5	1147.213809	-3.438572678E-05
115	86.25	1147.20271	-3.452261461E-05
116	87	1147.192602	-3.464728171E-05
117	87.75	1147.183484	-3.475974191E-05
118	88.5	1147.175354	-3.486000768E-05
119	89.25	1147.168212	-3.494809014E-05
120	90	1147.162057	-3.502399908E-05
121	90.75	1147.156889	-3.508774290E-05
122	91.5	1147.152706	-3.513932868E-05
123	92.25	1147.149509	-3.517876215E-05
124	93	1147.147297	-3.520604767E-05
125	93.75	1147.146069	-3.522118827E-05
126	94.5	1147.145826	-3.522418563E-05
127	95.25	1147.146567	-3.521504009E-05
128	96	1147.148294	-3.519375062E-05
129	96.75	1147.151005	-3.516031488E-05
130	97.5	1147.154701	-3.511472914E-05
131	98.25	1147.159383	-3.505698836E-05
132	99	1147.16505	-3.498708613E-05
133	99.75	1147.171705	-3.490501468E-05
134	100.5	1147.179347	-3.481076493E-05
135	101.25	1147.187977	-3.470432641E-05
136	102	1147.197596	-3.458568732E-05
137	102.75	1147.208206	-3.445483449E-05
138	103.5	1147.219807	-3.431175341E-05
139	104.25	1147.232401	-3.415642821E-05
140	105	1147.245988	-3.398884164E-05
141	105.75	1147.260572	-3.380897512E-05
142	106.5	1147.276152	-3.361680868E-05
143	107.25	1147.292731	-3.341232101E-05
144	108	1147.310311	-3.319548941E-05
145	108.75	1147.328894	-3.296628982E-05
146	109.5	1147.348481	-3.272469680E-05
147	110.25	1147.369075	-3.247068355E-05
148	111	1147.390678	-3.220422185E-05
149	111.75	1147.413293	-3.192528214E-05
150	112.5	1147.436921	-3.163383346E-05
151	113.25	1147.461566	-3.132984344E-05
152	114	1147.48723	-3.101327834E-05
153	114.75	1147.513916	-3.068410301E-05
154	115.5	1147.541627	-3.034228089E-05
155	116.25	1147.570366	-2.998777403E-05
156	117	1147.600136	-2.962054305E-05
157	117.75	1147.63094	-2.924054717E-05
158	118.5	1147.662782	-2.884774417E-05
159	119.25	1147.695665	-2.844209043E-05
160	120	1147.729594	-2.802354086E-05
161	120.75	1147.76457	-2.759204897E-05
162	121.5	1147.800599	-2.714756681E-05
163	122.25	1147.837685	-2.669004497E-05
164	123	1147.875831	-2.621943261E-05
165	123.75	1147.915041	-2.573567742E-05
166	124.5	1147.955321	-2.523872560E-05
167	125.25	1147.996673	-2.472852191E-05
168	126	1148.039104	-2.420500962E-05
169	126.75	1148.082617	-2.366813049E-05
170	127.5	1148.127217	-2.311782482E-05
171	128.25	1148.17291	-2.255403139E-05
172	129	1148.2197	-2.197668746E-05
173	129.75	1148.267592	-2.138572880E-05
174	130.5	1148.316591	-2.078108964E-05
175	131.25	1148.366704	-2.016270268E-05
176	132	1148.417935	-1.953049908E-05
177	132.75	1148.47029	-1.888440845E-05
178	133.5	1148.523775	-1.822435883E-05
179	134.25	1148.578395	-1.755027673E-05
180	135	1148.634158	-1.686208706E-05
181	135.75	1148.691068	-1.615971313E-05
182	136.5	1148.749132	-1.544307669E-05
183	137.25	1148.808357	-1.471209786E-05
184	138	1148.868749	-1.396669517E-05
185	138.75	1148.930314	-1.320678551E-05
186	139.5	1148.993059	-1.243228414E-05
187	140.25	1149.056992	-1.164310469E-05
188	141	1149.122119	-1.083915912E-05
189	141.75	1149.188448	-1.002035773E-05
190	142.5	1149.255985	-9.186609144E-06
191	143.25	1149.324739	-8.337820307E-06
192	144	1149.394716	-7.473896457E-06
193	144.75	1149.465924	-6.594741126E-06
194	145.5	1149.538372	-5.700256123E-06
195	146.25	1149.612067	-4.790341523E-06
196	147	1149.687017	-3.864895658E-06
197	147.75	1149.763231	-2.923815098E-06
198	148.5	1149.840717	-1.966994643E-06
199	149.25	1149.919483	-9.943273094E-07
200	150	1149.999538	-5.704315981E-09
201	150.75	1150.080891	9.989849297E-07
202	151.5	1150.163551	2.019852844E-06
203	152.25	1150.247527	3.057013683E-06
204	153	1150.332829	4.110583554E-06
205	153.75	1150.419465	5.180680432E-06
206	154.5	1150.507445	6.267424173E-06
207	155.25	1150.596779	7.370936529E-06
208	156	1150.687476	8.491341165E-06
209	156.75	1150.779548	9.628763672E-06
210	157.5	1150.873003	1.078333159E-05
211	158.25	1150.967852	1.195517440E-05
212	159	1151.064106	1.314442357E-05
213	159.75	1151.161775	1.435121257E-05
214	160.5	1151.26087	1.557567686E-05
215	161.25	1151.361402	1.681795392E-05
216	162	1151.463381	1.807818330E-05
217	162.75	1151.566821	1.935650658E-05
218	163.5	1151.67173	2.065306744E-05
219	164.25	1151.778122	2.196801164E-05
220	165	1151.886008	2.330148705E-05
221	165.75	1151.9954	2.465364369E-05
222	166.5	1152.106309	2.602463372E-05
223	167.25	1152.218749	2.741461147E-05
224	168	1152.332732	2.882373346E-05
225	168.75	1152.448269	3.025215843E-05
226	169.5	1152.565375	3.170004734E-05
227	170.25	1152.684062	3.316756340E-05
228	171	1152.804342	3.465487209E-05
229	171.75	1152.92623	3.616214119E-05
230	172.5	1153.049739	3.768954078E-05
231	173.25	1153.174882	3.923724329E-05
232	174	1153.301673	4.080542351E-05
233	174.75	1153.430127	4.239425859E-05
234	175.5	1153.560257	4.400392809E-05
235	176.25	1153.692078	4.563461401E-05
236	177	1153.825605	4.728650077E-05
237	177.75	1153.960852	4.895977529E-05
238	178.5	1154.097834	5.065462698E-05
239	179.25	1154.236567	5.237124776E-05
240	180	1154.377065	5.410983210E-05
241	180.75	1154.519345	5.587057704E-05
242	181.5	1154.663422	5.765368223E-05
243	182.25	1154.809313	5.945934992E-05
244	183	1154.957032	6.128778503E-05
245	183.75	1155.106598	6.313919513E-05
246	184.5	1155.258025	6.501379052E-05
247	185.25	1155.411332	6.691178422E-05
248	186	1155.566535	6.883339199E-05
249	186.75	1155.723651	7.077883240E-05
250	187.5	1155.882698	7.274832682E-05
251	188.25	1156.043693	7.474209946E-05
252	189	1156.206655	7.676037743E-05
253	189.75	1156.371602	7.880339071E-05
254	190.5	1156.538551	8.087137224E-05
255	191.25	1156.707521	8.296455789E-05
256	192	1156.878532	8.508318656E-05
257	192.75	1157.051602	8.722750017E-05
258	193.5	1157.22675	8.939774368E-05
259	194.25	1157.403996	9.159416516E-05
260	195	1157.58336	9.381701581E-05
261	195.75	1157.764862	9.606654996E-05
262	196.5	1157.948521	9.834302516E-05
263	197.25	1158.134359	1.006467022E-04
264	198	1158.322396	1.029778450E-04
265	198.75	1158.512653	1.053367211E-04
266	199.5	1158.705151	1.077236010E-04
267	200.25	1158.899912	1.101387587E-04
268	201	1159.096958	1.125824718E-04
269	201.75	1159.29631	1.150550211E-04
270	202.5	1159.497991	1.175566909E-04
271	203.25	1159.702023	1.200877692E-04
272	204	1159.908429	1.226485474E-04
273	204.75	1160.117232	1.252393206E-04
274	205.5	1160.328456	1.278603875E-04
275	206.25	1160.542124	1.305120504E-04
276	207	1160.75826	1.331946154E-04
277	207.75	1160.976888	1.359083925E-04
278	208.5	1161.198033	1.386536953E-04
279	209.25	1161.421719	1.414308413E-04
280	210	1161.647972	1.442401520E-04
281	210.75	1161.876817	1.470819528E-04
282	211.5	1162.108279	1.499565729E-04
283	212.25	1162.342385	1.528643459E-04
284	213	1162.579161	1.558056091E-04
285	213.75	1162.818633	1.587807042E-04
286	214.5	1163.060829	1.617899770E-04
287	215.25	1163.305775	1.648337775E-04
288	216	1163.553499	1.679124600E-04
289	216.75	1163.804029	1.710263830E-04
290	217.5	1164.057393	1.741759095E-04
291	218.25	1164.31362	1.773614070E-04
292	219	1164.572738	1.805832473E-04
293	219.75	1164.834776	1.838418069E-04
294	220.5	1165.099765	1.871374668E-04
295	221.25	1165.367734	1.904706125E-04
296	222	1165.638713	1.938416346E-04
297	222.75	1165.912732	1.972509280E-04
298	223.5	1166.189824	2.006988928E-04
299	224.25	1166.470018	2.041859336E-04
300	225	1166.753347	2.077124603E-04
301	225.75	1167.039843	2.112788874E-04
302	226.5	1167.329537	2.148856348E-04
303	227.25	1167.622464	2.185331274E-04
304	228	1167.918655	2.222217951E-04
305	228.75	1168.218145	2.259520733E-04
306	229.5	1168.520967	2.297244026E-04
307	230.25	1168.827156	2.335392288E-04
308	231	1169.136746	2.373970035E-04
309	231.75	1169.449773	2.412981835E-04
310	232.5	1169.766272	2.452432312E-04
311	233.25	1170.086279	2.492326147E-04
312	234	1170.40983	2.532668080E-04
313	234.75	1170.736962	2.573462906E-04
314	235.5	1171.067713	2.614715479E-04
315	236.25	1171.402119	2.656430713E-04
316	237	1171.740219	2.698613583E-04
317	237.75	1172.082052	2.741269123E-04
318	238.5	1172.427656	2.784402429E-04
319	239.25	1172.777072	2.828018661E-04
320	240	1173.130337	2.872123040E-04
321	240.75	1173.487494	2.916720853E-04
322	241.5	1173.848582	2.961817450E-04
323	242.25	1174.213644	3.007418247E-04
324	243	1174.58272	3.053528728E-04
325	243.75	1174.955853	3.100154443E-04
326	244.5	1175.333086	3.147301010E-04
327	245.25	1175.714462	3.194974118E-04
328	246	1176.100024	3.243179524E-04
329	246.75	1176.489817	3.291923057E-04
330	247.5	1176.883886	3.341210618E-04
331	248.25	1177.282275	3.391048180E-04
332	249	1177.68503	3.441441790E-04
333	249.75	1178.092199	3.492397572E-04
334	250.5	1178.503827	3.543921722E-04
335	251.25	1178.919962	3.596020516E-04
336	252	1179.340651	3.648700306E-04
337	252.75	1179.765944	3.701967523E-04
338	253.5	1180.19589	3.755828680E-04
339	254.25	1180.630537	3.810290369E-04
340	255	1181.069937	3.865359265E-04
341	255.75	1181.514139	3.921042124E-04
342	256.5	1181.963196	3.977345790E-04
343	257.25	1182.417158	4.034277191E-04
344	258	1182.87608	4.091843340E-04
345	258.75	1183.340013	4.150051341E-04
346	259.5	1183.809012	4.208908384E-04
347	260.25	1184.283131	4.268421751E-04
348	261	1184.762426	4.328598817E-04
349	261.75	1185.246951	4.389447046E-04
350	262.5	1185.736763	4.450974000E-04
351	263.25	1186.231919	4.513187335E-04
352	264	1186.732477	4.576094802E-04
353	264.75	1187.238495	4.639704253E-04
354	265.5	1187.750033	4.704023639E-04
355	266.25	1188.267149	4.769061010E-04
356	267	1188.789904	4.834824520E-04
357	267.75	1189.318359	4.901322427E-04
358	268.5	1189.852577	4.968563094E-04
359	269.25	1190.392619	5.036554990E-04
360	270	1190.938549	5.105306694E-04
361	270.75	1191.490431	5.174826894E-04
362	271.5	1192.04833	5.245124388E-04
363	272.25	1192.612311	5.316208091E-04
364	273	1193.182441	5.388087029E-04
365	273.75	1193.758786	5.460770346E-04
366	274.5	1194.341414	5.534267305E-04
367	275.25	1194.930395	5.608587286E-04
368	276	1195.525797	5.683739795E-04
369	276.75	1196.127692	5.759734458E-04
370	277.5	1196.736149	5.836581026E-04
371	278.25	1197.351241	5.914289381E-04
372	279	1197.973042	5.992869529E-04
373	279.75	1198.601623	6.072331612E-04
374	280.5	1199.237061	6.152685900E-04
375	281.25	1199.87943	6.233942801E-04
376	282	1200.528808	6.316112860E-04
377	282.75	1201.18527	6.399206760E-04
378	283.5	1201.848895	6.483235326E-04
379	284.25	1202.519763	6.568209524E-04
380	285	1203.197954	6.654140468E-04
381	285.75	1203.883548	6.741039420E-04
382	286.5	1204.576627	6.828917790E-04
383	287.25	1205.277274	6.917787141E-04
384	288	1205.985574	7.007659192E-04
385	288.75	1206.701611	7.098545817E-04
386	289.5	1207.425471	7.190459051E-04
387	290.25	1208.157241	7.283411091E-04
388	291	1208.897009	7.377414298E-04
389	291.75	1209.644864	7.472481199E-04
390	292.5	1210.400897	7.568624494E-04
391	293.25	1211.165199	7.665857054E-04
392	294	1211.937861	7.764191923E-04
393	294.75	1212.718978	7.863642327E-04
394	295.5	1213.508644	7.964221670E-04
395	296.25	1214.306955	8.065943540E-04
396	297	1215.114008	8.168821715E-04
397	297.75	1215.9299	8.272870159E-04
398	298.5	1216.754732	8.378103031E-04
399	299.25	1217.588603	8.484534686E-04
400	300	1218.431615	8.592179676E-04
── 设定点 1150 °C　夹头 450 °C　段 0「HC1」　T设定 1150 °C　节点 401　段长 300 mm　控温点下标 200（x = 150 mm）　电流 1206.3 A　ΔL_A +0.018490　ΔL_B +0.014598
i	X_mm	TMetal_C	epsDiff
0	0	1183.376609	4.154643469E-04
1	0.75	1182.936334	4.099402404E-04
2	1.5	1182.500843	4.044773405E-04
3	2.25	1182.070086	3.990749759E-04
4	3	1181.644014	3.937324832E-04
5	3.75	1181.222577	3.884492076E-04
6	4.5	1180.805727	3.832245021E-04
7	5.25	1180.393415	3.780577279E-04
8	6	1179.985594	3.729482538E-04
9	6.75	1179.582217	3.678954565E-04
10	7.5	1179.183237	3.628987205E-04
11	8.25	1178.788609	3.579574377E-04
12	9	1178.398286	3.530710074E-04
13	9.75	1178.012225	3.482388365E-04
14	10.5	1177.630381	3.434603388E-04
15	11.25	1177.25271	3.387349358E-04
16	12	1176.879168	3.340620555E-04
17	12.75	1176.509713	3.294411333E-04
18	13.5	1176.144303	3.248716115E-04
19	14.25	1175.782895	3.203529388E-04
20	15	1175.425448	3.158845711E-04
21	15.75	1175.071921	3.114659708E-04
22	16.5	1174.722274	3.070966066E-04
23	17.25	1174.376467	3.027759540E-04
24	18	1174.03446	2.985034948E-04
25	18.75	1173.696215	2.942787170E-04
26	19.5	1173.361692	2.901011148E-04
27	20.25	1173.030853	2.859701889E-04
28	21	1172.703661	2.818854456E-04
29	21.75	1172.380078	2.778463975E-04
30	22.5	1172.060068	2.738525630E-04
31	23.25	1171.743594	2.699034665E-04
32	24	1171.43062	2.659986379E-04
33	24.75	1171.121111	2.621376132E-04
34	25.5	1170.815031	2.583199336E-04
35	26.25	1170.512345	2.545451462E-04
36	27	1170.213019	2.508128034E-04
37	27.75	1169.91702	2.471224632E-04
38	28.5	1169.624313	2.434736888E-04
39	29.25	1169.334865	2.398660487E-04
40	30	1169.048644	2.362991169E-04
41	30.75	1168.765617	2.327724722E-04
42	31.5	1168.485753	2.292856988E-04
43	32.25	1168.209018	2.258383858E-04
44	33	1167.935382	2.224301274E-04
45	33.75	1167.664815	2.190605225E-04
46	34.5	1167.397285	2.157291751E-04
47	35.25	1167.132762	2.124356940E-04
48	36	1166.871216	2.091796927E-04
49	36.75	1166.612619	2.059607893E-04
50	37.5	1166.35694	2.027786066E-04
51	38.25	1166.10415	1.996327722E-04
52	39	1165.854222	1.965229180E-04
53	39.75	1165.607127	1.934486804E-04
54	40.5	1165.362837	1.904097003E-04
55	41.25	1165.121325	1.874056230E-04
56	42	1164.882563	1.844360981E-04
57	42.75	1164.646525	1.815007794E-04
58	43.5	1164.413183	1.785993251E-04
59	44.25	1164.182513	1.757313974E-04
60	45	1163.954487	1.728966627E-04
61	45.75	1163.729081	1.700947916E-04
62	46.5	1163.506269	1.673254585E-04
63	47.25	1163.286025	1.645883421E-04
64	48	1163.068325	1.618831249E-04
65	48.75	1162.853145	1.592094932E-04
66	49.5	1162.640461	1.565671373E-04
67	50.25	1162.430248	1.539557513E-04
68	51	1162.222483	1.513750330E-04
69	51.75	1162.017143	1.488246840E-04
70	52.5	1161.814205	1.463044097E-04
71	53.25	1161.613646	1.438139190E-04
72	54	1161.415443	1.413529244E-04
73	54.75	1161.219575	1.389211421E-04
74	55.5	1161.026019	1.365182917E-04
75	56.25	1160.834755	1.341440964E-04
76	57	1160.645759	1.317982828E-04
77	57.75	1160.459012	1.294805810E-04
78	58.5	1160.274492	1.271907244E-04
79	59.25	1160.092178	1.249284498E-04
80	60	1159.912052	1.226934972E-04
81	60.75	1159.734091	1.204856101E-04
82	61.5	1159.558277	1.183045351E-04
83	62.25	1159.38459	1.161500219E-04
84	63	1159.21301	1.140218237E-04
85	63.75	1159.043518	1.119196965E-04
86	64.5	1158.876095	1.098433996E-04
87	65.25	1158.710724	1.077926953E-04
88	66	1158.547384	1.057673490E-04
89	66.75	1158.386058	1.037671292E-04
90	67.5	1158.226729	1.017918072E-04
91	68.25	1158.069378	9.984115728E-05
92	69	1157.913987	9.791495678E-05
93	69.75	1157.76054	9.601298584E-05
94	70.5	1157.60902	9.413502747E-05
95	71.25	1157.459409	9.228086755E-05
96	72	1157.31169	9.045029473E-05
97	72.75	1157.165849	8.864310047E-05
98	73.5	1157.021867	8.685907897E-05
99	74.25	1156.87973	8.509802717E-05
100	75	1156.739421	8.335974470E-05
101	75.75	1156.600925	8.164403386E-05
102	76.5	1156.464226	7.995069962E-05
103	77.25	1156.32931	7.827954955E-05
104	78	1156.19616	7.663039384E-05
105	78.75	1156.064764	7.500304522E-05
106	79.5	1155.935105	7.339731901E-05
107	80.25	1155.80717	7.181303303E-05
108	81	1155.680944	7.025000761E-05
109	81.75	1155.556413	6.870806555E-05
110	82.5	1155.433564	6.718703212E-05
111	83.25	1155.312382	6.568673503E-05
112	84	1155.192855	6.420700436E-05
113	84.75	1155.074969	6.274767263E-05
114	85.5	1154.958712	6.130857469E-05
115	86.25	1154.844069	5.988954777E-05
116	87	1154.731029	5.849043139E-05
117	87.75	1154.619579	5.711106741E-05
118	88.5	1154.509707	5.575129995E-05
119	89.25	1154.4014	5.441097541E-05
120	90	1154.294647	5.308994243E-05
121	90.75	1154.189435	5.178805188E-05
122	91.5	1154.085754	5.050515683E-05
123	92.25	1153.983591	4.924111254E-05
124	93	1153.882935	4.799577646E-05
125	93.75	1153.783775	4.676900817E-05
126	94.5	1153.686101	4.556066939E-05
127	95.25	1153.589901	4.437062397E-05
128	96	1153.495164	4.319873785E-05
129	96.75	1153.401881	4.204487905E-05
130	97.5	1153.310041	4.090891766E-05
131	98.25	1153.219633	3.979072583E-05
132	99	1153.130648	3.869017773E-05
133	99.75	1153.043076	3.760714956E-05
134	100.5	1152.956908	3.654151952E-05
135	101.25	1152.872133	3.549316779E-05
136	102	1152.788743	3.446197653E-05
137	102.75	1152.706728	3.344782987E-05
138	103.5	1152.626079	3.245061387E-05
139	104.25	1152.546787	3.147021650E-05
140	105	1152.468843	3.050652769E-05
141	105.75	1152.39224	2.955943924E-05
142	106.5	1152.316968	2.862884485E-05
143	107.25	1152.243019	2.771464008E-05
144	108	1152.170385	2.681672238E-05
145	108.75	1152.099058	2.593499103E-05
146	109.5	1152.02903	2.506934715E-05
147	110.25	1151.960293	2.421969368E-05
148	111	1151.89284	2.338593538E-05
149	111.75	1151.826664	2.256797881E-05
150	112.5	1151.761756	2.176573232E-05
151	113.25	1151.69811	2.097910604E-05
152	114	1151.63572	2.020801186E-05
153	114.75	1151.574577	1.945236343E-05
154	115.5	1151.514675	1.871207614E-05
155	116.25	1151.456008	1.798706712E-05
156	117	1151.39857	1.727725523E-05
157	117.75	1151.342353	1.658256104E-05
158	118.5	1151.287351	1.590290682E-05
159	119.25	1151.23356	1.523821654E-05
160	120	1151.180972	1.458841586E-05
161	120.75	1151.129582	1.395343211E-05
162	121.5	1151.079384	1.333319428E-05
163	122.25	1151.030373	1.272763305E-05
164	123	1150.982543	1.213668073E-05
165	123.75	1150.935889	1.156027125E-05
166	124.5	1150.890406	1.099834022E-05
167	125.25	1150.846089	1.045082485E-05
168	126	1150.802933	9.917663979E-06
169	126.75	1150.760933	9.398798040E-06
170	127.5	1150.720085	8.894169090E-06
171	128.25	1150.680383	8.403720773E-06
172	129	1150.641825	7.927398328E-06
173	129.75	1150.604405	7.465148573E-06
174	130.5	1150.56812	7.016919907E-06
175	131.25	1150.532965	6.582662298E-06
176	132	1150.498936	6.162327278E-06
177	132.75	1150.466031	5.755867939E-06
178	133.5	1150.434244	5.363238926E-06
179	134.25	1150.403574	4.984396431E-06
180	135	1150.374015	4.619298188E-06
181	135.75	1150.345566	4.267903469E-06
182	136.5	1150.318222	3.930173078E-06
183	137.25	1150.291982	3.606069344E-06
184	138	1150.266841	3.295556123E-06
185	138.75	1150.242798	2.998598785E-06
186	139.5	1150.219849	2.715164218E-06
187	140.25	1150.197993	2.445220817E-06
188	141	1150.177226	2.188738486E-06
189	141.75	1150.157546	1.945688629E-06
190	142.5	1150.138952	1.716044152E-06
191	143.25	1150.121441	1.499779455E-06
192	144	1150.105012	1.296870432E-06
193	144.75	1150.089661	1.107294464E-06
194	145.5	1150.075389	9.310304239E-07
195	146.25	1150.062193	7.680586654E-07
196	147	1150.050071	6.183610259E-07
197	147.75	1150.039023	4.819208226E-07
198	148.5	1150.029047	3.587228506E-07
199	149.25	1150.020143	2.487533813E-07
200	150	1150.012308	1.520001603E-07
201	150.75	1150.005543	6.845240661E-08
202	151.5	1149.999846	-1.899189453E-09
203	152.25	1149.995217	-5.906246683E-08
204	153	1149.991656	-1.030437949E-07
205	153.75	1149.989162	-1.338480741E-07
206	154.5	1149.987734	-1.514787367E-07
207	155.25	1149.987373	-1.559377472E-07
208	156	1149.988078	-1.472256024E-07
209	156.75	1149.98985	-1.253413315E-07
210	157.5	1149.992689	-9.028249627E-08
211	158.25	1149.996595	-4.204519029E-08
212	159	1150.001569	1.937596115E-08
213	159.75	1150.007611	9.398780186E-08
214	160.5	1150.014721	1.817986456E-07
215	161.25	1150.022901	2.828182769E-07
216	162	1150.032152	3.970579525E-07
217	162.75	1150.042473	5.245304027E-07
218	163.5	1150.053868	6.652498325E-07
219	164.25	1150.066336	8.192319239E-07
220	165	1150.07988	9.864938374E-07
221	165.75	1150.0945	1.167054214E-06
222	166.5	1150.110199	1.360933178E-06
223	167.25	1150.126977	1.568152340E-06
224	168	1150.144838	1.788734795E-06
225	168.75	1150.163782	2.022705134E-06
226	169.5	1150.183813	2.270089438E-06
227	170.25	1150.204931	2.530915286E-06
228	171	1150.22714	2.805211758E-06
229	171.75	1150.250442	3.093009436E-06
230	172.5	1150.274839	3.394340413E-06
231	173.25	1150.300335	3.709238289E-06
232	174	1150.326931	4.037738183E-06
233	174.75	1150.354631	4.379876733E-06
234	175.5	1150.383438	4.735692099E-06
235	176.25	1150.413356	5.105223973E-06
236	177	1150.444386	5.488513580E-06
237	177.75	1150.476534	5.885603681E-06
238	178.5	1150.509802	6.296538584E-06
239	179.25	1150.544194	6.721364145E-06
240	180	1150.579713	7.160127776E-06
241	180.75	1150.616364	7.612878448E-06
242	181.5	1150.654151	8.079666699E-06
243	182.25	1150.693078	8.560544641E-06
244	183	1150.733149	9.055565965E-06
245	183.75	1150.774369	9.564785945E-06
246	184.5	1150.816742	1.008826145E-05
247	185.25	1150.860272	1.062605095E-05
248	186	1150.904965	1.117821452E-05
249	186.75	1150.950826	1.174481384E-05
250	187.5	1150.997859	1.232591223E-05
251	188.25	1151.046069	1.292157462E-05
252	189	1151.095463	1.353186759E-05
253	189.75	1151.146045	1.415685936E-05
254	190.5	1151.197822	1.479661981E-05
255	191.25	1151.250798	1.545122047E-05
256	192	1151.304979	1.612073454E-05
257	192.75	1151.360373	1.680523693E-05
258	193.5	1151.416983	1.750480420E-05
259	194.25	1151.474818	1.821951463E-05
260	195	1151.533883	1.894944820E-05
261	195.75	1151.594184	1.969468661E-05
262	196.5	1151.65573	2.045531330E-05
263	197.25	1151.718525	2.123141343E-05
264	198	1151.782577	2.202307392E-05
265	198.75	1151.847894	2.283038344E-05
266	199.5	1151.914482	2.365343244E-05
267	200.25	1151.982348	2.449231315E-05
268	201	1152.051501	2.534711958E-05
269	201.75	1152.121948	2.621794758E-05
270	202.5	1152.193696	2.710489477E-05
271	203.25	1152.266754	2.800806062E-05
272	204	1152.341129	2.892754646E-05
273	204.75	1152.41683	2.986345545E-05
274	205.5	1152.493865	3.081589261E-05
275	206.25	1152.572243	3.178496486E-05
276	207	1152.651972	3.277078101E-05
277	207.75	1152.733061	3.377345176E-05
278	208.5	1152.81552	3.479308974E-05
279	209.25	1152.899356	3.582980952E-05
280	210	1152.98458	3.688372762E-05
281	210.75	1153.0712	3.795496250E-05
282	211.5	1153.159227	3.904363462E-05
283	212.25	1153.248671	4.014986642E-05
284	213	1153.33954	4.127378237E-05
285	213.75	1153.431845	4.241550894E-05
286	214.5	1153.525596	4.357517464E-05
287	215.25	1153.620804	4.475291006E-05
288	216	1153.717479	4.594884783E-05
289	216.75	1153.815632	4.716312270E-05
290	217.5	1153.915274	4.839587150E-05
291	218.25	1154.016415	4.964723319E-05
292	219	1154.119067	5.091734889E-05
293	219.75	1154.223242	5.220636186E-05
294	220.5	1154.32895	5.351441753E-05
295	221.25	1154.436203	5.484166354E-05
296	222	1154.545014	5.618824974E-05
297	222.75	1154.655395	5.755432821E-05
298	223.5	1154.767357	5.894005329E-05
299	224.25	1154.880913	6.034558158E-05
300	225	1154.996075	6.177107198E-05
301	225.75	1155.112857	6.321668571E-05
302	226.5	1155.231272	6.468258629E-05
303	227.25	1155.351331	6.616893964E-05
304	228	1155.47305	6.767591402E-05
305	228.75	1155.596441	6.920368010E-05
306	229.5	1155.721517	7.075241097E-05
307	230.25	1155.848294	7.232228215E-05
308	231	1155.976784	7.391347164E-05
309	231.75	1156.107002	7.552615991E-05
310	232.5	1156.238963	7.716052994E-05
311	233.25	1156.372682	7.881676726E-05
312	234	1156.508172	8.049505995E-05
313	234.75	1156.645449	8.219559866E-05
314	235.5	1156.784529	8.391857665E-05
315	236.25	1156.925427	8.566418983E-05
316	237	1157.068158	8.743263674E-05
317	237.75	1157.212738	8.922411863E-05
318	238.5	1157.359184	9.103883943E-05
319	239.25	1157.507512	9.287700583E-05
320	240	1157.657738	9.473882728E-05
321	240.75	1157.809878	9.662451600E-05
322	241.5	1157.963951	9.853428705E-05
323	242.25	1158.119973	1.004683583E-04
324	243	1158.277961	1.024269506E-04
325	243.75	1158.437933	1.044102876E-04
326	244.5	1158.599907	1.064185959E-04
327	245.25	1158.763901	1.084521050E-04
328	246	1158.929933	1.105110476E-04
329	246.75	1159.098021	1.125956592E-04
330	247.5	1159.268185	1.147061786E-04
331	248.25	1159.440444	1.168428474E-04
332	249	1159.614816	1.190059105E-04
333	249.75	1159.791321	1.211956159E-04
334	250.5	1159.969979	1.234122148E-04
335	251.25	1160.150809	1.256559618E-04
336	252	1160.333833	1.279271143E-04
337	252.75	1160.51907	1.302259335E-04
338	253.5	1160.706541	1.325526836E-04
339	254.25	1160.896267	1.349076322E-04
340	255	1161.088269	1.372910505E-04
341	255.75	1161.282569	1.397032129E-04
342	256.5	1161.479189	1.421443973E-04
343	257.25	1161.67815	1.446148853E-04
344	258	1161.879475	1.471149619E-04
345	258.75	1162.083186	1.496449156E-04
346	259.5	1162.289306	1.522050387E-04
347	260.25	1162.497859	1.547956271E-04
348	261	1162.708867	1.574169804E-04
349	261.75	1162.922355	1.600694019E-04
350	262.5	1163.138346	1.627531989E-04
351	263.25	1163.356864	1.654686822E-04
352	264	1163.577935	1.682161668E-04
353	264.75	1163.801582	1.709959714E-04
354	265.5	1164.027832	1.738084187E-04
355	266.25	1164.256708	1.766538355E-04
356	267	1164.488238	1.795325527E-04
357	267.75	1164.722448	1.824449050E-04
358	268.5	1164.959362	1.853912317E-04
359	269.25	1165.199009	1.883718759E-04
360	270	1165.441416	1.913871851E-04
361	270.75	1165.686608	1.944375112E-04
362	271.5	1165.934615	1.975232103E-04
363	272.25	1166.185464	2.006446429E-04
364	273	1166.439184	2.038021741E-04
365	273.75	1166.695802	2.069961733E-04
366	274.5	1166.955348	2.102270145E-04
367	275.25	1167.217852	2.134950765E-04
368	276	1167.483343	2.168007425E-04
369	276.75	1167.75185	2.201444006E-04
370	277.5	1168.023405	2.235264436E-04
371	278.25	1168.298038	2.269472691E-04
372	279	1168.57578	2.304072797E-04
373	279.75	1168.856663	2.339068827E-04
374	280.5	1169.140717	2.374464908E-04
375	281.25	1169.427977	2.410265215E-04
376	282	1169.718473	2.446473974E-04
377	282.75	1170.01224	2.483095464E-04
378	283.5	1170.309309	2.520134017E-04
379	284.25	1170.609716	2.557594017E-04
380	285	1170.913494	2.595479902E-04
381	285.75	1171.220678	2.633796166E-04
382	286.5	1171.531302	2.672547356E-04
383	287.25	1171.845402	2.711738077E-04
384	288	1172.163014	2.751372989E-04
385	288.75	1172.484174	2.791456810E-04
386	289.5	1172.808918	2.831994317E-04
387	290.25	1173.137284	2.872990342E-04
388	291	1173.469308	2.914449782E-04
389	291.75	1173.805029	2.956377589E-04
390	292.5	1174.144485	2.998778779E-04
391	293.25	1174.487714	3.041658430E-04
392	294	1174.834757	3.085021681E-04
393	294.75	1175.185653	3.128873735E-04
394	295.5	1175.540441	3.173219858E-04
395	296.25	1175.899162	3.218065384E-04
396	297	1176.261858	3.263415709E-04
397	297.75	1176.62857	3.309276299E-04
398	298.5	1176.99934	3.355652686E-04
399	299.25	1177.37421	3.402550469E-04
400	300	1177.753224	3.449975319E-04
── 设定点 1150 °C　夹头 450 °C　段 1「HC2」　T设定 1150 °C　节点 401　段长 300 mm　控温点下标 200（x = 150 mm）　电流 1202.3 A　ΔL_A +0.012069　ΔL_B +0.038989
i	X_mm	TMetal_C	epsDiff
0	0	1177.732572	3.447390995E-04
1	0.75	1177.310727	3.394607881E-04
2	1.5	1176.893606	3.342426479E-04
3	2.25	1176.48116	3.290840419E-04
4	3	1176.073343	3.239843412E-04
5	3.75	1175.670108	3.189429248E-04
6	4.5	1175.271407	3.139591796E-04
7	5.25	1174.877196	3.090325001E-04
8	6	1174.48743	3.041622886E-04
9	6.75	1174.102063	2.993479549E-04
10	7.5	1173.721052	2.945889161E-04
11	8.25	1173.344352	2.898845970E-04
12	9	1172.971922	2.852344293E-04
13	9.75	1172.603717	2.806378520E-04
14	10.5	1172.239697	2.760943113E-04
15	11.25	1171.879819	2.716032602E-04
16	12	1171.524042	2.671641587E-04
17	12.75	1171.172327	2.627764736E-04
18	13.5	1170.824632	2.584396785E-04
19	14.25	1170.480918	2.541532534E-04
20	15	1170.141146	2.499166852E-04
21	15.75	1169.805278	2.457294672E-04
22	16.5	1169.473274	2.415910989E-04
23	17.25	1169.145098	2.375010863E-04
24	18	1168.820712	2.334589418E-04
25	18.75	1168.500079	2.294641836E-04
26	19.5	1168.183163	2.255163363E-04
27	20.25	1167.869928	2.216149305E-04
28	21	1167.560338	2.177595026E-04
29	21.75	1167.254358	2.139495952E-04
30	22.5	1166.951954	2.101847563E-04
31	23.25	1166.653091	2.064645400E-04
32	24	1166.357735	2.027885058E-04
33	24.75	1166.065853	1.991562192E-04
34	25.5	1165.777412	1.955672508E-04
35	26.25	1165.49238	1.920211771E-04
36	27	1165.210723	1.885175797E-04
37	27.75	1164.932411	1.850560457E-04
38	28.5	1164.657412	1.816361675E-04
39	29.25	1164.385695	1.782575427E-04
40	30	1164.117229	1.749197741E-04
41	30.75	1163.851984	1.716224698E-04
42	31.5	1163.589929	1.683652425E-04
43	32.25	1163.331037	1.651477105E-04
44	33	1163.075276	1.619694965E-04
45	33.75	1162.822619	1.588302284E-04
46	34.5	1162.573038	1.557295389E-04
47	35.25	1162.326503	1.526670655E-04
48	36	1162.082988	1.496424504E-04
49	36.75	1161.842464	1.466553404E-04
50	37.5	1161.604906	1.437053871E-04
51	38.25	1161.370285	1.407922466E-04
52	39	1161.138577	1.379155794E-04
53	39.75	1160.909754	1.350750507E-04
54	40.5	1160.683792	1.322703301E-04
55	41.25	1160.460664	1.295010914E-04
56	42	1160.240347	1.267670130E-04
57	42.75	1160.022814	1.240677773E-04
58	43.5	1159.808042	1.214030714E-04
59	44.25	1159.596007	1.187725860E-04
60	45	1159.386685	1.161760165E-04
61	45.75	1159.180053	1.136130622E-04
62	46.5	1158.976087	1.110834264E-04
63	47.25	1158.774764	1.085868166E-04
64	48	1158.576063	1.061229441E-04
65	48.75	1158.37996	1.036915244E-04
66	49.5	1158.186435	1.012922768E-04
67	50.25	1157.995465	9.892492433E-05
68	51	1157.807029	9.658919410E-05
69	51.75	1157.621106	9.428481688E-05
70	52.5	1157.437675	9.201152723E-05
71	53.25	1157.256716	8.976906344E-05
72	54	1157.078208	8.755716750E-05
73	54.75	1156.902132	8.537558502E-05
74	55.5	1156.728469	8.322406528E-05
75	56.25	1156.557198	8.110236110E-05
76	57	1156.3883	7.901022887E-05
77	57.75	1156.221758	7.694742851E-05
78	58.5	1156.057551	7.491372339E-05
79	59.25	1155.895663	7.290888037E-05
80	60	1155.736075	7.093266972E-05
81	60.75	1155.578768	6.898486508E-05
82	61.5	1155.423727	6.706524347E-05
83	62.25	1155.270933	6.517358524E-05
84	63	1155.120369	6.330967403E-05
85	63.75	1154.972019	6.147329676E-05
86	64.5	1154.825867	5.966424358E-05
87	65.25	1154.681895	5.788230787E-05
88	66	1154.540088	5.612728617E-05
89	66.75	1154.400431	5.439897820E-05
90	67.5	1154.262907	5.269718682E-05
91	68.25	1154.127502	5.102171796E-05
92	69	1153.9942	4.937238067E-05
93	69.75	1153.862987	4.774898702E-05
94	70.5	1153.733848	4.615135213E-05
95	71.25	1153.606769	4.457929413E-05
96	72	1153.481736	4.303263411E-05
97	72.75	1153.358734	4.151119613E-05
98	73.5	1153.237751	4.001480717E-05
99	74.25	1153.118772	3.854329715E-05
100	75	1153.001785	3.709649884E-05
101	75.75	1152.886776	3.567424791E-05
102	76.5	1152.773734	3.427638285E-05
103	77.25	1152.662645	3.290274499E-05
104	78	1152.553497	3.155317845E-05
105	78.75	1152.446277	3.022753014E-05
106	79.5	1152.340975	2.892564974E-05
107	80.25	1152.237579	2.764738964E-05
108	81	1152.136076	2.639260500E-05
109	81.75	1152.036457	2.516115364E-05
110	82.5	1151.938709	2.395289609E-05
111	83.25	1151.842822	2.276769555E-05
112	84	1151.748785	2.160541786E-05
113	84.75	1151.656589	2.046593149E-05
114	85.5	1151.566222	1.934910753E-05
115	86.25	1151.477675	1.825481968E-05
116	87	1151.390938	1.718294419E-05
117	87.75	1151.306001	1.613335990E-05
118	88.5	1151.222856	1.510594821E-05
119	89.25	1151.141492	1.410059303E-05
120	90	1151.061901	1.311718081E-05
121	90.75	1150.984074	1.215560048E-05
122	91.5	1150.908003	1.121574350E-05
123	92.25	1150.833678	1.029750377E-05
124	93	1150.761093	9.400777665E-06
125	93.75	1150.690238	8.525464024E-06
126	94.5	1150.621107	7.671464108E-06
127	95.25	1150.553691	6.838681608E-06
128	96	1150.487983	6.027022623E-06
129	96.75	1150.423975	5.236395657E-06
130	97.5	1150.361662	4.466711599E-06
131	98.25	1150.301035	3.717883717E-06
132	99	1150.242088	2.989827642E-06
133	99.75	1150.184814	2.282461362E-06
134	100.5	1150.129208	1.595705211E-06
135	101.25	1150.075263	9.294818529E-07
136	102	1150.022974	2.837162803E-07
137	102.75	1149.972334	-3.416642012E-07
138	103.5	1149.923337	-9.467299804E-07
139	104.25	1149.875979	-1.531549149E-06
140	105	1149.830254	-2.096187511E-06
141	105.75	1149.786158	-2.640708590E-06
142	106.5	1149.743685	-3.165173640E-06
143	107.25	1149.70283	-3.669641648E-06
144	108	1149.66359	-4.154169349E-06
145	108.75	1149.625959	-4.618811225E-06
146	109.5	1149.589934	-5.063619519E-06
147	110.25	1149.555511	-5.488644235E-06
148	111	1149.522686	-5.893933152E-06
149	111.75	1149.491455	-6.279531822E-06
150	112.5	1149.461814	-6.645483582E-06
151	113.25	1149.433762	-6.991829558E-06
152	114	1149.407294	-7.318608667E-06
153	114.75	1149.382407	-7.625857625E-06
154	115.5	1149.3591	-7.913610951E-06
155	116.25	1149.337368	-8.181900973E-06
156	117	1149.317211	-8.430757829E-06
157	117.75	1149.298625	-8.660209471E-06
158	118.5	1149.281609	-8.870281673E-06
159	119.25	1149.26616	-9.060998027E-06
160	120	1149.252278	-9.232379953E-06
161	120.75	1149.23996	-9.384446699E-06
162	121.5	1149.229205	-9.517215340E-06
163	122.25	1149.220012	-9.630700787E-06
164	123	1149.21238	-9.724915783E-06
165	123.75	1149.206309	-9.799870907E-06
166	124.5	1149.201796	-9.855574576E-06
167	125.25	1149.198843	-9.892033044E-06
168	126	1149.197448	-9.909250406E-06
169	126.75	1149.197612	-9.907228594E-06
170	127.5	1149.199334	-9.885967382E-06
171	128.25	1149.202615	-9.845464381E-06
172	129	1149.207455	-9.785715045E-06
173	129.75	1149.213855	-9.706712665E-06
174	130.5	1149.221815	-9.608448368E-06
175	131.25	1149.231336	-9.490911122E-06
176	132	1149.242419	-9.354087727E-06
177	132.75	1149.255066	-9.197962819E-06
178	133.5	1149.269277	-9.022518865E-06
179	134.25	1149.285055	-8.827736162E-06
180	135	1149.302401	-8.613592834E-06
181	135.75	1149.321317	-8.380064828E-06
182	136.5	1149.341805	-8.127125915E-06
183	137.25	1149.363867	-7.854747683E-06
184	138	1149.387507	-7.562899533E-06
185	138.75	1149.412725	-7.251548679E-06
186	139.5	1149.439526	-6.920660140E-06
187	140.25	1149.467912	-6.570196737E-06
188	141	1149.497887	-6.200119089E-06
189	141.75	1149.529452	-5.810385607E-06
190	142.5	1149.562613	-5.400952488E-06
191	143.25	1149.597373	-4.971773712E-06
192	144	1149.633735	-4.522801034E-06
193	144.75	1149.671703	-4.053983979E-06
194	145.5	1149.711283	-3.565269835E-06
195	146.25	1149.752477	-3.056603645E-06
196	147	1149.795291	-2.527928204E-06
197	147.75	1149.83973	-1.979184047E-06
198	148.5	1149.885797	-1.410309444E-06
199	149.25	1149.933499	-8.212403945E-07
200	150	1149.98284	-2.119106126E-07
201	150.75	1150.033827	4.177484750E-07
202	151.5	1150.086464	1.067807741E-06
203	152.25	1150.140758	1.738340364E-06
204	153	1150.196713	2.429421843E-06
205	153.75	1150.254338	3.141129999E-06
206	154.5	1150.313637	3.873544994E-06
207	155.25	1150.374618	4.626749332E-06
208	156	1150.437288	5.400827879E-06
209	156.75	1150.501652	6.195867865E-06
210	157.5	1150.567718	7.011958902E-06
211	158.25	1150.635494	7.849192991E-06
212	159	1150.704987	8.707664537E-06
213	159.75	1150.776205	9.587470358E-06
214	160.5	1150.849155	1.048870970E-05
215	161.25	1150.923846	1.141148425E-05
216	162	1151.000286	1.235589814E-05
217	162.75	1151.078483	1.332205799E-05
218	163.5	1151.158445	1.431007287E-05
219	164.25	1151.240183	1.532005436E-05
220	165	1151.323704	1.635211656E-05
221	165.75	1151.409018	1.740637606E-05
222	166.5	1151.496135	1.848295203E-05
223	167.25	1151.585064	1.958196615E-05
224	168	1151.675814	2.070354271E-05
225	168.75	1151.768397	2.184780856E-05
226	169.5	1151.862821	2.301489316E-05
227	170.25	1151.959099	2.420492858E-05
228	171	1152.057239	2.541804954E-05
229	171.75	1152.157254	2.665439341E-05
230	172.5	1152.259153	2.791410022E-05
231	173.25	1152.362949	2.919731270E-05
232	174	1152.468653	3.050417629E-05
233	174.75	1152.576277	3.183483914E-05
234	175.5	1152.685832	3.318945218E-05
235	176.25	1152.797331	3.456816906E-05
236	177	1152.910785	3.597114627E-05
237	177.75	1153.026208	3.739854305E-05
238	178.5	1153.143613	3.885052151E-05
239	179.25	1153.263012	4.032724660E-05
240	180	1153.384419	4.182888613E-05
241	180.75	1153.507846	4.335561080E-05
242	181.5	1153.633308	4.490759425E-05
243	182.25	1153.760819	4.648501304E-05
244	183	1153.890393	4.808804669E-05
245	183.75	1154.022044	4.971687771E-05
246	184.5	1154.155786	5.137169162E-05
247	185.25	1154.291636	5.305267697E-05
248	186	1154.429606	5.476002539E-05
249	186.75	1154.569714	5.649393156E-05
250	187.5	1154.711975	5.825459330E-05
251	188.25	1154.856403	6.004221155E-05
252	189	1155.003016	6.185699044E-05
253	189.75	1155.15183	6.369913725E-05
254	190.5	1155.302861	6.556886251E-05
255	191.25	1155.456126	6.746638000E-05
256	192	1155.611642	6.939190675E-05
257	192.75	1155.769427	7.134566313E-05
258	193.5	1155.929497	7.332787282E-05
259	194.25	1156.091871	7.533876287E-05
260	195	1156.256567	7.737856374E-05
261	195.75	1156.423603	7.944750931E-05
262	196.5	1156.592998	8.154583690E-05
263	197.25	1156.76477	8.367378736E-05
264	198	1156.938939	8.583160503E-05
265	198.75	1157.115524	8.801953784E-05
266	199.5	1157.294545	9.023783728E-05
267	200.25	1157.476022	9.248675848E-05
268	201	1157.659975	9.476656025E-05
269	201.75	1157.846425	9.707750507E-05
270	202.5	1158.035392	9.941985917E-05
271	203.25	1158.226897	1.017938925E-04
272	204	1158.420962	1.041998790E-04
273	204.75	1158.617609	1.066380961E-04
274	205.5	1158.81686	1.091088256E-04
275	206.25	1159.018736	1.116123527E-04
276	207	1159.223261	1.141489669E-04
277	207.75	1159.430456	1.167189617E-04
278	208.5	1159.640347	1.193226345E-04
279	209.25	1159.852955	1.219602869E-04
280	210	1160.068305	1.246322245E-04
281	210.75	1160.286421	1.273387572E-04
282	211.5	1160.507327	1.300801991E-04
283	212.25	1160.731048	1.328568686E-04
284	213	1160.95761	1.356690881E-04
285	213.75	1161.187037	1.385171848E-04
286	214.5	1161.419355	1.414014899E-04
287	215.25	1161.654591	1.443223395E-04
288	216	1161.89277	1.472800736E-04
289	216.75	1162.13392	1.502750373E-04
290	217.5	1162.378068	1.533075800E-04
291	218.25	1162.625241	1.563780558E-04
292	219	1162.875466	1.594868234E-04
293	219.75	1163.128773	1.626342465E-04
294	220.5	1163.38519	1.658206933E-04
295	221.25	1163.644744	1.690465370E-04
296	222	1163.907467	1.723121557E-04
297	222.75	1164.173386	1.756179325E-04
298	223.5	1164.442533	1.789642555E-04
299	224.25	1164.714938	1.823515178E-04
300	225	1164.990631	1.857801176E-04
301	225.75	1165.269643	1.892504584E-04
302	226.5	1165.552006	1.927629491E-04
303	227.25	1165.837753	1.963180035E-04
304	228	1166.126914	1.999160411E-04
305	228.75	1166.419523	2.035574867E-04
306	229.5	1166.715613	2.072427708E-04
307	230.25	1167.015218	2.109723291E-04
308	231	1167.318371	2.147466033E-04
309	231.75	1167.625107	2.185660405E-04
310	232.5	1167.93546	2.224310938E-04
311	233.25	1168.249466	2.263422220E-04
312	234	1168.56716	2.302998898E-04
313	234.75	1168.888579	2.343045679E-04
314	235.5	1169.213758	2.383567332E-04
315	236.25	1169.542736	2.424568684E-04
316	237	1169.875548	2.466054627E-04
317	237.75	1170.212234	2.508030114E-04
318	238.5	1170.552831	2.550500162E-04
319	239.25	1170.897378	2.593469852E-04
320	240	1171.245915	2.636944330E-04
321	240.75	1171.598481	2.680928808E-04
322	241.5	1171.955116	2.725428566E-04
323	242.25	1172.315861	2.770448949E-04
324	243	1172.680757	2.815995371E-04
325	243.75	1173.049847	2.862073318E-04
326	244.5	1173.423171	2.908688342E-04
327	245.25	1173.800773	2.955846069E-04
328	246	1174.182696	3.003552194E-04
329	246.75	1174.568984	3.051812489E-04
330	247.5	1174.959681	3.100632796E-04
331	248.25	1175.354832	3.150019032E-04
332	249	1175.754481	3.199977193E-04
333	249.75	1176.158676	3.250513347E-04
334	250.5	1176.567462	3.301633643E-04
335	251.25	1176.980886	3.353344306E-04
336	252	1177.398997	3.405651644E-04
337	252.75	1177.821841	3.458562043E-04
338	253.5	1178.249468	3.512081971E-04
339	254.25	1178.681927	3.566217980E-04
340	255	1179.119267	3.620976704E-04
341	255.75	1179.56154	3.676364865E-04
342	256.5	1180.008796	3.732389270E-04
343	257.25	1180.461088	3.789056810E-04
344	258	1180.918466	3.846374470E-04
345	258.75	1181.380985	3.904349321E-04
346	259.5	1181.848697	3.962988527E-04
347	260.25	1182.321657	4.022299341E-04
348	261	1182.79992	4.082289114E-04
349	261.75	1183.283541	4.142965287E-04
350	262.5	1183.772577	4.204335401E-04
351	263.25	1184.267083	4.266407092E-04
352	264	1184.767119	4.329188095E-04
353	264.75	1185.272741	4.392686245E-04
354	265.5	1185.784009	4.456909478E-04
355	266.25	1186.300982	4.521865835E-04
356	267	1186.823721	4.587563458E-04
357	267.75	1187.352286	4.654010598E-04
358	268.5	1187.88674	4.721215610E-04
359	269.25	1188.427145	4.789186960E-04
360	270	1188.973563	4.857933224E-04
361	270.75	1189.52606	4.927463088E-04
362	271.5	1190.0847	4.997785354E-04
363	272.25	1190.649548	5.068908938E-04
364	273	1191.22067	5.140842872E-04
365	273.75	1191.798134	5.213596307E-04
366	274.5	1192.382008	5.287178513E-04
367	275.25	1192.972361	5.361598885E-04
368	276	1193.569261	5.436866939E-04
369	276.75	1194.17278	5.512992316E-04
370	277.5	1194.782988	5.589984785E-04
371	278.25	1195.399958	5.667854246E-04
372	279	1196.023762	5.746610728E-04
373	279.75	1196.654475	5.826264393E-04
374	280.5	1197.29217	5.906825538E-04
375	281.25	1197.936925	5.988304599E-04
376	282	1198.588815	6.070712148E-04
377	282.75	1199.247917	6.154058901E-04
378	283.5	1199.91431	6.238355715E-04
379	284.25	1200.588074	6.323613594E-04
380	285	1201.269289	6.409843688E-04
381	285.75	1201.958035	6.497057299E-04
382	286.5	1202.654395	6.585265880E-04
383	287.25	1203.358453	6.674481039E-04
384	288	1204.070292	6.764714540E-04
385	288.75	1204.789999	6.855978307E-04
386	289.5	1205.517658	6.948284427E-04
387	290.25	1206.253358	7.041645149E-04
388	291	1206.997186	7.136072891E-04
389	291.75	1207.749233	7.231580239E-04
390	292.5	1208.509589	7.328179953E-04
391	293.25	1209.278345	7.425884966E-04
392	294	1210.055595	7.524708390E-04
393	294.75	1210.841431	7.624663517E-04
394	295.5	1211.63595	7.725763823E-04
395	296.25	1212.439248	7.828022969E-04
396	297	1213.251421	7.931454809E-04
397	297.75	1214.072569	8.036073384E-04
398	298.5	1214.902791	8.141892936E-04
399	299.25	1215.742188	8.248927902E-04
400	300	1216.590863	8.357192922E-04
