R48 L 路 升温管段伸长探针　场转储（每段 X/TMetal 原样）　开跑 2026-09-16 20:42:11　2026-09-16 Opus 5
── 设定点 300 °C　夹头 100 °C　段 0「HC1」　T设定 300 °C　节点 401　段长 300 mm　控温点下标 200（x = 150 mm）　电流 531.8 A　ΔL_A +0.018688　ΔL_B -0.010229
i	X_mm	TMetal_C	epsDiff
0	0	335.136853	3.447662750E-04
1	0.75	334.754985	3.410029077E-04
2	1.5	334.376835	3.372765228E-04
3	2.25	334.002364	3.335867277E-04
4	3	333.631532	3.299331343E-04
5	3.75	333.264302	3.263153585E-04
6	4.5	332.900636	3.227330210E-04
7	5.25	332.540497	3.191857464E-04
8	6	332.183849	3.156731636E-04
9	6.75	331.830655	3.121949058E-04
10	7.5	331.480878	3.087506101E-04
11	8.25	331.134485	3.053399176E-04
12	9	330.791438	3.019624736E-04
13	9.75	330.451705	2.986179272E-04
14	10.5	330.115249	2.953059314E-04
15	11.25	329.782037	2.920261431E-04
16	12	329.452036	2.887782229E-04
17	12.75	329.125212	2.855618351E-04
18	13.5	328.801532	2.823766480E-04
19	14.25	328.480963	2.792223331E-04
20	15	328.163474	2.760985659E-04
21	15.75	327.849032	2.730050251E-04
22	16.5	327.537605	2.699413932E-04
23	17.25	327.229163	2.669073560E-04
24	18	326.923675	2.639026028E-04
25	18.75	326.621109	2.609268261E-04
26	19.5	326.321436	2.579797221E-04
27	20.25	326.024626	2.550609899E-04
28	21	325.730649	2.521703322E-04
29	21.75	325.439476	2.493074545E-04
30	22.5	325.151078	2.464720659E-04
31	23.25	324.865426	2.436638783E-04
32	24	324.582491	2.408826070E-04
33	24.75	324.302246	2.381279700E-04
34	25.5	324.024663	2.353996887E-04
35	26.25	323.749714	2.326974871E-04
36	27	323.477373	2.300210925E-04
37	27.75	323.207611	2.273702347E-04
38	28.5	322.940403	2.247446468E-04
39	29.25	322.675722	2.221440645E-04
40	30	322.413542	2.195682263E-04
41	30.75	322.153837	2.170168735E-04
42	31.5	321.896582	2.144897502E-04
43	32.25	321.641751	2.119866030E-04
44	33	321.389319	2.095071815E-04
45	33.75	321.139261	2.070512375E-04
46	34.5	320.891553	2.046185258E-04
47	35.25	320.646171	2.022088035E-04
48	36	320.40309	1.998218304E-04
49	36.75	320.162287	1.974573687E-04
50	37.5	319.923738	1.951151832E-04
51	38.25	319.68742	1.927950410E-04
52	39	319.45331	1.904967116E-04
53	39.75	319.221385	1.882199672E-04
54	40.5	318.991622	1.859645819E-04
55	41.25	318.763999	1.837303325E-04
56	42	318.538494	1.815169979E-04
57	42.75	318.315084	1.793243593E-04
58	43.5	318.093749	1.771522003E-04
59	44.25	317.874466	1.750003065E-04
60	45	317.657215	1.728684659E-04
61	45.75	317.441974	1.707564684E-04
62	46.5	317.228723	1.686641063E-04
63	47.25	317.01744	1.665911740E-04
64	48	316.808106	1.645374677E-04
65	48.75	316.6007	1.625027861E-04
66	49.5	316.395202	1.604869295E-04
67	50.25	316.191593	1.584897006E-04
68	51	315.989852	1.565109038E-04
69	51.75	315.78996	1.545503457E-04
70	52.5	315.591898	1.526078346E-04
71	53.25	315.395647	1.506831810E-04
72	54	315.201188	1.487761970E-04
73	54.75	315.008502	1.468866968E-04
74	55.5	314.817571	1.450144964E-04
75	56.25	314.628377	1.431594135E-04
76	57	314.440901	1.413212679E-04
77	57.75	314.255125	1.394998809E-04
78	58.5	314.071032	1.376950757E-04
79	59.25	313.888604	1.359066772E-04
80	60	313.707823	1.341345121E-04
81	60.75	313.528673	1.323784087E-04
82	61.5	313.351135	1.306381970E-04
83	62.25	313.175194	1.289137088E-04
84	63	313.000832	1.272047774E-04
85	63.75	312.828033	1.255112378E-04
86	64.5	312.65678	1.238329265E-04
87	65.25	312.487057	1.221696818E-04
88	66	312.318848	1.205213432E-04
89	66.75	312.152136	1.188877523E-04
90	67.5	311.986907	1.172687517E-04
91	68.25	311.823143	1.156641857E-04
92	69	311.660831	1.140739003E-04
93	69.75	311.499953	1.124977426E-04
94	70.5	311.340496	1.109355616E-04
95	71.25	311.182443	1.093872073E-04
96	72	311.02578	1.078525314E-04
97	72.75	310.870493	1.063313870E-04
98	73.5	310.716566	1.048236284E-04
99	74.25	310.563984	1.033291115E-04
100	75	310.412734	1.018476935E-04
101	75.75	310.262801	1.003792328E-04
102	76.5	310.114171	9.892358941E-05
103	77.25	309.96683	9.748062433E-05
104	78	309.820764	9.605020006E-05
105	78.75	309.675959	9.463218033E-05
106	79.5	309.532402	9.322643013E-05
107	80.25	309.390079	9.183281571E-05
108	81	309.248977	9.045120455E-05
109	81.75	309.109081	8.908146535E-05
110	82.5	308.97038	8.772346802E-05
111	83.25	308.832861	8.637708367E-05
112	84	308.696509	8.504218456E-05
113	84.75	308.561313	8.371864416E-05
114	85.5	308.42726	8.240633703E-05
115	86.25	308.294337	8.110513893E-05
116	87	308.162532	7.981492670E-05
117	87.75	308.031832	7.853557829E-05
118	88.5	307.902225	7.726697278E-05
119	89.25	307.773699	7.600899029E-05
120	90	307.646243	7.476151204E-05
121	90.75	307.519843	7.352442030E-05
122	91.5	307.394488	7.229759837E-05
123	92.25	307.270167	7.108093060E-05
124	93	307.146868	6.987430235E-05
125	93.75	307.024579	6.867759999E-05
126	94.5	306.90329	6.749071088E-05
127	95.25	306.782987	6.631352337E-05
128	96	306.663662	6.514592676E-05
129	96.75	306.545301	6.398781135E-05
130	97.5	306.427895	6.283906835E-05
131	98.25	306.311432	6.169958990E-05
132	99	306.195902	6.056926911E-05
133	99.75	306.081293	5.944799996E-05
134	100.5	305.967596	5.833567734E-05
135	101.25	305.854799	5.723219704E-05
136	102	305.742892	5.613745572E-05
137	102.75	305.631864	5.505135092E-05
138	103.5	305.521706	5.397378103E-05
139	104.25	305.412407	5.290464529E-05
140	105	305.303957	5.184384376E-05
141	105.75	305.196346	5.079127735E-05
142	106.5	305.089564	4.974684777E-05
143	107.25	304.983601	4.871045755E-05
144	108	304.878447	4.768201000E-05
145	108.75	304.774092	4.666140922E-05
146	109.5	304.670527	4.564856008E-05
147	110.25	304.567743	4.464336823E-05
148	111	304.465729	4.364574007E-05
149	111.75	304.364476	4.265558273E-05
150	112.5	304.263975	4.167280410E-05
151	113.25	304.164217	4.069731278E-05
152	114	304.065192	3.972901810E-05
153	114.75	303.966892	3.876783008E-05
154	115.5	303.869306	3.781365946E-05
155	116.25	303.772427	3.686641765E-05
156	117	303.676245	3.592601676E-05
157	117.75	303.580751	3.499236956E-05
158	118.5	303.485937	3.406538948E-05
159	119.25	303.391794	3.314499062E-05
160	120	303.298313	3.223108770E-05
161	120.75	303.205485	3.132359610E-05
162	121.5	303.113303	3.042243181E-05
163	122.25	303.021757	2.952751146E-05
164	123	302.930839	2.863875227E-05
165	123.75	302.84054	2.775607208E-05
166	124.5	302.750853	2.687938931E-05
167	125.25	302.66177	2.600862297E-05
168	126	302.573281	2.514369267E-05
169	126.75	302.485379	2.428451856E-05
170	127.5	302.398056	2.343102135E-05
171	128.25	302.311304	2.258312234E-05
172	129	302.225115	2.174074334E-05
173	129.75	302.13948	2.090380672E-05
174	130.5	302.054393	2.007223537E-05
175	131.25	301.969845	1.924595271E-05
176	132	301.885828	1.842488267E-05
177	132.75	301.802335	1.760894968E-05
178	133.5	301.719359	1.679807870E-05
179	134.25	301.636891	1.599219515E-05
180	135	301.554924	1.519122495E-05
181	135.75	301.47345	1.439509450E-05
182	136.5	301.392463	1.360373067E-05
183	137.25	301.311954	1.281706080E-05
184	138	301.231916	1.203501266E-05
185	138.75	301.152343	1.125751451E-05
186	139.5	301.073226	1.048449502E-05
187	140.25	300.994559	9.715883314E-06
188	141	300.916334	8.951608933E-06
189	141.75	300.838544	8.191601849E-06
190	142.5	300.761183	7.435792445E-06
191	143.25	300.684242	6.684111512E-06
192	144	300.607715	5.936490245E-06
193	144.75	300.531595	5.192860232E-06
194	145.5	300.455876	4.453153449E-06
195	146.25	300.380549	3.717302255E-06
196	147	300.305609	2.985239383E-06
197	147.75	300.231049	2.256897935E-06
198	148.5	300.156861	1.532211376E-06
199	149.25	300.083039	8.111135258E-07
200	150	300.009576	9.353855343E-08
201	150.75	299.936466	-6.205790285E-07
202	151.5	299.863702	-1.331304371E-06
203	152.25	299.791277	-2.038702293E-06
204	153	299.719184	-2.742837292E-06
205	153.75	299.647418	-3.443773545E-06
206	154.5	299.575972	-4.141574918E-06
207	155.25	299.504838	-4.836304971E-06
208	156	299.434012	-5.528026964E-06
209	156.75	299.363485	-6.216803862E-06
210	157.5	299.293252	-6.902698345E-06
211	158.25	299.223307	-7.585772809E-06
212	159	299.153643	-8.266089373E-06
213	159.75	299.084254	-8.943709890E-06
214	160.5	299.015133	-9.618695944E-06
215	161.25	298.946275	-1.029110886E-05
216	162	298.877672	-1.096100972E-05
217	162.75	298.809319	-1.162845935E-05
218	163.5	298.74121	-1.229351834E-05
219	164.25	298.673338	-1.295624703E-05
220	165	298.605698	-1.361670555E-05
221	165.75	298.538283	-1.427495381E-05
222	166.5	298.471087	-1.493105146E-05
223	167.25	298.404103	-1.558505800E-05
224	168	298.337327	-1.623703266E-05
225	168.75	298.270752	-1.688703452E-05
226	169.5	298.204371	-1.753512242E-05
227	170.25	298.138179	-1.818135505E-05
228	171	298.072171	-1.882579089E-05
229	171.75	298.006339	-1.946848824E-05
230	172.5	297.940678	-2.010950523E-05
231	173.25	297.875182	-2.074889982E-05
232	174	297.809845	-2.138672982E-05
233	174.75	297.744662	-2.202305286E-05
234	175.5	297.679626	-2.265792642E-05
235	176.25	297.614731	-2.329140785E-05
236	177	297.549972	-2.392355435E-05
237	177.75	297.485343	-2.455442297E-05
238	178.5	297.420838	-2.518407063E-05
239	179.25	297.356451	-2.581255415E-05
240	180	297.292176	-2.643993020E-05
241	180.75	297.228008	-2.706625534E-05
242	181.5	297.163941	-2.769158602E-05
243	182.25	297.099969	-2.831597859E-05
244	183	297.036086	-2.893948930E-05
245	183.75	296.972286	-2.956217429E-05
246	184.5	296.908565	-3.018408963E-05
247	185.25	296.844915	-3.080529128E-05
248	186	296.781332	-3.142583515E-05
249	186.75	296.717809	-3.204577704E-05
250	187.5	296.654341	-3.266517272E-05
251	188.25	296.590923	-3.328407785E-05
252	189	296.527548	-3.390254807E-05
253	189.75	296.464211	-3.452063894E-05
254	190.5	296.400905	-3.513840598E-05
255	191.25	296.337627	-3.575590466E-05
256	192	296.274369	-3.637319042E-05
257	192.75	296.211126	-3.699031866E-05
258	193.5	296.147892	-3.760734474E-05
259	194.25	296.084663	-3.822432401E-05
260	195	296.021431	-3.884131178E-05
261	195.75	295.958192	-3.945836338E-05
262	196.5	295.894939	-4.007553409E-05
263	197.25	295.831668	-4.069287921E-05
264	198	295.768372	-4.131045404E-05
265	198.75	295.705046	-4.192831386E-05
266	199.5	295.641683	-4.254651400E-05
267	200.25	295.578279	-4.316510976E-05
268	201	295.514828	-4.378415649E-05
269	201.75	295.451324	-4.440370956E-05
270	202.5	295.387761	-4.502382436E-05
271	203.25	295.324134	-4.564455633E-05
272	204	295.260437	-4.626596092E-05
273	204.75	295.196664	-4.688809365E-05
274	205.5	295.13281	-4.751101009E-05
275	206.25	295.068868	-4.813476585E-05
276	207	295.004834	-4.875941660E-05
277	207.75	294.940701	-4.938501808E-05
278	208.5	294.876464	-5.001162610E-05
279	209.25	294.812117	-5.063929654E-05
280	210	294.747654	-5.126808536E-05
281	210.75	294.68307	-5.189804859E-05
282	211.5	294.618358	-5.252924238E-05
283	212.25	294.553514	-5.316172293E-05
284	213	294.48853	-5.379554658E-05
285	213.75	294.423402	-5.443076974E-05
286	214.5	294.358123	-5.506744895E-05
287	215.25	294.292689	-5.570564085E-05
288	216	294.227092	-5.634540221E-05
289	216.75	294.161327	-5.698678991E-05
290	217.5	294.095389	-5.762986095E-05
291	218.25	294.02927	-5.827467250E-05
292	219	293.962967	-5.892128183E-05
293	219.75	293.896472	-5.956974636E-05
294	220.5	293.829779	-6.022012366E-05
295	221.25	293.762884	-6.087247147E-05
296	222	293.695779	-6.152684765E-05
297	222.75	293.628459	-6.218331027E-05
298	223.5	293.560918	-6.284191752E-05
299	224.25	293.49315	-6.350272778E-05
300	225	293.425148	-6.416579963E-05
301	225.75	293.356908	-6.483119180E-05
302	226.5	293.288422	-6.549896322E-05
303	227.25	293.219684	-6.616917301E-05
304	228	293.15069	-6.684188050E-05
305	228.75	293.081432	-6.751714520E-05
306	229.5	293.011904	-6.819502684E-05
307	230.25	292.9421	-6.887558537E-05
308	231	292.872014	-6.955888094E-05
309	231.75	292.80164	-7.024497393E-05
310	232.5	292.730972	-7.093392496E-05
311	233.25	292.660002	-7.162579486E-05
312	234	292.588726	-7.232064471E-05
313	234.75	292.517136	-7.301853584E-05
314	235.5	292.445227	-7.371952982E-05
315	236.25	292.372992	-7.442368847E-05
316	237	292.300424	-7.513107388E-05
317	237.75	292.227517	-7.584174839E-05
318	238.5	292.154266	-7.655577461E-05
319	239.25	292.080662	-7.727321544E-05
320	240	292.0067	-7.799413405E-05
321	240.75	291.932373	-7.871859389E-05
322	241.5	291.857676	-7.944665870E-05
323	242.25	291.7826	-8.017839253E-05
324	243	291.707139	-8.091385971E-05
325	243.75	291.631287	-8.165312488E-05
326	244.5	291.555038	-8.239625301E-05
327	245.25	291.478384	-8.314330937E-05
328	246	291.401318	-8.389435955E-05
329	246.75	291.323834	-8.464946948E-05
330	247.5	291.245925	-8.540870541E-05
331	248.25	291.167585	-8.617213393E-05
332	249	291.088805	-8.693982198E-05
333	249.75	291.00958	-8.771183685E-05
334	250.5	290.929903	-8.848824617E-05
335	251.25	290.849765	-8.926911795E-05
336	252	290.769161	-9.005452055E-05
337	252.75	290.688083	-9.084452272E-05
338	253.5	290.606524	-9.163919356E-05
339	254.25	290.524477	-9.243860257E-05
340	255	290.441935	-9.324281963E-05
341	255.75	290.35889	-9.405191502E-05
342	256.5	290.275336	-9.486595943E-05
343	257.25	290.191264	-9.568502392E-05
344	258	290.106668	-9.650918000E-05
345	258.75	290.021539	-9.733849957E-05
346	259.5	289.935872	-9.817305496E-05
347	260.25	289.849657	-9.901291893E-05
348	261	289.762888	-9.985816467E-05
349	261.75	289.675557	-1.007088658E-04
350	262.5	289.587656	-1.015650964E-04
351	263.25	289.499178	-1.024269311E-04
352	264	289.410115	-1.032944447E-04
353	264.75	289.320458	-1.041677128E-04
354	265.5	289.230201	-1.050468112E-04
355	266.25	289.139335	-1.059318164E-04
356	267	289.047853	-1.068228052E-04
357	267.75	288.955746	-1.077198549E-04
358	268.5	288.863007	-1.086230435E-04
359	269.25	288.769626	-1.095324493E-04
360	270	288.675597	-1.104481512E-04
361	270.75	288.580911	-1.113702284E-04
362	271.5	288.48556	-1.122987609E-04
363	272.25	288.389535	-1.132338292E-04
364	273	288.292827	-1.141755140E-04
365	273.75	288.19543	-1.151238970E-04
366	274.5	288.097333	-1.160790601E-04
367	275.25	287.99853	-1.170410859E-04
368	276	287.89901	-1.180100575E-04
369	276.75	287.798765	-1.189860587E-04
370	277.5	287.697787	-1.199691735E-04
371	278.25	287.596067	-1.209594869E-04
372	279	287.493596	-1.219570843E-04
373	279.75	287.390365	-1.229620517E-04
374	280.5	287.286365	-1.239744756E-04
375	281.25	287.181588	-1.249944432E-04
376	282	287.076023	-1.260220424E-04
377	282.75	286.969662	-1.270573615E-04
378	283.5	286.862496	-1.281004895E-04
379	284.25	286.754515	-1.291515161E-04
380	285	286.645711	-1.302105316E-04
381	285.75	286.536073	-1.312776269E-04
382	286.5	286.425592	-1.323528936E-04
383	287.25	286.314259	-1.334364239E-04
384	288	286.202063	-1.345283106E-04
385	288.75	286.088997	-1.356286474E-04
386	289.5	285.975048	-1.367375284E-04
387	290.25	285.860208	-1.378550486E-04
388	291	285.744467	-1.389813036E-04
389	291.75	285.627815	-1.401163895E-04
390	292.5	285.510242	-1.412604035E-04
391	293.25	285.391737	-1.424134432E-04
392	294	285.272291	-1.435756071E-04
393	294.75	285.151892	-1.447469942E-04
394	295.5	285.030532	-1.459277044E-04
395	296.25	284.908199	-1.471178384E-04
396	297	284.784882	-1.483174975E-04
397	297.75	284.660572	-1.495267837E-04
398	298.5	284.535257	-1.507458000E-04
399	299.25	284.408928	-1.519746500E-04
400	300	284.281572	-1.532134380E-04
── 设定点 300 °C　夹头 100 °C　段 1「HC2」　T设定 300 °C　节点 401　段长 300 mm　控温点下标 200（x = 150 mm）　电流 525.8 A　ΔL_A -0.012121　ΔL_B +0.033256
i	X_mm	TMetal_C	epsDiff
0	0	284.261077	-1.534127872E-04
1	0.75	284.348293	-1.525644455E-04
2	1.5	284.434992	-1.517211130E-04
3	2.25	284.521182	-1.508827172E-04
4	3	284.60687	-1.500491857E-04
5	3.75	284.692063	-1.492204466E-04
6	4.5	284.776769	-1.483964282E-04
7	5.25	284.860994	-1.475770594E-04
8	6	284.944748	-1.467622695E-04
9	6.75	285.028036	-1.459519879E-04
10	7.5	285.110866	-1.451461446E-04
11	8.25	285.193245	-1.443446698E-04
12	9	285.27518	-1.435474943E-04
13	9.75	285.356679	-1.427545489E-04
14	10.5	285.437748	-1.419657650E-04
15	11.25	285.518395	-1.411810743E-04
16	12	285.598626	-1.404004087E-04
17	12.75	285.678449	-1.396237006E-04
18	13.5	285.75787	-1.388508825E-04
19	14.25	285.836897	-1.380818874E-04
20	15	285.915536	-1.373166485E-04
21	15.75	285.993795	-1.365550994E-04
22	16.5	286.071679	-1.357971740E-04
23	17.25	286.149196	-1.350428063E-04
24	18	286.226353	-1.342919307E-04
25	18.75	286.303156	-1.335444821E-04
26	19.5	286.379611	-1.328003953E-04
27	20.25	286.455727	-1.320596055E-04
28	21	286.531509	-1.313220484E-04
29	21.75	286.606963	-1.305876596E-04
30	22.5	286.682098	-1.298563753E-04
31	23.25	286.756918	-1.291281315E-04
32	24	286.831431	-1.284028649E-04
33	24.75	286.905643	-1.276805122E-04
34	25.5	286.979561	-1.269610104E-04
35	26.25	287.05319	-1.262442967E-04
36	27	287.126539	-1.255303085E-04
37	27.75	287.199612	-1.248189834E-04
38	28.5	287.272417	-1.241102594E-04
39	29.25	287.344959	-1.234040745E-04
40	30	287.417246	-1.227003669E-04
41	30.75	287.489283	-1.219990751E-04
42	31.5	287.561077	-1.213001378E-04
43	32.25	287.632633	-1.206034938E-04
44	33	287.703959	-1.199090821E-04
45	33.75	287.775061	-1.192168420E-04
46	34.5	287.845945	-1.185267127E-04
47	35.25	287.916616	-1.178386338E-04
48	36	287.987082	-1.171525450E-04
49	36.75	288.057348	-1.164683862E-04
50	37.5	288.127421	-1.157860972E-04
51	38.25	288.197307	-1.151056184E-04
52	39	288.267012	-1.144268899E-04
53	39.75	288.336541	-1.137498522E-04
54	40.5	288.405902	-1.130744457E-04
55	41.25	288.4751	-1.124006113E-04
56	42	288.544142	-1.117282896E-04
57	42.75	288.613033	-1.110574215E-04
58	43.5	288.681779	-1.103879481E-04
59	44.25	288.750387	-1.097198105E-04
60	45	288.818863	-1.090529499E-04
61	45.75	288.887212	-1.083873076E-04
62	46.5	288.955441	-1.077228249E-04
63	47.25	289.023556	-1.070594435E-04
64	48	289.091562	-1.063971047E-04
65	48.75	289.159466	-1.057357503E-04
66	49.5	289.227274	-1.050753220E-04
67	50.25	289.294991	-1.044157614E-04
68	51	289.362624	-1.037570106E-04
69	51.75	289.430179	-1.030990112E-04
70	52.5	289.497661	-1.024417052E-04
71	53.25	289.565077	-1.017850347E-04
72	54	289.632432	-1.011289416E-04
73	54.75	289.699733	-1.004733679E-04
74	55.5	289.766985	-9.981825570E-05
75	56.25	289.834195	-9.916354712E-05
76	57	289.901367	-9.850918424E-05
77	57.75	289.968509	-9.785510919E-05
78	58.5	290.035626	-9.720126409E-05
79	59.25	290.102725	-9.654759107E-05
80	60	290.16981	-9.589403226E-05
81	60.75	290.236889	-9.524052978E-05
82	61.5	290.303966	-9.458702573E-05
83	62.25	290.371048	-9.393346221E-05
84	63	290.438141	-9.327978128E-05
85	63.75	290.505251	-9.262592498E-05
86	64.5	290.572384	-9.197183532E-05
87	65.25	290.639545	-9.131745425E-05
88	66	290.706741	-9.066272370E-05
89	66.75	290.773978	-9.000758556E-05
90	67.5	290.841261	-8.935198163E-05
91	68.25	290.908597	-8.869585368E-05
92	69	290.975991	-8.803914340E-05
93	69.75	291.04345	-8.738179242E-05
94	70.5	291.110979	-8.672374230E-05
95	71.25	291.178585	-8.606493450E-05
96	72	291.246274	-8.540531041E-05
97	72.75	291.314051	-8.474481133E-05
98	73.5	291.381922	-8.408337846E-05
99	74.25	291.449895	-8.342095289E-05
100	75	291.517974	-8.275747562E-05
101	75.75	291.586165	-8.209288753E-05
102	76.5	291.654476	-8.142712938E-05
103	77.25	291.722911	-8.076014181E-05
104	78	291.791477	-8.009186534E-05
105	78.75	291.860181	-7.942224033E-05
106	79.5	291.929027	-7.875120704E-05
107	80.25	291.998024	-7.807870556E-05
108	81	292.067175	-7.740467583E-05
109	81.75	292.136488	-7.672905764E-05
110	82.5	292.205969	-7.605179063E-05
111	83.25	292.275625	-7.537281425E-05
112	84	292.34546	-7.469206780E-05
113	84.75	292.415482	-7.400949039E-05
114	85.5	292.485697	-7.332502096E-05
115	86.25	292.556111	-7.263859824E-05
116	87	292.62673	-7.195016079E-05
117	87.75	292.69756	-7.125964694E-05
118	88.5	292.768609	-7.056699485E-05
119	89.25	292.839882	-6.987214245E-05
120	90	292.911386	-6.917502744E-05
121	90.75	292.983127	-6.847558732E-05
122	91.5	293.055112	-6.777375935E-05
123	92.25	293.127346	-6.706948057E-05
124	93	293.199837	-6.636268774E-05
125	93.75	293.272591	-6.565331743E-05
126	94.5	293.345614	-6.494130590E-05
127	95.25	293.418914	-6.422658921E-05
128	96	293.492496	-6.350910310E-05
129	96.75	293.566367	-6.278878308E-05
130	97.5	293.640534	-6.206556437E-05
131	98.25	293.715003	-6.133938190E-05
132	99	293.789782	-6.061017033E-05
133	99.75	293.864876	-5.987786400E-05
134	100.5	293.940293	-5.914239697E-05
135	101.25	294.01604	-5.840370300E-05
136	102	294.092122	-5.766171550E-05
137	102.75	294.168548	-5.691636759E-05
138	103.5	294.245323	-5.616759207E-05
139	104.25	294.322456	-5.541532139E-05
140	105	294.399952	-5.465948766E-05
141	105.75	294.477818	-5.390002265E-05
142	106.5	294.556063	-5.313685780E-05
143	107.25	294.634692	-5.236992415E-05
144	108	294.713713	-5.159915240E-05
145	108.75	294.793133	-5.082447289E-05
146	109.5	294.872959	-5.004581555E-05
147	110.25	294.953199	-4.926310995E-05
148	111	295.033859	-4.847628527E-05
149	111.75	295.114946	-4.768527027E-05
150	112.5	295.196469	-4.688999333E-05
151	113.25	295.278435	-4.609038239E-05
152	114	295.36085	-4.528636500E-05
153	114.75	295.443723	-4.447786826E-05
154	115.5	295.52706	-4.366481886E-05
155	116.25	295.61087	-4.284714303E-05
156	117	295.69516	-4.202476656E-05
157	117.75	295.779937	-4.119761478E-05
158	118.5	295.865209	-4.036561257E-05
159	119.25	295.950985	-3.952868433E-05
160	120	296.037271	-3.868675400E-05
161	120.75	296.124076	-3.783974501E-05
162	121.5	296.211407	-3.698758031E-05
163	122.25	296.299272	-3.613018237E-05
164	123	296.387679	-3.526747312E-05
165	123.75	296.476637	-3.439937401E-05
166	124.5	296.566153	-3.352580593E-05
167	125.25	296.656235	-3.264668927E-05
168	126	296.746893	-3.176194387E-05
169	126.75	296.838132	-3.087148904E-05
170	127.5	296.929963	-2.997524351E-05
171	128.25	297.022394	-2.907312546E-05
172	129	297.115432	-2.816505252E-05
173	129.75	297.209087	-2.725094171E-05
174	130.5	297.303366	-2.633070948E-05
175	131.25	297.398279	-2.540427168E-05
176	132	297.493834	-2.447154357E-05
177	132.75	297.590039	-2.353243979E-05
178	133.5	297.686905	-2.258687435E-05
179	134.25	297.784438	-2.163476065E-05
180	135	297.882648	-2.067601144E-05
181	135.75	297.981545	-1.971053883E-05
182	136.5	298.081137	-1.873825428E-05
183	137.25	298.181433	-1.775906856E-05
184	138	298.282443	-1.677289180E-05
185	138.75	298.384175	-1.577963343E-05
186	139.5	298.486639	-1.477920219E-05
187	140.25	298.589844	-1.377150613E-05
188	141	298.6938	-1.275645258E-05
189	141.75	298.798516	-1.173394816E-05
190	142.5	298.904002	-1.070389875E-05
191	143.25	299.010267	-9.666209493E-06
192	144	299.117322	-8.620784794E-06
193	144.75	299.225175	-7.567528292E-06
194	145.5	299.333838	-6.506342861E-06
195	146.25	299.443319	-5.437130598E-06
196	147	299.553629	-4.359792809E-06
197	147.75	299.664777	-3.274230005E-06
198	148.5	299.776775	-2.180341888E-06
199	149.25	299.889633	-1.078027342E-06
200	150	300.00336	3.281558070E-08
201	150.75	300.117967	1.152289664E-06
202	151.5	300.233465	2.280498545E-06
203	152.25	300.349864	3.417546721E-06
204	153	300.467176	4.563539560E-06
205	153.75	300.58541	5.718583315E-06
206	154.5	300.704578	6.882785134E-06
207	155.25	300.824691	8.056253068E-06
208	156	300.945759	9.239096087E-06
209	156.75	301.067794	1.043142409E-05
210	157.5	301.190808	1.163334791E-05
211	158.25	301.314811	1.284497934E-05
212	159	301.439815	1.406643113E-05
213	159.75	301.565832	1.529781701E-05
214	160.5	301.692872	1.653925169E-05
215	161.25	301.820949	1.779085090E-05
216	162	301.950073	1.905273136E-05
217	162.75	302.080257	2.032501082E-05
218	163.5	302.211513	2.160780806E-05
219	164.25	302.343853	2.290124295E-05
220	165	302.477288	2.420543636E-05
221	165.75	302.611833	2.552051028E-05
222	166.5	302.747498	2.684658779E-05
223	167.25	302.884296	2.818379304E-05
224	168	303.022241	2.953225133E-05
225	168.75	303.161345	3.089208907E-05
226	169.5	303.301621	3.226343382E-05
227	170.25	303.443082	3.364641430E-05
228	171	303.585742	3.504116038E-05
229	171.75	303.729612	3.644780315E-05
230	172.5	303.874708	3.786647487E-05
231	173.25	304.021042	3.929730903E-05
232	174	304.168627	4.074044034E-05
233	174.75	304.317479	4.219600477E-05
234	175.5	304.46761	4.366413953E-05
235	176.25	304.619035	4.514498312E-05
236	177	304.771767	4.663867531E-05
237	177.75	304.925822	4.814535719E-05
238	178.5	305.081213	4.966517116E-05
239	179.25	305.237955	5.119826098E-05
240	180	305.396063	5.274477174E-05
241	180.75	305.555551	5.430484989E-05
242	181.5	305.716435	5.587864330E-05
243	182.25	305.878729	5.746630121E-05
244	183	306.042449	5.906797430E-05
245	183.75	306.20761	6.068381468E-05
246	184.5	306.374227	6.231397590E-05
247	185.25	306.542317	6.395861299E-05
248	186	306.711895	6.561788249E-05
249	186.75	306.882977	6.729194241E-05
250	187.5	307.055579	6.898095230E-05
251	188.25	307.229717	7.068507327E-05
252	189	307.405408	7.240446795E-05
253	189.75	307.582669	7.413930060E-05
254	190.5	307.761515	7.588973704E-05
255	191.25	307.941965	7.765594472E-05
256	192	308.124034	7.943809274E-05
257	192.75	308.307741	8.123635184E-05
258	193.5	308.493103	8.305089445E-05
259	194.25	308.680136	8.488189468E-05
260	195	308.86886	8.672952838E-05
261	195.75	309.059291	8.859397312E-05
262	196.5	309.251448	9.047540824E-05
263	197.25	309.44535	9.237401487E-05
264	198	309.641014	9.428997591E-05
265	198.75	309.838458	9.622347611E-05
266	199.5	310.037703	9.817470207E-05
267	200.25	310.238767	1.001438422E-04
268	201	310.441669	1.021310869E-04
269	201.75	310.646428	1.041366285E-04
270	202.5	310.853064	1.061606610E-04
271	203.25	311.061596	1.082033807E-04
272	204	311.272046	1.102649858E-04
273	204.75	311.484431	1.123456763E-04
274	205.5	311.698774	1.144456544E-04
275	206.25	311.915095	1.165651244E-04
276	207	312.133413	1.187042926E-04
277	207.75	312.353751	1.208633674E-04
278	208.5	312.576129	1.230425594E-04
279	209.25	312.800569	1.252420812E-04
280	210	313.027092	1.274621479E-04
281	210.75	313.25572	1.297029764E-04
282	211.5	313.486476	1.319647862E-04
283	212.25	313.71938	1.342477989E-04
284	213	313.954456	1.365522383E-04
285	213.75	314.191727	1.388783307E-04
286	214.5	314.431215	1.412263046E-04
287	215.25	314.672944	1.435963911E-04
288	216	314.916937	1.459888235E-04
289	216.75	315.163217	1.484038376E-04
290	217.5	315.411808	1.508416716E-04
291	218.25	315.662735	1.533025663E-04
292	219	315.916022	1.557867650E-04
293	219.75	316.171694	1.582945136E-04
294	220.5	316.429774	1.608260605E-04
295	221.25	316.69029	1.633816567E-04
296	222	316.953265	1.659615560E-04
297	222.75	317.218725	1.685660148E-04
298	223.5	317.486697	1.711952922E-04
299	224.25	317.757207	1.738496501E-04
300	225	318.030281	1.765293531E-04
301	225.75	318.305945	1.792346689E-04
302	226.5	318.584228	1.819658676E-04
303	227.25	318.865155	1.847232227E-04
304	228	319.148755	1.875070101E-04
305	228.75	319.435056	1.903175092E-04
306	229.5	319.724085	1.931550021E-04
307	230.25	320.015872	1.960197740E-04
308	231	320.310444	1.989121130E-04
309	231.75	320.607831	2.018323108E-04
310	232.5	320.908063	2.047806617E-04
311	233.25	321.211169	2.077574637E-04
312	234	321.517178	2.107630176E-04
313	234.75	321.826122	2.137976278E-04
314	235.5	322.138031	2.168616019E-04
315	236.25	322.452936	2.199552508E-04
316	237	322.770868	2.230788889E-04
317	237.75	323.091859	2.262328340E-04
318	238.5	323.415941	2.294174076E-04
319	239.25	323.743146	2.326329344E-04
320	240	324.073507	2.358797429E-04
321	240.75	324.407056	2.391581652E-04
322	241.5	324.743828	2.424685370E-04
323	242.25	325.083855	2.458111978E-04
324	243	325.427173	2.491864910E-04
325	243.75	325.773815	2.525947635E-04
326	244.5	326.123816	2.560363664E-04
327	245.25	326.477212	2.595116546E-04
328	246	326.834038	2.630209868E-04
329	246.75	327.19433	2.665647260E-04
330	247.5	327.558124	2.701432391E-04
331	248.25	327.925458	2.737568972E-04
332	249	328.296368	2.774060756E-04
333	249.75	328.670892	2.810911539E-04
334	250.5	329.049068	2.848125157E-04
335	251.25	329.430935	2.885705494E-04
336	252	329.816531	2.923656475E-04
337	252.75	330.205895	2.961982070E-04
338	253.5	330.599068	3.000686295E-04
339	254.25	330.99609	3.039773212E-04
340	255	331.397	3.079246928E-04
341	255.75	331.801841	3.119111600E-04
342	256.5	332.210653	3.159371431E-04
343	257.25	332.623479	3.200030670E-04
344	258	333.040361	3.241093620E-04
345	258.75	333.461342	3.282564631E-04
346	259.5	333.886465	3.324448102E-04
347	260.25	334.315775	3.366748485E-04
348	261	334.749315	3.409470285E-04
349	261.75	335.187131	3.452618055E-04
350	262.5	335.629268	3.496196406E-04
351	263.25	336.075772	3.540210000E-04
352	264	336.526689	3.584663555E-04
353	264.75	336.982067	3.629561844E-04
354	265.5	337.441952	3.674909694E-04
355	266.25	337.906393	3.720711993E-04
356	267	338.375439	3.766973683E-04
357	267.75	338.849138	3.813699767E-04
358	268.5	339.327541	3.860895306E-04
359	269.25	339.810697	3.908565421E-04
360	270	340.298658	3.956715294E-04
361	270.75	340.791475	4.005350170E-04
362	271.5	341.289199	4.054475356E-04
363	272.25	341.791884	4.104096222E-04
364	273	342.299584	4.154218202E-04
365	273.75	342.81235	4.204846797E-04
366	274.5	343.33024	4.255987572E-04
367	275.25	343.853306	4.307646163E-04
368	276	344.381606	4.359828270E-04
369	276.75	344.915195	4.412539664E-04
370	277.5	345.454132	4.465786186E-04
371	278.25	345.998472	4.519573749E-04
372	279	346.548276	4.573908336E-04
373	279.75	347.103602	4.628796005E-04
374	280.5	347.66451	4.684242888E-04
375	281.25	348.231061	4.740255191E-04
376	282	348.803315	4.796839198E-04
377	282.75	349.381336	4.854001269E-04
378	283.5	349.965185	4.911747844E-04
379	284.25	350.554926	4.970085442E-04
380	285	351.150623	5.029020662E-04
381	285.75	351.752342	5.088560189E-04
382	286.5	352.360149	5.148710786E-04
383	287.25	352.974109	5.209479303E-04
384	288	353.59429	5.270872678E-04
385	288.75	354.220761	5.332897932E-04
386	289.5	354.85359	5.395562177E-04
387	290.25	355.492848	5.458872614E-04
388	291	356.138605	5.522836536E-04
389	291.75	356.790933	5.587461325E-04
390	292.5	357.449905	5.652754462E-04
391	293.25	358.115593	5.718723518E-04
392	294	358.788071	5.785376164E-04
393	294.75	359.467417	5.852720169E-04
394	295.5	360.153704	5.920763399E-04
395	296.25	360.847011	5.989513824E-04
396	297	361.547415	6.058979514E-04
397	297.75	362.254995	6.129168647E-04
398	298.5	362.969832	6.200089502E-04
399	299.25	363.692006	6.271750469E-04
400	300	364.421599	6.344160047E-04
── 设定点 450 °C　夹头 100 °C　段 0「HC1」　T设定 450 °C　节点 401　段长 300 mm　控温点下标 200（x = 150 mm）　电流 668.7 A　ΔL_A +0.027153　ΔL_B -0.011225
i	X_mm	TMetal_C	epsDiff
0	0	501.70671	5.259466415E-04
1	0.75	501.101716	5.197601039E-04
2	1.5	500.503172	5.136402896E-04
3	2.25	499.911006	5.075864243E-04
4	3	499.325145	5.015977439E-04
5	3.75	498.745518	4.956734936E-04
6	4.5	498.172053	4.898129284E-04
7	5.25	497.604682	4.840153126E-04
8	6	497.043334	4.782799200E-04
9	6.75	496.487942	4.726060331E-04
10	7.5	495.938439	4.669929439E-04
11	8.25	495.394759	4.614399530E-04
12	9	494.856834	4.559463697E-04
13	9.75	494.324602	4.505115120E-04
14	10.5	493.797996	4.451347065E-04
15	11.25	493.276955	4.398152881E-04
16	12	492.761416	4.345525999E-04
17	12.75	492.251316	4.293459931E-04
18	13.5	491.746595	4.241948270E-04
19	14.25	491.247192	4.190984689E-04
20	15	490.753049	4.140562936E-04
21	15.75	490.264105	4.090676838E-04
22	16.5	489.780302	4.041320298E-04
23	17.25	489.301584	3.992487292E-04
24	18	488.827893	3.944171870E-04
25	18.75	488.359173	3.896368157E-04
26	19.5	487.895369	3.849070345E-04
27	20.25	487.436426	3.802272700E-04
28	21	486.982289	3.755969556E-04
29	21.75	486.532906	3.710155316E-04
30	22.5	486.088222	3.664824452E-04
31	23.25	485.648187	3.619971499E-04
32	24	485.212747	3.575591062E-04
33	24.75	484.781853	3.531677808E-04
34	25.5	484.355453	3.488226468E-04
35	26.25	483.933498	3.445231838E-04
36	27	483.515938	3.402688775E-04
37	27.75	483.102725	3.360592196E-04
38	28.5	482.693811	3.318937081E-04
39	29.25	482.289147	3.277718468E-04
40	30	481.888687	3.236931454E-04
41	30.75	481.492384	3.196571195E-04
42	31.5	481.100192	3.156632903E-04
43	32.25	480.712066	3.117111848E-04
44	33	480.327961	3.078003354E-04
45	33.75	479.947833	3.039302801E-04
46	34.5	479.571637	3.001005622E-04
47	35.25	479.199329	2.963107307E-04
48	36	478.830869	2.925603394E-04
49	36.75	478.466211	2.888489476E-04
50	37.5	478.105316	2.851761197E-04
51	38.25	477.748141	2.815414251E-04
52	39	477.394645	2.779444383E-04
53	39.75	477.044788	2.743847387E-04
54	40.5	476.69853	2.708619104E-04
55	41.25	476.355831	2.673755427E-04
56	42	476.016651	2.639252291E-04
57	42.75	475.680953	2.605105683E-04
58	43.5	475.348698	2.571311633E-04
59	44.25	475.019848	2.537866217E-04
60	45	474.694365	2.504765558E-04
61	45.75	474.372213	2.472005820E-04
62	46.5	474.053355	2.439583214E-04
63	47.25	473.737755	2.407493992E-04
64	48	473.425377	2.375734450E-04
65	48.75	473.116185	2.344300925E-04
66	49.5	472.810144	2.313189797E-04
67	50.25	472.507221	2.282397485E-04
68	51	472.20738	2.251920451E-04
69	51.75	471.910589	2.221755194E-04
70	52.5	471.616812	2.191898256E-04
71	53.25	471.326018	2.162346215E-04
72	54	471.038173	2.133095688E-04
73	54.75	470.753246	2.104143330E-04
74	55.5	470.471203	2.075485835E-04
75	56.25	470.192014	2.047119933E-04
76	57	469.915647	2.019042389E-04
77	57.75	469.642071	1.991250005E-04
78	58.5	469.371256	1.963739621E-04
79	59.25	469.103171	1.936508108E-04
80	60	468.837785	1.909552374E-04
81	60.75	468.575071	1.882869360E-04
82	61.5	468.314997	1.856456044E-04
83	62.25	468.057535	1.830309433E-04
84	63	467.802657	1.804426570E-04
85	63.75	467.550334	1.778804528E-04
86	64.5	467.300538	1.753440415E-04
87	65.25	467.053241	1.728331369E-04
88	66	466.808415	1.703474558E-04
89	66.75	466.566034	1.678867184E-04
90	67.5	466.326071	1.654506478E-04
91	68.25	466.088498	1.630389700E-04
92	69	465.85329	1.606514141E-04
93	69.75	465.62042	1.582877121E-04
94	70.5	465.389864	1.559475990E-04
95	71.25	465.161594	1.536308126E-04
96	72	464.935586	1.513370933E-04
97	72.75	464.711816	1.490661847E-04
98	73.5	464.490258	1.468178329E-04
99	74.25	464.270887	1.445917867E-04
100	75	464.053681	1.423877978E-04
101	75.75	463.838614	1.402056204E-04
102	76.5	463.625663	1.380450112E-04
103	77.25	463.414805	1.359057298E-04
104	78	463.206016	1.337875381E-04
105	78.75	462.999274	1.316902006E-04
106	79.5	462.794556	1.296134844E-04
107	80.25	462.591839	1.275571589E-04
108	81	462.391102	1.255209960E-04
109	81.75	462.192321	1.235047701E-04
110	82.5	461.995476	1.215082577E-04
111	83.25	461.800545	1.195312379E-04
112	84	461.607506	1.175734921E-04
113	84.75	461.416338	1.156348039E-04
114	85.5	461.227021	1.137149590E-04
115	86.25	461.039534	1.118137457E-04
116	87	460.853857	1.099309542E-04
117	87.75	460.669968	1.080663771E-04
118	88.5	460.487848	1.062198088E-04
119	89.25	460.307478	1.043910461E-04
120	90	460.128837	1.025798879E-04
121	90.75	459.951907	1.007861351E-04
122	91.5	459.776667	9.900959060E-05
123	92.25	459.603099	9.725005934E-05
124	93	459.431184	9.550734827E-05
125	93.75	459.260903	9.378126630E-05
126	94.5	459.092238	9.207162428E-05
127	95.25	458.92517	9.037823498E-05
128	96	458.759682	8.870091305E-05
129	96.75	458.595756	8.703947504E-05
130	97.5	458.433373	8.539373932E-05
131	98.25	458.272516	8.376352609E-05
132	99	458.113168	8.214865735E-05
133	99.75	457.955311	8.054895689E-05
134	100.5	457.798929	7.896425024E-05
135	101.25	457.644004	7.739436467E-05
136	102	457.49052	7.583912919E-05
137	102.75	457.33846	7.429837445E-05
138	103.5	457.187808	7.277193281E-05
139	104.25	457.038547	7.125963828E-05
140	105	456.890662	6.976132647E-05
141	105.75	456.744136	6.827683462E-05
142	106.5	456.598954	6.680600156E-05
143	107.25	456.4551	6.534866769E-05
144	108	456.312559	6.390467493E-05
145	108.75	456.171315	6.247386677E-05
146	109.5	456.031353	6.105608819E-05
147	110.25	455.892658	5.965118566E-05
148	111	455.755215	5.825900713E-05
149	111.75	455.619009	5.687940200E-05
150	112.5	455.484026	5.551222109E-05
151	113.25	455.350252	5.415731668E-05
152	114	455.217671	5.281454239E-05
153	114.75	455.08627	5.148375328E-05
154	115.5	454.956035	5.016480573E-05
155	116.25	454.826951	4.885755750E-05
156	117	454.699006	4.756186764E-05
157	117.75	454.572184	4.627759656E-05
158	118.5	454.446473	4.500460593E-05
159	119.25	454.321859	4.374275871E-05
160	120	454.198329	4.249191912E-05
161	120.75	454.07587	4.125195264E-05
162	121.5	453.954468	4.002272596E-05
163	122.25	453.83411	3.880410699E-05
164	123	453.714785	3.759596486E-05
165	123.75	453.596478	3.639816984E-05
166	124.5	453.479178	3.521059342E-05
167	125.25	453.362871	3.403310819E-05
168	126	453.247546	3.286558792E-05
169	126.75	453.13319	3.170790748E-05
170	127.5	453.019792	3.055994285E-05
171	128.25	452.907338	2.942157110E-05
172	129	452.795817	2.829267039E-05
173	129.75	452.685217	2.717311994E-05
174	130.5	452.575526	2.606280000E-05
175	131.25	452.466733	2.496159190E-05
176	132	452.358827	2.386937795E-05
177	132.75	452.251794	2.278604148E-05
178	133.5	452.145625	2.171146682E-05
179	134.25	452.040308	2.064553928E-05
180	135	451.935832	1.958814514E-05
181	135.75	451.832186	1.853917163E-05
182	136.5	451.729358	1.749850692E-05
183	137.25	451.627338	1.646604011E-05
184	138	451.526115	1.544166122E-05
185	138.75	451.425679	1.442526117E-05
186	139.5	451.326018	1.341673178E-05
187	140.25	451.227122	1.241596571E-05
188	141	451.12898	1.142285654E-05
189	141.75	451.031583	1.043729867E-05
190	142.5	450.93492	9.459187343E-06
191	143.25	450.83898	8.488418640E-06
192	144	450.743754	7.524889455E-06
193	144.75	450.649232	6.568497489E-06
194	145.5	450.555403	5.619141235E-06
195	146.25	450.462257	4.676719969E-06
196	147	450.369786	3.741133739E-06
197	147.75	450.277978	2.812283351E-06
198	148.5	450.186824	1.890070359E-06
199	149.25	450.096315	9.743970559E-07
200	150	450.006442	6.516645828E-08
201	150.75	449.917193	-8.377177013E-07
202	151.5	449.828561	-1.734350986E-06
203	152.25	449.740536	-2.624828267E-06
204	153	449.653109	-3.509243731E-06
205	153.75	449.56627	-4.387690894E-06
206	154.5	449.48001	-5.260262610E-06
207	155.25	449.39432	-6.127051083E-06
208	156	449.309191	-6.988147874E-06
209	156.75	449.224615	-7.843643916E-06
210	157.5	449.140582	-8.693629521E-06
211	158.25	449.057083	-9.538194391E-06
212	159	448.97411	-1.037742763E-05
213	159.75	448.891654	-1.121141774E-05
214	160.5	448.809706	-1.204025266E-05
215	161.25	448.728258	-1.286401975E-05
216	162	448.6473	-1.368280581E-05
217	162.75	448.566826	-1.449669708E-05
218	163.5	448.486825	-1.530577928E-05
219	164.25	448.407291	-1.611013757E-05
220	165	448.328213	-1.690985661E-05
221	165.75	448.249585	-1.770502054E-05
222	166.5	448.171398	-1.849571300E-05
223	167.25	448.093643	-1.928201711E-05
224	168	448.016313	-2.006401554E-05
225	168.75	447.939399	-2.084179046E-05
226	169.5	447.862893	-2.161542358E-05
227	170.25	447.786788	-2.238499615E-05
228	171	447.711075	-2.315058897E-05
229	171.75	447.635747	-2.391228241E-05
230	172.5	447.560795	-2.467015639E-05
231	173.25	447.486212	-2.542429041E-05
232	174	447.411989	-2.617476357E-05
233	174.75	447.33812	-2.692165454E-05
234	175.5	447.264596	-2.766504162E-05
235	176.25	447.19141	-2.840500271E-05
236	177	447.118554	-2.914161531E-05
237	177.75	447.04602	-2.987495658E-05
238	178.5	446.973802	-3.060510329E-05
239	179.25	446.90189	-3.133213187E-05
240	180	446.830278	-3.205611840E-05
241	180.75	446.758959	-3.277713863E-05
242	181.5	446.687925	-3.349526794E-05
243	182.25	446.617167	-3.421058145E-05
244	183	446.546681	-3.492315390E-05
245	183.75	446.476456	-3.563305978E-05
246	184.5	446.406487	-3.634037325E-05
247	185.25	446.336767	-3.704516818E-05
248	186	446.267287	-3.774751817E-05
249	186.75	446.19804	-3.844749653E-05
250	187.5	446.12902	-3.914517633E-05
251	188.25	446.06022	-3.984063035E-05
252	189	445.991631	-4.053393113E-05
253	189.75	445.923247	-4.122515098E-05
254	190.5	445.855061	-4.191436195E-05
255	191.25	445.787065	-4.260163588E-05
256	192	445.719253	-4.328704440E-05
257	192.75	445.651618	-4.397065888E-05
258	193.5	445.584152	-4.465255055E-05
259	194.25	445.516849	-4.533279038E-05
260	195	445.449701	-4.601144920E-05
261	195.75	445.382701	-4.668859763E-05
262	196.5	445.315843	-4.736430611E-05
263	197.25	445.24912	-4.803864494E-05
264	198	445.182524	-4.871168423E-05
265	198.75	445.116049	-4.938349395E-05
266	199.5	445.049688	-5.005414394E-05
267	200.25	444.983433	-5.072370387E-05
268	201	444.917279	-5.139224330E-05
269	201.75	444.851218	-5.205983166E-05
270	202.5	444.785243	-5.272653828E-05
271	203.25	444.719348	-5.339243235E-05
272	204	444.653525	-5.405758298E-05
273	204.75	444.587768	-5.472205918E-05
274	205.5	444.52207	-5.538592988E-05
275	206.25	444.456425	-5.604926391E-05
276	207	444.390824	-5.671213005E-05
277	207.75	444.325263	-5.737459701E-05
278	208.5	444.259733	-5.803673343E-05
279	209.25	444.194228	-5.869860790E-05
280	210	444.128741	-5.936028897E-05
281	210.75	444.063266	-6.002184517E-05
282	211.5	443.997795	-6.068334496E-05
283	212.25	443.932323	-6.134485682E-05
284	213	443.866841	-6.200644918E-05
285	213.75	443.801344	-6.266819048E-05
286	214.5	443.735824	-6.333014916E-05
287	215.25	443.670276	-6.399239366E-05
288	216	443.604691	-6.465499242E-05
289	216.75	443.539063	-6.531801391E-05
290	217.5	443.473386	-6.598152665E-05
291	218.25	443.407652	-6.664559914E-05
292	219	443.341856	-6.731029998E-05
293	219.75	443.275989	-6.797569778E-05
294	220.5	443.210046	-6.864186120E-05
295	221.25	443.144019	-6.930885899E-05
296	222	443.077902	-6.997675996E-05
297	222.75	443.011688	-7.064563297E-05
298	223.5	442.94537	-7.131554700E-05
299	224.25	442.878941	-7.198657109E-05
300	225	442.812394	-7.265877440E-05
301	225.75	442.745723	-7.333222619E-05
302	226.5	442.67892	-7.400699580E-05
303	227.25	442.611979	-7.468315273E-05
304	228	442.544893	-7.536076658E-05
305	228.75	442.477654	-7.603990710E-05
306	229.5	442.410257	-7.672064416E-05
307	230.25	442.342693	-7.740304778E-05
308	231	442.274957	-7.808718814E-05
309	231.75	442.207041	-7.877313559E-05
310	232.5	442.138938	-7.946096062E-05
311	233.25	442.070641	-8.015073392E-05
312	234	442.002143	-8.084252635E-05
313	234.75	441.933437	-8.153640896E-05
314	235.5	441.864516	-8.223245299E-05
315	236.25	441.795373	-8.293072990E-05
316	237	441.726001	-8.363131134E-05
317	237.75	441.656392	-8.433426920E-05
318	238.5	441.58654	-8.503967556E-05
319	239.25	441.516437	-8.574760278E-05
320	240	441.446077	-8.645812340E-05
321	240.75	441.375451	-8.717131027E-05
322	241.5	441.304553	-8.788723645E-05
323	242.25	441.233375	-8.860597526E-05
324	243	441.16191	-8.932760031E-05
325	243.75	441.090151	-9.005218549E-05
326	244.5	441.018091	-9.077980493E-05
327	245.25	440.945721	-9.151053310E-05
328	246	440.873035	-9.224444474E-05
329	246.75	440.800026	-9.298161489E-05
330	247.5	440.726685	-9.372211893E-05
331	248.25	440.653005	-9.446603252E-05
332	249	440.578978	-9.521343169E-05
333	249.75	440.504598	-9.596439277E-05
334	250.5	440.429856	-9.671899244E-05
335	251.25	440.354745	-9.747730775E-05
336	252	440.279257	-9.823941608E-05
337	252.75	440.203384	-9.900539518E-05
338	253.5	440.127119	-9.977532320E-05
339	254.25	440.050454	-1.005492786E-04
340	255	439.97338	-1.013273404E-04
341	255.75	439.895891	-1.021095877E-04
342	256.5	439.817978	-1.028961003E-04
343	257.25	439.739633	-1.036869583E-04
344	258	439.660849	-1.044822422E-04
345	258.75	439.581616	-1.052820330E-04
346	259.5	439.501928	-1.060864120E-04
347	260.25	439.421776	-1.068954611E-04
348	261	439.341151	-1.077092625E-04
349	261.75	439.260046	-1.085278990E-04
350	262.5	439.178452	-1.093514537E-04
351	263.25	439.096362	-1.101800104E-04
352	264	439.013766	-1.110136531E-04
353	264.75	438.930656	-1.118524666E-04
354	265.5	438.847024	-1.126965359E-04
355	266.25	438.762861	-1.135459467E-04
356	267	438.678159	-1.144007852E-04
357	267.75	438.592909	-1.152611379E-04
358	268.5	438.507102	-1.161270923E-04
359	269.25	438.42073	-1.169987359E-04
360	270	438.333784	-1.178761571E-04
361	270.75	438.246255	-1.187594447E-04
362	271.5	438.158134	-1.196486882E-04
363	272.25	438.069412	-1.205439775E-04
364	273	437.98008	-1.214454032E-04
365	273.75	437.89013	-1.223530565E-04
366	274.5	437.799551	-1.232670290E-04
367	275.25	437.708335	-1.241874133E-04
368	276	437.616473	-1.251143022E-04
369	276.75	437.523955	-1.260477893E-04
370	277.5	437.430772	-1.269879689E-04
371	278.25	437.336914	-1.279349358E-04
372	279	437.242372	-1.288887856E-04
373	279.75	437.147137	-1.298496145E-04
374	280.5	437.051198	-1.308175192E-04
375	281.25	436.954546	-1.317925974E-04
376	282	436.857172	-1.327749472E-04
377	282.75	436.759064	-1.337646676E-04
378	283.5	436.660214	-1.347618580E-04
379	284.25	436.560612	-1.357666190E-04
380	285	436.460247	-1.367790515E-04
381	285.75	436.359109	-1.377992573E-04
382	286.5	436.257188	-1.388273389E-04
383	287.25	436.154474	-1.398633996E-04
384	288	436.050956	-1.409075435E-04
385	288.75	435.946624	-1.419598752E-04
386	289.5	435.841467	-1.430205004E-04
387	290.25	435.735475	-1.440895255E-04
388	291	435.628638	-1.451670577E-04
389	291.75	435.520943	-1.462532048E-04
390	292.5	435.412382	-1.473480757E-04
391	293.25	435.302941	-1.484517800E-04
392	294	435.192611	-1.495644282E-04
393	294.75	435.081381	-1.506861315E-04
394	295.5	434.969239	-1.518170021E-04
395	296.25	434.856174	-1.529571531E-04
396	297	434.742174	-1.541066983E-04
397	297.75	434.627229	-1.552657526E-04
398	298.5	434.511326	-1.564344315E-04
399	299.25	434.394454	-1.576128518E-04
400	300	434.276602	-1.588011309E-04
── 设定点 450 °C　夹头 100 °C　段 1「HC2」　T设定 450 °C　节点 401　段长 300 mm　控温点下标 200（x = 150 mm）　电流 663.2 A　ΔL_A -0.013559　ΔL_B +0.046255
i	X_mm	TMetal_C	epsDiff
0	0	434.251964	-1.590495465E-04
1	0.75	434.321611	-1.583473212E-04
2	1.5	434.390909	-1.576485954E-04
3	2.25	434.459867	-1.569532984E-04
4	3	434.528491	-1.562613602E-04
5	3.75	434.596787	-1.555727108E-04
6	4.5	434.664763	-1.548872806E-04
7	5.25	434.732426	-1.542050003E-04
8	6	434.799782	-1.535258011E-04
9	6.75	434.866838	-1.528496142E-04
10	7.5	434.933602	-1.521763713E-04
11	8.25	435.000079	-1.515060042E-04
12	9	435.066277	-1.508384452E-04
13	9.75	435.132202	-1.501736266E-04
14	10.5	435.197862	-1.495114811E-04
15	11.25	435.263262	-1.488519417E-04
16	12	435.328409	-1.481949417E-04
17	12.75	435.39331	-1.475404143E-04
18	13.5	435.457972	-1.468882934E-04
19	14.25	435.5224	-1.462385128E-04
20	15	435.586602	-1.455910066E-04
21	15.75	435.650585	-1.449457091E-04
22	16.5	435.714354	-1.443025549E-04
23	17.25	435.777916	-1.436614788E-04
24	18	435.841277	-1.430224156E-04
25	18.75	435.904445	-1.423853005E-04
26	19.5	435.967425	-1.417500689E-04
27	20.25	436.030224	-1.411166561E-04
28	21	436.092848	-1.404849979E-04
29	21.75	436.155303	-1.398550300E-04
30	22.5	436.217597	-1.392266884E-04
31	23.25	436.279735	-1.385999093E-04
32	24	436.341723	-1.379746289E-04
33	24.75	436.403568	-1.373507836E-04
34	25.5	436.465277	-1.367283099E-04
35	26.25	436.526855	-1.361071446E-04
36	27	436.588309	-1.354872243E-04
37	27.75	436.649644	-1.348684860E-04
38	28.5	436.710868	-1.342508666E-04
39	29.25	436.771987	-1.336343032E-04
40	30	436.833006	-1.330187331E-04
41	30.75	436.893932	-1.324040935E-04
42	31.5	436.954772	-1.317903218E-04
43	32.25	437.015531	-1.311773553E-04
44	33	437.076215	-1.305651316E-04
45	33.75	437.136831	-1.299535881E-04
46	34.5	437.197385	-1.293426627E-04
47	35.25	437.257884	-1.287322928E-04
48	36	437.318332	-1.281224161E-04
49	36.75	437.378737	-1.275129705E-04
50	37.5	437.439105	-1.269038937E-04
51	38.25	437.499442	-1.262951234E-04
52	39	437.559753	-1.256865974E-04
53	39.75	437.620046	-1.250782537E-04
54	40.5	437.680326	-1.244700300E-04
55	41.25	437.740599	-1.238618640E-04
56	42	437.800873	-1.232536937E-04
57	42.75	437.861152	-1.226454568E-04
58	43.5	437.921443	-1.220370911E-04
59	44.25	437.981752	-1.214285343E-04
60	45	438.042085	-1.208197242E-04
61	45.75	438.102449	-1.202105984E-04
62	46.5	438.16285	-1.196010945E-04
63	47.25	438.223294	-1.189911501E-04
64	48	438.283786	-1.183807027E-04
65	48.75	438.344334	-1.177696898E-04
66	49.5	438.404943	-1.171580487E-04
67	50.25	438.46562	-1.165457167E-04
68	51	438.526371	-1.159326311E-04
69	51.75	438.587202	-1.153187288E-04
70	52.5	438.64812	-1.147039471E-04
71	53.25	438.709129	-1.140882227E-04
72	54	438.770238	-1.134714925E-04
73	54.75	438.831452	-1.128536932E-04
74	55.5	438.892778	-1.122347613E-04
75	56.25	438.954221	-1.116146332E-04
76	57	439.015788	-1.109932452E-04
77	57.75	439.077485	-1.103705335E-04
78	58.5	439.139319	-1.097464341E-04
79	59.25	439.201296	-1.091208827E-04
80	60	439.263423	-1.084938152E-04
81	60.75	439.325705	-1.078651669E-04
82	61.5	439.38815	-1.072348732E-04
83	62.25	439.450763	-1.066028692E-04
84	63	439.513551	-1.059690899E-04
85	63.75	439.576521	-1.053334700E-04
86	64.5	439.639678	-1.046959441E-04
87	65.25	439.70303	-1.040564465E-04
88	66	439.766583	-1.034149113E-04
89	66.75	439.830344	-1.027712724E-04
90	67.5	439.894318	-1.021254634E-04
91	68.25	439.958514	-1.014774177E-04
92	69	440.022936	-1.008270686E-04
93	69.75	440.087593	-1.001743489E-04
94	70.5	440.15249	-9.951919124E-05
95	71.25	440.217635	-9.886152806E-05
96	72	440.283033	-9.820129144E-05
97	72.75	440.348692	-9.753841320E-05
98	73.5	440.414619	-9.687282489E-05
99	74.25	440.48082	-9.620445772E-05
100	75	440.547302	-9.553324264E-05
101	75.75	440.614072	-9.485911027E-05
102	76.5	440.681137	-9.418199090E-05
103	77.25	440.748504	-9.350181451E-05
104	78	440.81618	-9.281851074E-05
105	78.75	440.884171	-9.213200889E-05
106	79.5	440.952485	-9.144223790E-05
107	80.25	441.021129	-9.074912636E-05
108	81	441.09011	-9.005260252E-05
109	81.75	441.159435	-8.935259421E-05
110	82.5	441.229111	-8.864902891E-05
111	83.25	441.299146	-8.794183372E-05
112	84	441.369546	-8.723093533E-05
113	84.75	441.440319	-8.651626001E-05
114	85.5	441.511473	-8.579773365E-05
115	86.25	441.583014	-8.507528171E-05
116	87	441.65495	-8.434882921E-05
117	87.75	441.727289	-8.361830075E-05
118	88.5	441.800038	-8.288362048E-05
119	89.25	441.873204	-8.214471210E-05
120	90	441.946795	-8.140149884E-05
121	90.75	442.020819	-8.065390347E-05
122	91.5	442.095284	-7.990184829E-05
123	92.25	442.170197	-7.914525510E-05
124	93	442.245565	-7.838404521E-05
125	93.75	442.321397	-7.761813943E-05
126	94.5	442.397701	-7.684745806E-05
127	95.25	442.474485	-7.607192088E-05
128	96	442.551755	-7.529144713E-05
129	96.75	442.629522	-7.450595553E-05
130	97.5	442.707792	-7.371536425E-05
131	98.25	442.786573	-7.291959088E-05
132	99	442.865875	-7.211855248E-05
133	99.75	442.945704	-7.131216551E-05
134	100.5	443.026071	-7.050034587E-05
135	101.25	443.106981	-6.968300884E-05
136	102	443.188446	-6.886006912E-05
137	102.75	443.270471	-6.803144080E-05
138	103.5	443.353067	-6.719703733E-05
139	104.25	443.436242	-6.635677155E-05
140	105	443.520005	-6.551055564E-05
141	105.75	443.604363	-6.465830115E-05
142	106.5	443.689327	-6.379991896E-05
143	107.25	443.774904	-6.293531928E-05
144	108	443.861104	-6.206441165E-05
145	108.75	443.947936	-6.118710492E-05
146	109.5	444.035409	-6.030330721E-05
147	110.25	444.123532	-5.941292597E-05
148	111	444.212314	-5.851586791E-05
149	111.75	444.301764	-5.761203902E-05
150	112.5	444.391892	-5.670134453E-05
151	113.25	444.482707	-5.578368894E-05
152	114	444.574219	-5.485897596E-05
153	114.75	444.666437	-5.392710856E-05
154	115.5	444.759371	-5.298798890E-05
155	116.25	444.85303	-5.204151834E-05
156	117	444.947425	-5.108759747E-05
157	117.75	445.042565	-5.012612602E-05
158	118.5	445.13846	-4.915700291E-05
159	119.25	445.235121	-4.818012622E-05
160	120	445.332556	-4.719539317E-05
161	120.75	445.430778	-4.620270012E-05
162	121.5	445.529795	-4.520194255E-05
163	122.25	445.629618	-4.419301507E-05
164	123	445.730259	-4.317581135E-05
165	123.75	445.831726	-4.215022420E-05
166	124.5	445.934031	-4.111614545E-05
167	125.25	446.037185	-4.007346605E-05
168	126	446.141199	-3.902207595E-05
169	126.75	446.246082	-3.796186416E-05
170	127.5	446.351848	-3.689271873E-05
171	128.25	446.458505	-3.581452669E-05
172	129	446.566067	-3.472717409E-05
173	129.75	446.674543	-3.363054596E-05
174	130.5	446.783946	-3.252452631E-05
175	131.25	446.894287	-3.140899809E-05
176	132	447.005578	-3.028384321E-05
177	132.75	447.117829	-2.914894252E-05
178	133.5	447.231054	-2.800417576E-05
179	134.25	447.345264	-2.684942160E-05
180	135	447.460471	-2.568455759E-05
181	135.75	447.576688	-2.450946015E-05
182	136.5	447.693925	-2.332400457E-05
183	137.25	447.812197	-2.212806497E-05
184	138	447.931515	-2.092151432E-05
185	138.75	448.051892	-1.970422440E-05
186	139.5	448.173341	-1.847606578E-05
187	140.25	448.295874	-1.723690783E-05
188	141	448.419504	-1.598661869E-05
189	141.75	448.544245	-1.472506524E-05
190	142.5	448.67011	-1.345211311E-05
191	143.25	448.797112	-1.216762665E-05
192	144	448.925265	-1.087146891E-05
193	144.75	449.054581	-9.563501656E-06
194	145.5	449.185075	-8.243585292E-06
195	146.25	449.316761	-6.911578901E-06
196	147	449.449653	-5.567340198E-06
197	147.75	449.583764	-4.210725526E-06
198	148.5	449.719109	-2.841589828E-06
199	149.25	449.855702	-1.459786639E-06
200	150	449.993558	-6.516806251E-08
201	150.75	450.132692	1.342415245E-06
202	151.5	450.273118	2.763114093E-06
203	152.25	450.414851	4.197080774E-06
204	153	450.557906	5.644469086E-06
205	153.75	450.702299	7.105434344E-06
206	154.5	450.848044	8.580133406E-06
207	155.25	450.995159	1.006872469E-05
208	156	451.143657	1.157136819E-05
209	156.75	451.293555	1.308822551E-05
210	157.5	451.444869	1.461945984E-05
211	158.25	451.597615	1.616523606E-05
212	159	451.751809	1.772572066E-05
213	159.75	451.907468	1.930108184E-05
214	160.5	452.064609	2.089148949E-05
215	161.25	452.223248	2.249711521E-05
216	162	452.383403	2.411813238E-05
217	162.75	452.54509	2.575471609E-05
218	163.5	452.708326	2.740704326E-05
219	164.25	452.87313	2.907529261E-05
220	165	453.039519	3.075964468E-05
221	165.75	453.20751	3.246028187E-05
222	166.5	453.377123	3.417738844E-05
223	167.25	453.548374	3.591115059E-05
224	168	453.721283	3.766175641E-05
225	168.75	453.895868	3.942939594E-05
226	169.5	454.072147	4.121426120E-05
227	170.25	454.25014	4.301654621E-05
228	171	454.429867	4.483644700E-05
229	171.75	454.611345	4.667416165E-05
230	172.5	454.794596	4.852989030E-05
231	173.25	454.979638	5.040383522E-05
232	174	455.166491	5.229620077E-05
233	174.75	455.355176	5.420719346E-05
234	175.5	455.545714	5.613702200E-05
235	176.25	455.738124	5.808589729E-05
236	177	455.932428	6.005403244E-05
237	177.75	456.128646	6.204164286E-05
238	178.5	456.3268	6.404894620E-05
239	179.25	456.526912	6.607616247E-05
240	180	456.729002	6.812351399E-05
241	180.75	456.933094	7.019122546E-05
242	181.5	457.139208	7.227952399E-05
243	182.25	457.347368	7.438863911E-05
244	183	457.557596	7.651880284E-05
245	183.75	457.769915	7.867024965E-05
246	184.5	457.984349	8.084321658E-05
247	185.25	458.200919	8.303794319E-05
248	186	458.419651	8.525467164E-05
249	186.75	458.640567	8.749364672E-05
250	187.5	458.863693	8.975511587E-05
251	188.25	459.089052	9.203932920E-05
252	189	459.316669	9.434653956E-05
253	189.75	459.546568	9.667700254E-05
254	190.5	459.778776	9.903097654E-05
255	191.25	460.013318	1.014087228E-04
256	192	460.250218	1.038105053E-04
257	192.75	460.489504	1.062365911E-04
258	193.5	460.731201	1.086872500E-04
259	194.25	460.975336	1.111627550E-04
260	195	461.221935	1.136633818E-04
261	195.75	461.471027	1.161894096E-04
262	196.5	461.722638	1.187411201E-04
263	197.25	461.976796	1.213187986E-04
264	198	462.233529	1.239227334E-04
265	198.75	462.492865	1.265532159E-04
266	199.5	462.754834	1.292105409E-04
267	200.25	463.019463	1.318950064E-04
268	201	463.286783	1.346069138E-04
269	201.75	463.556822	1.373465678E-04
270	202.5	463.829611	1.401142766E-04
271	203.25	464.10518	1.429103516E-04
272	204	464.383559	1.457351081E-04
273	204.75	464.66478	1.485888646E-04
274	205.5	464.948874	1.514719434E-04
275	206.25	465.235872	1.543846704E-04
276	207	465.525806	1.573273751E-04
277	207.75	465.818708	1.603003908E-04
278	208.5	466.114612	1.633040545E-04
279	209.25	466.41355	1.663387073E-04
280	210	466.715555	1.694046938E-04
281	210.75	467.020662	1.725023628E-04
282	211.5	467.328905	1.756320670E-04
283	212.25	467.640317	1.787941631E-04
284	213	467.954934	1.819890119E-04
285	213.75	468.272792	1.852169784E-04
286	214.5	468.593925	1.884784317E-04
287	215.25	468.918371	1.917737452E-04
288	216	469.246165	1.951032967E-04
289	216.75	469.577344	1.984674682E-04
290	217.5	469.911947	2.018666461E-04
291	218.25	470.25001	2.053012215E-04
292	219	470.591572	2.087715899E-04
293	219.75	470.936671	2.122781514E-04
294	220.5	471.285347	2.158213107E-04
295	221.25	471.637638	2.194014773E-04
296	222	471.993586	2.230190655E-04
297	222.75	472.35323	2.266744944E-04
298	223.5	472.716611	2.303681880E-04
299	224.25	473.083771	2.341005754E-04
300	225	473.454751	2.378720906E-04
301	225.75	473.829595	2.416831727E-04
302	226.5	474.208343	2.455342662E-04
303	227.25	474.591041	2.494258205E-04
304	228	474.977731	2.533582908E-04
305	228.75	475.368458	2.573321372E-04
306	229.5	475.763267	2.613478256E-04
307	230.25	476.162203	2.654058274E-04
308	231	476.565312	2.695066194E-04
309	231.75	476.97264	2.736506844E-04
310	232.5	477.384235	2.778385108E-04
311	233.25	477.800143	2.820705928E-04
312	234	478.220413	2.863474308E-04
313	234.75	478.645093	2.906695309E-04
314	235.5	479.074234	2.950374055E-04
315	236.25	479.507883	2.994515732E-04
316	237	479.946092	3.039125586E-04
317	237.75	480.388912	3.084208931E-04
318	238.5	480.836393	3.129771142E-04
319	239.25	481.288589	3.175817660E-04
320	240	481.745552	3.222353994E-04
321	240.75	482.207336	3.269385718E-04
322	241.5	482.673994	3.316918476E-04
323	242.25	483.145581	3.364957979E-04
324	243	483.622152	3.413510011E-04
325	243.75	484.103764	3.462580424E-04
326	244.5	484.590473	3.512175145E-04
327	245.25	485.082336	3.562300172E-04
328	246	485.579411	3.612961578E-04
329	246.75	486.081758	3.664165511E-04
330	247.5	486.589435	3.715918197E-04
331	248.25	487.102503	3.768225937E-04
332	249	487.621022	3.821095111E-04
333	249.75	488.145055	3.874532180E-04
334	250.5	488.674662	3.928543685E-04
335	251.25	489.209909	3.983136249E-04
336	252	489.750858	4.038316578E-04
337	252.75	490.297574	4.094091464E-04
338	253.5	490.850122	4.150467781E-04
339	254.25	491.40857	4.207452495E-04
340	255	491.972983	4.265052656E-04
341	255.75	492.54343	4.323275406E-04
342	256.5	493.119979	4.382127975E-04
343	257.25	493.702701	4.441617689E-04
344	258	494.291665	4.501751965E-04
345	258.75	494.886942	4.562538315E-04
346	259.5	495.488606	4.623984348E-04
347	260.25	496.096729	4.686097771E-04
348	261	496.711384	4.748886390E-04
349	261.75	497.332648	4.812358111E-04
350	262.5	497.960595	4.876520944E-04
351	263.25	498.595303	4.941383001E-04
352	264	499.23685	5.006952501E-04
353	264.75	499.885313	5.073237770E-04
354	265.5	500.540774	5.140247240E-04
355	266.25	501.203312	5.207989457E-04
356	267	501.873009	5.276473076E-04
357	267.75	502.549948	5.345706868E-04
358	268.5	503.234214	5.415699720E-04
359	269.25	503.92589	5.486460632E-04
360	270	504.625063	5.557998729E-04
361	270.75	505.33182	5.630323252E-04
362	271.5	506.04625	5.703443569E-04
363	272.25	506.768441	5.777369169E-04
364	273	507.498484	5.852109670E-04
365	273.75	508.236471	5.927674820E-04
366	274.5	508.982494	6.004074495E-04
367	275.25	509.736648	6.081318705E-04
368	276	510.499028	6.159417596E-04
369	276.75	511.269731	6.238381450E-04
370	277.5	512.048853	6.318220689E-04
371	278.25	512.836495	6.398945876E-04
372	279	513.632756	6.480567719E-04
373	279.75	514.437739	6.563097071E-04
374	280.5	515.251545	6.646544935E-04
375	281.25	516.07428	6.730922464E-04
376	282	516.90605	6.816240965E-04
377	282.75	517.746961	6.902511901E-04
378	283.5	518.597121	6.989746893E-04
379	284.25	519.456642	7.077957725E-04
380	285	520.325634	7.167156342E-04
381	285.75	521.20421	7.257354858E-04
382	286.5	522.092485	7.348565555E-04
383	287.25	522.990574	7.440800890E-04
384	288	523.898596	7.534073491E-04
385	288.75	524.816669	7.628396167E-04
386	289.5	525.744914	7.723781907E-04
387	290.25	526.683454	7.820243884E-04
388	291	527.632412	7.917795460E-04
389	291.75	528.591915	8.016450185E-04
390	292.5	529.562089	8.116221805E-04
391	293.25	530.543064	8.217124261E-04
392	294	531.534971	8.319171697E-04
393	294.75	532.537943	8.422378458E-04
394	295.5	533.552114	8.526759099E-04
395	296.25	534.57762	8.632328385E-04
396	297	535.614601	8.739101296E-04
397	297.75	536.663196	8.847093031E-04
398	298.5	537.723547	8.956319012E-04
399	299.25	538.795799	9.066794885E-04
400	300	539.880097	9.178536529E-04
── 设定点 600 °C　夹头 100 °C　段 0「HC1」　T设定 600 °C　节点 401　段长 300 mm　控温点下标 200（x = 150 mm）　电流 791.2 A　ΔL_A +0.030629　ΔL_B -0.007101
i	X_mm	TMetal_C	epsDiff
0	0	658.862506	6.179589507E-04
1	0.75	658.137618	6.103020016E-04
2	1.5	657.420847	6.027319547E-04
3	2.25	656.712097	5.952477589E-04
4	3	656.011273	5.878483770E-04
5	3.75	655.318281	5.805327860E-04
6	4.5	654.63303	5.732999762E-04
7	5.25	653.955429	5.661489519E-04
8	6	653.285388	5.590787301E-04
9	6.75	652.622819	5.520883414E-04
10	7.5	651.967633	5.451768288E-04
11	8.25	651.319745	5.383432485E-04
12	9	650.67907	5.315866686E-04
13	9.75	650.045522	5.249061700E-04
14	10.5	649.41902	5.183008453E-04
15	11.25	648.799481	5.117697994E-04
16	12	648.186824	5.053121486E-04
17	12.75	647.580968	4.989270208E-04
18	13.5	646.981836	4.926135557E-04
19	14.25	646.389349	4.863709036E-04
20	15	645.80343	4.801982262E-04
21	15.75	645.224003	4.740946962E-04
22	16.5	644.650992	4.680594966E-04
23	17.25	644.084324	4.620918214E-04
24	18	643.523926	4.561908748E-04
25	18.75	642.969724	4.503558712E-04
26	19.5	642.421648	4.445860352E-04
27	20.25	641.879627	4.388806013E-04
28	21	641.343592	4.332388138E-04
29	21.75	640.813473	4.276599267E-04
30	22.5	640.289202	4.221432036E-04
31	23.25	639.770713	4.166879174E-04
32	24	639.257939	4.112933501E-04
33	24.75	638.750815	4.059587931E-04
34	25.5	638.249275	4.006835465E-04
35	26.25	637.753257	3.954669195E-04
36	27	637.262696	3.903082300E-04
37	27.75	636.777531	3.852068043E-04
38	28.5	636.2977	3.801619773E-04
39	29.25	635.823142	3.751730923E-04
40	30	635.353797	3.702395008E-04
41	30.75	634.889606	3.653605625E-04
42	31.5	634.43051	3.605356450E-04
43	32.25	633.97645	3.557641237E-04
44	33	633.527371	3.510453821E-04
45	33.75	633.083215	3.463788111E-04
46	34.5	632.643927	3.417638093E-04
47	35.25	632.209451	3.371997827E-04
48	36	631.779732	3.326861447E-04
49	36.75	631.354718	3.282223159E-04
50	37.5	630.934354	3.238077241E-04
51	38.25	630.518588	3.194418043E-04
52	39	630.107369	3.151239981E-04
53	39.75	629.700644	3.108537542E-04
54	40.5	629.298364	3.066305282E-04
55	41.25	628.900477	3.024537821E-04
56	42	628.506936	2.983229846E-04
57	42.75	628.117689	2.942376109E-04
58	43.5	627.73269	2.901971427E-04
59	44.25	627.351891	2.862010678E-04
60	45	626.975244	2.822488805E-04
61	45.75	626.602702	2.783400810E-04
62	46.5	626.23422	2.744741757E-04
63	47.25	625.869753	2.706506770E-04
64	48	625.509254	2.668691031E-04
65	48.75	625.15268	2.631289782E-04
66	49.5	624.799986	2.594298320E-04
67	50.25	624.45113	2.557712002E-04
68	51	624.106068	2.521526237E-04
69	51.75	623.764758	2.485736492E-04
70	52.5	623.427158	2.450338288E-04
71	53.25	623.093227	2.415327200E-04
72	54	622.762923	2.380698855E-04
73	54.75	622.436207	2.346448932E-04
74	55.5	622.113038	2.312573164E-04
75	56.25	621.793376	2.279067333E-04
76	57	621.477183	2.245927271E-04
77	57.75	621.16442	2.213148861E-04
78	58.5	620.855049	2.180728035E-04
79	59.25	620.549032	2.148660771E-04
80	60	620.246332	2.116943099E-04
81	60.75	619.946913	2.085571092E-04
82	61.5	619.650736	2.054540871E-04
83	62.25	619.357768	2.023848604E-04
84	63	619.067972	1.993490502E-04
85	63.75	618.781312	1.963462824E-04
86	64.5	618.497755	1.933761869E-04
87	65.25	618.217266	1.904383982E-04
88	66	617.939811	1.875325552E-04
89	66.75	617.665356	1.846583009E-04
90	67.5	617.393869	1.818152824E-04
91	68.25	617.125315	1.790031511E-04
92	69	616.859664	1.762215624E-04
93	69.75	616.596883	1.734701758E-04
94	70.5	616.33694	1.707486548E-04
95	71.25	616.079804	1.680566667E-04
96	72	615.825444	1.653938828E-04
97	72.75	615.573829	1.627599782E-04
98	73.5	615.32493	1.601546318E-04
99	74.25	615.078716	1.575775261E-04
100	75	614.835158	1.550283475E-04
101	75.75	614.594226	1.525067859E-04
102	76.5	614.355892	1.500125349E-04
103	77.25	614.120127	1.475452916E-04
104	78	613.886902	1.451047565E-04
105	78.75	613.656191	1.426906337E-04
106	79.5	613.427965	1.403026308E-04
107	80.25	613.202197	1.379404586E-04
108	81	612.97886	1.356038313E-04
109	81.75	612.757927	1.332924664E-04
110	82.5	612.539373	1.310060846E-04
111	83.25	612.323171	1.287444100E-04
112	84	612.109294	1.265071696E-04
113	84.75	611.897719	1.242940937E-04
114	85.5	611.688419	1.221049158E-04
115	86.25	611.48137	1.199393722E-04
116	87	611.276547	1.177972024E-04
117	87.75	611.073925	1.156781488E-04
118	88.5	610.873481	1.135819569E-04
119	89.25	610.675191	1.115083748E-04
120	90	610.479031	1.094571539E-04
121	90.75	610.284979	1.074280480E-04
122	91.5	610.09301	1.054208140E-04
123	92.25	609.903103	1.034352115E-04
124	93	609.715234	1.014710028E-04
125	93.75	609.529382	9.952795290E-05
126	94.5	609.345525	9.760582958E-05
127	95.25	609.16364	9.570440315E-05
128	96	608.983707	9.382344654E-05
129	96.75	608.805703	9.196273529E-05
130	97.5	608.629609	9.012204747E-05
131	98.25	608.455403	8.830116366E-05
132	99	608.283065	8.649986693E-05
133	99.75	608.112575	8.471794279E-05
134	100.5	607.943911	8.295517921E-05
135	101.25	607.777055	8.121136651E-05
136	102	607.611987	7.948629742E-05
137	102.75	607.448687	7.777976698E-05
138	103.5	607.287137	7.609157255E-05
139	104.25	607.127316	7.442151378E-05
140	105	606.969207	7.276939256E-05
141	105.75	606.812791	7.113501302E-05
142	106.5	606.658049	6.951818150E-05
143	107.25	606.504964	6.791870649E-05
144	108	606.353516	6.633639867E-05
145	108.75	606.20369	6.477107082E-05
146	109.5	606.055466	6.322253781E-05
147	110.25	605.908828	6.169061661E-05
148	111	605.763758	6.017512622E-05
149	111.75	605.62024	5.867588769E-05
150	112.5	605.478256	5.719272405E-05
151	113.25	605.33779	5.572546032E-05
152	114	605.198826	5.427392348E-05
153	114.75	605.061347	5.283794242E-05
154	115.5	604.925338	5.141734797E-05
155	116.25	604.790781	5.001197284E-05
156	117	604.657663	4.862165158E-05
157	117.75	604.525966	4.724622062E-05
158	118.5	604.395677	4.588551819E-05
159	119.25	604.266778	4.453938433E-05
160	120	604.139257	4.320766084E-05
161	120.75	604.013096	4.189019132E-05
162	121.5	603.888283	4.058682107E-05
163	122.25	603.764802	3.929739712E-05
164	123	603.642639	3.802176821E-05
165	123.75	603.52178	3.675978475E-05
166	124.5	603.402211	3.551129879E-05
167	125.25	603.283917	3.427616406E-05
168	126	603.166885	3.305423588E-05
169	126.75	603.051102	3.184537119E-05
170	127.5	602.936553	3.064942849E-05
171	128.25	602.823227	2.946626787E-05
172	129	602.711108	2.829575096E-05
173	129.75	602.600185	2.713774091E-05
174	130.5	602.490445	2.599210240E-05
175	131.25	602.381874	2.485870158E-05
176	132	602.274461	2.373740610E-05
177	132.75	602.168192	2.262808505E-05
178	133.5	602.063056	2.153060899E-05
179	134.25	601.95904	2.044484988E-05
180	135	601.856132	1.937068110E-05
181	135.75	601.75432	1.830797743E-05
182	136.5	601.653593	1.725661503E-05
183	137.25	601.553939	1.621647140E-05
184	138	601.455345	1.518742542E-05
185	138.75	601.357802	1.416935728E-05
186	139.5	601.261297	1.316214849E-05
187	140.25	601.165819	1.216568186E-05
188	141	601.071358	1.117984150E-05
189	141.75	600.977902	1.020451277E-05
190	142.5	600.885441	9.239582296E-06
191	143.25	600.793964	8.284937960E-06
192	144	600.70346	7.340468860E-06
193	144.75	600.613919	6.406065309E-06
194	145.5	600.52533	5.481618826E-06
195	146.25	600.437684	4.567022114E-06
196	147	600.35097	3.662169053E-06
197	147.75	600.265178	2.766954680E-06
198	148.5	600.180298	1.881275184E-06
199	149.25	600.096321	1.005027886E-06
200	150	600.013237	1.381112283E-07
201	150.75	599.931035	-7.195752354E-07
202	151.5	599.849708	-1.568130856E-06
203	152.25	599.769245	-2.407653901E-06
204	153	599.689637	-3.238241564E-06
205	153.75	599.610875	-4.059989981E-06
206	154.5	599.532949	-4.872994236E-06
207	155.25	599.455852	-5.677348382E-06
208	156	599.379574	-6.473145445E-06
209	156.75	599.304106	-7.260477436E-06
210	157.5	599.229439	-8.039435367E-06
211	158.25	599.155565	-8.810109260E-06
212	159	599.082476	-9.572588156E-06
213	159.75	599.010163	-1.032696013E-05
214	160.5	598.938617	-1.107331229E-05
215	161.25	598.867831	-1.181173082E-05
216	162	598.797796	-1.254230094E-05
217	162.75	598.728505	-1.326510697E-05
218	163.5	598.659949	-1.398023229E-05
219	164.25	598.59212	-1.468775939E-05
220	165	598.525011	-1.538776987E-05
221	165.75	598.458614	-1.608034443E-05
222	166.5	598.392921	-1.676556291E-05
223	167.25	598.327925	-1.744350427E-05
224	168	598.263619	-1.811424662E-05
225	168.75	598.199994	-1.877786724E-05
226	169.5	598.137044	-1.943444255E-05
227	170.25	598.074762	-2.008404815E-05
228	171	598.013139	-2.072675882E-05
229	171.75	597.95217	-2.136264855E-05
230	172.5	597.891848	-2.199179051E-05
231	173.25	597.832164	-2.261425707E-05
232	174	597.773113	-2.323011985E-05
233	174.75	597.714688	-2.383944966E-05
234	175.5	597.656881	-2.444231658E-05
235	176.25	597.599687	-2.503878991E-05
236	177	597.543099	-2.562893821E-05
237	177.75	597.48711	-2.621282929E-05
238	178.5	597.431714	-2.679053025E-05
239	179.25	597.376905	-2.736210744E-05
240	180	597.322676	-2.792762652E-05
241	180.75	597.269021	-2.848715243E-05
242	181.5	597.215934	-2.904074940E-05
243	182.25	597.163409	-2.958848098E-05
244	183	597.11144	-3.013041005E-05
245	183.75	597.060021	-3.066659878E-05
246	184.5	597.009146	-3.119710869E-05
247	185.25	596.958809	-3.172200065E-05
248	186	596.909004	-3.224133485E-05
249	186.75	596.859727	-3.275517085E-05
250	187.5	596.81097	-3.326356756E-05
251	188.25	596.762729	-3.376658327E-05
252	189	596.714998	-3.426427562E-05
253	189.75	596.667772	-3.475670165E-05
254	190.5	596.621045	-3.524391779E-05
255	191.25	596.574811	-3.572597986E-05
256	192	596.529067	-3.620294307E-05
257	192.75	596.483805	-3.667486205E-05
258	193.5	596.439022	-3.714179084E-05
259	194.25	596.394712	-3.760378289E-05
260	195	596.35087	-3.806089111E-05
261	195.75	596.307491	-3.851316780E-05
262	196.5	596.26457	-3.896066473E-05
263	197.25	596.222102	-3.940343311E-05
264	198	596.180083	-3.984152359E-05
265	198.75	596.138507	-4.027498628E-05
266	199.5	596.09737	-4.070387077E-05
267	200.25	596.056667	-4.112822611E-05
268	201	596.016393	-4.154810082E-05
269	201.75	595.976544	-4.196354291E-05
270	202.5	595.937115	-4.237459986E-05
271	203.25	595.898103	-4.278131866E-05
272	204	595.859501	-4.318374580E-05
273	204.75	595.821307	-4.358192726E-05
274	205.5	595.783515	-4.397590853E-05
275	206.25	595.746121	-4.436573463E-05
276	207	595.709122	-4.475145009E-05
277	207.75	595.672512	-4.513309895E-05
278	208.5	595.636288	-4.551072481E-05
279	209.25	595.600445	-4.588437079E-05
280	210	595.56498	-4.625407953E-05
281	210.75	595.529889	-4.661989326E-05
282	211.5	595.495166	-4.698185373E-05
283	212.25	595.460809	-4.734000224E-05
284	213	595.426814	-4.769437967E-05
285	213.75	595.393176	-4.804502646E-05
286	214.5	595.359892	-4.839198262E-05
287	215.25	595.326958	-4.873528772E-05
288	216	595.29437	-4.907498092E-05
289	216.75	595.262125	-4.941110097E-05
290	217.5	595.230219	-4.974368620E-05
291	218.25	595.198648	-5.007277454E-05
292	219	595.167409	-5.039840351E-05
293	219.75	595.136498	-5.072061023E-05
294	220.5	595.105911	-5.103943143E-05
295	221.25	595.075646	-5.135490346E-05
296	222	595.045698	-5.166706226E-05
297	222.75	595.016064	-5.197594342E-05
298	223.5	594.986742	-5.228158212E-05
299	224.25	594.957727	-5.258401320E-05
300	225	594.929016	-5.288327111E-05
301	225.75	594.900606	-5.317938994E-05
302	226.5	594.872494	-5.347240341E-05
303	227.25	594.844677	-5.376234490E-05
304	228	594.817151	-5.404924744E-05
305	228.75	594.789913	-5.433314368E-05
306	229.5	594.76296	-5.461406596E-05
307	230.25	594.73629	-5.489204626E-05
308	231	594.709898	-5.516711623E-05
309	231.75	594.683783	-5.543930717E-05
310	232.5	594.657941	-5.570865008E-05
311	233.25	594.632369	-5.597517559E-05
312	234	594.607064	-5.623891405E-05
313	234.75	594.582024	-5.649989547E-05
314	235.5	594.557245	-5.675814954E-05
315	236.25	594.532725	-5.701370564E-05
316	237	594.508461	-5.726659285E-05
317	237.75	594.48445	-5.751683994E-05
318	238.5	594.46069	-5.776447536E-05
319	239.25	594.437177	-5.800952729E-05
320	240	594.413909	-5.825202360E-05
321	240.75	594.390884	-5.849199185E-05
322	241.5	594.368099	-5.872945934E-05
323	242.25	594.345551	-5.896445307E-05
324	243	594.323238	-5.919699976E-05
325	243.75	594.301156	-5.942712583E-05
326	244.5	594.279305	-5.965485746E-05
327	245.25	594.257681	-5.988022053E-05
328	246	594.236281	-6.010324064E-05
329	246.75	594.215104	-6.032394316E-05
330	247.5	594.194146	-6.054235315E-05
331	248.25	594.173406	-6.075849545E-05
332	249	594.152882	-6.097239460E-05
333	249.75	594.13257	-6.118407491E-05
334	250.5	594.112468	-6.139356044E-05
335	251.25	594.092575	-6.160087497E-05
336	252	594.072888	-6.180604207E-05
337	252.75	594.053404	-6.200908503E-05
338	253.5	594.034123	-6.221002691E-05
339	254.25	594.01504	-6.240889054E-05
340	255	593.996155	-6.260569851E-05
341	255.75	593.977464	-6.280047315E-05
342	256.5	593.958967	-6.299323659E-05
343	257.25	593.94066	-6.318401072E-05
344	258	593.922542	-6.337281720E-05
345	258.75	593.904611	-6.355967746E-05
346	259.5	593.886865	-6.374461271E-05
347	260.25	593.869301	-6.392764395E-05
348	261	593.851918	-6.410879195E-05
349	261.75	593.834713	-6.428807728E-05
350	262.5	593.817685	-6.446552028E-05
351	263.25	593.800832	-6.464114110E-05
352	264	593.784152	-6.481495966E-05
353	264.75	593.767643	-6.498699568E-05
354	265.5	593.751303	-6.515726869E-05
355	266.25	593.735131	-6.532579801E-05
356	267	593.719123	-6.549260276E-05
357	267.75	593.70328	-6.565770187E-05
358	268.5	593.687598	-6.582111406E-05
359	269.25	593.672076	-6.598285787E-05
360	270	593.656713	-6.614295165E-05
361	270.75	593.641506	-6.630141356E-05
362	271.5	593.626454	-6.645826157E-05
363	272.25	593.611555	-6.661351347E-05
364	273	593.596807	-6.676718688E-05
365	273.75	593.58221	-6.691929921E-05
366	274.5	593.56776	-6.706986771E-05
367	275.25	593.553457	-6.721890947E-05
368	276	593.539299	-6.736644138E-05
369	276.75	593.525284	-6.751248016E-05
370	277.5	593.51141	-6.765704238E-05
371	278.25	593.497677	-6.780014443E-05
372	279	593.484082	-6.794180253E-05
373	279.75	593.470625	-6.808203273E-05
374	280.5	593.457302	-6.822085094E-05
375	281.25	593.444114	-6.835827289E-05
376	282	593.431058	-6.849431415E-05
377	282.75	593.418133	-6.862899015E-05
378	283.5	593.405338	-6.876231615E-05
379	284.25	593.392671	-6.889430726E-05
380	285	593.38013	-6.902497844E-05
381	285.75	593.367715	-6.915434450E-05
382	286.5	593.355423	-6.928242009E-05
383	287.25	593.343254	-6.940921973E-05
384	288	593.331206	-6.953475779E-05
385	288.75	593.319278	-6.965904848E-05
386	289.5	593.307468	-6.978210591E-05
387	290.25	593.295775	-6.990394399E-05
388	291	593.284197	-7.002457655E-05
389	291.75	593.272734	-7.014401724E-05
390	292.5	593.261384	-7.026227959E-05
391	293.25	593.250146	-7.037937701E-05
392	294	593.239018	-7.049532275E-05
393	294.75	593.228	-7.061012996E-05
394	295.5	593.217089	-7.072381162E-05
395	296.25	593.206285	-7.083638063E-05
396	297	593.195587	-7.094784972E-05
397	297.75	593.184993	-7.105823152E-05
398	298.5	593.174503	-7.116753854E-05
399	299.25	593.164114	-7.127578315E-05
400	300	593.153826	-7.138297761E-05
── 设定点 600 °C　夹头 100 °C　段 1「HC2」　T设定 600 °C　节点 401　段长 300 mm　控温点下标 200（x = 150 mm）　电流 786.5 A　ΔL_A -0.009507　ΔL_B +0.050888
i	X_mm	TMetal_C	epsDiff
0	0	593.12903	-7.164133690E-05
1	0.75	593.090961	-7.203798568E-05
2	1.5	593.053646	-7.242678062E-05
3	2.25	593.01708	-7.280776616E-05
4	3	592.981259	-7.318098585E-05
5	3.75	592.946179	-7.354648232E-05
6	4.5	592.911836	-7.390429735E-05
7	5.25	592.878226	-7.425447180E-05
8	6	592.845345	-7.459704569E-05
9	6.75	592.81319	-7.493205814E-05
10	7.5	592.781757	-7.525954741E-05
11	8.25	592.751042	-7.557955090E-05
12	9	592.721042	-7.589210515E-05
13	9.75	592.691753	-7.619724585E-05
14	10.5	592.663173	-7.649500782E-05
15	11.25	592.635297	-7.678542506E-05
16	12	592.608123	-7.706853072E-05
17	12.75	592.581647	-7.734435711E-05
18	13.5	592.555867	-7.761293570E-05
19	14.25	592.53078	-7.787429714E-05
20	15	592.506382	-7.812847126E-05
21	15.75	592.482672	-7.837548705E-05
22	16.5	592.459645	-7.861537269E-05
23	17.25	592.437301	-7.884815554E-05
24	18	592.415635	-7.907386216E-05
25	18.75	592.394647	-7.929251830E-05
26	19.5	592.374332	-7.950414888E-05
27	20.25	592.35469	-7.970877804E-05
28	21	592.335717	-7.990642911E-05
29	21.75	592.317412	-8.009712464E-05
30	22.5	592.299772	-8.028088637E-05
31	23.25	592.282796	-8.045773524E-05
32	24	592.266481	-8.062769142E-05
33	24.75	592.250826	-8.079077428E-05
34	25.5	592.23583	-8.094700241E-05
35	26.25	592.221489	-8.109639362E-05
36	27	592.207803	-8.123896493E-05
37	27.75	592.19477	-8.137473261E-05
38	28.5	592.182389	-8.150371211E-05
39	29.25	592.170658	-8.162591814E-05
40	30	592.159576	-8.174136463E-05
41	30.75	592.149141	-8.185006473E-05
42	31.5	592.139353	-8.195203082E-05
43	32.25	592.13021	-8.204727453E-05
44	33	592.121711	-8.213580672E-05
45	33.75	592.113856	-8.221763745E-05
46	34.5	592.106643	-8.229277607E-05
47	35.25	592.100071	-8.236123113E-05
48	36	592.094141	-8.242301043E-05
49	36.75	592.08885	-8.247812100E-05
50	37.5	592.084199	-8.252656914E-05
51	38.25	592.080188	-8.256836035E-05
52	39	592.076814	-8.260349940E-05
53	39.75	592.074079	-8.263199028E-05
54	40.5	592.071982	-8.265383626E-05
55	41.25	592.070523	-8.266903981E-05
56	42	592.069701	-8.267760267E-05
57	42.75	592.069516	-8.267952581E-05
58	43.5	592.069969	-8.267480945E-05
59	44.25	592.071059	-8.266345306E-05
60	45	592.072787	-8.264545533E-05
61	45.75	592.075152	-8.262081423E-05
62	46.5	592.078156	-8.258952694E-05
63	47.25	592.081797	-8.255158990E-05
64	48	592.086078	-8.250699879E-05
65	48.75	592.090998	-8.245574852E-05
66	49.5	592.096558	-8.239783327E-05
67	50.25	592.102758	-8.233324642E-05
68	51	592.109599	-8.226198062E-05
69	51.75	592.117082	-8.218402776E-05
70	52.5	592.125208	-8.209937895E-05
71	53.25	592.133977	-8.200802454E-05
72	54	592.143392	-8.190995413E-05
73	54.75	592.153452	-8.180515654E-05
74	55.5	592.164159	-8.169361983E-05
75	56.25	592.175514	-8.157533129E-05
76	57	592.187518	-8.145027745E-05
77	57.75	592.200174	-8.131844404E-05
78	58.5	592.213481	-8.117981605E-05
79	59.25	592.227442	-8.103437767E-05
80	60	592.242059	-8.088211233E-05
81	60.75	592.257332	-8.072300267E-05
82	61.5	592.273264	-8.055703056E-05
83	62.25	592.289857	-8.038417707E-05
84	63	592.307112	-8.020442251E-05
85	63.75	592.325031	-8.001774638E-05
86	64.5	592.343617	-7.982412739E-05
87	65.25	592.362871	-7.962354346E-05
88	66	592.382796	-7.941597174E-05
89	66.75	592.403394	-7.920138854E-05
90	67.5	592.424667	-7.897976940E-05
91	68.25	592.446618	-7.875108903E-05
92	69	592.469249	-7.851532136E-05
93	69.75	592.492563	-7.827243949E-05
94	70.5	592.516562	-7.802241572E-05
95	71.25	592.54125	-7.776522152E-05
96	72	592.566628	-7.750082755E-05
97	72.75	592.592701	-7.722920364E-05
98	73.5	592.61947	-7.695031879E-05
99	74.25	592.646939	-7.666414118E-05
100	75	592.67511	-7.637063814E-05
101	75.75	592.703988	-7.606977618E-05
102	76.5	592.733576	-7.576152094E-05
103	77.25	592.763876	-7.544583724E-05
104	78	592.794893	-7.512268903E-05
105	78.75	592.826629	-7.479203941E-05
106	79.5	592.859089	-7.445385062E-05
107	80.25	592.892276	-7.410808404E-05
108	81	592.926194	-7.375470017E-05
109	81.75	592.960847	-7.339365864E-05
110	82.5	592.996238	-7.302491820E-05
111	83.25	593.032372	-7.264843672E-05
112	84	593.069252	-7.226417117E-05
113	84.75	593.106884	-7.187207763E-05
114	85.5	593.145271	-7.147211129E-05
115	86.25	593.184418	-7.106422642E-05
116	87	593.224329	-7.064837639E-05
117	87.75	593.265009	-7.022451364E-05
118	88.5	593.306461	-6.979258970E-05
119	89.25	593.348692	-6.935255516E-05
120	90	593.391706	-6.890435969E-05
121	90.75	593.435508	-6.844795200E-05
122	91.5	593.480102	-6.798327987E-05
123	92.25	593.525494	-6.751029011E-05
124	93	593.571689	-6.702892860E-05
125	93.75	593.618692	-6.653914022E-05
126	94.5	593.666509	-6.604086888E-05
127	95.25	593.715145	-6.553405754E-05
128	96	593.764606	-6.501864814E-05
129	96.75	593.814897	-6.449458164E-05
130	97.5	593.866023	-6.396179799E-05
131	98.25	593.917992	-6.342023615E-05
132	99	593.970808	-6.286983404E-05
133	99.75	594.024479	-6.231052857E-05
134	100.5	594.079009	-6.174225561E-05
135	101.25	594.134405	-6.116495000E-05
136	102	594.190674	-6.057854553E-05
137	102.75	594.247821	-5.998297492E-05
138	103.5	594.305854	-5.937816984E-05
139	104.25	594.364779	-5.876406089E-05
140	105	594.424603	-5.814057757E-05
141	105.75	594.485332	-5.750764831E-05
142	106.5	594.546974	-5.686520044E-05
143	107.25	594.609535	-5.621316016E-05
144	108	594.673023	-5.555145258E-05
145	108.75	594.737445	-5.488000166E-05
146	109.5	594.802809	-5.419873024E-05
147	110.25	594.869121	-5.350756002E-05
148	111	594.93639	-5.280641152E-05
149	111.75	595.004623	-5.209520412E-05
150	112.5	595.073827	-5.137385601E-05
151	113.25	595.144012	-5.064228421E-05
152	114	595.215184	-4.990040452E-05
153	114.75	595.287353	-4.914813155E-05
154	115.5	595.360525	-4.838537869E-05
155	116.25	595.434711	-4.761205812E-05
156	117	595.509917	-4.682808074E-05
157	117.75	595.586154	-4.603335624E-05
158	118.5	595.663429	-4.522779304E-05
159	119.25	595.741751	-4.441129826E-05
160	120	595.821129	-4.358377777E-05
161	120.75	595.901573	-4.274513613E-05
162	121.5	595.983092	-4.189527658E-05
163	122.25	596.065695	-4.103410107E-05
164	123	596.149391	-4.016151019E-05
165	123.75	596.23419	-3.927740319E-05
166	124.5	596.320103	-3.838167798E-05
167	125.25	596.407138	-3.747423106E-05
168	126	596.495305	-3.655495760E-05
169	126.75	596.584616	-3.562375132E-05
170	127.5	596.675079	-3.468050456E-05
171	128.25	596.766707	-3.372510823E-05
172	129	596.859508	-3.275745180E-05
173	129.75	596.953494	-3.177742328E-05
174	130.5	597.048675	-3.078490923E-05
175	131.25	597.145063	-2.977979472E-05
176	132	597.242668	-2.876196331E-05
177	132.75	597.341503	-2.773129707E-05
178	133.5	597.441577	-2.668767654E-05
179	134.25	597.542903	-2.563098072E-05
180	135	597.645493	-2.456108703E-05
181	135.75	597.749357	-2.347787135E-05
182	136.5	597.854509	-2.238120796E-05
183	137.25	597.960961	-2.127096952E-05
184	138	598.068723	-2.014702710E-05
185	138.75	598.17781	-1.900925009E-05
186	139.5	598.288234	-1.785750628E-05
187	140.25	598.400006	-1.669166173E-05
188	141	598.513141	-1.551158086E-05
189	141.75	598.627652	-1.431712636E-05
190	142.5	598.743551	-1.310815918E-05
191	143.25	598.860851	-1.188453856E-05
192	144	598.979568	-1.064612197E-05
193	144.75	599.099713	-9.392765078E-06
194	145.5	599.221302	-8.124321784E-06
195	146.25	599.344348	-6.840644153E-06
196	147	599.468865	-5.541582417E-06
197	147.75	599.594869	-4.226984952E-06
198	148.5	599.722372	-2.896698259E-06
199	149.25	599.851391	-1.550566938E-06
200	150	599.98194	-1.884336779E-07
201	150.75	600.114035	1.189860775E-06
202	151.5	600.24769	2.584477632E-06
203	152.25	600.382922	3.995580084E-06
204	153	600.519745	5.423333323E-06
205	153.75	600.658176	6.867904566E-06
206	154.5	600.798231	8.329463077E-06
207	155.25	600.939925	9.808180186E-06
208	156	601.083277	1.130422932E-05
209	156.75	601.228302	1.281778601E-05
210	157.5	601.375017	1.434902793E-05
211	158.25	601.523439	1.589813492E-05
212	159	601.673585	1.746528901E-05
213	159.75	601.825474	1.905067442E-05
214	160.5	601.979122	2.065447763E-05
215	161.25	602.134548	2.227688737E-05
216	162	602.29177	2.391809464E-05
217	162.75	602.450805	2.557829279E-05
218	163.5	602.611674	2.725767747E-05
219	164.25	602.774393	2.895644670E-05
220	165	602.938984	3.067480093E-05
221	165.75	603.105463	3.241294297E-05
222	166.5	603.273852	3.417107813E-05
223	167.25	603.44417	3.594941416E-05
224	168	603.616436	3.774816132E-05
225	168.75	603.790672	3.956753242E-05
226	169.5	603.966897	4.140774280E-05
227	170.25	604.145131	4.326901042E-05
228	171	604.325397	4.515155586E-05
229	171.75	604.507715	4.705560232E-05
230	172.5	604.692106	4.898137571E-05
231	173.25	604.878592	5.092910466E-05
232	174	605.067195	5.289902052E-05
233	174.75	605.257937	5.489135744E-05
234	175.5	605.450841	5.690635237E-05
235	176.25	605.645929	5.894424511E-05
236	177	605.843225	6.100527832E-05
237	177.75	606.04275	6.308969761E-05
238	178.5	606.24453	6.519775149E-05
239	179.25	606.448588	6.732969149E-05
240	180	606.654947	6.948577213E-05
241	180.75	606.863633	7.166625100E-05
242	181.5	607.07467	7.387138877E-05
243	182.25	607.288082	7.610144925E-05
244	183	607.503895	7.835669939E-05
245	183.75	607.722135	8.063740938E-05
246	184.5	607.942827	8.294385261E-05
247	185.25	608.165998	8.527630578E-05
248	186	608.391674	8.763504891E-05
249	186.75	608.619881	9.002036536E-05
250	187.5	608.850648	9.243254191E-05
251	188.25	609.084	9.487186878E-05
252	189	609.319966	9.733863967E-05
253	189.75	609.558575	9.983315183E-05
254	190.5	609.799853	1.023557061E-04
255	191.25	610.043831	1.049066068E-04
256	192	610.290537	1.074861621E-04
257	192.75	610.54	1.100946837E-04
258	193.5	610.79225	1.127324873E-04
259	194.25	611.047318	1.153998921E-04
260	195	611.305233	1.180972214E-04
261	195.75	611.566028	1.208248022E-04
262	196.5	611.829731	1.235829655E-04
263	197.25	612.096377	1.263720464E-04
264	198	612.365995	1.291923840E-04
265	198.75	612.638619	1.320443214E-04
266	199.5	612.914281	1.349282059E-04
267	200.25	613.193015	1.378443890E-04
268	201	613.474853	1.407932265E-04
269	201.75	613.75983	1.437750784E-04
270	202.5	614.04798	1.467903092E-04
271	203.25	614.339337	1.498392877E-04
272	204	614.633937	1.529223872E-04
273	204.75	614.931815	1.560399855E-04
274	205.5	615.233007	1.591924652E-04
275	206.25	615.53755	1.623802132E-04
276	207	615.845479	1.656036213E-04
277	207.75	616.156834	1.688630862E-04
278	208.5	616.47165	1.721590092E-04
279	209.25	616.789967	1.754917966E-04
280	210	617.111822	1.788618596E-04
281	210.75	617.437255	1.822696145E-04
282	211.5	617.766305	1.857154827E-04
283	212.25	618.099013	1.891998906E-04
284	213	618.435419	1.927232700E-04
285	213.75	618.775563	1.962860579E-04
286	214.5	619.119487	1.998886967E-04
287	215.25	619.467234	2.035316342E-04
288	216	619.818845	2.072153238E-04
289	216.75	620.174363	2.109402242E-04
290	217.5	620.533832	2.147068001E-04
291	218.25	620.897296	2.185155218E-04
292	219	621.264799	2.223668653E-04
293	219.75	621.636387	2.262613126E-04
294	220.5	622.012105	2.301993517E-04
295	221.25	622.391999	2.341814764E-04
296	222	622.776116	2.382081869E-04
297	222.75	623.164503	2.422799895E-04
298	223.5	623.557208	2.463973968E-04
299	224.25	623.954279	2.505609277E-04
300	225	624.355765	2.547711077E-04
301	225.75	624.761717	2.590284688E-04
302	226.5	625.172184	2.633335496E-04
303	227.25	625.587217	2.676868954E-04
304	228	626.006867	2.720890585E-04
305	228.75	626.431187	2.765405980E-04
306	229.5	626.860229	2.810420799E-04
307	230.25	627.294046	2.855940776E-04
308	231	627.732693	2.901971714E-04
309	231.75	628.176224	2.948519492E-04
310	232.5	628.624695	2.995590062E-04
311	233.25	629.078161	3.043189450E-04
312	234	629.53668	3.091323759E-04
313	234.75	630.000308	3.139999172E-04
314	235.5	630.469104	3.189221946E-04
315	236.25	630.943126	3.238998420E-04
316	237	631.422434	3.289335015E-04
317	237.75	631.907089	3.340238230E-04
318	238.5	632.397151	3.391714650E-04
319	239.25	632.892683	3.443770944E-04
320	240	633.393746	3.496413865E-04
321	240.75	633.900404	3.549650254E-04
322	241.5	634.412721	3.603487038E-04
323	242.25	634.930762	3.657931237E-04
324	243	635.454593	3.712989957E-04
325	243.75	635.984281	3.768670397E-04
326	244.5	636.519892	3.824979852E-04
327	245.25	637.061495	3.881925708E-04
328	246	637.609159	3.939515448E-04
329	246.75	638.162954	3.997756652E-04
330	247.5	638.722951	4.056657000E-04
331	248.25	639.289221	4.116224271E-04
332	249	639.861837	4.176466346E-04
333	249.75	640.440873	4.237391209E-04
334	250.5	641.026403	4.299006949E-04
335	251.25	641.618503	4.361321760E-04
336	252	642.217248	4.424343946E-04
337	252.75	642.822717	4.488081919E-04
338	253.5	643.434987	4.552544203E-04
339	254.25	644.054138	4.617739435E-04
340	255	644.68025	4.683676364E-04
341	255.75	645.313405	4.750363859E-04
342	256.5	645.953685	4.817810905E-04
343	257.25	646.601173	4.886026607E-04
344	258	647.255954	4.955020192E-04
345	258.75	647.918113	5.024801011E-04
346	259.5	648.587738	5.095378540E-04
347	260.25	649.264916	5.166762383E-04
348	261	649.949737	5.238962272E-04
349	261.75	650.642289	5.311988073E-04
350	262.5	651.342665	5.385849783E-04
351	263.25	652.050957	5.460557536E-04
352	264	652.767259	5.536121604E-04
353	264.75	653.491665	5.612552399E-04
354	265.5	654.224272	5.689860473E-04
355	266.25	654.965177	5.768056526E-04
356	267	655.71448	5.847151402E-04
357	267.75	656.472279	5.927156095E-04
358	268.5	657.238676	6.008081751E-04
359	269.25	658.013775	6.089939669E-04
360	270	658.797678	6.172741306E-04
361	270.75	659.590491	6.256498276E-04
362	271.5	660.392322	6.341222356E-04
363	272.25	661.203277	6.426925487E-04
364	273	662.023468	6.513619776E-04
365	273.75	662.853004	6.601317501E-04
366	274.5	663.691999	6.690031111E-04
367	275.25	664.540567	6.779773232E-04
368	276	665.398823	6.870556667E-04
369	276.75	666.266884	6.962394402E-04
370	277.5	667.14487	7.055299604E-04
371	278.25	668.0329	7.149285630E-04
372	279	668.931097	7.244366027E-04
373	279.75	669.839583	7.340554535E-04
374	280.5	670.758486	7.437865093E-04
375	281.25	671.687931	7.536311837E-04
376	282	672.628047	7.635909111E-04
377	282.75	673.578966	7.736671463E-04
378	283.5	674.540818	7.838613652E-04
379	284.25	675.513739	7.941750655E-04
380	285	676.497865	8.046097664E-04
381	285.75	677.493332	8.151670094E-04
382	286.5	678.500282	8.258483586E-04
383	287.25	679.518855	8.366554011E-04
384	288	680.549196	8.475897475E-04
385	288.75	681.59145	8.586530320E-04
386	289.5	682.645765	8.698469132E-04
387	290.25	683.71229	8.811730744E-04
388	291	684.791178	8.926332239E-04
389	291.75	685.882582	9.042290956E-04
390	292.5	686.986659	9.159624496E-04
391	293.25	688.103567	9.278350722E-04
392	294	689.233467	9.398487769E-04
393	294.75	690.376522	9.520054046E-04
394	295.5	691.532896	9.643068242E-04
395	296.25	692.702758	9.767549332E-04
396	297	693.886278	9.893516580E-04
397	297.75	695.083628	1.002098955E-03
398	298.5	696.294983	1.014998809E-03
399	299.25	697.52052	1.028053238E-03
400	300	698.760419	1.041264290E-03
── 设定点 600 °C　夹头 450 °C　段 0「HC1」　T设定 600 °C　节点 401　段长 300 mm　控温点下标 200（x = 150 mm）　电流 782.1 A　ΔL_A +0.029274　ΔL_B +0.028494
i	X_mm	TMetal_C	epsDiff
0	0	664.675148	6.794007665E-04
1	0.75	663.787122	6.700090231E-04
2	1.5	662.909353	6.607275203E-04
3	2.25	662.041721	6.515549269E-04
4	3	661.184106	6.424899305E-04
5	3.75	660.336394	6.335312376E-04
6	4.5	659.498468	6.246775730E-04
7	5.25	658.670215	6.159276796E-04
8	6	657.851523	6.072803182E-04
9	6.75	657.042281	5.987342668E-04
10	7.5	656.242381	5.902883209E-04
11	8.25	655.451714	5.819412929E-04
12	9	654.670175	5.736920117E-04
13	9.75	653.897659	5.655393229E-04
14	10.5	653.134062	5.574820880E-04
15	11.25	652.379283	5.495191845E-04
16	12	651.633221	5.416495055E-04
17	12.75	650.895776	5.338719597E-04
18	13.5	650.166852	5.261854706E-04
19	14.25	649.44635	5.185889770E-04
20	15	648.734177	5.110814322E-04
21	15.75	648.030238	5.036618041E-04
22	16.5	647.334439	4.963290746E-04
23	17.25	646.64669	4.890822398E-04
24	18	645.9669	4.819203098E-04
25	18.75	645.29498	4.748423079E-04
26	19.5	644.630841	4.678472712E-04
27	20.25	643.974398	4.609342498E-04
28	21	643.325564	4.541023068E-04
29	21.75	642.684254	4.473505182E-04
30	22.5	642.050386	4.406779725E-04
31	23.25	641.423876	4.340837707E-04
32	24	640.804645	4.275670261E-04
33	24.75	640.19261	4.211268640E-04
34	25.5	639.587694	4.147624216E-04
35	26.25	638.989818	4.084728478E-04
36	27	638.398904	4.022573031E-04
37	27.75	637.814878	3.961149594E-04
38	28.5	637.237663	3.900449997E-04
39	29.25	636.667186	3.840466182E-04
40	30	636.103373	3.781190198E-04
41	30.75	635.546153	3.722614203E-04
42	31.5	634.995453	3.664730461E-04
43	32.25	634.451205	3.607531339E-04
44	33	633.913337	3.551009308E-04
45	33.75	633.381783	3.495156941E-04
46	34.5	632.856473	3.439966909E-04
47	35.25	632.337342	3.385431984E-04
48	36	631.824324	3.331545032E-04
49	36.75	631.317353	3.278299019E-04
50	37.5	630.816366	3.225687003E-04
51	38.25	630.321299	3.173702135E-04
52	39	629.832089	3.122337660E-04
53	39.75	629.348676	3.071586912E-04
54	40.5	628.870997	3.021443315E-04
55	41.25	628.398994	2.971900382E-04
56	42	627.932606	2.922951711E-04
57	42.75	627.471776	2.874590989E-04
58	43.5	627.016445	2.826811986E-04
59	44.25	626.566557	2.779608555E-04
60	45	626.122055	2.732974633E-04
61	45.75	625.682884	2.686904239E-04
62	46.5	625.248989	2.641391469E-04
63	47.25	624.820316	2.596430503E-04
64	48	624.396812	2.552015595E-04
65	48.75	623.978423	2.508141079E-04
66	49.5	623.565099	2.464801365E-04
67	50.25	623.156787	2.421990936E-04
68	51	622.753437	2.379704354E-04
69	51.75	622.354999	2.337936249E-04
70	52.5	621.961425	2.296681327E-04
71	53.25	621.572664	2.255934364E-04
72	54	621.18867	2.215690207E-04
73	54.75	620.809394	2.175943773E-04
74	55.5	620.434791	2.136690048E-04
75	56.25	620.064814	2.097924086E-04
76	57	619.699417	2.059641006E-04
77	57.75	619.338556	2.021835997E-04
78	58.5	618.982187	1.984504311E-04
79	59.25	618.630265	1.947641265E-04
80	60	618.282748	1.911242241E-04
81	60.75	617.939593	1.875302683E-04
82	61.5	617.600758	1.839818097E-04
83	62.25	617.266201	1.804784053E-04
84	63	616.935883	1.770196180E-04
85	63.75	616.609762	1.736050167E-04
86	64.5	616.287798	1.702341764E-04
87	65.25	615.969954	1.669066778E-04
88	66	615.656189	1.636221074E-04
89	66.75	615.346466	1.603800577E-04
90	67.5	615.040748	1.571801266E-04
91	68.25	614.738996	1.540219178E-04
92	69	614.441175	1.509050403E-04
93	69.75	614.147248	1.478291089E-04
94	70.5	613.85718	1.447937435E-04
95	71.25	613.570936	1.417985697E-04
96	72	613.288481	1.388432180E-04
97	72.75	613.00978	1.359273245E-04
98	73.5	612.734801	1.330505302E-04
99	74.25	612.46351	1.302124815E-04
100	75	612.195875	1.274128296E-04
101	75.75	611.931863	1.246512309E-04
102	76.5	611.671442	1.219273466E-04
103	77.25	611.414581	1.192408429E-04
104	78	611.161249	1.165913910E-04
105	78.75	610.911416	1.139786666E-04
106	79.5	610.665052	1.114023503E-04
107	80.25	610.422127	1.088621274E-04
108	81	610.182612	1.063576879E-04
109	81.75	609.946478	1.038887263E-04
110	82.5	609.713698	1.014549416E-04
111	83.25	609.484242	9.905603766E-05
112	84	609.258085	9.669172236E-05
113	84.75	609.035198	9.436170825E-05
114	85.5	608.815555	9.206571220E-05
115	86.25	608.59913	8.980345540E-05
116	87	608.385897	8.757466334E-05
117	87.75	608.17583	8.537906575E-05
118	88.5	607.968905	8.321639658E-05
119	89.25	607.765097	8.108639393E-05
120	90	607.564382	7.898880002E-05
121	90.75	607.366735	7.692336118E-05
122	91.5	607.172133	7.488982777E-05
123	92.25	606.980554	7.288795417E-05
124	93	606.791974	7.091749872E-05
125	93.75	606.60637	6.897822371E-05
126	94.5	606.423722	6.706989534E-05
127	95.25	606.244007	6.519228366E-05
128	96	606.067204	6.334516257E-05
129	96.75	605.893291	6.152830974E-05
130	97.5	605.722249	5.974150663E-05
131	98.25	605.554057	5.798453844E-05
132	99	605.388695	5.625719405E-05
133	99.75	605.226144	5.455926604E-05
134	100.5	605.066384	5.289055059E-05
135	101.25	604.909396	5.125084752E-05
136	102	604.755163	4.963996023E-05
137	102.75	604.603665	4.805769566E-05
138	103.5	604.454885	4.650386428E-05
139	104.25	604.308805	4.497828006E-05
140	105	604.165408	4.348076042E-05
141	105.75	604.024677	4.201112625E-05
142	106.5	603.886596	4.056920184E-05
143	107.25	603.751148	3.915481487E-05
144	108	603.618317	3.776779638E-05
145	108.75	603.488088	3.640798078E-05
146	109.5	603.360445	3.507520576E-05
147	110.25	603.235373	3.376931232E-05
148	111	603.112858	3.249014474E-05
149	111.75	602.992885	3.123755053E-05
150	112.5	602.875439	3.001138044E-05
151	113.25	602.760509	2.881148841E-05
152	114	602.648078	2.763773159E-05
153	114.75	602.538136	2.648997026E-05
154	115.5	602.430668	2.536806787E-05
155	116.25	602.325661	2.427189098E-05
156	117	602.223105	2.320130926E-05
157	117.75	602.122986	2.215619546E-05
158	118.5	602.025293	2.113642541E-05
159	119.25	601.930015	2.014187797E-05
160	120	601.837139	1.917243505E-05
161	120.75	601.746656	1.822798158E-05
162	121.5	601.658555	1.730840546E-05
163	122.25	601.572825	1.641359761E-05
164	123	601.489457	1.554345191E-05
165	123.75	601.40844	1.469786516E-05
166	124.5	601.329765	1.387673715E-05
167	125.25	601.253423	1.307997056E-05
168	126	601.179405	1.230747099E-05
169	126.75	601.107703	1.155914693E-05
170	127.5	601.038307	1.083490978E-05
171	128.25	600.97121	1.013467378E-05
172	129	600.906405	9.458356045E-06
173	129.75	600.843882	8.805876543E-06
174	130.5	600.783636	8.177158071E-06
175	131.25	600.725659	7.572126256E-06
176	132	600.669944	6.990709538E-06
177	132.75	600.616484	6.432839165E-06
178	133.5	600.565275	5.898449180E-06
179	134.25	600.516309	5.387476414E-06
180	135	600.46958	4.899860474E-06
181	135.75	600.425084	4.435543738E-06
182	136.5	600.382815	3.994471346E-06
183	137.25	600.342769	3.576591189E-06
184	138	600.304939	3.181853908E-06
185	138.75	600.269323	2.810212881E-06
186	139.5	600.235916	2.461624220E-06
187	140.25	600.204715	2.136046764E-06
188	141	600.175714	1.833442073E-06
189	141.75	600.148912	1.553774424E-06
190	142.5	600.124304	1.297010802E-06
191	143.25	600.101888	1.063120900E-06
192	144	600.081662	8.520771147E-07
193	144.75	600.063623	6.638545379E-07
194	145.5	600.047769	4.984309578E-07
195	146.25	600.034099	3.557868536E-07
196	147	600.022609	2.359053938E-07
197	147.75	600.0133	1.387724332E-07
198	148.5	600.00617	6.437651098E-08
199	149.25	600.001218	1.270884958E-08
200	150	599.998444	-1.623664696E-08
201	150.75	599.997847	-2.246339369E-08
202	151.5	599.999428	-5.972125260E-09
203	152.25	600.003186	3.323910400E-08
204	153	600.009122	9.517492034E-08
205	153.75	600.017236	1.798426312E-07
206	154.5	600.02753	2.872522264E-07
207	155.25	600.040005	4.174163792E-07
208	156	600.054662	5.703504484E-07
209	156.75	600.071503	7.460724803E-07
210	157.5	600.09053	9.446032112E-07
211	158.25	600.111745	1.165966070E-06
212	159	600.135151	1.410187184E-06
213	159.75	600.160749	1.677295376E-06
214	160.5	600.188545	1.967322176E-06
215	161.25	600.218539	2.280301823E-06
216	162	600.250737	2.616271266E-06
217	162.75	600.285142	2.975270174E-06
218	163.5	600.321757	3.357340939E-06
219	164.25	600.360588	3.762528684E-06
220	165	600.401638	4.190881267E-06
221	165.75	600.444912	4.642449289E-06
222	166.5	600.490416	5.117286099E-06
223	167.25	600.538155	5.615447806E-06
224	168	600.588134	6.136993282E-06
225	168.75	600.640359	6.681984174E-06
226	169.5	600.694837	7.250484908E-06
227	170.25	600.751573	7.842562704E-06
228	171	600.810575	8.458287582E-06
229	171.75	600.871849	9.097732370E-06
230	172.5	600.935402	9.760972718E-06
231	173.25	601.001242	1.044808711E-05
232	174	601.069376	1.115915686E-05
233	174.75	601.139813	1.189426616E-05
234	175.5	601.212561	1.265350203E-05
235	176.25	601.287627	1.343695441E-05
236	177	601.365022	1.424471610E-05
237	177.75	601.444754	1.507688282E-05
238	178.5	601.526832	1.593355319E-05
239	179.25	601.611266	1.681482878E-05
240	180	601.698066	1.772081409E-05
241	180.75	601.787243	1.865161659E-05
242	181.5	601.878805	1.960734673E-05
243	182.25	601.972765	2.058811793E-05
244	183	602.069133	2.159404663E-05
245	183.75	602.167921	2.262525230E-05
246	184.5	602.269139	2.368185744E-05
247	185.25	602.372801	2.476398761E-05
248	186	602.478918	2.587177146E-05
249	186.75	602.587503	2.700534070E-05
250	187.5	602.698568	2.816483020E-05
251	188.25	602.812126	2.935037793E-05
252	189	602.928191	3.056212501E-05
253	189.75	603.046777	3.180021576E-05
254	190.5	603.167897	3.306479766E-05
255	191.25	603.291565	3.435602142E-05
256	192	603.417797	3.567404100E-05
257	192.75	603.546607	3.701901360E-05
258	193.5	603.678009	3.839109970E-05
259	194.25	603.812021	3.979046309E-05
260	195	603.948657	4.121727089E-05
261	195.75	604.087933	4.267169356E-05
262	196.5	604.229866	4.415390497E-05
263	197.25	604.374473	4.566408234E-05
264	198	604.521771	4.720240636E-05
265	198.75	604.671777	4.876906116E-05
266	199.5	604.824509	5.036423435E-05
267	200.25	604.979984	5.198811705E-05
268	201	605.138222	5.364090392E-05
269	201.75	605.299241	5.532279317E-05
270	202.5	605.46306	5.703398662E-05
271	203.25	605.629698	5.877468971E-05
272	204	605.799175	6.054511153E-05
273	204.75	605.971512	6.234546486E-05
274	205.5	606.146728	6.417596619E-05
275	206.25	606.324844	6.603683577E-05
276	207	606.505882	6.792829762E-05
277	207.75	606.689862	6.985057958E-05
278	208.5	606.876808	7.180391332E-05
279	209.25	607.06674	7.378853443E-05
280	210	607.259682	7.580468239E-05
281	210.75	607.455657	7.785260064E-05
282	211.5	607.654687	7.993253661E-05
283	212.25	607.856797	8.204474176E-05
284	213	608.06201	8.418947161E-05
285	213.75	608.270352	8.636698580E-05
286	214.5	608.481846	8.857754810E-05
287	215.25	608.696518	9.082142646E-05
288	216	608.914394	9.309889306E-05
289	216.75	609.135499	9.541022434E-05
290	217.5	609.35986	9.775570107E-05
291	218.25	609.587505	1.001356083E-04
292	219	609.818459	1.025502357E-04
293	219.75	610.052751	1.049998769E-04
294	220.5	610.290409	1.074848306E-04
295	221.25	610.531461	1.100053997E-04
296	222	610.775937	1.125618916E-04
297	222.75	611.023864	1.151546185E-04
298	223.5	611.275274	1.177838973E-04
299	224.25	611.530197	1.204500495E-04
300	225	611.788662	1.231534014E-04
301	225.75	612.050702	1.258942842E-04
302	226.5	612.316347	1.286730339E-04
303	227.25	612.58563	1.314899913E-04
304	228	612.858584	1.343455026E-04
305	228.75	613.13524	1.372399185E-04
306	229.5	613.415632	1.401735953E-04
307	230.25	613.699795	1.431468940E-04
308	231	613.987763	1.461601811E-04
309	231.75	614.27957	1.492138283E-04
310	232.5	614.575252	1.523082125E-04
311	233.25	614.874844	1.554437163E-04
312	234	615.178384	1.586207273E-04
313	234.75	615.485907	1.618396390E-04
314	235.5	615.797451	1.651008502E-04
315	236.25	616.113055	1.684047656E-04
316	237	616.432755	1.717517953E-04
317	237.75	616.756592	1.751423554E-04
318	238.5	617.084605	1.785768678E-04
319	239.25	617.416833	1.820557602E-04
320	240	617.753318	1.855794665E-04
321	240.75	618.094099	1.891484263E-04
322	241.5	618.43922	1.927630857E-04
323	242.25	618.788722	1.964238967E-04
324	243	619.142648	2.001313178E-04
325	243.75	619.501042	2.038858137E-04
326	244.5	619.863946	2.076878556E-04
327	245.25	620.231407	2.115379212E-04
328	246	620.603468	2.154364946E-04
329	246.75	620.980177	2.193840670E-04
330	247.5	621.361579	2.233811360E-04
331	248.25	621.74772	2.274282061E-04
332	249	622.13865	2.315257887E-04
333	249.75	622.534416	2.356744024E-04
334	250.5	622.935067	2.398745727E-04
335	251.25	623.340653	2.441268324E-04
336	252	623.751223	2.484317216E-04
337	252.75	624.166829	2.527897877E-04
338	253.5	624.587523	2.572015855E-04
339	254.25	625.013356	2.616676777E-04
340	255	625.444382	2.661886343E-04
341	255.75	625.880654	2.707650332E-04
342	256.5	626.322227	2.753974604E-04
343	257.25	626.769155	2.800865095E-04
344	258	627.221495	2.848327825E-04
345	258.75	627.679304	2.896368894E-04
346	259.5	628.142638	2.944994486E-04
347	260.25	628.611555	2.994210869E-04
348	261	629.086115	3.044024396E-04
349	261.75	629.566377	3.094441507E-04
350	262.5	630.052402	3.145468730E-04
351	263.25	630.54425	3.197112679E-04
352	264	631.041985	3.249380063E-04
353	264.75	631.545668	3.302277677E-04
354	265.5	632.055363	3.355812414E-04
355	266.25	632.571135	3.409991255E-04
356	267	633.093049	3.464821282E-04
357	267.75	633.621172	3.520309668E-04
358	268.5	634.15557	3.576463689E-04
359	269.25	634.696313	3.633290717E-04
360	270	635.243467	3.690798225E-04
361	270.75	635.797104	3.748993789E-04
362	271.5	636.357294	3.807885088E-04
363	272.25	636.924109	3.867479906E-04
364	273	637.497621	3.927786135E-04
365	273.75	638.077904	3.988811773E-04
366	274.5	638.665033	4.050564928E-04
367	275.25	639.259083	4.113053820E-04
368	276	639.86013	4.176286782E-04
369	276.75	640.468253	4.240272262E-04
370	277.5	641.08353	4.305018822E-04
371	278.25	641.706039	4.370535144E-04
372	279	642.335864	4.436830030E-04
373	279.75	642.973084	4.503912401E-04
374	280.5	643.617783	4.571791304E-04
375	281.25	644.270044	4.640475910E-04
376	282	644.929954	4.709975517E-04
377	282.75	645.597597	4.780299553E-04
378	283.5	646.273062	4.851457575E-04
379	284.25	646.956437	4.923459274E-04
380	285	647.647812	4.996314476E-04
381	285.75	648.347277	5.070033145E-04
382	286.5	649.054926	5.144625382E-04
383	287.25	649.77085	5.220101431E-04
384	288	650.495145	5.296471679E-04
385	288.75	651.227907	5.373746658E-04
386	289.5	651.969233	5.451937050E-04
387	290.25	652.719221	5.531053686E-04
388	291	653.477972	5.611107548E-04
389	291.75	654.245586	5.692109777E-04
390	292.5	655.022166	5.774071669E-04
391	293.25	655.807816	5.857004681E-04
392	294	656.602642	5.940920431E-04
393	294.75	657.406749	6.025830705E-04
394	295.5	658.220247	6.111747456E-04
395	296.25	659.043245	6.198682806E-04
396	297	659.875855	6.286649053E-04
397	297.75	660.718188	6.375658669E-04
398	298.5	661.57036	6.465724308E-04
399	299.25	662.432486	6.556858804E-04
400	300	663.304684	6.649075175E-04
── 设定点 600 °C　夹头 450 °C　段 1「HC2」　T设定 600 °C　节点 401　段长 300 mm　控温点下标 200（x = 150 mm）　电流 778.3 A　ΔL_A +0.026554　ΔL_B +0.045718
i	X_mm	TMetal_C	epsDiff
0	0	663.286265	6.647127596E-04
1	0.75	662.374478	6.550726282E-04
2	1.5	661.473326	6.455467986E-04
3	2.25	660.582686	6.361339013E-04
4	3	659.702436	6.268325867E-04
5	3.75	658.832457	6.176415246E-04
6	4.5	657.97263	6.085594041E-04
7	5.25	657.122839	5.995849330E-04
8	6	656.282968	5.907168377E-04
9	6.75	655.452905	5.819538626E-04
10	7.5	654.632537	5.732947705E-04
11	8.25	653.821754	5.647383413E-04
12	9	653.020447	5.562833728E-04
13	9.75	652.228509	5.479286794E-04
14	10.5	651.445834	5.396730927E-04
15	11.25	650.672317	5.315154608E-04
16	12	649.907855	5.234546478E-04
17	12.75	649.152347	5.154895342E-04
18	13.5	648.405692	5.076190162E-04
19	14.25	647.667792	4.998420054E-04
20	15	646.938548	4.921574289E-04
21	15.75	646.217865	4.845642288E-04
22	16.5	645.505646	4.770613619E-04
23	17.25	644.8018	4.696478000E-04
24	18	644.106233	4.623225288E-04
25	18.75	643.418853	4.550845486E-04
26	19.5	642.739572	4.479328734E-04
27	20.25	642.068299	4.408665310E-04
28	21	641.404949	4.338845630E-04
29	21.75	640.749433	4.269860240E-04
30	22.5	640.101667	4.201699819E-04
31	23.25	639.461567	4.134355176E-04
32	24	638.829049	4.067817247E-04
33	24.75	638.204033	4.002077094E-04
34	25.5	637.586436	3.937125903E-04
35	26.25	636.97618	3.872954982E-04
36	27	636.373185	3.809555760E-04
37	27.75	635.777374	3.746919783E-04
38	28.5	635.188671	3.685038715E-04
39	29.25	634.607	3.623904337E-04
40	30	634.032286	3.563508541E-04
41	30.75	633.464456	3.503843332E-04
42	31.5	632.903438	3.444900826E-04
43	32.25	632.349159	3.386673247E-04
44	33	631.801549	3.329152926E-04
45	33.75	631.260539	3.272332303E-04
46	34.5	630.726059	3.216203918E-04
47	35.25	630.198043	3.160760416E-04
48	36	629.676422	3.105994545E-04
49	36.75	629.161131	3.051899152E-04
50	37.5	628.652106	2.998467181E-04
51	38.25	628.149281	2.945691676E-04
52	39	627.652593	2.893565776E-04
53	39.75	627.161979	2.842082716E-04
54	40.5	626.677379	2.791235822E-04
55	41.25	626.198731	2.741018516E-04
56	42	625.725974	2.691424308E-04
57	42.75	625.259051	2.642446799E-04
58	43.5	624.797902	2.594079679E-04
59	44.25	624.342469	2.546316726E-04
60	45	623.892697	2.499151803E-04
61	45.75	623.448528	2.452578859E-04
62	46.5	623.009908	2.406591928E-04
63	47.25	622.576781	2.361185127E-04
64	48	622.149094	2.316352653E-04
65	48.75	621.726795	2.272088786E-04
66	49.5	621.309829	2.228387887E-04
67	50.25	620.898147	2.185244393E-04
68	51	620.491696	2.142652822E-04
69	51.75	620.090427	2.100607766E-04
70	52.5	619.694291	2.059103896E-04
71	53.25	619.303237	2.018135956E-04
72	54	618.917218	1.977698766E-04
73	54.75	618.536187	1.937787217E-04
74	55.5	618.160096	1.898396276E-04
75	56.25	617.788899	1.859520977E-04
76	57	617.422552	1.821156429E-04
77	57.75	617.061007	1.783297808E-04
78	58.5	616.704223	1.745940360E-04
79	59.25	616.352154	1.709079400E-04
80	60	616.004758	1.672710308E-04
81	60.75	615.661992	1.636828534E-04
82	61.5	615.323815	1.601429591E-04
83	62.25	614.990185	1.566509059E-04
84	63	614.661061	1.532062580E-04
85	63.75	614.336403	1.498085863E-04
86	64.5	614.016172	1.464574677E-04
87	65.25	613.70033	1.431524854E-04
88	66	613.388836	1.398932288E-04
89	66.75	613.081655	1.366792934E-04
90	67.5	612.778748	1.335102807E-04
91	68.25	612.480078	1.303857980E-04
92	69	612.185611	1.273054586E-04
93	69.75	611.895309	1.242688818E-04
94	70.5	611.609137	1.212756923E-04
95	71.25	611.327062	1.183255207E-04
96	72	611.04905	1.154180032E-04
97	72.75	610.775066	1.125527817E-04
98	73.5	610.505077	1.097295035E-04
99	74.25	610.239051	1.069478213E-04
100	75	609.976957	1.042073932E-04
101	75.75	609.718762	1.015078829E-04
102	76.5	609.464435	9.884895918E-05
103	77.25	609.213946	9.623029605E-05
104	78	608.967265	9.365157282E-05
105	78.75	608.724362	9.111247389E-05
106	79.5	608.485208	8.861268875E-05
107	80.25	608.249774	8.615191195E-05
108	81	608.018033	8.372984301E-05
109	81.75	607.789956	8.134618641E-05
110	82.5	607.565516	7.900065154E-05
111	83.25	607.344686	7.669295262E-05
112	84	607.12744	7.442280870E-05
113	84.75	606.913752	7.218994358E-05
114	85.5	606.703597	6.999408580E-05
115	86.25	606.496949	6.783496855E-05
116	87	606.293784	6.571232969E-05
117	87.75	606.094077	6.362591167E-05
118	88.5	605.897805	6.157546148E-05
119	89.25	605.704944	5.956073064E-05
120	90	605.515472	5.758147517E-05
121	90.75	605.329365	5.563745550E-05
122	91.5	605.146602	5.372843648E-05
123	92.25	604.967162	5.185418734E-05
124	93	604.791022	5.001448164E-05
125	93.75	604.618161	4.820909721E-05
126	94.5	604.448561	4.643781620E-05
127	95.25	604.282199	4.470042495E-05
128	96	604.119057	4.299671401E-05
129	96.75	603.959115	4.132647812E-05
130	97.5	603.802354	3.968951613E-05
131	98.25	603.648755	3.808563102E-05
132	99	603.498301	3.651462982E-05
133	99.75	603.350974	3.497632363E-05
134	100.5	603.206756	3.347052757E-05
135	101.25	603.065631	3.199706075E-05
136	102	602.92758	3.055574623E-05
137	102.75	602.792589	2.914641102E-05
138	103.5	602.660641	2.776888605E-05
139	104.25	602.531721	2.642300613E-05
140	105	602.405814	2.510860992E-05
141	105.75	602.282904	2.382553995E-05
142	106.5	602.162977	2.257364252E-05
143	107.25	602.046019	2.135276777E-05
144	108	601.932016	2.016276958E-05
145	108.75	601.820955	1.900350558E-05
146	109.5	601.712823	1.787483714E-05
147	110.25	601.607607	1.677662932E-05
148	111	601.505294	1.570875089E-05
149	111.75	601.405873	1.467107427E-05
150	112.5	601.309331	1.366347552E-05
151	113.25	601.215659	1.268583436E-05
152	114	601.124843	1.173803409E-05
153	114.75	601.036875	1.081996162E-05
154	115.5	600.951743	9.931507447E-06
155	116.25	600.869437	9.072565620E-06
156	117	600.789948	8.243033734E-06
157	117.75	600.713267	7.442812922E-06
158	118.5	600.639384	6.671807830E-06
159	119.25	600.568291	5.929926610E-06
160	120	600.49998	5.217080903E-06
161	120.75	600.434441	4.533185828E-06
162	121.5	600.371669	3.878159968E-06
163	122.25	600.311655	3.251925361E-06
164	123	600.254392	2.654407485E-06
165	123.75	600.199874	2.085535248E-06
166	124.5	600.148094	1.545240980E-06
167	125.25	600.099046	1.033460421E-06
168	126	600.052724	5.501327118E-07
169	126.75	600.009124	9.520038629E-08
170	127.5	599.968239	-3.313906381E-07
171	128.25	599.930066	-7.296910677E-07
172	129	599.894599	-1.099748240E-06
173	129.75	599.861834	-1.441606131E-06
174	130.5	599.831769	-1.755305360E-06
175	131.25	599.804398	-2.040883198E-06
176	132	599.779719	-2.298373571E-06
177	132.75	599.757729	-2.527807067E-06
178	133.5	599.738425	-2.729210936E-06
179	134.25	599.721806	-2.902609100E-06
180	135	599.707869	-3.048022153E-06
181	135.75	599.696612	-3.165467364E-06
182	136.5	599.688035	-3.254958680E-06
183	137.25	599.682135	-3.316506727E-06
184	138	599.678914	-3.350118815E-06
185	138.75	599.678369	-3.355798934E-06
186	139.5	599.680502	-3.333547761E-06
187	140.25	599.685312	-3.283362651E-06
188	141	599.6928	-3.205237646E-06
189	141.75	599.702967	-3.099163468E-06
190	142.5	599.715814	-2.965127522E-06
191	143.25	599.731342	-2.803113888E-06
192	144	599.749554	-2.613103328E-06
193	144.75	599.770451	-2.395073272E-06
194	145.5	599.794036	-2.148997824E-06
195	146.25	599.820311	-1.874847754E-06
196	147	599.84928	-1.572590495E-06
197	147.75	599.880947	-1.242190138E-06
198	148.5	599.915314	-8.836074240E-07
199	149.25	599.952386	-4.967997443E-07
200	150	599.992168	-8.172112927E-08
201	150.75	600.034663	3.616777565E-07
202	151.5	600.079877	8.334496212E-07
203	152.25	600.127815	1.333650554E-06
204	153	600.178483	1.862340034E-06
205	153.75	600.231887	2.419580935E-06
206	154.5	600.288033	3.005439540E-06
207	155.25	600.346927	3.619985548E-06
208	156	600.408577	4.263292084E-06
209	156.75	600.472989	4.935435710E-06
210	157.5	600.540172	5.636496436E-06
211	158.25	600.610133	6.366557734E-06
212	159	600.68288	7.125706545E-06
213	159.75	600.758422	7.914033298E-06
214	160.5	600.836768	8.731631918E-06
215	161.25	600.917927	9.578599843E-06
216	162	601.001908	1.045503803E-05
217	162.75	601.088722	1.136105100E-05
218	163.5	601.178378	1.229674680E-05
219	164.25	601.270887	1.326223706E-05
220	165	601.36626	1.425763701E-05
221	165.75	601.464509	1.528306547E-05
222	166.5	601.565644	1.633864490E-05
223	167.25	601.669678	1.742450138E-05
224	168	601.776622	1.854076466E-05
225	168.75	601.886491	1.968756818E-05
226	169.5	601.999295	2.086504905E-05
227	170.25	602.11505	2.207334813E-05
228	171	602.233767	2.331261000E-05
229	171.75	602.355462	2.458298300E-05
230	172.5	602.480149	2.588461928E-05
231	173.25	602.607842	2.721767475E-05
232	174	602.738556	2.858230919E-05
233	174.75	602.872308	2.997868621E-05
234	175.5	603.009112	3.140697330E-05
235	176.25	603.148985	3.286734187E-05
236	177	603.291943	3.435996723E-05
237	177.75	603.438004	3.588502866E-05
238	178.5	603.587184	3.744270943E-05
239	179.25	603.739501	3.903319680E-05
240	180	603.894973	4.065668206E-05
241	180.75	604.053619	4.231336060E-05
242	181.5	604.215458	4.400343188E-05
243	182.25	604.380508	4.572709948E-05
244	183	604.548789	4.748457116E-05
245	183.75	604.720321	4.927605884E-05
246	184.5	604.895124	5.110177867E-05
247	185.25	605.07322	5.296195107E-05
248	186	605.254629	5.485680072E-05
249	186.75	605.439373	5.678655664E-05
250	187.5	605.627473	5.875145219E-05
251	188.25	605.818953	6.075172513E-05
252	189	606.013835	6.278761765E-05
253	189.75	606.212142	6.485937641E-05
254	190.5	606.413898	6.696725254E-05
255	191.25	606.619126	6.911150176E-05
256	192	606.827852	7.129238434E-05
257	192.75	607.0401	7.351016517E-05
258	193.5	607.255896	7.576511383E-05
259	194.25	607.475265	7.805750458E-05
260	195	607.698233	8.038761643E-05
261	195.75	607.924828	8.275573319E-05
262	196.5	608.155075	8.516214351E-05
263	197.25	608.389004	8.760714090E-05
264	198	608.626641	9.009102381E-05
265	198.75	608.868016	9.261409568E-05
266	199.5	609.113157	9.517666494E-05
267	200.25	609.362093	9.777904512E-05
268	201	609.614856	1.004215549E-04
269	201.75	609.871474	1.031045179E-04
270	202.5	610.131978	1.058282634E-04
271	203.25	610.396401	1.085931256E-04
272	204	610.664774	1.113994442E-04
273	204.75	610.937129	1.142475641E-04
274	205.5	611.2135	1.171378358E-04
275	206.25	611.493918	1.200706153E-04
276	207	611.778419	1.230462641E-04
277	207.75	612.067037	1.260651493E-04
278	208.5	612.359806	1.291276438E-04
279	209.25	612.656762	1.322341260E-04
280	210	612.957941	1.353849802E-04
281	210.75	613.26338	1.385805967E-04
282	211.5	613.573115	1.418213716E-04
283	212.25	613.887184	1.451077069E-04
284	213	614.205626	1.484400108E-04
285	213.75	614.528478	1.518186975E-04
286	214.5	614.85578	1.552441876E-04
287	215.25	615.187573	1.587169077E-04
288	216	615.523896	1.622372909E-04
289	216.75	615.864791	1.658057766E-04
290	217.5	616.210298	1.694228108E-04
291	218.25	616.560461	1.730888460E-04
292	219	616.915323	1.768043412E-04
293	219.75	617.274926	1.805697624E-04
294	220.5	617.639314	1.843855821E-04
295	221.25	618.008533	1.882522799E-04
296	222	618.382628	1.921703421E-04
297	222.75	618.761644	1.961402622E-04
298	223.5	619.145629	2.001625409E-04
299	224.25	619.534629	2.042376859E-04
300	225	619.928692	2.083662123E-04
301	225.75	620.327868	2.125486426E-04
302	226.5	620.732205	2.167855068E-04
303	227.25	621.141754	2.210773425E-04
304	228	621.556564	2.254246947E-04
305	228.75	621.976688	2.298281164E-04
306	229.5	622.402177	2.342881686E-04
307	230.25	622.833085	2.388054199E-04
308	231	623.269464	2.433804472E-04
309	231.75	623.711369	2.480138354E-04
310	232.5	624.158856	2.527061779E-04
311	233.25	624.61198	2.574580764E-04
312	234	625.070797	2.622701408E-04
313	234.75	625.535365	2.671429900E-04
314	235.5	626.005741	2.720772515E-04
315	236.25	626.481986	2.770735614E-04
316	237	626.964158	2.821325650E-04
317	237.75	627.452319	2.872549166E-04
318	238.5	627.946528	2.924412796E-04
319	239.25	628.44685	2.976923268E-04
320	240	628.953346	3.030087404E-04
321	240.75	629.466081	3.083912122E-04
322	241.5	629.985119	3.138404436E-04
323	242.25	630.510526	3.193571458E-04
324	243	631.042369	3.249420403E-04
325	243.75	631.580715	3.305958582E-04
326	244.5	632.125632	3.363193412E-04
327	245.25	632.67719	3.421132412E-04
328	246	633.235458	3.479783208E-04
329	246.75	633.800509	3.539153531E-04
330	247.5	634.372414	3.599251221E-04
331	248.25	634.951247	3.660084228E-04
332	249	635.537081	3.721660613E-04
333	249.75	636.129992	3.783988550E-04
334	250.5	636.730055	3.847076328E-04
335	251.25	637.337349	3.910932353E-04
336	252	637.95195	3.975565147E-04
337	252.75	638.573939	4.040983354E-04
338	253.5	639.203396	4.107195736E-04
339	254.25	639.840402	4.174211182E-04
340	255	640.48504	4.242038704E-04
341	255.75	641.137394	4.310687441E-04
342	256.5	641.797547	4.380166662E-04
343	257.25	642.465587	4.450485765E-04
344	258	643.141601	4.521654282E-04
345	258.75	643.825676	4.593681879E-04
346	259.5	644.517902	4.666578358E-04
347	260.25	645.21837	4.740353662E-04
348	261	645.927172	4.815017873E-04
349	261.75	646.644401	4.890581216E-04
350	262.5	647.370151	4.967054063E-04
351	263.25	648.104519	5.044446932E-04
352	264	648.847602	5.122770491E-04
353	264.75	649.599497	5.202035560E-04
354	265.5	650.360305	5.282253115E-04
355	266.25	651.130126	5.363434286E-04
356	267	651.909064	5.445590366E-04
357	267.75	652.697222	5.528732808E-04
358	268.5	653.494706	5.612873229E-04
359	269.25	654.301621	5.698023414E-04
360	270	655.118077	5.784195318E-04
361	270.75	655.944184	5.871401068E-04
362	271.5	656.780052	5.959652967E-04
363	272.25	657.625795	6.048963495E-04
364	273	658.481526	6.139345315E-04
365	273.75	659.347362	6.230811272E-04
366	274.5	660.22342	6.323374399E-04
367	275.25	661.109819	6.417047921E-04
368	276	662.006681	6.511845253E-04
369	276.75	662.914128	6.607780008E-04
370	277.5	663.832283	6.704866000E-04
371	278.25	664.761274	6.803117244E-04
372	279	665.701227	6.902547964E-04
373	279.75	666.652272	7.003172592E-04
374	280.5	667.614541	7.105005776E-04
375	281.25	668.588167	7.208062378E-04
376	282	669.573285	7.312357484E-04
377	282.75	670.570031	7.417906403E-04
378	283.5	671.578545	7.524724675E-04
379	284.25	672.598968	7.632828070E-04
380	285	673.631442	7.742232596E-04
381	285.75	674.676112	7.852954503E-04
382	286.5	675.733126	7.965010284E-04
383	287.25	676.802631	8.078416682E-04
384	288	677.884781	8.193190696E-04
385	288.75	678.979727	8.309349581E-04
386	289.5	680.087625	8.426910856E-04
387	290.25	681.208633	8.545892306E-04
388	291	682.342912	8.666311993E-04
389	291.75	683.490623	8.788188251E-04
390	292.5	684.651931	8.911539701E-04
391	293.25	685.827004	9.036385250E-04
392	294	687.01601	9.162744096E-04
393	294.75	688.219122	9.290635740E-04
394	295.5	689.436514	9.420079983E-04
395	296.25	690.668363	9.551096936E-04
396	297	691.914849	9.683707028E-04
397	297.75	693.176155	9.817931008E-04
398	298.5	694.452464	9.953789950E-04
399	299.25	695.743965	1.009130527E-03
400	300	697.050848	1.023049870E-03
── 设定点 750 °C　夹头 100 °C　段 0「HC1」　T设定 750 °C　节点 401　段长 300 mm　控温点下标 200（x = 150 mm）　电流 908.0 A　ΔL_A +0.030181　ΔL_B -0.002190
i	X_mm	TMetal_C	epsDiff
0	0	807.553924	6.250179790E-04
1	0.75	806.826862	6.170655048E-04
2	1.5	806.108053	6.092047807E-04
3	2.25	805.3974	6.014346911E-04
4	3	804.694807	5.937541354E-04
5	3.75	804.000179	5.861620279E-04
6	4.5	803.313423	5.786572976E-04
7	5.25	802.634446	5.712388879E-04
8	6	801.963158	5.639057564E-04
9	6.75	801.299467	5.566568747E-04
10	7.5	800.643286	5.494912281E-04
11	8.25	799.994526	5.424078156E-04
12	9	799.353101	5.354056495E-04
13	9.75	798.718925	5.284837551E-04
14	10.5	798.091914	5.216411708E-04
15	11.25	797.471985	5.148769477E-04
16	12	796.859054	5.081901495E-04
17	12.75	796.253042	5.015798522E-04
18	13.5	795.653867	4.950451440E-04
19	14.25	795.06145	4.885851251E-04
20	15	794.475713	4.821989075E-04
21	15.75	793.896579	4.758856149E-04
22	16.5	793.32397	4.696443825E-04
23	17.25	792.757813	4.634743566E-04
24	18	792.198032	4.573746948E-04
25	18.75	791.644555	4.513445656E-04
26	19.5	791.097307	4.453831484E-04
27	20.25	790.556218	4.394896332E-04
28	21	790.021217	4.336632204E-04
29	21.75	789.492234	4.279031208E-04
30	22.5	788.969199	4.222085555E-04
31	23.25	788.452045	4.165787555E-04
32	24	787.940705	4.110129617E-04
33	24.75	787.435111	4.055104248E-04
34	25.5	786.935197	4.000704051E-04
35	26.25	786.4409	3.946921725E-04
36	27	785.952155	3.893750060E-04
37	27.75	785.468899	3.841181939E-04
38	28.5	784.991068	3.789210337E-04
39	29.25	784.518602	3.737828318E-04
40	30	784.051439	3.687029032E-04
41	30.75	783.589519	3.636805719E-04
42	31.5	783.132782	3.587151703E-04
43	32.25	782.68117	3.538060393E-04
44	33	782.234625	3.489525282E-04
45	33.75	781.793088	3.441539943E-04
46	34.5	781.356504	3.394098034E-04
47	35.25	780.924817	3.347193288E-04
48	36	780.49797	3.300819520E-04
49	36.75	780.07591	3.254970623E-04
50	37.5	779.658583	3.209640565E-04
51	38.25	779.245934	3.164823390E-04
52	39	778.837912	3.120513217E-04
53	39.75	778.434465	3.076704239E-04
54	40.5	778.035541	3.033390720E-04
55	41.25	777.641088	2.990566997E-04
56	42	777.251058	2.948227477E-04
57	42.75	776.8654	2.906366637E-04
58	43.5	776.484066	2.864979022E-04
59	44.25	776.107006	2.824059244E-04
60	45	775.734174	2.783601985E-04
61	45.75	775.365522	2.743601990E-04
62	46.5	775.001004	2.704054069E-04
63	47.25	774.640573	2.664953099E-04
64	48	774.284183	2.626294016E-04
65	48.75	773.93179	2.588071824E-04
66	49.5	773.583349	2.550281583E-04
67	50.25	773.238817	2.512918418E-04
68	51	772.89815	2.475977512E-04
69	51.75	772.561304	2.439454107E-04
70	52.5	772.228239	2.403343506E-04
71	53.25	771.898911	2.367641067E-04
72	54	771.573279	2.332342206E-04
73	54.75	771.251303	2.297442395E-04
74	55.5	770.932943	2.262937162E-04
75	56.25	770.618157	2.228822089E-04
76	57	770.306908	2.195092812E-04
77	57.75	769.999155	2.161745022E-04
78	58.5	769.694861	2.128774461E-04
79	59.25	769.393987	2.096176923E-04
80	60	769.096496	2.063948254E-04
81	60.75	768.80235	2.032084350E-04
82	61.5	768.511514	2.000581158E-04
83	62.25	768.22395	1.969434673E-04
84	63	767.939623	1.938640941E-04
85	63.75	767.658498	1.908196053E-04
86	64.5	767.380539	1.878096150E-04
87	65.25	767.105713	1.848337418E-04
88	66	766.833984	1.818916092E-04
89	66.75	766.565319	1.789828450E-04
90	67.5	766.299685	1.761070816E-04
91	68.25	766.037048	1.732639560E-04
92	69	765.777377	1.704531095E-04
93	69.75	765.520639	1.676741876E-04
94	70.5	765.266803	1.649268402E-04
95	71.25	765.015836	1.622107217E-04
96	72	764.767708	1.595254903E-04
97	72.75	764.522388	1.568708085E-04
98	73.5	764.279846	1.542463429E-04
99	74.25	764.040052	1.516517641E-04
100	75	763.802977	1.490867468E-04
101	75.75	763.56859	1.465509695E-04
102	76.5	763.336864	1.440441145E-04
103	77.25	763.107769	1.415658682E-04
104	78	762.881278	1.391159206E-04
105	78.75	762.657362	1.366939656E-04
106	79.5	762.435995	1.342997006E-04
107	80.25	762.217148	1.319328268E-04
108	81	762.000795	1.295930491E-04
109	81.75	761.786909	1.272800756E-04
110	82.5	761.575465	1.249936185E-04
111	83.25	761.366436	1.227333929E-04
112	84	761.159796	1.204991177E-04
113	84.75	760.95552	1.182905151E-04
114	85.5	760.753584	1.161073107E-04
115	86.25	760.553962	1.139492333E-04
116	87	760.35663	1.118160152E-04
117	87.75	760.161564	1.097073918E-04
118	88.5	759.96874	1.076231016E-04
119	89.25	759.778134	1.055628865E-04
120	90	759.589724	1.035264913E-04
121	90.75	759.403485	1.015136641E-04
122	91.5	759.219396	9.952415599E-05
123	92.25	759.037434	9.755772096E-05
124	93	758.857576	9.561411613E-05
125	93.75	758.679801	9.369310150E-05
126	94.5	758.504088	9.179444002E-05
127	95.25	758.330414	8.991789752E-05
128	96	758.158758	8.806324264E-05
129	96.75	757.989101	8.623024690E-05
130	97.5	757.82142	8.441868454E-05
131	98.25	757.655696	8.262833261E-05
132	99	757.491908	8.085897083E-05
133	99.75	757.330037	7.911038166E-05
134	100.5	757.170062	7.738235017E-05
135	101.25	757.011966	7.567466410E-05
136	102	756.855727	7.398711377E-05
137	102.75	756.701328	7.231949207E-05
138	103.5	756.548749	7.067159445E-05
139	104.25	756.397972	6.904321883E-05
140	105	756.248979	6.743416567E-05
141	105.75	756.101752	6.584423785E-05
142	106.5	755.956272	6.427324068E-05
143	107.25	755.812523	6.272098190E-05
144	108	755.670486	6.118727160E-05
145	108.75	755.530146	5.967192224E-05
146	109.5	755.391483	5.817474857E-05
147	110.25	755.254483	5.669556769E-05
148	111	755.119128	5.523419893E-05
149	111.75	754.985402	5.379046388E-05
150	112.5	754.853289	5.236418637E-05
151	113.25	754.722773	5.095519241E-05
152	114	754.593837	4.956331020E-05
153	114.75	754.466467	4.818837009E-05
154	115.5	754.340648	4.683020455E-05
155	116.25	754.216363	4.548864818E-05
156	117	754.093598	4.416353763E-05
157	117.75	753.972338	4.285471165E-05
158	118.5	753.852569	4.156201100E-05
159	119.25	753.734276	4.028527848E-05
160	120	753.617445	3.902435887E-05
161	120.75	753.502061	3.777909895E-05
162	121.5	753.388111	3.654934743E-05
163	122.25	753.275582	3.533495498E-05
164	123	753.164459	3.413577416E-05
165	123.75	753.054729	3.295165945E-05
166	124.5	752.946379	3.178246720E-05
167	125.25	752.839396	3.062805560E-05
168	126	752.733767	2.948828470E-05
169	126.75	752.62948	2.836301636E-05
170	127.5	752.526522	2.725211424E-05
171	128.25	752.42488	2.615544379E-05
172	129	752.324542	2.507287221E-05
173	129.75	752.225497	2.400426847E-05
174	130.5	752.127731	2.294950325E-05
175	131.25	752.031235	2.190844895E-05
176	132	751.935996	2.088097966E-05
177	132.75	751.842002	1.986697117E-05
178	133.5	751.749242	1.886630090E-05
179	134.25	751.657706	1.787884794E-05
180	135	751.567382	1.690449300E-05
181	135.75	751.478259	1.594311842E-05
182	136.5	751.390327	1.499460812E-05
183	137.25	751.303575	1.405884761E-05
184	138	751.217993	1.313572397E-05
185	138.75	751.13357	1.222512583E-05
186	139.5	751.050297	1.132694338E-05
187	140.25	750.968163	1.044106831E-05
188	141	750.887159	9.567393825E-06
189	141.75	750.807275	8.705814636E-06
190	142.5	750.728501	7.856226932E-06
191	143.25	750.650828	7.018528372E-06
192	144	750.574247	6.192618071E-06
193	144.75	750.498748	5.378396586E-06
194	145.5	750.424322	4.575765907E-06
195	146.25	750.350961	3.784629438E-06
196	147	750.278656	3.004891988E-06
197	147.75	750.207398	2.236459761E-06
198	148.5	750.137178	1.479240338E-06
199	149.25	750.067989	7.331426704E-07
200	150	749.999822	-1.922935921E-09
201	150.75	749.932668	-7.260448294E-07
202	151.5	749.86652	-1.439310025E-06
203	152.25	749.80137	-2.141804218E-06
204	153	749.737211	-2.833611788E-06
205	153.75	749.674033	-3.514815820E-06
206	154.5	749.611831	-4.185498107E-06
207	155.25	749.550596	-4.845739163E-06
208	156	749.490321	-5.495618234E-06
209	156.75	749.430999	-6.135213309E-06
210	157.5	749.372623	-6.764601128E-06
211	158.25	749.315186	-7.383857193E-06
212	159	749.258681	-7.993055777E-06
213	159.75	749.203101	-8.592269936E-06
214	160.5	749.14844	-9.181571512E-06
215	161.25	749.094692	-9.761031152E-06
216	162	749.041849	-1.033071831E-05
217	162.75	748.989905	-1.089070125E-05
218	163.5	748.938855	-1.144104708E-05
219	164.25	748.888692	-1.198182173E-05
220	165	748.839411	-1.251308997E-05
221	165.75	748.791004	-1.303491543E-05
222	166.5	748.743468	-1.354736059E-05
223	167.25	748.696795	-1.405048682E-05
224	168	748.650981	-1.454435434E-05
225	168.75	748.606019	-1.502902227E-05
226	169.5	748.561905	-1.550454861E-05
227	170.25	748.518634	-1.597099026E-05
228	171	748.476199	-1.642840304E-05
229	171.75	748.434597	-1.687684165E-05
230	172.5	748.393822	-1.731635975E-05
231	173.25	748.353869	-1.774700991E-05
232	174	748.314734	-1.816884361E-05
233	174.75	748.276412	-1.858191130E-05
234	175.5	748.238898	-1.898626237E-05
235	176.25	748.202188	-1.938194515E-05
236	177	748.166277	-1.976900694E-05
237	177.75	748.131162	-2.014749400E-05
238	178.5	748.096838	-2.051745156E-05
239	179.25	748.0633	-2.087892383E-05
240	180	748.030546	-2.123195399E-05
241	180.75	747.998571	-2.157658423E-05
242	181.5	747.967371	-2.191285571E-05
243	182.25	747.936943	-2.224080859E-05
244	183	747.907282	-2.256048205E-05
245	183.75	747.878387	-2.287191425E-05
246	184.5	747.850252	-2.317514240E-05
247	185.25	747.822875	-2.347020269E-05
248	186	747.796252	-2.375713035E-05
249	186.75	747.77038	-2.403595964E-05
250	187.5	747.745257	-2.430672384E-05
251	188.25	747.720879	-2.456945527E-05
252	189	747.697243	-2.482418528E-05
253	189.75	747.674347	-2.507094429E-05
254	190.5	747.652187	-2.530976172E-05
255	191.25	747.630762	-2.554066609E-05
256	192	747.610068	-2.576368495E-05
257	192.75	747.590103	-2.597884489E-05
258	193.5	747.570865	-2.618617160E-05
259	194.25	747.552352	-2.638568981E-05
260	195	747.53456	-2.657742331E-05
261	195.75	747.517489	-2.676139498E-05
262	196.5	747.501136	-2.693762676E-05
263	197.25	747.4855	-2.710613968E-05
264	198	747.470577	-2.726695382E-05
265	198.75	747.456367	-2.742008837E-05
266	199.5	747.442868	-2.756556159E-05
267	200.25	747.430079	-2.770339083E-05
268	201	747.417997	-2.783359252E-05
269	201.75	747.406621	-2.795618218E-05
270	202.5	747.39595	-2.807117445E-05
271	203.25	747.385983	-2.817858302E-05
272	204	747.376719	-2.827842070E-05
273	204.75	747.368156	-2.837069940E-05
274	205.5	747.360293	-2.845543012E-05
275	206.25	747.35313	-2.853262296E-05
276	207	747.346666	-2.860228712E-05
277	207.75	747.340899	-2.866443090E-05
278	208.5	747.335829	-2.871906172E-05
279	209.25	747.331456	-2.876618609E-05
280	210	747.32778	-2.880580962E-05
281	210.75	747.324798	-2.883793704E-05
282	211.5	747.322512	-2.886257218E-05
283	212.25	747.320921	-2.887971798E-05
284	213	747.320025	-2.888937647E-05
285	213.75	747.319823	-2.889154881E-05
286	214.5	747.320316	-2.888623527E-05
287	215.25	747.321504	-2.887343519E-05
288	216	747.323387	-2.885314707E-05
289	216.75	747.325965	-2.882536848E-05
290	217.5	747.329238	-2.879009611E-05
291	218.25	747.333207	-2.874732576E-05
292	219	747.337872	-2.869705232E-05
293	219.75	747.343234	-2.863926980E-05
294	220.5	747.349293	-2.857397133E-05
295	221.25	747.356051	-2.850114910E-05
296	222	747.363507	-2.842079444E-05
297	222.75	747.371664	-2.833289777E-05
298	223.5	747.380521	-2.823744862E-05
299	224.25	747.39008	-2.813443559E-05
300	225	747.400342	-2.802384641E-05
301	225.75	747.411308	-2.790566790E-05
302	226.5	747.42298	-2.777988596E-05
303	227.25	747.435359	-2.764648559E-05
304	228	747.448446	-2.750545089E-05
305	228.75	747.462243	-2.735676504E-05
306	229.5	747.476752	-2.720041031E-05
307	230.25	747.491974	-2.703636805E-05
308	231	747.507911	-2.686461870E-05
309	231.75	747.524565	-2.668514177E-05
310	232.5	747.541938	-2.649791586E-05
311	233.25	747.560032	-2.630291863E-05
312	234	747.578849	-2.610012683E-05
313	234.75	747.598392	-2.588951626E-05
314	235.5	747.618662	-2.567106179E-05
315	236.25	747.639663	-2.544473736E-05
316	237	747.661396	-2.521051598E-05
317	237.75	747.683864	-2.496836968E-05
318	238.5	747.707071	-2.471826957E-05
319	239.25	747.731018	-2.446018582E-05
320	240	747.755708	-2.419408761E-05
321	240.75	747.781145	-2.391994318E-05
322	241.5	747.807331	-2.363771982E-05
323	242.25	747.83427	-2.334738383E-05
324	243	747.861965	-2.304890054E-05
325	243.75	747.890419	-2.274223433E-05
326	244.5	747.919635	-2.242734857E-05
327	245.25	747.949617	-2.210420566E-05
328	246	747.980369	-2.177276702E-05
329	246.75	748.011893	-2.143299304E-05
330	247.5	748.044195	-2.108484315E-05
331	248.25	748.077277	-2.072827577E-05
332	249	748.111144	-2.036324827E-05
333	249.75	748.1458	-1.998971707E-05
334	250.5	748.181249	-1.960763750E-05
335	251.25	748.217494	-1.921696392E-05
336	252	748.254541	-1.881764964E-05
337	252.75	748.292394	-1.840964691E-05
338	253.5	748.331056	-1.799290695E-05
339	254.25	748.370534	-1.756737996E-05
340	255	748.410831	-1.713301503E-05
341	255.75	748.451953	-1.668976023E-05
342	256.5	748.493904	-1.623756253E-05
343	257.25	748.536689	-1.577636784E-05
344	258	748.580313	-1.530612100E-05
345	258.75	748.624782	-1.482676572E-05
346	259.5	748.670101	-1.433824465E-05
347	260.25	748.716275	-1.384049931E-05
348	261	748.763309	-1.333347014E-05
349	261.75	748.81121	-1.281709641E-05
350	262.5	748.859983	-1.229131631E-05
351	263.25	748.909634	-1.175606687E-05
352	264	748.960168	-1.121128399E-05
353	264.75	749.011592	-1.065690239E-05
354	265.5	749.063912	-1.009285567E-05
355	266.25	749.117135	-9.519076233E-06
356	267	749.171265	-8.935495313E-06
357	267.75	749.226311	-8.342042958E-06
358	268.5	749.282278	-7.738648021E-06
359	269.25	749.339173	-7.125238152E-06
360	270	749.397004	-6.501739785E-06
361	270.75	749.455776	-5.868078132E-06
362	271.5	749.515497	-5.224177173E-06
363	272.25	749.576173	-4.569959645E-06
364	273	749.637813	-3.905347034E-06
365	273.75	749.700424	-3.230259563E-06
366	274.5	749.764013	-2.544616180E-06
367	275.25	749.828587	-1.848334555E-06
368	276	749.894155	-1.141331058E-06
369	276.75	749.960724	-4.235207598E-07
370	277.5	750.028302	3.051825871E-07
371	278.25	750.096897	1.044866556E-06
372	279	750.166517	1.795620059E-06
373	279.75	750.237172	2.557533356E-06
374	280.5	750.308868	3.330698070E-06
375	281.25	750.381615	4.115207196E-06
376	282	750.455422	4.911155116E-06
377	282.75	750.530297	5.718637606E-06
378	283.5	750.606249	6.537751854E-06
379	284.25	750.683287	7.368596472E-06
380	285	750.761421	8.211271505E-06
381	285.75	750.84066	9.065878447E-06
382	286.5	750.921013	9.932520255E-06
383	287.25	751.00249	1.081130136E-05
384	288	751.0851	1.170232768E-05
385	288.75	751.168855	1.260570664E-05
386	289.5	751.253763	1.352154718E-05
387	290.25	751.339834	1.444995976E-05
388	291	751.42708	1.539105641E-05
389	291.75	751.51551	1.634495071E-05
390	292.5	751.605136	1.731175779E-05
391	293.25	751.695967	1.829159441E-05
392	294	751.788016	1.928457890E-05
393	294.75	751.881292	2.029083125E-05
394	295.5	751.975807	2.131047305E-05
395	296.25	752.071572	2.234362756E-05
396	297	752.1686	2.339041972E-05
397	297.75	752.266901	2.445097613E-05
398	298.5	752.366487	2.552542511E-05
399	299.25	752.46737	2.661389670E-05
400	300	752.569563	2.771652268E-05
── 设定点 750 °C　夹头 100 °C　段 1「HC2」　T设定 750 °C　节点 401　段长 300 mm　控温点下标 200（x = 150 mm）　电流 903.8 A　ΔL_A -0.004561　ΔL_B +0.050567
i	X_mm	TMetal_C	epsDiff
0	0	752.54625	2.746497757E-05
1	0.75	752.397653	2.586168501E-05
2	1.5	752.251001	2.427943985E-05
3	2.25	752.106278	2.271804900E-05
4	3	751.963465	2.117732197E-05
5	3.75	751.822545	1.965707091E-05
6	4.5	751.683501	1.815711051E-05
7	5.25	751.546316	1.667725804E-05
8	6	751.410975	1.521733329E-05
9	6.75	751.27746	1.377715852E-05
10	7.5	751.145756	1.235655850E-05
11	8.25	751.015846	1.095536045E-05
12	9	750.887716	9.573393987E-06
13	9.75	750.761349	8.210491160E-06
14	10.5	750.63673	6.866486389E-06
15	11.25	750.513845	5.541216450E-06
16	12	750.392679	4.234520459E-06
17	12.75	750.273217	2.946239841E-06
18	13.5	750.155445	1.676218315E-06
19	14.25	750.039348	4.243018705E-07
20	15	749.924914	-8.096612555E-07
21	15.75	749.812127	-2.025820596E-06
22	16.5	749.700975	-3.224323478E-06
23	17.25	749.591444	-4.405315037E-06
24	18	749.483521	-5.568938242E-06
25	18.75	749.377193	-6.715333915E-06
26	19.5	749.272447	-7.844640746E-06
27	20.25	749.169271	-8.956995313E-06
28	21	749.067653	-1.005253210E-05
29	21.75	748.96758	-1.113138353E-05
30	22.5	748.86904	-1.219367995E-05
31	23.25	748.772022	-1.323954968E-05
32	24	748.676513	-1.426911902E-05
33	24.75	748.582503	-1.528251225E-05
34	25.5	748.489981	-1.627985168E-05
35	26.25	748.398934	-1.726125764E-05
36	27	748.309353	-1.822684850E-05
37	27.75	748.221226	-1.917674071E-05
38	28.5	748.134543	-2.011104878E-05
39	29.25	748.049294	-2.102988530E-05
40	30	747.965468	-2.193336100E-05
41	30.75	747.883056	-2.282158470E-05
42	31.5	747.802048	-2.369466338E-05
43	32.25	747.722433	-2.455270214E-05
44	33	747.644203	-2.539580428E-05
45	33.75	747.567348	-2.622407124E-05
46	34.5	747.491859	-2.703760269E-05
47	35.25	747.417727	-2.783649648E-05
48	36	747.344943	-2.862084868E-05
49	36.75	747.273499	-2.939075359E-05
50	37.5	747.203385	-3.014630376E-05
51	38.25	747.134594	-3.088759000E-05
52	39	747.067117	-3.161470137E-05
53	39.75	747.000946	-3.232772521E-05
54	40.5	746.936074	-3.302674717E-05
55	41.25	746.872493	-3.371185118E-05
56	42	746.810194	-3.438311950E-05
57	42.75	746.749172	-3.504063270E-05
58	43.5	746.689417	-3.568446968E-05
59	44.25	746.630924	-3.631470771E-05
60	45	746.573686	-3.693142239E-05
61	45.75	746.517695	-3.753468770E-05
62	46.5	746.462944	-3.812457598E-05
63	47.25	746.409428	-3.870115796E-05
64	48	746.35714	-3.926450277E-05
65	48.75	746.306074	-3.981467794E-05
66	49.5	746.256223	-4.035174939E-05
67	50.25	746.207582	-4.087578150E-05
68	51	746.160146	-4.138683704E-05
69	51.75	746.113907	-4.188497724E-05
70	52.5	746.068861	-4.237026176E-05
71	53.25	746.025003	-4.284274872E-05
72	54	745.982327	-4.330249470E-05
73	54.75	745.940828	-4.374955475E-05
74	55.5	745.900501	-4.418398238E-05
75	56.25	745.861342	-4.460582959E-05
76	57	745.823345	-4.501514688E-05
77	57.75	745.786507	-4.541198322E-05
78	58.5	745.750823	-4.579638610E-05
79	59.25	745.716288	-4.616840151E-05
80	60	745.682899	-4.652807396E-05
81	60.75	745.650651	-4.687544646E-05
82	61.5	745.619541	-4.721056058E-05
83	62.25	745.589566	-4.753345638E-05
84	63	745.56072	-4.784417248E-05
85	63.75	745.533002	-4.814274603E-05
86	64.5	745.506408	-4.842921273E-05
87	65.25	745.480934	-4.870360683E-05
88	66	745.456578	-4.896596113E-05
89	66.75	745.433336	-4.921630699E-05
90	67.5	745.411206	-4.945467434E-05
91	68.25	745.390186	-4.968109165E-05
92	69	745.370273	-4.989558600E-05
93	69.75	745.351464	-5.009818302E-05
94	70.5	745.333757	-5.028890690E-05
95	71.25	745.31715	-5.046778046E-05
96	72	745.301642	-5.063482504E-05
97	72.75	745.287229	-5.079006062E-05
98	73.5	745.273912	-5.093350575E-05
99	74.25	745.261687	-5.106517754E-05
100	75	745.250554	-5.118509175E-05
101	75.75	745.240511	-5.129326268E-05
102	76.5	745.231557	-5.138970327E-05
103	77.25	745.223692	-5.147442503E-05
104	78	745.216913	-5.154743808E-05
105	78.75	745.21122	-5.160875115E-05
106	79.5	745.206614	-5.165837155E-05
107	80.25	745.203092	-5.169630521E-05
108	81	745.200654	-5.172255667E-05
109	81.75	745.199301	-5.173712906E-05
110	82.5	745.199033	-5.174002411E-05
111	83.25	745.199848	-5.173124219E-05
112	84	745.201748	-5.171078223E-05
113	84.75	745.204732	-5.167864179E-05
114	85.5	745.2088	-5.163481704E-05
115	86.25	745.213955	-5.157930273E-05
116	87	745.220195	-5.151209225E-05
117	87.75	745.227521	-5.143317755E-05
118	88.5	745.235935	-5.134254923E-05
119	89.25	745.245438	-5.124019644E-05
120	90	745.25603	-5.112610696E-05
121	90.75	745.267713	-5.100026717E-05
122	91.5	745.280489	-5.086266204E-05
123	92.25	745.294358	-5.071327511E-05
124	93	745.309323	-5.055208856E-05
125	93.75	745.325385	-5.037908311E-05
126	94.5	745.342546	-5.019423809E-05
127	95.25	745.360808	-4.999753144E-05
128	96	745.380174	-4.978893962E-05
129	96.75	745.400645	-4.956843773E-05
130	97.5	745.422224	-4.933599941E-05
131	98.25	745.444914	-4.909159687E-05
132	99	745.468717	-4.883520092E-05
133	99.75	745.493636	-4.856678089E-05
134	100.5	745.519675	-4.828630471E-05
135	101.25	745.546835	-4.799373884E-05
136	102	745.575121	-4.768904831E-05
137	102.75	745.604536	-4.737219668E-05
138	103.5	745.635083	-4.704314607E-05
139	104.25	745.666766	-4.670185712E-05
140	105	745.699589	-4.634828901E-05
141	105.75	745.733555	-4.598239946E-05
142	106.5	745.768669	-4.560414470E-05
143	107.25	745.804934	-4.521347946E-05
144	108	745.842356	-4.481035702E-05
145	108.75	745.880938	-4.439472912E-05
146	109.5	745.920685	-4.396654603E-05
147	110.25	745.961602	-4.352575650E-05
148	111	746.003694	-4.307230776E-05
149	111.75	746.046965	-4.260614553E-05
150	112.5	746.091422	-4.212721398E-05
151	113.25	746.137068	-4.163545577E-05
152	114	746.18391	-4.113081200E-05
153	114.75	746.231953	-4.061322221E-05
154	115.5	746.281203	-4.008262440E-05
155	116.25	746.331666	-3.953895499E-05
156	117	746.383348	-3.898214884E-05
157	117.75	746.436254	-3.841213919E-05
158	118.5	746.490391	-3.782885772E-05
159	119.25	746.545766	-3.723223450E-05
160	120	746.602386	-3.662219798E-05
161	120.75	746.660256	-3.599867500E-05
162	121.5	746.719384	-3.536159075E-05
163	122.25	746.779777	-3.471086881E-05
164	123	746.841441	-3.404643109E-05
165	123.75	746.904386	-3.336819783E-05
166	124.5	746.968617	-3.267608762E-05
167	125.25	747.034143	-3.197001736E-05
168	126	747.100971	-3.124990225E-05
169	126.75	747.169109	-3.051565580E-05
170	127.5	747.238566	-2.976718980E-05
171	128.25	747.30935	-2.900441430E-05
172	129	747.381468	-2.822723762E-05
173	129.75	747.454931	-2.743556633E-05
174	130.5	747.529746	-2.662930524E-05
175	131.25	747.605923	-2.580835739E-05
176	132	747.68347	-2.497262400E-05
177	132.75	747.762397	-2.412200452E-05
178	133.5	747.842713	-2.325639657E-05
179	134.25	747.924427	-2.237569595E-05
180	135	748.007551	-2.147979660E-05
181	135.75	748.092093	-2.056859063E-05
182	136.5	748.178063	-1.964196825E-05
183	137.25	748.265473	-1.869981780E-05
184	138	748.354332	-1.774202571E-05
185	138.75	748.44465	-1.676847651E-05
186	139.5	748.53644	-1.577905278E-05
187	140.25	748.629711	-1.477363517E-05
188	141	748.724475	-1.375210234E-05
189	141.75	748.820743	-1.271433100E-05
190	142.5	748.918527	-1.166019584E-05
191	143.25	749.017838	-1.058956956E-05
192	144	749.118689	-9.502322805E-06
193	144.75	749.221091	-8.398324193E-06
194	145.5	749.325056	-7.277440266E-06
195	146.25	749.430598	-6.139535482E-06
196	147	749.537729	-4.984472202E-06
197	147.75	749.646461	-3.812110664E-06
198	148.5	749.756807	-2.622308966E-06
199	149.25	749.868782	-1.414923049E-06
200	150	749.982398	-1.898066737E-07
201	150.75	750.097669	1.053188595E-06
202	151.5	750.214608	2.314213412E-06
203	152.25	750.33323	3.593420670E-06
204	153	750.45355	4.890965523E-06
205	153.75	750.575581	6.207005405E-06
206	154.5	750.699338	7.541700052E-06
207	155.25	750.824836	8.895211526E-06
208	156	750.95209	1.026770423E-05
209	156.75	751.081115	1.165934495E-05
210	157.5	751.211928	1.307030285E-05
211	158.25	751.344543	1.450074952E-05
212	159	751.478977	1.595085897E-05
213	159.75	751.615245	1.742080770E-05
214	160.5	751.753365	1.891077468E-05
215	161.25	751.893352	2.042094139E-05
216	162	752.035225	2.195149187E-05
217	162.75	752.178999	2.350261270E-05
218	163.5	752.324692	2.507449306E-05
219	164.25	752.472322	2.666732474E-05
220	165	752.621907	2.828130217E-05
221	165.75	752.773464	2.991662246E-05
222	166.5	752.927012	3.157348541E-05
223	167.25	753.08257	3.325209355E-05
224	168	753.240156	3.495265216E-05
225	168.75	753.399789	3.667536930E-05
226	169.5	753.561488	3.842045585E-05
227	170.25	753.725274	4.018812551E-05
228	171	753.891166	4.197859489E-05
229	171.75	754.059184	4.379208346E-05
230	172.5	754.229348	4.562881366E-05
231	173.25	754.40168	4.748901087E-05
232	174	754.576199	4.937290348E-05
233	174.75	754.752927	5.128072291E-05
234	175.5	754.931886	5.321270363E-05
235	176.25	755.113097	5.516908322E-05
236	177	755.296582	5.715010239E-05
237	177.75	755.482364	5.915600500E-05
238	178.5	755.670465	6.118703813E-05
239	179.25	755.860908	6.324345209E-05
240	180	756.053715	6.532550045E-05
241	180.75	756.248912	6.743344011E-05
242	181.5	756.44652	6.956753130E-05
243	182.25	756.646565	7.172803763E-05
244	183	756.849071	7.391522615E-05
245	183.75	757.054062	7.612936736E-05
246	184.5	757.261564	7.837073525E-05
247	185.25	757.471601	8.063960738E-05
248	186	757.6842	8.293626487E-05
249	186.75	757.899386	8.526099246E-05
250	187.5	758.117185	8.761407857E-05
251	188.25	758.337625	8.999581532E-05
252	189	758.560732	9.240649858E-05
253	189.75	758.786534	9.484642801E-05
254	190.5	759.015057	9.731590712E-05
255	191.25	759.246331	9.981524329E-05
256	192	759.480383	1.023447479E-04
257	192.75	759.717242	1.049047361E-04
258	193.5	759.956937	1.074955274E-04
259	194.25	760.199498	1.101174450E-04
260	195	760.444955	1.127708166E-04
261	195.75	760.693336	1.154559738E-04
262	196.5	760.944674	1.181732525E-04
263	197.25	761.198999	1.209229928E-04
264	198	761.456343	1.237055394E-04
265	198.75	761.716736	1.265212410E-04
266	199.5	761.980211	1.293704510E-04
267	200.25	762.246801	1.322535272E-04
268	201	762.516538	1.351708319E-04
269	201.75	762.789457	1.381227320E-04
270	202.5	763.065589	1.411095991E-04
271	203.25	763.34497	1.441318094E-04
272	204	763.627634	1.471897442E-04
273	204.75	763.913617	1.502837891E-04
274	205.5	764.202953	1.534143351E-04
275	206.25	764.495678	1.565817777E-04
276	207	764.791829	1.597865178E-04
277	207.75	765.091442	1.630289611E-04
278	208.5	765.394555	1.663095186E-04
279	209.25	765.701205	1.696286065E-04
280	210	766.011431	1.729866460E-04
281	210.75	766.32527	1.763840640E-04
282	211.5	766.642763	1.798212926E-04
283	212.25	766.963948	1.832987695E-04
284	213	767.288866	1.868169378E-04
285	213.75	767.617557	1.903762463E-04
286	214.5	767.950062	1.939771495E-04
287	215.25	768.286423	1.976201076E-04
288	216	768.626682	2.013055866E-04
289	216.75	768.970882	2.050340586E-04
290	217.5	769.319065	2.088060015E-04
291	218.25	769.671275	2.126218994E-04
292	219	770.027556	2.164822425E-04
293	219.75	770.387953	2.203875271E-04
294	220.5	770.752512	2.243382560E-04
295	221.25	771.121278	2.283349383E-04
296	222	771.494297	2.323780897E-04
297	222.75	771.871617	2.364682322E-04
298	223.5	772.253285	2.406058948E-04
299	224.25	772.63935	2.447916130E-04
300	225	773.029859	2.490259291E-04
301	225.75	773.424863	2.533093925E-04
302	226.5	773.82441	2.576425596E-04
303	227.25	774.228553	2.620259938E-04
304	228	774.637342	2.664602658E-04
305	228.75	775.050829	2.709459536E-04
306	229.5	775.469066	2.754836425E-04
307	230.25	775.892106	2.800739254E-04
308	231	776.320004	2.847174030E-04
309	231.75	776.752814	2.894146833E-04
310	232.5	777.19059	2.941663825E-04
311	233.25	777.63339	2.989731245E-04
312	234	778.081268	3.038355414E-04
313	234.75	778.534283	3.087542733E-04
314	235.5	778.992492	3.137299689E-04
315	236.25	779.455955	3.187632847E-04
316	237	779.92473	3.238548864E-04
317	237.75	780.398877	3.290054477E-04
318	238.5	780.878458	3.342156515E-04
319	239.25	781.363534	3.394861893E-04
320	240	781.854168	3.448177617E-04
321	240.75	782.350422	3.502110784E-04
322	241.5	782.852361	3.556668585E-04
323	242.25	783.360049	3.611858301E-04
324	243	783.873553	3.667687313E-04
325	243.75	784.392938	3.724163096E-04
326	244.5	784.918273	3.781293222E-04
327	245.25	785.449624	3.839085365E-04
328	246	785.987061	3.897547298E-04
329	246.75	786.530654	3.956686897E-04
330	247.5	787.080473	4.016512143E-04
331	248.25	787.636591	4.077031119E-04
332	249	788.199079	4.138252019E-04
333	249.75	788.768011	4.200183143E-04
334	250.5	789.343463	4.262832901E-04
335	251.25	789.925507	4.326209816E-04
336	252	790.514222	4.390322524E-04
337	252.75	791.109685	4.455179776E-04
338	253.5	791.711973	4.520790439E-04
339	254.25	792.321166	4.587163499E-04
340	255	792.937345	4.654308065E-04
341	255.75	793.560589	4.722233363E-04
342	256.5	794.190983	4.790948748E-04
343	257.25	794.828609	4.860463698E-04
344	258	795.473551	4.930787820E-04
345	258.75	796.125895	5.001930851E-04
346	259.5	796.785729	5.073902660E-04
347	260.25	797.453138	5.146713247E-04
348	261	798.128214	5.220372753E-04
349	261.75	798.811044	5.294891453E-04
350	262.5	799.501722	5.370279764E-04
351	263.25	800.200338	5.446548244E-04
352	264	800.906987	5.523707598E-04
353	264.75	801.621763	5.601768677E-04
354	265.5	802.344763	5.680742479E-04
355	266.25	803.076084	5.760640156E-04
356	267	803.815824	5.841473015E-04
357	267.75	804.564083	5.923252516E-04
358	268.5	805.320962	6.005990280E-04
359	269.25	806.086564	6.089698091E-04
360	270	806.860993	6.174387895E-04
361	270.75	807.644353	6.260071806E-04
362	271.5	808.436752	6.346762105E-04
363	272.25	809.238297	6.434471250E-04
364	273	810.049098	6.523211870E-04
365	273.75	810.869265	6.612996773E-04
366	274.5	811.698911	6.703838950E-04
367	275.25	812.53815	6.795751572E-04
368	276	813.387097	6.888748001E-04
369	276.75	814.245869	6.982841787E-04
370	277.5	815.114584	7.078046674E-04
371	278.25	815.993363	7.174376601E-04
372	279	816.882326	7.271845709E-04
373	279.75	817.781597	7.370468340E-04
374	280.5	818.691302	7.470259046E-04
375	281.25	819.611567	7.571232584E-04
376	282	820.542519	7.673403931E-04
377	282.75	821.484289	7.776788275E-04
378	283.5	822.43701	7.881401031E-04
379	284.25	823.400813	7.987257836E-04
380	285	824.375836	8.094374556E-04
381	285.75	825.362214	8.202767290E-04
382	286.5	826.360088	8.312452375E-04
383	287.25	827.369598	8.423446388E-04
384	288	828.390887	8.535766153E-04
385	288.75	829.4241	8.649428741E-04
386	289.5	830.469385	8.764451482E-04
387	290.25	831.526889	8.880851959E-04
388	291	832.596764	8.998648023E-04
389	291.75	833.679163	9.117857791E-04
390	292.5	834.774241	9.238499654E-04
391	293.25	835.882156	9.360592279E-04
392	294	837.003067	9.484154619E-04
393	294.75	838.137136	9.609205914E-04
394	295.5	839.284527	9.735765697E-04
395	296.25	840.445407	9.863853800E-04
396	297	841.619943	9.993490361E-04
397	297.75	842.808308	1.012469583E-03
398	298.5	844.010674	1.025749096E-03
399	299.25	845.227218	1.039189685E-03
400	300	846.458118	1.052793490E-03
── 设定点 750 °C　夹头 450 °C　段 0「HC1」　T设定 750 °C　节点 401　段长 300 mm　控温点下标 200（x = 150 mm）　电流 901.9 A　ΔL_A +0.028306　ΔL_B +0.025233
i	X_mm	TMetal_C	epsDiff
0	0	810.169997	6.536445631E-04
1	0.75	809.344626	6.446107694E-04
2	1.5	808.528824	6.356836171E-04
3	2.25	807.722479	6.268618160E-04
4	3	806.925481	6.181440941E-04
5	3.75	806.137721	6.095291972E-04
6	4.5	805.359093	6.010158889E-04
7	5.25	804.589489	5.926029498E-04
8	6	803.828806	5.842891778E-04
9	6.75	803.076942	5.760733876E-04
10	7.5	802.333793	5.679544101E-04
11	8.25	801.599261	5.599310928E-04
12	9	800.873245	5.520022989E-04
13	9.75	800.155649	5.441669075E-04
14	10.5	799.446375	5.364238132E-04
15	11.25	798.745329	5.287719259E-04
16	12	798.052417	5.212101702E-04
17	12.75	797.367545	5.137374860E-04
18	13.5	796.690624	5.063528273E-04
19	14.25	796.021561	4.990551627E-04
20	15	795.360269	4.918434750E-04
21	15.75	794.706658	4.847167606E-04
22	16.5	794.060643	4.776740298E-04
23	17.25	793.422138	4.707143064E-04
24	18	792.791057	4.638366275E-04
25	18.75	792.167318	4.570400432E-04
26	19.5	791.550839	4.503236166E-04
27	20.25	790.941537	4.436864234E-04
28	21	790.339332	4.371275519E-04
29	21.75	789.744146	4.306461028E-04
30	22.5	789.1559	4.242411887E-04
31	23.25	788.574517	4.179119346E-04
32	24	787.999921	4.116574768E-04
33	24.75	787.432036	4.054769636E-04
34	25.5	786.870788	3.993695547E-04
35	26.25	786.316104	3.933344210E-04
36	27	785.767911	3.873707445E-04
37	27.75	785.226139	3.814777184E-04
38	28.5	784.690716	3.756545465E-04
39	29.25	784.161573	3.699004434E-04
40	30	783.638641	3.642146342E-04
41	30.75	783.121852	3.585963542E-04
42	31.5	782.61114	3.530448492E-04
43	32.25	782.106439	3.475593749E-04
44	33	781.607682	3.421391970E-04
45	33.75	781.114807	3.367835909E-04
46	34.5	780.627748	3.314918418E-04
47	35.25	780.146444	3.262632444E-04
48	36	779.670832	3.210971028E-04
49	36.75	779.200852	3.159927303E-04
50	37.5	778.736442	3.109494494E-04
51	38.25	778.277544	3.059665916E-04
52	39	777.824098	3.010434974E-04
53	39.75	777.376047	2.961795160E-04
54	40.5	776.933333	2.913740053E-04
55	41.25	776.495899	2.866263315E-04
56	42	776.063691	2.819358697E-04
57	42.75	775.636651	2.773020029E-04
58	43.5	775.214727	2.727241226E-04
59	44.25	774.797864	2.682016282E-04
60	45	774.38601	2.637339271E-04
61	45.75	773.979112	2.593204348E-04
62	46.5	773.577118	2.549605744E-04
63	47.25	773.179977	2.506537767E-04
64	48	772.787639	2.463994801E-04
65	48.75	772.400055	2.421971306E-04
66	49.5	772.017175	2.380461815E-04
67	50.25	771.638951	2.339460933E-04
68	51	771.265336	2.298963339E-04
69	51.75	770.896281	2.258963782E-04
70	52.5	770.53174	2.219457081E-04
71	53.25	770.171669	2.180438126E-04
72	54	769.81602	2.141901873E-04
73	54.75	769.46475	2.103843348E-04
74	55.5	769.117813	2.066257642E-04
75	56.25	768.775168	2.029139913E-04
76	57	768.436771	1.992485385E-04
77	57.75	768.102578	1.956289343E-04
78	58.5	767.772549	1.920547139E-04
79	59.25	767.446642	1.885254188E-04
80	60	767.124817	1.850405963E-04
81	60.75	766.807032	1.815998002E-04
82	61.5	766.493248	1.782025904E-04
83	62.25	766.183427	1.748485324E-04
84	63	765.877529	1.715371980E-04
85	63.75	765.575517	1.682681646E-04
86	64.5	765.277352	1.650410155E-04
87	65.25	764.982998	1.618553396E-04
88	66	764.692417	1.587107316E-04
89	66.75	764.405575	1.556067917E-04
90	67.5	764.122434	1.525431254E-04
91	68.25	763.842961	1.495193440E-04
92	69	763.56712	1.465350639E-04
93	69.75	763.294877	1.435899071E-04
94	70.5	763.026198	1.406835005E-04
95	71.25	762.76105	1.378154765E-04
96	72	762.4994	1.349854725E-04
97	72.75	762.241217	1.321931311E-04
98	73.5	761.986467	1.294380997E-04
99	74.25	761.735119	1.267200310E-04
100	75	761.487143	1.240385824E-04
101	75.75	761.242508	1.213934162E-04
102	76.5	761.001183	1.187841995E-04
103	77.25	760.763138	1.162106043E-04
104	78	760.528346	1.136723071E-04
105	78.75	760.296776	1.111689891E-04
106	79.5	760.068399	1.087003364E-04
107	80.25	759.843189	1.062660392E-04
108	81	759.621117	1.038657926E-04
109	81.75	759.402156	1.014992959E-04
110	82.5	759.186278	9.916625302E-05
111	83.25	758.973458	9.686637217E-05
112	84	758.76367	9.459936587E-05
113	84.75	758.556887	9.236495097E-05
114	85.5	758.353084	9.016284855E-05
115	86.25	758.152237	8.799278387E-05
116	87	757.95432	8.585448639E-05
117	87.75	757.75931	8.374768965E-05
118	88.5	757.567182	8.167213131E-05
119	89.25	757.377913	7.962755304E-05
120	90	757.19148	7.761370051E-05
121	90.75	757.00786	7.563032337E-05
122	91.5	756.827031	7.367717519E-05
123	92.25	756.648971	7.175401342E-05
124	93	756.473657	6.986059937E-05
125	93.75	756.301068	6.799669817E-05
126	94.5	756.131184	6.616207871E-05
127	95.25	755.963984	6.435651365E-05
128	96	755.799446	6.257977935E-05
129	96.75	755.637552	6.083165587E-05
130	97.5	755.478282	5.911192689E-05
131	98.25	755.321615	5.742037972E-05
132	99	755.167534	5.575680526E-05
133	99.75	755.016018	5.412099795E-05
134	100.5	754.867051	5.251275576E-05
135	101.25	754.720613	5.093188017E-05
136	102	754.576687	4.937817609E-05
137	102.75	754.435256	4.785145190E-05
138	103.5	754.296302	4.635151937E-05
139	104.25	754.159808	4.487819365E-05
140	105	754.025758	4.343129325E-05
141	105.75	753.894135	4.201064002E-05
142	106.5	753.764924	4.061605907E-05
143	107.25	753.638109	3.924737884E-05
144	108	753.513674	3.790443099E-05
145	108.75	753.391605	3.658705041E-05
146	109.5	753.271886	3.529507519E-05
147	110.25	753.154504	3.402834662E-05
148	111	753.039443	3.278670913E-05
149	111.75	752.92669	3.157001028E-05
150	112.5	752.816232	3.037810075E-05
151	113.25	752.708054	2.921083432E-05
152	114	752.602144	2.806806783E-05
153	114.75	752.49849	2.694966118E-05
154	115.5	752.397078	2.585547727E-05
155	116.25	752.297896	2.478538206E-05
156	117	752.200932	2.373924445E-05
157	117.75	752.106175	2.271693636E-05
158	118.5	752.013613	2.171833261E-05
159	119.25	751.923234	2.074331102E-05
160	120	751.835029	1.979175226E-05
161	120.75	751.748986	1.886353997E-05
162	121.5	751.665095	1.795856062E-05
163	122.25	751.583346	1.707670358E-05
164	123	751.503729	1.621786107E-05
165	123.75	751.426234	1.538192814E-05
166	124.5	751.350852	1.456880266E-05
167	125.25	751.277574	1.377838533E-05
168	126	751.206391	1.301057963E-05
169	126.75	751.137294	1.226529181E-05
170	127.5	751.070276	1.154243092E-05
171	128.25	751.005327	1.084190874E-05
172	129	750.942441	1.016363980E-05
173	129.75	750.88161	9.507541357E-06
174	130.5	750.822826	8.873533397E-06
175	131.25	750.766082	8.261538608E-06
176	132	750.711371	7.671482376E-06
177	132.75	750.658688	7.103292774E-06
178	133.5	750.608024	6.556900552E-06
179	134.25	750.559376	6.032239126E-06
180	135	750.512735	5.529244571E-06
181	135.75	750.468098	5.047855610E-06
182	136.5	750.425458	4.588013606E-06
183	137.25	750.38481	4.149662555E-06
184	138	750.34615	3.732749075E-06
185	138.75	750.309473	3.337222404E-06
186	139.5	750.274774	2.963034386E-06
187	140.25	750.24205	2.610139469E-06
188	141	750.211296	2.278494699E-06
189	141.75	750.182508	1.968059712E-06
190	142.5	750.155684	1.678796726E-06
191	143.25	750.13082	1.410670543E-06
192	144	750.107912	1.163648535E-06
193	144.75	750.086959	9.377006494E-07
194	145.5	750.067957	7.327993948E-07
195	146.25	750.050905	5.489198443E-07
196	147	750.0358	3.860396290E-07
197	147.75	750.022641	2.441389358E-07
198	148.5	750.011425	1.232005041E-07
199	149.25	750.002152	2.320962369E-08
200	150	749.994821	-5.584586726E-08
201	150.75	749.98943	-1.139755840E-07
202	151.5	749.985979	-1.511865966E-07
203	152.25	749.984468	-1.674834306E-07
204	153	749.984896	-1.628680683E-07
205	153.75	749.987263	-1.373399481E-07
206	154.5	749.991571	-9.089596545E-08
207	155.25	749.997818	-2.353047153E-08
208	156	750.006006	6.476472697E-08
209	156.75	750.016136	1.740003692E-07
210	157.5	750.02821	3.041897417E-07
211	158.25	750.042228	4.553486801E-07
212	159	750.058192	6.274955713E-07
213	159.75	750.076104	8.206513564E-07
214	160.5	750.095967	1.034839533E-06
215	161.25	750.117783	1.270086159E-06
216	162	750.141553	1.526419856E-06
217	162.75	750.167283	1.803871814E-06
218	163.5	750.194973	2.102475794E-06
219	164.25	750.224628	2.422268134E-06
220	165	750.256252	2.763287754E-06
221	165.75	750.289847	3.125576162E-06
222	166.5	750.325419	3.509177458E-06
223	167.25	750.36297	3.914138342E-06
224	168	750.402507	4.340508119E-06
225	168.75	750.444034	4.788338708E-06
226	169.5	750.487554	5.257684646E-06
227	170.25	750.533075	5.748603099E-06
228	171	750.580602	6.261153869E-06
229	171.75	750.630139	6.795399399E-06
230	172.5	750.681693	7.351404788E-06
231	173.25	750.735271	7.929237795E-06
232	174	750.790878	8.528968850E-06
233	174.75	750.848522	9.150671065E-06
234	175.5	750.908208	9.794420244E-06
235	176.25	750.969946	1.046029489E-05
236	177	751.033741	1.114837623E-05
237	177.75	751.099603	1.185874819E-05
238	178.5	751.167537	1.259149746E-05
239	179.25	751.237554	1.334671347E-05
240	180	751.30966	1.412448840E-05
241	180.75	751.383866	1.492491722E-05
242	181.5	751.46018	1.574809767E-05
243	182.25	751.53861	1.659413031E-05
244	183	751.619167	1.746311851E-05
245	183.75	751.701861	1.835516846E-05
246	184.5	751.7867	1.927038920E-05
247	185.25	751.873696	2.020889264E-05
248	186	751.96286	2.117079355E-05
249	186.75	752.0542	2.215620962E-05
250	187.5	752.14773	2.316526140E-05
251	188.25	752.24346	2.419807243E-05
252	189	752.341401	2.525476914E-05
253	189.75	752.441566	2.633548095E-05
254	190.5	752.543967	2.744034026E-05
255	191.25	752.648615	2.856948246E-05
256	192	752.755524	2.972304596E-05
257	192.75	752.864707	3.090117221E-05
258	193.5	752.976176	3.210400573E-05
259	194.25	753.089946	3.333169410E-05
260	195	753.20603	3.458438801E-05
261	195.75	753.324442	3.586224128E-05
262	196.5	753.445197	3.716541087E-05
263	197.25	753.568308	3.849405690E-05
264	198	753.693792	3.984834267E-05
265	198.75	753.821662	4.122843473E-05
266	199.5	753.951936	4.263450284E-05
267	200.25	754.084628	4.406672003E-05
268	201	754.219755	4.552526261E-05
269	201.75	754.357333	4.701031021E-05
270	202.5	754.497378	4.852204580E-05
271	203.25	754.639909	5.006065572E-05
272	204	754.784941	5.162632968E-05
273	204.75	754.932493	5.321926085E-05
274	205.5	755.082583	5.483964581E-05
275	206.25	755.235229	5.648768464E-05
276	207	755.390449	5.816358092E-05
277	207.75	755.548263	5.986754177E-05
278	208.5	755.708689	6.159977787E-05
279	209.25	755.871747	6.336050351E-05
280	210	756.037458	6.514993660E-05
281	210.75	756.20584	6.696829870E-05
282	211.5	756.376915	6.881581511E-05
283	212.25	756.550704	7.069271480E-05
284	213	756.727228	7.259923054E-05
285	213.75	756.906508	7.453559889E-05
286	214.5	757.088566	7.650206023E-05
287	215.25	757.273425	7.849885883E-05
288	216	757.461107	8.052624285E-05
289	216.75	757.651635	8.258446437E-05
290	217.5	757.845032	8.467377950E-05
291	218.25	758.041322	8.679444832E-05
292	219	758.24053	8.894673500E-05
293	219.75	758.442679	9.113090779E-05
294	220.5	758.647794	9.334723908E-05
295	221.25	758.8559	9.559600544E-05
296	222	759.067023	9.787748766E-05
297	222.75	759.28119	1.001919708E-04
298	223.5	759.498425	1.025397442E-04
299	224.25	759.718756	1.049211016E-04
300	225	759.94221	1.073363411E-04
301	225.75	760.168814	1.097857652E-04
302	226.5	760.398597	1.122696810E-04
303	227.25	760.631586	1.147884001E-04
304	228	760.86781	1.173422386E-04
305	228.75	761.107299	1.199315172E-04
306	229.5	761.350082	1.225565616E-04
307	230.25	761.596188	1.252177018E-04
308	231	761.845649	1.279152729E-04
309	231.75	762.098494	1.306496147E-04
310	232.5	762.354756	1.334210718E-04
311	233.25	762.614465	1.362299941E-04
312	234	762.877655	1.390767360E-04
313	234.75	763.144358	1.419616574E-04
314	235.5	763.414606	1.448851230E-04
315	236.25	763.688433	1.478475029E-04
316	237	763.965873	1.508491722E-04
317	237.75	764.246961	1.538905115E-04
318	238.5	764.531731	1.569719066E-04
319	239.25	764.820219	1.600937488E-04
320	240	765.112461	1.632564349E-04
321	240.75	765.408492	1.664603670E-04
322	241.5	765.708351	1.697059532E-04
323	242.25	766.012074	1.729936068E-04
324	243	766.319699	1.763237473E-04
325	243.75	766.631264	1.796967997E-04
326	244.5	766.946809	1.831131950E-04
327	245.25	767.266372	1.865733700E-04
328	246	767.589995	1.900777677E-04
329	246.75	767.917716	1.936268371E-04
330	247.5	768.249578	1.972210333E-04
331	248.25	768.585621	2.008608177E-04
332	249	768.925888	2.045466581E-04
333	249.75	769.270422	2.082790286E-04
334	250.5	769.619266	2.120584097E-04
335	251.25	769.972463	2.158852886E-04
336	252	770.330059	2.197601590E-04
337	252.75	770.692098	2.236835214E-04
338	253.5	771.058625	2.276558831E-04
339	254.25	771.429688	2.316777583E-04
340	255	771.805332	2.357496681E-04
341	255.75	772.185605	2.398721406E-04
342	256.5	772.570555	2.440457114E-04
343	257.25	772.960231	2.482709229E-04
344	258	773.354683	2.525483251E-04
345	258.75	773.75396	2.568784754E-04
346	259.5	774.158112	2.612619387E-04
347	260.25	774.567192	2.656992876E-04
348	261	774.98125	2.701911024E-04
349	261.75	775.400341	2.747379711E-04
350	262.5	775.824516	2.793404897E-04
351	263.25	776.25383	2.839992625E-04
352	264	776.688339	2.887149016E-04
353	264.75	777.128096	2.934880274E-04
354	265.5	777.573159	2.983192690E-04
355	266.25	778.023584	3.032092636E-04
356	267	778.47943	3.081586571E-04
357	267.75	778.940753	3.131681043E-04
358	268.5	779.407614	3.182382685E-04
359	269.25	779.880073	3.233698224E-04
360	270	780.35819	3.285634473E-04
361	270.75	780.842026	3.338198340E-04
362	271.5	781.331645	3.391396825E-04
363	272.25	781.827109	3.445237024E-04
364	273	782.328481	3.499726128E-04
365	273.75	782.835828	3.554871424E-04
366	274.5	783.349214	3.610680301E-04
367	275.25	783.868706	3.667160244E-04
368	276	784.394371	3.724318842E-04
369	276.75	784.926277	3.782163786E-04
370	277.5	785.464494	3.840702872E-04
371	278.25	786.009092	3.899944002E-04
372	279	786.560141	3.959895183E-04
373	279.75	787.117714	4.020564534E-04
374	280.5	787.681882	4.081960282E-04
375	281.25	788.25272	4.144090768E-04
376	282	788.830303	4.206964446E-04
377	282.75	789.414706	4.270589885E-04
378	283.5	790.006006	4.334975771E-04
379	284.25	790.60428	4.400130910E-04
380	285	791.209608	4.466064227E-04
381	285.75	791.822068	4.532784770E-04
382	286.5	792.441742	4.600301711E-04
383	287.25	793.068711	4.668624349E-04
384	288	793.703059	4.737762110E-04
385	288.75	794.344868	4.807724550E-04
386	289.5	794.994225	4.878521357E-04
387	290.25	795.651216	4.950162352E-04
388	291	796.315927	5.022657493E-04
389	291.75	796.988448	5.096016875E-04
390	292.5	797.668868	5.170250733E-04
391	293.25	798.357277	5.245369446E-04
392	294	799.053768	5.321383535E-04
393	294.75	799.758434	5.398303669E-04
394	295.5	800.47137	5.476140665E-04
395	296.25	801.19267	5.554905493E-04
396	297	801.922433	5.634609274E-04
397	297.75	802.660757	5.715263288E-04
398	298.5	803.40774	5.796878971E-04
399	299.25	804.163484	5.879467922E-04
400	300	804.928092	5.963041902E-04
── 设定点 750 °C　夹头 450 °C　段 1「HC2」　T设定 750 °C　节点 401　段长 300 mm　控温点下标 200（x = 150 mm）　电流 898.2 A　ΔL_A +0.023169　ΔL_B +0.046116
i	X_mm	TMetal_C	epsDiff
0	0	804.909069	5.960962416E-04
1	0.75	804.10373	5.872937264E-04
2	1.5	803.307832	5.785962009E-04
3	2.25	802.521266	5.700024185E-04
4	3	801.743926	5.615111502E-04
5	3.75	800.975706	5.531211845E-04
6	4.5	800.216504	5.448313268E-04
7	5.25	799.466216	5.366403996E-04
8	6	798.724742	5.285472417E-04
9	6.75	797.991982	5.205507083E-04
10	7.5	797.267837	5.126496707E-04
11	8.25	796.552211	5.048430160E-04
12	9	795.845007	4.971296468E-04
13	9.75	795.146132	4.895084811E-04
14	10.5	794.455491	4.819784519E-04
15	11.25	793.772994	4.745385072E-04
16	12	793.098548	4.671876095E-04
17	12.75	792.432066	4.599247357E-04
18	13.5	791.773457	4.527488771E-04
19	14.25	791.122635	4.456590388E-04
20	15	790.479514	4.386542398E-04
21	15.75	789.844009	4.317335125E-04
22	16.5	789.216035	4.248959028E-04
23	17.25	788.595511	4.181404699E-04
24	18	787.982355	4.114662856E-04
25	18.75	787.376485	4.048724349E-04
26	19.5	786.777824	3.983580152E-04
27	20.25	786.186291	3.919221364E-04
28	21	785.60181	3.855639206E-04
29	21.75	785.024304	3.792825020E-04
30	22.5	784.453698	3.730770265E-04
31	23.25	783.889917	3.669466522E-04
32	24	783.332888	3.608905482E-04
33	24.75	782.782539	3.549078954E-04
34	25.5	782.238798	3.489978858E-04
35	26.25	781.701594	3.431597224E-04
36	27	781.170859	3.373926192E-04
37	27.75	780.646522	3.316958010E-04
38	28.5	780.128516	3.260685032E-04
39	29.25	779.616775	3.205099717E-04
40	30	779.111233	3.150194626E-04
41	30.75	778.611823	3.095962423E-04
42	31.5	778.118483	3.042395873E-04
43	32.25	777.631148	2.989487840E-04
44	33	777.149755	2.937231284E-04
45	33.75	776.674244	2.885619263E-04
46	34.5	776.204553	2.834644931E-04
47	35.25	775.740621	2.784301533E-04
48	36	775.282391	2.734582411E-04
49	36.75	774.829802	2.685480995E-04
50	37.5	774.382797	2.636990806E-04
51	38.25	773.94132	2.589105454E-04
52	39	773.505314	2.541818639E-04
53	39.75	773.074723	2.495124144E-04
54	40.5	772.649492	2.449015841E-04
55	41.25	772.229568	2.403487684E-04
56	42	771.814898	2.358533713E-04
57	42.75	771.405428	2.314148048E-04
58	43.5	771.001107	2.270324892E-04
59	44.25	770.601884	2.227058527E-04
60	45	770.207708	2.184343316E-04
61	45.75	769.818529	2.142173698E-04
62	46.5	769.434298	2.100544191E-04
63	47.25	769.054967	2.059449389E-04
64	48	768.680487	2.018883962E-04
65	48.75	768.310813	1.978842653E-04
66	49.5	767.945896	1.939320280E-04
67	50.25	767.585692	1.900311733E-04
68	51	767.230155	1.861811973E-04
69	51.75	766.87924	1.823816035E-04
70	52.5	766.532903	1.786319021E-04
71	53.25	766.191101	1.749316103E-04
72	54	765.853792	1.712802522E-04
73	54.75	765.520932	1.676773586E-04
74	55.5	765.192481	1.641224671E-04
75	56.25	764.868397	1.606151218E-04
76	57	764.548639	1.571548733E-04
77	57.75	764.233169	1.537412789E-04
78	58.5	763.921946	1.503739018E-04
79	59.25	763.614931	1.470523121E-04
80	60	763.312087	1.437760857E-04
81	60.75	763.013376	1.405448048E-04
82	61.5	762.71876	1.373580577E-04
83	62.25	762.428204	1.342154388E-04
84	63	762.14167	1.311165485E-04
85	63.75	761.859124	1.280609928E-04
86	64.5	761.58053	1.250483838E-04
87	65.25	761.305853	1.220783393E-04
88	66	761.035061	1.191504829E-04
89	66.75	760.768118	1.162644437E-04
90	67.5	760.504993	1.134198565E-04
91	68.25	760.245653	1.106163615E-04
92	69	759.990065	1.078536045E-04
93	69.75	759.738198	1.051312366E-04
94	70.5	759.490021	1.024489145E-04
95	71.25	759.245503	9.980629982E-05
96	72	759.004615	9.720305977E-05
97	72.75	758.767325	9.463886659E-05
98	73.5	758.533607	9.211339770E-05
99	74.25	758.303429	8.962633561E-05
100	75	758.076765	8.717736789E-05
101	75.75	757.853586	8.476618709E-05
102	76.5	757.633864	8.239249071E-05
103	77.25	757.417574	8.005598115E-05
104	78	757.204688	7.775636566E-05
105	78.75	756.99518	7.549335630E-05
106	79.5	756.789024	7.326666989E-05
107	80.25	756.586196	7.107602796E-05
108	81	756.38667	6.892115673E-05
109	81.75	756.190421	6.680178705E-05
110	82.5	755.997427	6.471765434E-05
111	83.25	755.807662	6.266849860E-05
112	84	755.621105	6.065406432E-05
113	84.75	755.437732	5.867410046E-05
114	85.5	755.25752	5.672836042E-05
115	86.25	755.080449	5.481660200E-05
116	87	754.906495	5.293858733E-05
117	87.75	754.735638	5.109408289E-05
118	88.5	754.567858	4.928285943E-05
119	89.25	754.403132	4.750469195E-05
120	90	754.241442	4.575935968E-05
121	90.75	754.082768	4.404664602E-05
122	91.5	753.927091	4.236633852E-05
123	92.25	753.77439	4.071822884E-05
124	93	753.624649	3.910211276E-05
125	93.75	753.477848	3.751779006E-05
126	94.5	753.33397	3.596506461E-05
127	95.25	753.192997	3.444374422E-05
128	96	753.054912	3.295364069E-05
129	96.75	752.919699	3.149456977E-05
130	97.5	752.78734	3.006635111E-05
131	98.25	752.65782	2.866880823E-05
132	99	752.531124	2.730176853E-05
133	99.75	752.407234	2.596506324E-05
134	100.5	752.286138	2.465852738E-05
135	101.25	752.167819	2.338199977E-05
136	102	752.052264	2.213532298E-05
137	102.75	751.939459	2.091834332E-05
138	103.5	751.829389	1.973091080E-05
139	104.25	751.722042	1.857287914E-05
140	105	751.617405	1.744410572E-05
141	105.75	751.515464	1.634445156E-05
142	106.5	751.416208	1.527378131E-05
143	107.25	751.319624	1.423196324E-05
144	108	751.225701	1.321886919E-05
145	108.75	751.134428	1.223437459E-05
146	109.5	751.045793	1.127835839E-05
147	110.25	750.959785	1.035070310E-05
148	111	750.876395	9.451294742E-06
149	111.75	750.795612	8.580022820E-06
150	112.5	750.717426	7.736780335E-06
151	113.25	750.641828	6.921463753E-06
152	114	750.568809	6.133972990E-06
153	114.75	750.49836	5.374211400E-06
154	115.5	750.430472	4.642085759E-06
155	116.25	750.365137	3.937506255E-06
156	117	750.302348	3.260386471E-06
157	117.75	750.242097	2.610643373E-06
158	118.5	750.184376	1.988197302E-06
159	119.25	750.129178	1.392971955E-06
160	120	750.076498	8.248943811E-07
161	120.75	750.026328	2.838949676E-07
162	121.5	749.978662	-2.300925705E-07
163	122.25	749.933495	-7.171311990E-07
164	123	749.890821	-1.177280574E-06
165	123.75	749.850635	-1.610597051E-06
166	124.5	749.812933	-2.017133692E-06
167	125.25	749.777709	-2.396940274E-06
168	126	749.744959	-2.750063296E-06
169	126.75	749.71468	-3.076545987E-06
170	127.5	749.686868	-3.376428308E-06
171	128.25	749.661519	-3.649746964E-06
172	129	749.638631	-3.896535404E-06
173	129.75	749.6182	-4.116823830E-06
174	130.5	749.600224	-4.310639197E-06
175	131.25	749.584702	-4.478005220E-06
176	132	749.57163	-4.618942377E-06
177	132.75	749.561009	-4.733467912E-06
178	133.5	749.552835	-4.821595837E-06
179	134.25	749.547109	-4.883336932E-06
180	135	749.543829	-4.918698752E-06
181	135.75	749.542995	-4.927685622E-06
182	136.5	749.544608	-4.910298641E-06
183	137.25	749.548667	-4.866535683E-06
184	138	749.555173	-4.796391394E-06
185	138.75	749.564126	-4.699857192E-06
186	139.5	749.575528	-4.576921268E-06
187	140.25	749.58938	-4.427568580E-06
188	141	749.605683	-4.251780855E-06
189	141.75	749.624441	-4.049536585E-06
190	142.5	749.645654	-3.820811023E-06
191	143.25	749.669325	-3.565576179E-06
192	144	749.695458	-3.283800819E-06
193	144.75	749.724056	-2.975450457E-06
194	145.5	749.755121	-2.640487351E-06
195	146.25	749.788659	-2.278870501E-06
196	147	749.824672	-1.890555636E-06
197	147.75	749.863164	-1.475495214E-06
198	148.5	749.904142	-1.033638413E-06
199	149.25	749.94761	-5.649311221E-07
200	150	749.993572	-6.931593638E-08
201	150.75	750.042035	4.532678538E-07
202	151.5	750.093004	1.002884270E-06
203	152.25	750.146485	1.579600657E-06
204	153	750.202486	2.183487689E-06
205	153.75	750.261012	2.814619384E-06
206	154.5	750.322071	3.473073111E-06
207	155.25	750.38567	4.158929604E-06
208	156	750.451817	4.872272973E-06
209	156.75	750.520519	5.613190714E-06
210	157.5	750.591786	6.381773726E-06
211	158.25	750.665625	7.178116321E-06
212	159	750.742047	8.002316237E-06
213	159.75	750.821059	8.854474655E-06
214	160.5	750.902671	9.734696215E-06
215	161.25	750.986894	1.064308903E-05
216	162	751.073737	1.157976468E-05
217	162.75	751.163211	1.254483829E-05
218	163.5	751.255328	1.353842847E-05
219	164.25	751.350097	1.456065739E-05
220	165	751.44753	1.561165076E-05
221	165.75	751.54764	1.669153787E-05
222	166.5	751.650438	1.780045161E-05
223	167.25	751.755938	1.893852849E-05
224	168	751.86415	2.010590862E-05
225	168.75	751.97509	2.130273581E-05
226	169.5	752.088769	2.252915751E-05
227	170.25	752.205203	2.378532489E-05
228	171	752.324405	2.507139282E-05
229	171.75	752.446389	2.638751993E-05
230	172.5	752.571171	2.773386860E-05
231	173.25	752.698765	2.911060502E-05
232	174	752.829187	3.051789918E-05
233	174.75	752.962454	3.195592490E-05
234	175.5	753.09858	3.342485990E-05
235	176.25	753.237583	3.492488577E-05
236	177	753.379479	3.645618802E-05
237	177.75	753.524286	3.801895610E-05
238	178.5	753.672021	3.961338346E-05
239	179.25	753.822703	4.123966754E-05
240	180	753.97635	4.289800982E-05
241	180.75	754.13298	4.458861583E-05
242	181.5	754.292612	4.631169522E-05
243	182.25	754.455267	4.806746175E-05
244	183	754.620963	4.985613335E-05
245	183.75	754.789721	5.167793213E-05
246	184.5	754.961562	5.353308445E-05
247	185.25	755.136506	5.542182090E-05
248	186	755.314576	5.734437640E-05
249	186.75	755.495792	5.930099018E-05
250	187.5	755.680177	6.129190585E-05
251	188.25	755.867753	6.331737141E-05
252	189	756.058544	6.537763932E-05
253	189.75	756.252572	6.747296651E-05
254	190.5	756.449861	6.960361446E-05
255	191.25	756.650437	7.176984917E-05
256	192	756.854322	7.397194128E-05
257	192.75	757.061543	7.621016605E-05
258	193.5	757.272124	7.848480346E-05
259	194.25	757.486091	8.079613818E-05
260	195	757.703472	8.314445969E-05
261	195.75	757.924291	8.553006227E-05
262	196.5	758.148577	8.795324508E-05
263	197.25	758.376358	9.041431220E-05
264	198	758.60766	9.291357264E-05
265	198.75	758.842513	9.545134047E-05
266	199.5	759.080945	9.802793477E-05
267	200.25	759.322986	1.006436798E-04
268	201	759.568666	1.032989048E-04
269	201.75	759.818015	1.059939445E-04
270	202.5	760.071064	1.087291387E-04
271	203.25	760.327844	1.115048326E-04
272	204	760.588386	1.143213767E-04
273	204.75	760.852723	1.171791270E-04
274	205.5	761.120888	1.200784450E-04
275	206.25	761.392914	1.230196978E-04
276	207	761.668835	1.260032578E-04
277	207.75	761.948684	1.290295035E-04
278	208.5	762.232496	1.320988189E-04
279	209.25	762.520307	1.352115937E-04
280	210	762.812153	1.383682237E-04
281	210.75	763.108069	1.415691104E-04
282	211.5	763.408092	1.448146614E-04
283	212.25	763.71226	1.481052903E-04
284	213	764.020611	1.514414170E-04
285	213.75	764.333183	1.548234672E-04
286	214.5	764.650014	1.582518732E-04
287	215.25	764.971146	1.617270736E-04
288	216	765.296616	1.652495132E-04
289	216.75	765.626467	1.688196435E-04
290	217.5	765.96074	1.724379225E-04
291	218.25	766.299475	1.761048146E-04
292	219	766.642717	1.798207914E-04
293	219.75	766.990507	1.835863307E-04
294	220.5	767.342889	1.874019177E-04
295	221.25	767.699908	1.912680442E-04
296	222	768.061608	1.951852092E-04
297	222.75	768.428035	1.991539187E-04
298	223.5	768.799235	2.031746861E-04
299	224.25	769.175254	2.072480319E-04
300	225	769.556141	2.113744842E-04
301	225.75	769.941942	2.155545783E-04
302	226.5	770.332707	2.197888573E-04
303	227.25	770.728486	2.240778719E-04
304	228	771.129327	2.284221805E-04
305	228.75	771.535282	2.328223495E-04
306	229.5	771.946403	2.372789532E-04
307	230.25	772.362741	2.417925738E-04
308	231	772.784349	2.463638020E-04
309	231.75	773.211281	2.509932364E-04
310	232.5	773.643591	2.556814843E-04
311	233.25	774.081334	2.604291613E-04
312	234	774.524565	2.652368916E-04
313	234.75	774.973342	2.701053082E-04
314	235.5	775.427721	2.750350530E-04
315	236.25	775.887761	2.800267765E-04
316	237	776.353521	2.850811387E-04
317	237.75	776.825059	2.901988085E-04
318	238.5	777.302437	2.953804642E-04
319	239.25	777.785715	3.006267934E-04
320	240	778.274956	3.059384936E-04
321	240.75	778.770223	3.113162716E-04
322	241.5	779.271579	3.167608442E-04
323	242.25	779.779088	3.222729383E-04
324	243	780.292817	3.278532905E-04
325	243.75	780.812832	3.335026481E-04
326	244.5	781.339199	3.392217685E-04
327	245.25	781.871988	3.450114196E-04
328	246	782.411266	3.508723801E-04
329	246.75	782.957104	3.568054395E-04
330	247.5	783.509573	3.628113981E-04
331	248.25	784.068744	3.688910677E-04
332	249	784.63469	3.750452709E-04
333	249.75	785.207486	3.812748422E-04
334	250.5	785.787205	3.875806274E-04
335	251.25	786.373924	3.939634842E-04
336	252	786.967719	4.004242823E-04
337	252.75	787.568668	4.069639035E-04
338	253.5	788.17685	4.135832417E-04
339	254.25	788.792344	4.202832036E-04
340	255	789.415232	4.270647084E-04
341	255.75	790.045595	4.339286882E-04
342	256.5	790.683516	4.408760880E-04
343	257.25	791.329081	4.479078663E-04
344	258	791.982374	4.550249948E-04
345	258.75	792.643481	4.622284590E-04
346	259.5	793.31249	4.695192580E-04
347	260.25	793.98949	4.768984054E-04
348	261	794.674571	4.843669286E-04
349	261.75	795.367825	4.919258697E-04
350	262.5	796.069342	4.995762856E-04
351	263.25	796.779218	5.073192479E-04
352	264	797.497547	5.151558436E-04
353	264.75	798.224425	5.230871749E-04
354	265.5	798.95995	5.311143598E-04
355	266.25	799.704221	5.392385321E-04
356	267	800.457337	5.474608418E-04
357	267.75	801.2194	5.557824551E-04
358	268.5	801.990512	5.642045551E-04
359	269.25	802.770779	5.727283416E-04
360	270	803.560306	5.813550318E-04
361	270.75	804.359199	5.900858603E-04
362	271.5	805.167568	5.989220792E-04
363	272.25	805.985522	6.078649589E-04
364	273	806.813173	6.169157881E-04
365	273.75	807.650633	6.260758739E-04
366	274.5	808.498018	6.353465427E-04
367	275.25	809.355442	6.447291396E-04
368	276	810.223025	6.542250298E-04
369	276.75	811.100885	6.638355981E-04
370	277.5	811.989143	6.735622494E-04
371	278.25	812.887921	6.834064094E-04
372	279	813.797344	6.933695245E-04
373	279.75	814.717538	7.034530625E-04
374	280.5	815.648631	7.136585126E-04
375	281.25	816.590751	7.239873860E-04
376	282	817.54403	7.344412165E-04
377	282.75	818.508601	7.450215604E-04
378	283.5	819.484599	7.557299970E-04
379	284.25	820.472161	7.665681293E-04
380	285	821.471425	7.775375843E-04
381	285.75	822.482531	7.886400131E-04
382	286.5	823.505623	7.998770917E-04
383	287.25	824.540844	8.112505212E-04
384	288	825.588341	8.227620286E-04
385	288.75	826.648263	8.344133667E-04
386	289.5	827.72076	8.462063149E-04
387	290.25	828.805985	8.581426799E-04
388	291	829.904093	8.702242957E-04
389	291.75	831.015241	8.824530242E-04
390	292.5	832.139588	8.948307562E-04
391	293.25	833.277295	9.073594113E-04
392	294	834.428527	9.200409386E-04
393	294.75	835.59345	9.328773176E-04
394	295.5	836.772231	9.458705582E-04
395	296.25	837.965043	9.590227018E-04
396	297	839.172057	9.723358214E-04
397	297.75	840.393451	9.858120226E-04
398	298.5	841.629401	9.994534439E-04
399	299.25	842.88009	1.013262258E-03
400	300	844.145701	1.027240670E-03
── 设定点 900 °C　夹头 100 °C　段 0「HC1」　T设定 900 °C　节点 401　段长 300 mm　控温点下标 200（x = 150 mm）　电流 1022.0 A　ΔL_A +0.027393　ΔL_B +0.001122
i	X_mm	TMetal_C	epsDiff
0	0	950.704822	5.738196888E-04
1	0.75	950.061067	5.664753550E-04
2	1.5	949.424543	5.592150606E-04
3	2.25	948.795166	5.520378046E-04
4	3	948.172856	5.449425990E-04
5	3.75	947.55753	5.379284692E-04
6	4.5	946.94911	5.309944531E-04
7	5.25	946.347515	5.241396015E-04
8	6	945.752669	5.173629774E-04
9	6.75	945.164493	5.106636563E-04
10	7.5	944.582912	5.040407258E-04
11	8.25	944.00785	4.974932853E-04
12	9	943.439234	4.910204458E-04
13	9.75	942.87699	4.846213303E-04
14	10.5	942.321045	4.782950728E-04
15	11.25	941.771328	4.720408187E-04
16	12	941.227769	4.658577244E-04
17	12.75	940.690297	4.597449572E-04
18	13.5	940.158843	4.537016953E-04
19	14.25	939.63334	4.477271273E-04
20	15	939.113719	4.418204523E-04
21	15.75	938.599916	4.359808797E-04
22	16.5	938.091863	4.302076291E-04
23	17.25	937.589496	4.244999300E-04
24	18	937.092751	4.188570217E-04
25	18.75	936.601565	4.132781533E-04
26	19.5	936.115875	4.077625836E-04
27	20.25	935.635619	4.023095807E-04
28	21	935.160737	3.969184219E-04
29	21.75	934.691167	3.915883939E-04
30	22.5	934.226851	3.863187922E-04
31	23.25	933.767729	3.811089215E-04
32	24	933.313744	3.759580952E-04
33	24.75	932.864837	3.708656351E-04
34	25.5	932.420953	3.658308719E-04
35	26.25	931.982035	3.608531447E-04
36	27	931.548028	3.559318007E-04
37	27.75	931.118876	3.510661955E-04
38	28.5	930.694526	3.462556927E-04
39	29.25	930.274925	3.414996639E-04
40	30	929.86002	3.367974886E-04
41	30.75	929.449758	3.321485541E-04
42	31.5	929.044088	3.275522551E-04
43	32.25	928.642959	3.230079942E-04
44	33	928.246321	3.185151813E-04
45	33.75	927.854124	3.140732337E-04
46	34.5	927.466318	3.096815757E-04
47	35.25	927.082857	3.053396391E-04
48	36	926.70369	3.010468627E-04
49	36.75	926.328772	2.968026921E-04
50	37.5	925.958055	2.926065798E-04
51	38.25	925.591493	2.884579852E-04
52	39	925.229041	2.843563743E-04
53	39.75	924.870653	2.803012198E-04
54	40.5	924.516284	2.762920008E-04
55	41.25	924.165891	2.723282028E-04
56	42	923.819429	2.684093179E-04
57	42.75	923.476857	2.645348441E-04
58	43.5	923.138131	2.607042860E-04
59	44.25	922.803209	2.569171538E-04
60	45	922.47205	2.531729641E-04
61	45.75	922.144612	2.494712394E-04
62	46.5	921.820856	2.458115079E-04
63	47.25	921.500741	2.421933037E-04
64	48	921.184227	2.386161666E-04
65	48.75	920.871276	2.350796421E-04
66	49.5	920.561849	2.315832812E-04
67	50.25	920.255907	2.281266403E-04
68	51	919.953412	2.247092814E-04
69	51.75	919.654329	2.213307719E-04
70	52.5	919.358619	2.179906843E-04
71	53.25	919.066246	2.146885964E-04
72	54	918.777174	2.114240911E-04
73	54.75	918.491368	2.081967567E-04
74	55.5	918.208792	2.050061861E-04
75	56.25	917.929412	2.018519774E-04
76	57	917.653194	1.987337336E-04
77	57.75	917.380103	1.956510624E-04
78	58.5	917.110106	1.926035766E-04
79	59.25	916.84317	1.895908933E-04
80	60	916.579263	1.866126347E-04
81	60.75	916.318351	1.836684271E-04
82	61.5	916.060403	1.807579019E-04
83	62.25	915.805387	1.778806946E-04
84	63	915.553273	1.750364453E-04
85	63.75	915.304029	1.722247984E-04
86	64.5	915.057625	1.694454028E-04
87	65.25	914.81403	1.666979115E-04
88	66	914.573216	1.639819817E-04
89	66.75	914.335153	1.612972750E-04
90	67.5	914.099811	1.586434570E-04
91	68.25	913.867161	1.560201972E-04
92	69	913.637177	1.534271694E-04
93	69.75	913.409829	1.508640513E-04
94	70.5	913.18509	1.483305244E-04
95	71.25	912.962933	1.458262742E-04
96	72	912.74333	1.433509901E-04
97	72.75	912.526255	1.409043651E-04
98	73.5	912.311681	1.384860962E-04
99	74.25	912.099583	1.360958837E-04
100	75	911.889935	1.337334320E-04
101	75.75	911.68271	1.313984489E-04
102	76.5	911.477885	1.290906458E-04
103	77.25	911.275434	1.268097376E-04
104	78	911.075333	1.245554427E-04
105	78.75	910.877557	1.223274829E-04
106	79.5	910.682082	1.201255836E-04
107	80.25	910.488885	1.179494734E-04
108	81	910.297943	1.157988843E-04
109	81.75	910.109232	1.136735515E-04
110	82.5	909.922729	1.115732135E-04
111	83.25	909.738413	1.094976121E-04
112	84	909.55626	1.074464922E-04
113	84.75	909.376249	1.054196018E-04
114	85.5	909.198357	1.034166921E-04
115	86.25	909.022564	1.014375173E-04
116	87	908.848849	9.948183476E-05
117	87.75	908.677189	9.754940466E-05
118	88.5	908.507566	9.563999028E-05
119	89.25	908.339957	9.375335779E-05
120	90	908.174343	9.188927627E-05
121	90.75	908.010704	9.004751769E-05
122	91.5	907.84902	8.822785682E-05
123	92.25	907.689273	8.643007128E-05
124	93	907.531441	8.465394144E-05
125	93.75	907.375508	8.289925042E-05
126	94.5	907.221453	8.116578405E-05
127	95.25	907.069258	7.945333087E-05
128	96	906.918905	7.776168204E-05
129	96.75	906.770377	7.609063139E-05
130	97.5	906.623654	7.443997532E-05
131	98.25	906.47872	7.280951280E-05
132	99	906.335557	7.119904536E-05
133	99.75	906.194147	6.960837705E-05
134	100.5	906.054475	6.803731438E-05
135	101.25	905.916523	6.648566635E-05
136	102	905.780274	6.495324438E-05
137	102.75	905.645713	6.343986232E-05
138	103.5	905.512822	6.194533640E-05
139	104.25	905.381587	6.046948519E-05
140	105	905.251991	5.901212961E-05
141	105.75	905.12402	5.757309291E-05
142	106.5	904.997657	5.615220060E-05
143	107.25	904.872887	5.474928046E-05
144	108	904.749696	5.336416251E-05
145	108.75	904.628069	5.199667901E-05
146	109.5	904.507991	5.064666439E-05
147	110.25	904.389448	4.931395526E-05
148	111	904.272425	4.799839037E-05
149	111.75	904.15691	4.669981062E-05
150	112.5	904.042887	4.541805901E-05
151	113.25	903.930344	4.415298061E-05
152	114	903.819267	4.290442258E-05
153	114.75	903.709642	4.167223411E-05
154	115.5	903.601457	4.045626642E-05
155	116.25	903.494698	3.925637274E-05
156	117	903.389353	3.807240827E-05
157	117.75	903.285409	3.690423020E-05
158	118.5	903.182855	3.575169764E-05
159	119.25	903.081677	3.461467165E-05
160	120	902.981863	3.349301520E-05
161	120.75	902.883403	3.238659313E-05
162	121.5	902.786283	3.129527219E-05
163	122.25	902.690492	3.021892094E-05
164	123	902.59602	2.915740983E-05
165	123.75	902.502854	2.811061109E-05
166	124.5	902.410984	2.707839878E-05
167	125.25	902.320398	2.606064873E-05
168	126	902.231087	2.505723857E-05
169	126.75	902.143038	2.406804766E-05
170	127.5	902.056243	2.309295711E-05
171	128.25	901.97069	2.213184975E-05
172	129	901.886369	2.118461013E-05
173	129.75	901.80327	2.025112449E-05
174	130.5	901.721384	1.933128073E-05
175	131.25	901.6407	1.842496845E-05
176	132	901.561209	1.753207888E-05
177	132.75	901.482902	1.665250488E-05
178	133.5	901.405769	1.578614094E-05
179	134.25	901.329801	1.493288315E-05
180	135	901.254989	1.409262922E-05
181	135.75	901.181324	1.326527842E-05
182	136.5	901.108798	1.245073158E-05
183	137.25	901.037401	1.164889112E-05
184	138	900.967126	1.085966095E-05
185	138.75	900.897964	1.008294656E-05
186	139.5	900.829907	9.318654942E-06
187	140.25	900.762946	8.566694581E-06
188	141	900.697074	7.826975468E-06
189	141.75	900.632283	7.099409076E-06
190	142.5	900.568565	6.383908346E-06
191	143.25	900.505913	5.680387680E-06
192	144	900.444318	4.988762931E-06
193	144.75	900.383775	4.308951386E-06
194	145.5	900.324276	3.640871762E-06
195	146.25	900.265813	2.984444192E-06
196	147	900.20838	2.339590216E-06
197	147.75	900.15197	1.706232768E-06
198	148.5	900.096577	1.084296172E-06
199	149.25	900.042193	4.737061262E-07
200	150	899.988812	-1.256103020E-07
201	150.75	899.936428	-7.137246888E-07
202	151.5	899.885035	-1.290707261E-06
203	152.25	899.834626	-1.856626906E-06
204	153	899.785196	-2.411551180E-06
205	153.75	899.736739	-2.955546316E-06
206	154.5	899.689249	-3.488677237E-06
207	155.25	899.642721	-4.011007555E-06
208	156	899.597148	-4.522599590E-06
209	156.75	899.552526	-5.023514368E-06
210	157.5	899.508849	-5.513811636E-06
211	158.25	899.466112	-5.993549868E-06
212	159	899.42431	-6.462786269E-06
213	159.75	899.383438	-6.921576786E-06
214	160.5	899.343492	-7.369976113E-06
215	161.25	899.304465	-7.808037702E-06
216	162	899.266355	-8.235813762E-06
217	162.75	899.229156	-8.653355273E-06
218	163.5	899.192864	-9.060711991E-06
219	164.25	899.157475	-9.457932451E-06
220	165	899.122984	-9.845063975E-06
221	165.75	899.089388	-1.022215268E-05
222	166.5	899.056682	-1.058924348E-05
223	167.25	899.024863	-1.094638010E-05
224	168	898.993926	-1.129360507E-05
225	168.75	898.963869	-1.163095973E-05
226	169.5	898.934687	-1.195848426E-05
227	170.25	898.906377	-1.227621764E-05
228	171	898.878936	-1.258419770E-05
229	171.75	898.85236	-1.288246111E-05
230	172.5	898.826647	-1.317104336E-05
231	173.25	898.801794	-1.344997880E-05
232	174	898.777796	-1.371930063E-05
233	174.75	898.754653	-1.397904089E-05
234	175.5	898.73236	-1.422923050E-05
235	176.25	898.710915	-1.446989922E-05
236	177	898.690316	-1.470107568E-05
237	177.75	898.67056	-1.492278740E-05
238	178.5	898.651646	-1.513506074E-05
239	179.25	898.633569	-1.533792096E-05
240	180	898.61633	-1.553139218E-05
241	180.75	898.599925	-1.571549742E-05
242	181.5	898.584352	-1.589025858E-05
243	182.25	898.56961	-1.605569643E-05
244	183	898.555697	-1.621183067E-05
245	183.75	898.542611	-1.635867984E-05
246	184.5	898.530352	-1.649626142E-05
247	185.25	898.518916	-1.662459177E-05
248	186	898.508304	-1.674368614E-05
249	186.75	898.498513	-1.685355870E-05
250	187.5	898.489543	-1.695422251E-05
251	188.25	898.481392	-1.704568954E-05
252	189	898.47406	-1.712797066E-05
253	189.75	898.467545	-1.720107566E-05
254	190.5	898.461848	-1.726501323E-05
255	191.25	898.456966	-1.731979097E-05
256	192	898.452901	-1.736541539E-05
257	192.75	898.44965	-1.740189191E-05
258	193.5	898.447215	-1.742922488E-05
259	194.25	898.445593	-1.744741754E-05
260	195	898.444786	-1.745647206E-05
261	195.75	898.444794	-1.745638950E-05
262	196.5	898.445615	-1.744716987E-05
263	197.25	898.447251	-1.742881206E-05
264	198	898.449702	-1.740131390E-05
265	198.75	898.452967	-1.736467211E-05
266	199.5	898.457047	-1.731888233E-05
267	200.25	898.461943	-1.726393913E-05
268	201	898.467656	-1.719983598E-05
269	201.75	898.474185	-1.712656524E-05
270	202.5	898.481532	-1.704411821E-05
271	203.25	898.489697	-1.695248509E-05
272	204	898.498682	-1.685165499E-05
273	204.75	898.508488	-1.674161590E-05
274	205.5	898.519115	-1.662235476E-05
275	206.25	898.530566	-1.649385738E-05
276	207	898.542841	-1.635610848E-05
277	207.75	898.555941	-1.620909167E-05
278	208.5	898.569869	-1.605278949E-05
279	209.25	898.584626	-1.588718333E-05
280	210	898.600214	-1.571225351E-05
281	210.75	898.616634	-1.552797922E-05
282	211.5	898.633889	-1.533433854E-05
283	212.25	898.65198	-1.513130844E-05
284	213	898.67091	-1.491886477E-05
285	213.75	898.690681	-1.469698226E-05
286	214.5	898.711295	-1.446563452E-05
287	215.25	898.732755	-1.422479401E-05
288	216	898.755063	-1.397443208E-05
289	216.75	898.778222	-1.371451895E-05
290	217.5	898.802235	-1.344502369E-05
291	218.25	898.827104	-1.316591422E-05
292	219	898.852833	-1.287715734E-05
293	219.75	898.879424	-1.257871867E-05
294	220.5	898.906881	-1.227056268E-05
295	221.25	898.935206	-1.195265271E-05
296	222	898.964404	-1.162495090E-05
297	222.75	898.994477	-1.128741824E-05
298	223.5	899.02543	-1.094001453E-05
299	224.25	899.057265	-1.058269841E-05
300	225	899.089987	-1.021542734E-05
301	225.75	899.1236	-9.838157553E-06
302	226.5	899.158107	-9.450844129E-06
303	227.25	899.193512	-9.053440926E-06
304	228	899.22982	-8.645900598E-06
305	228.75	899.267036	-8.228174588E-06
306	229.5	899.305163	-7.800213119E-06
307	230.25	899.344205	-7.361965190E-06
308	231	899.384169	-6.913378566E-06
309	231.75	899.425057	-6.454399776E-06
310	232.5	899.466876	-5.984974102E-06
311	233.25	899.50963	-5.505045575E-06
312	234	899.553324	-5.014556965E-06
313	234.75	899.597963	-4.513449778E-06
314	235.5	899.643553	-4.001664242E-06
315	236.25	899.690099	-3.479139308E-06
316	237	899.737606	-2.945812635E-06
317	237.75	899.786081	-2.401620583E-06
318	238.5	899.835529	-1.846498209E-06
319	239.25	899.885955	-1.280379255E-06
320	240	899.937366	-7.031961402E-07
321	240.75	899.989768	-1.148799540E-07
322	241.5	900.043167	4.846395550E-07
323	242.25	900.097569	1.095433987E-06
324	243	900.152981	1.717576300E-06
325	243.75	900.209409	2.351140821E-06
326	244.5	900.266861	2.996203250E-06
327	245.25	900.325342	3.652840678E-06
328	246	900.38486	4.321131591E-06
329	246.75	900.445422	5.001155881E-06
330	247.5	900.507035	5.692994857E-06
331	248.25	900.569707	6.396731257E-06
332	249	900.633444	7.112449256E-06
333	249.75	900.698255	7.840234477E-06
334	250.5	900.764146	8.580174006E-06
335	251.25	900.831127	9.332356396E-06
336	252	900.899204	1.009687169E-05
337	252.75	900.968386	1.087381141E-05
338	253.5	901.038682	1.166326861E-05
339	254.25	901.110099	1.246533783E-05
340	255	901.182645	1.328011517E-05
341	255.75	901.256331	1.410769825E-05
342	256.5	901.331163	1.494818627E-05
343	257.25	901.407152	1.580167997E-05
344	258	901.484306	1.666828170E-05
345	258.75	901.562635	1.754809538E-05
346	259.5	901.642147	1.844122656E-05
347	260.25	901.722853	1.934778239E-05
348	261	901.804761	2.026787167E-05
349	261.75	901.887881	2.120160486E-05
350	262.5	901.972225	2.214909406E-05
351	263.25	902.0578	2.311045307E-05
352	264	902.144618	2.408579738E-05
353	264.75	902.232689	2.507524418E-05
354	265.5	902.322024	2.607891239E-05
355	266.25	902.412633	2.709692269E-05
356	267	902.504526	2.812939747E-05
357	267.75	902.597715	2.917646095E-05
358	268.5	902.692212	3.023823910E-05
359	269.25	902.788026	3.131485970E-05
360	270	902.88517	3.240645236E-05
361	270.75	902.983655	3.351314853E-05
362	271.5	903.083493	3.463508151E-05
363	272.25	903.184696	3.577238649E-05
364	273	903.287275	3.692520053E-05
365	273.75	903.391244	3.809366262E-05
366	274.5	903.496614	3.927791366E-05
367	275.25	903.603399	4.047809652E-05
368	276	903.71161	4.169435601E-05
369	276.75	903.821261	4.292683896E-05
370	277.5	903.932365	4.417569418E-05
371	278.25	904.044935	4.544107251E-05
372	279	904.158984	4.672312684E-05
373	279.75	904.274527	4.802201212E-05
374	280.5	904.391576	4.933788539E-05
375	281.25	904.510147	5.067090581E-05
376	282	904.630253	5.202123464E-05
377	282.75	904.751908	5.338903533E-05
378	283.5	904.875128	5.477447347E-05
379	284.25	904.999926	5.617771686E-05
380	285	905.126318	5.759893552E-05
381	285.75	905.254319	5.903830170E-05
382	286.5	905.383944	6.049598992E-05
383	287.25	905.515209	6.197217700E-05
384	288	905.648129	6.346704205E-05
385	288.75	905.782721	6.498076653E-05
386	289.5	905.919	6.651353426E-05
387	290.25	906.056984	6.806553145E-05
388	291	906.196687	6.963694670E-05
389	291.75	906.338128	7.122797107E-05
390	292.5	906.481323	7.283879808E-05
391	293.25	906.626289	7.446962374E-05
392	294	906.773045	7.612064656E-05
393	294.75	906.921606	7.779206762E-05
394	295.5	907.071992	7.948409055E-05
395	296.25	907.22422	8.119692159E-05
396	297	907.378309	8.293076961E-05
397	297.75	907.534277	8.468584614E-05
398	298.5	907.692142	8.646236538E-05
399	299.25	907.851925	8.826054426E-05
400	300	908.013644	9.008060246E-05
── 设定点 900 °C　夹头 100 °C　段 1「HC2」　T设定 900 °C　节点 401　段长 300 mm　控温点下标 200（x = 150 mm）　电流 1018.0 A　ΔL_A -0.001273　ΔL_B +0.047855
i	X_mm	TMetal_C	epsDiff
0	0	907.990962	8.982533041E-05
1	0.75	907.784244	8.749885516E-05
2	1.5	907.580078	8.520126182E-05
3	2.25	907.378442	8.293226742E-05
4	3	907.17931	8.069159267E-05
5	3.75	906.982658	7.847896191E-05
6	4.5	906.788462	7.629410311E-05
7	5.25	906.5967	7.413674781E-05
8	6	906.407348	7.200663105E-05
9	6.75	906.220383	6.990349138E-05
10	7.5	906.035783	6.782707081E-05
11	8.25	905.853526	6.577711475E-05
12	9	905.673589	6.375337199E-05
13	9.75	905.49595	6.175559467E-05
14	10.5	905.32059	5.978353823E-05
15	11.25	905.147486	5.783696140E-05
16	12	904.976617	5.591562612E-05
17	12.75	904.807964	5.401929755E-05
18	13.5	904.641505	5.214774403E-05
19	14.25	904.477221	5.030073702E-05
20	15	904.315093	4.847805109E-05
21	15.75	904.1551	4.667946390E-05
22	16.5	903.997224	4.490475613E-05
23	17.25	903.841445	4.315371150E-05
24	18	903.687745	4.142611667E-05
25	18.75	903.536105	3.972176129E-05
26	19.5	903.386508	3.804043792E-05
27	20.25	903.238936	3.638194201E-05
28	21	903.093369	3.474607186E-05
29	21.75	902.949793	3.313262864E-05
30	22.5	902.808188	3.154141631E-05
31	23.25	902.668539	2.997224159E-05
32	24	902.530827	2.842491400E-05
33	24.75	902.395038	2.689924576E-05
34	25.5	902.261155	2.539505179E-05
35	26.25	902.129162	2.391214970E-05
36	27	901.999042	2.245035973E-05
37	27.75	901.870781	2.100950479E-05
38	28.5	901.744363	1.958941034E-05
39	29.25	901.619773	1.818990444E-05
40	30	901.496996	1.681081773E-05
41	30.75	901.376018	1.545198334E-05
42	31.5	901.256824	1.411323694E-05
43	32.25	901.1394	1.279441666E-05
44	33	901.023731	1.149536312E-05
45	33.75	900.909805	1.021591936E-05
46	34.5	900.797607	8.955930859E-06
47	35.25	900.687124	7.715245483E-06
48	36	900.578343	6.493713484E-06
49	36.75	900.471252	5.291187471E-06
50	37.5	900.365836	4.107522393E-06
51	38.25	900.262084	2.942575517E-06
52	39	900.159984	1.796206410E-06
53	39.75	900.059523	6.682769203E-07
54	40.5	899.960689	-4.413488401E-07
55	41.25	899.86347	-1.532804517E-06
56	42	899.767856	-2.606221529E-06
57	42.75	899.673834	-3.661729087E-06
58	43.5	899.581394	-4.699454210E-06
59	44.25	899.490523	-5.719521745E-06
60	45	899.401213	-6.722054380E-06
61	45.75	899.313451	-7.707172663E-06
62	46.5	899.227228	-8.674995017E-06
63	47.25	899.142534	-9.625637757E-06
64	48	899.059357	-1.055921510E-05
65	48.75	898.977689	-1.147583920E-05
66	49.5	898.89752	-1.237562013E-05
67	50.25	898.81884	-1.325866592E-05
68	51	898.74164	-1.412508258E-05
69	51.75	898.66591	-1.497497407E-05
70	52.5	898.591642	-1.580844238E-05
71	53.25	898.518827	-1.662558748E-05
72	54	898.447457	-1.742650737E-05
73	54.75	898.377522	-1.821129809E-05
74	55.5	898.309014	-1.898005372E-05
75	56.25	898.241926	-1.973286641E-05
76	57	898.17625	-2.046982635E-05
77	57.75	898.111977	-2.119102185E-05
78	58.5	898.0491	-2.189653931E-05
79	59.25	897.987611	-2.258646320E-05
80	60	897.927504	-2.326087615E-05
81	60.75	897.868771	-2.391985890E-05
82	61.5	897.811405	-2.456349033E-05
83	62.25	897.7554	-2.519184747E-05
84	63	897.700748	-2.580500551E-05
85	63.75	897.647444	-2.640303781E-05
86	64.5	897.59548	-2.698601591E-05
87	65.25	897.544852	-2.755400953E-05
88	66	897.495552	-2.810708660E-05
89	66.75	897.447576	-2.864531325E-05
90	67.5	897.400917	-2.916875382E-05
91	68.25	897.355569	-2.967747089E-05
92	69	897.311528	-3.017152525E-05
93	69.75	897.268788	-3.065097595E-05
94	70.5	897.227345	-3.111588028E-05
95	71.25	897.187192	-3.156629377E-05
96	72	897.148327	-3.200227024E-05
97	72.75	897.110743	-3.242386177E-05
98	73.5	897.074436	-3.283111869E-05
99	74.25	897.039403	-3.322408966E-05
100	75	897.005639	-3.360282158E-05
101	75.75	896.97314	-3.396735969E-05
102	76.5	896.941902	-3.431774749E-05
103	77.25	896.911922	-3.465402682E-05
104	78	896.883196	-3.497623781E-05
105	78.75	896.85572	-3.528441893E-05
106	79.5	896.829492	-3.557860695E-05
107	80.25	896.804507	-3.585883697E-05
108	81	896.780764	-3.612514243E-05
109	81.75	896.75826	-3.637755512E-05
110	82.5	896.736991	-3.661610513E-05
111	83.25	896.716956	-3.684082094E-05
112	84	896.698152	-3.705172935E-05
113	84.75	896.680576	-3.724885551E-05
114	85.5	896.664227	-3.743222295E-05
115	86.25	896.649103	-3.760185352E-05
116	87	896.635201	-3.775776746E-05
117	87.75	896.622521	-3.789998337E-05
118	88.5	896.611061	-3.802851821E-05
119	89.25	896.600819	-3.814338730E-05
120	90	896.591794	-3.824460435E-05
121	90.75	896.583986	-3.833218141E-05
122	91.5	896.577392	-3.840612895E-05
123	92.25	896.572014	-3.846645576E-05
124	93	896.567848	-3.851316906E-05
125	93.75	896.564897	-3.854627439E-05
126	94.5	896.563158	-3.856577573E-05
127	95.25	896.562632	-3.857167538E-05
128	96	896.563319	-3.856397405E-05
129	96.75	896.565218	-3.854267083E-05
130	97.5	896.56833	-3.850776317E-05
131	98.25	896.572656	-3.845924692E-05
132	99	896.578196	-3.839711628E-05
133	99.75	896.58495	-3.832136384E-05
134	100.5	896.59292	-3.823198059E-05
135	101.25	896.602106	-3.812895585E-05
136	102	896.612509	-3.801227735E-05
137	102.75	896.624131	-3.788193116E-05
138	103.5	896.636973	-3.773790174E-05
139	104.25	896.651036	-3.758017193E-05
140	105	896.666322	-3.740872289E-05
141	105.75	896.682834	-3.722353420E-05
142	106.5	896.700572	-3.702458375E-05
143	107.25	896.719539	-3.681184783E-05
144	108	896.739738	-3.658530104E-05
145	108.75	896.76117	-3.634491637E-05
146	109.5	896.783838	-3.609066515E-05
147	110.25	896.807746	-3.582251702E-05
148	111	896.832894	-3.554044001E-05
149	111.75	896.859288	-3.524440044E-05
150	112.5	896.886929	-3.493436301E-05
151	113.25	896.915821	-3.461029069E-05
152	114	896.945968	-3.427214482E-05
153	114.75	896.977373	-3.391988503E-05
154	115.5	897.010039	-3.355346928E-05
155	116.25	897.043971	-3.317285381E-05
156	117	897.079173	-3.277799319E-05
157	117.75	897.115648	-3.236884026E-05
158	118.5	897.153401	-3.194534616E-05
159	119.25	897.192437	-3.150746031E-05
160	120	897.23276	-3.105513041E-05
161	120.75	897.274375	-3.058830243E-05
162	121.5	897.317287	-3.010692058E-05
163	122.25	897.361501	-2.961092735E-05
164	123	897.407022	-2.910026346E-05
165	123.75	897.453855	-2.857486788E-05
166	124.5	897.502007	-2.803467780E-05
167	125.25	897.551482	-2.747962865E-05
168	126	897.602287	-2.690965404E-05
169	126.75	897.654428	-2.632468583E-05
170	127.5	897.70791	-2.572465405E-05
171	128.25	897.762741	-2.510948691E-05
172	129	897.818926	-2.447911082E-05
173	129.75	897.876472	-2.383345033E-05
174	130.5	897.935387	-2.317242819E-05
175	131.25	897.995677	-2.249596526E-05
176	132	898.057349	-2.180398055E-05
177	132.75	898.12041	-2.109639119E-05
178	133.5	898.184869	-2.037311245E-05
179	134.25	898.250732	-1.963405769E-05
180	135	898.318007	-1.887913834E-05
181	135.75	898.386703	-1.810826395E-05
182	136.5	898.456828	-1.732134212E-05
183	137.25	898.52839	-1.651827851E-05
184	138	898.601397	-1.569897683E-05
185	138.75	898.675858	-1.486333881E-05
186	139.5	898.751781	-1.401126421E-05
187	140.25	898.829177	-1.314265079E-05
188	141	898.908054	-1.225739431E-05
189	141.75	898.988421	-1.135538850E-05
190	142.5	899.070289	-1.043652505E-05
191	143.25	899.153665	-9.500693622E-06
192	144	899.238562	-8.547781788E-06
193	144.75	899.324988	-7.577675053E-06
194	145.5	899.412954	-6.590256824E-06
195	146.25	899.502471	-5.585408396E-06
196	147	899.593548	-4.563008940E-06
197	147.75	899.686198	-3.522935482E-06
198	148.5	899.78043	-2.465062889E-06
199	149.25	899.876256	-1.389263853E-06
200	150	899.973688	-2.954088703E-07
201	150.75	900.072737	8.166337710E-07
202	151.5	900.173414	1.946998012E-06
203	152.25	900.275733	3.095820041E-06
204	153	900.379704	4.263238311E-06
205	153.75	900.485341	5.449393556E-06
206	154.5	900.592656	6.654428817E-06
207	155.25	900.701661	7.878489453E-06
208	156	900.81237	9.121723167E-06
209	156.75	900.924796	1.038428002E-05
210	157.5	901.038953	1.166631246E-05
211	158.25	901.154853	1.296797534E-05
212	159	901.272511	1.428942593E-05
213	159.75	901.391941	1.563082394E-05
214	160.5	901.513156	1.699233156E-05
215	161.25	901.636172	1.837411346E-05
216	162	901.761004	1.977633683E-05
217	162.75	901.887665	2.119917139E-05
218	163.5	902.016171	2.264278942E-05
219	164.25	902.146538	2.410736577E-05
220	165	902.278781	2.559307792E-05
221	165.75	902.412916	2.710010594E-05
222	166.5	902.548959	2.862863261E-05
223	167.25	902.686926	3.017884333E-05
224	168	902.826833	3.175092626E-05
225	168.75	902.968698	3.334507225E-05
226	169.5	903.112537	3.496147494E-05
227	170.25	903.258368	3.660033072E-05
228	171	903.406208	3.826183883E-05
229	171.75	903.556075	3.994620133E-05
230	172.5	903.707986	4.165362314E-05
231	173.25	903.86196	4.338431210E-05
232	174	904.018016	4.513847896E-05
233	174.75	904.176171	4.691633743E-05
234	175.5	904.336446	4.871810420E-05
235	176.25	904.498859	5.054399898E-05
236	177	904.66343	5.239424453E-05
237	177.75	904.830178	5.426906669E-05
238	178.5	904.999123	5.616869440E-05
239	179.25	905.170287	5.809335974E-05
240	180	905.343689	6.004329799E-05
241	180.75	905.51935	6.201874762E-05
242	181.5	905.697291	6.401995033E-05
243	182.25	905.877535	6.604715113E-05
244	183	906.060101	6.810059831E-05
245	183.75	906.245013	7.018054353E-05
246	184.5	906.432293	7.228724183E-05
247	185.25	906.621963	7.442095165E-05
248	186	906.814046	7.658193491E-05
249	186.75	907.008566	7.877045703E-05
250	187.5	907.205545	8.098678693E-05
251	188.25	907.405007	8.323119714E-05
252	189	907.606977	8.550396378E-05
253	189.75	907.81148	8.780536663E-05
254	190.5	908.018538	9.013568915E-05
255	191.25	908.228179	9.249521855E-05
256	192	908.440426	9.488424582E-05
257	192.75	908.655306	9.730306573E-05
258	193.5	908.872845	9.975197697E-05
259	194.25	909.093069	1.022312821E-04
260	195	909.316004	1.047412876E-04
261	195.75	909.541679	1.072823040E-04
262	196.5	909.770119	1.098546459E-04
263	197.25	910.001353	1.124586318E-04
264	198	910.235409	1.150945847E-04
265	198.75	910.472315	1.177628313E-04
266	199.5	910.712099	1.204637030E-04
267	200.25	910.954793	1.231975351E-04
268	201	911.200423	1.259646675E-04
269	201.75	911.449021	1.287654444E-04
270	202.5	911.700617	1.316002144E-04
271	203.25	911.955241	1.344693306E-04
272	204	912.212925	1.373731506E-04
273	204.75	912.473699	1.403120367E-04
274	205.5	912.737595	1.432863557E-04
275	206.25	913.004647	1.462964794E-04
276	207	913.274886	1.493427839E-04
277	207.75	913.548344	1.524256506E-04
278	208.5	913.825057	1.555454654E-04
279	209.25	914.105057	1.587026194E-04
280	210	914.388379	1.618975086E-04
281	210.75	914.675057	1.651305340E-04
282	211.5	914.965127	1.684021018E-04
283	212.25	915.258624	1.717126233E-04
284	213	915.555584	1.750625152E-04
285	213.75	915.856043	1.784521995E-04
286	214.5	916.160039	1.818821033E-04
287	215.25	916.467608	1.853526596E-04
288	216	916.778789	1.888643065E-04
289	216.75	917.093619	1.924174879E-04
290	217.5	917.412137	1.960126533E-04
291	218.25	917.734384	1.996502580E-04
292	219	918.060397	2.033307631E-04
293	219.75	918.390218	2.070546354E-04
294	220.5	918.723887	2.108223478E-04
295	221.25	919.061445	2.146343793E-04
296	222	919.402934	2.184912148E-04
297	222.75	919.748396	2.223933454E-04
298	223.5	920.097875	2.263412688E-04
299	224.25	920.451412	2.303354886E-04
300	225	920.809052	2.343765150E-04
301	225.75	921.170839	2.384648648E-04
302	226.5	921.536818	2.426010613E-04
303	227.25	921.907035	2.467856345E-04
304	228	922.281535	2.510191211E-04
305	228.75	922.660365	2.553020648E-04
306	229.5	923.043571	2.596350162E-04
307	230.25	923.431203	2.640185328E-04
308	231	923.823307	2.684531795E-04
309	231.75	924.219933	2.729395282E-04
310	232.5	924.621131	2.774781581E-04
311	233.25	925.026949	2.820696561E-04
312	234	925.43744	2.867146164E-04
313	234.75	925.852654	2.914136408E-04
314	235.5	926.272643	2.961673390E-04
315	236.25	926.69746	3.009763285E-04
316	237	927.127158	3.058412346E-04
317	237.75	927.561791	3.107626907E-04
318	238.5	928.001413	3.157413384E-04
319	239.25	928.44608	3.207778278E-04
320	240	928.895847	3.258728168E-04
321	240.75	929.350772	3.310269725E-04
322	241.5	929.810911	3.362409701E-04
323	242.25	930.276322	3.415154937E-04
324	243	930.747064	3.468512364E-04
325	243.75	931.223197	3.522489001E-04
326	244.5	931.704781	3.577091959E-04
327	245.25	932.191876	3.632328442E-04
328	246	932.684545	3.688205746E-04
329	246.75	933.182849	3.744731264E-04
330	247.5	933.686852	3.801912483E-04
331	248.25	934.196618	3.859756991E-04
332	249	934.712211	3.918272473E-04
333	249.75	935.233698	3.977466714E-04
334	250.5	935.761145	4.037347603E-04
335	251.25	936.294618	4.097923131E-04
336	252	936.834186	4.159201395E-04
337	252.75	937.379918	4.221190598E-04
338	253.5	937.931884	4.283899051E-04
339	254.25	938.490154	4.347335176E-04
340	255	939.054799	4.411507503E-04
341	255.75	939.625893	4.476424679E-04
342	256.5	940.203508	4.542095463E-04
343	257.25	940.787718	4.608528731E-04
344	258	941.3786	4.675733477E-04
345	258.75	941.976228	4.743718814E-04
346	259.5	942.580681	4.812493978E-04
347	260.25	943.192035	4.882068327E-04
348	261	943.81037	4.952451346E-04
349	261.75	944.435766	5.023652645E-04
350	262.5	945.068305	5.095681964E-04
351	263.25	945.708067	5.168549174E-04
352	264	946.355136	5.242264280E-04
353	264.75	947.009597	5.316837419E-04
354	265.5	947.671533	5.392278869E-04
355	266.25	948.341033	5.468599045E-04
356	267	949.018182	5.545808503E-04
357	267.75	949.703069	5.623917943E-04
358	268.5	950.395785	5.702938212E-04
359	269.25	951.096419	5.782880304E-04
360	270	951.805064	5.863755364E-04
361	270.75	952.521812	5.945574688E-04
362	271.5	953.246758	6.028349728E-04
363	272.25	953.979997	6.112092096E-04
364	273	954.721625	6.196813560E-04
365	273.75	955.471742	6.282526055E-04
366	274.5	956.230445	6.369241677E-04
367	275.25	956.997836	6.456972692E-04
368	276	957.774015	6.545731538E-04
369	276.75	958.559087	6.635530824E-04
370	277.5	959.353154	6.726383337E-04
371	278.25	960.156324	6.818302041E-04
372	279	960.968703	6.911300083E-04
373	279.75	961.790399	7.005390796E-04
374	280.5	962.621522	7.100587700E-04
375	281.25	963.462184	7.196904507E-04
376	282	964.312497	7.294355121E-04
377	282.75	965.172576	7.392953645E-04
378	283.5	966.042535	7.492714385E-04
379	284.25	966.922493	7.593651847E-04
380	285	967.812568	7.695780748E-04
381	285.75	968.712881	7.799116015E-04
382	286.5	969.623552	7.903672788E-04
383	287.25	970.544706	8.009466429E-04
384	288	971.476468	8.116512519E-04
385	288.75	972.418964	8.224826867E-04
386	289.5	973.372323	8.334425510E-04
387	290.25	974.336674	8.445324721E-04
388	291	975.312151	8.557541008E-04
389	291.75	976.298885	8.671091123E-04
390	292.5	977.297013	8.785992065E-04
391	293.25	978.306672	8.902261083E-04
392	294	979.328001	9.019915679E-04
393	294.75	980.36114	9.138973616E-04
394	295.5	981.406232	9.259452924E-04
395	296.25	982.463422	9.381371896E-04
396	297	983.532857	9.504749105E-04
397	297.75	984.614685	9.629603397E-04
398	298.5	985.709056	9.755953907E-04
399	299.25	986.816123	9.883820055E-04
400	300	987.936042	1.001322156E-03
── 设定点 900 °C　夹头 450 °C　段 0「HC1」　T设定 900 °C　节点 401　段长 300 mm　控温点下标 200（x = 150 mm）　电流 1017.8 A　ΔL_A +0.025437　ΔL_B +0.021961
i	X_mm	TMetal_C	epsDiff
0	0	951.566811	5.836562277E-04
1	0.75	950.865485	5.756528711E-04
2	1.5	950.172171	5.677427810E-04
3	2.25	949.486777	5.599248548E-04
4	3	948.809216	5.521980053E-04
5	3.75	948.139397	5.445611598E-04
6	4.5	947.477233	5.370132602E-04
7	5.25	946.822638	5.295532626E-04
8	6	946.175527	5.221801373E-04
9	6.75	945.535815	5.148928686E-04
10	7.5	944.90342	5.076904542E-04
11	8.25	944.278259	5.005719054E-04
12	9	943.660251	4.935362469E-04
13	9.75	943.049316	4.865825162E-04
14	10.5	942.445375	4.797097639E-04
15	11.25	941.848351	4.729170533E-04
16	12	941.258165	4.662034599E-04
17	12.75	940.674742	4.595680718E-04
18	13.5	940.098007	4.530099892E-04
19	14.25	939.527886	4.465283242E-04
20	15	938.964305	4.401222006E-04
21	15.75	938.407192	4.337907541E-04
22	16.5	937.856476	4.275331315E-04
23	17.25	937.312085	4.213484911E-04
24	18	936.773951	4.152360023E-04
25	18.75	936.242005	4.091948454E-04
26	19.5	935.716178	4.032242115E-04
27	20.25	935.196403	3.973233025E-04
28	21	934.682615	3.914913306E-04
29	21.75	934.174748	3.857275184E-04
30	22.5	933.672737	3.800310989E-04
31	23.25	933.176519	3.744013149E-04
32	24	932.68603	3.688374194E-04
33	24.75	932.201208	3.633386749E-04
34	25.5	931.721992	3.579043537E-04
35	26.25	931.248321	3.525337378E-04
36	27	930.780135	3.472261182E-04
37	27.75	930.317376	3.419807954E-04
38	28.5	929.859984	3.367970791E-04
39	29.25	929.407901	3.316742879E-04
40	30	928.961072	3.266117492E-04
41	30.75	928.519439	3.216087994E-04
42	31.5	928.082948	3.166647833E-04
43	32.25	927.651542	3.117790544E-04
44	33	927.225169	3.069509746E-04
45	33.75	926.803773	3.021799141E-04
46	34.5	926.387304	2.974652512E-04
47	35.25	925.975708	2.928063724E-04
48	36	925.568933	2.882026722E-04
49	36.75	925.16693	2.836535528E-04
50	37.5	924.769647	2.791584245E-04
51	38.25	924.377035	2.747167048E-04
52	39	923.989045	2.703278193E-04
53	39.75	923.605629	2.659912006E-04
54	40.5	923.226739	2.617062890E-04
55	41.25	922.852327	2.574725320E-04
56	42	922.482347	2.532893843E-04
57	42.75	922.116753	2.491563075E-04
58	43.5	921.7555	2.450727704E-04
59	44.25	921.398542	2.410382489E-04
60	45	921.045836	2.370522252E-04
61	45.75	920.697337	2.331141888E-04
62	46.5	920.353003	2.292236355E-04
63	47.25	920.012791	2.253800678E-04
64	48	919.676658	2.215829947E-04
65	48.75	919.344563	2.178319316E-04
66	49.5	919.016465	2.141264003E-04
67	50.25	918.692324	2.104659286E-04
68	51	918.372099	2.068500509E-04
69	51.75	918.055751	2.032783073E-04
70	52.5	917.743241	1.997502442E-04
71	53.25	917.43453	1.962654138E-04
72	54	917.12958	1.928233742E-04
73	54.75	916.828355	1.894236895E-04
74	55.5	916.530816	1.860659292E-04
75	56.25	916.236927	1.827496688E-04
76	57	915.946653	1.794744893E-04
77	57.75	915.659957	1.762399771E-04
78	58.5	915.376804	1.730457242E-04
79	59.25	915.097159	1.698913281E-04
80	60	914.820989	1.667763915E-04
81	60.75	914.548259	1.637005224E-04
82	61.5	914.278936	1.606633341E-04
83	62.25	914.012987	1.576644449E-04
84	63	913.750379	1.547034785E-04
85	63.75	913.491081	1.517800634E-04
86	64.5	913.23506	1.488938332E-04
87	65.25	912.982286	1.460444262E-04
88	66	912.732727	1.432314860E-04
89	66.75	912.486354	1.404546606E-04
90	67.5	912.243135	1.377136030E-04
91	68.25	912.003041	1.350079709E-04
92	69	911.766044	1.323374267E-04
93	69.75	911.532114	1.297016371E-04
94	70.5	911.301222	1.271002738E-04
95	71.25	911.073341	1.245330127E-04
96	72	910.848444	1.219995343E-04
97	72.75	910.626501	1.194995235E-04
98	73.5	910.407487	1.170326695E-04
99	74.25	910.191375	1.145986658E-04
100	75	909.978139	1.121972103E-04
101	75.75	909.767753	1.098280050E-04
102	76.5	909.560191	1.074907561E-04
103	77.25	909.355428	1.051851741E-04
104	78	909.15344	1.029109734E-04
105	78.75	908.954201	1.006678726E-04
106	79.5	908.757688	9.845559402E-05
107	80.25	908.563877	9.627386434E-05
108	81	908.372744	9.412241394E-05
109	81.75	908.184267	9.200097715E-05
110	82.5	907.998423	8.990929212E-05
111	83.25	907.815188	8.784710084E-05
112	84	907.634541	8.581414908E-05
113	84.75	907.456461	8.381018632E-05
114	85.5	907.280924	8.183496576E-05
115	86.25	907.107912	7.988824426E-05
116	87	906.937402	7.796978231E-05
117	87.75	906.769373	7.607934400E-05
118	88.5	906.603807	7.421669697E-05
119	89.25	906.440682	7.238161239E-05
120	90	906.279979	7.057386492E-05
121	90.75	906.121679	6.879323270E-05
122	91.5	905.965763	6.703949727E-05
123	92.25	905.812211	6.531244360E-05
124	93	905.661006	6.361186000E-05
125	93.75	905.512129	6.193753814E-05
126	94.5	905.365562	6.028927297E-05
127	95.25	905.221288	5.866686273E-05
128	96	905.079289	5.707010893E-05
129	96.75	904.939548	5.549881627E-05
130	97.5	904.802049	5.395279265E-05
131	98.25	904.666774	5.243184914E-05
132	99	904.533709	5.093579996E-05
133	99.75	904.402835	4.946446242E-05
134	100.5	904.274139	4.801765693E-05
135	101.25	904.147605	4.659520695E-05
136	102	904.023216	4.519693900E-05
137	102.75	903.90096	4.382268259E-05
138	103.5	903.78082	4.247227022E-05
139	104.25	903.662782	4.114553736E-05
140	105	903.546832	3.984232242E-05
141	105.75	903.432957	3.856246673E-05
142	106.5	903.321142	3.730581451E-05
143	107.25	903.211375	3.607221286E-05
144	108	903.103642	3.486151173E-05
145	108.75	902.99793	3.367356391E-05
146	109.5	902.894227	3.250822498E-05
147	110.25	902.79252	3.136535335E-05
148	111	902.692796	3.024481015E-05
149	111.75	902.595045	2.914645932E-05
150	112.5	902.499254	2.807016748E-05
151	113.25	902.405413	2.701580401E-05
152	114	902.313509	2.598324095E-05
153	114.75	902.223531	2.497235305E-05
154	115.5	902.13547	2.398301770E-05
155	116.25	902.049314	2.301511494E-05
156	117	901.965053	2.206852745E-05
157	117.75	901.882677	2.114314051E-05
158	118.5	901.802176	2.023884200E-05
159	119.25	901.723542	1.935552239E-05
160	120	901.646763	1.849307469E-05
161	120.75	901.571831	1.765139449E-05
162	121.5	901.498738	1.683037991E-05
163	122.25	901.427474	1.602993157E-05
164	123	901.358031	1.524995264E-05
165	123.75	901.2904	1.449034876E-05
166	124.5	901.224574	1.375102805E-05
167	125.25	901.160545	1.303190110E-05
168	126	901.098305	1.233288099E-05
169	126.75	901.037846	1.165388321E-05
170	127.5	900.979162	1.099482569E-05
171	128.25	900.922245	1.035562881E-05
172	129	900.867089	9.736215324E-06
173	129.75	900.813687	9.136510423E-06
174	130.5	900.762033	8.556441673E-06
175	131.25	900.71212	7.995939025E-06
176	132	900.663943	7.454934803E-06
177	132.75	900.617496	6.933363696E-06
178	133.5	900.572773	6.431162745E-06
179	134.25	900.529769	5.948271339E-06
180	135	900.488479	5.484631206E-06
181	135.75	900.448898	5.040186402E-06
182	136.5	900.411021	4.614883307E-06
183	137.25	900.374844	4.208670614E-06
184	138	900.340363	3.821499327E-06
185	138.75	900.307573	3.453322750E-06
186	139.5	900.27647	3.104096481E-06
187	140.25	900.247051	2.773778411E-06
188	141	900.219312	2.462328711E-06
189	141.75	900.19325	2.169709832E-06
190	142.5	900.168862	1.895886497E-06
191	143.25	900.146145	1.640825698E-06
192	144	900.125096	1.404496692E-06
193	144.75	900.105713	1.186870992E-06
194	145.5	900.087993	9.879223711E-07
195	146.25	900.071934	8.076268523E-07
196	147	900.057535	6.459627081E-07
197	147.75	900.044794	5.029104575E-07
198	148.5	900.033709	3.784528626E-07
199	149.25	900.024278	2.725749269E-07
200	150	900.016501	1.852638928E-07
201	150.75	900.010377	1.165092405E-07
202	151.5	900.005906	6.630268585E-08
203	152.25	900.003085	3.463817981E-08
204	153	900.001916	2.151190731E-08
205	153.75	900.002398	2.692228687E-08
206	154.5	900.004531	5.086997034E-08
207	155.25	900.008315	9.335784301E-08
208	156	900.013752	1.543910240E-07
209	156.75	900.02084	2.339768669E-07
210	157.5	900.029582	3.321249608E-07
211	158.25	900.039979	4.488471318E-07
212	159	900.05203	5.841574440E-07
213	159.75	900.065739	7.380722020E-07
214	160.5	900.081107	9.106099531E-07
215	161.25	900.098135	1.101791489E-06
216	162	900.116826	1.311639850E-06
217	162.75	900.137181	1.540180327E-06
218	163.5	900.159203	1.787440465E-06
219	164.25	900.182895	2.053450067E-06
220	165	900.20826	2.338241199E-06
221	165.75	900.235301	2.641848191E-06
222	166.5	900.26402	2.964307648E-06
223	167.25	900.294421	3.305658447E-06
224	168	900.326509	3.665941749E-06
225	168.75	900.360286	4.045201001E-06
226	169.5	900.395757	4.443481942E-06
227	170.25	900.432925	4.860832611E-06
228	171	900.471796	5.297303351E-06
229	171.75	900.512374	5.752946819E-06
230	172.5	900.554664	6.227817991E-06
231	173.25	900.598671	6.721974169E-06
232	174	900.6444	7.235474990E-06
233	174.75	900.691856	7.768382433E-06
234	175.5	900.741046	8.320760830E-06
235	176.25	900.791974	8.892676872E-06
236	177	900.844648	9.484199617E-06
237	177.75	900.899073	1.009540050E-05
238	178.5	900.955256	1.072635336E-05
239	179.25	901.013204	1.137713441E-05
240	180	901.072923	1.204782228E-05
241	180.75	901.134421	1.273849803E-05
242	181.5	901.197704	1.344924514E-05
243	182.25	901.262781	1.418014953E-05
244	183	901.32966	1.493129958E-05
245	183.75	901.398348	1.570278614E-05
246	184.5	901.468853	1.649470252E-05
247	185.25	901.541184	1.730714453E-05
248	186	901.615349	1.814021049E-05
249	186.75	901.691358	1.899400124E-05
250	187.5	901.769219	1.986862013E-05
251	188.25	901.848942	2.076417307E-05
252	189	901.930536	2.168076854E-05
253	189.75	902.014011	2.261851757E-05
254	190.5	902.099377	2.357753380E-05
255	191.25	902.186644	2.455793348E-05
256	192	902.275822	2.555983545E-05
257	192.75	902.366923	2.658336122E-05
258	193.5	902.459957	2.762863494E-05
259	194.25	902.554935	2.869578344E-05
260	195	902.651869	2.978493623E-05
261	195.75	902.75077	3.089622554E-05
262	196.5	902.85165	3.202978632E-05
263	197.25	902.954521	3.318575625E-05
264	198	903.059395	3.436427580E-05
265	198.75	903.166285	3.556548821E-05
266	199.5	903.275204	3.678953951E-05
267	200.25	903.386165	3.803657859E-05
268	201	903.499181	3.930675714E-05
269	201.75	903.614265	4.060022975E-05
270	202.5	903.731432	4.191715387E-05
271	203.25	903.850695	4.325768989E-05
272	204	903.972069	4.462200111E-05
273	204.75	904.095569	4.601025379E-05
274	205.5	904.221208	4.742261716E-05
275	206.25	904.349002	4.885926346E-05
276	207	904.478968	5.032036796E-05
277	207.75	904.611119	5.180610898E-05
278	208.5	904.745472	5.331666790E-05
279	209.25	904.882043	5.485222922E-05
280	210	905.020849	5.641298056E-05
281	210.75	905.161906	5.799911269E-05
282	211.5	905.305231	5.961081958E-05
283	212.25	905.450841	6.124829838E-05
284	213	905.598754	6.291174950E-05
285	213.75	905.748988	6.460137660E-05
286	214.5	905.901561	6.631738666E-05
287	215.25	906.056491	6.805998994E-05
288	216	906.213797	6.982940011E-05
289	216.75	906.373497	7.162583417E-05
290	217.5	906.535611	7.344951258E-05
291	218.25	906.700159	7.530065922E-05
292	219	906.86716	7.717950146E-05
293	219.75	907.036635	7.908627020E-05
294	220.5	907.208603	8.102119984E-05
295	221.25	907.383086	8.298452842E-05
296	222	907.560105	8.497649754E-05
297	222.75	907.739681	8.699735250E-05
298	223.5	907.921836	8.904734223E-05
299	224.25	908.106591	9.112671944E-05
300	225	908.29397	9.323574056E-05
301	225.75	908.483995	9.537466583E-05
302	226.5	908.676688	9.754375931E-05
303	227.25	908.872073	9.974328897E-05
304	228	909.070174	1.019735267E-04
305	228.75	909.271015	1.042347482E-04
306	229.5	909.47462	1.065272333E-04
307	230.25	909.681014	1.088512660E-04
308	231	909.890222	1.112071340E-04
309	231.75	910.102269	1.135951295E-04
310	232.5	910.31718	1.160155487E-04
311	233.25	910.534983	1.184686919E-04
312	234	910.755703	1.209548638E-04
313	234.75	910.979368	1.234743734E-04
314	235.5	911.206003	1.260275339E-04
315	236.25	911.435638	1.286146632E-04
316	237	911.6683	1.312360832E-04
317	237.75	911.904017	1.338921208E-04
318	238.5	912.142819	1.365831069E-04
319	239.25	912.384733	1.393093774E-04
320	240	912.62979	1.420712726E-04
321	240.75	912.878019	1.448691377E-04
322	241.5	913.129451	1.477033224E-04
323	242.25	913.384117	1.505741814E-04
324	243	913.642047	1.534820742E-04
325	243.75	913.903273	1.564273652E-04
326	244.5	914.167827	1.594104236E-04
327	245.25	914.435742	1.624316239E-04
328	246	914.70705	1.654913456E-04
329	246.75	914.981784	1.685899731E-04
330	247.5	915.259978	1.717278964E-04
331	248.25	915.541666	1.749055104E-04
332	249	915.826884	1.781232155E-04
333	249.75	916.115664	1.813814174E-04
334	250.5	916.408044	1.846805275E-04
335	251.25	916.704059	1.880209623E-04
336	252	917.003746	1.914031441E-04
337	252.75	917.307141	1.948275009E-04
338	253.5	917.614281	1.982944664E-04
339	254.25	917.925205	2.018044800E-04
340	255	918.239951	2.053579869E-04
341	255.75	918.558557	2.089554384E-04
342	256.5	918.881064	2.125972918E-04
343	257.25	919.20751	2.162840101E-04
344	258	919.537936	2.200160630E-04
345	258.75	919.872383	2.237939261E-04
346	259.5	920.210892	2.276180812E-04
347	260.25	920.553506	2.314890168E-04
348	261	920.900266	2.354072277E-04
349	261.75	921.251215	2.393732151E-04
350	262.5	921.606398	2.433874871E-04
351	263.25	921.965858	2.474505583E-04
352	264	922.329639	2.515629501E-04
353	264.75	922.697788	2.557251910E-04
354	265.5	923.070349	2.599378162E-04
355	266.25	923.44737	2.642013681E-04
356	267	923.828896	2.685163963E-04
357	267.75	924.214977	2.728834574E-04
358	268.5	924.605659	2.773031156E-04
359	269.25	925.000991	2.817759425E-04
360	270	925.401024	2.863025170E-04
361	270.75	925.805806	2.908834259E-04
362	271.5	926.215389	2.955192637E-04
363	272.25	926.629824	3.002106325E-04
364	273	927.049162	3.049581426E-04
365	273.75	927.473457	3.097624123E-04
366	274.5	927.902762	3.146240678E-04
367	275.25	928.33713	3.195437439E-04
368	276	928.776616	3.245220837E-04
369	276.75	929.221275	3.295597385E-04
370	277.5	929.671164	3.346573686E-04
371	278.25	930.126339	3.398156427E-04
372	279	930.586857	3.450352386E-04
373	279.75	931.052777	3.503168429E-04
374	280.5	931.524158	3.556611512E-04
375	281.25	932.001058	3.610688686E-04
376	282	932.483539	3.665407091E-04
377	282.75	932.971662	3.720773967E-04
378	283.5	933.465488	3.776796646E-04
379	284.25	933.96508	3.833482559E-04
380	285	934.470501	3.890839234E-04
381	285.75	934.981817	3.948874302E-04
382	286.5	935.499092	4.007595492E-04
383	287.25	936.022391	4.067010640E-04
384	288	936.551782	4.127127682E-04
385	288.75	937.087332	4.187954664E-04
386	289.5	937.62911	4.249499736E-04
387	290.25	938.177185	4.311771159E-04
388	291	938.731627	4.374777304E-04
389	291.75	939.292507	4.438526655E-04
390	292.5	939.859897	4.503027809E-04
391	293.25	940.43387	4.568289477E-04
392	294	941.0145	4.634320489E-04
393	294.75	941.601861	4.701129795E-04
394	295.5	942.19603	4.768726462E-04
395	296.25	942.797082	4.837119683E-04
396	297	943.405096	4.906318773E-04
397	297.75	944.02015	4.976333174E-04
398	298.5	944.642324	5.047172456E-04
399	299.25	945.271699	5.118846318E-04
400	300	945.908355	5.191364592E-04
── 设定点 900 °C　夹头 450 °C　段 1「HC2」　T设定 900 °C　节点 401　段长 300 mm　控温点下标 200（x = 150 mm）　电流 1014.1 A　ΔL_A +0.019729　ΔL_B +0.044114
i	X_mm	TMetal_C	epsDiff
0	0	945.888338	5.189084347E-04
1	0.75	945.209894	5.111807271E-04
2	1.5	944.539316	5.035443120E-04
3	2.25	943.876516	4.959981342E-04
4	3	943.221409	4.885411530E-04
5	3.75	942.573909	4.811723422E-04
6	4.5	941.933933	4.738906894E-04
7	5.25	941.301397	4.666951961E-04
8	6	940.67622	4.595848772E-04
9	6.75	940.058321	4.525587613E-04
10	7.5	939.447621	4.456158901E-04
11	8.25	938.84404	4.387553183E-04
12	9	938.247501	4.319761133E-04
13	9.75	937.657927	4.252773553E-04
14	10.5	937.075242	4.186581370E-04
15	11.25	936.499372	4.121175632E-04
16	12	935.930243	4.056547509E-04
17	12.75	935.367782	3.992688291E-04
18	13.5	934.811917	3.929589383E-04
19	14.25	934.262578	3.867242309E-04
20	15	933.719693	3.805638705E-04
21	15.75	933.183193	3.744770322E-04
22	16.5	932.653011	3.684629019E-04
23	17.25	932.129079	3.625206766E-04
24	18	931.61133	3.566495642E-04
25	18.75	931.099699	3.508487830E-04
26	19.5	930.59412	3.451175622E-04
27	20.25	930.09453	3.394551409E-04
28	21	929.600865	3.338607687E-04
29	21.75	929.113062	3.283337051E-04
30	22.5	928.631061	3.228732198E-04
31	23.25	928.154801	3.174785920E-04
32	24	927.68422	3.121491108E-04
33	24.75	927.21926	3.068840747E-04
34	25.5	926.759863	3.016827916E-04
35	26.25	926.30597	2.965445788E-04
36	27	925.857524	2.914687628E-04
37	27.75	925.41447	2.864546789E-04
38	28.5	924.976751	2.815016716E-04
39	29.25	924.544313	2.766090939E-04
40	30	924.117101	2.717763079E-04
41	30.75	923.695062	2.670026839E-04
42	31.5	923.278143	2.622876008E-04
43	32.25	922.866293	2.576304459E-04
44	33	922.459459	2.530306148E-04
45	33.75	922.05759	2.484875110E-04
46	34.5	921.660638	2.440005463E-04
47	35.25	921.268552	2.395691404E-04
48	36	920.881283	2.351927206E-04
49	36.75	920.498783	2.308707222E-04
50	37.5	920.121006	2.266025881E-04
51	38.25	919.747903	2.223877686E-04
52	39	919.379428	2.182257217E-04
53	39.75	919.015536	2.141159124E-04
54	40.5	918.656182	2.100578134E-04
55	41.25	918.301321	2.060509042E-04
56	42	917.95091	2.020946716E-04
57	42.75	917.604904	1.981886093E-04
58	43.5	917.263261	1.943322181E-04
59	44.25	916.925939	1.905250055E-04
60	45	916.592896	1.867664856E-04
61	45.75	916.264092	1.830561796E-04
62	46.5	915.939485	1.793936149E-04
63	47.25	915.619035	1.757783255E-04
64	48	915.302704	1.722098521E-04
65	48.75	914.990452	1.686877414E-04
66	49.5	914.682241	1.652115467E-04
67	50.25	914.378032	1.617808272E-04
68	51	914.07779	1.583951487E-04
69	51.75	913.781475	1.550540826E-04
70	52.5	913.489054	1.517572066E-04
71	53.25	913.200488	1.485041042E-04
72	54	912.915744	1.452943650E-04
73	54.75	912.634786	1.421275841E-04
74	55.5	912.35758	1.390033625E-04
75	56.25	912.084091	1.359213069E-04
76	57	911.814287	1.328810296E-04
77	57.75	911.548135	1.298821484E-04
78	58.5	911.285601	1.269242866E-04
79	59.25	911.026655	1.240070731E-04
80	60	910.771264	1.211301420E-04
81	60.75	910.519396	1.182931327E-04
82	61.5	910.271023	1.154956901E-04
83	62.25	910.026112	1.127374639E-04
84	63	909.784635	1.100181094E-04
85	63.75	909.546562	1.073372868E-04
86	64.5	909.311863	1.046946612E-04
87	65.25	909.080511	1.020899029E-04
88	66	908.852478	9.952268711E-05
89	66.75	908.627735	9.699269390E-05
90	67.5	908.406255	9.449960820E-05
91	68.25	908.188011	9.204311973E-05
92	69	907.972978	8.962292295E-05
93	69.75	907.761128	8.723871704E-05
94	70.5	907.552437	8.489020583E-05
95	71.25	907.346878	8.257709776E-05
96	72	907.144427	8.029910584E-05
97	72.75	906.94506	7.805594761E-05
98	73.5	906.748752	7.584734508E-05
99	74.25	906.55548	7.367302471E-05
100	75	906.365219	7.153271735E-05
101	75.75	906.177948	6.942615820E-05
102	76.5	905.993643	6.735308680E-05
103	77.25	905.812283	6.531324695E-05
104	78	905.633844	6.330638671E-05
105	78.75	905.458307	6.133225832E-05
106	79.5	905.285649	5.939061819E-05
107	80.25	905.11585	5.748122687E-05
108	81	904.948889	5.560384901E-05
109	81.75	904.784746	5.375825331E-05
110	82.5	904.623402	5.194421247E-05
111	83.25	904.464837	5.016150323E-05
112	84	904.309031	4.840990626E-05
113	84.75	904.155967	4.668920615E-05
114	85.5	904.005625	4.499919140E-05
115	86.25	903.857987	4.333965437E-05
116	87	903.713037	4.171039125E-05
117	87.75	903.570755	4.011120202E-05
118	88.5	903.431126	3.854189047E-05
119	89.25	903.294133	3.700226410E-05
120	90	903.159758	3.549213413E-05
121	90.75	903.027986	3.401131550E-05
122	91.5	902.898801	3.255962678E-05
123	92.25	902.772188	3.113689018E-05
124	93	902.64813	2.974293154E-05
125	93.75	902.526615	2.837758026E-05
126	94.5	902.407626	2.704066933E-05
127	95.25	902.291149	2.573203525E-05
128	96	902.177172	2.445151805E-05
129	96.75	902.065679	2.319896123E-05
130	97.5	901.956657	2.197421177E-05
131	98.25	901.850094	2.077712011E-05
132	99	901.745977	1.960754008E-05
133	99.75	901.644293	1.846532894E-05
134	100.5	901.54503	1.735034733E-05
135	101.25	901.448176	1.626245923E-05
136	102	901.35372	1.520153198E-05
137	102.75	901.261649	1.416743625E-05
138	103.5	901.171955	1.316004600E-05
139	104.25	901.084624	1.217923849E-05
140	105	900.999648	1.122489424E-05
141	105.75	900.917015	1.029689702E-05
142	106.5	900.836717	9.395133851E-06
143	107.25	900.758743	8.519494962E-06
144	108	900.683084	7.669873792E-06
145	108.75	900.609731	6.846166967E-06
146	109.5	900.538675	6.048274288E-06
147	110.25	900.469908	5.276098717E-06
148	111	900.403421	4.529546362E-06
149	111.75	900.339207	3.808526466E-06
150	112.5	900.277259	3.112951392E-06
151	113.25	900.217567	2.442736610E-06
152	114	900.160126	1.797800687E-06
153	114.75	900.104928	1.178065276E-06
154	115.5	900.051968	5.834551028E-07
155	116.25	900.001238	1.389795596E-08
156	117	899.952732	-5.306753226E-07
157	117.75	899.906446	-1.050330848E-06
158	118.5	899.862372	-1.545131701E-06
159	119.25	899.820507	-2.015137937E-06
160	120	899.780845	-2.460406597E-06
161	120.75	899.74338	-2.880991710E-06
162	121.5	899.70811	-3.276944308E-06
163	122.25	899.675029	-3.648312425E-06
164	123	899.644134	-3.995141112E-06
165	123.75	899.615421	-4.317472437E-06
166	124.5	899.588886	-4.615345494E-06
167	125.25	899.564527	-4.888796406E-06
168	126	899.54234	-5.137858335E-06
169	126.75	899.522323	-5.362561480E-06
170	127.5	899.504473	-5.562933087E-06
171	128.25	899.488788	-5.738997449E-06
172	129	899.475267	-5.890775913E-06
173	129.75	899.463908	-6.018286877E-06
174	130.5	899.454709	-6.121545801E-06
175	131.25	899.44767	-6.200565202E-06
176	132	899.442789	-6.255354659E-06
177	132.75	899.440066	-6.285920812E-06
178	133.5	899.439501	-6.292267368E-06
179	134.25	899.441093	-6.274395095E-06
180	135	899.444843	-6.232301828E-06
181	135.75	899.450751	-6.165982463E-06
182	136.5	899.458818	-6.075428961E-06
183	137.25	899.469044	-5.960630346E-06
184	138	899.481432	-5.821572701E-06
185	138.75	899.495983	-5.658239167E-06
186	139.5	899.512697	-5.470609944E-06
187	140.25	899.531578	-5.258662283E-06
188	141	899.552628	-5.022370486E-06
189	141.75	899.575848	-4.761705902E-06
190	142.5	899.601242	-4.476636923E-06
191	143.25	899.628813	-4.167128978E-06
192	144	899.658565	-3.833144531E-06
193	144.75	899.690499	-3.474643074E-06
194	145.5	899.724622	-3.091581118E-06
195	146.25	899.760936	-2.683912196E-06
196	147	899.799445	-2.251586847E-06
197	147.75	899.840156	-1.794552613E-06
198	148.5	899.883071	-1.312754033E-06
199	149.25	899.928197	-8.061326331E-07
200	150	899.975539	-2.746269187E-07
201	150.75	900.025102	2.818276340E-07
202	151.5	900.076893	8.632985869E-07
203	152.25	900.130917	1.469856550E-06
204	153	900.187182	2.101575190E-06
205	153.75	900.245693	2.758531244E-06
206	154.5	900.306458	3.440804525E-06
207	155.25	900.369484	4.148477939E-06
208	156	900.434778	4.881637491E-06
209	156.75	900.502349	5.640372304E-06
210	157.5	900.572204	6.424774625E-06
211	158.25	900.644352	7.234939840E-06
212	159	900.718801	8.070966490E-06
213	159.75	900.795561	8.932956283E-06
214	160.5	900.87464	9.821014108E-06
215	161.25	900.956048	1.073524805E-05
216	162	901.039795	1.167576941E-05
217	162.75	901.12589	1.264269271E-05
218	163.5	901.214344	1.363613572E-05
219	164.25	901.305168	1.465621948E-05
220	165	901.398373	1.570306828E-05
221	165.75	901.493969	1.677680974E-05
222	166.5	901.591967	1.787757477E-05
223	167.25	901.692381	1.900549762E-05
224	168	901.795222	2.016071589E-05
225	168.75	901.900501	2.134337057E-05
226	169.5	902.008233	2.255360601E-05
227	170.25	902.118429	2.379156999E-05
228	171	902.231102	2.505741373E-05
229	171.75	902.346268	2.635129190E-05
230	172.5	902.463938	2.767336263E-05
231	173.25	902.584128	2.902378759E-05
232	174	902.706851	3.040273192E-05
233	174.75	902.832123	3.181036437E-05
234	175.5	902.959958	3.324685720E-05
235	176.25	903.090372	3.471238632E-05
236	177	903.223381	3.620713123E-05
237	177.75	903.359	3.773127509E-05
238	178.5	903.497245	3.928500473E-05
239	179.25	903.638135	4.086851069E-05
240	180	903.781684	4.248198724E-05
241	180.75	903.927911	4.412563240E-05
242	181.5	904.076833	4.579964798E-05
243	182.25	904.228469	4.750423962E-05
244	183	904.382835	4.923961678E-05
245	183.75	904.539952	5.100599284E-05
246	184.5	904.699837	5.280358504E-05
247	185.25	904.862511	5.463261460E-05
248	186	905.027992	5.649330670E-05
249	186.75	905.196301	5.838589052E-05
250	187.5	905.367458	6.031059929E-05
251	188.25	905.541484	6.226767031E-05
252	189	905.718399	6.425734501E-05
253	189.75	905.898225	6.627986894E-05
254	190.5	906.080984	6.833549184E-05
255	191.25	906.266698	7.042446769E-05
256	192	906.455389	7.254705471E-05
257	192.75	906.64708	7.470351542E-05
258	193.5	906.841794	7.689411667E-05
259	194.25	907.039555	7.911912971E-05
260	195	907.240387	8.137883019E-05
261	195.75	907.444313	8.367349821E-05
262	196.5	907.65136	8.600341840E-05
263	197.25	907.861551	8.836887991E-05
264	198	908.074913	9.077017649E-05
265	198.75	908.291471	9.320760651E-05
266	199.5	908.511251	9.568147304E-05
267	200.25	908.73428	9.819208386E-05
268	201	908.960586	1.007397515E-04
269	201.75	909.190195	1.033247934E-04
270	202.5	909.423136	1.059475318E-04
271	203.25	909.659437	1.086082937E-04
272	204	909.899126	1.113074115E-04
273	204.75	910.142234	1.140452221E-04
274	205.5	910.388789	1.168220679E-04
275	206.25	910.638821	1.196382961E-04
276	207	910.892362	1.224942594E-04
277	207.75	911.149441	1.253903154E-04
278	208.5	911.410091	1.283268273E-04
279	209.25	911.674342	1.313041633E-04
280	210	911.942228	1.343226975E-04
281	210.75	912.213782	1.373828089E-04
282	211.5	912.489035	1.404848824E-04
283	212.25	912.768023	1.436293083E-04
284	213	913.050778	1.468164828E-04
285	213.75	913.337336	1.500468075E-04
286	214.5	913.627733	1.533206900E-04
287	215.25	913.922002	1.566385436E-04
288	216	914.220181	1.600007875E-04
289	216.75	914.522307	1.634078470E-04
290	217.5	914.828415	1.668601533E-04
291	218.25	915.138545	1.703581439E-04
292	219	915.452733	1.739022623E-04
293	219.75	915.77102	1.774929583E-04
294	220.5	916.093443	1.811306881E-04
295	221.25	916.420042	1.848159142E-04
296	222	916.750859	1.885491056E-04
297	222.75	917.085933	1.923307380E-04
298	223.5	917.425306	1.961612935E-04
299	224.25	917.76902	2.000412611E-04
300	225	918.117117	2.039711365E-04
301	225.75	918.46964	2.079514223E-04
302	226.5	918.826634	2.119826280E-04
303	227.25	919.188142	2.160652704E-04
304	228	919.554209	2.201998731E-04
305	228.75	919.924881	2.243869671E-04
306	229.5	920.300203	2.286270907E-04
307	230.25	920.680221	2.329207896E-04
308	231	921.064985	2.372686169E-04
309	231.75	921.45454	2.416711334E-04
310	232.5	921.848936	2.461289076E-04
311	233.25	922.248222	2.506425158E-04
312	234	922.652447	2.552125420E-04
313	234.75	923.061662	2.598395783E-04
314	235.5	923.475918	2.645242251E-04
315	236.25	923.895267	2.692670906E-04
316	237	924.319761	2.740687916E-04
317	237.75	924.749453	2.789299531E-04
318	238.5	925.184397	2.838512088E-04
319	239.25	925.624649	2.888332010E-04
320	240	926.070262	2.938765806E-04
321	240.75	926.521292	2.989820076E-04
322	241.5	926.977798	3.041501506E-04
323	242.25	927.439835	3.093816877E-04
324	243	927.907462	3.146773061E-04
325	243.75	928.380739	3.200377022E-04
326	244.5	928.859724	3.254635820E-04
327	245.25	929.344478	3.309556611E-04
328	246	929.835063	3.365146649E-04
329	246.75	930.331539	3.421413284E-04
330	247.5	930.833972	3.478363969E-04
331	248.25	931.342423	3.536006256E-04
332	249	931.856957	3.594347803E-04
333	249.75	932.377641	3.653396368E-04
334	250.5	932.904539	3.713159819E-04
335	251.25	933.437719	3.773646129E-04
336	252	933.977248	3.834863378E-04
337	252.75	934.523197	3.896819760E-04
338	253.5	935.075633	3.959523578E-04
339	254.25	935.634628	4.022983250E-04
340	255	936.200253	4.087207307E-04
341	255.75	936.772581	4.152204400E-04
342	256.5	937.351685	4.217983295E-04
343	257.25	937.937638	4.284552880E-04
344	258	938.530517	4.351922164E-04
345	258.75	939.130398	4.420100280E-04
346	259.5	939.737357	4.489096487E-04
347	260.25	940.351474	4.558920169E-04
348	261	940.972826	4.629580843E-04
349	261.75	941.601495	4.701088153E-04
350	262.5	942.237561	4.773451879E-04
351	263.25	942.881108	4.846681934E-04
352	264	943.532217	4.920788369E-04
353	264.75	944.190975	4.995781375E-04
354	265.5	944.857465	5.071671282E-04
355	266.25	945.531776	5.148468565E-04
356	267	946.213994	5.226183843E-04
357	267.75	946.904209	5.304827886E-04
358	268.5	947.602511	5.384411610E-04
359	269.25	948.308991	5.464946086E-04
360	270	949.023742	5.546442538E-04
361	270.75	949.746857	5.628912348E-04
362	271.5	950.47843	5.712367059E-04
363	272.25	951.218559	5.796818373E-04
364	273	951.967341	5.882278159E-04
365	273.75	952.724873	5.968758452E-04
366	274.5	953.491257	6.056271458E-04
367	275.25	954.266593	6.144829553E-04
368	276	955.050984	6.234445291E-04
369	276.75	955.844534	6.325131403E-04
370	277.5	956.647348	6.416900802E-04
371	278.25	957.459533	6.509766584E-04
372	279	958.281196	6.603742030E-04
373	279.75	959.112448	6.698840616E-04
374	280.5	959.953399	6.795076005E-04
375	281.25	960.804162	6.892462062E-04
376	282	961.664851	6.991012846E-04
377	282.75	962.53558	7.090742624E-04
378	283.5	963.416467	7.191665865E-04
379	284.25	964.30763	7.293797250E-04
380	285	965.20919	7.397151672E-04
381	285.75	966.121267	7.501744241E-04
382	286.5	967.043986	7.607590287E-04
383	287.25	967.977471	7.714705366E-04
384	288	968.921848	7.823105259E-04
385	288.75	969.877246	7.932805981E-04
386	289.5	970.843796	8.043823782E-04
387	290.25	971.821627	8.156175151E-04
388	291	972.810875	8.269876824E-04
389	291.75	973.811674	8.384945782E-04
390	292.5	974.824162	8.501399261E-04
391	293.25	975.848476	8.619254752E-04
392	294	976.884759	8.738530009E-04
393	294.75	977.933153	8.859243053E-04
394	295.5	978.993802	8.981412175E-04
395	296.25	980.066853	9.105055941E-04
396	297	981.152455	9.230193199E-04
397	297.75	982.250758	9.356843083E-04
398	298.5	983.361915	9.485025018E-04
399	299.25	984.486081	9.614758725E-04
400	300	985.623413	9.746064226E-04
── 设定点 1000 °C　夹头 100 °C　段 0「HC1」　T设定 1000 °C　节点 401　段长 300 mm　控温点下标 200（x = 150 mm）　电流 1097.0 A　ΔL_A +0.024853　ΔL_B +0.002024
i	X_mm	TMetal_C	epsDiff
0	0	1044.421005	5.198846684E-04
1	0.75	1043.860594	5.132707512E-04
2	1.5	1043.306376	5.067313603E-04
3	2.25	1042.758283	5.002656288E-04
4	3	1042.216246	4.938727008E-04
5	3.75	1041.680198	4.875517317E-04
6	4.5	1041.150071	4.813018874E-04
7	5.25	1040.625799	4.751223445E-04
8	6	1040.107317	4.690122904E-04
9	6.75	1039.594562	4.629709224E-04
10	7.5	1039.087468	4.569974483E-04
11	8.25	1038.585973	4.510910859E-04
12	9	1038.090015	4.452510630E-04
13	9.75	1037.599532	4.394766169E-04
14	10.5	1037.114463	4.337669949E-04
15	11.25	1036.634749	4.281214535E-04
16	12	1036.160331	4.225392588E-04
17	12.75	1035.691148	4.170196860E-04
18	13.5	1035.227145	4.115620194E-04
19	14.25	1034.768263	4.061655524E-04
20	15	1034.314446	4.008295872E-04
21	15.75	1033.865637	3.955534346E-04
22	16.5	1033.421783	3.903364143E-04
23	17.25	1032.982828	3.851778542E-04
24	18	1032.548718	3.800770908E-04
25	18.75	1032.1194	3.750334688E-04
26	19.5	1031.694821	3.700463410E-04
27	20.25	1031.274929	3.651150682E-04
28	21	1030.859673	3.602390194E-04
29	21.75	1030.449003	3.554175711E-04
30	22.5	1030.042867	3.506501076E-04
31	23.25	1029.641216	3.459360210E-04
32	24	1029.244001	3.412747107E-04
33	24.75	1028.851173	3.366655836E-04
34	25.5	1028.462686	3.321080539E-04
35	26.25	1028.07849	3.276015430E-04
36	27	1027.69854	3.231454795E-04
37	27.75	1027.32279	3.187392989E-04
38	28.5	1026.951193	3.143824437E-04
39	29.25	1026.583704	3.100743633E-04
40	30	1026.220279	3.058145136E-04
41	30.75	1025.860873	3.016023575E-04
42	31.5	1025.505444	2.974373643E-04
43	32.25	1025.153947	2.933190098E-04
44	33	1024.806341	2.892467761E-04
45	33.75	1024.462583	2.852201518E-04
46	34.5	1024.122631	2.812386316E-04
47	35.25	1023.786445	2.773017164E-04
48	36	1023.453984	2.734089133E-04
49	36.75	1023.125207	2.695597353E-04
50	37.5	1022.800076	2.657537011E-04
51	38.25	1022.47855	2.619903356E-04
52	39	1022.160591	2.582691693E-04
53	39.75	1021.846161	2.545897384E-04
54	40.5	1021.535221	2.509515848E-04
55	41.25	1021.227735	2.473542557E-04
56	42	1020.923665	2.437973042E-04
57	42.75	1020.622975	2.402802885E-04
58	43.5	1020.325628	2.368027722E-04
59	44.25	1020.03159	2.333643242E-04
60	45	1019.740824	2.299645187E-04
61	45.75	1019.453295	2.266029348E-04
62	46.5	1019.16897	2.232791570E-04
63	47.25	1018.887813	2.199927745E-04
64	48	1018.609793	2.167433817E-04
65	48.75	1018.334874	2.135305778E-04
66	49.5	1018.063024	2.103539669E-04
67	50.25	1017.794211	2.072131576E-04
68	51	1017.528403	2.041077636E-04
69	51.75	1017.265567	2.010374030E-04
70	52.5	1017.005672	1.980016986E-04
71	53.25	1016.748688	1.950002777E-04
72	54	1016.494584	1.920327720E-04
73	54.75	1016.243328	1.890988180E-04
74	55.5	1015.994892	1.861980560E-04
75	56.25	1015.749246	1.833301311E-04
76	57	1015.50636	1.804946925E-04
77	57.75	1015.266206	1.776913936E-04
78	58.5	1015.028754	1.749198919E-04
79	59.25	1014.793977	1.721798493E-04
80	60	1014.561847	1.694709314E-04
81	60.75	1014.332336	1.667928082E-04
82	61.5	1014.105417	1.641451533E-04
83	62.25	1013.881062	1.615276445E-04
84	63	1013.659246	1.589399633E-04
85	63.75	1013.439942	1.563817952E-04
86	64.5	1013.223123	1.538528294E-04
87	65.25	1013.008765	1.513527588E-04
88	66	1012.796841	1.488812800E-04
89	66.75	1012.587328	1.464380934E-04
90	67.5	1012.380198	1.440229029E-04
91	68.25	1012.175429	1.416354160E-04
92	69	1011.972996	1.392753436E-04
93	69.75	1011.772876	1.369424004E-04
94	70.5	1011.575043	1.346363041E-04
95	71.25	1011.379475	1.323567762E-04
96	72	1011.18615	1.301035415E-04
97	72.75	1010.995043	1.278763279E-04
98	73.5	1010.806133	1.256748668E-04
99	74.25	1010.619397	1.234988928E-04
100	75	1010.434812	1.213481437E-04
101	75.75	1010.252359	1.192223605E-04
102	76.5	1010.072014	1.171212874E-04
103	77.25	1009.893756	1.150446716E-04
104	78	1009.717565	1.129922634E-04
105	78.75	1009.543419	1.109638162E-04
106	79.5	1009.371299	1.089590863E-04
107	80.25	1009.201184	1.069778331E-04
108	81	1009.033053	1.050198188E-04
109	81.75	1008.866888	1.030848086E-04
110	82.5	1008.702668	1.011725706E-04
111	83.25	1008.540374	9.928287560E-05
112	84	1008.379988	9.741549735E-05
113	84.75	1008.221489	9.557021231E-05
114	85.5	1008.064861	9.374679970E-05
115	86.25	1007.910083	9.194504144E-05
116	87	1007.757139	9.016472218E-05
117	87.75	1007.606009	8.840562918E-05
118	88.5	1007.456677	8.666755236E-05
119	89.25	1007.309125	8.495028424E-05
120	90	1007.163335	8.325361991E-05
121	90.75	1007.01929	8.157735698E-05
122	91.5	1006.876974	7.992129562E-05
123	92.25	1006.73637	7.828523846E-05
124	93	1006.597461	7.666899060E-05
125	93.75	1006.460231	7.507235960E-05
126	94.5	1006.324664	7.349515541E-05
127	95.25	1006.190744	7.193719036E-05
128	96	1006.058456	7.039827917E-05
129	96.75	1005.927783	6.887823888E-05
130	97.5	1005.798711	6.737688884E-05
131	98.25	1005.671225	6.589405069E-05
132	99	1005.545309	6.442954836E-05
133	99.75	1005.420948	6.298320798E-05
134	100.5	1005.29813	6.155485793E-05
135	101.25	1005.176838	6.014432877E-05
136	102	1005.057058	5.875145324E-05
137	102.75	1004.938778	5.737606624E-05
138	103.5	1004.821983	5.601800478E-05
139	104.25	1004.706658	5.467710799E-05
140	105	1004.592792	5.335321710E-05
141	105.75	1004.48037	5.204617538E-05
142	106.5	1004.36938	5.075582815E-05
143	107.25	1004.259808	4.948202279E-05
144	108	1004.151641	4.822460863E-05
145	108.75	1004.044868	4.698343703E-05
146	109.5	1003.939475	4.575836131E-05
147	110.25	1003.835451	4.454923671E-05
148	111	1003.732783	4.335592042E-05
149	111.75	1003.631459	4.217827155E-05
150	112.5	1003.531467	4.101615107E-05
151	113.25	1003.432796	3.986942185E-05
152	114	1003.335434	3.873794861E-05
153	114.75	1003.23937	3.762159791E-05
154	115.5	1003.144593	3.652023810E-05
155	116.25	1003.051091	3.543373939E-05
156	117	1002.958855	3.436197373E-05
157	117.75	1002.867872	3.330481486E-05
158	118.5	1002.778133	3.226213826E-05
159	119.25	1002.689626	3.123382118E-05
160	120	1002.602343	3.021974256E-05
161	120.75	1002.516272	2.921978306E-05
162	121.5	1002.431403	2.823382502E-05
163	122.25	1002.347727	2.726175249E-05
164	123	1002.265234	2.630345113E-05
165	123.75	1002.183915	2.535880829E-05
166	124.5	1002.103759	2.442771293E-05
167	125.25	1002.024758	2.351005564E-05
168	126	1001.946902	2.260572861E-05
169	126.75	1001.870182	2.171462561E-05
170	127.5	1001.79459	2.083664201E-05
171	128.25	1001.720117	1.997167472E-05
172	129	1001.646753	1.911962221E-05
173	129.75	1001.574491	1.828038450E-05
174	130.5	1001.503322	1.745386310E-05
175	131.25	1001.433238	1.663996108E-05
176	132	1001.364231	1.583858298E-05
177	132.75	1001.296292	1.504963482E-05
178	133.5	1001.229414	1.427302412E-05
179	134.25	1001.163589	1.350865986E-05
180	135	1001.098809	1.275645245E-05
181	135.75	1001.035068	1.201631376E-05
182	136.5	1000.972356	1.128815710E-05
183	137.25	1000.910668	1.057189718E-05
184	138	1000.849996	9.867450132E-06
185	138.75	1000.790333	9.174733473E-06
186	139.5	1000.731672	8.493666117E-06
187	140.25	1000.674007	7.824168355E-06
188	141	1000.61733	7.166161843E-06
189	141.75	1000.561635	6.519569595E-06
190	142.5	1000.506915	5.884315973E-06
191	143.25	1000.453165	5.260326679E-06
192	144	1000.400377	4.647528741E-06
193	144.75	1000.348547	4.045850509E-06
194	145.5	1000.297668	3.455221645E-06
195	146.25	1000.247733	2.875573109E-06
196	147	1000.198738	2.306837159E-06
197	147.75	1000.150676	1.748947336E-06
198	148.5	1000.103542	1.201838457E-06
199	149.25	1000.057331	6.654466077E-07
200	150	1000.012037	1.397091361E-07
201	150.75	999.967654	-3.754353589E-07
202	151.5	999.924179	-8.800470326E-07
203	152.25	999.881605	-1.374184803E-06
204	153	999.839928	-1.857906358E-06
205	153.75	999.799143	-2.331268162E-06
206	154.5	999.759245	-2.794325465E-06
207	155.25	999.72023	-3.247132305E-06
208	156	999.682093	-3.689741520E-06
209	156.75	999.64483	-4.122204752E-06
210	157.5	999.608436	-4.544572453E-06
211	158.25	999.572907	-4.956893892E-06
212	159	999.538239	-5.359217162E-06
213	159.75	999.504429	-5.751589183E-06
214	160.5	999.471471	-6.134055711E-06
215	161.25	999.439363	-6.506661344E-06
216	162	999.408101	-6.869449524E-06
217	162.75	999.37768	-7.222462545E-06
218	163.5	999.348098	-7.565741557E-06
219	164.25	999.319352	-7.899326573E-06
220	165	999.291436	-8.223256474E-06
221	165.75	999.26435	-8.537569008E-06
222	166.5	999.238089	-8.842300804E-06
223	167.25	999.21265	-9.137487370E-06
224	168	999.18803	-9.423163098E-06
225	168.75	999.164227	-9.699361271E-06
226	169.5	999.141238	-9.966114065E-06
227	170.25	999.11906	-1.022345255E-05
228	171	999.097691	-1.047140671E-05
229	171.75	999.077128	-1.071000542E-05
230	172.5	999.057368	-1.093927646E-05
231	173.25	999.03841	-1.115924655E-05
232	174	999.020252	-1.136994129E-05
233	174.75	999.00289	-1.157138522E-05
234	175.5	998.986324	-1.176360179E-05
235	176.25	998.970551	-1.194661339E-05
236	177	998.955569	-1.212044133E-05
237	177.75	998.941377	-1.228510583E-05
238	178.5	998.927973	-1.244062608E-05
239	179.25	998.915355	-1.258702017E-05
240	180	998.903523	-1.272430515E-05
241	180.75	998.892474	-1.285249701E-05
242	181.5	998.882208	-1.297161065E-05
243	182.25	998.872723	-1.308165994E-05
244	183	998.864018	-1.318265770E-05
245	183.75	998.856092	-1.327461568E-05
246	184.5	998.848944	-1.335754458E-05
247	185.25	998.842574	-1.343145406E-05
248	186	998.83698	-1.349635271E-05
249	186.75	998.832162	-1.355224809E-05
250	187.5	998.82812	-1.359914670E-05
251	188.25	998.824853	-1.363705401E-05
252	189	998.82236	-1.366597442E-05
253	189.75	998.820642	-1.368591129E-05
254	190.5	998.819698	-1.369686696E-05
255	191.25	998.819527	-1.369884269E-05
256	192	998.820131	-1.369183872E-05
257	192.75	998.821509	-1.367585422E-05
258	193.5	998.823661	-1.365088734E-05
259	194.25	998.826587	-1.361693518E-05
260	195	998.830288	-1.357399378E-05
261	195.75	998.834765	-1.352205814E-05
262	196.5	998.840017	-1.346112222E-05
263	197.25	998.846045	-1.339117894E-05
264	198	998.852851	-1.331222014E-05
265	198.75	998.860434	-1.322423664E-05
266	199.5	998.868796	-1.312721819E-05
267	200.25	998.877938	-1.302115352E-05
268	201	998.88786	-1.290603026E-05
269	201.75	998.898564	-1.278183503E-05
270	202.5	998.910052	-1.264855336E-05
271	203.25	998.922324	-1.250616975E-05
272	204	998.935381	-1.235466761E-05
273	204.75	998.949226	-1.219402930E-05
274	205.5	998.96386	-1.202423614E-05
275	206.25	998.979285	-1.184526835E-05
276	207	998.995502	-1.165710510E-05
277	207.75	999.012514	-1.145972447E-05
278	208.5	999.030321	-1.125310348E-05
279	209.25	999.048927	-1.103721808E-05
280	210	999.068334	-1.081204312E-05
281	210.75	999.088543	-1.057755239E-05
282	211.5	999.109557	-1.033371856E-05
283	212.25	999.131379	-1.008051325E-05
284	213	999.154011	-9.817906961E-06
285	213.75	999.177456	-9.545869101E-06
286	214.5	999.201715	-9.264367980E-06
287	215.25	999.226793	-8.973370805E-06
288	216	999.252692	-8.672843671E-06
289	216.75	999.279415	-8.362751561E-06
290	217.5	999.306965	-8.043058342E-06
291	218.25	999.335346	-7.713726757E-06
292	219	999.36456	-7.374718424E-06
293	219.75	999.394611	-7.025993830E-06
294	220.5	999.425502	-6.667512326E-06
295	221.25	999.457238	-6.299232121E-06
296	222	999.489821	-5.921110280E-06
297	222.75	999.523256	-5.533102713E-06
298	223.5	999.557546	-5.135164175E-06
299	224.25	999.592695	-4.727248260E-06
300	225	999.628708	-4.309307390E-06
301	225.75	999.665588	-3.881292815E-06
302	226.5	999.70334	-3.443154605E-06
303	227.25	999.741968	-2.994841641E-06
304	228	999.781477	-2.536301614E-06
305	228.75	999.821871	-2.067481013E-06
306	229.5	999.863155	-1.588325124E-06
307	230.25	999.905333	-1.098778016E-06
308	231	999.948412	-5.987825411E-07
309	231.75	999.992394	-8.828032403E-08
310	232.5	1000.037287	4.327882455E-07
311	233.25	1000.083094	9.644840193E-07
312	234	1000.129821	1.506869098E-06
313	234.75	1000.177474	2.060006841E-06
314	235.5	1000.226057	2.623961869E-06
315	236.25	1000.275578	3.198800081E-06
316	237	1000.326041	3.784588652E-06
317	237.75	1000.377452	4.381396050E-06
318	238.5	1000.429818	4.989292041E-06
319	239.25	1000.483143	5.608347697E-06
320	240	1000.537436	6.238635406E-06
321	240.75	1000.5927	6.880228883E-06
322	241.5	1000.648945	7.533203174E-06
323	242.25	1000.706174	8.197634670E-06
324	243	1000.764397	8.873601118E-06
325	243.75	1000.823618	9.561181623E-06
326	244.5	1000.883845	1.026045667E-05
327	245.25	1000.945085	1.097150811E-05
328	246	1001.007345	1.169441922E-05
329	246.75	1001.070633	1.242927465E-05
330	247.5	1001.134955	1.317616048E-05
331	248.25	1001.200319	1.393516420E-05
332	249	1001.266732	1.470637476E-05
333	249.75	1001.334203	1.548988254E-05
334	250.5	1001.40274	1.628577940E-05
335	251.25	1001.472349	1.709415863E-05
336	252	1001.543039	1.791511504E-05
337	252.75	1001.614819	1.874874493E-05
338	253.5	1001.687697	1.959514609E-05
339	254.25	1001.761681	2.045441785E-05
340	255	1001.83678	2.132666105E-05
341	255.75	1001.913002	2.221197810E-05
342	256.5	1001.990357	2.311047293E-05
343	257.25	1002.068853	2.402225109E-05
344	258	1002.148499	2.494741968E-05
345	258.75	1002.229306	2.588608740E-05
346	259.5	1002.311281	2.683836458E-05
347	260.25	1002.394435	2.780436316E-05
348	261	1002.478778	2.878419673E-05
349	261.75	1002.564319	2.977798053E-05
350	262.5	1002.651067	3.078583147E-05
351	263.25	1002.739034	3.180786814E-05
352	264	1002.82823	3.284421084E-05
353	264.75	1002.918664	3.389498159E-05
354	265.5	1003.010348	3.496030412E-05
355	266.25	1003.103291	3.604030393E-05
356	267	1003.197506	3.713510826E-05
357	267.75	1003.293002	3.824484615E-05
358	268.5	1003.389791	3.936964843E-05
359	269.25	1003.487885	4.050964773E-05
360	270	1003.587294	4.166497854E-05
361	270.75	1003.68803	4.283577717E-05
362	271.5	1003.790106	4.402218181E-05
363	272.25	1003.893532	4.522433252E-05
364	273	1003.998321	4.644237128E-05
365	273.75	1004.104485	4.767644197E-05
366	274.5	1004.212037	4.892669043E-05
367	275.25	1004.320989	5.019326445E-05
368	276	1004.431354	5.147631379E-05
369	276.75	1004.543144	5.277599020E-05
370	277.5	1004.656373	5.409244748E-05
371	278.25	1004.771054	5.542584143E-05
372	279	1004.8872	5.677632992E-05
373	279.75	1005.004826	5.814407291E-05
374	280.5	1005.123944	5.952923244E-05
375	281.25	1005.244568	6.093197269E-05
376	282	1005.366713	6.235245996E-05
377	282.75	1005.490393	6.379086273E-05
378	283.5	1005.615623	6.524735166E-05
379	284.25	1005.742417	6.672209962E-05
380	285	1005.870789	6.821528171E-05
381	285.75	1006.000756	6.972707528E-05
382	286.5	1006.132331	7.125765998E-05
383	287.25	1006.265531	7.280721774E-05
384	288	1006.400371	7.437593282E-05
385	288.75	1006.536868	7.596399183E-05
386	289.5	1006.675036	7.757158377E-05
387	290.25	1006.814892	7.919890004E-05
388	291	1006.956453	8.084613443E-05
389	291.75	1007.099734	8.251348324E-05
390	292.5	1007.244754	8.420114521E-05
391	293.25	1007.391529	8.590932160E-05
392	294	1007.540076	8.763821619E-05
393	294.75	1007.690412	8.938803534E-05
394	295.5	1007.842555	9.115898800E-05
395	296.25	1007.996524	9.295128570E-05
396	297	1008.152336	9.476514267E-05
397	297.75	1008.310009	9.660077577E-05
398	298.5	1008.469563	9.845840459E-05
399	299.25	1008.631015	1.003382514E-04
400	300	1008.794385	1.022405414E-04
── 设定点 1000 °C　夹头 100 °C　段 1「HC2」　T设定 1000 °C　节点 401　段长 300 mm　控温点下标 200（x = 150 mm）　电流 1093.1 A　ΔL_A -0.000441　ΔL_B +0.045525
i	X_mm	TMetal_C	epsDiff
0	0	1008.772086	1.019808876E-04
1	0.75	1008.564065	9.955872179E-05
2	1.5	1008.358571	9.716615383E-05
3	2.25	1008.155579	9.480289474E-05
4	3	1007.955065	9.246865926E-05
5	3.75	1007.757005	9.016316577E-05
6	4.5	1007.561376	8.788613630E-05
7	5.25	1007.368156	8.563729644E-05
8	6	1007.17732	8.341637537E-05
9	6.75	1006.988848	8.122310575E-05
10	7.5	1006.802716	7.905722373E-05
11	8.25	1006.618903	7.691846889E-05
12	9	1006.437387	7.480658422E-05
13	9.75	1006.258147	7.272131606E-05
14	10.5	1006.081162	7.066241410E-05
15	11.25	1005.906411	6.862963129E-05
16	12	1005.733873	6.662272387E-05
17	12.75	1005.563528	6.464145129E-05
18	13.5	1005.395357	6.268557620E-05
19	14.25	1005.229339	6.075486440E-05
20	15	1005.065454	5.884908481E-05
21	15.75	1004.903685	5.696800946E-05
22	16.5	1004.744011	5.511141343E-05
23	17.25	1004.586415	5.327907484E-05
24	18	1004.430877	5.147077481E-05
25	18.75	1004.27738	4.968629741E-05
26	19.5	1004.125905	4.792542967E-05
27	20.25	1003.976434	4.618796153E-05
28	21	1003.828951	4.447368582E-05
29	21.75	1003.683438	4.278239820E-05
30	22.5	1003.539877	4.111389717E-05
31	23.25	1003.398253	3.946798404E-05
32	24	1003.258548	3.784446287E-05
33	24.75	1003.120747	3.624314047E-05
34	25.5	1002.984833	3.466382639E-05
35	26.25	1002.85079	3.310633284E-05
36	27	1002.718602	3.157047472E-05
37	27.75	1002.588255	3.005606957E-05
38	28.5	1002.459732	2.856293753E-05
39	29.25	1002.33302	2.709090136E-05
40	30	1002.208103	2.563978637E-05
41	30.75	1002.084966	2.420942042E-05
42	31.5	1001.963596	2.279963390E-05
43	32.25	1001.843977	2.141025970E-05
44	33	1001.726097	2.004113316E-05
45	33.75	1001.609941	1.869209212E-05
46	34.5	1001.495496	1.736297682E-05
47	35.25	1001.382749	1.605362993E-05
48	36	1001.271686	1.476389650E-05
49	36.75	1001.162294	1.349362396E-05
50	37.5	1001.054561	1.224266208E-05
51	38.25	1000.948475	1.101086298E-05
52	39	1000.844022	9.798081069E-06
53	39.75	1000.74119	8.604173062E-06
54	40.5	1000.639969	7.428997939E-06
55	41.25	1000.540345	6.272416937E-06
56	42	1000.442308	5.134293529E-06
57	42.75	1000.345846	4.014493405E-06
58	43.5	1000.250947	2.912884453E-06
59	44.25	1000.157602	1.829336747E-06
60	45	1000.065798	7.637225237E-07
61	45.75	999.975525	-2.840838308E-07
62	46.5	999.886773	-1.314205798E-06
63	47.25	999.799531	-2.326764745E-06
64	48	999.713789	-3.321879938E-06
65	48.75	999.629538	-4.299668558E-06
66	49.5	999.546768	-5.260245719E-06
67	50.25	999.465468	-6.203724480E-06
68	51	999.38563	-7.130215861E-06
69	51.75	999.307244	-8.039828857E-06
70	52.5	999.230301	-8.932670455E-06
71	53.25	999.154792	-9.808845642E-06
72	54	999.080709	-1.066845743E-05
73	54.75	999.008042	-1.151160684E-05
74	55.5	998.936784	-1.233839297E-05
75	56.25	998.866926	-1.314891295E-05
76	57	998.79846	-1.394326199E-05
77	57.75	998.731378	-1.472153337E-05
78	58.5	998.665673	-1.548381848E-05
79	59.25	998.601336	-1.623020680E-05
80	60	998.538361	-1.696078594E-05
81	60.75	998.476739	-1.767564164E-05
82	61.5	998.416465	-1.837485776E-05
83	62.25	998.35753	-1.905851633E-05
84	63	998.299928	-1.972669753E-05
85	63.75	998.243652	-2.037947973E-05
86	64.5	998.188697	-2.101693944E-05
87	65.25	998.135054	-2.163915141E-05
88	66	998.082719	-2.224618857E-05
89	66.75	998.031686	-2.283812204E-05
90	67.5	997.981947	-2.341502120E-05
91	68.25	997.933498	-2.397695363E-05
92	69	997.886333	-2.452398516E-05
93	69.75	997.840447	-2.505617984E-05
94	70.5	997.795833	-2.557360002E-05
95	71.25	997.752488	-2.607630627E-05
96	72	997.710405	-2.656435746E-05
97	72.75	997.669581	-2.703781070E-05
98	73.5	997.63001	-2.749672143E-05
99	74.25	997.591688	-2.794114334E-05
100	75	997.55461	-2.837112845E-05
101	75.75	997.518772	-2.878672706E-05
102	76.5	997.48417	-2.918798780E-05
103	77.25	997.4508	-2.957495762E-05
104	78	997.418659	-2.994768177E-05
105	78.75	997.387741	-3.030620385E-05
106	79.5	997.358045	-3.065056579E-05
107	80.25	997.329565	-3.098080785E-05
108	81	997.3023	-3.129696866E-05
109	81.75	997.276246	-3.159908519E-05
110	82.5	997.251399	-3.188719274E-05
111	83.25	997.227758	-3.216132500E-05
112	84	997.205319	-3.242151402E-05
113	84.75	997.184079	-3.266779020E-05
114	85.5	997.164037	-3.290018234E-05
115	86.25	997.14519	-3.311871759E-05
116	87	997.127535	-3.332342149E-05
117	87.75	997.111072	-3.351431796E-05
118	88.5	997.095797	-3.369142932E-05
119	89.25	997.081709	-3.385477625E-05
120	90	997.068806	-3.400437784E-05
121	90.75	997.057087	-3.414025157E-05
122	91.5	997.046551	-3.426241332E-05
123	92.25	997.037197	-3.437087735E-05
124	93	997.029022	-3.446565634E-05
125	93.75	997.022027	-3.454676136E-05
126	94.5	997.016211	-3.461420189E-05
127	95.25	997.011572	-3.466798580E-05
128	96	997.00811	-3.470811938E-05
129	96.75	997.005826	-3.473460732E-05
130	97.5	997.004718	-3.474745270E-05
131	98.25	997.004787	-3.474665704E-05
132	99	997.006032	-3.473222023E-05
133	99.75	997.008454	-3.470414059E-05
134	100.5	997.012052	-3.466241484E-05
135	101.25	997.016828	-3.460703811E-05
136	102	997.022782	-3.453800392E-05
137	102.75	997.029915	-3.445530422E-05
138	103.5	997.038227	-3.435892934E-05
139	104.25	997.04772	-3.424886802E-05
140	105	997.058394	-3.412510741E-05
141	105.75	997.07025	-3.398763304E-05
142	106.5	997.083291	-3.383642886E-05
143	107.25	997.097517	-3.367147719E-05
144	108	997.112931	-3.349275877E-05
145	108.75	997.129534	-3.330025271E-05
146	109.5	997.147327	-3.309393651E-05
147	110.25	997.166314	-3.287378607E-05
148	111	997.186495	-3.263977566E-05
149	111.75	997.207875	-3.239187792E-05
150	112.5	997.230454	-3.213006389E-05
151	113.25	997.254236	-3.185430296E-05
152	114	997.279223	-3.156456290E-05
153	114.75	997.305418	-3.126080983E-05
154	115.5	997.332825	-3.094300824E-05
155	116.25	997.361446	-3.061112098E-05
156	117	997.391285	-3.026510923E-05
157	117.75	997.422345	-2.990493254E-05
158	118.5	997.45463	-2.953054877E-05
159	119.25	997.488143	-2.914191415E-05
160	120	997.522889	-2.873898321E-05
161	120.75	997.558871	-2.832170881E-05
162	121.5	997.596094	-2.789004214E-05
163	122.25	997.634562	-2.744393268E-05
164	123	997.674279	-2.698332823E-05
165	123.75	997.71525	-2.650817489E-05
166	124.5	997.757479	-2.601841703E-05
167	125.25	997.800972	-2.551399732E-05
168	126	997.845734	-2.499485672E-05
169	126.75	997.891769	-2.446093441E-05
170	127.5	997.939084	-2.391216789E-05
171	128.25	997.987683	-2.334849288E-05
172	129	998.037572	-2.276984334E-05
173	129.75	998.088758	-2.217615148E-05
174	130.5	998.141245	-2.156734774E-05
175	131.25	998.19504	-2.094336077E-05
176	132	998.250149	-2.030411742E-05
177	132.75	998.306579	-1.964954277E-05
178	133.5	998.364336	-1.897956006E-05
179	134.25	998.423427	-1.829409072E-05
180	135	998.483858	-1.759305435E-05
181	135.75	998.545638	-1.687636873E-05
182	136.5	998.608771	-1.614394974E-05
183	137.25	998.673268	-1.539571146E-05
184	138	998.739133	-1.463156605E-05
185	138.75	998.806376	-1.385142380E-05
186	139.5	998.875004	-1.305519311E-05
187	140.25	998.945025	-1.224278047E-05
188	141	999.016447	-1.141409045E-05
189	141.75	999.089278	-1.056902569E-05
190	142.5	999.163527	-9.707486871E-06
191	143.25	999.239203	-8.829372734E-06
192	144	999.316314	-7.934580041E-06
193	144.75	999.394869	-7.023003571E-06
194	145.5	999.474877	-6.094536106E-06
195	146.25	999.556348	-5.149068413E-06
196	147	999.639291	-4.186489237E-06
197	147.75	999.723715	-3.206685278E-06
198	148.5	999.809631	-2.209541184E-06
199	149.25	999.897048	-1.194939529E-06
200	150	999.985977	-1.627608037E-07
201	150.75	1000.076428	8.871166047E-07
202	151.5	1000.168412	1.954816426E-06
203	152.25	1000.261938	3.040464523E-06
204	153	1000.357018	4.144188912E-06
205	153.75	1000.453664	5.266119772E-06
206	154.5	1000.551885	6.406389471E-06
207	155.25	1000.651695	7.565132576E-06
208	156	1000.753104	8.742485875E-06
209	156.75	1000.856123	9.938588393E-06
210	157.5	1000.960766	1.115358141E-05
211	158.25	1001.067044	1.238760849E-05
212	159	1001.17497	1.364081547E-05
213	159.75	1001.284556	1.491335052E-05
214	160.5	1001.395815	1.620536414E-05
215	161.25	1001.50876	1.751700918E-05
216	162	1001.623404	1.884844085E-05
217	162.75	1001.73976	2.019981678E-05
218	163.5	1001.857842	2.157129700E-05
219	164.25	1001.977664	2.296304396E-05
220	165	1002.09924	2.437522261E-05
221	165.75	1002.222584	2.580800034E-05
222	166.5	1002.347709	2.726154707E-05
223	167.25	1002.474632	2.873603522E-05
224	168	1002.603367	3.023163979E-05
225	168.75	1002.733928	3.174853832E-05
226	169.5	1002.866331	3.328691096E-05
227	170.25	1003.000592	3.484694050E-05
228	171	1003.136725	3.642881233E-05
229	171.75	1003.274748	3.803271456E-05
230	172.5	1003.414676	3.965883796E-05
231	173.25	1003.556525	4.130737604E-05
232	174	1003.700312	4.297852505E-05
233	174.75	1003.846054	4.467248401E-05
234	175.5	1003.993769	4.638945476E-05
235	176.25	1004.143472	4.812964195E-05
236	177	1004.295182	4.989325310E-05
237	177.75	1004.448917	5.168049860E-05
238	178.5	1004.604694	5.349159178E-05
239	179.25	1004.762532	5.532674890E-05
240	180	1004.922449	5.718618918E-05
241	180.75	1005.084464	5.907013487E-05
242	181.5	1005.248596	6.097881123E-05
243	182.25	1005.414864	6.291244661E-05
244	183	1005.583288	6.487127243E-05
245	183.75	1005.753888	6.685552326E-05
246	184.5	1005.926683	6.886543684E-05
247	185.25	1006.101694	7.090125407E-05
248	186	1006.278941	7.296321911E-05
249	186.75	1006.458445	7.505157937E-05
250	187.5	1006.640228	7.716658557E-05
251	188.25	1006.82431	7.930849174E-05
252	189	1007.010714	8.147755530E-05
253	189.75	1007.199461	8.367403707E-05
254	190.5	1007.390573	8.589820129E-05
255	191.25	1007.584074	8.815031571E-05
256	192	1007.779985	9.043065158E-05
257	192.75	1007.97833	9.273948370E-05
258	193.5	1008.179132	9.507709048E-05
259	194.25	1008.382415	9.744375395E-05
260	195	1008.588202	9.983975982E-05
261	195.75	1008.796519	1.022653975E-04
262	196.5	1009.00739	1.047209602E-04
263	197.25	1009.220839	1.072067449E-04
264	198	1009.436892	1.097230524E-04
265	198.75	1009.655575	1.122701874E-04
266	199.5	1009.876912	1.148484585E-04
267	200.25	1010.100931	1.174581783E-04
268	201	1010.327658	1.200996635E-04
269	201.75	1010.55712	1.227732348E-04
270	202.5	1010.789343	1.254792169E-04
271	203.25	1011.024356	1.282179388E-04
272	204	1011.262186	1.309897337E-04
273	204.75	1011.502861	1.337949389E-04
274	205.5	1011.746411	1.366338963E-04
275	206.25	1011.992863	1.395069518E-04
276	207	1012.242247	1.424144561E-04
277	207.75	1012.494594	1.453567639E-04
278	208.5	1012.749931	1.483342348E-04
279	209.25	1013.008291	1.513472328E-04
280	210	1013.269704	1.543961265E-04
281	210.75	1013.5342	1.574812892E-04
282	211.5	1013.801812	1.606030991E-04
283	212.25	1014.072571	1.637619388E-04
284	213	1014.34651	1.669581961E-04
285	213.75	1014.623661	1.701922636E-04
286	214.5	1014.904057	1.734645388E-04
287	215.25	1015.187731	1.767754243E-04
288	216	1015.474718	1.801253276E-04
289	216.75	1015.765052	1.835146617E-04
290	217.5	1016.058768	1.869438444E-04
291	218.25	1016.3559	1.904132992E-04
292	219	1016.656484	1.939234545E-04
293	219.75	1016.960556	1.974747444E-04
294	220.5	1017.268153	2.010676085E-04
295	221.25	1017.579311	2.047024916E-04
296	222	1017.894068	2.083798446E-04
297	222.75	1018.212461	2.121001237E-04
298	223.5	1018.534529	2.158637909E-04
299	224.25	1018.86031	2.196713142E-04
300	225	1019.189844	2.235231673E-04
301	225.75	1019.52317	2.274198302E-04
302	226.5	1019.860328	2.313617884E-04
303	227.25	1020.201359	2.353495341E-04
304	228	1020.546303	2.393835653E-04
305	228.75	1020.895204	2.434643864E-04
306	229.5	1021.248101	2.475925084E-04
307	230.25	1021.605039	2.517684484E-04
308	231	1021.96606	2.559927301E-04
309	231.75	1022.331207	2.602658841E-04
310	232.5	1022.700526	2.645884473E-04
311	233.25	1023.07406	2.689609637E-04
312	234	1023.451855	2.733839840E-04
313	234.75	1023.833956	2.778580660E-04
314	235.5	1024.220411	2.823837744E-04
315	236.25	1024.611265	2.869616813E-04
316	237	1025.006566	2.915923657E-04
317	237.75	1025.406363	2.962764142E-04
318	238.5	1025.810703	3.010144209E-04
319	239.25	1026.219637	3.058069873E-04
320	240	1026.633213	3.106547224E-04
321	240.75	1027.051482	3.155582433E-04
322	241.5	1027.474495	3.205181748E-04
323	242.25	1027.902304	3.255351495E-04
324	243	1028.334961	3.306098082E-04
325	243.75	1028.772519	3.357428000E-04
326	244.5	1029.215031	3.409347821E-04
327	245.25	1029.662552	3.461864202E-04
328	246	1030.115135	3.514983884E-04
329	246.75	1030.572838	3.568713696E-04
330	247.5	1031.035715	3.623060554E-04
331	248.25	1031.503824	3.678031461E-04
332	249	1031.977222	3.733633513E-04
333	249.75	1032.455967	3.789873895E-04
334	250.5	1032.940119	3.846759886E-04
335	251.25	1033.429736	3.904298858E-04
336	252	1033.92488	3.962498277E-04
337	252.75	1034.42561	4.021365707E-04
338	253.5	1034.93199	4.080908811E-04
339	254.25	1035.444082	4.141135349E-04
340	255	1035.961948	4.202053182E-04
341	255.75	1036.485654	4.263670274E-04
342	256.5	1037.015263	4.325994692E-04
343	257.25	1037.550843	4.389034608E-04
344	258	1038.092458	4.452798301E-04
345	258.75	1038.640176	4.517294158E-04
346	259.5	1039.194067	4.582530676E-04
347	260.25	1039.754197	4.648516461E-04
348	261	1040.320638	4.715260235E-04
349	261.75	1040.89346	4.782770834E-04
350	262.5	1041.472734	4.851057207E-04
351	263.25	1042.058533	4.920128426E-04
352	264	1042.65093	4.989993679E-04
353	264.75	1043.249999	5.060662277E-04
354	265.5	1043.855815	5.132143653E-04
355	266.25	1044.468455	5.204447367E-04
356	267	1045.087995	5.277583104E-04
357	267.75	1045.714513	5.351560681E-04
358	268.5	1046.348088	5.426390041E-04
359	269.25	1046.9888	5.502081265E-04
360	270	1047.636729	5.578644565E-04
361	270.75	1048.291958	5.656090292E-04
362	271.5	1048.954569	5.734428936E-04
363	272.25	1049.624646	5.813671126E-04
364	273	1050.302274	5.893827638E-04
365	273.75	1050.987539	5.974909389E-04
366	274.5	1051.680528	6.056927448E-04
367	275.25	1052.381329	6.139893031E-04
368	276	1053.090031	6.223817509E-04
369	276.75	1053.806725	6.308712405E-04
370	277.5	1054.531502	6.394589402E-04
371	278.25	1055.264454	6.481460341E-04
372	279	1056.005675	6.569337226E-04
373	279.75	1056.755261	6.658232225E-04
374	280.5	1057.513307	6.748157674E-04
375	281.25	1058.27991	6.839126079E-04
376	282	1059.05517	6.931150120E-04
377	282.75	1059.839185	7.024242650E-04
378	283.5	1060.632057	7.118416704E-04
379	284.25	1061.433889	7.213685496E-04
380	285	1062.244783	7.310062424E-04
381	285.75	1063.064845	7.407561075E-04
382	286.5	1063.894181	7.506195225E-04
383	287.25	1064.732899	7.605978845E-04
384	288	1065.581107	7.706926102E-04
385	288.75	1066.438916	7.809051363E-04
386	289.5	1067.306437	7.912369199E-04
387	290.25	1068.183785	8.016894386E-04
388	291	1069.071072	8.122641912E-04
389	291.75	1069.968416	8.229626979E-04
390	292.5	1070.875934	8.337865004E-04
391	293.25	1071.793745	8.447371629E-04
392	294	1072.72197	8.558162717E-04
393	294.75	1073.660731	8.670254363E-04
394	295.5	1074.610151	8.783662891E-04
395	296.25	1075.570356	8.898404866E-04
396	297	1076.541473	9.014497090E-04
397	297.75	1077.523631	9.131956612E-04
398	298.5	1078.516959	9.250800730E-04
399	299.25	1079.52159	9.371046995E-04
400	300	1080.537657	9.492713216E-04
── 设定点 1000 °C　夹头 450 °C　段 0「HC1」　T设定 1000 °C　节点 401　段长 300 mm　控温点下标 200（x = 150 mm）　电流 1093.7 A　ΔL_A +0.022858　ΔL_B +0.019349
i	X_mm	TMetal_C	epsDiff
0	0	1044.57353	5.216850029E-04
1	0.75	1043.972958	5.145967430E-04
2	1.5	1043.379131	5.075897310E-04
3	2.25	1042.791974	5.006630309E-04
4	3	1042.211414	4.938157189E-04
5	3.75	1041.637379	4.870468833E-04
6	4.5	1041.069797	4.803556243E-04
7	5.25	1040.508596	4.737410541E-04
8	6	1039.953706	4.672022962E-04
9	6.75	1039.40506	4.607384858E-04
10	7.5	1038.862587	4.543487693E-04
11	8.25	1038.326221	4.480323042E-04
12	9	1037.795894	4.417882589E-04
13	9.75	1037.271542	4.356158127E-04
14	10.5	1036.753099	4.295141554E-04
15	11.25	1036.2405	4.234824876E-04
16	12	1035.733682	4.175200199E-04
17	12.75	1035.232583	4.116259732E-04
18	13.5	1034.73714	4.057995787E-04
19	14.25	1034.247292	4.000400772E-04
20	15	1033.762979	3.943467196E-04
21	15.75	1033.284141	3.887187660E-04
22	16.5	1032.810719	3.831554866E-04
23	17.25	1032.342654	3.776561604E-04
24	18	1031.87989	3.722200761E-04
25	18.75	1031.422369	3.668465313E-04
26	19.5	1030.970034	3.615348327E-04
27	20.25	1030.522831	3.562842958E-04
28	21	1030.080705	3.510942449E-04
29	21.75	1029.643601	3.459640131E-04
30	22.5	1029.211466	3.408929417E-04
31	23.25	1028.784246	3.358803807E-04
32	24	1028.36189	3.309256882E-04
33	24.75	1027.944347	3.260282307E-04
34	25.5	1027.531564	3.211873826E-04
35	26.25	1027.123492	3.164025264E-04
36	27	1026.720081	3.116730524E-04
37	27.75	1026.321282	3.069983586E-04
38	28.5	1025.927047	3.023778508E-04
39	29.25	1025.537326	2.978109423E-04
40	30	1025.152073	2.932970539E-04
41	30.75	1024.771241	2.888356137E-04
42	31.5	1024.394785	2.844260571E-04
43	32.25	1024.022657	2.800678267E-04
44	33	1023.654813	2.757603722E-04
45	33.75	1023.291209	2.715031502E-04
46	34.5	1022.9318	2.672956244E-04
47	35.25	1022.576543	2.631372651E-04
48	36	1022.225395	2.590275494E-04
49	36.75	1021.878313	2.549659611E-04
50	37.5	1021.535256	2.509519906E-04
51	38.25	1021.196182	2.469851347E-04
52	39	1020.86105	2.430648965E-04
53	39.75	1020.52982	2.391907857E-04
54	40.5	1020.202452	2.353623179E-04
55	41.25	1019.878906	2.315790152E-04
56	42	1019.559144	2.278404055E-04
57	42.75	1019.243127	2.241460228E-04
58	43.5	1018.930817	2.204954072E-04
59	44.25	1018.622176	2.168881044E-04
60	45	1018.317167	2.133236662E-04
61	45.75	1018.015755	2.098016498E-04
62	46.5	1017.717902	2.063216182E-04
63	47.25	1017.423573	2.028831400E-04
64	48	1017.132732	1.994857894E-04
65	48.75	1016.845346	1.961291459E-04
66	49.5	1016.561379	1.928127945E-04
67	50.25	1016.280797	1.895363253E-04
68	51	1016.003567	1.862993340E-04
69	51.75	1015.729655	1.831014212E-04
70	52.5	1015.45903	1.799421929E-04
71	53.25	1015.191658	1.768212599E-04
72	54	1014.927508	1.737382382E-04
73	54.75	1014.666548	1.706927487E-04
74	55.5	1014.408748	1.676844173E-04
75	56.25	1014.154075	1.647128746E-04
76	57	1013.902501	1.617777560E-04
77	57.75	1013.653995	1.588787017E-04
78	58.5	1013.408527	1.560153566E-04
79	59.25	1013.166068	1.531873702E-04
80	60	1012.92659	1.503943964E-04
81	60.75	1012.690063	1.476360940E-04
82	61.5	1012.456461	1.449121259E-04
83	62.25	1012.225754	1.422221597E-04
84	63	1011.997917	1.395658671E-04
85	63.75	1011.772921	1.369429244E-04
86	64.5	1011.550739	1.343530120E-04
87	65.25	1011.331347	1.317958145E-04
88	66	1011.114717	1.292710209E-04
89	66.75	1010.900824	1.267783242E-04
90	67.5	1010.689642	1.243174213E-04
91	68.25	1010.481147	1.218880135E-04
92	69	1010.275314	1.194898060E-04
93	69.75	1010.072118	1.171225077E-04
94	70.5	1009.871536	1.147858318E-04
95	71.25	1009.673544	1.124794952E-04
96	72	1009.478118	1.102032185E-04
97	72.75	1009.285235	1.079567264E-04
98	73.5	1009.094873	1.057397472E-04
99	74.25	1008.907009	1.035520128E-04
100	75	1008.721621	1.013932589E-04
101	75.75	1008.538687	9.926322496E-05
102	76.5	1008.358185	9.716165386E-05
103	77.25	1008.180094	9.508829212E-05
104	78	1008.004393	9.304288980E-05
105	78.75	1007.831062	9.102520045E-05
106	79.5	1007.66008	8.903498107E-05
107	80.25	1007.491426	8.707199210E-05
108	81	1007.325082	8.513599739E-05
109	81.75	1007.161027	8.322676412E-05
110	82.5	1006.999242	8.134406282E-05
111	83.25	1006.839709	7.948766730E-05
112	84	1006.682407	7.765735466E-05
113	84.75	1006.52732	7.585290522E-05
114	85.5	1006.374428	7.407410249E-05
115	86.25	1006.223714	7.232073316E-05
116	87	1006.075159	7.059258708E-05
117	87.75	1005.928748	6.888945720E-05
118	88.5	1005.784461	6.721113955E-05
119	89.25	1005.642283	6.555743323E-05
120	90	1005.502197	6.392814035E-05
121	90.75	1005.364186	6.232306603E-05
122	91.5	1005.228234	6.074201839E-05
123	92.25	1005.094325	5.918480845E-05
124	93	1004.962444	5.765125019E-05
125	93.75	1004.832574	5.614116047E-05
126	94.5	1004.704702	5.465435903E-05
127	95.25	1004.578811	5.319066845E-05
128	96	1004.454887	5.174991414E-05
129	96.75	1004.332916	5.033192429E-05
130	97.5	1004.212883	4.893652989E-05
131	98.25	1004.094775	4.756356466E-05
132	99	1003.978577	4.621286507E-05
133	99.75	1003.864275	4.488427028E-05
134	100.5	1003.751857	4.357762215E-05
135	101.25	1003.64131	4.229276519E-05
136	102	1003.532619	4.102954656E-05
137	102.75	1003.425774	3.978781604E-05
138	103.5	1003.320761	3.856742601E-05
139	104.25	1003.217567	3.736823144E-05
140	105	1003.116182	3.619008986E-05
141	105.75	1003.016592	3.503286133E-05
142	106.5	1002.918787	3.389640845E-05
143	107.25	1002.822755	3.278059632E-05
144	108	1002.728484	3.168529252E-05
145	108.75	1002.635965	3.061036711E-05
146	109.5	1002.545185	2.955569261E-05
147	110.25	1002.456135	2.852114395E-05
148	111	1002.368804	2.750659850E-05
149	111.75	1002.283181	2.651193603E-05
150	112.5	1002.199258	2.553703868E-05
151	113.25	1002.117023	2.458179098E-05
152	114	1002.036468	2.364607981E-05
153	114.75	1001.957583	2.272979438E-05
154	115.5	1001.880359	2.183282623E-05
155	116.25	1001.804787	2.095506922E-05
156	117	1001.730857	2.009641949E-05
157	117.75	1001.658563	1.925677549E-05
158	118.5	1001.587894	1.843603790E-05
159	119.25	1001.518843	1.763410970E-05
160	120	1001.451402	1.685089607E-05
161	120.75	1001.385563	1.608630445E-05
162	121.5	1001.321318	1.534024449E-05
163	122.25	1001.258659	1.461262804E-05
164	123	1001.197581	1.390336917E-05
165	123.75	1001.138074	1.321238410E-05
166	124.5	1001.080133	1.253959125E-05
167	125.25	1001.023751	1.188491117E-05
168	126	1000.968921	1.124826660E-05
169	126.75	1000.915637	1.062958239E-05
170	127.5	1000.863892	1.002878555E-05
171	128.25	1000.813681	9.445805173E-06
172	129	1000.764997	8.880572500E-06
173	129.75	1000.717836	8.333020859E-06
174	130.5	1000.672191	7.803085674E-06
175	131.25	1000.628057	7.290704457E-06
176	132	1000.58543	6.795816797E-06
177	132.75	1000.544303	6.318364353E-06
178	133.5	1000.504673	5.858290845E-06
179	134.25	1000.466535	5.415542051E-06
180	135	1000.429884	4.990065794E-06
181	135.75	1000.394716	4.581811939E-06
182	136.5	1000.361028	4.190732385E-06
183	137.25	1000.328814	3.816781060E-06
184	138	1000.298072	3.459913914E-06
185	138.75	1000.268797	3.120088911E-06
186	139.5	1000.240987	2.797266029E-06
187	140.25	1000.214638	2.491407251E-06
188	141	1000.189747	2.202476559E-06
189	141.75	1000.166312	1.930439931E-06
190	142.5	1000.144328	1.675265340E-06
191	143.25	1000.123795	1.436922741E-06
192	144	1000.104709	1.215384077E-06
193	144.75	1000.087069	1.010623269E-06
194	145.5	1000.070871	8.226162129E-07
195	146.25	1000.056116	6.513407800E-07
196	147	1000.042799	4.967768111E-07
197	147.75	1000.030921	3.589061145E-07
198	148.5	1000.02048	2.377124642E-07
199	149.25	1000.011474	1.331815970E-07
200	150	1000.003903	4.530121148E-08
201	150.75	999.997765	-2.593903437E-08
202	151.5	999.99306	-8.054752399E-08
203	152.25	999.989788	-1.185306836E-07
204	153	999.987948	-1.398929828E-07
205	153.75	999.987539	-1.446369354E-07
206	154.5	999.988562	-1.327630997E-07
207	155.25	999.991017	-1.042700785E-07
208	156	999.994904	-5.915451880E-08
209	156.75	1000.000223	2.588888432E-09
210	157.5	1000.006976	8.096740901E-08
211	158.25	1000.015162	1.759902665E-07
212	159	1000.024784	2.876686435E-07
213	159.75	1000.035841	4.160156828E-07
214	160.5	1000.048336	5.610464896E-07
215	161.25	1000.06227	7.227781329E-07
216	162	1000.077644	9.012296482E-07
217	162.75	1000.09446	1.096422040E-06
218	163.5	1000.112721	1.308378283E-06
219	164.25	1000.132427	1.537123329E-06
220	165	1000.153582	1.782684105E-06
221	165.75	1000.176189	2.045089521E-06
222	166.5	1000.200248	2.324370471E-06
223	167.25	1000.225764	2.620559839E-06
224	168	1000.25274	2.933692501E-06
225	168.75	1000.281178	3.263805332E-06
226	169.5	1000.311082	3.610937210E-06
227	170.25	1000.342455	3.975129021E-06
228	171	1000.375301	4.356423662E-06
229	171.75	1000.409624	4.754866051E-06
230	172.5	1000.445427	5.170503130E-06
231	173.25	1000.482716	5.603383872E-06
232	174	1000.521493	6.053559287E-06
233	174.75	1000.561765	6.521082428E-06
234	175.5	1000.603535	7.006008400E-06
235	176.25	1000.646808	7.508394366E-06
236	177	1000.691589	8.028299555E-06
237	177.75	1000.737884	8.565785267E-06
238	178.5	1000.785698	9.120914885E-06
239	179.25	1000.835036	9.693753882E-06
240	180	1000.885905	1.028436983E-05
241	180.75	1000.938309	1.089283240E-05
242	181.5	1000.992256	1.151921340E-05
243	182.25	1001.047751	1.216358673E-05
244	183	1001.104801	1.282602847E-05
245	183.75	1001.163413	1.350661680E-05
246	184.5	1001.223593	1.420543208E-05
247	185.25	1001.285349	1.492255684E-05
248	186	1001.348687	1.565807578E-05
249	186.75	1001.413615	1.641207579E-05
250	187.5	1001.480141	1.718464594E-05
251	188.25	1001.548271	1.797587756E-05
252	189	1001.618015	1.878586414E-05
253	189.75	1001.689381	1.961470147E-05
254	190.5	1001.762376	2.046248754E-05
255	191.25	1001.837009	2.132932264E-05
256	192	1001.913289	2.221530929E-05
257	192.75	1001.991224	2.312055234E-05
258	193.5	1002.070825	2.404515892E-05
259	194.25	1002.152099	2.498923849E-05
260	195	1002.235057	2.595290284E-05
261	195.75	1002.319709	2.693626609E-05
262	196.5	1002.406063	2.793944474E-05
263	197.25	1002.494131	2.896255765E-05
264	198	1002.583922	3.000572610E-05
265	198.75	1002.675446	3.106907375E-05
266	199.5	1002.768716	3.215272670E-05
267	200.25	1002.863741	3.325681350E-05
268	201	1002.960532	3.438146514E-05
269	201.75	1003.059101	3.552681510E-05
270	202.5	1003.15946	3.669299935E-05
271	203.25	1003.26162	3.788015638E-05
272	204	1003.365593	3.908842722E-05
273	204.75	1003.471391	4.031795542E-05
274	205.5	1003.579026	4.156888714E-05
275	206.25	1003.688512	4.284137110E-05
276	207	1003.79986	4.413555864E-05
277	207.75	1003.913084	4.545160374E-05
278	208.5	1004.028198	4.678966301E-05
279	209.25	1004.145214	4.814989577E-05
280	210	1004.264147	4.953246400E-05
281	210.75	1004.385009	5.093753240E-05
282	211.5	1004.507817	5.236526843E-05
283	212.25	1004.632582	5.381584229E-05
284	213	1004.759322	5.528942699E-05
285	213.75	1004.888049	5.678619832E-05
286	214.5	1005.01878	5.830633492E-05
287	215.25	1005.151529	5.985001828E-05
288	216	1005.286313	6.141743278E-05
289	216.75	1005.423146	6.300876570E-05
290	217.5	1005.562045	6.462420726E-05
291	218.25	1005.703027	6.626395063E-05
292	219	1005.846108	6.792819198E-05
293	219.75	1005.991304	6.961713048E-05
294	220.5	1006.138633	7.133096834E-05
295	221.25	1006.288112	7.306991086E-05
296	222	1006.439758	7.483416641E-05
297	222.75	1006.59359	7.662394649E-05
298	223.5	1006.749625	7.843946579E-05
299	224.25	1006.907882	8.028094213E-05
300	225	1007.068379	8.214859659E-05
301	225.75	1007.231135	8.404265348E-05
302	226.5	1007.39617	8.596334039E-05
303	227.25	1007.563503	8.791088822E-05
304	228	1007.733153	8.988553121E-05
305	228.75	1007.90514	9.188750698E-05
306	229.5	1008.079486	9.391705656E-05
307	230.25	1008.256209	9.597442442E-05
308	231	1008.435332	9.805985850E-05
309	231.75	1008.616875	1.001736103E-04
310	232.5	1008.800859	1.023159347E-04
311	233.25	1008.987307	1.044870905E-04
312	234	1009.17624	1.066873398E-04
313	234.75	1009.367681	1.089169484E-04
314	235.5	1009.561652	1.111761860E-04
315	236.25	1009.758176	1.134653259E-04
316	237	1009.957277	1.157846451E-04
317	237.75	1010.158977	1.181344245E-04
318	238.5	1010.363302	1.205149490E-04
319	239.25	1010.570274	1.229265071E-04
320	240	1010.779918	1.253693914E-04
321	240.75	1010.99226	1.278438985E-04
322	241.5	1011.207325	1.303503290E-04
323	242.25	1011.425137	1.328889876E-04
324	243	1011.645723	1.354601830E-04
325	243.75	1011.869108	1.380642281E-04
326	244.5	1012.09532	1.407014401E-04
327	245.25	1012.324386	1.433721404E-04
328	246	1012.556331	1.460766546E-04
329	246.75	1012.791185	1.488153127E-04
330	247.5	1013.028974	1.515884493E-04
331	248.25	1013.269728	1.543964031E-04
332	249	1013.513474	1.572395174E-04
333	249.75	1013.760242	1.601181403E-04
334	250.5	1014.010061	1.630326241E-04
335	251.25	1014.262961	1.659833261E-04
336	252	1014.518972	1.689706080E-04
337	252.75	1014.778124	1.719948364E-04
338	253.5	1015.040449	1.750563829E-04
339	254.25	1015.305977	1.781556236E-04
340	255	1015.574741	1.812929398E-04
341	255.75	1015.846772	1.844687177E-04
342	256.5	1016.122103	1.876833484E-04
343	257.25	1016.400767	1.909372284E-04
344	258	1016.682797	1.942307592E-04
345	258.75	1016.968228	1.975643474E-04
346	259.5	1017.257092	2.009384050E-04
347	260.25	1017.549425	2.043533495E-04
348	261	1017.845261	2.078096035E-04
349	261.75	1018.144637	2.113075955E-04
350	262.5	1018.447588	2.148477590E-04
351	263.25	1018.75415	2.184305337E-04
352	264	1019.064361	2.220563645E-04
353	264.75	1019.378257	2.257257023E-04
354	265.5	1019.695876	2.294390037E-04
355	266.25	1020.017257	2.331967315E-04
356	267	1020.342438	2.369993540E-04
357	267.75	1020.671458	2.408473459E-04
358	268.5	1021.004358	2.447411879E-04
359	269.25	1021.341176	2.486813669E-04
360	270	1021.681954	2.526683760E-04
361	270.75	1022.026732	2.567027148E-04
362	271.5	1022.375554	2.607848892E-04
363	272.25	1022.728459	2.649154117E-04
364	273	1023.085493	2.690948014E-04
365	273.75	1023.446696	2.733235840E-04
366	274.5	1023.812114	2.776022920E-04
367	275.25	1024.18179	2.819314649E-04
368	276	1024.55577	2.863116488E-04
369	276.75	1024.934098	2.907433973E-04
370	277.5	1025.316821	2.952272707E-04
371	278.25	1025.703985	2.997638368E-04
372	279	1026.095637	3.043536706E-04
373	279.75	1026.491825	3.089973545E-04
374	280.5	1026.892596	3.136954784E-04
375	281.25	1027.298001	3.184486399E-04
376	282	1027.708088	3.232574441E-04
377	282.75	1028.122907	3.281225043E-04
378	283.5	1028.542509	3.330444412E-04
379	284.25	1028.966945	3.380238840E-04
380	285	1029.396267	3.430614696E-04
381	285.75	1029.830528	3.481578436E-04
382	286.5	1030.26978	3.533136595E-04
383	287.25	1030.714078	3.585295795E-04
384	288	1031.163476	3.638062745E-04
385	288.75	1031.618029	3.691444237E-04
386	289.5	1032.077793	3.745447155E-04
387	290.25	1032.542824	3.800078470E-04
388	291	1033.01318	3.855345245E-04
389	291.75	1033.488919	3.911254635E-04
390	292.5	1033.970099	3.967813885E-04
391	293.25	1034.456779	4.025030339E-04
392	294	1034.94902	4.082911433E-04
393	294.75	1035.446882	4.141464703E-04
394	295.5	1035.950427	4.200697781E-04
395	296.25	1036.459717	4.260618400E-04
396	297	1036.974816	4.321234393E-04
397	297.75	1037.495787	4.382553699E-04
398	298.5	1038.022694	4.444584357E-04
399	299.25	1038.555604	4.507334514E-04
400	300	1039.094582	4.570812424E-04
── 设定点 1000 °C　夹头 450 °C　段 1「HC2」　T设定 1000 °C　节点 401　段长 300 mm　控温点下标 200（x = 150 mm）　电流 1089.9 A　ΔL_A +0.017071　ΔL_B +0.042278
i	X_mm	TMetal_C	epsDiff
0	0	1039.074984	4.568504104E-04
1	0.75	1038.494398	4.500126915E-04
2	1.5	1037.920457	4.432547449E-04
3	2.25	1037.35309	4.365756746E-04
4	3	1036.792225	4.299745966E-04
5	3.75	1036.237793	4.234506386E-04
6	4.5	1035.689725	4.170029400E-04
7	5.25	1035.147953	4.106306514E-04
8	6	1034.61241	4.043329348E-04
9	6.75	1034.083029	3.981089632E-04
10	7.5	1033.559746	3.919579208E-04
11	8.25	1033.042495	3.858790022E-04
12	9	1032.531212	3.798714129E-04
13	9.75	1032.025834	3.739343689E-04
14	10.5	1031.526299	3.680670963E-04
15	11.25	1031.032545	3.622688316E-04
16	12	1030.544512	3.565388215E-04
17	12.75	1030.062139	3.508763222E-04
18	13.5	1029.585367	3.452806002E-04
19	14.25	1029.114138	3.397509313E-04
20	15	1028.648394	3.342866008E-04
21	15.75	1028.188077	3.288869038E-04
22	16.5	1027.733132	3.235511442E-04
23	17.25	1027.283502	3.182786353E-04
24	18	1026.839133	3.130686995E-04
25	18.75	1026.39997	3.079206678E-04
26	19.5	1025.965959	3.028338804E-04
27	20.25	1025.537048	2.978076858E-04
28	21	1025.113184	2.928414413E-04
29	21.75	1024.694316	2.879345126E-04
30	22.5	1024.280393	2.830862737E-04
31	23.25	1023.871364	2.782961068E-04
32	24	1023.467179	2.735634023E-04
33	24.75	1023.067789	2.688875587E-04
34	25.5	1022.673147	2.642679821E-04
35	26.25	1022.283204	2.597040869E-04
36	27	1021.897912	2.551952947E-04
37	27.75	1021.517225	2.507410352E-04
38	28.5	1021.141098	2.463407453E-04
39	29.25	1020.769483	2.419938694E-04
40	30	1020.402337	2.376998593E-04
41	30.75	1020.039616	2.334581740E-04
42	31.5	1019.681274	2.292682798E-04
43	32.25	1019.32727	2.251296498E-04
44	33	1018.97756	2.210417643E-04
45	33.75	1018.632102	2.170041104E-04
46	34.5	1018.290854	2.130161821E-04
47	35.25	1017.953776	2.090774800E-04
48	36	1017.620827	2.051875114E-04
49	36.75	1017.291967	2.013457903E-04
50	37.5	1016.967156	1.975518369E-04
51	38.25	1016.646356	1.938051782E-04
52	39	1016.329527	1.901053471E-04
53	39.75	1016.016632	1.864518832E-04
54	40.5	1015.707634	1.828443319E-04
55	41.25	1015.402494	1.792822450E-04
56	42	1015.101177	1.757651801E-04
57	42.75	1014.803647	1.722927011E-04
58	43.5	1014.509868	1.688643775E-04
59	44.25	1014.219805	1.654797848E-04
60	45	1013.933423	1.621385042E-04
61	45.75	1013.650687	1.588401226E-04
62	46.5	1013.371565	1.555842325E-04
63	47.25	1013.096023	1.523704322E-04
64	48	1012.824028	1.491983253E-04
65	48.75	1012.555548	1.460675209E-04
66	49.5	1012.29055	1.429776335E-04
67	50.25	1012.029003	1.399282830E-04
68	51	1011.770876	1.369190944E-04
69	51.75	1011.516139	1.339496981E-04
70	52.5	1011.26476	1.310197295E-04
71	53.25	1011.01671	1.281288293E-04
72	54	1010.771959	1.252766431E-04
73	54.75	1010.530479	1.224628216E-04
74	55.5	1010.292241	1.196870202E-04
75	56.25	1010.057216	1.169488996E-04
76	57	1009.825377	1.142481249E-04
77	57.75	1009.596696	1.115843664E-04
78	58.5	1009.371146	1.089572988E-04
79	59.25	1009.1487	1.063666016E-04
80	60	1008.929332	1.038119591E-04
81	60.75	1008.713016	1.012930600E-04
82	61.5	1008.499726	9.880959765E-05
83	62.25	1008.289437	9.636126982E-05
84	63	1008.082125	9.394777880E-05
85	63.75	1007.877764	9.156883130E-05
86	64.5	1007.676331	8.922413837E-05
87	65.25	1007.477802	8.691341541E-05
88	66	1007.282152	8.463638209E-05
89	66.75	1007.089361	8.239276234E-05
90	67.5	1006.899403	8.018228429E-05
91	68.25	1006.712258	7.800468023E-05
92	69	1006.527903	7.585968658E-05
93	69.75	1006.346316	7.374704386E-05
94	70.5	1006.167475	7.166649660E-05
95	71.25	1005.991361	6.961779340E-05
96	72	1005.817952	6.760068678E-05
97	72.75	1005.647227	6.561493324E-05
98	73.5	1005.479167	6.366029317E-05
99	74.25	1005.313751	6.173653083E-05
100	75	1005.150961	5.984341432E-05
101	75.75	1004.990777	5.798071554E-05
102	76.5	1004.833181	5.614821017E-05
103	77.25	1004.678153	5.434567760E-05
104	78	1004.525676	5.257290097E-05
105	78.75	1004.375731	5.082966706E-05
106	79.5	1004.228302	4.911576631E-05
107	80.25	1004.08337	4.743099278E-05
108	81	1003.940919	4.577514410E-05
109	81.75	1003.800932	4.414802147E-05
110	82.5	1003.663393	4.254942962E-05
111	83.25	1003.528285	4.097917678E-05
112	84	1003.395593	3.943707465E-05
113	84.75	1003.265301	3.792293838E-05
114	85.5	1003.137394	3.643658654E-05
115	86.25	1003.011857	3.497784110E-05
116	87	1002.888675	3.354652740E-05
117	87.75	1002.767833	3.214247413E-05
118	88.5	1002.649319	3.076551329E-05
119	89.25	1002.533116	2.941548019E-05
120	90	1002.419213	2.809221341E-05
121	90.75	1002.307596	2.679555480E-05
122	91.5	1002.198251	2.552534941E-05
123	92.25	1002.091167	2.428144553E-05
124	93	1001.986329	2.306369462E-05
125	93.75	1001.883727	2.187195132E-05
126	94.5	1001.783348	2.070607341E-05
127	95.25	1001.685181	1.956592180E-05
128	96	1001.589213	1.845136050E-05
129	96.75	1001.495434	1.736225662E-05
130	97.5	1001.403833	1.629848035E-05
131	98.25	1001.314399	1.525990490E-05
132	99	1001.227122	1.424640656E-05
133	99.75	1001.141991	1.325786461E-05
134	100.5	1001.058997	1.229416133E-05
135	101.25	1000.978129	1.135518201E-05
136	102	1000.899379	1.044081488E-05
137	102.75	1000.822737	9.550951139E-06
138	103.5	1000.748194	8.685484935E-06
139	104.25	1000.675742	7.844313328E-06
140	105	1000.605372	7.027336292E-06
141	105.75	1000.537076	6.234456699E-06
142	106.5	1000.470845	5.465580305E-06
143	107.25	1000.406673	4.720615737E-06
144	108	1000.344552	3.999474480E-06
145	108.75	1000.284474	3.302070866E-06
146	109.5	1000.226433	2.628322062E-06
147	110.25	1000.170422	1.978148057E-06
148	111	1000.116433	1.351471654E-06
149	111.75	1000.064462	7.482184571E-07
150	112.5	1000.014501	1.683168616E-07
151	113.25	999.966546	-3.883019542E-07
152	114	999.92059	-9.217040398E-07
153	114.75	999.876628	-1.431952681E-06
154	115.5	999.834655	-1.919108409E-06
155	116.25	999.794666	-2.383229008E-06
156	117	999.756656	-2.824369523E-06
157	117.75	999.720622	-3.242582268E-06
158	118.5	999.686558	-3.637916832E-06
159	119.25	999.654462	-4.010420088E-06
160	120	999.624328	-4.360136196E-06
161	120.75	999.596154	-4.687106611E-06
162	121.5	999.569936	-4.991370090E-06
163	122.25	999.545672	-5.272962694E-06
164	123	999.523358	-5.531917796E-06
165	123.75	999.502992	-5.768266083E-06
166	124.5	999.484571	-5.982035560E-06
167	125.25	999.468094	-6.173251559E-06
168	126	999.453558	-6.341936735E-06
169	126.75	999.440962	-6.488111073E-06
170	127.5	999.430304	-6.611791892E-06
171	128.25	999.421583	-6.712993844E-06
172	129	999.414798	-6.791728917E-06
173	129.75	999.409949	-6.848006440E-06
174	130.5	999.407034	-6.881833080E-06
175	131.25	999.406053	-6.893212842E-06
176	132	999.407007	-6.882147076E-06
177	132.75	999.409895	-6.848634470E-06
178	133.5	999.414717	-6.792671054E-06
179	134.25	999.421475	-6.714250200E-06
180	135	999.430169	-6.613362616E-06
181	135.75	999.440799	-6.489996351E-06
182	136.5	999.453368	-6.344136791E-06
183	137.25	999.467877	-6.175766653E-06
184	138	999.484327	-5.984865990E-06
185	138.75	999.502721	-5.771412184E-06
186	139.5	999.52306	-5.535379942E-06
187	140.25	999.545346	-5.276741295E-06
188	141	999.569583	-4.995465593E-06
189	141.75	999.595774	-4.691519501E-06
190	142.5	999.62392	-4.364866997E-06
191	143.25	999.654027	-4.015469361E-06
192	144	999.686096	-3.643285175E-06
193	144.75	999.720132	-3.248270317E-06
194	145.5	999.756139	-2.830377954E-06
195	146.25	999.794121	-2.389558532E-06
196	147	999.834082	-1.925759777E-06
197	147.75	999.876027	-1.438926682E-06
198	148.5	999.919961	-9.290015012E-07
199	149.25	999.965889	-3.959237416E-07
200	150	1000.013817	1.603698438E-07
201	150.75	1000.063749	7.399452658E-07
202	151.5	1000.115692	1.342871308E-06
203	152.25	1000.169652	1.969219534E-06
204	153	1000.225636	2.619064303E-06
205	153.75	1000.283648	3.292482771E-06
206	154.5	1000.343698	3.989554910E-06
207	155.25	1000.40579	4.710363514E-06
208	156	1000.469933	5.454994212E-06
209	156.75	1000.536135	6.223535477E-06
210	157.5	1000.604402	7.016078644E-06
211	158.25	1000.674743	7.832717915E-06
212	159	1000.747166	8.673550379E-06
213	159.75	1000.821679	9.538676020E-06
214	160.5	1000.898292	1.042819773E-05
215	161.25	1000.977013	1.134222134E-05
216	162	1001.057851	1.228085560E-05
217	162.75	1001.140815	1.324421223E-05
218	163.5	1001.225916	1.423240590E-05
219	164.25	1001.313163	1.524555430E-05
220	165	1001.402567	1.628377809E-05
221	165.75	1001.494138	1.734720096E-05
222	166.5	1001.587886	1.843594964E-05
223	167.25	1001.683823	1.955015390E-05
224	168	1001.78196	2.068994660E-05
225	168.75	1001.882308	2.185546367E-05
226	169.5	1001.984879	2.304684417E-05
227	170.25	1002.089685	2.426423025E-05
228	171	1002.196738	2.550776726E-05
229	171.75	1002.306051	2.677760367E-05
230	172.5	1002.417636	2.807389117E-05
231	173.25	1002.531507	2.939678464E-05
232	174	1002.647677	3.074644219E-05
233	174.75	1002.766159	3.212302521E-05
234	175.5	1002.886968	3.352669834E-05
235	176.25	1003.010118	3.495762951E-05
236	177	1003.135622	3.641599001E-05
237	177.75	1003.263496	3.790195444E-05
238	178.5	1003.393754	3.941570079E-05
239	179.25	1003.526413	4.095741044E-05
240	180	1003.661486	4.252726818E-05
241	180.75	1003.798991	4.412546228E-05
242	181.5	1003.938944	4.575218445E-05
243	182.25	1004.08136	4.740762991E-05
244	183	1004.226257	4.909199742E-05
245	183.75	1004.373651	5.080548930E-05
246	184.5	1004.523561	5.254831143E-05
247	185.25	1004.676002	5.432067332E-05
248	186	1004.830994	5.612278814E-05
249	186.75	1004.988555	5.795487271E-05
250	187.5	1005.148702	5.981714757E-05
251	188.25	1005.311456	6.170983700E-05
252	189	1005.476835	6.363316904E-05
253	189.75	1005.644858	6.558737554E-05
254	190.5	1005.815545	6.757269219E-05
255	191.25	1005.988917	6.958935853E-05
256	192	1006.164993	7.163761803E-05
257	192.75	1006.343795	7.371771809E-05
258	193.5	1006.525343	7.582991008E-05
259	194.25	1006.70966	7.797444939E-05
260	195	1006.896766	8.015159544E-05
261	195.75	1007.086684	8.236161178E-05
262	196.5	1007.279436	8.460476604E-05
263	197.25	1007.475045	8.688133004E-05
264	198	1007.673534	8.919157979E-05
265	198.75	1007.874926	9.153579555E-05
266	199.5	1008.079246	9.391426188E-05
267	200.25	1008.286517	9.632726765E-05
268	201	1008.496764	9.877510611E-05
269	201.75	1008.710011	1.012580749E-04
270	202.5	1008.926285	1.037764762E-04
271	203.25	1009.14561	1.063306165E-04
272	204	1009.368012	1.089208071E-04
273	204.75	1009.593519	1.115473637E-04
274	205.5	1009.822156	1.142106068E-04
275	206.25	1010.053951	1.169108614E-04
276	207	1010.288931	1.196484573E-04
277	207.75	1010.527124	1.224237292E-04
278	208.5	1010.768559	1.252370165E-04
279	209.25	1011.013263	1.280886636E-04
280	210	1011.261267	1.309790198E-04
281	210.75	1011.512599	1.339084393E-04
282	211.5	1011.767289	1.368772816E-04
283	212.25	1012.025369	1.398859110E-04
284	213	1012.286867	1.429346972E-04
285	213.75	1012.551817	1.460240149E-04
286	214.5	1012.820248	1.491542442E-04
287	215.25	1013.092194	1.523257707E-04
288	216	1013.367686	1.555389850E-04
289	216.75	1013.646758	1.587942834E-04
290	217.5	1013.929442	1.620920678E-04
291	218.25	1014.215773	1.654327455E-04
292	219	1014.505785	1.688167295E-04
293	219.75	1014.799512	1.722444384E-04
294	220.5	1015.096989	1.757162968E-04
295	221.25	1015.398253	1.792327349E-04
296	222	1015.703338	1.827941889E-04
297	222.75	1016.012283	1.864011011E-04
298	223.5	1016.325123	1.900539197E-04
299	224.25	1016.641897	1.937530989E-04
300	225	1016.962641	1.974990994E-04
301	225.75	1017.287396	2.012923879E-04
302	226.5	1017.616199	2.051334375E-04
303	227.25	1017.94909	2.090227278E-04
304	228	1018.28611	2.129607448E-04
305	228.75	1018.627299	2.169479811E-04
306	229.5	1018.972698	2.209849359E-04
307	230.25	1019.322348	2.250721152E-04
308	231	1019.676292	2.292100317E-04
309	231.75	1020.034573	2.333992052E-04
310	232.5	1020.397233	2.376401622E-04
311	233.25	1020.764317	2.419334366E-04
312	234	1021.135868	2.462795692E-04
313	234.75	1021.511932	2.506791081E-04
314	235.5	1021.892555	2.551326088E-04
315	236.25	1022.277782	2.596406342E-04
316	237	1022.66766	2.642037546E-04
317	237.75	1023.062236	2.688225482E-04
318	238.5	1023.461559	2.734976007E-04
319	239.25	1023.865676	2.782295056E-04
320	240	1024.274637	2.830188644E-04
321	240.75	1024.688492	2.878662867E-04
322	241.5	1025.10729	2.927723901E-04
323	242.25	1025.531084	2.977378005E-04
324	243	1025.959924	3.027631520E-04
325	243.75	1026.393863	3.078490873E-04
326	244.5	1026.832953	3.129962577E-04
327	245.25	1027.27725	3.182053229E-04
328	246	1027.726806	3.234769518E-04
329	246.75	1028.181676	3.288118219E-04
330	247.5	1028.641917	3.342106197E-04
331	248.25	1029.107585	3.396740411E-04
332	249	1029.578737	3.452027911E-04
333	249.75	1030.055431	3.507975842E-04
334	250.5	1030.537725	3.564591442E-04
335	251.25	1031.025679	3.621882049E-04
336	252	1031.519352	3.679855095E-04
337	252.75	1032.018805	3.738518115E-04
338	253.5	1032.524101	3.797878742E-04
339	254.25	1033.035301	3.857944712E-04
340	255	1033.552469	3.918723865E-04
341	255.75	1034.075667	3.980224145E-04
342	256.5	1034.604962	4.042453602E-04
343	257.25	1035.140418	4.105420395E-04
344	258	1035.682103	4.169132792E-04
345	258.75	1036.230082	4.233599171E-04
346	259.5	1036.784425	4.298828023E-04
347	260.25	1037.345199	4.364827955E-04
348	261	1037.912475	4.431607687E-04
349	261.75	1038.486324	4.499176057E-04
350	262.5	1039.066816	4.567542024E-04
351	263.25	1039.654025	4.636714666E-04
352	264	1040.248023	4.706703185E-04
353	264.75	1040.848885	4.777516905E-04
354	265.5	1041.456687	4.849165279E-04
355	266.25	1042.071503	4.921657887E-04
356	267	1042.693412	4.995004438E-04
357	267.75	1043.32249	5.069214775E-04
358	268.5	1043.958819	5.144298873E-04
359	269.25	1044.602476	5.220266844E-04
360	270	1045.253544	5.297128937E-04
361	270.75	1045.912105	5.374895543E-04
362	271.5	1046.578241	5.453577193E-04
363	272.25	1047.252037	5.533184563E-04
364	273	1047.933577	5.613728475E-04
365	273.75	1048.622949	5.695219901E-04
366	274.5	1049.32024	5.777669964E-04
367	275.25	1050.025538	5.861089938E-04
368	276	1050.738933	5.945491256E-04
369	276.75	1051.460515	6.030885507E-04
370	277.5	1052.190376	6.117284440E-04
371	278.25	1052.92861	6.204699970E-04
372	279	1053.675311	6.293144174E-04
373	279.75	1054.430575	6.382629302E-04
374	280.5	1055.194497	6.473167770E-04
375	281.25	1055.967176	6.564772170E-04
376	282	1056.74871	6.657455272E-04
377	282.75	1057.539202	6.751230022E-04
378	283.5	1058.338751	6.846109550E-04
379	284.25	1059.147462	6.942107172E-04
380	285	1059.965438	7.039236390E-04
381	285.75	1060.792785	7.137510899E-04
382	286.5	1061.62961	7.236944587E-04
383	287.25	1062.476022	7.337551541E-04
384	288	1063.33213	7.439346046E-04
385	288.75	1064.198046	7.542342594E-04
386	289.5	1065.073882	7.646555882E-04
387	290.25	1065.959752	7.752000822E-04
388	291	1066.855773	7.858692534E-04
389	291.75	1067.76206	7.966646363E-04
390	292.5	1068.678732	8.075877870E-04
391	293.25	1069.605911	8.186402845E-04
392	294	1070.543716	8.298237306E-04
393	294.75	1071.492272	8.411397504E-04
394	295.5	1072.451704	8.525899929E-04
395	296.25	1073.422137	8.641761309E-04
396	297	1074.403701	8.758998621E-04
397	297.75	1075.396525	8.877629090E-04
398	298.5	1076.400739	8.997670196E-04
399	299.25	1077.416479	9.119139675E-04
400	300	1078.443878	9.242055531E-04
── 设定点 1080 °C　夹头 100 °C　段 0「HC1」　T设定 1080 °C　节点 401　段长 300 mm　控温点下标 200（x = 150 mm）　电流 1156.7 A　ΔL_A +0.022527　ΔL_B +0.001917
i	X_mm	TMetal_C	epsDiff
0	0	1118.847401	4.690258924E-04
1	0.75	1118.361851	4.631146057E-04
2	1.5	1117.881578	4.572688168E-04
3	2.25	1117.406524	4.514877815E-04
4	3	1116.936633	4.457707645E-04
5	3.75	1116.471848	4.401170399E-04
6	4.5	1116.012113	4.345258908E-04
7	5.25	1115.557373	4.289966090E-04
8	6	1115.107575	4.235284954E-04
9	6.75	1114.662663	4.181208592E-04
10	7.5	1114.222585	4.127730185E-04
11	8.25	1113.787288	4.074842996E-04
12	9	1113.356721	4.022540371E-04
13	9.75	1112.930832	3.970815738E-04
14	10.5	1112.50957	3.919662607E-04
15	11.25	1112.092885	3.869074566E-04
16	12	1111.680727	3.819045284E-04
17	12.75	1111.273048	3.769568505E-04
18	13.5	1110.869799	3.720638051E-04
19	14.25	1110.470931	3.672247819E-04
20	15	1110.076399	3.624391781E-04
21	15.75	1109.686155	3.577063982E-04
22	16.5	1109.300152	3.530258539E-04
23	17.25	1108.918345	3.483969643E-04
24	18	1108.540688	3.438191553E-04
25	18.75	1108.167138	3.392918599E-04
26	19.5	1107.79765	3.348145178E-04
27	20.25	1107.43218	3.303865758E-04
28	21	1107.070684	3.260074872E-04
29	21.75	1106.713122	3.216767119E-04
30	22.5	1106.359449	3.173937163E-04
31	23.25	1106.009624	3.131579733E-04
32	24	1105.663607	3.089689623E-04
33	24.75	1105.321357	3.048261686E-04
34	25.5	1104.982832	3.007290842E-04
35	26.25	1104.647994	2.966772067E-04
36	27	1104.316803	2.926700401E-04
37	27.75	1103.98922	2.887070941E-04
38	28.5	1103.665207	2.847878845E-04
39	29.25	1103.344725	2.809119328E-04
40	30	1103.027737	2.770787661E-04
41	30.75	1102.714206	2.732879175E-04
42	31.5	1102.404095	2.695389254E-04
43	32.25	1102.097368	2.658313337E-04
44	33	1101.793988	2.621646920E-04
45	33.75	1101.493921	2.585385550E-04
46	34.5	1101.197131	2.549524829E-04
47	35.25	1100.903584	2.514060411E-04
48	36	1100.613245	2.478988000E-04
49	36.75	1100.32608	2.444303354E-04
50	37.5	1100.042056	2.410002279E-04
51	38.25	1099.761139	2.376080633E-04
52	39	1099.483298	2.342534322E-04
53	39.75	1099.208499	2.309359301E-04
54	40.5	1098.93671	2.276551572E-04
55	41.25	1098.6679	2.244107186E-04
56	42	1098.402038	2.212022240E-04
57	42.75	1098.139093	2.180292877E-04
58	43.5	1097.879033	2.148915287E-04
59	44.25	1097.621829	2.117885704E-04
60	45	1097.367451	2.087200407E-04
61	45.75	1097.11587	2.056855719E-04
62	46.5	1096.867055	2.026848006E-04
63	47.25	1096.620979	1.997173679E-04
64	48	1096.377613	1.967829188E-04
65	48.75	1096.136928	1.938811028E-04
66	49.5	1095.898896	1.910115734E-04
67	50.25	1095.663491	1.881739884E-04
68	51	1095.430685	1.853680093E-04
69	51.75	1095.20045	1.825933018E-04
70	52.5	1094.97276	1.798495357E-04
71	53.25	1094.747589	1.771363844E-04
72	54	1094.524911	1.744535253E-04
73	54.75	1094.3047	1.718006398E-04
74	55.5	1094.08693	1.691774126E-04
75	56.25	1093.871577	1.665835327E-04
76	57	1093.658616	1.640186923E-04
77	57.75	1093.448021	1.614825874E-04
78	58.5	1093.239769	1.589749177E-04
79	59.25	1093.033836	1.564953864E-04
80	60	1092.830197	1.540437001E-04
81	60.75	1092.62883	1.516195690E-04
82	61.5	1092.429712	1.492227066E-04
83	62.25	1092.232818	1.468528300E-04
84	63	1092.038127	1.445096594E-04
85	63.75	1091.845616	1.421929184E-04
86	64.5	1091.655264	1.399023341E-04
87	65.25	1091.467047	1.376376364E-04
88	66	1091.280945	1.353985588E-04
89	66.75	1091.096936	1.331848377E-04
90	67.5	1090.914999	1.309962128E-04
91	68.25	1090.735112	1.288324268E-04
92	69	1090.557257	1.266932254E-04
93	69.75	1090.381411	1.245783575E-04
94	70.5	1090.207555	1.224875748E-04
95	71.25	1090.035669	1.204206321E-04
96	72	1089.865732	1.183772870E-04
97	72.75	1089.697727	1.163573000E-04
98	73.5	1089.531633	1.143604347E-04
99	74.25	1089.367431	1.123864571E-04
100	75	1089.205102	1.104351363E-04
101	75.75	1089.044628	1.085062441E-04
102	76.5	1088.885991	1.065995550E-04
103	77.25	1088.729172	1.047148462E-04
104	78	1088.574154	1.028518975E-04
105	78.75	1088.420918	1.010104916E-04
106	79.5	1088.269447	9.919041342E-05
107	80.25	1088.119724	9.739145082E-05
108	81	1087.971732	9.561339404E-05
109	81.75	1087.825453	9.385603588E-05
110	82.5	1087.680872	9.211917163E-05
111	83.25	1087.53797	9.040259909E-05
112	84	1087.396733	8.870611847E-05
113	84.75	1087.257144	8.702953242E-05
114	85.5	1087.119188	8.537264598E-05
115	86.25	1086.982847	8.373526656E-05
116	87	1086.848107	8.211720391E-05
117	87.75	1086.714953	8.051827013E-05
118	88.5	1086.583369	7.893827956E-05
119	89.25	1086.45334	7.737704886E-05
120	90	1086.324851	7.583439691E-05
121	90.75	1086.197888	7.431014484E-05
122	91.5	1086.072436	7.280411594E-05
123	92.25	1085.948482	7.131613571E-05
124	93	1085.82601	6.984603180E-05
125	93.75	1085.705007	6.839363398E-05
126	94.5	1085.585459	6.695877414E-05
127	95.25	1085.467352	6.554128627E-05
128	96	1085.350674	6.414100640E-05
129	96.75	1085.23541	6.275777263E-05
130	97.5	1085.121548	6.139142508E-05
131	98.25	1085.009075	6.004180586E-05
132	99	1084.897977	5.870875910E-05
133	99.75	1084.788243	5.739213086E-05
134	100.5	1084.67986	5.609176916E-05
135	101.25	1084.572815	5.480752395E-05
136	102	1084.467096	5.353924707E-05
137	102.75	1084.362692	5.228679228E-05
138	103.5	1084.25959	5.105001517E-05
139	104.25	1084.157778	4.982877321E-05
140	105	1084.057246	4.862292570E-05
141	105.75	1083.957982	4.743233374E-05
142	106.5	1083.859974	4.625686025E-05
143	107.25	1083.763211	4.509636990E-05
144	108	1083.667682	4.395072915E-05
145	108.75	1083.573377	4.281980619E-05
146	109.5	1083.480285	4.170347096E-05
147	110.25	1083.388395	4.060159509E-05
148	111	1083.297697	3.951405192E-05
149	111.75	1083.208181	3.844071648E-05
150	112.5	1083.119835	3.738146543E-05
151	113.25	1083.032651	3.633617712E-05
152	114	1082.946619	3.530473153E-05
153	114.75	1082.861728	3.428701023E-05
154	115.5	1082.77797	3.328289642E-05
155	116.25	1082.695333	3.229227489E-05
156	117	1082.613811	3.131503200E-05
157	117.75	1082.533392	3.035105567E-05
158	118.5	1082.454068	2.940023537E-05
159	119.25	1082.37583	2.846246211E-05
160	120	1082.298669	2.753762842E-05
161	120.75	1082.222576	2.662562832E-05
162	121.5	1082.147543	2.572635735E-05
163	122.25	1082.073561	2.483971252E-05
164	123	1082.000622	2.396559230E-05
165	123.75	1081.928717	2.310389662E-05
166	124.5	1081.857839	2.225452686E-05
167	125.25	1081.78798	2.141738584E-05
168	126	1081.71913	2.059237777E-05
169	126.75	1081.651284	1.977940829E-05
170	127.5	1081.584433	1.897838443E-05
171	128.25	1081.518569	1.818921461E-05
172	129	1081.453685	1.741180861E-05
173	129.75	1081.389774	1.664607759E-05
174	130.5	1081.326828	1.589193404E-05
175	131.25	1081.264841	1.514929181E-05
176	132	1081.203805	1.441806606E-05
177	132.75	1081.143713	1.369817329E-05
178	133.5	1081.084559	1.298953129E-05
179	134.25	1081.026336	1.229205916E-05
180	135	1080.969038	1.160567730E-05
181	135.75	1080.912657	1.093030736E-05
182	136.5	1080.857188	1.026587229E-05
183	137.25	1080.802625	9.612296269E-06
184	138	1080.74896	8.969504757E-06
185	138.75	1080.696188	8.337424440E-06
186	139.5	1080.644304	7.715983241E-06
187	140.25	1080.593301	7.105110305E-06
188	141	1080.543173	6.504735995E-06
189	141.75	1080.493916	5.914791880E-06
190	142.5	1080.445522	5.335210726E-06
191	143.25	1080.397987	4.765926494E-06
192	144	1080.351306	4.206874322E-06
193	144.75	1080.305473	3.657990528E-06
194	145.5	1080.260483	3.119212593E-06
195	146.25	1080.216331	2.590479158E-06
196	147	1080.173012	2.071730018E-06
197	147.75	1080.130521	1.562906111E-06
198	148.5	1080.088853	1.063949511E-06
199	149.25	1080.048003	5.748034248E-07
200	150	1080.007968	9.541218168E-08
201	150.75	1079.968742	-3.742787723E-07
202	151.5	1079.930322	-8.343228811E-07
203	152.25	1079.892701	-1.284772485E-06
204	153	1079.855878	-1.725678826E-06
205	153.75	1079.819846	-2.157092056E-06
206	154.5	1079.784603	-2.579061242E-06
207	155.25	1079.750144	-2.991634371E-06
208	156	1079.716466	-3.394858357E-06
209	156.75	1079.683564	-3.788779045E-06
210	157.5	1079.651435	-4.173441221E-06
211	158.25	1079.620075	-4.548888611E-06
212	159	1079.589481	-4.915163891E-06
213	159.75	1079.55965	-5.272308691E-06
214	160.5	1079.530577	-5.620363597E-06
215	161.25	1079.502259	-5.959368163E-06
216	162	1079.474695	-6.289360907E-06
217	162.75	1079.447879	-6.610379322E-06
218	163.5	1079.42181	-6.922459878E-06
219	164.25	1079.396484	-7.225638028E-06
220	165	1079.371899	-7.519948209E-06
221	165.75	1079.348052	-7.805423849E-06
222	166.5	1079.324939	-8.082097371E-06
223	167.25	1079.302559	-8.350000196E-06
224	168	1079.280909	-8.609162745E-06
225	168.75	1079.259987	-8.859614448E-06
226	169.5	1079.239789	-9.101383740E-06
227	170.25	1079.220315	-9.334498073E-06
228	171	1079.201561	-9.558983910E-06
229	171.75	1079.183526	-9.774866737E-06
230	172.5	1079.166207	-9.982171060E-06
231	173.25	1079.149603	-1.018092041E-05
232	174	1079.133712	-1.037113735E-05
233	174.75	1079.118531	-1.055284346E-05
234	175.5	1079.10406	-1.072605937E-05
235	176.25	1079.090296	-1.089080474E-05
236	177	1079.077239	-1.104709826E-05
237	177.75	1079.064886	-1.119495767E-05
238	178.5	1079.053236	-1.133439975E-05
239	179.25	1079.042288	-1.146544032E-05
240	180	1079.03204	-1.158809425E-05
241	180.75	1079.022492	-1.170237546E-05
242	181.5	1079.013643	-1.180829691E-05
243	182.25	1079.005491	-1.190587062E-05
244	183	1078.998035	-1.199510766E-05
245	183.75	1078.991275	-1.207601816E-05
246	184.5	1078.98521	-1.214861129E-05
247	185.25	1078.979839	-1.221289529E-05
248	186	1078.975162	-1.226887746E-05
249	186.75	1078.971178	-1.231656414E-05
250	187.5	1078.967886	-1.235596074E-05
251	188.25	1078.965287	-1.238707174E-05
252	189	1078.963379	-1.240990065E-05
253	189.75	1078.962164	-1.242445008E-05
254	190.5	1078.96164	-1.243072168E-05
255	191.25	1078.961807	-1.242871614E-05
256	192	1078.962667	-1.241843326E-05
257	192.75	1078.964217	-1.239987185E-05
258	193.5	1078.96646	-1.237302982E-05
259	194.25	1078.969395	-1.233790412E-05
260	195	1078.973022	-1.229449076E-05
261	195.75	1078.977342	-1.224278482E-05
262	196.5	1078.982355	-1.218278043E-05
263	197.25	1078.988062	-1.211447079E-05
264	198	1078.994464	-1.203784815E-05
265	198.75	1079.001561	-1.195290382E-05
266	199.5	1079.009354	-1.185962815E-05
267	200.25	1079.017844	-1.175801056E-05
268	201	1079.027032	-1.164803953E-05
269	201.75	1079.036919	-1.152970258E-05
270	202.5	1079.047505	-1.140298628E-05
271	203.25	1079.058793	-1.126787626E-05
272	204	1079.070784	-1.112435717E-05
273	204.75	1079.083478	-1.097241275E-05
274	205.5	1079.096878	-1.081202573E-05
275	206.25	1079.110984	-1.064317793E-05
276	207	1079.125799	-1.046585018E-05
277	207.75	1079.141324	-1.028002236E-05
278	208.5	1079.15756	-1.008567337E-05
279	209.25	1079.17451	-9.882781156E-06
280	210	1079.192176	-9.671322688E-06
281	210.75	1079.210559	-9.451273962E-06
282	211.5	1079.229662	-9.222609998E-06
283	212.25	1079.249487	-8.985304837E-06
284	213	1079.270035	-8.739331537E-06
285	213.75	1079.29131	-8.484662170E-06
286	214.5	1079.313313	-8.221267818E-06
287	215.25	1079.336048	-7.949118574E-06
288	216	1079.359516	-7.668183530E-06
289	216.75	1079.383721	-7.378430782E-06
290	217.5	1079.408664	-7.079827420E-06
291	218.25	1079.43435	-6.772339526E-06
292	219	1079.460781	-6.455932173E-06
293	219.75	1079.487959	-6.130569415E-06
294	220.5	1079.515888	-5.796214287E-06
295	221.25	1079.544571	-5.452828799E-06
296	222	1079.574011	-5.100373933E-06
297	222.75	1079.604212	-4.738809635E-06
298	223.5	1079.635176	-4.368094813E-06
299	224.25	1079.666909	-3.988187331E-06
300	225	1079.699412	-3.599044005E-06
301	225.75	1079.732689	-3.200620596E-06
302	226.5	1079.766746	-2.792871806E-06
303	227.25	1079.801584	-2.375751272E-06
304	228	1079.837209	-1.949211560E-06
305	228.75	1079.873623	-1.513204162E-06
306	229.5	1079.910832	-1.067679485E-06
307	230.25	1079.94884	-6.125868508E-07
308	231	1079.98765	-1.478744843E-07
309	231.75	1080.027268	3.265104880E-07
310	232.5	1080.067697	8.106220472E-07
311	233.25	1080.108942	1.304515288E-06
312	234	1080.151009	1.808246423E-06
313	234.75	1080.1939	2.321872796E-06
314	235.5	1080.237623	2.845452879E-06
315	236.25	1080.28218	3.379046290E-06
316	237	1080.327578	3.922713791E-06
317	237.75	1080.373822	4.476517303E-06
318	238.5	1080.420916	5.040519907E-06
319	239.25	1080.468866	5.614785855E-06
320	240	1080.517678	6.199380580E-06
321	240.75	1080.567356	6.794370699E-06
322	241.5	1080.617907	7.399824024E-06
323	242.25	1080.669337	8.015809570E-06
324	243	1080.72165	8.642397562E-06
325	243.75	1080.774854	9.279659448E-06
326	244.5	1080.828953	9.927667900E-06
327	245.25	1080.883955	1.058649683E-05
328	246	1080.939865	1.125622140E-05
329	246.75	1080.99669	1.193691801E-05
330	247.5	1081.054435	1.262866436E-05
331	248.25	1081.113108	1.333153938E-05
332	249	1081.172716	1.404562332E-05
333	249.75	1081.233264	1.477099771E-05
334	250.5	1081.29476	1.550774538E-05
335	251.25	1081.357211	1.625595047E-05
336	252	1081.420624	1.701569847E-05
337	252.75	1081.485006	1.778707618E-05
338	253.5	1081.550363	1.857017175E-05
339	254.25	1081.616705	1.936507468E-05
340	255	1081.684038	2.017187587E-05
341	255.75	1081.752369	2.099066755E-05
342	256.5	1081.821707	2.182154338E-05
343	257.25	1081.892059	2.266459841E-05
344	258	1081.963433	2.351992908E-05
345	258.75	1082.035838	2.438763329E-05
346	259.5	1082.109282	2.526781035E-05
347	260.25	1082.183772	2.616056104E-05
348	261	1082.259317	2.706598759E-05
349	261.75	1082.335927	2.798419371E-05
350	262.5	1082.413609	2.891528459E-05
351	263.25	1082.492372	2.985936693E-05
352	264	1082.572225	3.081654894E-05
353	264.75	1082.653178	3.178694035E-05
354	265.5	1082.735239	3.277065244E-05
355	266.25	1082.818418	3.376779804E-05
356	267	1082.902724	3.477849155E-05
357	267.75	1082.988167	3.580284896E-05
358	268.5	1083.074756	3.684098785E-05
359	269.25	1083.162502	3.789302741E-05
360	270	1083.251414	3.895908846E-05
361	270.75	1083.341501	4.003929347E-05
362	271.5	1083.432776	4.113376656E-05
363	272.25	1083.525247	4.224263351E-05
364	273	1083.618926	4.336602182E-05
365	273.75	1083.713822	4.450406067E-05
366	274.5	1083.809947	4.565688097E-05
367	275.25	1083.907312	4.682461537E-05
368	276	1084.005928	4.800739826E-05
369	276.75	1084.105805	4.920536583E-05
370	277.5	1084.206956	5.041865604E-05
371	278.25	1084.309391	5.164740864E-05
372	279	1084.413123	5.289176525E-05
373	279.75	1084.518163	5.415186928E-05
374	280.5	1084.624522	5.542786603E-05
375	281.25	1084.732215	5.671990267E-05
376	282	1084.841251	5.802812828E-05
377	282.75	1084.951644	5.935269384E-05
378	283.5	1085.063407	6.069375227E-05
379	284.25	1085.176552	6.205145845E-05
380	285	1085.291091	6.342596923E-05
381	285.75	1085.407039	6.481744344E-05
382	286.5	1085.524408	6.622604197E-05
383	287.25	1085.643211	6.765192770E-05
384	288	1085.763462	6.909526558E-05
385	288.75	1085.885175	7.055622265E-05
386	289.5	1086.008364	7.203496803E-05
387	290.25	1086.133042	7.353167299E-05
388	291	1086.259225	7.504651092E-05
389	291.75	1086.386925	7.657965738E-05
390	292.5	1086.516158	7.813129011E-05
391	293.25	1086.646939	7.970158909E-05
392	294	1086.779282	8.129073650E-05
393	294.75	1086.913203	8.289891681E-05
394	295.5	1087.048717	8.452631676E-05
395	296.25	1087.185839	8.617312538E-05
396	297	1087.324584	8.783953406E-05
397	297.75	1087.46497	8.952573652E-05
398	298.5	1087.607011	9.123192890E-05
399	299.25	1087.750725	9.295830970E-05
400	300	1087.896127	9.470507989E-05
── 设定点 1080 °C　夹头 100 °C　段 1「HC2」　T设定 1080 °C　节点 401　段长 300 mm　控温点下标 200（x = 150 mm）　电流 1152.7 A　ΔL_A -0.000609　ΔL_B +0.043554
i	X_mm	TMetal_C	epsDiff
0	0	1087.874105	9.444051049E-05
1	0.75	1087.684333	9.216075282E-05
2	1.5	1087.496851	8.990867547E-05
3	2.25	1087.311636	8.768401378E-05
4	3	1087.128668	8.548650648E-05
5	3.75	1086.947926	8.331589562E-05
6	4.5	1086.769388	8.117192654E-05
7	5.25	1086.593035	7.905434784E-05
8	6	1086.418846	7.696291137E-05
9	6.75	1086.246802	7.489737213E-05
10	7.5	1086.076882	7.285748831E-05
11	8.25	1085.909068	7.084302119E-05
12	9	1085.74334	6.885373519E-05
13	9.75	1085.579678	6.688939773E-05
14	10.5	1085.418066	6.494977932E-05
15	11.25	1085.258483	6.303465342E-05
16	12	1085.100912	6.114379647E-05
17	12.75	1084.945335	5.927698786E-05
18	13.5	1084.791734	5.743400987E-05
19	14.25	1084.640091	5.561464767E-05
20	15	1084.49039	5.381868927E-05
21	15.75	1084.342613	5.204592550E-05
22	16.5	1084.196743	5.029614998E-05
23	17.25	1084.052763	4.856915910E-05
24	18	1083.910659	4.686475199E-05
25	18.75	1083.770412	4.518273049E-05
26	19.5	1083.632007	4.352289910E-05
27	20.25	1083.495429	4.188506503E-05
28	21	1083.360661	4.026903807E-05
29	21.75	1083.227689	3.867463064E-05
30	22.5	1083.096498	3.710165774E-05
31	23.25	1082.967072	3.554993695E-05
32	24	1082.839396	3.401928834E-05
33	24.75	1082.713457	3.250953452E-05
34	25.5	1082.58924	3.102050059E-05
35	26.25	1082.46673	2.955201410E-05
36	27	1082.345915	2.810390505E-05
37	27.75	1082.226779	2.667600585E-05
38	28.5	1082.10931	2.526815132E-05
39	29.25	1081.993494	2.388017865E-05
40	30	1081.879319	2.251192737E-05
41	30.75	1081.766771	2.116323938E-05
42	31.5	1081.655837	1.983395886E-05
43	32.25	1081.546504	1.852393229E-05
44	33	1081.438761	1.723300844E-05
45	33.75	1081.332596	1.596103830E-05
46	34.5	1081.227995	1.470787513E-05
47	35.25	1081.124948	1.347337437E-05
48	36	1081.023442	1.225739370E-05
49	36.75	1080.923467	1.105979293E-05
50	37.5	1080.82501	9.880434063E-06
51	38.25	1080.728061	8.719181232E-06
52	39	1080.632608	7.575900694E-06
53	39.75	1080.538642	6.450460817E-06
54	40.5	1080.44615	5.342732055E-06
55	41.25	1080.355123	4.252586940E-06
56	42	1080.265551	3.179900058E-06
57	42.75	1080.177422	2.124548039E-06
58	43.5	1080.090728	1.086409537E-06
59	44.25	1080.005459	6.536521579E-08
60	45	1079.921604	-9.387022641E-07
61	45.75	1079.839155	-1.925908264E-06
62	46.5	1079.758101	-2.896366180E-06
63	47.25	1079.678435	-3.850187456E-06
64	48	1079.600146	-4.787481602E-06
65	48.75	1079.523227	-5.708356202E-06
66	49.5	1079.447667	-6.612916935E-06
67	50.25	1079.37346	-7.501267581E-06
68	51	1079.300595	-8.373510039E-06
69	51.75	1079.229066	-9.229744340E-06
70	52.5	1079.158864	-1.007006866E-05
71	53.25	1079.089981	-1.089457931E-05
72	54	1079.022409	-1.170337081E-05
73	54.75	1078.956141	-1.249653583E-05
74	55.5	1078.891169	-1.327416522E-05
75	56.25	1078.827486	-1.403634808E-05
76	57	1078.765085	-1.478317167E-05
77	57.75	1078.703959	-1.551472150E-05
78	58.5	1078.6441	-1.623108133E-05
79	59.25	1078.585502	-1.693233315E-05
80	60	1078.528158	-1.761855720E-05
81	60.75	1078.472063	-1.828983200E-05
82	61.5	1078.417209	-1.894623434E-05
83	62.25	1078.36359	-1.958783930E-05
84	63	1078.311201	-2.021472026E-05
85	63.75	1078.260035	-2.082694889E-05
86	64.5	1078.210086	-2.142459519E-05
87	65.25	1078.16135	-2.200772747E-05
88	66	1078.11382	-2.257641238E-05
89	66.75	1078.067492	-2.313071491E-05
90	67.5	1078.022359	-2.367069838E-05
91	68.25	1077.978417	-2.419642450E-05
92	69	1077.935661	-2.470795331E-05
93	69.75	1077.894086	-2.520534324E-05
94	70.5	1077.853688	-2.568865109E-05
95	71.25	1077.814461	-2.615793205E-05
96	72	1077.776402	-2.661323968E-05
97	72.75	1077.739506	-2.705462599E-05
98	73.5	1077.703768	-2.748214133E-05
99	74.25	1077.669186	-2.789583452E-05
100	75	1077.635755	-2.829575276E-05
101	75.75	1077.603471	-2.868194169E-05
102	76.5	1077.572331	-2.905444537E-05
103	77.25	1077.54233	-2.941330629E-05
104	78	1077.513467	-2.975856541E-05
105	78.75	1077.485737	-3.009026210E-05
106	79.5	1077.459137	-3.040843419E-05
107	80.25	1077.433665	-3.071311798E-05
108	81	1077.409317	-3.100434821E-05
109	81.75	1077.386091	-3.128215808E-05
110	82.5	1077.363984	-3.154657929E-05
111	83.25	1077.342994	-3.179764197E-05
112	84	1077.323118	-3.203537475E-05
113	84.75	1077.304354	-3.225980473E-05
114	85.5	1077.2867	-3.247095750E-05
115	86.25	1077.270154	-3.266885712E-05
116	87	1077.254714	-3.285352616E-05
117	87.75	1077.240379	-3.302498566E-05
118	88.5	1077.227146	-3.318325516E-05
119	89.25	1077.215014	-3.332835271E-05
120	90	1077.203982	-3.346029483E-05
121	90.75	1077.194049	-3.357909657E-05
122	91.5	1077.185214	-3.368477146E-05
123	92.25	1077.177474	-3.377733155E-05
124	93	1077.170831	-3.385678738E-05
125	93.75	1077.165283	-3.392314800E-05
126	94.5	1077.160828	-3.397642099E-05
127	95.25	1077.157468	-3.401661240E-05
128	96	1077.155201	-3.404372683E-05
129	96.75	1077.154027	-3.405776735E-05
130	97.5	1077.153946	-3.405873556E-05
131	98.25	1077.154958	-3.404663159E-05
132	99	1077.157063	-3.402145404E-05
133	99.75	1077.160261	-3.398320006E-05
134	100.5	1077.164554	-3.393186528E-05
135	101.25	1077.16994	-3.386744384E-05
136	102	1077.176421	-3.378992842E-05
137	102.75	1077.183998	-3.369931018E-05
138	103.5	1077.192671	-3.359557879E-05
139	104.25	1077.202442	-3.347872243E-05
140	105	1077.213311	-3.334872778E-05
141	105.75	1077.225279	-3.320558004E-05
142	106.5	1077.238349	-3.304926288E-05
143	107.25	1077.252521	-3.287975850E-05
144	108	1077.267797	-3.269704756E-05
145	108.75	1077.284179	-3.250110925E-05
146	109.5	1077.301669	-3.229192124E-05
147	110.25	1077.320268	-3.206945967E-05
148	111	1077.339979	-3.183369919E-05
149	111.75	1077.360804	-3.158461292E-05
150	112.5	1077.382746	-3.132217246E-05
151	113.25	1077.405806	-3.104634789E-05
152	114	1077.429987	-3.075710776E-05
153	114.75	1077.455293	-3.045441909E-05
154	115.5	1077.481725	-3.013824736E-05
155	116.25	1077.509288	-2.980855650E-05
156	117	1077.537983	-2.946530892E-05
157	117.75	1077.567815	-2.910846545E-05
158	118.5	1077.598786	-2.873798541E-05
159	119.25	1077.6309	-2.835382650E-05
160	120	1077.664161	-2.795594491E-05
161	120.75	1077.698573	-2.754429523E-05
162	121.5	1077.734139	-2.711883049E-05
163	122.25	1077.770863	-2.667950212E-05
164	123	1077.80875	-2.622625997E-05
165	123.75	1077.847803	-2.575905232E-05
166	124.5	1077.888028	-2.527782580E-05
167	125.25	1077.929428	-2.478252548E-05
168	126	1077.972009	-2.427309480E-05
169	126.75	1078.015775	-2.374947557E-05
170	127.5	1078.060731	-2.321160797E-05
171	128.25	1078.106882	-2.265943057E-05
172	129	1078.154233	-2.209288027E-05
173	129.75	1078.20279	-2.151189233E-05
174	130.5	1078.252559	-2.091640036E-05
175	131.25	1078.303544	-2.030633627E-05
176	132	1078.355752	-1.968163034E-05
177	132.75	1078.409188	-1.904221112E-05
178	133.5	1078.463859	-1.838800550E-05
179	134.25	1078.51977	-1.771893866E-05
180	135	1078.576928	-1.703493405E-05
181	135.75	1078.63534	-1.633591341E-05
182	136.5	1078.695011	-1.562179675E-05
183	137.25	1078.75595	-1.489250235E-05
184	138	1078.818162	-1.414794670E-05
185	138.75	1078.881654	-1.338804458E-05
186	139.5	1078.946435	-1.261270895E-05
187	140.25	1079.01251	-1.182185102E-05
188	141	1079.079888	-1.101538017E-05
189	141.75	1079.148577	-1.019320400E-05
190	142.5	1079.218583	-9.355228297E-06
191	143.25	1079.289915	-8.501356991E-06
192	144	1079.362581	-7.631492187E-06
193	144.75	1079.436589	-6.745534130E-06
194	145.5	1079.511948	-5.843381201E-06
195	146.25	1079.588666	-4.924929897E-06
196	147	1079.666751	-3.990074822E-06
197	147.75	1079.746213	-3.038708675E-06
198	148.5	1079.82706	-2.070722232E-06
199	149.25	1079.909302	-1.086004338E-06
200	150	1079.992948	-8.444188436E-08
201	150.75	1080.078007	9.340801960E-07
202	151.5	1080.16449	1.969678950E-06
203	152.25	1080.252405	3.022473416E-06
204	153	1080.341763	4.092584642E-06
205	153.75	1080.432573	5.180135698E-06
206	154.5	1080.524847	6.285251692E-06
207	155.25	1080.618595	7.408059789E-06
208	156	1080.713827	8.548689224E-06
209	156.75	1080.810554	9.707271320E-06
210	157.5	1080.908786	1.088393951E-05
211	158.25	1081.008536	1.207882933E-05
212	159	1081.109814	1.329207849E-05
213	159.75	1081.212633	1.452382682E-05
214	160.5	1081.317002	1.577421634E-05
215	161.25	1081.422935	1.704339128E-05
216	162	1081.530444	1.833149806E-05
217	162.75	1081.63954	1.963868534E-05
218	163.5	1081.750236	2.096510402E-05
219	164.25	1081.862544	2.231090729E-05
220	165	1081.976478	2.367625061E-05
221	165.75	1082.09205	2.506129176E-05
222	166.5	1082.209273	2.646619085E-05
223	167.25	1082.328161	2.789111035E-05
224	168	1082.448727	2.933621507E-05
225	168.75	1082.570984	3.080167226E-05
226	169.5	1082.694948	3.228765155E-05
227	170.25	1082.820631	3.379432502E-05
228	171	1082.948048	3.532186722E-05
229	171.75	1083.077214	3.687045518E-05
230	172.5	1083.208143	3.844026842E-05
231	173.25	1083.340851	4.003148900E-05
232	174	1083.475351	4.164430156E-05
233	174.75	1083.61166	4.327889327E-05
234	175.5	1083.749793	4.493545395E-05
235	176.25	1083.889766	4.661417603E-05
236	177	1084.031595	4.831525458E-05
237	177.75	1084.175295	5.003888738E-05
238	178.5	1084.320884	5.178527489E-05
239	179.25	1084.468378	5.355462031E-05
240	180	1084.617793	5.534712962E-05
241	180.75	1084.769147	5.716301157E-05
242	181.5	1084.922457	5.900247771E-05
243	182.25	1085.07774	6.086574248E-05
244	183	1085.235014	6.275302314E-05
245	183.75	1085.394298	6.466453990E-05
246	184.5	1085.555609	6.660051587E-05
247	185.25	1085.718965	6.856117713E-05
248	186	1085.884386	7.054675275E-05
249	186.75	1086.051891	7.255747484E-05
250	187.5	1086.221497	7.459357854E-05
251	188.25	1086.393226	7.665530210E-05
252	189	1086.567095	7.874288688E-05
253	189.75	1086.743127	8.085657738E-05
254	190.5	1086.921339	8.299662130E-05
255	191.25	1087.101754	8.516326957E-05
256	192	1087.284391	8.735677634E-05
257	192.75	1087.469271	8.957739907E-05
258	193.5	1087.656416	9.182539856E-05
259	194.25	1087.845847	9.410103894E-05
260	195	1088.037586	9.640458774E-05
261	195.75	1088.231655	9.873631595E-05
262	196.5	1088.428075	1.010964980E-04
263	197.25	1088.626871	1.034854119E-04
264	198	1088.828063	1.059033390E-04
265	198.75	1089.031676	1.083505646E-04
266	199.5	1089.237733	1.108273772E-04
267	200.25	1089.446257	1.133340693E-04
268	201	1089.657273	1.158709370E-04
269	201.75	1089.870805	1.184382801E-04
270	202.5	1090.086877	1.210364023E-04
271	203.25	1090.305514	1.236656109E-04
272	204	1090.526742	1.263262174E-04
273	204.75	1090.750585	1.290185371E-04
274	205.5	1090.97707	1.317428891E-04
275	206.25	1091.206223	1.344995966E-04
276	207	1091.43807	1.372889871E-04
277	207.75	1091.672637	1.401113919E-04
278	208.5	1091.909953	1.429671466E-04
279	209.25	1092.150044	1.458565910E-04
280	210	1092.392938	1.487800690E-04
281	210.75	1092.638663	1.517379290E-04
282	211.5	1092.887247	1.547305237E-04
283	212.25	1093.13872	1.577582101E-04
284	213	1093.39311	1.608213497E-04
285	213.75	1093.650447	1.639203086E-04
286	214.5	1093.91076	1.670554573E-04
287	215.25	1094.17408	1.702271712E-04
288	216	1094.440437	1.734358299E-04
289	216.75	1094.709862	1.766818182E-04
290	217.5	1094.982386	1.799655254E-04
291	218.25	1095.258041	1.832873457E-04
292	219	1095.536859	1.866476782E-04
293	219.75	1095.818872	1.900469271E-04
294	220.5	1096.104114	1.934855013E-04
295	221.25	1096.392616	1.969638152E-04
296	222	1096.684413	2.004822879E-04
297	222.75	1096.979539	2.040413440E-04
298	223.5	1097.278028	2.076414132E-04
299	224.25	1097.579914	2.112829308E-04
300	225	1097.885233	2.149663371E-04
301	225.75	1098.194021	2.186920783E-04
302	226.5	1098.506314	2.224606057E-04
303	227.25	1098.822147	2.262723765E-04
304	228	1099.141558	2.301278535E-04
305	228.75	1099.464584	2.340275053E-04
306	229.5	1099.791264	2.379718062E-04
307	230.25	1100.121634	2.419612363E-04
308	231	1100.455734	2.459962820E-04
309	231.75	1100.793602	2.500774355E-04
310	232.5	1101.135279	2.542051951E-04
311	233.25	1101.480805	2.583800655E-04
312	234	1101.83022	2.626025573E-04
313	234.75	1102.183564	2.668731879E-04
314	235.5	1102.54088	2.711924809E-04
315	236.25	1102.902209	2.755609663E-04
316	237	1103.267594	2.799791810E-04
317	237.75	1103.637078	2.844476685E-04
318	238.5	1104.010704	2.889669788E-04
319	239.25	1104.388517	2.935376692E-04
320	240	1104.77056	2.981603037E-04
321	240.75	1105.156879	3.028354533E-04
322	241.5	1105.547519	3.075636964E-04
323	242.25	1105.942527	3.123456183E-04
324	243	1106.341949	3.171818120E-04
325	243.75	1106.745833	3.220728775E-04
326	244.5	1107.154225	3.270194227E-04
327	245.25	1107.567175	3.320220630E-04
328	246	1107.984731	3.370814215E-04
329	246.75	1108.406944	3.421981292E-04
330	247.5	1108.833862	3.473728249E-04
331	248.25	1109.265536	3.526061556E-04
332	249	1109.702019	3.578987764E-04
333	249.75	1110.143361	3.632513507E-04
334	250.5	1110.589615	3.686645502E-04
335	251.25	1111.040834	3.741390552E-04
336	252	1111.497073	3.796755545E-04
337	252.75	1111.958385	3.852747457E-04
338	253.5	1112.424825	3.909373353E-04
339	254.25	1112.896449	3.966640386E-04
340	255	1113.373314	4.024555802E-04
341	255.75	1113.855476	4.083126939E-04
342	256.5	1114.342993	4.142361227E-04
343	257.25	1114.835924	4.202266191E-04
344	258	1115.334327	4.262849455E-04
345	258.75	1115.838263	4.324118736E-04
346	259.5	1116.347791	4.386081855E-04
347	260.25	1116.862973	4.448746728E-04
348	261	1117.383871	4.512121378E-04
349	261.75	1117.910547	4.576213927E-04
350	262.5	1118.443066	4.641032604E-04
351	263.25	1118.981491	4.706585743E-04
352	264	1119.525886	4.772881787E-04
353	264.75	1120.076319	4.839929286E-04
354	265.5	1120.632855	4.907736904E-04
355	266.25	1121.195561	4.976313415E-04
356	267	1121.764506	5.045667707E-04
357	267.75	1122.339759	5.115808786E-04
358	268.5	1122.92139	5.186745773E-04
359	269.25	1123.509468	5.258487909E-04
360	270	1124.104066	5.331044558E-04
361	270.75	1124.705255	5.404425202E-04
362	271.5	1125.313109	5.478639453E-04
363	272.25	1125.927703	5.553697046E-04
364	273	1126.54911	5.629607845E-04
365	273.75	1127.177407	5.706381844E-04
366	274.5	1127.812671	5.784029170E-04
367	275.25	1128.454979	5.862560084E-04
368	276	1129.10441	5.941984982E-04
369	276.75	1129.761043	6.022314401E-04
370	277.5	1130.42496	6.103559015E-04
371	278.25	1131.096241	6.185729642E-04
372	279	1131.77497	6.268837247E-04
373	279.75	1132.461229	6.352892938E-04
374	280.5	1133.155103	6.437907974E-04
375	281.25	1133.856678	6.523893767E-04
376	282	1134.566041	6.610861881E-04
377	282.75	1135.283279	6.698824037E-04
378	283.5	1136.008481	6.787792114E-04
379	284.25	1136.741736	6.877778153E-04
380	285	1137.483137	6.968794360E-04
381	285.75	1138.232774	7.060853104E-04
382	286.5	1138.990741	7.153966927E-04
383	287.25	1139.757132	7.248148539E-04
384	288	1140.532044	7.343410828E-04
385	288.75	1141.315572	7.439766858E-04
386	289.5	1142.107814	7.537229871E-04
387	290.25	1142.90887	7.635813295E-04
388	291	1143.71884	7.735530742E-04
389	291.75	1144.537825	7.836396016E-04
390	292.5	1145.365929	7.938423108E-04
391	293.25	1146.203254	8.041626210E-04
392	294	1147.049908	8.146019710E-04
393	294.75	1147.905996	8.251618196E-04
394	295.5	1148.771626	8.358436464E-04
395	296.25	1149.646908	8.466489517E-04
396	297	1150.531953	8.575792572E-04
397	297.75	1151.426872	8.686361059E-04
398	298.5	1152.33178	8.798210629E-04
399	299.25	1153.246791	8.911357156E-04
400	300	1154.172021	9.025816740E-04
── 设定点 1080 °C　夹头 450 °C　段 0「HC1」　T设定 1080 °C　节点 401　段长 300 mm　控温点下标 200（x = 150 mm）　电流 1153.9 A　ΔL_A +0.020600　ΔL_B +0.016964
i	X_mm	TMetal_C	epsDiff
0	0	1118.657243	4.667106806E-04
1	0.75	1118.14173	4.604351813E-04
2	1.5	1117.631911	4.542304113E-04
3	2.25	1117.127725	4.480955756E-04
4	3	1116.629111	4.420298895E-04
5	3.75	1116.13601	4.360325781E-04
6	4.5	1115.648362	4.301028763E-04
7	5.25	1115.166109	4.242400290E-04
8	6	1114.689193	4.184432904E-04
9	6.75	1114.217557	4.127119242E-04
10	7.5	1113.751144	4.070452036E-04
11	8.25	1113.289899	4.014424107E-04
12	9	1112.833766	3.959028369E-04
13	9.75	1112.382691	3.904257824E-04
14	10.5	1111.936621	3.850105564E-04
15	11.25	1111.495501	3.796564766E-04
16	12	1111.05928	3.743628693E-04
17	12.75	1110.627905	3.691290694E-04
18	13.5	1110.201325	3.639544201E-04
19	14.25	1109.77949	3.588382728E-04
20	15	1109.362349	3.537799870E-04
21	15.75	1108.949853	3.487789303E-04
22	16.5	1108.541953	3.438344783E-04
23	17.25	1108.1386	3.389460141E-04
24	18	1107.739747	3.341129290E-04
25	18.75	1107.345346	3.293346214E-04
26	19.5	1106.95535	3.246104975E-04
27	20.25	1106.569715	3.199399709E-04
28	21	1106.188393	3.153224625E-04
29	21.75	1105.811341	3.107574003E-04
30	22.5	1105.438513	3.062442194E-04
31	23.25	1105.069865	3.017823623E-04
32	24	1104.705354	2.973712781E-04
33	24.75	1104.344938	2.930104227E-04
34	25.5	1103.988573	2.886992591E-04
35	26.25	1103.636217	2.844372568E-04
36	27	1103.28783	2.802238917E-04
37	27.75	1102.94337	2.760586466E-04
38	28.5	1102.602797	2.719410104E-04
39	29.25	1102.26607	2.678704786E-04
40	30	1101.933151	2.638465528E-04
41	30.75	1101.604	2.598687408E-04
42	31.5	1101.278579	2.559365566E-04
43	32.25	1100.956849	2.520495202E-04
44	33	1100.638773	2.482071576E-04
45	33.75	1100.324313	2.444090007E-04
46	34.5	1100.013433	2.406545870E-04
47	35.25	1099.706097	2.369434600E-04
48	36	1099.402268	2.332751687E-04
49	36.75	1099.101912	2.296492680E-04
50	37.5	1098.804992	2.260653180E-04
51	38.25	1098.511474	2.225228844E-04
52	39	1098.221325	2.190215384E-04
53	39.75	1097.93451	2.155608563E-04
54	40.5	1097.650995	2.121404199E-04
55	41.25	1097.370749	2.087598161E-04
56	42	1097.093737	2.054186371E-04
57	42.75	1096.819929	2.021164799E-04
58	43.5	1096.549292	1.988529468E-04
59	44.25	1096.281794	1.956276449E-04
60	45	1096.017405	1.924401864E-04
61	45.75	1095.756094	1.892901881E-04
62	46.5	1095.49783	1.861772718E-04
63	47.25	1095.242584	1.831010639E-04
64	48	1094.990325	1.800611956E-04
65	48.75	1094.741026	1.770573027E-04
66	49.5	1094.494656	1.740890255E-04
67	50.25	1094.251187	1.711560088E-04
68	51	1094.010592	1.682579022E-04
69	51.75	1093.772841	1.653943592E-04
70	52.5	1093.537909	1.625650381E-04
71	53.25	1093.305767	1.597696013E-04
72	54	1093.076388	1.570077155E-04
73	54.75	1092.849747	1.542790517E-04
74	55.5	1092.625816	1.515832851E-04
75	56.25	1092.404571	1.489200949E-04
76	57	1092.185985	1.462891645E-04
77	57.75	1091.970034	1.436901811E-04
78	58.5	1091.756692	1.411228363E-04
79	59.25	1091.545935	1.385868254E-04
80	60	1091.337738	1.360818475E-04
81	60.75	1091.132078	1.336076058E-04
82	61.5	1090.928931	1.311638073E-04
83	62.25	1090.728273	1.287501625E-04
84	63	1090.530082	1.263663860E-04
85	63.75	1090.334334	1.240121959E-04
86	64.5	1090.141007	1.216873140E-04
87	65.25	1089.950079	1.193914658E-04
88	66	1089.761527	1.171243801E-04
89	66.75	1089.575331	1.148857897E-04
90	67.5	1089.391469	1.126754305E-04
91	68.25	1089.209919	1.104930421E-04
92	69	1089.030661	1.083383674E-04
93	69.75	1088.853675	1.062111528E-04
94	70.5	1088.678939	1.041111481E-04
95	71.25	1088.506434	1.020381063E-04
96	72	1088.33614	9.999178368E-05
97	72.75	1088.168038	9.797193995E-05
98	73.5	1088.002108	9.597833792E-05
99	74.25	1087.838331	9.401074365E-05
100	75	1087.676689	9.206892632E-05
101	75.75	1087.517163	9.015265828E-05
102	76.5	1087.359734	8.826171498E-05
103	77.25	1087.204385	8.639587492E-05
104	78	1087.051098	8.455491965E-05
105	78.75	1086.899856	8.273863375E-05
106	79.5	1086.750641	8.094680475E-05
107	80.25	1086.603435	7.917922316E-05
108	81	1086.458223	7.743568241E-05
109	81.75	1086.314988	7.571597881E-05
110	82.5	1086.173712	7.401991157E-05
111	83.25	1086.034381	7.234728272E-05
112	84	1085.896978	7.069789711E-05
113	84.75	1085.761487	6.907156238E-05
114	85.5	1085.627894	6.746808896E-05
115	86.25	1085.496182	6.588728998E-05
116	87	1085.366337	6.432898130E-05
117	87.75	1085.238344	6.279298149E-05
118	88.5	1085.112189	6.127911175E-05
119	89.25	1084.987856	5.978719595E-05
120	90	1084.865332	5.831706057E-05
121	90.75	1084.744603	5.686853468E-05
122	91.5	1084.625655	5.544144992E-05
123	92.25	1084.508474	5.403564050E-05
124	93	1084.393048	5.265094315E-05
125	93.75	1084.279362	5.128719709E-05
126	94.5	1084.167405	4.994424405E-05
127	95.25	1084.057163	4.862192821E-05
128	96	1083.948624	4.732009620E-05
129	96.75	1083.841775	4.603859708E-05
130	97.5	1083.736604	4.477728231E-05
131	98.25	1083.6331	4.353600572E-05
132	99	1083.53125	4.231462354E-05
133	99.75	1083.431044	4.111299432E-05
134	100.5	1083.332468	3.993097894E-05
135	101.25	1083.235513	3.876844062E-05
136	102	1083.140168	3.762524483E-05
137	102.75	1083.046421	3.650125934E-05
138	103.5	1082.954261	3.539635419E-05
139	104.25	1082.863679	3.431040164E-05
140	105	1082.774665	3.324327617E-05
141	105.75	1082.687207	3.219485450E-05
142	106.5	1082.601296	3.116501551E-05
143	107.25	1082.516922	3.015364027E-05
144	108	1082.434076	2.916061202E-05
145	108.75	1082.352749	2.818581613E-05
146	109.5	1082.27293	2.722914012E-05
147	110.25	1082.194612	2.629047360E-05
148	111	1082.117784	2.536970833E-05
149	111.75	1082.042439	2.446673810E-05
150	112.5	1081.968568	2.358145882E-05
151	113.25	1081.896162	2.271376845E-05
152	114	1081.825214	2.186356699E-05
153	114.75	1081.755715	2.103075648E-05
154	115.5	1081.687657	2.021524099E-05
155	116.25	1081.621032	1.941692660E-05
156	117	1081.555834	1.863572139E-05
157	117.75	1081.492055	1.787153542E-05
158	118.5	1081.429687	1.712428072E-05
159	119.25	1081.368723	1.639387131E-05
160	120	1081.309157	1.568022315E-05
161	120.75	1081.250981	1.498325414E-05
162	121.5	1081.19419	1.430288410E-05
163	122.25	1081.138777	1.363903481E-05
164	123	1081.084734	1.299162993E-05
165	123.75	1081.032058	1.236059503E-05
166	124.5	1080.98074	1.174585759E-05
167	125.25	1080.930776	1.114734694E-05
168	126	1080.88216	1.056499432E-05
169	126.75	1080.834886	9.998732825E-06
170	127.5	1080.78895	9.448497396E-06
171	128.25	1080.744345	8.914224837E-06
172	129	1080.701067	8.395853789E-06
173	129.75	1080.65911	7.893324727E-06
174	130.5	1080.618471	7.406579955E-06
175	131.25	1080.579145	6.935563592E-06
176	132	1080.541126	6.480221572E-06
177	132.75	1080.504412	6.040501634E-06
178	133.5	1080.468997	5.616353314E-06
179	134.25	1080.434877	5.207727942E-06
180	135	1080.40205	4.814578632E-06
181	135.75	1080.37051	4.436860281E-06
182	136.5	1080.340255	4.074529557E-06
183	137.25	1080.311281	3.727544900E-06
184	138	1080.283585	3.395866512E-06
185	138.75	1080.257163	3.079456355E-06
186	139.5	1080.232013	2.778278144E-06
187	140.25	1080.208132	2.492297344E-06
188	141	1080.185517	2.221481163E-06
189	141.75	1080.164166	1.965798554E-06
190	142.5	1080.144075	1.725220203E-06
191	143.25	1080.125244	1.499718531E-06
192	144	1080.107669	1.289267689E-06
193	144.75	1080.091349	1.093843554E-06
194	145.5	1080.076282	9.134237271E-07
195	146.25	1080.062466	7.479875299E-07
196	147	1080.0499	5.975160019E-07
197	147.75	1080.038582	4.619918985E-07
198	148.5	1080.028511	3.413996887E-07
199	149.25	1080.019686	2.357255532E-07
200	150	1080.012106	1.449573825E-07
201	150.75	1080.00577	6.908477543E-08
202	151.5	1080.000676	8.099037919E-09
203	152.25	1079.996826	-3.800681811E-08
204	153	1079.994218	-6.923807566E-08
205	153.75	1079.992851	-8.559831330E-08
206	154.5	1079.992727	-8.708940562E-08
207	155.25	1079.993844	-7.371152348E-08
208	156	1079.996203	-4.546313401E-08
209	156.75	1079.999804	-2.341000423E-09
210	157.5	1080.004648	5.565981838E-08
211	158.25	1080.010735	1.285459684E-07
212	159	1080.018066	2.163258016E-07
213	159.75	1080.026642	3.190093765E-07
214	160.5	1080.036463	4.366084598E-07
215	161.25	1080.04753	5.691365279E-07
216	162	1080.059846	7.166087683E-07
217	162.75	1080.073411	8.790420817E-07
218	163.5	1080.088227	1.056455084E-06
219	164.25	1080.104295	1.248868110E-06
220	165	1080.121618	1.456303211E-06
221	165.75	1080.140197	1.678784167E-06
222	166.5	1080.160035	1.916336478E-06
223	167.25	1080.181133	2.168987377E-06
224	168	1080.203495	2.436765829E-06
225	168.75	1080.227122	2.719702535E-06
226	169.5	1080.252017	3.017829934E-06
227	170.25	1080.278183	3.331182213E-06
228	171	1080.305624	3.659795304E-06
229	171.75	1080.334341	4.003706894E-06
230	172.5	1080.364339	4.362956428E-06
231	173.25	1080.395621	4.737585112E-06
232	174	1080.42819	5.127635922E-06
233	174.75	1080.46205	5.533153605E-06
234	175.5	1080.497205	5.954184690E-06
235	176.25	1080.533658	6.390777487E-06
236	177	1080.571415	6.842982101E-06
237	177.75	1080.610479	7.310850431E-06
238	178.5	1080.650854	7.794436182E-06
239	179.25	1080.692546	8.293794869E-06
240	180	1080.735558	8.808983824E-06
241	180.75	1080.779897	9.340062205E-06
242	181.5	1080.825566	9.887091001E-06
243	182.25	1080.872571	1.045013304E-05
244	183	1080.920917	1.102925301E-05
245	183.75	1080.970611	1.162451743E-05
246	184.5	1081.021656	1.223599472E-05
247	185.25	1081.07406	1.286375513E-05
248	186	1081.127828	1.350787082E-05
249	186.75	1081.182966	1.416841585E-05
250	187.5	1081.23948	1.484546616E-05
251	188.25	1081.297377	1.553909960E-05
252	189	1081.356664	1.624939596E-05
253	189.75	1081.417347	1.697643694E-05
254	190.5	1081.479433	1.772030619E-05
255	191.25	1081.542929	1.848108932E-05
256	192	1081.607842	1.925887389E-05
257	192.75	1081.674179	2.005374944E-05
258	193.5	1081.741949	2.086580749E-05
259	194.25	1081.811159	2.169514156E-05
260	195	1081.881816	2.254184718E-05
261	195.75	1081.953928	2.340602190E-05
262	196.5	1082.027505	2.428776531E-05
263	197.25	1082.102554	2.518717904E-05
264	198	1082.179083	2.610436677E-05
265	198.75	1082.257102	2.703943427E-05
266	199.5	1082.336619	2.799248939E-05
267	200.25	1082.417643	2.896364208E-05
268	201	1082.500184	2.995300440E-05
269	201.75	1082.58425	3.096069055E-05
270	202.5	1082.669852	3.198681685E-05
271	203.25	1082.756999	3.303150182E-05
272	204	1082.845701	3.409486610E-05
273	204.75	1082.935967	3.517703258E-05
274	205.5	1083.02781	3.627812629E-05
275	206.25	1083.121237	3.739827454E-05
276	207	1083.216261	3.853760685E-05
277	207.75	1083.312893	3.969625499E-05
278	208.5	1083.411142	4.087435302E-05
279	209.25	1083.511021	4.207203727E-05
280	210	1083.61254	4.328944640E-05
281	210.75	1083.715712	4.452672137E-05
282	211.5	1083.820547	4.578400551E-05
283	212.25	1083.927058	4.706144448E-05
284	213	1084.035257	4.835918636E-05
285	213.75	1084.145157	4.967738160E-05
286	214.5	1084.256769	5.101618309E-05
287	215.25	1084.370107	5.237574614E-05
288	216	1084.485183	5.375622855E-05
289	216.75	1084.602011	5.515779058E-05
290	217.5	1084.720603	5.658059499E-05
291	218.25	1084.840974	5.802480708E-05
292	219	1084.963137	5.949059469E-05
293	219.75	1085.087106	6.097812823E-05
294	220.5	1085.212895	6.248758070E-05
295	221.25	1085.340518	6.401912770E-05
296	222	1085.46999	6.557294749E-05
297	222.75	1085.601327	6.714922099E-05
298	223.5	1085.734541	6.874813177E-05
299	224.25	1085.86965	7.036986616E-05
300	225	1086.006668	7.201461320E-05
301	225.75	1086.145612	7.368256467E-05
302	226.5	1086.286496	7.537391516E-05
303	227.25	1086.429337	7.708886208E-05
304	228	1086.574151	7.882760565E-05
305	228.75	1086.720955	8.059034897E-05
306	229.5	1086.869766	8.237729804E-05
307	230.25	1087.020601	8.418866176E-05
308	231	1087.173476	8.602465199E-05
309	231.75	1087.32841	8.788548356E-05
310	232.5	1087.48542	8.977137433E-05
311	233.25	1087.644524	9.168254515E-05
312	234	1087.80574	9.361921998E-05
313	234.75	1087.969088	9.558162585E-05
314	235.5	1088.134584	9.756999293E-05
315	236.25	1088.302249	9.958455453E-05
316	237	1088.472102	1.016255472E-04
317	237.75	1088.644162	1.036932106E-04
318	238.5	1088.818449	1.057877878E-04
319	239.25	1088.994982	1.079095250E-04
320	240	1089.173783	1.100586718E-04
321	240.75	1089.354871	1.122354813E-04
322	241.5	1089.538268	1.144402097E-04
323	242.25	1089.723995	1.166731168E-04
324	243	1089.912072	1.189344659E-04
325	243.75	1090.102521	1.212245237E-04
326	244.5	1090.295365	1.235435605E-04
327	245.25	1090.490626	1.258918502E-04
328	246	1090.688325	1.282696702E-04
329	246.75	1090.888487	1.306773016E-04
330	247.5	1091.091133	1.331150292E-04
331	248.25	1091.296287	1.355831416E-04
332	249	1091.503973	1.380819311E-04
333	249.75	1091.714215	1.406116939E-04
334	250.5	1091.927036	1.431727299E-04
335	251.25	1092.142462	1.457653429E-04
336	252	1092.360518	1.483898409E-04
337	252.75	1092.581227	1.510465356E-04
338	253.5	1092.804617	1.537357429E-04
339	254.25	1093.030713	1.564577827E-04
340	255	1093.25954	1.592129789E-04
341	255.75	1093.491126	1.620016599E-04
342	256.5	1093.725497	1.648241581E-04
343	257.25	1093.96268	1.676808100E-04
344	258	1094.202702	1.705719567E-04
345	258.75	1094.445592	1.734979436E-04
346	259.5	1094.691378	1.764591204E-04
347	260.25	1094.940088	1.794558413E-04
348	261	1095.19175	1.824884651E-04
349	261.75	1095.446395	1.855573550E-04
350	262.5	1095.704051	1.886628790E-04
351	263.25	1095.964749	1.918054097E-04
352	264	1096.228518	1.949853244E-04
353	264.75	1096.49539	1.982030052E-04
354	265.5	1096.765395	2.014588390E-04
355	266.25	1097.038565	2.047532178E-04
356	267	1097.314931	2.080865382E-04
357	267.75	1097.594526	2.114592021E-04
358	268.5	1097.877382	2.148716164E-04
359	269.25	1098.163533	2.183241932E-04
360	270	1098.453011	2.218173496E-04
361	270.75	1098.74585	2.253515082E-04
362	271.5	1099.042085	2.289270967E-04
363	272.25	1099.341749	2.325445485E-04
364	273	1099.644879	2.362043020E-04
365	273.75	1099.951509	2.399068016E-04
366	274.5	1100.261675	2.436524970E-04
367	275.25	1100.575414	2.474418437E-04
368	276	1100.892762	2.512753027E-04
369	276.75	1101.213756	2.551533412E-04
370	277.5	1101.538434	2.590764319E-04
371	278.25	1101.866833	2.630450537E-04
372	279	1102.198994	2.670596914E-04
373	279.75	1102.534953	2.711208358E-04
374	280.5	1102.874752	2.752289841E-04
375	281.25	1103.218429	2.793846397E-04
376	282	1103.566025	2.835883122E-04
377	282.75	1103.917582	2.878405178E-04
378	283.5	1104.273139	2.921417789E-04
379	284.25	1104.63274	2.964926249E-04
380	285	1104.996426	3.008935915E-04
381	285.75	1105.36424	3.053452213E-04
382	286.5	1105.736226	3.098480638E-04
383	287.25	1106.112428	3.144026753E-04
384	288	1106.49289	3.190096191E-04
385	288.75	1106.877657	3.236694658E-04
386	289.5	1107.266774	3.283827931E-04
387	290.25	1107.660287	3.331501858E-04
388	291	1108.058244	3.379722364E-04
389	291.75	1108.46069	3.428495448E-04
390	292.5	1108.867675	3.477827183E-04
391	293.25	1109.279245	3.527723721E-04
392	294	1109.695451	3.578191292E-04
393	294.75	1110.11634	3.629236203E-04
394	295.5	1110.541964	3.680864844E-04
395	296.25	1110.972373	3.733083682E-04
396	297	1111.407618	3.785899270E-04
397	297.75	1111.847751	3.839318243E-04
398	298.5	1112.292825	3.893347320E-04
399	299.25	1112.742891	3.947993306E-04
400	300	1113.198005	4.003263093E-04
── 设定点 1080 °C　夹头 450 °C　段 1「HC2」　T设定 1080 °C　节点 401　段长 300 mm　控温点下标 200（x = 150 mm）　电流 1150.1 A　ΔL_A +0.014568　ΔL_B +0.040569
i	X_mm	TMetal_C	epsDiff
0	0	1113.17792	4.000823653E-04
1	0.75	1112.680636	3.940433765E-04
2	1.5	1112.188977	3.880739926E-04
3	2.25	1111.702884	3.821734541E-04
4	3	1111.222299	3.763410116E-04
5	3.75	1110.747164	3.705759250E-04
6	4.5	1110.277424	3.648774640E-04
7	5.25	1109.813021	3.592449078E-04
8	6	1109.3539	3.536775447E-04
9	6.75	1108.900008	3.481746723E-04
10	7.5	1108.451289	3.427355973E-04
11	8.25	1108.007691	3.373596353E-04
12	9	1107.56916	3.320461108E-04
13	9.75	1107.135645	3.267943569E-04
14	10.5	1106.707094	3.216037154E-04
15	11.25	1106.283457	3.164735365E-04
16	12	1105.864683	3.114031787E-04
17	12.75	1105.450722	3.063920091E-04
18	13.5	1105.041526	3.014394025E-04
19	14.25	1104.637047	2.965447420E-04
20	15	1104.237236	2.917074188E-04
21	15.75	1103.842046	2.869268315E-04
22	16.5	1103.451431	2.822023870E-04
23	17.25	1103.065344	2.775334993E-04
24	18	1102.68374	2.729195904E-04
25	18.75	1102.306575	2.683600894E-04
26	19.5	1101.933803	2.638544329E-04
27	20.25	1101.565381	2.594020650E-04
28	21	1101.201266	2.550024365E-04
29	21.75	1100.841414	2.506550057E-04
30	22.5	1100.485784	2.463592377E-04
31	23.25	1100.134333	2.421146046E-04
32	24	1099.787022	2.379205852E-04
33	24.75	1099.443808	2.337766651E-04
34	25.5	1099.104651	2.296823367E-04
35	26.25	1098.769513	2.256370987E-04
36	27	1098.438353	2.216404567E-04
37	27.75	1098.111133	2.176919222E-04
38	28.5	1097.787815	2.137910135E-04
39	29.25	1097.46836	2.099372550E-04
40	30	1097.152733	2.061301773E-04
41	30.75	1096.840895	2.023693169E-04
42	31.5	1096.53281	1.986542168E-04
43	32.25	1096.228444	1.949844256E-04
44	33	1095.927759	1.913594980E-04
45	33.75	1095.630721	1.877789944E-04
46	34.5	1095.337295	1.842424811E-04
47	35.25	1095.047448	1.807495299E-04
48	36	1094.761145	1.772997186E-04
49	36.75	1094.478354	1.738926301E-04
50	37.5	1094.199041	1.705278532E-04
51	38.25	1093.923174	1.672049820E-04
52	39	1093.650721	1.639236160E-04
53	39.75	1093.381651	1.606833599E-04
54	40.5	1093.115931	1.574838238E-04
55	41.25	1092.853532	1.543246229E-04
56	42	1092.594423	1.512053778E-04
57	42.75	1092.338574	1.481257138E-04
58	43.5	1092.085955	1.450852616E-04
59	44.25	1091.836537	1.420836566E-04
60	45	1091.590291	1.391205392E-04
61	45.75	1091.347189	1.361955548E-04
62	46.5	1091.107203	1.333083535E-04
63	47.25	1090.870305	1.304585901E-04
64	48	1090.636467	1.276459243E-04
65	48.75	1090.405663	1.248700203E-04
66	49.5	1090.177865	1.221305471E-04
67	50.25	1089.953049	1.194271779E-04
68	51	1089.731187	1.167595909E-04
69	51.75	1089.512254	1.141274684E-04
70	52.5	1089.296225	1.115304973E-04
71	53.25	1089.083076	1.089683689E-04
72	54	1088.87278	1.064407786E-04
73	54.75	1088.665315	1.039474265E-04
74	55.5	1088.460657	1.014880165E-04
75	56.25	1088.258781	9.906225703E-05
76	57	1088.059665	9.666986054E-05
77	57.75	1087.863286	9.431054363E-05
78	58.5	1087.669621	9.198402700E-05
79	59.25	1087.478648	8.969003537E-05
80	60	1087.290345	8.742829746E-05
81	60.75	1087.104691	8.519854597E-05
82	61.5	1086.921664	8.300051751E-05
83	62.25	1086.741242	8.083395259E-05
84	63	1086.563407	7.869859556E-05
85	63.75	1086.388136	7.659419461E-05
86	64.5	1086.21541	7.452050166E-05
87	65.25	1086.04521	7.247727244E-05
88	66	1085.877515	7.046426633E-05
89	66.75	1085.712306	6.848124644E-05
90	67.5	1085.549565	6.652797947E-05
91	68.25	1085.389273	6.460423578E-05
92	69	1085.231412	6.270978929E-05
93	69.75	1085.075963	6.084441744E-05
94	70.5	1084.922909	5.900790124E-05
95	71.25	1084.772232	5.720002514E-05
96	72	1084.623915	5.542057707E-05
97	72.75	1084.477941	5.366934838E-05
98	73.5	1084.334294	5.194613382E-05
99	74.25	1084.192956	5.025073151E-05
100	75	1084.053913	4.858294291E-05
101	75.75	1083.917147	4.694257279E-05
102	76.5	1083.782644	4.532942921E-05
103	77.25	1083.650388	4.374332350E-05
104	78	1083.520363	4.218407022E-05
105	78.75	1083.392556	4.065148714E-05
106	79.5	1083.266952	3.914539520E-05
107	80.25	1083.143535	3.766561853E-05
108	81	1083.022293	3.621198437E-05
109	81.75	1082.903211	3.478432309E-05
110	82.5	1082.786275	3.338246815E-05
111	83.25	1082.671474	3.200625606E-05
112	84	1082.558792	3.065552639E-05
113	84.75	1082.448218	2.933012173E-05
114	85.5	1082.339739	2.802988768E-05
115	86.25	1082.233343	2.675467280E-05
116	87	1082.129017	2.550432864E-05
117	87.75	1082.026749	2.427870966E-05
118	88.5	1081.926529	2.307767327E-05
119	89.25	1081.828344	2.190107976E-05
120	90	1081.732184	2.074879231E-05
121	90.75	1081.638037	1.962067698E-05
122	91.5	1081.545893	1.851660264E-05
123	92.25	1081.455741	1.743644104E-05
124	93	1081.367571	1.638006669E-05
125	93.75	1081.281373	1.534735693E-05
126	94.5	1081.197137	1.433819188E-05
127	95.25	1081.114854	1.335245439E-05
128	96	1081.034515	1.239003009E-05
129	96.75	1080.956109	1.145080733E-05
130	97.5	1080.879629	1.053467718E-05
131	98.25	1080.805065	9.641533406E-06
132	99	1080.73241	8.771272469E-06
133	99.75	1080.661654	7.923793502E-06
134	100.5	1080.592791	7.098998300E-06
135	101.25	1080.525811	6.296791307E-06
136	102	1080.460708	5.517079600E-06
137	102.75	1080.397473	4.759772882E-06
138	103.5	1080.336101	4.024783466E-06
139	104.25	1080.276584	3.312026265E-06
140	105	1080.218914	2.621418780E-06
141	105.75	1080.163087	1.952881091E-06
142	106.5	1080.109094	1.306335843E-06
143	107.25	1080.056931	6.817082388E-07
144	108	1080.006591	7.892602882E-08
145	108.75	1079.958069	-5.020805002E-07
146	109.5	1079.911359	-1.061378533E-06
147	110.25	1079.866455	-1.599032735E-06
148	111	1079.823353	-2.115105261E-06
149	111.75	1079.782048	-2.609655762E-06
150	112.5	1079.742535	-3.082741396E-06
151	113.25	1079.70481	-3.534416832E-06
152	114	1079.668867	-3.964734260E-06
153	114.75	1079.634705	-4.373743397E-06
154	115.5	1079.602317	-4.761491491E-06
155	116.25	1079.571702	-5.128023333E-06
156	117	1079.542854	-5.473381257E-06
157	117.75	1079.515772	-5.797605148E-06
158	118.5	1079.490451	-6.100732447E-06
159	119.25	1079.46689	-6.382798158E-06
160	120	1079.445085	-6.643834848E-06
161	120.75	1079.425033	-6.883872656E-06
162	121.5	1079.406734	-7.102939294E-06
163	122.25	1079.390184	-7.301060050E-06
164	123	1079.375382	-7.478257796E-06
165	123.75	1079.362325	-7.634552986E-06
166	124.5	1079.351014	-7.769963659E-06
167	125.25	1079.341445	-7.884505445E-06
168	126	1079.333619	-7.978191565E-06
169	126.75	1079.327534	-8.051032831E-06
170	127.5	1079.32319	-8.103037650E-06
171	128.25	1079.320586	-8.134212025E-06
172	129	1079.319721	-8.144559551E-06
173	129.75	1079.320597	-8.134081425E-06
174	130.5	1079.323212	-8.102776437E-06
175	131.25	1079.327567	-8.050640974E-06
176	132	1079.333663	-7.977669018E-06
177	132.75	1079.3415	-7.883852148E-06
178	133.5	1079.351079	-7.769179536E-06
179	134.25	1079.362402	-7.633637947E-06
180	135	1079.375469	-7.477211737E-06
181	135.75	1079.390282	-7.299882849E-06
182	136.5	1079.406843	-7.101630814E-06
183	137.25	1079.425154	-6.882432747E-06
184	138	1079.445216	-6.642263344E-06
185	138.75	1079.467032	-6.381094877E-06
186	139.5	1079.490604	-6.098897193E-06
187	140.25	1079.515936	-5.795637708E-06
188	141	1079.543029	-5.471281405E-06
189	141.75	1079.571888	-5.125790826E-06
190	142.5	1079.602515	-4.759126072E-06
191	143.25	1079.634913	-4.371244791E-06
192	144	1079.669087	-3.962102180E-06
193	144.75	1079.705041	-3.531650973E-06
194	145.5	1079.742777	-3.079841438E-06
195	146.25	1079.782301	-2.606621371E-06
196	147	1079.823618	-2.111936085E-06
197	147.75	1079.866731	-1.595728409E-06
198	148.5	1079.911646	-1.057938675E-06
199	149.25	1079.958368	-4.985047121E-07
200	150	1080.006901	8.263816046E-08
201	150.75	1080.057253	6.855571433E-07
202	151.5	1080.109427	1.310321965E-06
203	152.25	1080.163431	1.957004892E-06
204	153	1080.21927	2.625680738E-06
205	153.75	1080.276951	3.316426872E-06
206	154.5	1080.33648	4.029323232E-06
207	155.25	1080.397864	4.764452332E-06
208	156	1080.46111	5.521899276E-06
209	156.75	1080.526225	6.301751767E-06
210	157.5	1080.593217	7.104100119E-06
211	158.25	1080.662092	7.929037270E-06
212	159	1080.73286	8.776658794E-06
213	159.75	1080.805527	9.647062912E-06
214	160.5	1080.880103	1.054035051E-05
215	161.25	1080.956595	1.145662514E-05
216	162	1081.035012	1.239599305E-05
217	162.75	1081.115364	1.335856320E-05
218	163.5	1081.197659	1.434444724E-05
219	164.25	1081.281907	1.535375958E-05
220	165	1081.368118	1.638661736E-05
221	165.75	1081.4563	1.744314049E-05
222	166.5	1081.546464	1.852345166E-05
223	167.25	1081.638621	1.962767635E-05
224	168	1081.73278	2.075594286E-05
225	168.75	1081.828954	2.190838231E-05
226	169.5	1081.927151	2.308512867E-05
227	170.25	1082.027384	2.428631879E-05
228	171	1082.129665	2.551209237E-05
229	171.75	1082.234003	2.676259204E-05
230	172.5	1082.340413	2.803796334E-05
231	173.25	1082.448905	2.933835477E-05
232	174	1082.559492	3.066391775E-05
233	174.75	1082.672187	3.201480673E-05
234	175.5	1082.787002	3.339117912E-05
235	176.25	1082.903951	3.479319539E-05
236	177	1083.023046	3.622101902E-05
237	177.75	1083.144302	3.767481659E-05
238	178.5	1083.267732	3.915475774E-05
239	179.25	1083.393351	4.066101525E-05
240	180	1083.521172	4.219376502E-05
241	180.75	1083.65121	4.375318613E-05
242	181.5	1083.78348	4.533946081E-05
243	182.25	1083.917998	4.695277453E-05
244	183	1084.054778	4.859331599E-05
245	183.75	1084.193835	5.026127715E-05
246	184.5	1084.335187	5.195685325E-05
247	185.25	1084.478849	5.368024285E-05
248	186	1084.624838	5.543164786E-05
249	186.75	1084.773169	5.721127355E-05
250	187.5	1084.923861	5.901932858E-05
251	188.25	1085.07693	6.085602507E-05
252	189	1085.232394	6.272157855E-05
253	189.75	1085.390271	6.461620808E-05
254	190.5	1085.550578	6.654013620E-05
255	191.25	1085.713334	6.849358902E-05
256	192	1085.878558	7.047679623E-05
257	192.75	1086.046269	7.248999112E-05
258	193.5	1086.216485	7.453341064E-05
259	194.25	1086.389227	7.660729538E-05
260	195	1086.564514	7.871188969E-05
261	195.75	1086.742366	8.084744163E-05
262	196.5	1086.922803	8.301420306E-05
263	197.25	1087.105847	8.521242964E-05
264	198	1087.291518	8.744238089E-05
265	198.75	1087.479838	8.970432023E-05
266	199.5	1087.670827	9.199851498E-05
267	200.25	1087.864509	9.432523644E-05
268	201	1088.060906	9.668475991E-05
269	201.75	1088.260039	9.907736473E-05
270	202.5	1088.461932	1.015033343E-04
271	203.25	1088.666608	1.039629562E-04
272	204	1088.87409	1.064565222E-04
273	204.75	1089.084403	1.089843281E-04
274	205.5	1089.297571	1.115466741E-04
275	206.25	1089.513618	1.141438646E-04
276	207	1089.732569	1.167762085E-04
277	207.75	1089.954449	1.194440190E-04
278	208.5	1090.179285	1.221476135E-04
279	209.25	1090.407101	1.248873142E-04
280	210	1090.637924	1.276634477E-04
281	210.75	1090.871781	1.304763451E-04
282	211.5	1091.108698	1.333263421E-04
283	212.25	1091.348704	1.362137793E-04
284	213	1091.591825	1.391390017E-04
285	213.75	1091.838091	1.421023593E-04
286	214.5	1092.087529	1.451042068E-04
287	215.25	1092.340168	1.481449039E-04
288	216	1092.596037	1.512248149E-04
289	216.75	1092.855167	1.543443094E-04
290	217.5	1093.117587	1.575037620E-04
291	218.25	1093.383327	1.607035523E-04
292	219	1093.652419	1.639440649E-04
293	219.75	1093.924893	1.672256900E-04
294	220.5	1094.200782	1.705488228E-04
295	221.25	1094.480116	1.739138637E-04
296	222	1094.76293	1.773212188E-04
297	222.75	1095.049255	1.807712994E-04
298	223.5	1095.339124	1.842645224E-04
299	224.25	1095.632572	1.878013102E-04
300	225	1095.929633	1.913820911E-04
301	225.75	1096.230341	1.950072987E-04
302	226.5	1096.534731	1.986773726E-04
303	227.25	1096.842839	2.023927583E-04
304	228	1097.1547	2.061539070E-04
305	228.75	1097.470352	2.099612760E-04
306	229.5	1097.78983	2.138153288E-04
307	230.25	1098.113173	2.177165346E-04
308	231	1098.440417	2.216653692E-04
309	231.75	1098.771602	2.256623145E-04
310	232.5	1099.106765	2.297078587E-04
311	233.25	1099.445947	2.338024966E-04
312	234	1099.789187	2.379467292E-04
313	234.75	1100.136524	2.421410644E-04
314	235.5	1100.488001	2.463860166E-04
315	236.25	1100.843657	2.506821069E-04
316	237	1101.203536	2.550298634E-04
317	237.75	1101.567678	2.594298209E-04
318	238.5	1101.936127	2.638825213E-04
319	239.25	1102.308926	2.683885136E-04
320	240	1102.68612	2.729483541E-04
321	240.75	1103.067751	2.775626060E-04
322	241.5	1103.453866	2.822318403E-04
323	242.25	1103.84451	2.869566351E-04
324	243	1104.239729	2.917375762E-04
325	243.75	1104.639569	2.965752572E-04
326	244.5	1105.044078	3.014702791E-04
327	245.25	1105.453303	3.064232510E-04
328	246	1105.867294	3.114347899E-04
329	246.75	1106.286098	3.165055208E-04
330	247.5	1106.709766	3.216360769E-04
331	248.25	1107.138348	3.268270996E-04
332	249	1107.571894	3.320792388E-04
333	249.75	1108.010457	3.373931528E-04
334	250.5	1108.454087	3.427695084E-04
335	251.25	1108.902838	3.482089813E-04
336	252	1109.356763	3.537122559E-04
337	252.75	1109.815916	3.592800257E-04
338	253.5	1110.280353	3.649129930E-04
339	254.25	1110.750127	3.706118695E-04
340	255	1111.225295	3.763773762E-04
341	255.75	1111.705915	3.822102435E-04
342	256.5	1112.192043	3.881112113E-04
343	257.25	1112.683737	3.940810293E-04
344	258	1113.181056	4.001204571E-04
345	258.75	1113.684061	4.062302640E-04
346	259.5	1114.19281	4.124112298E-04
347	260.25	1114.707365	4.186641443E-04
348	261	1115.227789	4.249898076E-04
349	261.75	1115.754142	4.313890306E-04
350	262.5	1116.28649	4.378626347E-04
351	263.25	1116.824894	4.444114523E-04
352	264	1117.369422	4.510363267E-04
353	264.75	1117.920138	4.577381122E-04
354	265.5	1118.477108	4.645176747E-04
355	266.25	1119.0404	4.713758915E-04
356	267	1119.610082	4.783136512E-04
357	267.75	1120.186223	4.853318548E-04
358	268.5	1120.768893	4.924314147E-04
359	269.25	1121.358161	4.996132558E-04
360	270	1121.954101	5.068783152E-04
361	270.75	1122.556784	5.142275426E-04
362	271.5	1123.166282	5.216619002E-04
363	272.25	1123.782672	5.291823633E-04
364	273	1124.406027	5.367899201E-04
365	273.75	1125.036423	5.444855721E-04
366	274.5	1125.673938	5.522703344E-04
367	275.25	1126.318649	5.601452356E-04
368	276	1126.970635	5.681113182E-04
369	276.75	1127.629976	5.761696388E-04
370	277.5	1128.296753	5.843212683E-04
371	278.25	1128.971047	5.925672920E-04
372	279	1129.652942	6.009088102E-04
373	279.75	1130.34252	6.093469377E-04
374	280.5	1131.039868	6.178828050E-04
375	281.25	1131.74507	6.265175576E-04
376	282	1132.458214	6.352523568E-04
377	282.75	1133.179387	6.440883800E-04
378	283.5	1133.90868	6.530268203E-04
379	284.25	1134.646181	6.620688876E-04
380	285	1135.391983	6.712158082E-04
381	285.75	1136.146178	6.804688256E-04
382	286.5	1136.90886	6.898292001E-04
383	287.25	1137.680123	6.992982097E-04
384	288	1138.460063	7.088771502E-04
385	288.75	1139.248778	7.185673351E-04
386	289.5	1140.046366	7.283700967E-04
387	290.25	1140.852926	7.382867853E-04
388	291	1141.66856	7.483187707E-04
389	291.75	1142.49337	7.584674414E-04
390	292.5	1143.327458	7.687342058E-04
391	293.25	1144.17093	7.791204920E-04
392	294	1145.023892	7.896277482E-04
393	294.75	1145.886451	8.002574431E-04
394	295.5	1146.758715	8.110110664E-04
395	296.25	1147.640796	8.218901289E-04
396	297	1148.532804	8.328961630E-04
397	297.75	1149.434852	8.440307227E-04
398	298.5	1150.347054	8.552953848E-04
399	299.25	1151.269527	8.666917482E-04
400	300	1152.202387	8.782214353E-04
── 设定点 1150 °C　夹头 100 °C　段 0「HC1」　T设定 1150 °C　节点 401　段长 300 mm　控温点下标 200（x = 150 mm）　电流 1208.7 A　ΔL_A +0.020317　ΔL_B +0.001224
i	X_mm	TMetal_C	epsDiff
0	0	1183.746978	4.201122598E-04
1	0.75	1183.329934	4.148786640E-04
2	1.5	1182.917347	4.097020395E-04
3	2.25	1182.509167	4.045817534E-04
4	3	1182.105348	3.995171801E-04
5	3.75	1181.705844	3.945077019E-04
6	4.5	1181.310608	3.895527085E-04
7	5.25	1180.919595	3.846515967E-04
8	6	1180.532759	3.798037708E-04
9	6.75	1180.150057	3.750086422E-04
10	7.5	1179.771443	3.702656294E-04
11	8.25	1179.396875	3.655741577E-04
12	9	1179.026309	3.609336597E-04
13	9.75	1178.659703	3.563435743E-04
14	10.5	1178.297015	3.518033474E-04
15	11.25	1177.938203	3.473124314E-04
16	12	1177.583226	3.428702854E-04
17	12.75	1177.232043	3.384763747E-04
18	13.5	1176.884614	3.341301712E-04
19	14.25	1176.540899	3.298311529E-04
20	15	1176.200859	3.255788040E-04
21	15.75	1175.864455	3.213726151E-04
22	16.5	1175.531649	3.172120825E-04
23	17.25	1175.202402	3.130967086E-04
24	18	1174.876676	3.090260017E-04
25	18.75	1174.554436	3.049994760E-04
26	19.5	1174.235643	3.010166512E-04
27	20.25	1173.920262	2.970770529E-04
28	21	1173.608257	2.931802123E-04
29	21.75	1173.299591	2.893256659E-04
30	22.5	1172.994231	2.855129558E-04
31	23.25	1172.69214	2.817416295E-04
32	24	1172.393285	2.780112399E-04
33	24.75	1172.097632	2.743213449E-04
34	25.5	1171.805147	2.706715079E-04
35	26.25	1171.515798	2.670612971E-04
36	27	1171.22955	2.634902860E-04
37	27.75	1170.946371	2.599580530E-04
38	28.5	1170.66623	2.564641815E-04
39	29.25	1170.389095	2.530082597E-04
40	30	1170.114934	2.495898806E-04
41	30.75	1169.843716	2.462086420E-04
42	31.5	1169.575411	2.428641464E-04
43	32.25	1169.309988	2.395560009E-04
44	33	1169.047417	2.362838173E-04
45	33.75	1168.787668	2.330472117E-04
46	34.5	1168.530712	2.298458049E-04
47	35.25	1168.27652	2.266792220E-04
48	36	1168.025063	2.235470925E-04
49	36.75	1167.776313	2.204490501E-04
50	37.5	1167.530242	2.173847329E-04
51	38.25	1167.286821	2.143537831E-04
52	39	1167.046024	2.113558473E-04
53	39.75	1166.807824	2.083905758E-04
54	40.5	1166.572193	2.054576232E-04
55	41.25	1166.339105	2.025566482E-04
56	42	1166.108533	1.996873133E-04
57	42.75	1165.880452	1.968492849E-04
58	43.5	1165.654837	1.940422333E-04
59	44.25	1165.43166	1.912658326E-04
60	45	1165.210899	1.885197609E-04
61	45.75	1164.992527	1.858036997E-04
62	46.5	1164.77652	1.831173344E-04
63	47.25	1164.562854	1.804603539E-04
64	48	1164.351505	1.778324508E-04
65	48.75	1164.14245	1.752333213E-04
66	49.5	1163.935664	1.726626649E-04
67	50.25	1163.731124	1.701201849E-04
68	51	1163.528808	1.676055878E-04
69	51.75	1163.328693	1.651185835E-04
70	52.5	1163.130756	1.626588854E-04
71	53.25	1162.934976	1.602262101E-04
72	54	1162.741329	1.578202775E-04
73	54.75	1162.549796	1.554408107E-04
74	55.5	1162.360353	1.530875361E-04
75	56.25	1162.172981	1.507601833E-04
76	57	1161.987657	1.484584848E-04
77	57.75	1161.804362	1.461821765E-04
78	58.5	1161.623075	1.439309971E-04
79	59.25	1161.443775	1.417046885E-04
80	60	1161.266442	1.395029955E-04
81	60.75	1161.091058	1.373256658E-04
82	61.5	1160.917601	1.351724502E-04
83	62.25	1160.746053	1.330431022E-04
84	63	1160.576394	1.309373784E-04
85	63.75	1160.408606	1.288550380E-04
86	64.5	1160.24267	1.267958430E-04
87	65.25	1160.078567	1.247595583E-04
88	66	1159.916279	1.227459515E-04
89	66.75	1159.755789	1.207547928E-04
90	67.5	1159.597077	1.187858552E-04
91	68.25	1159.440127	1.168389142E-04
92	69	1159.28492	1.149137480E-04
93	69.75	1159.13144	1.130101374E-04
94	70.5	1158.97967	1.111278658E-04
95	71.25	1158.829592	1.092667190E-04
96	72	1158.68119	1.074264853E-04
97	72.75	1158.534448	1.056069556E-04
98	73.5	1158.389349	1.038079231E-04
99	74.25	1158.245876	1.020291836E-04
100	75	1158.104015	1.002705351E-04
101	75.75	1157.963749	9.853177805E-05
102	76.5	1157.825062	9.681271529E-05
103	77.25	1157.68794	9.511315192E-05
104	78	1157.552366	9.343289532E-05
105	78.75	1157.418327	9.177175515E-05
106	79.5	1157.285806	9.012954333E-05
107	80.25	1157.15479	8.850607397E-05
108	81	1157.025264	8.690116339E-05
109	81.75	1156.897213	8.531463008E-05
110	82.5	1156.770623	8.374629468E-05
111	83.25	1156.64548	8.219597995E-05
112	84	1156.521771	8.066351075E-05
113	84.75	1156.399481	7.914871402E-05
114	85.5	1156.278597	7.765141878E-05
115	86.25	1156.159105	7.617145606E-05
116	87	1156.040993	7.470865892E-05
117	87.75	1155.924247	7.326286241E-05
118	88.5	1155.808855	7.183390356E-05
119	89.25	1155.694803	7.042162135E-05
120	90	1155.582079	6.902585670E-05
121	90.75	1155.47067	6.764645244E-05
122	91.5	1155.360565	6.628325329E-05
123	92.25	1155.25175	6.493610585E-05
124	93	1155.144214	6.360485858E-05
125	93.75	1155.037945	6.228936177E-05
126	94.5	1154.932932	6.098946753E-05
127	95.25	1154.829162	5.970502978E-05
128	96	1154.726624	5.843590421E-05
129	96.75	1154.625307	5.718194828E-05
130	97.5	1154.525199	5.594302120E-05
131	98.25	1154.42629	5.471898390E-05
132	99	1154.328568	5.350969903E-05
133	99.75	1154.232024	5.231503094E-05
134	100.5	1154.136645	5.113484565E-05
135	101.25	1154.042422	4.996901085E-05
136	102	1153.949344	4.881739586E-05
137	102.75	1153.857401	4.767987165E-05
138	103.5	1153.766582	4.655631080E-05
139	104.25	1153.676879	4.544658747E-05
140	105	1153.58828	4.435057743E-05
141	105.75	1153.500776	4.326815801E-05
142	106.5	1153.414358	4.219920807E-05
143	107.25	1153.329015	4.114360806E-05
144	108	1153.244739	4.010123989E-05
145	108.75	1153.16152	3.907198703E-05
146	109.5	1153.079349	3.805573443E-05
147	110.25	1152.998216	3.705236850E-05
148	111	1152.918114	3.606177715E-05
149	111.75	1152.839033	3.508384974E-05
150	112.5	1152.760964	3.411847704E-05
151	113.25	1152.683899	3.316555128E-05
152	114	1152.607829	3.222496609E-05
153	114.75	1152.532746	3.129661651E-05
154	115.5	1152.458642	3.038039896E-05
155	116.25	1152.385508	2.947621125E-05
156	117	1152.313337	2.858395252E-05
157	117.75	1152.24212	2.770352331E-05
158	118.5	1152.171849	2.683482547E-05
159	119.25	1152.102518	2.597776219E-05
160	120	1152.034118	2.513223796E-05
161	120.75	1151.966641	2.429815860E-05
162	121.5	1151.900081	2.347543120E-05
163	122.25	1151.834429	2.266396415E-05
164	123	1151.76968	2.186366710E-05
165	123.75	1151.705825	2.107445098E-05
166	124.5	1151.642858	2.029622795E-05
167	125.25	1151.580771	1.952891141E-05
168	126	1151.519558	1.877241601E-05
169	126.75	1151.459212	1.802665760E-05
170	127.5	1151.399727	1.729155324E-05
171	128.25	1151.341095	1.656702121E-05
172	129	1151.283311	1.585298095E-05
173	129.75	1151.226368	1.514935311E-05
174	130.5	1151.17026	1.445605949E-05
175	131.25	1151.114981	1.377302305E-05
176	132	1151.060524	1.310016792E-05
177	132.75	1151.006884	1.243741937E-05
178	133.5	1150.954054	1.178470378E-05
179	134.25	1150.90203	1.114194869E-05
180	135	1150.850804	1.050908273E-05
181	135.75	1150.800372	9.886035657E-06
182	136.5	1150.750729	9.272738320E-06
183	137.25	1150.701867	8.669122663E-06
184	138	1150.653783	8.075121713E-06
185	138.75	1150.606471	7.490669572E-06
186	139.5	1150.559926	6.915701415E-06
187	140.25	1150.514142	6.350153473E-06
188	141	1150.469115	5.793963034E-06
189	141.75	1150.424839	5.247068431E-06
190	142.5	1150.381311	4.709409035E-06
191	143.25	1150.338524	4.180925250E-06
192	144	1150.296474	3.661558504E-06
193	144.75	1150.255157	3.151251242E-06
194	145.5	1150.214569	2.649946922E-06
195	146.25	1150.174704	2.157590004E-06
196	147	1150.135558	1.674125949E-06
197	147.75	1150.097127	1.199501206E-06
198	148.5	1150.059408	7.336632114E-07
199	149.25	1150.022394	2.765603802E-07
200	150	1149.986084	-1.718578998E-07
201	150.75	1149.950472	-6.116412738E-07
202	151.5	1149.915554	-1.042838426E-06
203	152.25	1149.881328	-1.465497083E-06
204	153	1149.847789	-1.879664025E-06
205	153.75	1149.814933	-2.285385086E-06
206	154.5	1149.782757	-2.682705159E-06
207	155.25	1149.751257	-3.071668205E-06
208	156	1149.72043	-3.452317256E-06
209	156.75	1149.690273	-3.824694422E-06
210	157.5	1149.660782	-4.188840890E-06
211	158.25	1149.631953	-4.544796936E-06
212	159	1149.603785	-4.892601927E-06
213	159.75	1149.576273	-5.232294323E-06
214	160.5	1149.549415	-5.563911685E-06
215	161.25	1149.523207	-5.887490680E-06
216	162	1149.497648	-6.203067079E-06
217	162.75	1149.472733	-6.510675769E-06
218	163.5	1149.448461	-6.810350753E-06
219	164.25	1149.424828	-7.102125154E-06
220	165	1149.401833	-7.386031220E-06
221	165.75	1149.379472	-7.662100326E-06
222	166.5	1149.357743	-7.930362980E-06
223	167.25	1149.336643	-8.190848825E-06
224	168	1149.316171	-8.443586642E-06
225	168.75	1149.296325	-8.688604357E-06
226	169.5	1149.277101	-8.925929037E-06
227	170.25	1149.258498	-9.155586901E-06
228	171	1149.240514	-9.377603319E-06
229	171.75	1149.223147	-9.592002814E-06
230	172.5	1149.206395	-9.798809067E-06
231	173.25	1149.190255	-9.998044921E-06
232	174	1149.174728	-1.018973238E-05
233	174.75	1149.159809	-1.037389261E-05
234	175.5	1149.145499	-1.055054595E-05
235	176.25	1149.131796	-1.071971192E-05
236	177	1149.118697	-1.088140918E-05
237	177.75	1149.106202	-1.103565559E-05
238	178.5	1149.094308	-1.118246819E-05
239	179.25	1149.083016	-1.132186318E-05
240	180	1149.072323	-1.145385596E-05
241	180.75	1149.062229	-1.157846109E-05
242	181.5	1149.052732	-1.169569233E-05
243	182.25	1149.043831	-1.180556263E-05
244	183	1149.035526	-1.190808411E-05
245	183.75	1149.027815	-1.200326810E-05
246	184.5	1149.020698	-1.209112509E-05
247	185.25	1149.014173	-1.217166479E-05
248	186	1149.00824	-1.224489608E-05
249	186.75	1149.002899	-1.231082705E-05
250	187.5	1148.998149	-1.236946499E-05
251	188.25	1148.993988	-1.242081635E-05
252	189	1148.990418	-1.246488680E-05
253	189.75	1148.987437	-1.250168122E-05
254	190.5	1148.985046	-1.253120367E-05
255	191.25	1148.983243	-1.255345739E-05
256	192	1148.982029	-1.256844485E-05
257	192.75	1148.981403	-1.257616770E-05
258	193.5	1148.981366	-1.257662680E-05
259	194.25	1148.981917	-1.256982219E-05
260	195	1148.983057	-1.255575313E-05
261	195.75	1148.984785	-1.253441805E-05
262	196.5	1148.987102	-1.250581461E-05
263	197.25	1148.990009	-1.246993966E-05
264	198	1148.993505	-1.242678922E-05
265	198.75	1148.99759	-1.237635853E-05
266	199.5	1149.002266	-1.231864204E-05
267	200.25	1149.007532	-1.225363337E-05
268	201	1149.01339	-1.218132534E-05
269	201.75	1149.01984	-1.210170997E-05
270	202.5	1149.026883	-1.201477848E-05
271	203.25	1149.034518	-1.192052127E-05
272	204	1149.042749	-1.181892793E-05
273	204.75	1149.051574	-1.170998725E-05
274	205.5	1149.060996	-1.159368720E-05
275	206.25	1149.071014	-1.147001495E-05
276	207	1149.081631	-1.133895683E-05
277	207.75	1149.092848	-1.120049839E-05
278	208.5	1149.104665	-1.105462433E-05
279	209.25	1149.117084	-1.090131855E-05
280	210	1149.130106	-1.074056413E-05
281	210.75	1149.143734	-1.057234330E-05
282	211.5	1149.157967	-1.039663750E-05
283	212.25	1149.172808	-1.021342732E-05
284	213	1149.188259	-1.002269253E-05
285	213.75	1149.204321	-9.824412071E-06
286	214.5	1149.220995	-9.618564038E-06
287	215.25	1149.238285	-9.405125697E-06
288	216	1149.256191	-9.184073474E-06
289	216.75	1149.274715	-8.955382950E-06
290	217.5	1149.29386	-8.719028865E-06
291	218.25	1149.313628	-8.474985106E-06
292	219	1149.334021	-8.223224713E-06
293	219.75	1149.355041	-7.963719870E-06
294	220.5	1149.37669	-7.696441904E-06
295	221.25	1149.398971	-7.421361281E-06
296	222	1149.421886	-7.138447602E-06
297	222.75	1149.445438	-6.847669602E-06
298	223.5	1149.469629	-6.548995144E-06
299	224.25	1149.494463	-6.242391215E-06
300	225	1149.519941	-5.927823924E-06
301	225.75	1149.546066	-5.605258497E-06
302	226.5	1149.572842	-5.274659273E-06
303	227.25	1149.600271	-4.935989700E-06
304	228	1149.628356	-4.589212330E-06
305	228.75	1149.657101	-4.234288816E-06
306	229.5	1149.686508	-3.871179906E-06
307	230.25	1149.716581	-3.499845441E-06
308	231	1149.747323	-3.120244347E-06
309	231.75	1149.778738	-2.732334633E-06
310	232.5	1149.810828	-2.336073382E-06
311	233.25	1149.843598	-1.931416753E-06
312	234	1149.87705	-1.518319968E-06
313	234.75	1149.91119	-1.096737314E-06
314	235.5	1149.94602	-6.666221317E-07
315	236.25	1149.981544	-2.279268130E-07
316	237	1150.017766	2.193972048E-07
317	237.75	1150.05469	6.753994447E-07
318	238.5	1150.09232	1.140130396E-06
319	239.25	1150.130661	1.613641522E-06
320	240	1150.169716	2.095985261E-06
321	240.75	1150.20949	2.587215038E-06
322	241.5	1150.249986	3.087385268E-06
323	242.25	1150.291211	3.596551364E-06
324	243	1150.333168	4.114769741E-06
325	243.75	1150.375861	4.642097826E-06
326	244.5	1150.419296	5.178594061E-06
327	245.25	1150.463477	5.724317912E-06
328	246	1150.508409	6.279329878E-06
329	246.75	1150.554096	6.843691494E-06
330	247.5	1150.600545	7.417465340E-06
331	248.25	1150.64776	8.000715050E-06
332	249	1150.695746	8.593505316E-06
333	249.75	1150.744509	9.195901900E-06
334	250.5	1150.794054	9.807971637E-06
335	251.25	1150.844385	1.042978245E-05
336	252	1150.89551	1.106140334E-05
337	252.75	1150.947433	1.170290443E-05
338	253.5	1151.000161	1.235435693E-05
339	254.25	1151.053698	1.301583317E-05
340	255	1151.108052	1.368740662E-05
341	255.75	1151.163227	1.436915187E-05
342	256.5	1151.21923	1.506114465E-05
343	257.25	1151.276067	1.576346185E-05
344	258	1151.333744	1.647618151E-05
345	258.75	1151.392268	1.719938285E-05
346	259.5	1151.451645	1.793314627E-05
347	260.25	1151.511882	1.867755334E-05
348	261	1151.572985	1.943268686E-05
349	261.75	1151.634961	2.019863080E-05
350	262.5	1151.697816	2.097547039E-05
351	263.25	1151.761559	2.176329205E-05
352	264	1151.826195	2.256218345E-05
353	264.75	1151.891732	2.337223354E-05
354	265.5	1151.958177	2.419353248E-05
355	266.25	1152.025537	2.502617174E-05
356	267	1152.09382	2.587024404E-05
357	267.75	1152.163033	2.672584343E-05
358	268.5	1152.233185	2.759306522E-05
359	269.25	1152.304281	2.847200607E-05
360	270	1152.376332	2.936276396E-05
361	270.75	1152.449344	3.026543819E-05
362	271.5	1152.523325	3.118012943E-05
363	272.25	1152.598283	3.210693970E-05
364	273	1152.674228	3.304597242E-05
365	273.75	1152.751167	3.399733236E-05
366	274.5	1152.829108	3.496112571E-05
367	275.25	1152.908061	3.593746008E-05
368	276	1152.988034	3.692644450E-05
369	276.75	1153.069036	3.792818942E-05
370	277.5	1153.151075	3.894280678E-05
371	278.25	1153.234161	3.997040995E-05
372	279	1153.318303	4.101111380E-05
373	279.75	1153.40351	4.206503469E-05
374	280.5	1153.489792	4.313229049E-05
375	281.25	1153.577158	4.421300057E-05
376	282	1153.665618	4.530728588E-05
377	282.75	1153.755182	4.641526887E-05
378	283.5	1153.845859	4.753707361E-05
379	284.25	1153.937659	4.867282570E-05
380	285	1154.030593	4.982265238E-05
381	285.75	1154.124671	5.098668247E-05
382	286.5	1154.219903	5.216504644E-05
383	287.25	1154.316299	5.335787639E-05
384	288	1154.413872	5.456530609E-05
385	288.75	1154.51263	5.578747098E-05
386	289.5	1154.612585	5.702450820E-05
387	290.25	1154.713749	5.827655659E-05
388	291	1154.816132	5.954375673E-05
389	291.75	1154.919746	6.082625093E-05
390	292.5	1155.024602	6.212418328E-05
391	293.25	1155.130711	6.343769963E-05
392	294	1155.238086	6.476694766E-05
393	294.75	1155.346738	6.611207682E-05
394	295.5	1155.45668	6.747323844E-05
395	296.25	1155.567923	6.885058568E-05
396	297	1155.68048	7.024427357E-05
397	297.75	1155.794364	7.165445904E-05
398	298.5	1155.909586	7.308130094E-05
399	299.25	1156.02616	7.452496004E-05
400	300	1156.144099	7.598559906E-05
── 设定点 1150 °C　夹头 100 °C　段 1「HC2」　T设定 1150 °C　节点 401　段长 300 mm　控温点下标 200（x = 150 mm）　电流 1204.7 A　ΔL_A -0.001349　ΔL_B +0.041788
i	X_mm	TMetal_C	epsDiff
0	0	1156.122208	7.571447960E-05
1	0.75	1155.96026	7.370883981E-05
2	1.5	1155.800269	7.172758765E-05
3	2.25	1155.642218	6.977049751E-05
4	3	1155.486088	6.783734663E-05
5	3.75	1155.331863	6.592791509E-05
6	4.5	1155.179525	6.404198578E-05
7	5.25	1155.029058	6.217934434E-05
8	6	1154.880444	6.033977916E-05
9	6.75	1154.733667	5.852308134E-05
10	7.5	1154.588712	5.672904469E-05
11	8.25	1154.445561	5.495746565E-05
12	9	1154.304199	5.320814333E-05
13	9.75	1154.164611	5.148087941E-05
14	10.5	1154.02678	4.977547818E-05
15	11.25	1153.890692	4.809174649E-05
16	12	1153.756332	4.642949371E-05
17	12.75	1153.623684	4.478853171E-05
18	13.5	1153.492734	4.316867486E-05
19	14.25	1153.363467	4.156974000E-05
20	15	1153.23587	3.999154637E-05
21	15.75	1153.109928	3.843391566E-05
22	16.5	1152.985627	3.689667193E-05
23	17.25	1152.862953	3.537964162E-05
24	18	1152.741893	3.388265351E-05
25	18.75	1152.622433	3.240553869E-05
26	19.5	1152.504561	3.094813057E-05
27	20.25	1152.388262	2.951026485E-05
28	21	1152.273526	2.809177946E-05
29	21.75	1152.160337	2.669251460E-05
30	22.5	1152.048685	2.531231268E-05
31	23.25	1151.938557	2.395101828E-05
32	24	1151.82994	2.260847822E-05
33	24.75	1151.722823	2.128454142E-05
34	25.5	1151.617194	1.997905897E-05
35	26.25	1151.513041	1.869188409E-05
36	27	1151.410353	1.742287209E-05
37	27.75	1151.309118	1.617188038E-05
38	28.5	1151.209326	1.493876841E-05
39	29.25	1151.110964	1.372339770E-05
40	30	1151.014023	1.252563181E-05
41	30.75	1150.918492	1.134533631E-05
42	31.5	1150.82436	1.018237876E-05
43	32.25	1150.731616	9.036628711E-06
44	33	1150.640251	7.907957676E-06
45	33.75	1150.550255	6.796239122E-06
46	34.5	1150.461617	5.701348448E-06
47	35.25	1150.374328	4.623162974E-06
48	36	1150.288378	3.561561922E-06
49	36.75	1150.203758	2.516426404E-06
50	37.5	1150.120458	1.487639404E-06
51	38.25	1150.03847	4.750857674E-07
52	39	1149.957783	-5.213478156E-07
53	39.75	1149.87839	-1.501772824E-06
54	40.5	1149.800282	-2.466298920E-06
55	41.25	1149.72345	-3.415033961E-06
56	42	1149.647885	-4.348084013E-06
57	42.75	1149.573579	-5.265553368E-06
58	43.5	1149.500525	-6.167544549E-06
59	44.25	1149.428713	-7.054158331E-06
60	45	1149.358137	-7.925493746E-06
61	45.75	1149.288788	-8.781648102E-06
62	46.5	1149.220659	-9.622716989E-06
63	47.25	1149.153742	-1.044879429E-05
64	48	1149.08803	-1.125997221E-05
65	48.75	1149.023515	-1.205634126E-05
66	49.5	1148.960192	-1.283799027E-05
67	50.25	1148.898052	-1.360500644E-05
68	51	1148.837088	-1.435747531E-05
69	51.75	1148.777295	-1.509548077E-05
70	52.5	1148.718665	-1.581910509E-05
71	53.25	1148.661193	-1.652842893E-05
72	54	1148.604871	-1.722353134E-05
73	54.75	1148.549694	-1.790448976E-05
74	55.5	1148.495655	-1.857138005E-05
75	56.25	1148.442749	-1.922427650E-05
76	57	1148.39097	-1.986325180E-05
77	57.75	1148.340312	-2.048837712E-05
78	58.5	1148.290769	-2.109972205E-05
79	59.25	1148.242337	-2.169735463E-05
80	60	1148.19501	-2.228134139E-05
81	60.75	1148.148782	-2.285174730E-05
82	61.5	1148.103648	-2.340863585E-05
83	62.25	1148.059604	-2.395206897E-05
84	63	1148.016645	-2.448210712E-05
85	63.75	1147.974766	-2.499880926E-05
86	64.5	1147.933963	-2.550223283E-05
87	65.25	1147.89423	-2.599243382E-05
88	66	1147.855564	-2.646946674E-05
89	66.75	1147.817961	-2.693338460E-05
90	67.5	1147.781415	-2.738423897E-05
91	68.25	1147.745924	-2.782207998E-05
92	69	1147.711483	-2.824695626E-05
93	69.75	1147.678089	-2.865891503E-05
94	70.5	1147.645738	-2.905800207E-05
95	71.25	1147.614426	-2.944426170E-05
96	72	1147.58415	-2.981773685E-05
97	72.75	1147.554907	-3.017846898E-05
98	73.5	1147.526693	-3.052649817E-05
99	74.25	1147.499505	-3.086186307E-05
100	75	1147.473341	-3.118460091E-05
101	75.75	1147.448197	-3.149474754E-05
102	76.5	1147.424071	-3.179233738E-05
103	77.25	1147.40096	-3.207740348E-05
104	78	1147.378861	-3.234997748E-05
105	78.75	1147.357773	-3.261008964E-05
106	79.5	1147.337692	-3.285776883E-05
107	80.25	1147.318618	-3.309304254E-05
108	81	1147.300546	-3.331593688E-05
109	81.75	1147.283476	-3.352647659E-05
110	82.5	1147.267406	-3.372468503E-05
111	83.25	1147.252333	-3.391058420E-05
112	84	1147.238257	-3.408419472E-05
113	84.75	1147.225176	-3.424553586E-05
114	85.5	1147.213088	-3.439462552E-05
115	86.25	1147.201991	-3.453148024E-05
116	87	1147.191886	-3.465611520E-05
117	87.75	1147.18277	-3.476854423E-05
118	88.5	1147.174643	-3.486877980E-05
119	89.25	1147.167503	-3.495683304E-05
120	90	1147.161351	-3.503271370E-05
121	90.75	1147.156185	-3.509643022E-05
122	91.5	1147.152004	-3.514798964E-05
123	92.25	1147.148809	-3.518739770E-05
124	93	1147.146598	-3.521465877E-05
125	93.75	1147.145373	-3.522977587E-05
126	94.5	1147.145131	-3.523275067E-05
127	95.25	1147.145875	-3.522358351E-05
128	96	1147.147603	-3.520227337E-05
129	96.75	1147.150315	-3.516881788E-05
130	97.5	1147.154013	-3.512321334E-05
131	98.25	1147.158696	-3.506545469E-05
132	99	1147.164365	-3.499553551E-05
133	99.75	1147.171021	-3.491344806E-05
134	100.5	1147.178664	-3.481918322E-05
135	101.25	1147.187296	-3.471273055E-05
136	102	1147.196916	-3.459407822E-05
137	102.75	1147.207527	-3.446321309E-05
138	103.5	1147.219129	-3.432012062E-05
139	104.25	1147.231723	-3.416478494E-05
140	105	1147.245312	-3.399718883E-05
141	105.75	1147.259896	-3.381731367E-05
142	106.5	1147.275477	-3.362513953E-05
143	107.25	1147.292057	-3.342064506E-05
144	108	1147.309637	-3.320380758E-05
145	108.75	1147.32822	-3.297460303E-05
146	109.5	1147.347808	-3.273300596E-05
147	110.25	1147.368402	-3.247898957E-05
148	111	1147.390005	-3.221252565E-05
149	111.75	1147.41262	-3.193358464E-05
150	112.5	1147.436248	-3.164213556E-05
151	113.25	1147.460893	-3.133814606E-05
152	114	1147.486557	-3.102158240E-05
153	114.75	1147.513243	-3.069240941E-05
154	115.5	1147.540953	-3.035059056E-05
155	116.25	1147.569692	-2.999608787E-05
156	117	1147.599461	-2.962886199E-05
157	117.75	1147.630265	-2.924887212E-05
158	118.5	1147.662107	-2.885607605E-05
159	119.25	1147.694989	-2.845043014E-05
160	120	1147.728917	-2.803188934E-05
161	120.75	1147.763893	-2.760040714E-05
162	121.5	1147.799921	-2.715593558E-05
163	122.25	1147.837006	-2.669842527E-05
164	123	1147.875151	-2.622782536E-05
165	123.75	1147.91436	-2.574408354E-05
166	124.5	1147.954638	-2.524714602E-05
167	125.25	1147.99599	-2.473695757E-05
168	126	1148.038419	-2.421346143E-05
169	126.75	1148.081931	-2.367659940E-05
170	127.5	1148.126529	-2.312631175E-05
171	128.25	1148.17222	-2.256253728E-05
172	129	1148.219009	-2.198521326E-05
173	129.75	1148.266899	-2.139427544E-05
174	130.5	1148.315897	-2.078965807E-05
175	131.25	1148.366008	-2.017129384E-05
176	132	1148.417237	-1.953911392E-05
177	132.75	1148.46959	-1.889304792E-05
178	133.5	1148.523073	-1.823302389E-05
179	134.25	1148.577691	-1.755896834E-05
180	135	1148.633451	-1.687080616E-05
181	135.75	1148.690359	-1.616846070E-05
182	136.5	1148.748421	-1.545185370E-05
183	137.25	1148.807643	-1.472090528E-05
184	138	1148.868032	-1.397553396E-05
185	138.75	1148.929595	-1.321565666E-05
186	139.5	1148.992338	-1.244118863E-05
187	140.25	1149.056268	-1.165204350E-05
188	141	1149.121392	-1.084813324E-05
189	141.75	1149.187718	-1.002936816E-05
190	142.5	1149.255252	-9.195656881E-06
191	143.25	1149.324003	-8.346906350E-06
192	144	1149.393977	-7.483021813E-06
193	144.75	1149.465182	-6.603906806E-06
194	145.5	1149.537626	-5.709463143E-06
195	146.25	1149.611318	-4.799590904E-06
196	147	1149.686265	-3.874188425E-06
197	147.75	1149.762475	-2.933152282E-06
198	148.5	1149.839957	-1.976377281E-06
199	149.25	1149.918719	-1.003756442E-06
200	150	1149.998771	-1.518099032E-08
201	150.75	1150.08012	9.894596615E-07
202	151.5	1150.162776	2.010277924E-06
203	152.25	1150.246748	3.047388048E-06
204	153	1150.332045	4.100906133E-06
205	153.75	1150.418677	5.170950149E-06
206	154.5	1150.506653	6.257639946E-06
207	155.25	1150.595982	7.361097270E-06
208	156	1150.686675	8.481445779E-06
209	156.75	1150.778742	9.618811059E-06
210	157.5	1150.872192	1.077332063E-05
211	158.25	1150.967037	1.194510399E-05
212	159	1151.063286	1.313429259E-05
213	159.75	1151.16095	1.434101989E-05
214	160.5	1151.26004	1.556542134E-05
215	161.25	1151.360567	1.680763442E-05
216	162	1151.462541	1.806779867E-05
217	162.75	1151.565975	1.934605566E-05
218	163.5	1151.670879	2.064254905E-05
219	164.25	1151.777266	2.195742461E-05
220	165	1151.885146	2.329083021E-05
221	165.75	1151.994532	2.464291584E-05
222	166.5	1152.105436	2.601383366E-05
223	167.25	1152.21787	2.740373799E-05
224	168	1152.331846	2.881278535E-05
225	168.75	1152.447378	3.024113446E-05
226	169.5	1152.564477	3.168894628E-05
227	170.25	1152.683157	3.315638400E-05
228	171	1152.803432	3.464361310E-05
229	171.75	1152.925313	3.615080134E-05
230	172.5	1153.048815	3.767811881E-05
231	173.25	1153.173951	3.922573792E-05
232	174	1153.300736	4.079383344E-05
233	174.75	1153.429183	4.238258252E-05
234	175.5	1153.559306	4.399216471E-05
235	176.25	1153.69112	4.562276199E-05
236	177	1153.82464	4.727455879E-05
237	177.75	1153.959879	4.894774200E-05
238	178.5	1154.096854	5.064250102E-05
239	179.25	1154.235579	5.235902777E-05
240	180	1154.37607	5.409751670E-05
241	180.75	1154.518342	5.585816485E-05
242	181.5	1154.662412	5.764117184E-05
243	182.25	1154.808294	5.944673993E-05
244	183	1154.956005	6.127507401E-05
245	183.75	1155.105562	6.312638165E-05
246	184.5	1155.256982	6.500087313E-05
247	185.25	1155.41028	6.689876145E-05
248	186	1155.565474	6.882026238E-05
249	186.75	1155.722582	7.076559445E-05
250	187.5	1155.88162	7.273497904E-05
251	188.25	1156.042607	7.472864035E-05
252	189	1156.205559	7.674680545E-05
253	189.75	1156.370497	7.878970432E-05
254	190.5	1156.537436	8.085756989E-05
255	191.25	1156.706398	8.295063802E-05
256	192	1156.877399	8.506914758E-05
257	192.75	1157.050459	8.721334049E-05
258	193.5	1157.225597	8.938346168E-05
259	194.25	1157.402834	9.157975923E-05
260	195	1157.582188	9.380248429E-05
261	195.75	1157.763679	9.605189121E-05
262	196.5	1157.947328	9.832823751E-05
263	197.25	1158.133156	1.006317839E-04
264	198	1158.321182	1.029627945E-04
265	198.75	1158.511429	1.053215366E-04
266	199.5	1158.703916	1.077082807E-04
267	200.25	1158.898666	1.101233010E-04
268	201	1159.0957	1.125668748E-04
269	201.75	1159.295041	1.150392830E-04
270	202.5	1159.49671	1.175408100E-04
271	203.25	1159.700731	1.200717436E-04
272	204	1159.907125	1.226323753E-04
273	204.75	1160.115917	1.252230001E-04
274	205.5	1160.327128	1.278439167E-04
275	206.25	1160.540784	1.304954275E-04
276	207	1160.756908	1.331778385E-04
277	207.75	1160.975524	1.358914596E-04
278	208.5	1161.196656	1.386366045E-04
279	209.25	1161.42033	1.414135906E-04
280	210	1161.64657	1.442227394E-04
281	210.75	1161.875401	1.470643763E-04
282	211.5	1162.106851	1.499388305E-04
283	212.25	1162.340943	1.528464355E-04
284	213	1162.577706	1.557875287E-04
285	213.75	1162.817164	1.587624517E-04
286	214.5	1163.059346	1.617715502E-04
287	215.25	1163.304278	1.648151743E-04
288	216	1163.551988	1.678936782E-04
289	216.75	1163.802503	1.710074205E-04
290	217.5	1164.055853	1.741567641E-04
291	218.25	1164.312065	1.773420764E-04
292	219	1164.571168	1.805637293E-04
293	219.75	1164.833191	1.838220992E-04
294	220.5	1165.098165	1.871175671E-04
295	221.25	1165.366118	1.904505186E-04
296	222	1165.637082	1.938213441E-04
297	222.75	1165.911086	1.972304385E-04
298	223.5	1166.188161	2.006782018E-04
299	224.25	1166.468339	2.041650388E-04
300	225	1166.751652	2.076913592E-04
301	225.75	1167.038131	2.112575776E-04
302	226.5	1167.327809	2.148641137E-04
303	227.25	1167.620718	2.185113925E-04
304	228	1167.916893	2.221998439E-04
305	228.75	1168.216365	2.259299032E-04
306	229.5	1168.51917	2.297020109E-04
307	230.25	1168.825341	2.335166130E-04
308	231	1169.134913	2.373741608E-04
309	231.75	1169.447922	2.412751112E-04
310	232.5	1169.764402	2.452199267E-04
311	233.25	1170.084391	2.492090752E-04
312	234	1170.407923	2.532430307E-04
313	234.75	1170.735036	2.573222726E-04
314	235.5	1171.065768	2.614472864E-04
315	236.25	1171.400155	2.656185635E-04
316	237	1171.738235	2.698366012E-04
317	237.75	1172.080048	2.741019029E-04
318	238.5	1172.425632	2.784149784E-04
319	239.25	1172.775027	2.827763433E-04
320	240	1173.128272	2.871865200E-04
321	240.75	1173.485408	2.916460369E-04
322	241.5	1173.846475	2.961554290E-04
323	242.25	1174.211516	3.007152381E-04
324	243	1174.58057	3.053260124E-04
325	243.75	1174.953682	3.099883068E-04
326	244.5	1175.330893	3.147026833E-04
327	245.25	1175.712246	3.194697104E-04
328	246	1176.097786	3.242899641E-04
329	246.75	1176.487556	3.291640271E-04
330	247.5	1176.881601	3.340924894E-04
331	248.25	1177.279967	3.390759484E-04
332	249	1177.682699	3.441150087E-04
333	249.75	1178.089844	3.492102826E-04
334	250.5	1178.501448	3.543623898E-04
335	251.25	1178.917558	3.595719577E-04
336	252	1179.338223	3.648396216E-04
337	252.75	1179.763491	3.701660246E-04
338	253.5	1180.193411	3.755518177E-04
339	254.25	1180.628033	3.809976603E-04
340	255	1181.067407	3.865042196E-04
341	255.75	1181.511583	3.920721715E-04
342	256.5	1181.960613	3.977022001E-04
343	257.25	1182.41455	4.033949981E-04
344	258	1182.873444	4.091512670E-04
345	258.75	1183.33735	4.149717170E-04
346	259.5	1183.806322	4.208570671E-04
347	260.25	1184.280413	4.268080455E-04
348	261	1184.759679	4.328253894E-04
349	261.75	1185.244175	4.389098455E-04
350	262.5	1185.733959	4.450621697E-04
351	263.25	1186.229086	4.512831275E-04
352	264	1186.729614	4.575734942E-04
353	264.75	1187.235603	4.639340548E-04
354	265.5	1187.74711	4.703656043E-04
355	266.25	1188.264195	4.768689478E-04
356	267	1188.786919	4.834449005E-04
357	267.75	1189.315344	4.900942882E-04
358	268.5	1189.84953	4.968179471E-04
359	269.25	1190.38954	5.036167242E-04
360	270	1190.935438	5.104914771E-04
361	270.75	1191.487287	5.174430746E-04
362	271.5	1192.045153	5.244723966E-04
363	272.25	1192.6091	5.315803343E-04
364	273	1193.179196	5.387677905E-04
365	273.75	1193.755507	5.460356793E-04
366	274.5	1194.338101	5.533849271E-04
367	275.25	1194.927047	5.608164718E-04
368	276	1195.522414	5.683312638E-04
369	276.75	1196.124272	5.759302657E-04
370	277.5	1196.732693	5.836144527E-04
371	278.25	1197.347749	5.913848127E-04
372	279	1197.969512	5.992423464E-04
373	279.75	1198.598057	6.071880677E-04
374	280.5	1199.233457	6.152230038E-04
375	281.25	1199.875788	6.233481954E-04
376	282	1200.525126	6.315646967E-04
377	282.75	1201.181549	6.398735760E-04
378	283.5	1201.845136	6.482759157E-04
379	284.25	1202.515963	6.567728126E-04
380	285	1203.194113	6.653653777E-04
381	285.75	1203.879666	6.740547372E-04
382	286.5	1204.572704	6.828420321E-04
383	287.25	1205.27331	6.917284185E-04
384	288	1205.981567	7.007150683E-04
385	288.75	1206.697561	7.098031688E-04
386	289.5	1207.421378	7.189939234E-04
387	290.25	1208.153104	7.282885516E-04
388	291	1208.892828	7.376882895E-04
389	291.75	1209.640639	7.471943899E-04
390	292.5	1210.396626	7.568081225E-04
391	293.25	1211.160882	7.665307742E-04
392	294	1211.933498	7.763636495E-04
393	294.75	1212.714568	7.863080708E-04
394	295.5	1213.504187	7.963653784E-04
395	296.25	1214.30245	8.065369312E-04
396	297	1215.109454	8.168241065E-04
397	297.75	1215.925297	8.272283009E-04
398	298.5	1216.750079	8.377509302E-04
399	299.25	1217.5839	8.483934295E-04
400	300	1218.426861	8.591572543E-04
── 设定点 1150 °C　夹头 450 °C　段 0「HC1」　T设定 1150 °C　节点 401　段长 300 mm　控温点下标 200（x = 150 mm）　电流 1206.3 A　ΔL_A +0.018494　ΔL_B +0.014605
i	X_mm	TMetal_C	epsDiff
0	0	1183.380296	4.155106057E-04
1	0.75	1182.939984	4.099860306E-04
2	1.5	1182.504456	4.045226678E-04
3	2.25	1182.073664	3.991198457E-04
4	3	1181.647557	3.937769011E-04
5	3.75	1181.226085	3.884931789E-04
6	4.5	1180.8092	3.832680323E-04
7	5.25	1180.396854	3.781008221E-04
8	6	1179.988999	3.729909174E-04
9	6.75	1179.585589	3.679376947E-04
10	7.5	1179.186576	3.629405384E-04
11	8.25	1178.791915	3.579988403E-04
12	9	1178.401561	3.531119998E-04
13	9.75	1178.015468	3.482794236E-04
14	10.5	1177.633593	3.435005255E-04
15	11.25	1177.25589	3.387747269E-04
16	12	1176.882318	3.341014559E-04
17	12.75	1176.512833	3.294801478E-04
18	13.5	1176.147393	3.249102446E-04
19	14.25	1175.785955	3.203911952E-04
20	15	1175.428479	3.159224555E-04
21	15.75	1175.074923	3.115034875E-04
22	16.5	1174.725248	3.071337603E-04
23	17.25	1174.379412	3.028127491E-04
24	18	1174.037378	2.985399356E-04
25	18.75	1173.699104	2.943148079E-04
26	19.5	1173.364554	2.901368602E-04
27	20.25	1173.033688	2.860055929E-04
28	21	1172.70647	2.819205124E-04
29	21.75	1172.382861	2.778811314E-04
30	22.5	1172.062825	2.738869681E-04
31	23.25	1171.746325	2.699375468E-04
32	24	1171.433326	2.660323975E-04
33	24.75	1171.123792	2.621710560E-04
34	25.5	1170.817687	2.583530636E-04
35	26.25	1170.514977	2.545779673E-04
36	27	1170.215627	2.508453195E-04
37	27.75	1169.919604	2.471546781E-04
38	28.5	1169.626874	2.435056063E-04
39	29.25	1169.337403	2.398976727E-04
40	30	1169.051159	2.363304509E-04
41	30.75	1168.768109	2.328035200E-04
42	31.5	1168.488222	2.293164640E-04
43	32.25	1168.211465	2.258688720E-04
44	33	1167.937808	2.224603381E-04
45	33.75	1167.667219	2.190904614E-04
46	34.5	1167.399668	2.157588456E-04
47	35.25	1167.135124	2.124650996E-04
48	36	1166.873558	2.092088368E-04
49	36.75	1166.614939	2.059896752E-04
50	37.5	1166.35924	2.028072379E-04
51	38.25	1166.106431	1.996611521E-04
52	39	1165.856483	1.965510498E-04
53	39.75	1165.609368	1.934765674E-04
54	40.5	1165.365059	1.904373457E-04
55	41.25	1165.123528	1.874330300E-04
56	42	1164.884748	1.844632699E-04
57	42.75	1164.648691	1.815277191E-04
58	43.5	1164.415332	1.786260358E-04
59	44.25	1164.184643	1.757578823E-04
60	45	1163.9566	1.729229248E-04
61	45.75	1163.731176	1.701208339E-04
62	46.5	1163.508346	1.673512842E-04
63	47.25	1163.288086	1.646139540E-04
64	48	1163.070369	1.619085259E-04
65	48.75	1162.855173	1.592346863E-04
66	49.5	1162.642472	1.565921254E-04
67	50.25	1162.432243	1.539805373E-04
68	51	1162.224463	1.513996197E-04
69	51.75	1162.019107	1.488490743E-04
70	52.5	1161.816154	1.463286064E-04
71	53.25	1161.615579	1.438379248E-04
72	54	1161.417362	1.413767421E-04
73	54.75	1161.221479	1.389447743E-04
74	55.5	1161.027908	1.365417413E-04
75	56.25	1160.836629	1.341673660E-04
76	57	1160.647619	1.318213750E-04
77	57.75	1160.460858	1.295034985E-04
78	58.5	1160.276325	1.272134698E-04
79	59.25	1160.093998	1.249510257E-04
80	60	1159.913858	1.227159062E-04
81	60.75	1159.735884	1.205078547E-04
82	61.5	1159.560057	1.183266179E-04
83	62.25	1159.386357	1.161719454E-04
84	63	1159.214765	1.140435903E-04
85	63.75	1159.04526	1.119413088E-04
86	64.5	1158.877826	1.098648600E-04
87	65.25	1158.712442	1.078140063E-04
88	66	1158.549091	1.057885130E-04
89	66.75	1158.387754	1.037881485E-04
90	67.5	1158.228413	1.018126842E-04
91	68.25	1158.071051	9.986189446E-05
92	69	1157.915649	9.793555643E-05
93	69.75	1157.762191	9.603345029E-05
94	70.5	1157.61066	9.415535904E-05
95	71.25	1157.461039	9.230106852E-05
96	72	1157.31331	9.047036740E-05
97	72.75	1157.167458	8.866304711E-05
98	73.5	1157.023467	8.687890183E-05
99	74.25	1156.88132	8.511772848E-05
100	75	1156.741001	8.337932669E-05
101	75.75	1156.602496	8.166349875E-05
102	76.5	1156.465788	7.997004959E-05
103	77.25	1156.330863	7.829878678E-05
104	78	1156.197705	7.664952049E-05
105	78.75	1156.066299	7.502206346E-05
106	79.5	1155.936632	7.341623097E-05
107	80.25	1155.808688	7.183184084E-05
108	81	1155.682454	7.026871338E-05
109	81.75	1155.557916	6.872667139E-05
110	82.5	1155.435058	6.720554012E-05
111	83.25	1155.313869	6.570514726E-05
112	84	1155.194335	6.422532290E-05
113	84.75	1155.076442	6.276589952E-05
114	85.5	1154.960177	6.132671199E-05
115	86.25	1154.845528	5.990759750E-05
116	87	1154.732481	5.850839558E-05
117	87.75	1154.621024	5.712894806E-05
118	88.5	1154.511145	5.576909908E-05
119	89.25	1154.402832	5.442869500E-05
120	90	1154.296073	5.310758446E-05
121	90.75	1154.190855	5.180561833E-05
122	91.5	1154.087168	5.052264966E-05
123	92.25	1153.984999	4.925853371E-05
124	93	1153.884337	4.801312792E-05
125	93.75	1153.785172	4.678629185E-05
126	94.5	1153.687493	4.557788722E-05
127	95.25	1153.591287	4.438777788E-05
128	96	1153.496546	4.321582974E-05
129	96.75	1153.403258	4.206191084E-05
130	97.5	1153.311413	4.092589125E-05
131	98.25	1153.221001	3.980764310E-05
132	99	1153.132012	3.870704057E-05
133	99.75	1153.044436	3.762395986E-05
134	100.5	1152.958263	3.655827914E-05
135	101.25	1152.873485	3.550987860E-05
136	102	1152.79009	3.447864040E-05
137	102.75	1152.708072	3.346444864E-05
138	103.5	1152.627419	3.246718939E-05
139	104.25	1152.548124	3.148675062E-05
140	105	1152.470177	3.052302224E-05
141	105.75	1152.393571	2.957589606E-05
142	106.5	1152.318296	2.864526577E-05
143	107.25	1152.244344	2.773102693E-05
144	108	1152.171708	2.683307697E-05
145	108.75	1152.100378	2.595131518E-05
146	109.5	1152.030348	2.508564266E-05
147	110.25	1151.961609	2.423596237E-05
148	111	1151.894154	2.340217906E-05
149	111.75	1151.827976	2.258419928E-05
150	112.5	1151.763067	2.178193139E-05
151	113.25	1151.69942	2.099528549E-05
152	114	1151.637027	2.022417349E-05
153	114.75	1151.575883	1.946850902E-05
154	115.5	1151.515981	1.872820749E-05
155	116.25	1151.457313	1.800318603E-05
156	117	1151.399873	1.729336347E-05
157	117.75	1151.343656	1.659866040E-05
158	118.5	1151.288654	1.591899908E-05
159	119.25	1151.234862	1.525430348E-05
160	120	1151.182273	1.460449927E-05
161	120.75	1151.130883	1.396951376E-05
162	121.5	1151.080685	1.334927597E-05
163	122.25	1151.031674	1.274371654E-05
164	123	1150.983845	1.215276780E-05
165	123.75	1150.937191	1.157636369E-05
166	124.5	1150.891709	1.101443981E-05
167	125.25	1150.847393	1.046693337E-05
168	126	1150.804237	9.933783197E-06
169	126.75	1150.762239	9.414929750E-06
170	127.5	1150.721392	8.910315073E-06
171	128.25	1150.681692	8.419882816E-06
172	129	1150.643135	7.943578217E-06
173	129.75	1150.605717	7.481348097E-06
174	130.5	1150.569433	7.033140856E-06
175	131.25	1150.53428	6.598906465E-06
176	132	1150.500254	6.178596458E-06
177	132.75	1150.46735	5.772163930E-06
178	133.5	1150.435566	5.379563528E-06
179	134.25	1150.404898	5.000751447E-06
180	135	1150.375342	4.635685425E-06
181	135.75	1150.346895	4.284324738E-06
182	136.5	1150.319555	3.946630191E-06
183	137.25	1150.293317	3.622564120E-06
184	138	1150.26818	3.312090383E-06
185	138.75	1150.24414	3.015174355E-06
186	139.5	1150.221195	2.731782929E-06
187	140.25	1150.199342	2.461884504E-06
188	141	1150.178579	2.205448989E-06
189	141.75	1150.158903	1.962447793E-06
190	142.5	1150.140313	1.732853828E-06
191	143.25	1150.122807	1.516641498E-06
192	144	1150.106381	1.313786703E-06
193	144.75	1150.091036	1.124266833E-06
194	145.5	1150.076768	9.480607626E-07
195	146.25	1150.063576	7.851488547E-07
196	147	1150.05146	6.355129527E-07
197	147.75	1150.040417	4.991363804E-07
198	148.5	1150.030447	3.760039400E-07
199	149.25	1150.021547	2.661019102E-07
200	150	1150.013719	1.694180441E-07
201	150.75	1150.006959	8.594156823E-08
202	151.5	1150.001268	1.566318092E-08
203	152.25	1149.996646	-4.142494866E-08
204	153	1149.99309	-8.532918152E-08
205	153.75	1149.990602	-1.160544096E-07
206	154.5	1149.989181	-1.336040564E-07
207	155.25	1149.988827	-1.379800772E-07
208	156	1149.989539	-1.291829597E-07
209	156.75	1149.991319	-1.072117237E-07
210	157.5	1149.994165	-7.206392112E-08
211	158.25	1149.998078	-2.373563571E-08
212	159	1150.003059	3.777851745E-08
213	159.75	1150.009108	1.124853925E-07
214	160.5	1150.016227	2.003933139E-07
215	161.25	1150.024415	3.015120771E-07
216	162	1150.033673	4.158529498E-07
217	162.75	1150.044004	5.434286736E-07
218	163.5	1150.055407	6.842534653E-07
219	164.25	1150.067884	8.383430185E-07
220	165	1150.081436	1.005714506E-06
221	165.75	1150.096066	1.186386581E-06
222	166.5	1150.111773	1.380379380E-06
223	167.25	1150.128561	1.587714526E-06
224	168	1150.146431	1.808415129E-06
225	168.75	1150.165386	2.042505791E-06
226	169.5	1150.185426	2.290012608E-06
227	170.25	1150.206554	2.550963172E-06
228	171	1150.228774	2.825386578E-06
229	171.75	1150.252086	3.113313422E-06
230	172.5	1150.276494	3.414775809E-06
231	173.25	1150.302	3.729807358E-06
232	174	1150.328607	4.058443201E-06
233	174.75	1150.356319	4.400719991E-06
234	175.5	1150.385137	4.756675904E-06
235	176.25	1150.415066	5.126350648E-06
236	177	1150.446109	5.509785464E-06
237	177.75	1150.478268	5.907023130E-06
238	178.5	1150.511548	6.318107970E-06
239	179.25	1150.545952	6.743085857E-06
240	180	1150.581484	7.182004221E-06
241	180.75	1150.618148	7.634912049E-06
242	181.5	1150.655948	8.101859899E-06
243	182.25	1150.694888	8.582899899E-06
244	183	1150.734972	9.078085759E-06
245	183.75	1150.776205	9.587472773E-06
246	184.5	1150.818592	1.011111783E-05
247	185.25	1150.862136	1.064907941E-05
248	186	1150.906843	1.120141762E-05
249	186.75	1150.952718	1.176819415E-05
250	187.5	1150.999766	1.234947235E-05
251	188.25	1151.047991	1.294531716E-05
252	189	1151.0974	1.355579519E-05
253	189.75	1151.147997	1.418097468E-05
254	190.5	1151.199789	1.482092552E-05
255	191.25	1151.25278	1.547571928E-05
256	192	1151.306978	1.614542917E-05
257	192.75	1151.362387	1.683013012E-05
258	193.5	1151.419014	1.752989872E-05
259	194.25	1151.476865	1.824481327E-05
260	195	1151.535947	1.897495377E-05
261	195.75	1151.596265	1.972040196E-05
262	196.5	1151.657827	2.048124128E-05
263	197.25	1151.72064	2.125755692E-05
264	198	1151.78471	2.204943584E-05
265	198.75	1151.850044	2.285696672E-05
266	199.5	1151.91665	2.368024004E-05
267	200.25	1151.984535	2.451934806E-05
268	201	1152.053707	2.537438482E-05
269	201.75	1152.124172	2.624544617E-05
270	202.5	1152.195939	2.713262979E-05
271	203.25	1152.269016	2.803603517E-05
272	204	1152.343411	2.895576364E-05
273	204.75	1152.419132	2.989191842E-05
274	205.5	1152.496187	3.084460455E-05
275	206.25	1152.574586	3.181392897E-05
276	207	1152.654335	3.280000052E-05
277	207.75	1152.735445	3.380292994E-05
278	208.5	1152.817925	3.482282988E-05
279	209.25	1152.901782	3.585981495E-05
280	210	1152.987028	3.691400168E-05
281	210.75	1153.07367	3.798550859E-05
282	211.5	1153.161719	3.907445615E-05
283	212.25	1153.251185	4.018096685E-05
284	213	1153.342077	4.130516518E-05
285	213.75	1153.434405	4.244717763E-05
286	214.5	1153.52818	4.360713277E-05
287	215.25	1153.623411	4.478516121E-05
288	216	1153.72011	4.598139561E-05
289	216.75	1153.818287	4.719597076E-05
290	217.5	1153.917953	4.842902352E-05
291	218.25	1154.019119	4.968069290E-05
292	219	1154.121796	5.095112004E-05
293	219.75	1154.225996	5.224044824E-05
294	220.5	1154.33173	5.354882297E-05
295	221.25	1154.43901	5.487639191E-05
296	222	1154.547847	5.622330494E-05
297	222.75	1154.658254	5.758971419E-05
298	223.5	1154.770243	5.897577402E-05
299	224.25	1154.883826	6.038164108E-05
300	225	1154.999016	6.180747432E-05
301	225.75	1155.115826	6.325343497E-05
302	226.5	1155.234269	6.471968663E-05
303	227.25	1155.354357	6.620639523E-05
304	228	1155.476104	6.771372909E-05
305	228.75	1155.599524	6.924185891E-05
306	229.5	1155.72463	7.079095783E-05
307	230.25	1155.851436	7.236120141E-05
308	231	1155.979957	7.395276769E-05
309	231.75	1156.110206	7.556583719E-05
310	232.5	1156.242198	7.720059295E-05
311	233.25	1156.375947	7.885722052E-05
312	234	1156.511469	8.053590804E-05
313	234.75	1156.648779	8.223684620E-05
314	235.5	1156.787891	8.396022831E-05
315	236.25	1156.928821	8.570625033E-05
316	237	1157.071586	8.747511085E-05
317	237.75	1157.2162	8.926701116E-05
318	238.5	1157.36268	9.108215526E-05
319	239.25	1157.511042	9.292074987E-05
320	240	1157.661302	9.478300448E-05
321	240.75	1157.813478	9.666913140E-05
322	241.5	1157.967586	9.857934572E-05
323	242.25	1158.123644	1.005138654E-04
324	243	1158.281668	1.024729112E-04
325	243.75	1158.441677	1.044567070E-04
326	244.5	1158.603688	1.064654794E-04
327	245.25	1158.767719	1.084994579E-04
328	246	1158.933789	1.105588754E-04
329	246.75	1159.101916	1.126439673E-04
330	247.5	1159.272119	1.147549724E-04
331	248.25	1159.444417	1.168921326E-04
332	249	1159.618829	1.190556927E-04
333	249.75	1159.795374	1.212459008E-04
334	250.5	1159.974072	1.234630082E-04
335	251.25	1160.154944	1.257072694E-04
336	252	1160.338009	1.279789420E-04
337	252.75	1160.523288	1.302782873E-04
338	253.5	1160.710802	1.326055694E-04
339	254.25	1160.900571	1.349610562E-04
340	255	1161.092616	1.373450188E-04
341	255.75	1161.286961	1.397577316E-04
342	256.5	1161.483625	1.421994728E-04
343	257.25	1161.682631	1.446705239E-04
344	258	1161.884001	1.471711699E-04
345	258.75	1162.087758	1.497016996E-04
346	259.5	1162.293925	1.522624052E-04
347	260.25	1162.502525	1.548535827E-04
348	261	1162.71358	1.574755318E-04
349	261.75	1162.927116	1.601285559E-04
350	262.5	1163.143155	1.628129622E-04
351	263.25	1163.361723	1.655290618E-04
352	264	1163.582843	1.682771697E-04
353	264.75	1163.806541	1.710576046E-04
354	265.5	1164.032841	1.738706894E-04
355	266.25	1164.261769	1.767167509E-04
356	267	1164.493351	1.795961201E-04
357	267.75	1164.727612	1.825091318E-04
358	268.5	1164.96458	1.854561253E-04
359	269.25	1165.204281	1.884374439E-04
360	270	1165.446741	1.914534351E-04
361	270.75	1165.691989	1.945044509E-04
362	271.5	1165.940051	1.975908476E-04
363	272.25	1166.190956	2.007129856E-04
364	273	1166.444732	2.038712301E-04
365	273.75	1166.701408	2.070659508E-04
366	274.5	1166.961012	2.102975217E-04
367	275.25	1167.223574	2.135663215E-04
368	276	1167.489124	2.168727337E-04
369	276.75	1167.757692	2.202171465E-04
370	277.5	1168.029307	2.235999526E-04
371	278.25	1168.304001	2.270215499E-04
372	279	1168.581805	2.304823410E-04
373	279.75	1168.86275	2.339827334E-04
374	280.5	1169.146868	2.375231398E-04
375	281.25	1169.434191	2.411039777E-04
376	282	1169.724752	2.447256700E-04
377	282.75	1170.018584	2.483886447E-04
378	283.5	1170.31572	2.520933350E-04
379	284.25	1170.616194	2.558401795E-04
380	285	1170.920039	2.596296220E-04
381	285.75	1171.227291	2.634621121E-04
382	286.5	1171.537984	2.673381046E-04
383	287.25	1171.852154	2.712580600E-04
384	288	1172.169837	2.752224446E-04
385	288.75	1172.491068	2.792317302E-04
386	289.5	1172.815884	2.832863945E-04
387	290.25	1173.144322	2.873869211E-04
388	291	1173.47642	2.915337996E-04
389	291.75	1173.812216	2.957275255E-04
390	292.5	1174.151747	2.999686004E-04
391	293.25	1174.495053	3.042575322E-04
392	294	1174.842173	3.085948350E-04
393	294.75	1175.193146	3.129810292E-04
394	295.5	1175.548013	3.174166416E-04
395	296.25	1175.906814	3.219022056E-04
396	297	1176.26959	3.264382610E-04
397	297.75	1176.636384	3.310253546E-04
398	298.5	1177.007236	3.356640395E-04
399	299.25	1177.382189	3.403548761E-04
400	300	1177.761287	3.450984314E-04
── 设定点 1150 °C　夹头 450 °C　段 1「HC2」　T设定 1150 °C　节点 401　段长 300 mm　控温点下标 200（x = 150 mm）　电流 1202.3 A　ΔL_A +0.012075　ΔL_B +0.038983
i	X_mm	TMetal_C	epsDiff
0	0	1177.740504	3.448383498E-04
1	0.75	1177.318572	3.395589386E-04
2	1.5	1176.901365	3.343397106E-04
3	2.25	1176.488835	3.291800286E-04
4	3	1176.080935	3.240792636E-04
5	3.75	1175.677616	3.190367944E-04
6	4.5	1175.278834	3.140520077E-04
7	5.25	1174.884542	3.091242981E-04
8	6	1174.494696	3.042530676E-04
9	6.75	1174.10925	2.994377258E-04
10	7.5	1173.72816	2.946776899E-04
11	8.25	1173.351383	2.899723843E-04
12	9	1172.978875	2.853212408E-04
13	9.75	1172.610594	2.807236981E-04
14	10.5	1172.246498	2.761792023E-04
15	11.25	1171.886546	2.716872063E-04
16	12	1171.530696	2.672471699E-04
17	12.75	1171.178907	2.628585599E-04
18	13.5	1170.83114	2.585208497E-04
19	14.25	1170.487355	2.542335194E-04
20	15	1170.147512	2.499960554E-04
21	15.75	1169.811574	2.458079511E-04
22	16.5	1169.479501	2.416687059E-04
23	17.25	1169.151256	2.375778257E-04
24	18	1168.826802	2.335348226E-04
25	18.75	1168.506102	2.295392149E-04
26	19.5	1168.18912	2.255905271E-04
27	20.25	1167.875818	2.216882895E-04
28	21	1167.566163	2.178320386E-04
29	21.75	1167.260119	2.140213166E-04
30	22.5	1166.95765	2.102556717E-04
31	23.25	1166.658724	2.065346578E-04
32	24	1166.363306	2.028578344E-04
33	24.75	1166.071362	1.992247666E-04
34	25.5	1165.78286	1.956350252E-04
35	26.25	1165.497766	1.920881863E-04
36	27	1165.21605	1.885838317E-04
37	27.75	1164.937678	1.851215483E-04
38	28.5	1164.66262	1.817009284E-04
39	29.25	1164.390844	1.783215695E-04
40	30	1164.12232	1.749830744E-04
41	30.75	1163.857018	1.716850509E-04
42	31.5	1163.594907	1.684271118E-04
43	32.25	1163.335958	1.652088752E-04
44	33	1163.080143	1.620299637E-04
45	33.75	1162.827431	1.588900053E-04
46	34.5	1162.577795	1.557886324E-04
47	35.25	1162.331206	1.527254825E-04
48	36	1162.087637	1.497001977E-04
49	36.75	1161.847061	1.467124248E-04
50	37.5	1161.60945	1.437618152E-04
51	38.25	1161.374778	1.408480248E-04
52	39	1161.143018	1.379707144E-04
53	39.75	1160.914145	1.351295489E-04
54	40.5	1160.688132	1.323241977E-04
55	41.25	1160.464955	1.295543347E-04
56	42	1160.244587	1.268196381E-04
57	42.75	1160.027006	1.241197905E-04
58	43.5	1159.812186	1.214544785E-04
59	44.25	1159.600103	1.188233931E-04
60	45	1159.390733	1.162262294E-04
61	45.75	1159.184054	1.136626867E-04
62	46.5	1158.980041	1.111324682E-04
63	47.25	1158.778673	1.086352814E-04
64	48	1158.579925	1.061708375E-04
65	48.75	1158.383778	1.037388520E-04
66	49.5	1158.190207	1.013390439E-04
67	50.25	1157.999193	9.897113637E-05
68	51	1157.810713	9.663485639E-05
69	51.75	1157.624746	9.432993467E-05
70	52.5	1157.441272	9.205610571E-05
71	53.25	1157.26027	8.981310773E-05
72	54	1157.08172	8.760068264E-05
73	54.75	1156.905602	8.541857602E-05
74	55.5	1156.731897	8.326653706E-05
75	56.25	1156.560585	8.114431852E-05
76	57	1156.391647	7.905167674E-05
77	57.75	1156.225063	7.698837157E-05
78	58.5	1156.060817	7.495416632E-05
79	59.25	1155.898889	7.294882780E-05
80	60	1155.739261	7.097212620E-05
81	60.75	1155.581916	6.902383513E-05
82	61.5	1155.426835	6.710373154E-05
83	62.25	1155.274003	6.521159571E-05
84	63	1155.123401	6.334721124E-05
85	63.75	1154.975014	6.151036499E-05
86	64.5	1154.828824	5.970084705E-05
87	65.25	1154.684815	5.791845074E-05
88	66	1154.542972	5.616297256E-05
89	66.75	1154.403278	5.443421218E-05
90	67.5	1154.265718	5.273197238E-05
91	68.25	1154.130278	5.105605906E-05
92	69	1153.99694	4.940628121E-05
93	69.75	1153.865692	4.778245085E-05
94	70.5	1153.736518	4.618438306E-05
95	71.25	1153.609405	4.461189589E-05
96	72	1153.484337	4.306481040E-05
97	72.75	1153.361301	4.154295060E-05
98	73.5	1153.240284	4.004614342E-05
99	74.25	1153.121272	3.857421872E-05
100	75	1153.004252	3.712700925E-05
101	75.75	1152.889211	3.570435059E-05
102	76.5	1152.776136	3.430608122E-05
103	77.25	1152.665014	3.293204241E-05
104	78	1152.555834	3.158207822E-05
105	78.75	1152.448583	3.025603554E-05
106	79.5	1152.34325	2.895376397E-05
107	80.25	1152.239822	2.767511590E-05
108	81	1152.138288	2.641994640E-05
109	81.75	1152.038638	2.518811327E-05
110	82.5	1151.940859	2.397947700E-05
111	83.25	1151.844942	2.279390073E-05
112	84	1151.750875	2.163125026E-05
113	84.75	1151.658649	2.049139402E-05
114	85.5	1151.568252	1.937420306E-05
115	86.25	1151.479676	1.827955103E-05
116	87	1151.39291	1.720731415E-05
117	87.75	1151.307944	1.615737122E-05
118	88.5	1151.22477	1.512960358E-05
119	89.25	1151.143378	1.412389512E-05
120	90	1151.063758	1.314013222E-05
121	90.75	1150.985904	1.217820381E-05
122	91.5	1150.909804	1.123800128E-05
123	92.25	1150.835452	1.031941850E-05
124	93	1150.762839	9.422351813E-06
125	93.75	1150.691957	8.546700007E-06
126	94.5	1150.622799	7.692364308E-06
127	95.25	1150.555356	6.859248369E-06
128	96	1150.489621	6.047258253E-06
129	96.75	1150.425587	5.256302424E-06
130	97.5	1150.363247	4.486291735E-06
131	98.25	1150.302594	3.737139415E-06
132	99	1150.243621	3.008761059E-06
133	99.75	1150.186321	2.301074620E-06
134	100.5	1150.13069	1.614000392E-06
135	101.25	1150.076719	9.474610064E-07
136	102	1150.024404	3.013814176E-07
137	102.75	1149.973739	-3.243111040E-07
138	103.5	1149.924717	-9.296869823E-07
139	104.25	1149.877334	-1.514814344E-06
140	105	1149.831585	-2.079759029E-06
141	105.75	1149.787464	-2.624584595E-06
142	106.5	1149.744966	-3.149352330E-06
143	107.25	1149.704087	-3.654121257E-06
144	108	1149.664822	-4.138948143E-06
145	108.75	1149.627168	-4.603887504E-06
146	109.5	1149.591119	-5.048991618E-06
147	110.25	1149.556672	-5.474310522E-06
148	111	1149.523823	-5.879892027E-06
149	111.75	1149.492568	-6.265781720E-06
150	112.5	1149.462905	-6.632022970E-06
151	113.25	1149.434829	-6.978656935E-06
152	114	1149.408337	-7.305722565E-06
153	114.75	1149.383428	-7.613256608E-06
154	115.5	1149.360097	-7.901293617E-06
155	116.25	1149.338343	-8.169865949E-06
156	117	1149.318163	-8.419003776E-06
157	117.75	1149.299554	-8.648735080E-06
158	118.5	1149.282515	-8.859085668E-06
159	119.25	1149.267045	-9.050079163E-06
160	120	1149.25314	-9.221737015E-06
161	120.75	1149.2408	-9.374078504E-06
162	121.5	1149.230023	-9.507120737E-06
163	122.25	1149.220808	-9.620878654E-06
164	123	1149.213154	-9.715365029E-06
165	123.75	1149.20706	-9.790590472E-06
166	124.5	1149.202526	-9.846563430E-06
167	125.25	1149.199551	-9.883290187E-06
168	126	1149.198135	-9.900774869E-06
169	126.75	1149.198277	-9.899019437E-06
170	127.5	1149.199978	-9.878023695E-06
171	128.25	1149.203237	-9.837785285E-06
172	129	1149.208056	-9.778299690E-06
173	129.75	1149.214434	-9.699560229E-06
174	130.5	1149.222373	-9.601558062E-06
175	131.25	1149.231873	-9.484282184E-06
176	132	1149.242935	-9.347719424E-06
177	132.75	1149.25556	-9.191854449E-06
178	133.5	1149.269751	-9.016669753E-06
179	134.25	1149.285508	-8.822145664E-06
180	135	1149.302833	-8.608260333E-06
181	135.75	1149.321728	-8.374989739E-06
182	136.5	1149.342195	-8.122307679E-06
183	137.25	1149.364237	-7.850185771E-06
184	138	1149.387855	-7.558593446E-06
185	138.75	1149.413053	-7.247497944E-06
186	139.5	1149.439834	-6.916864314E-06
187	140.25	1149.468199	-6.566655406E-06
188	141	1149.498153	-6.196831867E-06
189	141.75	1149.529698	-5.807352136E-06
190	142.5	1149.562838	-5.398172440E-06
191	143.25	1149.597577	-4.969246787E-06
192	144	1149.633919	-4.520526960E-06
193	144.75	1149.671867	-4.051962512E-06
194	145.5	1149.711426	-3.563500760E-06
195	146.25	1149.7526	-3.055086776E-06
196	147	1149.795394	-2.526663381E-06
197	147.75	1149.839812	-1.978171141E-06
198	148.5	1149.885859	-1.409548354E-06
199	149.25	1149.93354	-8.207310454E-07
200	150	1149.982861	-2.116529599E-07
201	150.75	1150.033827	4.177544482E-07
202	151.5	1150.086444	1.067562023E-06
203	152.25	1150.140717	1.737842916E-06
204	153	1150.196653	2.428672595E-06
205	153.75	1150.254257	3.140128856E-06
206	154.5	1150.313536	3.872291830E-06
207	155.25	1150.374497	4.625243995E-06
208	156	1150.437145	5.399070185E-06
209	156.75	1150.501489	6.193857606E-06
210	157.5	1150.567535	7.009695838E-06
211	158.25	1150.635291	7.846676855E-06
212	159	1150.704763	8.704895033E-06
213	159.75	1150.77596	9.584447162E-06
214	160.5	1150.84889	1.048543246E-05
215	161.25	1150.92356	1.140795258E-05
216	162	1150.999979	1.235211164E-05
217	162.75	1151.078155	1.331801620E-05
218	163.5	1151.158097	1.430577534E-05
219	164.25	1151.239814	1.531550058E-05
220	165	1151.323315	1.634730601E-05
221	165.75	1151.408608	1.740130819E-05
222	166.5	1151.495704	1.847762624E-05
223	167.25	1151.584612	1.957638184E-05
224	168	1151.675342	2.069769923E-05
225	168.75	1151.767903	2.184170523E-05
226	169.5	1151.862307	2.300852928E-05
227	170.25	1151.958563	2.419830343E-05
228	171	1152.056682	2.541116235E-05
229	171.75	1152.156675	2.664724338E-05
230	172.5	1152.258553	2.790668654E-05
231	173.25	1152.362328	2.918963451E-05
232	174	1152.468011	3.049623271E-05
233	174.75	1152.575613	3.182662926E-05
234	175.5	1152.685146	3.318097505E-05
235	176.25	1152.796623	3.455942372E-05
236	177	1152.910056	3.596213169E-05
237	177.75	1153.025458	3.738925821E-05
238	178.5	1153.14284	3.884096535E-05
239	179.25	1153.262217	4.031741801E-05
240	180	1153.383602	4.181878398E-05
241	180.75	1153.507007	4.334523394E-05
242	181.5	1153.632447	4.489694148E-05
243	182.25	1153.759936	4.647408314E-05
244	183	1153.889487	4.807683839E-05
245	183.75	1154.021115	4.970538974E-05
246	184.5	1154.154835	5.135992265E-05
247	185.25	1154.290662	5.304062565E-05
248	186	1154.42861	5.474769032E-05
249	186.75	1154.568694	5.648131134E-05
250	187.5	1154.710932	5.824168647E-05
251	188.25	1154.855337	6.002901663E-05
252	189	1155.001927	6.184350589E-05
253	189.75	1155.150717	6.368536154E-05
254	190.5	1155.301725	6.555479404E-05
255	191.25	1155.454966	6.745201715E-05
256	192	1155.610458	6.937724788E-05
257	192.75	1155.768219	7.133070653E-05
258	193.5	1155.928265	7.331261677E-05
259	194.25	1156.090615	7.532320562E-05
260	195	1156.255286	7.736270349E-05
261	195.75	1156.422298	7.943134421E-05
262	196.5	1156.591668	8.152936511E-05
263	197.25	1156.763416	8.365700696E-05
264	198	1156.93756	8.581451409E-05
265	198.75	1157.11412	8.800213437E-05
266	199.5	1157.293116	9.022011928E-05
267	200.25	1157.474567	9.246872390E-05
268	201	1157.658494	9.474820700E-05
269	201.75	1157.844918	9.705883102E-05
270	202.5	1158.033859	9.940086215E-05
271	203.25	1158.225339	1.017745704E-04
272	204	1158.419378	1.041802294E-04
273	204.75	1158.615998	1.066181169E-04
274	205.5	1158.815222	1.090885143E-04
275	206.25	1159.017071	1.115917070E-04
276	207	1159.221569	1.141279845E-04
277	207.75	1159.428737	1.166976401E-04
278	208.5	1159.6386	1.193009712E-04
279	209.25	1159.851181	1.219382794E-04
280	210	1160.066503	1.246098702E-04
281	210.75	1160.284591	1.273160536E-04
282	211.5	1160.505469	1.300571434E-04
283	212.25	1160.729162	1.328334581E-04
284	213	1160.955695	1.356453202E-04
285	213.75	1161.185093	1.384930566E-04
286	214.5	1161.417382	1.413769988E-04
287	215.25	1161.652589	1.442974824E-04
288	216	1161.890739	1.472548477E-04
289	216.75	1162.131859	1.502494396E-04
290	217.5	1162.375977	1.532816075E-04
291	218.25	1162.62312	1.563517055E-04
292	219	1162.873315	1.594600922E-04
293	219.75	1163.126591	1.626071312E-04
294	220.5	1163.382977	1.657931907E-04
295	221.25	1163.6425	1.690186440E-04
296	222	1163.905191	1.722838690E-04
297	222.75	1164.171079	1.755892487E-04
298	223.5	1164.440194	1.789351712E-04
299	224.25	1164.712567	1.823220295E-04
300	225	1164.988227	1.857502219E-04
301	225.75	1165.267207	1.892201519E-04
302	226.5	1165.549537	1.927322280E-04
303	227.25	1165.83525	1.962868643E-04
304	228	1166.124378	1.998844801E-04
305	228.75	1166.416953	2.035255001E-04
306	229.5	1166.713009	2.072103548E-04
307	230.25	1167.012579	2.109394799E-04
308	231	1167.315698	2.147133170E-04
309	231.75	1167.622398	2.185323131E-04
310	232.5	1167.932716	2.223969213E-04
311	233.25	1168.246687	2.263076003E-04
312	234	1168.564345	2.302648149E-04
313	234.75	1168.885727	2.342690356E-04
314	235.5	1169.21087	2.383207391E-04
315	236.25	1169.539811	2.424204083E-04
316	237	1169.872586	2.465685322E-04
317	237.75	1170.209234	2.507656061E-04
318	238.5	1170.549793	2.550121316E-04
319	239.25	1170.894302	2.593086167E-04
320	240	1171.2428	2.636555761E-04
321	240.75	1171.595327	2.680535308E-04
322	241.5	1171.951923	2.725030087E-04
323	242.25	1172.312628	2.770045443E-04
324	243	1172.677484	2.815586791E-04
325	243.75	1173.046533	2.861659612E-04
326	244.5	1173.419817	2.908269462E-04
327	245.25	1173.797378	2.955421963E-04
328	246	1174.179259	3.003122812E-04
329	246.75	1174.565505	3.051377778E-04
330	247.5	1174.956159	3.100192703E-04
331	248.25	1175.351267	3.149573504E-04
332	249	1175.750874	3.199526175E-04
333	249.75	1176.155025	3.250056785E-04
334	250.5	1176.563767	3.301171480E-04
335	251.25	1176.977147	3.352876487E-04
336	252	1177.395212	3.405178111E-04
337	252.75	1177.818011	3.458082738E-04
338	253.5	1178.245592	3.511596836E-04
339	254.25	1178.678005	3.565726955E-04
340	255	1179.115299	3.620479729E-04
341	255.75	1179.557524	3.675861879E-04
342	256.5	1180.004733	3.731880209E-04
343	257.25	1180.456976	3.788541614E-04
344	258	1180.914306	3.845853073E-04
345	258.75	1181.376775	3.903821660E-04
346	259.5	1181.844438	3.962454535E-04
347	260.25	1182.317348	4.021758954E-04
348	261	1182.795561	4.081742263E-04
349	261.75	1183.279131	4.142411905E-04
350	262.5	1183.768115	4.203775419E-04
351	263.25	1184.26257	4.265840440E-04
352	264	1184.762552	4.328614702E-04
353	264.75	1185.268121	4.392106039E-04
354	265.5	1185.779336	4.456322387E-04
355	266.25	1186.296255	4.521271785E-04
356	267	1186.818939	4.586962375E-04
357	267.75	1187.347449	4.653402405E-04
358	268.5	1187.881847	4.720600231E-04
359	269.25	1188.422195	4.788564318E-04
360	270	1188.968557	4.857303239E-04
361	270.75	1189.520996	4.926825681E-04
362	271.5	1190.079577	4.997140444E-04
363	272.25	1190.644366	5.068256442E-04
364	273	1191.215429	5.140182708E-04
365	273.75	1191.792834	5.212928390E-04
366	274.5	1192.376647	5.286502759E-04
367	275.25	1192.966938	5.360915207E-04
368	276	1193.563777	5.436175249E-04
369	276.75	1194.167233	5.512292525E-04
370	277.5	1194.777377	5.589276804E-04
371	278.25	1195.394283	5.667137983E-04
372	279	1196.018023	5.745886091E-04
373	279.75	1196.648671	5.825531287E-04
374	280.5	1197.2863	5.906083870E-04
375	281.25	1197.930988	5.987554271E-04
376	282	1198.582811	6.069953064E-04
377	282.75	1199.241845	6.153290960E-04
378	283.5	1199.90817	6.237578818E-04
379	284.25	1200.581864	6.322827639E-04
380	285	1201.263008	6.409048573E-04
381	285.75	1201.951684	6.496252918E-04
382	286.5	1202.647972	6.584452128E-04
383	287.25	1203.351958	6.673657809E-04
384	288	1204.063724	6.763881722E-04
385	288.75	1204.783356	6.855135792E-04
386	289.5	1205.51094	6.947432102E-04
387	290.25	1206.246564	7.040782902E-04
388	291	1206.990316	7.135200606E-04
389	291.75	1207.742286	7.230697800E-04
390	292.5	1208.502564	7.327287241E-04
391	293.25	1209.271241	7.424981862E-04
392	294	1210.04841	7.523794772E-04
393	294.75	1210.834166	7.623739262E-04
394	295.5	1211.628604	7.724828806E-04
395	296.25	1212.431819	7.827077065E-04
396	297	1213.243909	7.930497887E-04
397	297.75	1214.064972	8.035105316E-04
398	298.5	1214.895109	8.140913588E-04
399	299.25	1215.73442	8.247937141E-04
400	300	1216.583008	8.356190613E-04
