网格修复 门(a) 体积守恒　W08（管壁 0.8 · 留余量（照 A 导航档输出表复原））　全量
开跑 2026-09-18 21:06:27　工作树 D:\WinForm\r48_N　写码 2026-09-18，Fable 5.1
门槛（跑前写死）：每片总体积、环内（r ≤ R）、舌区（x < 切点）对参考积分 |ΔV|/V ≤ 0.1 %；参考积分 = 板件 Inside/HalfWidth/ThicknessAt 的 Simpson（x 0.01／z 0.05 mm）。
环内的归属：跨 r = R 的格按该格材料落在圆内的精确份额（测试侧积分）—— 量的是网格每格的体积对不对；按**格心**归属的环内体积另印一列（求解器分区热账现在的口径，F4 未做，只印不判）。
舌半宽 > 盘半径的几何（板件 HalfWidthClamped：舌片比圆盘还宽，几何上不成立）不进门，单列「几何不成立」，既不算过也不算不过。
几何	R	w	片	档	细区mm	细区半径	节点	单元	V_ref	V_mesh	ΔV%	环内V_ref	环内V_mesh(份额)	Δ环内%	环内V_mesh(格心)	Δ环内格心%	跨环格体积最大误差%	舌区V_ref	舌区V_mesh	Δ舌区%	带格	舌中格长宽比	最小覆盖率	孔面数	孔面总长	R_mesh µΩ	P_net W	P_gen W	闭合	Jmax	守恒误差	CG轮	收敛	备注	判读
W08	28.00	30.00	0	导航	几何不成立（舌半宽 30 > 盘半径 28，不进门）
W08	28.00	30.00	0	判决	几何不成立（舌半宽 30 > 盘半径 28，不进门）
W08	28.00	30.00	1	导航	几何不成立（舌半宽 30 > 盘半径 28，不进门）
W08	28.00	30.00	1	判决	几何不成立（舌半宽 30 > 盘半径 28，不进门）
W08	28.00	30.00	2	导航	几何不成立（舌半宽 30 > 盘半径 28，不进门）
W08	28.00	30.00	2	判决	几何不成立（舌半宽 30 > 盘半径 28，不进门）
W08	28.00	30.00	3	导航	几何不成立（舌半宽 30 > 盘半径 28，不进门）
W08	28.00	30.00	3	判决	几何不成立（舌半宽 30 > 盘半径 28，不进门）
W08	28.00	28.00	0	导航	2.000	59.00	56×29	988	14901.88	14902.02	+0.001	561.44	561.06	-0.068	562.66	+0.217	48.612	14743.86	14743.88	+0.000	0	5.5	0.0076	106	174.106	0.0000	0.000	0.000	0.0000	0.00	0.0e0	0	**否**		过
W08	28.00	28.00	0	判决	1.000	59.00	108×57	3664	14901.88	14902.02	+0.001	561.44	561.58	+0.024	571.34	+1.763	0.435	14743.86	14743.88	+0.000	0	5.5	0.0233	218	176.106	0.0000	0.000	0.000	0.0000	0.00	0.0e0	0	**否**		过
W08	28.00	28.00	1	导航	2.000	59.00	56×29	988	25836.84	25837.09	+0.001	988.89	988.24	-0.066	991.01	+0.215	50.586	25546.97	25547.00	+0.000	0	5.5	0.0076	106	174.106	0.0000	0.000	0.000	0.0000	0.00	0.0e0	0	**否**		过
W08	28.00	28.00	1	判决	1.000	59.00	108×57	3664	25836.84	25837.09	+0.001	988.89	989.14	+0.025	1006.05	+1.736	0.435	25546.97	25547.00	+0.000	0	5.5	0.0233	218	176.106	0.0000	0.000	0.000	0.0000	0.00	0.0e0	0	**否**		过
W08	28.00	28.00	2	导航	2.000	59.00	56×29	988	25836.84	25837.09	+0.001	988.89	988.24	-0.066	991.01	+0.215	50.586	25546.97	25547.00	+0.000	0	5.5	0.0076	106	174.106	0.0000	0.000	0.000	0.0000	0.00	0.0e0	0	**否**		过
W08	28.00	28.00	2	判决	1.000	59.00	108×57	3664	25836.84	25837.09	+0.001	988.89	989.14	+0.025	1006.05	+1.736	0.435	25546.97	25547.00	+0.000	0	5.5	0.0233	218	176.106	0.0000	0.000	0.000	0.0000	0.00	0.0e0	0	**否**		过
W08	28.00	28.00	3	导航	2.000	59.00	56×29	988	14901.88	14902.02	+0.001	561.44	561.06	-0.068	562.66	+0.217	48.612	14743.86	14743.88	+0.000	0	5.5	0.0076	106	174.106	0.0000	0.000	0.000	0.0000	0.00	0.0e0	0	**否**		过
W08	28.00	28.00	3	判决	1.000	59.00	108×57	3664	14901.88	14902.02	+0.001	561.44	561.58	+0.024	571.34	+1.763	0.435	14743.86	14743.88	+0.000	0	5.5	0.0233	218	176.106	0.0000	0.000	0.000	0.0000	0.00	0.0e0	0	**否**		过
W08	28.00	26.00	0	导航	2.000	62.64	58×29	974	16006.68	16006.88	+0.001	523.28	523.43	+0.030	544.11	+3.981	48.612	15808.56	15808.58	+0.000	0	6.4	0.0025	100	162.106	0.0000	0.000	0.000	0.0000	0.00	0.0e0	0	**否**		过
W08	28.00	26.00	0	判决	1.000	62.64	113×57	3616	16006.68	16006.88	+0.001	523.28	523.46	+0.034	530.07	+1.298	0.435	15808.56	15808.58	+0.000	0	5.5	0.0099	208	164.106	0.0000	0.000	0.000	0.0000	0.00	0.0e0	0	**否**		过
W08	28.00	26.00	1	导航	2.000	62.64	58×29	974	27724.48	27724.83	+0.001	926.28	926.57	+0.032	962.35	+3.895	50.586	27360.96	27361.00	+0.000	0	6.4	0.0025	100	162.106	0.0000	0.000	0.000	0.0000	0.00	0.0e0	0	**否**		过
W08	28.00	26.00	1	判决	1.000	62.64	113×57	3616	27724.48	27724.83	+0.001	926.28	926.61	+0.035	938.05	+1.271	0.435	27360.96	27361.00	+0.000	0	5.5	0.0099	208	164.106	0.0000	0.000	0.000	0.0000	0.00	0.0e0	0	**否**		过
W08	28.00	26.00	2	导航	2.000	62.64	58×29	974	27724.48	27724.83	+0.001	926.28	926.57	+0.032	962.35	+3.895	50.586	27360.96	27361.00	+0.000	0	6.4	0.0025	100	162.106	0.0000	0.000	0.000	0.0000	0.00	0.0e0	0	**否**		过
W08	28.00	26.00	2	判决	1.000	62.64	113×57	3616	27724.48	27724.83	+0.001	926.28	926.61	+0.035	938.05	+1.271	0.435	27360.96	27361.00	+0.000	0	5.5	0.0099	208	164.106	0.0000	0.000	0.000	0.0000	0.00	0.0e0	0	**否**		过
W08	28.00	26.00	3	导航	2.000	62.64	58×29	974	16006.68	16006.88	+0.001	523.28	523.43	+0.030	544.11	+3.981	48.612	15808.56	15808.58	+0.000	0	6.4	0.0025	100	162.106	0.0000	0.000	0.000	0.0000	0.00	0.0e0	0	**否**		过
W08	28.00	26.00	3	判决	1.000	62.64	113×57	3616	16006.68	16006.88	+0.001	523.28	523.46	+0.034	530.07	+1.298	0.435	15808.56	15808.58	+0.000	0	5.5	0.0099	208	164.106	0.0000	0.000	0.000	0.0000	0.00	0.0e0	0	**否**		过
W08	28.25	30.00	0	导航	几何不成立（舌半宽 30 > 盘半径 28.25，不进门）
W08	28.25	30.00	0	判决	几何不成立（舌半宽 30 > 盘半径 28.25，不进门）
W08	28.25	30.00	1	导航	几何不成立（舌半宽 30 > 盘半径 28.25，不进门）
W08	28.25	30.00	1	判决	几何不成立（舌半宽 30 > 盘半径 28.25，不进门）
W08	28.25	30.00	2	导航	几何不成立（舌半宽 30 > 盘半径 28.25，不进门）
W08	28.25	30.00	2	判决	几何不成立（舌半宽 30 > 盘半径 28.25，不进门）
W08	28.25	30.00	3	导航	几何不成立（舌半宽 30 > 盘半径 28.25，不进门）
W08	28.25	30.00	3	判决	几何不成立（舌半宽 30 > 盘半径 28.25，不进门）
W08	28.25	28.00	0	导航	2.000	60.31	57×29	1012	15351.93	15352.08	+0.001	601.00	601.12	+0.020	613.44	+2.071	46.828	15162.28	15162.29	+0.000	0	5.5	0.0500	102	162.106	0.0000	0.000	0.000	0.0000	0.00	0.0e0	0	**否**		过
W08	28.25	28.00	0	判决	1.000	60.31	110×59	3748	15351.93	15352.08	+0.001	601.00	601.16	+0.027	591.74	-1.540	2.462	15162.28	15162.29	+0.000	0	5.5	0.0005	210	166.106	0.0000	0.000	0.000	0.0000	0.00	0.0e0	0	**否**		过
W08	28.25	28.00	1	导航	2.000	60.31	57×29	1012	26617.98	26618.27	+0.001	1058.76	1058.99	+0.021	1080.35	+2.039	48.827	26271.96	26271.99	+0.000	0	5.5	0.0500	102	162.106	0.0000	0.000	0.000	0.0000	0.00	0.0e0	0	**否**		过
W08	28.25	28.00	1	判决	1.000	60.31	110×59	3748	26617.98	26618.27	+0.001	1058.76	1059.07	+0.029	1042.75	-1.512	2.462	26271.96	26271.99	+0.000	0	5.5	0.0005	210	166.106	0.0000	0.000	0.000	0.0000	0.00	0.0e0	0	**否**		过
W08	28.25	28.00	2	导航	2.000	60.31	57×29	1012	26617.98	26618.27	+0.001	1058.76	1058.99	+0.021	1080.35	+2.039	48.827	26271.96	26271.99	+0.000	0	5.5	0.0500	102	162.106	0.0000	0.000	0.000	0.0000	0.00	0.0e0	0	**否**		过
W08	28.25	28.00	2	判决	1.000	60.31	110×59	3748	26617.98	26618.27	+0.001	1058.76	1059.07	+0.029	1042.75	-1.512	2.462	26271.96	26271.99	+0.000	0	5.5	0.0005	210	166.106	0.0000	0.000	0.000	0.0000	0.00	0.0e0	0	**否**		过
W08	28.25	28.00	3	导航	2.000	60.31	57×29	1012	15351.93	15352.08	+0.001	601.00	601.12	+0.020	613.44	+2.071	46.828	15162.28	15162.29	+0.000	0	5.5	0.0500	102	162.106	0.0000	0.000	0.000	0.0000	0.00	0.0e0	0	**否**		过
W08	28.25	28.00	3	判决	1.000	60.31	110×59	3748	15351.93	15352.08	+0.001	601.00	601.16	+0.027	591.74	-1.540	2.462	15162.28	15162.29	+0.000	0	5.5	0.0005	210	166.106	0.0000	0.000	0.000	0.0000	0.00	0.0e0	0	**否**		过
W08	28.25	26.00	0	导航	2.000	62.87	59×29	984	16101.68	16101.88	+0.001	577.26	577.46	+0.034	582.95	+0.985	46.828	15880.59	15880.62	+0.000	0	5.5	0.0026	102	162.106	0.0000	0.000	0.000	0.0000	0.00	0.0e0	0	**否**		过
W08	28.25	26.00	0	判决	1.000	62.87	113×59	3638	16101.68	16101.88	+0.001	577.26	577.46	+0.034	573.59	-0.637	2.462	15880.59	15880.62	+0.000	0	5.5	0.0005	204	162.106	0.0000	0.000	0.000	0.0000	0.00	0.0e0	0	**否**		过
W08	28.25	26.00	1	导航	2.000	62.87	59×29	984	27889.08	27889.45	+0.001	1019.90	1020.26	+0.036	1029.76	+0.967	48.827	27485.64	27485.68	+0.000	0	5.5	0.0026	102	162.106	0.0000	0.000	0.000	0.0000	0.00	0.0e0	0	**否**		过
W08	28.25	26.00	1	判决	1.000	62.87	113×59	3638	27889.08	27889.46	+0.001	1019.90	1020.26	+0.035	1013.56	-0.621	2.462	27485.64	27485.68	+0.000	0	5.5	0.0005	204	162.106	0.0000	0.000	0.000	0.0000	0.00	0.0e0	0	**否**		过
W08	28.25	26.00	2	导航	2.000	62.87	59×29	984	27889.08	27889.45	+0.001	1019.90	1020.26	+0.036	1029.76	+0.967	48.827	27485.64	27485.68	+0.000	0	5.5	0.0026	102	162.106	0.0000	0.000	0.000	0.0000	0.00	0.0e0	0	**否**		过
W08	28.25	26.00	2	判决	1.000	62.87	113×59	3638	27889.08	27889.46	+0.001	1019.90	1020.26	+0.035	1013.56	-0.621	2.462	27485.64	27485.68	+0.000	0	5.5	0.0005	204	162.106	0.0000	0.000	0.000	0.0000	0.00	0.0e0	0	**否**		过
W08	28.25	26.00	3	导航	2.000	62.87	59×29	984	16101.68	16101.88	+0.001	577.26	577.46	+0.034	582.95	+0.985	46.828	15880.59	15880.62	+0.000	0	5.5	0.0026	102	162.106	0.0000	0.000	0.000	0.0000	0.00	0.0e0	0	**否**		过
W08	28.25	26.00	3	判决	1.000	62.87	113×59	3638	16101.68	16101.88	+0.001	577.26	577.46	+0.034	573.59	-0.637	2.462	15880.59	15880.62	+0.000	0	5.5	0.0005	204	162.106	0.0000	0.000	0.000	0.0000	0.00	0.0e0	0	**否**		过
W08	28.50	30.00	0	导航	几何不成立（舌半宽 30 > 盘半径 28.5，不进门）
W08	28.50	30.00	0	判决	几何不成立（舌半宽 30 > 盘半径 28.5，不进门）
W08	28.50	30.00	1	导航	几何不成立（舌半宽 30 > 盘半径 28.5，不进门）
W08	28.50	30.00	1	判决	几何不成立（舌半宽 30 > 盘半径 28.5，不进门）
W08	28.50	30.00	2	导航	几何不成立（舌半宽 30 > 盘半径 28.5，不进门）
W08	28.50	30.00	2	判决	几何不成立（舌半宽 30 > 盘半径 28.5，不进门）
W08	28.50	30.00	3	导航	几何不成立（舌半宽 30 > 盘半径 28.5，不进门）
W08	28.50	30.00	3	判决	几何不成立（舌半宽 30 > 盘半径 28.5，不进门）
W08	28.50	28.00	0	导航	2.000	60.86	58×31	1028	15549.19	15549.35	+0.001	651.45	651.60	+0.024	654.47	+0.464	2.466	15334.77	15334.79	+0.000	0	5.5	0.0012	102	162.106	0.0000	0.000	0.000	0.0000	0.00	0.0e0	0	**否**		过
W08	28.50	28.00	0	判决	1.000	60.86	111×59	3810	15549.19	15549.35	+0.001	651.45	651.61	+0.026	641.45	-1.535	0.347	15334.77	15334.79	+0.000	0	5.5	0.0023	206	162.106	0.0000	0.000	0.000	0.0000	0.00	0.0e0	0	**否**		过
W08	28.50	28.00	1	导航	2.000	60.86	58×31	1028	26960.27	26960.58	+0.001	1146.67	1146.96	+0.025	1151.93	+0.458	2.466	26570.84	26570.88	+0.000	0	5.5	0.0012	102	162.106	0.0000	0.000	0.000	0.0000	0.00	0.0e0	0	**否**		过
W08	28.50	28.00	1	判决	1.000	60.86	111×59	3810	26960.27	26960.58	+0.001	1146.67	1146.98	+0.027	1129.37	-1.509	0.348	26570.84	26570.88	+0.000	0	5.5	0.0023	206	162.106	0.0000	0.000	0.000	0.0000	0.00	0.0e0	0	**否**		过
W08	28.50	28.00	2	导航	2.000	60.86	58×31	1028	26960.27	26960.58	+0.001	1146.67	1146.96	+0.025	1151.93	+0.458	2.466	26570.84	26570.88	+0.000	0	5.5	0.0012	102	162.106	0.0000	0.000	0.000	0.0000	0.00	0.0e0	0	**否**		过
W08	28.50	28.00	2	判决	1.000	60.86	111×59	3810	26960.27	26960.58	+0.001	1146.67	1146.98	+0.027	1129.37	-1.509	0.348	26570.84	26570.88	+0.000	0	5.5	0.0023	206	162.106	0.0000	0.000	0.000	0.0000	0.00	0.0e0	0	**否**		过
W08	28.50	28.00	3	导航	2.000	60.86	58×31	1028	15549.19	15549.35	+0.001	651.45	651.60	+0.024	654.47	+0.464	2.466	15334.77	15334.79	+0.000	0	5.5	0.0012	102	162.106	0.0000	0.000	0.000	0.0000	0.00	0.0e0	0	**否**		过
W08	28.50	28.00	3	判决	1.000	60.86	111×59	3810	15549.19	15549.35	+0.001	651.45	651.61	+0.026	641.45	-1.535	0.347	15334.77	15334.79	+0.000	0	5.5	0.0023	206	162.106	0.0000	0.000	0.000	0.0000	0.00	0.0e0	0	**否**		过
W08	28.50	26.00	0	导航	2.000	63.09	60×31	1016	16192.87	16193.09	+0.001	630.95	631.15	+0.032	636.70	+0.912	2.466	15948.29	15948.32	+0.000	0	5.5	0.0014	102	162.106	0.0000	0.000	0.000	0.0000	0.00	0.0e0	0	**否**		过
W08	28.50	26.00	0	判决	1.000	63.09	114×59	3706	16192.87	16193.09	+0.001	630.95	631.14	+0.030	632.02	+0.170	0.360	15948.29	15948.32	+0.000	0	5.5	0.0026	206	162.106	0.0000	0.000	0.000	0.0000	0.00	0.0e0	0	**否**		过
W08	28.50	26.00	1	导航	2.000	63.09	60×31	1016	28047.09	28047.49	+0.001	1112.99	1113.36	+0.033	1122.97	+0.897	2.466	27602.81	27602.85	+0.000	0	5.5	0.0014	102	162.106	0.0000	0.000	0.000	0.0000	0.00	0.0e0	0	**否**		过
W08	28.50	26.00	1	判决	1.000	63.09	114×59	3706	28047.09	28047.49	+0.001	1112.99	1113.34	+0.032	1114.88	+0.169	0.360	27602.81	27602.85	+0.000	0	5.5	0.0026	206	162.106	0.0000	0.000	0.000	0.0000	0.00	0.0e0	0	**否**		过
W08	28.50	26.00	2	导航	2.000	63.09	60×31	1016	28047.09	28047.49	+0.001	1112.99	1113.36	+0.033	1122.97	+0.897	2.466	27602.81	27602.85	+0.000	0	5.5	0.0014	102	162.106	0.0000	0.000	0.000	0.0000	0.00	0.0e0	0	**否**		过
W08	28.50	26.00	2	判决	1.000	63.09	114×59	3706	28047.09	28047.49	+0.001	1112.99	1113.34	+0.032	1114.88	+0.169	0.360	27602.81	27602.85	+0.000	0	5.5	0.0026	206	162.106	0.0000	0.000	0.000	0.0000	0.00	0.0e0	0	**否**		过
W08	28.50	26.00	3	导航	2.000	63.09	60×31	1016	16192.87	16193.09	+0.001	630.95	631.15	+0.032	636.70	+0.912	2.466	15948.29	15948.32	+0.000	0	5.5	0.0014	102	162.106	0.0000	0.000	0.000	0.0000	0.00	0.0e0	0	**否**		过
W08	28.50	26.00	3	判决	1.000	63.09	114×59	3706	16192.87	16193.09	+0.001	630.95	631.14	+0.030	632.02	+0.170	0.360	15948.29	15948.32	+0.000	0	5.5	0.0026	206	162.106	0.0000	0.000	0.000	0.0000	0.00	0.0e0	0	**否**		过
W08	28.75	30.00	0	导航	几何不成立（舌半宽 30 > 盘半径 28.75，不进门）
W08	28.75	30.00	0	判决	几何不成立（舌半宽 30 > 盘半径 28.75，不进门）
W08	28.75	30.00	1	导航	几何不成立（舌半宽 30 > 盘半径 28.75，不进门）
W08	28.75	30.00	1	判决	几何不成立（舌半宽 30 > 盘半径 28.75，不进门）
W08	28.75	30.00	2	导航	几何不成立（舌半宽 30 > 盘半径 28.75，不进门）
W08	28.75	30.00	2	判决	几何不成立（舌半宽 30 > 盘半径 28.75，不进门）
W08	28.75	30.00	3	导航	几何不成立（舌半宽 30 > 盘半径 28.75，不进门）
W08	28.75	30.00	3	判决	几何不成立（舌半宽 30 > 盘半径 28.75，不进门）
W08	28.75	28.00	0	导航	2.000	61.28	59×31	1060	15705.29	15705.48	+0.001	702.92	703.13	+0.030	723.79	+2.969	0.347	15466.51	15466.53	+0.000	0	5.5	0.0014	102	162.106	0.0000	0.000	0.000	0.0000	0.00	0.0e0	0	**否**		过
W08	28.75	28.00	0	判决	1.000	61.28	111×59	3842	15705.29	15705.48	+0.001	702.92	703.12	+0.028	706.43	+0.499	0.411	15466.51	15466.53	+0.000	0	6.4	0.0028	206	162.106	0.0000	0.000	0.000	0.0000	0.00	0.0e0	0	**否**		过
W08	28.75	28.00	1	导航	2.000	61.28	59×31	1060	27231.11	27231.45	+0.001	1236.22	1236.60	+0.031	1272.40	+2.926	0.347	26799.11	26799.15	+0.000	0	5.5	0.0014	102	162.106	0.0000	0.000	0.000	0.0000	0.00	0.0e0	0	**否**		过
W08	28.75	28.00	1	判决	1.000	61.28	111×59	3842	27231.11	27231.45	+0.001	1236.22	1236.58	+0.029	1242.32	+0.493	0.411	26799.11	26799.15	+0.000	0	6.4	0.0028	206	162.106	0.0000	0.000	0.000	0.0000	0.00	0.0e0	0	**否**		过
W08	28.75	28.00	2	导航	2.000	61.28	59×31	1060	27231.11	27231.45	+0.001	1236.22	1236.60	+0.031	1272.40	+2.926	0.347	26799.11	26799.15	+0.000	0	5.5	0.0014	102	162.106	0.0000	0.000	0.000	0.0000	0.00	0.0e0	0	**否**		过
W08	28.75	28.00	2	判决	1.000	61.28	111×59	3842	27231.11	27231.45	+0.001	1236.22	1236.58	+0.029	1242.32	+0.493	0.411	26799.11	26799.15	+0.000	0	6.4	0.0028	206	162.106	0.0000	0.000	0.000	0.0000	0.00	0.0e0	0	**否**		过
W08	28.75	28.00	3	导航	2.000	61.28	59×31	1060	15705.29	15705.48	+0.001	702.92	703.13	+0.030	723.79	+2.969	0.347	15466.51	15466.53	+0.000	0	5.5	0.0014	102	162.106	0.0000	0.000	0.000	0.0000	0.00	0.0e0	0	**否**		过
W08	28.75	28.00	3	判决	1.000	61.28	111×59	3842	15705.29	15705.48	+0.001	702.92	703.12	+0.028	706.43	+0.499	0.411	15466.51	15466.53	+0.000	0	6.4	0.0028	206	162.106	0.0000	0.000	0.000	0.0000	0.00	0.0e0	0	**否**		过
W08	28.75	26.00	0	导航	2.000	63.29	60×31	1034	16280.84	16281.07	+0.001	684.31	684.56	+0.037	687.24	+0.428	0.360	16012.23	16012.26	+0.000	0	5.5	0.0039	100	162.106	0.0000	0.000	0.000	0.0000	0.00	0.0e0	0	**否**		过
W08	28.75	26.00	0	判决	1.000	63.29	115×59	3758	16280.84	16281.07	+0.001	684.31	684.54	+0.034	682.56	-0.256	0.411	16012.23	16012.26	+0.000	0	5.5	0.0110	206	162.106	0.0000	0.000	0.000	0.0000	0.00	0.0e0	0	**否**		过
W08	28.75	26.00	1	导航	2.000	63.29	60×31	1034	28199.50	28199.93	+0.002	1205.51	1205.97	+0.038	1210.60	+0.423	0.360	27713.47	27713.53	+0.000	0	5.5	0.0039	100	162.106	0.0000	0.000	0.000	0.0000	0.00	0.0e0	0	**否**		过
W08	28.75	26.00	1	判决	1.000	63.29	115×59	3758	28199.50	28199.93	+0.002	1205.51	1205.93	+0.035	1202.50	-0.249	0.411	27713.47	27713.53	+0.000	0	5.5	0.0110	206	162.106	0.0000	0.000	0.000	0.0000	0.00	0.0e0	0	**否**		过
W08	28.75	26.00	2	导航	2.000	63.29	60×31	1034	28199.50	28199.93	+0.002	1205.51	1205.97	+0.038	1210.60	+0.423	0.360	27713.47	27713.53	+0.000	0	5.5	0.0039	100	162.106	0.0000	0.000	0.000	0.0000	0.00	0.0e0	0	**否**		过
W08	28.75	26.00	2	判决	1.000	63.29	115×59	3758	28199.50	28199.93	+0.002	1205.51	1205.93	+0.035	1202.50	-0.249	0.411	27713.47	27713.53	+0.000	0	5.5	0.0110	206	162.106	0.0000	0.000	0.000	0.0000	0.00	0.0e0	0	**否**		过
W08	28.75	26.00	3	导航	2.000	63.29	60×31	1034	16280.84	16281.07	+0.001	684.31	684.56	+0.037	687.24	+0.428	0.360	16012.23	16012.26	+0.000	0	5.5	0.0039	100	162.106	0.0000	0.000	0.000	0.0000	0.00	0.0e0	0	**否**		过
W08	28.75	26.00	3	判决	1.000	63.29	115×59	3758	16280.84	16281.07	+0.001	684.31	684.54	+0.034	682.56	-0.256	0.411	16012.23	16012.26	+0.000	0	5.5	0.0110	206	162.106	0.0000	0.000	0.000	0.0000	0.00	0.0e0	0	**否**		过
W08	29.00	30.00	0	导航	几何不成立（舌半宽 30 > 盘半径 29，不进门）
W08	29.00	30.00	0	判决	几何不成立（舌半宽 30 > 盘半径 29，不进门）
W08	29.00	30.00	1	导航	几何不成立（舌半宽 30 > 盘半径 29，不进门）
W08	29.00	30.00	1	判决	几何不成立（舌半宽 30 > 盘半径 29，不进门）
W08	29.00	30.00	2	导航	几何不成立（舌半宽 30 > 盘半径 29，不进门）
W08	29.00	30.00	2	判决	几何不成立（舌半宽 30 > 盘半径 29，不进门）
W08	29.00	30.00	3	导航	几何不成立（舌半宽 30 > 盘半径 29，不进门）
W08	29.00	30.00	3	判决	几何不成立（舌半宽 30 > 盘半径 29，不进门）
W08	29.00	28.00	0	导航	2.000	61.64	59×31	1076	15840.30	15840.49	+0.001	754.76	754.95	+0.025	789.36	+4.583	0.347	15577.01	15577.04	+0.000	0	5.5	0.0016	102	162.106	0.0000	0.000	0.000	0.0000	0.00	0.0e0	0	**否**		过
W08	29.00	28.00	0	判决	1.000	61.64	112×59	3914	15840.30	15840.49	+0.001	754.76	754.94	+0.023	750.30	-0.592	0.347	15577.01	15577.04	+0.000	0	6.4	0.0032	206	162.106	0.0000	0.000	0.000	0.0000	0.00	0.0e0	0	**否**		过
W08	29.00	28.00	1	导航	2.000	61.64	59×31	1076	27465.32	27465.67	+0.001	1326.32	1326.66	+0.026	1386.28	+4.521	0.348	26990.59	26990.63	+0.000	0	5.5	0.0016	102	162.106	0.0000	0.000	0.000	0.0000	0.00	0.0e0	0	**否**		过
W08	29.00	28.00	1	判决	1.000	61.64	112×59	3914	27465.32	27465.67	+0.001	1326.32	1326.64	+0.024	1318.60	-0.582	0.348	26990.59	26990.63	+0.000	0	6.4	0.0032	206	162.106	0.0000	0.000	0.000	0.0000	0.00	0.0e0	0	**否**		过
W08	29.00	28.00	2	导航	2.000	61.64	59×31	1076	27465.32	27465.67	+0.001	1326.32	1326.66	+0.026	1386.28	+4.521	0.348	26990.59	26990.63	+0.000	0	5.5	0.0016	102	162.106	0.0000	0.000	0.000	0.0000	0.00	0.0e0	0	**否**		过
W08	29.00	28.00	2	判决	1.000	61.64	112×59	3914	27465.32	27465.67	+0.001	1326.32	1326.64	+0.024	1318.60	-0.582	0.348	26990.59	26990.63	+0.000	0	6.4	0.0032	206	162.106	0.0000	0.000	0.000	0.0000	0.00	0.0e0	0	**否**		过
W08	29.00	28.00	3	导航	2.000	61.64	59×31	1076	15840.30	15840.49	+0.001	754.76	754.95	+0.025	789.36	+4.583	0.347	15577.01	15577.04	+0.000	0	5.5	0.0016	102	162.106	0.0000	0.000	0.000	0.0000	0.00	0.0e0	0	**否**		过
W08	29.00	28.00	3	判决	1.000	61.64	112×59	3914	15840.30	15840.49	+0.001	754.76	754.94	+0.023	750.30	-0.592	0.347	15577.01	15577.04	+0.000	0	6.4	0.0032	206	162.106	0.0000	0.000	0.000	0.0000	0.00	0.0e0	0	**否**		过
W08	29.00	26.00	0	导航	2.000	63.50	61×31	1050	16366.05	16366.28	+0.001	737.43	737.59	+0.021	753.71	+2.208	0.360	16072.87	16072.90	+0.000	0	5.5	0.0045	102	162.106	0.0000	0.000	0.000	0.0000	0.00	0.0e0	0	**否**		过
W08	29.00	26.00	0	判决	1.000	63.50	114×59	3756	16366.05	16366.28	+0.001	737.43	737.66	+0.031	739.67	+0.304	0.360	16072.87	16072.90	+0.000	0	5.5	0.0178	204	162.106	0.0000	0.000	0.000	0.0000	0.00	0.0e0	0	**否**		过
W08	29.00	26.00	1	导航	2.000	63.50	61×31	1050	28347.13	28347.56	+0.001	1297.61	1297.90	+0.023	1325.81	+2.174	0.360	27818.42	27818.48	+0.000	0	5.5	0.0045	102	162.106	0.0000	0.000	0.000	0.0000	0.00	0.0e0	0	**否**		过
W08	29.00	26.00	1	判决	1.000	63.50	114×59	3756	28347.13	28347.56	+0.001	1297.61	1298.02	+0.032	1301.51	+0.301	0.360	27818.42	27818.48	+0.000	0	5.5	0.0178	204	162.106	0.0000	0.000	0.000	0.0000	0.00	0.0e0	0	**否**		过
W08	29.00	26.00	2	导航	2.000	63.50	61×31	1050	28347.13	28347.56	+0.001	1297.61	1297.90	+0.023	1325.81	+2.174	0.360	27818.42	27818.48	+0.000	0	5.5	0.0045	102	162.106	0.0000	0.000	0.000	0.0000	0.00	0.0e0	0	**否**		过
W08	29.00	26.00	2	判决	1.000	63.50	114×59	3756	28347.13	28347.56	+0.001	1297.61	1298.02	+0.032	1301.51	+0.301	0.360	27818.42	27818.48	+0.000	0	5.5	0.0178	204	162.106	0.0000	0.000	0.000	0.0000	0.00	0.0e0	0	**否**		过
W08	29.00	26.00	3	导航	2.000	63.50	61×31	1050	16366.05	16366.28	+0.001	737.43	737.59	+0.021	753.71	+2.208	0.360	16072.87	16072.90	+0.000	0	5.5	0.0045	102	162.106	0.0000	0.000	0.000	0.0000	0.00	0.0e0	0	**否**		过
W08	29.00	26.00	3	判决	1.000	63.50	114×59	3756	16366.05	16366.28	+0.001	737.43	737.66	+0.031	739.67	+0.304	0.360	16072.87	16072.90	+0.000	0	5.5	0.0178	204	162.106	0.0000	0.000	0.000	0.0000	0.00	0.0e0	0	**否**		过
W08	29.25	30.00	0	导航	几何不成立（舌半宽 30 > 盘半径 29.25，不进门）
W08	29.25	30.00	0	判决	几何不成立（舌半宽 30 > 盘半径 29.25，不进门）
W08	29.25	30.00	1	导航	几何不成立（舌半宽 30 > 盘半径 29.25，不进门）
W08	29.25	30.00	1	判决	几何不成立（舌半宽 30 > 盘半径 29.25，不进门）
W08	29.25	30.00	2	导航	几何不成立（舌半宽 30 > 盘半径 29.25，不进门）
W08	29.25	30.00	2	判决	几何不成立（舌半宽 30 > 盘半径 29.25，不进门）
W08	29.25	30.00	3	导航	几何不成立（舌半宽 30 > 盘半径 29.25，不进门）
W08	29.25	30.00	3	判决	几何不成立（舌半宽 30 > 盘半径 29.25，不进门）
W08	29.25	28.00	0	导航	2.000	61.96	58×31	1064	15961.91	15962.12	+0.001	806.64	806.88	+0.029	789.46	-2.130	0.448	15673.84	15673.87	+0.000	0	6.4	0.0018	100	162.106	0.0000	0.000	0.000	0.0000	0.00	0.0e0	0	**否**		过
W08	29.25	28.00	0	判决	1.000	61.96	114×61	4016	15961.91	15962.12	+0.001	806.64	806.86	+0.027	806.82	+0.022	0.784	15673.84	15673.87	+0.000	0	5.5	0.0020	206	162.106	0.0000	0.000	0.000	0.0000	0.00	0.0e0	0	**否**		过
W08	29.25	28.00	1	导航	2.000	61.96	58×31	1064	27676.26	27676.64	+0.001	1416.45	1416.87	+0.030	1386.69	-2.101	0.448	27158.35	27158.40	+0.000	0	6.4	0.0018	100	162.106	0.0000	0.000	0.000	0.0000	0.00	0.0e0	0	**否**		过
W08	29.25	28.00	1	判决	1.000	61.96	114×61	4016	27676.26	27676.64	+0.001	1416.45	1416.84	+0.028	1416.77	+0.023	0.784	27158.35	27158.40	+0.000	0	5.5	0.0020	206	162.106	0.0000	0.000	0.000	0.0000	0.00	0.0e0	0	**否**		过
W08	29.25	28.00	2	导航	2.000	61.96	58×31	1064	27676.26	27676.64	+0.001	1416.45	1416.87	+0.030	1386.69	-2.101	0.448	27158.35	27158.40	+0.000	0	6.4	0.0018	100	162.106	0.0000	0.000	0.000	0.0000	0.00	0.0e0	0	**否**		过
W08	29.25	28.00	2	判决	1.000	61.96	114×61	4016	27676.26	27676.64	+0.001	1416.45	1416.84	+0.028	1416.77	+0.023	0.784	27158.35	27158.40	+0.000	0	5.5	0.0020	206	162.106	0.0000	0.000	0.000	0.0000	0.00	0.0e0	0	**否**		过
W08	29.25	28.00	3	导航	2.000	61.96	58×31	1064	15961.91	15962.12	+0.001	806.64	806.88	+0.029	789.46	-2.130	0.448	15673.84	15673.87	+0.000	0	6.4	0.0018	100	162.106	0.0000	0.000	0.000	0.0000	0.00	0.0e0	0	**否**		过
W08	29.25	28.00	3	判决	1.000	61.96	114×61	4016	15961.91	15962.12	+0.001	806.64	806.86	+0.027	806.82	+0.022	0.784	15673.84	15673.87	+0.000	0	5.5	0.0020	206	162.106	0.0000	0.000	0.000	0.0000	0.00	0.0e0	0	**否**		过
W08	29.25	26.00	0	导航	2.000	63.69	61×31	1058	16448.80	16449.06	+0.002	790.25	790.51	+0.034	761.61	-3.624	0.448	16130.55	16130.59	+0.000	0	5.5	0.0050	102	162.106	0.0000	0.000	0.000	0.0000	0.00	0.0e0	0	**否**		过
W08	29.25	26.00	0	判决	1.000	63.69	116×61	3840	16448.80	16449.06	+0.002	790.25	790.51	+0.034	789.69	-0.071	0.784	16130.55	16130.59	+0.000	0	5.5	0.0020	206	162.106	0.0000	0.000	0.000	0.0000	0.00	0.0e0	0	**否**		过
W08	29.25	26.00	1	导航	2.000	63.69	61×31	1058	28490.52	28490.98	+0.002	1389.17	1389.65	+0.035	1339.62	-3.567	0.448	27918.27	27918.33	+0.000	0	5.5	0.0050	102	162.106	0.0000	0.000	0.000	0.0000	0.00	0.0e0	0	**否**		过
W08	29.25	26.00	1	判决	1.000	63.69	116×61	3840	28490.52	28490.98	+0.002	1389.17	1389.65	+0.035	1388.22	-0.068	0.784	27918.27	27918.33	+0.000	0	5.5	0.0020	206	162.106	0.0000	0.000	0.000	0.0000	0.00	0.0e0	0	**否**		过
W08	29.25	26.00	2	导航	2.000	63.69	61×31	1058	28490.52	28490.98	+0.002	1389.17	1389.65	+0.035	1339.62	-3.567	0.448	27918.27	27918.33	+0.000	0	5.5	0.0050	102	162.106	0.0000	0.000	0.000	0.0000	0.00	0.0e0	0	**否**		过
W08	29.25	26.00	2	判决	1.000	63.69	116×61	3840	28490.52	28490.98	+0.002	1389.17	1389.65	+0.035	1388.22	-0.068	0.784	27918.27	27918.33	+0.000	0	5.5	0.0020	206	162.106	0.0000	0.000	0.000	0.0000	0.00	0.0e0	0	**否**		过
W08	29.25	26.00	3	导航	2.000	63.69	61×31	1058	16448.80	16449.06	+0.002	790.25	790.51	+0.034	761.61	-3.624	0.448	16130.55	16130.59	+0.000	0	5.5	0.0050	102	162.106	0.0000	0.000	0.000	0.0000	0.00	0.0e0	0	**否**		过
W08	29.25	26.00	3	判决	1.000	63.69	116×61	3840	16448.80	16449.06	+0.002	790.25	790.51	+0.034	789.69	-0.071	0.784	16130.55	16130.59	+0.000	0	5.5	0.0020	206	162.106	0.0000	0.000	0.000	0.0000	0.00	0.0e0	0	**否**		过
W08	29.50	30.00	0	导航	几何不成立（舌半宽 30 > 盘半径 29.5，不进门）
W08	29.50	30.00	0	判决	几何不成立（舌半宽 30 > 盘半径 29.5，不进门）
W08	29.50	30.00	1	导航	几何不成立（舌半宽 30 > 盘半径 29.5，不进门）
W08	29.50	30.00	1	判决	几何不成立（舌半宽 30 > 盘半径 29.5，不进门）
W08	29.50	30.00	2	导航	几何不成立（舌半宽 30 > 盘半径 29.5，不进门）
W08	29.50	30.00	2	判决	几何不成立（舌半宽 30 > 盘半径 29.5，不进门）
W08	29.50	30.00	3	导航	几何不成立（舌半宽 30 > 盘半径 29.5，不进门）
W08	29.50	30.00	3	判决	几何不成立（舌半宽 30 > 盘半径 29.5，不进门）
W08	29.50	28.00	0	导航	2.000	62.25	59×31	1076	16074.11	16074.32	+0.001	858.55	858.72	+0.020	866.93	+0.977	0.347	15760.85	15760.88	+0.000	0	6.4	0.0020	102	162.106	0.0000	0.000	0.000	0.0000	0.00	0.0e0	0	**否**		过
W08	29.50	28.00	0	判决	1.000	62.25	114×61	4028	16074.11	16074.32	+0.001	858.55	858.77	+0.026	858.25	-0.034	0.648	15760.85	15760.88	+0.000	0	5.5	0.0059	206	162.106	0.0000	0.000	0.000	0.0000	0.00	0.0e0	0	**否**		过
W08	29.50	28.00	1	导航	2.000	62.25	59×31	1076	27870.86	27871.25	+0.001	1506.57	1506.89	+0.021	1521.13	+0.966	0.348	27309.13	27309.18	+0.000	0	6.4	0.0020	102	162.106	0.0000	0.000	0.000	0.0000	0.00	0.0e0	0	**否**		过
W08	29.50	28.00	1	判决	1.000	62.25	114×61	4028	27870.86	27871.25	+0.001	1506.57	1506.98	+0.027	1506.09	-0.032	0.648	27309.13	27309.18	+0.000	0	5.5	0.0059	206	162.106	0.0000	0.000	0.000	0.0000	0.00	0.0e0	0	**否**		过
W08	29.50	28.00	2	导航	2.000	62.25	59×31	1076	27870.86	27871.25	+0.001	1506.57	1506.89	+0.021	1521.13	+0.966	0.348	27309.13	27309.18	+0.000	0	6.4	0.0020	102	162.106	0.0000	0.000	0.000	0.0000	0.00	0.0e0	0	**否**		过
W08	29.50	28.00	2	判决	1.000	62.25	114×61	4028	27870.86	27871.25	+0.001	1506.57	1506.98	+0.027	1506.09	-0.032	0.648	27309.13	27309.18	+0.000	0	5.5	0.0059	206	162.106	0.0000	0.000	0.000	0.0000	0.00	0.0e0	0	**否**		过
W08	29.50	28.00	3	导航	2.000	62.25	59×31	1076	16074.11	16074.32	+0.001	858.55	858.72	+0.020	866.93	+0.977	0.347	15760.85	15760.88	+0.000	0	6.4	0.0020	102	162.106	0.0000	0.000	0.000	0.0000	0.00	0.0e0	0	**否**		过
W08	29.50	28.00	3	判决	1.000	62.25	114×61	4028	16074.11	16074.32	+0.001	858.55	858.77	+0.026	858.25	-0.034	0.648	15760.85	15760.88	+0.000	0	5.5	0.0059	206	162.106	0.0000	0.000	0.000	0.0000	0.00	0.0e0	0	**否**		过
W08	29.50	26.00	0	导航	2.000	63.88	60×31	1044	16529.45	16529.70	+0.002	842.86	843.09	+0.027	842.24	-0.075	0.360	16185.58	16185.62	+0.000	0	5.5	0.0055	100	162.106	0.0000	0.000	0.000	0.0000	0.00	0.0e0	0	**否**		过
W08	29.50	26.00	0	判决	1.000	63.88	115×61	3836	16529.45	16529.70	+0.002	842.86	843.11	+0.029	842.24	-0.075	0.648	16185.58	16185.62	+0.000	0	5.9	0.0084	204	162.106	0.0000	0.000	0.000	0.0000	0.00	0.0e0	0	**否**		过
W08	29.50	26.00	1	导航	2.000	63.88	60×31	1044	28630.23	28630.69	+0.002	1480.38	1480.79	+0.028	1479.31	-0.072	0.360	28013.50	28013.57	+0.000	0	5.5	0.0055	100	162.106	0.0000	0.000	0.000	0.0000	0.00	0.0e0	0	**否**		过
W08	29.50	26.00	1	判决	1.000	63.88	115×61	3836	28630.23	28630.69	+0.002	1480.38	1480.83	+0.031	1479.31	-0.072	0.648	28013.50	28013.57	+0.000	0	5.9	0.0084	204	162.106	0.0000	0.000	0.000	0.0000	0.00	0.0e0	0	**否**		过
W08	29.50	26.00	2	导航	2.000	63.88	60×31	1044	28630.23	28630.69	+0.002	1480.38	1480.79	+0.028	1479.31	-0.072	0.360	28013.50	28013.57	+0.000	0	5.5	0.0055	100	162.106	0.0000	0.000	0.000	0.0000	0.00	0.0e0	0	**否**		过
W08	29.50	26.00	2	判决	1.000	63.88	115×61	3836	28630.23	28630.69	+0.002	1480.38	1480.83	+0.031	1479.31	-0.072	0.648	28013.50	28013.57	+0.000	0	5.9	0.0084	204	162.106	0.0000	0.000	0.000	0.0000	0.00	0.0e0	0	**否**		过
W08	29.50	26.00	3	导航	2.000	63.88	60×31	1044	16529.45	16529.70	+0.002	842.86	843.09	+0.027	842.24	-0.075	0.360	16185.58	16185.62	+0.000	0	5.5	0.0055	100	162.106	0.0000	0.000	0.000	0.0000	0.00	0.0e0	0	**否**		过
W08	29.50	26.00	3	判决	1.000	63.88	115×61	3836	16529.45	16529.70	+0.002	842.86	843.11	+0.029	842.24	-0.075	0.648	16185.58	16185.62	+0.000	0	5.9	0.0084	204	162.106	0.0000	0.000	0.000	0.0000	0.00	0.0e0	0	**否**		过
W08	29.75	30.00	0	导航	几何不成立（舌半宽 30 > 盘半径 29.75，不进门）
W08	29.75	30.00	0	判决	几何不成立（舌半宽 30 > 盘半径 29.75，不进门）
W08	29.75	30.00	1	导航	几何不成立（舌半宽 30 > 盘半径 29.75，不进门）
W08	29.75	30.00	1	判决	几何不成立（舌半宽 30 > 盘半径 29.75，不进门）
W08	29.75	30.00	2	导航	几何不成立（舌半宽 30 > 盘半径 29.75，不进门）
W08	29.75	30.00	2	判决	几何不成立（舌半宽 30 > 盘半径 29.75，不进门）
W08	29.75	30.00	3	导航	几何不成立（舌半宽 30 > 盘半径 29.75，不进门）
W08	29.75	30.00	3	判决	几何不成立（舌半宽 30 > 盘半径 29.75，不进门）
W08	29.75	28.00	0	导航	2.000	62.52	59×31	1102	16179.21	16179.43	+0.001	910.36	910.59	+0.025	902.60	-0.853	27.467	15840.36	15840.39	+0.000	0	6.4	0.0001	100	162.106	0.0000	0.000	0.000	0.0000	0.00	0.0e0	0	**否**		过
W08	29.75	28.00	0	判决	1.000	62.52	114×61	4096	16179.21	16179.43	+0.001	910.36	910.58	+0.025	902.60	-0.853	6.805	15840.36	15840.39	+0.000	0	5.5	0.0003	204	162.106	0.0000	0.000	0.000	0.0000	0.00	0.0e0	0	**否**		过
W08	29.75	28.00	1	导航	2.000	62.52	59×31	1102	28053.15	28053.55	+0.001	1596.52	1596.94	+0.026	1583.10	-0.841	27.467	27446.89	27446.95	+0.000	0	6.4	0.0001	100	162.106	0.0000	0.000	0.000	0.0000	0.00	0.0e0	0	**否**		过
W08	29.75	28.00	1	判决	1.000	62.52	114×61	4096	28053.15	28053.55	+0.001	1596.52	1596.93	+0.026	1583.10	-0.841	6.805	27446.89	27446.95	+0.000	0	5.5	0.0003	204	162.106	0.0000	0.000	0.000	0.0000	0.00	0.0e0	0	**否**		过
W08	29.75	28.00	2	导航	2.000	62.52	59×31	1102	28053.15	28053.55	+0.001	1596.52	1596.94	+0.026	1583.10	-0.841	27.467	27446.89	27446.95	+0.000	0	6.4	0.0001	100	162.106	0.0000	0.000	0.000	0.0000	0.00	0.0e0	0	**否**		过
W08	29.75	28.00	2	判决	1.000	62.52	114×61	4096	28053.15	28053.55	+0.001	1596.52	1596.93	+0.026	1583.10	-0.841	6.805	27446.89	27446.95	+0.000	0	5.5	0.0003	204	162.106	0.0000	0.000	0.000	0.0000	0.00	0.0e0	0	**否**		过
W08	29.75	28.00	3	导航	2.000	62.52	59×31	1102	16179.21	16179.43	+0.001	910.36	910.59	+0.025	902.60	-0.853	27.467	15840.36	15840.39	+0.000	0	6.4	0.0001	100	162.106	0.0000	0.000	0.000	0.0000	0.00	0.0e0	0	**否**		过
W08	29.75	28.00	3	判决	1.000	62.52	114×61	4096	16179.21	16179.43	+0.001	910.36	910.58	+0.025	902.60	-0.853	6.805	15840.36	15840.39	+0.000	0	5.5	0.0003	204	162.106	0.0000	0.000	0.000	0.0000	0.00	0.0e0	0	**否**		过
W08	29.75	26.00	0	导航	2.000	64.06	60×31	1062	16608.17	16608.43	+0.002	895.21	895.49	+0.031	902.24	+0.785	27.467	16238.17	16238.22	+0.000	0	5.5	0.0001	100	162.106	0.0000	0.000	0.000	0.0000	0.00	0.0e0	0	**否**		过
W08	29.75	26.00	0	判决	1.000	64.06	116×61	3902	16608.17	16608.43	+0.002	895.21	895.47	+0.029	897.56	+0.262	6.805	16238.17	16238.22	+0.000	0	5.9	0.0003	206	162.106	0.0000	0.000	0.000	0.0000	0.00	0.0e0	0	**否**		过
W08	29.75	26.00	1	导航	2.000	64.06	60×31	1062	28766.61	28767.09	+0.002	1571.11	1571.61	+0.032	1583.29	+0.775	27.467	28104.53	28104.60	+0.000	0	5.5	0.0001	100	162.106	0.0000	0.000	0.000	0.0000	0.00	0.0e0	0	**否**		过
W08	29.75	26.00	1	判决	1.000	64.06	116×61	3902	28766.61	28767.09	+0.002	1571.11	1571.58	+0.030	1575.19	+0.260	6.805	28104.53	28104.60	+0.000	0	5.9	0.0003	206	162.106	0.0000	0.000	0.000	0.0000	0.00	0.0e0	0	**否**		过
W08	29.75	26.00	2	导航	2.000	64.06	60×31	1062	28766.61	28767.09	+0.002	1571.11	1571.61	+0.032	1583.29	+0.775	27.467	28104.53	28104.60	+0.000	0	5.5	0.0001	100	162.106	0.0000	0.000	0.000	0.0000	0.00	0.0e0	0	**否**		过
W08	29.75	26.00	2	判决	1.000	64.06	116×61	3902	28766.61	28767.09	+0.002	1571.11	1571.58	+0.030	1575.19	+0.260	6.805	28104.53	28104.60	+0.000	0	5.9	0.0003	206	162.106	0.0000	0.000	0.000	0.0000	0.00	0.0e0	0	**否**		过
W08	29.75	26.00	3	导航	2.000	64.06	60×31	1062	16608.17	16608.43	+0.002	895.21	895.49	+0.031	902.24	+0.785	27.467	16238.17	16238.22	+0.000	0	5.5	0.0001	100	162.106	0.0000	0.000	0.000	0.0000	0.00	0.0e0	0	**否**		过
W08	29.75	26.00	3	判决	1.000	64.06	116×61	3902	16608.17	16608.43	+0.002	895.21	895.47	+0.029	897.56	+0.262	6.805	16238.17	16238.22	+0.000	0	5.9	0.0003	206	162.106	0.0000	0.000	0.000	0.0000	0.00	0.0e0	0	**否**		过
W08	30.00	30.00	0	导航	2.000	59.00	57×31	1116	15220.46	15220.62	+0.001	1038.30	1038.45	+0.014	1075.58	+3.590	0.335	14929.43	14929.46	+0.000	0	5.5	0.0180	100	162.106	0.0000	0.000	0.000	0.0000	0.00	0.0e0	0	**否**		过
W08	30.00	30.00	0	判决	1.000	59.00	110×61	4164	15220.46	15220.62	+0.001	1038.30	1038.46	+0.015	1039.04	+0.071	1.923	14929.43	14929.46	+0.000	0	5.5	0.0014	204	162.106	0.0000	0.000	0.000	0.0000	0.00	0.0e0	0	**否**		过
W08	30.00	30.00	1	导航	2.000	59.00	57×31	1116	26333.39	26333.68	+0.001	1811.53	1811.80	+0.014	1876.00	+3.558	0.335	25813.94	25814.00	+0.000	0	5.5	0.0180	100	162.106	0.0000	0.000	0.000	0.0000	0.00	0.0e0	0	**否**		过
W08	30.00	30.00	1	判决	1.000	59.00	110×61	4164	26333.39	26333.68	+0.001	1811.53	1811.81	+0.015	1812.82	+0.071	1.923	25813.94	25814.00	+0.000	0	5.5	0.0014	204	162.106	0.0000	0.000	0.000	0.0000	0.00	0.0e0	0	**否**		过
W08	30.00	30.00	2	导航	2.000	59.00	57×31	1116	26333.39	26333.68	+0.001	1811.53	1811.80	+0.014	1876.00	+3.558	0.335	25813.94	25814.00	+0.000	0	5.5	0.0180	100	162.106	0.0000	0.000	0.000	0.0000	0.00	0.0e0	0	**否**		过
W08	30.00	30.00	2	判决	1.000	59.00	110×61	4164	26333.39	26333.68	+0.001	1811.53	1811.81	+0.015	1812.82	+0.071	1.923	25813.94	25814.00	+0.000	0	5.5	0.0014	204	162.106	0.0000	0.000	0.000	0.0000	0.00	0.0e0	0	**否**		过
W08	30.00	30.00	3	导航	2.000	59.00	57×31	1116	15220.46	15220.62	+0.001	1038.30	1038.45	+0.014	1075.58	+3.590	0.335	14929.43	14929.46	+0.000	0	5.5	0.0180	100	162.106	0.0000	0.000	0.000	0.0000	0.00	0.0e0	0	**否**		过
W08	30.00	30.00	3	判决	1.000	59.00	110×61	4164	15220.46	15220.62	+0.001	1038.30	1038.46	+0.015	1039.04	+0.071	1.923	14929.43	14929.46	+0.000	0	5.5	0.0014	204	162.106	0.0000	0.000	0.000	0.0000	0.00	0.0e0	0	**否**		过
W08	30.00	28.00	0	导航	2.000	62.77	60×31	1116	16278.76	16278.97	+0.001	962.11	962.34	+0.024	967.42	+0.552	0.347	15913.85	15913.89	+0.000	0	5.5	0.0022	102	162.106	0.0000	0.000	0.000	0.0000	0.00	0.0e0	0	**否**		过
W08	30.00	28.00	0	判决	1.000	62.77	114×61	4098	16278.76	16278.97	+0.001	962.11	962.32	+0.021	963.08	+0.100	1.923	15913.85	15913.89	+0.000	0	5.5	0.0014	206	162.106	0.0000	0.000	0.000	0.0000	0.00	0.0e0	0	**否**		过
W08	30.00	28.00	1	导航	2.000	62.77	60×31	1116	28225.79	28226.18	+0.001	1686.34	1686.76	+0.025	1695.55	+0.547	0.348	27574.23	27574.30	+0.000	0	5.5	0.0022	102	162.106	0.0000	0.000	0.000	0.0000	0.00	0.0e0	0	**否**		过
W08	30.00	28.00	1	判决	1.000	62.77	114×61	4098	28225.79	28226.18	+0.001	1686.34	1686.72	+0.023	1688.03	+0.101	1.923	27574.23	27574.30	+0.000	0	5.5	0.0014	206	162.106	0.0000	0.000	0.000	0.0000	0.00	0.0e0	0	**否**		过
W08	30.00	28.00	2	导航	2.000	62.77	60×31	1116	28225.79	28226.18	+0.001	1686.34	1686.76	+0.025	1695.55	+0.547	0.348	27574.23	27574.30	+0.000	0	5.5	0.0022	102	162.106	0.0000	0.000	0.000	0.0000	0.00	0.0e0	0	**否**		过
W08	30.00	28.00	2	判决	1.000	62.77	114×61	4098	28225.79	28226.18	+0.001	1686.34	1686.72	+0.023	1688.03	+0.101	1.923	27574.23	27574.30	+0.000	0	5.5	0.0014	206	162.106	0.0000	0.000	0.000	0.0000	0.00	0.0e0	0	**否**		过
W08	30.00	28.00	3	导航	2.000	62.77	60×31	1116	16278.76	16278.97	+0.001	962.11	962.34	+0.024	967.42	+0.552	0.347	15913.85	15913.89	+0.000	0	5.5	0.0022	102	162.106	0.0000	0.000	0.000	0.0000	0.00	0.0e0	0	**否**		过
W08	30.00	28.00	3	判决	1.000	62.77	114×61	4098	16278.76	16278.97	+0.001	962.11	962.32	+0.021	963.08	+0.100	1.923	15913.85	15913.89	+0.000	0	5.5	0.0014	206	162.106	0.0000	0.000	0.000	0.0000	0.00	0.0e0	0	**否**		过
W08	30.00	26.00	0	导航	2.000	64.24	61×31	1074	16685.18	16685.44	+0.002	947.35	947.58	+0.024	941.79	-0.587	0.360	16288.53	16288.58	+0.000	0	5.5	0.0067	102	162.106	0.0000	0.000	0.000	0.0000	0.00	0.0e0	0	**否**		过
W08	30.00	26.00	0	判决	1.000	64.24	116×61	3938	16685.18	16685.44	+0.002	947.35	947.61	+0.027	951.15	+0.401	1.923	16288.53	16288.58	+0.000	0	5.9	0.0014	204	162.106	0.0000	0.000	0.000	0.0000	0.00	0.0e0	0	**否**		过
W08	30.00	26.00	1	导航	2.000	64.24	61×31	1074	28900.03	28900.50	+0.002	1661.48	1661.90	+0.025	1651.88	-0.578	0.360	28191.68	28191.77	+0.000	0	5.5	0.0067	102	162.106	0.0000	0.000	0.000	0.0000	0.00	0.0e0	0	**否**		过
W08	30.00	26.00	1	判决	1.000	64.24	116×61	3938	28900.03	28900.50	+0.002	1661.48	1661.95	+0.028	1668.08	+0.397	1.923	28191.68	28191.77	+0.000	0	5.9	0.0014	204	162.106	0.0000	0.000	0.000	0.0000	0.00	0.0e0	0	**否**		过
W08	30.00	26.00	2	导航	2.000	64.24	61×31	1074	28900.03	28900.50	+0.002	1661.48	1661.90	+0.025	1651.88	-0.578	0.360	28191.68	28191.77	+0.000	0	5.5	0.0067	102	162.106	0.0000	0.000	0.000	0.0000	0.00	0.0e0	0	**否**		过
W08	30.00	26.00	2	判决	1.000	64.24	116×61	3938	28900.03	28900.50	+0.002	1661.48	1661.95	+0.028	1668.08	+0.397	1.923	28191.68	28191.77	+0.000	0	5.9	0.0014	204	162.106	0.0000	0.000	0.000	0.0000	0.00	0.0e0	0	**否**		过
W08	30.00	26.00	3	导航	2.000	64.24	61×31	1074	16685.18	16685.44	+0.002	947.35	947.58	+0.024	941.79	-0.587	0.360	16288.53	16288.58	+0.000	0	5.5	0.0067	102	162.106	0.0000	0.000	0.000	0.0000	0.00	0.0e0	0	**否**		过
W08	30.00	26.00	3	判决	1.000	64.24	116×61	3938	16685.18	16685.44	+0.002	947.35	947.61	+0.027	951.15	+0.401	1.923	16288.53	16288.58	+0.000	0	5.9	0.0014	204	162.106	0.0000	0.000	0.000	0.0000	0.00	0.0e0	0	**否**		过
W08	30.25	30.00	0	导航	2.000	60.36	58×31	1150	15670.15	15670.32	+0.001	1060.67	1060.86	+0.018	1070.56	+0.933	0.336	15334.42	15334.46	+0.000	0	5.5	0.0162	100	162.106	0.0000	0.000	0.000	0.0000	0.00	0.0e0	0	**否**		过
W08	30.25	30.00	0	判决	1.000	60.36	112×63	4266	15670.15	15670.32	+0.001	1060.67	1060.86	+0.018	1050.26	-0.981	0.902	15334.42	15334.46	+0.000	0	5.5	0.0003	204	162.106	0.0000	0.000	0.000	0.0000	0.00	0.0e0	0	**否**		过
W08	30.25	30.00	1	导航	2.000	60.36	58×31	1150	27112.40	27112.72	+0.001	1851.68	1852.02	+0.018	1868.80	+0.925	0.336	26514.20	26514.26	+0.000	0	5.5	0.0162	100	162.106	0.0000	0.000	0.000	0.0000	0.00	0.0e0	0	**否**		过
W08	30.25	30.00	1	判决	1.000	60.36	112×63	4266	27112.40	27112.72	+0.001	1851.68	1852.03	+0.019	1833.70	-0.971	0.902	26514.20	26514.26	+0.000	0	5.5	0.0003	204	162.106	0.0000	0.000	0.000	0.0000	0.00	0.0e0	0	**否**		过
W08	30.25	30.00	2	导航	2.000	60.36	58×31	1150	27112.40	27112.72	+0.001	1851.68	1852.02	+0.018	1868.80	+0.925	0.336	26514.20	26514.26	+0.000	0	5.5	0.0162	100	162.106	0.0000	0.000	0.000	0.0000	0.00	0.0e0	0	**否**		过
W08	30.25	30.00	2	判决	1.000	60.36	112×63	4266	27112.40	27112.72	+0.001	1851.68	1852.03	+0.019	1833.70	-0.971	0.902	26514.20	26514.26	+0.000	0	5.5	0.0003	204	162.106	0.0000	0.000	0.000	0.0000	0.00	0.0e0	0	**否**		过
W08	30.25	30.00	3	导航	2.000	60.36	58×31	1150	15670.15	15670.32	+0.001	1060.67	1060.86	+0.018	1070.56	+0.933	0.336	15334.42	15334.46	+0.000	0	5.5	0.0162	100	162.106	0.0000	0.000	0.000	0.0000	0.00	0.0e0	0	**否**		过
W08	30.25	30.00	3	判决	1.000	60.36	112×63	4266	15670.15	15670.32	+0.001	1060.67	1060.86	+0.018	1050.26	-0.981	0.902	15334.42	15334.46	+0.000	0	5.5	0.0003	204	162.106	0.0000	0.000	0.000	0.0000	0.00	0.0e0	0	**否**		过
W08	30.25	28.00	0	导航	2.000	63.01	60×31	1124	16373.77	16374.00	+0.001	1013.71	1013.96	+0.024	992.99	-2.044	0.347	15982.36	15982.41	+0.000	0	5.5	0.0024	102	162.106	0.0000	0.000	0.000	0.0000	0.00	0.0e0	0	**否**		过
W08	30.25	28.00	0	判决	1.000	63.01	116×63	4186	16373.77	16374.00	+0.001	1013.71	1013.96	+0.024	1023.37	+0.953	0.902	15982.36	15982.41	+0.000	0	5.5	0.0003	206	162.106	0.0000	0.000	0.000	0.0000	0.00	0.0e0	0	**否**		过
W08	30.25	28.00	1	导航	2.000	63.01	60×31	1124	28390.54	28390.96	+0.001	1775.88	1776.33	+0.025	1740.00	-2.020	0.348	27692.94	27693.02	+0.000	0	5.5	0.0024	102	162.106	0.0000	0.000	0.000	0.0000	0.00	0.0e0	0	**否**		过
W08	30.25	28.00	1	判决	1.000	63.01	116×63	4186	28390.54	28390.96	+0.001	1775.88	1776.33	+0.025	1792.64	+0.944	0.902	27692.94	27693.02	+0.000	0	5.5	0.0003	206	162.106	0.0000	0.000	0.000	0.0000	0.00	0.0e0	0	**否**		过
W08	30.25	28.00	2	导航	2.000	63.01	60×31	1124	28390.54	28390.96	+0.001	1775.88	1776.33	+0.025	1740.00	-2.020	0.348	27692.94	27693.02	+0.000	0	5.5	0.0024	102	162.106	0.0000	0.000	0.000	0.0000	0.00	0.0e0	0	**否**		过
W08	30.25	28.00	2	判决	1.000	63.01	116×63	4186	28390.54	28390.96	+0.001	1775.88	1776.33	+0.025	1792.64	+0.944	0.902	27692.94	27693.02	+0.000	0	5.5	0.0003	206	162.106	0.0000	0.000	0.000	0.0000	0.00	0.0e0	0	**否**		过
W08	30.25	28.00	3	导航	2.000	63.01	60×31	1124	16373.77	16374.00	+0.001	1013.71	1013.96	+0.024	992.99	-2.044	0.347	15982.36	15982.41	+0.000	0	5.5	0.0024	102	162.106	0.0000	0.000	0.000	0.0000	0.00	0.0e0	0	**否**		过
W08	30.25	28.00	3	判决	1.000	63.01	116×63	4186	16373.77	16374.00	+0.001	1013.71	1013.96	+0.024	1023.37	+0.953	0.902	15982.36	15982.41	+0.000	0	5.5	0.0003	206	162.106	0.0000	0.000	0.000	0.0000	0.00	0.0e0	0	**否**		过
W08	30.25	26.00	0	导航	2.000	64.41	61×31	1080	16765.99	16766.26	+0.002	1004.60	1004.89	+0.028	985.16	-1.935	0.357	16336.80	16336.86	+0.000	0	5.5	0.0073	102	162.106	0.0000	0.000	0.000	0.0000	0.00	0.0e0	0	**否**		过
W08	30.25	26.00	0	判决	1.000	64.41	118×63	4022	16765.99	16766.26	+0.002	1004.60	1004.88	+0.028	1017.92	+1.326	0.902	16336.80	16336.86	+0.000	0	5.5	0.0003	206	162.106	0.0000	0.000	0.000	0.0000	0.00	0.0e0	0	**否**		过
W08	30.25	26.00	1	导航	2.000	64.41	61×31	1080	29043.96	29044.47	+0.002	1764.65	1765.17	+0.030	1731.03	-1.905	0.357	28275.24	28275.33	+0.000	0	5.5	0.0073	102	162.106	0.0000	0.000	0.000	0.0000	0.00	0.0e0	0	**否**		过
W08	30.25	26.00	1	判决	1.000	64.41	118×63	4022	29043.96	29044.47	+0.002	1764.65	1765.17	+0.029	1787.73	+1.308	0.902	28275.24	28275.33	+0.000	0	5.5	0.0003	206	162.106	0.0000	0.000	0.000	0.0000	0.00	0.0e0	0	**否**		过
W08	30.25	26.00	2	导航	2.000	64.41	61×31	1080	29043.96	29044.47	+0.002	1764.65	1765.17	+0.030	1731.03	-1.905	0.357	28275.24	28275.33	+0.000	0	5.5	0.0073	102	162.106	0.0000	0.000	0.000	0.0000	0.00	0.0e0	0	**否**		过
W08	30.25	26.00	2	判决	1.000	64.41	118×63	4022	29043.96	29044.47	+0.002	1764.65	1765.17	+0.029	1787.73	+1.308	0.902	28275.24	28275.33	+0.000	0	5.5	0.0003	206	162.106	0.0000	0.000	0.000	0.0000	0.00	0.0e0	0	**否**		过
W08	30.25	26.00	3	导航	2.000	64.41	61×31	1080	16765.99	16766.26	+0.002	1004.60	1004.89	+0.028	985.16	-1.935	0.357	16336.80	16336.86	+0.000	0	5.5	0.0073	102	162.106	0.0000	0.000	0.000	0.0000	0.00	0.0e0	0	**否**		过
W08	30.25	26.00	3	判决	1.000	64.41	118×63	4022	16765.99	16766.26	+0.002	1004.60	1004.88	+0.028	1017.92	+1.326	0.902	16336.80	16336.86	+0.000	0	5.5	0.0003	206	162.106	0.0000	0.000	0.000	0.0000	0.00	0.0e0	0	**否**		过
W08	30.50	30.00	0	导航	2.000	60.93	59×33	1166	15867.88	15868.06	+0.001	1104.82	1104.98	+0.015	1073.42	-2.842	3.704	15501.15	15501.19	+0.000	0	5.5	0.0005	102	162.106	0.0000	0.000	0.000	0.0000	0.00	0.0e0	0	**否**		过
W08	30.50	30.00	0	判决	1.000	60.93	113×63	4338	15867.88	15868.06	+0.001	1104.82	1105.00	+0.017	1101.84	-0.270	3.394	15501.15	15501.19	+0.000	0	5.5	0.0004	206	162.106	0.0000	0.000	0.000	0.0000	0.00	0.0e0	0	**否**		过
W08	30.50	30.00	1	导航	2.000	60.93	59×33	1166	27454.87	27455.22	+0.001	1928.60	1928.91	+0.016	1874.33	-2.814	3.704	26802.49	26802.55	+0.000	0	5.5	0.0005	102	162.106	0.0000	0.000	0.000	0.0000	0.00	0.0e0	0	**否**		过
W08	30.50	30.00	1	判决	1.000	60.93	113×63	4338	27454.87	27455.22	+0.001	1928.60	1928.93	+0.017	1923.47	-0.266	3.394	26802.49	26802.55	+0.000	0	5.5	0.0004	206	162.106	0.0000	0.000	0.000	0.0000	0.00	0.0e0	0	**否**		过
W08	30.50	30.00	2	导航	2.000	60.93	59×33	1166	27454.87	27455.22	+0.001	1928.60	1928.91	+0.016	1874.33	-2.814	3.704	26802.49	26802.55	+0.000	0	5.5	0.0005	102	162.106	0.0000	0.000	0.000	0.0000	0.00	0.0e0	0	**否**		过
W08	30.50	30.00	2	判决	1.000	60.93	113×63	4338	27454.87	27455.22	+0.001	1928.60	1928.93	+0.017	1923.47	-0.266	3.394	26802.49	26802.55	+0.000	0	5.5	0.0004	206	162.106	0.0000	0.000	0.000	0.0000	0.00	0.0e0	0	**否**		过
W08	30.50	30.00	3	导航	2.000	60.93	59×33	1166	15867.88	15868.06	+0.001	1104.82	1104.98	+0.015	1073.42	-2.842	3.704	15501.15	15501.19	+0.000	0	5.5	0.0005	102	162.106	0.0000	0.000	0.000	0.0000	0.00	0.0e0	0	**否**		过
W08	30.50	30.00	3	判决	1.000	60.93	113×63	4338	15867.88	15868.06	+0.001	1104.82	1105.00	+0.017	1101.84	-0.270	3.394	15501.15	15501.19	+0.000	0	5.5	0.0004	206	162.106	0.0000	0.000	0.000	0.0000	0.00	0.0e0	0	**否**		过
W08	30.50	28.00	0	导航	2.000	63.23	61×33	1158	16465.02	16465.26	+0.001	1065.22	1065.41	+0.018	1084.25	+1.786	3.704	16046.65	16046.69	+0.000	0	5.5	0.0005	100	162.106	0.0000	0.000	0.000	0.0000	0.00	0.0e0	0	**否**		过
W08	30.50	28.00	0	判决	1.000	63.23	116×63	4252	16465.02	16465.26	+0.001	1065.22	1065.46	+0.022	1058.21	-0.658	3.394	16046.65	16046.69	+0.000	0	5.5	0.0004	204	162.106	0.0000	0.000	0.000	0.0000	0.00	0.0e0	0	**否**		过
W08	30.50	28.00	1	导航	2.000	63.23	61×33	1158	28548.77	28549.21	+0.002	1865.24	1865.60	+0.019	1898.24	+1.769	3.704	27804.33	27804.40	+0.000	0	5.5	0.0005	100	162.106	0.0000	0.000	0.000	0.0000	0.00	0.0e0	0	**否**		过
W08	30.50	28.00	1	判决	1.000	63.23	116×63	4252	28548.77	28549.21	+0.002	1865.24	1865.68	+0.023	1853.12	-0.650	3.394	27804.33	27804.40	+0.000	0	5.5	0.0004	204	162.106	0.0000	0.000	0.000	0.0000	0.00	0.0e0	0	**否**		过
W08	30.50	28.00	2	导航	2.000	63.23	61×33	1158	28548.77	28549.21	+0.002	1865.24	1865.60	+0.019	1898.24	+1.769	3.704	27804.33	27804.40	+0.000	0	5.5	0.0005	100	162.106	0.0000	0.000	0.000	0.0000	0.00	0.0e0	0	**否**		过
W08	30.50	28.00	2	判决	1.000	63.23	116×63	4252	28548.77	28549.21	+0.002	1865.24	1865.68	+0.023	1853.12	-0.650	3.394	27804.33	27804.40	+0.000	0	5.5	0.0004	204	162.106	0.0000	0.000	0.000	0.0000	0.00	0.0e0	0	**否**		过
W08	30.50	28.00	3	导航	2.000	63.23	61×33	1158	16465.02	16465.26	+0.001	1065.22	1065.41	+0.018	1084.25	+1.786	3.704	16046.65	16046.69	+0.000	0	5.5	0.0005	100	162.106	0.0000	0.000	0.000	0.0000	0.00	0.0e0	0	**否**		过
W08	30.50	28.00	3	判决	1.000	63.23	116×63	4252	16465.02	16465.26	+0.001	1065.22	1065.46	+0.022	1058.21	-0.658	3.394	16046.65	16046.69	+0.000	0	5.5	0.0004	204	162.106	0.0000	0.000	0.000	0.0000	0.00	0.0e0	0	**否**		过
W08	30.50	26.00	0	导航	2.000	64.58	62×33	1114	16851.88	16852.15	+0.002	1068.16	1068.43	+0.025	1071.05	+0.270	3.704	16383.14	16383.19	+0.000	0	5.5	0.0005	100	162.106	0.0000	0.000	0.000	0.0000	0.00	0.0e0	0	**否**		过
W08	30.50	26.00	0	判决	1.000	64.58	118×63	4080	16851.88	16852.15	+0.002	1068.16	1068.44	+0.027	1071.05	+0.270	3.394	16383.14	16383.19	+0.000	0	5.5	0.0004	204	162.106	0.0000	0.000	0.000	0.0000	0.00	0.0e0	0	**否**		过
W08	30.50	26.00	1	导航	2.000	64.58	62×33	1114	29194.09	29194.62	+0.002	1876.12	1876.63	+0.027	1881.16	+0.268	3.704	28355.43	28355.53	+0.000	0	5.5	0.0005	100	162.106	0.0000	0.000	0.000	0.0000	0.00	0.0e0	0	**否**		过
W08	30.50	26.00	1	判决	1.000	64.58	118×63	4080	29194.09	29194.62	+0.002	1876.12	1876.66	+0.028	1881.16	+0.268	3.394	28355.43	28355.53	+0.000	0	5.5	0.0004	204	162.106	0.0000	0.000	0.000	0.0000	0.00	0.0e0	0	**否**		过
W08	30.50	26.00	2	导航	2.000	64.58	62×33	1114	29194.09	29194.62	+0.002	1876.12	1876.63	+0.027	1881.16	+0.268	3.704	28355.43	28355.53	+0.000	0	5.5	0.0005	100	162.106	0.0000	0.000	0.000	0.0000	0.00	0.0e0	0	**否**		过
W08	30.50	26.00	2	判决	1.000	64.58	118×63	4080	29194.09	29194.62	+0.002	1876.12	1876.66	+0.028	1881.16	+0.268	3.394	28355.43	28355.53	+0.000	0	5.5	0.0004	204	162.106	0.0000	0.000	0.000	0.0000	0.00	0.0e0	0	**否**		过
W08	30.50	26.00	3	导航	2.000	64.58	62×33	1114	16851.88	16852.15	+0.002	1068.16	1068.43	+0.025	1071.05	+0.270	3.704	16383.14	16383.19	+0.000	0	5.5	0.0005	100	162.106	0.0000	0.000	0.000	0.0000	0.00	0.0e0	0	**否**		过
W08	30.50	26.00	3	判决	1.000	64.58	118×63	4080	16851.88	16852.15	+0.002	1068.16	1068.44	+0.027	1071.05	+0.270	3.394	16383.14	16383.19	+0.000	0	5.5	0.0004	204	162.106	0.0000	0.000	0.000	0.0000	0.00	0.0e0	0	**否**		过
W08	30.75	30.00	0	导航	2.000	61.36	60×33	1196	16024.58	16024.78	+0.001	1151.81	1152.00	+0.016	1181.42	+2.571	0.335	15628.33	15628.37	+0.000	0	5.5	0.0013	102	162.106	0.0000	0.000	0.000	0.0000	0.00	0.0e0	0	**否**		过
W08	30.75	30.00	0	判决	1.000	61.36	113×63	4366	16024.58	16024.78	+0.001	1151.81	1152.01	+0.018	1153.00	+0.103	1.200	15628.33	15628.37	+0.000	0	6.4	0.0026	206	162.106	0.0000	0.000	0.000	0.0000	0.00	0.0e0	0	**否**		过
W08	30.75	30.00	1	导航	2.000	61.36	60×33	1196	27726.27	27726.64	+0.001	2010.29	2010.64	+0.017	2061.51	+2.548	0.335	27022.39	27022.45	+0.000	0	5.5	0.0013	102	162.106	0.0000	0.000	0.000	0.0000	0.00	0.0e0	0	**否**		过
W08	30.75	30.00	1	判决	1.000	61.36	113×63	4366	27726.27	27726.64	+0.001	2010.29	2010.67	+0.019	2012.37	+0.103	1.200	27022.39	27022.45	+0.000	0	6.4	0.0026	206	162.106	0.0000	0.000	0.000	0.0000	0.00	0.0e0	0	**否**		过
W08	30.75	30.00	2	导航	2.000	61.36	60×33	1196	27726.27	27726.64	+0.001	2010.29	2010.64	+0.017	2061.51	+2.548	0.335	27022.39	27022.45	+0.000	0	5.5	0.0013	102	162.106	0.0000	0.000	0.000	0.0000	0.00	0.0e0	0	**否**		过
W08	30.75	30.00	2	判决	1.000	61.36	113×63	4366	27726.27	27726.64	+0.001	2010.29	2010.67	+0.019	2012.37	+0.103	1.200	27022.39	27022.45	+0.000	0	6.4	0.0026	206	162.106	0.0000	0.000	0.000	0.0000	0.00	0.0e0	0	**否**		过
W08	30.75	30.00	3	导航	2.000	61.36	60×33	1196	16024.58	16024.78	+0.001	1151.81	1152.00	+0.016	1181.42	+2.571	0.335	15628.33	15628.37	+0.000	0	5.5	0.0013	102	162.106	0.0000	0.000	0.000	0.0000	0.00	0.0e0	0	**否**		过
W08	30.75	30.00	3	判决	1.000	61.36	113×63	4366	16024.58	16024.78	+0.001	1151.81	1152.01	+0.018	1153.00	+0.103	1.200	15628.33	15628.37	+0.000	0	6.4	0.0026	206	162.106	0.0000	0.000	0.000	0.0000	0.00	0.0e0	0	**否**		过
W08	30.75	28.00	0	导航	2.000	63.45	62×33	1182	16553.08	16553.33	+0.002	1116.58	1116.85	+0.024	1137.59	+1.882	0.347	16107.26	16107.31	+0.000	0	5.5	0.0036	102	162.106	0.0000	0.000	0.000	0.0000	0.00	0.0e0	0	**否**		过
W08	30.75	28.00	0	判决	1.000	63.45	116×63	4256	16553.08	16553.33	+0.002	1116.58	1116.84	+0.023	1115.89	-0.061	1.200	16107.26	16107.31	+0.000	0	5.5	0.0089	206	162.106	0.0000	0.000	0.000	0.0000	0.00	0.0e0	0	**否**		过
W08	30.75	28.00	1	导航	2.000	63.45	62×33	1182	28701.47	28701.93	+0.002	1954.35	1954.84	+0.025	1990.78	+1.864	0.348	27909.36	27909.44	+0.000	0	5.5	0.0036	102	162.106	0.0000	0.000	0.000	0.0000	0.00	0.0e0	0	**否**		过
W08	30.75	28.00	1	判决	1.000	63.45	116×63	4256	28701.47	28701.93	+0.002	1954.35	1954.82	+0.024	1953.18	-0.060	1.200	27909.36	27909.44	+0.000	0	5.5	0.0089	206	162.106	0.0000	0.000	0.000	0.0000	0.00	0.0e0	0	**否**		过
W08	30.75	28.00	2	导航	2.000	63.45	62×33	1182	28701.47	28701.93	+0.002	1954.35	1954.84	+0.025	1990.78	+1.864	0.348	27909.36	27909.44	+0.000	0	5.5	0.0036	102	162.106	0.0000	0.000	0.000	0.0000	0.00	0.0e0	0	**否**		过
W08	30.75	28.00	2	判决	1.000	63.45	116×63	4256	28701.47	28701.93	+0.002	1954.35	1954.82	+0.024	1953.18	-0.060	1.200	27909.36	27909.44	+0.000	0	5.5	0.0089	206	162.106	0.0000	0.000	0.000	0.0000	0.00	0.0e0	0	**否**		过
W08	30.75	28.00	3	导航	2.000	63.45	62×33	1182	16553.08	16553.33	+0.002	1116.58	1116.85	+0.024	1137.59	+1.882	0.347	16107.26	16107.31	+0.000	0	5.5	0.0036	102	162.106	0.0000	0.000	0.000	0.0000	0.00	0.0e0	0	**否**		过
W08	30.75	28.00	3	判决	1.000	63.45	116×63	4256	16553.08	16553.33	+0.002	1116.58	1116.84	+0.023	1115.89	-0.061	1.200	16107.26	16107.31	+0.000	0	5.5	0.0089	206	162.106	0.0000	0.000	0.000	0.0000	0.00	0.0e0	0	**否**		过
W08	30.75	26.00	0	导航	2.000	64.75	62×33	1128	16931.85	16932.13	+0.002	1126.87	1127.13	+0.023	1132.30	+0.481	0.351	16427.64	16427.70	+0.000	0	5.5	0.0085	100	162.106	0.0000	0.000	0.000	0.0000	0.00	0.0e0	0	**否**		过
W08	30.75	26.00	0	判决	1.000	64.75	119×63	4132	16931.85	16932.13	+0.002	1126.87	1127.17	+0.027	1127.62	+0.066	1.200	16427.64	16427.70	+0.000	0	5.5	0.0089	206	162.106	0.0000	0.000	0.000	0.0000	0.00	0.0e0	0	**否**		过
W08	30.75	26.00	1	导航	2.000	64.75	62×33	1128	29336.92	29337.47	+0.002	1982.16	1982.67	+0.026	1991.60	+0.476	0.351	28432.46	28432.56	+0.000	0	5.5	0.0085	100	162.106	0.0000	0.000	0.000	0.0000	0.00	0.0e0	0	**否**		过
W08	30.75	26.00	1	判决	1.000	64.75	119×63	4132	29336.92	29337.48	+0.002	1982.16	1982.73	+0.029	1983.50	+0.068	1.200	28432.46	28432.56	+0.000	0	5.5	0.0089	206	162.106	0.0000	0.000	0.000	0.0000	0.00	0.0e0	0	**否**		过
W08	30.75	26.00	2	导航	2.000	64.75	62×33	1128	29336.92	29337.47	+0.002	1982.16	1982.67	+0.026	1991.60	+0.476	0.351	28432.46	28432.56	+0.000	0	5.5	0.0085	100	162.106	0.0000	0.000	0.000	0.0000	0.00	0.0e0	0	**否**		过
W08	30.75	26.00	2	判决	1.000	64.75	119×63	4132	29336.92	29337.48	+0.002	1982.16	1982.73	+0.029	1983.50	+0.068	1.200	28432.46	28432.56	+0.000	0	5.5	0.0089	206	162.106	0.0000	0.000	0.000	0.0000	0.00	0.0e0	0	**否**		过
W08	30.75	26.00	3	导航	2.000	64.75	62×33	1128	16931.85	16932.13	+0.002	1126.87	1127.13	+0.023	1132.30	+0.481	0.351	16427.64	16427.70	+0.000	0	5.5	0.0085	100	162.106	0.0000	0.000	0.000	0.0000	0.00	0.0e0	0	**否**		过
W08	30.75	26.00	3	判决	1.000	64.75	119×63	4132	16931.85	16932.13	+0.002	1126.87	1127.17	+0.027	1127.62	+0.066	1.200	16427.64	16427.70	+0.000	0	5.5	0.0089	206	162.106	0.0000	0.000	0.000	0.0000	0.00	0.0e0	0	**否**		过
W08	31.00	30.00	0	导航	2.000	61.73	59×33	1184	16160.23	16160.45	+0.001	1200.07	1200.30	+0.018	1203.40	+0.277	0.335	15734.87	15734.91	+0.000	0	6.4	0.0015	100	162.106	0.0000	0.000	0.000	0.0000	0.00	0.0e0	0	**否**		过
W08	31.00	30.00	0	判决	1.000	61.73	114×63	4450	16160.23	16160.45	+0.001	1200.07	1200.30	+0.019	1199.34	-0.061	0.335	15734.87	15734.91	+0.000	0	5.5	0.0029	204	162.106	0.0000	0.000	0.000	0.0000	0.00	0.0e0	0	**否**		过
W08	31.00	30.00	1	导航	2.000	61.73	59×33	1184	27961.19	27961.59	+0.001	2094.11	2094.52	+0.019	2099.89	+0.276	0.335	27206.59	27206.67	+0.000	0	6.4	0.0015	100	162.106	0.0000	0.000	0.000	0.0000	0.00	0.0e0	0	**否**		过
W08	31.00	30.00	1	判决	1.000	61.73	114×63	4450	27961.19	27961.59	+0.001	2094.11	2094.52	+0.019	2092.87	-0.060	0.335	27206.59	27206.67	+0.000	0	5.5	0.0029	204	162.106	0.0000	0.000	0.000	0.0000	0.00	0.0e0	0	**否**		过
W08	31.00	30.00	2	导航	2.000	61.73	59×33	1184	27961.19	27961.59	+0.001	2094.11	2094.52	+0.019	2099.89	+0.276	0.335	27206.59	27206.67	+0.000	0	6.4	0.0015	100	162.106	0.0000	0.000	0.000	0.0000	0.00	0.0e0	0	**否**		过
W08	31.00	30.00	2	判决	1.000	61.73	114×63	4450	27961.19	27961.59	+0.001	2094.11	2094.52	+0.019	2092.87	-0.060	0.335	27206.59	27206.67	+0.000	0	5.5	0.0029	204	162.106	0.0000	0.000	0.000	0.0000	0.00	0.0e0	0	**否**		过
W08	31.00	30.00	3	导航	2.000	61.73	59×33	1184	16160.23	16160.45	+0.001	1200.07	1200.30	+0.018	1203.40	+0.277	0.335	15734.87	15734.91	+0.000	0	6.4	0.0015	100	162.106	0.0000	0.000	0.000	0.0000	0.00	0.0e0	0	**否**		过
W08	31.00	30.00	3	判决	1.000	61.73	114×63	4450	16160.23	16160.45	+0.001	1200.07	1200.30	+0.019	1199.34	-0.061	0.335	15734.87	15734.91	+0.000	0	5.5	0.0029	204	162.106	0.0000	0.000	0.000	0.0000	0.00	0.0e0	0	**否**		过
W08	31.00	28.00	0	导航	2.000	63.66	62×33	1186	16638.40	16638.66	+0.002	1167.83	1168.10	+0.023	1188.19	+1.743	0.347	16164.65	16164.70	+0.000	0	5.5	0.0040	102	162.106	0.0000	0.000	0.000	0.0000	0.00	0.0e0	0	**否**		过
W08	31.00	28.00	0	判决	1.000	63.66	117×63	4314	16638.40	16638.66	+0.002	1167.83	1168.09	+0.022	1175.17	+0.628	0.347	16164.65	16164.70	+0.000	0	5.5	0.0150	206	162.106	0.0000	0.000	0.000	0.0000	0.00	0.0e0	0	**否**		过
W08	31.00	28.00	1	导航	2.000	63.66	62×33	1186	28849.39	28849.87	+0.002	2043.25	2043.73	+0.023	2078.55	+1.728	0.348	28008.79	28008.88	+0.000	0	5.5	0.0040	102	162.106	0.0000	0.000	0.000	0.0000	0.00	0.0e0	0	**否**		过
W08	31.00	28.00	1	判决	1.000	63.66	117×63	4314	28849.39	28849.87	+0.002	2043.25	2043.72	+0.023	2055.99	+0.623	0.348	28008.79	28008.88	+0.000	0	5.5	0.0150	206	162.106	0.0000	0.000	0.000	0.0000	0.00	0.0e0	0	**否**		过
W08	31.00	28.00	2	导航	2.000	63.66	62×33	1186	28849.39	28849.87	+0.002	2043.25	2043.73	+0.023	2078.55	+1.728	0.348	28008.79	28008.88	+0.000	0	5.5	0.0040	102	162.106	0.0000	0.000	0.000	0.0000	0.00	0.0e0	0	**否**		过
W08	31.00	28.00	2	判决	1.000	63.66	117×63	4314	28849.39	28849.87	+0.002	2043.25	2043.72	+0.023	2055.99	+0.623	0.348	28008.79	28008.88	+0.000	0	5.5	0.0150	206	162.106	0.0000	0.000	0.000	0.0000	0.00	0.0e0	0	**否**		过
W08	31.00	28.00	3	导航	2.000	63.66	62×33	1186	16638.40	16638.66	+0.002	1167.83	1168.10	+0.023	1188.19	+1.743	0.347	16164.65	16164.70	+0.000	0	5.5	0.0040	102	162.106	0.0000	0.000	0.000	0.0000	0.00	0.0e0	0	**否**		过
W08	31.00	28.00	3	判决	1.000	63.66	117×63	4314	16638.40	16638.66	+0.002	1167.83	1168.09	+0.022	1175.17	+0.628	0.347	16164.65	16164.70	+0.000	0	5.5	0.0150	206	162.106	0.0000	0.000	0.000	0.0000	0.00	0.0e0	0	**否**		过
W08	31.00	26.00	0	导航	2.000	64.91	63×33	1140	17017.92	17018.22	+0.002	1192.69	1192.98	+0.024	1218.37	+2.153	0.346	16470.41	16470.47	+0.000	0	5.5	0.0091	102	162.106	0.0000	0.000	0.000	0.0000	0.00	0.0e0	0	**否**		过
W08	31.00	26.00	0	判决	1.000	64.91	119×63	4176	17017.92	17018.22	+0.002	1192.69	1193.00	+0.026	1185.61	-0.594	0.346	16470.41	16470.47	+0.000	0	5.5	0.0150	204	162.106	0.0000	0.000	0.000	0.0000	0.00	0.0e0	0	**否**		过
W08	31.00	26.00	1	导航	2.000	64.91	63×33	1140	29487.23	29487.82	+0.002	2097.42	2097.98	+0.027	2141.92	+2.122	0.347	28506.47	28506.58	+0.000	0	5.5	0.0091	102	162.106	0.0000	0.000	0.000	0.0000	0.00	0.0e0	0	**否**		过
W08	31.00	26.00	1	判决	1.000	64.91	119×63	4176	29487.23	29487.82	+0.002	2097.42	2098.01	+0.028	2085.22	-0.581	0.347	28506.47	28506.58	+0.000	0	5.5	0.0150	204	162.106	0.0000	0.000	0.000	0.0000	0.00	0.0e0	0	**否**		过
W08	31.00	26.00	2	导航	2.000	64.91	63×33	1140	29487.23	29487.82	+0.002	2097.42	2097.98	+0.027	2141.92	+2.122	0.347	28506.47	28506.58	+0.000	0	5.5	0.0091	102	162.106	0.0000	0.000	0.000	0.0000	0.00	0.0e0	0	**否**		过
W08	31.00	26.00	2	判决	1.000	64.91	119×63	4176	29487.23	29487.82	+0.002	2097.42	2098.01	+0.028	2085.22	-0.581	0.347	28506.47	28506.58	+0.000	0	5.5	0.0150	204	162.106	0.0000	0.000	0.000	0.0000	0.00	0.0e0	0	**否**		过
W08	31.00	26.00	3	导航	2.000	64.91	63×33	1140	17017.92	17018.22	+0.002	1192.69	1192.98	+0.024	1218.37	+2.153	0.346	16470.41	16470.47	+0.000	0	5.5	0.0091	102	162.106	0.0000	0.000	0.000	0.0000	0.00	0.0e0	0	**否**		过
W08	31.00	26.00	3	判决	1.000	64.91	119×63	4176	17017.92	17018.22	+0.002	1192.69	1193.00	+0.026	1185.61	-0.594	0.346	16470.41	16470.47	+0.000	0	5.5	0.0150	204	162.106	0.0000	0.000	0.000	0.0000	0.00	0.0e0	0	**否**		过
W08	31.25	30.00	0	导航	2.000	62.06	60×33	1208	16297.11	16297.32	+0.001	1263.58	1263.79	+0.016	1242.83	-1.643	43.753	15828.09	15828.14	+0.000	0	6.4	0.0000	102	162.106	0.0000	0.000	0.000	0.0000	0.00	0.0e0	0	**否**		过
W08	31.25	30.00	0	判决	1.000	62.06	116×65	4552	16297.11	16297.32	+0.001	1263.58	1263.80	+0.017	1259.07	-0.357	34.979	15828.09	15828.14	+0.000	0	5.5	0.0001	206	162.106	0.0000	0.000	0.000	0.0000	0.00	0.0e0	0	**否**		过
W08	31.25	30.00	1	导航	2.000	62.06	60×33	1208	28173.01	28173.41	+0.001	2179.08	2179.46	+0.017	2143.22	-1.646	43.753	27367.79	27367.86	+0.000	0	6.4	0.0000	102	162.106	0.0000	0.000	0.000	0.0000	0.00	0.0e0	0	**否**		过
W08	31.25	30.00	1	判决	1.000	62.06	116×65	4552	28173.01	28173.41	+0.001	2179.08	2179.48	+0.018	2171.30	-0.357	34.979	27367.79	27367.86	+0.000	0	5.5	0.0001	206	162.106	0.0000	0.000	0.000	0.0000	0.00	0.0e0	0	**否**		过
W08	31.25	30.00	2	导航	2.000	62.06	60×33	1208	28173.01	28173.41	+0.001	2179.08	2179.46	+0.017	2143.22	-1.646	43.753	27367.79	27367.86	+0.000	0	6.4	0.0000	102	162.106	0.0000	0.000	0.000	0.0000	0.00	0.0e0	0	**否**		过
W08	31.25	30.00	2	判决	1.000	62.06	116×65	4552	28173.01	28173.41	+0.001	2179.08	2179.48	+0.018	2171.30	-0.357	34.979	27367.79	27367.86	+0.000	0	5.5	0.0001	206	162.106	0.0000	0.000	0.000	0.0000	0.00	0.0e0	0	**否**		过
W08	31.25	30.00	3	导航	2.000	62.06	60×33	1208	16297.11	16297.32	+0.001	1263.58	1263.79	+0.016	1242.83	-1.643	43.753	15828.09	15828.14	+0.000	0	6.4	0.0000	102	162.106	0.0000	0.000	0.000	0.0000	0.00	0.0e0	0	**否**		过
W08	31.25	30.00	3	判决	1.000	62.06	116×65	4552	16297.11	16297.32	+0.001	1263.58	1263.80	+0.017	1259.07	-0.357	34.979	15828.09	15828.14	+0.000	0	5.5	0.0001	206	162.106	0.0000	0.000	0.000	0.0000	0.00	0.0e0	0	**否**		过
W08	31.25	28.00	0	导航	2.000	63.86	61×33	1182	16740.72	16740.98	+0.002	1238.34	1238.59	+0.020	1238.42	+0.007	43.753	16219.15	16219.20	+0.000	0	5.5	0.0000	100	162.106	0.0000	0.000	0.000	0.0000	0.00	0.0e0	0	**否**		过
W08	31.25	28.00	0	判决	1.000	63.86	117×65	4338	16740.72	16740.98	+0.002	1238.34	1238.61	+0.022	1242.76	+0.357	34.979	16219.15	16219.20	+0.000	0	5.9	0.0001	204	162.106	0.0000	0.000	0.000	0.0000	0.00	0.0e0	0	**否**		过
W08	31.25	28.00	1	导航	2.000	63.86	61×33	1182	28993.16	28993.65	+0.002	2131.90	2132.36	+0.022	2132.07	+0.008	43.753	28103.22	28103.31	+0.000	0	5.5	0.0000	100	162.106	0.0000	0.000	0.000	0.0000	0.00	0.0e0	0	**否**		过
W08	31.25	28.00	1	判决	1.000	63.86	117×65	4338	28993.16	28993.65	+0.002	2131.90	2132.39	+0.023	2139.59	+0.361	34.979	28103.22	28103.31	+0.000	0	5.9	0.0001	204	162.106	0.0000	0.000	0.000	0.0000	0.00	0.0e0	0	**否**		过
W08	31.25	28.00	2	导航	2.000	63.86	61×33	1182	28993.16	28993.65	+0.002	2131.90	2132.36	+0.022	2132.07	+0.008	43.753	28103.22	28103.31	+0.000	0	5.5	0.0000	100	162.106	0.0000	0.000	0.000	0.0000	0.00	0.0e0	0	**否**		过
W08	31.25	28.00	2	判决	1.000	63.86	117×65	4338	28993.16	28993.65	+0.002	2131.90	2132.39	+0.023	2139.59	+0.361	34.979	28103.22	28103.31	+0.000	0	5.9	0.0001	204	162.106	0.0000	0.000	0.000	0.0000	0.00	0.0e0	0	**否**		过
W08	31.25	28.00	3	导航	2.000	63.86	61×33	1182	16740.72	16740.98	+0.002	1238.34	1238.59	+0.020	1238.42	+0.007	43.753	16219.15	16219.20	+0.000	0	5.5	0.0000	100	162.106	0.0000	0.000	0.000	0.0000	0.00	0.0e0	0	**否**		过
W08	31.25	28.00	3	判决	1.000	63.86	117×65	4338	16740.72	16740.98	+0.002	1238.34	1238.61	+0.022	1242.76	+0.357	34.979	16219.15	16219.20	+0.000	0	5.9	0.0001	204	162.106	0.0000	0.000	0.000	0.0000	0.00	0.0e0	0	**否**		过
W08	31.25	26.00	0	导航	2.000	65.07	62×33	1128	17120.80	17121.13	+0.002	1276.21	1276.55	+0.026	1302.54	+2.063	43.753	16511.52	16511.58	+0.000	0	5.5	0.0000	102	162.106	0.0000	0.000	0.000	0.0000	0.00	0.0e0	0	**否**		过
W08	31.25	26.00	0	判决	1.000	65.07	120×65	4202	17120.80	17121.13	+0.002	1276.21	1276.55	+0.026	1274.46	-0.137	34.979	16511.52	16511.58	+0.000	0	5.5	0.0001	206	162.106	0.0000	0.000	0.000	0.0000	0.00	0.0e0	0	**否**		过
W08	31.25	26.00	1	导航	2.000	65.07	62×33	1128	29638.16	29638.79	+0.002	2214.84	2215.49	+0.029	2260.47	+2.060	43.753	28577.62	28577.73	+0.000	0	5.5	0.0000	102	162.106	0.0000	0.000	0.000	0.0000	0.00	0.0e0	0	**否**		过
W08	31.25	26.00	1	判决	1.000	65.07	120×65	4202	29638.16	29638.79	+0.002	2214.84	2215.48	+0.029	2211.87	-0.134	34.979	28577.62	28577.73	+0.000	0	5.5	0.0001	206	162.106	0.0000	0.000	0.000	0.0000	0.00	0.0e0	0	**否**		过
W08	31.25	26.00	2	导航	2.000	65.07	62×33	1128	29638.16	29638.79	+0.002	2214.84	2215.49	+0.029	2260.47	+2.060	43.753	28577.62	28577.73	+0.000	0	5.5	0.0000	102	162.106	0.0000	0.000	0.000	0.0000	0.00	0.0e0	0	**否**		过
W08	31.25	26.00	2	判决	1.000	65.07	120×65	4202	29638.16	29638.79	+0.002	2214.84	2215.48	+0.029	2211.87	-0.134	34.979	28577.62	28577.73	+0.000	0	5.5	0.0001	206	162.106	0.0000	0.000	0.000	0.0000	0.00	0.0e0	0	**否**		过
W08	31.25	26.00	3	导航	2.000	65.07	62×33	1128	17120.80	17121.13	+0.002	1276.21	1276.55	+0.026	1302.54	+2.063	43.753	16511.52	16511.58	+0.000	0	5.5	0.0000	102	162.106	0.0000	0.000	0.000	0.0000	0.00	0.0e0	0	**否**		过
W08	31.25	26.00	3	判决	1.000	65.07	120×65	4202	17120.80	17121.13	+0.002	1276.21	1276.55	+0.026	1274.46	-0.137	34.979	16511.52	16511.58	+0.000	0	5.5	0.0001	206	162.106	0.0000	0.000	0.000	0.0000	0.00	0.0e0	0	**否**		过
W08	31.50	30.00	0	导航	2.000	62.36	60×33	1222	16432.63	16432.85	+0.001	1335.56	1335.76	+0.015	1345.87	+0.772	0.625	15911.76	15911.81	+0.000	0	6.4	0.0018	102	162.106	0.0000	0.000	0.000	0.0000	0.00	0.0e0	0	**否**		过
W08	31.50	30.00	0	判决	1.000	62.36	116×65	4578	16432.63	16432.85	+0.001	1335.56	1335.79	+0.017	1329.63	-0.444	0.319	15911.76	15911.81	+0.000	0	5.5	0.0053	206	162.106	0.0000	0.000	0.000	0.0000	0.00	0.0e0	0	**否**		过
W08	31.50	30.00	1	导航	2.000	62.36	60×33	1222	28368.52	28368.93	+0.001	2264.73	2265.10	+0.017	2282.57	+0.788	0.625	27512.45	27512.54	+0.000	0	6.4	0.0018	102	162.106	0.0000	0.000	0.000	0.0000	0.00	0.0e0	0	**否**		过
W08	31.50	30.00	1	判决	1.000	62.36	116×65	4578	28368.52	28368.93	+0.001	2264.73	2265.16	+0.019	2254.49	-0.452	0.335	27512.45	27512.54	+0.000	0	5.5	0.0053	206	162.106	0.0000	0.000	0.000	0.0000	0.00	0.0e0	0	**否**		过
W08	31.50	30.00	2	导航	2.000	62.36	60×33	1222	28368.52	28368.93	+0.001	2264.73	2265.10	+0.017	2282.57	+0.788	0.625	27512.45	27512.54	+0.000	0	6.4	0.0018	102	162.106	0.0000	0.000	0.000	0.0000	0.00	0.0e0	0	**否**		过
W08	31.50	30.00	2	判决	1.000	62.36	116×65	4578	28368.52	28368.93	+0.001	2264.73	2265.16	+0.019	2254.49	-0.452	0.335	27512.45	27512.54	+0.000	0	5.5	0.0053	206	162.106	0.0000	0.000	0.000	0.0000	0.00	0.0e0	0	**否**		过
W08	31.50	30.00	3	导航	2.000	62.36	60×33	1222	16432.63	16432.85	+0.001	1335.56	1335.76	+0.015	1345.87	+0.772	0.625	15911.76	15911.81	+0.000	0	6.4	0.0018	102	162.106	0.0000	0.000	0.000	0.0000	0.00	0.0e0	0	**否**		过
W08	31.50	30.00	3	判决	1.000	62.36	116×65	4578	16432.63	16432.85	+0.001	1335.56	1335.79	+0.017	1329.63	-0.444	0.319	15911.76	15911.81	+0.000	0	5.5	0.0053	206	162.106	0.0000	0.000	0.000	0.0000	0.00	0.0e0	0	**否**		过
W08	31.50	28.00	0	导航	2.000	64.05	61×33	1190	16850.12	16850.38	+0.002	1317.94	1318.20	+0.020	1330.46	+0.950	0.625	16271.03	16271.09	+0.000	0	5.5	0.0050	100	162.106	0.0000	0.000	0.000	0.0000	0.00	0.0e0	0	**否**		过
W08	31.50	28.00	0	判决	1.000	64.05	118×65	4410	16850.12	16850.38	+0.002	1317.94	1318.20	+0.020	1321.78	+0.291	0.330	16271.03	16271.09	+0.000	0	5.9	0.0102	206	162.106	0.0000	0.000	0.000	0.0000	0.00	0.0e0	0	**否**		过
W08	31.50	28.00	1	导航	2.000	64.05	61×33	1190	29157.52	29158.01	+0.002	2244.61	2245.10	+0.022	2266.34	+0.968	0.625	28193.12	28193.22	+0.000	0	5.5	0.0050	100	162.106	0.0000	0.000	0.000	0.0000	0.00	0.0e0	0	**否**		过
W08	31.50	28.00	1	判决	1.000	64.05	118×65	4410	29157.52	29158.01	+0.002	2244.61	2245.10	+0.022	2251.30	+0.298	0.343	28193.12	28193.22	+0.000	0	5.9	0.0102	206	162.106	0.0000	0.000	0.000	0.0000	0.00	0.0e0	0	**否**		过
W08	31.50	28.00	2	导航	2.000	64.05	61×33	1190	29157.52	29158.01	+0.002	2244.61	2245.10	+0.022	2266.34	+0.968	0.625	28193.12	28193.22	+0.000	0	5.5	0.0050	100	162.106	0.0000	0.000	0.000	0.0000	0.00	0.0e0	0	**否**		过
W08	31.50	28.00	2	判决	1.000	64.05	118×65	4410	29157.52	29158.01	+0.002	2244.61	2245.10	+0.022	2251.30	+0.298	0.343	28193.12	28193.22	+0.000	0	5.9	0.0102	206	162.106	0.0000	0.000	0.000	0.0000	0.00	0.0e0	0	**否**		过
W08	31.50	28.00	3	导航	2.000	64.05	61×33	1190	16850.12	16850.38	+0.002	1317.94	1318.20	+0.020	1330.46	+0.950	0.625	16271.03	16271.09	+0.000	0	5.5	0.0050	100	162.106	0.0000	0.000	0.000	0.0000	0.00	0.0e0	0	**否**		过
W08	31.50	28.00	3	判决	1.000	64.05	118×65	4410	16850.12	16850.38	+0.002	1317.94	1318.20	+0.020	1321.78	+0.291	0.330	16271.03	16271.09	+0.000	0	5.9	0.0102	206	162.106	0.0000	0.000	0.000	0.0000	0.00	0.0e0	0	**否**		过
W08	31.50	26.00	0	导航	2.000	65.22	62×33	1142	17235.18	17235.51	+0.002	1372.09	1372.34	+0.018	1379.48	+0.538	0.625	16551.04	16551.10	+0.000	0	5.5	0.0104	102	162.106	0.0000	0.000	0.000	0.0000	0.00	0.0e0	0	**否**		过
W08	31.50	26.00	0	判决	1.000	65.22	120×65	4262	17235.18	17235.51	+0.002	1372.09	1372.42	+0.024	1379.48	+0.538	0.326	16551.04	16551.10	+0.000	0	5.5	0.0102	206	162.106	0.0000	0.000	0.000	0.0000	0.00	0.0e0	0	**否**		过
W08	31.50	26.00	1	导航	2.000	65.22	62×33	1142	29789.98	29790.59	+0.002	2334.64	2335.11	+0.020	2347.45	+0.549	0.625	28646.03	28646.14	+0.000	0	5.5	0.0104	102	162.106	0.0000	0.000	0.000	0.0000	0.00	0.0e0	0	**否**		过
W08	31.50	26.00	1	判决	1.000	65.22	120×65	4262	29789.98	29790.59	+0.002	2334.64	2335.24	+0.026	2347.45	+0.549	0.339	28646.03	28646.14	+0.000	0	5.5	0.0102	206	162.106	0.0000	0.000	0.000	0.0000	0.00	0.0e0	0	**否**		过
W08	31.50	26.00	2	导航	2.000	65.22	62×33	1142	29789.98	29790.59	+0.002	2334.64	2335.11	+0.020	2347.45	+0.549	0.625	28646.03	28646.14	+0.000	0	5.5	0.0104	102	162.106	0.0000	0.000	0.000	0.0000	0.00	0.0e0	0	**否**		过
W08	31.50	26.00	2	判决	1.000	65.22	120×65	4262	29789.98	29790.59	+0.002	2334.64	2335.24	+0.026	2347.45	+0.549	0.339	28646.03	28646.14	+0.000	0	5.5	0.0102	206	162.106	0.0000	0.000	0.000	0.0000	0.00	0.0e0	0	**否**		过
W08	31.50	26.00	3	导航	2.000	65.22	62×33	1142	17235.18	17235.51	+0.002	1372.09	1372.34	+0.018	1379.48	+0.538	0.625	16551.04	16551.10	+0.000	0	5.5	0.0104	102	162.106	0.0000	0.000	0.000	0.0000	0.00	0.0e0	0	**否**		过
W08	31.50	26.00	3	判决	1.000	65.22	120×65	4262	17235.18	17235.51	+0.002	1372.09	1372.42	+0.024	1379.48	+0.538	0.326	16551.04	16551.10	+0.000	0	5.5	0.0102	206	162.106	0.0000	0.000	0.000	0.0000	0.00	0.0e0	0	**否**		过
W08	31.75	30.00	0	导航	2.000	62.64	60×33	1242	16565.57	16565.80	+0.001	1412.28	1412.54	+0.018	1430.10	+1.262	1.103	15988.11	15988.15	+0.000	0	6.4	0.0019	100	162.106	0.0000	0.000	0.000	0.0000	0.00	0.0e0	0	**否**		过
W08	31.75	30.00	0	判决	1.000	62.64	117×65	4644	16565.57	16565.80	+0.001	1412.28	1412.52	+0.017	1409.80	-0.176	0.310	15988.11	15988.15	+0.000	0	5.5	0.0067	206	162.106	0.0000	0.000	0.000	0.0000	0.00	0.0e0	0	**否**		过
W08	31.75	30.00	1	导航	2.000	62.64	60×33	1242	28551.78	28552.20	+0.001	2350.77	2351.24	+0.020	2381.60	+1.311	1.103	27644.45	27644.54	+0.000	0	6.4	0.0019	100	162.106	0.0000	0.000	0.000	0.0000	0.00	0.0e0	0	**否**		过
W08	31.75	30.00	1	判决	1.000	62.64	117×65	4644	28551.78	28552.20	+0.001	2350.77	2351.20	+0.018	2346.50	-0.182	0.335	27644.45	27644.54	+0.000	0	5.5	0.0067	206	162.106	0.0000	0.000	0.000	0.0000	0.00	0.0e0	0	**否**		过
W08	31.75	30.00	2	导航	2.000	62.64	60×33	1242	28551.78	28552.20	+0.001	2350.77	2351.24	+0.020	2381.60	+1.311	1.103	27644.45	27644.54	+0.000	0	6.4	0.0019	100	162.106	0.0000	0.000	0.000	0.0000	0.00	0.0e0	0	**否**		过
W08	31.75	30.00	2	判决	1.000	62.64	117×65	4644	28551.78	28552.20	+0.001	2350.77	2351.20	+0.018	2346.50	-0.182	0.335	27644.45	27644.54	+0.000	0	5.5	0.0067	206	162.106	0.0000	0.000	0.000	0.0000	0.00	0.0e0	0	**否**		过
W08	31.75	30.00	3	导航	2.000	62.64	60×33	1242	16565.57	16565.80	+0.001	1412.28	1412.54	+0.018	1430.10	+1.262	1.103	15988.11	15988.15	+0.000	0	6.4	0.0019	100	162.106	0.0000	0.000	0.000	0.0000	0.00	0.0e0	0	**否**		过
W08	31.75	30.00	3	判决	1.000	62.64	117×65	4644	16565.57	16565.80	+0.001	1412.28	1412.52	+0.017	1409.80	-0.176	0.310	15988.11	15988.15	+0.000	0	5.5	0.0067	206	162.106	0.0000	0.000	0.000	0.0000	0.00	0.0e0	0	**否**		过
W08	31.75	28.00	0	导航	2.000	64.24	62×33	1214	16972.10	16972.38	+0.002	1411.85	1412.06	+0.015	1383.00	-2.043	1.103	16320.53	16320.59	+0.000	0	5.5	0.0043	102	162.106	0.0000	0.000	0.000	0.0000	0.00	0.0e0	0	**否**		过
W08	31.75	28.00	0	判决	1.000	64.24	118×65	4448	16972.10	16972.38	+0.002	1411.85	1412.12	+0.020	1413.38	+0.109	0.318	16320.53	16320.59	+0.000	0	5.9	0.0173	204	162.106	0.0000	0.000	0.000	0.0000	0.00	0.0e0	0	**否**		过
W08	31.75	28.00	1	导航	2.000	64.24	62×33	1214	29312.62	29313.11	+0.002	2351.07	2351.46	+0.016	2301.11	-2.125	1.103	28278.89	28278.99	+0.000	0	5.5	0.0043	102	162.106	0.0000	0.000	0.000	0.0000	0.00	0.0e0	0	**否**		过
W08	31.75	28.00	1	判决	1.000	64.24	118×65	4448	29312.62	29313.11	+0.002	2351.07	2351.57	+0.021	2353.75	+0.114	0.341	28278.89	28278.99	+0.000	0	5.9	0.0173	204	162.106	0.0000	0.000	0.000	0.0000	0.00	0.0e0	0	**否**		过
W08	31.75	28.00	2	导航	2.000	64.24	62×33	1214	29312.62	29313.11	+0.002	2351.07	2351.46	+0.016	2301.11	-2.125	1.103	28278.89	28278.99	+0.000	0	5.5	0.0043	102	162.106	0.0000	0.000	0.000	0.0000	0.00	0.0e0	0	**否**		过
W08	31.75	28.00	2	判决	1.000	64.24	118×65	4448	29312.62	29313.11	+0.002	2351.07	2351.57	+0.021	2353.75	+0.114	0.341	28278.89	28278.99	+0.000	0	5.9	0.0173	204	162.106	0.0000	0.000	0.000	0.0000	0.00	0.0e0	0	**否**		过
W08	31.75	28.00	3	导航	2.000	64.24	62×33	1214	16972.10	16972.38	+0.002	1411.85	1412.06	+0.015	1383.00	-2.043	1.103	16320.53	16320.59	+0.000	0	5.5	0.0043	102	162.106	0.0000	0.000	0.000	0.0000	0.00	0.0e0	0	**否**		过
W08	31.75	28.00	3	判决	1.000	64.24	118×65	4448	16972.10	16972.38	+0.002	1411.85	1412.12	+0.020	1413.38	+0.109	0.318	16320.53	16320.59	+0.000	0	5.9	0.0173	204	162.106	0.0000	0.000	0.000	0.0000	0.00	0.0e0	0	**否**		过
W08	31.75	26.00	0	导航	2.000	65.38	62×33	1154	17353.05	17353.42	+0.002	1472.21	1472.51	+0.021	1497.37	+1.709	1.103	16589.03	16589.10	+0.000	0	5.5	0.0043	100	162.106	0.0000	0.000	0.000	0.0000	0.00	0.0e0	0	**否**		过
W08	31.75	26.00	0	判决	1.000	65.38	120×65	4290	17353.05	17353.42	+0.002	1472.21	1472.58	+0.026	1469.29	-0.198	0.315	16589.03	16589.10	+0.000	0	5.5	0.0173	204	162.106	0.0000	0.000	0.000	0.0000	0.00	0.0e0	0	**否**		过
W08	31.75	26.00	1	导航	2.000	65.38	62×33	1154	29942.73	29943.38	+0.002	2456.66	2457.21	+0.022	2500.22	+1.773	1.103	28711.78	28711.90	+0.000	0	5.5	0.0043	100	162.106	0.0000	0.000	0.000	0.0000	0.00	0.0e0	0	**否**		过
W08	31.75	26.00	1	判决	1.000	65.38	120×65	4290	29942.73	29943.38	+0.002	2456.66	2457.33	+0.027	2451.62	-0.205	0.335	28711.78	28711.90	+0.000	0	5.5	0.0173	204	162.106	0.0000	0.000	0.000	0.0000	0.00	0.0e0	0	**否**		过
W08	31.75	26.00	2	导航	2.000	65.38	62×33	1154	29942.73	29943.38	+0.002	2456.66	2457.21	+0.022	2500.22	+1.773	1.103	28711.78	28711.90	+0.000	0	5.5	0.0043	100	162.106	0.0000	0.000	0.000	0.0000	0.00	0.0e0	0	**否**		过
W08	31.75	26.00	2	判决	1.000	65.38	120×65	4290	29942.73	29943.38	+0.002	2456.66	2457.33	+0.027	2451.62	-0.205	0.335	28711.78	28711.90	+0.000	0	5.5	0.0173	204	162.106	0.0000	0.000	0.000	0.0000	0.00	0.0e0	0	**否**		过
W08	31.75	26.00	3	导航	2.000	65.38	62×33	1154	17353.05	17353.42	+0.002	1472.21	1472.51	+0.021	1497.37	+1.709	1.103	16589.03	16589.10	+0.000	0	5.5	0.0043	100	162.106	0.0000	0.000	0.000	0.0000	0.00	0.0e0	0	**否**		过
W08	31.75	26.00	3	判决	1.000	65.38	120×65	4290	17353.05	17353.42	+0.002	1472.21	1472.58	+0.026	1469.29	-0.198	0.315	16589.03	16589.10	+0.000	0	5.5	0.0173	204	162.106	0.0000	0.000	0.000	0.0000	0.00	0.0e0	0	**否**		过
W08	32.00	30.00	0	导航	2.000	62.90	61×33	1258	16696.67	16696.93	+0.002	1492.90	1493.16	+0.018	1480.01	-0.863	0.301	16058.57	16058.62	+0.000	0	5.5	0.0020	102	162.106	0.0000	0.000	0.000	0.0000	0.00	0.0e0	0	**否**		过
W08	32.00	30.00	0	判决	1.000	62.90	116×65	4648	16696.67	16696.93	+0.002	1492.90	1493.16	+0.018	1492.19	-0.047	1.083	16058.57	16058.62	+0.000	0	5.5	0.0034	204	162.106	0.0000	0.000	0.000	0.0000	0.00	0.0e0	0	**否**		过
W08	32.00	30.00	1	导航	2.000	62.90	61×33	1258	28725.41	28725.84	+0.002	2437.11	2437.56	+0.018	2414.83	-0.914	0.335	27766.29	27766.38	+0.000	0	5.5	0.0020	102	162.106	0.0000	0.000	0.000	0.0000	0.00	0.0e0	0	**否**		过
W08	32.00	30.00	1	判决	1.000	62.90	116×65	4648	28725.41	28725.84	+0.002	2437.11	2437.56	+0.018	2435.89	-0.050	1.083	27766.29	27766.38	+0.000	0	5.5	0.0034	204	162.106	0.0000	0.000	0.000	0.0000	0.00	0.0e0	0	**否**		过
W08	32.00	30.00	2	导航	2.000	62.90	61×33	1258	28725.41	28725.84	+0.002	2437.11	2437.56	+0.018	2414.83	-0.914	0.335	27766.29	27766.38	+0.000	0	5.5	0.0020	102	162.106	0.0000	0.000	0.000	0.0000	0.00	0.0e0	0	**否**		过
W08	32.00	30.00	2	判决	1.000	62.90	116×65	4648	28725.41	28725.84	+0.002	2437.11	2437.56	+0.018	2435.89	-0.050	1.083	27766.29	27766.38	+0.000	0	5.5	0.0034	204	162.106	0.0000	0.000	0.000	0.0000	0.00	0.0e0	0	**否**		过
W08	32.00	30.00	3	导航	2.000	62.90	61×33	1258	16696.67	16696.93	+0.002	1492.90	1493.16	+0.018	1480.01	-0.863	0.301	16058.57	16058.62	+0.000	0	5.5	0.0020	102	162.106	0.0000	0.000	0.000	0.0000	0.00	0.0e0	0	**否**		过
W08	32.00	30.00	3	判决	1.000	62.90	116×65	4648	16696.67	16696.93	+0.002	1492.90	1493.16	+0.018	1492.19	-0.047	1.083	16058.57	16058.62	+0.000	0	5.5	0.0034	204	162.106	0.0000	0.000	0.000	0.0000	0.00	0.0e0	0	**否**		过
W08	32.00	28.00	0	导航	2.000	64.42	62×33	1218	17096.79	17097.11	+0.002	1510.04	1510.36	+0.021	1490.36	-1.303	0.306	16367.83	16367.88	+0.000	0	5.5	0.0061	102	162.106	0.0000	0.000	0.000	0.0000	0.00	0.0e0	0	**否**		过
W08	32.00	28.00	0	判决	1.000	64.42	119×65	4524	17096.79	17097.11	+0.002	1510.04	1510.36	+0.021	1507.72	-0.153	1.083	16367.83	16367.88	+0.000	0	5.5	0.0034	206	162.106	0.0000	0.000	0.000	0.0000	0.00	0.0e0	0	**否**		过
W08	32.00	28.00	1	导航	2.000	64.42	62×33	1218	29475.41	29475.97	+0.002	2467.96	2468.52	+0.023	2433.87	-1.381	0.336	28360.83	28360.94	+0.000	0	5.5	0.0061	102	162.106	0.0000	0.000	0.000	0.0000	0.00	0.0e0	0	**否**		过
W08	32.00	28.00	1	判决	1.000	64.42	119×65	4524	29475.41	29475.97	+0.002	2467.96	2468.52	+0.022	2463.95	-0.163	1.083	28360.83	28360.94	+0.000	0	5.5	0.0034	206	162.106	0.0000	0.000	0.000	0.0000	0.00	0.0e0	0	**否**		过
W08	32.00	28.00	2	导航	2.000	64.42	62×33	1218	29475.41	29475.97	+0.002	2467.96	2468.52	+0.023	2433.87	-1.381	0.336	28360.83	28360.94	+0.000	0	5.5	0.0061	102	162.106	0.0000	0.000	0.000	0.0000	0.00	0.0e0	0	**否**		过
W08	32.00	28.00	2	判决	1.000	64.42	119×65	4524	29475.41	29475.97	+0.002	2467.96	2468.52	+0.022	2463.95	-0.163	1.083	28360.83	28360.94	+0.000	0	5.5	0.0034	206	162.106	0.0000	0.000	0.000	0.0000	0.00	0.0e0	0	**否**		过
W08	32.00	28.00	3	导航	2.000	64.42	62×33	1218	17096.79	17097.11	+0.002	1510.04	1510.36	+0.021	1490.36	-1.303	0.306	16367.83	16367.88	+0.000	0	5.5	0.0061	102	162.106	0.0000	0.000	0.000	0.0000	0.00	0.0e0	0	**否**		过
W08	32.00	28.00	3	判决	1.000	64.42	119×65	4524	17096.79	17097.11	+0.002	1510.04	1510.36	+0.021	1507.72	-0.153	1.083	16367.83	16367.88	+0.000	0	5.5	0.0034	206	162.106	0.0000	0.000	0.000	0.0000	0.00	0.0e0	0	**否**		过
W08	32.00	26.00	0	导航	2.000	65.53	63×33	1168	17483.80	17484.21	+0.002	1585.94	1586.31	+0.023	1609.43	+1.482	0.301	16625.54	16625.68	+0.001	0	5.5	0.0118	102	162.106	0.0000	0.000	0.000	0.0000	0.00	0.0e0	0	**否**		过
W08	32.00	26.00	0	判决	1.000	65.53	120×65	4310	17483.80	17484.21	+0.002	1585.94	1586.34	+0.026	1581.35	-0.289	1.083	16625.54	16625.68	+0.001	0	5.5	0.0034	206	162.106	0.0000	0.000	0.000	0.0000	0.00	0.0e0	0	**否**		过
W08	32.00	26.00	1	导航	2.000	65.53	63×33	1168	30096.64	30097.33	+0.002	2581.11	2581.74	+0.024	2621.75	+1.574	0.332	28774.96	28775.21	+0.001	0	5.5	0.0118	102	162.106	0.0000	0.000	0.000	0.0000	0.00	0.0e0	0	**否**		过
W08	32.00	26.00	1	判决	1.000	65.53	120×65	4310	30096.64	30097.33	+0.002	2581.11	2581.81	+0.027	2573.15	-0.308	1.083	28774.96	28775.21	+0.001	0	5.5	0.0034	206	162.106	0.0000	0.000	0.000	0.0000	0.00	0.0e0	0	**否**		过
W08	32.00	26.00	2	导航	2.000	65.53	63×33	1168	30096.64	30097.33	+0.002	2581.11	2581.74	+0.024	2621.75	+1.574	0.332	28774.96	28775.21	+0.001	0	5.5	0.0118	102	162.106	0.0000	0.000	0.000	0.0000	0.00	0.0e0	0	**否**		过
W08	32.00	26.00	2	判决	1.000	65.53	120×65	4310	30096.64	30097.33	+0.002	2581.11	2581.81	+0.027	2573.15	-0.308	1.083	28774.96	28775.21	+0.001	0	5.5	0.0034	206	162.106	0.0000	0.000	0.000	0.0000	0.00	0.0e0	0	**否**		过
W08	32.00	26.00	3	导航	2.000	65.53	63×33	1168	17483.80	17484.21	+0.002	1585.94	1586.31	+0.023	1609.43	+1.482	0.301	16625.54	16625.68	+0.001	0	5.5	0.0118	102	162.106	0.0000	0.000	0.000	0.0000	0.00	0.0e0	0	**否**		过
W08	32.00	26.00	3	判决	1.000	65.53	120×65	4310	17483.80	17484.21	+0.002	1585.94	1586.34	+0.026	1581.35	-0.289	1.083	16625.54	16625.68	+0.001	0	5.5	0.0034	206	162.106	0.0000	0.000	0.000	0.0000	0.00	0.0e0	0	**否**		过
W08	32.25	30.00	0	导航	2.000	63.14	61×33	1274	16826.32	16826.60	+0.002	1576.65	1576.95	+0.019	1560.96	-0.995	94.643	16124.16	16124.21	+0.000	0	5.5	0.0000	100	162.106	0.0000	0.000	0.000	0.0000	0.00	0.0e0	0	**否**		过
W08	32.25	30.00	0	判决	1.000	63.14	118×67	4754	16826.32	16826.60	+0.002	1576.65	1576.93	+0.018	1569.08	-0.480	89.286	16124.16	16124.21	+0.000	0	5.5	0.0000	204	162.106	0.0000	0.000	0.000	0.0000	0.00	0.0e0	0	**否**		过
W08	32.25	30.00	1	导航	2.000	63.14	61×33	1274	28891.21	28891.67	+0.002	2523.56	2524.05	+0.020	2496.40	-1.076	94.643	27879.70	27879.79	+0.000	0	5.5	0.0000	100	162.106	0.0000	0.000	0.000	0.0000	0.00	0.0e0	0	**否**		过
W08	32.25	30.00	1	判决	1.000	63.14	118×67	4754	28891.21	28891.67	+0.002	2523.56	2524.03	+0.019	2510.44	-0.520	89.286	27879.70	27879.79	+0.000	0	5.5	0.0000	204	162.106	0.0000	0.000	0.000	0.0000	0.00	0.0e0	0	**否**		过
W08	32.25	30.00	2	导航	2.000	63.14	61×33	1274	28891.21	28891.67	+0.002	2523.56	2524.05	+0.020	2496.40	-1.076	94.643	27879.70	27879.79	+0.000	0	5.5	0.0000	100	162.106	0.0000	0.000	0.000	0.0000	0.00	0.0e0	0	**否**		过
W08	32.25	30.00	2	判决	1.000	63.14	118×67	4754	28891.21	28891.67	+0.002	2523.56	2524.03	+0.019	2510.44	-0.520	89.286	27879.70	27879.79	+0.000	0	5.5	0.0000	204	162.106	0.0000	0.000	0.000	0.0000	0.00	0.0e0	0	**否**		过
W08	32.25	30.00	3	导航	2.000	63.14	61×33	1274	16826.32	16826.60	+0.002	1576.65	1576.95	+0.019	1560.96	-0.995	94.643	16124.16	16124.21	+0.000	0	5.5	0.0000	100	162.106	0.0000	0.000	0.000	0.0000	0.00	0.0e0	0	**否**		过
W08	32.25	30.00	3	判决	1.000	63.14	118×67	4754	16826.32	16826.60	+0.002	1576.65	1576.93	+0.018	1569.08	-0.480	89.286	16124.16	16124.21	+0.000	0	5.5	0.0000	204	162.106	0.0000	0.000	0.000	0.0000	0.00	0.0e0	0	**否**		过
W08	32.25	28.00	0	导航	2.000	64.60	62×33	1230	17224.48	17224.84	+0.002	1612.62	1612.97	+0.021	1600.72	-0.738	94.643	16413.07	16413.13	+0.000	0	5.5	0.0000	100	162.106	0.0000	0.000	0.000	0.0000	0.00	0.0e0	0	**否**		过
W08	32.25	28.00	0	判决	1.000	64.60	120×67	4598	17224.48	17224.84	+0.002	1612.62	1612.99	+0.022	1609.40	-0.200	89.286	16413.07	16413.13	+0.000	0	5.5	0.0000	204	162.106	0.0000	0.000	0.000	0.0000	0.00	0.0e0	0	**否**		过
W08	32.25	28.00	1	导航	2.000	64.60	62×33	1230	29638.23	29638.82	+0.002	2587.29	2587.85	+0.022	2566.62	-0.799	94.643	28439.22	28439.34	+0.000	0	5.5	0.0000	100	162.106	0.0000	0.000	0.000	0.0000	0.00	0.0e0	0	**否**		过
W08	32.25	28.00	1	判决	1.000	64.60	120×67	4598	29638.23	29638.82	+0.002	2587.29	2587.88	+0.023	2581.66	-0.217	89.286	28439.22	28439.34	+0.000	0	5.5	0.0000	204	162.106	0.0000	0.000	0.000	0.0000	0.00	0.0e0	0	**否**		过
W08	32.25	28.00	2	导航	2.000	64.60	62×33	1230	29638.23	29638.82	+0.002	2587.29	2587.85	+0.022	2566.62	-0.799	94.643	28439.22	28439.34	+0.000	0	5.5	0.0000	100	162.106	0.0000	0.000	0.000	0.0000	0.00	0.0e0	0	**否**		过
W08	32.25	28.00	2	判决	1.000	64.60	120×67	4598	29638.23	29638.82	+0.002	2587.29	2587.88	+0.023	2581.66	-0.217	89.286	28439.22	28439.34	+0.000	0	5.5	0.0000	204	162.106	0.0000	0.000	0.000	0.0000	0.00	0.0e0	0	**否**		过
W08	32.25	28.00	3	导航	2.000	64.60	62×33	1230	17224.48	17224.84	+0.002	1612.62	1612.97	+0.021	1600.72	-0.738	94.643	16413.07	16413.13	+0.000	0	5.5	0.0000	100	162.106	0.0000	0.000	0.000	0.0000	0.00	0.0e0	0	**否**		过
W08	32.25	28.00	3	判决	1.000	64.60	120×67	4598	17224.48	17224.84	+0.002	1612.62	1612.99	+0.022	1609.40	-0.200	89.286	16413.07	16413.13	+0.000	0	5.5	0.0000	204	162.106	0.0000	0.000	0.000	0.0000	0.00	0.0e0	0	**否**		过
W08	32.25	26.00	0	导航	2.000	65.68	63×33	1176	17609.71	17610.15	+0.003	1695.47	1695.92	+0.027	1716.64	+1.249	94.643	16660.60	16661.48	+0.005	0	5.5	0.0000	102	162.106	0.0000	0.000	0.000	0.0000	0.00	0.0e0	0	**否**		过
W08	32.25	26.00	0	判决	1.000	65.68	121×67	4382	17609.71	17610.15	+0.003	1695.47	1695.90	+0.025	1702.60	+0.421	89.286	16660.60	16661.48	+0.005	0	5.5	0.0000	204	162.106	0.0000	0.000	0.000	0.0000	0.00	0.0e0	0	**否**		过
W08	32.25	26.00	1	导航	2.000	65.68	63×33	1176	30251.86	30252.59	+0.002	2708.00	2708.74	+0.028	2744.58	+1.351	94.643	28835.65	28837.04	+0.005	0	5.5	0.0000	102	162.106	0.0000	0.000	0.000	0.0000	0.00	0.0e0	0	**否**		过
W08	32.25	26.00	1	判决	1.000	65.68	121×67	4382	30251.86	30252.59	+0.002	2708.00	2708.70	+0.026	2720.28	+0.454	89.286	28835.65	28837.04	+0.005	0	5.5	0.0000	204	162.106	0.0000	0.000	0.000	0.0000	0.00	0.0e0	0	**否**		过
W08	32.25	26.00	2	导航	2.000	65.68	63×33	1176	30251.86	30252.59	+0.002	2708.00	2708.74	+0.028	2744.58	+1.351	94.643	28835.65	28837.04	+0.005	0	5.5	0.0000	102	162.106	0.0000	0.000	0.000	0.0000	0.00	0.0e0	0	**否**		过
W08	32.25	26.00	2	判决	1.000	65.68	121×67	4382	30251.86	30252.59	+0.002	2708.00	2708.70	+0.026	2720.28	+0.454	89.286	28835.65	28837.04	+0.005	0	5.5	0.0000	204	162.106	0.0000	0.000	0.000	0.0000	0.00	0.0e0	0	**否**		过
W08	32.25	26.00	3	导航	2.000	65.68	63×33	1176	17609.71	17610.15	+0.003	1695.47	1695.92	+0.027	1716.64	+1.249	94.643	16660.60	16661.48	+0.005	0	5.5	0.0000	102	162.106	0.0000	0.000	0.000	0.0000	0.00	0.0e0	0	**否**		过
W08	32.25	26.00	3	判决	1.000	65.68	121×67	4382	17609.71	17610.15	+0.003	1695.47	1695.90	+0.025	1702.60	+0.421	89.286	16660.60	16661.48	+0.005	0	5.5	0.0000	204	162.106	0.0000	0.000	0.000	0.0000	0.00	0.0e0	0	**否**		过
W08	32.50	30.00	0	导航	2.000	63.38	63×35	1310	16955.35	16955.64	+0.002	1663.61	1663.88	+0.016	1673.76	+0.610	0.284	16185.61	16185.66	+0.000	0	5.5	0.0028	102	162.106	0.0000	0.000	0.000	0.0000	0.00	0.0e0	0	**否**		过
W08	32.50	30.00	0	判决	1.000	63.38	118×67	4760	16955.35	16955.64	+0.002	1663.61	1663.89	+0.017	1677.82	+0.854	0.528	16185.61	16185.66	+0.000	0	5.5	0.0027	206	162.106	0.0000	0.000	0.000	0.0000	0.00	0.0e0	0	**否**		过
W08	32.50	30.00	1	导航	2.000	63.38	63×35	1310	29050.54	29051.00	+0.002	2610.14	2610.56	+0.016	2627.64	+0.670	0.335	27985.94	27986.04	+0.000	0	5.5	0.0028	102	162.106	0.0000	0.000	0.000	0.0000	0.00	0.0e0	0	**否**		过
W08	32.50	30.00	1	判决	1.000	63.38	118×67	4760	29050.54	29051.00	+0.002	2610.14	2610.60	+0.017	2634.66	+0.939	0.528	27985.94	27986.04	+0.000	0	5.5	0.0027	206	162.106	0.0000	0.000	0.000	0.0000	0.00	0.0e0	0	**否**		过
W08	32.50	30.00	2	导航	2.000	63.38	63×35	1310	29050.54	29051.00	+0.002	2610.14	2610.56	+0.016	2627.64	+0.670	0.335	27985.94	27986.04	+0.000	0	5.5	0.0028	102	162.106	0.0000	0.000	0.000	0.0000	0.00	0.0e0	0	**否**		过
W08	32.50	30.00	2	判决	1.000	63.38	118×67	4760	29050.54	29051.00	+0.002	2610.14	2610.60	+0.017	2634.66	+0.939	0.528	27985.94	27986.04	+0.000	0	5.5	0.0027	206	162.106	0.0000	0.000	0.000	0.0000	0.00	0.0e0	0	**否**		过
W08	32.50	30.00	3	导航	2.000	63.38	63×35	1310	16955.35	16955.64	+0.002	1663.61	1663.88	+0.016	1673.76	+0.610	0.284	16185.61	16185.66	+0.000	0	5.5	0.0028	102	162.106	0.0000	0.000	0.000	0.0000	0.00	0.0e0	0	**否**		过
W08	32.50	30.00	3	判决	1.000	63.38	118×67	4760	16955.35	16955.64	+0.002	1663.61	1663.89	+0.017	1677.82	+0.854	0.528	16185.61	16185.66	+0.000	0	5.5	0.0027	206	162.106	0.0000	0.000	0.000	0.0000	0.00	0.0e0	0	**否**		过
W08	32.50	28.00	0	导航	2.000	64.78	64×35	1268	17355.43	17355.81	+0.002	1719.75	1720.10	+0.020	1731.69	+0.694	0.282	16456.39	16456.45	+0.000	0	5.5	0.0072	102	162.106	0.0000	0.000	0.000	0.0000	0.00	0.0e0	0	**否**		过
W08	32.50	28.00	0	判决	1.000	64.78	121×67	4658	17355.43	17355.81	+0.002	1719.75	1720.12	+0.022	1736.03	+0.947	0.528	16456.39	16456.45	+0.000	0	5.5	0.0027	206	162.106	0.0000	0.000	0.000	0.0000	0.00	0.0e0	0	**否**		过
W08	32.50	28.00	1	导航	2.000	64.78	64×35	1268	29791.45	29792.06	+0.002	2699.22	2699.78	+0.021	2719.85	+0.764	0.329	28514.28	28514.40	+0.000	0	5.5	0.0072	102	162.106	0.0000	0.000	0.000	0.0000	0.00	0.0e0	0	**否**		过
W08	32.50	28.00	1	判决	1.000	64.78	121×67	4658	29791.45	29792.06	+0.002	2699.22	2699.82	+0.022	2727.37	+1.043	0.528	28514.28	28514.40	+0.000	0	5.5	0.0027	206	162.106	0.0000	0.000	0.000	0.0000	0.00	0.0e0	0	**否**		过
W08	32.50	28.00	2	导航	2.000	64.78	64×35	1268	29791.45	29792.06	+0.002	2699.22	2699.78	+0.021	2719.85	+0.764	0.329	28514.28	28514.40	+0.000	0	5.5	0.0072	102	162.106	0.0000	0.000	0.000	0.0000	0.00	0.0e0	0	**否**		过
W08	32.50	28.00	2	判决	1.000	64.78	121×67	4658	29791.45	29792.06	+0.002	2699.22	2699.82	+0.022	2727.37	+1.043	0.528	28514.28	28514.40	+0.000	0	5.5	0.0027	206	162.106	0.0000	0.000	0.000	0.0000	0.00	0.0e0	0	**否**		过
W08	32.50	28.00	3	导航	2.000	64.78	64×35	1268	17355.43	17355.81	+0.002	1719.75	1720.10	+0.020	1731.69	+0.694	0.282	16456.39	16456.45	+0.000	0	5.5	0.0072	102	162.106	0.0000	0.000	0.000	0.0000	0.00	0.0e0	0	**否**		过
W08	32.50	28.00	3	判决	1.000	64.78	121×67	4658	17355.43	17355.81	+0.002	1719.75	1720.12	+0.022	1736.03	+0.947	0.528	16456.39	16456.45	+0.000	0	5.5	0.0027	206	162.106	0.0000	0.000	0.000	0.0000	0.00	0.0e0	0	**否**		过
W08	32.50	26.00	0	导航	2.000	65.83	64×35	1204	17749.86	17750.31	+0.003	1819.86	1820.28	+0.023	1819.34	-0.029	0.277	16694.26	16696.58	+0.014	0	5.5	0.0128	102	162.106	0.0000	0.000	0.000	0.0000	0.00	0.0e0	0	**否**		过
W08	32.50	26.00	0	判决	1.000	65.83	122×67	4440	17749.86	17750.31	+0.003	1819.86	1820.31	+0.024	1838.06	+1.000	0.528	16694.26	16694.35	+0.001	0	5.5	0.0027	206	162.106	0.0000	0.000	0.000	0.0000	0.00	0.0e0	0	**否**		过
W08	32.50	26.00	1	导航	2.000	65.83	64×35	1204	30408.55	30409.28	+0.002	2837.44	2838.10	+0.023	2836.45	-0.035	0.324	28893.89	28897.44	+0.012	0	5.5	0.0128	102	162.106	0.0000	0.000	0.000	0.0000	0.00	0.0e0	0	**否**		过
W08	32.50	26.00	1	判决	1.000	65.83	122×67	4440	30408.55	30409.28	+0.002	2837.44	2838.15	+0.025	2868.85	+1.107	0.528	28893.89	28894.07	+0.001	0	5.5	0.0027	206	162.106	0.0000	0.000	0.000	0.0000	0.00	0.0e0	0	**否**		过
W08	32.50	26.00	2	导航	2.000	65.83	64×35	1204	30408.55	30409.28	+0.002	2837.44	2838.10	+0.023	2836.45	-0.035	0.324	28893.89	28897.44	+0.012	0	5.5	0.0128	102	162.106	0.0000	0.000	0.000	0.0000	0.00	0.0e0	0	**否**		过
W08	32.50	26.00	2	判决	1.000	65.83	122×67	4440	30408.55	30409.28	+0.002	2837.44	2838.15	+0.025	2868.85	+1.107	0.528	28893.89	28894.07	+0.001	0	5.5	0.0027	206	162.106	0.0000	0.000	0.000	0.0000	0.00	0.0e0	0	**否**		过
W08	32.50	26.00	3	导航	2.000	65.83	64×35	1204	17749.86	17750.31	+0.003	1819.86	1820.28	+0.023	1819.34	-0.029	0.277	16694.26	16696.58	+0.014	0	5.5	0.0128	102	162.106	0.0000	0.000	0.000	0.0000	0.00	0.0e0	0	**否**		过
W08	32.50	26.00	3	判决	1.000	65.83	122×67	4440	17749.86	17750.31	+0.003	1819.86	1820.31	+0.024	1838.06	+1.000	0.528	16694.26	16694.35	+0.001	0	5.5	0.0027	206	162.106	0.0000	0.000	0.000	0.0000	0.00	0.0e0	0	**否**		过
W08	32.75	30.00	0	导航	2.000	63.60	63×35	1326	17084.38	17084.69	+0.002	1753.76	1754.08	+0.018	1754.07	+0.018	0.289	16243.46	16243.51	+0.000	0	5.5	0.0032	102	162.106	0.0000	0.000	0.000	0.0000	0.00	0.0e0	0	**否**		过
W08	32.75	30.00	0	判决	1.000	63.60	118×67	4814	17084.38	17084.69	+0.002	1753.76	1754.08	+0.018	1762.19	+0.481	0.653	16243.46	16243.51	+0.000	0	5.5	0.0041	204	162.106	0.0000	0.000	0.000	0.0000	0.00	0.0e0	0	**否**		过
W08	32.75	30.00	1	导航	2.000	63.60	63×35	1326	29223.30	29223.78	+0.002	2715.69	2716.19	+0.018	2716.17	+0.018	0.332	28085.96	28086.06	+0.000	0	5.5	0.0032	102	162.106	0.0000	0.000	0.000	0.0000	0.00	0.0e0	0	**否**		过
W08	32.75	30.00	1	判决	1.000	63.60	118×67	4814	29223.30	29223.78	+0.002	2715.69	2716.19	+0.018	2730.21	+0.535	0.653	28085.96	28086.06	+0.000	0	5.5	0.0041	204	162.106	0.0000	0.000	0.000	0.0000	0.00	0.0e0	0	**否**		过
W08	32.75	30.00	2	导航	2.000	63.60	63×35	1326	29223.30	29223.78	+0.002	2715.69	2716.19	+0.018	2716.17	+0.018	0.332	28085.96	28086.06	+0.000	0	5.5	0.0032	102	162.106	0.0000	0.000	0.000	0.0000	0.00	0.0e0	0	**否**		过
W08	32.75	30.00	2	判决	1.000	63.60	118×67	4814	29223.30	29223.78	+0.002	2715.69	2716.19	+0.018	2730.21	+0.535	0.653	28085.96	28086.06	+0.000	0	5.5	0.0041	204	162.106	0.0000	0.000	0.000	0.0000	0.00	0.0e0	0	**否**		过
W08	32.75	30.00	3	导航	2.000	63.60	63×35	1326	17084.38	17084.69	+0.002	1753.76	1754.08	+0.018	1754.07	+0.018	0.289	16243.46	16243.51	+0.000	0	5.5	0.0032	102	162.106	0.0000	0.000	0.000	0.0000	0.00	0.0e0	0	**否**		过
W08	32.75	30.00	3	判决	1.000	63.60	118×67	4814	17084.38	17084.69	+0.002	1753.76	1754.08	+0.018	1762.19	+0.481	0.653	16243.46	16243.51	+0.000	0	5.5	0.0041	204	162.106	0.0000	0.000	0.000	0.0000	0.00	0.0e0	0	**否**		过
W08	32.75	28.00	0	导航	2.000	64.95	63×35	1254	17489.85	17490.25	+0.002	1831.47	1831.88	+0.022	1866.12	+1.892	0.289	16497.90	16497.96	+0.000	0	5.5	0.0077	102	162.106	0.0000	0.000	0.000	0.0000	0.00	0.0e0	0	**否**		过
W08	32.75	28.00	0	判决	1.000	64.95	120×67	4654	17489.85	17490.25	+0.002	1831.47	1831.87	+0.022	1840.08	+0.470	0.653	16497.90	16497.96	+0.000	0	5.5	0.0041	204	162.106	0.0000	0.000	0.000	0.0000	0.00	0.0e0	0	**否**		过
W08	32.75	28.00	1	导航	2.000	64.95	63×35	1254	29954.65	29955.28	+0.002	2823.10	2823.73	+0.022	2883.05	+2.123	0.325	28586.20	28586.32	+0.000	0	5.5	0.0077	102	162.106	0.0000	0.000	0.000	0.0000	0.00	0.0e0	0	**否**		过
W08	32.75	28.00	1	判决	1.000	64.95	120×67	4654	29954.65	29955.28	+0.002	2823.10	2823.72	+0.022	2837.93	+0.525	0.653	28586.20	28586.32	+0.000	0	5.5	0.0041	204	162.106	0.0000	0.000	0.000	0.0000	0.00	0.0e0	0	**否**		过
W08	32.75	28.00	2	导航	2.000	64.95	63×35	1254	29954.65	29955.28	+0.002	2823.10	2823.73	+0.022	2883.05	+2.123	0.325	28586.20	28586.32	+0.000	0	5.5	0.0077	102	162.106	0.0000	0.000	0.000	0.0000	0.00	0.0e0	0	**否**		过
W08	32.75	28.00	2	判决	1.000	64.95	120×67	4654	29954.65	29955.28	+0.002	2823.10	2823.72	+0.022	2837.93	+0.525	0.653	28586.20	28586.32	+0.000	0	5.5	0.0041	204	162.106	0.0000	0.000	0.000	0.0000	0.00	0.0e0	0	**否**		过
W08	32.75	28.00	3	导航	2.000	64.95	63×35	1254	17489.85	17490.25	+0.002	1831.47	1831.88	+0.022	1866.12	+1.892	0.289	16497.90	16497.96	+0.000	0	5.5	0.0077	102	162.106	0.0000	0.000	0.000	0.0000	0.00	0.0e0	0	**否**		过
W08	32.75	28.00	3	判决	1.000	64.95	120×67	4654	17489.85	17490.25	+0.002	1831.47	1831.87	+0.022	1840.08	+0.470	0.653	16497.90	16497.96	+0.000	0	5.5	0.0041	204	162.106	0.0000	0.000	0.000	0.0000	0.00	0.0e0	0	**否**		过
W08	32.75	26.00	0	导航	2.000	65.97	64×35	1222	17884.44	17884.95	+0.003	1939.26	1939.73	+0.024	1935.25	-0.207	0.289	16726.52	16730.97	+0.027	0	5.5	0.0093	100	162.106	0.0000	0.000	0.000	0.0000	0.00	0.0e0	0	**否**		过
W08	32.75	26.00	0	判决	1.000	65.97	122×67	4492	17884.44	17884.95	+0.003	1939.26	1939.78	+0.027	1944.62	+0.276	0.653	16726.52	16727.33	+0.005	0	5.5	0.0041	204	162.106	0.0000	0.000	0.000	0.0000	0.00	0.0e0	0	**否**		过
W08	32.75	26.00	1	导航	2.000	65.97	64×35	1222	30577.91	30578.71	+0.003	2980.52	2981.24	+0.024	2973.46	-0.237	0.319	28949.72	28956.42	+0.023	0	5.5	0.0093	100	162.106	0.0000	0.000	0.000	0.0000	0.00	0.0e0	0	**否**		过
W08	32.75	26.00	1	判决	1.000	65.97	122×67	4492	30577.91	30578.71	+0.003	2980.52	2981.34	+0.027	2989.66	+0.307	0.653	28949.72	28950.94	+0.004	0	5.5	0.0041	204	162.106	0.0000	0.000	0.000	0.0000	0.00	0.0e0	0	**否**		过
W08	32.75	26.00	2	导航	2.000	65.97	64×35	1222	30577.91	30578.71	+0.003	2980.52	2981.24	+0.024	2973.46	-0.237	0.319	28949.72	28956.42	+0.023	0	5.5	0.0093	100	162.106	0.0000	0.000	0.000	0.0000	0.00	0.0e0	0	**否**		过
W08	32.75	26.00	2	判决	1.000	65.97	122×67	4492	30577.91	30578.71	+0.003	2980.52	2981.34	+0.027	2989.66	+0.307	0.653	28949.72	28950.94	+0.004	0	5.5	0.0041	204	162.106	0.0000	0.000	0.000	0.0000	0.00	0.0e0	0	**否**		过
W08	32.75	26.00	3	导航	2.000	65.97	64×35	1222	17884.44	17884.95	+0.003	1939.26	1939.73	+0.024	1935.25	-0.207	0.289	16726.52	16730.97	+0.027	0	5.5	0.0093	100	162.106	0.0000	0.000	0.000	0.0000	0.00	0.0e0	0	**否**		过
W08	32.75	26.00	3	判决	1.000	65.97	122×67	4492	17884.44	17884.95	+0.003	1939.26	1939.78	+0.027	1944.62	+0.276	0.653	16726.52	16727.33	+0.005	0	5.5	0.0041	204	162.106	0.0000	0.000	0.000	0.0000	0.00	0.0e0	0	**否**		过
W08	33.00	30.00	0	导航	2.000	63.81	63×35	1344	17216.57	17216.90	+0.002	1849.83	1850.16	+0.018	1870.04	+1.092	50.169	16298.13	16298.18	+0.000	0	5.5	0.0002	102	162.106	0.0000	0.000	0.000	0.0000	0.00	0.0e0	0	**否**		过
W08	33.00	30.00	0	判决	1.000	63.81	119×67	4886	17216.57	17216.90	+0.002	1849.83	1850.17	+0.018	1841.62	-0.444	50.169	16298.13	16298.18	+0.000	0	5.5	0.0005	206	162.106	0.0000	0.000	0.000	0.0000	0.00	0.0e0	0	**否**		过
W08	33.00	30.00	1	导航	2.000	63.81	63×35	1344	29403.06	29403.57	+0.002	2833.00	2833.51	+0.018	2867.87	+1.231	50.169	28180.48	28180.59	+0.000	0	5.5	0.0002	102	162.106	0.0000	0.000	0.000	0.0000	0.00	0.0e0	0	**否**		过
W08	33.00	30.00	1	判决	1.000	63.81	119×67	4886	29403.06	29403.57	+0.002	2833.00	2833.52	+0.018	2818.73	-0.504	50.169	28180.48	28180.59	+0.000	0	5.5	0.0005	206	162.106	0.0000	0.000	0.000	0.0000	0.00	0.0e0	0	**否**		过
W08	33.00	30.00	2	导航	2.000	63.81	63×35	1344	29403.06	29403.57	+0.002	2833.00	2833.51	+0.018	2867.87	+1.231	50.169	28180.48	28180.59	+0.000	0	5.5	0.0002	102	162.106	0.0000	0.000	0.000	0.0000	0.00	0.0e0	0	**否**		过
W08	33.00	30.00	2	判决	1.000	63.81	119×67	4886	29403.06	29403.57	+0.002	2833.00	2833.52	+0.018	2818.73	-0.504	50.169	28180.48	28180.59	+0.000	0	5.5	0.0005	206	162.106	0.0000	0.000	0.000	0.0000	0.00	0.0e0	0	**否**		过
W08	33.00	30.00	3	导航	2.000	63.81	63×35	1344	17216.57	17216.90	+0.002	1849.83	1850.16	+0.018	1870.04	+1.092	50.169	16298.13	16298.18	+0.000	0	5.5	0.0002	102	162.106	0.0000	0.000	0.000	0.0000	0.00	0.0e0	0	**否**		过
W08	33.00	30.00	3	判决	1.000	63.81	119×67	4886	17216.57	17216.90	+0.002	1849.83	1850.17	+0.018	1841.62	-0.444	50.169	16298.13	16298.18	+0.000	0	5.5	0.0005	206	162.106	0.0000	0.000	0.000	0.0000	0.00	0.0e0	0	**否**		过
W08	33.00	28.00	0	导航	2.000	65.11	63×35	1266	17627.93	17628.38	+0.003	1947.93	1948.36	+0.022	1952.15	+0.217	50.169	16537.68	16537.74	+0.000	0	5.5	0.0002	102	162.106	0.0000	0.000	0.000	0.0000	0.00	0.0e0	0	**否**		过
W08	33.00	28.00	0	判决	1.000	65.11	121×67	4718	17627.93	17628.38	+0.003	1947.93	1948.37	+0.023	1952.15	+0.217	50.169	16537.68	16537.74	+0.000	0	5.5	0.0005	206	162.106	0.0000	0.000	0.000	0.0000	0.00	0.0e0	0	**否**		过
W08	33.00	28.00	1	导航	2.000	65.11	63×35	1266	30118.59	30119.27	+0.002	2949.57	2950.23	+0.022	2956.78	+0.245	50.169	28655.12	28655.25	+0.000	0	5.5	0.0002	102	162.106	0.0000	0.000	0.000	0.0000	0.00	0.0e0	0	**否**		过
W08	33.00	28.00	1	判决	1.000	65.11	121×67	4718	30118.59	30119.27	+0.002	2949.57	2950.25	+0.023	2956.78	+0.245	50.169	28655.12	28655.25	+0.000	0	5.5	0.0005	206	162.106	0.0000	0.000	0.000	0.0000	0.00	0.0e0	0	**否**		过
W08	33.00	28.00	2	导航	2.000	65.11	63×35	1266	30118.59	30119.27	+0.002	2949.57	2950.23	+0.022	2956.78	+0.245	50.169	28655.12	28655.25	+0.000	0	5.5	0.0002	102	162.106	0.0000	0.000	0.000	0.0000	0.00	0.0e0	0	**否**		过
W08	33.00	28.00	2	判决	1.000	65.11	121×67	4718	30118.59	30119.27	+0.002	2949.57	2950.25	+0.023	2956.78	+0.245	50.169	28655.12	28655.25	+0.000	0	5.5	0.0005	206	162.106	0.0000	0.000	0.000	0.0000	0.00	0.0e0	0	**否**		过
W08	33.00	28.00	3	导航	2.000	65.11	63×35	1266	17627.93	17628.38	+0.003	1947.93	1948.36	+0.022	1952.15	+0.217	50.169	16537.68	16537.74	+0.000	0	5.5	0.0002	102	162.106	0.0000	0.000	0.000	0.0000	0.00	0.0e0	0	**否**		过
W08	33.00	28.00	3	判决	1.000	65.11	121×67	4718	17627.93	17628.38	+0.003	1947.93	1948.37	+0.023	1952.15	+0.217	50.169	16537.68	16537.74	+0.000	0	5.5	0.0005	206	162.106	0.0000	0.000	0.000	0.0000	0.00	0.0e0	0	**否**		过
W08	33.00	26.00	0	导航	2.000	66.11	63×35	1208	18034.62	18035.16	+0.003	2074.80	2075.34	+0.026	2085.45	+0.513	50.169	16757.42	16757.51	+0.001	0	5.5	0.0002	100	162.106	0.0000	0.000	0.000	0.0000	0.00	0.0e0	0	**否**		过
W08	33.00	26.00	0	判决	1.000	66.11	122×67	4502	18034.62	18035.16	+0.003	2074.80	2075.34	+0.026	2085.45	+0.513	50.169	16757.42	16757.51	+0.001	0	5.5	0.0000	206	162.106	0.0000	0.000	0.000	0.0000	0.00	0.0e0	0	**否**		过
W08	33.00	26.00	1	导航	2.000	66.11	63×35	1208	30750.01	30750.83	+0.003	3127.30	3128.10	+0.026	3145.56	+0.584	50.169	29003.19	29003.37	+0.001	0	5.5	0.0002	100	162.106	0.0000	0.000	0.000	0.0000	0.00	0.0e0	0	**否**		过
W08	33.00	26.00	1	判决	1.000	66.11	122×67	4502	30750.01	30750.83	+0.003	3127.30	3128.12	+0.026	3145.56	+0.584	50.169	29003.19	29003.37	+0.001	0	5.5	0.0000	206	162.106	0.0000	0.000	0.000	0.0000	0.00	0.0e0	0	**否**		过
W08	33.00	26.00	2	导航	2.000	66.11	63×35	1208	30750.01	30750.83	+0.003	3127.30	3128.10	+0.026	3145.56	+0.584	50.169	29003.19	29003.37	+0.001	0	5.5	0.0002	100	162.106	0.0000	0.000	0.000	0.0000	0.00	0.0e0	0	**否**		过
W08	33.00	26.00	2	判决	1.000	66.11	122×67	4502	30750.01	30750.83	+0.003	3127.30	3128.12	+0.026	3145.56	+0.584	50.169	29003.19	29003.37	+0.001	0	5.5	0.0000	206	162.106	0.0000	0.000	0.000	0.0000	0.00	0.0e0	0	**否**		过
W08	33.00	26.00	3	导航	2.000	66.11	63×35	1208	18034.62	18035.16	+0.003	2074.80	2075.34	+0.026	2085.45	+0.513	50.169	16757.42	16757.51	+0.001	0	5.5	0.0002	100	162.106	0.0000	0.000	0.000	0.0000	0.00	0.0e0	0	**否**		过
W08	33.00	26.00	3	判决	1.000	66.11	122×67	4502	18034.62	18035.16	+0.003	2074.80	2075.34	+0.026	2085.45	+0.513	50.169	16757.42	16757.51	+0.001	0	5.5	0.0000	206	162.106	0.0000	0.000	0.000	0.0000	0.00	0.0e0	0	**否**		过
W08	33.25	30.00	0	导航	2.000	64.02	62×35	1326	17352.61	17352.97	+0.002	1952.12	1952.49	+0.019	1957.38	+0.269	0.887	16349.95	16350.00	+0.000	0	5.5	0.0041	100	162.106	0.0000	0.000	0.000	0.0000	0.00	0.0e0	0	**否**		过
W08	33.25	30.00	0	判决	1.000	64.02	120×69	4930	17352.61	17352.97	+0.002	1952.12	1952.48	+0.019	1957.38	+0.269	17.380	16349.95	16350.00	+0.000	0	5.9	0.0001	206	162.106	0.0000	0.000	0.000	0.0000	0.00	0.0e0	0	**否**		过
W08	33.25	30.00	1	导航	2.000	64.02	62×35	1326	29571.02	29571.55	+0.002	2942.60	2943.15	+0.019	2951.59	+0.306	0.887	28270.09	28270.20	+0.000	0	5.5	0.0041	100	162.106	0.0000	0.000	0.000	0.0000	0.00	0.0e0	0	**否**		过
W08	33.25	30.00	1	判决	1.000	64.02	120×69	4930	29571.02	29571.55	+0.002	2942.60	2943.14	+0.019	2951.60	+0.306	17.380	28270.09	28270.20	+0.000	0	5.9	0.0001	206	162.106	0.0000	0.000	0.000	0.0000	0.00	0.0e0	0	**否**		过
W08	33.25	30.00	2	导航	2.000	64.02	62×35	1326	29571.02	29571.55	+0.002	2942.60	2943.15	+0.019	2951.59	+0.306	0.887	28270.09	28270.20	+0.000	0	5.5	0.0041	100	162.106	0.0000	0.000	0.000	0.0000	0.00	0.0e0	0	**否**		过
W08	33.25	30.00	2	判决	1.000	64.02	120×69	4930	29571.02	29571.55	+0.002	2942.60	2943.14	+0.019	2951.60	+0.306	17.380	28270.09	28270.20	+0.000	0	5.9	0.0001	206	162.106	0.0000	0.000	0.000	0.0000	0.00	0.0e0	0	**否**		过
W08	33.25	30.00	3	导航	2.000	64.02	62×35	1326	17352.61	17352.97	+0.002	1952.12	1952.49	+0.019	1957.38	+0.269	0.887	16349.95	16350.00	+0.000	0	5.5	0.0041	100	162.106	0.0000	0.000	0.000	0.0000	0.00	0.0e0	0	**否**		过
W08	33.25	30.00	3	判决	1.000	64.02	120×69	4930	17352.61	17352.97	+0.002	1952.12	1952.48	+0.019	1957.38	+0.269	17.380	16349.95	16350.00	+0.000	0	5.9	0.0001	206	162.106	0.0000	0.000	0.000	0.0000	0.00	0.0e0	0	**否**		过
W08	33.25	28.00	0	导航	2.000	65.28	63×35	1282	17769.90	17770.38	+0.003	2069.21	2069.69	+0.023	2076.79	+0.366	0.887	16575.81	16575.87	+0.000	0	5.5	0.0067	100	162.106	0.0000	0.000	0.000	0.0000	0.00	0.0e0	0	**否**		过
W08	33.25	28.00	0	判决	1.000	65.28	122×69	4800	17769.90	17770.38	+0.003	2069.21	2069.69	+0.023	2063.77	-0.263	17.380	16575.81	16575.87	+0.000	0	5.5	0.0001	204	162.106	0.0000	0.000	0.000	0.0000	0.00	0.0e0	0	**否**		过
W08	33.25	28.00	1	导航	2.000	65.28	63×35	1282	30283.54	30284.25	+0.002	3078.68	3079.39	+0.023	3091.66	+0.422	0.887	28721.19	28721.32	+0.000	0	5.5	0.0067	100	162.106	0.0000	0.000	0.000	0.0000	0.00	0.0e0	0	**否**		过
W08	33.25	28.00	1	判决	1.000	65.28	122×69	4800	30283.54	30284.25	+0.002	3078.68	3079.39	+0.023	3069.10	-0.311	17.380	28721.19	28721.32	+0.000	0	5.5	0.0001	204	162.106	0.0000	0.000	0.000	0.0000	0.00	0.0e0	0	**否**		过
W08	33.25	28.00	2	导航	2.000	65.28	63×35	1282	30283.54	30284.25	+0.002	3078.68	3079.39	+0.023	3091.66	+0.422	0.887	28721.19	28721.32	+0.000	0	5.5	0.0067	100	162.106	0.0000	0.000	0.000	0.0000	0.00	0.0e0	0	**否**		过
W08	33.25	28.00	2	判决	1.000	65.28	122×69	4800	30283.54	30284.25	+0.002	3078.68	3079.39	+0.023	3069.10	-0.311	17.380	28721.19	28721.32	+0.000	0	5.5	0.0001	204	162.106	0.0000	0.000	0.000	0.0000	0.00	0.0e0	0	**否**		过
W08	33.25	28.00	3	导航	2.000	65.28	63×35	1282	17769.90	17770.38	+0.003	2069.21	2069.69	+0.023	2076.79	+0.366	0.887	16575.81	16575.87	+0.000	0	5.5	0.0067	100	162.106	0.0000	0.000	0.000	0.0000	0.00	0.0e0	0	**否**		过
W08	33.25	28.00	3	判决	1.000	65.28	122×69	4800	17769.90	17770.38	+0.003	2069.21	2069.69	+0.023	2063.77	-0.263	17.380	16575.81	16575.87	+0.000	0	5.5	0.0001	204	162.106	0.0000	0.000	0.000	0.0000	0.00	0.0e0	0	**否**		过
W08	33.25	26.00	0	导航	2.000	66.25	64×35	1226	18190.35	18190.90	+0.003	2216.39	2216.89	+0.023	2222.46	+0.274	0.887	16786.95	16787.87	+0.005	0	5.5	0.0067	102	162.106	0.0000	0.000	0.000	0.0000	0.00	0.0e0	0	**否**		过
W08	33.25	26.00	0	判决	1.000	66.25	123×69	4578	18190.35	18190.90	+0.003	2216.39	2216.95	+0.025	2217.78	+0.063	17.380	16786.95	16787.87	+0.005	0	5.5	0.0000	206	162.106	0.0000	0.000	0.000	0.0000	0.00	0.0e0	0	**否**		过
W08	33.25	26.00	1	导航	2.000	66.25	64×35	1226	30924.96	30925.78	+0.003	3277.76	3278.50	+0.022	3288.09	+0.315	0.887	29054.30	29055.61	+0.005	0	5.5	0.0067	102	162.106	0.0000	0.000	0.000	0.0000	0.00	0.0e0	0	**否**		过
W08	33.25	26.00	1	判决	1.000	66.25	123×69	4578	30924.96	30925.78	+0.003	3277.76	3278.61	+0.026	3279.99	+0.068	17.380	29054.30	29055.61	+0.005	0	5.5	0.0000	206	162.106	0.0000	0.000	0.000	0.0000	0.00	0.0e0	0	**否**		过
W08	33.25	26.00	2	导航	2.000	66.25	64×35	1226	30924.96	30925.78	+0.003	3277.76	3278.50	+0.022	3288.09	+0.315	0.887	29054.30	29055.61	+0.005	0	5.5	0.0067	102	162.106	0.0000	0.000	0.000	0.0000	0.00	0.0e0	0	**否**		过
W08	33.25	26.00	2	判决	1.000	66.25	123×69	4578	30924.96	30925.78	+0.003	3277.76	3278.61	+0.026	3279.99	+0.068	17.380	29054.30	29055.61	+0.005	0	5.5	0.0000	206	162.106	0.0000	0.000	0.000	0.0000	0.00	0.0e0	0	**否**		过
W08	33.25	26.00	3	导航	2.000	66.25	64×35	1226	18190.35	18190.90	+0.003	2216.39	2216.89	+0.023	2222.46	+0.274	0.887	16786.95	16787.87	+0.005	0	5.5	0.0067	102	162.106	0.0000	0.000	0.000	0.0000	0.00	0.0e0	0	**否**		过
W08	33.25	26.00	3	判决	1.000	66.25	123×69	4578	18190.35	18190.90	+0.003	2216.39	2216.95	+0.025	2217.78	+0.063	17.380	16786.95	16787.87	+0.005	0	5.5	0.0000	206	162.106	0.0000	0.000	0.000	0.0000	0.00	0.0e0	0	**否**		过
W08	33.50	30.00	0	导航	2.000	64.22	63×35	1346	17501.10	17501.48	+0.002	2068.95	2069.27	+0.016	2073.41	+0.215	0.242	16399.20	16399.25	+0.000	0	5.5	0.0046	102	162.106	0.0000	0.000	0.000	0.0000	0.00	0.0e0	0	**否**		过
W08	33.50	30.00	0	判决	1.000	64.22	120×69	4974	17501.10	17501.48	+0.002	2068.95	2069.33	+0.018	2073.41	+0.215	0.242	16399.20	16399.25	+0.000	0	5.9	0.0063	204	162.106	0.0000	0.000	0.000	0.0000	0.00	0.0e0	0	**否**		过
W08	33.50	30.00	1	导航	2.000	64.22	63×35	1346	29748.09	29748.65	+0.002	3064.94	3065.39	+0.015	3072.52	+0.248	0.320	28355.24	28355.35	+0.000	0	5.5	0.0046	102	162.106	0.0000	0.000	0.000	0.0000	0.00	0.0e0	0	**否**		过
W08	33.50	30.00	1	判决	1.000	64.22	120×69	4974	29748.09	29748.65	+0.002	3064.94	3065.49	+0.018	3072.53	+0.248	0.320	28355.24	28355.35	+0.000	0	5.9	0.0063	204	162.106	0.0000	0.000	0.000	0.0000	0.00	0.0e0	0	**否**		过
W08	33.50	30.00	2	导航	2.000	64.22	63×35	1346	29748.09	29748.65	+0.002	3064.94	3065.39	+0.015	3072.52	+0.248	0.320	28355.24	28355.35	+0.000	0	5.5	0.0046	102	162.106	0.0000	0.000	0.000	0.0000	0.00	0.0e0	0	**否**		过
W08	33.50	30.00	2	判决	1.000	64.22	120×69	4974	29748.09	29748.65	+0.002	3064.94	3065.49	+0.018	3072.53	+0.248	0.320	28355.24	28355.35	+0.000	0	5.9	0.0063	204	162.106	0.0000	0.000	0.000	0.0000	0.00	0.0e0	0	**否**		过
W08	33.50	30.00	3	导航	2.000	64.22	63×35	1346	17501.10	17501.48	+0.002	2068.95	2069.27	+0.016	2073.41	+0.215	0.242	16399.20	16399.25	+0.000	0	5.5	0.0046	102	162.106	0.0000	0.000	0.000	0.0000	0.00	0.0e0	0	**否**		过
W08	33.50	30.00	3	判决	1.000	64.22	120×69	4974	17501.10	17501.48	+0.002	2068.95	2069.33	+0.018	2073.41	+0.215	0.242	16399.20	16399.25	+0.000	0	5.9	0.0063	204	162.106	0.0000	0.000	0.000	0.0000	0.00	0.0e0	0	**否**		过
W08	33.50	28.00	0	导航	2.000	65.44	63×35	1288	17915.96	17916.45	+0.003	2195.46	2195.97	+0.023	2205.49	+0.456	0.233	16612.36	16612.41	+0.000	0	5.5	0.0095	100	162.106	0.0000	0.000	0.000	0.0000	0.00	0.0e0	0	**否**		过
W08	33.50	28.00	0	判决	1.000	65.44	123×69	4854	17915.96	17916.45	+0.003	2195.46	2195.93	+0.021	2188.13	-0.334	0.235	16612.36	16612.41	+0.000	0	5.5	0.0063	206	162.106	0.0000	0.000	0.000	0.0000	0.00	0.0e0	0	**否**		过
W08	33.50	28.00	1	导航	2.000	65.44	63×35	1288	30449.68	30450.40	+0.002	3210.52	3211.25	+0.023	3227.71	+0.536	0.313	28784.50	28784.64	+0.000	0	5.5	0.0095	100	162.106	0.0000	0.000	0.000	0.0000	0.00	0.0e0	0	**否**		过
W08	33.50	28.00	1	判决	1.000	65.44	123×69	4854	30449.68	30450.40	+0.002	3210.52	3211.20	+0.021	3197.63	-0.401	0.313	28784.50	28784.64	+0.000	0	5.5	0.0063	206	162.106	0.0000	0.000	0.000	0.0000	0.00	0.0e0	0	**否**		过
W08	33.50	28.00	2	导航	2.000	65.44	63×35	1288	30449.68	30450.40	+0.002	3210.52	3211.25	+0.023	3227.71	+0.536	0.313	28784.50	28784.64	+0.000	0	5.5	0.0095	100	162.106	0.0000	0.000	0.000	0.0000	0.00	0.0e0	0	**否**		过
W08	33.50	28.00	2	判决	1.000	65.44	123×69	4854	30449.68	30450.40	+0.002	3210.52	3211.20	+0.021	3197.63	-0.401	0.313	28784.50	28784.64	+0.000	0	5.5	0.0063	206	162.106	0.0000	0.000	0.000	0.0000	0.00	0.0e0	0	**否**		过
W08	33.50	28.00	3	导航	2.000	65.44	63×35	1288	17915.96	17916.45	+0.003	2195.46	2195.97	+0.023	2205.49	+0.456	0.233	16612.36	16612.41	+0.000	0	5.5	0.0095	100	162.106	0.0000	0.000	0.000	0.0000	0.00	0.0e0	0	**否**		过
W08	33.50	28.00	3	判决	1.000	65.44	123×69	4854	17915.96	17916.45	+0.003	2195.46	2195.93	+0.021	2188.13	-0.334	0.235	16612.36	16612.41	+0.000	0	5.5	0.0063	206	162.106	0.0000	0.000	0.000	0.0000	0.00	0.0e0	0	**否**		过
W08	33.50	26.00	0	导航	2.000	66.39	64×35	1236	18351.79	18352.37	+0.003	2364.17	2364.72	+0.024	2365.19	+0.043	0.225	16815.12	16817.89	+0.016	0	5.5	0.0125	102	162.106	0.0000	0.000	0.000	0.0000	0.00	0.0e0	0	**否**		过
W08	33.50	26.00	0	判决	1.000	66.39	123×69	4612	18351.79	18352.37	+0.003	2364.17	2364.74	+0.024	2369.87	+0.241	0.235	16815.12	16815.27	+0.001	0	5.5	0.0000	204	162.106	0.0000	0.000	0.000	0.0000	0.00	0.0e0	0	**否**		过
W08	33.50	26.00	1	导航	2.000	66.39	64×35	1236	31102.84	31103.69	+0.003	3432.01	3432.81	+0.023	3433.58	+0.046	0.303	29103.05	29106.85	+0.013	0	5.5	0.0125	102	162.106	0.0000	0.000	0.000	0.0000	0.00	0.0e0	0	**否**		过
W08	33.50	26.00	1	判决	1.000	66.39	123×69	4612	31102.84	31103.69	+0.003	3432.01	3432.85	+0.025	3441.68	+0.282	0.303	29103.05	29103.32	+0.001	0	5.5	0.0000	204	162.106	0.0000	0.000	0.000	0.0000	0.00	0.0e0	0	**否**		过
W08	33.50	26.00	2	导航	2.000	66.39	64×35	1236	31102.84	31103.69	+0.003	3432.01	3432.81	+0.023	3433.58	+0.046	0.303	29103.05	29106.85	+0.013	0	5.5	0.0125	102	162.106	0.0000	0.000	0.000	0.0000	0.00	0.0e0	0	**否**		过
W08	33.50	26.00	2	判决	1.000	66.39	123×69	4612	31102.84	31103.69	+0.003	3432.01	3432.85	+0.025	3441.68	+0.282	0.303	29103.05	29103.32	+0.001	0	5.5	0.0000	204	162.106	0.0000	0.000	0.000	0.0000	0.00	0.0e0	0	**否**		过
W08	33.50	26.00	3	导航	2.000	66.39	64×35	1236	18351.79	18352.37	+0.003	2364.17	2364.72	+0.024	2365.19	+0.043	0.225	16815.12	16817.89	+0.016	0	5.5	0.0125	102	162.106	0.0000	0.000	0.000	0.0000	0.00	0.0e0	0	**否**		过
W08	33.50	26.00	3	判决	1.000	66.39	123×69	4612	18351.79	18352.37	+0.003	2364.17	2364.74	+0.024	2369.87	+0.241	0.235	16815.12	16815.27	+0.001	0	5.5	0.0000	204	162.106	0.0000	0.000	0.000	0.0000	0.00	0.0e0	0	**否**		过
W08	33.75	30.00	0	导航	2.000	64.41	63×35	1354	17652.71	17653.12	+0.002	2190.73	2191.15	+0.019	2192.55	+0.083	0.229	16446.09	16446.14	+0.000	0	5.5	0.0050	102	162.106	0.0000	0.000	0.000	0.0000	0.00	0.0e0	0	**否**		过
W08	33.75	30.00	0	判决	1.000	64.41	121×69	5054	17652.71	17653.12	+0.002	2190.73	2191.14	+0.019	2192.55	+0.083	1.339	16446.09	16446.14	+0.000	0	5.5	0.0008	206	162.106	0.0000	0.000	0.000	0.0000	0.00	0.0e0	0	**否**		过
W08	33.75	30.00	1	导航	2.000	64.41	63×35	1354	29924.79	29925.37	+0.002	3190.07	3190.66	+0.019	3193.07	+0.094	0.316	28436.30	28436.42	+0.000	0	5.5	0.0050	102	162.106	0.0000	0.000	0.000	0.0000	0.00	0.0e0	0	**否**		过
W08	33.75	30.00	1	判决	1.000	64.41	121×69	5054	29924.79	29925.37	+0.002	3190.07	3190.65	+0.018	3193.07	+0.094	1.339	28436.30	28436.42	+0.000	0	5.5	0.0008	206	162.106	0.0000	0.000	0.000	0.0000	0.00	0.0e0	0	**否**		过
W08	33.75	30.00	2	导航	2.000	64.41	63×35	1354	29924.79	29925.37	+0.002	3190.07	3190.66	+0.019	3193.07	+0.094	0.316	28436.30	28436.42	+0.000	0	5.5	0.0050	102	162.106	0.0000	0.000	0.000	0.0000	0.00	0.0e0	0	**否**		过
W08	33.75	30.00	2	判决	1.000	64.41	121×69	5054	29924.79	29925.37	+0.002	3190.07	3190.65	+0.018	3193.07	+0.094	1.339	28436.30	28436.42	+0.000	0	5.5	0.0008	206	162.106	0.0000	0.000	0.000	0.0000	0.00	0.0e0	0	**否**		过
W08	33.75	30.00	3	导航	2.000	64.41	63×35	1354	17652.71	17653.12	+0.002	2190.73	2191.15	+0.019	2192.55	+0.083	0.229	16446.09	16446.14	+0.000	0	5.5	0.0050	102	162.106	0.0000	0.000	0.000	0.0000	0.00	0.0e0	0	**否**		过
W08	33.75	30.00	3	判决	1.000	64.41	121×69	5054	17652.71	17653.12	+0.002	2190.73	2191.14	+0.019	2192.55	+0.083	1.339	16446.09	16446.14	+0.000	0	5.5	0.0008	206	162.106	0.0000	0.000	0.000	0.0000	0.00	0.0e0	0	**否**		过
W08	33.75	28.00	0	导航	2.000	65.60	64×35	1310	18066.25	18066.77	+0.003	2326.77	2327.24	+0.020	2338.43	+0.501	0.221	16647.37	16647.81	+0.003	0	5.5	0.0101	102	162.106	0.0000	0.000	0.000	0.0000	0.00	0.0e0	0	**否**		过
W08	33.75	28.00	0	判决	1.000	65.60	122×69	4860	18066.25	18066.77	+0.003	2326.77	2327.28	+0.022	2329.75	+0.128	1.339	16647.37	16647.81	+0.003	0	5.5	0.0008	204	162.106	0.0000	0.000	0.000	0.0000	0.00	0.0e0	0	**否**		过
W08	33.75	28.00	1	导航	2.000	65.60	64×35	1310	30617.16	30617.89	+0.002	3345.09	3345.75	+0.020	3365.11	+0.598	0.308	28845.16	28845.80	+0.002	0	5.5	0.0101	102	162.106	0.0000	0.000	0.000	0.0000	0.00	0.0e0	0	**否**		过
W08	33.75	28.00	1	判决	1.000	65.60	122×69	4860	30617.16	30617.89	+0.002	3345.09	3345.83	+0.022	3350.07	+0.149	1.339	28845.16	28845.80	+0.002	0	5.5	0.0008	204	162.106	0.0000	0.000	0.000	0.0000	0.00	0.0e0	0	**否**		过
W08	33.75	28.00	2	导航	2.000	65.60	64×35	1310	30617.16	30617.89	+0.002	3345.09	3345.75	+0.020	3365.11	+0.598	0.308	28845.16	28845.80	+0.002	0	5.5	0.0101	102	162.106	0.0000	0.000	0.000	0.0000	0.00	0.0e0	0	**否**		过
W08	33.75	28.00	2	判决	1.000	65.60	122×69	4860	30617.16	30617.89	+0.002	3345.09	3345.83	+0.022	3350.07	+0.149	1.339	28845.16	28845.80	+0.002	0	5.5	0.0008	204	162.106	0.0000	0.000	0.000	0.0000	0.00	0.0e0	0	**否**		过
W08	33.75	28.00	3	导航	2.000	65.60	64×35	1310	18066.25	18066.77	+0.003	2326.77	2327.24	+0.020	2338.43	+0.501	0.221	16647.37	16647.81	+0.003	0	5.5	0.0101	102	162.106	0.0000	0.000	0.000	0.0000	0.00	0.0e0	0	**否**		过
W08	33.75	28.00	3	判决	1.000	65.60	122×69	4860	18066.25	18066.77	+0.003	2326.77	2327.28	+0.022	2329.75	+0.128	1.339	16647.37	16647.81	+0.003	0	5.5	0.0008	204	162.106	0.0000	0.000	0.000	0.0000	0.00	0.0e0	0	**否**		过
W08	33.75	26.00	0	导航	2.000	66.53	64×35	1244	18519.13	18519.73	+0.003	2518.27	2518.89	+0.025	2532.54	+0.567	0.212	16841.94	16847.55	+0.033	0	5.5	0.0166	102	162.106	0.0000	0.000	0.000	0.0000	0.00	0.0e0	0	**否**		过
W08	33.75	26.00	0	判决	1.000	66.53	124×69	4690	18519.13	18519.73	+0.003	2518.27	2518.86	+0.024	2518.50	+0.009	1.339	16841.94	16842.00	+0.000	0	5.5	0.0000	206	162.106	0.0000	0.000	0.000	0.0000	0.00	0.0e0	0	**否**		过
W08	33.75	26.00	1	导航	2.000	66.53	64×35	1244	31297.09	31297.96	+0.003	3603.36	3604.26	+0.025	3627.82	+0.679	0.297	29149.46	29157.02	+0.026	0	5.5	0.0166	102	162.106	0.0000	0.000	0.000	0.0000	0.00	0.0e0	0	**否**		过
W08	33.75	26.00	1	判决	1.000	66.53	124×69	4690	31297.09	31297.96	+0.003	3603.36	3604.22	+0.024	3603.52	+0.004	1.339	29149.46	29149.62	+0.001	0	5.5	0.0000	206	162.106	0.0000	0.000	0.000	0.0000	0.00	0.0e0	0	**否**		过
W08	33.75	26.00	2	导航	2.000	66.53	64×35	1244	31297.09	31297.96	+0.003	3603.36	3604.26	+0.025	3627.82	+0.679	0.297	29149.46	29157.02	+0.026	0	5.5	0.0166	102	162.106	0.0000	0.000	0.000	0.0000	0.00	0.0e0	0	**否**		过
W08	33.75	26.00	2	判决	1.000	66.53	124×69	4690	31297.09	31297.96	+0.003	3603.36	3604.22	+0.024	3603.52	+0.004	1.339	29149.46	29149.62	+0.001	0	5.5	0.0000	206	162.106	0.0000	0.000	0.000	0.0000	0.00	0.0e0	0	**否**		过
W08	33.75	26.00	3	导航	2.000	66.53	64×35	1244	18519.13	18519.73	+0.003	2518.27	2518.89	+0.025	2532.54	+0.567	0.212	16841.94	16847.55	+0.033	0	5.5	0.0166	102	162.106	0.0000	0.000	0.000	0.0000	0.00	0.0e0	0	**否**		过
W08	33.75	26.00	3	判决	1.000	66.53	124×69	4690	18519.13	18519.73	+0.003	2518.27	2518.86	+0.024	2518.50	+0.009	1.339	16841.94	16842.00	+0.000	0	5.5	0.0000	206	162.106	0.0000	0.000	0.000	0.0000	0.00	0.0e0	0	**否**		过
W08	34.00	30.00	0	导航	2.000	64.60	63×35	1366	17807.75	17808.17	+0.002	2317.60	2317.99	+0.017	2331.36	+0.594	0.216	16490.79	16490.84	+0.000	0	5.5	0.0009	100	162.106	0.0000	0.000	0.000	0.0000	0.00	0.0e0	0	**否**		过
W08	34.00	30.00	0	判决	1.000	64.60	121×69	5098	17807.75	17808.17	+0.002	2317.60	2318.01	+0.018	2323.24	+0.243	2.674	16490.79	16490.84	+0.000	0	5.5	0.0009	204	162.106	0.0000	0.000	0.000	0.0000	0.00	0.0e0	0	**否**		过
W08	34.00	30.00	1	导航	2.000	64.60	63×35	1366	30089.62	30090.20	+0.002	3306.17	3306.71	+0.016	3329.80	+0.715	0.313	28513.59	28513.72	+0.000	0	5.5	0.0009	100	162.106	0.0000	0.000	0.000	0.0000	0.00	0.0e0	0	**否**		过
W08	34.00	30.00	1	判决	1.000	64.60	121×69	5098	30089.62	30090.20	+0.002	3306.17	3306.74	+0.017	3315.76	+0.290	2.674	28513.59	28513.72	+0.000	0	5.5	0.0009	204	162.106	0.0000	0.000	0.000	0.0000	0.00	0.0e0	0	**否**		过
W08	34.00	30.00	2	导航	2.000	64.60	63×35	1366	30089.62	30090.20	+0.002	3306.17	3306.71	+0.016	3329.80	+0.715	0.313	28513.59	28513.72	+0.000	0	5.5	0.0009	100	162.106	0.0000	0.000	0.000	0.0000	0.00	0.0e0	0	**否**		过
W08	34.00	30.00	2	判决	1.000	64.60	121×69	5098	30089.62	30090.20	+0.002	3306.17	3306.74	+0.017	3315.76	+0.290	2.674	28513.59	28513.72	+0.000	0	5.5	0.0009	204	162.106	0.0000	0.000	0.000	0.0000	0.00	0.0e0	0	**否**		过
W08	34.00	30.00	3	导航	2.000	64.60	63×35	1366	17807.75	17808.17	+0.002	2317.60	2317.99	+0.017	2331.36	+0.594	0.216	16490.79	16490.84	+0.000	0	5.5	0.0009	100	162.106	0.0000	0.000	0.000	0.0000	0.00	0.0e0	0	**否**		过
W08	34.00	30.00	3	判决	1.000	64.60	121×69	5098	17807.75	17808.17	+0.002	2317.60	2318.01	+0.018	2323.24	+0.243	2.674	16490.79	16490.84	+0.000	0	5.5	0.0009	204	162.106	0.0000	0.000	0.000	0.0000	0.00	0.0e0	0	**否**		过
W08	34.00	28.00	0	导航	2.000	65.75	64×35	1314	18233.50	18234.06	+0.003	2475.78	2476.30	+0.021	2471.00	-0.193	0.207	16680.89	16682.77	+0.011	0	5.5	0.0009	102	162.106	0.0000	0.000	0.000	0.0000	0.00	0.0e0	0	**否**		过
W08	34.00	28.00	0	判决	1.000	65.75	123×69	4916	18233.50	18234.06	+0.003	2475.78	2476.35	+0.023	2475.34	-0.018	2.674	16680.89	16680.94	+0.000	0	5.5	0.0009	206	162.106	0.0000	0.000	0.000	0.0000	0.00	0.0e0	0	**否**		过
W08	34.00	28.00	1	导航	2.000	65.75	64×35	1314	30798.95	30799.74	+0.003	3495.30	3496.00	+0.020	3486.78	-0.244	0.303	28903.24	28905.68	+0.008	0	5.5	0.0009	102	162.106	0.0000	0.000	0.000	0.0000	0.00	0.0e0	0	**否**		过
W08	34.00	28.00	1	判决	1.000	65.75	123×69	4916	30798.95	30799.74	+0.003	3495.30	3496.10	+0.023	3494.30	-0.029	2.674	28903.24	28903.38	+0.000	0	5.5	0.0009	206	162.106	0.0000	0.000	0.000	0.0000	0.00	0.0e0	0	**否**		过
W08	34.00	28.00	2	导航	2.000	65.75	64×35	1314	30798.95	30799.74	+0.003	3495.30	3496.00	+0.020	3486.78	-0.244	0.303	28903.24	28905.68	+0.008	0	5.5	0.0009	102	162.106	0.0000	0.000	0.000	0.0000	0.00	0.0e0	0	**否**		过
W08	34.00	28.00	2	判决	1.000	65.75	123×69	4916	30798.95	30799.74	+0.003	3495.30	3496.10	+0.023	3494.30	-0.029	2.674	28903.24	28903.38	+0.000	0	5.5	0.0009	206	162.106	0.0000	0.000	0.000	0.0000	0.00	0.0e0	0	**否**		过
W08	34.00	28.00	3	导航	2.000	65.75	64×35	1314	18233.50	18234.06	+0.003	2475.78	2476.30	+0.021	2471.00	-0.193	0.207	16680.89	16682.77	+0.011	0	5.5	0.0009	102	162.106	0.0000	0.000	0.000	0.0000	0.00	0.0e0	0	**否**		过
W08	34.00	28.00	3	判决	1.000	65.75	123×69	4916	18233.50	18234.06	+0.003	2475.78	2476.35	+0.023	2475.34	-0.018	2.674	16680.89	16680.94	+0.000	0	5.5	0.0009	206	162.106	0.0000	0.000	0.000	0.0000	0.00	0.0e0	0	**否**		过
W08	34.00	26.00	0	导航	2.000	66.67	64×35	1254	18692.52	18693.16	+0.003	2678.87	2679.43	+0.021	2687.24	+0.312	0.198	16867.39	16867.76	+0.002	0	5.5	0.0009	100	162.106	0.0000	0.000	0.000	0.0000	0.00	0.0e0	0	**否**		过
W08	34.00	26.00	0	判决	1.000	66.67	123×69	4678	18692.52	18693.16	+0.003	2678.87	2679.50	+0.024	2682.56	+0.138	2.674	16867.39	16867.76	+0.002	0	5.5	0.0000	204	162.106	0.0000	0.000	0.000	0.0000	0.00	0.0e0	0	**否**		过
W08	34.00	26.00	1	导航	2.000	66.67	64×35	1254	31495.62	31496.54	+0.003	3779.77	3780.54	+0.020	3793.98	+0.376	0.290	29193.49	29194.06	+0.002	0	5.5	0.0009	100	162.106	0.0000	0.000	0.000	0.0000	0.00	0.0e0	0	**否**		过
W08	34.00	26.00	1	判决	1.000	66.67	123×69	4678	31495.62	31496.54	+0.003	3779.77	3780.67	+0.024	3785.88	+0.162	2.674	29193.49	29194.06	+0.002	0	5.5	0.0000	204	162.106	0.0000	0.000	0.000	0.0000	0.00	0.0e0	0	**否**		过
W08	34.00	26.00	2	导航	2.000	66.67	64×35	1254	31495.62	31496.54	+0.003	3779.77	3780.54	+0.020	3793.98	+0.376	0.290	29193.49	29194.06	+0.002	0	5.5	0.0009	100	162.106	0.0000	0.000	0.000	0.0000	0.00	0.0e0	0	**否**		过
W08	34.00	26.00	2	判决	1.000	66.67	123×69	4678	31495.62	31496.54	+0.003	3779.77	3780.67	+0.024	3785.88	+0.162	2.674	29193.49	29194.06	+0.002	0	5.5	0.0000	204	162.106	0.0000	0.000	0.000	0.0000	0.00	0.0e0	0	**否**		过
W08	34.00	26.00	3	导航	2.000	66.67	64×35	1254	18692.52	18693.16	+0.003	2678.87	2679.43	+0.021	2687.24	+0.312	0.198	16867.39	16867.76	+0.002	0	5.5	0.0009	100	162.106	0.0000	0.000	0.000	0.0000	0.00	0.0e0	0	**否**		过
W08	34.00	26.00	3	判决	1.000	66.67	123×69	4678	18692.52	18693.16	+0.003	2678.87	2679.50	+0.024	2682.56	+0.138	2.674	16867.39	16867.76	+0.002	0	5.5	0.0000	204	162.106	0.0000	0.000	0.000	0.0000	0.00	0.0e0	0	**否**		过

合计 536 张网格，不过 0 张；几何不成立跳过 64 张
── 总耗时 333 s　2026-09-18，Fable 5.1
