格	x	z	r	T	J重构	厚	保温mm	L	proxy	区(0盘1舌)	前12	裕度
480	-99.291	-29.5	103.581	464.504	9.95312	1.75	6.4	1	5.8358E-8	1	0	47.90955
481	-99.291	-28.5	103.301	464.504	9.95316	1.75	6.4	1	5.8358E-8	1	0	47.90938
482	-99.291	-27.5	103.029	464.504	9.95323	1.75	6.4	1	5.8359E-8	1	0	47.90904
483	-99.291	-26.5	102.767	464.505	9.95333	1.75	6.4	1	5.836E-8	1	0	47.90855
484	-99.291	-25.5	102.514	464.505	9.95347	1.75	6.4	1	5.8362E-8	1	0	47.90789
485	-99.291	-24.5	102.269	464.506	9.95364	1.75	6.4	1	5.8364E-8	1	0	47.90709
486	-99.291	-23.5	102.034	464.506	9.95383	1.75	6.4	1	5.8366E-8	1	0	47.90614
487	-99.291	-22.5	101.809	464.507	9.95406	1.75	6.4	1	5.8369E-8	1	0	47.90506
488	-99.291	-21.5	101.592	464.507	9.95431	1.75	6.4	1	5.8372E-8	1	0	47.90386
489	-99.291	-20.5	101.386	464.508	9.95458	1.75	6.4	1	5.8375E-8	1	0	47.90256
490	-99.291	-19.5	101.188	464.509	9.95487	1.75	6.4	1	5.8378E-8	1	0	47.90117
491	-99.291	-18.5	101	464.51	9.95518	1.75	6.4	1	5.8382E-8	1	0	47.8997
492	-99.291	-17.5	100.822	464.511	9.9555	1.75	6.4	1	5.8386E-8	1	0	47.89817
493	-99.291	-16.5	100.653	464.512	9.95583	1.75	6.4	1	5.8389E-8	1	0	47.89659
494	-99.291	-15.5	100.494	464.513	9.95617	1.75	6.4	1	5.8393E-8	1	0	47.89499
495	-99.291	-14.5	100.345	464.514	9.9565	1.75	6.4	1	5.8397E-8	1	0	47.89338
496	-99.291	-13.5	100.205	464.515	9.95684	1.75	6.4	1	5.8401E-8	1	0	47.89178
497	-99.291	-12.5	100.075	464.515	9.95717	1.75	6.4	1	5.8405E-8	1	0	47.8902
498	-99.291	-11.5	99.955	464.516	9.95749	1.75	6.4	1	5.8409E-8	1	0	47.88867
499	-99.291	-10.5	99.845	464.517	9.9578	1.75	6.4	1	5.8412E-8	1	0	47.8872
500	-99.291	-9.5	99.745	464.518	9.95809	1.75	6.4	1	5.8416E-8	1	0	47.88581
501	-99.291	-8.5	99.655	464.519	9.95836	1.75	6.4	1	5.8419E-8	1	0	47.88451
502	-99.291	-7.5	99.574	464.519	9.95861	1.75	6.4	1	5.8422E-8	1	0	47.88331
503	-99.291	-6.5	99.504	464.52	9.95884	1.75	6.4	1	5.8425E-8	1	0	47.88223
504	-99.291	-5.5	99.444	464.521	9.95904	1.75	6.4	1	5.8427E-8	1	0	47.88129
505	-99.291	-4.5	99.393	464.521	9.9592	1.75	6.4	1	5.8429E-8	1	0	47.88048
506	-99.291	-3.5	99.353	464.522	9.95934	1.75	6.4	1	5.843E-8	1	0	47.87983
507	-99.291	-2.5	99.323	464.522	9.95945	1.75	6.4	1	5.8432E-8	1	0	47.87933
508	-99.291	-1.5	99.303	464.522	9.95952	1.75	6.4	1	5.8432E-8	1	0	47.87899
509	-99.291	-0.5	99.293	464.522	9.95955	1.75	6.4	1	5.8433E-8	1	0	47.87883
510	-99.291	0.5	99.293	464.522	9.95955	1.75	6.4	1	5.8433E-8	1	0	47.87883
511	-99.291	1.5	99.303	464.522	9.95952	1.75	6.4	1	5.8432E-8	1	0	47.87899
512	-99.291	2.5	99.323	464.522	9.95945	1.75	6.4	1	5.8432E-8	1	0	47.87933
513	-99.291	3.5	99.353	464.522	9.95934	1.75	6.4	1	5.843E-8	1	0	47.87983
514	-99.291	4.5	99.393	464.521	9.9592	1.75	6.4	1	5.8429E-8	1	0	47.88048
515	-99.291	5.5	99.444	464.521	9.95904	1.75	6.4	1	5.8427E-8	1	0	47.88129
516	-99.291	6.5	99.504	464.52	9.95884	1.75	6.4	1	5.8425E-8	1	0	47.88223
517	-99.291	7.5	99.574	464.519	9.95861	1.75	6.4	1	5.8422E-8	1	0	47.88331
518	-99.291	8.5	99.655	464.519	9.95836	1.75	6.4	1	5.8419E-8	1	0	47.88451
519	-99.291	9.5	99.745	464.518	9.95809	1.75	6.4	1	5.8416E-8	1	0	47.88581
520	-99.291	10.5	99.845	464.517	9.9578	1.75	6.4	1	5.8412E-8	1	0	47.8872
521	-99.291	11.5	99.955	464.516	9.95749	1.75	6.4	1	5.8409E-8	1	0	47.88867
522	-99.291	12.5	100.075	464.515	9.95717	1.75	6.4	1	5.8405E-8	1	0	47.8902
523	-99.291	13.5	100.205	464.515	9.95684	1.75	6.4	1	5.8401E-8	1	0	47.89178
524	-99.291	14.5	100.345	464.514	9.9565	1.75	6.4	1	5.8397E-8	1	0	47.89338
525	-99.291	15.5	100.494	464.513	9.95617	1.75	6.4	1	5.8393E-8	1	0	47.89499
526	-99.291	16.5	100.653	464.512	9.95583	1.75	6.4	1	5.8389E-8	1	0	47.89659
527	-99.291	17.5	100.822	464.511	9.9555	1.75	6.4	1	5.8386E-8	1	0	47.89817
528	-99.291	18.5	101	464.51	9.95518	1.75	6.4	1	5.8382E-8	1	0	47.8997
529	-99.291	19.5	101.188	464.509	9.95487	1.75	6.4	1	5.8378E-8	1	0	47.90117
530	-99.291	20.5	101.386	464.508	9.95458	1.75	6.4	1	5.8375E-8	1	0	47.90256
531	-99.291	21.5	101.592	464.507	9.95431	1.75	6.4	1	5.8372E-8	1	0	47.90386
532	-99.291	22.5	101.809	464.507	9.95406	1.75	6.4	1	5.8369E-8	1	0	47.90506
533	-99.291	23.5	102.034	464.506	9.95383	1.75	6.4	1	5.8366E-8	1	0	47.90614
534	-99.291	24.5	102.269	464.506	9.95364	1.75	6.4	1	5.8364E-8	1	0	47.90709
535	-99.291	25.5	102.514	464.505	9.95347	1.75	6.4	1	5.8362E-8	1	0	47.90789
536	-99.291	26.5	102.767	464.505	9.95333	1.75	6.4	1	5.836E-8	1	0	47.90855
537	-99.291	27.5	103.029	464.504	9.95323	1.75	6.4	1	5.8359E-8	1	0	47.90904
538	-99.291	28.5	103.301	464.504	9.95316	1.75	6.4	1	5.8358E-8	1	0	47.90938
539	-99.291	29.5	103.581	464.504	9.95312	1.75	6.4	1	5.8358E-8	1	0	47.90955
540	-95.833	-29.5	100.271	532.399	9.9527	1.75	6.4	4.167	5.6999E-8	1	0	11.71475
541	-95.833	-28.5	99.981	532.399	9.95274	1.75	6.4	4.167	5.7E-8	1	0	11.7147
542	-95.833	-27.5	99.7	532.401	9.95282	1.75	6.4	4.167	5.7001E-8	1	0	11.71461
543	-95.833	-26.5	99.429	532.402	9.95294	1.75	6.4	4.167	5.7002E-8	1	0	11.71448
544	-95.833	-25.5	99.167	532.404	9.95309	1.75	6.4	4.167	5.7004E-8	1	0	11.7143
545	-95.833	-24.5	98.915	532.407	9.95328	1.75	6.4	4.167	5.7006E-8	1	0	11.71408
546	-95.833	-23.5	98.672	532.41	9.95351	1.75	6.4	4.167	5.7008E-8	1	0	11.71383
547	-95.833	-22.5	98.439	532.414	9.95376	1.75	6.4	4.167	5.7011E-8	1	0	11.71354
548	-95.833	-21.5	98.215	532.418	9.95404	1.75	6.4	4.167	5.7014E-8	1	0	11.71322
549	-95.833	-20.5	98.001	532.422	9.95435	1.75	6.4	4.167	5.7018E-8	1	0	11.71287
550	-95.833	-19.5	97.797	532.427	9.95468	1.75	6.4	4.167	5.7022E-8	1	0	11.71249
551	-95.833	-18.5	97.602	532.432	9.95503	1.75	6.4	4.167	5.7025E-8	1	0	11.7121
552	-95.833	-17.5	97.418	532.437	9.95539	1.75	6.4	4.167	5.703E-8	1	0	11.71169
553	-95.833	-16.5	97.243	532.442	9.95577	1.75	6.4	4.167	5.7034E-8	1	0	11.71126
554	-95.833	-15.5	97.078	532.447	9.95615	1.75	6.4	4.167	5.7038E-8	1	0	11.71083
555	-95.833	-14.5	96.924	532.453	9.95653	1.75	6.4	4.167	5.7042E-8	1	0	11.7104
556	-95.833	-13.5	96.779	532.458	9.95691	1.75	6.4	4.167	5.7046E-8	1	0	11.70997
557	-95.833	-12.5	96.645	532.463	9.95728	1.75	6.4	4.167	5.7051E-8	1	0	11.70954
558	-95.833	-11.5	96.52	532.468	9.95764	1.75	6.4	4.167	5.7055E-8	1	0	11.70913
559	-95.833	-10.5	96.406	532.473	9.95799	1.75	6.4	4.167	5.7059E-8	1	0	11.70874
560	-95.833	-9.5	96.303	532.478	9.95832	1.75	6.4	4.167	5.7062E-8	1	0	11.70836
561	-95.833	-8.5	96.209	532.482	9.95863	1.75	6.4	4.167	5.7066E-8	1	0	11.70801
562	-95.833	-7.5	96.126	532.486	9.95891	1.75	6.4	4.167	5.7069E-8	1	0	11.70769
563	-95.833	-6.5	96.053	532.489	9.95917	1.75	6.4	4.167	5.7072E-8	1	0	11.7074
564	-95.833	-5.5	95.991	532.493	9.95939	1.75	6.4	4.167	5.7074E-8	1	0	11.70715
565	-95.833	-4.5	95.938	532.495	9.95958	1.75	6.4	4.167	5.7076E-8	1	0	11.70693
566	-95.833	-3.5	95.897	532.497	9.95974	1.75	6.4	4.167	5.7078E-8	1	0	11.70675
567	-95.833	-2.5	95.865	532.499	9.95986	1.75	6.4	4.167	5.7079E-8	1	0	11.70662
568	-95.833	-1.5	95.845	532.5	9.95993	1.75	6.4	4.167	5.708E-8	1	0	11.70653
569	-95.833	-0.5	95.834	532.501	9.95997	1.75	6.4	4.167	5.7081E-8	1	0	11.70648
570	-95.833	0.5	95.834	532.501	9.95997	1.75	6.4	4.167	5.7081E-8	1	0	11.70648
571	-95.833	1.5	95.845	532.5	9.95993	1.75	6.4	4.167	5.708E-8	1	0	11.70653
572	-95.833	2.5	95.865	532.499	9.95986	1.75	6.4	4.167	5.7079E-8	1	0	11.70662
573	-95.833	3.5	95.897	532.497	9.95974	1.75	6.4	4.167	5.7078E-8	1	0	11.70675
574	-95.833	4.5	95.938	532.495	9.95958	1.75	6.4	4.167	5.7076E-8	1	0	11.70693
575	-95.833	5.5	95.991	532.493	9.95939	1.75	6.4	4.167	5.7074E-8	1	0	11.70715
576	-95.833	6.5	96.053	532.489	9.95917	1.75	6.4	4.167	5.7072E-8	1	0	11.7074
577	-95.833	7.5	96.126	532.486	9.95891	1.75	6.4	4.167	5.7069E-8	1	0	11.70769
578	-95.833	8.5	96.209	532.482	9.95863	1.75	6.4	4.167	5.7066E-8	1	0	11.70801
579	-95.833	9.5	96.303	532.478	9.95832	1.75	6.4	4.167	5.7062E-8	1	0	11.70836
580	-95.833	10.5	96.406	532.473	9.95799	1.75	6.4	4.167	5.7059E-8	1	0	11.70874
581	-95.833	11.5	96.52	532.468	9.95764	1.75	6.4	4.167	5.7055E-8	1	0	11.70913
582	-95.833	12.5	96.645	532.463	9.95728	1.75	6.4	4.167	5.7051E-8	1	0	11.70954
583	-95.833	13.5	96.779	532.458	9.95691	1.75	6.4	4.167	5.7046E-8	1	0	11.70997
584	-95.833	14.5	96.924	532.453	9.95653	1.75	6.4	4.167	5.7042E-8	1	0	11.7104
585	-95.833	15.5	97.078	532.447	9.95615	1.75	6.4	4.167	5.7038E-8	1	0	11.71083
586	-95.833	16.5	97.243	532.442	9.95577	1.75	6.4	4.167	5.7034E-8	1	0	11.71126
587	-95.833	17.5	97.418	532.437	9.95539	1.75	6.4	4.167	5.703E-8	1	0	11.71169
588	-95.833	18.5	97.602	532.432	9.95503	1.75	6.4	4.167	5.7025E-8	1	0	11.7121
589	-95.833	19.5	97.797	532.427	9.95468	1.75	6.4	4.167	5.7022E-8	1	0	11.71249
590	-95.833	20.5	98.001	532.422	9.95435	1.75	6.4	4.167	5.7018E-8	1	0	11.71287
591	-95.833	21.5	98.215	532.418	9.95404	1.75	6.4	4.167	5.7014E-8	1	0	11.71322
592	-95.833	22.5	98.439	532.414	9.95376	1.75	6.4	4.167	5.7011E-8	1	0	11.71354
593	-95.833	23.5	98.672	532.41	9.95351	1.75	6.4	4.167	5.7008E-8	1	0	11.71383
594	-95.833	24.5	98.915	532.407	9.95328	1.75	6.4	4.167	5.7006E-8	1	0	11.71408
595	-95.833	25.5	99.167	532.404	9.95309	1.75	6.4	4.167	5.7004E-8	1	0	11.7143
596	-95.833	26.5	99.429	532.402	9.95294	1.75	6.4	4.167	5.7002E-8	1	0	11.71448
597	-95.833	27.5	99.7	532.401	9.95282	1.75	6.4	4.167	5.7001E-8	1	0	11.71461
598	-95.833	28.5	99.981	532.399	9.95274	1.75	6.4	4.167	5.7E-8	1	0	11.7147
599	-95.833	29.5	100.271	532.399	9.9527	1.75	6.4	4.167	5.6999E-8	1	0	11.71475
600	-90.333	-29.5	95.028	632.593	9.95122	1.75	6.4	9.667	5.4986E-8	1	0	5.24258
601	-90.333	-28.5	94.722	632.595	9.95128	1.75	6.4	9.667	5.4986E-8	1	0	5.24255
602	-90.333	-27.5	94.426	632.598	9.95139	1.75	6.4	9.667	5.4988E-8	1	0	5.24249
603	-90.333	-26.5	94.14	632.602	9.95155	1.75	6.4	9.667	5.4989E-8	1	0	5.24241
604	-90.333	-25.5	93.863	632.607	9.95177	1.75	6.4	9.667	5.4992E-8	1	0	5.2423
605	-90.333	-24.5	93.596	632.614	9.95204	1.75	6.4	9.667	5.4994E-8	1	0	5.24217
606	-90.333	-23.5	93.34	632.621	9.95235	1.75	6.4	9.667	5.4998E-8	1	0	5.24202
607	-90.333	-22.5	93.093	632.63	9.95271	1.75	6.4	9.667	5.5002E-8	1	0	5.24184
608	-90.333	-21.5	92.856	632.64	9.95311	1.75	6.4	9.667	5.5006E-8	1	0	5.24165
609	-90.333	-20.5	92.63	632.651	9.95355	1.75	6.4	9.667	5.501E-8	1	0	5.24143
610	-90.333	-19.5	92.414	632.662	9.95401	1.75	6.4	9.667	5.5015E-8	1	0	5.2412
611	-90.333	-18.5	92.208	632.674	9.9545	1.75	6.4	9.667	5.502E-8	1	0	5.24096
612	-90.333	-17.5	92.012	632.687	9.95501	1.75	6.4	9.667	5.5026E-8	1	0	5.24071
613	-90.333	-16.5	91.827	632.7	9.95553	1.75	6.4	9.667	5.5031E-8	1	0	5.24045
614	-90.333	-15.5	91.653	632.713	9.95607	1.75	6.4	9.667	5.5037E-8	1	0	5.24019
615	-90.333	-14.5	91.489	632.726	9.9566	1.75	6.4	9.667	5.5043E-8	1	0	5.23993
616	-90.333	-13.5	91.336	632.739	9.95714	1.75	6.4	9.667	5.5048E-8	1	0	5.23967
617	-90.333	-12.5	91.194	632.752	9.95766	1.75	6.4	9.667	5.5054E-8	1	0	5.23941
618	-90.333	-11.5	91.062	632.765	9.95817	1.75	6.4	9.667	5.5059E-8	1	0	5.23916
619	-90.333	-10.5	90.941	632.777	9.95866	1.75	6.4	9.667	5.5064E-8	1	0	5.23892
620	-90.333	-9.5	90.831	632.788	9.95913	1.75	6.4	9.667	5.5069E-8	1	0	5.23869
621	-90.333	-8.5	90.732	632.799	9.95956	1.75	6.4	9.667	5.5074E-8	1	0	5.23848
622	-90.333	-7.5	90.644	632.809	9.95996	1.75	6.4	9.667	5.5078E-8	1	0	5.23828
623	-90.333	-6.5	90.566	632.817	9.96032	1.75	6.4	9.667	5.5082E-8	1	0	5.2381
624	-90.333	-5.5	90.5	632.825	9.96063	1.75	6.4	9.667	5.5085E-8	1	0	5.23795
625	-90.333	-4.5	90.445	632.832	9.9609	1.75	6.4	9.667	5.5088E-8	1	0	5.23782
626	-90.333	-3.5	90.401	632.837	9.96112	1.75	6.4	9.667	5.509E-8	1	0	5.23771
627	-90.333	-2.5	90.367	632.841	9.96129	1.75	6.4	9.667	5.5092E-8	1	0	5.23763
628	-90.333	-1.5	90.345	632.844	9.9614	1.75	6.4	9.667	5.5093E-8	1	0	5.23757
629	-90.333	-0.5	90.334	632.845	9.96145	1.75	6.4	9.667	5.5094E-8	1	0	5.23755
630	-90.333	0.5	90.334	632.845	9.96145	1.75	6.4	9.667	5.5094E-8	1	0	5.23755
631	-90.333	1.5	90.345	632.844	9.9614	1.75	6.4	9.667	5.5093E-8	1	0	5.23757
632	-90.333	2.5	90.367	632.841	9.96129	1.75	6.4	9.667	5.5092E-8	1	0	5.23763
633	-90.333	3.5	90.401	632.837	9.96112	1.75	6.4	9.667	5.509E-8	1	0	5.23771
634	-90.333	4.5	90.445	632.832	9.9609	1.75	6.4	9.667	5.5088E-8	1	0	5.23782
635	-90.333	5.5	90.5	632.825	9.96063	1.75	6.4	9.667	5.5085E-8	1	0	5.23795
636	-90.333	6.5	90.566	632.817	9.96032	1.75	6.4	9.667	5.5082E-8	1	0	5.2381
637	-90.333	7.5	90.644	632.809	9.95996	1.75	6.4	9.667	5.5078E-8	1	0	5.23828
638	-90.333	8.5	90.732	632.799	9.95956	1.75	6.4	9.667	5.5074E-8	1	0	5.23848
639	-90.333	9.5	90.831	632.788	9.95913	1.75	6.4	9.667	5.5069E-8	1	0	5.23869
640	-90.333	10.5	90.941	632.777	9.95866	1.75	6.4	9.667	5.5064E-8	1	0	5.23892
641	-90.333	11.5	91.062	632.765	9.95817	1.75	6.4	9.667	5.5059E-8	1	0	5.23916
642	-90.333	12.5	91.194	632.752	9.95766	1.75	6.4	9.667	5.5054E-8	1	0	5.23941
643	-90.333	13.5	91.336	632.739	9.95714	1.75	6.4	9.667	5.5048E-8	1	0	5.23967
644	-90.333	14.5	91.489	632.726	9.9566	1.75	6.4	9.667	5.5043E-8	1	0	5.23993
645	-90.333	15.5	91.653	632.713	9.95607	1.75	6.4	9.667	5.5037E-8	1	0	5.24019
646	-90.333	16.5	91.827	632.7	9.95553	1.75	6.4	9.667	5.5031E-8	1	0	5.24045
647	-90.333	17.5	92.012	632.687	9.95501	1.75	6.4	9.667	5.5026E-8	1	0	5.24071
648	-90.333	18.5	92.208	632.674	9.9545	1.75	6.4	9.667	5.502E-8	1	0	5.24096
649	-90.333	19.5	92.414	632.662	9.95401	1.75	6.4	9.667	5.5015E-8	1	0	5.2412
650	-90.333	20.5	92.63	632.651	9.95355	1.75	6.4	9.667	5.501E-8	1	0	5.24143
651	-90.333	21.5	92.856	632.64	9.95311	1.75	6.4	9.667	5.5006E-8	1	0	5.24165
652	-90.333	22.5	93.093	632.63	9.95271	1.75	6.4	9.667	5.5002E-8	1	0	5.24184
653	-90.333	23.5	93.34	632.621	9.95235	1.75	6.4	9.667	5.4998E-8	1	0	5.24202
654	-90.333	24.5	93.596	632.614	9.95204	1.75	6.4	9.667	5.4994E-8	1	0	5.24217
655	-90.333	25.5	93.863	632.607	9.95177	1.75	6.4	9.667	5.4992E-8	1	0	5.2423
656	-90.333	26.5	94.14	632.602	9.95155	1.75	6.4	9.667	5.4989E-8	1	0	5.24241
657	-90.333	27.5	94.426	632.598	9.95139	1.75	6.4	9.667	5.4988E-8	1	0	5.24249
658	-90.333	28.5	94.722	632.595	9.95128	1.75	6.4	9.667	5.4986E-8	1	0	5.24255
659	-90.333	29.5	95.028	632.593	9.95122	1.75	6.4	9.667	5.4986E-8	1	0	5.24258
660	-84.833	-29.5	89.816	722.661	9.94805	1.75	6.4	15.167	5.3157E-8	1	0	3.50875
661	-84.833	-28.5	89.492	722.664	9.94814	1.75	6.4	15.167	5.3158E-8	1	0	3.50872
662	-84.833	-27.5	89.179	722.669	9.94832	1.75	6.4	15.167	5.316E-8	1	0	3.50866
663	-84.833	-26.5	88.876	722.676	9.94859	1.75	6.4	15.167	5.3162E-8	1	0	3.50858
664	-84.833	-25.5	88.583	722.686	9.94894	1.75	6.4	15.167	5.3166E-8	1	0	3.50846
665	-84.833	-24.5	88.3	722.698	9.94937	1.75	6.4	15.167	5.317E-8	1	0	3.50832
666	-84.833	-23.5	88.028	722.712	9.94988	1.75	6.4	15.167	5.3176E-8	1	0	3.50816
667	-84.833	-22.5	87.766	722.728	9.95047	1.75	6.4	15.167	5.3181E-8	1	0	3.50797
668	-84.833	-21.5	87.515	722.746	9.95111	1.75	6.4	15.167	5.3188E-8	1	0	3.50776
669	-84.833	-20.5	87.275	722.765	9.95181	1.75	6.4	15.167	5.3195E-8	1	0	3.50753
670	-84.833	-19.5	87.045	722.786	9.95257	1.75	6.4	15.167	5.3203E-8	1	0	3.50729
671	-84.833	-18.5	86.827	722.807	9.95336	1.75	6.4	15.167	5.3211E-8	1	0	3.50703
672	-84.833	-17.5	86.619	722.83	9.95419	1.75	6.4	15.167	5.3219E-8	1	0	3.50677
673	-84.833	-16.5	86.423	722.853	9.95504	1.75	6.4	15.167	5.3228E-8	1	0	3.50649
674	-84.833	-15.5	86.237	722.877	9.9559	1.75	6.4	15.167	5.3237E-8	1	0	3.50621
675	-84.833	-14.5	86.063	722.901	9.95677	1.75	6.4	15.167	5.3245E-8	1	0	3.50593
676	-84.833	-13.5	85.9	722.925	9.95763	1.75	6.4	15.167	5.3254E-8	1	0	3.50565
677	-84.833	-12.5	85.749	722.948	9.95848	1.75	6.4	15.167	5.3263E-8	1	0	3.50538
678	-84.833	-11.5	85.609	722.971	9.95931	1.75	6.4	15.167	5.3271E-8	1	0	3.50511
679	-84.833	-10.5	85.48	722.993	9.96011	1.75	6.4	15.167	5.3279E-8	1	0	3.50486
680	-84.833	-9.5	85.363	723.013	9.96086	1.75	6.4	15.167	5.3287E-8	1	0	3.50461
681	-84.833	-8.5	85.258	723.033	9.96156	1.75	6.4	15.167	5.3294E-8	1	0	3.50439
682	-84.833	-7.5	85.164	723.05	9.96221	1.75	6.4	15.167	5.3301E-8	1	0	3.50418
683	-84.833	-6.5	85.081	723.066	9.96279	1.75	6.4	15.167	5.3306E-8	1	0	3.50399
684	-84.833	-5.5	85.011	723.08	9.9633	1.75	6.4	15.167	5.3312E-8	1	0	3.50383
685	-84.833	-4.5	84.952	723.092	9.96374	1.75	6.4	15.167	5.3316E-8	1	0	3.50369
686	-84.833	-3.5	84.905	723.102	9.96409	1.75	6.4	15.167	5.332E-8	1	0	3.50357
687	-84.833	-2.5	84.87	723.109	9.96436	1.75	6.4	15.167	5.3322E-8	1	0	3.50349
688	-84.833	-1.5	84.846	723.114	9.96454	1.75	6.4	15.167	5.3324E-8	1	0	3.50343
689	-84.833	-0.5	84.834	723.117	9.96463	1.75	6.4	15.167	5.3325E-8	1	0	3.5034
690	-84.833	0.5	84.834	723.117	9.96463	1.75	6.4	15.167	5.3325E-8	1	0	3.5034
691	-84.833	1.5	84.846	723.114	9.96454	1.75	6.4	15.167	5.3324E-8	1	0	3.50343
692	-84.833	2.5	84.87	723.109	9.96436	1.75	6.4	15.167	5.3322E-8	1	0	3.50349
693	-84.833	3.5	84.905	723.102	9.96409	1.75	6.4	15.167	5.332E-8	1	0	3.50357
694	-84.833	4.5	84.952	723.092	9.96374	1.75	6.4	15.167	5.3316E-8	1	0	3.50369
695	-84.833	5.5	85.011	723.08	9.9633	1.75	6.4	15.167	5.3312E-8	1	0	3.50383
696	-84.833	6.5	85.081	723.066	9.96279	1.75	6.4	15.167	5.3306E-8	1	0	3.50399
697	-84.833	7.5	85.164	723.05	9.96221	1.75	6.4	15.167	5.3301E-8	1	0	3.50418
698	-84.833	8.5	85.258	723.033	9.96156	1.75	6.4	15.167	5.3294E-8	1	0	3.50439
699	-84.833	9.5	85.363	723.013	9.96086	1.75	6.4	15.167	5.3287E-8	1	0	3.50461
700	-84.833	10.5	85.48	722.993	9.96011	1.75	6.4	15.167	5.3279E-8	1	0	3.50486
701	-84.833	11.5	85.609	722.971	9.95931	1.75	6.4	15.167	5.3271E-8	1	0	3.50511
702	-84.833	12.5	85.749	722.948	9.95848	1.75	6.4	15.167	5.3263E-8	1	0	3.50538
703	-84.833	13.5	85.9	722.925	9.95763	1.75	6.4	15.167	5.3254E-8	1	0	3.50565
704	-84.833	14.5	86.063	722.901	9.95677	1.75	6.4	15.167	5.3245E-8	1	0	3.50593
705	-84.833	15.5	86.237	722.877	9.9559	1.75	6.4	15.167	5.3237E-8	1	0	3.50621
706	-84.833	16.5	86.423	722.853	9.95504	1.75	6.4	15.167	5.3228E-8	1	0	3.50649
707	-84.833	17.5	86.619	722.83	9.95419	1.75	6.4	15.167	5.3219E-8	1	0	3.50677
708	-84.833	18.5	86.827	722.807	9.95336	1.75	6.4	15.167	5.3211E-8	1	0	3.50703
709	-84.833	19.5	87.045	722.786	9.95257	1.75	6.4	15.167	5.3203E-8	1	0	3.50729
710	-84.833	20.5	87.275	722.765	9.95181	1.75	6.4	15.167	5.3195E-8	1	0	3.50753
711	-84.833	21.5	87.515	722.746	9.95111	1.75	6.4	15.167	5.3188E-8	1	0	3.50776
712	-84.833	22.5	87.766	722.728	9.95047	1.75	6.4	15.167	5.3181E-8	1	0	3.50797
713	-84.833	23.5	88.028	722.712	9.94988	1.75	6.4	15.167	5.3176E-8	1	0	3.50816
714	-84.833	24.5	88.3	722.698	9.94937	1.75	6.4	15.167	5.317E-8	1	0	3.50832
715	-84.833	25.5	88.583	722.686	9.94894	1.75	6.4	15.167	5.3166E-8	1	0	3.50846
716	-84.833	26.5	88.876	722.676	9.94859	1.75	6.4	15.167	5.3162E-8	1	0	3.50858
717	-84.833	27.5	89.179	722.669	9.94832	1.75	6.4	15.167	5.316E-8	1	0	3.50866
718	-84.833	28.5	89.492	722.664	9.94814	1.75	6.4	15.167	5.3158E-8	1	0	3.50872
719	-84.833	29.5	89.816	722.661	9.94805	1.75	6.4	15.167	5.3157E-8	1	0	3.50875
720	-79.333	-29.5	84.64	802.825	9.94213	1.75	6.4	20.667	5.1499E-8	1	0	2.73695
721	-79.333	-28.5	84.297	802.829	9.94229	1.75	6.4	20.667	5.1501E-8	1	0	2.73691
722	-79.333	-27.5	83.964	802.837	9.94259	1.75	6.4	20.667	5.1504E-8	1	0	2.73683
723	-79.333	-26.5	83.642	802.849	9.94305	1.75	6.4	20.667	5.1508E-8	1	0	2.73672
724	-79.333	-25.5	83.33	802.866	9.94366	1.75	6.4	20.667	5.1514E-8	1	0	2.73656
725	-79.333	-24.5	83.03	802.886	9.9444	1.75	6.4	20.667	5.1521E-8	1	0	2.73638
726	-79.333	-23.5	82.74	802.909	9.94528	1.75	6.4	20.667	5.153E-8	1	0	2.73616
727	-79.333	-22.5	82.462	802.936	9.94627	1.75	6.4	20.667	5.154E-8	1	0	2.73591
728	-79.333	-21.5	82.195	802.965	9.94738	1.75	6.4	20.667	5.1551E-8	1	0	2.73564
729	-79.333	-20.5	81.939	802.997	9.94858	1.75	6.4	20.667	5.1562E-8	1	0	2.73534
730	-79.333	-19.5	81.694	803.032	9.94987	1.75	6.4	20.667	5.1575E-8	1	0	2.73501
731	-79.333	-18.5	81.461	803.068	9.95123	1.75	6.4	20.667	5.1589E-8	1	0	2.73468
732	-79.333	-17.5	81.24	803.106	9.95265	1.75	6.4	20.667	5.1602E-8	1	0	2.73432
733	-79.333	-16.5	81.031	803.145	9.95411	1.75	6.4	20.667	5.1617E-8	1	0	2.73396
734	-79.333	-15.5	80.833	803.185	9.95559	1.75	6.4	20.667	5.1631E-8	1	0	2.73359
735	-79.333	-14.5	80.647	803.225	9.95708	1.75	6.4	20.667	5.1646E-8	1	0	2.73322
736	-79.333	-13.5	80.473	803.264	9.95856	1.75	6.4	20.667	5.1661E-8	1	0	2.73285
737	-79.333	-12.5	80.312	803.303	9.96002	1.75	6.4	20.667	5.1675E-8	1	0	2.73249
738	-79.333	-11.5	80.162	803.341	9.96144	1.75	6.4	20.667	5.1689E-8	1	0	2.73213
739	-79.333	-10.5	80.025	803.378	9.9628	1.75	6.4	20.667	5.1702E-8	1	0	2.7318
740	-79.333	-9.5	79.9	803.412	9.96409	1.75	6.4	20.667	5.1715E-8	1	0	2.73147
741	-79.333	-8.5	79.787	803.445	9.9653	1.75	6.4	20.667	5.1727E-8	1	0	2.73117
742	-79.333	-7.5	79.687	803.474	9.96641	1.75	6.4	20.667	5.1738E-8	1	0	2.7309
743	-79.333	-6.5	79.599	803.501	9.96741	1.75	6.4	20.667	5.1748E-8	1	0	2.73065
744	-79.333	-5.5	79.523	803.524	9.96828	1.75	6.4	20.667	5.1756E-8	1	0	2.73043
745	-79.333	-4.5	79.46	803.544	9.96903	1.75	6.4	20.667	5.1764E-8	1	0	2.73025
746	-79.333	-3.5	79.41	803.56	9.96964	1.75	6.4	20.667	5.177E-8	1	0	2.7301
747	-79.333	-2.5	79.372	803.573	9.9701	1.75	6.4	20.667	5.1774E-8	1	0	2.72998
748	-79.333	-1.5	79.347	803.581	9.97041	1.75	6.4	20.667	5.1777E-8	1	0	2.7299
749	-79.333	-0.5	79.334	803.585	9.97057	1.75	6.4	20.667	5.1779E-8	1	0	2.72987
750	-79.333	0.5	79.334	803.585	9.97057	1.75	6.4	20.667	5.1779E-8	1	0	2.72987
751	-79.333	1.5	79.347	803.581	9.97041	1.75	6.4	20.667	5.1777E-8	1	0	2.7299
752	-79.333	2.5	79.372	803.573	9.9701	1.75	6.4	20.667	5.1774E-8	1	0	2.72998
753	-79.333	3.5	79.41	803.56	9.96964	1.75	6.4	20.667	5.177E-8	1	0	2.7301
754	-79.333	4.5	79.46	803.544	9.96903	1.75	6.4	20.667	5.1764E-8	1	0	2.73025
755	-79.333	5.5	79.523	803.524	9.96828	1.75	6.4	20.667	5.1756E-8	1	0	2.73043
756	-79.333	6.5	79.599	803.501	9.96741	1.75	6.4	20.667	5.1748E-8	1	0	2.73065
757	-79.333	7.5	79.687	803.474	9.96641	1.75	6.4	20.667	5.1738E-8	1	0	2.7309
758	-79.333	8.5	79.787	803.445	9.9653	1.75	6.4	20.667	5.1727E-8	1	0	2.73117
759	-79.333	9.5	79.9	803.412	9.96409	1.75	6.4	20.667	5.1715E-8	1	0	2.73147
760	-79.333	10.5	80.025	803.378	9.9628	1.75	6.4	20.667	5.1702E-8	1	0	2.7318
761	-79.333	11.5	80.162	803.341	9.96144	1.75	6.4	20.667	5.1689E-8	1	0	2.73213
762	-79.333	12.5	80.312	803.303	9.96002	1.75	6.4	20.667	5.1675E-8	1	0	2.73249
763	-79.333	13.5	80.473	803.264	9.95856	1.75	6.4	20.667	5.1661E-8	1	0	2.73285
764	-79.333	14.5	80.647	803.225	9.95708	1.75	6.4	20.667	5.1646E-8	1	0	2.73322
765	-79.333	15.5	80.833	803.185	9.95559	1.75	6.4	20.667	5.1631E-8	1	0	2.73359
766	-79.333	16.5	81.031	803.145	9.95411	1.75	6.4	20.667	5.1617E-8	1	0	2.73396
767	-79.333	17.5	81.24	803.106	9.95265	1.75	6.4	20.667	5.1602E-8	1	0	2.73432
768	-79.333	18.5	81.461	803.068	9.95123	1.75	6.4	20.667	5.1589E-8	1	0	2.73468
769	-79.333	19.5	81.694	803.032	9.94987	1.75	6.4	20.667	5.1575E-8	1	0	2.73501
770	-79.333	20.5	81.939	802.997	9.94858	1.75	6.4	20.667	5.1562E-8	1	0	2.73534
771	-79.333	21.5	82.195	802.965	9.94738	1.75	6.4	20.667	5.1551E-8	1	0	2.73564
772	-79.333	22.5	82.462	802.936	9.94627	1.75	6.4	20.667	5.154E-8	1	0	2.73591
773	-79.333	23.5	82.74	802.909	9.94528	1.75	6.4	20.667	5.153E-8	1	0	2.73616
774	-79.333	24.5	83.03	802.886	9.9444	1.75	6.4	20.667	5.1521E-8	1	0	2.73638
775	-79.333	25.5	83.33	802.866	9.94366	1.75	6.4	20.667	5.1514E-8	1	0	2.73656
776	-79.333	26.5	83.642	802.849	9.94305	1.75	6.4	20.667	5.1508E-8	1	0	2.73672
777	-79.333	27.5	83.964	802.837	9.94259	1.75	6.4	20.667	5.1504E-8	1	0	2.73683
778	-79.333	28.5	84.297	802.829	9.94229	1.75	6.4	20.667	5.1501E-8	1	0	2.73691
779	-79.333	29.5	84.64	802.825	9.94213	1.75	6.4	20.667	5.1499E-8	1	0	2.73695
780	-74.169	-29.5	79.821	869.496	9.93251	1.75	6.4	25.831	5.0076E-8	1	0	2.34229
781	-74.169	-28.5	79.457	869.502	9.93277	1.75	6.4	25.831	5.0078E-8	1	0	2.34223
782	-74.169	-27.5	79.103	869.515	9.93329	1.75	6.4	25.831	5.0083E-8	1	0	2.34212
783	-74.169	-26.5	78.761	869.535	9.93406	1.75	6.4	25.831	5.0091E-8	1	0	2.34196
784	-74.169	-25.5	78.431	869.56	9.93507	1.75	6.4	25.831	5.01E-8	1	0	2.34174
785	-74.169	-24.5	78.111	869.592	9.93632	1.75	6.4	25.831	5.0112E-8	1	0	2.34148
786	-74.169	-23.5	77.803	869.629	9.93779	1.75	6.4	25.831	5.0126E-8	1	0	2.34117
787	-74.169	-22.5	77.507	869.671	9.93945	1.75	6.4	25.831	5.0142E-8	1	0	2.34081
788	-74.169	-21.5	77.223	869.718	9.94131	1.75	6.4	25.831	5.016E-8	1	0	2.34042
789	-74.169	-20.5	76.95	869.769	9.94333	1.75	6.4	25.831	5.0179E-8	1	0	2.33999
790	-74.169	-19.5	76.69	869.824	9.94549	1.75	6.4	25.831	5.02E-8	1	0	2.33953
791	-74.169	-18.5	76.442	869.882	9.94777	1.75	6.4	25.831	5.0222E-8	1	0	2.33905
792	-74.169	-17.5	76.206	869.942	9.95015	1.75	6.4	25.831	5.0245E-8	1	0	2.33855
793	-74.169	-16.5	75.983	870.004	9.9526	1.75	6.4	25.831	5.0268E-8	1	0	2.33803
794	-74.169	-15.5	75.772	870.067	9.95508	1.75	6.4	25.831	5.0292E-8	1	0	2.3375
795	-74.169	-14.5	75.574	870.13	9.95758	1.75	6.4	25.831	5.0316E-8	1	0	2.33697
796	-74.169	-13.5	75.388	870.193	9.96007	1.75	6.4	25.831	5.034E-8	1	0	2.33645
797	-74.169	-12.5	75.215	870.255	9.96252	1.75	6.4	25.831	5.0364E-8	1	0	2.33593
798	-74.169	-11.5	75.056	870.315	9.9649	1.75	6.4	25.831	5.0386E-8	1	0	2.33543
799	-74.169	-10.5	74.909	870.372	9.96719	1.75	6.4	25.831	5.0408E-8	1	0	2.33494
800	-74.169	-9.5	74.775	870.427	9.96936	1.75	6.4	25.831	5.0429E-8	1	0	2.33449
801	-74.169	-8.5	74.655	870.478	9.97138	1.75	6.4	25.831	5.0449E-8	1	0	2.33406
802	-74.169	-7.5	74.548	870.526	9.97324	1.75	6.4	25.831	5.0467E-8	1	0	2.33367
803	-74.169	-6.5	74.454	870.568	9.97492	1.75	6.4	25.831	5.0483E-8	1	0	2.33331
804	-74.169	-5.5	74.373	870.605	9.97639	1.75	6.4	25.831	5.0497E-8	1	0	2.333
805	-74.169	-4.5	74.306	870.637	9.97765	1.75	6.4	25.831	5.0509E-8	1	0	2.33274
806	-74.169	-3.5	74.252	870.663	9.97867	1.75	6.4	25.831	5.0519E-8	1	0	2.33252
807	-74.169	-2.5	74.212	870.682	9.97944	1.75	6.4	25.831	5.0526E-8	1	0	2.33236
808	-74.169	-1.5	74.185	870.695	9.97996	1.75	6.4	25.831	5.0531E-8	1	0	2.33225
809	-74.169	-0.5	74.171	870.702	9.98023	1.75	6.4	25.831	5.0534E-8	1	0	2.33219
810	-74.169	0.5	74.171	870.702	9.98023	1.75	6.4	25.831	5.0534E-8	1	0	2.33219
811	-74.169	1.5	74.185	870.695	9.97996	1.75	6.4	25.831	5.0531E-8	1	0	2.33225
812	-74.169	2.5	74.212	870.682	9.97944	1.75	6.4	25.831	5.0526E-8	1	0	2.33236
813	-74.169	3.5	74.252	870.663	9.97867	1.75	6.4	25.831	5.0519E-8	1	0	2.33252
814	-74.169	4.5	74.306	870.637	9.97765	1.75	6.4	25.831	5.0509E-8	1	0	2.33274
815	-74.169	5.5	74.373	870.605	9.97639	1.75	6.4	25.831	5.0497E-8	1	0	2.333
816	-74.169	6.5	74.454	870.568	9.97492	1.75	6.4	25.831	5.0483E-8	1	0	2.33331
817	-74.169	7.5	74.548	870.526	9.97324	1.75	6.4	25.831	5.0467E-8	1	0	2.33367
818	-74.169	8.5	74.655	870.478	9.97138	1.75	6.4	25.831	5.0449E-8	1	0	2.33406
819	-74.169	9.5	74.775	870.427	9.96936	1.75	6.4	25.831	5.0429E-8	1	0	2.33449
820	-74.169	10.5	74.909	870.372	9.96719	1.75	6.4	25.831	5.0408E-8	1	0	2.33494
821	-74.169	11.5	75.056	870.315	9.9649	1.75	6.4	25.831	5.0386E-8	1	0	2.33543
822	-74.169	12.5	75.215	870.255	9.96252	1.75	6.4	25.831	5.0364E-8	1	0	2.33593
823	-74.169	13.5	75.388	870.193	9.96007	1.75	6.4	25.831	5.034E-8	1	0	2.33645
824	-74.169	14.5	75.574	870.13	9.95758	1.75	6.4	25.831	5.0316E-8	1	0	2.33697
825	-74.169	15.5	75.772	870.067	9.95508	1.75	6.4	25.831	5.0292E-8	1	0	2.3375
826	-74.169	16.5	75.983	870.004	9.9526	1.75	6.4	25.831	5.0268E-8	1	0	2.33803
827	-74.169	17.5	76.206	869.942	9.95015	1.75	6.4	25.831	5.0245E-8	1	0	2.33855
828	-74.169	18.5	76.442	869.882	9.94777	1.75	6.4	25.831	5.0222E-8	1	0	2.33905
829	-74.169	19.5	76.69	869.824	9.94549	1.75	6.4	25.831	5.02E-8	1	0	2.33953
830	-74.169	20.5	76.95	869.769	9.94333	1.75	6.4	25.831	5.0179E-8	1	0	2.33999
831	-74.169	21.5	77.223	869.718	9.94131	1.75	6.4	25.831	5.016E-8	1	0	2.34042
832	-74.169	22.5	77.507	869.671	9.93945	1.75	6.4	25.831	5.0142E-8	1	0	2.34081
833	-74.169	23.5	77.803	869.629	9.93779	1.75	6.4	25.831	5.0126E-8	1	0	2.34117
834	-74.169	24.5	78.111	869.592	9.93632	1.75	6.4	25.831	5.0112E-8	1	0	2.34148
835	-74.169	25.5	78.431	869.56	9.93507	1.75	6.4	25.831	5.01E-8	1	0	2.34174
836	-74.169	26.5	78.761	869.535	9.93406	1.75	6.4	25.831	5.0091E-8	1	0	2.34196
837	-74.169	27.5	79.103	869.515	9.93329	1.75	6.4	25.831	5.0083E-8	1	0	2.34212
838	-74.169	28.5	79.457	869.502	9.93277	1.75	6.4	25.831	5.0078E-8	1	0	2.34223
839	-74.169	29.5	79.821	869.496	9.93251	1.75	6.4	25.831	5.0076E-8	1	0	2.34229
840	-69.9	-29.5	75.87	918.547	9.91968	1.75	6.4	30.1	4.8975E-8	1	0	2.13756
841	-69.9	-28.5	75.486	918.557	9.92008	1.75	6.4	30.1	4.8979E-8	1	0	2.13748
842	-69.9	-27.5	75.115	918.576	9.92087	1.75	6.4	30.1	4.8986E-8	1	0	2.13732
843	-69.9	-26.5	74.754	918.604	9.92206	1.75	6.4	30.1	4.8997E-8	1	0	2.13709
844	-69.9	-25.5	74.406	918.641	9.92362	1.75	6.4	30.1	4.9012E-8	1	0	2.13679
845	-69.9	-24.5	74.069	918.687	9.92554	1.75	6.4	30.1	4.903E-8	1	0	2.13642
846	-69.9	-23.5	73.744	918.741	9.92779	1.75	6.4	30.1	4.9051E-8	1	0	2.13598
847	-69.9	-22.5	73.432	918.802	9.93036	1.75	6.4	30.1	4.9076E-8	1	0	2.13549
848	-69.9	-21.5	73.131	918.87	9.93321	1.75	6.4	30.1	4.9102E-8	1	0	2.13494
849	-69.9	-20.5	72.844	918.945	9.93632	1.75	6.4	30.1	4.9132E-8	1	0	2.13434
850	-69.9	-19.5	72.569	919.024	9.93965	1.75	6.4	30.1	4.9163E-8	1	0	2.1337
851	-69.9	-18.5	72.306	919.108	9.94316	1.75	6.4	30.1	4.9196E-8	1	0	2.13302
852	-69.9	-17.5	72.057	919.195	9.94682	1.75	6.4	30.1	4.9231E-8	1	0	2.13231
853	-69.9	-16.5	71.821	919.285	9.95058	1.75	6.4	30.1	4.9266E-8	1	0	2.13159
854	-69.9	-15.5	71.597	919.376	9.95441	1.75	6.4	30.1	4.9302E-8	1	0	2.13085
855	-69.9	-14.5	71.388	919.468	9.95826	1.75	6.4	30.1	4.9338E-8	1	0	2.13011
856	-69.9	-13.5	71.191	919.56	9.96209	1.75	6.4	30.1	4.9375E-8	1	0	2.12938
857	-69.9	-12.5	71.008	919.649	9.96586	1.75	6.4	30.1	4.941E-8	1	0	2.12865
858	-69.9	-11.5	70.839	919.737	9.96952	1.75	6.4	30.1	4.9445E-8	1	0	2.12795
859	-69.9	-10.5	70.684	919.821	9.97305	1.75	6.4	30.1	4.9478E-8	1	0	2.12727
860	-69.9	-9.5	70.542	919.901	9.97639	1.75	6.4	30.1	4.951E-8	1	0	2.12663
861	-69.9	-8.5	70.414	919.975	9.97951	1.75	6.4	30.1	4.9539E-8	1	0	2.12604
862	-69.9	-7.5	70.301	920.043	9.98238	1.75	6.4	30.1	4.9566E-8	1	0	2.12549
863	-69.9	-6.5	70.201	920.105	9.98496	1.75	6.4	30.1	4.9591E-8	1	0	2.12499
864	-69.9	-5.5	70.116	920.159	9.98723	1.75	6.4	30.1	4.9612E-8	1	0	2.12456
865	-69.9	-4.5	70.044	920.205	9.98917	1.75	6.4	30.1	4.963E-8	1	0	2.12419
866	-69.9	-3.5	69.987	920.243	9.99074	1.75	6.4	30.1	4.9645E-8	1	0	2.12389
867	-69.9	-2.5	69.944	920.271	9.99193	1.75	6.4	30.1	4.9657E-8	1	0	2.12366
868	-69.9	-1.5	69.916	920.29	9.99274	1.75	6.4	30.1	4.9664E-8	1	0	2.12351
869	-69.9	-0.5	69.901	920.3	9.99314	1.75	6.4	30.1	4.9668E-8	1	0	2.12343
870	-69.9	0.5	69.901	920.3	9.99314	1.75	6.4	30.1	4.9668E-8	1	0	2.12343
871	-69.9	1.5	69.916	920.29	9.99274	1.75	6.4	30.1	4.9664E-8	1	0	2.12351
872	-69.9	2.5	69.944	920.271	9.99193	1.75	6.4	30.1	4.9657E-8	1	0	2.12366
873	-69.9	3.5	69.987	920.243	9.99074	1.75	6.4	30.1	4.9645E-8	1	0	2.12389
874	-69.9	4.5	70.044	920.205	9.98917	1.75	6.4	30.1	4.963E-8	1	0	2.12419
875	-69.9	5.5	70.116	920.159	9.98723	1.75	6.4	30.1	4.9612E-8	1	0	2.12456
876	-69.9	6.5	70.201	920.105	9.98496	1.75	6.4	30.1	4.9591E-8	1	0	2.12499
877	-69.9	7.5	70.301	920.043	9.98238	1.75	6.4	30.1	4.9566E-8	1	0	2.12549
878	-69.9	8.5	70.414	919.975	9.97951	1.75	6.4	30.1	4.9539E-8	1	0	2.12604
879	-69.9	9.5	70.542	919.901	9.97639	1.75	6.4	30.1	4.951E-8	1	0	2.12663
880	-69.9	10.5	70.684	919.821	9.97305	1.75	6.4	30.1	4.9478E-8	1	0	2.12727
881	-69.9	11.5	70.839	919.737	9.96952	1.75	6.4	30.1	4.9445E-8	1	0	2.12795
882	-69.9	12.5	71.008	919.649	9.96586	1.75	6.4	30.1	4.941E-8	1	0	2.12865
883	-69.9	13.5	71.191	919.56	9.96209	1.75	6.4	30.1	4.9375E-8	1	0	2.12938
884	-69.9	14.5	71.388	919.468	9.95826	1.75	6.4	30.1	4.9338E-8	1	0	2.13011
885	-69.9	15.5	71.597	919.376	9.95441	1.75	6.4	30.1	4.9302E-8	1	0	2.13085
886	-69.9	16.5	71.821	919.285	9.95058	1.75	6.4	30.1	4.9266E-8	1	0	2.13159
887	-69.9	17.5	72.057	919.195	9.94682	1.75	6.4	30.1	4.9231E-8	1	0	2.13231
888	-69.9	18.5	72.306	919.108	9.94316	1.75	6.4	30.1	4.9196E-8	1	0	2.13302
889	-69.9	19.5	72.569	919.024	9.93965	1.75	6.4	30.1	4.9163E-8	1	0	2.1337
890	-69.9	20.5	72.844	918.945	9.93632	1.75	6.4	30.1	4.9132E-8	1	0	2.13434
891	-69.9	21.5	73.131	918.87	9.93321	1.75	6.4	30.1	4.9102E-8	1	0	2.13494
892	-69.9	22.5	73.432	918.802	9.93036	1.75	6.4	30.1	4.9076E-8	1	0	2.13549
893	-69.9	23.5	73.744	918.741	9.92779	1.75	6.4	30.1	4.9051E-8	1	0	2.13598
894	-69.9	24.5	74.069	918.687	9.92554	1.75	6.4	30.1	4.903E-8	1	0	2.13642
895	-69.9	25.5	74.406	918.641	9.92362	1.75	6.4	30.1	4.9012E-8	1	0	2.13679
896	-69.9	26.5	74.754	918.604	9.92206	1.75	6.4	30.1	4.8997E-8	1	0	2.13709
897	-69.9	27.5	75.115	918.576	9.92087	1.75	6.4	30.1	4.8986E-8	1	0	2.13732
898	-69.9	28.5	75.486	918.557	9.92008	1.75	6.4	30.1	4.8979E-8	1	0	2.13748
899	-69.9	29.5	75.87	918.547	9.91968	1.75	6.4	30.1	4.8975E-8	1	0	2.13756
900	-66.615	-29.5	72.855	952.547	9.90501	1.75	6.4	33.385	4.8159E-8	1	0	2.02608
901	-66.615	-28.5	72.456	952.559	9.90557	1.75	6.4	33.385	4.8164E-8	1	0	2.02598
902	-66.615	-27.5	72.068	952.584	9.90669	1.75	6.4	33.385	4.8175E-8	1	0	2.02578
903	-66.615	-26.5	71.693	952.622	9.90835	1.75	6.4	33.385	4.819E-8	1	0	2.02547
904	-66.615	-25.5	71.329	952.671	9.91053	1.75	6.4	33.385	4.821E-8	1	0	2.02507
905	-66.615	-24.5	70.978	952.731	9.91321	1.75	6.4	33.385	4.8235E-8	1	0	2.02458
906	-66.615	-23.5	70.639	952.803	9.91637	1.75	6.4	33.385	4.8265E-8	1	0	2.024
907	-66.615	-22.5	70.312	952.884	9.91996	1.75	6.4	33.385	4.8298E-8	1	0	2.02334
908	-66.615	-21.5	69.999	952.974	9.92396	1.75	6.4	33.385	4.8335E-8	1	0	2.02261
909	-66.615	-20.5	69.698	953.072	9.92831	1.75	6.4	33.385	4.8375E-8	1	0	2.02181
910	-66.615	-19.5	69.41	953.177	9.93296	1.75	6.4	33.385	4.8419E-8	1	0	2.02096
911	-66.615	-18.5	69.136	953.287	9.93788	1.75	6.4	33.385	4.8465E-8	1	0	2.02006
912	-66.615	-17.5	68.875	953.403	9.943	1.75	6.4	33.385	4.8512E-8	1	0	2.01913
913	-66.615	-16.5	68.628	953.521	9.94827	1.75	6.4	33.385	4.8561E-8	1	0	2.01816
914	-66.615	-15.5	68.395	953.642	9.95363	1.75	6.4	33.385	4.8611E-8	1	0	2.01719
915	-66.615	-14.5	68.175	953.763	9.95903	1.75	6.4	33.385	4.8662E-8	1	0	2.01621
916	-66.615	-13.5	67.969	953.884	9.96439	1.75	6.4	33.385	4.8712E-8	1	0	2.01523
917	-66.615	-12.5	67.778	954.003	9.96968	1.75	6.4	33.385	4.8761E-8	1	0	2.01427
918	-66.615	-11.5	67.6	954.119	9.97482	1.75	6.4	33.385	4.8809E-8	1	0	2.01334
919	-66.615	-10.5	67.437	954.23	9.97975	1.75	6.4	33.385	4.8855E-8	1	0	2.01244
920	-66.615	-9.5	67.289	954.335	9.98444	1.75	6.4	33.385	4.8899E-8	1	0	2.01159
921	-66.615	-8.5	67.155	954.433	9.98882	1.75	6.4	33.385	4.894E-8	1	0	2.0108
922	-66.615	-7.5	67.036	954.524	9.99284	1.75	6.4	33.385	4.8977E-8	1	0	2.01007
923	-66.615	-6.5	66.931	954.605	9.99647	1.75	6.4	33.385	4.9011E-8	1	0	2.00942
924	-66.615	-5.5	66.842	954.677	9.99965	1.75	6.4	33.385	4.9041E-8	1	0	2.00885
925	-66.615	-4.5	66.767	954.738	10.00236	1.75	6.4	33.385	4.9066E-8	1	0	2.00836
926	-66.615	-3.5	66.707	954.787	10.00457	1.75	6.4	33.385	4.9087E-8	1	0	2.00796
927	-66.615	-2.5	66.662	954.825	10.00624	1.75	6.4	33.385	4.9103E-8	1	0	2.00766
928	-66.615	-1.5	66.632	954.85	10.00737	1.75	6.4	33.385	4.9113E-8	1	0	2.00745
929	-66.615	-0.5	66.617	954.863	10.00794	1.75	6.4	33.385	4.9118E-8	1	0	2.00735
930	-66.615	0.5	66.617	954.863	10.00794	1.75	6.4	33.385	4.9118E-8	1	0	2.00735
931	-66.615	1.5	66.632	954.85	10.00737	1.75	6.4	33.385	4.9113E-8	1	0	2.00745
932	-66.615	2.5	66.662	954.825	10.00624	1.75	6.4	33.385	4.9103E-8	1	0	2.00766
933	-66.615	3.5	66.707	954.787	10.00457	1.75	6.4	33.385	4.9087E-8	1	0	2.00796
934	-66.615	4.5	66.767	954.738	10.00236	1.75	6.4	33.385	4.9066E-8	1	0	2.00836
935	-66.615	5.5	66.842	954.677	9.99965	1.75	6.4	33.385	4.9041E-8	1	0	2.00885
936	-66.615	6.5	66.931	954.605	9.99647	1.75	6.4	33.385	4.9011E-8	1	0	2.00942
937	-66.615	7.5	67.036	954.524	9.99284	1.75	6.4	33.385	4.8977E-8	1	0	2.01007
938	-66.615	8.5	67.155	954.433	9.98882	1.75	6.4	33.385	4.894E-8	1	0	2.0108
939	-66.615	9.5	67.289	954.335	9.98444	1.75	6.4	33.385	4.8899E-8	1	0	2.01159
940	-66.615	10.5	67.437	954.23	9.97975	1.75	6.4	33.385	4.8855E-8	1	0	2.01244
941	-66.615	11.5	67.6	954.119	9.97482	1.75	6.4	33.385	4.8809E-8	1	0	2.01334
942	-66.615	12.5	67.778	954.003	9.96968	1.75	6.4	33.385	4.8761E-8	1	0	2.01427
943	-66.615	13.5	67.969	953.884	9.96439	1.75	6.4	33.385	4.8712E-8	1	0	2.01523
944	-66.615	14.5	68.175	953.763	9.95903	1.75	6.4	33.385	4.8662E-8	1	0	2.01621
945	-66.615	15.5	68.395	953.642	9.95363	1.75	6.4	33.385	4.8611E-8	1	0	2.01719
946	-66.615	16.5	68.628	953.521	9.94827	1.75	6.4	33.385	4.8561E-8	1	0	2.01816
947	-66.615	17.5	68.875	953.403	9.943	1.75	6.4	33.385	4.8512E-8	1	0	2.01913
948	-66.615	18.5	69.136	953.287	9.93788	1.75	6.4	33.385	4.8465E-8	1	0	2.02006
949	-66.615	19.5	69.41	953.177	9.93296	1.75	6.4	33.385	4.8419E-8	1	0	2.02096
950	-66.615	20.5	69.698	953.072	9.92831	1.75	6.4	33.385	4.8375E-8	1	0	2.02181
951	-66.615	21.5	69.999	952.974	9.92396	1.75	6.4	33.385	4.8335E-8	1	0	2.02261
952	-66.615	22.5	70.312	952.884	9.91996	1.75	6.4	33.385	4.8298E-8	1	0	2.02334
953	-66.615	23.5	70.639	952.803	9.91637	1.75	6.4	33.385	4.8265E-8	1	0	2.024
954	-66.615	24.5	70.978	952.731	9.91321	1.75	6.4	33.385	4.8235E-8	1	0	2.02458
955	-66.615	25.5	71.329	952.671	9.91053	1.75	6.4	33.385	4.821E-8	1	0	2.02507
956	-66.615	26.5	71.693	952.622	9.90835	1.75	6.4	33.385	4.819E-8	1	0	2.02547
957	-66.615	27.5	72.068	952.584	9.90669	1.75	6.4	33.385	4.8175E-8	1	0	2.02578
958	-66.615	28.5	72.456	952.559	9.90557	1.75	6.4	33.385	4.8164E-8	1	0	2.02598
959	-66.615	29.5	72.855	952.547	9.90501	1.75	6.4	33.385	4.8159E-8	1	0	2.02608
960	-64.089	-29.5	70.552	976.542	9.88973	1.75	6.4	35.912	4.7538E-8	1	0	1.95976
961	-64.089	-28.5	70.14	976.557	9.89045	1.75	6.4	35.912	4.7545E-8	1	0	1.95963
962	-64.089	-27.5	69.739	976.588	9.8919	1.75	6.4	35.912	4.7558E-8	1	0	1.95937
963	-64.089	-26.5	69.351	976.634	9.89405	1.75	6.4	35.912	4.7578E-8	1	0	1.95899
964	-64.089	-25.5	68.975	976.695	9.89688	1.75	6.4	35.912	4.7604E-8	1	0	1.95849
965	-64.089	-24.5	68.612	976.77	9.90036	1.75	6.4	35.912	4.7636E-8	1	0	1.95787
966	-64.089	-23.5	68.261	976.857	9.90446	1.75	6.4	35.912	4.7674E-8	1	0	1.95714
967	-64.089	-22.5	67.923	976.957	9.90912	1.75	6.4	35.912	4.7717E-8	1	0	1.95631
968	-64.089	-21.5	67.599	977.068	9.9143	1.75	6.4	35.912	4.7764E-8	1	0	1.95539
969	-64.089	-20.5	67.287	977.189	9.91995	1.75	6.4	35.912	4.7816E-8	1	0	1.95439
970	-64.089	-19.5	66.989	977.318	9.92599	1.75	6.4	35.912	4.7872E-8	1	0	1.95331
971	-64.089	-18.5	66.705	977.455	9.93237	1.75	6.4	35.912	4.7931E-8	1	0	1.95218
972	-64.089	-17.5	66.435	977.597	9.93902	1.75	6.4	35.912	4.7992E-8	1	0	1.95101
973	-64.089	-16.5	66.178	977.744	9.94586	1.75	6.4	35.912	4.8056E-8	1	0	1.9498
974	-64.089	-15.5	65.936	977.892	9.95283	1.75	6.4	35.912	4.812E-8	1	0	1.94857
975	-64.089	-14.5	65.708	978.042	9.95983	1.75	6.4	35.912	4.8185E-8	1	0	1.94734
976	-64.089	-13.5	65.495	978.191	9.96681	1.75	6.4	35.912	4.8249E-8	1	0	1.94611
977	-64.089	-12.5	65.296	978.338	9.97367	1.75	6.4	35.912	4.8313E-8	1	0	1.94491
978	-64.089	-11.5	65.112	978.48	9.98035	1.75	6.4	35.912	4.8375E-8	1	0	1.94374
979	-64.089	-10.5	64.943	978.617	9.98677	1.75	6.4	35.912	4.8434E-8	1	0	1.94261
980	-64.089	-9.5	64.789	978.747	9.99285	1.75	6.4	35.912	4.8491E-8	1	0	1.94155
981	-64.089	-8.5	64.65	978.869	9.99855	1.75	6.4	35.912	4.8543E-8	1	0	1.94055
982	-64.089	-7.5	64.526	978.98	10.00378	1.75	6.4	35.912	4.8592E-8	1	0	1.93964
983	-64.089	-6.5	64.417	979.081	10.00849	1.75	6.4	35.912	4.8636E-8	1	0	1.93882
984	-64.089	-5.5	64.324	979.169	10.01263	1.75	6.4	35.912	4.8674E-8	1	0	1.9381
985	-64.089	-4.5	64.246	979.244	10.01616	1.75	6.4	35.912	4.8707E-8	1	0	1.93748
986	-64.089	-3.5	64.184	979.306	10.01902	1.75	6.4	35.912	4.8734E-8	1	0	1.93699
987	-64.089	-2.5	64.137	979.352	10.0212	1.75	6.4	35.912	4.8754E-8	1	0	1.93661
988	-64.089	-1.5	64.106	979.383	10.02267	1.75	6.4	35.912	4.8768E-8	1	0	1.93635
989	-64.089	-0.5	64.09	979.399	10.02341	1.75	6.4	35.912	4.8774E-8	1	0	1.93622
990	-64.089	0.5	64.09	979.399	10.02341	1.75	6.4	35.912	4.8774E-8	1	0	1.93622
991	-64.089	1.5	64.106	979.383	10.02267	1.75	6.4	35.912	4.8768E-8	1	0	1.93635
992	-64.089	2.5	64.137	979.352	10.0212	1.75	6.4	35.912	4.8754E-8	1	0	1.93661
993	-64.089	3.5	64.184	979.306	10.01902	1.75	6.4	35.912	4.8734E-8	1	0	1.93699
994	-64.089	4.5	64.246	979.244	10.01616	1.75	6.4	35.912	4.8707E-8	1	0	1.93748
995	-64.089	5.5	64.324	979.169	10.01263	1.75	6.4	35.912	4.8674E-8	1	0	1.9381
996	-64.089	6.5	64.417	979.081	10.00849	1.75	6.4	35.912	4.8636E-8	1	0	1.93882
997	-64.089	7.5	64.526	978.98	10.00378	1.75	6.4	35.912	4.8592E-8	1	0	1.93964
998	-64.089	8.5	64.65	978.869	9.99855	1.75	6.4	35.912	4.8543E-8	1	0	1.94055
999	-64.089	9.5	64.789	978.747	9.99285	1.75	6.4	35.912	4.8491E-8	1	0	1.94155
1000	-64.089	10.5	64.943	978.617	9.98677	1.75	6.4	35.912	4.8434E-8	1	0	1.94261
1001	-64.089	11.5	65.112	978.48	9.98035	1.75	6.4	35.912	4.8375E-8	1	0	1.94374
1002	-64.089	12.5	65.296	978.338	9.97367	1.75	6.4	35.912	4.8313E-8	1	0	1.94491
1003	-64.089	13.5	65.495	978.191	9.96681	1.75	6.4	35.912	4.8249E-8	1	0	1.94611
1004	-64.089	14.5	65.708	978.042	9.95983	1.75	6.4	35.912	4.8185E-8	1	0	1.94734
1005	-64.089	15.5	65.936	977.892	9.95283	1.75	6.4	35.912	4.812E-8	1	0	1.94857
1006	-64.089	16.5	66.178	977.744	9.94586	1.75	6.4	35.912	4.8056E-8	1	0	1.9498
1007	-64.089	17.5	66.435	977.597	9.93902	1.75	6.4	35.912	4.7992E-8	1	0	1.95101
1008	-64.089	18.5	66.705	977.455	9.93237	1.75	6.4	35.912	4.7931E-8	1	0	1.95218
1009	-64.089	19.5	66.989	977.318	9.92599	1.75	6.4	35.912	4.7872E-8	1	0	1.95331
1010	-64.089	20.5	67.287	977.189	9.91995	1.75	6.4	35.912	4.7816E-8	1	0	1.95439
1011	-64.089	21.5	67.599	977.068	9.9143	1.75	6.4	35.912	4.7764E-8	1	0	1.95539
1012	-64.089	22.5	67.923	976.957	9.90912	1.75	6.4	35.912	4.7717E-8	1	0	1.95631
1013	-64.089	23.5	68.261	976.857	9.90446	1.75	6.4	35.912	4.7674E-8	1	0	1.95714
1014	-64.089	24.5	68.612	976.77	9.90036	1.75	6.4	35.912	4.7636E-8	1	0	1.95787
1015	-64.089	25.5	68.975	976.695	9.89688	1.75	6.4	35.912	4.7604E-8	1	0	1.95849
1016	-64.089	26.5	69.351	976.634	9.89405	1.75	6.4	35.912	4.7578E-8	1	0	1.95899
1017	-64.089	27.5	69.739	976.588	9.8919	1.75	6.4	35.912	4.7558E-8	1	0	1.95937
1018	-64.089	28.5	70.14	976.557	9.89045	1.75	6.4	35.912	4.7545E-8	1	0	1.95963
1019	-64.089	29.5	70.552	976.542	9.88973	1.75	6.4	35.912	4.7538E-8	1	0	1.95976
1020	-62.145	-29.5	68.791	993.745	9.87487	1.75	6.4	37.855	4.7058E-8	1	0	1.91784
1021	-62.145	-28.5	68.368	993.763	9.87576	1.75	6.4	37.855	4.7066E-8	1	0	1.91768
1022	-62.145	-27.5	67.958	993.799	9.87753	1.75	6.4	37.855	4.7082E-8	1	0	1.91737
1023	-62.145	-26.5	67.559	993.853	9.88016	1.75	6.4	37.855	4.7106E-8	1	0	1.91691
1024	-62.145	-25.5	67.173	993.924	9.88362	1.75	6.4	37.855	4.7138E-8	1	0	1.91631
1025	-62.145	-24.5	66.8	994.011	9.88787	1.75	6.4	37.855	4.7177E-8	1	0	1.91556
1026	-62.145	-23.5	66.44	994.114	9.89288	1.75	6.4	37.855	4.7222E-8	1	0	1.91469
1027	-62.145	-22.5	66.093	994.231	9.89858	1.75	6.4	37.855	4.7275E-8	1	0	1.91369
1028	-62.145	-21.5	65.759	994.361	9.90491	1.75	6.4	37.855	4.7333E-8	1	0	1.91259
1029	-62.145	-20.5	65.439	994.502	9.91182	1.75	6.4	37.855	4.7396E-8	1	0	1.91139
1030	-62.145	-19.5	65.133	994.654	9.91921	1.75	6.4	37.855	4.7464E-8	1	0	1.9101
1031	-62.145	-18.5	64.84	994.814	9.92702	1.75	6.4	37.855	4.7535E-8	1	0	1.90875
1032	-62.145	-17.5	64.562	994.981	9.93515	1.75	6.4	37.855	4.761E-8	1	0	1.90734
1033	-62.145	-16.5	64.298	995.152	9.94352	1.75	6.4	37.855	4.7687E-8	1	0	1.90589
1034	-62.145	-15.5	64.049	995.326	9.95204	1.75	6.4	37.855	4.7765E-8	1	0	1.90442
1035	-62.145	-14.5	63.814	995.502	9.96062	1.75	6.4	37.855	4.7844E-8	1	0	1.90294
1036	-62.145	-13.5	63.594	995.676	9.96915	1.75	6.4	37.855	4.7922E-8	1	0	1.90147
1037	-62.145	-12.5	63.39	995.848	9.97756	1.75	6.4	37.79	4.8E-8	1	0	1.90193
1038	-62.145	-11.5	63.2	996.015	9.98573	1.75	6.4	37.6	4.8075E-8	1	0	1.90609
1039	-62.145	-10.5	63.026	996.176	9.99359	1.75	6.4	37.426	4.8147E-8	1	0	1.90991
1040	-62.145	-9.5	62.867	996.328	10.00105	1.75	6.4	37.267	4.8216E-8	1	0	1.91338
1041	-62.145	-8.5	62.724	996.471	10.00802	1.75	6.4	37.124	4.8281E-8	1	0	1.91651
1042	-62.145	-7.5	62.596	996.602	10.01443	1.75	6.4	36.996	4.834E-8	1	0	1.9193
1043	-62.145	-6.5	62.484	996.719	10.02021	1.75	6.4	36.884	4.8393E-8	1	0	1.92174
1044	-62.145	-5.5	62.388	996.823	10.02528	1.75	6.4	36.788	4.844E-8	1	0	1.92383
1045	-62.145	-4.5	62.308	996.911	10.0296	1.75	6.4	36.708	4.848E-8	1	0	1.92557
1046	-62.145	-3.5	62.243	996.983	10.03312	1.75	6.4	36.643	4.8513E-8	1	0	1.92696
1047	-62.145	-2.5	62.195	997.037	10.03579	1.75	6.4	36.595	4.8537E-8	1	0	1.92801
1048	-62.145	-1.5	62.163	997.074	10.03759	1.75	6.4	36.563	4.8554E-8	1	0	1.92871
1049	-62.145	-0.5	62.147	997.092	10.03849	1.75	6.4	36.547	4.8562E-8	1	0	1.92906
1050	-62.145	0.5	62.147	997.092	10.03849	1.75	6.4	36.547	4.8562E-8	1	0	1.92906
1051	-62.145	1.5	62.163	997.074	10.03759	1.75	6.4	36.563	4.8554E-8	1	0	1.92871
1052	-62.145	2.5	62.195	997.037	10.03579	1.75	6.4	36.595	4.8537E-8	1	0	1.92801
1053	-62.145	3.5	62.243	996.983	10.03312	1.75	6.4	36.643	4.8513E-8	1	0	1.92696
1054	-62.145	4.5	62.308	996.911	10.0296	1.75	6.4	36.708	4.848E-8	1	0	1.92557
1055	-62.145	5.5	62.388	996.823	10.02528	1.75	6.4	36.788	4.844E-8	1	0	1.92383
1056	-62.145	6.5	62.484	996.719	10.02021	1.75	6.4	36.884	4.8393E-8	1	0	1.92174
1057	-62.145	7.5	62.596	996.602	10.01443	1.75	6.4	36.996	4.834E-8	1	0	1.9193
1058	-62.145	8.5	62.724	996.471	10.00802	1.75	6.4	37.124	4.8281E-8	1	0	1.91651
1059	-62.145	9.5	62.867	996.328	10.00105	1.75	6.4	37.267	4.8216E-8	1	0	1.91338
1060	-62.145	10.5	63.026	996.176	9.99359	1.75	6.4	37.426	4.8147E-8	1	0	1.90991
1061	-62.145	11.5	63.2	996.015	9.98573	1.75	6.4	37.6	4.8075E-8	1	0	1.90609
1062	-62.145	12.5	63.39	995.848	9.97756	1.75	6.4	37.79	4.8E-8	1	0	1.90193
1063	-62.145	13.5	63.594	995.676	9.96915	1.75	6.4	37.855	4.7922E-8	1	0	1.90147
1064	-62.145	14.5	63.814	995.502	9.96062	1.75	6.4	37.855	4.7844E-8	1	0	1.90294
1065	-62.145	15.5	64.049	995.326	9.95204	1.75	6.4	37.855	4.7765E-8	1	0	1.90442
1066	-62.145	16.5	64.298	995.152	9.94352	1.75	6.4	37.855	4.7687E-8	1	0	1.90589
1067	-62.145	17.5	64.562	994.981	9.93515	1.75	6.4	37.855	4.761E-8	1	0	1.90734
1068	-62.145	18.5	64.84	994.814	9.92702	1.75	6.4	37.855	4.7535E-8	1	0	1.90875
1069	-62.145	19.5	65.133	994.654	9.91921	1.75	6.4	37.855	4.7464E-8	1	0	1.9101
1070	-62.145	20.5	65.439	994.502	9.91182	1.75	6.4	37.855	4.7396E-8	1	0	1.91139
1071	-62.145	21.5	65.759	994.361	9.90491	1.75	6.4	37.855	4.7333E-8	1	0	1.91259
1072	-62.145	22.5	66.093	994.231	9.89858	1.75	6.4	37.855	4.7275E-8	1	0	1.91369
1073	-62.145	23.5	66.44	994.114	9.89288	1.75	6.4	37.855	4.7222E-8	1	0	1.91469
1074	-62.145	24.5	66.8	994.011	9.88787	1.75	6.4	37.855	4.7177E-8	1	0	1.91556
1075	-62.145	25.5	67.173	993.924	9.88362	1.75	6.4	37.855	4.7138E-8	1	0	1.91631
1076	-62.145	26.5	67.559	993.853	9.88016	1.75	6.4	37.855	4.7106E-8	1	0	1.91691
1077	-62.145	27.5	67.958	993.799	9.87753	1.75	6.4	37.855	4.7082E-8	1	0	1.91737
1078	-62.145	28.5	68.368	993.763	9.87576	1.75	6.4	37.855	4.7066E-8	1	0	1.91768
1079	-62.145	29.5	68.791	993.745	9.87487	1.75	6.4	37.855	4.7058E-8	1	0	1.91784
1080	-60.65	-29.5	67.444	1006.244	9.8612	1.75	6.4	39.35	4.6683E-8	1	0	1.89016
1081	-60.65	-28.5	67.012	1006.265	9.86223	1.75	6.4	39.35	4.6693E-8	1	0	1.88998
1082	-60.65	-27.5	66.593	1006.306	9.86429	1.75	6.4	39.35	4.6711E-8	1	0	1.88962
1083	-60.65	-26.5	66.187	1006.366	9.86736	1.75	6.4	39.35	4.6739E-8	1	0	1.88909
1084	-60.65	-25.5	65.793	1006.446	9.8714	1.75	6.4	39.35	4.6776E-8	1	0	1.88839
1085	-60.65	-24.5	65.412	1006.545	9.87637	1.75	6.4	39.35	4.6821E-8	1	0	1.88753
1086	-60.65	-23.5	65.044	1006.661	9.88221	1.75	6.4	39.35	4.6874E-8	1	0	1.88653
1087	-60.65	-22.5	64.689	1006.792	9.88887	1.75	6.4	39.089	4.6935E-8	1	0	1.8924
1088	-60.65	-21.5	64.348	1006.939	9.89626	1.75	6.4	38.748	4.7002E-8	1	0	1.90047
1089	-60.65	-20.5	64.021	1007.098	9.90432	1.75	6.4	38.421	4.7075E-8	1	0	1.90822
1090	-60.65	-19.5	63.708	1007.269	9.91296	1.75	6.4	38.108	4.7154E-8	1	0	1.91565
1091	-60.65	-18.5	63.409	1007.449	9.92208	1.75	6.4	37.809	4.7237E-8	1	0	1.92274
1092	-60.65	-17.5	63.124	1007.637	9.93158	1.75	6.4	37.524	4.7324E-8	1	0	1.92949
1093	-60.65	-16.5	62.854	1007.83	9.94136	1.75	6.4	37.254	4.7414E-8	1	0	1.93589
1094	-60.65	-15.5	62.599	1008.027	9.95132	1.75	6.4	36.999	4.7505E-8	1	0	1.94193
1095	-60.65	-14.5	62.359	1008.225	9.96134	1.75	6.4	36.759	4.7597E-8	1	0	1.94761
1096	-60.65	-13.5	62.134	1008.422	9.97132	1.75	6.4	36.534	4.7688E-8	1	0	1.95292
1097	-60.65	-12.5	61.925	1008.615	9.98114	1.75	6.4	36.325	4.7778E-8	1	0	1.95787
1098	-60.65	-11.5	61.731	1008.804	9.9907	1.75	6.4	36.131	4.7866E-8	1	0	1.96243
1099	-60.65	-10.5	61.552	1008.985	9.99989	1.75	6.4	35.952	4.795E-8	1	0	1.96663
1100	-60.65	-9.5	61.39	1009.157	10.00862	1.75	6.4	35.79	4.8031E-8	1	0	1.97044
1101	-60.65	-8.5	61.243	1009.318	10.01677	1.75	6.4	35.643	4.8106E-8	1	0	1.97388
1102	-60.65	-7.5	61.112	1009.465	10.02427	1.75	6.4	35.512	4.8175E-8	1	0	1.97694
1103	-60.65	-6.5	60.997	1009.598	10.03103	1.75	6.4	35.397	4.8237E-8	1	0	1.97961
1104	-60.65	-5.5	60.899	1009.715	10.03696	1.75	6.4	35.299	4.8292E-8	1	0	1.98191
1105	-60.65	-4.5	60.817	1009.814	10.04202	1.75	6.4	35.217	4.8338E-8	1	0	1.98382
1106	-60.65	-3.5	60.751	1009.895	10.04613	1.75	6.4	35.151	4.8376E-8	1	0	1.98535
1107	-60.65	-2.5	60.702	1009.957	10.04926	1.75	6.4	35.102	4.8405E-8	1	0	1.98649
1108	-60.65	-1.5	60.669	1009.998	10.05136	1.75	6.4	35.069	4.8425E-8	1	0	1.98726
1109	-60.65	-0.5	60.652	1010.019	10.05242	1.75	6.4	35.052	4.8434E-8	1	0	1.98764
1110	-60.65	0.5	60.652	1010.019	10.05242	1.75	6.4	35.052	4.8434E-8	1	0	1.98764
1111	-60.65	1.5	60.669	1009.998	10.05136	1.75	6.4	35.069	4.8425E-8	1	0	1.98726
1112	-60.65	2.5	60.702	1009.957	10.04926	1.75	6.4	35.102	4.8405E-8	1	0	1.98649
1113	-60.65	3.5	60.751	1009.895	10.04613	1.75	6.4	35.151	4.8376E-8	1	0	1.98535
1114	-60.65	4.5	60.817	1009.814	10.04202	1.75	6.4	35.217	4.8338E-8	1	0	1.98382
1115	-60.65	5.5	60.899	1009.715	10.03696	1.75	6.4	35.299	4.8292E-8	1	0	1.98191
1116	-60.65	6.5	60.997	1009.598	10.03103	1.75	6.4	35.397	4.8237E-8	1	0	1.97961
1117	-60.65	7.5	61.112	1009.465	10.02427	1.75	6.4	35.512	4.8175E-8	1	0	1.97694
1118	-60.65	8.5	61.243	1009.318	10.01677	1.75	6.4	35.643	4.8106E-8	1	0	1.97388
1119	-60.65	9.5	61.39	1009.157	10.00862	1.75	6.4	35.79	4.8031E-8	1	0	1.97044
1120	-60.65	10.5	61.552	1008.985	9.99989	1.75	6.4	35.952	4.795E-8	1	0	1.96663
1121	-60.65	11.5	61.731	1008.804	9.9907	1.75	6.4	36.131	4.7866E-8	1	0	1.96243
1122	-60.65	12.5	61.925	1008.615	9.98114	1.75	6.4	36.325	4.7778E-8	1	0	1.95787
1123	-60.65	13.5	62.134	1008.422	9.97132	1.75	6.4	36.534	4.7688E-8	1	0	1.95292
1124	-60.65	14.5	62.359	1008.225	9.96134	1.75	6.4	36.759	4.7597E-8	1	0	1.94761
1125	-60.65	15.5	62.599	1008.027	9.95132	1.75	6.4	36.999	4.7505E-8	1	0	1.94193
1126	-60.65	16.5	62.854	1007.83	9.94136	1.75	6.4	37.254	4.7414E-8	1	0	1.93589
1127	-60.65	17.5	63.124	1007.637	9.93158	1.75	6.4	37.524	4.7324E-8	1	0	1.92949
1128	-60.65	18.5	63.409	1007.449	9.92208	1.75	6.4	37.809	4.7237E-8	1	0	1.92274
1129	-60.65	19.5	63.708	1007.269	9.91296	1.75	6.4	38.108	4.7154E-8	1	0	1.91565
1130	-60.65	20.5	64.021	1007.098	9.90432	1.75	6.4	38.421	4.7075E-8	1	0	1.90822
1131	-60.65	21.5	64.348	1006.939	9.89626	1.75	6.4	38.748	4.7002E-8	1	0	1.90047
1132	-60.65	22.5	64.689	1006.792	9.88887	1.75	6.4	39.089	4.6935E-8	1	0	1.8924
1133	-60.65	23.5	65.044	1006.661	9.88221	1.75	6.4	39.35	4.6874E-8	1	0	1.88653
1134	-60.65	24.5	65.412	1006.545	9.87637	1.75	6.4	39.35	4.6821E-8	1	0	1.88753
1135	-60.65	25.5	65.793	1006.446	9.8714	1.75	6.4	39.35	4.6776E-8	1	0	1.88839
1136	-60.65	26.5	66.187	1006.366	9.86736	1.75	6.4	39.35	4.6739E-8	1	0	1.88909
1137	-60.65	27.5	66.593	1006.306	9.86429	1.75	6.4	39.35	4.6711E-8	1	0	1.88962
1138	-60.65	28.5	67.012	1006.265	9.86223	1.75	6.4	39.35	4.6693E-8	1	0	1.88998
1139	-60.65	29.5	67.444	1006.244	9.8612	1.75	6.4	39.35	4.6683E-8	1	0	1.89016
1140	-59.5	-29.5	66.412	1015.43	9.84911	1.75	6.4	40.5	4.6389E-8	1	0	1.87127
1141	-59.5	-28.5	65.973	1015.452	9.85028	1.75	6.4	40.373	4.64E-8	1	0	1.87425
1142	-59.5	-27.5	65.548	1015.497	9.8526	1.75	6.4	39.948	4.6421E-8	1	0	1.88471
1143	-59.5	-26.5	65.134	1015.563	9.85605	1.75	6.4	39.534	4.6452E-8	1	0	1.89492
1144	-59.5	-25.5	64.734	1015.651	9.8606	1.75	6.4	39.134	4.6493E-8	1	0	1.90487
1145	-59.5	-24.5	64.347	1015.759	9.8662	1.75	6.4	38.747	4.6544E-8	1	0	1.91453
1146	-59.5	-23.5	63.973	1015.885	9.87278	1.75	6.4	38.373	4.6604E-8	1	0	1.92389
1147	-59.5	-22.5	63.612	1016.03	9.88028	1.75	6.4	38.012	4.6672E-8	1	0	1.93293
1148	-59.5	-21.5	63.265	1016.19	9.88862	1.75	6.4	37.665	4.6747E-8	1	0	1.94165
1149	-59.5	-20.5	62.933	1016.365	9.8977	1.75	6.4	37.333	4.683E-8	1	0	1.95002
1150	-59.5	-19.5	62.614	1016.552	9.90743	1.75	6.4	37.014	4.6918E-8	1	0	1.95804
1151	-59.5	-18.5	62.31	1016.749	9.91771	1.75	6.4	36.71	4.7012E-8	1	0	1.96569
1152	-59.5	-17.5	62.02	1016.955	9.92842	1.75	6.4	36.42	4.7109E-8	1	0	1.97297
1153	-59.5	-16.5	61.745	1017.167	9.93945	1.75	6.4	36.145	4.721E-8	1	0	1.97987
1154	-59.5	-15.5	61.486	1017.382	9.95068	1.75	6.4	35.886	4.7312E-8	1	0	1.98638
1155	-59.5	-14.5	61.241	1017.599	9.96198	1.75	6.4	35.641	4.7415E-8	1	0	1.9925
1156	-59.5	-13.5	61.012	1017.814	9.97323	1.75	6.4	35.412	4.7518E-8	1	0	1.99823
1157	-59.5	-12.5	60.799	1018.027	9.98431	1.75	6.4	35.199	4.762E-8	1	0	2.00355
1158	-59.5	-11.5	60.601	1018.233	9.9951	1.75	6.4	35.001	4.7718E-8	1	0	2.00847
1159	-59.5	-10.5	60.419	1018.432	10.00547	1.75	6.4	34.819	4.7814E-8	1	0	2.01298
1160	-59.5	-9.5	60.254	1018.62	10.01531	1.75	6.4	34.654	4.7904E-8	1	0	2.01709
1161	-59.5	-8.5	60.104	1018.796	10.02452	1.75	6.4	34.504	4.7988E-8	1	0	2.02079
1162	-59.5	-7.5	59.971	1018.958	10.03298	1.75	6.4	34.371	4.8066E-8	1	0	2.02408
1163	-59.5	-6.5	59.854	1019.103	10.04061	1.75	6.4	34.254	4.8136E-8	1	0	2.02695
1164	-59.5	-5.5	59.754	1019.231	10.04731	1.75	6.4	34.154	4.8198E-8	1	0	2.02942
1165	-59.5	-4.5	59.67	1019.34	10.05302	1.75	6.4	34.07	4.8251E-8	1	0	2.03148
1166	-59.5	-3.5	59.603	1019.429	10.05766	1.75	6.4	34.003	4.8293E-8	1	0	2.03312
1167	-59.5	-2.5	59.552	1019.496	10.06119	1.75	6.4	33.952	4.8326E-8	1	0	2.03435
1168	-59.5	-1.5	59.519	1019.542	10.06357	1.75	6.4	33.919	4.8348E-8	1	0	2.03518
1169	-59.5	-0.5	59.502	1019.564	10.06476	1.75	6.4	33.902	4.8359E-8	1	0	2.03559
1170	-59.5	0.5	59.502	1019.564	10.06476	1.75	6.4	33.902	4.8359E-8	1	0	2.03559
1171	-59.5	1.5	59.519	1019.542	10.06357	1.75	6.4	33.919	4.8348E-8	1	0	2.03518
1172	-59.5	2.5	59.552	1019.496	10.06119	1.75	6.4	33.952	4.8326E-8	1	0	2.03435
1173	-59.5	3.5	59.603	1019.429	10.05766	1.75	6.4	34.003	4.8293E-8	1	0	2.03312
1174	-59.5	4.5	59.67	1019.34	10.05302	1.75	6.4	34.07	4.8251E-8	1	0	2.03148
1175	-59.5	5.5	59.754	1019.231	10.04731	1.75	6.4	34.154	4.8198E-8	1	0	2.02942
1176	-59.5	6.5	59.854	1019.103	10.04061	1.75	6.4	34.254	4.8136E-8	1	0	2.02695
1177	-59.5	7.5	59.971	1018.958	10.03298	1.75	6.4	34.371	4.8066E-8	1	0	2.02408
1178	-59.5	8.5	60.104	1018.796	10.02452	1.75	6.4	34.504	4.7988E-8	1	0	2.02079
1179	-59.5	9.5	60.254	1018.62	10.01531	1.75	6.4	34.654	4.7904E-8	1	0	2.01709
1180	-59.5	10.5	60.419	1018.432	10.00547	1.75	6.4	34.819	4.7814E-8	1	0	2.01298
1181	-59.5	11.5	60.601	1018.233	9.9951	1.75	6.4	35.001	4.7718E-8	1	0	2.00847
1182	-59.5	12.5	60.799	1018.027	9.98431	1.75	6.4	35.199	4.762E-8	1	0	2.00355
1183	-59.5	13.5	61.012	1017.814	9.97323	1.75	6.4	35.412	4.7518E-8	1	0	1.99823
1184	-59.5	14.5	61.241	1017.599	9.96198	1.75	6.4	35.641	4.7415E-8	1	0	1.9925
1185	-59.5	15.5	61.486	1017.382	9.95068	1.75	6.4	35.886	4.7312E-8	1	0	1.98638
1186	-59.5	16.5	61.745	1017.167	9.93945	1.75	6.4	36.145	4.721E-8	1	0	1.97987
1187	-59.5	17.5	62.02	1016.955	9.92842	1.75	6.4	36.42	4.7109E-8	1	0	1.97297
1188	-59.5	18.5	62.31	1016.749	9.91771	1.75	6.4	36.71	4.7012E-8	1	0	1.96569
1189	-59.5	19.5	62.614	1016.552	9.90743	1.75	6.4	37.014	4.6918E-8	1	0	1.95804
1190	-59.5	20.5	62.933	1016.365	9.8977	1.75	6.4	37.333	4.683E-8	1	0	1.95002
1191	-59.5	21.5	63.265	1016.19	9.88862	1.75	6.4	37.665	4.6747E-8	1	0	1.94165
1192	-59.5	22.5	63.612	1016.03	9.88028	1.75	6.4	38.012	4.6672E-8	1	0	1.93293
1193	-59.5	23.5	63.973	1015.885	9.87278	1.75	6.4	38.373	4.6604E-8	1	0	1.92389
1194	-59.5	24.5	64.347	1015.759	9.8662	1.75	6.4	38.747	4.6544E-8	1	0	1.91453
1195	-59.5	25.5	64.734	1015.651	9.8606	1.75	6.4	39.134	4.6493E-8	1	0	1.90487
1196	-59.5	26.5	65.134	1015.563	9.85605	1.75	6.4	39.534	4.6452E-8	1	0	1.89492
1197	-59.5	27.5	65.548	1015.497	9.8526	1.75	6.4	39.948	4.6421E-8	1	0	1.88471
1198	-59.5	28.5	65.973	1015.452	9.85028	1.75	6.4	40.373	4.64E-8	1	0	1.87425
1199	-59.5	29.5	66.412	1015.43	9.84911	1.75	6.4	40.5	4.6389E-8	1	0	1.87127
1200	-58.5	-29.5	65.517	1023.101	9.83729	1.75	6.4	39.917	4.6129E-8	1	0	1.89556
1201	-58.5	-28.5	65.073	1023.126	9.83858	1.75	6.4	39.473	4.614E-8	1	0	1.90702
1202	-58.5	-27.5	64.641	1023.174	9.84115	1.75	6.4	39.041	4.6164E-8	1	0	1.91823
1203	-58.5	-26.5	64.222	1023.246	9.84499	1.75	6.4	38.622	4.6198E-8	1	0	1.92917
1204	-58.5	-25.5	63.816	1023.341	9.85004	1.75	6.4	38.216	4.6244E-8	1	0	1.93982
1205	-58.5	-24.5	63.423	1023.457	9.85625	1.75	6.4	37.823	4.63E-8	1	0	1.95017
1206	-58.5	-23.5	63.044	1023.594	9.86355	1.75	6.4	37.444	4.6366E-8	1	0	1.96019
1207	-58.5	-22.5	62.678	1023.75	9.87188	1.75	6.4	37.078	4.6441E-8	1	0	1.96988
1208	-58.5	-21.5	62.326	1023.923	9.88113	1.75	6.4	36.726	4.6525E-8	1	0	1.9792
1209	-58.5	-20.5	61.988	1024.112	9.89121	1.75	6.4	36.388	4.6616E-8	1	0	1.98816
1210	-58.5	-19.5	61.664	1024.314	9.90202	1.75	6.4	36.064	4.6714E-8	1	0	1.99673
1211	-58.5	-18.5	61.356	1024.527	9.91343	1.75	6.4	35.756	4.6817E-8	1	0	2.00492
1212	-58.5	-17.5	61.061	1024.75	9.92533	1.75	6.4	35.461	4.6925E-8	1	0	2.0127
1213	-58.5	-16.5	60.782	1024.978	9.93758	1.75	6.4	35.182	4.7037E-8	1	0	2.02007
1214	-58.5	-15.5	60.519	1025.211	9.95005	1.75	6.4	34.919	4.715E-8	1	0	2.02703
1215	-58.5	-14.5	60.27	1025.445	9.9626	1.75	6.4	34.67	4.7265E-8	1	0	2.03357
1216	-58.5	-13.5	60.037	1025.679	9.97511	1.75	6.4	34.437	4.7379E-8	1	0	2.03968
1217	-58.5	-12.5	59.821	1025.908	9.98742	1.75	6.4	34.221	4.7491E-8	1	0	2.04537
1218	-58.5	-11.5	59.62	1026.131	9.99941	1.75	6.4	34.02	4.7601E-8	1	0	2.05062
1219	-58.5	-10.5	59.435	1026.346	10.01094	1.75	6.4	33.835	4.7706E-8	1	0	2.05544
1220	-58.5	-9.5	59.266	1026.549	10.02188	1.75	6.4	33.666	4.7806E-8	1	0	2.05982
1221	-58.5	-8.5	59.114	1026.74	10.03211	1.75	6.4	33.514	4.79E-8	1	0	2.06376
1222	-58.5	-7.5	58.979	1026.914	10.04152	1.75	6.4	33.379	4.7987E-8	1	0	2.06727
1223	-58.5	-6.5	58.86	1027.072	10.05	1.75	6.4	33.26	4.8065E-8	1	0	2.07033
1224	-58.5	-5.5	58.758	1027.21	10.05746	1.75	6.4	33.158	4.8133E-8	1	0	2.07296
1225	-58.5	-4.5	58.673	1027.328	10.0638	1.75	6.4	33.073	4.8191E-8	1	0	2.07515
1226	-58.5	-3.5	58.605	1027.424	10.06897	1.75	6.4	33.005	4.8239E-8	1	0	2.07691
1227	-58.5	-2.5	58.553	1027.497	10.0729	1.75	6.4	32.953	4.8275E-8	1	0	2.07822
1228	-58.5	-1.5	58.519	1027.546	10.07554	1.75	6.4	32.919	4.8299E-8	1	0	2.0791
1229	-58.5	-0.5	58.502	1027.571	10.07687	1.75	6.4	32.902	4.8312E-8	1	0	2.07954
1230	-58.5	0.5	58.502	1027.571	10.07687	1.75	6.4	32.902	4.8312E-8	1	0	2.07954
1231	-58.5	1.5	58.519	1027.546	10.07554	1.75	6.4	32.919	4.8299E-8	1	0	2.0791
1232	-58.5	2.5	58.553	1027.497	10.0729	1.75	6.4	32.953	4.8275E-8	1	0	2.07822
1233	-58.5	3.5	58.605	1027.424	10.06897	1.75	6.4	33.005	4.8239E-8	1	0	2.07691
1234	-58.5	4.5	58.673	1027.328	10.0638	1.75	6.4	33.073	4.8191E-8	1	0	2.07515
1235	-58.5	5.5	58.758	1027.21	10.05746	1.75	6.4	33.158	4.8133E-8	1	0	2.07296
1236	-58.5	6.5	58.86	1027.072	10.05	1.75	6.4	33.26	4.8065E-8	1	0	2.07033
1237	-58.5	7.5	58.979	1026.914	10.04152	1.75	6.4	33.379	4.7987E-8	1	0	2.06727
1238	-58.5	8.5	59.114	1026.74	10.03211	1.75	6.4	33.514	4.79E-8	1	0	2.06376
1239	-58.5	9.5	59.266	1026.549	10.02188	1.75	6.4	33.666	4.7806E-8	1	0	2.05982
1240	-58.5	10.5	59.435	1026.346	10.01094	1.75	6.4	33.835	4.7706E-8	1	0	2.05544
1241	-58.5	11.5	59.62	1026.131	9.99941	1.75	6.4	34.02	4.7601E-8	1	0	2.05062
1242	-58.5	12.5	59.821	1025.908	9.98742	1.75	6.4	34.221	4.7491E-8	1	0	2.04537
1243	-58.5	13.5	60.037	1025.679	9.97511	1.75	6.4	34.437	4.7379E-8	1	0	2.03968
1244	-58.5	14.5	60.27	1025.445	9.9626	1.75	6.4	34.67	4.7265E-8	1	0	2.03357
1245	-58.5	15.5	60.519	1025.211	9.95005	1.75	6.4	34.919	4.715E-8	1	0	2.02703
1246	-58.5	16.5	60.782	1024.978	9.93758	1.75	6.4	35.182	4.7037E-8	1	0	2.02007
1247	-58.5	17.5	61.061	1024.75	9.92533	1.75	6.4	35.461	4.6925E-8	1	0	2.0127
1248	-58.5	18.5	61.356	1024.527	9.91343	1.75	6.4	35.756	4.6817E-8	1	0	2.00492
1249	-58.5	19.5	61.664	1024.314	9.90202	1.75	6.4	36.064	4.6714E-8	1	0	1.99673
1250	-58.5	20.5	61.988	1024.112	9.89121	1.75	6.4	36.388	4.6616E-8	1	0	1.98816
1251	-58.5	21.5	62.326	1023.923	9.88113	1.75	6.4	36.726	4.6525E-8	1	0	1.9792
1252	-58.5	22.5	62.678	1023.75	9.87188	1.75	6.4	37.078	4.6441E-8	1	0	1.96988
1253	-58.5	23.5	63.044	1023.594	9.86355	1.75	6.4	37.444	4.6366E-8	1	0	1.96019
1254	-58.5	24.5	63.423	1023.457	9.85625	1.75	6.4	37.823	4.63E-8	1	0	1.95017
1255	-58.5	25.5	63.816	1023.341	9.85004	1.75	6.4	38.216	4.6244E-8	1	0	1.93982
1256	-58.5	26.5	64.222	1023.246	9.84499	1.75	6.4	38.622	4.6198E-8	1	0	1.92917
1257	-58.5	27.5	64.641	1023.174	9.84115	1.75	6.4	39.041	4.6164E-8	1	0	1.91823
1258	-58.5	28.5	65.073	1023.126	9.83858	1.75	6.4	39.473	4.614E-8	1	0	1.90702
1259	-58.5	29.5	65.517	1023.101	9.83729	1.75	6.4	39.917	4.6129E-8	1	0	1.89556
1260	-57.5	-29.5	64.626	1030.499	9.82418	1.75	6.4	39.026	4.5862E-8	1	0	1.92888
1261	-57.5	-28.5	64.176	1030.525	9.82561	1.75	6.4	38.576	4.5875E-8	1	0	1.94117
1262	-57.5	-27.5	63.738	1030.577	9.82847	1.75	6.4	38.138	4.5901E-8	1	0	1.95319
1263	-57.5	-26.5	63.313	1030.655	9.83272	1.75	6.4	37.713	4.5939E-8	1	0	1.96492
1264	-57.5	-25.5	62.901	1030.757	9.83832	1.75	6.4	37.301	4.5989E-8	1	0	1.97635
1265	-57.5	-24.5	62.502	1030.883	9.84521	1.75	6.4	36.902	4.6051E-8	1	0	1.98744
1266	-57.5	-23.5	62.117	1031.031	9.85332	1.75	6.4	36.517	4.6124E-8	1	0	1.99819
1267	-57.5	-22.5	61.745	1031.199	9.86256	1.75	6.4	36.145	4.6208E-8	1	0	2.00856
1268	-57.5	-21.5	61.388	1031.386	9.87283	1.75	6.4	35.788	4.63E-8	1	0	2.01856
1269	-57.5	-20.5	61.045	1031.59	9.88402	1.75	6.4	35.445	4.6401E-8	1	0	2.02815
1270	-57.5	-19.5	60.717	1031.808	9.89601	1.75	6.4	35.117	4.651E-8	1	0	2.03733
1271	-57.5	-18.5	60.403	1032.039	9.90868	1.75	6.4	34.803	4.6624E-8	1	0	2.0461
1272	-57.5	-17.5	60.104	1032.279	9.92189	1.75	6.4	34.504	4.6744E-8	1	0	2.05443
1273	-57.5	-16.5	59.821	1032.526	9.9355	1.75	6.4	34.221	4.6867E-8	1	0	2.06232
1274	-57.5	-15.5	59.552	1032.777	9.94935	1.75	6.4	33.952	4.6993E-8	1	0	2.06976
1275	-57.5	-14.5	59.3	1033.03	9.96329	1.75	6.4	33.7	4.712E-8	1	0	2.07675
1276	-57.5	-13.5	59.064	1033.282	9.97719	1.75	6.4	33.464	4.7246E-8	1	0	2.08329
1277	-57.5	-12.5	58.843	1033.53	9.99087	1.75	6.4	33.243	4.7371E-8	1	0	2.08936
1278	-57.5	-11.5	58.639	1033.771	10.00419	1.75	6.4	33.039	4.7492E-8	1	0	2.09498
1279	-57.5	-10.5	58.451	1034.003	10.01701	1.75	6.4	32.851	4.7609E-8	1	0	2.10012
1280	-57.5	-9.5	58.279	1034.223	10.02917	1.75	6.4	32.679	4.7721E-8	1	0	2.1048
1281	-57.5	-8.5	58.125	1034.428	10.04055	1.75	6.4	32.525	4.7825E-8	1	0	2.10901
1282	-57.5	-7.5	57.987	1034.617	10.05101	1.75	6.4	32.387	4.7921E-8	1	0	2.11276
1283	-57.5	-6.5	57.866	1034.788	10.06044	1.75	6.4	32.266	4.8007E-8	1	0	2.11603
1284	-57.5	-5.5	57.762	1034.937	10.06873	1.75	6.4	32.162	4.8083E-8	1	0	2.11884
1285	-57.5	-4.5	57.676	1035.065	10.07579	1.75	6.4	32.076	4.8148E-8	1	0	2.12117
1286	-57.5	-3.5	57.606	1035.168	10.08154	1.75	6.4	32.006	4.8201E-8	1	0	2.12304
1287	-57.5	-2.5	57.554	1035.247	10.0859	1.75	6.4	31.954	4.8241E-8	1	0	2.12445
1288	-57.5	-1.5	57.52	1035.3	10.08884	1.75	6.4	31.92	4.8268E-8	1	0	2.12538
1289	-57.5	-0.5	57.502	1035.327	10.09032	1.75	6.4	31.902	4.8282E-8	1	0	2.12585
1290	-57.5	0.5	57.502	1035.327	10.09032	1.75	6.4	31.902	4.8282E-8	1	0	2.12585
1291	-57.5	1.5	57.52	1035.3	10.08884	1.75	6.4	31.92	4.8268E-8	1	0	2.12538
1292	-57.5	2.5	57.554	1035.247	10.0859	1.75	6.4	31.954	4.8241E-8	1	0	2.12445
1293	-57.5	3.5	57.606	1035.168	10.08154	1.75	6.4	32.006	4.8201E-8	1	0	2.12304
1294	-57.5	4.5	57.676	1035.065	10.07579	1.75	6.4	32.076	4.8148E-8	1	0	2.12117
1295	-57.5	5.5	57.762	1034.937	10.06873	1.75	6.4	32.162	4.8083E-8	1	0	2.11884
1296	-57.5	6.5	57.866	1034.788	10.06044	1.75	6.4	32.266	4.8007E-8	1	0	2.11603
1297	-57.5	7.5	57.987	1034.617	10.05101	1.75	6.4	32.387	4.7921E-8	1	0	2.11276
1298	-57.5	8.5	58.125	1034.428	10.04055	1.75	6.4	32.525	4.7825E-8	1	0	2.10901
1299	-57.5	9.5	58.279	1034.223	10.02917	1.75	6.4	32.679	4.7721E-8	1	0	2.1048
1300	-57.5	10.5	58.451	1034.003	10.01701	1.75	6.4	32.851	4.7609E-8	1	0	2.10012
1301	-57.5	11.5	58.639	1033.771	10.00419	1.75	6.4	33.039	4.7492E-8	1	0	2.09498
1302	-57.5	12.5	58.843	1033.53	9.99087	1.75	6.4	33.243	4.7371E-8	1	0	2.08936
1303	-57.5	13.5	59.064	1033.282	9.97719	1.75	6.4	33.464	4.7246E-8	1	0	2.08329
1304	-57.5	14.5	59.3	1033.03	9.96329	1.75	6.4	33.7	4.712E-8	1	0	2.07675
1305	-57.5	15.5	59.552	1032.777	9.94935	1.75	6.4	33.952	4.6993E-8	1	0	2.06976
1306	-57.5	16.5	59.821	1032.526	9.9355	1.75	6.4	34.221	4.6867E-8	1	0	2.06232
1307	-57.5	17.5	60.104	1032.279	9.92189	1.75	6.4	34.504	4.6744E-8	1	0	2.05443
1308	-57.5	18.5	60.403	1032.039	9.90868	1.75	6.4	34.803	4.6624E-8	1	0	2.0461
1309	-57.5	19.5	60.717	1031.808	9.89601	1.75	6.4	35.117	4.651E-8	1	0	2.03733
1310	-57.5	20.5	61.045	1031.59	9.88402	1.75	6.4	35.445	4.6401E-8	1	0	2.02815
1311	-57.5	21.5	61.388	1031.386	9.87283	1.75	6.4	35.788	4.63E-8	1	0	2.01856
1312	-57.5	22.5	61.745	1031.199	9.86256	1.75	6.4	36.145	4.6208E-8	1	0	2.00856
1313	-57.5	23.5	62.117	1031.031	9.85332	1.75	6.4	36.517	4.6124E-8	1	0	1.99819
1314	-57.5	24.5	62.502	1030.883	9.84521	1.75	6.4	36.902	4.6051E-8	1	0	1.98744
1315	-57.5	25.5	62.901	1030.757	9.83832	1.75	6.4	37.301	4.5989E-8	1	0	1.97635
1316	-57.5	26.5	63.313	1030.655	9.83272	1.75	6.4	37.713	4.5939E-8	1	0	1.96492
1317	-57.5	27.5	63.738	1030.577	9.82847	1.75	6.4	38.138	4.5901E-8	1	0	1.95319
1318	-57.5	28.5	64.176	1030.525	9.82561	1.75	6.4	38.576	4.5875E-8	1	0	1.94117
1319	-57.5	29.5	64.626	1030.499	9.82418	1.75	6.4	39.026	4.5862E-8	1	0	1.92888
1320	-56.5	-29.5	63.738	1037.624	9.80965	1.75	6.4	38.138	4.5589E-8	1	0	1.96363
1321	-56.5	-28.5	63.281	1037.652	9.81124	1.75	6.4	37.681	4.5603E-8	1	0	1.97682
1322	-56.5	-27.5	62.837	1037.708	9.81441	1.75	6.4	37.237	4.5631E-8	1	0	1.98973
1323	-56.5	-26.5	62.406	1037.792	9.81913	1.75	6.4	36.806	4.5674E-8	1	0	2.00234
1324	-56.5	-25.5	61.988	1037.902	9.82534	1.75	6.4	36.388	4.5729E-8	1	0	2.0146
1325	-56.5	-24.5	61.583	1038.038	9.83298	1.75	6.4	35.983	4.5798E-8	1	0	2.02651
1326	-56.5	-23.5	61.192	1038.197	9.84198	1.75	6.4	35.592	4.5878E-8	1	0	2.03804
1327	-56.5	-22.5	60.815	1038.379	9.85223	1.75	6.4	35.215	4.5971E-8	1	0	2.04918
1328	-56.5	-21.5	60.452	1038.581	9.86362	1.75	6.4	34.852	4.6073E-8	1	0	2.0599
1329	-56.5	-20.5	60.104	1038.801	9.87604	1.75	6.4	34.504	4.6185E-8	1	0	2.07019
1330	-56.5	-19.5	59.77	1039.036	9.88935	1.75	6.4	34.17	4.6305E-8	1	0	2.08003
1331	-56.5	-18.5	59.452	1039.285	9.90342	1.75	6.4	33.852	4.6432E-8	1	0	2.08943
1332	-56.5	-17.5	59.148	1039.544	9.91808	1.75	6.4	33.548	4.6564E-8	1	0	2.09835
1333	-56.5	-16.5	58.86	1039.811	9.93319	1.75	6.4	33.26	4.6701E-8	1	0	2.10681
1334	-56.5	-15.5	58.588	1040.082	9.94857	1.75	6.4	32.988	4.684E-8	1	0	2.11478
1335	-56.5	-14.5	58.331	1040.355	9.96406	1.75	6.4	32.731	4.6981E-8	1	0	2.12227
1336	-56.5	-13.5	58.09	1040.627	9.9795	1.75	6.4	32.49	4.7121E-8	1	0	2.12926
1337	-56.5	-12.5	57.866	1040.895	9.9947	1.75	6.4	32.266	4.7259E-8	1	0	2.13576
1338	-56.5	-11.5	57.658	1041.155	10.0095	1.75	6.4	32.058	4.7394E-8	1	0	2.14177
1339	-56.5	-10.5	57.467	1041.405	10.02375	1.75	6.4	31.867	4.7524E-8	1	0	2.14727
1340	-56.5	-9.5	57.293	1041.643	10.03727	1.75	6.4	31.693	4.7647E-8	1	0	2.15228
1341	-56.5	-8.5	57.136	1041.865	10.04992	1.75	6.4	31.536	4.7763E-8	1	0	2.15678
1342	-56.5	-7.5	56.996	1042.069	10.06155	1.75	6.4	31.396	4.7869E-8	1	0	2.16078
1343	-56.5	-6.5	56.873	1042.253	10.07204	1.75	6.4	31.273	4.7966E-8	1	0	2.16428
1344	-56.5	-5.5	56.767	1042.414	10.08126	1.75	6.4	31.167	4.805E-8	1	0	2.16728
1345	-56.5	-4.5	56.679	1042.552	10.08911	1.75	6.4	31.079	4.8122E-8	1	0	2.16978
1346	-56.5	-3.5	56.608	1042.664	10.0955	1.75	6.4	31.008	4.8181E-8	1	0	2.17178
1347	-56.5	-2.5	56.555	1042.749	10.10036	1.75	6.4	30.955	4.8226E-8	1	0	2.17328
1348	-56.5	-1.5	56.52	1042.806	10.10363	1.75	6.4	30.92	4.8256E-8	1	0	2.17427
1349	-56.5	-0.5	56.502	1042.835	10.10527	1.75	6.4	30.902	4.8271E-8	1	0	2.17477
1350	-56.5	0.5	56.502	1042.835	10.10527	1.75	6.4	30.902	4.8271E-8	1	0	2.17477
1351	-56.5	1.5	56.52	1042.806	10.10363	1.75	6.4	30.92	4.8256E-8	1	0	2.17427
1352	-56.5	2.5	56.555	1042.749	10.10036	1.75	6.4	30.955	4.8226E-8	1	0	2.17328
1353	-56.5	3.5	56.608	1042.664	10.0955	1.75	6.4	31.008	4.8181E-8	1	0	2.17178
1354	-56.5	4.5	56.679	1042.552	10.08911	1.75	6.4	31.079	4.8122E-8	1	0	2.16978
1355	-56.5	5.5	56.767	1042.414	10.08126	1.75	6.4	31.167	4.805E-8	1	0	2.16728
1356	-56.5	6.5	56.873	1042.253	10.07204	1.75	6.4	31.273	4.7966E-8	1	0	2.16428
1357	-56.5	7.5	56.996	1042.069	10.06155	1.75	6.4	31.396	4.7869E-8	1	0	2.16078
1358	-56.5	8.5	57.136	1041.865	10.04992	1.75	6.4	31.536	4.7763E-8	1	0	2.15678
1359	-56.5	9.5	57.293	1041.643	10.03727	1.75	6.4	31.693	4.7647E-8	1	0	2.15228
1360	-56.5	10.5	57.467	1041.405	10.02375	1.75	6.4	31.867	4.7524E-8	1	0	2.14727
1361	-56.5	11.5	57.658	1041.155	10.0095	1.75	6.4	32.058	4.7394E-8	1	0	2.14177
1362	-56.5	12.5	57.866	1040.895	9.9947	1.75	6.4	32.266	4.7259E-8	1	0	2.13576
1363	-56.5	13.5	58.09	1040.627	9.9795	1.75	6.4	32.49	4.7121E-8	1	0	2.12926
1364	-56.5	14.5	58.331	1040.355	9.96406	1.75	6.4	32.731	4.6981E-8	1	0	2.12227
1365	-56.5	15.5	58.588	1040.082	9.94857	1.75	6.4	32.988	4.684E-8	1	0	2.11478
1366	-56.5	16.5	58.86	1039.811	9.93319	1.75	6.4	33.26	4.6701E-8	1	0	2.10681
1367	-56.5	17.5	59.148	1039.544	9.91808	1.75	6.4	33.548	4.6564E-8	1	0	2.09835
1368	-56.5	18.5	59.452	1039.285	9.90342	1.75	6.4	33.852	4.6432E-8	1	0	2.08943
1369	-56.5	19.5	59.77	1039.036	9.88935	1.75	6.4	34.17	4.6305E-8	1	0	2.08003
1370	-56.5	20.5	60.104	1038.801	9.87604	1.75	6.4	34.504	4.6185E-8	1	0	2.07019
1371	-56.5	21.5	60.452	1038.581	9.86362	1.75	6.4	34.852	4.6073E-8	1	0	2.0599
1372	-56.5	22.5	60.815	1038.379	9.85223	1.75	6.4	35.215	4.5971E-8	1	0	2.04918
1373	-56.5	23.5	61.192	1038.197	9.84198	1.75	6.4	35.592	4.5878E-8	1	0	2.03804
1374	-56.5	24.5	61.583	1038.038	9.83298	1.75	6.4	35.983	4.5798E-8	1	0	2.02651
1375	-56.5	25.5	61.988	1037.902	9.82534	1.75	6.4	36.388	4.5729E-8	1	0	2.0146
1376	-56.5	26.5	62.406	1037.792	9.81913	1.75	6.4	36.806	4.5674E-8	1	0	2.00234
1377	-56.5	27.5	62.837	1037.708	9.81441	1.75	6.4	37.237	4.5631E-8	1	0	1.98973
1378	-56.5	28.5	63.281	1037.652	9.81124	1.75	6.4	37.681	4.5603E-8	1	0	1.97682
1379	-56.5	29.5	63.738	1037.624	9.80965	1.75	6.4	38.138	4.5589E-8	1	0	1.96363
1380	-55.5	-29.5	62.853	1044.477	9.79356	1.75	6.4	37.253	4.5307E-8	1	0	1.99996
1381	-55.5	-28.5	62.39	1044.508	9.79531	1.75	6.4	36.79	4.5323E-8	1	0	2.01414
1382	-55.5	-27.5	61.939	1044.569	9.79883	1.75	6.4	36.339	4.5354E-8	1	0	2.02802
1383	-55.5	-26.5	61.502	1044.659	9.80406	1.75	6.4	35.902	4.5401E-8	1	0	2.04157
1384	-55.5	-25.5	61.078	1044.778	9.81095	1.75	6.4	35.478	4.5462E-8	1	0	2.05476
1385	-55.5	-24.5	60.667	1044.924	9.81943	1.75	6.4	35.067	4.5538E-8	1	0	2.06756
1386	-55.5	-23.5	60.27	1045.096	9.8294	1.75	6.4	34.67	4.5627E-8	1	0	2.07995
1387	-55.5	-22.5	59.887	1045.292	9.84077	1.75	6.4	34.287	4.5729E-8	1	0	2.09191
1388	-55.5	-21.5	59.519	1045.509	9.85341	1.75	6.4	33.919	4.5842E-8	1	0	2.10342
1389	-55.5	-20.5	59.165	1045.746	9.86719	1.75	6.4	33.565	4.5966E-8	1	0	2.11447
1390	-55.5	-19.5	58.826	1046	9.88197	1.75	6.4	33.226	4.6099E-8	1	0	2.12504
1391	-55.5	-18.5	58.502	1046.268	9.89758	1.75	6.4	32.902	4.6239E-8	1	0	2.13512
1392	-55.5	-17.5	58.194	1046.548	9.91385	1.75	6.4	32.594	4.6386E-8	1	0	2.1447
1393	-55.5	-16.5	57.901	1046.835	9.93063	1.75	6.4	32.301	4.6537E-8	1	0	2.15377
1394	-55.5	-15.5	57.624	1047.128	9.94771	1.75	6.4	32.024	4.6692E-8	1	0	2.16232
1395	-55.5	-14.5	57.363	1047.423	9.96491	1.75	6.4	31.763	4.6847E-8	1	0	2.17035
1396	-55.5	-13.5	57.118	1047.716	9.98206	1.75	6.4	31.518	4.7003E-8	1	0	2.17785
1397	-55.5	-12.5	56.89	1048.005	9.99895	1.75	6.4	31.29	4.7156E-8	1	0	2.18482
1398	-55.5	-11.5	56.679	1048.285	10.0154	1.75	6.4	31.079	4.7306E-8	1	0	2.19125
1399	-55.5	-10.5	56.485	1048.555	10.03123	1.75	6.4	30.885	4.745E-8	1	0	2.19715
1400	-55.5	-9.5	56.307	1048.812	10.04626	1.75	6.4	30.707	4.7587E-8	1	0	2.20251
1401	-55.5	-8.5	56.147	1049.051	10.06032	1.75	6.4	30.547	4.7716E-8	1	0	2.20733
1402	-55.5	-7.5	56.004	1049.271	10.07326	1.75	6.4	30.404	4.7834E-8	1	0	2.21161
1403	-55.5	-6.5	55.879	1049.47	10.08492	1.75	6.4	30.279	4.7941E-8	1	0	2.21536
1404	-55.5	-5.5	55.772	1049.644	10.09518	1.75	6.4	30.172	4.8035E-8	1	0	2.21857
1405	-55.5	-4.5	55.682	1049.793	10.10391	1.75	6.4	30.082	4.8115E-8	1	0	2.22125
1406	-55.5	-3.5	55.61	1049.913	10.11102	1.75	6.4	30.01	4.818E-8	1	0	2.22338
1407	-55.5	-2.5	55.556	1050.005	10.11642	1.75	6.4	29.956	4.823E-8	1	0	2.22499
1408	-55.5	-1.5	55.52	1050.067	10.12006	1.75	6.4	29.92	4.8263E-8	1	0	2.22606
1409	-55.5	-0.5	55.502	1050.098	10.12189	1.75	6.4	29.902	4.828E-8	1	0	2.22659
1410	-55.5	0.5	55.502	1050.098	10.12189	1.75	6.4	29.902	4.828E-8	1	0	2.22659
1411	-55.5	1.5	55.52	1050.067	10.12006	1.75	6.4	29.92	4.8263E-8	1	0	2.22606
1412	-55.5	2.5	55.556	1050.005	10.11642	1.75	6.4	29.956	4.823E-8	1	0	2.22499
1413	-55.5	3.5	55.61	1049.913	10.11102	1.75	6.4	30.01	4.818E-8	1	0	2.22338
1414	-55.5	4.5	55.682	1049.793	10.10391	1.75	6.4	30.082	4.8115E-8	1	0	2.22125
1415	-55.5	5.5	55.772	1049.644	10.09518	1.75	6.4	30.172	4.8035E-8	1	0	2.21857
1416	-55.5	6.5	55.879	1049.47	10.08492	1.75	6.4	30.279	4.7941E-8	1	0	2.21536
1417	-55.5	7.5	56.004	1049.271	10.07326	1.75	6.4	30.404	4.7834E-8	1	0	2.21161
1418	-55.5	8.5	56.147	1049.051	10.06032	1.75	6.4	30.547	4.7716E-8	1	0	2.20733
1419	-55.5	9.5	56.307	1048.812	10.04626	1.75	6.4	30.707	4.7587E-8	1	0	2.20251
1420	-55.5	10.5	56.485	1048.555	10.03123	1.75	6.4	30.885	4.745E-8	1	0	2.19715
1421	-55.5	11.5	56.679	1048.285	10.0154	1.75	6.4	31.079	4.7306E-8	1	0	2.19125
1422	-55.5	12.5	56.89	1048.005	9.99895	1.75	6.4	31.29	4.7156E-8	1	0	2.18482
1423	-55.5	13.5	57.118	1047.716	9.98206	1.75	6.4	31.518	4.7003E-8	1	0	2.17785
1424	-55.5	14.5	57.363	1047.423	9.96491	1.75	6.4	31.763	4.6847E-8	1	0	2.17035
1425	-55.5	15.5	57.624	1047.128	9.94771	1.75	6.4	32.024	4.6692E-8	1	0	2.16232
1426	-55.5	16.5	57.901	1046.835	9.93063	1.75	6.4	32.301	4.6537E-8	1	0	2.15377
1427	-55.5	17.5	58.194	1046.548	9.91385	1.75	6.4	32.594	4.6386E-8	1	0	2.1447
1428	-55.5	18.5	58.502	1046.268	9.89758	1.75	6.4	32.902	4.6239E-8	1	0	2.13512
1429	-55.5	19.5	58.826	1046	9.88197	1.75	6.4	33.226	4.6099E-8	1	0	2.12504
1430	-55.5	20.5	59.165	1045.746	9.86719	1.75	6.4	33.565	4.5966E-8	1	0	2.11447
1431	-55.5	21.5	59.519	1045.509	9.85341	1.75	6.4	33.919	4.5842E-8	1	0	2.10342
1432	-55.5	22.5	59.887	1045.292	9.84077	1.75	6.4	34.287	4.5729E-8	1	0	2.09191
1433	-55.5	23.5	60.27	1045.096	9.8294	1.75	6.4	34.67	4.5627E-8	1	0	2.07995
1434	-55.5	24.5	60.667	1044.924	9.81943	1.75	6.4	35.067	4.5538E-8	1	0	2.06756
1435	-55.5	25.5	61.078	1044.778	9.81095	1.75	6.4	35.478	4.5462E-8	1	0	2.05476
1436	-55.5	26.5	61.502	1044.659	9.80406	1.75	6.4	35.902	4.5401E-8	1	0	2.04157
1437	-55.5	27.5	61.939	1044.569	9.79883	1.75	6.4	36.339	4.5354E-8	1	0	2.02802
1438	-55.5	28.5	62.39	1044.508	9.79531	1.75	6.4	36.79	4.5323E-8	1	0	2.01414
1439	-55.5	29.5	62.853	1044.477	9.79356	1.75	6.4	37.253	4.5307E-8	1	0	1.99996
1440	-54.5	-29.5	61.972	1051.062	9.77572	1.75	6.4	36.372	4.5015E-8	1	0	2.03802
1441	-54.5	-28.5	61.502	1051.095	9.77767	1.75	6.4	35.902	4.5033E-8	1	0	2.05329
1442	-54.5	-27.5	61.045	1051.16	9.78157	1.75	6.4	35.445	4.5067E-8	1	0	2.06823
1443	-54.5	-26.5	60.601	1051.257	9.78737	1.75	6.4	35.001	4.5119E-8	1	0	2.08281
1444	-54.5	-25.5	60.171	1051.385	9.79501	1.75	6.4	34.571	4.5187E-8	1	0	2.09701
1445	-54.5	-24.5	59.754	1051.543	9.8044	1.75	6.4	34.154	4.5271E-8	1	0	2.11078
1446	-54.5	-23.5	59.351	1051.728	9.81546	1.75	6.4	33.751	4.5369E-8	1	0	2.12411
1447	-54.5	-22.5	58.962	1051.939	9.82807	1.75	6.4	33.362	4.5482E-8	1	0	2.13698
1448	-54.5	-21.5	58.588	1052.173	9.84209	1.75	6.4	32.988	4.5607E-8	1	0	2.14936
1449	-54.5	-20.5	58.228	1052.428	9.85738	1.75	6.4	32.628	4.5744E-8	1	0	2.16124
1450	-54.5	-19.5	57.884	1052.702	9.87377	1.75	6.4	32.284	4.5891E-8	1	0	2.17261
1451	-54.5	-18.5	57.554	1052.991	9.8911	1.75	6.4	31.954	4.6046E-8	1	0	2.18344
1452	-54.5	-17.5	57.241	1053.292	9.90916	1.75	6.4	31.641	4.6209E-8	1	0	2.19373
1453	-54.5	-16.5	56.943	1053.602	9.92778	1.75	6.4	31.343	4.6376E-8	1	0	2.20348
1454	-54.5	-15.5	56.661	1053.917	9.94675	1.75	6.4	31.061	4.6547E-8	1	0	2.21266
1455	-54.5	-14.5	56.396	1054.235	9.96586	1.75	6.4	30.796	4.672E-8	1	0	2.22128
1456	-54.5	-13.5	56.147	1054.551	9.9849	1.75	6.4	30.547	4.6893E-8	1	0	2.22933
1457	-54.5	-12.5	55.915	1054.862	10.00367	1.75	6.4	30.315	4.7063E-8	1	0	2.23681
1458	-54.5	-11.5	55.7	1055.165	10.02195	1.75	6.4	30.1	4.7229E-8	1	0	2.24371
1459	-54.5	-10.5	55.502	1055.456	10.03955	1.75	6.4	29.902	4.7389E-8	1	0	2.25004
1460	-54.5	-9.5	55.322	1055.732	10.05625	1.75	6.4	29.722	4.7541E-8	1	0	2.25579
1461	-54.5	-8.5	55.159	1055.99	10.07189	1.75	6.4	29.559	4.7684E-8	1	0	2.26096
1462	-54.5	-7.5	55.014	1056.228	10.08627	1.75	6.4	29.414	4.7815E-8	1	0	2.26556
1463	-54.5	-6.5	54.886	1056.442	10.09924	1.75	6.4	29.286	4.7934E-8	1	0	2.26958
1464	-54.5	-5.5	54.777	1056.63	10.11065	1.75	6.4	29.177	4.8038E-8	1	0	2.27302
1465	-54.5	-4.5	54.685	1056.79	10.12037	1.75	6.4	29.085	4.8127E-8	1	0	2.27588
1466	-54.5	-3.5	54.612	1056.92	10.12828	1.75	6.4	29.012	4.82E-8	1	0	2.27818
1467	-54.5	-2.5	54.557	1057.019	10.13429	1.75	6.4	28.957	4.8255E-8	1	0	2.2799
1468	-54.5	-1.5	54.521	1057.085	10.13834	1.75	6.4	28.921	4.8292E-8	1	0	2.28104
1469	-54.5	-0.5	54.502	1057.119	10.14037	1.75	6.4	28.902	4.8311E-8	1	0	2.28161
1470	-54.5	0.5	54.502	1057.119	10.14037	1.75	6.4	28.902	4.8311E-8	1	0	2.28161
1471	-54.5	1.5	54.521	1057.085	10.13834	1.75	6.4	28.921	4.8292E-8	1	0	2.28104
1472	-54.5	2.5	54.557	1057.019	10.13429	1.75	6.4	28.957	4.8255E-8	1	0	2.2799
1473	-54.5	3.5	54.612	1056.92	10.12828	1.75	6.4	29.012	4.82E-8	1	0	2.27818
1474	-54.5	4.5	54.685	1056.79	10.12037	1.75	6.4	29.085	4.8127E-8	1	0	2.27588
1475	-54.5	5.5	54.777	1056.63	10.11065	1.75	6.4	29.177	4.8038E-8	1	0	2.27302
1476	-54.5	6.5	54.886	1056.442	10.09924	1.75	6.4	29.286	4.7934E-8	1	0	2.26958
1477	-54.5	7.5	55.014	1056.228	10.08627	1.75	6.4	29.414	4.7815E-8	1	0	2.26556
1478	-54.5	8.5	55.159	1055.99	10.07189	1.75	6.4	29.559	4.7684E-8	1	0	2.26096
1479	-54.5	9.5	55.322	1055.732	10.05625	1.75	6.4	29.722	4.7541E-8	1	0	2.25579
1480	-54.5	10.5	55.502	1055.456	10.03955	1.75	6.4	29.902	4.7389E-8	1	0	2.25004
1481	-54.5	11.5	55.7	1055.165	10.02195	1.75	6.4	30.1	4.7229E-8	1	0	2.24371
1482	-54.5	12.5	55.915	1054.862	10.00367	1.75	6.4	30.315	4.7063E-8	1	0	2.23681
1483	-54.5	13.5	56.147	1054.551	9.9849	1.75	6.4	30.547	4.6893E-8	1	0	2.22933
1484	-54.5	14.5	56.396	1054.235	9.96586	1.75	6.4	30.796	4.672E-8	1	0	2.22128
1485	-54.5	15.5	56.661	1053.917	9.94675	1.75	6.4	31.061	4.6547E-8	1	0	2.21266
1486	-54.5	16.5	56.943	1053.602	9.92778	1.75	6.4	31.343	4.6376E-8	1	0	2.20348
1487	-54.5	17.5	57.241	1053.292	9.90916	1.75	6.4	31.641	4.6209E-8	1	0	2.19373
1488	-54.5	18.5	57.554	1052.991	9.8911	1.75	6.4	31.954	4.6046E-8	1	0	2.18344
1489	-54.5	19.5	57.884	1052.702	9.87377	1.75	6.4	32.284	4.5891E-8	1	0	2.17261
1490	-54.5	20.5	58.228	1052.428	9.85738	1.75	6.4	32.628	4.5744E-8	1	0	2.16124
1491	-54.5	21.5	58.588	1052.173	9.84209	1.75	6.4	32.988	4.5607E-8	1	0	2.14936
1492	-54.5	22.5	58.962	1051.939	9.82807	1.75	6.4	33.362	4.5482E-8	1	0	2.13698
1493	-54.5	23.5	59.351	1051.728	9.81546	1.75	6.4	33.751	4.5369E-8	1	0	2.12411
1494	-54.5	24.5	59.754	1051.543	9.8044	1.75	6.4	34.154	4.5271E-8	1	0	2.11078
1495	-54.5	25.5	60.171	1051.385	9.79501	1.75	6.4	34.571	4.5187E-8	1	0	2.09701
1496	-54.5	26.5	60.601	1051.257	9.78737	1.75	6.4	35.001	4.5119E-8	1	0	2.08281
1497	-54.5	27.5	61.045	1051.16	9.78157	1.75	6.4	35.445	4.5067E-8	1	0	2.06823
1498	-54.5	28.5	61.502	1051.095	9.77767	1.75	6.4	35.902	4.5033E-8	1	0	2.05329
1499	-54.5	29.5	61.972	1051.062	9.77572	1.75	6.4	36.372	4.5015E-8	1	0	2.03802
1500	-53.5	-29.5	61.094	1057.378	9.75596	1.75	6.4	35.494	4.4713E-8	1	0	2.07799
1501	-53.5	-28.5	60.618	1057.414	9.75812	1.75	6.4	35.018	4.4732E-8	1	0	2.09445
1502	-53.5	-27.5	60.154	1057.484	9.76244	1.75	6.4	34.554	4.477E-8	1	0	2.11056
1503	-53.5	-26.5	59.703	1057.589	9.76887	1.75	6.4	34.103	4.4827E-8	1	0	2.12627
1504	-53.5	-25.5	59.266	1057.726	9.77734	1.75	6.4	33.666	4.4902E-8	1	0	2.14156
1505	-53.5	-24.5	58.843	1057.896	9.78775	1.75	6.4	33.243	4.4995E-8	1	0	2.15641
1506	-53.5	-23.5	58.434	1058.095	9.80002	1.75	6.4	32.834	4.5104E-8	1	0	2.17077
1507	-53.5	-22.5	58.039	1058.322	9.81399	1.75	6.4	32.439	4.5228E-8	1	0	2.18463
1508	-53.5	-21.5	57.658	1058.574	9.82954	1.75	6.4	32.058	4.5366E-8	1	0	2.19797
1509	-53.5	-20.5	57.293	1058.849	9.8465	1.75	6.4	31.693	4.5518E-8	1	0	2.21076
1510	-53.5	-19.5	56.943	1059.144	9.86469	1.75	6.4	31.343	4.568E-8	1	0	2.22299
1511	-53.5	-18.5	56.608	1059.455	9.88391	1.75	6.4	31.008	4.5852E-8	1	0	2.23465
1512	-53.5	-17.5	56.289	1059.779	9.90396	1.75	6.4	30.689	4.6032E-8	1	0	2.24573
1513	-53.5	-16.5	55.987	1060.112	9.92463	1.75	6.4	30.387	4.6218E-8	1	0	2.25621
1514	-53.5	-15.5	55.7	1060.452	9.94569	1.75	6.4	30.1	4.6407E-8	1	0	2.26609
1515	-53.5	-14.5	55.43	1060.794	9.96691	1.75	6.4	29.83	4.6599E-8	1	0	2.27536
1516	-53.5	-13.5	55.177	1061.134	9.98806	1.75	6.4	29.577	4.679E-8	1	0	2.28402
1517	-53.5	-12.5	54.941	1061.469	10.00891	1.75	6.4	29.341	4.6979E-8	1	0	2.29206
1518	-53.5	-11.5	54.722	1061.795	10.02923	1.75	6.4	29.122	4.7163E-8	1	0	2.29948
1519	-53.5	-10.5	54.521	1062.109	10.04878	1.75	6.4	28.921	4.7341E-8	1	0	2.30628
1520	-53.5	-9.5	54.337	1062.406	10.06736	1.75	6.4	28.737	4.751E-8	1	0	2.31246
1521	-53.5	-8.5	54.171	1062.684	10.08474	1.75	6.4	28.571	4.7668E-8	1	0	2.31802
1522	-53.5	-7.5	54.023	1062.94	10.10074	1.75	6.4	28.423	4.7815E-8	1	0	2.32295
1523	-53.5	-6.5	53.893	1063.17	10.11516	1.75	6.4	28.293	4.7947E-8	1	0	2.32727
1524	-53.5	-5.5	53.782	1063.373	10.12785	1.75	6.4	28.182	4.8063E-8	1	0	2.33097
1525	-53.5	-4.5	53.689	1063.545	10.13866	1.75	6.4	28.089	4.8162E-8	1	0	2.33405
1526	-53.5	-3.5	53.614	1063.686	10.14746	1.75	6.4	28.014	4.8243E-8	1	0	2.33651
1527	-53.5	-2.5	53.558	1063.792	10.15416	1.75	6.4	27.958	4.8304E-8	1	0	2.33836
1528	-53.5	-1.5	53.521	1063.864	10.15866	1.75	6.4	27.921	4.8345E-8	1	0	2.33959
1529	-53.5	-0.5	53.502	1063.9	10.16093	1.75	6.4	27.902	4.8366E-8	1	0	2.3402
1530	-53.5	0.5	53.502	1063.9	10.16093	1.75	6.4	27.902	4.8366E-8	1	0	2.3402
1531	-53.5	1.5	53.521	1063.864	10.15866	1.75	6.4	27.921	4.8345E-8	1	0	2.33959
1532	-53.5	2.5	53.558	1063.792	10.15416	1.75	6.4	27.958	4.8304E-8	1	0	2.33836
1533	-53.5	3.5	53.614	1063.686	10.14746	1.75	6.4	28.014	4.8243E-8	1	0	2.33651
1534	-53.5	4.5	53.689	1063.545	10.13866	1.75	6.4	28.089	4.8162E-8	1	0	2.33405
1535	-53.5	5.5	53.782	1063.373	10.12785	1.75	6.4	28.182	4.8063E-8	1	0	2.33097
1536	-53.5	6.5	53.893	1063.17	10.11516	1.75	6.4	28.293	4.7947E-8	1	0	2.32727
1537	-53.5	7.5	54.023	1062.94	10.10074	1.75	6.4	28.423	4.7815E-8	1	0	2.32295
1538	-53.5	8.5	54.171	1062.684	10.08474	1.75	6.4	28.571	4.7668E-8	1	0	2.31802
1539	-53.5	9.5	54.337	1062.406	10.06736	1.75	6.4	28.737	4.751E-8	1	0	2.31246
1540	-53.5	10.5	54.521	1062.109	10.04878	1.75	6.4	28.921	4.7341E-8	1	0	2.30628
1541	-53.5	11.5	54.722	1061.795	10.02923	1.75	6.4	29.122	4.7163E-8	1	0	2.29948
1542	-53.5	12.5	54.941	1061.469	10.00891	1.75	6.4	29.341	4.6979E-8	1	0	2.29206
1543	-53.5	13.5	55.177	1061.134	9.98806	1.75	6.4	29.577	4.679E-8	1	0	2.28402
1544	-53.5	14.5	55.43	1060.794	9.96691	1.75	6.4	29.83	4.6599E-8	1	0	2.27536
1545	-53.5	15.5	55.7	1060.452	9.94569	1.75	6.4	30.1	4.6407E-8	1	0	2.26609
1546	-53.5	16.5	55.987	1060.112	9.92463	1.75	6.4	30.387	4.6218E-8	1	0	2.25621
1547	-53.5	17.5	56.289	1059.779	9.90396	1.75	6.4	30.689	4.6032E-8	1	0	2.24573
1548	-53.5	18.5	56.608	1059.455	9.88391	1.75	6.4	31.008	4.5852E-8	1	0	2.23465
1549	-53.5	19.5	56.943	1059.144	9.86469	1.75	6.4	31.343	4.568E-8	1	0	2.22299
1550	-53.5	20.5	57.293	1058.849	9.8465	1.75	6.4	31.693	4.5518E-8	1	0	2.21076
1551	-53.5	21.5	57.658	1058.574	9.82954	1.75	6.4	32.058	4.5366E-8	1	0	2.19797
1552	-53.5	22.5	58.039	1058.322	9.81399	1.75	6.4	32.439	4.5228E-8	1	0	2.18463
1553	-53.5	23.5	58.434	1058.095	9.80002	1.75	6.4	32.834	4.5104E-8	1	0	2.17077
1554	-53.5	24.5	58.843	1057.896	9.78775	1.75	6.4	33.243	4.4995E-8	1	0	2.15641
1555	-53.5	25.5	59.266	1057.726	9.77734	1.75	6.4	33.666	4.4902E-8	1	0	2.14156
1556	-53.5	26.5	59.703	1057.589	9.76887	1.75	6.4	34.103	4.4827E-8	1	0	2.12627
1557	-53.5	27.5	60.154	1057.484	9.76244	1.75	6.4	34.554	4.477E-8	1	0	2.11056
1558	-53.5	28.5	60.618	1057.414	9.75812	1.75	6.4	35.018	4.4732E-8	1	0	2.09445
1559	-53.5	29.5	61.094	1057.378	9.75596	1.75	6.4	35.494	4.4713E-8	1	0	2.07799
1560	-52.5	-29.5	60.22	1063.429	9.73408	1.75	6.4	34.62	4.4397E-8	1	0	2.12005
1561	-52.5	-28.5	59.737	1063.467	9.73647	1.75	6.4	34.137	4.4418E-8	1	0	2.13783
1562	-52.5	-27.5	59.266	1063.542	9.74125	1.75	6.4	33.666	4.446E-8	1	0	2.15521
1563	-52.5	-26.5	58.809	1063.655	9.74838	1.75	6.4	33.209	4.4523E-8	1	0	2.17217
1564	-52.5	-25.5	58.365	1063.803	9.75776	1.75	6.4	32.765	4.4606E-8	1	0	2.18867
1565	-52.5	-24.5	57.935	1063.985	9.7693	1.75	6.4	32.335	4.4708E-8	1	0	2.20469
1566	-52.5	-23.5	57.52	1064.199	9.7829	1.75	6.4	31.92	4.4828E-8	1	0	2.22018
1567	-52.5	-22.5	57.118	1064.443	9.79839	1.75	6.4	31.518	4.4966E-8	1	0	2.23513
1568	-52.5	-21.5	56.732	1064.714	9.81563	1.75	6.4	31.132	4.5119E-8	1	0	2.24952
1569	-52.5	-20.5	56.36	1065.01	9.83444	1.75	6.4	30.76	4.5286E-8	1	0	2.26331
1570	-52.5	-19.5	56.004	1065.327	9.85461	1.75	6.4	30.404	4.5466E-8	1	0	2.2765
1571	-52.5	-18.5	55.664	1065.661	9.87593	1.75	6.4	30.064	4.5657E-8	1	0	2.28908
1572	-52.5	-17.5	55.34	1066.009	9.89818	1.75	6.4	29.74	4.5856E-8	1	0	2.30101
1573	-52.5	-16.5	55.032	1066.368	9.92112	1.75	6.4	29.432	4.6061E-8	1	0	2.31231
1574	-52.5	-15.5	54.74	1066.733	9.9445	1.75	6.4	29.14	4.6271E-8	1	0	2.32295
1575	-52.5	-14.5	54.466	1067.101	9.96807	1.75	6.4	28.866	4.6484E-8	1	0	2.33294
1576	-52.5	-13.5	54.208	1067.467	9.99157	1.75	6.4	28.608	4.6696E-8	1	0	2.34226
1577	-52.5	-12.5	53.968	1067.828	10.01473	1.75	6.4	28.368	4.6905E-8	1	0	2.35092
1578	-52.5	-11.5	53.745	1068.178	10.03731	1.75	6.4	28.145	4.711E-8	1	0	2.35891
1579	-52.5	-10.5	53.54	1068.516	10.05905	1.75	6.4	27.94	4.7307E-8	1	0	2.36624
1580	-52.5	-9.5	53.353	1068.836	10.0797	1.75	6.4	27.753	4.7495E-8	1	0	2.37289
1581	-52.5	-8.5	53.184	1069.135	10.09903	1.75	6.4	27.584	4.7671E-8	1	0	2.37887
1582	-52.5	-7.5	53.033	1069.41	10.11682	1.75	6.4	27.433	4.7834E-8	1	0	2.38419
1583	-52.5	-6.5	52.901	1069.658	10.13287	1.75	6.4	27.301	4.798E-8	1	0	2.38884
1584	-52.5	-5.5	52.787	1069.876	10.14699	1.75	6.4	27.187	4.811E-8	1	0	2.39282
1585	-52.5	-4.5	52.693	1070.062	10.15901	1.75	6.4	27.093	4.822E-8	1	0	2.39613
1586	-52.5	-3.5	52.617	1070.213	10.16881	1.75	6.4	27.017	4.831E-8	1	0	2.39878
1587	-52.5	-2.5	52.559	1070.328	10.17626	1.75	6.4	26.959	4.8378E-8	1	0	2.40077
1588	-52.5	-1.5	52.521	1070.405	10.18127	1.75	6.4	26.921	4.8424E-8	1	0	2.4021
1589	-52.5	-0.5	52.502	1070.444	10.18379	1.75	6.4	26.902	4.8448E-8	1	0	2.40276
1590	-52.5	0.5	52.502	1070.444	10.18379	1.75	6.4	26.902	4.8448E-8	1	0	2.40276
1591	-52.5	1.5	52.521	1070.405	10.18127	1.75	6.4	26.921	4.8424E-8	1	0	2.4021
1592	-52.5	2.5	52.559	1070.328	10.17626	1.75	6.4	26.959	4.8378E-8	1	0	2.40077
1593	-52.5	3.5	52.617	1070.213	10.16881	1.75	6.4	27.017	4.831E-8	1	0	2.39878
1594	-52.5	4.5	52.693	1070.062	10.15901	1.75	6.4	27.093	4.822E-8	1	0	2.39613
1595	-52.5	5.5	52.787	1069.876	10.14699	1.75	6.4	27.187	4.811E-8	1	0	2.39282
1596	-52.5	6.5	52.901	1069.658	10.13287	1.75	6.4	27.301	4.798E-8	1	0	2.38884
1597	-52.5	7.5	53.033	1069.41	10.11682	1.75	6.4	27.433	4.7834E-8	1	0	2.38419
1598	-52.5	8.5	53.184	1069.135	10.09903	1.75	6.4	27.584	4.7671E-8	1	0	2.37887
1599	-52.5	9.5	53.353	1068.836	10.0797	1.75	6.4	27.753	4.7495E-8	1	0	2.37289
1600	-52.5	10.5	53.54	1068.516	10.05905	1.75	6.4	27.94	4.7307E-8	1	0	2.36624
1601	-52.5	11.5	53.745	1068.178	10.03731	1.75	6.4	28.145	4.711E-8	1	0	2.35891
1602	-52.5	12.5	53.968	1067.828	10.01473	1.75	6.4	28.368	4.6905E-8	1	0	2.35092
1603	-52.5	13.5	54.208	1067.467	9.99157	1.75	6.4	28.608	4.6696E-8	1	0	2.34226
1604	-52.5	14.5	54.466	1067.101	9.96807	1.75	6.4	28.866	4.6484E-8	1	0	2.33294
1605	-52.5	15.5	54.74	1066.733	9.9445	1.75	6.4	29.14	4.6271E-8	1	0	2.32295
1606	-52.5	16.5	55.032	1066.368	9.92112	1.75	6.4	29.432	4.6061E-8	1	0	2.31231
1607	-52.5	17.5	55.34	1066.009	9.89818	1.75	6.4	29.74	4.5856E-8	1	0	2.30101
1608	-52.5	18.5	55.664	1065.661	9.87593	1.75	6.4	30.064	4.5657E-8	1	0	2.28908
1609	-52.5	19.5	56.004	1065.327	9.85461	1.75	6.4	30.404	4.5466E-8	1	0	2.2765
1610	-52.5	20.5	56.36	1065.01	9.83444	1.75	6.4	30.76	4.5286E-8	1	0	2.26331
1611	-52.5	21.5	56.732	1064.714	9.81563	1.75	6.4	31.132	4.5119E-8	1	0	2.24952
1612	-52.5	22.5	57.118	1064.443	9.79839	1.75	6.4	31.518	4.4966E-8	1	0	2.23513
1613	-52.5	23.5	57.52	1064.199	9.7829	1.75	6.4	31.92	4.4828E-8	1	0	2.22018
1614	-52.5	24.5	57.935	1063.985	9.7693	1.75	6.4	32.335	4.4708E-8	1	0	2.20469
1615	-52.5	25.5	58.365	1063.803	9.75776	1.75	6.4	32.765	4.4606E-8	1	0	2.18867
1616	-52.5	26.5	58.809	1063.655	9.74838	1.75	6.4	33.209	4.4523E-8	1	0	2.17217
1617	-52.5	27.5	59.266	1063.542	9.74125	1.75	6.4	33.666	4.446E-8	1	0	2.15521
1618	-52.5	28.5	59.737	1063.467	9.73647	1.75	6.4	34.137	4.4418E-8	1	0	2.13783
1619	-52.5	29.5	60.22	1063.429	9.73408	1.75	6.4	34.62	4.4397E-8	1	0	2.12005
1620	-51.5	-29.5	59.351	1069.214	9.70984	1.75	6.4	33.751	4.4066E-8	1	0	2.16444
1621	-51.5	-28.5	58.86	1069.255	9.71248	1.75	6.4	33.26	4.409E-8	1	0	2.18365
1622	-51.5	-27.5	58.382	1069.336	9.71779	1.75	6.4	32.782	4.4136E-8	1	0	2.20243
1623	-51.5	-26.5	57.918	1069.457	9.72568	1.75	6.4	32.318	4.4206E-8	1	0	2.22076
1624	-51.5	-25.5	57.467	1069.616	9.73607	1.75	6.4	31.867	4.4297E-8	1	0	2.2386
1625	-51.5	-24.5	57.031	1069.812	9.74886	1.75	6.4	31.431	4.441E-8	1	0	2.2559
1626	-51.5	-23.5	56.608	1070.042	9.76392	1.75	6.4	31.008	4.4543E-8	1	0	2.27265
1627	-51.5	-22.5	56.201	1070.304	9.7811	1.75	6.4	30.601	4.4694E-8	1	0	2.2888
1628	-51.5	-21.5	55.808	1070.595	9.80021	1.75	6.4	30.208	4.4864E-8	1	0	2.30434
1629	-51.5	-20.5	55.43	1070.913	9.82106	1.75	6.4	29.83	4.5049E-8	1	0	2.31924
1630	-51.5	-19.5	55.068	1071.253	9.84343	1.75	6.4	29.468	4.5247E-8	1	0	2.33348
1631	-51.5	-18.5	54.722	1071.612	9.86709	1.75	6.4	29.122	4.5458E-8	1	0	2.34706
1632	-51.5	-17.5	54.392	1071.986	9.89178	1.75	6.4	28.792	4.5679E-8	1	0	2.35994
1633	-51.5	-16.5	54.079	1072.372	9.91724	1.75	6.4	28.479	4.5906E-8	1	0	2.37214
1634	-51.5	-15.5	53.782	1072.764	9.94319	1.75	6.4	28.182	4.6139E-8	1	0	2.38363
1635	-51.5	-14.5	53.502	1073.159	9.96936	1.75	6.4	27.902	4.6374E-8	1	0	2.39441
1636	-51.5	-13.5	53.24	1073.553	9.99546	1.75	6.4	27.64	4.661E-8	1	0	2.40447
1637	-51.5	-12.5	52.995	1073.94	10.0212	1.75	6.4	27.395	4.6842E-8	1	0	2.41381
1638	-51.5	-11.5	52.768	1074.317	10.04629	1.75	6.4	27.168	4.7069E-8	1	0	2.42244
1639	-51.5	-10.5	52.559	1074.68	10.07045	1.75	6.4	26.959	4.7289E-8	1	0	2.43034
1640	-51.5	-9.5	52.369	1075.024	10.09341	1.75	6.4	26.769	4.7497E-8	1	0	2.43752
1641	-51.5	-8.5	52.197	1075.346	10.11491	1.75	6.4	26.597	4.7693E-8	1	0	2.44398
1642	-51.5	-7.5	52.043	1075.641	10.1347	1.75	6.4	26.443	4.7874E-8	1	0	2.44971
1643	-51.5	-6.5	51.909	1075.908	10.15256	1.75	6.4	26.309	4.8037E-8	1	0	2.45473
1644	-51.5	-5.5	51.793	1076.142	10.16827	1.75	6.4	26.193	4.8181E-8	1	0	2.45902
1645	-51.5	-4.5	51.696	1076.342	10.18165	1.75	6.4	26.096	4.8304E-8	1	0	2.4626
1646	-51.5	-3.5	51.619	1076.504	10.19255	1.75	6.4	26.019	4.8404E-8	1	0	2.46546
1647	-51.5	-2.5	51.561	1076.628	10.20085	1.75	6.4	25.961	4.848E-8	1	0	2.46761
1648	-51.5	-1.5	51.522	1076.711	10.20643	1.75	6.4	25.922	4.8532E-8	1	0	2.46904
1649	-51.5	-0.5	51.502	1076.752	10.20924	1.75	6.4	25.902	4.8558E-8	1	0	2.46975
1650	-51.5	0.5	51.502	1076.752	10.20924	1.75	6.4	25.902	4.8558E-8	1	0	2.46975
1651	-51.5	1.5	51.522	1076.711	10.20643	1.75	6.4	25.922	4.8532E-8	1	0	2.46904
1652	-51.5	2.5	51.561	1076.628	10.20085	1.75	6.4	25.961	4.848E-8	1	0	2.46761
1653	-51.5	3.5	51.619	1076.504	10.19255	1.75	6.4	26.019	4.8404E-8	1	0	2.46546
1654	-51.5	4.5	51.696	1076.342	10.18165	1.75	6.4	26.096	4.8304E-8	1	0	2.4626
1655	-51.5	5.5	51.793	1076.142	10.16827	1.75	6.4	26.193	4.8181E-8	1	0	2.45902
1656	-51.5	6.5	51.909	1075.908	10.15256	1.75	6.4	26.309	4.8037E-8	1	0	2.45473
1657	-51.5	7.5	52.043	1075.641	10.1347	1.75	6.4	26.443	4.7874E-8	1	0	2.44971
1658	-51.5	8.5	52.197	1075.346	10.11491	1.75	6.4	26.597	4.7693E-8	1	0	2.44398
1659	-51.5	9.5	52.369	1075.024	10.09341	1.75	6.4	26.769	4.7497E-8	1	0	2.43752
1660	-51.5	10.5	52.559	1074.68	10.07045	1.75	6.4	26.959	4.7289E-8	1	0	2.43034
1661	-51.5	11.5	52.768	1074.317	10.04629	1.75	6.4	27.168	4.7069E-8	1	0	2.42244
1662	-51.5	12.5	52.995	1073.94	10.0212	1.75	6.4	27.395	4.6842E-8	1	0	2.41381
1663	-51.5	13.5	53.24	1073.553	9.99546	1.75	6.4	27.64	4.661E-8	1	0	2.40447
1664	-51.5	14.5	53.502	1073.159	9.96936	1.75	6.4	27.902	4.6374E-8	1	0	2.39441
1665	-51.5	15.5	53.782	1072.764	9.94319	1.75	6.4	28.182	4.6139E-8	1	0	2.38363
1666	-51.5	16.5	54.079	1072.372	9.91724	1.75	6.4	28.479	4.5906E-8	1	0	2.37214
1667	-51.5	17.5	54.392	1071.986	9.89178	1.75	6.4	28.792	4.5679E-8	1	0	2.35994
1668	-51.5	18.5	54.722	1071.612	9.86709	1.75	6.4	29.122	4.5458E-8	1	0	2.34706
1669	-51.5	19.5	55.068	1071.253	9.84343	1.75	6.4	29.468	4.5247E-8	1	0	2.33348
1670	-51.5	20.5	55.43	1070.913	9.82106	1.75	6.4	29.83	4.5049E-8	1	0	2.31924
1671	-51.5	21.5	55.808	1070.595	9.80021	1.75	6.4	30.208	4.4864E-8	1	0	2.30434
1672	-51.5	22.5	56.201	1070.304	9.7811	1.75	6.4	30.601	4.4694E-8	1	0	2.2888
1673	-51.5	23.5	56.608	1070.042	9.76392	1.75	6.4	31.008	4.4543E-8	1	0	2.27265
1674	-51.5	24.5	57.031	1069.812	9.74886	1.75	6.4	31.431	4.441E-8	1	0	2.2559
1675	-51.5	25.5	57.467	1069.616	9.73607	1.75	6.4	31.867	4.4297E-8	1	0	2.2386
1676	-51.5	26.5	57.918	1069.457	9.72568	1.75	6.4	32.318	4.4206E-8	1	0	2.22076
1677	-51.5	27.5	58.382	1069.336	9.71779	1.75	6.4	32.782	4.4136E-8	1	0	2.20243
1678	-51.5	28.5	58.86	1069.255	9.71248	1.75	6.4	33.26	4.409E-8	1	0	2.18365
1679	-51.5	29.5	59.351	1069.214	9.70984	1.75	6.4	33.751	4.4066E-8	1	0	2.16444
1680	-50.5	-29.5	58.485	1074.738	9.68301	1.75	6.4	32.885	4.3719E-8	1	0	2.21138
1681	-50.5	-28.5	57.987	1074.781	9.68593	1.75	6.4	32.387	4.3744E-8	1	0	2.23217
1682	-50.5	-27.5	57.502	1074.868	9.6918	1.75	6.4	31.902	4.3796E-8	1	0	2.2525
1683	-50.5	-26.5	57.031	1074.998	9.70054	1.75	6.4	31.431	4.3872E-8	1	0	2.27234
1684	-50.5	-25.5	56.573	1075.168	9.71205	1.75	6.4	30.973	4.3973E-8	1	0	2.29164
1685	-50.5	-24.5	56.129	1075.378	9.72622	1.75	6.4	30.529	4.4098E-8	1	0	2.31037
1686	-50.5	-23.5	55.7	1075.625	9.74291	1.75	6.4	30.1	4.4244E-8	1	0	2.32849
1687	-50.5	-22.5	55.286	1075.906	9.76194	1.75	6.4	29.686	4.4412E-8	1	0	2.34597
1688	-50.5	-21.5	54.886	1076.219	9.78312	1.75	6.4	29.286	4.4599E-8	1	0	2.36278
1689	-50.5	-20.5	54.502	1076.559	9.80623	1.75	6.4	28.902	4.4803E-8	1	0	2.3789
1690	-50.5	-19.5	54.134	1076.924	9.83104	1.75	6.4	28.534	4.5023E-8	1	0	2.39431
1691	-50.5	-18.5	53.782	1077.31	9.85728	1.75	6.4	28.182	4.5256E-8	1	0	2.40899
1692	-50.5	-17.5	53.446	1077.711	9.88467	1.75	6.4	27.846	4.55E-8	1	0	2.42293
1693	-50.5	-16.5	53.127	1078.125	9.91292	1.75	6.4	27.527	4.5753E-8	1	0	2.43612
1694	-50.5	-15.5	52.825	1078.546	9.94174	1.75	6.4	27.225	4.6011E-8	1	0	2.44855
1695	-50.5	-14.5	52.54	1078.97	9.97079	1.75	6.4	26.94	4.6272E-8	1	0	2.46021
1696	-50.5	-13.5	52.273	1079.392	9.99978	1.75	6.4	26.673	4.6532E-8	1	0	2.47109
1697	-50.5	-12.5	52.024	1079.808	10.02838	1.75	6.4	26.424	4.6791E-8	1	0	2.4812
1698	-50.5	-11.5	51.793	1080.213	10.05626	1.75	6.4	26.193	4.7043E-8	1	0	2.49053
1699	-50.5	-10.5	51.58	1080.602	10.08313	1.75	6.4	25.98	4.7287E-8	1	0	2.49907
1700	-50.5	-9.5	51.386	1080.972	10.10866	1.75	6.4	25.786	4.7519E-8	1	0	2.50684
1701	-50.5	-8.5	51.21	1081.317	10.13257	1.75	6.4	25.61	4.7737E-8	1	0	2.51383
1702	-50.5	-7.5	51.054	1081.635	10.15459	1.75	6.4	25.454	4.7938E-8	1	0	2.52003
1703	-50.5	-6.5	50.917	1081.921	10.17446	1.75	6.4	25.317	4.812E-8	1	0	2.52546
1704	-50.5	-5.5	50.799	1082.173	10.19195	1.75	6.4	25.199	4.828E-8	1	0	2.53011
1705	-50.5	-4.5	50.7	1082.387	10.20685	1.75	6.4	25.1	4.8417E-8	1	0	2.53398
1706	-50.5	-3.5	50.621	1082.561	10.21898	1.75	6.4	25.021	4.8528E-8	1	0	2.53708
1707	-50.5	-2.5	50.562	1082.694	10.22821	1.75	6.4	24.962	4.8613E-8	1	0	2.5394
1708	-50.5	-1.5	50.522	1082.783	10.23443	1.75	6.4	24.922	4.867E-8	1	0	2.54095
1709	-50.5	-0.5	50.502	1082.828	10.23756	1.75	6.4	24.902	4.8699E-8	1	0	2.54172
1710	-50.5	0.5	50.502	1082.828	10.23756	1.75	6.4	24.902	4.8699E-8	1	0	2.54172
1711	-50.5	1.5	50.522	1082.783	10.23443	1.75	6.4	24.922	4.867E-8	1	0	2.54095
1712	-50.5	2.5	50.562	1082.694	10.22821	1.75	6.4	24.962	4.8613E-8	1	0	2.5394
1713	-50.5	3.5	50.621	1082.561	10.21898	1.75	6.4	25.021	4.8528E-8	1	0	2.53708
1714	-50.5	4.5	50.7	1082.387	10.20685	1.75	6.4	25.1	4.8417E-8	1	0	2.53398
1715	-50.5	5.5	50.799	1082.173	10.19195	1.75	6.4	25.199	4.828E-8	1	0	2.53011
1716	-50.5	6.5	50.917	1081.921	10.17446	1.75	6.4	25.317	4.812E-8	1	0	2.52546
1717	-50.5	7.5	51.054	1081.635	10.15459	1.75	6.4	25.454	4.7938E-8	1	0	2.52003
1718	-50.5	8.5	51.21	1081.317	10.13257	1.75	6.4	25.61	4.7737E-8	1	0	2.51383
1719	-50.5	9.5	51.386	1080.972	10.10866	1.75	6.4	25.786	4.7519E-8	1	0	2.50684
1720	-50.5	10.5	51.58	1080.602	10.08313	1.75	6.4	25.98	4.7287E-8	1	0	2.49907
1721	-50.5	11.5	51.793	1080.213	10.05626	1.75	6.4	26.193	4.7043E-8	1	0	2.49053
1722	-50.5	12.5	52.024	1079.808	10.02838	1.75	6.4	26.424	4.6791E-8	1	0	2.4812
1723	-50.5	13.5	52.273	1079.392	9.99978	1.75	6.4	26.673	4.6532E-8	1	0	2.47109
1724	-50.5	14.5	52.54	1078.97	9.97079	1.75	6.4	26.94	4.6272E-8	1	0	2.46021
1725	-50.5	15.5	52.825	1078.546	9.94174	1.75	6.4	27.225	4.6011E-8	1	0	2.44855
1726	-50.5	16.5	53.127	1078.125	9.91292	1.75	6.4	27.527	4.5753E-8	1	0	2.43612
1727	-50.5	17.5	53.446	1077.711	9.88467	1.75	6.4	27.846	4.55E-8	1	0	2.42293
1728	-50.5	18.5	53.782	1077.31	9.85728	1.75	6.4	28.182	4.5256E-8	1	0	2.40899
1729	-50.5	19.5	54.134	1076.924	9.83104	1.75	6.4	28.534	4.5023E-8	1	0	2.39431
1730	-50.5	20.5	54.502	1076.559	9.80623	1.75	6.4	28.902	4.4803E-8	1	0	2.3789
1731	-50.5	21.5	54.886	1076.219	9.78312	1.75	6.4	29.286	4.4599E-8	1	0	2.36278
1732	-50.5	22.5	55.286	1075.906	9.76194	1.75	6.4	29.686	4.4412E-8	1	0	2.34597
1733	-50.5	23.5	55.7	1075.625	9.74291	1.75	6.4	30.1	4.4244E-8	1	0	2.32849
1734	-50.5	24.5	56.129	1075.378	9.72622	1.75	6.4	30.529	4.4098E-8	1	0	2.31037
1735	-50.5	25.5	56.573	1075.168	9.71205	1.75	6.4	30.973	4.3973E-8	1	0	2.29164
1736	-50.5	26.5	57.031	1074.998	9.70054	1.75	6.4	31.431	4.3872E-8	1	0	2.27234
1737	-50.5	27.5	57.502	1074.868	9.6918	1.75	6.4	31.902	4.3796E-8	1	0	2.2525
1738	-50.5	28.5	57.987	1074.781	9.68593	1.75	6.4	32.387	4.3744E-8	1	0	2.23217
1739	-50.5	29.5	58.485	1074.738	9.68301	1.75	6.4	32.885	4.3719E-8	1	0	2.21138
1740	-49.5	-29.5	57.624	1080	9.6533	1.75	6.4	32.024	4.3352E-8	1	0	2.26114
1741	-49.5	-28.5	57.118	1080.046	9.65653	1.75	6.4	31.518	4.3381E-8	1	0	2.28368
1742	-49.5	-27.5	56.626	1080.14	9.66304	1.75	6.4	31.026	4.3437E-8	1	0	2.30572
1743	-49.5	-26.5	56.147	1080.278	9.67271	1.75	6.4	30.547	4.3522E-8	1	0	2.32722
1744	-49.5	-25.5	55.682	1080.461	9.68545	1.75	6.4	30.082	4.3633E-8	1	0	2.34815
1745	-49.5	-24.5	55.231	1080.686	9.70114	1.75	6.4	29.631	4.377E-8	1	0	2.36845
1746	-49.5	-23.5	54.795	1080.95	9.71963	1.75	6.4	29.195	4.3932E-8	1	0	2.38809
1747	-49.5	-22.5	54.374	1081.251	9.74071	1.75	6.4	28.774	4.4117E-8	1	0	2.40703
1748	-49.5	-21.5	53.968	1081.586	9.76418	1.75	6.4	28.368	4.4324E-8	1	0	2.42525
1749	-49.5	-20.5	53.577	1081.951	9.7898	1.75	6.4	27.977	4.4549E-8	1	0	2.44273
1750	-49.5	-19.5	53.202	1082.342	9.8173	1.75	6.4	27.602	4.4792E-8	1	0	2.45943
1751	-49.5	-18.5	52.844	1082.756	9.84639	1.75	6.4	27.244	4.505E-8	1	0	2.47534
1752	-49.5	-17.5	52.502	1083.186	9.87678	1.75	6.4	26.902	4.532E-8	1	0	2.49045
1753	-49.5	-16.5	52.178	1083.63	9.90813	1.75	6.4	26.578	4.56E-8	1	0	2.50474
1754	-49.5	-15.5	51.87	1084.081	9.94012	1.75	6.4	26.27	4.5886E-8	1	0	2.51821
1755	-49.5	-14.5	51.58	1084.536	9.97238	1.75	6.4	25.98	4.6175E-8	1	0	2.53085
1756	-49.5	-13.5	51.308	1084.988	10.00458	1.75	6.4	25.708	4.6464E-8	1	0	2.54265
1757	-49.5	-12.5	51.054	1085.434	10.03636	1.75	6.4	25.454	4.6751E-8	1	0	2.55361
1758	-49.5	-11.5	50.818	1085.868	10.06735	1.75	6.4	25.218	4.7031E-8	1	0	2.56372
1759	-49.5	-10.5	50.601	1086.285	10.09721	1.75	6.4	25.001	4.7302E-8	1	0	2.57299
1760	-49.5	-9.5	50.403	1086.681	10.12561	1.75	6.4	24.803	4.7561E-8	1	0	2.58142
1761	-49.5	-8.5	50.224	1087.052	10.15221	1.75	6.4	24.624	4.7803E-8	1	0	2.589
1762	-49.5	-7.5	50.065	1087.393	10.17672	1.75	6.4	24.465	4.8027E-8	1	0	2.59574
1763	-49.5	-6.5	49.925	1087.7	10.19883	1.75	6.4	24.325	4.8229E-8	1	0	2.60163
1764	-49.5	-5.5	49.805	1087.969	10.2183	1.75	6.4	24.205	4.8408E-8	1	0	2.60668
1765	-49.5	-4.5	49.704	1088.199	10.23489	1.75	6.4	24.104	4.8561E-8	1	0	2.61088
1766	-49.5	-3.5	49.624	1088.386	10.2484	1.75	6.4	24.024	4.8685E-8	1	0	2.61424
1767	-49.5	-2.5	49.563	1088.528	10.25869	1.75	6.4	23.963	4.878E-8	1	0	2.61677
1768	-49.5	-1.5	49.523	1088.624	10.26561	1.75	6.4	23.923	4.8844E-8	1	0	2.61845
1769	-49.5	-0.5	49.503	1088.672	10.26909	1.75	6.4	23.903	4.8876E-8	1	0	2.61929
1770	-49.5	0.5	49.503	1088.672	10.26909	1.75	6.4	23.903	4.8876E-8	1	0	2.61929
1771	-49.5	1.5	49.523	1088.624	10.26561	1.75	6.4	23.923	4.8844E-8	1	0	2.61845
1772	-49.5	2.5	49.563	1088.528	10.25869	1.75	6.4	23.963	4.878E-8	1	0	2.61677
1773	-49.5	3.5	49.624	1088.386	10.2484	1.75	6.4	24.024	4.8685E-8	1	0	2.61424
1774	-49.5	4.5	49.704	1088.199	10.23489	1.75	6.4	24.104	4.8561E-8	1	0	2.61088
1775	-49.5	5.5	49.805	1087.969	10.2183	1.75	6.4	24.205	4.8408E-8	1	0	2.60668
1776	-49.5	6.5	49.925	1087.7	10.19883	1.75	6.4	24.325	4.8229E-8	1	0	2.60163
1777	-49.5	7.5	50.065	1087.393	10.17672	1.75	6.4	24.465	4.8027E-8	1	0	2.59574
1778	-49.5	8.5	50.224	1087.052	10.15221	1.75	6.4	24.624	4.7803E-8	1	0	2.589
1779	-49.5	9.5	50.403	1086.681	10.12561	1.75	6.4	24.803	4.7561E-8	1	0	2.58142
1780	-49.5	10.5	50.601	1086.285	10.09721	1.75	6.4	25.001	4.7302E-8	1	0	2.57299
1781	-49.5	11.5	50.818	1085.868	10.06735	1.75	6.4	25.218	4.7031E-8	1	0	2.56372
1782	-49.5	12.5	51.054	1085.434	10.03636	1.75	6.4	25.454	4.6751E-8	1	0	2.55361
1783	-49.5	13.5	51.308	1084.988	10.00458	1.75	6.4	25.708	4.6464E-8	1	0	2.54265
1784	-49.5	14.5	51.58	1084.536	9.97238	1.75	6.4	25.98	4.6175E-8	1	0	2.53085
1785	-49.5	15.5	51.87	1084.081	9.94012	1.75	6.4	26.27	4.5886E-8	1	0	2.51821
1786	-49.5	16.5	52.178	1083.63	9.90813	1.75	6.4	26.578	4.56E-8	1	0	2.50474
1787	-49.5	17.5	52.502	1083.186	9.87678	1.75	6.4	26.902	4.532E-8	1	0	2.49045
1788	-49.5	18.5	52.844	1082.756	9.84639	1.75	6.4	27.244	4.505E-8	1	0	2.47534
1789	-49.5	19.5	53.202	1082.342	9.8173	1.75	6.4	27.602	4.4792E-8	1	0	2.45943
1790	-49.5	20.5	53.577	1081.951	9.7898	1.75	6.4	27.977	4.4549E-8	1	0	2.44273
1791	-49.5	21.5	53.968	1081.586	9.76418	1.75	6.4	28.368	4.4324E-8	1	0	2.42525
1792	-49.5	22.5	54.374	1081.251	9.74071	1.75	6.4	28.774	4.4117E-8	1	0	2.40703
1793	-49.5	23.5	54.795	1080.95	9.71963	1.75	6.4	29.195	4.3932E-8	1	0	2.38809
1794	-49.5	24.5	55.231	1080.686	9.70114	1.75	6.4	29.631	4.377E-8	1	0	2.36845
1795	-49.5	25.5	55.682	1080.461	9.68545	1.75	6.4	30.082	4.3633E-8	1	0	2.34815
1796	-49.5	26.5	56.147	1080.278	9.67271	1.75	6.4	30.547	4.3522E-8	1	0	2.32722
1797	-49.5	27.5	56.626	1080.14	9.66304	1.75	6.4	31.026	4.3437E-8	1	0	2.30572
1798	-49.5	28.5	57.118	1080.046	9.65653	1.75	6.4	31.518	4.3381E-8	1	0	2.28368
1799	-49.5	29.5	57.624	1080	9.6533	1.75	6.4	32.024	4.3352E-8	1	0	2.26114
1800	-48.5	-29.5	56.767	1085.002	9.62044	1.75	6.4	31.167	4.2965E-8	1	0	2.31403
1801	-48.5	-28.5	56.254	1085.052	9.62401	1.75	6.4	30.654	4.2995E-8	1	0	2.33849
1802	-48.5	-27.5	55.754	1085.152	9.6312	1.75	6.4	30.154	4.3058E-8	1	0	2.36242
1803	-48.5	-26.5	55.268	1085.301	9.6419	1.75	6.4	29.668	4.3151E-8	1	0	2.38577
1804	-48.5	-25.5	54.795	1085.496	9.65601	1.75	6.4	29.195	4.3274E-8	1	0	2.40849
1805	-48.5	-24.5	54.337	1085.737	9.67338	1.75	6.4	28.737	4.3425E-8	1	0	2.43053
1806	-48.5	-23.5	53.893	1086.019	9.69385	1.75	6.4	28.293	4.3603E-8	1	0	2.45186
1807	-48.5	-22.5	53.465	1086.342	9.71719	1.75	6.4	27.865	4.3808E-8	1	0	2.47243
1808	-48.5	-21.5	53.052	1086.7	9.74319	1.75	6.4	27.452	4.4036E-8	1	0	2.49222
1809	-48.5	-20.5	52.655	1087.091	9.77158	1.75	6.4	27.055	4.4285E-8	1	0	2.51119
1810	-48.5	-19.5	52.273	1087.509	9.80206	1.75	6.4	26.673	4.4554E-8	1	0	2.52933
1811	-48.5	-18.5	51.909	1087.951	9.83433	1.75	6.4	26.309	4.4839E-8	1	0	2.54661
1812	-48.5	-17.5	51.561	1088.412	9.86803	1.75	6.4	25.961	4.5138E-8	1	0	2.56302
1813	-48.5	-16.5	51.23	1088.887	9.90282	1.75	6.4	25.63	4.5447E-8	1	0	2.57855
1814	-48.5	-15.5	50.917	1089.37	9.93832	1.75	6.4	25.317	4.5764E-8	1	0	2.59319
1815	-48.5	-14.5	50.621	1089.857	9.97415	1.75	6.4	25.021	4.6085E-8	1	0	2.60692
1816	-48.5	-13.5	50.344	1090.342	10.00991	1.75	6.4	24.744	4.6406E-8	1	0	2.61975
1817	-48.5	-12.5	50.085	1090.819	10.04522	1.75	6.4	24.485	4.6724E-8	1	0	2.63166
1818	-48.5	-11.5	49.845	1091.284	10.07967	1.75	6.4	24.245	4.7036E-8	1	0	2.64266
1819	-48.5	-10.5	49.624	1091.73	10.11288	1.75	6.4	24.024	4.7337E-8	1	0	2.65275
1820	-48.5	-9.5	49.422	1092.155	10.14447	1.75	6.4	23.822	4.7624E-8	1	0	2.66192
1821	-48.5	-8.5	49.239	1092.551	10.17407	1.75	6.4	23.639	4.7894E-8	1	0	2.67017
1822	-48.5	-7.5	49.076	1092.916	10.20133	1.75	6.4	23.476	4.8144E-8	1	0	2.67751
1823	-48.5	-6.5	48.934	1093.245	10.22595	1.75	6.4	23.334	4.837E-8	1	0	2.68392
1824	-48.5	-5.5	48.811	1093.534	10.24763	1.75	6.4	23.211	4.8569E-8	1	0	2.68942
1825	-48.5	-4.5	48.708	1093.78	10.26611	1.75	6.4	23.108	4.8739E-8	1	0	2.69401
1826	-48.5	-3.5	48.626	1093.98	10.28117	1.75	6.4	23.026	4.8878E-8	1	0	2.69767
1827	-48.5	-2.5	48.564	1094.133	10.29262	1.75	6.4	22.964	4.8983E-8	1	0	2.70042
1828	-48.5	-1.5	48.523	1094.235	10.30034	1.75	6.4	22.923	4.9055E-8	1	0	2.70226
1829	-48.5	-0.5	48.503	1094.287	10.30422	1.75	6.4	22.903	4.9091E-8	1	0	2.70317
1830	-48.5	0.5	48.503	1094.287	10.30422	1.75	6.4	22.903	4.9091E-8	1	0	2.70317
1831	-48.5	1.5	48.523	1094.235	10.30034	1.75	6.4	22.923	4.9055E-8	1	0	2.70226
1832	-48.5	2.5	48.564	1094.133	10.29262	1.75	6.4	22.964	4.8983E-8	1	0	2.70042
1833	-48.5	3.5	48.626	1093.98	10.28117	1.75	6.4	23.026	4.8878E-8	1	0	2.69767
1834	-48.5	4.5	48.708	1093.78	10.26611	1.75	6.4	23.108	4.8739E-8	1	0	2.69401
1835	-48.5	5.5	48.811	1093.534	10.24763	1.75	6.4	23.211	4.8569E-8	1	0	2.68942
1836	-48.5	6.5	48.934	1093.245	10.22595	1.75	6.4	23.334	4.837E-8	1	0	2.68392
1837	-48.5	7.5	49.076	1092.916	10.20133	1.75	6.4	23.476	4.8144E-8	1	0	2.67751
1838	-48.5	8.5	49.239	1092.551	10.17407	1.75	6.4	23.639	4.7894E-8	1	0	2.67017
1839	-48.5	9.5	49.422	1092.155	10.14447	1.75	6.4	23.822	4.7624E-8	1	0	2.66192
1840	-48.5	10.5	49.624	1091.73	10.11288	1.75	6.4	24.024	4.7337E-8	1	0	2.65275
1841	-48.5	11.5	49.845	1091.284	10.07967	1.75	6.4	24.245	4.7036E-8	1	0	2.64266
1842	-48.5	12.5	50.085	1090.819	10.04522	1.75	6.4	24.485	4.6724E-8	1	0	2.63166
1843	-48.5	13.5	50.344	1090.342	10.00991	1.75	6.4	24.744	4.6406E-8	1	0	2.61975
1844	-48.5	14.5	50.621	1089.857	9.97415	1.75	6.4	25.021	4.6085E-8	1	0	2.60692
1845	-48.5	15.5	50.917	1089.37	9.93832	1.75	6.4	25.317	4.5764E-8	1	0	2.59319
1846	-48.5	16.5	51.23	1088.887	9.90282	1.75	6.4	25.63	4.5447E-8	1	0	2.57855
1847	-48.5	17.5	51.561	1088.412	9.86803	1.75	6.4	25.961	4.5138E-8	1	0	2.56302
1848	-48.5	18.5	51.909	1087.951	9.83433	1.75	6.4	26.309	4.4839E-8	1	0	2.54661
1849	-48.5	19.5	52.273	1087.509	9.80206	1.75	6.4	26.673	4.4554E-8	1	0	2.52933
1850	-48.5	20.5	52.655	1087.091	9.77158	1.75	6.4	27.055	4.4285E-8	1	0	2.51119
1851	-48.5	21.5	53.052	1086.7	9.74319	1.75	6.4	27.452	4.4036E-8	1	0	2.49222
1852	-48.5	22.5	53.465	1086.342	9.71719	1.75	6.4	27.865	4.3808E-8	1	0	2.47243
1853	-48.5	23.5	53.893	1086.019	9.69385	1.75	6.4	28.293	4.3603E-8	1	0	2.45186
1854	-48.5	24.5	54.337	1085.737	9.67338	1.75	6.4	28.737	4.3425E-8	1	0	2.43053
1855	-48.5	25.5	54.795	1085.496	9.65601	1.75	6.4	29.195	4.3274E-8	1	0	2.40849
1856	-48.5	26.5	55.268	1085.301	9.6419	1.75	6.4	29.668	4.3151E-8	1	0	2.38577
1857	-48.5	27.5	55.754	1085.152	9.6312	1.75	6.4	30.154	4.3058E-8	1	0	2.36242
1858	-48.5	28.5	56.254	1085.052	9.62401	1.75	6.4	30.654	4.2995E-8	1	0	2.33849
1859	-48.5	29.5	56.767	1085.002	9.62044	1.75	6.4	31.167	4.2965E-8	1	0	2.31403
1860	-47.5	-29.5	55.915	1089.748	9.58408	1.75	6.4	30.315	4.2553E-8	1	0	2.37037
1861	-47.5	-28.5	55.394	1089.801	9.58802	1.75	6.4	29.794	4.2587E-8	1	0	2.39698
1862	-47.5	-27.5	54.886	1089.908	9.59598	1.75	6.4	29.286	4.2655E-8	1	0	2.423
1863	-47.5	-26.5	54.392	1090.066	9.60782	1.75	6.4	28.792	4.2758E-8	1	0	2.4484
1864	-47.5	-25.5	53.912	1090.275	9.62343	1.75	6.4	28.312	4.2893E-8	1	0	2.47311
1865	-47.5	-24.5	53.446	1090.532	9.64265	1.75	6.4	27.846	4.306E-8	1	0	2.49709
1866	-47.5	-23.5	52.995	1090.835	9.6653	1.75	6.4	27.395	4.3257E-8	1	0	2.52029
1867	-47.5	-22.5	52.559	1091.179	9.69115	1.75	6.4	26.959	4.3482E-8	1	0	2.54267
1868	-47.5	-21.5	52.139	1091.562	9.71995	1.75	6.4	26.539	4.3733E-8	1	0	2.5642
1869	-47.5	-20.5	51.735	1091.979	9.7514	1.75	6.4	26.135	4.4009E-8	1	0	2.58484
1870	-47.5	-19.5	51.347	1092.427	9.78518	1.75	6.4	25.747	4.4305E-8	1	0	2.60458
1871	-47.5	-18.5	50.975	1092.899	9.82094	1.75	6.4	25.375	4.4621E-8	1	0	2.6234
1872	-47.5	-17.5	50.621	1093.392	9.85832	1.75	6.4	25.021	4.4951E-8	1	0	2.64127
1873	-47.5	-16.5	50.284	1093.899	9.89692	1.75	6.4	24.684	4.5294E-8	1	0	2.65818
1874	-47.5	-15.5	49.965	1094.416	9.93632	1.75	6.4	24.365	4.5645E-8	1	0	2.67412
1875	-47.5	-14.5	49.664	1094.936	9.9761	1.75	6.4	24.064	4.6001E-8	1	0	2.68909
1876	-47.5	-13.5	49.381	1095.454	10.01583	1.75	6.4	23.781	4.6358E-8	1	0	2.70307
1877	-47.5	-12.5	49.117	1095.965	10.05507	1.75	6.4	23.517	4.6711E-8	1	0	2.71607
1878	-47.5	-11.5	48.872	1096.461	10.09336	1.75	6.4	23.272	4.7058E-8	1	0	2.72807
1879	-47.5	-10.5	48.647	1096.939	10.1303	1.75	6.4	23.047	4.7393E-8	1	0	2.73908
1880	-47.5	-9.5	48.441	1097.393	10.16544	1.75	6.4	22.841	4.7713E-8	1	0	2.7491
1881	-47.5	-8.5	48.255	1097.817	10.19838	1.75	6.4	22.655	4.8013E-8	1	0	2.75812
1882	-47.5	-7.5	48.088	1098.207	10.22874	1.75	6.4	22.488	4.8292E-8	1	0	2.76613
1883	-47.5	-6.5	47.943	1098.559	10.25615	1.75	6.4	22.343	4.8543E-8	1	0	2.77315
1884	-47.5	-5.5	47.817	1098.868	10.2803	1.75	6.4	22.217	4.8766E-8	1	0	2.77917
1885	-47.5	-4.5	47.713	1099.131	10.30088	1.75	6.4	22.113	4.8955E-8	1	0	2.78419
1886	-47.5	-3.5	47.629	1099.345	10.31766	1.75	6.4	22.029	4.911E-8	1	0	2.7882
1887	-47.5	-2.5	47.566	1099.508	10.33043	1.75	6.4	21.966	4.9229E-8	1	0	2.79121
1888	-47.5	-1.5	47.524	1099.617	10.33903	1.75	6.4	21.924	4.9308E-8	1	0	2.79322
1889	-47.5	-0.5	47.503	1099.672	10.34336	1.75	6.4	21.903	4.9348E-8	1	0	2.79423
1890	-47.5	0.5	47.503	1099.672	10.34336	1.75	6.4	21.903	4.9348E-8	1	0	2.79423
1891	-47.5	1.5	47.524	1099.617	10.33903	1.75	6.4	21.924	4.9308E-8	1	0	2.79322
1892	-47.5	2.5	47.566	1099.508	10.33043	1.75	6.4	21.966	4.9229E-8	1	0	2.79121
1893	-47.5	3.5	47.629	1099.345	10.31766	1.75	6.4	22.029	4.911E-8	1	0	2.7882
1894	-47.5	4.5	47.713	1099.131	10.30088	1.75	6.4	22.113	4.8955E-8	1	0	2.78419
1895	-47.5	5.5	47.817	1098.868	10.2803	1.75	6.4	22.217	4.8766E-8	1	0	2.77917
1896	-47.5	6.5	47.943	1098.559	10.25615	1.75	6.4	22.343	4.8543E-8	1	0	2.77315
1897	-47.5	7.5	48.088	1098.207	10.22874	1.75	6.4	22.488	4.8292E-8	1	0	2.76613
1898	-47.5	8.5	48.255	1097.817	10.19838	1.75	6.4	22.655	4.8013E-8	1	0	2.75812
1899	-47.5	9.5	48.441	1097.393	10.16544	1.75	6.4	22.841	4.7713E-8	1	0	2.7491
1900	-47.5	10.5	48.647	1096.939	10.1303	1.75	6.4	23.047	4.7393E-8	1	0	2.73908
1901	-47.5	11.5	48.872	1096.461	10.09336	1.75	6.4	23.272	4.7058E-8	1	0	2.72807
1902	-47.5	12.5	49.117	1095.965	10.05507	1.75	6.4	23.517	4.6711E-8	1	0	2.71607
1903	-47.5	13.5	49.381	1095.454	10.01583	1.75	6.4	23.781	4.6358E-8	1	0	2.70307
1904	-47.5	14.5	49.664	1094.936	9.9761	1.75	6.4	24.064	4.6001E-8	1	0	2.68909
1905	-47.5	15.5	49.965	1094.416	9.93632	1.75	6.4	24.365	4.5645E-8	1	0	2.67412
1906	-47.5	16.5	50.284	1093.899	9.89692	1.75	6.4	24.684	4.5294E-8	1	0	2.65818
1907	-47.5	17.5	50.621	1093.392	9.85832	1.75	6.4	25.021	4.4951E-8	1	0	2.64127
1908	-47.5	18.5	50.975	1092.899	9.82094	1.75	6.4	25.375	4.4621E-8	1	0	2.6234
1909	-47.5	19.5	51.347	1092.427	9.78518	1.75	6.4	25.747	4.4305E-8	1	0	2.60458
1910	-47.5	20.5	51.735	1091.979	9.7514	1.75	6.4	26.135	4.4009E-8	1	0	2.58484
1911	-47.5	21.5	52.139	1091.562	9.71995	1.75	6.4	26.539	4.3733E-8	1	0	2.5642
1912	-47.5	22.5	52.559	1091.179	9.69115	1.75	6.4	26.959	4.3482E-8	1	0	2.54267
1913	-47.5	23.5	52.995	1090.835	9.6653	1.75	6.4	27.395	4.3257E-8	1	0	2.52029
1914	-47.5	24.5	53.446	1090.532	9.64265	1.75	6.4	27.846	4.306E-8	1	0	2.49709
1915	-47.5	25.5	53.912	1090.275	9.62343	1.75	6.4	28.312	4.2893E-8	1	0	2.47311
1916	-47.5	26.5	54.392	1090.066	9.60782	1.75	6.4	28.792	4.2758E-8	1	0	2.4484
1917	-47.5	27.5	54.886	1089.908	9.59598	1.75	6.4	29.286	4.2655E-8	1	0	2.423
1918	-47.5	28.5	55.394	1089.801	9.58802	1.75	6.4	29.794	4.2587E-8	1	0	2.39698
1919	-47.5	29.5	55.915	1089.748	9.58408	1.75	6.4	30.315	4.2553E-8	1	0	2.37037
1920	-46.5	-29.5	55.068	1094.238	9.54388	1.75	6.4	29.468	4.2114E-8	1	0	2.43056
1921	-46.5	-28.5	54.539	1094.295	9.54823	1.75	6.4	28.939	4.2151E-8	1	0	2.45954
1922	-46.5	-27.5	54.023	1094.409	9.55703	1.75	6.4	28.423	4.2227E-8	1	0	2.48789
1923	-46.5	-26.5	53.521	1094.578	9.57012	1.75	6.4	27.921	4.234E-8	1	0	2.51556
1924	-46.5	-25.5	53.033	1094.801	9.58739	1.75	6.4	27.433	4.2489E-8	1	0	2.54249
1925	-46.5	-24.5	52.559	1095.075	9.60865	1.75	6.4	26.959	4.2672E-8	1	0	2.56862
1926	-46.5	-23.5	52.101	1095.397	9.63371	1.75	6.4	26.501	4.2889E-8	1	0	2.59391
1927	-46.5	-22.5	51.658	1095.765	9.66232	1.75	6.4	26.058	4.3137E-8	1	0	2.61831
1928	-46.5	-21.5	51.23	1096.174	9.69421	1.75	6.4	25.63	4.3415E-8	1	0	2.64178
1929	-46.5	-20.5	50.818	1096.619	9.72904	1.75	6.4	25.218	4.3719E-8	1	0	2.6643
1930	-46.5	-19.5	50.423	1097.097	9.76646	1.75	6.4	24.823	4.4047E-8	1	0	2.68584
1931	-46.5	-18.5	50.045	1097.601	9.80611	1.75	6.4	24.445	4.4395E-8	1	0	2.70637
1932	-46.5	-17.5	49.684	1098.127	9.84756	1.75	6.4	24.084	4.4761E-8	1	0	2.72588
1933	-46.5	-16.5	49.341	1098.668	9.89037	1.75	6.4	23.741	4.514E-8	1	0	2.74435
1934	-46.5	-15.5	49.015	1099.22	9.9341	1.75	6.4	23.415	4.5529E-8	1	0	2.76177
1935	-46.5	-14.5	48.708	1099.775	9.97827	1.75	6.4	23.108	4.5924E-8	1	0	2.77813
1936	-46.5	-13.5	48.42	1100.328	10.02241	1.75	6.4	22.82	4.632E-8	1	0	2.79343
1937	-46.5	-12.5	48.151	1100.873	10.06601	1.75	6.4	22.551	4.6713E-8	1	0	2.80765
1938	-46.5	-11.5	47.901	1101.403	10.10859	1.75	6.4	22.301	4.7098E-8	1	0	2.8208
1939	-46.5	-10.5	47.671	1101.913	10.14967	1.75	6.4	22.071	4.7471E-8	1	0	2.83287
1940	-46.5	-9.5	47.461	1102.397	10.18877	1.75	6.4	21.861	4.7827E-8	1	0	2.84385
1941	-46.5	-8.5	47.27	1102.85	10.22544	1.75	6.4	21.67	4.8163E-8	1	0	2.85375
1942	-46.5	-7.5	47.101	1103.266	10.25924	1.75	6.4	21.501	4.8473E-8	1	0	2.86255
1943	-46.5	-6.5	46.952	1103.642	10.28978	1.75	6.4	21.352	4.8754E-8	1	0	2.87027
1944	-46.5	-5.5	46.824	1103.972	10.31669	1.75	6.4	21.224	4.9002E-8	1	0	2.87688
1945	-46.5	-4.5	46.717	1104.252	10.33963	1.75	6.4	21.117	4.9214E-8	1	0	2.8824
1946	-46.5	-3.5	46.632	1104.481	10.35834	1.75	6.4	21.032	4.9388E-8	1	0	2.88682
1947	-46.5	-2.5	46.567	1104.655	10.37257	1.75	6.4	20.967	4.952E-8	1	0	2.89014
1948	-46.5	-1.5	46.524	1104.772	10.38216	1.75	6.4	20.924	4.9609E-8	1	0	2.89235
1949	-46.5	-0.5	46.503	1104.831	10.38698	1.75	6.4	20.903	4.9653E-8	1	0	2.89345
1950	-46.5	0.5	46.503	1104.831	10.38698	1.75	6.4	20.903	4.9653E-8	1	0	2.89345
1951	-46.5	1.5	46.524	1104.772	10.38216	1.75	6.4	20.924	4.9609E-8	1	0	2.89235
1952	-46.5	2.5	46.567	1104.655	10.37257	1.75	6.4	20.967	4.952E-8	1	0	2.89014
1953	-46.5	3.5	46.632	1104.481	10.35834	1.75	6.4	21.032	4.9388E-8	1	0	2.88682
1954	-46.5	4.5	46.717	1104.252	10.33963	1.75	6.4	21.117	4.9214E-8	1	0	2.8824
1955	-46.5	5.5	46.824	1103.972	10.31669	1.75	6.4	21.224	4.9002E-8	1	0	2.87688
1956	-46.5	6.5	46.952	1103.642	10.28978	1.75	6.4	21.352	4.8754E-8	1	0	2.87027
1957	-46.5	7.5	47.101	1103.266	10.25924	1.75	6.4	21.501	4.8473E-8	1	0	2.86255
1958	-46.5	8.5	47.27	1102.85	10.22544	1.75	6.4	21.67	4.8163E-8	1	0	2.85375
1959	-46.5	9.5	47.461	1102.397	10.18877	1.75	6.4	21.861	4.7827E-8	1	0	2.84385
1960	-46.5	10.5	47.671	1101.913	10.14967	1.75	6.4	22.071	4.7471E-8	1	0	2.83287
1961	-46.5	11.5	47.901	1101.403	10.10859	1.75	6.4	22.301	4.7098E-8	1	0	2.8208
1962	-46.5	12.5	48.151	1100.873	10.06601	1.75	6.4	22.551	4.6713E-8	1	0	2.80765
1963	-46.5	13.5	48.42	1100.328	10.02241	1.75	6.4	22.82	4.632E-8	1	0	2.79343
1964	-46.5	14.5	48.708	1099.775	9.97827	1.75	6.4	23.108	4.5924E-8	1	0	2.77813
1965	-46.5	15.5	49.015	1099.22	9.9341	1.75	6.4	23.415	4.5529E-8	1	0	2.76177
1966	-46.5	16.5	49.341	1098.668	9.89037	1.75	6.4	23.741	4.514E-8	1	0	2.74435
1967	-46.5	17.5	49.684	1098.127	9.84756	1.75	6.4	24.084	4.4761E-8	1	0	2.72588
1968	-46.5	18.5	50.045	1097.601	9.80611	1.75	6.4	24.445	4.4395E-8	1	0	2.70637
1969	-46.5	19.5	50.423	1097.097	9.76646	1.75	6.4	24.823	4.4047E-8	1	0	2.68584
1970	-46.5	20.5	50.818	1096.619	9.72904	1.75	6.4	25.218	4.3719E-8	1	0	2.6643
1971	-46.5	21.5	51.23	1096.174	9.69421	1.75	6.4	25.63	4.3415E-8	1	0	2.64178
1972	-46.5	22.5	51.658	1095.765	9.66232	1.75	6.4	26.058	4.3137E-8	1	0	2.61831
1973	-46.5	23.5	52.101	1095.397	9.63371	1.75	6.4	26.501	4.2889E-8	1	0	2.59391
1974	-46.5	24.5	52.559	1095.075	9.60865	1.75	6.4	26.959	4.2672E-8	1	0	2.56862
1975	-46.5	25.5	53.033	1094.801	9.58739	1.75	6.4	27.433	4.2489E-8	1	0	2.54249
1976	-46.5	26.5	53.521	1094.578	9.57012	1.75	6.4	27.921	4.234E-8	1	0	2.51556
1977	-46.5	27.5	54.023	1094.409	9.55703	1.75	6.4	28.423	4.2227E-8	1	0	2.48789
1978	-46.5	28.5	54.539	1094.295	9.54823	1.75	6.4	28.939	4.2151E-8	1	0	2.45954
1979	-46.5	29.5	55.068	1094.238	9.54388	1.75	6.4	29.468	4.2114E-8	1	0	2.43056
1980	-45.5	-29.5	54.226	1098.475	9.49945	1.75	6.4	28.626	4.1646E-8	1	0	2.49503
1981	-45.5	-28.5	53.689	1098.536	9.50425	1.75	6.4	28.089	4.1687E-8	1	0	2.52665
1982	-45.5	-27.5	53.165	1098.657	9.51397	1.75	6.4	27.565	4.177E-8	1	0	2.55758
1983	-45.5	-26.5	52.655	1098.837	9.52844	1.75	6.4	27.055	4.1894E-8	1	0	2.58779
1984	-45.5	-25.5	52.158	1099.074	9.54753	1.75	6.4	26.558	4.2058E-8	1	0	2.61719
1985	-45.5	-24.5	51.677	1099.366	9.57104	1.75	6.4	26.077	4.226E-8	1	0	2.64573
1986	-45.5	-23.5	51.21	1099.71	9.59876	1.75	6.4	25.61	4.2498E-8	1	0	2.67335
1987	-45.5	-22.5	50.759	1100.102	9.63042	1.75	6.4	25.159	4.2772E-8	1	0	2.70001
1988	-45.5	-21.5	50.324	1100.537	9.6657	1.75	6.4	24.724	4.3078E-8	1	0	2.72567
1989	-45.5	-20.5	49.905	1101.012	9.70427	1.75	6.4	24.305	4.3413E-8	1	0	2.75029
1990	-45.5	-19.5	49.503	1101.52	9.74573	1.75	6.4	23.903	4.3775E-8	1	0	2.77385
1991	-45.5	-18.5	49.117	1102.058	9.78966	1.75	6.4	23.517	4.416E-8	1	0	2.79631
1992	-45.5	-17.5	48.749	1102.618	9.83561	1.75	6.4	23.149	4.4565E-8	1	0	2.81767
1993	-45.5	-16.5	48.399	1103.195	9.88311	1.75	6.4	22.799	4.4985E-8	1	0	2.83791
1994	-45.5	-15.5	48.068	1103.783	9.93164	1.75	6.4	22.468	4.5416E-8	1	0	2.85701
1995	-45.5	-14.5	47.755	1104.374	9.98068	1.75	6.4	22.155	4.5854E-8	1	0	2.87496
1996	-45.5	-13.5	47.461	1104.964	10.02971	1.75	6.4	21.861	4.6294E-8	1	0	2.89175
1997	-45.5	-12.5	47.186	1105.544	10.07817	1.75	6.4	21.586	4.673E-8	1	0	2.90738
1998	-45.5	-11.5	46.931	1106.109	10.12552	1.75	6.4	21.331	4.7159E-8	1	0	2.92185
1999	-45.5	-10.5	46.696	1106.653	10.17121	1.75	6.4	21.096	4.7574E-8	1	0	2.93513
2000	-45.5	-9.5	46.481	1107.169	10.21473	1.75	6.4	20.881	4.7971E-8	1	0	2.94723
2001	-45.5	-8.5	46.287	1107.651	10.25556	1.75	6.4	20.687	4.8345E-8	1	0	2.95815
2002	-45.5	-7.5	46.114	1108.095	10.29322	1.75	6.4	20.514	4.8691E-8	1	0	2.96787
2003	-45.5	-6.5	45.962	1108.495	10.32725	1.75	6.4	20.362	4.9005E-8	1	0	2.97639
2004	-45.5	-5.5	45.831	1108.846	10.35724	1.75	6.4	20.231	4.9283E-8	1	0	2.98371
2005	-45.5	-4.5	45.722	1109.146	10.38282	1.75	6.4	20.122	4.952E-8	1	0	2.98981
2006	-45.5	-3.5	45.634	1109.389	10.40368	1.75	6.4	20.034	4.9714E-8	1	0	2.9947
2007	-45.5	-2.5	45.569	1109.574	10.41956	1.75	6.4	19.969	4.9862E-8	1	0	2.99837
2008	-45.5	-1.5	45.525	1109.699	10.43026	1.75	6.4	19.925	4.9961E-8	1	0	3.00082
2009	-45.5	-0.5	45.503	1109.762	10.43564	1.75	6.4	19.903	5.0012E-8	1	0	3.00205
2010	-45.5	0.5	45.503	1109.762	10.43564	1.75	6.4	19.903	5.0012E-8	1	0	3.00205
2011	-45.5	1.5	45.525	1109.699	10.43026	1.75	6.4	19.925	4.9961E-8	1	0	3.00082
2012	-45.5	2.5	45.569	1109.574	10.41956	1.75	6.4	19.969	4.9862E-8	1	0	2.99837
2013	-45.5	3.5	45.634	1109.389	10.40368	1.75	6.4	20.034	4.9714E-8	1	0	2.9947
2014	-45.5	4.5	45.722	1109.146	10.38282	1.75	6.4	20.122	4.952E-8	1	0	2.98981
2015	-45.5	5.5	45.831	1108.846	10.35724	1.75	6.4	20.231	4.9283E-8	1	0	2.98371
2016	-45.5	6.5	45.962	1108.495	10.32725	1.75	6.4	20.362	4.9005E-8	1	0	2.97639
2017	-45.5	7.5	46.114	1108.095	10.29322	1.75	6.4	20.514	4.8691E-8	1	0	2.96787
2018	-45.5	8.5	46.287	1107.651	10.25556	1.75	6.4	20.687	4.8345E-8	1	0	2.95815
2019	-45.5	9.5	46.481	1107.169	10.21473	1.75	6.4	20.881	4.7971E-8	1	0	2.94723
2020	-45.5	10.5	46.696	1106.653	10.17121	1.75	6.4	21.096	4.7574E-8	1	0	2.93513
2021	-45.5	11.5	46.931	1106.109	10.12552	1.75	6.4	21.331	4.7159E-8	1	0	2.92185
2022	-45.5	12.5	47.186	1105.544	10.07817	1.75	6.4	21.586	4.673E-8	1	0	2.90738
2023	-45.5	13.5	47.461	1104.964	10.02971	1.75	6.4	21.861	4.6294E-8	1	0	2.89175
2024	-45.5	14.5	47.755	1104.374	9.98068	1.75	6.4	22.155	4.5854E-8	1	0	2.87496
2025	-45.5	15.5	48.068	1103.783	9.93164	1.75	6.4	22.468	4.5416E-8	1	0	2.85701
2026	-45.5	16.5	48.399	1103.195	9.88311	1.75	6.4	22.799	4.4985E-8	1	0	2.83791
2027	-45.5	17.5	48.749	1102.618	9.83561	1.75	6.4	23.149	4.4565E-8	1	0	2.81767
2028	-45.5	18.5	49.117	1102.058	9.78966	1.75	6.4	23.517	4.416E-8	1	0	2.79631
2029	-45.5	19.5	49.503	1101.52	9.74573	1.75	6.4	23.903	4.3775E-8	1	0	2.77385
2030	-45.5	20.5	49.905	1101.012	9.70427	1.75	6.4	24.305	4.3413E-8	1	0	2.75029
2031	-45.5	21.5	50.324	1100.537	9.6657	1.75	6.4	24.724	4.3078E-8	1	0	2.72567
2032	-45.5	22.5	50.759	1100.102	9.63042	1.75	6.4	25.159	4.2772E-8	1	0	2.70001
2033	-45.5	23.5	51.21	1099.71	9.59876	1.75	6.4	25.61	4.2498E-8	1	0	2.67335
2034	-45.5	24.5	51.677	1099.366	9.57104	1.75	6.4	26.077	4.226E-8	1	0	2.64573
2035	-45.5	25.5	52.158	1099.074	9.54753	1.75	6.4	26.558	4.2058E-8	1	0	2.61719
2036	-45.5	26.5	52.655	1098.837	9.52844	1.75	6.4	27.055	4.1894E-8	1	0	2.58779
2037	-45.5	27.5	53.165	1098.657	9.51397	1.75	6.4	27.565	4.177E-8	1	0	2.55758
2038	-45.5	28.5	53.689	1098.536	9.50425	1.75	6.4	28.089	4.1687E-8	1	0	2.52665
2039	-45.5	29.5	54.226	1098.475	9.49945	1.75	6.4	28.626	4.1646E-8	1	0	2.49503
2040	-44.5	-29.5	53.39	1102.461	9.45036	1.75	6.4	27.79	4.1145E-8	1	0	2.56425
2041	-44.5	-28.5	52.844	1102.526	9.45565	1.75	6.4	27.244	4.119E-8	1	0	2.59882
2042	-44.5	-27.5	52.312	1102.655	9.46639	1.75	6.4	26.712	4.1281E-8	1	0	2.63264
2043	-44.5	-26.5	51.793	1102.846	9.48238	1.75	6.4	26.193	4.1417E-8	1	0	2.66568
2044	-44.5	-25.5	51.288	1103.099	9.50347	1.75	6.4	25.688	4.1597E-8	1	0	2.69785
2045	-44.5	-24.5	50.799	1103.41	9.52946	1.75	6.4	25.199	4.1819E-8	1	0	2.72908
2046	-44.5	-23.5	50.324	1103.775	9.5601	1.75	6.4	24.724	4.2082E-8	1	0	2.75932
2047	-44.5	-22.5	49.865	1104.192	9.59511	1.75	6.4	24.265	4.2383E-8	1	0	2.78852
2048	-44.5	-21.5	49.422	1104.655	9.63415	1.75	6.4	23.822	4.272E-8	1	0	2.81664
2049	-44.5	-20.5	48.995	1105.16	9.67684	1.75	6.4	23.395	4.309E-8	1	0	2.84363
2050	-44.5	-19.5	48.585	1105.701	9.72275	1.75	6.4	22.985	4.3489E-8	1	0	2.86947
2051	-44.5	-18.5	48.192	1106.272	9.77143	1.75	6.4	22.592	4.3915E-8	1	0	2.89413
2052	-44.5	-17.5	47.817	1106.868	9.82237	1.75	6.4	22.217	4.4363E-8	1	0	2.91759
2053	-44.5	-16.5	47.461	1107.482	9.87504	1.75	6.4	21.861	4.4828E-8	1	0	2.93984
2054	-44.5	-15.5	47.122	1108.107	9.9289	1.75	6.4	21.522	4.5305E-8	1	0	2.96085
2055	-44.5	-14.5	46.803	1108.736	9.98336	1.75	6.4	21.203	4.5791E-8	1	0	2.98062
2056	-44.5	-13.5	46.503	1109.363	10.03782	1.75	6.4	20.903	4.6279E-8	1	0	2.99914
2057	-44.5	-12.5	46.222	1109.98	10.09168	1.75	6.4	20.622	4.6765E-8	1	0	3.0164
2058	-44.5	-11.5	45.962	1110.581	10.14434	1.75	6.4	20.362	4.7242E-8	1	0	3.03238
2059	-44.5	-10.5	45.722	1111.159	10.19519	1.75	6.4	20.122	4.7704E-8	1	0	3.04708
2060	-44.5	-9.5	45.503	1111.708	10.24364	1.75	6.4	19.903	4.8147E-8	1	0	3.06049
2061	-44.5	-8.5	45.305	1112.221	10.28911	1.75	6.4	19.705	4.8565E-8	1	0	3.0726
2062	-44.5	-7.5	45.128	1112.693	10.33107	1.75	6.4	19.528	4.8951E-8	1	0	3.08339
2063	-44.5	-6.5	44.972	1113.118	10.369	1.75	6.4	19.372	4.9302E-8	1	0	3.09286
2064	-44.5	-5.5	44.839	1113.492	10.40245	1.75	6.4	19.239	4.9613E-8	1	0	3.10101
2065	-44.5	-4.5	44.727	1113.81	10.43098	1.75	6.4	19.127	4.9878E-8	1	0	3.10781
2066	-44.5	-3.5	44.637	1114.069	10.45426	1.75	6.4	19.037	5.0096E-8	1	0	3.11326
2067	-44.5	-2.5	44.57	1114.266	10.47198	1.75	6.4	18.97	5.0261E-8	1	0	3.11735
2068	-44.5	-1.5	44.525	1114.398	10.48392	1.75	6.4	18.925	5.0373E-8	1	0	3.12009
2069	-44.5	-0.5	44.503	1114.465	10.48993	1.75	6.4	18.903	5.0429E-8	1	0	3.12145
2070	-44.5	0.5	44.503	1114.465	10.48993	1.75	6.4	18.903	5.0429E-8	1	0	3.12145
2071	-44.5	1.5	44.525	1114.398	10.48392	1.75	6.4	18.925	5.0373E-8	1	0	3.12009
2072	-44.5	2.5	44.57	1114.266	10.47198	1.75	6.4	18.97	5.0261E-8	1	0	3.11735
2073	-44.5	3.5	44.637	1114.069	10.45426	1.75	6.4	19.037	5.0096E-8	1	0	3.11326
2074	-44.5	4.5	44.727	1113.81	10.43098	1.75	6.4	19.127	4.9878E-8	1	0	3.10781
2075	-44.5	5.5	44.839	1113.492	10.40245	1.75	6.4	19.239	4.9613E-8	1	0	3.10101
2076	-44.5	6.5	44.972	1113.118	10.369	1.75	6.4	19.372	4.9302E-8	1	0	3.09286
2077	-44.5	7.5	45.128	1112.693	10.33107	1.75	6.4	19.528	4.8951E-8	1	0	3.08339
2078	-44.5	8.5	45.305	1112.221	10.28911	1.75	6.4	19.705	4.8565E-8	1	0	3.0726
2079	-44.5	9.5	45.503	1111.708	10.24364	1.75	6.4	19.903	4.8147E-8	1	0	3.06049
2080	-44.5	10.5	45.722	1111.159	10.19519	1.75	6.4	20.122	4.7704E-8	1	0	3.04708
2081	-44.5	11.5	45.962	1110.581	10.14434	1.75	6.4	20.362	4.7242E-8	1	0	3.03238
2082	-44.5	12.5	46.222	1109.98	10.09168	1.75	6.4	20.622	4.6765E-8	1	0	3.0164
2083	-44.5	13.5	46.503	1109.363	10.03782	1.75	6.4	20.903	4.6279E-8	1	0	2.99914
2084	-44.5	14.5	46.803	1108.736	9.98336	1.75	6.4	21.203	4.5791E-8	1	0	2.98062
2085	-44.5	15.5	47.122	1108.107	9.9289	1.75	6.4	21.522	4.5305E-8	1	0	2.96085
2086	-44.5	16.5	47.461	1107.482	9.87504	1.75	6.4	21.861	4.4828E-8	1	0	2.93984
2087	-44.5	17.5	47.817	1106.868	9.82237	1.75	6.4	22.217	4.4363E-8	1	0	2.91759
2088	-44.5	18.5	48.192	1106.272	9.77143	1.75	6.4	22.592	4.3915E-8	1	0	2.89413
2089	-44.5	19.5	48.585	1105.701	9.72275	1.75	6.4	22.985	4.3489E-8	1	0	2.86947
2090	-44.5	20.5	48.995	1105.16	9.67684	1.75	6.4	23.395	4.309E-8	1	0	2.84363
2091	-44.5	21.5	49.422	1104.655	9.63415	1.75	6.4	23.822	4.272E-8	1	0	2.81664
2092	-44.5	22.5	49.865	1104.192	9.59511	1.75	6.4	24.265	4.2383E-8	1	0	2.78852
2093	-44.5	23.5	50.324	1103.775	9.5601	1.75	6.4	24.724	4.2082E-8	1	0	2.75932
2094	-44.5	24.5	50.799	1103.41	9.52946	1.75	6.4	25.199	4.1819E-8	1	0	2.72908
2095	-44.5	25.5	51.288	1103.099	9.50347	1.75	6.4	25.688	4.1597E-8	1	0	2.69785
2096	-44.5	26.5	51.793	1102.846	9.48238	1.75	6.4	26.193	4.1417E-8	1	0	2.66568
2097	-44.5	27.5	52.312	1102.655	9.46639	1.75	6.4	26.712	4.1281E-8	1	0	2.63264
2098	-44.5	28.5	52.844	1102.526	9.45565	1.75	6.4	27.244	4.119E-8	1	0	2.59882
2099	-44.5	29.5	53.39	1102.461	9.45036	1.75	6.4	27.79	4.1145E-8	1	0	2.56425
2100	-43.5	-29.5	52.559	1106.199	9.39617	1.75	6.4	26.959	4.0608E-8	1	0	2.63879
2101	-43.5	-28.5	52.005	1106.268	9.40199	1.75	6.4	26.405	4.0657E-8	1	0	2.67665
2102	-43.5	-27.5	51.464	1106.405	9.41385	1.75	6.4	25.864	4.0757E-8	1	0	2.71371
2103	-43.5	-26.5	50.936	1106.609	9.4315	1.75	6.4	25.336	4.0907E-8	1	0	2.74992
2104	-43.5	-25.5	50.423	1106.877	9.45479	1.75	6.4	24.823	4.1104E-8	1	0	2.78519
2105	-43.5	-24.5	49.925	1107.207	9.4835	1.75	6.4	24.325	4.1348E-8	1	0	2.81945
2106	-43.5	-23.5	49.442	1107.595	9.51736	1.75	6.4	23.842	4.1637E-8	1	0	2.85265
2107	-43.5	-22.5	48.974	1108.037	9.55607	1.75	6.4	23.374	4.1968E-8	1	0	2.88471
2108	-43.5	-21.5	48.523	1108.529	9.59925	1.75	6.4	22.923	4.2339E-8	1	0	2.9156
2109	-43.5	-20.5	48.088	1109.065	9.64648	1.75	6.4	22.488	4.2747E-8	1	0	2.94528
2110	-43.5	-19.5	47.671	1109.639	9.69731	1.75	6.4	22.071	4.3188E-8	1	0	2.97371
2111	-43.5	-18.5	47.27	1110.246	9.75123	1.75	6.4	21.67	4.3658E-8	1	0	3.00087
2112	-43.5	-17.5	46.888	1110.879	9.80768	1.75	6.4	21.288	4.4152E-8	1	0	3.02673
2113	-43.5	-16.5	46.524	1111.53	9.8661	1.75	6.4	20.924	4.4667E-8	1	0	3.05128
2114	-43.5	-15.5	46.179	1112.194	9.92586	1.75	6.4	20.579	4.5197E-8	1	0	3.0745
2115	-43.5	-14.5	45.853	1112.862	9.98632	1.75	6.4	20.253	4.5736E-8	1	0	3.09638
2116	-43.5	-13.5	45.547	1113.527	10.04683	1.75	6.4	19.947	4.6278E-8	1	0	3.1169
2117	-43.5	-12.5	45.26	1114.182	10.10671	1.75	6.4	19.66	4.6818E-8	1	0	3.13605
2118	-43.5	-11.5	44.994	1114.82	10.16528	1.75	6.4	19.394	4.7349E-8	1	0	3.15381
2119	-43.5	-10.5	44.749	1115.434	10.22187	1.75	6.4	19.149	4.7864E-8	1	0	3.17017
2120	-43.5	-9.5	44.525	1116.016	10.27582	1.75	6.4	18.925	4.8359E-8	1	0	3.18512
2121	-43.5	-8.5	44.323	1116.56	10.32648	1.75	6.4	18.723	4.8825E-8	1	0	3.19864
2122	-43.5	-7.5	44.142	1117.061	10.37326	1.75	6.4	18.542	4.9257E-8	1	0	3.2107
2123	-43.5	-6.5	43.983	1117.512	10.41556	1.75	6.4	18.383	4.965E-8	1	0	3.22131
2124	-43.5	-5.5	43.846	1117.908	10.45287	1.75	6.4	18.246	4.9998E-8	1	0	3.23044
2125	-43.5	-4.5	43.732	1118.245	10.48472	1.75	6.4	18.132	5.0296E-8	1	0	3.23807
2126	-43.5	-3.5	43.641	1118.52	10.51071	1.75	6.4	18.041	5.0539E-8	1	0	3.24419
2127	-43.5	-2.5	43.572	1118.729	10.53049	1.75	6.4	17.972	5.0725E-8	1	0	3.2488
2128	-43.5	-1.5	43.526	1118.869	10.54383	1.75	6.4	17.926	5.085E-8	1	0	3.25187
2129	-43.5	-0.5	43.503	1118.94	10.55054	1.75	6.4	17.903	5.0913E-8	1	0	3.25341
2130	-43.5	0.5	43.503	1118.94	10.55054	1.75	6.4	17.903	5.0913E-8	1	0	3.25341
2131	-43.5	1.5	43.526	1118.869	10.54383	1.75	6.4	17.926	5.085E-8	1	0	3.25187
2132	-43.5	2.5	43.572	1118.729	10.53049	1.75	6.4	17.972	5.0725E-8	1	0	3.2488
2133	-43.5	3.5	43.641	1118.52	10.51071	1.75	6.4	18.041	5.0539E-8	1	0	3.24419
2134	-43.5	4.5	43.732	1118.245	10.48472	1.75	6.4	18.132	5.0296E-8	1	0	3.23807
2135	-43.5	5.5	43.846	1117.908	10.45287	1.75	6.4	18.246	4.9998E-8	1	0	3.23044
2136	-43.5	6.5	43.983	1117.512	10.41556	1.75	6.4	18.383	4.965E-8	1	0	3.22131
2137	-43.5	7.5	44.142	1117.061	10.37326	1.75	6.4	18.542	4.9257E-8	1	0	3.2107
2138	-43.5	8.5	44.323	1116.56	10.32648	1.75	6.4	18.723	4.8825E-8	1	0	3.19864
2139	-43.5	9.5	44.525	1116.016	10.27582	1.75	6.4	18.925	4.8359E-8	1	0	3.18512
2140	-43.5	10.5	44.749	1115.434	10.22187	1.75	6.4	19.149	4.7864E-8	1	0	3.17017
2141	-43.5	11.5	44.994	1114.82	10.16528	1.75	6.4	19.394	4.7349E-8	1	0	3.15381
2142	-43.5	12.5	45.26	1114.182	10.10671	1.75	6.4	19.66	4.6818E-8	1	0	3.13605
2143	-43.5	13.5	45.547	1113.527	10.04683	1.75	6.4	19.947	4.6278E-8	1	0	3.1169
2144	-43.5	14.5	45.853	1112.862	9.98632	1.75	6.4	20.253	4.5736E-8	1	0	3.09638
2145	-43.5	15.5	46.179	1112.194	9.92586	1.75	6.4	20.579	4.5197E-8	1	0	3.0745
2146	-43.5	16.5	46.524	1111.53	9.8661	1.75	6.4	20.924	4.4667E-8	1	0	3.05128
2147	-43.5	17.5	46.888	1110.879	9.80768	1.75	6.4	21.288	4.4152E-8	1	0	3.02673
2148	-43.5	18.5	47.27	1110.246	9.75123	1.75	6.4	21.67	4.3658E-8	1	0	3.00087
2149	-43.5	19.5	47.671	1109.639	9.69731	1.75	6.4	22.071	4.3188E-8	1	0	2.97371
2150	-43.5	20.5	48.088	1109.065	9.64648	1.75	6.4	22.488	4.2747E-8	1	0	2.94528
2151	-43.5	21.5	48.523	1108.529	9.59925	1.75	6.4	22.923	4.2339E-8	1	0	2.9156
2152	-43.5	22.5	48.974	1108.037	9.55607	1.75	6.4	23.374	4.1968E-8	1	0	2.88471
2153	-43.5	23.5	49.442	1107.595	9.51736	1.75	6.4	23.842	4.1637E-8	1	0	2.85265
2154	-43.5	24.5	49.925	1107.207	9.4835	1.75	6.4	24.325	4.1348E-8	1	0	2.81945
2155	-43.5	25.5	50.423	1106.877	9.45479	1.75	6.4	24.823	4.1104E-8	1	0	2.78519
2156	-43.5	26.5	50.936	1106.609	9.4315	1.75	6.4	25.336	4.0907E-8	1	0	2.74992
2157	-43.5	27.5	51.464	1106.405	9.41385	1.75	6.4	25.864	4.0757E-8	1	0	2.71371
2158	-43.5	28.5	52.005	1106.268	9.40199	1.75	6.4	26.405	4.0657E-8	1	0	2.67665
2159	-43.5	29.5	52.559	1106.199	9.39617	1.75	6.4	26.959	4.0608E-8	1	0	2.63879
2160	-42.5	-29.5	51.735	1109.693	9.33637	1.75	6.4	26.135	4.0032E-8	1	0	2.71927
2161	-42.5	-28.5	51.171	1109.766	9.34278	1.75	6.4	25.571	4.0085E-8	1	0	2.76083
2162	-42.5	-27.5	50.621	1109.911	9.35586	1.75	6.4	25.021	4.0195E-8	1	0	2.80153
2163	-42.5	-26.5	50.085	1110.126	9.37533	1.75	6.4	24.485	4.0359E-8	1	0	2.8413
2164	-42.5	-25.5	49.563	1110.411	9.40104	1.75	6.4	23.963	4.0575E-8	1	0	2.88007
2165	-42.5	-24.5	49.056	1110.76	9.43273	1.75	6.4	23.456	4.0843E-8	1	0	2.91775
2166	-42.5	-23.5	48.564	1111.172	9.47013	1.75	6.4	22.964	4.116E-8	1	0	2.95427
2167	-42.5	-22.5	48.088	1111.64	9.5129	1.75	6.4	22.488	4.1524E-8	1	0	2.98958
2168	-42.5	-21.5	47.629	1112.161	9.56063	1.75	6.4	22.029	4.1932E-8	1	0	3.02362
2169	-42.5	-20.5	47.186	1112.729	9.61288	1.75	6.4	21.586	4.2381E-8	1	0	3.05635
2170	-42.5	-19.5	46.76	1113.338	9.66913	1.75	6.4	21.16	4.2867E-8	1	0	3.08774
2171	-42.5	-18.5	46.352	1113.981	9.72884	1.75	6.4	20.752	4.3386E-8	1	0	3.11777
2172	-42.5	-17.5	45.962	1114.652	9.7914	1.75	6.4	20.362	4.3933E-8	1	0	3.14639
2173	-42.5	-16.5	45.591	1115.342	9.85618	1.75	6.4	19.991	4.4503E-8	1	0	3.1736
2174	-42.5	-15.5	45.238	1116.045	9.92248	1.75	6.4	19.638	4.509E-8	1	0	3.19938
2175	-42.5	-14.5	44.905	1116.752	9.98961	1.75	6.4	19.305	4.5688E-8	1	0	3.22371
2176	-42.5	-13.5	44.593	1117.457	10.05684	1.75	6.4	18.993	4.629E-8	1	0	3.24657
2177	-42.5	-12.5	44.3	1118.151	10.12341	1.75	6.4	18.7	4.6891E-8	1	0	3.26794
2178	-42.5	-11.5	44.028	1118.826	10.18857	1.75	6.4	18.428	4.7482E-8	1	0	3.2878
2179	-42.5	-10.5	43.778	1119.476	10.25157	1.75	6.4	18.178	4.8058E-8	1	0	3.30614
2180	-42.5	-9.5	43.549	1120.092	10.31166	1.75	6.4	17.949	4.8609E-8	1	0	3.32292
2181	-42.5	-8.5	43.342	1120.668	10.36813	1.75	6.4	17.742	4.9131E-8	1	0	3.33812
2182	-42.5	-7.5	43.157	1121.197	10.42029	1.75	6.4	17.557	4.9615E-8	1	0	3.35173
2183	-42.5	-6.5	42.994	1121.674	10.46749	1.75	6.4	17.394	5.0055E-8	1	0	3.3637
2184	-42.5	-5.5	42.854	1122.094	10.50914	1.75	6.4	17.254	5.0445E-8	1	0	3.37402
2185	-42.5	-4.5	42.738	1122.45	10.54471	1.75	6.4	17.138	5.0779E-8	1	0	3.38266
2186	-42.5	-3.5	42.644	1122.741	10.57373	1.75	6.4	17.044	5.1052E-8	1	0	3.3896
2187	-42.5	-2.5	42.573	1122.962	10.59584	1.75	6.4	16.973	5.1261E-8	1	0	3.39482
2188	-42.5	-1.5	42.526	1123.11	10.61075	1.75	6.4	16.926	5.1402E-8	1	0	3.39831
2189	-42.5	-0.5	42.503	1123.185	10.61825	1.75	6.4	16.903	5.1473E-8	1	0	3.40006
2190	-42.5	0.5	42.503	1123.185	10.61825	1.75	6.4	16.903	5.1473E-8	1	0	3.40006
2191	-42.5	1.5	42.526	1123.11	10.61075	1.75	6.4	16.926	5.1402E-8	1	0	3.39831
2192	-42.5	2.5	42.573	1122.962	10.59584	1.75	6.4	16.973	5.1261E-8	1	0	3.39482
2193	-42.5	3.5	42.644	1122.741	10.57373	1.75	6.4	17.044	5.1052E-8	1	0	3.3896
2194	-42.5	4.5	42.738	1122.45	10.54471	1.75	6.4	17.138	5.0779E-8	1	0	3.38266
2195	-42.5	5.5	42.854	1122.094	10.50914	1.75	6.4	17.254	5.0445E-8	1	0	3.37402
2196	-42.5	6.5	42.994	1121.674	10.46749	1.75	6.4	17.394	5.0055E-8	1	0	3.3637
2197	-42.5	7.5	43.157	1121.197	10.42029	1.75	6.4	17.557	4.9615E-8	1	0	3.35173
2198	-42.5	8.5	43.342	1120.668	10.36813	1.75	6.4	17.742	4.9131E-8	1	0	3.33812
2199	-42.5	9.5	43.549	1120.092	10.31166	1.75	6.4	17.949	4.8609E-8	1	0	3.32292
2200	-42.5	10.5	43.778	1119.476	10.25157	1.75	6.4	18.178	4.8058E-8	1	0	3.30614
2201	-42.5	11.5	44.028	1118.826	10.18857	1.75	6.4	18.428	4.7482E-8	1	0	3.2878
2202	-42.5	12.5	44.3	1118.151	10.12341	1.75	6.4	18.7	4.6891E-8	1	0	3.26794
2203	-42.5	13.5	44.593	1117.457	10.05684	1.75	6.4	18.993	4.629E-8	1	0	3.24657
2204	-42.5	14.5	44.905	1116.752	9.98961	1.75	6.4	19.305	4.5688E-8	1	0	3.22371
2205	-42.5	15.5	45.238	1116.045	9.92248	1.75	6.4	19.638	4.509E-8	1	0	3.19938
2206	-42.5	16.5	45.591	1115.342	9.85618	1.75	6.4	19.991	4.4503E-8	1	0	3.1736
2207	-42.5	17.5	45.962	1114.652	9.7914	1.75	6.4	20.362	4.3933E-8	1	0	3.14639
2208	-42.5	18.5	46.352	1113.981	9.72884	1.75	6.4	20.752	4.3386E-8	1	0	3.11777
2209	-42.5	19.5	46.76	1113.338	9.66913	1.75	6.4	21.16	4.2867E-8	1	0	3.08774
2210	-42.5	20.5	47.186	1112.729	9.61288	1.75	6.4	21.586	4.2381E-8	1	0	3.05635
2211	-42.5	21.5	47.629	1112.161	9.56063	1.75	6.4	22.029	4.1932E-8	1	0	3.02362
2212	-42.5	22.5	48.088	1111.64	9.5129	1.75	6.4	22.488	4.1524E-8	1	0	2.98958
2213	-42.5	23.5	48.564	1111.172	9.47013	1.75	6.4	22.964	4.116E-8	1	0	2.95427
2214	-42.5	24.5	49.056	1110.76	9.43273	1.75	6.4	23.456	4.0843E-8	1	0	2.91775
2215	-42.5	25.5	49.563	1110.411	9.40104	1.75	6.4	23.963	4.0575E-8	1	0	2.88007
2216	-42.5	26.5	50.085	1110.126	9.37533	1.75	6.4	24.485	4.0359E-8	1	0	2.8413
2217	-42.5	27.5	50.621	1109.911	9.35586	1.75	6.4	25.021	4.0195E-8	1	0	2.80153
2218	-42.5	28.5	51.171	1109.766	9.34278	1.75	6.4	25.571	4.0085E-8	1	0	2.76083
2219	-42.5	29.5	51.735	1109.693	9.33637	1.75	6.4	26.135	4.0032E-8	1	0	2.71927
2220	-41.5	-29.5	50.917	1112.944	9.27042	1.75	6.4	25.317	3.9412E-8	1	0	2.80643
2221	-41.5	-28.5	50.344	1113.022	9.27747	1.75	6.4	24.744	3.947E-8	1	0	2.85215
2222	-41.5	-27.5	49.785	1113.175	9.29189	1.75	6.4	24.185	3.9591E-8	1	0	2.89693
2223	-41.5	-26.5	49.239	1113.403	9.31337	1.75	6.4	23.639	3.977E-8	1	0	2.94073
2224	-41.5	-25.5	48.708	1113.704	9.34171	1.75	6.4	23.108	4.0007E-8	1	0	2.98344
2225	-41.5	-24.5	48.192	1114.074	9.37668	1.75	6.4	22.592	4.0301E-8	1	0	3.02499
2226	-41.5	-23.5	47.692	1114.509	9.41797	1.75	6.4	22.092	4.0648E-8	1	0	3.06529
2227	-41.5	-22.5	47.207	1115.005	9.4652	1.75	6.4	21.607	4.1048E-8	1	0	3.10429
2228	-41.5	-21.5	46.739	1115.556	9.51794	1.75	6.4	21.139	4.1497E-8	1	0	3.14192
2229	-41.5	-20.5	46.287	1116.156	9.57571	1.75	6.4	20.687	4.1991E-8	1	0	3.17815
2230	-41.5	-19.5	45.853	1116.8	9.63794	1.75	6.4	20.253	4.2527E-8	1	0	3.21295
2231	-41.5	-18.5	45.437	1117.48	9.70405	1.75	6.4	19.837	4.3099E-8	1	0	3.24627
2232	-41.5	-17.5	45.039	1118.189	9.77336	1.75	6.4	19.439	4.3703E-8	1	0	3.2781
2233	-41.5	-16.5	44.66	1118.919	9.84517	1.75	6.4	19.06	4.4334E-8	1	0	3.3084
2234	-41.5	-15.5	44.3	1119.662	9.91873	1.75	6.4	18.7	4.4984E-8	1	0	3.33717
2235	-41.5	-14.5	43.96	1120.409	9.99327	1.75	6.4	18.36	4.5648E-8	1	0	3.36438
2236	-41.5	-13.5	43.641	1121.154	10.06796	1.75	6.4	18.041	4.6317E-8	1	0	3.39001
2237	-41.5	-12.5	43.342	1121.886	10.14198	1.75	6.4	17.742	4.6986E-8	1	0	3.41402
2238	-41.5	-11.5	43.064	1122.6	10.21449	1.75	6.4	17.464	4.7645E-8	1	0	3.4364
2239	-41.5	-10.5	42.808	1123.285	10.28464	1.75	6.4	17.208	4.8287E-8	1	0	3.4571
2240	-41.5	-9.5	42.573	1123.935	10.3516	1.75	6.4	16.973	4.8904E-8	1	0	3.4761
2241	-41.5	-8.5	42.362	1124.543	10.41456	1.75	6.4	16.762	4.9487E-8	1	0	3.49335
2242	-41.5	-7.5	42.172	1125.102	10.47276	1.75	6.4	16.572	5.0029E-8	1	0	3.50882
2243	-41.5	-6.5	42.006	1125.605	10.52545	1.75	6.4	16.406	5.0523E-8	1	0	3.52246
2244	-41.5	-5.5	41.863	1126.047	10.57196	1.75	6.4	16.263	5.0961E-8	1	0	3.53424
2245	-41.5	-4.5	41.743	1126.423	10.61171	1.75	6.4	16.143	5.1336E-8	1	0	3.54413
2246	-41.5	-3.5	41.647	1126.729	10.64416	1.75	6.4	16.047	5.1643E-8	1	0	3.55208
2247	-41.5	-2.5	41.575	1126.962	10.66888	1.75	6.4	15.975	5.1878E-8	1	0	3.55807
2248	-41.5	-1.5	41.527	1127.118	10.68555	1.75	6.4	15.927	5.2037E-8	1	0	3.56207
2249	-41.5	-0.5	41.503	1127.197	10.69394	1.75	6.4	15.903	5.2117E-8	1	0	3.56408
2250	-41.5	0.5	41.503	1127.197	10.69394	1.75	6.4	15.903	5.2117E-8	1	0	3.56408
2251	-41.5	1.5	41.527	1127.118	10.68555	1.75	6.4	15.927	5.2037E-8	1	0	3.56207
2252	-41.5	2.5	41.575	1126.962	10.66888	1.75	6.4	15.975	5.1878E-8	1	0	3.55807
2253	-41.5	3.5	41.647	1126.729	10.64416	1.75	6.4	16.047	5.1643E-8	1	0	3.55208
2254	-41.5	4.5	41.743	1126.423	10.61171	1.75	6.4	16.143	5.1336E-8	1	0	3.54413
2255	-41.5	5.5	41.863	1126.047	10.57196	1.75	6.4	16.263	5.0961E-8	1	0	3.53424
2256	-41.5	6.5	42.006	1125.605	10.52545	1.75	6.4	16.406	5.0523E-8	1	0	3.52246
2257	-41.5	7.5	42.172	1125.102	10.47276	1.75	6.4	16.572	5.0029E-8	1	0	3.50882
2258	-41.5	8.5	42.362	1124.543	10.41456	1.75	6.4	16.762	4.9487E-8	1	0	3.49335
2259	-41.5	9.5	42.573	1123.935	10.3516	1.75	6.4	16.973	4.8904E-8	1	0	3.4761
2260	-41.5	10.5	42.808	1123.285	10.28464	1.75	6.4	17.208	4.8287E-8	1	0	3.4571
2261	-41.5	11.5	43.064	1122.6	10.21449	1.75	6.4	17.464	4.7645E-8	1	0	3.4364
2262	-41.5	12.5	43.342	1121.886	10.14198	1.75	6.4	17.742	4.6986E-8	1	0	3.41402
2263	-41.5	13.5	43.641	1121.154	10.06796	1.75	6.4	18.041	4.6317E-8	1	0	3.39001
2264	-41.5	14.5	43.96	1120.409	9.99327	1.75	6.4	18.36	4.5648E-8	1	0	3.36438
2265	-41.5	15.5	44.3	1119.662	9.91873	1.75	6.4	18.7	4.4984E-8	1	0	3.33717
2266	-41.5	16.5	44.66	1118.919	9.84517	1.75	6.4	19.06	4.4334E-8	1	0	3.3084
2267	-41.5	17.5	45.039	1118.189	9.77336	1.75	6.4	19.439	4.3703E-8	1	0	3.2781
2268	-41.5	18.5	45.437	1117.48	9.70405	1.75	6.4	19.837	4.3099E-8	1	0	3.24627
2269	-41.5	19.5	45.853	1116.8	9.63794	1.75	6.4	20.253	4.2527E-8	1	0	3.21295
2270	-41.5	20.5	46.287	1116.156	9.57571	1.75	6.4	20.687	4.1991E-8	1	0	3.17815
2271	-41.5	21.5	46.739	1115.556	9.51794	1.75	6.4	21.139	4.1497E-8	1	0	3.14192
2272	-41.5	22.5	47.207	1115.005	9.4652	1.75	6.4	21.607	4.1048E-8	1	0	3.10429
2273	-41.5	23.5	47.692	1114.509	9.41797	1.75	6.4	22.092	4.0648E-8	1	0	3.06529
2274	-41.5	24.5	48.192	1114.074	9.37668	1.75	6.4	22.592	4.0301E-8	1	0	3.02499
2275	-41.5	25.5	48.708	1113.704	9.34171	1.75	6.4	23.108	4.0007E-8	1	0	2.98344
2276	-41.5	26.5	49.239	1113.403	9.31337	1.75	6.4	23.639	3.977E-8	1	0	2.94073
2277	-41.5	27.5	49.785	1113.175	9.29189	1.75	6.4	24.185	3.9591E-8	1	0	2.89693
2278	-41.5	28.5	50.344	1113.022	9.27747	1.75	6.4	24.744	3.947E-8	1	0	2.85215
2279	-41.5	29.5	50.917	1112.944	9.27042	1.75	6.4	25.317	3.9412E-8	1	0	2.80643
2280	-40.5	-29.5	50.105	1115.958	9.19776	1.75	6.4	24.505	3.8745E-8	1	0	2.90109
2281	-40.5	-28.5	49.523	1116.04	9.2055	1.75	6.4	23.923	3.8809E-8	1	0	2.9515
2282	-40.5	-27.5	48.954	1116.202	9.22138	1.75	6.4	23.354	3.894E-8	1	0	3.0009
2283	-40.5	-26.5	48.399	1116.443	9.24505	1.75	6.4	22.799	3.9136E-8	1	0	3.04925
2284	-40.5	-25.5	47.859	1116.76	9.27629	1.75	6.4	22.259	3.9396E-8	1	0	3.09644
2285	-40.5	-24.5	47.334	1117.151	9.31484	1.75	6.4	21.734	3.9717E-8	1	0	3.14238
2286	-40.5	-23.5	46.824	1117.61	9.36038	1.75	6.4	21.224	4.0098E-8	1	0	3.18699
2287	-40.5	-22.5	46.33	1118.133	9.41251	1.75	6.4	20.73	4.0537E-8	1	0	3.23021
2288	-40.5	-21.5	45.853	1118.715	9.47076	1.75	6.4	20.253	4.1029E-8	1	0	3.27196
2289	-40.5	-20.5	45.393	1119.349	9.5346	1.75	6.4	19.793	4.1573E-8	1	0	3.31222
2290	-40.5	-19.5	44.95	1120.028	9.60343	1.75	6.4	19.35	4.2163E-8	1	0	3.35095
2291	-40.5	-18.5	44.525	1120.745	9.67659	1.75	6.4	18.925	4.2794E-8	1	0	3.3881
2292	-40.5	-17.5	44.119	1121.493	9.75336	1.75	6.4	18.519	4.3461E-8	1	0	3.42366
2293	-40.5	-16.5	43.732	1122.262	9.83296	1.75	6.4	18.132	4.4159E-8	1	0	3.45761
2294	-40.5	-15.5	43.365	1123.045	9.91457	1.75	6.4	17.765	4.4879E-8	1	0	3.48991
2295	-40.5	-14.5	43.017	1123.833	9.99733	1.75	6.4	17.417	4.5616E-8	1	0	3.52054
2296	-40.5	-13.5	42.691	1124.618	10.08032	1.75	6.4	17.091	4.636E-8	1	0	3.54946
2297	-40.5	-12.5	42.385	1125.389	10.16264	1.75	6.4	16.785	4.7104E-8	1	0	3.57665
2298	-40.5	-11.5	42.101	1126.14	10.24334	1.75	6.4	16.501	4.784E-8	1	0	3.60207
2299	-40.5	-10.5	41.839	1126.862	10.32147	1.75	6.4	16.239	4.8557E-8	1	0	3.62565
2300	-40.5	-9.5	41.599	1127.546	10.39611	1.75	6.4	15.999	4.9247E-8	1	0	3.64736
2301	-40.5	-8.5	41.382	1128.185	10.46635	1.75	6.4	15.782	4.99E-8	1	0	3.66713
2302	-40.5	-7.5	41.189	1128.772	10.53131	1.75	6.4	15.589	5.0509E-8	1	0	3.68491
2303	-40.5	-6.5	41.018	1129.301	10.59016	1.75	6.4	15.418	5.1063E-8	1	0	3.70063
2304	-40.5	-5.5	40.872	1129.766	10.64216	1.75	6.4	15.272	5.1555E-8	1	0	3.71423
2305	-40.5	-4.5	40.749	1130.161	10.6866	1.75	6.4	15.149	5.1977E-8	1	0	3.72567
2306	-40.5	-3.5	40.651	1130.482	10.7229	1.75	6.4	15.051	5.2323E-8	1	0	3.73488
2307	-40.5	-2.5	40.577	1130.726	10.75056	1.75	6.4	14.977	5.2588E-8	1	0	3.74184
2308	-40.5	-1.5	40.528	1130.891	10.76922	1.75	6.4	14.928	5.2767E-8	1	0	3.74649
2309	-40.5	-0.5	40.503	1130.973	10.77862	1.75	6.4	14.903	5.2857E-8	1	0	3.74882
2310	-40.5	0.5	40.503	1130.973	10.77862	1.75	6.4	14.903	5.2857E-8	1	0	3.74882
2311	-40.5	1.5	40.528	1130.891	10.76922	1.75	6.4	14.928	5.2767E-8	1	0	3.74649
2312	-40.5	2.5	40.577	1130.726	10.75056	1.75	6.4	14.977	5.2588E-8	1	0	3.74184
2313	-40.5	3.5	40.651	1130.482	10.7229	1.75	6.4	15.051	5.2323E-8	1	0	3.73488
2314	-40.5	4.5	40.749	1130.161	10.6866	1.75	6.4	15.149	5.1977E-8	1	0	3.72567
2315	-40.5	5.5	40.872	1129.766	10.64216	1.75	6.4	15.272	5.1555E-8	1	0	3.71423
2316	-40.5	6.5	41.018	1129.301	10.59016	1.75	6.4	15.418	5.1063E-8	1	0	3.70063
2317	-40.5	7.5	41.189	1128.772	10.53131	1.75	6.4	15.589	5.0509E-8	1	0	3.68491
2318	-40.5	8.5	41.382	1128.185	10.46635	1.75	6.4	15.782	4.99E-8	1	0	3.66713
2319	-40.5	9.5	41.599	1127.546	10.39611	1.75	6.4	15.999	4.9247E-8	1	0	3.64736
2320	-40.5	10.5	41.839	1126.862	10.32147	1.75	6.4	16.239	4.8557E-8	1	0	3.62565
2321	-40.5	11.5	42.101	1126.14	10.24334	1.75	6.4	16.501	4.784E-8	1	0	3.60207
2322	-40.5	12.5	42.385	1125.389	10.16264	1.75	6.4	16.785	4.7104E-8	1	0	3.57665
2323	-40.5	13.5	42.691	1124.618	10.08032	1.75	6.4	17.091	4.636E-8	1	0	3.54946
2324	-40.5	14.5	43.017	1123.833	9.99733	1.75	6.4	17.417	4.5616E-8	1	0	3.52054
2325	-40.5	15.5	43.365	1123.045	9.91457	1.75	6.4	17.765	4.4879E-8	1	0	3.48991
2326	-40.5	16.5	43.732	1122.262	9.83296	1.75	6.4	18.132	4.4159E-8	1	0	3.45761
2327	-40.5	17.5	44.119	1121.493	9.75336	1.75	6.4	18.519	4.3461E-8	1	0	3.42366
2328	-40.5	18.5	44.525	1120.745	9.67659	1.75	6.4	18.925	4.2794E-8	1	0	3.3881
2329	-40.5	19.5	44.95	1120.028	9.60343	1.75	6.4	19.35	4.2163E-8	1	0	3.35095
2330	-40.5	20.5	45.393	1119.349	9.5346	1.75	6.4	19.793	4.1573E-8	1	0	3.31222
2331	-40.5	21.5	45.853	1118.715	9.47076	1.75	6.4	20.253	4.1029E-8	1	0	3.27196
2332	-40.5	22.5	46.33	1118.133	9.41251	1.75	6.4	20.73	4.0537E-8	1	0	3.23021
2333	-40.5	23.5	46.824	1117.61	9.36038	1.75	6.4	21.224	4.0098E-8	1	0	3.18699
2334	-40.5	24.5	47.334	1117.151	9.31484	1.75	6.4	21.734	3.9717E-8	1	0	3.14238
2335	-40.5	25.5	47.859	1116.76	9.27629	1.75	6.4	22.259	3.9396E-8	1	0	3.09644
2336	-40.5	26.5	48.399	1116.443	9.24505	1.75	6.4	22.799	3.9136E-8	1	0	3.04925
2337	-40.5	27.5	48.954	1116.202	9.22138	1.75	6.4	23.354	3.894E-8	1	0	3.0009
2338	-40.5	28.5	49.523	1116.04	9.2055	1.75	6.4	23.923	3.8809E-8	1	0	2.9515
2339	-40.5	29.5	50.105	1115.958	9.19776	1.75	6.4	24.505	3.8745E-8	1	0	2.90109
2340	-39.5	-29.5	49.3	1118.739	9.11777	1.75	6.4	23.7	3.8028E-8	1	0	3.00421
2341	-39.5	-28.5	48.708	1118.825	9.12625	1.75	6.4	23.108	3.8097E-8	1	0	3.05993
2342	-39.5	-27.5	48.13	1118.995	9.14373	1.75	6.4	22.53	3.824E-8	1	0	3.11457
2343	-39.5	-26.5	47.566	1119.249	9.16978	1.75	6.4	21.966	3.8454E-8	1	0	3.16809
2344	-39.5	-25.5	47.016	1119.584	9.20418	1.75	6.4	21.416	3.8737E-8	1	0	3.22038
2345	-39.5	-24.5	46.481	1119.995	9.24666	1.75	6.4	20.881	3.9089E-8	1	0	3.27134
2346	-39.5	-23.5	45.962	1120.478	9.29686	1.75	6.4	20.362	3.9506E-8	1	0	3.32088
2347	-39.5	-22.5	45.459	1121.03	9.35436	1.75	6.4	19.859	3.9986E-8	1	0	3.36894
2348	-39.5	-21.5	44.972	1121.642	9.41865	1.75	6.4	19.372	4.0527E-8	1	0	3.41545
2349	-39.5	-20.5	44.503	1122.309	9.48916	1.75	6.4	18.903	4.1124E-8	1	0	3.46037
2350	-39.5	-19.5	44.051	1123.024	9.56525	1.75	6.4	18.451	4.1773E-8	1	0	3.50367
2351	-39.5	-18.5	43.618	1123.779	9.64619	1.75	6.4	18.018	4.2469E-8	1	0	3.54531
2352	-39.5	-17.5	43.203	1124.566	9.7312	1.75	6.4	17.603	4.3206E-8	1	0	3.58527
2353	-39.5	-16.5	42.808	1125.375	9.81942	1.75	6.4	17.208	4.3977E-8	1	0	3.62352
2354	-39.5	-15.5	42.432	1126.198	9.90995	1.75	6.4	16.832	4.4775E-8	1	0	3.66003
2355	-39.5	-14.5	42.077	1127.026	10.00184	1.75	6.4	16.477	4.5593E-8	1	0	3.69477
2356	-39.5	-13.5	41.743	1127.85	10.09407	1.75	6.4	16.143	4.642E-8	1	0	3.72769
2357	-39.5	-12.5	41.431	1128.66	10.18562	1.75	6.4	15.831	4.7249E-8	1	0	3.75875
2358	-39.5	-11.5	41.14	1129.448	10.27546	1.75	6.4	15.54	4.807E-8	1	0	3.78788
2359	-39.5	-10.5	40.872	1130.205	10.36251	1.75	6.4	15.272	4.8871E-8	1	0	3.81503
2360	-39.5	-9.5	40.626	1130.922	10.44575	1.75	6.4	15.026	4.9644E-8	1	0	3.8401
2361	-39.5	-8.5	40.404	1131.591	10.52414	1.75	6.4	14.804	5.0377E-8	1	0	3.86301
2362	-39.5	-7.5	40.206	1132.206	10.59669	1.75	6.4	14.606	5.106E-8	1	0	3.88369
2363	-39.5	-6.5	40.031	1132.76	10.66248	1.75	6.4	14.431	5.1683E-8	1	0	3.90202
2364	-39.5	-5.5	39.881	1133.246	10.72063	1.75	6.4	14.281	5.2237E-8	1	0	3.91794
2365	-39.5	-4.5	39.756	1133.659	10.77036	1.75	6.4	14.156	5.2714E-8	1	0	3.93135
2366	-39.5	-3.5	39.655	1133.995	10.81101	1.75	6.4	14.055	5.3104E-8	1	0	3.94218
2367	-39.5	-2.5	39.579	1134.25	10.84199	1.75	6.4	13.979	5.3403E-8	1	0	3.95037
2368	-39.5	-1.5	39.528	1134.422	10.8629	1.75	6.4	13.928	5.3605E-8	1	0	3.95585
2369	-39.5	-0.5	39.503	1134.508	10.87342	1.75	6.4	13.903	5.3707E-8	1	0	3.9586
2370	-39.5	0.5	39.503	1134.508	10.87342	1.75	6.4	13.903	5.3707E-8	1	0	3.9586
2371	-39.5	1.5	39.528	1134.422	10.8629	1.75	6.4	13.928	5.3605E-8	1	0	3.95585
2372	-39.5	2.5	39.579	1134.25	10.84199	1.75	6.4	13.979	5.3403E-8	1	0	3.95037
2373	-39.5	3.5	39.655	1133.995	10.81101	1.75	6.4	14.055	5.3104E-8	1	0	3.94218
2374	-39.5	4.5	39.756	1133.659	10.77036	1.75	6.4	14.156	5.2714E-8	1	0	3.93135
2375	-39.5	5.5	39.881	1133.246	10.72063	1.75	6.4	14.281	5.2237E-8	1	0	3.91794
2376	-39.5	6.5	40.031	1132.76	10.66248	1.75	6.4	14.431	5.1683E-8	1	0	3.90202
2377	-39.5	7.5	40.206	1132.206	10.59669	1.75	6.4	14.606	5.106E-8	1	0	3.88369
2378	-39.5	8.5	40.404	1131.591	10.52414	1.75	6.4	14.804	5.0377E-8	1	0	3.86301
2379	-39.5	9.5	40.626	1130.922	10.44575	1.75	6.4	15.026	4.9644E-8	1	0	3.8401
2380	-39.5	10.5	40.872	1130.205	10.36251	1.75	6.4	15.272	4.8871E-8	1	0	3.81503
2381	-39.5	11.5	41.14	1129.448	10.27546	1.75	6.4	15.54	4.807E-8	1	0	3.78788
2382	-39.5	12.5	41.431	1128.66	10.18562	1.75	6.4	15.831	4.7249E-8	1	0	3.75875
2383	-39.5	13.5	41.743	1127.85	10.09407	1.75	6.4	16.143	4.642E-8	1	0	3.72769
2384	-39.5	14.5	42.077	1127.026	10.00184	1.75	6.4	16.477	4.5593E-8	1	0	3.69477
2385	-39.5	15.5	42.432	1126.198	9.90995	1.75	6.4	16.832	4.4775E-8	1	0	3.66003
2386	-39.5	16.5	42.808	1125.375	9.81942	1.75	6.4	17.208	4.3977E-8	1	0	3.62352
2387	-39.5	17.5	43.203	1124.566	9.7312	1.75	6.4	17.603	4.3206E-8	1	0	3.58527
2388	-39.5	18.5	43.618	1123.779	9.64619	1.75	6.4	18.018	4.2469E-8	1	0	3.54531
2389	-39.5	19.5	44.051	1123.024	9.56525	1.75	6.4	18.451	4.1773E-8	1	0	3.50367
2390	-39.5	20.5	44.503	1122.309	9.48916	1.75	6.4	18.903	4.1124E-8	1	0	3.46037
2391	-39.5	21.5	44.972	1121.642	9.41865	1.75	6.4	19.372	4.0527E-8	1	0	3.41545
2392	-39.5	22.5	45.459	1121.03	9.35436	1.75	6.4	19.859	3.9986E-8	1	0	3.36894
2393	-39.5	23.5	45.962	1120.478	9.29686	1.75	6.4	20.362	3.9506E-8	1	0	3.32088
2394	-39.5	24.5	46.481	1119.995	9.24666	1.75	6.4	20.881	3.9089E-8	1	0	3.27134
2395	-39.5	25.5	47.016	1119.584	9.20418	1.75	6.4	21.416	3.8737E-8	1	0	3.22038
2396	-39.5	26.5	47.566	1119.249	9.16978	1.75	6.4	21.966	3.8454E-8	1	0	3.16809
2397	-39.5	27.5	48.13	1118.995	9.14373	1.75	6.4	22.53	3.824E-8	1	0	3.11457
2398	-39.5	28.5	48.708	1118.825	9.12625	1.75	6.4	23.108	3.8097E-8	1	0	3.05993
2399	-39.5	29.5	49.3	1118.739	9.11777	1.75	6.4	23.7	3.8028E-8	1	0	3.00421
2400	-38.5	-29.5	48.503	1121.291	9.02978	1.75	6.4	22.903	3.7255E-8	1	0	3.11691
2401	-38.5	-28.5	47.901	1121.381	9.03907	1.75	6.4	22.301	3.7331E-8	1	0	3.17866
2402	-38.5	-27.5	47.313	1121.56	9.05829	1.75	6.4	21.713	3.7486E-8	1	0	3.23925
2403	-38.5	-26.5	46.739	1121.827	9.08693	1.75	6.4	21.139	3.7719E-8	1	0	3.29867
2404	-38.5	-25.5	46.179	1122.179	9.12478	1.75	6.4	20.579	3.8028E-8	1	0	3.35678
2405	-38.5	-24.5	45.634	1122.611	9.17153	1.75	6.4	20.034	3.8412E-8	1	0	3.4135
2406	-38.5	-23.5	45.105	1123.119	9.22683	1.75	6.4	19.505	3.8868E-8	1	0	3.46871
2407	-38.5	-22.5	44.593	1123.698	9.2902	1.75	6.4	18.993	3.9393E-8	1	0	3.52237
2408	-38.5	-21.5	44.096	1124.341	9.36111	1.75	6.4	18.496	3.9986E-8	1	0	3.5744
2409	-38.5	-20.5	43.618	1125.042	9.43896	1.75	6.4	18.018	4.0641E-8	1	0	3.62477
2410	-38.5	-19.5	43.157	1125.793	9.52303	1.75	6.4	17.557	4.1354E-8	1	0	3.67343
2411	-38.5	-18.5	42.714	1126.585	9.61255	1.75	6.4	17.114	4.2121E-8	1	0	3.72037
2412	-38.5	-17.5	42.291	1127.41	9.70666	1.75	6.4	16.691	4.2934E-8	1	0	3.76555
2413	-38.5	-16.5	41.887	1128.259	9.80442	1.75	6.4	16.287	4.3787E-8	1	0	3.80896
2414	-38.5	-15.5	41.503	1129.121	9.90483	1.75	6.4	15.903	4.4671E-8	1	0	3.85054
2415	-38.5	-14.5	41.14	1129.989	10.00685	1.75	6.4	15.54	4.5579E-8	1	0	3.89027
2416	-38.5	-13.5	40.798	1130.851	10.10935	1.75	6.4	15.198	4.6499E-8	1	0	3.92809
2417	-38.5	-12.5	40.478	1131.698	10.2112	1.75	6.4	14.878	4.7423E-8	1	0	3.96392
2418	-38.5	-11.5	40.181	1132.522	10.31123	1.75	6.4	14.581	4.8339E-8	1	0	3.99769
2419	-38.5	-10.5	39.906	1133.312	10.40826	1.75	6.4	14.306	4.9236E-8	1	0	4.02929
2420	-38.5	-9.5	39.655	1134.061	10.50112	1.75	6.4	14.055	5.0102E-8	1	0	4.0586
2421	-38.5	-8.5	39.427	1134.759	10.58865	1.75	6.4	13.827	5.0925E-8	1	0	4.08551
2422	-38.5	-7.5	39.224	1135.4	10.66975	1.75	6.4	13.624	5.1693E-8	1	0	4.10988
2423	-38.5	-6.5	39.045	1135.977	10.74333	1.75	6.4	13.445	5.2395E-8	1	0	4.13159
2424	-38.5	-5.5	38.891	1136.483	10.80842	1.75	6.4	13.291	5.302E-8	1	0	4.15048
2425	-38.5	-4.5	38.762	1136.913	10.86413	1.75	6.4	13.162	5.3558E-8	1	0	4.16645
2426	-38.5	-3.5	38.659	1137.262	10.90968	1.75	6.4	13.059	5.4E-8	1	0	4.17938
2427	-38.5	-2.5	38.581	1137.527	10.94443	1.75	6.4	12.981	5.4338E-8	1	0	4.18917
2428	-38.5	-1.5	38.529	1137.706	10.96787	1.75	6.4	12.929	5.4567E-8	1	0	4.19574
2429	-38.5	-0.5	38.503	1137.795	10.97968	1.75	6.4	12.903	5.4682E-8	1	0	4.19904
2430	-38.5	0.5	38.503	1137.795	10.97968	1.75	6.4	12.903	5.4682E-8	1	0	4.19904
2431	-38.5	1.5	38.529	1137.706	10.96787	1.75	6.4	12.929	5.4567E-8	1	0	4.19574
2432	-38.5	2.5	38.581	1137.527	10.94443	1.75	6.4	12.981	5.4338E-8	1	0	4.18917
2433	-38.5	3.5	38.659	1137.262	10.90968	1.75	6.4	13.059	5.4E-8	1	0	4.17938
2434	-38.5	4.5	38.762	1136.913	10.86413	1.75	6.4	13.162	5.3558E-8	1	0	4.16645
2435	-38.5	5.5	38.891	1136.483	10.80842	1.75	6.4	13.291	5.302E-8	1	0	4.15048
2436	-38.5	6.5	39.045	1135.977	10.74333	1.75	6.4	13.445	5.2395E-8	1	0	4.13159
2437	-38.5	7.5	39.224	1135.4	10.66975	1.75	6.4	13.624	5.1693E-8	1	0	4.10988
2438	-38.5	8.5	39.427	1134.759	10.58865	1.75	6.4	13.827	5.0925E-8	1	0	4.08551
2439	-38.5	9.5	39.655	1134.061	10.50112	1.75	6.4	14.055	5.0102E-8	1	0	4.0586
2440	-38.5	10.5	39.906	1133.312	10.40826	1.75	6.4	14.306	4.9236E-8	1	0	4.02929
2441	-38.5	11.5	40.181	1132.522	10.31123	1.75	6.4	14.581	4.8339E-8	1	0	3.99769
2442	-38.5	12.5	40.478	1131.698	10.2112	1.75	6.4	14.878	4.7423E-8	1	0	3.96392
2443	-38.5	13.5	40.798	1130.851	10.10935	1.75	6.4	15.198	4.6499E-8	1	0	3.92809
2444	-38.5	14.5	41.14	1129.989	10.00685	1.75	6.4	15.54	4.5579E-8	1	0	3.89027
2445	-38.5	15.5	41.503	1129.121	9.90483	1.75	6.4	15.903	4.4671E-8	1	0	3.85054
2446	-38.5	16.5	41.887	1128.259	9.80442	1.75	6.4	16.287	4.3787E-8	1	0	3.80896
2447	-38.5	17.5	42.291	1127.41	9.70666	1.75	6.4	16.691	4.2934E-8	1	0	3.76555
2448	-38.5	18.5	42.714	1126.585	9.61255	1.75	6.4	17.114	4.2121E-8	1	0	3.72037
2449	-38.5	19.5	43.157	1125.793	9.52303	1.75	6.4	17.557	4.1354E-8	1	0	3.67343
2450	-38.5	20.5	43.618	1125.042	9.43896	1.75	6.4	18.018	4.0641E-8	1	0	3.62477
2451	-38.5	21.5	44.096	1124.341	9.36111	1.75	6.4	18.496	3.9986E-8	1	0	3.5744
2452	-38.5	22.5	44.593	1123.698	9.2902	1.75	6.4	18.993	3.9393E-8	1	0	3.52237
2453	-38.5	23.5	45.105	1123.119	9.22683	1.75	6.4	19.505	3.8868E-8	1	0	3.46871
2454	-38.5	24.5	45.634	1122.611	9.17153	1.75	6.4	20.034	3.8412E-8	1	0	3.4135
2455	-38.5	25.5	46.179	1122.179	9.12478	1.75	6.4	20.579	3.8028E-8	1	0	3.35678
2456	-38.5	26.5	46.739	1121.827	9.08693	1.75	6.4	21.139	3.7719E-8	1	0	3.29867
2457	-38.5	27.5	47.313	1121.56	9.05829	1.75	6.4	21.713	3.7486E-8	1	0	3.23925
2458	-38.5	28.5	47.901	1121.381	9.03907	1.75	6.4	22.301	3.7331E-8	1	0	3.17866
2459	-38.5	29.5	48.503	1121.291	9.02978	1.75	6.4	22.903	3.7255E-8	1	0	3.11691
2460	-37.5	-29.5	47.713	1123.619	8.9331	1.75	6.4	22.113	3.6424E-8	1	0	3.24047
2461	-37.5	-28.5	47.101	1123.714	8.94326	1.75	6.4	21.501	3.6506E-8	1	0	3.30909
2462	-37.5	-27.5	46.503	1123.902	8.96436	1.75	6.4	20.903	3.6675E-8	1	0	3.37648
2463	-37.5	-26.5	45.918	1124.182	8.99583	1.75	6.4	20.318	3.6929E-8	1	0	3.44265
2464	-37.5	-25.5	45.349	1124.55	9.03742	1.75	6.4	19.749	3.7265E-8	1	0	3.50746
2465	-37.5	-24.5	44.794	1125.003	9.08884	1.75	6.4	19.194	3.7682E-8	1	0	3.5708
2466	-37.5	-23.5	44.255	1125.536	9.14968	1.75	6.4	18.655	3.818E-8	1	0	3.63259
2467	-37.5	-22.5	43.732	1126.143	9.21946	1.75	6.4	18.132	3.8754E-8	1	0	3.69275
2468	-37.5	-21.5	43.226	1126.817	9.29763	1.75	6.4	17.626	3.9402E-8	1	0	3.75124
2469	-37.5	-20.5	42.738	1127.551	9.38351	1.75	6.4	17.138	4.012E-8	1	0	3.808
2470	-37.5	-19.5	42.267	1128.337	9.47636	1.75	6.4	16.667	4.0904E-8	1	0	3.86302
2471	-37.5	-18.5	41.815	1129.166	9.57533	1.75	6.4	16.215	4.1748E-8	1	0	3.91627
2472	-37.5	-17.5	41.382	1130.029	9.67948	1.75	6.4	15.782	4.2644E-8	1	0	3.96772
2473	-37.5	-16.5	40.97	1130.916	9.78779	1.75	6.4	15.37	4.3587E-8	1	0	4.01736
2474	-37.5	-15.5	40.577	1131.817	9.89916	1.75	6.4	14.977	4.4567E-8	1	0	4.06514
2475	-37.5	-14.5	40.206	1132.722	10.01242	1.75	6.4	14.606	4.5574E-8	1	0	4.11102
2476	-37.5	-13.5	39.856	1133.621	10.12635	1.75	6.4	14.256	4.6599E-8	1	0	4.15492
2477	-37.5	-12.5	39.528	1134.504	10.23967	1.75	6.4	13.928	4.7629E-8	1	0	4.19674
2478	-37.5	-11.5	39.224	1135.361	10.35108	1.75	6.4	13.624	4.8653E-8	1	0	4.23635
2479	-37.5	-10.5	38.942	1136.183	10.45927	1.75	6.4	13.342	4.9657E-8	1	0	4.27363
2480	-37.5	-9.5	38.685	1136.96	10.56292	1.75	6.4	13.085	5.0628E-8	1	0	4.3084
2481	-37.5	-8.5	38.451	1137.685	10.66072	1.75	6.4	12.851	5.1554E-8	1	0	4.34047
2482	-37.5	-7.5	38.243	1138.35	10.75142	1.75	6.4	12.643	5.2419E-8	1	0	4.36965
2483	-37.5	-6.5	38.059	1138.947	10.8338	1.75	6.4	12.459	5.3211E-8	1	0	4.39575
2484	-37.5	-5.5	37.901	1139.47	10.90674	1.75	6.4	12.301	5.3918E-8	1	0	4.41857
2485	-37.5	-4.5	37.769	1139.914	10.9692	1.75	6.4	12.169	5.4526E-8	1	0	4.43792
2486	-37.5	-3.5	37.663	1140.275	11.0203	1.75	6.4	12.063	5.5027E-8	1	0	4.45363
2487	-37.5	-2.5	37.583	1140.549	11.0593	1.75	6.4	11.983	5.541E-8	1	0	4.46555
2488	-37.5	-1.5	37.53	1140.733	11.08563	1.75	6.4	11.93	5.567E-8	1	0	4.47357
2489	-37.5	-0.5	37.503	1140.826	11.09889	1.75	6.4	11.903	5.5801E-8	1	0	4.4776
2490	-37.5	0.5	37.503	1140.826	11.09889	1.75	6.4	11.903	5.5801E-8	1	0	4.4776
2491	-37.5	1.5	37.53	1140.733	11.08563	1.75	6.4	11.93	5.567E-8	1	0	4.47357
2492	-37.5	2.5	37.583	1140.549	11.0593	1.75	6.4	11.983	5.541E-8	1	0	4.46555
2493	-37.5	3.5	37.663	1140.275	11.0203	1.75	6.4	12.063	5.5027E-8	1	0	4.45363
2494	-37.5	4.5	37.769	1139.914	10.9692	1.75	6.4	12.169	5.4526E-8	1	0	4.43792
2495	-37.5	5.5	37.901	1139.47	10.90674	1.75	6.4	12.301	5.3918E-8	1	0	4.41857
2496	-37.5	6.5	38.059	1138.947	10.8338	1.75	6.4	12.459	5.3211E-8	1	0	4.39575
2497	-37.5	7.5	38.243	1138.35	10.75142	1.75	6.4	12.643	5.2419E-8	1	0	4.36965
2498	-37.5	8.5	38.451	1137.685	10.66072	1.75	6.4	12.851	5.1554E-8	1	0	4.34047
2499	-37.5	9.5	38.685	1136.96	10.56292	1.75	6.4	13.085	5.0628E-8	1	0	4.3084
2500	-37.5	10.5	38.942	1136.183	10.45927	1.75	6.4	13.342	4.9657E-8	1	0	4.27363
2501	-37.5	11.5	39.224	1135.361	10.35108	1.75	6.4	13.624	4.8653E-8	1	0	4.23635
2502	-37.5	12.5	39.528	1134.504	10.23967	1.75	6.4	13.928	4.7629E-8	1	0	4.19674
2503	-37.5	13.5	39.856	1133.621	10.12635	1.75	6.4	14.256	4.6599E-8	1	0	4.15492
2504	-37.5	14.5	40.206	1132.722	10.01242	1.75	6.4	14.606	4.5574E-8	1	0	4.11102
2505	-37.5	15.5	40.577	1131.817	9.89916	1.75	6.4	14.977	4.4567E-8	1	0	4.06514
2506	-37.5	16.5	40.97	1130.916	9.78779	1.75	6.4	15.37	4.3587E-8	1	0	4.01736
2507	-37.5	17.5	41.382	1130.029	9.67948	1.75	6.4	15.782	4.2644E-8	1	0	3.96772
2508	-37.5	18.5	41.815	1129.166	9.57533	1.75	6.4	16.215	4.1748E-8	1	0	3.91627
2509	-37.5	19.5	42.267	1128.337	9.47636	1.75	6.4	16.667	4.0904E-8	1	0	3.86302
2510	-37.5	20.5	42.738	1127.551	9.38351	1.75	6.4	17.138	4.012E-8	1	0	3.808
2511	-37.5	21.5	43.226	1126.817	9.29763	1.75	6.4	17.626	3.9402E-8	1	0	3.75124
2512	-37.5	22.5	43.732	1126.143	9.21946	1.75	6.4	18.132	3.8754E-8	1	0	3.69275
2513	-37.5	23.5	44.255	1125.536	9.14968	1.75	6.4	18.655	3.818E-8	1	0	3.63259
2514	-37.5	24.5	44.794	1125.003	9.08884	1.75	6.4	19.194	3.7682E-8	1	0	3.5708
2515	-37.5	25.5	45.349	1124.55	9.03742	1.75	6.4	19.749	3.7265E-8	1	0	3.50746
2516	-37.5	26.5	45.918	1124.182	8.99583	1.75	6.4	20.318	3.6929E-8	1	0	3.44265
2517	-37.5	27.5	46.503	1123.902	8.96436	1.75	6.4	20.903	3.6675E-8	1	0	3.37648
2518	-37.5	28.5	47.101	1123.714	8.94326	1.75	6.4	21.501	3.6506E-8	1	0	3.30909
2519	-37.5	29.5	47.713	1123.619	8.9331	1.75	6.4	22.113	3.6424E-8	1	0	3.24047
2520	-36.5	-29.5	46.931	1125.73	8.827	1.75	6.4	21.331	3.5531E-8	1	0	3.37639
2521	-36.5	-28.5	46.309	1125.829	8.83809	1.75	6.4	20.709	3.5619E-8	1	0	3.45287
2522	-36.5	-27.5	45.7	1126.026	8.86123	1.75	6.4	20.1	3.5803E-8	1	0	3.52806
2523	-36.5	-26.5	45.105	1126.319	8.89575	1.75	6.4	19.505	3.6077E-8	1	0	3.60199
2524	-36.5	-25.5	44.525	1126.705	8.94141	1.75	6.4	18.925	3.6443E-8	1	0	3.67453
2525	-36.5	-24.5	43.96	1127.179	8.99788	1.75	6.4	18.36	3.6897E-8	1	0	3.74556
2526	-36.5	-23.5	43.411	1127.736	9.06476	1.75	6.4	17.811	3.7438E-8	1	0	3.815
2527	-36.5	-22.5	42.878	1128.37	9.14155	1.75	6.4	17.278	3.8064E-8	1	0	3.88279
2528	-36.5	-21.5	42.362	1129.074	9.22763	1.75	6.4	16.762	3.8772E-8	1	0	3.94886
2529	-36.5	-20.5	41.863	1129.841	9.32232	1.75	6.4	16.263	3.9559E-8	1	0	4.01321
2530	-36.5	-19.5	41.382	1130.662	9.42481	1.75	6.4	15.782	4.0419E-8	1	0	4.07581
2531	-36.5	-18.5	40.921	1131.526	9.53417	1.75	6.4	15.321	4.1346E-8	1	0	4.13666
2532	-36.5	-17.5	40.478	1132.426	9.6494	1.75	6.4	14.878	4.2335E-8	1	0	4.19573
2533	-36.5	-16.5	40.056	1133.349	9.76937	1.75	6.4	14.456	4.3376E-8	1	0	4.25301
2534	-36.5	-15.5	39.655	1134.287	9.89288	1.75	6.4	14.055	4.4462E-8	1	0	4.30846
2535	-36.5	-14.5	39.275	1135.228	10.01864	1.75	6.4	13.675	4.558E-8	1	0	4.36201
2536	-36.5	-13.5	38.917	1136.161	10.14527	1.75	6.4	13.317	4.672E-8	1	0	4.41358
2537	-36.5	-12.5	38.581	1137.076	10.27138	1.75	6.4	12.981	4.787E-8	1	0	4.46302
2538	-36.5	-11.5	38.269	1137.964	10.3955	1.75	6.4	12.669	4.9014E-8	1	0	4.51017
2539	-36.5	-10.5	37.98	1138.814	10.51618	1.75	6.4	12.38	5.014E-8	1	0	4.55481
2540	-36.5	-9.5	37.716	1139.617	10.63193	1.75	6.4	12.116	5.1232E-8	1	0	4.59671
2541	-36.5	-8.5	37.477	1140.364	10.74128	1.75	6.4	11.877	5.2274E-8	1	0	4.63559
2542	-36.5	-7.5	37.263	1141.048	10.8428	1.75	6.4	11.663	5.325E-8	1	0	4.67117
2543	-36.5	-6.5	37.074	1141.662	10.93512	1.75	6.4	11.474	5.4146E-8	1	0	4.70315
2544	-36.5	-5.5	36.912	1142.2	11.01692	1.75	6.4	11.312	5.4946E-8	1	0	4.73123
2545	-36.5	-4.5	36.776	1142.656	11.08704	1.75	6.4	11.176	5.5636E-8	1	0	4.75515
2546	-36.5	-3.5	36.667	1143.026	11.14445	1.75	6.4	11.067	5.6205E-8	1	0	4.77463
2547	-36.5	-2.5	36.586	1143.306	11.18828	1.75	6.4	10.986	5.6641E-8	1	0	4.78946
2548	-36.5	-1.5	36.531	1143.494	11.21787	1.75	6.4	10.931	5.6936E-8	1	0	4.79945
2549	-36.5	-0.5	36.503	1143.589	11.23278	1.75	6.4	10.903	5.7085E-8	1	0	4.80448
2550	-36.5	0.5	36.503	1143.589	11.23278	1.75	6.4	10.903	5.7085E-8	1	0	4.80448
2551	-36.5	1.5	36.531	1143.494	11.21787	1.75	6.4	10.931	5.6936E-8	1	0	4.79945
2552	-36.5	2.5	36.586	1143.306	11.18828	1.75	6.4	10.986	5.6641E-8	1	0	4.78946
2553	-36.5	3.5	36.667	1143.026	11.14445	1.75	6.4	11.067	5.6205E-8	1	0	4.77463
2554	-36.5	4.5	36.776	1142.656	11.08704	1.75	6.4	11.176	5.5636E-8	1	0	4.75515
2555	-36.5	5.5	36.912	1142.2	11.01692	1.75	6.4	11.312	5.4946E-8	1	0	4.73123
2556	-36.5	6.5	37.074	1141.662	10.93512	1.75	6.4	11.474	5.4146E-8	1	0	4.70315
2557	-36.5	7.5	37.263	1141.048	10.8428	1.75	6.4	11.663	5.325E-8	1	0	4.67117
2558	-36.5	8.5	37.477	1140.364	10.74128	1.75	6.4	11.877	5.2274E-8	1	0	4.63559
2559	-36.5	9.5	37.716	1139.617	10.63193	1.75	6.4	12.116	5.1232E-8	1	0	4.59671
2560	-36.5	10.5	37.98	1138.814	10.51618	1.75	6.4	12.38	5.014E-8	1	0	4.55481
2561	-36.5	11.5	38.269	1137.964	10.3955	1.75	6.4	12.669	4.9014E-8	1	0	4.51017
2562	-36.5	12.5	38.581	1137.076	10.27138	1.75	6.4	12.981	4.787E-8	1	0	4.46302
2563	-36.5	13.5	38.917	1136.161	10.14527	1.75	6.4	13.317	4.672E-8	1	0	4.41358
2564	-36.5	14.5	39.275	1135.228	10.01864	1.75	6.4	13.675	4.558E-8	1	0	4.36201
2565	-36.5	15.5	39.655	1134.287	9.89288	1.75	6.4	14.055	4.4462E-8	1	0	4.30846
2566	-36.5	16.5	40.056	1133.349	9.76937	1.75	6.4	14.456	4.3376E-8	1	0	4.25301
2567	-36.5	17.5	40.478	1132.426	9.6494	1.75	6.4	14.878	4.2335E-8	1	0	4.19573
2568	-36.5	18.5	40.921	1131.526	9.53417	1.75	6.4	15.321	4.1346E-8	1	0	4.13666
2569	-36.5	19.5	41.382	1130.662	9.42481	1.75	6.4	15.782	4.0419E-8	1	0	4.07581
2570	-36.5	20.5	41.863	1129.841	9.32232	1.75	6.4	16.263	3.9559E-8	1	0	4.01321
2571	-36.5	21.5	42.362	1129.074	9.22763	1.75	6.4	16.762	3.8772E-8	1	0	3.94886
2572	-36.5	22.5	42.878	1128.37	9.14155	1.75	6.4	17.278	3.8064E-8	1	0	3.88279
2573	-36.5	23.5	43.411	1127.736	9.06476	1.75	6.4	17.811	3.7438E-8	1	0	3.815
2574	-36.5	24.5	43.96	1127.179	8.99788	1.75	6.4	18.36	3.6897E-8	1	0	3.74556
2575	-36.5	25.5	44.525	1126.705	8.94141	1.75	6.4	18.925	3.6443E-8	1	0	3.67453
2576	-36.5	26.5	45.105	1126.319	8.89575	1.75	6.4	19.505	3.6077E-8	1	0	3.60199
2577	-36.5	27.5	45.7	1126.026	8.86123	1.75	6.4	20.1	3.5803E-8	1	0	3.52806
2578	-36.5	28.5	46.309	1125.829	8.83809	1.75	6.4	20.709	3.5619E-8	1	0	3.45287
2579	-36.5	29.5	46.931	1125.73	8.827	1.75	6.4	21.331	3.5531E-8	1	0	3.37639
2580	-35.5	-29.5	46.157	1127.632	8.7107	1.75	6.4	20.557	3.4572E-8	1	0	3.52645
2581	-35.5	-28.5	45.525	1127.735	8.72278	1.75	6.4	19.925	3.4666E-8	1	0	3.61195
2582	-35.5	-27.5	44.905	1127.941	8.74812	1.75	6.4	19.305	3.4865E-8	1	0	3.69612
2583	-35.5	-26.5	44.3	1128.246	8.78594	1.75	6.4	18.7	3.5162E-8	1	0	3.77903
2584	-35.5	-25.5	43.709	1128.648	8.83599	1.75	6.4	18.109	3.5558E-8	1	0	3.86053
2585	-35.5	-24.5	43.134	1129.143	8.89795	1.75	6.4	17.534	3.605E-8	1	0	3.94053
2586	-35.5	-23.5	42.573	1129.724	8.97138	1.75	6.4	16.973	3.6638E-8	1	0	4.01894
2587	-35.5	-22.5	42.03	1130.385	9.05578	1.75	6.4	16.43	3.732E-8	1	0	4.0957
2588	-35.5	-21.5	41.503	1131.119	9.15051	1.75	6.4	15.903	3.8093E-8	1	0	4.1708
2589	-35.5	-20.5	40.994	1131.917	9.25482	1.75	6.4	15.394	3.8952E-8	1	0	4.24422
2590	-35.5	-19.5	40.503	1132.771	9.36787	1.75	6.4	14.903	3.9895E-8	1	0	4.31597
2591	-35.5	-18.5	40.031	1133.67	9.48867	1.75	6.4	14.431	4.0914E-8	1	0	4.38605
2592	-35.5	-17.5	39.579	1134.604	9.61612	1.75	6.4	13.979	4.2003E-8	1	0	4.45448
2593	-35.5	-16.5	39.147	1135.562	9.74899	1.75	6.4	13.547	4.3153E-8	1	0	4.52125
2594	-35.5	-15.5	38.736	1136.534	9.88595	1.75	6.4	13.136	4.4355E-8	1	0	4.58632
2595	-35.5	-14.5	38.347	1137.507	10.02557	1.75	6.4	12.747	4.5597E-8	1	0	4.64962
2596	-35.5	-13.5	37.98	1138.471	10.16634	1.75	6.4	12.38	4.6867E-8	1	0	4.71103
2597	-35.5	-12.5	37.636	1139.415	10.3067	1.75	6.4	12.036	4.815E-8	1	0	4.77037
2598	-35.5	-11.5	37.316	1140.329	10.44503	1.75	6.4	11.716	4.9431E-8	1	0	4.82739
2599	-35.5	-10.5	37.02	1141.202	10.57969	1.75	6.4	11.42	5.0694E-8	1	0	4.88179
2600	-35.5	-9.5	36.749	1142.025	10.70902	1.75	6.4	11.149	5.1922E-8	1	0	4.93322
2601	-35.5	-8.5	36.503	1142.79	10.83138	1.75	6.4	10.903	5.3097E-8	1	0	4.98128
2602	-35.5	-7.5	36.284	1143.489	10.94512	1.75	6.4	10.684	5.4201E-8	1	0	5.02554
2603	-35.5	-6.5	36.09	1144.115	11.04868	1.75	6.4	10.49	5.5216E-8	1	0	5.06556
2604	-35.5	-5.5	35.924	1144.662	11.14054	1.75	6.4	10.324	5.6125E-8	1	0	5.10089
2605	-35.5	-4.5	35.784	1145.125	11.21936	1.75	6.4	10.184	5.691E-8	1	0	5.13112
2606	-35.5	-3.5	35.672	1145.5	11.28394	1.75	6.4	10.072	5.7557E-8	1	0	5.15585
2607	-35.5	-2.5	35.588	1145.784	11.33326	1.75	6.4	9.988	5.8054E-8	1	0	5.17474
2608	-35.5	-1.5	35.532	1145.975	11.36658	1.75	6.4	9.932	5.8391E-8	1	0	5.18749
2609	-35.5	-0.5	35.504	1146.071	11.38336	1.75	6.4	9.904	5.8561E-8	1	0	5.19392
2610	-35.5	0.5	35.504	1146.071	11.38336	1.75	6.4	9.904	5.8561E-8	1	0	5.19392
2611	-35.5	1.5	35.532	1145.975	11.36658	1.75	6.4	9.932	5.8391E-8	1	0	5.18749
2612	-35.5	2.5	35.588	1145.784	11.33326	1.75	6.4	9.988	5.8054E-8	1	0	5.17474
2613	-35.5	3.5	35.672	1145.5	11.28394	1.75	6.4	10.072	5.7557E-8	1	0	5.15585
2614	-35.5	4.5	35.784	1145.125	11.21936	1.75	6.4	10.184	5.691E-8	1	0	5.13112
2615	-35.5	5.5	35.924	1144.662	11.14054	1.75	6.4	10.324	5.6125E-8	1	0	5.10089
2616	-35.5	6.5	36.09	1144.115	11.04868	1.75	6.4	10.49	5.5216E-8	1	0	5.06556
2617	-35.5	7.5	36.284	1143.489	10.94512	1.75	6.4	10.684	5.4201E-8	1	0	5.02554
2618	-35.5	8.5	36.503	1142.79	10.83138	1.75	6.4	10.903	5.3097E-8	1	0	4.98128
2619	-35.5	9.5	36.749	1142.025	10.70902	1.75	6.4	11.149	5.1922E-8	1	0	4.93322
2620	-35.5	10.5	37.02	1141.202	10.57969	1.75	6.4	11.42	5.0694E-8	1	0	4.88179
2621	-35.5	11.5	37.316	1140.329	10.44503	1.75	6.4	11.716	4.9431E-8	1	0	4.82739
2622	-35.5	12.5	37.636	1139.415	10.3067	1.75	6.4	12.036	4.815E-8	1	0	4.77037
2623	-35.5	13.5	37.98	1138.471	10.16634	1.75	6.4	12.38	4.6867E-8	1	0	4.71103
2624	-35.5	14.5	38.347	1137.507	10.02557	1.75	6.4	12.747	4.5597E-8	1	0	4.64962
2625	-35.5	15.5	38.736	1136.534	9.88595	1.75	6.4	13.136	4.4355E-8	1	0	4.58632
2626	-35.5	16.5	39.147	1135.562	9.74899	1.75	6.4	13.547	4.3153E-8	1	0	4.52125
2627	-35.5	17.5	39.579	1134.604	9.61612	1.75	6.4	13.979	4.2003E-8	1	0	4.45448
2628	-35.5	18.5	40.031	1133.67	9.48867	1.75	6.4	14.431	4.0914E-8	1	0	4.38605
2629	-35.5	19.5	40.503	1132.771	9.36787	1.75	6.4	14.903	3.9895E-8	1	0	4.31597
2630	-35.5	20.5	40.994	1131.917	9.25482	1.75	6.4	15.394	3.8952E-8	1	0	4.24422
2631	-35.5	21.5	41.503	1131.119	9.15051	1.75	6.4	15.903	3.8093E-8	1	0	4.1708
2632	-35.5	22.5	42.03	1130.385	9.05578	1.75	6.4	16.43	3.732E-8	1	0	4.0957
2633	-35.5	23.5	42.573	1129.724	8.97138	1.75	6.4	16.973	3.6638E-8	1	0	4.01894
2634	-35.5	24.5	43.134	1129.143	8.89795	1.75	6.4	17.534	3.605E-8	1	0	3.94053
2635	-35.5	25.5	43.709	1128.648	8.83599	1.75	6.4	18.109	3.5558E-8	1	0	3.86053
2636	-35.5	26.5	44.3	1128.246	8.78594	1.75	6.4	18.7	3.5162E-8	1	0	3.77903
2637	-35.5	27.5	44.905	1127.941	8.74812	1.75	6.4	19.305	3.4865E-8	1	0	3.69612
2638	-35.5	28.5	45.525	1127.735	8.72278	1.75	6.4	19.925	3.4666E-8	1	0	3.61195
2639	-35.5	29.5	46.157	1127.632	8.7107	1.75	6.4	20.557	3.4572E-8	1	0	3.52645
2640	-34.5	-29.5	45.393	1129.33	8.58341	1.75	6.4	19.793	3.3544E-8	1	0	3.69269
2641	-34.5	-28.5	44.749	1129.438	8.59653	1.75	6.4	19.149	3.3645E-8	1	0	3.78862
2642	-34.5	-27.5	44.119	1129.652	8.62425	1.75	6.4	18.519	3.3859E-8	1	0	3.88318
2643	-34.5	-26.5	43.503	1129.97	8.66562	1.75	6.4	17.903	3.418E-8	1	0	3.97651
2644	-34.5	-25.5	42.901	1130.389	8.7204	1.75	6.4	17.301	3.4607E-8	1	0	4.06848
2645	-34.5	-24.5	42.314	1130.903	8.78828	1.75	6.4	16.714	3.514E-8	1	0	4.159
2646	-34.5	-23.5	41.743	1131.508	8.86881	1.75	6.4	16.143	3.5777E-8	1	0	4.24799
2647	-34.5	-22.5	41.189	1132.195	8.96146	1.75	6.4	15.589	3.6517E-8	1	0	4.33544
2648	-34.5	-21.5	40.651	1132.957	9.06559	1.75	6.4	15.051	3.7358E-8	1	0	4.42134
2649	-34.5	-20.5	40.131	1133.786	9.18042	1.75	6.4	14.531	3.8297E-8	1	0	4.50571
2650	-34.5	-19.5	39.63	1134.671	9.30504	1.75	6.4	14.03	3.9328E-8	1	0	4.58862
2651	-34.5	-18.5	39.147	1135.602	9.4384	1.75	6.4	13.547	4.0447E-8	1	0	4.67009
2652	-34.5	-17.5	38.685	1136.569	9.57931	1.75	6.4	13.085	4.1646E-8	1	0	4.75018
2653	-34.5	-16.5	38.243	1137.559	9.72643	1.75	6.4	12.643	4.2916E-8	1	0	4.8289
2654	-34.5	-15.5	37.822	1138.56	9.8783	1.75	6.4	12.222	4.4247E-8	1	0	4.90625
2655	-34.5	-14.5	37.423	1139.562	10.03333	1.75	6.4	11.823	4.5626E-8	1	0	4.98213
2656	-34.5	-13.5	37.047	1140.552	10.18984	1.75	6.4	11.447	4.704E-8	1	0	5.05641
2657	-34.5	-12.5	36.695	1141.519	10.34609	1.75	6.4	11.095	4.8473E-8	1	0	5.12884
2658	-34.5	-11.5	36.366	1142.453	10.50028	1.75	6.4	10.766	4.9908E-8	1	0	5.19908
2659	-34.5	-10.5	36.062	1143.343	10.65061	1.75	6.4	10.462	5.1327E-8	1	0	5.2667
2660	-34.5	-9.5	35.784	1144.18	10.7952	1.75	6.4	10.184	5.271E-8	1	0	5.33117
2661	-34.5	-8.5	35.532	1144.956	10.93221	1.75	6.4	9.932	5.4038E-8	1	0	5.3919
2662	-34.5	-7.5	35.306	1145.662	11.05978	1.75	6.4	9.706	5.5289E-8	1	0	5.44826
2663	-34.5	-6.5	35.107	1146.294	11.17608	1.75	6.4	9.507	5.6442E-8	1	0	5.49957
2664	-34.5	-5.5	34.936	1146.844	11.2794	1.75	6.4	9.336	5.7476E-8	1	0	5.54517
2665	-34.5	-4.5	34.792	1147.309	11.36813	1.75	6.4	9.192	5.8372E-8	1	0	5.5844
2666	-34.5	-3.5	34.677	1147.684	11.44088	1.75	6.4	9.077	5.9112E-8	1	0	5.61664
2667	-34.5	-2.5	34.59	1147.968	11.49647	1.75	6.4	8.99	5.968E-8	1	0	5.64136
2668	-34.5	-1.5	34.533	1148.159	11.53403	1.75	6.4	8.933	6.0066E-8	1	0	5.65811
2669	-34.5	-0.5	34.504	1148.254	11.55296	1.75	6.4	8.904	6.026E-8	1	0	5.66657
2670	-34.5	0.5	34.504	1148.254	11.55296	1.75	6.4	8.904	6.026E-8	1	0	5.66657
2671	-34.5	1.5	34.533	1148.159	11.53403	1.75	6.4	8.933	6.0066E-8	1	0	5.65811
2672	-34.5	2.5	34.59	1147.968	11.49647	1.75	6.4	8.99	5.968E-8	1	0	5.64136
2673	-34.5	3.5	34.677	1147.684	11.44088	1.75	6.4	9.077	5.9112E-8	1	0	5.61664
2674	-34.5	4.5	34.792	1147.309	11.36813	1.75	6.4	9.192	5.8372E-8	1	0	5.5844
2675	-34.5	5.5	34.936	1146.844	11.2794	1.75	6.4	9.336	5.7476E-8	1	0	5.54517
2676	-34.5	6.5	35.107	1146.294	11.17608	1.75	6.4	9.507	5.6442E-8	1	0	5.49957
2677	-34.5	7.5	35.306	1145.662	11.05978	1.75	6.4	9.706	5.5289E-8	1	0	5.44826
2678	-34.5	8.5	35.532	1144.956	10.93221	1.75	6.4	9.932	5.4038E-8	1	0	5.3919
2679	-34.5	9.5	35.784	1144.18	10.7952	1.75	6.4	10.184	5.271E-8	1	0	5.33117
2680	-34.5	10.5	36.062	1143.343	10.65061	1.75	6.4	10.462	5.1327E-8	1	0	5.2667
2681	-34.5	11.5	36.366	1142.453	10.50028	1.75	6.4	10.766	4.9908E-8	1	0	5.19908
2682	-34.5	12.5	36.695	1141.519	10.34609	1.75	6.4	11.095	4.8473E-8	1	0	5.12884
2683	-34.5	13.5	37.047	1140.552	10.18984	1.75	6.4	11.447	4.704E-8	1	0	5.05641
2684	-34.5	14.5	37.423	1139.562	10.03333	1.75	6.4	11.823	4.5626E-8	1	0	4.98213
2685	-34.5	15.5	37.822	1138.56	9.8783	1.75	6.4	12.222	4.4247E-8	1	0	4.90625
2686	-34.5	16.5	38.243	1137.559	9.72643	1.75	6.4	12.643	4.2916E-8	1	0	4.8289
2687	-34.5	17.5	38.685	1136.569	9.57931	1.75	6.4	13.085	4.1646E-8	1	0	4.75018
2688	-34.5	18.5	39.147	1135.602	9.4384	1.75	6.4	13.547	4.0447E-8	1	0	4.67009
2689	-34.5	19.5	39.63	1134.671	9.30504	1.75	6.4	14.03	3.9328E-8	1	0	4.58862
2690	-34.5	20.5	40.131	1133.786	9.18042	1.75	6.4	14.531	3.8297E-8	1	0	4.50571
2691	-34.5	21.5	40.651	1132.957	9.06559	1.75	6.4	15.051	3.7358E-8	1	0	4.42134
2692	-34.5	22.5	41.189	1132.195	8.96146	1.75	6.4	15.589	3.6517E-8	1	0	4.33544
2693	-34.5	23.5	41.743	1131.508	8.86881	1.75	6.4	16.143	3.5777E-8	1	0	4.24799
2694	-34.5	24.5	42.314	1130.903	8.78828	1.75	6.4	16.714	3.514E-8	1	0	4.159
2695	-34.5	25.5	42.901	1130.389	8.7204	1.75	6.4	17.301	3.4607E-8	1	0	4.06848
2696	-34.5	26.5	43.503	1129.97	8.66562	1.75	6.4	17.903	3.418E-8	1	0	3.97651
2697	-34.5	27.5	44.119	1129.652	8.62425	1.75	6.4	18.519	3.3859E-8	1	0	3.88318
2698	-34.5	28.5	44.749	1129.438	8.59653	1.75	6.4	19.149	3.3645E-8	1	0	3.78862
2699	-34.5	29.5	45.393	1129.33	8.58341	1.75	6.4	19.793	3.3544E-8	1	0	3.69269
2700	-33.5	-29.5	44.637	1130.835	8.44432	1.75	6.4	19.037	3.2444E-8	1	0	3.87759
2701	-33.5	-28.5	43.983	1130.947	8.45854	1.75	6.4	18.383	3.2552E-8	1	0	3.9856
2702	-33.5	-27.5	43.342	1131.169	8.48879	1.75	6.4	17.742	3.2782E-8	1	0	4.09223
2703	-33.5	-26.5	42.714	1131.5	8.53396	1.75	6.4	17.114	3.3127E-8	1	0	4.19775
2704	-33.5	-25.5	42.101	1131.934	8.59383	1.75	6.4	16.501	3.3587E-8	1	0	4.30201
2705	-33.5	-24.5	41.503	1132.468	8.66807	1.75	6.4	15.903	3.4161E-8	1	0	4.40495
2706	-33.5	-23.5	40.921	1133.095	8.75625	1.75	6.4	15.321	3.485E-8	1	0	4.50654
2707	-33.5	-22.5	40.355	1133.807	8.85784	1.75	6.4	14.755	3.5652E-8	1	0	4.60679
2708	-33.5	-21.5	39.806	1134.597	8.97217	1.75	6.4	14.206	3.6566E-8	1	0	4.70576
2709	-33.5	-20.5	39.275	1135.454	9.09845	1.75	6.4	13.675	3.7588E-8	1	0	4.80353
2710	-33.5	-19.5	38.762	1136.369	9.23573	1.75	6.4	13.162	3.8715E-8	1	0	4.9002
2711	-33.5	-18.5	38.269	1137.33	9.38288	1.75	6.4	12.669	3.9942E-8	1	0	4.99589
2712	-33.5	-17.5	37.796	1138.325	9.53863	1.75	6.4	12.196	4.1261E-8	1	0	5.09072
2713	-33.5	-16.5	37.343	1139.343	9.70151	1.75	6.4	11.743	4.2662E-8	1	0	5.18475
2714	-33.5	-15.5	36.912	1140.37	9.8699	1.75	6.4	11.312	4.4136E-8	1	0	5.27802
2715	-33.5	-14.5	36.503	1141.395	10.04204	1.75	6.4	10.903	4.5668E-8	1	0	5.37047
2716	-33.5	-13.5	36.118	1142.405	10.21606	1.75	6.4	10.518	4.7244E-8	1	0	5.46193
2717	-33.5	-12.5	35.756	1143.388	10.39003	1.75	6.4	10.156	4.8845E-8	1	0	5.55208
2718	-33.5	-11.5	35.419	1144.335	10.56196	1.75	6.4	9.819	5.0454E-8	1	0	5.64046
2719	-33.5	-10.5	35.107	1145.233	10.72983	1.75	6.4	9.507	5.2049E-8	1	0	5.72644
2720	-33.5	-9.5	34.821	1146.075	10.89158	1.75	6.4	9.221	5.361E-8	1	0	5.80923
2721	-33.5	-8.5	34.562	1146.852	11.04514	1.75	6.4	8.962	5.5114E-8	1	0	5.88797
2722	-33.5	-7.5	34.329	1147.558	11.18837	1.75	6.4	8.729	5.6535E-8	1	0	5.96168
2723	-33.5	-6.5	34.125	1148.186	11.31918	1.75	6.4	8.525	5.7848E-8	1	0	6.02935
2724	-33.5	-5.5	33.948	1148.731	11.43556	1.75	6.4	8.348	5.9029E-8	1	0	6.08993
2725	-33.5	-4.5	33.801	1149.19	11.53563	1.75	6.4	8.201	6.0055E-8	1	0	6.1424
2726	-33.5	-3.5	33.682	1149.56	11.61773	1.75	6.4	8.082	6.0902E-8	1	0	6.18578
2727	-33.5	-2.5	33.593	1149.838	11.68049	1.75	6.4	7.993	6.1555E-8	1	0	6.21919
2728	-33.5	-1.5	33.534	1150.024	11.7229	1.75	6.4	7.934	6.1997E-8	1	0	6.24192
2729	-33.5	-0.5	33.504	1150.118	11.74427	1.75	6.4	7.904	6.2221E-8	1	0	6.25342
2730	-33.5	0.5	33.504	1150.118	11.74427	1.75	6.4	7.904	6.2221E-8	1	0	6.25342
2731	-33.5	1.5	33.534	1150.024	11.7229	1.75	6.4	7.934	6.1997E-8	1	0	6.24192
2732	-33.5	2.5	33.593	1149.838	11.68049	1.75	6.4	7.993	6.1555E-8	1	0	6.21919
2733	-33.5	3.5	33.682	1149.56	11.61773	1.75	6.4	8.082	6.0902E-8	1	0	6.18578
2734	-33.5	4.5	33.801	1149.19	11.53563	1.75	6.4	8.201	6.0055E-8	1	0	6.1424
2735	-33.5	5.5	33.948	1148.731	11.43556	1.75	6.4	8.348	5.9029E-8	1	0	6.08993
2736	-33.5	6.5	34.125	1148.186	11.31918	1.75	6.4	8.525	5.7848E-8	1	0	6.02935
2737	-33.5	7.5	34.329	1147.558	11.18837	1.75	6.4	8.729	5.6535E-8	1	0	5.96168
2738	-33.5	8.5	34.562	1146.852	11.04514	1.75	6.4	8.962	5.5114E-8	1	0	5.88797
2739	-33.5	9.5	34.821	1146.075	10.89158	1.75	6.4	9.221	5.361E-8	1	0	5.80923
2740	-33.5	10.5	35.107	1145.233	10.72983	1.75	6.4	9.507	5.2049E-8	1	0	5.72644
2741	-33.5	11.5	35.419	1144.335	10.56196	1.75	6.4	9.819	5.0454E-8	1	0	5.64046
2742	-33.5	12.5	35.756	1143.388	10.39003	1.75	6.4	10.156	4.8845E-8	1	0	5.55208
2743	-33.5	13.5	36.118	1142.405	10.21606	1.75	6.4	10.518	4.7244E-8	1	0	5.46193
2744	-33.5	14.5	36.503	1141.395	10.04204	1.75	6.4	10.903	4.5668E-8	1	0	5.37047
2745	-33.5	15.5	36.912	1140.37	9.8699	1.75	6.4	11.312	4.4136E-8	1	0	5.27802
2746	-33.5	16.5	37.343	1139.343	9.70151	1.75	6.4	11.743	4.2662E-8	1	0	5.18475
2747	-33.5	17.5	37.796	1138.325	9.53863	1.75	6.4	12.196	4.1261E-8	1	0	5.09072
2748	-33.5	18.5	38.269	1137.33	9.38288	1.75	6.4	12.669	3.9942E-8	1	0	4.99589
2749	-33.5	19.5	38.762	1136.369	9.23573	1.75	6.4	13.162	3.8715E-8	1	0	4.9002
2750	-33.5	20.5	39.275	1135.454	9.09845	1.75	6.4	13.675	3.7588E-8	1	0	4.80353
2751	-33.5	21.5	39.806	1134.597	8.97217	1.75	6.4	14.206	3.6566E-8	1	0	4.70576
2752	-33.5	22.5	40.355	1133.807	8.85784	1.75	6.4	14.755	3.5652E-8	1	0	4.60679
2753	-33.5	23.5	40.921	1133.095	8.75625	1.75	6.4	15.321	3.485E-8	1	0	4.50654
2754	-33.5	24.5	41.503	1132.468	8.66807	1.75	6.4	15.903	3.4161E-8	1	0	4.40495
2755	-33.5	25.5	42.101	1131.934	8.59383	1.75	6.4	16.501	3.3587E-8	1	0	4.30201
2756	-33.5	26.5	42.714	1131.5	8.53396	1.75	6.4	17.114	3.3127E-8	1	0	4.19775
2757	-33.5	27.5	43.342	1131.169	8.48879	1.75	6.4	17.742	3.2782E-8	1	0	4.09223
2758	-33.5	28.5	43.983	1130.947	8.45854	1.75	6.4	18.383	3.2552E-8	1	0	3.9856
2759	-33.5	29.5	44.637	1130.835	8.44432	1.75	6.4	19.037	3.2444E-8	1	0	3.87759
2760	-32.5	-29.5	43.892	1132.156	8.2926	1.75	6.4	18.292	3.127E-8	1	0	4.08406
2761	-32.5	-28.5	43.226	1132.272	8.30797	1.75	6.4	17.626	3.1385E-8	1	0	4.20614
2762	-32.5	-27.5	42.573	1132.502	8.34091	1.75	6.4	16.973	3.1631E-8	1	0	4.32689
2763	-32.5	-26.5	41.934	1132.844	8.39015	1.75	6.4	16.334	3.2001E-8	1	0	4.44671
2764	-32.5	-25.5	41.31	1133.294	8.45545	1.75	6.4	15.71	3.2494E-8	1	0	4.56551
2765	-32.5	-24.5	40.7	1133.847	8.5365	1.75	6.4	15.1	3.3112E-8	1	0	4.68325
2766	-32.5	-23.5	40.106	1134.495	8.6329	1.75	6.4	14.506	3.3854E-8	1	0	4.79995
2767	-32.5	-22.5	39.528	1135.231	8.74411	1.75	6.4	13.928	3.4721E-8	1	0	4.9157
2768	-32.5	-21.5	38.968	1136.046	8.86949	1.75	6.4	13.368	3.5711E-8	1	0	5.03065
2769	-32.5	-20.5	38.425	1136.93	9.00821	1.75	6.4	12.825	3.6822E-8	1	0	5.14496
2770	-32.5	-19.5	37.901	1137.872	9.15931	1.75	6.4	12.301	3.8052E-8	1	0	5.25886
2771	-32.5	-18.5	37.397	1138.859	9.32159	1.75	6.4	11.797	3.9395E-8	1	0	5.37258
2772	-32.5	-17.5	36.912	1139.879	9.49368	1.75	6.4	11.312	4.0844E-8	1	0	5.48633
2773	-32.5	-16.5	36.449	1140.92	9.67399	1.75	6.4	10.849	4.2391E-8	1	0	5.60032
2774	-32.5	-15.5	36.007	1141.967	9.86071	1.75	6.4	10.407	4.4023E-8	1	0	5.71467
2775	-32.5	-14.5	35.588	1143.008	10.05188	1.75	6.4	9.988	4.5725E-8	1	0	5.82938
2776	-32.5	-13.5	35.192	1144.03	10.24541	1.75	6.4	9.592	4.7481E-8	1	0	5.94431
2777	-32.5	-12.5	34.821	1145.021	10.43912	1.75	6.4	9.221	4.9272E-8	1	0	6.05907
2778	-32.5	-11.5	34.475	1145.97	10.63084	1.75	6.4	8.875	5.1077E-8	1	0	6.17301
2779	-32.5	-10.5	34.154	1146.867	10.81835	1.75	6.4	8.554	5.2873E-8	1	0	6.28524
2780	-32.5	-9.5	33.86	1147.703	10.99941	1.75	6.4	8.26	5.4637E-8	1	0	6.3946
2781	-32.5	-8.5	33.593	1148.47	11.17168	1.75	6.4	7.993	5.6343E-8	1	0	6.49976
2782	-32.5	-7.5	33.354	1149.162	11.33272	1.75	6.4	7.754	5.7961E-8	1	0	6.59925
2783	-32.5	-6.5	33.144	1149.775	11.48009	1.75	6.4	7.544	5.9462E-8	1	0	6.69148
2784	-32.5	-5.5	32.962	1150.304	11.61144	1.75	6.4	7.362	6.0816E-8	1	0	6.77479
2785	-32.5	-4.5	32.81	1150.747	11.72453	1.75	6.4	7.21	6.1995E-8	1	0	6.84753
2786	-32.5	-3.5	32.688	1151.102	11.81737	1.75	6.4	7.088	6.297E-8	1	0	6.9081
2787	-32.5	-2.5	32.596	1151.369	11.88834	1.75	6.4	6.996	6.3721E-8	1	0	6.95506
2788	-32.5	-1.5	32.535	1151.546	11.93628	1.75	6.4	6.935	6.4231E-8	1	0	6.98714
2789	-32.5	-0.5	32.504	1151.635	11.96043	1.75	6.4	6.904	6.4489E-8	1	0	7.00343
2790	-32.5	0.5	32.504	1151.635	11.96043	1.75	6.4	6.904	6.4489E-8	1	0	7.00343
2791	-32.5	1.5	32.535	1151.546	11.93628	1.75	6.4	6.935	6.4231E-8	1	0	6.98714
2792	-32.5	2.5	32.596	1151.369	11.88834	1.75	6.4	6.996	6.3721E-8	1	0	6.95506
2793	-32.5	3.5	32.688	1151.102	11.81737	1.75	6.4	7.088	6.297E-8	1	0	6.9081
2794	-32.5	4.5	32.81	1150.747	11.72453	1.75	6.4	7.21	6.1995E-8	1	0	6.84753
2795	-32.5	5.5	32.962	1150.304	11.61144	1.75	6.4	7.362	6.0816E-8	1	0	6.77479
2796	-32.5	6.5	33.144	1149.775	11.48009	1.75	6.4	7.544	5.9462E-8	1	0	6.69148
2797	-32.5	7.5	33.354	1149.162	11.33272	1.75	6.4	7.754	5.7961E-8	1	0	6.59925
2798	-32.5	8.5	33.593	1148.47	11.17168	1.75	6.4	7.993	5.6343E-8	1	0	6.49976
2799	-32.5	9.5	33.86	1147.703	10.99941	1.75	6.4	8.26	5.4637E-8	1	0	6.3946
2800	-32.5	10.5	34.154	1146.867	10.81835	1.75	6.4	8.554	5.2873E-8	1	0	6.28524
2801	-32.5	11.5	34.475	1145.97	10.63084	1.75	6.4	8.875	5.1077E-8	1	0	6.17301
2802	-32.5	12.5	34.821	1145.021	10.43912	1.75	6.4	9.221	4.9272E-8	1	0	6.05907
2803	-32.5	13.5	35.192	1144.03	10.24541	1.75	6.4	9.592	4.7481E-8	1	0	5.94431
2804	-32.5	14.5	35.588	1143.008	10.05188	1.75	6.4	9.988	4.5725E-8	1	0	5.82938
2805	-32.5	15.5	36.007	1141.967	9.86071	1.75	6.4	10.407	4.4023E-8	1	0	5.71467
2806	-32.5	16.5	36.449	1140.92	9.67399	1.75	6.4	10.849	4.2391E-8	1	0	5.60032
2807	-32.5	17.5	36.912	1139.879	9.49368	1.75	6.4	11.312	4.0844E-8	1	0	5.48633
2808	-32.5	18.5	37.397	1138.859	9.32159	1.75	6.4	11.797	3.9395E-8	1	0	5.37258
2809	-32.5	19.5	37.901	1137.872	9.15931	1.75	6.4	12.301	3.8052E-8	1	0	5.25886
2810	-32.5	20.5	38.425	1136.93	9.00821	1.75	6.4	12.825	3.6822E-8	1	0	5.14496
2811	-32.5	21.5	38.968	1136.046	8.86949	1.75	6.4	13.368	3.5711E-8	1	0	5.03065
2812	-32.5	22.5	39.528	1135.231	8.74411	1.75	6.4	13.928	3.4721E-8	1	0	4.9157
2813	-32.5	23.5	40.106	1134.495	8.6329	1.75	6.4	14.506	3.3854E-8	1	0	4.79995
2814	-32.5	24.5	40.7	1133.847	8.5365	1.75	6.4	15.1	3.3112E-8	1	0	4.68325
2815	-32.5	25.5	41.31	1133.294	8.45545	1.75	6.4	15.71	3.2494E-8	1	0	4.56551
2816	-32.5	26.5	41.934	1132.844	8.39015	1.75	6.4	16.334	3.2001E-8	1	0	4.44671
2817	-32.5	27.5	42.573	1132.502	8.34091	1.75	6.4	16.973	3.1631E-8	1	0	4.32689
2818	-32.5	28.5	43.226	1132.272	8.30797	1.75	6.4	17.626	3.1385E-8	1	0	4.20614
2819	-32.5	29.5	43.892	1132.156	8.2926	1.75	6.4	18.292	3.127E-8	1	0	4.08406
2820	-31.5	-29.5	43.157	1133.303	8.12744	1.75	6.4	17.557	3.0022E-8	1	0	4.31556
2821	-31.5	-28.5	42.479	1133.423	8.144	1.75	6.4	16.879	3.0143E-8	1	0	4.45411
2822	-31.5	-27.5	41.815	1133.661	8.1798	1.75	6.4	16.215	3.0405E-8	1	0	4.59147
2823	-31.5	-26.5	41.164	1134.015	8.23333	1.75	6.4	15.564	3.08E-8	1	0	4.72822
2824	-31.5	-25.5	40.528	1134.48	8.3044	1.75	6.4	14.928	3.1327E-8	1	0	4.86432
2825	-31.5	-24.5	39.906	1135.05	8.39272	1.75	6.4	14.306	3.1989E-8	1	0	4.99981
2826	-31.5	-23.5	39.3	1135.718	8.4979	1.75	6.4	13.7	3.2786E-8	1	0	5.13481
2827	-31.5	-22.5	38.71	1136.477	8.61945	1.75	6.4	13.11	3.3719E-8	1	0	5.26954
2828	-31.5	-21.5	38.138	1137.315	8.75673	1.75	6.4	12.538	3.4789E-8	1	0	5.40425
2829	-31.5	-20.5	37.583	1138.223	8.90895	1.75	6.4	11.983	3.5994E-8	1	0	5.5393
2830	-31.5	-19.5	37.047	1139.189	9.07509	1.75	6.4	11.447	3.7333E-8	1	0	5.67507
2831	-31.5	-18.5	36.531	1140.198	9.25395	1.75	6.4	10.931	3.8802E-8	1	0	5.812
2832	-31.5	-17.5	36.035	1141.239	9.44405	1.75	6.4	10.435	4.0394E-8	1	0	5.95051
2833	-31.5	-16.5	35.56	1142.296	9.64364	1.75	6.4	9.96	4.21E-8	1	0	6.09102
2834	-31.5	-15.5	35.107	1143.357	9.85073	1.75	6.4	9.507	4.3907E-8	1	0	6.23387
2835	-31.5	-14.5	34.677	1144.406	10.06308	1.75	6.4	9.077	4.5799E-8	1	0	6.37925
2836	-31.5	-13.5	34.271	1145.43	10.27833	1.75	6.4	8.671	4.7757E-8	1	0	6.52709
2837	-31.5	-12.5	33.89	1146.418	10.49405	1.75	6.4	8.29	4.9761E-8	1	0	6.677
2838	-31.5	-11.5	33.534	1147.357	10.70783	1.75	6.4	7.934	5.1787E-8	1	0	6.82814
2839	-31.5	-10.5	33.204	1148.239	10.9173	1.75	6.4	7.604	5.3812E-8	1	0	6.97923
2840	-31.5	-9.5	32.901	1149.054	11.12006	1.75	6.4	7.301	5.5809E-8	1	0	7.12853
2841	-31.5	-8.5	32.627	1149.796	11.31354	1.75	6.4	7.027	5.7749E-8	1	0	7.27401
2842	-31.5	-7.5	32.381	1150.46	11.49489	1.75	6.4	6.781	5.9597E-8	1	0	7.41341
2843	-31.5	-6.5	32.164	1151.043	11.66124	1.75	6.4	6.564	6.1319E-8	1	0	7.54423
2844	-31.5	-5.5	31.977	1151.542	11.80983	1.75	6.4	6.377	6.2878E-8	1	0	7.66369
2845	-31.5	-4.5	31.82	1151.956	11.938	1.75	6.4	6.22	6.4238E-8	1	0	7.76904
2846	-31.5	-3.5	31.694	1152.285	12.04322	1.75	6.4	6.094	6.5366E-8	1	0	7.85761
2847	-31.5	-2.5	31.599	1152.529	12.12359	1.75	6.4	5.999	6.6234E-8	1	0	7.92682
2848	-31.5	-1.5	31.536	1152.691	12.17783	1.75	6.4	5.936	6.6823E-8	1	0	7.9744
2849	-31.5	-0.5	31.504	1152.772	12.20513	1.75	6.4	5.904	6.712E-8	1	1	7.99864
2850	-31.5	0.5	31.504	1152.772	12.20513	1.75	6.4	5.904	6.712E-8	1	1	7.99864
2851	-31.5	1.5	31.536	1152.691	12.17783	1.75	6.4	5.936	6.6823E-8	1	0	7.9744
2852	-31.5	2.5	31.599	1152.529	12.12359	1.75	6.4	5.999	6.6234E-8	1	0	7.92682
2853	-31.5	3.5	31.694	1152.285	12.04322	1.75	6.4	6.094	6.5366E-8	1	0	7.85761
2854	-31.5	4.5	31.82	1151.956	11.938	1.75	6.4	6.22	6.4238E-8	1	0	7.76904
2855	-31.5	5.5	31.977	1151.542	11.80983	1.75	6.4	6.377	6.2878E-8	1	0	7.66369
2856	-31.5	6.5	32.164	1151.043	11.66124	1.75	6.4	6.564	6.1319E-8	1	0	7.54423
2857	-31.5	7.5	32.381	1150.46	11.49489	1.75	6.4	6.781	5.9597E-8	1	0	7.41341
2858	-31.5	8.5	32.627	1149.796	11.31354	1.75	6.4	7.027	5.7749E-8	1	0	7.27401
2859	-31.5	9.5	32.901	1149.054	11.12006	1.75	6.4	7.301	5.5809E-8	1	0	7.12853
2860	-31.5	10.5	33.204	1148.239	10.9173	1.75	6.4	7.604	5.3812E-8	1	0	6.97923
2861	-31.5	11.5	33.534	1147.357	10.70783	1.75	6.4	7.934	5.1787E-8	1	0	6.82814
2862	-31.5	12.5	33.89	1146.418	10.49405	1.75	6.4	8.29	4.9761E-8	1	0	6.677
2863	-31.5	13.5	34.271	1145.43	10.27833	1.75	6.4	8.671	4.7757E-8	1	0	6.52709
2864	-31.5	14.5	34.677	1144.406	10.06308	1.75	6.4	9.077	4.5799E-8	1	0	6.37925
2865	-31.5	15.5	35.107	1143.357	9.85073	1.75	6.4	9.507	4.3907E-8	1	0	6.23387
2866	-31.5	16.5	35.56	1142.296	9.64364	1.75	6.4	9.96	4.21E-8	1	0	6.09102
2867	-31.5	17.5	36.035	1141.239	9.44405	1.75	6.4	10.435	4.0394E-8	1	0	5.95051
2868	-31.5	18.5	36.531	1140.198	9.25395	1.75	6.4	10.931	3.8802E-8	1	0	5.812
2869	-31.5	19.5	37.047	1139.189	9.07509	1.75	6.4	11.447	3.7333E-8	1	0	5.67507
2870	-31.5	20.5	37.583	1138.223	8.90895	1.75	6.4	11.983	3.5994E-8	1	0	5.5393
2871	-31.5	21.5	38.138	1137.315	8.75673	1.75	6.4	12.538	3.4789E-8	1	0	5.40425
2872	-31.5	22.5	38.71	1136.477	8.61945	1.75	6.4	13.11	3.3719E-8	1	0	5.26954
2873	-31.5	23.5	39.3	1135.718	8.4979	1.75	6.4	13.7	3.2786E-8	1	0	5.13481
2874	-31.5	24.5	39.906	1135.05	8.39272	1.75	6.4	14.306	3.1989E-8	1	0	4.99981
2875	-31.5	25.5	40.528	1134.48	8.3044	1.75	6.4	14.928	3.1327E-8	1	0	4.86432
2876	-31.5	26.5	41.164	1134.015	8.23333	1.75	6.4	15.564	3.08E-8	1	0	4.72822
2877	-31.5	27.5	41.815	1133.661	8.1798	1.75	6.4	16.215	3.0405E-8	1	0	4.59147
2878	-31.5	28.5	42.479	1133.423	8.144	1.75	6.4	16.879	3.0143E-8	1	0	4.45411
2879	-31.5	29.5	43.157	1133.303	8.12744	1.75	6.4	17.557	3.0022E-8	1	0	4.31556
2880	-30.5	-29.5	42.432	1134.288	7.94805	1.75	6.4	16.832	2.8699E-8	1	0	4.57627
2881	-30.5	-28.5	41.743	1134.412	7.96582	1.75	6.4	16.143	2.8826E-8	1	0	4.73423
2882	-30.5	-27.5	41.067	1134.658	8.00463	1.75	6.4	15.467	2.9104E-8	1	0	4.89122
2883	-30.5	-26.5	40.404	1135.022	8.06269	1.75	6.4	14.804	2.9523E-8	1	0	5.04812
2884	-30.5	-25.5	39.756	1135.501	8.13986	1.75	6.4	14.156	3.0084E-8	1	0	5.20499
2885	-30.5	-24.5	39.122	1136.088	8.23587	1.75	6.4	13.522	3.079E-8	1	0	5.36198
2886	-30.5	-23.5	38.503	1136.776	8.35039	1.75	6.4	12.903	3.1643E-8	1	0	5.51937
2887	-30.5	-22.5	37.901	1137.555	8.48298	1.75	6.4	12.301	3.2644E-8	1	0	5.67756
2888	-30.5	-21.5	37.316	1138.415	8.63304	1.75	6.4	11.716	3.3797E-8	1	0	5.83706
2889	-30.5	-20.5	36.749	1139.344	8.79981	1.75	6.4	11.149	3.5101E-8	1	0	5.99847
2890	-30.5	-19.5	36.201	1140.33	8.98232	1.75	6.4	10.601	3.6556E-8	1	0	6.16248
2891	-30.5	-18.5	35.672	1141.357	9.17932	1.75	6.4	10.072	3.8159E-8	1	0	6.32985
2892	-30.5	-17.5	35.164	1142.413	9.38925	1.75	6.4	9.564	3.9906E-8	1	0	6.5014
2893	-30.5	-16.5	34.677	1143.48	9.61023	1.75	6.4	9.077	4.1786E-8	1	0	6.67796
2894	-30.5	-15.5	34.213	1144.545	9.83999	1.75	6.4	8.613	4.3788E-8	1	0	6.86031
2895	-30.5	-14.5	33.771	1145.593	10.07598	1.75	6.4	8.171	4.5892E-8	1	0	7.04905
2896	-30.5	-13.5	33.354	1146.608	10.31546	1.75	6.4	7.754	4.8077E-8	1	0	7.24447
2897	-30.5	-12.5	32.962	1147.578	10.55566	1.75	6.4	7.362	5.0321E-8	1	0	7.44632
2898	-30.5	-11.5	32.596	1148.493	10.79395	1.75	6.4	6.996	5.2597E-8	1	0	7.65366
2899	-30.5	-10.5	32.257	1149.342	11.02787	1.75	6.4	6.657	5.488E-8	1	0	7.86469
2900	-30.5	-9.5	31.945	1150.118	11.255	1.75	6.4	6.345	5.7145E-8	1	0	8.07681
2901	-30.5	-8.5	31.662	1150.815	11.47264	1.75	6.4	6.062	5.9357E-8	1	0	8.28684
2902	-30.5	-7.5	31.409	1151.432	11.67727	1.75	6.4	5.809	6.1477E-8	1	0	8.49139
2903	-30.5	-6.5	31.185	1151.966	11.86541	1.75	6.4	5.585	6.3459E-8	1	0	8.68642
2904	-30.5	-5.5	30.992	1152.417	12.03402	1.75	6.4	5.392	6.5262E-8	1	0	8.86705
2905	-30.5	-4.5	30.83	1152.784	12.17982	1.75	6.4	5.23	6.6842E-8	1	0	9.02835
2906	-30.5	-3.5	30.7	1153.072	12.29939	1.75	6.4	5.1	6.8152E-8	1	1	9.16571
2907	-30.5	-2.5	30.602	1153.283	12.39047	1.75	6.4	5.002	6.9159E-8	1	1	9.27428
2908	-30.5	-1.5	30.537	1153.421	12.4518	1.75	6.4	4.937	6.9841E-8	1	1	9.34951
2909	-30.5	-0.5	30.504	1153.489	12.48265	1.75	6.4	4.904	7.0185E-8	1	1	9.38803
2910	-30.5	0.5	30.504	1153.489	12.48265	1.75	6.4	4.904	7.0185E-8	1	1	9.38803
2911	-30.5	1.5	30.537	1153.421	12.4518	1.75	6.4	4.937	6.9841E-8	1	1	9.34951
2912	-30.5	2.5	30.602	1153.283	12.39047	1.75	6.4	5.002	6.9159E-8	1	1	9.27428
2913	-30.5	3.5	30.7	1153.072	12.29939	1.75	6.4	5.1	6.8152E-8	1	1	9.16571
2914	-30.5	4.5	30.83	1152.784	12.17982	1.75	6.4	5.23	6.6842E-8	1	0	9.02835
2915	-30.5	5.5	30.992	1152.417	12.03402	1.75	6.4	5.392	6.5262E-8	1	0	8.86705
2916	-30.5	6.5	31.185	1151.966	11.86541	1.75	6.4	5.585	6.3459E-8	1	0	8.68642
2917	-30.5	7.5	31.409	1151.432	11.67727	1.75	6.4	5.809	6.1477E-8	1	0	8.49139
2918	-30.5	8.5	31.662	1150.815	11.47264	1.75	6.4	6.062	5.9357E-8	1	0	8.28684
2919	-30.5	9.5	31.945	1150.118	11.255	1.75	6.4	6.345	5.7145E-8	1	0	8.07681
2920	-30.5	10.5	32.257	1149.342	11.02787	1.75	6.4	6.657	5.488E-8	1	0	7.86469
2921	-30.5	11.5	32.596	1148.493	10.79395	1.75	6.4	6.996	5.2597E-8	1	0	7.65366
2922	-30.5	12.5	32.962	1147.578	10.55566	1.75	6.4	7.362	5.0321E-8	1	0	7.44632
2923	-30.5	13.5	33.354	1146.608	10.31546	1.75	6.4	7.754	4.8077E-8	1	0	7.24447
2924	-30.5	14.5	33.771	1145.593	10.07598	1.75	6.4	8.171	4.5892E-8	1	0	7.04905
2925	-30.5	15.5	34.213	1144.545	9.83999	1.75	6.4	8.613	4.3788E-8	1	0	6.86031
2926	-30.5	16.5	34.677	1143.48	9.61023	1.75	6.4	9.077	4.1786E-8	1	0	6.67796
2927	-30.5	17.5	35.164	1142.413	9.38925	1.75	6.4	9.564	3.9906E-8	1	0	6.5014
2928	-30.5	18.5	35.672	1141.357	9.17932	1.75	6.4	10.072	3.8159E-8	1	0	6.32985
2929	-30.5	19.5	36.201	1140.33	8.98232	1.75	6.4	10.601	3.6556E-8	1	0	6.16248
2930	-30.5	20.5	36.749	1139.344	8.79981	1.75	6.4	11.149	3.5101E-8	1	0	5.99847
2931	-30.5	21.5	37.316	1138.415	8.63304	1.75	6.4	11.716	3.3797E-8	1	0	5.83706
2932	-30.5	22.5	37.901	1137.555	8.48298	1.75	6.4	12.301	3.2644E-8	1	0	5.67756
2933	-30.5	23.5	38.503	1136.776	8.35039	1.75	6.4	12.903	3.1643E-8	1	0	5.51937
2934	-30.5	24.5	39.122	1136.088	8.23587	1.75	6.4	13.522	3.079E-8	1	0	5.36198
2935	-30.5	25.5	39.756	1135.501	8.13986	1.75	6.4	14.156	3.0084E-8	1	0	5.20499
2936	-30.5	26.5	40.404	1135.022	8.06269	1.75	6.4	14.804	2.9523E-8	1	0	5.04812
2937	-30.5	27.5	41.067	1134.658	8.00463	1.75	6.4	15.467	2.9104E-8	1	0	4.89122
2938	-30.5	28.5	41.743	1134.412	7.96582	1.75	6.4	16.143	2.8826E-8	1	0	4.73423
2939	-30.5	29.5	42.432	1134.288	7.94805	1.75	6.4	16.832	2.8699E-8	1	0	4.57627
2940	-29.5	-29.5	41.719	1135.125	7.75368	1.75	6.4	16.119	2.7302E-8	1	0	4.87123
2941	-29.5	-28.5	41.018	1135.252	7.77269	1.75	6.4	15.418	2.7434E-8	1	0	5.05218
2942	-29.5	-27.5	40.33	1135.505	7.81463	1.75	6.4	14.73	2.7728E-8	1	0	5.23255
2943	-29.5	-26.5	39.655	1135.88	7.87744	1.75	6.4	14.055	2.8171E-8	1	0	5.41362
2944	-29.5	-25.5	38.994	1136.373	7.96099	1.75	6.4	13.394	2.8766E-8	1	0	5.5956
2945	-29.5	-24.5	38.347	1136.976	8.0651	1.75	6.4	12.747	2.9515E-8	1	0	5.77886
2946	-29.5	-23.5	37.716	1137.681	8.18949	1.75	6.4	12.116	3.0423E-8	1	0	5.96395
2947	-29.5	-22.5	37.101	1138.479	8.33379	1.75	6.4	11.501	3.1493E-8	1	0	6.15156
2948	-29.5	-21.5	36.503	1139.358	8.49749	1.75	6.4	10.903	3.273E-8	1	0	6.34258
2949	-29.5	-20.5	35.924	1140.305	8.67992	1.75	6.4	10.324	3.4136E-8	1	0	6.53806
2950	-29.5	-19.5	35.362	1141.307	8.88014	1.75	6.4	9.762	3.5713E-8	1	0	6.73919
2951	-29.5	-18.5	34.821	1142.348	9.09695	1.75	6.4	9.221	3.7461E-8	1	0	6.94733
2952	-29.5	-17.5	34.3	1143.411	9.32875	1.75	6.4	8.7	3.9376E-8	1	0	7.16399
2953	-29.5	-16.5	33.801	1144.482	9.57348	1.75	6.4	8.201	4.1449E-8	1	0	7.39079
2954	-29.5	-15.5	33.324	1145.541	9.82859	1.75	6.4	7.724	4.3667E-8	1	0	7.62942
2955	-29.5	-14.5	32.871	1146.575	10.09106	1.75	6.4	7.271	4.6009E-8	1	0	7.88146
2956	-29.5	-13.5	32.442	1147.567	10.35763	1.75	6.4	6.842	4.8451E-8	1	0	8.14814
2957	-29.5	-12.5	32.039	1148.504	10.62506	1.75	6.4	6.439	5.0964E-8	1	0	8.42993
2958	-29.5	-11.5	31.662	1149.374	10.8904	1.75	6.4	6.062	5.352E-8	1	0	8.72617
2959	-29.5	-10.5	31.313	1150.169	11.1513	1.75	6.4	5.713	5.6095E-8	1	0	9.03458
2960	-29.5	-9.5	30.992	1150.884	11.40568	1.75	6.4	5.392	5.8665E-8	1	0	9.35132
2961	-29.5	-8.5	30.7	1151.512	11.6511	1.75	6.4	5.1	6.12E-8	1	0	9.67129
2962	-29.5	-7.5	30.438	1152.055	11.88266	1.75	20	4.838	6.3641E-8	1	0	9.94781
2963	-29.5	-6.5	30.208	1152.517	12.09575	1.75	20	4.608	6.593E-8	1	0	10.26106
2964	-29.5	-5.5	30.008	1152.897	12.28776	1.75	20	4.408	6.8028E-8	1	1	10.55638
2965	-29.5	-4.5	29.841	1153.196	12.45471	1.75	20	4.241	6.988E-8	0	0	10.82437
2966	-29.5	-3.5	29.707	1153.422	12.59092	1.75	20	4.107	7.141E-8	0	0	11.05686
2967	-29.5	-2.5	29.606	1153.582	12.69402	1.75	20	4.006	7.2579E-8	0	0	11.24351
2968	-29.5	-1.5	29.538	1153.685	12.7632	1.75	20	3.938	7.3369E-8	0	0	11.37427
2969	-29.5	-0.5	29.504	1153.735	12.79795	1.75	20	3.904	7.3767E-8	0	0	11.44162
2970	-29.5	0.5	29.504	1153.735	12.79795	1.75	20	3.904	7.3767E-8	0	0	11.44162
2971	-29.5	1.5	29.538	1153.685	12.7632	1.75	20	3.938	7.3369E-8	0	0	11.37427
2972	-29.5	2.5	29.606	1153.582	12.69402	1.75	20	4.006	7.2579E-8	0	0	11.24351
2973	-29.5	3.5	29.707	1153.422	12.59092	1.75	20	4.107	7.141E-8	0	0	11.05686
2974	-29.5	4.5	29.841	1153.196	12.45471	1.75	20	4.241	6.988E-8	0	0	10.82437
2975	-29.5	5.5	30.008	1152.897	12.28776	1.75	20	4.408	6.8028E-8	1	1	10.55638
2976	-29.5	6.5	30.208	1152.517	12.09575	1.75	20	4.608	6.593E-8	1	0	10.26106
2977	-29.5	7.5	30.438	1152.055	11.88266	1.75	20	4.838	6.3641E-8	1	0	9.94781
2978	-29.5	8.5	30.7	1151.512	11.6511	1.75	6.4	5.1	6.12E-8	1	0	9.67129
2979	-29.5	9.5	30.992	1150.884	11.40568	1.75	6.4	5.392	5.8665E-8	1	0	9.35132
2980	-29.5	10.5	31.313	1150.169	11.1513	1.75	6.4	5.713	5.6095E-8	1	0	9.03458
2981	-29.5	11.5	31.662	1149.374	10.8904	1.75	6.4	6.062	5.352E-8	1	0	8.72617
2982	-29.5	12.5	32.039	1148.504	10.62506	1.75	6.4	6.439	5.0964E-8	1	0	8.42993
2983	-29.5	13.5	32.442	1147.567	10.35763	1.75	6.4	6.842	4.8451E-8	1	0	8.14814
2984	-29.5	14.5	32.871	1146.575	10.09106	1.75	6.4	7.271	4.6009E-8	1	0	7.88146
2985	-29.5	15.5	33.324	1145.541	9.82859	1.75	6.4	7.724	4.3667E-8	1	0	7.62942
2986	-29.5	16.5	33.801	1144.482	9.57348	1.75	6.4	8.201	4.1449E-8	1	0	7.39079
2987	-29.5	17.5	34.3	1143.411	9.32875	1.75	6.4	8.7	3.9376E-8	1	0	7.16399
2988	-29.5	18.5	34.821	1142.348	9.09695	1.75	6.4	9.221	3.7461E-8	1	0	6.94733
2989	-29.5	19.5	35.362	1141.307	8.88014	1.75	6.4	9.762	3.5713E-8	1	0	6.73919
2990	-29.5	20.5	35.924	1140.305	8.67992	1.75	6.4	10.324	3.4136E-8	1	0	6.53806
2991	-29.5	21.5	36.503	1139.358	8.49749	1.75	6.4	10.903	3.273E-8	1	0	6.34258
2992	-29.5	22.5	37.101	1138.479	8.33379	1.75	6.4	11.501	3.1493E-8	1	0	6.15156
2993	-29.5	23.5	37.716	1137.681	8.18949	1.75	6.4	12.116	3.0423E-8	1	0	5.96395
2994	-29.5	24.5	38.347	1136.976	8.0651	1.75	6.4	12.747	2.9515E-8	1	0	5.77886
2995	-29.5	25.5	38.994	1136.373	7.96099	1.75	6.4	13.394	2.8766E-8	1	0	5.5956
2996	-29.5	26.5	39.655	1135.88	7.87744	1.75	6.4	14.055	2.8171E-8	1	0	5.41362
2997	-29.5	27.5	40.33	1135.505	7.81463	1.75	6.4	14.73	2.7728E-8	1	0	5.23255
2998	-29.5	28.5	41.018	1135.252	7.77269	1.75	6.4	15.418	2.7434E-8	1	0	5.05218
2999	-29.5	29.5	41.719	1135.125	7.75368	1.75	6.4	16.119	2.7302E-8	1	0	4.87123
3000	-28.5	-29.5	41.018	1135.826	7.54366	1.75	6.4	15.418	2.5835E-8	1	0	5.20657
3001	-28.5	-28.5	40.305	1135.956	7.5639	1.75	6.4	14.705	2.5972E-8	1	0	5.41491
3002	-28.5	-27.5	39.604	1136.216	7.60909	1.75	6.4	14.004	2.6281E-8	1	0	5.62329
3003	-28.5	-26.5	38.917	1136.602	7.67683	1.75	6.4	13.317	2.6746E-8	1	0	5.83358
3004	-28.5	-25.5	38.243	1137.107	7.76703	1.75	6.4	12.643	2.7372E-8	1	0	6.04622
3005	-28.5	-24.5	37.583	1137.725	7.87959	1.75	6.4	11.983	2.8163E-8	1	0	6.26193
3006	-28.5	-23.5	36.939	1138.447	8.01432	1.75	6.4	11.339	2.9125E-8	1	0	6.48167
3007	-28.5	-22.5	36.311	1139.262	8.17096	1.75	6.4	10.711	3.0264E-8	1	0	6.70668
3008	-28.5	-21.5	35.7	1140.158	8.34913	1.75	6.4	10.1	3.1586E-8	1	0	6.93844
3009	-28.5	-20.5	35.107	1141.121	8.54827	1.75	6.4	9.507	3.3096E-8	1	0	7.17877
3010	-28.5	-19.5	34.533	1142.134	8.7676	1.75	6.4	8.933	3.4801E-8	1	0	7.42974
3011	-28.5	-18.5	33.978	1143.183	9.00599	1.75	6.4	8.378	3.6702E-8	1	0	7.69377
3012	-28.5	-17.5	33.444	1144.248	9.26188	1.75	6.4	7.844	3.8799E-8	1	0	7.97365
3013	-28.5	-16.5	32.932	1145.311	9.53309	1.75	6.4	7.332	4.1085E-8	1	0	8.27253
3014	-28.5	-15.5	32.442	1146.355	9.8167	1.75	6.4	6.842	4.3546E-8	1	0	8.59402
3015	-28.5	-14.5	31.977	1147.361	10.10905	1.75	6.4	6.377	4.6157E-8	1	0	8.94198
3016	-28.5	-13.5	31.536	1148.313	10.40606	1.75	6.4	5.936	4.8888E-8	1	0	9.3201
3017	-28.5	-12.5	31.121	1149.196	10.70378	1.75	6.4	5.521	5.1706E-8	1	0	9.73117
3018	-28.5	-11.5	30.733	1149.999	10.99864	1.75	6.4	5.133	5.4574E-8	1	0	10.1765
3019	-28.5	-10.5	30.373	1150.715	11.28877	1.75	20	4.773	5.7473E-8	1	0	10.61062
3020	-28.5	-9.5	30.042	1151.341	11.57308	1.75	20	4.442	6.0387E-8	1	0	11.11961
3021	-28.5	-8.5	29.741	1151.867	11.8514	1.75	20	4.141	6.3312E-8	0	0	11.6465
3022	-28.5	-7.5	29.47	1152.289	12.11466	1.75	20	3.87	6.6143E-8	0	0	12.18744
3023	-28.5	-6.5	29.232	1152.609	12.3555	1.75	20	3.632	6.8789E-8	0	0	12.73323
3024	-28.5	-5.5	29.026	1152.846	12.57508	1.75	20	3.426	7.1249E-8	0	0	13.26186
3025	-28.5	-4.5	28.853	1153.013	12.76901	1.75	20	3.253	7.3458E-8	0	0	13.753
3026	-28.5	-3.5	28.714	1153.123	12.92431	1.75	20	3.114	7.5252E-8	0	0	14.19315
3027	-28.5	-2.5	28.609	1153.192	13.04024	1.75	20	3.009	7.6605E-8	0	0	14.55547
3028	-28.5	-1.5	28.539	1153.23	13.11776	1.75	20	2.939	7.7518E-8	0	0	14.81346
3029	-28.5	-0.5	28.504	1153.247	13.15677	1.75	20	2.904	7.7979E-8	0	0	14.94757
3030	-28.5	0.5	28.504	1153.247	13.15677	1.75	20	2.904	7.7979E-8	0	0	14.94757
3031	-28.5	1.5	28.539	1153.23	13.11776	1.75	20	2.939	7.7518E-8	0	0	14.81346
3032	-28.5	2.5	28.609	1153.192	13.04024	1.75	20	3.009	7.6605E-8	0	0	14.55547
3033	-28.5	3.5	28.714	1153.123	12.92431	1.75	20	3.114	7.5252E-8	0	0	14.19315
3034	-28.5	4.5	28.853	1153.013	12.76901	1.75	20	3.253	7.3458E-8	0	0	13.753
3035	-28.5	5.5	29.026	1152.846	12.57508	1.75	20	3.426	7.1249E-8	0	0	13.26186
3036	-28.5	6.5	29.232	1152.609	12.3555	1.75	20	3.632	6.8789E-8	0	0	12.73323
3037	-28.5	7.5	29.47	1152.289	12.11466	1.75	20	3.87	6.6143E-8	0	0	12.18744
3038	-28.5	8.5	29.741	1151.867	11.8514	1.75	20	4.141	6.3312E-8	0	0	11.6465
3039	-28.5	9.5	30.042	1151.341	11.57308	1.75	20	4.442	6.0387E-8	1	0	11.11961
3040	-28.5	10.5	30.373	1150.715	11.28877	1.75	20	4.773	5.7473E-8	1	0	10.61062
3041	-28.5	11.5	30.733	1149.999	10.99864	1.75	6.4	5.133	5.4574E-8	1	0	10.1765
3042	-28.5	12.5	31.121	1149.196	10.70378	1.75	6.4	5.521	5.1706E-8	1	0	9.73117
3043	-28.5	13.5	31.536	1148.313	10.40606	1.75	6.4	5.936	4.8888E-8	1	0	9.3201
3044	-28.5	14.5	31.977	1147.361	10.10905	1.75	6.4	6.377	4.6157E-8	1	0	8.94198
3045	-28.5	15.5	32.442	1146.355	9.8167	1.75	6.4	6.842	4.3546E-8	1	0	8.59402
3046	-28.5	16.5	32.932	1145.311	9.53309	1.75	6.4	7.332	4.1085E-8	1	0	8.27253
3047	-28.5	17.5	33.444	1144.248	9.26188	1.75	6.4	7.844	3.8799E-8	1	0	7.97365
3048	-28.5	18.5	33.978	1143.183	9.00599	1.75	6.4	8.378	3.6702E-8	1	0	7.69377
3049	-28.5	19.5	34.533	1142.134	8.7676	1.75	6.4	8.933	3.4801E-8	1	0	7.42974
3050	-28.5	20.5	35.107	1141.121	8.54827	1.75	6.4	9.507	3.3096E-8	1	0	7.17877
3051	-28.5	21.5	35.7	1140.158	8.34913	1.75	6.4	10.1	3.1586E-8	1	0	6.93844
3052	-28.5	22.5	36.311	1139.262	8.17096	1.75	6.4	10.711	3.0264E-8	1	0	6.70668
3053	-28.5	23.5	36.939	1138.447	8.01432	1.75	6.4	11.339	2.9125E-8	1	0	6.48167
3054	-28.5	24.5	37.583	1137.725	7.87959	1.75	6.4	11.983	2.8163E-8	1	0	6.26193
3055	-28.5	25.5	38.243	1137.107	7.76703	1.75	6.4	12.643	2.7372E-8	1	0	6.04622
3056	-28.5	26.5	38.917	1136.602	7.67683	1.75	6.4	13.317	2.6746E-8	1	0	5.83358
3057	-28.5	27.5	39.604	1136.216	7.60909	1.75	6.4	14.004	2.6281E-8	1	0	5.62329
3058	-28.5	28.5	40.305	1135.956	7.5639	1.75	6.4	14.705	2.5972E-8	1	0	5.41491
3059	-28.5	29.5	41.018	1135.826	7.54366	1.75	6.4	15.418	2.5835E-8	1	0	5.20657
3060	-27.5	-29.5	40.33	1136.406	7.31744	1.75	6.4	14.73	2.4302E-8	1	0	5.58976
3061	-27.5	-28.5	39.604	1136.54	7.33887	1.75	6.4	14.004	2.4444E-8	1	0	5.83097
3062	-27.5	-27.5	38.891	1136.807	7.38741	1.75	6.4	13.291	2.4765E-8	1	0	6.07316
3063	-27.5	-26.5	38.19	1137.202	7.46021	1.75	6.4	12.59	2.5251E-8	1	0	6.31904
3064	-27.5	-25.5	37.503	1137.72	7.55728	1.75	6.4	11.903	2.5907E-8	1	0	6.56946
3065	-27.5	-24.5	36.831	1138.353	7.67858	1.75	6.4	11.231	2.6737E-8	1	0	6.82569
3066	-27.5	-23.5	36.173	1139.09	7.82405	1.75	6.4	10.573	2.7751E-8	1	0	7.08939
3067	-27.5	-22.5	35.532	1139.921	7.99358	1.75	6.4	9.932	2.8956E-8	1	0	7.36263
3068	-27.5	-21.5	34.907	1140.832	8.18695	1.75	6.4	9.307	3.0362E-8	1	0	7.64801
3069	-27.5	-20.5	34.3	1141.806	8.40381	1.75	6.4	8.7	3.1977E-8	1	0	7.9486
3070	-27.5	-19.5	33.712	1142.828	8.64359	1.75	6.4	8.112	3.3813E-8	1	0	8.2681
3071	-27.5	-18.5	33.144	1143.878	8.90539	1.75	6.4	7.544	3.5875E-8	1	0	8.61086
3072	-27.5	-17.5	32.596	1144.937	9.18779	1.75	6.4	6.996	3.8169E-8	1	0	8.98211
3073	-27.5	-16.5	32.07	1145.984	9.48863	1.75	6.4	6.47	4.069E-8	1	0	9.38811
3074	-27.5	-15.5	31.567	1146.999	9.80461	1.75	6.4	5.967	4.3426E-8	1	0	9.83654
3075	-27.5	-14.5	31.089	1147.962	10.13109	1.75	6.4	5.489	4.6346E-8	1	0	10.33668
3076	-27.5	-13.5	30.635	1148.853	10.46258	1.75	20	5.035	4.9409E-8	1	0	10.84943
3077	-27.5	-12.5	30.208	1149.662	10.79427	1.75	20	4.608	5.2573E-8	1	0	11.48879
3078	-27.5	-11.5	29.808	1150.367	11.12062	1.75	20	4.208	5.5782E-8	0	0	12.20919
3079	-27.5	-10.5	29.436	1150.947	11.44127	1.75	20	3.836	5.903E-8	0	0	13.01355
3080	-27.5	-9.5	29.095	1151.393	11.75609	1.75	20	3.495	6.2311E-8	0	0	13.90132
3081	-27.5	-8.5	28.784	1151.72	12.0768	1.75	20	3.184	6.5747E-8	0	0	14.85201
3082	-27.5	-7.5	28.504	1151.939	12.37929	1.75	20	2.904	6.9075E-8	0	0	15.88038
3083	-27.5	-6.5	28.258	1152.064	12.64697	1.75	20	2.658	7.2091E-8	0	0	16.98482
3084	-27.5	-5.5	28.045	1152.115	12.89893	1.75	20	2.445	7.499E-8	0	0	18.10302
3085	-27.5	-4.5	27.866	1152.107	13.13302	1.75	20	2.266	7.7737E-8	0	0	19.18208
3086	-27.5	-3.5	27.722	1152.065	13.30819	1.75	20	2.122	7.9826E-8	0	0	20.21187
3087	-27.5	-2.5	27.613	1152.012	13.43596	1.75	20	2.013	8.1368E-8	0	0	21.09642
3088	-27.5	-1.5	27.541	1151.966	13.5219	1.75	20	1.941	8.2414E-8	0	0	21.74465
3089	-27.5	-0.5	27.505	1151.94	13.56563	1.75	20	1.905	8.2949E-8	0	0	22.08753
3090	-27.5	0.5	27.505	1151.94	13.56563	1.75	20	1.905	8.2949E-8	0	0	22.08753
3091	-27.5	1.5	27.541	1151.966	13.5219	1.75	20	1.941	8.2414E-8	0	0	21.74465
3092	-27.5	2.5	27.613	1152.012	13.43596	1.75	20	2.013	8.1368E-8	0	0	21.09642
3093	-27.5	3.5	27.722	1152.065	13.30819	1.75	20	2.122	7.9826E-8	0	0	20.21187
3094	-27.5	4.5	27.866	1152.107	13.13302	1.75	20	2.266	7.7737E-8	0	0	19.18208
3095	-27.5	5.5	28.045	1152.115	12.89893	1.75	20	2.445	7.499E-8	0	0	18.10302
3096	-27.5	6.5	28.258	1152.064	12.64697	1.75	20	2.658	7.2091E-8	0	0	16.98482
3097	-27.5	7.5	28.504	1151.939	12.37929	1.75	20	2.904	6.9075E-8	0	0	15.88038
3098	-27.5	8.5	28.784	1151.72	12.0768	1.75	20	3.184	6.5747E-8	0	0	14.85201
3099	-27.5	9.5	29.095	1151.393	11.75609	1.75	20	3.495	6.2311E-8	0	0	13.90132
3100	-27.5	10.5	29.436	1150.947	11.44127	1.75	20	3.836	5.903E-8	0	0	13.01355
3101	-27.5	11.5	29.808	1150.367	11.12062	1.75	20	4.208	5.5782E-8	0	0	12.20919
3102	-27.5	12.5	30.208	1149.662	10.79427	1.75	20	4.608	5.2573E-8	1	0	11.48879
3103	-27.5	13.5	30.635	1148.853	10.46258	1.75	20	5.035	4.9409E-8	1	0	10.84943
3104	-27.5	14.5	31.089	1147.962	10.13109	1.75	6.4	5.489	4.6346E-8	1	0	10.33668
3105	-27.5	15.5	31.567	1146.999	9.80461	1.75	6.4	5.967	4.3426E-8	1	0	9.83654
3106	-27.5	16.5	32.07	1145.984	9.48863	1.75	6.4	6.47	4.069E-8	1	0	9.38811
3107	-27.5	17.5	32.596	1144.937	9.18779	1.75	6.4	6.996	3.8169E-8	1	0	8.98211
3108	-27.5	18.5	33.144	1143.878	8.90539	1.75	6.4	7.544	3.5875E-8	1	0	8.61086
3109	-27.5	19.5	33.712	1142.828	8.64359	1.75	6.4	8.112	3.3813E-8	1	0	8.2681
3110	-27.5	20.5	34.3	1141.806	8.40381	1.75	6.4	8.7	3.1977E-8	1	0	7.9486
3111	-27.5	21.5	34.907	1140.832	8.18695	1.75	6.4	9.307	3.0362E-8	1	0	7.64801
3112	-27.5	22.5	35.532	1139.921	7.99358	1.75	6.4	9.932	2.8956E-8	1	0	7.36263
3113	-27.5	23.5	36.173	1139.09	7.82405	1.75	6.4	10.573	2.7751E-8	1	0	7.08939
3114	-27.5	24.5	36.831	1138.353	7.67858	1.75	6.4	11.231	2.6737E-8	1	0	6.82569
3115	-27.5	25.5	37.503	1137.72	7.55728	1.75	6.4	11.903	2.5907E-8	1	0	6.56946
3116	-27.5	26.5	38.19	1137.202	7.46021	1.75	6.4	12.59	2.5251E-8	1	0	6.31904
3117	-27.5	27.5	38.891	1136.807	7.38741	1.75	6.4	13.291	2.4765E-8	1	0	6.07316
3118	-27.5	28.5	39.604	1136.54	7.33887	1.75	6.4	14.004	2.4444E-8	1	0	5.83097
3119	-27.5	29.5	40.33	1136.406	7.31744	1.75	6.4	14.73	2.4302E-8	1	0	5.58976
3120	-26.5	-29.5	39.655	1136.881	7.07457	1.75	6.4	14.055	2.2711E-8	1	0	6.02998
3121	-26.5	-28.5	38.917	1137.019	7.09716	1.75	6.4	13.317	2.2855E-8	1	0	6.3109
3122	-26.5	-27.5	38.19	1137.292	7.14909	1.75	6.4	12.59	2.3188E-8	1	0	6.59422
3123	-26.5	-26.5	37.477	1137.698	7.22706	1.75	6.4	11.877	2.3692E-8	1	0	6.88384
3124	-26.5	-25.5	36.776	1138.228	7.33114	1.75	6.4	11.176	2.4374E-8	1	0	7.1813
3125	-26.5	-24.5	36.09	1138.875	7.4614	1.75	6.4	10.49	2.524E-8	1	0	7.48873
3126	-26.5	-23.5	35.419	1139.627	7.61792	1.75	6.4	9.819	2.6302E-8	1	0	7.80894
3127	-26.5	-22.5	34.763	1140.473	7.80076	1.75	6.4	9.163	2.7569E-8	1	0	8.14549
3128	-26.5	-21.5	34.125	1141.396	8.00994	1.75	6.4	8.525	2.9056E-8	1	0	8.5028
3129	-26.5	-20.5	33.504	1142.38	8.24539	1.75	6.4	7.904	3.0775E-8	1	0	8.88629
3130	-26.5	-19.5	32.901	1143.406	8.50685	1.75	6.4	7.301	3.2743E-8	1	0	9.30261
3131	-26.5	-18.5	32.319	1144.452	8.79382	1.75	6.4	6.719	3.4973E-8	1	0	9.75989
3132	-26.5	-17.5	31.757	1145.498	9.10528	1.75	6.4	6.157	3.7477E-8	1	0	10.26822
3133	-26.5	-16.5	31.217	1146.518	9.43939	1.75	6.4	5.617	4.026E-8	1	0	10.84036
3134	-26.5	-15.5	30.7	1147.49	9.79268	1.75	6.4	5.1	4.3311E-8	1	0	11.49313
3135	-26.5	-14.5	30.208	1148.393	10.15893	1.75	20	4.608	4.6592E-8	1	0	12.20284
3136	-26.5	-13.5	29.741	1149.196	10.52987	1.75	20	4.141	5.0039E-8	0	0	13.09811
3137	-26.5	-12.5	29.3	1149.857	10.90102	1.75	20	3.7	5.3613E-8	0	0	14.1552
3138	-26.5	-11.5	28.888	1150.361	11.25922	1.75	20	3.288	5.7181E-8	0	0	15.4215
3139	-26.5	-10.5	28.504	1150.715	11.61067	1.75	20	2.904	6.0797E-8	0	0	16.9257
3140	-26.5	-9.5	28.151	1150.924	11.94525	1.75	20	2.551	6.4346E-8	0	0	18.72498
3141	-26.5	-8.5	27.83	1150.999	12.33326	1.75	20	2.23	6.8591E-8	0	0	20.74793
3142	-26.5	-7.5	27.541	1150.958	12.6915	1.75	20	1.941	7.2635E-8	0	0	23.16069
3143	-26.5	-6.5	27.286	1150.83	12.96714	1.75	20	1.686	7.5829E-8	0	0	26.09891
3144	-26.5	-5.5	27.065	1150.643	13.27791	1.75	20	1.465	7.9514E-8	0	0	29.3262
3145	-26.5	-4.5	26.879	1150.401	13.59304	1.75	20	1.279	8.3342E-8	0	0	32.79301
3146	-26.5	-3.5	26.73	1150.158	13.7731	1.75	20	1.13	8.5574E-8	0	0	36.63379
3147	-26.5	-2.5	26.618	1149.946	13.90115	1.75	20	1.018	8.718E-8	0	0	40.30419
3148	-26.5	-1.5	26.542	1149.79	13.98847	1.75	20	1	8.8285E-8	0	1	40.75806
3149	-26.5	-0.5	26.505	1149.708	14.03295	1.75	20	1	8.8851E-8	0	1	40.62794
3150	-26.5	0.5	26.505	1149.708	14.03295	1.75	20	1	8.8851E-8	0	1	40.62794
3151	-26.5	1.5	26.542	1149.79	13.98847	1.75	20	1	8.8285E-8	0	1	40.75806
3152	-26.5	2.5	26.618	1149.946	13.90115	1.75	20	1.018	8.718E-8	0	0	40.30419
3153	-26.5	3.5	26.73	1150.158	13.7731	1.75	20	1.13	8.5574E-8	0	0	36.63379
3154	-26.5	4.5	26.879	1150.401	13.59304	1.75	20	1.279	8.3342E-8	0	0	32.79301
3155	-26.5	5.5	27.065	1150.643	13.27791	1.75	20	1.465	7.9514E-8	0	0	29.3262
3156	-26.5	6.5	27.286	1150.83	12.96714	1.75	20	1.686	7.5829E-8	0	0	26.09891
3157	-26.5	7.5	27.541	1150.958	12.6915	1.75	20	1.941	7.2635E-8	0	0	23.16069
3158	-26.5	8.5	27.83	1150.999	12.33326	1.75	20	2.23	6.8591E-8	0	0	20.74793
3159	-26.5	9.5	28.151	1150.924	11.94525	1.75	20	2.551	6.4346E-8	0	0	18.72498
3160	-26.5	10.5	28.504	1150.715	11.61067	1.75	20	2.904	6.0797E-8	0	0	16.9257
3161	-26.5	11.5	28.888	1150.361	11.25922	1.75	20	3.288	5.7181E-8	0	0	15.4215
3162	-26.5	12.5	29.3	1149.857	10.90102	1.75	20	3.7	5.3613E-8	0	0	14.1552
3163	-26.5	13.5	29.741	1149.196	10.52987	1.75	20	4.141	5.0039E-8	0	0	13.09811
3164	-26.5	14.5	30.208	1148.393	10.15893	1.75	20	4.608	4.6592E-8	1	0	12.20284
3165	-26.5	15.5	30.7	1147.49	9.79268	1.75	6.4	5.1	4.3311E-8	1	0	11.49313
3166	-26.5	16.5	31.217	1146.518	9.43939	1.75	6.4	5.617	4.026E-8	1	0	10.84036
3167	-26.5	17.5	31.757	1145.498	9.10528	1.75	6.4	6.157	3.7477E-8	1	0	10.26822
3168	-26.5	18.5	32.319	1144.452	8.79382	1.75	6.4	6.719	3.4973E-8	1	0	9.75989
3169	-26.5	19.5	32.901	1143.406	8.50685	1.75	6.4	7.301	3.2743E-8	1	0	9.30261
3170	-26.5	20.5	33.504	1142.38	8.24539	1.75	6.4	7.904	3.0775E-8	1	0	8.88629
3171	-26.5	21.5	34.125	1141.396	8.00994	1.75	6.4	8.525	2.9056E-8	1	0	8.5028
3172	-26.5	22.5	34.763	1140.473	7.80076	1.75	6.4	9.163	2.7569E-8	1	0	8.14549
3173	-26.5	23.5	35.419	1139.627	7.61792	1.75	6.4	9.819	2.6302E-8	1	0	7.80894
3174	-26.5	24.5	36.09	1138.875	7.4614	1.75	6.4	10.49	2.524E-8	1	0	7.48873
3175	-26.5	25.5	36.776	1138.228	7.33114	1.75	6.4	11.176	2.4374E-8	1	0	7.1813
3176	-26.5	26.5	37.477	1137.698	7.22706	1.75	6.4	11.877	2.3692E-8	1	0	6.88384
3177	-26.5	27.5	38.19	1137.292	7.14909	1.75	6.4	12.59	2.3188E-8	1	0	6.59422
3178	-26.5	28.5	38.917	1137.019	7.09716	1.75	6.4	13.317	2.2855E-8	1	0	6.3109
3179	-26.5	29.5	39.655	1136.881	7.07457	1.75	6.4	14.055	2.2711E-8	1	0	6.02998
3180	-25.5	-29.5	38.994	1137.267	6.81481	1.75	6.4	13.394	2.107E-8	1	0	6.53864
3181	-25.5	-28.5	38.243	1137.408	6.83848	1.75	6.4	12.643	2.1216E-8	1	0	6.86787
3182	-25.5	-27.5	37.503	1137.689	6.89384	1.75	6.4	11.903	2.1558E-8	1	0	7.20162
3183	-25.5	-26.5	36.776	1138.105	6.97702	1.75	6.4	11.176	2.2077E-8	1	0	7.54549
3184	-25.5	-25.5	36.062	1138.648	7.08818	1.75	6.4	10.462	2.2781E-8	1	0	7.90211
3185	-25.5	-24.5	35.362	1139.309	7.22752	1.75	6.4	9.762	2.3678E-8	1	0	8.27505
3186	-25.5	-23.5	34.677	1140.077	7.39528	1.75	6.4	9.077	2.4782E-8	1	0	8.66906
3187	-25.5	-22.5	34.007	1140.936	7.59172	1.75	6.4	8.407	2.6106E-8	1	0	9.09019
3188	-25.5	-21.5	33.354	1141.871	7.81714	1.75	6.4	7.754	2.7668E-8	1	0	9.54617
3189	-25.5	-20.5	32.718	1142.863	8.07181	1.75	6.4	7.118	2.9487E-8	1	0	10.04673
3190	-25.5	-19.5	32.101	1143.889	8.35595	1.75	6.4	6.501	3.1585E-8	1	0	10.60424
3191	-25.5	-18.5	31.504	1144.927	8.6696	1.75	6.4	5.904	3.3985E-8	1	0	11.23455
3192	-25.5	-17.5	30.927	1145.951	9.01252	1.75	6.4	5.327	3.671E-8	1	0	11.95825
3193	-25.5	-16.5	30.373	1146.933	9.38395	1.75	20	4.773	3.9781E-8	1	0	12.75055
3194	-25.5	-15.5	29.841	1147.846	9.78119	1.75	20	4.241	4.3202E-8	0	0	13.76181
3195	-25.5	-14.5	29.334	1148.626	10.19569	1.75	20	3.734	4.6925E-8	0	0	14.99132
3196	-25.5	-13.5	28.853	1149.239	10.61068	1.75	20	3.253	5.0809E-8	0	0	16.53258
3197	-25.5	-12.5	28.399	1149.676	11.03405	1.75	20	2.799	5.4934E-8	0	0	18.47441
3198	-25.5	-11.5	27.973	1149.932	11.41773	1.75	20	2.373	5.8814E-8	0	0	21.05285
3199	-25.5	-10.5	27.577	1150.008	11.80934	1.75	20	1.977	6.2915E-8	0	0	24.42773
3200	-25.5	-9.5	27.212	1149.922	12.09639	1.75	20	1.612	6.6014E-8	0	0	29.24299
3201	-25.5	-8.5	26.879	1149.678	12.70562	1.75	20	1.279	7.2839E-8	0	0	35.07616
3202	-25.5	-7.5	26.58	1149.294	13.21601	1.75	20	1	7.8821E-8	0	0	43.13422
3203	-25.5	-6.5	26.315	1148.846	13.53209	1.75	20	1	8.2653E-8	0	0	42.12129
3204	-25.498	-5.518	26.089	1148.37	13.87876	1.75	20	1	8.6961E-8	0	0	41.06357
3205	-25.598	-4.519	25.994	1148.1	13.92218	1.75	20	1	8.7516E-8	0	0	40.93233
3206	-25.678	-3.518	25.918	1147.88	14.04396	1.75	20	1	8.9063E-8	0	1	40.57484
3207	-25.737	-2.516	25.86	1147.705	14.17855	1.75	20	1	9.0785E-8	0	1	40.18766
3208	-25.777	-1.511	25.821	1147.581	14.28027	1.75	20	1	9.2098E-8	0	1	39.9
3209	-25.797	-0.504	25.802	1147.517	14.3335	1.75	20	1	9.2788E-8	0	1	39.7511
3210	-25.797	0.504	25.802	1147.517	14.3335	1.75	20	1	9.2788E-8	0	1	39.7511
3211	-25.777	1.511	25.821	1147.581	14.28027	1.75	20	1	9.2098E-8	0	1	39.9
3212	-25.737	2.516	25.86	1147.705	14.17855	1.75	20	1	9.0785E-8	0	1	40.18766
3213	-25.678	3.518	25.918	1147.88	14.04396	1.75	20	1	8.9063E-8	0	1	40.57484
3214	-25.598	4.519	25.994	1148.1	13.92218	1.75	20	1	8.7516E-8	0	0	40.93233
3215	-25.498	5.518	26.089	1148.37	13.87876	1.75	20	1	8.6961E-8	0	0	41.06357
3216	-25.5	6.5	26.315	1148.846	13.53209	1.75	20	1	8.2653E-8	0	0	42.12129
3217	-25.5	7.5	26.58	1149.294	13.21601	1.75	20	1	7.8821E-8	0	0	43.13422
3218	-25.5	8.5	26.879	1149.678	12.70562	1.75	20	1.279	7.2839E-8	0	0	35.07616
3219	-25.5	9.5	27.212	1149.922	12.09639	1.75	20	1.612	6.6014E-8	0	0	29.24299
3220	-25.5	10.5	27.577	1150.008	11.80934	1.75	20	1.977	6.2915E-8	0	0	24.42773
3221	-25.5	11.5	27.973	1149.932	11.41773	1.75	20	2.373	5.8814E-8	0	0	21.05285
3222	-25.5	12.5	28.399	1149.676	11.03405	1.75	20	2.799	5.4934E-8	0	0	18.47441
3223	-25.5	13.5	28.853	1149.239	10.61068	1.75	20	3.253	5.0809E-8	0	0	16.53258
3224	-25.5	14.5	29.334	1148.626	10.19569	1.75	20	3.734	4.6925E-8	0	0	14.99132
3225	-25.5	15.5	29.841	1147.846	9.78119	1.75	20	4.241	4.3202E-8	0	0	13.76181
3226	-25.5	16.5	30.373	1146.933	9.38395	1.75	20	4.773	3.9781E-8	1	0	12.75055
3227	-25.5	17.5	30.927	1145.951	9.01252	1.75	6.4	5.327	3.671E-8	1	0	11.95825
3228	-25.5	18.5	31.504	1144.927	8.6696	1.75	6.4	5.904	3.3985E-8	1	0	11.23455
3229	-25.5	19.5	32.101	1143.889	8.35595	1.75	6.4	6.501	3.1585E-8	1	0	10.60424
3230	-25.5	20.5	32.718	1142.863	8.07181	1.75	6.4	7.118	2.9487E-8	1	0	10.04673
3231	-25.5	21.5	33.354	1141.871	7.81714	1.75	6.4	7.754	2.7668E-8	1	0	9.54617
3232	-25.5	22.5	34.007	1140.936	7.59172	1.75	6.4	8.407	2.6106E-8	1	0	9.09019
3233	-25.5	23.5	34.677	1140.077	7.39528	1.75	6.4	9.077	2.4782E-8	1	0	8.66906
3234	-25.5	24.5	35.362	1139.309	7.22752	1.75	6.4	9.762	2.3678E-8	1	0	8.27505
3235	-25.5	25.5	36.062	1138.648	7.08818	1.75	6.4	10.462	2.2781E-8	1	0	7.90211
3236	-25.5	26.5	36.776	1138.105	6.97702	1.75	6.4	11.176	2.2077E-8	1	0	7.54549
3237	-25.5	27.5	37.503	1137.689	6.89384	1.75	6.4	11.903	2.1558E-8	1	0	7.20162
3238	-25.5	28.5	38.243	1137.408	6.83848	1.75	6.4	12.643	2.1216E-8	1	0	6.86787
3239	-25.5	29.5	38.994	1137.267	6.81481	1.75	6.4	13.394	2.107E-8	1	0	6.53864
3240	-24.5	-29.5	38.347	1137.581	6.53812	1.75	6.4	12.747	1.9392E-8	1	0	7.12992
3241	-24.5	-28.5	37.583	1137.726	6.56276	1.75	6.4	11.983	1.9537E-8	1	0	7.5184
3242	-24.5	-27.5	36.831	1138.015	6.62154	1.75	6.4	11.231	1.9886E-8	1	0	7.91448
3243	-24.5	-26.5	36.09	1138.441	6.70993	1.75	6.4	10.49	2.0416E-8	1	0	8.32629
3244	-24.5	-25.5	35.362	1138.998	6.82818	1.75	6.4	9.762	2.1137E-8	1	0	8.75817
3245	-24.5	-24.5	34.648	1139.674	6.97662	1.75	6.4	9.048	2.2059E-8	1	0	9.2161
3246	-24.5	-23.5	33.948	1140.458	7.15567	1.75	6.4	8.348	2.3198E-8	1	0	9.70805
3247	-24.5	-22.5	33.264	1141.332	7.36582	1.75	6.4	7.664	2.4571E-8	1	0	10.24449
3248	-24.5	-21.5	32.596	1142.279	7.60767	1.75	6.4	6.996	2.62E-8	1	0	10.83913
3249	-24.5	-20.5	31.945	1143.277	7.88191	1.75	6.4	6.345	2.8111E-8	1	0	11.50998
3250	-24.5	-19.5	31.313	1144.302	8.18932	1.75	6.4	5.713	3.0332E-8	1	0	12.28107
3251	-24.5	-18.5	30.7	1145.327	8.53063	1.75	6.4	5.1	3.2898E-8	1	0	13.18511
3252	-24.5	-17.5	30.108	1146.323	8.90669	1.75	20	4.508	3.5847E-8	1	0	14.21573
3253	-24.5	-16.5	29.538	1147.236	9.31907	1.75	20	3.938	3.9227E-8	0	0	15.5491
3254	-24.5	-15.5	28.991	1147.997	9.76962	1.75	20	3.391	4.3097E-8	0	0	17.21922
3255	-24.5	-14.5	28.469	1148.58	10.24905	1.75	20	2.869	4.7419E-8	0	0	19.39661
3256	-24.5	-13.5	27.973	1148.963	10.70104	1.75	20	2.373	5.1684E-8	0	0	22.45661
3257	-24.5	-12.5	27.505	1149.129	11.2228	1.75	20	1.905	5.6843E-8	0	0	26.67695
3258	-24.5	-11.5	27.065	1149.087	11.6569	1.75	20	1.465	6.1327E-8	0	0	33.38942
3259	-24.5	-10.5	26.655	1148.817	12.26562	1.75	20	1.055	6.7907E-8	0	0	44.03944
3260	-24.5	-9.5	26.277	1148.395	12.8959	1.75	20	1	7.5079E-8	0	0	44.19353
3261	-24.567	-8.534	26.007	1147.889	13.39338	1.75	20	1	8.1002E-8	0	0	42.54586
3262	-24.73	-7.549	25.856	1147.504	13.37761	1.75	20	1	8.0825E-8	0	0	42.59131
3263	-24.868	-6.591	25.726	1147.167	13.78398	1.75	20	1	8.5823E-8	0	0	41.33169
3264	-24.868	6.591	25.726	1147.167	13.78398	1.75	20	1	8.5823E-8	0	0	41.33169
3265	-24.73	7.549	25.856	1147.504	13.37761	1.75	20	1	8.0825E-8	0	0	42.59131
3266	-24.567	8.534	26.007	1147.889	13.39338	1.75	20	1	8.1002E-8	0	0	42.54586
3267	-24.5	9.5	26.277	1148.395	12.8959	1.75	20	1	7.5079E-8	0	0	44.19353
3268	-24.5	10.5	26.655	1148.817	12.26562	1.75	20	1.055	6.7907E-8	0	0	44.03944
3269	-24.5	11.5	27.065	1149.087	11.6569	1.75	20	1.465	6.1327E-8	0	0	33.38942
3270	-24.5	12.5	27.505	1149.129	11.2228	1.75	20	1.905	5.6843E-8	0	0	26.67695
3271	-24.5	13.5	27.973	1148.963	10.70104	1.75	20	2.373	5.1684E-8	0	0	22.45661
3272	-24.5	14.5	28.469	1148.58	10.24905	1.75	20	2.869	4.7419E-8	0	0	19.39661
3273	-24.5	15.5	28.991	1147.997	9.76962	1.75	20	3.391	4.3097E-8	0	0	17.21922
3274	-24.5	16.5	29.538	1147.236	9.31907	1.75	20	3.938	3.9227E-8	0	0	15.5491
3275	-24.5	17.5	30.108	1146.323	8.90669	1.75	20	4.508	3.5847E-8	1	0	14.21573
3276	-24.5	18.5	30.7	1145.327	8.53063	1.75	6.4	5.1	3.2898E-8	1	0	13.18511
3277	-24.5	19.5	31.313	1144.302	8.18932	1.75	6.4	5.713	3.0332E-8	1	0	12.28107
3278	-24.5	20.5	31.945	1143.277	7.88191	1.75	6.4	6.345	2.8111E-8	1	0	11.50998
3279	-24.5	21.5	32.596	1142.279	7.60767	1.75	6.4	6.996	2.62E-8	1	0	10.83913
3280	-24.5	22.5	33.264	1141.332	7.36582	1.75	6.4	7.664	2.4571E-8	1	0	10.24449
3281	-24.5	23.5	33.948	1140.458	7.15567	1.75	6.4	8.348	2.3198E-8	1	0	9.70805
3282	-24.5	24.5	34.648	1139.674	6.97662	1.75	6.4	9.048	2.2059E-8	1	0	9.2161
3283	-24.5	25.5	35.362	1138.998	6.82818	1.75	6.4	9.762	2.1137E-8	1	0	8.75817
3284	-24.5	26.5	36.09	1138.441	6.70993	1.75	6.4	10.49	2.0416E-8	1	0	8.32629
3285	-24.5	27.5	36.831	1138.015	6.62154	1.75	6.4	11.231	1.9886E-8	1	0	7.91448
3286	-24.5	28.5	37.583	1137.726	6.56276	1.75	6.4	11.983	1.9537E-8	1	0	7.5184
3287	-24.5	29.5	38.347	1137.581	6.53812	1.75	6.4	12.747	1.9392E-8	1	0	7.12992
3288	-23.5	-29.5	37.716	1137.839	6.24471	1.75	6.4	12.116	1.7688E-8	1	0	7.82169
3289	-23.5	-28.5	36.939	1137.989	6.27021	1.75	6.4	11.339	1.7832E-8	1	0	8.28341
3290	-23.5	-27.5	36.173	1138.286	6.33236	1.75	6.4	10.573	1.8185E-8	1	0	8.75721
3291	-23.5	-26.5	35.419	1138.724	6.42589	1.75	6.4	9.819	1.8722E-8	1	0	9.25495
3292	-23.5	-25.5	34.677	1139.296	6.55116	1.75	6.4	9.077	1.9454E-8	1	0	9.78374
3293	-23.5	-24.5	33.948	1139.99	6.70863	1.75	6.4	8.348	2.0394E-8	1	0	10.3535
3294	-23.5	-23.5	33.234	1140.791	6.89889	1.75	6.4	7.634	2.156E-8	1	0	10.97775
3295	-23.5	-22.5	32.535	1141.682	7.12266	1.75	6.4	6.935	2.2972E-8	1	0	11.67484
3296	-23.5	-21.5	31.851	1142.643	7.38086	1.75	6.4	6.251	2.4657E-8	1	0	12.46972
3297	-23.5	-20.5	31.185	1143.648	7.67466	1.75	6.4	5.585	2.6647E-8	1	0	13.39687
3298	-23.5	-19.5	30.537	1144.671	8.00548	1.75	20	4.937	2.8981E-8	1	0	14.44217
3299	-23.5	-18.5	29.908	1145.679	8.37471	1.75	20	4.308	3.1702E-8	0	0	15.81442
3300	-23.5	-17.5	29.3	1146.593	8.78368	1.75	20	3.7	3.4859E-8	0	0	17.55091
3301	-23.5	-16.5	28.714	1147.352	9.23703	1.75	20	3.114	3.8538E-8	0	0	19.82595
3302	-23.5	-15.5	28.151	1147.926	9.75226	1.75	20	2.551	4.2946E-8	0	0	22.91597
3303	-23.5	-14.5	27.613	1148.282	10.35027	1.75	20	2.013	4.8366E-8	0	0	27.35656
3304	-23.5	-13.5	27.102	1148.397	10.83092	1.75	20	1.502	5.296E-8	0	0	35.04564
3305	-23.5	-12.5	26.618	1148.221	11.38648	1.75	20	1.018	5.8537E-8	0	0	49.18096
3306	-23.425	-11.537	26.112	1147.732	11.95846	1.75	20	1	6.458E-8	0	0	47.64887
3307	-23.66	-10.557	25.908	1147.412	12.23982	1.75	20	1	6.7664E-8	0	0	46.54931
3308	-23.856	-9.645	25.732	1147.075	12.53751	1.75	20	1	7.1006E-8	0	0	45.43966
3309	-23.856	9.645	25.732	1147.075	12.53751	1.75	20	1	7.1006E-8	0	0	45.43966
3310	-23.66	10.557	25.908	1147.412	12.23982	1.75	20	1	6.7664E-8	0	0	46.54931
3311	-23.425	11.537	26.112	1147.732	11.95846	1.75	20	1	6.458E-8	0	0	47.64887
3312	-23.5	12.5	26.618	1148.221	11.38648	1.75	20	1.018	5.8537E-8	0	0	49.18096
3313	-23.5	13.5	27.102	1148.397	10.83092	1.75	20	1.502	5.296E-8	0	0	35.04564
3314	-23.5	14.5	27.613	1148.282	10.35027	1.75	20	2.013	4.8366E-8	0	0	27.35656
3315	-23.5	15.5	28.151	1147.926	9.75226	1.75	20	2.551	4.2946E-8	0	0	22.91597
3316	-23.5	16.5	28.714	1147.352	9.23703	1.75	20	3.114	3.8538E-8	0	0	19.82595
3317	-23.5	17.5	29.3	1146.593	8.78368	1.75	20	3.7	3.4859E-8	0	0	17.55091
3318	-23.5	18.5	29.908	1145.679	8.37471	1.75	20	4.308	3.1702E-8	0	0	15.81442
3319	-23.5	19.5	30.537	1144.671	8.00548	1.75	20	4.937	2.8981E-8	1	0	14.44217
3320	-23.5	20.5	31.185	1143.648	7.67466	1.75	6.4	5.585	2.6647E-8	1	0	13.39687
3321	-23.5	21.5	31.851	1142.643	7.38086	1.75	6.4	6.251	2.4657E-8	1	0	12.46972
3322	-23.5	22.5	32.535	1141.682	7.12266	1.75	6.4	6.935	2.2972E-8	1	0	11.67484
3323	-23.5	23.5	33.234	1140.791	6.89889	1.75	6.4	7.634	2.156E-8	1	0	10.97775
3324	-23.5	24.5	33.948	1139.99	6.70863	1.75	6.4	8.348	2.0394E-8	1	0	10.3535
3325	-23.5	25.5	34.677	1139.296	6.55116	1.75	6.4	9.077	1.9454E-8	1	0	9.78374
3326	-23.5	26.5	35.419	1138.724	6.42589	1.75	6.4	9.819	1.8722E-8	1	0	9.25495
3327	-23.5	27.5	36.173	1138.286	6.33236	1.75	6.4	10.573	1.8185E-8	1	0	8.75721
3328	-23.5	28.5	36.939	1137.989	6.27021	1.75	6.4	11.339	1.7832E-8	1	0	8.28341
3329	-23.5	29.5	37.716	1137.839	6.24471	1.75	6.4	12.116	1.7688E-8	1	0	7.82169
3330	-22.5	-29.5	37.101	1138.059	5.93509	1.75	6.4	11.501	1.5976E-8	1	0	8.6366
3331	-22.5	-28.5	36.311	1138.214	5.9613	1.75	6.4	10.711	1.6116E-8	1	0	9.18962
3332	-22.5	-27.5	35.532	1138.52	6.02672	1.75	6.4	9.932	1.647E-8	1	0	9.76124
3333	-22.5	-26.5	34.763	1138.973	6.12528	1.75	6.4	9.163	1.7009E-8	1	0	10.36881
3334	-22.5	-25.5	34.007	1139.562	6.25743	1.75	6.4	8.407	1.7747E-8	1	0	11.02394
3335	-22.5	-24.5	33.264	1140.276	6.42378	1.75	6.4	7.664	1.8697E-8	1	0	11.74312
3336	-22.5	-23.5	32.535	1141.098	6.62506	1.75	6.4	6.935	1.988E-8	1	0	12.54955
3337	-22.5	-22.5	31.82	1142.01	6.86219	1.75	6.4	6.22	2.132E-8	1	0	13.47596
3338	-22.5	-21.5	31.121	1142.988	7.13637	1.75	6.4	5.521	2.3047E-8	1	0	14.56913
3339	-22.5	-20.5	30.438	1144.004	7.4493	1.75	20	4.838	2.5101E-8	1	0	15.83137
3340	-22.5	-19.5	29.774	1145.022	7.8033	1.75	20	4.174	2.7531E-8	0	0	17.51196
3341	-22.5	-18.5	29.129	1145.945	8.20052	1.75	20	3.529	3.0393E-8	0	0	19.70432
3342	-22.5	-17.5	28.504	1146.722	8.63967	1.75	20	2.904	3.3724E-8	0	0	22.72007
3343	-22.5	-16.5	27.902	1147.311	9.12031	1.75	20	2.302	3.757E-8	0	0	27.15446
3344	-22.5	-15.5	27.322	1147.675	9.68949	1.75	20	1.722	4.2399E-8	0	0	34.15414
3345	-22.5	-14.5	26.768	1147.76	10.25326	1.75	20	1.168	4.7475E-8	0	0	47.60184
3346	-22.361	-13.541	26.142	1147.459	10.91078	1.75	20	1	5.3766E-8	0	0	52.22019
3347	-22.649	-12.57	25.904	1147.259	11.35985	1.75	20	1	5.8288E-8	0	0	50.15298
3348	-22.649	12.57	25.904	1147.259	11.35985	1.75	20	1	5.8288E-8	0	0	50.15298
3349	-22.361	13.541	26.142	1147.459	10.91078	1.75	20	1	5.3766E-8	0	0	52.22019
3350	-22.5	14.5	26.768	1147.76	10.25326	1.75	20	1.168	4.7475E-8	0	0	47.60184
3351	-22.5	15.5	27.322	1147.675	9.68949	1.75	20	1.722	4.2399E-8	0	0	34.15414
3352	-22.5	16.5	27.902	1147.311	9.12031	1.75	20	2.302	3.757E-8	0	0	27.15446
3353	-22.5	17.5	28.504	1146.722	8.63967	1.75	20	2.904	3.3724E-8	0	0	22.72007
3354	-22.5	18.5	29.129	1145.945	8.20052	1.75	20	3.529	3.0393E-8	0	0	19.70432
3355	-22.5	19.5	29.774	1145.022	7.8033	1.75	20	4.174	2.7531E-8	0	0	17.51196
3356	-22.5	20.5	30.438	1144.004	7.4493	1.75	20	4.838	2.5101E-8	1	0	15.83137
3357	-22.5	21.5	31.121	1142.988	7.13637	1.75	6.4	5.521	2.3047E-8	1	0	14.56913
3358	-22.5	22.5	31.82	1142.01	6.86219	1.75	6.4	6.22	2.132E-8	1	0	13.47596
3359	-22.5	23.5	32.535	1141.098	6.62506	1.75	6.4	6.935	1.988E-8	1	0	12.54955
3360	-22.5	24.5	33.264	1140.276	6.42378	1.75	6.4	7.664	1.8697E-8	1	0	11.74312
3361	-22.5	25.5	34.007	1139.562	6.25743	1.75	6.4	8.407	1.7747E-8	1	0	11.02394
3362	-22.5	26.5	34.763	1138.973	6.12528	1.75	6.4	9.163	1.7009E-8	1	0	10.36881
3363	-22.5	27.5	35.532	1138.52	6.02672	1.75	6.4	9.932	1.647E-8	1	0	9.76124
3364	-22.5	28.5	36.311	1138.214	5.9613	1.75	6.4	10.711	1.6116E-8	1	0	9.18962
3365	-22.5	29.5	37.101	1138.059	5.93509	1.75	6.4	11.501	1.5976E-8	1	0	8.6366
3366	-21.5	-29.5	36.503	1138.256	5.61011	1.75	6.4	10.903	1.4273E-8	1	0	9.60364
3367	-21.5	-28.5	35.7	1138.417	5.63683	1.75	6.4	10.1	1.4408E-8	1	0	10.2715
3368	-21.5	-27.5	34.907	1138.735	5.70541	1.75	6.4	9.307	1.4759E-8	1	0	10.96742
3369	-21.5	-26.5	34.125	1139.204	5.80882	1.75	6.4	8.525	1.5296E-8	1	0	11.71696
3370	-21.5	-25.5	33.354	1139.814	5.94765	1.75	6.4	7.754	1.6031E-8	1	0	12.53901
3371	-21.5	-24.5	32.596	1140.552	6.12266	1.75	6.4	6.996	1.6983E-8	1	0	13.46116
3372	-21.5	-23.5	31.851	1141.401	6.33471	1.75	6.4	6.251	1.8173E-8	1	0	14.52373
3373	-21.5	-22.5	31.121	1142.339	6.5848	1.75	6.4	5.521	1.9628E-8	1	0	15.78649
3374	-21.5	-21.5	30.406	1143.34	6.87429	1.75	20	4.806	2.1382E-8	1	0	17.26905
3375	-21.5	-20.5	29.707	1144.364	7.20532	1.75	20	4.107	2.348E-8	0	0	19.27105
3376	-21.5	-19.5	29.026	1145.307	7.58191	1.75	20	3.426	2.5988E-8	0	0	21.94809
3377	-21.5	-18.5	28.364	1146.117	8.00996	1.75	20	2.764	2.8995E-8	0	0	25.74687
3378	-21.5	-17.5	27.722	1146.754	8.48101	1.75	20	2.122	3.2496E-8	0	0	31.6677
3379	-21.5	-16.5	27.102	1147.166	8.94675	1.75	20	1.502	3.6157E-8	0	0	42.41124
3380	-21.5	-15.5	26.505	1147.31	9.82823	1.75	20	1	4.3629E-8	0	0	57.96957
3381	-21.526	-14.563	25.989	1147.179	10.83182	1.75	20	1	5.2998E-8	0	0	52.59664
3382	-21.526	14.563	25.989	1147.179	10.83182	1.75	20	1	5.2998E-8	0	0	52.59664
3383	-21.5	15.5	26.505	1147.31	9.82823	1.75	20	1	4.3629E-8	0	0	57.96957
3384	-21.5	16.5	27.102	1147.166	8.94675	1.75	20	1.502	3.6157E-8	0	0	42.41124
3385	-21.5	17.5	27.722	1146.754	8.48101	1.75	20	2.122	3.2496E-8	0	0	31.6677
3386	-21.5	18.5	28.364	1146.117	8.00996	1.75	20	2.764	2.8995E-8	0	0	25.74687
3387	-21.5	19.5	29.026	1145.307	7.58191	1.75	20	3.426	2.5988E-8	0	0	21.94809
3388	-21.5	20.5	29.707	1144.364	7.20532	1.75	20	4.107	2.348E-8	0	0	19.27105
3389	-21.5	21.5	30.406	1143.34	6.87429	1.75	20	4.806	2.1382E-8	1	0	17.26905
3390	-21.5	22.5	31.121	1142.339	6.5848	1.75	6.4	5.521	1.9628E-8	1	0	15.78649
3391	-21.5	23.5	31.851	1141.401	6.33471	1.75	6.4	6.251	1.8173E-8	1	0	14.52373
3392	-21.5	24.5	32.596	1140.552	6.12266	1.75	6.4	6.996	1.6983E-8	1	0	13.46116
3393	-21.5	25.5	33.354	1139.814	5.94765	1.75	6.4	7.754	1.6031E-8	1	0	12.53901
3394	-21.5	26.5	34.125	1139.204	5.80882	1.75	6.4	8.525	1.5296E-8	1	0	11.71696
3395	-21.5	27.5	34.907	1138.735	5.70541	1.75	6.4	9.307	1.4759E-8	1	0	10.96742
3396	-21.5	28.5	35.7	1138.417	5.63683	1.75	6.4	10.1	1.4408E-8	1	0	10.2715
3397	-21.5	29.5	36.503	1138.256	5.61011	1.75	6.4	10.903	1.4273E-8	1	0	9.60364
3398	-20.5	-29.5	35.924	1138.447	5.27096	1.75	6.4	10.324	1.2599E-8	1	0	10.76029
3399	-20.5	-28.5	35.107	1138.614	5.29799	1.75	6.4	9.507	1.2727E-8	1	0	11.57398
3400	-20.5	-27.5	34.3	1138.946	5.36953	1.75	6.4	8.7	1.3071E-8	1	0	12.42948
3401	-20.5	-26.5	33.504	1139.435	5.47756	1.75	6.4	7.904	1.3599E-8	1	0	13.36473
3402	-20.5	-25.5	32.718	1140.07	5.62283	1.75	6.4	7.118	1.4326E-8	1	0	14.41051
3403	-20.5	-24.5	31.945	1140.839	5.80627	1.75	6.4	6.345	1.5271E-8	1	0	15.61335
3404	-20.5	-23.5	31.185	1141.721	6.02885	1.75	6.4	5.585	1.6458E-8	1	0	17.04443
3405	-20.5	-22.5	30.438	1142.693	6.29156	1.75	20	4.838	1.7916E-8	1	0	18.73751
3406	-20.5	-21.5	29.707	1143.718	6.59545	1.75	20	4.107	1.9679E-8	0	0	21.04909
3407	-20.5	-20.5	28.991	1144.685	6.9422	1.75	20	3.391	2.1794E-8	0	0	24.20925
3408	-20.5	-19.5	28.293	1145.539	7.3378	1.75	20	2.693	2.4339E-8	0	0	28.83614
3409	-20.5	-18.5	27.613	1146.237	7.80703	1.75	20	2.013	2.7543E-8	0	0	36.24709
3410	-20.5	-17.5	26.954	1146.745	8.45747	1.75	20	1.354	3.2316E-8	0	0	49.76155
3411	-20.5	-16.5	26.315	1146.974	9.62294	1.75	20	1	4.1832E-8	0	0	59.20056
3412	-20.647	-15.601	25.878	1146.949	10.47637	1.75	20	1	4.9581E-8	0	0	54.3776
3413	-20.647	15.601	25.878	1146.949	10.47637	1.75	20	1	4.9581E-8	0	0	54.3776
3414	-20.5	16.5	26.315	1146.974	9.62294	1.75	20	1	4.1832E-8	0	0	59.20056
3415	-20.5	17.5	26.954	1146.745	8.45747	1.75	20	1.354	3.2316E-8	0	0	49.76155
3416	-20.5	18.5	27.613	1146.237	7.80703	1.75	20	2.013	2.7543E-8	0	0	36.24709
3417	-20.5	19.5	28.293	1145.539	7.3378	1.75	20	2.693	2.4339E-8	0	0	28.83614
3418	-20.5	20.5	28.991	1144.685	6.9422	1.75	20	3.391	2.1794E-8	0	0	24.20925
3419	-20.5	21.5	29.707	1143.718	6.59545	1.75	20	4.107	1.9679E-8	0	0	21.04909
3420	-20.5	22.5	30.438	1142.693	6.29156	1.75	20	4.838	1.7916E-8	1	0	18.73751
3421	-20.5	23.5	31.185	1141.721	6.02885	1.75	6.4	5.585	1.6458E-8	1	0	17.04443
3422	-20.5	24.5	31.945	1140.839	5.80627	1.75	6.4	6.345	1.5271E-8	1	0	15.61335
3423	-20.5	25.5	32.718	1140.07	5.62283	1.75	6.4	7.118	1.4326E-8	1	0	14.41051
3424	-20.5	26.5	33.504	1139.435	5.47756	1.75	6.4	7.904	1.3599E-8	1	0	13.36473
3425	-20.5	27.5	34.3	1138.946	5.36953	1.75	6.4	8.7	1.3071E-8	1	0	12.42948
3426	-20.5	28.5	35.107	1138.614	5.29799	1.75	6.4	9.507	1.2727E-8	1	0	11.57398
3427	-20.5	29.5	35.924	1138.447	5.27096	1.75	6.4	10.324	1.2599E-8	1	0	10.76029
3428	-19.5	-29.5	35.362	1138.644	4.91926	1.75	6.4	9.762	1.0972E-8	1	0	12.15546
3429	-19.5	-28.5	34.533	1138.819	4.94634	1.75	6.4	8.933	1.1093E-8	1	0	13.15625
3430	-19.5	-27.5	33.712	1139.167	5.02058	1.75	6.4	8.112	1.1426E-8	1	0	14.21892
3431	-19.5	-26.5	32.901	1139.68	5.13289	1.75	6.4	7.301	1.1941E-8	1	0	15.40027
3432	-19.5	-25.5	32.101	1140.347	5.28429	1.75	6.4	6.501	1.2652E-8	1	0	16.7507
3433	-19.5	-24.5	31.313	1141.153	5.47594	1.75	6.4	5.713	1.3581E-8	1	0	18.34948
3434	-19.5	-23.5	30.537	1142.077	5.70898	1.75	20	4.937	1.4756E-8	1	0	20.23659
3435	-19.5	-22.5	29.774	1143.09	5.98437	1.75	20	4.174	1.6206E-8	0	0	22.82203
3436	-19.5	-21.5	29.026	1144.08	6.30237	1.75	20	3.426	1.7966E-8	0	0	26.3948
3437	-19.5	-20.5	28.293	1144.984	6.66093	1.75	20	2.693	2.0061E-8	0	0	31.76137
3438	-19.5	-19.5	27.577	1145.759	7.0554	1.75	20	1.977	2.2499E-8	0	0	40.83745
3439	-19.5	-18.5	26.879	1146.342	7.27057	1.75	20	1.279	2.3886E-8	0	0	61.23851
3440	-19.312	-17.559	26.102	1146.733	8.90605	1.75	20	1	3.5835E-8	0	0	63.96153
3441	-19.716	-16.663	25.814	1146.815	8.47072	1.75	20	1	3.2416E-8	0	0	67.25023
3442	-19.716	16.663	25.814	1146.815	8.47072	1.75	20	1	3.2416E-8	0	0	67.25023
3443	-19.312	17.559	26.102	1146.733	8.90605	1.75	20	1	3.5835E-8	0	0	63.96153
3444	-19.5	18.5	26.879	1146.342	7.27057	1.75	20	1.279	2.3886E-8	0	0	61.23851
3445	-19.5	19.5	27.577	1145.759	7.0554	1.75	20	1.977	2.2499E-8	0	0	40.83745
3446	-19.5	20.5	28.293	1144.984	6.66093	1.75	20	2.693	2.0061E-8	0	0	31.76137
3447	-19.5	21.5	29.026	1144.08	6.30237	1.75	20	3.426	1.7966E-8	0	0	26.3948
3448	-19.5	22.5	29.774	1143.09	5.98437	1.75	20	4.174	1.6206E-8	0	0	22.82203
3449	-19.5	23.5	30.537	1142.077	5.70898	1.75	20	4.937	1.4756E-8	1	0	20.23659
3450	-19.5	24.5	31.313	1141.153	5.47594	1.75	6.4	5.713	1.3581E-8	1	0	18.34948
3451	-19.5	25.5	32.101	1140.347	5.28429	1.75	6.4	6.501	1.2652E-8	1	0	16.7507
3452	-19.5	26.5	32.901	1139.68	5.13289	1.75	6.4	7.301	1.1941E-8	1	0	15.40027
3453	-19.5	27.5	33.712	1139.167	5.02058	1.75	6.4	8.112	1.1426E-8	1	0	14.21892
3454	-19.5	28.5	34.533	1138.819	4.94634	1.75	6.4	8.933	1.1093E-8	1	0	13.15625
3455	-19.5	29.5	35.362	1138.644	4.91926	1.75	6.4	9.762	1.0972E-8	1	0	12.15546
3456	-18.5	-29.5	34.821	1138.859	4.55706	1.75	6.4	9.221	9.4152E-9	1	0	13.85372
3457	-18.5	-28.5	33.978	1139.045	4.58386	1.75	6.4	8.378	9.5255E-9	1	0	15.09718
3458	-18.5	-27.5	33.144	1139.412	4.66043	1.75	6.4	7.544	9.8448E-9	1	0	16.4321
3459	-18.5	-26.5	32.319	1139.953	4.77656	1.75	6.4	6.719	1.0339E-8	1	0	17.94433
3460	-18.5	-25.5	31.504	1140.658	4.93365	1.75	6.4	5.904	1.1027E-8	1	0	19.717
3461	-18.5	-24.5	30.7	1141.51	5.13323	1.75	6.4	5.1	1.1932E-8	1	0	21.8872
3462	-18.5	-23.5	29.908	1142.488	5.37681	1.75	20	4.308	1.3086E-8	0	0	24.60933
3463	-18.5	-22.5	29.129	1143.49	5.66576	1.75	20	3.529	1.4524E-8	0	0	28.4996
3464	-18.5	-21.5	28.364	1144.439	6.00109	1.75	20	2.764	1.6287E-8	0	0	34.34913
3465	-18.5	-20.5	27.613	1145.299	6.37723	1.75	20	2.013	1.8386E-8	0	0	44.3619
3466	-18.5	-19.5	26.879	1146.028	6.65004	1.75	20	1.279	1.9986E-8	0	0	66.94683
3467	-18.509	-18.509	26.176	1146.429	6.80428	1.75	20	1	2.092E-8	0	0	83.71125
3468	-18.509	18.509	26.176	1146.429	6.80428	1.75	20	1	2.092E-8	0	0	83.71125
3469	-18.5	19.5	26.879	1146.028	6.65004	1.75	20	1.279	1.9986E-8	0	0	66.94683
3470	-18.5	20.5	27.613	1145.299	6.37723	1.75	20	2.013	1.8386E-8	0	0	44.3619
3471	-18.5	21.5	28.364	1144.439	6.00109	1.75	20	2.764	1.6287E-8	0	0	34.34913
3472	-18.5	22.5	29.129	1143.49	5.66576	1.75	20	3.529	1.4524E-8	0	0	28.4996
3473	-18.5	23.5	29.908	1142.488	5.37681	1.75	20	4.308	1.3086E-8	0	0	24.60933
3474	-18.5	24.5	30.7	1141.51	5.13323	1.75	6.4	5.1	1.1932E-8	1	0	21.8872
3475	-18.5	25.5	31.504	1140.658	4.93365	1.75	6.4	5.904	1.1027E-8	1	0	19.717
3476	-18.5	26.5	32.319	1139.953	4.77656	1.75	6.4	6.719	1.0339E-8	1	0	17.94433
3477	-18.5	27.5	33.144	1139.412	4.66043	1.75	6.4	7.544	9.8448E-9	1	0	16.4321
3478	-18.5	28.5	33.978	1139.045	4.58386	1.75	6.4	8.378	9.5255E-9	1	0	15.09718
3479	-18.5	29.5	34.821	1138.859	4.55706	1.75	6.4	9.221	9.4152E-9	1	0	13.85372
3480	-17.5	-29.5	34.3	1139.103	4.18688	1.75	6.4	8.7	7.9468E-9	1	0	15.94116
3481	-17.5	-28.5	33.444	1139.3	4.21303	1.75	6.4	7.844	8.0457E-9	1	0	17.50313
3482	-17.5	-27.5	32.596	1139.69	4.29136	1.75	6.4	6.996	8.3462E-9	1	0	19.20068
3483	-17.5	-26.5	31.757	1140.266	4.41062	1.75	6.4	6.157	8.8143E-9	1	0	21.16502
3484	-17.5	-25.5	30.927	1141.016	4.57273	1.75	6.4	5.327	9.471E-9	1	0	23.53483
3485	-17.5	-24.5	30.108	1141.926	4.77982	1.75	20	4.508	1.0344E-8	1	0	26.45606
3486	-17.5	-23.5	29.3	1142.922	5.0338	1.75	20	3.7	1.1467E-8	0	0	30.59306
3487	-17.5	-22.5	28.504	1143.898	5.33661	1.75	20	2.904	1.2883E-8	0	0	36.75275
3488	-17.5	-21.5	27.722	1144.82	5.69586	1.75	20	2.122	1.467E-8	0	0	47.12647
3489	-17.5	-20.5	26.954	1145.652	6.22458	1.75	20	1.354	1.7513E-8	0	0	67.59104
3490	-17.559	-19.312	26.102	1146.476	7.48748	1.75	20	1	2.5331E-8	0	0	76.074
3491	-17.559	19.312	26.102	1146.476	7.48748	1.75	20	1	2.5331E-8	0	0	76.074
3492	-17.5	20.5	26.954	1145.652	6.22458	1.75	20	1.354	1.7513E-8	0	0	67.59104
3493	-17.5	21.5	27.722	1144.82	5.69586	1.75	20	2.122	1.467E-8	0	0	47.12647
3494	-17.5	22.5	28.504	1143.898	5.33661	1.75	20	2.904	1.2883E-8	0	0	36.75275
3495	-17.5	23.5	29.3	1142.922	5.0338	1.75	20	3.7	1.1467E-8	0	0	30.59306
3496	-17.5	24.5	30.108	1141.926	4.77982	1.75	20	4.508	1.0344E-8	1	0	26.45606
3497	-17.5	25.5	30.927	1141.016	4.57273	1.75	6.4	5.327	9.471E-9	1	0	23.53483
3498	-17.5	26.5	31.757	1140.266	4.41062	1.75	6.4	6.157	8.8143E-9	1	0	21.16502
3499	-17.5	27.5	32.596	1139.69	4.29136	1.75	6.4	6.996	8.3462E-9	1	0	19.20068
3500	-17.5	28.5	33.444	1139.3	4.21303	1.75	6.4	7.844	8.0457E-9	1	0	17.50313
3501	-17.5	29.5	34.3	1139.103	4.18688	1.75	6.4	8.7	7.9468E-9	1	0	15.94116
3502	-16.5	-29.5	33.801	1139.383	3.81179	1.75	6.4	8.201	6.5859E-9	1	0	18.53375
3503	-16.5	-28.5	32.932	1139.592	3.83681	1.75	6.4	7.332	6.672E-9	1	0	20.5192
3504	-16.5	-27.5	32.07	1140.009	3.91609	1.75	6.4	6.47	6.9493E-9	1	0	22.70706
3505	-16.5	-26.5	31.217	1140.624	4.03744	1.75	6.4	5.617	7.3847E-9	1	0	25.30059
3506	-16.5	-25.5	30.373	1141.429	4.20358	1.75	20	4.773	8.0021E-9	1	0	28.41892
3507	-16.5	-24.5	29.538	1142.386	4.41761	1.75	20	3.938	8.8339E-9	0	0	32.7556
3508	-16.5	-23.5	28.714	1143.369	4.68163	1.75	20	3.114	9.9171E-9	0	0	39.07271
3509	-16.5	-22.5	27.902	1144.336	4.99316	1.75	20	2.302	1.1276E-8	0	0	49.55707
3510	-16.5	-21.5	27.102	1145.246	5.33993	1.75	20	1.502	1.2891E-8	0	0	71.01869
3511	-16.5	-20.5	26.315	1146.058	6.29131	1.75	20	1	1.7888E-8	0	0	90.5272
3512	-16.663	-19.716	25.814	1146.634	5.98567	1.75	20	1	1.6188E-8	0	0	95.16527
3513	-16.663	19.716	25.814	1146.634	5.98567	1.75	20	1	1.6188E-8	0	0	95.16527
3514	-16.5	20.5	26.315	1146.058	6.29131	1.75	20	1	1.7888E-8	0	0	90.5272
3515	-16.5	21.5	27.102	1145.246	5.33993	1.75	20	1.502	1.2891E-8	0	0	71.01869
3516	-16.5	22.5	27.902	1144.336	4.99316	1.75	20	2.302	1.1276E-8	0	0	49.55707
3517	-16.5	23.5	28.714	1143.369	4.68163	1.75	20	3.114	9.9171E-9	0	0	39.07271
3518	-16.5	24.5	29.538	1142.386	4.41761	1.75	20	3.938	8.8339E-9	0	0	32.7556
3519	-16.5	25.5	30.373	1141.429	4.20358	1.75	20	4.773	8.0021E-9	1	0	28.41892
3520	-16.5	26.5	31.217	1140.624	4.03744	1.75	6.4	5.617	7.3847E-9	1	0	25.30059
3521	-16.5	27.5	32.07	1140.009	3.91609	1.75	6.4	6.47	6.9493E-9	1	0	22.70706
3522	-16.5	28.5	32.932	1139.592	3.83681	1.75	6.4	7.332	6.672E-9	1	0	20.5192
3523	-16.5	29.5	33.801	1139.383	3.81179	1.75	6.4	8.201	6.5859E-9	1	0	18.53375
3524	-15.5	-29.5	33.324	1139.701	3.43542	1.75	6.4	7.724	5.3488E-9	1	0	21.78917
3525	-15.5	-28.5	32.442	1139.925	3.45872	1.75	6.4	6.842	5.4211E-9	1	0	24.3454
3526	-15.5	-27.5	31.567	1140.372	3.53783	1.75	6.4	5.967	5.6708E-9	1	0	27.20743
3527	-15.5	-26.5	30.7	1141.033	3.6597	1.75	6.4	5.1	6.0664E-9	1	0	30.69551
3528	-15.5	-25.5	29.841	1141.898	3.82824	1.75	20	4.241	6.6355E-9	0	0	35.1015
3529	-15.5	-24.5	28.991	1142.858	4.04869	1.75	20	3.391	7.4185E-9	0	0	41.48936
3530	-15.5	-23.5	28.151	1143.844	4.32651	1.75	20	2.551	8.4679E-9	0	0	51.59384
3531	-15.5	-22.5	27.322	1144.825	4.65938	1.75	20	1.722	9.8167E-9	0	0	70.96787
3532	-15.5	-21.5	26.505	1145.745	5.16164	1.75	20	1	1.2042E-8	0	0	110.33004
3533	-15.601	-20.647	25.878	1146.479	6.01871	1.75	20	1	1.6368E-8	0	0	94.63878
3534	-15.601	20.647	25.878	1146.479	6.01871	1.75	20	1	1.6368E-8	0	0	94.63878
3535	-15.5	21.5	26.505	1145.745	5.16164	1.75	20	1	1.2042E-8	0	0	110.33004
3536	-15.5	22.5	27.322	1144.825	4.65938	1.75	20	1.722	9.8167E-9	0	0	70.96787
3537	-15.5	23.5	28.151	1143.844	4.32651	1.75	20	2.551	8.4679E-9	0	0	51.59384
3538	-15.5	24.5	28.991	1142.858	4.04869	1.75	20	3.391	7.4185E-9	0	0	41.48936
3539	-15.5	25.5	29.841	1141.898	3.82824	1.75	20	4.241	6.6355E-9	0	0	35.1015
3540	-15.5	26.5	30.7	1141.033	3.6597	1.75	6.4	5.1	6.0664E-9	1	0	30.69551
3541	-15.5	27.5	31.567	1140.372	3.53783	1.75	6.4	5.967	5.6708E-9	1	0	27.20743
3542	-15.5	28.5	32.442	1139.925	3.45872	1.75	6.4	6.842	5.4211E-9	1	0	24.3454
3543	-15.5	29.5	33.324	1139.701	3.43542	1.75	6.4	7.724	5.3488E-9	1	0	21.78917
3544	-14.5	-29.5	32.871	1140.059	3.06198	1.75	6.4	7.271	4.2485E-9	1	0	25.92359
3545	-14.5	-28.5	31.977	1140.3	3.08291	1.75	6.4	6.377	4.3063E-9	1	0	29.2601
3546	-14.5	-27.5	31.089	1140.779	3.16038	1.75	6.4	5.489	4.5245E-9	1	0	33.06606
3547	-14.5	-26.5	30.208	1141.493	3.28048	1.75	20	4.608	4.8733E-9	1	0	37.7146
3548	-14.5	-25.5	29.334	1142.388	3.44834	1.75	20	3.734	5.3827E-9	0	0	44.24556
3549	-14.5	-24.5	28.469	1143.348	3.67208	1.75	20	2.869	6.1013E-9	0	0	54.0562
3550	-14.5	-23.5	27.613	1144.354	3.96763	1.75	20	2.013	7.1197E-9	0	0	71.28426
3551	-14.5	-22.5	26.768	1145.389	4.2807	1.75	20	1.168	8.2838E-9	0	0	113.94
3552	-14.563	-21.526	25.989	1146.278	4.99528	1.75	20	1	1.1276E-8	0	0	114.02168
3553	-14.563	21.526	25.989	1146.278	4.99528	1.75	20	1	1.1276E-8	0	0	114.02168
3554	-14.5	22.5	26.768	1145.389	4.2807	1.75	20	1.168	8.2838E-9	0	0	113.94
3555	-14.5	23.5	27.613	1144.354	3.96763	1.75	20	2.013	7.1197E-9	0	0	71.28426
3556	-14.5	24.5	28.469	1143.348	3.67208	1.75	20	2.869	6.1013E-9	0	0	54.0562
3557	-14.5	25.5	29.334	1142.388	3.44834	1.75	20	3.734	5.3827E-9	0	0	44.24556
3558	-14.5	26.5	30.208	1141.493	3.28048	1.75	20	4.608	4.8733E-9	1	0	37.7146
3559	-14.5	27.5	31.089	1140.779	3.16038	1.75	6.4	5.489	4.5245E-9	1	0	33.06606
3560	-14.5	28.5	31.977	1140.3	3.08291	1.75	6.4	6.377	4.3063E-9	1	0	29.2601
3561	-14.5	29.5	32.871	1140.059	3.06198	1.75	6.4	7.271	4.2485E-9	1	0	25.92359
3562	-13.5	-29.5	32.442	1140.454	2.69621	1.75	6.4	6.842	3.2935E-9	1	0	31.23541
3563	-13.5	-28.5	31.536	1140.712	2.71415	1.75	6.4	5.936	3.3371E-9	1	0	35.65338
3564	-13.5	-27.5	30.635	1141.227	2.78831	1.75	20	5.035	3.5212E-9	1	0	40.62111
3565	-13.5	-26.5	29.741	1141.99	2.90382	1.75	20	4.141	3.8177E-9	0	0	47.39823
3566	-13.5	-25.5	28.853	1142.881	3.06625	1.75	20	3.253	4.255E-9	0	0	57.10632
3567	-13.5	-24.5	27.973	1143.85	3.28275	1.75	20	2.373	4.875E-9	0	0	73.0965
3568	-13.5	-23.5	27.102	1144.882	3.58507	1.75	20	1.502	5.8116E-9	0	0	105.77064
3569	-13.541	-22.361	26.142	1146.085	3.9511	1.75	20	1	7.0551E-9	0	0	144.14695
3570	-13.541	22.361	26.142	1146.085	3.9511	1.75	20	1	7.0551E-9	0	0	144.14695
3571	-13.5	23.5	27.102	1144.882	3.58507	1.75	20	1.502	5.8116E-9	0	0	105.77064
3572	-13.5	24.5	27.973	1143.85	3.28275	1.75	20	2.373	4.875E-9	0	0	73.0965
3573	-13.5	25.5	28.853	1142.881	3.06625	1.75	20	3.253	4.255E-9	0	0	57.10632
3574	-13.5	26.5	29.741	1141.99	2.90382	1.75	20	4.141	3.8177E-9	0	0	47.39823
3575	-13.5	27.5	30.635	1141.227	2.78831	1.75	20	5.035	3.5212E-9	1	0	40.62111
3576	-13.5	28.5	31.536	1140.712	2.71415	1.75	6.4	5.936	3.3371E-9	1	0	35.65338
3577	-13.5	29.5	32.442	1140.454	2.69621	1.75	6.4	6.842	3.2935E-9	1	0	31.23541
3578	-12.5	-29.5	32.039	1140.881	2.34316	1.75	6.4	6.439	2.487E-9	1	0	38.13932
3579	-12.5	-28.5	31.121	1141.158	2.35765	1.75	6.4	5.521	2.5175E-9	1	0	44.07557
3580	-12.5	-27.5	30.208	1141.711	2.42688	1.75	20	4.608	2.6669E-9	1	0	50.98315
3581	-12.5	-26.5	29.3	1142.49	2.53516	1.75	20	3.7	2.9092E-9	0	0	60.73781
3582	-12.5	-25.5	28.399	1143.378	2.68897	1.75	20	2.799	3.2716E-9	0	0	75.67217
3583	-12.5	-24.5	27.505	1144.366	2.9002	1.75	20	1.905	3.8041E-9	0	0	103.08997
3584	-12.5	-23.5	26.618	1145.448	3.17115	1.75	20	1.018	4.5459E-9	0	0	176.45149
3585	-12.57	-22.649	25.904	1146.372	3.38619	1.75	20	1	5.1812E-9	0	0	168.20838
3586	-12.57	22.649	25.904	1146.372	3.38619	1.75	20	1	5.1812E-9	0	0	168.20838
3587	-12.5	23.5	26.618	1145.448	3.17115	1.75	20	1.018	4.5459E-9	0	0	176.45149
3588	-12.5	24.5	27.505	1144.366	2.9002	1.75	20	1.905	3.8041E-9	0	0	103.08997
3589	-12.5	25.5	28.399	1143.378	2.68897	1.75	20	2.799	3.2716E-9	0	0	75.67217
3590	-12.5	26.5	29.3	1142.49	2.53516	1.75	20	3.7	2.9092E-9	0	0	60.73781
3591	-12.5	27.5	30.208	1141.711	2.42688	1.75	20	4.608	2.6669E-9	1	0	50.98315
3592	-12.5	28.5	31.121	1141.158	2.35765	1.75	6.4	5.521	2.5175E-9	1	0	44.07557
3593	-12.5	29.5	32.039	1140.881	2.34316	1.75	6.4	6.439	2.487E-9	1	0	38.13932
3594	-11.5	-29.5	31.662	1141.331	2.00794	1.75	6.4	6.062	1.8259E-9	1	0	47.21557
3595	-11.5	-28.5	30.733	1141.626	2.01877	1.75	6.4	5.133	1.8454E-9	1	0	55.30781
3596	-11.5	-27.5	29.808	1142.215	2.08169	1.75	20	4.208	1.9618E-9	0	0	65.07019
3597	-11.5	-26.5	28.888	1142.981	2.18	1.75	20	3.288	2.1507E-9	0	0	79.48029
3598	-11.5	-25.5	27.973	1143.869	2.3191	1.75	20	2.373	2.4329E-9	0	0	103.47053
3599	-11.5	-24.5	27.065	1144.874	2.52515	1.75	20	1.465	2.8832E-9	0	0	153.95044
3600	-11.537	-23.425	26.112	1146.073	2.7891	1.75	20	1	3.5156E-9	0	0	204.20091
3601	-11.537	23.425	26.112	1146.073	2.7891	1.75	20	1	3.5156E-9	0	0	204.20091
3602	-11.5	24.5	27.065	1144.874	2.52515	1.75	20	1.465	2.8832E-9	0	0	153.95044
3603	-11.5	25.5	27.973	1143.869	2.3191	1.75	20	2.373	2.4329E-9	0	0	103.47053
3604	-11.5	26.5	28.888	1142.981	2.18	1.75	20	3.288	2.1507E-9	0	0	79.48029
3605	-11.5	27.5	29.808	1142.215	2.08169	1.75	20	4.208	1.9618E-9	0	0	65.07019
3606	-11.5	28.5	30.733	1141.626	2.01877	1.75	6.4	5.133	1.8454E-9	1	0	55.30781
3607	-11.5	29.5	31.662	1141.331	2.00794	1.75	6.4	6.062	1.8259E-9	1	0	47.21557
3608	-10.5	-29.5	31.313	1141.795	1.69526	1.75	6.4	5.713	1.3013E-9	1	0	59.28263
3609	-10.5	-28.5	30.373	1142.108	1.70256	1.75	20	4.773	1.3123E-9	1	0	70.17948
3610	-10.5	-27.5	29.436	1142.71	1.75844	1.75	20	3.836	1.3995E-9	0	0	84.47221
3611	-10.5	-26.5	28.504	1143.459	1.8454	1.75	20	2.904	1.5408E-9	0	0	106.27001
3612	-10.5	-25.5	27.577	1144.347	1.96855	1.75	20	1.977	1.7526E-9	0	0	146.3048
3613	-10.5	-24.5	26.655	1145.373	2.17511	1.75	20	1.055	2.1388E-9	0	0	248.09754
3614	-10.557	-23.66	25.908	1146.371	2.28581	1.75	20	1	2.361E-9	0	0	249.18346
3615	-10.557	23.66	25.908	1146.371	2.28581	1.75	20	1	2.361E-9	0	0	249.18346
3616	-10.5	24.5	26.655	1145.373	2.17511	1.75	20	1.055	2.1388E-9	0	0	248.09754
3617	-10.5	25.5	27.577	1144.347	1.96855	1.75	20	1.977	1.7526E-9	0	0	146.3048
3618	-10.5	26.5	28.504	1143.459	1.8454	1.75	20	2.904	1.5408E-9	0	0	106.27001
3619	-10.5	27.5	29.436	1142.71	1.75844	1.75	20	3.836	1.3995E-9	0	0	84.47221
3620	-10.5	28.5	30.373	1142.108	1.70256	1.75	20	4.773	1.3123E-9	1	0	70.17948
3621	-10.5	29.5	31.313	1141.795	1.69526	1.75	6.4	5.713	1.3013E-9	1	0	59.28263
3622	-9.5	-29.5	30.992	1142.261	1.40898	1.75	6.4	5.392	8.9869E-10	1	0	75.50781
3623	-9.5	-28.5	30.042	1142.594	1.4132	1.75	20	4.442	9.0395E-10	1	0	90.83292
3624	-9.5	-27.5	29.095	1143.179	1.46206	1.75	20	3.495	9.673E-10	0	0	111.5137
3625	-9.5	-26.5	28.151	1143.915	1.53706	1.75	20	2.551	1.0687E-9	0	0	145.22869
3626	-9.5	-25.5	27.212	1144.8	1.63678	1.75	20	1.612	1.2114E-9	0	0	215.79936
3627	-9.5	-24.5	26.277	1145.824	1.86872	1.75	20	1	1.5783E-9	0	0	304.75271
3628	-9.645	-23.856	25.732	1146.604	1.87233	1.75	20	1	1.5839E-9	0	0	304.23163
3629	-9.645	23.856	25.732	1146.604	1.87233	1.75	20	1	1.5839E-9	0	0	304.23163
3630	-9.5	24.5	26.277	1145.824	1.86872	1.75	20	1	1.5783E-9	0	0	304.75271
3631	-9.5	25.5	27.212	1144.8	1.63678	1.75	20	1.612	1.2114E-9	0	0	215.79936
3632	-9.5	26.5	28.151	1143.915	1.53706	1.75	20	2.551	1.0687E-9	0	0	145.22869
3633	-9.5	27.5	29.095	1143.179	1.46206	1.75	20	3.495	9.673E-10	0	0	111.5137
3634	-9.5	28.5	30.042	1142.594	1.4132	1.75	20	4.442	9.0395E-10	1	0	90.83292
3635	-9.5	29.5	30.992	1142.261	1.40898	1.75	6.4	5.392	8.9869E-10	1	0	75.50781
3636	-8.5	-29.5	30.7	1142.713	1.15178	1.75	6.4	5.1	6.0042E-10	1	0	97.5807
3637	-8.5	-28.5	29.741	1143.061	1.1535	1.75	20	4.141	6.0212E-10	0	0	119.35732
3638	-8.5	-27.5	28.784	1143.619	1.19614	1.75	20	3.184	6.473E-10	0	0	149.60474
3639	-8.5	-26.5	27.83	1144.343	1.26321	1.75	20	2.23	7.2169E-10	0	0	202.18582
3640	-8.5	-25.5	26.879	1145.234	1.37058	1.75	20	1.279	8.4926E-10	0	0	324.75047
3641	-8.534	-24.567	26.007	1146.225	1.53149	1.75	20	1	1.0599E-9	0	0	371.8997
3642	-8.534	24.567	26.007	1146.225	1.53149	1.75	20	1	1.0599E-9	0	0	371.8997
3643	-8.5	25.5	26.879	1145.234	1.37058	1.75	20	1.279	8.4926E-10	0	0	324.75047
3644	-8.5	26.5	27.83	1144.343	1.26321	1.75	20	2.23	7.2169E-10	0	0	202.18582
3645	-8.5	27.5	28.784	1143.619	1.19614	1.75	20	3.184	6.473E-10	0	0	149.60474
3646	-8.5	28.5	29.741	1143.061	1.1535	1.75	20	4.141	6.0212E-10	0	0	119.35732
3647	-8.5	29.5	30.7	1142.713	1.15178	1.75	6.4	5.1	6.0042E-10	1	0	97.5807
3648	-7.5	-29.5	30.438	1143.143	0.92509	1.75	20	4.838	3.8726E-10	1	0	127.45079
3649	-7.5	-28.5	29.47	1143.489	0.92472	1.75	20	3.87	3.8689E-10	0	0	159.26339
3650	-7.5	-27.5	28.504	1144.021	0.96084	1.75	20	2.904	4.1761E-10	0	0	204.13489
3651	-7.5	-26.5	27.541	1144.732	1.01814	1.75	20	1.941	4.6875E-10	0	0	288.19269
3652	-7.5	-25.5	26.58	1145.624	1.11785	1.75	20	1	5.6483E-10	0	0	509.42786
3653	-7.549	-24.73	25.856	1146.46	1.17778	1.75	20	1	6.2678E-10	0	0	483.62335
3654	-7.549	24.73	25.856	1146.46	1.17778	1.75	20	1	6.2678E-10	0	0	483.62335
3655	-7.5	25.5	26.58	1145.624	1.11785	1.75	20	1	5.6483E-10	0	0	509.42786
3656	-7.5	26.5	27.541	1144.732	1.01814	1.75	20	1.941	4.6875E-10	0	0	288.19269
3657	-7.5	27.5	28.504	1144.021	0.96084	1.75	20	2.904	4.1761E-10	0	0	204.13489
3658	-7.5	28.5	29.47	1143.489	0.92472	1.75	20	3.87	3.8689E-10	0	0	159.26339
3659	-7.5	29.5	30.438	1143.143	0.92509	1.75	20	4.838	3.8726E-10	1	0	127.45079
3660	-6.5	-29.5	30.208	1143.542	0.72928	1.75	20	4.608	2.4063E-10	1	0	169.75029
3661	-6.5	-28.5	29.232	1143.865	0.72737	1.75	20	3.632	2.3933E-10	0	0	215.7514
3662	-6.5	-27.5	28.258	1144.375	0.75692	1.75	20	2.658	2.5911E-10	0	0	283.16627
3663	-6.5	-26.5	27.286	1145.071	0.80199	1.75	20	1.686	2.908E-10	0	0	421.29153
3664	-6.5	-25.5	26.315	1145.95	0.88461	1.75	20	1	3.5367E-10	0	0	643.80461
3665	-6.591	-24.868	25.726	1146.622	0.92592	1.75	20	1	3.8735E-10	0	0	615.20155
3666	-6.591	24.868	25.726	1146.622	0.92592	1.75	20	1	3.8735E-10	0	0	615.20155
3667	-6.5	25.5	26.315	1145.95	0.88461	1.75	20	1	3.5367E-10	0	0	643.80461
3668	-6.5	26.5	27.286	1145.071	0.80199	1.75	20	1.686	2.908E-10	0	0	421.29153
3669	-6.5	27.5	28.258	1144.375	0.75692	1.75	20	2.658	2.5911E-10	0	0	283.16627
3670	-6.5	28.5	29.232	1143.865	0.72737	1.75	20	3.632	2.3933E-10	0	0	215.7514
3671	-6.5	29.5	30.208	1143.542	0.72928	1.75	20	4.608	2.4063E-10	1	0	169.75029
3672	-5.5	-29.5	30.008	1143.89	0.56362	1.75	20	4.408	1.437E-10	1	0	229.54984
3673	-5.5	-28.5	29.026	1144.187	0.561	1.75	20	3.426	1.4235E-10	0	0	296.53064
3674	-5.5	-27.5	28.045	1144.677	0.58542	1.75	20	2.445	1.5498E-10	0	0	398.02641
3675	-5.5	-26.5	27.065	1145.358	0.62433	1.75	20	1.465	1.7621E-10	0	0	622.7483
3676	-5.518	-25.498	26.089	1146.229	0.67819	1.75	20	1	2.0785E-10	0	0	839.82272
3677	-5.518	25.498	26.089	1146.229	0.67819	1.75	20	1	2.0785E-10	0	0	839.82272
3678	-5.5	26.5	27.065	1145.358	0.62433	1.75	20	1.465	1.7621E-10	0	0	622.7483
3679	-5.5	27.5	28.045	1144.677	0.58542	1.75	20	2.445	1.5498E-10	0	0	398.02641
3680	-5.5	28.5	29.026	1144.187	0.561	1.75	20	3.426	1.4235E-10	0	0	296.53064
3681	-5.5	29.5	30.008	1143.89	0.56362	1.75	20	4.408	1.437E-10	1	0	229.54984
3682	-4.5	-29.5	29.841	1144.177	0.42622	1.75	20	4.241	8.2167E-11	0	0	315.48332
3683	-4.5	-28.5	28.853	1144.449	0.42374	1.75	20	3.253	8.1203E-11	0	0	413.42039
3684	-4.5	-27.5	27.866	1144.922	0.4445	1.75	20	2.266	8.9337E-11	0	0	565.5803
3685	-4.5	-26.5	26.879	1145.59	0.4769	1.75	20	1.279	1.028E-10	0	0	933.41884
3686	-4.519	-25.598	25.994	1146.368	0.50127	1.75	20	1	1.1354E-10	0	0	1136.28342
3687	-4.519	25.598	25.994	1146.368	0.50127	1.75	20	1	1.1354E-10	0	0	1136.28342
3688	-4.5	26.5	26.879	1145.59	0.4769	1.75	20	1.279	1.028E-10	0	0	933.41884
3689	-4.5	27.5	27.866	1144.922	0.4445	1.75	20	2.266	8.9337E-11	0	0	565.5803
3690	-4.5	28.5	28.853	1144.449	0.42374	1.75	20	3.253	8.1203E-11	0	0	413.42039
3691	-4.5	29.5	29.841	1144.177	0.42622	1.75	20	4.241	8.2167E-11	0	0	315.48332
3692	-3.5	-29.5	29.707	1144.393	0.31428	1.75	20	4.107	4.467E-11	0	0	441.82462
3693	-3.5	-28.5	28.714	1144.646	0.3128	1.75	20	3.114	4.4246E-11	0	0	585.00817
3694	-3.5	-27.5	27.722	1145.106	0.33127	1.75	20	2.122	4.9616E-11	0	0	810.35572
3695	-3.5	-26.5	26.73	1145.764	0.35674	1.75	20	1.13	5.752E-11	0	0	1412.60457
3696	-3.518	-25.678	25.918	1146.462	0.37197	1.75	20	1	6.2519E-11	0	0	1531.29916
3697	-3.518	25.678	25.918	1146.462	0.37197	1.75	20	1	6.2519E-11	0	0	1531.29916
3698	-3.5	26.5	26.73	1145.764	0.35674	1.75	20	1.13	5.752E-11	0	0	1412.60457
3699	-3.5	27.5	27.722	1145.106	0.33127	1.75	20	2.122	4.9616E-11	0	0	810.35572
3700	-3.5	28.5	28.714	1144.646	0.3128	1.75	20	3.114	4.4246E-11	0	0	585.00817
3701	-3.5	29.5	29.707	1144.393	0.31428	1.75	20	4.107	4.467E-11	0	0	441.82462
3702	-2.5	-29.5	29.606	1144.532	0.22438	1.75	20	4.006	2.2769E-11	0	0	634.42772
3703	-2.5	-28.5	28.609	1144.773	0.22507	1.75	20	3.009	2.2907E-11	0	0	841.2773
3704	-2.5	-27.5	27.613	1145.226	0.24375	1.75	20	2.013	2.686E-11	0	0	1160.63309
3705	-2.5	-26.5	26.618	1145.881	0.26549	1.75	20	1.018	3.1857E-11	0	0	2107.87569
3706	-2.516	-25.737	25.86	1146.525	0.27761	1.75	20	1	3.4821E-11	0	0	2051.86873
3707	-2.516	25.737	25.86	1146.525	0.27761	1.75	20	1	3.4821E-11	0	0	2051.86873
3708	-2.5	26.5	26.618	1145.881	0.26549	1.75	20	1.018	3.1857E-11	0	0	2107.87569
3709	-2.5	27.5	27.613	1145.226	0.24375	1.75	20	2.013	2.686E-11	0	0	1160.63309
3710	-2.5	28.5	28.609	1144.773	0.22507	1.75	20	3.009	2.2907E-11	0	0	841.2773
3711	-2.5	29.5	29.606	1144.532	0.22438	1.75	20	4.006	2.2769E-11	0	0	634.42772
3712	-1.5	-29.5	29.538	1144.586	0.1528	1.75	20	3.938	1.0559E-11	0	0	947.59437
3713	-1.5	-28.5	28.539	1144.823	0.15717	1.75	20	2.939	1.1169E-11	0	0	1233.4107
3714	-1.5	-27.5	27.541	1145.28	0.17915	1.75	20	1.941	1.4509E-11	0	0	1638.12057
3715	-1.5	-26.5	26.542	1145.946	0.20022	1.75	20	1	1.8117E-11	0	0	2844.4947
3716	-1.511	-25.777	25.821	1146.563	0.21076	1.75	20	1	2.007E-11	0	0	2702.65858
3717	-1.511	25.777	25.821	1146.563	0.21076	1.75	20	1	2.007E-11	0	0	2702.65858
3718	-1.5	26.5	26.542	1145.946	0.20022	1.75	20	1	1.8117E-11	0	0	2844.4947
3719	-1.5	27.5	27.541	1145.28	0.17915	1.75	20	1.941	1.4509E-11	0	0	1638.12057
3720	-1.5	28.5	28.539	1144.823	0.15717	1.75	20	2.939	1.1169E-11	0	0	1233.4107
3721	-1.5	29.5	29.538	1144.586	0.1528	1.75	20	3.938	1.0559E-11	0	0	947.59437
3722	-0.5	-29.5	29.504	1144.547	0.09626	1.75	20	3.904	4.1908E-12	0	0	1517.09649
3723	-0.5	-28.5	28.504	1144.788	0.10661	1.75	20	2.904	5.1394E-12	0	0	1840.20169
3724	-0.5	-27.5	27.505	1145.262	0.13531	1.75	20	1.905	8.2772E-12	0	0	2210.17419
3725	-0.5	-26.5	26.505	1145.959	0.15776	1.75	20	1	1.1249E-11	0	0	3609.92718
3726	-0.504	-25.797	25.802	1146.578	0.166	1.75	20	1	1.2451E-11	0	0	3431.39068
3727	-0.504	25.797	25.802	1146.578	0.166	1.75	20	1	1.2451E-11	0	0	3431.39068
3728	-0.5	26.5	26.505	1145.959	0.15776	1.75	20	1	1.1249E-11	0	0	3609.92718
3729	-0.5	27.5	27.505	1145.262	0.13531	1.75	20	1.905	8.2772E-12	0	0	2210.17419
3730	-0.5	28.5	28.504	1144.788	0.10661	1.75	20	2.904	5.1394E-12	0	0	1840.20169
3731	-0.5	29.5	29.504	1144.547	0.09626	1.75	20	3.904	4.1908E-12	0	0	1517.09649
3732	0.499	-29.497	29.501	1144.283	0.13095	0.64	20	3.901	2.8364E-12	0	0	1119.21478
3733	0.5	-28.5	28.504	1144.538	0.12758	0.64	20	2.904	2.6919E-12	0	0	1540.13718
3734	0.5	-27.5	27.505	1145.068	0.13202	0.64	20	1.905	2.8821E-12	0	0	2266.64916
3735	0.5	-26.5	26.505	1145.898	0.1422	0.6468	20	1	3.3777E-12	0	0	4005.7724
3736	0.504	-25.797	25.802	1146.593	0.09465	1.0559	20	1	2.4421E-12	0	0	6018.75093
3737	0.504	25.797	25.802	1146.593	0.09465	1.0559	20	1	2.4421E-12	0	0	6018.75093
3738	0.5	26.5	26.505	1145.898	0.1422	0.6468	20	1	3.3777E-12	0	0	4005.7724
3739	0.5	27.5	27.505	1145.068	0.13202	0.64	20	1.905	2.8821E-12	0	0	2266.64916
3740	0.5	28.5	28.504	1144.538	0.12758	0.64	20	2.904	2.6919E-12	0	0	1540.13718
3741	0.499	29.497	29.501	1144.283	0.13095	0.64	20	3.901	2.8364E-12	0	0	1119.21478
3742	1.496	-29.481	29.519	1144.005	0.09298	0.64	20	3.919	1.4302E-12	0	0	1569.3304
3743	1.5	-28.5	28.539	1144.269	0.0898	0.64	20	2.939	1.3339E-12	0	0	2161.90862
3744	1.5	-27.5	27.541	1144.852	0.09162	0.64	20	1.941	1.388E-12	0	0	3205.16037
3745	1.5	-26.5	26.542	1145.779	0.09377	0.644	20	1	1.4626E-12	0	0	6074.24117
3746	1.511	-25.777	25.821	1146.557	0.06174	1.0262	20	1	1.0098E-12	0	0	9227.28032
3747	1.511	25.777	25.821	1146.557	0.06174	1.0262	20	1	1.0098E-12	0	0	9227.28032
3748	1.5	26.5	26.542	1145.779	0.09377	0.644	20	1	1.4626E-12	0	0	6074.24117
3749	1.5	27.5	27.541	1144.852	0.09162	0.64	20	1.941	1.388E-12	0	0	3205.16037
3750	1.5	28.5	28.539	1144.269	0.0898	0.64	20	2.939	1.3339E-12	0	0	2161.90862
3751	1.496	29.481	29.519	1144.005	0.09298	0.64	20	3.919	1.4302E-12	0	0	1569.3304
3752	2.492	-29.447	29.553	1143.805	0.06586	0.64	20	3.953	7.1764E-13	0	0	2196.41078
3753	2.5	-28.5	28.609	1144.059	0.06278	0.64	20	3.009	6.5194E-13	0	0	3020.79745
3754	2.5	-27.5	27.613	1144.662	0.06294	0.64	20	2.013	6.5524E-13	0	0	4497.18654
3755	2.5	-26.5	26.618	1145.629	0.06284	0.641	20	1.018	6.5392E-13	0	0	8905.98301
3756	2.516	-25.737	25.86	1146.495	0.04258	0.9752	20	1	4.5656E-13	0	0	13377.43462
3757	2.516	25.737	25.86	1146.495	0.04258	0.9752	20	1	4.5656E-13	0	0	13377.43462
3758	2.5	26.5	26.618	1145.629	0.06284	0.641	20	1.018	6.5392E-13	0	0	8905.98301
3759	2.5	27.5	27.613	1144.662	0.06294	0.64	20	2.013	6.5524E-13	0	0	4497.18654
3760	2.5	28.5	28.609	1144.059	0.06278	0.64	20	3.009	6.5194E-13	0	0	3020.79745
3761	2.492	29.447	29.553	1143.805	0.06586	0.64	20	3.953	7.1764E-13	0	0	2196.41078
3762	3.488	-29.398	29.604	1143.661	0.04654	0.64	20	4.004	3.5839E-13	0	0	3068.77354
3763	3.5	-28.5	28.714	1143.884	0.0438	0.64	20	3.114	3.1731E-13	0	0	4185.19964
3764	3.5	-27.5	27.722	1144.48	0.04324	0.64	20	2.122	3.0924E-13	0	0	6212.4705
3765	3.5	-26.5	26.73	1145.447	0.04237	0.64	20	1.13	2.9678E-13	0	0	11895.65096
3766	3.518	-25.678	25.918	1146.404	0.03007	0.9164	20	1	2.1398E-13	0	0	18942.17549
3767	3.518	25.678	25.918	1146.404	0.03007	0.9164	20	1	2.1398E-13	0	0	18942.17549
3768	3.5	26.5	26.73	1145.447	0.04237	0.64	20	1.13	2.9678E-13	0	0	11895.65096
3769	3.5	27.5	27.722	1144.48	0.04324	0.64	20	2.122	3.0924E-13	0	0	6212.4705
3770	3.5	28.5	28.714	1143.884	0.0438	0.64	20	3.114	3.1731E-13	0	0	4185.19964
3771	3.488	29.398	29.604	1143.661	0.04654	0.64	20	4.004	3.5839E-13	0	0	3068.77354
3772	4.481	-29.331	29.671	1143.558	0.0329	0.64	20	4.071	1.7913E-13	0	0	4269.37855
3773	4.5	-28.5	28.853	1143.734	0.03055	0.64	20	3.253	1.544E-13	0	0	5744.88555
3774	4.5	-27.5	27.866	1144.298	0.02977	0.64	20	2.266	1.4656E-13	0	0	8452.37493
3775	4.5	-26.5	26.879	1145.234	0.02869	0.64	20	1.279	1.3613E-13	0	0	15516.88064
3776	4.519	-25.598	25.994	1146.282	0.02135	0.8631	20	1	1.0155E-13	0	0	26685.60797
3777	4.519	25.598	25.994	1146.282	0.02135	0.8631	20	1	1.0155E-13	0	0	26685.60797
3778	4.5	26.5	26.879	1145.234	0.02869	0.64	20	1.279	1.3613E-13	0	0	15516.88064
3779	4.5	27.5	27.866	1144.298	0.02977	0.64	20	2.266	1.4656E-13	0	0	8452.37493
3780	4.5	28.5	28.853	1143.734	0.03055	0.64	20	3.253	1.544E-13	0	0	5744.88555
3781	4.481	29.331	29.671	1143.558	0.0329	0.64	20	4.071	1.7913E-13	0	0	4269.37855
3782	5.468	-29.248	29.755	1143.485	0.02347	0.64	20	4.155	9.1157E-14	0	0	5865.75002
3783	5.5	-28.5	29.026	1143.604	0.02129	0.64	20	3.426	7.5019E-14	0	0	7828.80597
3784	5.5	-27.5	28.045	1144.115	0.02054	0.64	20	2.445	6.9792E-14	0	0	11355.3201
3785	5.5	-26.5	27.065	1144.996	0.01951	0.64	20	1.465	6.292E-14	0	0	19937.85676
3786	5.518	-25.498	26.089	1146.134	0.01512	0.8201	20	1	4.8384E-14	0	0	37684.50355
3787	5.518	25.498	26.089	1146.134	0.01512	0.8201	20	1	4.8384E-14	0	0	37684.50355
3788	5.5	26.5	27.065	1144.996	0.01951	0.64	20	1.465	6.292E-14	0	0	19937.85676
3789	5.5	27.5	28.045	1144.115	0.02054	0.64	20	2.445	6.9792E-14	0	0	11355.3201
3790	5.5	28.5	29.026	1143.604	0.02129	0.64	20	3.426	7.5019E-14	0	0	7828.80597
3791	5.468	29.248	29.755	1143.485	0.02347	0.64	20	4.155	9.1157E-14	0	0	5865.75002
3792	6.435	-29.15	29.852	1143.434	0.01763	0.64	20	4.252	5.1414E-14	0	0	7633.74598
3793	6.5	-28.5	29.232	1143.494	0.01469	0.64	20	3.632	3.571E-14	0	0	10708.23113
3794	6.5	-27.5	28.258	1143.932	0.0142	0.64	20	2.658	3.3356E-14	0	0	15112.88346
3795	6.5	-26.5	27.286	1144.735	0.01331	0.64	20	1.686	2.9299E-14	0	0	25395.15473
3796	6.5	-25.5	26.315	1145.885	0.01226	0.6835	20	1	2.6531E-14	0	0	46461.04675
3797	6.591	-24.868	25.726	1146.645	0.00729	1.2143	20	1	1.6653E-14	0	0	78159.42863
3798	6.591	24.868	25.726	1146.645	0.00729	1.2143	20	1	1.6653E-14	0	0	78159.42863
3799	6.5	25.5	26.315	1145.885	0.01226	0.6835	20	1	2.6531E-14	0	0	46461.04675
3800	6.5	26.5	27.286	1144.735	0.01331	0.64	20	1.686	2.9299E-14	0	0	25395.15473
3801	6.5	27.5	28.258	1143.932	0.0142	0.64	20	2.658	3.3356E-14	0	0	15112.88346
3802	6.5	28.5	29.232	1143.494	0.01469	0.64	20	3.632	3.571E-14	0	0	10708.23113
3803	6.435	29.15	29.852	1143.434	0.01763	0.64	20	4.252	5.1414E-14	0	0	7633.74598
3804	7.229	-29.058	29.943	1143.398	0.00565	0.64	20	4.343	5.2798E-15	0	0	23325.42218
3805	7.495	-28.493	29.463	1143.412	0.00997	0.64	20	3.863	1.645E-14	0	0	14842.07671
3806	7.5	-27.5	28.504	1143.755	0.00988	0.64	20	2.904	1.614E-14	0	0	19889.1465
3807	7.5	-26.5	27.541	1144.462	0.00919	0.64	20	1.941	1.3963E-14	0	0	31955.26712
3808	7.5	-25.5	26.58	1145.539	0.00867	0.643	20	1	1.2488E-14	0	0	65684.93744
3809	7.549	-24.73	25.856	1146.479	0.00557	0.9843	20	1	7.8875E-15	0	0	102251.49979
3810	7.549	24.73	25.856	1146.479	0.00557	0.9843	20	1	7.8875E-15	0	0	102251.49979
3811	7.5	25.5	26.58	1145.539	0.00867	0.643	20	1	1.2488E-14	0	0	65684.93744
3812	7.5	26.5	27.541	1144.462	0.00919	0.64	20	1.941	1.3963E-14	0	0	31955.26712
3813	7.5	27.5	28.504	1143.755	0.00988	0.64	20	2.904	1.614E-14	0	0	19889.1465
3814	7.495	28.493	29.463	1143.412	0.00997	0.64	20	3.863	1.645E-14	0	0	14842.07671
3815	7.229	29.058	29.943	1143.398	0.00565	0.64	20	4.343	5.2798E-15	0	0	23325.42218
3816	8.468	-28.389	29.625	1143.36	0.0081	0.64	20	4.025	1.086E-14	0	0	17535.27765
3817	8.5	-27.5	28.784	1143.588	0.00692	0.64	20	3.184	7.9138E-15	0	0	25924.99703
3818	8.5	-26.5	27.83	1144.189	0.00641	0.64	20	2.23	6.786E-15	0	0	39911.64051
3819	8.5	-25.5	26.879	1145.15	0.00591	0.64	20	1.279	5.7669E-15	0	0	75388.23788
3820	8.534	-24.567	26.007	1146.239	0.00427	0.858	20	1	4.0469E-15	0	0	133285.20914
3821	8.534	24.567	26.007	1146.239	0.00427	0.858	20	1	4.0469E-15	0	0	133285.20914
3822	8.5	25.5	26.879	1145.15	0.00591	0.64	20	1.279	5.7669E-15	0	0	75388.23788
3823	8.5	26.5	27.83	1144.189	0.00641	0.64	20	2.23	6.786E-15	0	0	39911.64051
3824	8.5	27.5	28.784	1143.588	0.00692	0.64	20	3.184	7.9138E-15	0	0	25924.99703
3825	8.468	28.389	29.625	1143.36	0.0081	0.64	20	4.025	1.086E-14	0	0	17535.27765
3826	9.439	-28.237	29.773	1143.332	0.00594	0.64	20	4.173	5.8392E-15	0	0	23074.59206
3827	9.5	-27.5	29.095	1143.447	0.00485	0.64	20	3.495	3.8851E-15	0	0	33728.64438
3828	9.5	-26.5	28.151	1143.929	0.00447	0.64	20	2.551	3.3061E-15	0	0	49996.8208
3829	9.5	-25.5	27.212	1144.756	0.00402	0.64	20	1.612	2.6708E-15	0	0	87935.26095
3830	9.5	-24.5	26.277	1145.883	0.00357	0.6982	20	1	2.2972E-15	0	0	159582.84787
3831	9.645	-23.856	25.732	1146.645	0.00204	1.2096	20	1	1.3012E-15	0	0	279072.02723
3832	9.645	23.856	25.732	1146.645	0.00204	1.2096	20	1	1.3012E-15	0	0	279072.02723
3833	9.5	24.5	26.277	1145.883	0.00357	0.6982	20	1	2.2972E-15	0	0	159582.84787
3834	9.5	25.5	27.212	1144.756	0.00402	0.64	20	1.612	2.6708E-15	0	0	87935.26095
3835	9.5	26.5	28.151	1143.929	0.00447	0.64	20	2.551	3.3061E-15	0	0	49996.8208
3836	9.5	27.5	29.095	1143.447	0.00485	0.64	20	3.495	3.8851E-15	0	0	33728.64438
3837	9.439	28.237	29.773	1143.332	0.00594	0.64	20	4.173	5.8392E-15	0	0	23074.59206
3838	10.259	-28.095	29.91	1143.318	0.00498	0.64	20	4.31	4.1024E-15	0	0	26666.48172
3839	10.496	-27.495	29.43	1143.349	0.00335	0.64	20	3.83	1.8552E-15	0	0	44565.86004
3840	10.5	-26.5	28.504	1143.697	0.00314	0.64	20	2.904	1.6337E-15	0	0	62515.26345
3841	10.5	-25.5	27.577	1144.385	0.00281	0.64	20	1.977	1.3104E-15	0	0	102400.15838
3842	10.5	-24.5	26.655	1145.413	0.00258	0.6412	20	1.055	1.1056E-15	0	0	208918.908
3843	10.557	-23.66	25.908	1146.41	0.00167	0.9323	20	1	6.73E-16	0	0	340693.66604
3844	10.557	23.66	25.908	1146.41	0.00167	0.9323	20	1	6.73E-16	0	0	340693.66604
3845	10.5	24.5	26.655	1145.413	0.00258	0.6412	20	1.055	1.1056E-15	0	0	208918.908
3846	10.5	25.5	27.577	1144.385	0.00281	0.64	20	1.977	1.3104E-15	0	0	102400.15838
3847	10.5	26.5	28.504	1143.697	0.00314	0.64	20	2.904	1.6337E-15	0	0	62515.26345
3848	10.496	27.495	29.43	1143.349	0.00335	0.64	20	3.83	1.8552E-15	0	0	44565.86004
3849	10.259	28.095	29.91	1143.318	0.00498	0.64	20	4.31	4.1024E-15	0	0	26666.48172
3850	11.451	-27.363	29.663	1143.303	0.00273	0.64	20	4.063	1.2362E-15	0	0	51497.74128
3851	11.5	-26.5	28.888	1143.499	0.00223	0.64	20	3.288	8.2078E-16	0	0	77968.26233
3852	11.5	-25.5	27.973	1144.044	0.002	0.64	20	2.373	6.5951E-16	0	0	120314.1466
3853	11.5	-24.5	27.065	1144.919	0.00178	0.64	20	1.465	5.2126E-16	0	0	219048.47712
3854	11.537	-23.425	26.112	1146.094	0.00126	0.8138	20	1	3.3324E-16	0	0	452353.48713
3855	11.537	23.425	26.112	1146.094	0.00126	0.8138	20	1	3.3324E-16	0	0	452353.48713
3856	11.5	24.5	27.065	1144.919	0.00178	0.64	20	1.465	5.2126E-16	0	0	219048.47712
3857	11.5	25.5	27.973	1144.044	0.002	0.64	20	2.373	6.5951E-16	0	0	120314.1466
3858	11.5	26.5	28.888	1143.499	0.00223	0.64	20	3.288	8.2078E-16	0	0	77968.26233
3859	11.451	27.363	29.663	1143.303	0.00273	0.64	20	4.063	1.2362E-15	0	0	51497.74128
3860	12.358	-27.167	29.846	1143.289	0.00213	0.64	20	4.246	7.4793E-16	0	0	63375.98618
3861	12.5	-26.5	29.3	1143.353	0.00157	0.64	20	3.7	4.0878E-16	0	0	98250.10522
3862	12.5	-25.5	28.399	1143.743	0.00142	0.64	20	2.799	3.3189E-16	0	0	143896.16407
3863	12.5	-24.5	27.505	1144.45	0.00124	0.64	20	1.905	2.5403E-16	0	0	241420.91287
3864	12.5	-23.5	26.618	1145.474	0.00108	0.6425	20	1.018	1.9381E-16	0	0	517915.47759
3865	12.57	-22.649	25.904	1146.39	0.00071	0.9401	20	1	1.2269E-16	0	0	801261.50342
3866	12.57	22.649	25.904	1146.39	0.00071	0.9401	20	1	1.2269E-16	0	0	801261.50342
3867	12.5	23.5	26.618	1145.474	0.00108	0.6425	20	1.018	1.9381E-16	0	0	517915.47759
3868	12.5	24.5	27.505	1144.45	0.00124	0.64	20	1.905	2.5403E-16	0	0	241420.91287
3869	12.5	25.5	28.399	1143.743	0.00142	0.64	20	2.799	3.3189E-16	0	0	143896.16407
3870	12.5	26.5	29.3	1143.353	0.00157	0.64	20	3.7	4.0878E-16	0	0	98250.10522
3871	12.358	27.167	29.846	1143.289	0.00213	0.64	20	4.246	7.4793E-16	0	0	63375.98618
3872	13.026	-27.012	29.989	1143.283	0.00119	0.64	20	4.389	2.3588E-16	0	0	109226.10338
3873	13.448	-26.407	29.634	1143.285	0.00124	0.64	20	4.034	2.54E-16	0	0	114423.40162
3874	13.5	-25.5	28.853	1143.498	0.00101	0.64	20	3.253	1.6744E-16	0	0	174449.7535
3875	13.5	-24.5	27.973	1144.032	0.00088	0.64	20	2.373	1.2829E-16	0	0	272795.99273
3876	13.5	-23.5	27.102	1144.871	0.00076	0.64	20	1.502	9.5436E-17	0	0	499359.84467
3877	13.541	-22.361	26.142	1146.045	0.00052	0.805	20	1	5.6509E-17	0	0	1092529.32311
3878	13.541	22.361	26.142	1146.045	0.00052	0.805	20	1	5.6509E-17	0	0	1092529.32311
3879	13.5	23.5	27.102	1144.871	0.00076	0.64	20	1.502	9.5436E-17	0	0	499359.84467
3880	13.5	24.5	27.973	1144.032	0.00088	0.64	20	2.373	1.2829E-16	0	0	272795.99273
3881	13.5	25.5	28.853	1143.498	0.00101	0.64	20	3.253	1.6744E-16	0	0	174449.7535
3882	13.448	26.407	29.634	1143.285	0.00124	0.64	20	4.034	2.54E-16	0	0	114423.40162
3883	13.026	27.012	29.989	1143.283	0.00119	0.64	20	4.389	2.3588E-16	0	0	109226.10338
3884	14.325	-26.179	29.842	1143.263	0.00099	0.64	20	4.242	1.6065E-16	0	0	136888.61218
3885	14.5	-25.5	29.334	1143.323	0.00072	0.64	20	3.734	8.6123E-17	0	0	212123.58619
3886	14.5	-24.5	28.469	1143.682	0.00063	0.64	20	2.869	6.6094E-17	0	0	314585.12443
3887	14.5	-23.5	27.613	1144.33	0.00054	0.64	20	2.013	4.8533E-17	0	0	522535.04896
3888	14.5	-22.5	26.768	1145.273	0.00045	0.6402	20	1.168	3.4091E-17	0	0	1074535.07449
3889	14.563	-21.526	25.989	1146.217	0.00031	0.8749	20	1	2.1881E-17	0	0	1830293.01618
3890	14.563	21.526	25.989	1146.217	0.00031	0.8749	20	1	2.1881E-17	0	0	1830293.01618
3891	14.5	22.5	26.768	1145.273	0.00045	0.6402	20	1.168	3.4091E-17	0	0	1074535.07449
3892	14.5	23.5	27.613	1144.33	0.00054	0.64	20	2.013	4.8533E-17	0	0	522535.04896
3893	14.5	24.5	28.469	1143.682	0.00063	0.64	20	2.869	6.6094E-17	0	0	314585.12443
3894	14.5	25.5	29.334	1143.323	0.00072	0.64	20	3.734	8.6123E-17	0	0	212123.58619
3895	14.325	26.179	29.842	1143.263	0.00099	0.64	20	4.242	1.6065E-16	0	0	136888.61218
3896	15.426	-25.364	29.687	1143.249	0.00058	0.64	20	4.087	5.5478E-17	0	0	241687.08587
3897	15.5	-24.5	28.991	1143.413	0.00045	0.64	20	3.391	3.4133E-17	0	0	370725.04423
3898	15.5	-23.5	28.151	1143.866	0.00039	0.64	20	2.551	2.4621E-17	0	0	579352.34809
3899	15.5	-22.5	27.322	1144.583	0.00032	0.64	20	1.722	1.6985E-17	0	0	1032327.71114
3900	15.5	-21.5	26.505	1145.535	0.00027	0.6501	20	1	1.2416E-17	0	0	2094697.82378
3901	15.601	-20.647	25.878	1146.412	0.00018	0.974	20	1	7.7894E-18	0	0	3236839.96488
3902	15.601	20.647	25.878	1146.412	0.00018	0.974	20	1	7.7894E-18	0	0	3236839.96488
3903	15.5	21.5	26.505	1145.535	0.00027	0.6501	20	1	1.2416E-17	0	0	2094697.82378
3904	15.5	22.5	27.322	1144.583	0.00032	0.64	20	1.722	1.6985E-17	0	0	1032327.71114
3905	15.5	23.5	28.151	1143.866	0.00039	0.64	20	2.551	2.4621E-17	0	0	579352.34809
3906	15.5	24.5	28.991	1143.413	0.00045	0.64	20	3.391	3.4133E-17	0	0	370725.04423
3907	15.426	25.364	29.687	1143.249	0.00058	0.64	20	4.087	5.5478E-17	0	0	241687.08587
3908	16.195	-25.126	29.893	1143.221	0.00039	0.64	20	4.293	2.5259E-17	0	0	341121.0631
3909	16.478	-24.475	29.505	1143.255	0.00033	0.64	20	3.905	1.8555E-17	0	0	437198.48654
3910	16.5	-23.5	28.714	1143.509	0.00028	0.64	20	3.114	1.2902E-17	0	0	656331.18857
3911	16.5	-22.5	27.902	1144.023	0.00023	0.64	20	2.302	8.9768E-18	0	0	1063227.08212
3912	16.5	-21.5	27.102	1144.781	0.00019	0.64	20	1.502	6.1542E-18	0	0	1966452.53446
3913	16.5	-20.5	26.315	1145.752	0.00016	0.6869	20	1	4.697E-18	0	0	3500682.92784
3914	16.663	-19.716	25.814	1146.557	0.00009	1.0632	20	1	2.0795E-18	0	0	6545027.38052
3915	16.663	19.716	25.814	1146.557	0.00009	1.0632	20	1	2.0795E-18	0	0	6545027.38052
3916	16.5	20.5	26.315	1145.752	0.00016	0.6869	20	1	4.697E-18	0	0	3500682.92784
3917	16.5	21.5	27.102	1144.781	0.00019	0.64	20	1.502	6.1542E-18	0	0	1966452.53446
3918	16.5	22.5	27.902	1144.023	0.00023	0.64	20	2.302	8.9768E-18	0	0	1063227.08212
3919	16.5	23.5	28.714	1143.509	0.00028	0.64	20	3.114	1.2902E-17	0	0	656331.18857
3920	16.478	24.475	29.505	1143.255	0.00033	0.64	20	3.905	1.8555E-17	0	0	437198.48654
3921	16.195	25.126	29.893	1143.221	0.00039	0.64	20	4.293	2.5259E-17	0	0	341121.0631
3922	17.336	-24.241	29.802	1143.2	0.00027	0.64	20	4.202	1.2263E-17	0	0	500084.2596
3923	17.5	-23.5	29.3	1143.269	0.00021	0.64	20	3.7	7.185E-18	0	0	741074.60779
3924	17.5	-22.5	28.504	1143.591	0.00017	0.64	20	2.904	4.919E-18	0	0	1139270.49397
3925	17.5	-21.5	27.722	1144.146	0.00014	0.64	20	2.122	3.3224E-18	0	0	1895299.13146
3926	17.5	-20.5	26.954	1144.936	0.00012	0.64	20	1.354	2.3103E-18	0	0	3559966.28414
3927	17.559	-19.312	26.102	1146.039	0.00008	0.8217	20	1	1.2321E-18	0	0	7475170.16023
3928	17.559	19.312	26.102	1146.039	0.00008	0.8217	20	1	1.2321E-18	0	0	7475170.16023
3929	17.5	20.5	26.954	1144.936	0.00012	0.64	20	1.354	2.3103E-18	0	0	3559966.28414
3930	17.5	21.5	27.722	1144.146	0.00014	0.64	20	2.122	3.3224E-18	0	0	1895299.13146
3931	17.5	22.5	28.504	1143.591	0.00017	0.64	20	2.904	4.919E-18	0	0	1139270.49397
3932	17.5	23.5	29.3	1143.269	0.00021	0.64	20	3.7	7.185E-18	0	0	741074.60779
3933	17.336	24.241	29.802	1143.2	0.00027	0.64	20	4.202	1.2263E-17	0	0	500084.2596
3934	18.394	-23.349	29.723	1143.179	0.00016	0.64	20	4.123	4.3823E-18	0	0	852335.59117
3935	18.5	-22.5	29.129	1143.295	0.00013	0.64	20	3.529	2.728E-18	0	0	1260540.88667
3936	18.5	-21.5	28.364	1143.649	0.00011	0.64	20	2.764	1.8273E-18	0	0	1963872.95276
3937	18.5	-20.5	27.613	1144.212	0.00009	0.64	20	2.013	1.2212E-18	0	0	3294089.12778
3938	18.5	-19.5	26.879	1144.961	0.00007	0.64	20	1.279	7.0225E-19	0	0	6831670.32332
3939	18.509	-18.509	26.176	1145.51	0.00004	0.7424	20	1	3.5537E-19	0	0	13230334.74414
3940	18.509	18.509	26.176	1145.51	0.00004	0.7424	20	1	3.5537E-19	0	0	13230334.74414
3941	18.5	19.5	26.879	1144.961	0.00007	0.64	20	1.279	7.0225E-19	0	0	6831670.32332
3942	18.5	20.5	27.613	1144.212	0.00009	0.64	20	2.013	1.2212E-18	0	0	3294089.12778
3943	18.5	21.5	28.364	1143.649	0.00011	0.64	20	2.764	1.8273E-18	0	0	1963872.95276
3944	18.5	22.5	29.129	1143.295	0.00013	0.64	20	3.529	2.728E-18	0	0	1260540.88667
3945	18.394	23.349	29.723	1143.179	0.00016	0.64	20	4.123	4.3823E-18	0	0	852335.59117
3946	19.087	-23.072	29.944	1143.155	0.00012	0.64	20	4.344	2.4883E-18	0	0	1074262.06427
3947	19.422	-22.412	29.657	1143.165	0.0001	0.64	20	4.057	1.5879E-18	0	0	1438968.31889
3948	19.5	-21.5	29.026	1143.312	0.00008	0.64	20	3.426	1.0305E-18	0	0	2112248.54128
3949	19.5	-20.5	28.293	1143.673	0.00006	0.64	20	2.693	6.6924E-19	0	0	3329811.32233
3950	19.5	-19.5	27.577	1144.224	0.00005	0.64	20	1.977	4.1864E-19	0	0	5728971.69185
3951	19.5	-18.5	26.879	1144.961	0.00004	0.64	20	1.279	2.8945E-19	0	0	10641151.09823
3952	19.312	-17.559	26.102	1146.039	0.00003	0.8217	20	1	2.296E-19	0	0	17316704.2274
3953	19.716	-16.663	25.814	1146.557	0.00002	1.0632	20	1	7.9162E-20	0	0	33545463.33498
3954	19.716	16.663	25.814	1146.557	0.00002	1.0632	20	1	7.9162E-20	0	0	33545463.33498
3955	19.312	17.559	26.102	1146.039	0.00003	0.8217	20	1	2.296E-19	0	0	17316704.2274
3956	19.5	18.5	26.879	1144.961	0.00004	0.64	20	1.279	2.8945E-19	0	0	10641151.09823
3957	19.5	19.5	27.577	1144.224	0.00005	0.64	20	1.977	4.1864E-19	0	0	5728971.69185
3958	19.5	20.5	28.293	1143.673	0.00006	0.64	20	2.693	6.6924E-19	0	0	3329811.32233
3959	19.5	21.5	29.026	1143.312	0.00008	0.64	20	3.426	1.0305E-18	0	0	2112248.54128
3960	19.422	22.412	29.657	1143.165	0.0001	0.64	20	4.057	1.5879E-18	0	0	1438968.31889
3961	19.087	23.072	29.944	1143.155	0.00012	0.64	20	4.344	2.4883E-18	0	0	1074262.06427
3962	20.132	-22.121	29.91	1143.134	0.00008	0.64	20	4.31	9.7304E-19	0	0	1731177.25648
3963	20.438	-21.436	29.617	1143.157	0.00006	0.64	20	4.017	6.0573E-19	0	0	2352522.68399
3964	20.5	-20.5	28.991	1143.317	0.00005	0.64	20	3.391	3.9E-19	0	0	3468177.60538
3965	20.5	-19.5	28.293	1143.673	0.00004	0.64	20	2.693	2.4675E-19	0	0	5483821.24026
3966	20.5	-18.5	27.613	1144.212	0.00003	0.64	20	2.013	1.5949E-19	0	0	9115002.0832
3967	20.5	-17.5	26.954	1144.936	0.00003	0.64	20	1.354	1.0501E-19	0	0	16697732.19258
3968	20.5	-16.5	26.315	1145.752	0.00002	0.6869	20	1	7.0093E-20	0	0	28656526.2663
3969	20.647	-15.601	25.878	1146.412	0.00001	0.974	20	1	3.2622E-20	0	0	50017222.9113
3970	20.647	15.601	25.878	1146.412	0.00001	0.974	20	1	3.2622E-20	0	0	50017222.9113
3971	20.5	16.5	26.315	1145.752	0.00002	0.6869	20	1	7.0093E-20	0	0	28656526.2663
3972	20.5	17.5	26.954	1144.936	0.00003	0.64	20	1.354	1.0501E-19	0	0	16697732.19258
3973	20.5	18.5	27.613	1144.212	0.00003	0.64	20	2.013	1.5949E-19	0	0	9115002.0832
3974	20.5	19.5	28.293	1143.673	0.00004	0.64	20	2.693	2.4675E-19	0	0	5483821.24026
3975	20.5	20.5	28.991	1143.317	0.00005	0.64	20	3.391	3.9E-19	0	0	3468177.60538
3976	20.438	21.436	29.617	1143.157	0.00006	0.64	20	4.017	6.0573E-19	0	0	2352522.68399
3977	20.132	22.121	29.91	1143.134	0.00008	0.64	20	4.31	9.7304E-19	0	0	1731177.25648
3978	21.142	-21.142	29.899	1143.126	0.00005	0.64	20	4.299	3.7669E-19	0	0	2789591.41927
3979	21.436	-20.438	29.617	1143.156	0.00004	0.64	20	4.017	2.3475E-19	0	0	3778907.57967
3980	21.5	-19.5	29.026	1143.312	0.00003	0.64	20	3.426	1.5038E-19	0	0	5529423.10422
3981	21.5	-18.5	28.364	1143.648	0.00002	0.64	20	2.764	9.4773E-20	0	0	8623415.41549
3982	21.5	-17.5	27.722	1144.146	0.00002	0.64	20	2.122	5.9838E-20	0	0	14122665.30306
3983	21.5	-16.5	27.102	1144.781	0.00001	0.64	20	1.502	3.6444E-20	0	0	25553752.46171
3984	21.5	-15.5	26.505	1145.534	0.00001	0.6501	20	1	2.2618E-20	0	0	49076949.00978
3985	21.526	-14.563	25.989	1146.216	0.00001	0.8749	20	1	1.1411E-20	0	0	80149690.61795
3986	21.526	14.563	25.989	1146.216	0.00001	0.8749	20	1	1.1411E-20	0	0	80149690.61795
3987	21.5	15.5	26.505	1145.534	0.00001	0.6501	20	1	2.2618E-20	0	0	49076949.00978
3988	21.5	16.5	27.102	1144.781	0.00001	0.64	20	1.502	3.6444E-20	0	0	25553752.46171
3989	21.5	17.5	27.722	1144.146	0.00002	0.64	20	2.122	5.9838E-20	0	0	14122665.30306
3990	21.5	18.5	28.364	1143.648	0.00002	0.64	20	2.764	9.4773E-20	0	0	8623415.41549
3991	21.5	19.5	29.026	1143.312	0.00003	0.64	20	3.426	1.5038E-19	0	0	5529423.10422
3992	21.436	20.438	29.617	1143.156	0.00004	0.64	20	4.017	2.3475E-19	0	0	3778907.57967
3993	21.142	21.142	29.899	1143.126	0.00005	0.64	20	4.299	3.7669E-19	0	0	2789591.41927
3994	22.121	-20.132	29.91	1143.133	0.00003	0.64	20	4.31	1.4545E-19	0	0	4477608.76834
3995	22.412	-19.422	29.657	1143.164	0.00002	0.64	20	4.057	9.2084E-20	0	0	5975380.03778
3996	22.5	-18.5	29.129	1143.295	0.00002	0.64	20	3.529	5.913E-20	0	0	8562029.99951
3997	22.5	-17.5	28.504	1143.59	0.00001	0.64	20	2.904	3.5914E-20	0	0	13333070.74798
3998	22.5	-16.5	27.902	1144.022	0.00001	0.64	20	2.302	2.2016E-20	0	0	21469049.68797
3999	22.5	-15.5	27.322	1144.582	0.00001	0.64	20	1.722	1.3208E-20	0	0	37019403.1971
4000	22.5	-14.5	26.768	1145.272	0.00001	0.6402	20	1.168	7.7395E-21	0	0	71315511.53895
4001	22.361	-13.541	26.142	1146.045	0	0.805	20	1	3.8151E-21	0	0	132965048.44197
4002	22.649	-12.57	25.904	1146.39	0	0.9401	20	1	1.8317E-21	0	0	207376231.36499
4003	22.649	12.57	25.904	1146.39	0	0.9401	20	1	1.8317E-21	0	0	207376231.365
4004	22.361	13.541	26.142	1146.045	0	0.805	20	1	3.8151E-21	0	0	132965048.44197
4005	22.5	14.5	26.768	1145.272	0.00001	0.6402	20	1.168	7.7395E-21	0	0	71315511.53896
4006	22.5	15.5	27.322	1144.582	0.00001	0.64	20	1.722	1.3208E-20	0	0	37019403.1971
4007	22.5	16.5	27.902	1144.022	0.00001	0.64	20	2.302	2.2016E-20	0	0	21469049.68797
4008	22.5	17.5	28.504	1143.59	0.00001	0.64	20	2.904	3.5914E-20	0	0	13333070.74798
4009	22.5	18.5	29.129	1143.295	0.00002	0.64	20	3.529	5.913E-20	0	0	8562029.99951
4010	22.412	19.422	29.657	1143.164	0.00002	0.64	20	4.057	9.2084E-20	0	0	5975380.03778
4011	22.121	20.132	29.91	1143.133	0.00003	0.64	20	4.31	1.4545E-19	0	0	4477608.76834
4012	23.072	-19.087	29.944	1143.154	0.00002	0.64	20	4.344	5.7027E-20	0	0	7096115.7757
4013	23.349	-18.394	29.723	1143.178	0.00001	0.64	20	4.123	3.66E-20	0	0	9326606.10851
4014	23.5	-17.5	29.3	1143.268	0.00001	0.64	20	3.7	2.3274E-20	0	0	13020888.70554
4015	23.5	-16.5	28.714	1143.507	0.00001	0.64	20	3.114	1.3542E-20	0	0	20258482.7109
4016	23.5	-15.5	28.151	1143.864	0.00001	0.64	20	2.551	8.0563E-21	0	0	32028064.51045
4017	23.5	-14.5	27.613	1144.328	0.00001	0.64	20	2.013	4.7468E-21	0	0	52836451.46558
4018	23.5	-13.5	27.102	1144.869	0	0.64	20	1.502	2.7896E-21	0	0	92364054.6291
4019	23.5	-12.5	26.618	1145.471	0	0.6425	20	1.018	1.5886E-21	0	0	180901231.5578
4020	23.425	-11.537	26.112	1146.093	0	0.8138	20	1	7.7745E-22	0	0	296154702.03823
4021	23.66	-10.557	25.908	1146.409	0	0.9323	20	1	4.0486E-22	0	0	439259019.91268
4022	23.856	-9.645	25.732	1146.644	0	1.2096	20	1	2.08E-22	0	0	698011869.83636
4023	23.856	9.645	25.732	1146.644	0	1.2096	20	1	2.08E-22	0	0	698011869.83641
4024	23.66	10.557	25.908	1146.409	0	0.9323	20	1	4.0486E-22	0	0	439259019.91271
4025	23.425	11.537	26.112	1146.093	0	0.8138	20	1	7.7745E-22	0	0	296154702.03824
4026	23.5	12.5	26.618	1145.471	0	0.6425	20	1.018	1.5886E-21	0	0	180901231.55781
4027	23.5	13.5	27.102	1144.869	0	0.64	20	1.502	2.7896E-21	0	0	92364054.62911
4028	23.5	14.5	27.613	1144.328	0.00001	0.64	20	2.013	4.7468E-21	0	0	52836451.46558
4029	23.5	15.5	28.151	1143.864	0.00001	0.64	20	2.551	8.0563E-21	0	0	32028064.51045
4030	23.5	16.5	28.714	1143.507	0.00001	0.64	20	3.114	1.3542E-20	0	0	20258482.7109
4031	23.5	17.5	29.3	1143.268	0.00001	0.64	20	3.7	2.3274E-20	0	0	13020888.70554
4032	23.349	18.394	29.723	1143.178	0.00001	0.64	20	4.123	3.66E-20	0	0	9326606.10851
4033	23.072	19.087	29.944	1143.154	0.00002	0.64	20	4.344	5.7027E-20	0	0	7096115.7757
4034	24.241	-17.336	29.802	1143.198	0.00001	0.64	20	4.202	1.2967E-20	0	0	15379105.51016
4035	24.475	-16.478	29.505	1143.252	0.00001	0.64	20	3.905	8.4209E-21	0	0	20522460.36501
4036	24.5	-15.5	28.991	1143.41	0.00001	0.64	20	3.391	5.0031E-21	0	0	30620781.90035
4037	24.5	-14.5	28.469	1143.678	0	0.64	20	2.869	2.9048E-21	0	0	47452773.97191
4038	24.5	-13.5	27.973	1144.027	0	0.64	20	2.373	1.692E-21	0	0	75115329.51006
4039	24.5	-12.5	27.505	1144.444	0	0.64	20	1.905	1.0115E-21	0	0	120985011.24037
4040	24.5	-11.5	27.065	1144.914	0	0.64	20	1.465	6.4468E-22	0	0	196969223.98029
4041	24.5	-10.5	26.655	1145.407	0	0.6412	20	1.055	4.1411E-22	0	0	341371416.40197
4042	24.5	-9.5	26.277	1145.878	0	0.6982	20	1	2.8626E-22	0	0	452073046.63226
4043	24.567	-8.534	26.007	1146.234	0	0.858	20	1	1.4074E-22	0	0	714732672.66842
4044	24.73	-7.549	25.856	1146.476	0	0.9843	20	1	7.4426E-23	0	0	1052635215.07034
4045	24.868	-6.591	25.726	1146.642	0	1.2143	20	1	3.1405E-23	0	0	1799834198.98474
4046	24.868	6.591	25.726	1146.642	0	1.2143	20	1	3.1405E-23	0	0	1799834198.98483
4047	24.73	7.549	25.856	1146.476	0	0.9843	20	1	7.4426E-23	0	0	1052635215.07037
4048	24.567	8.534	26.007	1146.234	0	0.858	20	1	1.4074E-22	0	0	714732672.66847
4049	24.5	9.5	26.277	1145.878	0	0.6982	20	1	2.8626E-22	0	0	452073046.63229
4050	24.5	10.5	26.655	1145.407	0	0.6412	20	1.055	4.1411E-22	0	0	341371416.40199
4051	24.5	11.5	27.065	1144.914	0	0.64	20	1.465	6.4468E-22	0	0	196969223.98031
4052	24.5	12.5	27.505	1144.444	0	0.64	20	1.905	1.0115E-21	0	0	120985011.24038
4053	24.5	13.5	27.973	1144.027	0	0.64	20	2.373	1.692E-21	0	0	75115329.51007
4054	24.5	14.5	28.469	1143.678	0	0.64	20	2.869	2.9048E-21	0	0	47452773.97191
4055	24.5	15.5	28.991	1143.41	0.00001	0.64	20	3.391	5.0031E-21	0	0	30620781.90035
4056	24.475	16.478	29.505	1143.252	0.00001	0.64	20	3.905	8.4209E-21	0	0	20522460.36501
4057	24.241	17.336	29.802	1143.198	0.00001	0.64	20	4.202	1.2967E-20	0	0	15379105.51016
4058	25.126	-16.195	29.893	1143.218	0	0.64	20	4.293	4.035E-21	0	0	26989302.24066
4059	25.364	-15.426	29.687	1143.245	0	0.64	20	4.087	3.3206E-21	0	0	31239299.67925
4060	25.5	-14.5	29.334	1143.318	0	0.64	20	3.734	1.9036E-21	0	0	45119418.36791
4061	25.5	-13.5	28.853	1143.491	0	0.64	20	3.253	1.0458E-21	0	0	69802672.18167
4062	25.5	-12.5	28.399	1143.734	0	0.64	20	2.799	6.0293E-22	0	0	106761590.44898
4063	25.5	-11.5	27.973	1144.033	0	0.64	20	2.373	3.8174E-22	0	0	158140553.69648
4064	25.5	-10.5	27.577	1144.372	0	0.64	20	1.977	2.6564E-22	0	0	227432707.75632
4065	25.5	-9.5	27.212	1144.741	0	0.64	20	1.612	1.8499E-22	0	0	334124264.6454
4066	25.5	-8.5	26.879	1145.133	0	0.64	20	1.279	1.365E-22	0	0	490019415.196
4067	25.5	-7.5	26.58	1145.521	0	0.643	20	1	8.4674E-23	0	0	797691888.68262
4068	25.5	-6.5	26.315	1145.867	0	0.6835	20	1	4.2092E-23	0	0	1166442745.93905
4069	25.498	-5.518	26.089	1146.115	0	0.8201	20	1	9.2878E-24	0	0	2719929240.11245
4070	25.598	-4.519	25.994	1146.26	0	0.8631	20	1	1.7547E-24	0	0	6419811817.55326
4071	25.678	-3.518	25.918	1146.379	0	0.9164	20	1	9.6347E-24	0	0	2822945381.99198
4072	25.737	-2.516	25.86	1146.467	0	0.9752	20	1	2.8071E-23	0	0	1706048943.39367
4073	25.777	-1.511	25.821	1146.523	0	1.0262	20	1	4.6495E-23	0	0	1359850785.4131
4074	25.797	-0.504	25.802	1146.55	0	1.0559	20	1	5.8229E-23	0	0	1232576488.25266
4075	25.797	0.504	25.802	1146.55	0	1.0559	20	1	5.8229E-23	0	0	1232576488.25266
4076	25.777	1.511	25.821	1146.523	0	1.0262	20	1	4.6495E-23	0	0	1359850785.41307
4077	25.737	2.516	25.86	1146.467	0	0.9752	20	1	2.8071E-23	0	0	1706048943.39366
4078	25.678	3.518	25.918	1146.379	0	0.9164	20	1	9.6347E-24	0	0	2822945381.99202
4079	25.598	4.519	25.994	1146.26	0	0.8631	20	1	1.7547E-24	0	0	6419811817.5534
4080	25.498	5.518	26.089	1146.115	0	0.8201	20	1	9.2878E-24	0	0	2719929240.11259
4081	25.5	6.5	26.315	1145.867	0	0.6835	20	1	4.2092E-23	0	0	1166442745.9391
4082	25.5	7.5	26.58	1145.521	0	0.643	20	1	8.4674E-23	0	0	797691888.68266
4083	25.5	8.5	26.879	1145.133	0	0.64	20	1.279	1.365E-22	0	0	490019415.19603
4084	25.5	9.5	27.212	1144.741	0	0.64	20	1.612	1.8499E-22	0	0	334124264.64541
4085	25.5	10.5	27.577	1144.372	0	0.64	20	1.977	2.6564E-22	0	0	227432707.75633
4086	25.5	11.5	27.973	1144.033	0	0.64	20	2.373	3.8174E-22	0	0	158140553.69649
4087	25.5	12.5	28.399	1143.734	0	0.64	20	2.799	6.0293E-22	0	0	106761590.449
4088	25.5	13.5	28.853	1143.491	0	0.64	20	3.253	1.0458E-21	0	0	69802672.18168
4089	25.5	14.5	29.334	1143.318	0	0.64	20	3.734	1.9036E-21	0	0	45119418.36791
4090	25.364	15.426	29.687	1143.245	0	0.64	20	4.087	3.3206E-21	0	0	31239299.67925
4091	25.126	16.195	29.893	1143.218	0	0.64	20	4.293	4.035E-21	0	0	26989302.24066
4092	26.179	-14.325	29.842	1143.256	0	0.64	20	4.242	1.0588E-21	0	0	53321006.60403
4093	26.407	-13.448	29.634	1143.276	0	0.64	20	4.034	6.2332E-22	0	0	73042846.98904
4094	26.5	-12.5	29.3	1143.341	0	0.64	20	3.7	3.8233E-22	0	0	101590781.8265
4095	26.5	-11.5	28.888	1143.483	0	0.64	20	3.288	2.2324E-22	0	0	149501155.96915
4096	26.5	-10.5	28.504	1143.677	0	0.64	20	2.904	1.5139E-22	0	0	205362507.58731
4097	26.5	-9.5	28.151	1143.904	0	0.64	20	2.551	1.2114E-22	0	0	261185390.89938
4098	26.5	-8.5	27.83	1144.157	0	0.64	20	2.23	8.99E-23	0	0	346757105.63088
4099	26.5	-7.5	27.541	1144.421	0	0.64	20	1.941	6.7781E-23	0	0	458645317.64404
4100	26.5	-6.5	27.286	1144.684	0	0.64	20	1.686	4.0495E-23	0	0	683088792.07565
4101	26.5	-5.5	27.065	1144.931	0	0.64	20	1.465	2.0776E-23	0	0	1097215291.8997
4102	26.5	-4.5	26.879	1145.153	0	0.64	20	1.279	1.1453E-23	0	0	1691698526.25208
4103	26.5	-3.5	26.73	1145.343	0	0.64	20	1.13	1.8612E-23	0	0	1502141746.80357
4104	26.5	-2.5	26.618	1145.494	0	0.641	20	1.018	3.6481E-23	0	0	1192363869.06455
4105	26.5	-1.5	26.542	1145.599	0	0.644	20	1	5.9274E-23	0	0	954166869.02075
4106	26.5	-0.5	26.505	1145.652	0	0.6468	20	1	7.3232E-23	0	0	860279947.54446
4107	26.5	0.5	26.505	1145.652	0	0.6468	20	1	7.3232E-23	0	0	860279947.54446
4108	26.5	1.5	26.542	1145.599	0	0.644	20	1	5.9274E-23	0	0	954166869.02073
4109	26.5	2.5	26.618	1145.494	0	0.641	20	1.018	3.6481E-23	0	0	1192363869.06454
4110	26.5	3.5	26.73	1145.343	0	0.64	20	1.13	1.8612E-23	0	0	1502141746.80358
4111	26.5	4.5	26.879	1145.153	0	0.64	20	1.279	1.1453E-23	0	0	1691698526.25214
4112	26.5	5.5	27.065	1144.931	0	0.64	20	1.465	2.0776E-23	0	0	1097215291.89974
4113	26.5	6.5	27.286	1144.684	0	0.64	20	1.686	4.0495E-23	0	0	683088792.07568
4114	26.5	7.5	27.541	1144.421	0	0.64	20	1.941	6.7781E-23	0	0	458645317.64406
4115	26.5	8.5	27.83	1144.157	0	0.64	20	2.23	8.99E-23	0	0	346757105.63089
4116	26.5	9.5	28.151	1143.904	0	0.64	20	2.551	1.2114E-22	0	0	261185390.89941
4117	26.5	10.5	28.504	1143.677	0	0.64	20	2.904	1.5139E-22	0	0	205362507.58733
4118	26.5	11.5	28.888	1143.483	0	0.64	20	3.288	2.2324E-22	0	0	149501155.96916
4119	26.5	12.5	29.3	1143.341	0	0.64	20	3.7	3.8233E-22	0	0	101590781.82651
4120	26.407	13.448	29.634	1143.276	0	0.64	20	4.034	6.2332E-22	0	0	73042846.98905
4121	26.179	14.325	29.842	1143.256	0	0.64	20	4.242	1.0588E-21	0	0	53321006.60404
4122	27.012	-13.026	29.989	1143.273	0	0.64	20	4.389	2.3708E-22	0	0	108949545.03482
4123	27.167	-12.358	29.846	1143.276	0	0.64	20	4.246	2.0449E-22	0	0	121204548.35794
4124	27.363	-11.451	29.663	1143.284	0	0.64	20	4.063	1.5071E-22	0	0	147492545.37151
4125	27.495	-10.496	29.43	1143.323	0	0.64	20	3.83	9.3505E-23	0	0	198508068.15595
4126	27.5	-9.5	29.095	1143.412	0	0.64	20	3.495	7.4417E-23	0	0	243705367.03431
4127	27.5	-8.5	28.784	1143.541	0	0.64	20	3.184	6.8394E-23	0	0	278870168.22489
4128	27.5	-7.5	28.504	1143.692	0	0.64	20	2.904	5.6026E-23	0	0	337577106.5747
4129	27.5	-6.5	28.258	1143.848	0	0.64	20	2.658	5.0746E-23	0	0	387462181.77727
4130	27.5	-5.5	28.045	1144.002	0	0.64	20	2.445	3.8383E-23	0	0	484206304.72138
4131	27.5	-4.5	27.866	1144.145	0	0.64	20	2.266	3.207E-23	0	0	571401953.51098
4132	27.5	-3.5	27.722	1144.272	0	0.64	20	2.122	2.875E-23	0	0	644304904.62607
4133	27.5	-2.5	27.613	1144.374	0	0.64	20	2.013	3.3424E-23	0	0	629661110.33003
4134	27.5	-1.5	27.541	1144.446	0	0.64	20	1.941	3.9458E-23	0	0	601120610.63654
4135	27.5	-0.5	27.505	1144.483	0	0.64	20	1.905	4.5131E-23	0	0	572776421.53698
4136	27.5	0.5	27.505	1144.483	0	0.64	20	1.905	4.5131E-23	0	0	572776421.53698
4137	27.5	1.5	27.541	1144.446	0	0.64	20	1.941	3.9458E-23	0	0	601120610.63654
4138	27.5	2.5	27.613	1144.374	0	0.64	20	2.013	3.3424E-23	0	0	629661110.33003
4139	27.5	3.5	27.722	1144.272	0	0.64	20	2.122	2.875E-23	0	0	644304904.62606
4140	27.5	4.5	27.866	1144.145	0	0.64	20	2.266	3.207E-23	0	0	571401953.51097
4141	27.5	5.5	28.045	1144.002	0	0.64	20	2.445	3.8383E-23	0	0	484206304.72139
4142	27.5	6.5	28.258	1143.848	0	0.64	20	2.658	5.0746E-23	0	0	387462181.77728
4143	27.5	7.5	28.504	1143.692	0	0.64	20	2.904	5.6026E-23	0	0	337577106.5747
4144	27.5	8.5	28.784	1143.541	0	0.64	20	3.184	6.8394E-23	0	0	278870168.22491
4145	27.5	9.5	29.095	1143.412	0	0.64	20	3.495	7.4417E-23	0	0	243705367.03436
4146	27.495	10.496	29.43	1143.323	0	0.64	20	3.83	9.3505E-23	0	0	198508068.15598
4147	27.363	11.451	29.663	1143.284	0	0.64	20	4.063	1.5071E-22	0	0	147492545.37152
4148	27.167	12.358	29.846	1143.276	0	0.64	20	4.246	2.0449E-22	0	0	121204548.35796
4149	27.012	13.026	29.989	1143.273	0	0.64	20	4.389	2.3708E-22	0	0	108949545.03482
4150	28.095	-10.259	29.91	1143.289	0	0.64	20	4.31	1.3394E-22	0	0	147578217.05602
4151	28.237	-9.439	29.773	1143.292	0	0.64	20	4.173	6.6343E-23	0	0	216476849.68734
4152	28.389	-8.468	29.625	1143.304	0	0.64	20	4.025	5.7413E-23	0	0	241170368.39455
4153	28.493	-7.495	29.463	1143.333	0	0.64	20	3.863	5.5531E-23	0	0	255451168.34927
4154	28.5	-6.5	29.232	1143.386	0	0.64	20	3.632	5.5127E-23	0	0	272538194.86488
4155	28.5	-5.5	29.026	1143.455	0	0.64	20	3.426	5.6997E-23	0	0	284020938.82103
4156	28.5	-4.5	28.853	1143.527	0	0.64	20	3.253	4.5483E-23	0	0	334718455.07511
4157	28.5	-3.5	28.714	1143.596	0	0.64	20	3.114	3.5532E-23	0	0	395493824.01815
4158	28.5	-2.5	28.609	1143.654	0	0.64	20	3.009	2.5719E-23	0	0	480935300.61
4159	28.5	-1.5	28.539	1143.696	0	0.64	20	2.939	1.8771E-23	0	0	576288438.29447
4160	28.5	-0.5	28.504	1143.718	0	0.64	20	2.904	1.5938E-23	0	0	632918455.01435
4161	28.5	0.5	28.504	1143.718	0	0.64	20	2.904	1.5938E-23	0	0	632918455.01435
4162	28.5	1.5	28.539	1143.696	0	0.64	20	2.939	1.8771E-23	0	0	576288438.29448
4163	28.5	2.5	28.609	1143.654	0	0.64	20	3.009	2.5719E-23	0	0	480935300.60999
4164	28.5	3.5	28.714	1143.596	0	0.64	20	3.114	3.5532E-23	0	0	395493824.01815
4165	28.5	4.5	28.853	1143.527	0	0.64	20	3.253	4.5483E-23	0	0	334718455.07511
4166	28.5	5.5	29.026	1143.455	0	0.64	20	3.426	5.6997E-23	0	0	284020938.82104
4167	28.5	6.5	29.232	1143.386	0	0.64	20	3.632	5.5127E-23	0	0	272538194.86489
4168	28.493	7.495	29.463	1143.333	0	0.64	20	3.863	5.5531E-23	0	0	255451168.34928
4169	28.389	8.468	29.625	1143.304	0	0.64	20	4.025	5.7413E-23	0	0	241170368.39458
4170	28.237	9.439	29.773	1143.292	0	0.64	20	4.173	6.6343E-23	0	0	216476849.68737
4171	28.095	10.259	29.91	1143.289	0	0.64	20	4.31	1.3394E-22	0	0	147578217.05603
4172	29.058	-7.229	29.943	1143.314	0	0.64	20	4.343	4.6493E-24	0	0	786031205.28046
4173	29.15	-6.435	29.852	1143.317	0	0.64	20	4.252	7.6308E-23	0	0	198147533.26268
4174	29.248	-5.468	29.755	1143.32	0	0.64	20	4.155	5.8462E-23	0	0	231620286.54011
4175	29.331	-4.481	29.671	1143.325	0	0.64	20	4.071	4.9723E-23	0	0	256247307.57344
4176	29.398	-3.488	29.604	1143.332	0	0.64	20	4.004	3.6808E-23	0	0	302806511.48244
4177	29.447	-2.492	29.553	1143.338	0	0.64	20	3.953	2.0083E-23	0	0	415184924.88582
4178	29.481	-1.496	29.519	1143.344	0	0.64	20	3.919	1.3548E-23	0	0	509862098.39963
4179	29.497	-0.499	29.501	1143.347	0	0.64	20	3.901	5.3368E-24	0	0	815890316.93546
4180	29.497	0.499	29.501	1143.347	0	0.64	20	3.901	5.3368E-24	0	0	815890316.93544
4181	29.481	1.496	29.519	1143.344	0	0.64	20	3.919	1.3548E-23	0	0	509862098.39962
4182	29.447	2.492	29.553	1143.338	0	0.64	20	3.953	2.0083E-23	0	0	415184924.88581
4183	29.398	3.488	29.604	1143.332	0	0.64	20	4.004	3.6808E-23	0	0	302806511.48243
4184	29.331	4.481	29.671	1143.325	0	0.64	20	4.071	4.9723E-23	0	0	256247307.57344
4185	29.248	5.468	29.755	1143.32	0	0.64	20	4.155	5.8462E-23	0	0	231620286.54011
4186	29.15	6.435	29.852	1143.317	0	0.64	20	4.252	7.6308E-23	0	0	198147533.26268
4187	29.058	7.229	29.943	1143.314	0	0.64	20	4.343	4.6493E-24	0	0	786031205.28023
