格	x	z	r	T	J重构	厚	保温mm	L	proxy	区(0盘1舌)	前12	裕度
480	-99.291	-29.5	103.581	462.027	8.64838	3.02	4.5	1	7.61E-8	1	0	55.10266
481	-99.291	-28.5	103.301	462.027	8.64841	3.02	4.5	1	7.6101E-8	1	0	55.10247
482	-99.291	-27.5	103.029	462.027	8.64847	3.02	4.5	1	7.6102E-8	1	0	55.10208
483	-99.291	-26.5	102.767	462.027	8.64856	3.02	4.5	1	7.6104E-8	1	0	55.10151
484	-99.291	-25.5	102.514	462.027	8.64868	3.02	4.5	1	7.6106E-8	1	0	55.10076
485	-99.291	-24.5	102.269	462.028	8.64883	3.02	4.5	1	7.6108E-8	1	0	55.09983
486	-99.291	-23.5	102.034	462.028	8.649	3.02	4.5	1	7.6111E-8	1	0	55.09874
487	-99.291	-22.5	101.809	462.028	8.6492	3.02	4.5	1	7.6115E-8	1	0	55.0975
488	-99.291	-21.5	101.592	462.029	8.64941	3.02	4.5	1	7.6118E-8	1	0	55.09612
489	-99.291	-20.5	101.386	462.03	8.64965	3.02	4.5	1	7.6123E-8	1	0	55.09462
490	-99.291	-19.5	101.188	462.03	8.64991	3.02	4.5	1	7.6127E-8	1	0	55.09301
491	-99.291	-18.5	101	462.031	8.65017	3.02	4.5	1	7.6132E-8	1	0	55.09132
492	-99.291	-17.5	100.822	462.031	8.65045	3.02	4.5	1	7.6137E-8	1	0	55.08955
493	-99.291	-16.5	100.653	462.032	8.65074	3.02	4.5	1	7.6142E-8	1	0	55.08774
494	-99.291	-15.5	100.494	462.033	8.65103	3.02	4.5	1	7.6147E-8	1	0	55.08589
495	-99.291	-14.5	100.345	462.034	8.65132	3.02	4.5	1	7.6152E-8	1	0	55.08404
496	-99.291	-13.5	100.205	462.034	8.65161	3.02	4.5	1	7.6157E-8	1	0	55.08219
497	-99.291	-12.5	100.075	462.035	8.6519	3.02	4.5	1	7.6162E-8	1	0	55.08038
498	-99.291	-11.5	99.955	462.036	8.65218	3.02	4.5	1	7.6167E-8	1	0	55.07861
499	-99.291	-10.5	99.845	462.036	8.65244	3.02	4.5	1	7.6172E-8	1	0	55.07692
500	-99.291	-9.5	99.745	462.037	8.6527	3.02	4.5	1	7.6176E-8	1	0	55.07531
501	-99.291	-8.5	99.655	462.037	8.65294	3.02	4.5	1	7.618E-8	1	0	55.07381
502	-99.291	-7.5	99.574	462.038	8.65315	3.02	4.5	1	7.6184E-8	1	0	55.07243
503	-99.291	-6.5	99.504	462.038	8.65335	3.02	4.5	1	7.6187E-8	1	0	55.07119
504	-99.291	-5.5	99.444	462.039	8.65352	3.02	4.5	1	7.619E-8	1	0	55.0701
505	-99.291	-4.5	99.393	462.039	8.65367	3.02	4.5	1	7.6193E-8	1	0	55.06918
506	-99.291	-3.5	99.353	462.039	8.65379	3.02	4.5	1	7.6195E-8	1	0	55.06842
507	-99.291	-2.5	99.323	462.04	8.65388	3.02	4.5	1	7.6197E-8	1	0	55.06785
508	-99.291	-1.5	99.303	462.04	8.65394	3.02	4.5	1	7.6198E-8	1	0	55.06746
509	-99.291	-0.5	99.293	462.04	8.65397	3.02	4.5	1	7.6198E-8	1	0	55.06727
510	-99.291	0.5	99.293	462.04	8.65397	3.02	4.5	1	7.6198E-8	1	0	55.06727
511	-99.291	1.5	99.303	462.04	8.65394	3.02	4.5	1	7.6198E-8	1	0	55.06746
512	-99.291	2.5	99.323	462.04	8.65388	3.02	4.5	1	7.6197E-8	1	0	55.06785
513	-99.291	3.5	99.353	462.039	8.65379	3.02	4.5	1	7.6195E-8	1	0	55.06842
514	-99.291	4.5	99.393	462.039	8.65367	3.02	4.5	1	7.6193E-8	1	0	55.06918
515	-99.291	5.5	99.444	462.039	8.65352	3.02	4.5	1	7.619E-8	1	0	55.0701
516	-99.291	6.5	99.504	462.038	8.65335	3.02	4.5	1	7.6187E-8	1	0	55.07119
517	-99.291	7.5	99.574	462.038	8.65315	3.02	4.5	1	7.6184E-8	1	0	55.07243
518	-99.291	8.5	99.655	462.037	8.65294	3.02	4.5	1	7.618E-8	1	0	55.07381
519	-99.291	9.5	99.745	462.037	8.6527	3.02	4.5	1	7.6176E-8	1	0	55.07531
520	-99.291	10.5	99.845	462.036	8.65244	3.02	4.5	1	7.6172E-8	1	0	55.07692
521	-99.291	11.5	99.955	462.036	8.65218	3.02	4.5	1	7.6167E-8	1	0	55.07861
522	-99.291	12.5	100.075	462.035	8.6519	3.02	4.5	1	7.6162E-8	1	0	55.08038
523	-99.291	13.5	100.205	462.034	8.65161	3.02	4.5	1	7.6157E-8	1	0	55.08219
524	-99.291	14.5	100.345	462.034	8.65132	3.02	4.5	1	7.6152E-8	1	0	55.08404
525	-99.291	15.5	100.494	462.033	8.65103	3.02	4.5	1	7.6147E-8	1	0	55.08589
526	-99.291	16.5	100.653	462.032	8.65074	3.02	4.5	1	7.6142E-8	1	0	55.08774
527	-99.291	17.5	100.822	462.031	8.65045	3.02	4.5	1	7.6137E-8	1	0	55.08955
528	-99.291	18.5	101	462.031	8.65017	3.02	4.5	1	7.6132E-8	1	0	55.09132
529	-99.291	19.5	101.188	462.03	8.64991	3.02	4.5	1	7.6127E-8	1	0	55.09301
530	-99.291	20.5	101.386	462.03	8.64965	3.02	4.5	1	7.6123E-8	1	0	55.09462
531	-99.291	21.5	101.592	462.029	8.64941	3.02	4.5	1	7.6118E-8	1	0	55.09612
532	-99.291	22.5	101.809	462.028	8.6492	3.02	4.5	1	7.6115E-8	1	0	55.0975
533	-99.291	23.5	102.034	462.028	8.649	3.02	4.5	1	7.6111E-8	1	0	55.09874
534	-99.291	24.5	102.269	462.028	8.64883	3.02	4.5	1	7.6108E-8	1	0	55.09983
535	-99.291	25.5	102.514	462.027	8.64868	3.02	4.5	1	7.6106E-8	1	0	55.10076
536	-99.291	26.5	102.767	462.027	8.64856	3.02	4.5	1	7.6104E-8	1	0	55.10151
537	-99.291	27.5	103.029	462.027	8.64847	3.02	4.5	1	7.6102E-8	1	0	55.10208
538	-99.291	28.5	103.301	462.027	8.64841	3.02	4.5	1	7.6101E-8	1	0	55.10247
539	-99.291	29.5	103.581	462.027	8.64838	3.02	4.5	1	7.61E-8	1	0	55.10266
540	-95.833	-29.5	100.271	518.546	8.64802	3.02	4.5	4.167	7.4626E-8	1	0	13.42711
541	-95.833	-28.5	99.981	518.546	8.64805	3.02	4.5	4.167	7.4626E-8	1	0	13.42706
542	-95.833	-27.5	99.7	518.547	8.64812	3.02	4.5	4.167	7.4628E-8	1	0	13.42695
543	-95.833	-26.5	99.429	518.548	8.64822	3.02	4.5	4.167	7.4629E-8	1	0	13.4268
544	-95.833	-25.5	99.167	518.55	8.64836	3.02	4.5	4.167	7.4632E-8	1	0	13.42659
545	-95.833	-24.5	98.915	518.552	8.64852	3.02	4.5	4.167	7.4634E-8	1	0	13.42634
546	-95.833	-23.5	98.672	518.554	8.64872	3.02	4.5	4.167	7.4638E-8	1	0	13.42605
547	-95.833	-22.5	98.439	518.557	8.64894	3.02	4.5	4.167	7.4642E-8	1	0	13.42571
548	-95.833	-21.5	98.215	518.56	8.64918	3.02	4.5	4.167	7.4646E-8	1	0	13.42534
549	-95.833	-20.5	98.001	518.563	8.64945	3.02	4.5	4.167	7.465E-8	1	0	13.42494
550	-95.833	-19.5	97.797	518.566	8.64974	3.02	4.5	4.167	7.4655E-8	1	0	13.4245
551	-95.833	-18.5	97.602	518.57	8.65004	3.02	4.5	4.167	7.466E-8	1	0	13.42404
552	-95.833	-17.5	97.418	518.574	8.65036	3.02	4.5	4.167	7.4666E-8	1	0	13.42357
553	-95.833	-16.5	97.243	518.577	8.65068	3.02	4.5	4.167	7.4671E-8	1	0	13.42308
554	-95.833	-15.5	97.078	518.581	8.65101	3.02	4.5	4.167	7.4677E-8	1	0	13.42258
555	-95.833	-14.5	96.924	518.585	8.65134	3.02	4.5	4.167	7.4682E-8	1	0	13.42208
556	-95.833	-13.5	96.779	518.589	8.65167	3.02	4.5	4.167	7.4688E-8	1	0	13.42158
557	-95.833	-12.5	96.645	518.593	8.65199	3.02	4.5	4.167	7.4693E-8	1	0	13.42109
558	-95.833	-11.5	96.52	518.597	8.65231	3.02	4.5	4.167	7.4699E-8	1	0	13.42061
559	-95.833	-10.5	96.406	518.6	8.65261	3.02	4.5	4.167	7.4704E-8	1	0	13.42016
560	-95.833	-9.5	96.303	518.604	8.6529	3.02	4.5	4.167	7.4709E-8	1	0	13.41972
561	-95.833	-8.5	96.209	518.607	8.65317	3.02	4.5	4.167	7.4713E-8	1	0	13.41932
562	-95.833	-7.5	96.126	518.61	8.65341	3.02	4.5	4.167	7.4717E-8	1	0	13.41894
563	-95.833	-6.5	96.053	518.612	8.65363	3.02	4.5	4.167	7.4721E-8	1	0	13.41861
564	-95.833	-5.5	95.991	518.615	8.65383	3.02	4.5	4.167	7.4724E-8	1	0	13.41831
565	-95.833	-4.5	95.938	518.617	8.654	3.02	4.5	4.167	7.4727E-8	1	0	13.41806
566	-95.833	-3.5	95.897	518.618	8.65413	3.02	4.5	4.167	7.473E-8	1	0	13.41786
567	-95.833	-2.5	95.865	518.62	8.65423	3.02	4.5	4.167	7.4731E-8	1	0	13.41771
568	-95.833	-1.5	95.845	518.62	8.6543	3.02	4.5	4.167	7.4732E-8	1	0	13.4176
569	-95.833	-0.5	95.834	518.621	8.65434	3.02	4.5	4.167	7.4733E-8	1	0	13.41755
570	-95.833	0.5	95.834	518.621	8.65434	3.02	4.5	4.167	7.4733E-8	1	0	13.41755
571	-95.833	1.5	95.845	518.62	8.6543	3.02	4.5	4.167	7.4732E-8	1	0	13.4176
572	-95.833	2.5	95.865	518.62	8.65423	3.02	4.5	4.167	7.4731E-8	1	0	13.41771
573	-95.833	3.5	95.897	518.618	8.65413	3.02	4.5	4.167	7.473E-8	1	0	13.41786
574	-95.833	4.5	95.938	518.617	8.654	3.02	4.5	4.167	7.4727E-8	1	0	13.41806
575	-95.833	5.5	95.991	518.615	8.65383	3.02	4.5	4.167	7.4724E-8	1	0	13.41831
576	-95.833	6.5	96.053	518.612	8.65363	3.02	4.5	4.167	7.4721E-8	1	0	13.41861
577	-95.833	7.5	96.126	518.61	8.65341	3.02	4.5	4.167	7.4717E-8	1	0	13.41894
578	-95.833	8.5	96.209	518.607	8.65317	3.02	4.5	4.167	7.4713E-8	1	0	13.41932
579	-95.833	9.5	96.303	518.604	8.6529	3.02	4.5	4.167	7.4709E-8	1	0	13.41972
580	-95.833	10.5	96.406	518.6	8.65261	3.02	4.5	4.167	7.4704E-8	1	0	13.42016
581	-95.833	11.5	96.52	518.597	8.65231	3.02	4.5	4.167	7.4699E-8	1	0	13.42061
582	-95.833	12.5	96.645	518.593	8.65199	3.02	4.5	4.167	7.4693E-8	1	0	13.42109
583	-95.833	13.5	96.779	518.589	8.65167	3.02	4.5	4.167	7.4688E-8	1	0	13.42158
584	-95.833	14.5	96.924	518.585	8.65134	3.02	4.5	4.167	7.4682E-8	1	0	13.42208
585	-95.833	15.5	97.078	518.581	8.65101	3.02	4.5	4.167	7.4677E-8	1	0	13.42258
586	-95.833	16.5	97.243	518.577	8.65068	3.02	4.5	4.167	7.4671E-8	1	0	13.42308
587	-95.833	17.5	97.418	518.574	8.65036	3.02	4.5	4.167	7.4666E-8	1	0	13.42357
588	-95.833	18.5	97.602	518.57	8.65004	3.02	4.5	4.167	7.466E-8	1	0	13.42404
589	-95.833	19.5	97.797	518.566	8.64974	3.02	4.5	4.167	7.4655E-8	1	0	13.4245
590	-95.833	20.5	98.001	518.563	8.64945	3.02	4.5	4.167	7.465E-8	1	0	13.42494
591	-95.833	21.5	98.215	518.56	8.64918	3.02	4.5	4.167	7.4646E-8	1	0	13.42534
592	-95.833	22.5	98.439	518.557	8.64894	3.02	4.5	4.167	7.4642E-8	1	0	13.42571
593	-95.833	23.5	98.672	518.554	8.64872	3.02	4.5	4.167	7.4638E-8	1	0	13.42605
594	-95.833	24.5	98.915	518.552	8.64852	3.02	4.5	4.167	7.4634E-8	1	0	13.42634
595	-95.833	25.5	99.167	518.55	8.64836	3.02	4.5	4.167	7.4632E-8	1	0	13.42659
596	-95.833	26.5	99.429	518.548	8.64822	3.02	4.5	4.167	7.4629E-8	1	0	13.4268
597	-95.833	27.5	99.7	518.547	8.64812	3.02	4.5	4.167	7.4628E-8	1	0	13.42695
598	-95.833	28.5	99.981	518.546	8.64805	3.02	4.5	4.167	7.4626E-8	1	0	13.42706
599	-95.833	29.5	100.271	518.546	8.64802	3.02	4.5	4.167	7.4626E-8	1	0	13.42711
600	-90.333	-29.5	95.028	602.517	8.64673	3.02	4.5	9.667	7.2423E-8	1	0	5.96157
601	-90.333	-28.5	94.722	602.518	8.64678	3.02	4.5	9.667	7.2424E-8	1	0	5.96153
602	-90.333	-27.5	94.426	602.52	8.64688	3.02	4.5	9.667	7.2426E-8	1	0	5.96147
603	-90.333	-26.5	94.14	602.523	8.64702	3.02	4.5	9.667	7.2428E-8	1	0	5.96138
604	-90.333	-25.5	93.863	602.527	8.64721	3.02	4.5	9.667	7.2431E-8	1	0	5.96125
605	-90.333	-24.5	93.596	602.532	8.64744	3.02	4.5	9.667	7.2435E-8	1	0	5.9611
606	-90.333	-23.5	93.34	602.537	8.64772	3.02	4.5	9.667	7.2439E-8	1	0	5.96092
607	-90.333	-22.5	93.093	602.544	8.64803	3.02	4.5	9.667	7.2444E-8	1	0	5.96071
608	-90.333	-21.5	92.856	602.551	8.64837	3.02	4.5	9.667	7.245E-8	1	0	5.96049
609	-90.333	-20.5	92.63	602.559	8.64875	3.02	4.5	9.667	7.2456E-8	1	0	5.96024
610	-90.333	-19.5	92.414	602.568	8.64915	3.02	4.5	9.667	7.2463E-8	1	0	5.95997
611	-90.333	-18.5	92.208	602.576	8.64958	3.02	4.5	9.667	7.247E-8	1	0	5.95969
612	-90.333	-17.5	92.012	602.586	8.65002	3.02	4.5	9.667	7.2477E-8	1	0	5.9594
613	-90.333	-16.5	91.827	602.595	8.65048	3.02	4.5	9.667	7.2484E-8	1	0	5.95911
614	-90.333	-15.5	91.653	602.605	8.65094	3.02	4.5	9.667	7.2492E-8	1	0	5.9588
615	-90.333	-14.5	91.489	602.615	8.65141	3.02	4.5	9.667	7.2499E-8	1	0	5.9585
616	-90.333	-13.5	91.336	602.624	8.65187	3.02	4.5	9.667	7.2507E-8	1	0	5.95819
617	-90.333	-12.5	91.194	602.634	8.65233	3.02	4.5	9.667	7.2514E-8	1	0	5.95789
618	-90.333	-11.5	91.062	602.643	8.65277	3.02	4.5	9.667	7.2521E-8	1	0	5.9576
619	-90.333	-10.5	90.941	602.652	8.6532	3.02	4.5	9.667	7.2528E-8	1	0	5.95732
620	-90.333	-9.5	90.831	602.66	8.6536	3.02	4.5	9.667	7.2535E-8	1	0	5.95706
621	-90.333	-8.5	90.732	602.668	8.65398	3.02	4.5	9.667	7.2541E-8	1	0	5.95681
622	-90.333	-7.5	90.644	602.676	8.65432	3.02	4.5	9.667	7.2546E-8	1	0	5.95658
623	-90.333	-6.5	90.566	602.682	8.65464	3.02	4.5	9.667	7.2552E-8	1	0	5.95638
624	-90.333	-5.5	90.5	602.688	8.65491	3.02	4.5	9.667	7.2556E-8	1	0	5.9562
625	-90.333	-4.5	90.445	602.693	8.65514	3.02	4.5	9.667	7.256E-8	1	0	5.95605
626	-90.333	-3.5	90.401	602.697	8.65533	3.02	4.5	9.667	7.2563E-8	1	0	5.95592
627	-90.333	-2.5	90.367	602.7	8.65548	3.02	4.5	9.667	7.2565E-8	1	0	5.95583
628	-90.333	-1.5	90.345	602.702	8.65557	3.02	4.5	9.667	7.2567E-8	1	0	5.95576
629	-90.333	-0.5	90.334	602.703	8.65562	3.02	4.5	9.667	7.2568E-8	1	0	5.95573
630	-90.333	0.5	90.334	602.703	8.65562	3.02	4.5	9.667	7.2568E-8	1	0	5.95573
631	-90.333	1.5	90.345	602.702	8.65557	3.02	4.5	9.667	7.2567E-8	1	0	5.95576
632	-90.333	2.5	90.367	602.7	8.65548	3.02	4.5	9.667	7.2565E-8	1	0	5.95583
633	-90.333	3.5	90.401	602.697	8.65533	3.02	4.5	9.667	7.2563E-8	1	0	5.95592
634	-90.333	4.5	90.445	602.693	8.65514	3.02	4.5	9.667	7.256E-8	1	0	5.95605
635	-90.333	5.5	90.5	602.688	8.65491	3.02	4.5	9.667	7.2556E-8	1	0	5.9562
636	-90.333	6.5	90.566	602.682	8.65464	3.02	4.5	9.667	7.2552E-8	1	0	5.95638
637	-90.333	7.5	90.644	602.676	8.65432	3.02	4.5	9.667	7.2546E-8	1	0	5.95658
638	-90.333	8.5	90.732	602.668	8.65398	3.02	4.5	9.667	7.2541E-8	1	0	5.95681
639	-90.333	9.5	90.831	602.66	8.6536	3.02	4.5	9.667	7.2535E-8	1	0	5.95706
640	-90.333	10.5	90.941	602.652	8.6532	3.02	4.5	9.667	7.2528E-8	1	0	5.95732
641	-90.333	11.5	91.062	602.643	8.65277	3.02	4.5	9.667	7.2521E-8	1	0	5.9576
642	-90.333	12.5	91.194	602.634	8.65233	3.02	4.5	9.667	7.2514E-8	1	0	5.95789
643	-90.333	13.5	91.336	602.624	8.65187	3.02	4.5	9.667	7.2507E-8	1	0	5.95819
644	-90.333	14.5	91.489	602.615	8.65141	3.02	4.5	9.667	7.2499E-8	1	0	5.9585
645	-90.333	15.5	91.653	602.605	8.65094	3.02	4.5	9.667	7.2492E-8	1	0	5.9588
646	-90.333	16.5	91.827	602.595	8.65048	3.02	4.5	9.667	7.2484E-8	1	0	5.95911
647	-90.333	17.5	92.012	602.586	8.65002	3.02	4.5	9.667	7.2477E-8	1	0	5.9594
648	-90.333	18.5	92.208	602.576	8.64958	3.02	4.5	9.667	7.247E-8	1	0	5.95969
649	-90.333	19.5	92.414	602.568	8.64915	3.02	4.5	9.667	7.2463E-8	1	0	5.95997
650	-90.333	20.5	92.63	602.559	8.64875	3.02	4.5	9.667	7.2456E-8	1	0	5.96024
651	-90.333	21.5	92.856	602.551	8.64837	3.02	4.5	9.667	7.245E-8	1	0	5.96049
652	-90.333	22.5	93.093	602.544	8.64803	3.02	4.5	9.667	7.2444E-8	1	0	5.96071
653	-90.333	23.5	93.34	602.537	8.64772	3.02	4.5	9.667	7.2439E-8	1	0	5.96092
654	-90.333	24.5	93.596	602.532	8.64744	3.02	4.5	9.667	7.2435E-8	1	0	5.9611
655	-90.333	25.5	93.863	602.527	8.64721	3.02	4.5	9.667	7.2431E-8	1	0	5.96125
656	-90.333	26.5	94.14	602.523	8.64702	3.02	4.5	9.667	7.2428E-8	1	0	5.96138
657	-90.333	27.5	94.426	602.52	8.64688	3.02	4.5	9.667	7.2426E-8	1	0	5.96147
658	-90.333	28.5	94.722	602.518	8.64678	3.02	4.5	9.667	7.2424E-8	1	0	5.96153
659	-90.333	29.5	95.028	602.517	8.64673	3.02	4.5	9.667	7.2423E-8	1	0	5.96157
660	-84.833	-29.5	89.816	678.789	8.64397	3.02	4.5	15.167	7.0398E-8	1	0	3.94488
661	-84.833	-28.5	89.492	678.791	8.64405	3.02	4.5	15.167	7.0399E-8	1	0	3.94485
662	-84.833	-27.5	89.179	678.795	8.64421	3.02	4.5	15.167	7.0402E-8	1	0	3.94478
663	-84.833	-26.5	88.876	678.8	8.64444	3.02	4.5	15.167	7.0405E-8	1	0	3.94468
664	-84.833	-25.5	88.583	678.807	8.64475	3.02	4.5	15.167	7.041E-8	1	0	3.94455
665	-84.833	-24.5	88.3	678.816	8.64513	3.02	4.5	15.167	7.0416E-8	1	0	3.94439
666	-84.833	-23.5	88.028	678.827	8.64557	3.02	4.5	15.167	7.0423E-8	1	0	3.94419
667	-84.833	-22.5	87.766	678.838	8.64607	3.02	4.5	15.167	7.0431E-8	1	0	3.94398
668	-84.833	-21.5	87.515	678.852	8.64663	3.02	4.5	15.167	7.044E-8	1	0	3.94374
669	-84.833	-20.5	87.275	678.866	8.64725	3.02	4.5	15.167	7.0449E-8	1	0	3.94348
670	-84.833	-19.5	87.045	678.881	8.6479	3.02	4.5	15.167	7.046E-8	1	0	3.94319
671	-84.833	-18.5	86.827	678.897	8.64859	3.02	4.5	15.167	7.047E-8	1	0	3.9429
672	-84.833	-17.5	86.619	678.914	8.64931	3.02	4.5	15.167	7.0482E-8	1	0	3.94259
673	-84.833	-16.5	86.423	678.931	8.65005	3.02	4.5	15.167	7.0493E-8	1	0	3.94227
674	-84.833	-15.5	86.237	678.949	8.6508	3.02	4.5	15.167	7.0505E-8	1	0	3.94195
675	-84.833	-14.5	86.063	678.966	8.65155	3.02	4.5	15.167	7.0517E-8	1	0	3.94163
676	-84.833	-13.5	85.9	678.984	8.6523	3.02	4.5	15.167	7.0529E-8	1	0	3.94131
677	-84.833	-12.5	85.749	679.001	8.65304	3.02	4.5	15.167	7.054E-8	1	0	3.94099
678	-84.833	-11.5	85.609	679.018	8.65376	3.02	4.5	15.167	7.0552E-8	1	0	3.94068
679	-84.833	-10.5	85.48	679.034	8.65445	3.02	4.5	15.167	7.0562E-8	1	0	3.94039
680	-84.833	-9.5	85.363	679.049	8.65511	3.02	4.5	15.167	7.0573E-8	1	0	3.94011
681	-84.833	-8.5	85.258	679.064	8.65572	3.02	4.5	15.167	7.0582E-8	1	0	3.93984
682	-84.833	-7.5	85.164	679.077	8.65628	3.02	4.5	15.167	7.0591E-8	1	0	3.9396
683	-84.833	-6.5	85.081	679.089	8.65678	3.02	4.5	15.167	7.0599E-8	1	0	3.93939
684	-84.833	-5.5	85.011	679.099	8.65723	3.02	4.5	15.167	7.0606E-8	1	0	3.9392
685	-84.833	-4.5	84.952	679.108	8.65761	3.02	4.5	15.167	7.0612E-8	1	0	3.93903
686	-84.833	-3.5	84.905	679.115	8.65791	3.02	4.5	15.167	7.0617E-8	1	0	3.9389
687	-84.833	-2.5	84.87	679.12	8.65815	3.02	4.5	15.167	7.062E-8	1	0	3.9388
688	-84.833	-1.5	84.846	679.124	8.65831	3.02	4.5	15.167	7.0623E-8	1	0	3.93874
689	-84.833	-0.5	84.834	679.126	8.65838	3.02	4.5	15.167	7.0624E-8	1	0	3.9387
690	-84.833	0.5	84.834	679.126	8.65838	3.02	4.5	15.167	7.0624E-8	1	0	3.9387
691	-84.833	1.5	84.846	679.124	8.65831	3.02	4.5	15.167	7.0623E-8	1	0	3.93874
692	-84.833	2.5	84.87	679.12	8.65815	3.02	4.5	15.167	7.062E-8	1	0	3.9388
693	-84.833	3.5	84.905	679.115	8.65791	3.02	4.5	15.167	7.0617E-8	1	0	3.9389
694	-84.833	4.5	84.952	679.108	8.65761	3.02	4.5	15.167	7.0612E-8	1	0	3.93903
695	-84.833	5.5	85.011	679.099	8.65723	3.02	4.5	15.167	7.0606E-8	1	0	3.9392
696	-84.833	6.5	85.081	679.089	8.65678	3.02	4.5	15.167	7.0599E-8	1	0	3.93939
697	-84.833	7.5	85.164	679.077	8.65628	3.02	4.5	15.167	7.0591E-8	1	0	3.9396
698	-84.833	8.5	85.258	679.064	8.65572	3.02	4.5	15.167	7.0582E-8	1	0	3.93984
699	-84.833	9.5	85.363	679.049	8.65511	3.02	4.5	15.167	7.0573E-8	1	0	3.94011
700	-84.833	10.5	85.48	679.034	8.65445	3.02	4.5	15.167	7.0562E-8	1	0	3.94039
701	-84.833	11.5	85.609	679.018	8.65376	3.02	4.5	15.167	7.0552E-8	1	0	3.94068
702	-84.833	12.5	85.749	679.001	8.65304	3.02	4.5	15.167	7.054E-8	1	0	3.94099
703	-84.833	13.5	85.9	678.984	8.6523	3.02	4.5	15.167	7.0529E-8	1	0	3.94131
704	-84.833	14.5	86.063	678.966	8.65155	3.02	4.5	15.167	7.0517E-8	1	0	3.94163
705	-84.833	15.5	86.237	678.949	8.6508	3.02	4.5	15.167	7.0505E-8	1	0	3.94195
706	-84.833	16.5	86.423	678.931	8.65005	3.02	4.5	15.167	7.0493E-8	1	0	3.94227
707	-84.833	17.5	86.619	678.914	8.64931	3.02	4.5	15.167	7.0482E-8	1	0	3.94259
708	-84.833	18.5	86.827	678.897	8.64859	3.02	4.5	15.167	7.047E-8	1	0	3.9429
709	-84.833	19.5	87.045	678.881	8.6479	3.02	4.5	15.167	7.046E-8	1	0	3.94319
710	-84.833	20.5	87.275	678.866	8.64725	3.02	4.5	15.167	7.0449E-8	1	0	3.94348
711	-84.833	21.5	87.515	678.852	8.64663	3.02	4.5	15.167	7.044E-8	1	0	3.94374
712	-84.833	22.5	87.766	678.838	8.64607	3.02	4.5	15.167	7.0431E-8	1	0	3.94398
713	-84.833	23.5	88.028	678.827	8.64557	3.02	4.5	15.167	7.0423E-8	1	0	3.94419
714	-84.833	24.5	88.3	678.816	8.64513	3.02	4.5	15.167	7.0416E-8	1	0	3.94439
715	-84.833	25.5	88.583	678.807	8.64475	3.02	4.5	15.167	7.041E-8	1	0	3.94455
716	-84.833	26.5	88.876	678.8	8.64444	3.02	4.5	15.167	7.0405E-8	1	0	3.94468
717	-84.833	27.5	89.179	678.795	8.64421	3.02	4.5	15.167	7.0402E-8	1	0	3.94478
718	-84.833	28.5	89.492	678.791	8.64405	3.02	4.5	15.167	7.0399E-8	1	0	3.94485
719	-84.833	29.5	89.816	678.789	8.64397	3.02	4.5	15.167	7.0398E-8	1	0	3.94488
720	-79.333	-29.5	84.64	747.445	8.63883	3.02	4.5	20.667	6.8535E-8	1	0	3.03261
721	-79.333	-28.5	84.297	747.448	8.63897	3.02	4.5	20.667	6.8537E-8	1	0	3.03257
722	-79.333	-27.5	83.964	747.454	8.63923	3.02	4.5	20.667	6.8541E-8	1	0	3.03248
723	-79.333	-26.5	83.642	747.463	8.63963	3.02	4.5	20.667	6.8547E-8	1	0	3.03235
724	-79.333	-25.5	83.33	747.475	8.64016	3.02	4.5	20.667	6.8555E-8	1	0	3.03218
725	-79.333	-24.5	83.03	747.49	8.64081	3.02	4.5	20.667	6.8565E-8	1	0	3.03197
726	-79.333	-23.5	82.74	747.507	8.64157	3.02	4.5	20.667	6.8577E-8	1	0	3.03172
727	-79.333	-22.5	82.462	747.527	8.64243	3.02	4.5	20.667	6.859E-8	1	0	3.03143
728	-79.333	-21.5	82.195	747.549	8.64339	3.02	4.5	20.667	6.8605E-8	1	0	3.03112
729	-79.333	-20.5	81.939	747.572	8.64444	3.02	4.5	20.667	6.8621E-8	1	0	3.03078
730	-79.333	-19.5	81.694	747.598	8.64556	3.02	4.5	20.667	6.8638E-8	1	0	3.03041
731	-79.333	-18.5	81.461	747.625	8.64674	3.02	4.5	20.667	6.8656E-8	1	0	3.03002
732	-79.333	-17.5	81.24	747.653	8.64797	3.02	4.5	20.667	6.8675E-8	1	0	3.02962
733	-79.333	-16.5	81.031	747.682	8.64924	3.02	4.5	20.667	6.8694E-8	1	0	3.0292
734	-79.333	-15.5	80.833	747.711	8.65053	3.02	4.5	20.667	6.8714E-8	1	0	3.02878
735	-79.333	-14.5	80.647	747.741	8.65182	3.02	4.5	20.667	6.8733E-8	1	0	3.02836
736	-79.333	-13.5	80.473	747.77	8.65311	3.02	4.5	20.667	6.8753E-8	1	0	3.02794
737	-79.333	-12.5	80.312	747.799	8.65438	3.02	4.5	20.667	6.8772E-8	1	0	3.02752
738	-79.333	-11.5	80.162	747.827	8.65561	3.02	4.5	20.667	6.8791E-8	1	0	3.02712
739	-79.333	-10.5	80.025	747.854	8.65679	3.02	4.5	20.667	6.8809E-8	1	0	3.02673
740	-79.333	-9.5	79.9	747.879	8.65791	3.02	4.5	20.667	6.8827E-8	1	0	3.02636
741	-79.333	-8.5	79.787	747.903	8.65896	3.02	4.5	20.667	6.8843E-8	1	0	3.02602
742	-79.333	-7.5	79.687	747.925	8.65993	3.02	4.5	20.667	6.8857E-8	1	0	3.02571
743	-79.333	-6.5	79.599	747.945	8.66079	3.02	4.5	20.667	6.8871E-8	1	0	3.02542
744	-79.333	-5.5	79.523	747.962	8.66156	3.02	4.5	20.667	6.8882E-8	1	0	3.02518
745	-79.333	-4.5	79.46	747.977	8.6622	3.02	4.5	20.667	6.8892E-8	1	0	3.02496
746	-79.333	-3.5	79.41	747.989	8.66273	3.02	4.5	20.667	6.89E-8	1	0	3.02479
747	-79.333	-2.5	79.372	747.998	8.66313	3.02	4.5	20.667	6.8907E-8	1	0	3.02466
748	-79.333	-1.5	79.347	748.004	8.6634	3.02	4.5	20.667	6.8911E-8	1	0	3.02457
749	-79.333	-0.5	79.334	748.007	8.66354	3.02	4.5	20.667	6.8913E-8	1	0	3.02453
750	-79.333	0.5	79.334	748.007	8.66354	3.02	4.5	20.667	6.8913E-8	1	0	3.02453
751	-79.333	1.5	79.347	748.004	8.6634	3.02	4.5	20.667	6.8911E-8	1	0	3.02457
752	-79.333	2.5	79.372	747.998	8.66313	3.02	4.5	20.667	6.8907E-8	1	0	3.02466
753	-79.333	3.5	79.41	747.989	8.66273	3.02	4.5	20.667	6.89E-8	1	0	3.02479
754	-79.333	4.5	79.46	747.977	8.6622	3.02	4.5	20.667	6.8892E-8	1	0	3.02496
755	-79.333	5.5	79.523	747.962	8.66156	3.02	4.5	20.667	6.8882E-8	1	0	3.02518
756	-79.333	6.5	79.599	747.945	8.66079	3.02	4.5	20.667	6.8871E-8	1	0	3.02542
757	-79.333	7.5	79.687	747.925	8.65993	3.02	4.5	20.667	6.8857E-8	1	0	3.02571
758	-79.333	8.5	79.787	747.903	8.65896	3.02	4.5	20.667	6.8843E-8	1	0	3.02602
759	-79.333	9.5	79.9	747.879	8.65791	3.02	4.5	20.667	6.8827E-8	1	0	3.02636
760	-79.333	10.5	80.025	747.854	8.65679	3.02	4.5	20.667	6.8809E-8	1	0	3.02673
761	-79.333	11.5	80.162	747.827	8.65561	3.02	4.5	20.667	6.8791E-8	1	0	3.02712
762	-79.333	12.5	80.312	747.799	8.65438	3.02	4.5	20.667	6.8772E-8	1	0	3.02752
763	-79.333	13.5	80.473	747.77	8.65311	3.02	4.5	20.667	6.8753E-8	1	0	3.02794
764	-79.333	14.5	80.647	747.741	8.65182	3.02	4.5	20.667	6.8733E-8	1	0	3.02836
765	-79.333	15.5	80.833	747.711	8.65053	3.02	4.5	20.667	6.8714E-8	1	0	3.02878
766	-79.333	16.5	81.031	747.682	8.64924	3.02	4.5	20.667	6.8694E-8	1	0	3.0292
767	-79.333	17.5	81.24	747.653	8.64797	3.02	4.5	20.667	6.8675E-8	1	0	3.02962
768	-79.333	18.5	81.461	747.625	8.64674	3.02	4.5	20.667	6.8656E-8	1	0	3.03002
769	-79.333	19.5	81.694	747.598	8.64556	3.02	4.5	20.667	6.8638E-8	1	0	3.03041
770	-79.333	20.5	81.939	747.572	8.64444	3.02	4.5	20.667	6.8621E-8	1	0	3.03078
771	-79.333	21.5	82.195	747.549	8.64339	3.02	4.5	20.667	6.8605E-8	1	0	3.03112
772	-79.333	22.5	82.462	747.527	8.64243	3.02	4.5	20.667	6.859E-8	1	0	3.03143
773	-79.333	23.5	82.74	747.507	8.64157	3.02	4.5	20.667	6.8577E-8	1	0	3.03172
774	-79.333	24.5	83.03	747.49	8.64081	3.02	4.5	20.667	6.8565E-8	1	0	3.03197
775	-79.333	25.5	83.33	747.475	8.64016	3.02	4.5	20.667	6.8555E-8	1	0	3.03218
776	-79.333	26.5	83.642	747.463	8.63963	3.02	4.5	20.667	6.8547E-8	1	0	3.03235
777	-79.333	27.5	83.964	747.454	8.63923	3.02	4.5	20.667	6.8541E-8	1	0	3.03248
778	-79.333	28.5	84.297	747.448	8.63897	3.02	4.5	20.667	6.8537E-8	1	0	3.03257
779	-79.333	29.5	84.64	747.445	8.63883	3.02	4.5	20.667	6.8535E-8	1	0	3.03261
780	-74.169	-29.5	79.821	805.181	8.63047	3.02	4.5	25.831	6.6909E-8	1	0	2.55498
781	-74.169	-28.5	79.457	805.186	8.6307	3.02	4.5	25.831	6.6912E-8	1	0	2.55491
782	-74.169	-27.5	79.103	805.196	8.63115	3.02	4.5	25.831	6.6919E-8	1	0	2.55479
783	-74.169	-26.5	78.761	805.211	8.63182	3.02	4.5	25.831	6.6929E-8	1	0	2.55461
784	-74.169	-25.5	78.431	805.23	8.6327	3.02	4.5	25.831	6.6942E-8	1	0	2.55436
785	-74.169	-24.5	78.111	805.253	8.63378	3.02	4.5	25.831	6.6958E-8	1	0	2.55406
786	-74.169	-23.5	77.803	805.28	8.63506	3.02	4.5	25.831	6.6977E-8	1	0	2.55371
787	-74.169	-22.5	77.507	805.312	8.63651	3.02	4.5	25.831	6.6999E-8	1	0	2.55331
788	-74.169	-21.5	77.223	805.346	8.63812	3.02	4.5	25.831	6.7023E-8	1	0	2.55287
789	-74.169	-20.5	76.95	805.384	8.63987	3.02	4.5	25.831	6.7049E-8	1	0	2.55239
790	-74.169	-19.5	76.69	805.425	8.64175	3.02	4.5	25.831	6.7077E-8	1	0	2.55187
791	-74.169	-18.5	76.442	805.468	8.64374	3.02	4.5	25.831	6.7107E-8	1	0	2.55133
792	-74.169	-17.5	76.206	805.512	8.6458	3.02	4.5	25.831	6.7138E-8	1	0	2.55076
793	-74.169	-16.5	75.983	805.558	8.64792	3.02	4.5	25.831	6.717E-8	1	0	2.55017
794	-74.169	-15.5	75.772	805.605	8.65008	3.02	4.5	25.831	6.7202E-8	1	0	2.54958
795	-74.169	-14.5	75.574	805.651	8.65226	3.02	4.5	25.831	6.7235E-8	1	0	2.54899
796	-74.169	-13.5	75.388	805.698	8.65442	3.02	4.5	25.831	6.7267E-8	1	0	2.54839
797	-74.169	-12.5	75.215	805.744	8.65655	3.02	4.5	25.831	6.7299E-8	1	0	2.54781
798	-74.169	-11.5	75.056	805.788	8.65862	3.02	4.5	25.831	6.733E-8	1	0	2.54724
799	-74.169	-10.5	74.909	805.831	8.6606	3.02	4.5	25.831	6.736E-8	1	0	2.5467
800	-74.169	-9.5	74.775	805.872	8.66249	3.02	4.5	25.831	6.7388E-8	1	0	2.54618
801	-74.169	-8.5	74.655	805.91	8.66425	3.02	4.5	25.831	6.7414E-8	1	0	2.5457
802	-74.169	-7.5	74.548	805.945	8.66587	3.02	4.5	25.831	6.7439E-8	1	0	2.54526
803	-74.169	-6.5	74.454	805.976	8.66732	3.02	4.5	25.831	6.7461E-8	1	0	2.54486
804	-74.169	-5.5	74.373	806.004	8.6686	3.02	4.5	25.831	6.748E-8	1	0	2.54451
805	-74.169	-4.5	74.306	806.027	8.66969	3.02	4.5	25.831	6.7496E-8	1	0	2.54421
806	-74.169	-3.5	74.252	806.046	8.67058	3.02	4.5	25.831	6.7509E-8	1	0	2.54397
807	-74.169	-2.5	74.212	806.061	8.67125	3.02	4.5	25.831	6.752E-8	1	0	2.54379
808	-74.169	-1.5	74.185	806.07	8.67171	3.02	4.5	25.831	6.7526E-8	1	0	2.54366
809	-74.169	-0.5	74.171	806.075	8.67193	3.02	4.5	25.831	6.753E-8	1	0	2.5436
810	-74.169	0.5	74.171	806.075	8.67193	3.02	4.5	25.831	6.753E-8	1	0	2.5436
811	-74.169	1.5	74.185	806.07	8.67171	3.02	4.5	25.831	6.7526E-8	1	0	2.54366
812	-74.169	2.5	74.212	806.061	8.67125	3.02	4.5	25.831	6.752E-8	1	0	2.54379
813	-74.169	3.5	74.252	806.046	8.67058	3.02	4.5	25.831	6.7509E-8	1	0	2.54397
814	-74.169	4.5	74.306	806.027	8.66969	3.02	4.5	25.831	6.7496E-8	1	0	2.54421
815	-74.169	5.5	74.373	806.004	8.6686	3.02	4.5	25.831	6.748E-8	1	0	2.54451
816	-74.169	6.5	74.454	805.976	8.66732	3.02	4.5	25.831	6.7461E-8	1	0	2.54486
817	-74.169	7.5	74.548	805.945	8.66587	3.02	4.5	25.831	6.7439E-8	1	0	2.54526
818	-74.169	8.5	74.655	805.91	8.66425	3.02	4.5	25.831	6.7414E-8	1	0	2.5457
819	-74.169	9.5	74.775	805.872	8.66249	3.02	4.5	25.831	6.7388E-8	1	0	2.54618
820	-74.169	10.5	74.909	805.831	8.6606	3.02	4.5	25.831	6.736E-8	1	0	2.5467
821	-74.169	11.5	75.056	805.788	8.65862	3.02	4.5	25.831	6.733E-8	1	0	2.54724
822	-74.169	12.5	75.215	805.744	8.65655	3.02	4.5	25.831	6.7299E-8	1	0	2.54781
823	-74.169	13.5	75.388	805.698	8.65442	3.02	4.5	25.831	6.7267E-8	1	0	2.54839
824	-74.169	14.5	75.574	805.651	8.65226	3.02	4.5	25.831	6.7235E-8	1	0	2.54899
825	-74.169	15.5	75.772	805.605	8.65008	3.02	4.5	25.831	6.7202E-8	1	0	2.54958
826	-74.169	16.5	75.983	805.558	8.64792	3.02	4.5	25.831	6.717E-8	1	0	2.55017
827	-74.169	17.5	76.206	805.512	8.6458	3.02	4.5	25.831	6.7138E-8	1	0	2.55076
828	-74.169	18.5	76.442	805.468	8.64374	3.02	4.5	25.831	6.7107E-8	1	0	2.55133
829	-74.169	19.5	76.69	805.425	8.64175	3.02	4.5	25.831	6.7077E-8	1	0	2.55187
830	-74.169	20.5	76.95	805.384	8.63987	3.02	4.5	25.831	6.7049E-8	1	0	2.55239
831	-74.169	21.5	77.223	805.346	8.63812	3.02	4.5	25.831	6.7023E-8	1	0	2.55287
832	-74.169	22.5	77.507	805.312	8.63651	3.02	4.5	25.831	6.6999E-8	1	0	2.55331
833	-74.169	23.5	77.803	805.28	8.63506	3.02	4.5	25.831	6.6977E-8	1	0	2.55371
834	-74.169	24.5	78.111	805.253	8.63378	3.02	4.5	25.831	6.6958E-8	1	0	2.55406
835	-74.169	25.5	78.431	805.23	8.6327	3.02	4.5	25.831	6.6942E-8	1	0	2.55436
836	-74.169	26.5	78.761	805.211	8.63182	3.02	4.5	25.831	6.6929E-8	1	0	2.55461
837	-74.169	27.5	79.103	805.196	8.63115	3.02	4.5	25.831	6.6919E-8	1	0	2.55479
838	-74.169	28.5	79.457	805.186	8.6307	3.02	4.5	25.831	6.6912E-8	1	0	2.55491
839	-74.169	29.5	79.821	805.181	8.63047	3.02	4.5	25.831	6.6909E-8	1	0	2.55498
840	-69.9	-29.5	75.87	848.103	8.61932	3.02	4.5	30.1	6.5628E-8	1	0	2.30032
841	-69.9	-28.5	75.486	848.11	8.61967	3.02	4.5	30.1	6.5634E-8	1	0	2.30024
842	-69.9	-27.5	75.115	848.124	8.62036	3.02	4.5	30.1	6.5644E-8	1	0	2.30007
843	-69.9	-26.5	74.754	848.145	8.62139	3.02	4.5	30.1	6.5659E-8	1	0	2.29981
844	-69.9	-25.5	74.406	848.173	8.62275	3.02	4.5	30.1	6.5679E-8	1	0	2.29948
845	-69.9	-24.5	74.069	848.207	8.62441	3.02	4.5	30.1	6.5703E-8	1	0	2.29906
846	-69.9	-23.5	73.744	848.247	8.62637	3.02	4.5	30.1	6.5732E-8	1	0	2.29858
847	-69.9	-22.5	73.432	848.293	8.6286	3.02	4.5	30.1	6.5765E-8	1	0	2.29802
848	-69.9	-21.5	73.131	848.343	8.63108	3.02	4.5	30.1	6.5802E-8	1	0	2.29741
849	-69.9	-20.5	72.844	848.398	8.63378	3.02	4.5	30.1	6.5841E-8	1	0	2.29674
850	-69.9	-19.5	72.569	848.457	8.63667	3.02	4.5	30.1	6.5884E-8	1	0	2.29603
851	-69.9	-18.5	72.306	848.519	8.63973	3.02	4.5	30.1	6.5929E-8	1	0	2.29528
852	-69.9	-17.5	72.057	848.584	8.6429	3.02	4.5	30.1	6.5976E-8	1	0	2.29449
853	-69.9	-16.5	71.821	848.651	8.64617	3.02	4.5	30.1	6.6024E-8	1	0	2.29369
854	-69.9	-15.5	71.597	848.718	8.6495	3.02	4.5	30.1	6.6073E-8	1	0	2.29287
855	-69.9	-14.5	71.388	848.786	8.65284	3.02	4.5	30.1	6.6122E-8	1	0	2.29204
856	-69.9	-13.5	71.191	848.854	8.65617	3.02	4.5	30.1	6.6171E-8	1	0	2.29122
857	-69.9	-12.5	71.008	848.921	8.65945	3.02	4.5	30.1	6.622E-8	1	0	2.29042
858	-69.9	-11.5	70.839	848.986	8.66263	3.02	4.5	30.1	6.6267E-8	1	0	2.28964
859	-69.9	-10.5	70.684	849.048	8.66569	3.02	4.5	30.1	6.6312E-8	1	0	2.28889
860	-69.9	-9.5	70.542	849.107	8.6686	3.02	4.5	30.1	6.6355E-8	1	0	2.28817
861	-69.9	-8.5	70.414	849.162	8.67131	3.02	4.5	30.1	6.6395E-8	1	0	2.28751
862	-69.9	-7.5	70.301	849.213	8.6738	3.02	4.5	30.1	6.6432E-8	1	0	2.2869
863	-69.9	-6.5	70.201	849.259	8.67605	3.02	4.5	30.1	6.6465E-8	1	0	2.28635
864	-69.9	-5.5	70.116	849.299	8.67802	3.02	4.5	30.1	6.6494E-8	1	0	2.28586
865	-69.9	-4.5	70.044	849.333	8.6797	3.02	4.5	30.1	6.6519E-8	1	0	2.28545
866	-69.9	-3.5	69.987	849.361	8.68107	3.02	4.5	30.1	6.6539E-8	1	0	2.28512
867	-69.9	-2.5	69.944	849.382	8.6821	3.02	4.5	30.1	6.6555E-8	1	0	2.28487
868	-69.9	-1.5	69.916	849.396	8.6828	3.02	4.5	30.1	6.6565E-8	1	0	2.2847
869	-69.9	-0.5	69.901	849.403	8.68315	3.02	4.5	30.1	6.657E-8	1	0	2.28461
870	-69.9	0.5	69.901	849.403	8.68315	3.02	4.5	30.1	6.657E-8	1	0	2.28461
871	-69.9	1.5	69.916	849.396	8.6828	3.02	4.5	30.1	6.6565E-8	1	0	2.2847
872	-69.9	2.5	69.944	849.382	8.6821	3.02	4.5	30.1	6.6555E-8	1	0	2.28487
873	-69.9	3.5	69.987	849.361	8.68107	3.02	4.5	30.1	6.6539E-8	1	0	2.28512
874	-69.9	4.5	70.044	849.333	8.6797	3.02	4.5	30.1	6.6519E-8	1	0	2.28545
875	-69.9	5.5	70.116	849.299	8.67802	3.02	4.5	30.1	6.6494E-8	1	0	2.28586
876	-69.9	6.5	70.201	849.259	8.67605	3.02	4.5	30.1	6.6465E-8	1	0	2.28635
877	-69.9	7.5	70.301	849.213	8.6738	3.02	4.5	30.1	6.6432E-8	1	0	2.2869
878	-69.9	8.5	70.414	849.162	8.67131	3.02	4.5	30.1	6.6395E-8	1	0	2.28751
879	-69.9	9.5	70.542	849.107	8.6686	3.02	4.5	30.1	6.6355E-8	1	0	2.28817
880	-69.9	10.5	70.684	849.048	8.66569	3.02	4.5	30.1	6.6312E-8	1	0	2.28889
881	-69.9	11.5	70.839	848.986	8.66263	3.02	4.5	30.1	6.6267E-8	1	0	2.28964
882	-69.9	12.5	71.008	848.921	8.65945	3.02	4.5	30.1	6.622E-8	1	0	2.29042
883	-69.9	13.5	71.191	848.854	8.65617	3.02	4.5	30.1	6.6171E-8	1	0	2.29122
884	-69.9	14.5	71.388	848.786	8.65284	3.02	4.5	30.1	6.6122E-8	1	0	2.29204
885	-69.9	15.5	71.597	848.718	8.6495	3.02	4.5	30.1	6.6073E-8	1	0	2.29287
886	-69.9	16.5	71.821	848.651	8.64617	3.02	4.5	30.1	6.6024E-8	1	0	2.29369
887	-69.9	17.5	72.057	848.584	8.6429	3.02	4.5	30.1	6.5976E-8	1	0	2.29449
888	-69.9	18.5	72.306	848.519	8.63973	3.02	4.5	30.1	6.5929E-8	1	0	2.29528
889	-69.9	19.5	72.569	848.457	8.63667	3.02	4.5	30.1	6.5884E-8	1	0	2.29603
890	-69.9	20.5	72.844	848.398	8.63378	3.02	4.5	30.1	6.5841E-8	1	0	2.29674
891	-69.9	21.5	73.131	848.343	8.63108	3.02	4.5	30.1	6.5802E-8	1	0	2.29741
892	-69.9	22.5	73.432	848.293	8.6286	3.02	4.5	30.1	6.5765E-8	1	0	2.29802
893	-69.9	23.5	73.744	848.247	8.62637	3.02	4.5	30.1	6.5732E-8	1	0	2.29858
894	-69.9	24.5	74.069	848.207	8.62441	3.02	4.5	30.1	6.5703E-8	1	0	2.29906
895	-69.9	25.5	74.406	848.173	8.62275	3.02	4.5	30.1	6.5679E-8	1	0	2.29948
896	-69.9	26.5	74.754	848.145	8.62139	3.02	4.5	30.1	6.5659E-8	1	0	2.29981
897	-69.9	27.5	75.115	848.124	8.62036	3.02	4.5	30.1	6.5644E-8	1	0	2.30007
898	-69.9	28.5	75.486	848.11	8.61967	3.02	4.5	30.1	6.5634E-8	1	0	2.30024
899	-69.9	29.5	75.87	848.103	8.61932	3.02	4.5	30.1	6.5628E-8	1	0	2.30032
900	-66.615	-29.5	72.855	878.141	8.60658	3.02	4.5	33.385	6.4662E-8	1	0	2.15805
901	-66.615	-28.5	72.456	878.151	8.60707	3.02	4.5	33.385	6.4669E-8	1	0	2.15793
902	-66.615	-27.5	72.068	878.169	8.60804	3.02	4.5	33.385	6.4683E-8	1	0	2.15771
903	-66.615	-26.5	71.693	878.197	8.60948	3.02	4.5	33.385	6.4704E-8	1	0	2.15737
904	-66.615	-25.5	71.329	878.234	8.61137	3.02	4.5	33.385	6.4732E-8	1	0	2.15693
905	-66.615	-24.5	70.978	878.279	8.61371	3.02	4.5	33.385	6.4765E-8	1	0	2.15639
906	-66.615	-23.5	70.639	878.331	8.61645	3.02	4.5	33.385	6.4805E-8	1	0	2.15575
907	-66.615	-22.5	70.312	878.392	8.61957	3.02	4.5	33.385	6.4851E-8	1	0	2.15502
908	-66.615	-21.5	69.999	878.458	8.62304	3.02	4.5	33.385	6.4901E-8	1	0	2.15422
909	-66.615	-20.5	69.698	878.531	8.62682	3.02	4.5	33.385	6.4956E-8	1	0	2.15334
910	-66.615	-19.5	69.41	878.609	8.63087	3.02	4.5	33.385	6.5015E-8	1	0	2.1524
911	-66.615	-18.5	69.136	878.691	8.63514	3.02	4.5	33.385	6.5077E-8	1	0	2.15142
912	-66.615	-17.5	68.875	878.777	8.63959	3.02	4.5	33.385	6.5142E-8	1	0	2.15039
913	-66.615	-16.5	68.628	878.865	8.64417	3.02	4.5	33.385	6.5209E-8	1	0	2.14933
914	-66.615	-15.5	68.395	878.955	8.64883	3.02	4.5	33.385	6.5277E-8	1	0	2.14825
915	-66.615	-14.5	68.175	879.045	8.65351	3.02	4.5	33.385	6.5346E-8	1	0	2.14717
916	-66.615	-13.5	67.969	879.134	8.65818	3.02	4.5	33.385	6.5414E-8	1	0	2.1461
917	-66.615	-12.5	67.778	879.223	8.66277	3.02	4.5	33.385	6.5481E-8	1	0	2.14504
918	-66.615	-11.5	67.6	879.309	8.66723	3.02	4.5	33.385	6.5546E-8	1	0	2.14402
919	-66.615	-10.5	67.437	879.391	8.67152	3.02	4.5	33.385	6.5609E-8	1	0	2.14303
920	-66.615	-9.5	67.289	879.469	8.67559	3.02	4.5	33.385	6.5668E-8	1	0	2.1421
921	-66.615	-8.5	67.155	879.542	8.6794	3.02	4.5	33.385	6.5724E-8	1	0	2.14122
922	-66.615	-7.5	67.036	879.609	8.68289	3.02	4.5	33.385	6.5775E-8	1	0	2.14042
923	-66.615	-6.5	66.931	879.67	8.68604	3.02	4.5	33.385	6.5821E-8	1	0	2.1397
924	-66.615	-5.5	66.842	879.723	8.68881	3.02	4.5	33.385	6.5862E-8	1	0	2.13907
925	-66.615	-4.5	66.767	879.768	8.69117	3.02	4.5	33.385	6.5896E-8	1	0	2.13853
926	-66.615	-3.5	66.707	879.805	8.69308	3.02	4.5	33.385	6.5925E-8	1	0	2.13809
927	-66.615	-2.5	66.662	879.833	8.69454	3.02	4.5	33.385	6.5946E-8	1	0	2.13776
928	-66.615	-1.5	66.632	879.852	8.69552	3.02	4.5	33.385	6.596E-8	1	0	2.13754
929	-66.615	-0.5	66.617	879.861	8.69601	3.02	4.5	33.385	6.5967E-8	1	0	2.13743
930	-66.615	0.5	66.617	879.861	8.69601	3.02	4.5	33.385	6.5967E-8	1	0	2.13743
931	-66.615	1.5	66.632	879.852	8.69552	3.02	4.5	33.385	6.596E-8	1	0	2.13754
932	-66.615	2.5	66.662	879.833	8.69454	3.02	4.5	33.385	6.5946E-8	1	0	2.13776
933	-66.615	3.5	66.707	879.805	8.69308	3.02	4.5	33.385	6.5925E-8	1	0	2.13809
934	-66.615	4.5	66.767	879.768	8.69117	3.02	4.5	33.385	6.5896E-8	1	0	2.13853
935	-66.615	5.5	66.842	879.723	8.68881	3.02	4.5	33.385	6.5862E-8	1	0	2.13907
936	-66.615	6.5	66.931	879.67	8.68604	3.02	4.5	33.385	6.5821E-8	1	0	2.1397
937	-66.615	7.5	67.036	879.609	8.68289	3.02	4.5	33.385	6.5775E-8	1	0	2.14042
938	-66.615	8.5	67.155	879.542	8.6794	3.02	4.5	33.385	6.5724E-8	1	0	2.14122
939	-66.615	9.5	67.289	879.469	8.67559	3.02	4.5	33.385	6.5668E-8	1	0	2.1421
940	-66.615	10.5	67.437	879.391	8.67152	3.02	4.5	33.385	6.5609E-8	1	0	2.14303
941	-66.615	11.5	67.6	879.309	8.66723	3.02	4.5	33.385	6.5546E-8	1	0	2.14402
942	-66.615	12.5	67.778	879.223	8.66277	3.02	4.5	33.385	6.5481E-8	1	0	2.14504
943	-66.615	13.5	67.969	879.134	8.65818	3.02	4.5	33.385	6.5414E-8	1	0	2.1461
944	-66.615	14.5	68.175	879.045	8.65351	3.02	4.5	33.385	6.5346E-8	1	0	2.14717
945	-66.615	15.5	68.395	878.955	8.64883	3.02	4.5	33.385	6.5277E-8	1	0	2.14825
946	-66.615	16.5	68.628	878.865	8.64417	3.02	4.5	33.385	6.5209E-8	1	0	2.14933
947	-66.615	17.5	68.875	878.777	8.63959	3.02	4.5	33.385	6.5142E-8	1	0	2.15039
948	-66.615	18.5	69.136	878.691	8.63514	3.02	4.5	33.385	6.5077E-8	1	0	2.15142
949	-66.615	19.5	69.41	878.609	8.63087	3.02	4.5	33.385	6.5015E-8	1	0	2.1524
950	-66.615	20.5	69.698	878.531	8.62682	3.02	4.5	33.385	6.4956E-8	1	0	2.15334
951	-66.615	21.5	69.999	878.458	8.62304	3.02	4.5	33.385	6.4901E-8	1	0	2.15422
952	-66.615	22.5	70.312	878.392	8.61957	3.02	4.5	33.385	6.4851E-8	1	0	2.15502
953	-66.615	23.5	70.639	878.331	8.61645	3.02	4.5	33.385	6.4805E-8	1	0	2.15575
954	-66.615	24.5	70.978	878.279	8.61371	3.02	4.5	33.385	6.4765E-8	1	0	2.15639
955	-66.615	25.5	71.329	878.234	8.61137	3.02	4.5	33.385	6.4732E-8	1	0	2.15693
956	-66.615	26.5	71.693	878.197	8.60948	3.02	4.5	33.385	6.4704E-8	1	0	2.15737
957	-66.615	27.5	72.068	878.169	8.60804	3.02	4.5	33.385	6.4683E-8	1	0	2.15771
958	-66.615	28.5	72.456	878.151	8.60707	3.02	4.5	33.385	6.4669E-8	1	0	2.15793
959	-66.615	29.5	72.855	878.141	8.60658	3.02	4.5	33.385	6.4662E-8	1	0	2.15805
960	-64.089	-29.5	70.552	899.51	8.5933	3.02	4.5	35.912	6.3914E-8	1	0	2.07146
961	-64.089	-28.5	70.14	899.522	8.59393	3.02	4.5	35.912	6.3924E-8	1	0	2.07132
962	-64.089	-27.5	69.739	899.545	8.59519	3.02	4.5	35.912	6.3942E-8	1	0	2.07103
963	-64.089	-26.5	69.351	899.579	8.59705	3.02	4.5	35.912	6.3969E-8	1	0	2.07062
964	-64.089	-25.5	68.975	899.624	8.59951	3.02	4.5	35.912	6.4004E-8	1	0	2.07007
965	-64.089	-24.5	68.612	899.68	8.60254	3.02	4.5	35.912	6.4048E-8	1	0	2.06939
966	-64.089	-23.5	68.261	899.745	8.6061	3.02	4.5	35.912	6.4099E-8	1	0	2.06859
967	-64.089	-22.5	67.923	899.819	8.61015	3.02	4.5	35.912	6.4157E-8	1	0	2.06769
968	-64.089	-21.5	67.599	899.901	8.61465	3.02	4.5	35.912	6.4222E-8	1	0	2.06668
969	-64.089	-20.5	67.287	899.991	8.61956	3.02	4.5	35.912	6.4293E-8	1	0	2.06559
970	-64.089	-19.5	66.989	900.087	8.62481	3.02	4.5	35.912	6.4369E-8	1	0	2.06442
971	-64.089	-18.5	66.705	900.189	8.63035	3.02	4.5	35.912	6.4449E-8	1	0	2.06319
972	-64.089	-17.5	66.435	900.294	8.63613	3.02	4.5	35.912	6.4533E-8	1	0	2.06191
973	-64.089	-16.5	66.178	900.403	8.64208	3.02	4.5	35.912	6.4619E-8	1	0	2.06059
974	-64.089	-15.5	65.936	900.514	8.64813	3.02	4.5	35.912	6.4707E-8	1	0	2.05925
975	-64.089	-14.5	65.708	900.625	8.65421	3.02	4.5	35.912	6.4795E-8	1	0	2.0579
976	-64.089	-13.5	65.495	900.736	8.66027	3.02	4.5	35.912	6.4883E-8	1	0	2.05656
977	-64.089	-12.5	65.296	900.844	8.66624	3.02	4.5	35.912	6.4969E-8	1	0	2.05525
978	-64.089	-11.5	65.112	900.95	8.67204	3.02	4.5	35.912	6.5053E-8	1	0	2.05397
979	-64.089	-10.5	64.943	901.052	8.67762	3.02	4.5	35.912	6.5135E-8	1	0	2.05274
980	-64.089	-9.5	64.789	901.149	8.68291	3.02	4.5	35.912	6.5211E-8	1	0	2.05158
981	-64.089	-8.5	64.65	901.239	8.68785	3.02	4.5	35.912	6.5283E-8	1	0	2.0505
982	-64.089	-7.5	64.526	901.322	8.6924	3.02	4.5	35.912	6.535E-8	1	0	2.0495
983	-64.089	-6.5	64.417	901.397	8.69649	3.02	4.5	35.912	6.5409E-8	1	0	2.0486
984	-64.089	-5.5	64.324	901.462	8.70009	3.02	4.5	35.912	6.5462E-8	1	0	2.04782
985	-64.089	-4.5	64.246	901.518	8.70315	3.02	4.5	35.912	6.5506E-8	1	0	2.04715
986	-64.089	-3.5	64.184	901.564	8.70565	3.02	4.5	35.912	6.5543E-8	1	0	2.0466
987	-64.089	-2.5	64.137	901.598	8.70754	3.02	4.5	35.912	6.557E-8	1	0	2.04619
988	-64.089	-1.5	64.106	901.621	8.70881	3.02	4.5	35.912	6.5589E-8	1	0	2.04591
989	-64.089	-0.5	64.09	901.633	8.70945	3.02	4.5	35.912	6.5598E-8	1	0	2.04577
990	-64.089	0.5	64.09	901.633	8.70945	3.02	4.5	35.912	6.5598E-8	1	0	2.04577
991	-64.089	1.5	64.106	901.621	8.70881	3.02	4.5	35.912	6.5589E-8	1	0	2.04591
992	-64.089	2.5	64.137	901.598	8.70754	3.02	4.5	35.912	6.557E-8	1	0	2.04619
993	-64.089	3.5	64.184	901.564	8.70565	3.02	4.5	35.912	6.5543E-8	1	0	2.0466
994	-64.089	4.5	64.246	901.518	8.70315	3.02	4.5	35.912	6.5506E-8	1	0	2.04715
995	-64.089	5.5	64.324	901.462	8.70009	3.02	4.5	35.912	6.5462E-8	1	0	2.04782
996	-64.089	6.5	64.417	901.397	8.69649	3.02	4.5	35.912	6.5409E-8	1	0	2.0486
997	-64.089	7.5	64.526	901.322	8.6924	3.02	4.5	35.912	6.535E-8	1	0	2.0495
998	-64.089	8.5	64.65	901.239	8.68785	3.02	4.5	35.912	6.5283E-8	1	0	2.0505
999	-64.089	9.5	64.789	901.149	8.68291	3.02	4.5	35.912	6.5211E-8	1	0	2.05158
1000	-64.089	10.5	64.943	901.052	8.67762	3.02	4.5	35.912	6.5135E-8	1	0	2.05274
1001	-64.089	11.5	65.112	900.95	8.67204	3.02	4.5	35.912	6.5053E-8	1	0	2.05397
1002	-64.089	12.5	65.296	900.844	8.66624	3.02	4.5	35.912	6.4969E-8	1	0	2.05525
1003	-64.089	13.5	65.495	900.736	8.66027	3.02	4.5	35.912	6.4883E-8	1	0	2.05656
1004	-64.089	14.5	65.708	900.625	8.65421	3.02	4.5	35.912	6.4795E-8	1	0	2.0579
1005	-64.089	15.5	65.936	900.514	8.64813	3.02	4.5	35.912	6.4707E-8	1	0	2.05925
1006	-64.089	16.5	66.178	900.403	8.64208	3.02	4.5	35.912	6.4619E-8	1	0	2.06059
1007	-64.089	17.5	66.435	900.294	8.63613	3.02	4.5	35.912	6.4533E-8	1	0	2.06191
1008	-64.089	18.5	66.705	900.189	8.63035	3.02	4.5	35.912	6.4449E-8	1	0	2.06319
1009	-64.089	19.5	66.989	900.087	8.62481	3.02	4.5	35.912	6.4369E-8	1	0	2.06442
1010	-64.089	20.5	67.287	899.991	8.61956	3.02	4.5	35.912	6.4293E-8	1	0	2.06559
1011	-64.089	21.5	67.599	899.901	8.61465	3.02	4.5	35.912	6.4222E-8	1	0	2.06668
1012	-64.089	22.5	67.923	899.819	8.61015	3.02	4.5	35.912	6.4157E-8	1	0	2.06769
1013	-64.089	23.5	68.261	899.745	8.6061	3.02	4.5	35.912	6.4099E-8	1	0	2.06859
1014	-64.089	24.5	68.612	899.68	8.60254	3.02	4.5	35.912	6.4048E-8	1	0	2.06939
1015	-64.089	25.5	68.975	899.624	8.59951	3.02	4.5	35.912	6.4004E-8	1	0	2.07007
1016	-64.089	26.5	69.351	899.579	8.59705	3.02	4.5	35.912	6.3969E-8	1	0	2.07062
1017	-64.089	27.5	69.739	899.545	8.59519	3.02	4.5	35.912	6.3942E-8	1	0	2.07103
1018	-64.089	28.5	70.14	899.522	8.59393	3.02	4.5	35.912	6.3924E-8	1	0	2.07132
1019	-64.089	29.5	70.552	899.51	8.5933	3.02	4.5	35.912	6.3914E-8	1	0	2.07146
1020	-62.145	-29.5	68.791	914.931	8.58039	3.02	4.5	37.855	6.3328E-8	1	0	2.01565
1021	-62.145	-28.5	68.368	914.944	8.58116	3.02	4.5	37.855	6.3339E-8	1	0	2.01548
1022	-62.145	-27.5	67.958	914.971	8.5827	3.02	4.5	37.855	6.3361E-8	1	0	2.01514
1023	-62.145	-26.5	67.559	915.011	8.58498	3.02	4.5	37.855	6.3394E-8	1	0	2.01464
1024	-62.145	-25.5	67.173	915.064	8.58799	3.02	4.5	37.855	6.3437E-8	1	0	2.01399
1025	-62.145	-24.5	66.8	915.129	8.59169	3.02	4.5	37.855	6.349E-8	1	0	2.01318
1026	-62.145	-23.5	66.44	915.205	8.59603	3.02	4.5	37.855	6.3552E-8	1	0	2.01223
1027	-62.145	-22.5	66.093	915.292	8.60099	3.02	4.5	37.855	6.3623E-8	1	0	2.01115
1028	-62.145	-21.5	65.759	915.389	8.60649	3.02	4.5	37.855	6.3702E-8	1	0	2.00996
1029	-62.145	-20.5	65.439	915.494	8.61249	3.02	4.5	37.855	6.3789E-8	1	0	2.00866
1030	-62.145	-19.5	65.133	915.607	8.61892	3.02	4.5	37.855	6.3881E-8	1	0	2.00726
1031	-62.145	-18.5	64.84	915.726	8.6257	3.02	4.5	37.855	6.3978E-8	1	0	2.00579
1032	-62.145	-17.5	64.562	915.849	8.63277	3.02	4.5	37.855	6.408E-8	1	0	2.00427
1033	-62.145	-16.5	64.298	915.977	8.64004	3.02	4.5	37.855	6.4185E-8	1	0	2.0027
1034	-62.145	-15.5	64.049	916.106	8.64744	3.02	4.5	37.855	6.4291E-8	1	0	2.0011
1035	-62.145	-14.5	63.814	916.237	8.65489	3.02	4.5	37.855	6.4399E-8	1	0	1.9995
1036	-62.145	-13.5	63.594	916.367	8.66231	3.02	4.5	37.855	6.4506E-8	1	0	1.99791
1037	-62.145	-12.5	63.39	916.494	8.66961	3.02	4.5	37.79	6.4611E-8	1	0	1.99864
1038	-62.145	-11.5	63.2	916.619	8.67672	3.02	4.5	37.6	6.4714E-8	1	0	2.00383
1039	-62.145	-10.5	63.026	916.738	8.68355	3.02	4.5	37.426	6.4813E-8	1	0	2.0086
1040	-62.145	-9.5	62.867	916.851	8.69003	3.02	4.5	37.267	6.4907E-8	1	0	2.01295
1041	-62.145	-8.5	62.724	916.957	8.69609	3.02	4.5	37.124	6.4994E-8	1	0	2.01687
1042	-62.145	-7.5	62.596	917.054	8.70166	3.02	4.5	36.996	6.5075E-8	1	0	2.02036
1043	-62.145	-6.5	62.484	917.142	8.70667	3.02	4.5	36.884	6.5148E-8	1	0	2.02341
1044	-62.145	-5.5	62.388	917.219	8.71108	3.02	4.5	36.788	6.5212E-8	1	0	2.02604
1045	-62.145	-4.5	62.308	917.285	8.71484	3.02	4.5	36.708	6.5266E-8	1	0	2.02823
1046	-62.145	-3.5	62.243	917.338	8.71789	3.02	4.5	36.643	6.5311E-8	1	0	2.02998
1047	-62.145	-2.5	62.195	917.378	8.72021	3.02	4.5	36.595	6.5344E-8	1	0	2.03129
1048	-62.145	-1.5	62.163	917.406	8.72178	3.02	4.5	36.563	6.5367E-8	1	0	2.03217
1049	-62.145	-0.5	62.147	917.419	8.72256	3.02	4.5	36.547	6.5379E-8	1	0	2.03261
1050	-62.145	0.5	62.147	917.419	8.72256	3.02	4.5	36.547	6.5379E-8	1	0	2.03261
1051	-62.145	1.5	62.163	917.406	8.72178	3.02	4.5	36.563	6.5367E-8	1	0	2.03217
1052	-62.145	2.5	62.195	917.378	8.72021	3.02	4.5	36.595	6.5344E-8	1	0	2.03129
1053	-62.145	3.5	62.243	917.338	8.71789	3.02	4.5	36.643	6.5311E-8	1	0	2.02998
1054	-62.145	4.5	62.308	917.285	8.71484	3.02	4.5	36.708	6.5266E-8	1	0	2.02823
1055	-62.145	5.5	62.388	917.219	8.71108	3.02	4.5	36.788	6.5212E-8	1	0	2.02604
1056	-62.145	6.5	62.484	917.142	8.70667	3.02	4.5	36.884	6.5148E-8	1	0	2.02341
1057	-62.145	7.5	62.596	917.054	8.70166	3.02	4.5	36.996	6.5075E-8	1	0	2.02036
1058	-62.145	8.5	62.724	916.957	8.69609	3.02	4.5	37.124	6.4994E-8	1	0	2.01687
1059	-62.145	9.5	62.867	916.851	8.69003	3.02	4.5	37.267	6.4907E-8	1	0	2.01295
1060	-62.145	10.5	63.026	916.738	8.68355	3.02	4.5	37.426	6.4813E-8	1	0	2.0086
1061	-62.145	11.5	63.2	916.619	8.67672	3.02	4.5	37.6	6.4714E-8	1	0	2.00383
1062	-62.145	12.5	63.39	916.494	8.66961	3.02	4.5	37.79	6.4611E-8	1	0	1.99864
1063	-62.145	13.5	63.594	916.367	8.66231	3.02	4.5	37.855	6.4506E-8	1	0	1.99791
1064	-62.145	14.5	63.814	916.237	8.65489	3.02	4.5	37.855	6.4399E-8	1	0	1.9995
1065	-62.145	15.5	64.049	916.106	8.64744	3.02	4.5	37.855	6.4291E-8	1	0	2.0011
1066	-62.145	16.5	64.298	915.977	8.64004	3.02	4.5	37.855	6.4185E-8	1	0	2.0027
1067	-62.145	17.5	64.562	915.849	8.63277	3.02	4.5	37.855	6.408E-8	1	0	2.00427
1068	-62.145	18.5	64.84	915.726	8.6257	3.02	4.5	37.855	6.3978E-8	1	0	2.00579
1069	-62.145	19.5	65.133	915.607	8.61892	3.02	4.5	37.855	6.3881E-8	1	0	2.00726
1070	-62.145	20.5	65.439	915.494	8.61249	3.02	4.5	37.855	6.3789E-8	1	0	2.00866
1071	-62.145	21.5	65.759	915.389	8.60649	3.02	4.5	37.855	6.3702E-8	1	0	2.00996
1072	-62.145	22.5	66.093	915.292	8.60099	3.02	4.5	37.855	6.3623E-8	1	0	2.01115
1073	-62.145	23.5	66.44	915.205	8.59603	3.02	4.5	37.855	6.3552E-8	1	0	2.01223
1074	-62.145	24.5	66.8	915.129	8.59169	3.02	4.5	37.855	6.349E-8	1	0	2.01318
1075	-62.145	25.5	67.173	915.064	8.58799	3.02	4.5	37.855	6.3437E-8	1	0	2.01399
1076	-62.145	26.5	67.559	915.011	8.58498	3.02	4.5	37.855	6.3394E-8	1	0	2.01464
1077	-62.145	27.5	67.958	914.971	8.5827	3.02	4.5	37.855	6.3361E-8	1	0	2.01514
1078	-62.145	28.5	68.368	914.944	8.58116	3.02	4.5	37.855	6.3339E-8	1	0	2.01548
1079	-62.145	29.5	68.791	914.931	8.58039	3.02	4.5	37.855	6.3328E-8	1	0	2.01565
1080	-60.65	-29.5	67.444	926.195	8.56851	3.02	4.5	39.35	6.2866E-8	1	0	1.97817
1081	-60.65	-28.5	67.012	926.211	8.5694	3.02	4.5	39.35	6.2879E-8	1	0	1.97798
1082	-60.65	-27.5	66.593	926.241	8.5712	3.02	4.5	39.35	6.2904E-8	1	0	1.97759
1083	-60.65	-26.5	66.187	926.286	8.57386	3.02	4.5	39.35	6.2942E-8	1	0	1.97702
1084	-60.65	-25.5	65.793	926.346	8.57737	3.02	4.5	39.35	6.2992E-8	1	0	1.97627
1085	-60.65	-24.5	65.412	926.419	8.58169	3.02	4.5	39.35	6.3054E-8	1	0	1.97534
1086	-60.65	-23.5	65.044	926.505	8.58677	3.02	4.5	39.35	6.3126E-8	1	0	1.97425
1087	-60.65	-22.5	64.689	926.603	8.59255	3.02	4.5	39.089	6.3209E-8	1	0	1.98153
1088	-60.65	-21.5	64.348	926.712	8.59898	3.02	4.5	38.748	6.33E-8	1	0	1.99146
1089	-60.65	-20.5	64.021	926.83	8.60598	3.02	4.5	38.421	6.3401E-8	1	0	2.00102
1090	-60.65	-19.5	63.708	926.958	8.61348	3.02	4.5	38.108	6.3508E-8	1	0	2.01019
1091	-60.65	-18.5	63.409	927.092	8.62141	3.02	4.5	37.809	6.3621E-8	1	0	2.01896
1092	-60.65	-17.5	63.124	927.231	8.62966	3.02	4.5	37.524	6.374E-8	1	0	2.02732
1093	-60.65	-16.5	62.854	927.375	8.63816	3.02	4.5	37.254	6.3861E-8	1	0	2.03525
1094	-60.65	-15.5	62.599	927.521	8.64682	3.02	4.5	36.999	6.3986E-8	1	0	2.04275
1095	-60.65	-14.5	62.359	927.668	8.65552	3.02	4.5	36.759	6.4111E-8	1	0	2.04981
1096	-60.65	-13.5	62.134	927.815	8.66419	3.02	4.5	36.534	6.4235E-8	1	0	2.05642
1097	-60.65	-12.5	61.925	927.959	8.67273	3.02	4.5	36.325	6.4358E-8	1	0	2.06258
1098	-60.65	-11.5	61.731	928.099	8.68104	3.02	4.5	36.131	6.4478E-8	1	0	2.06827
1099	-60.65	-10.5	61.552	928.234	8.68902	3.02	4.5	35.952	6.4593E-8	1	0	2.07351
1100	-60.65	-9.5	61.39	928.362	8.6966	3.02	4.5	35.79	6.4703E-8	1	0	2.07828
1101	-60.65	-8.5	61.243	928.481	8.70369	3.02	4.5	35.643	6.4805E-8	1	0	2.08258
1102	-60.65	-7.5	61.112	928.591	8.7102	3.02	4.5	35.512	6.4899E-8	1	0	2.0864
1103	-60.65	-6.5	60.997	928.69	8.71607	3.02	4.5	35.397	6.4984E-8	1	0	2.08975
1104	-60.65	-5.5	60.899	928.777	8.72123	3.02	4.5	35.299	6.5059E-8	1	0	2.09263
1105	-60.65	-4.5	60.817	928.851	8.72563	3.02	4.5	35.217	6.5122E-8	1	0	2.09503
1106	-60.65	-3.5	60.751	928.911	8.7292	3.02	4.5	35.151	6.5174E-8	1	0	2.09694
1107	-60.65	-2.5	60.702	928.957	8.73192	3.02	4.5	35.102	6.5213E-8	1	0	2.09838
1108	-60.65	-1.5	60.669	928.987	8.73375	3.02	4.5	35.069	6.524E-8	1	0	2.09934
1109	-60.65	-0.5	60.652	929.003	8.73467	3.02	4.5	35.052	6.5253E-8	1	0	2.09982
1110	-60.65	0.5	60.652	929.003	8.73467	3.02	4.5	35.052	6.5253E-8	1	0	2.09982
1111	-60.65	1.5	60.669	928.987	8.73375	3.02	4.5	35.069	6.524E-8	1	0	2.09934
1112	-60.65	2.5	60.702	928.957	8.73192	3.02	4.5	35.102	6.5213E-8	1	0	2.09838
1113	-60.65	3.5	60.751	928.911	8.7292	3.02	4.5	35.151	6.5174E-8	1	0	2.09694
1114	-60.65	4.5	60.817	928.851	8.72563	3.02	4.5	35.217	6.5122E-8	1	0	2.09503
1115	-60.65	5.5	60.899	928.777	8.72123	3.02	4.5	35.299	6.5059E-8	1	0	2.09263
1116	-60.65	6.5	60.997	928.69	8.71607	3.02	4.5	35.397	6.4984E-8	1	0	2.08975
1117	-60.65	7.5	61.112	928.591	8.7102	3.02	4.5	35.512	6.4899E-8	1	0	2.0864
1118	-60.65	8.5	61.243	928.481	8.70369	3.02	4.5	35.643	6.4805E-8	1	0	2.08258
1119	-60.65	9.5	61.39	928.362	8.6966	3.02	4.5	35.79	6.4703E-8	1	0	2.07828
1120	-60.65	10.5	61.552	928.234	8.68902	3.02	4.5	35.952	6.4593E-8	1	0	2.07351
1121	-60.65	11.5	61.731	928.099	8.68104	3.02	4.5	36.131	6.4478E-8	1	0	2.06827
1122	-60.65	12.5	61.925	927.959	8.67273	3.02	4.5	36.325	6.4358E-8	1	0	2.06258
1123	-60.65	13.5	62.134	927.815	8.66419	3.02	4.5	36.534	6.4235E-8	1	0	2.05642
1124	-60.65	14.5	62.359	927.668	8.65552	3.02	4.5	36.759	6.4111E-8	1	0	2.04981
1125	-60.65	15.5	62.599	927.521	8.64682	3.02	4.5	36.999	6.3986E-8	1	0	2.04275
1126	-60.65	16.5	62.854	927.375	8.63816	3.02	4.5	37.254	6.3861E-8	1	0	2.03525
1127	-60.65	17.5	63.124	927.231	8.62966	3.02	4.5	37.524	6.374E-8	1	0	2.02732
1128	-60.65	18.5	63.409	927.092	8.62141	3.02	4.5	37.809	6.3621E-8	1	0	2.01896
1129	-60.65	19.5	63.708	926.958	8.61348	3.02	4.5	38.108	6.3508E-8	1	0	2.01019
1130	-60.65	20.5	64.021	926.83	8.60598	3.02	4.5	38.421	6.3401E-8	1	0	2.00102
1131	-60.65	21.5	64.348	926.712	8.59898	3.02	4.5	38.748	6.33E-8	1	0	1.99146
1132	-60.65	22.5	64.689	926.603	8.59255	3.02	4.5	39.089	6.3209E-8	1	0	1.98153
1133	-60.65	23.5	65.044	926.505	8.58677	3.02	4.5	39.35	6.3126E-8	1	0	1.97425
1134	-60.65	24.5	65.412	926.419	8.58169	3.02	4.5	39.35	6.3054E-8	1	0	1.97534
1135	-60.65	25.5	65.793	926.346	8.57737	3.02	4.5	39.35	6.2992E-8	1	0	1.97627
1136	-60.65	26.5	66.187	926.286	8.57386	3.02	4.5	39.35	6.2942E-8	1	0	1.97702
1137	-60.65	27.5	66.593	926.241	8.5712	3.02	4.5	39.35	6.2904E-8	1	0	1.97759
1138	-60.65	28.5	67.012	926.211	8.5694	3.02	4.5	39.35	6.2879E-8	1	0	1.97798
1139	-60.65	29.5	67.444	926.195	8.56851	3.02	4.5	39.35	6.2866E-8	1	0	1.97817
1140	-59.5	-29.5	66.412	934.509	8.55801	3.02	4.5	40.5	6.25E-8	1	0	1.95223
1141	-59.5	-28.5	65.973	934.526	8.55902	3.02	4.5	40.373	6.2515E-8	1	0	1.95587
1142	-59.5	-27.5	65.548	934.559	8.56104	3.02	4.5	39.948	6.2543E-8	1	0	1.96863
1143	-59.5	-26.5	65.134	934.609	8.56404	3.02	4.5	39.534	6.2586E-8	1	0	1.9811
1144	-59.5	-25.5	64.734	934.674	8.56799	3.02	4.5	39.134	6.2642E-8	1	0	1.99326
1145	-59.5	-24.5	64.347	934.754	8.57286	3.02	4.5	38.747	6.2711E-8	1	0	2.00509
1146	-59.5	-23.5	63.973	934.848	8.57858	3.02	4.5	38.373	6.2792E-8	1	0	2.01657
1147	-59.5	-22.5	63.612	934.956	8.58509	3.02	4.5	38.012	6.2885E-8	1	0	2.02767
1148	-59.5	-21.5	63.265	935.075	8.59233	3.02	4.5	37.665	6.2988E-8	1	0	2.03838
1149	-59.5	-20.5	62.933	935.205	8.60023	3.02	4.5	37.333	6.3101E-8	1	0	2.04869
1150	-59.5	-19.5	62.614	935.344	8.60868	3.02	4.5	37.014	6.3221E-8	1	0	2.05857
1151	-59.5	-18.5	62.31	935.491	8.61761	3.02	4.5	36.71	6.3349E-8	1	0	2.06802
1152	-59.5	-17.5	62.02	935.644	8.62692	3.02	4.5	36.42	6.3482E-8	1	0	2.07702
1153	-59.5	-16.5	61.745	935.802	8.6365	3.02	4.5	36.145	6.3619E-8	1	0	2.08556
1154	-59.5	-15.5	61.486	935.962	8.64626	3.02	4.5	35.886	6.3758E-8	1	0	2.09364
1155	-59.5	-14.5	61.241	936.123	8.65608	3.02	4.5	35.641	6.3899E-8	1	0	2.10124
1156	-59.5	-13.5	61.012	936.283	8.66586	3.02	4.5	35.412	6.4039E-8	1	0	2.10835
1157	-59.5	-12.5	60.799	936.441	8.67548	3.02	4.5	35.199	6.4178E-8	1	0	2.11497
1158	-59.5	-11.5	60.601	936.595	8.68486	3.02	4.5	35.001	6.4312E-8	1	0	2.1211
1159	-59.5	-10.5	60.419	936.743	8.69387	3.02	4.5	34.819	6.4442E-8	1	0	2.12673
1160	-59.5	-9.5	60.254	936.883	8.70242	3.02	4.5	34.654	6.4565E-8	1	0	2.13186
1161	-59.5	-8.5	60.104	937.014	8.71042	3.02	4.5	34.504	6.468E-8	1	0	2.13648
1162	-59.5	-7.5	59.971	937.134	8.71777	3.02	4.5	34.371	6.4786E-8	1	0	2.14059
1163	-59.5	-6.5	59.854	937.243	8.7244	3.02	4.5	34.254	6.4882E-8	1	0	2.14419
1164	-59.5	-5.5	59.754	937.338	8.73022	3.02	4.5	34.154	6.4966E-8	1	0	2.14728
1165	-59.5	-4.5	59.67	937.419	8.73518	3.02	4.5	34.07	6.5038E-8	1	0	2.14986
1166	-59.5	-3.5	59.603	937.485	8.73922	3.02	4.5	34.003	6.5096E-8	1	0	2.15192
1167	-59.5	-2.5	59.552	937.535	8.74228	3.02	4.5	33.952	6.5141E-8	1	0	2.15346
1168	-59.5	-1.5	59.519	937.569	8.74435	3.02	4.5	33.919	6.517E-8	1	0	2.1545
1169	-59.5	-0.5	59.502	937.586	8.74539	3.02	4.5	33.902	6.5185E-8	1	0	2.15501
1170	-59.5	0.5	59.502	937.586	8.74539	3.02	4.5	33.902	6.5185E-8	1	0	2.15501
1171	-59.5	1.5	59.519	937.569	8.74435	3.02	4.5	33.919	6.517E-8	1	0	2.1545
1172	-59.5	2.5	59.552	937.535	8.74228	3.02	4.5	33.952	6.5141E-8	1	0	2.15346
1173	-59.5	3.5	59.603	937.485	8.73922	3.02	4.5	34.003	6.5096E-8	1	0	2.15192
1174	-59.5	4.5	59.67	937.419	8.73518	3.02	4.5	34.07	6.5038E-8	1	0	2.14986
1175	-59.5	5.5	59.754	937.338	8.73022	3.02	4.5	34.154	6.4966E-8	1	0	2.14728
1176	-59.5	6.5	59.854	937.243	8.7244	3.02	4.5	34.254	6.4882E-8	1	0	2.14419
1177	-59.5	7.5	59.971	937.134	8.71777	3.02	4.5	34.371	6.4786E-8	1	0	2.14059
1178	-59.5	8.5	60.104	937.014	8.71042	3.02	4.5	34.504	6.468E-8	1	0	2.13648
1179	-59.5	9.5	60.254	936.883	8.70242	3.02	4.5	34.654	6.4565E-8	1	0	2.13186
1180	-59.5	10.5	60.419	936.743	8.69387	3.02	4.5	34.819	6.4442E-8	1	0	2.12673
1181	-59.5	11.5	60.601	936.595	8.68486	3.02	4.5	35.001	6.4312E-8	1	0	2.1211
1182	-59.5	12.5	60.799	936.441	8.67548	3.02	4.5	35.199	6.4178E-8	1	0	2.11497
1183	-59.5	13.5	61.012	936.283	8.66586	3.02	4.5	35.412	6.4039E-8	1	0	2.10835
1184	-59.5	14.5	61.241	936.123	8.65608	3.02	4.5	35.641	6.3899E-8	1	0	2.10124
1185	-59.5	15.5	61.486	935.962	8.64626	3.02	4.5	35.886	6.3758E-8	1	0	2.09364
1186	-59.5	16.5	61.745	935.802	8.6365	3.02	4.5	36.145	6.3619E-8	1	0	2.08556
1187	-59.5	17.5	62.02	935.644	8.62692	3.02	4.5	36.42	6.3482E-8	1	0	2.07702
1188	-59.5	18.5	62.31	935.491	8.61761	3.02	4.5	36.71	6.3349E-8	1	0	2.06802
1189	-59.5	19.5	62.614	935.344	8.60868	3.02	4.5	37.014	6.3221E-8	1	0	2.05857
1190	-59.5	20.5	62.933	935.205	8.60023	3.02	4.5	37.333	6.3101E-8	1	0	2.04869
1191	-59.5	21.5	63.265	935.075	8.59233	3.02	4.5	37.665	6.2988E-8	1	0	2.03838
1192	-59.5	22.5	63.612	934.956	8.58509	3.02	4.5	38.012	6.2885E-8	1	0	2.02767
1193	-59.5	23.5	63.973	934.848	8.57858	3.02	4.5	38.373	6.2792E-8	1	0	2.01657
1194	-59.5	24.5	64.347	934.754	8.57286	3.02	4.5	38.747	6.2711E-8	1	0	2.00509
1195	-59.5	25.5	64.734	934.674	8.56799	3.02	4.5	39.134	6.2642E-8	1	0	1.99326
1196	-59.5	26.5	65.134	934.609	8.56404	3.02	4.5	39.534	6.2586E-8	1	0	1.9811
1197	-59.5	27.5	65.548	934.559	8.56104	3.02	4.5	39.948	6.2543E-8	1	0	1.96863
1198	-59.5	28.5	65.973	934.526	8.55902	3.02	4.5	40.373	6.2515E-8	1	0	1.95587
1199	-59.5	29.5	66.412	934.509	8.55801	3.02	4.5	40.5	6.25E-8	1	0	1.95223
1200	-58.5	-29.5	65.517	941.483	8.54773	3.02	4.5	39.917	6.2173E-8	1	0	1.97915
1201	-58.5	-28.5	65.073	941.501	8.54885	3.02	4.5	39.473	6.2189E-8	1	0	1.99307
1202	-58.5	-27.5	64.641	941.537	8.55109	3.02	4.5	39.041	6.2221E-8	1	0	2.00672
1203	-58.5	-26.5	64.222	941.591	8.55442	3.02	4.5	38.622	6.2268E-8	1	0	2.02005
1204	-58.5	-25.5	63.816	941.661	8.55881	3.02	4.5	38.216	6.233E-8	1	0	2.03306
1205	-58.5	-24.5	63.423	941.748	8.56421	3.02	4.5	37.823	6.2407E-8	1	0	2.0457
1206	-58.5	-23.5	63.044	941.85	8.57055	3.02	4.5	37.444	6.2496E-8	1	0	2.05797
1207	-58.5	-22.5	62.678	941.966	8.57779	3.02	4.5	37.078	6.2599E-8	1	0	2.06984
1208	-58.5	-21.5	62.326	942.095	8.58583	3.02	4.5	36.726	6.2713E-8	1	0	2.08129
1209	-58.5	-20.5	61.988	942.235	8.59459	3.02	4.5	36.388	6.2838E-8	1	0	2.0923
1210	-58.5	-19.5	61.664	942.385	8.60398	3.02	4.5	36.064	6.2971E-8	1	0	2.10286
1211	-58.5	-18.5	61.356	942.544	8.61389	3.02	4.5	35.756	6.3112E-8	1	0	2.11295
1212	-58.5	-17.5	61.061	942.71	8.62423	3.02	4.5	35.461	6.326E-8	1	0	2.12256
1213	-58.5	-16.5	60.782	942.88	8.63487	3.02	4.5	35.182	6.3411E-8	1	0	2.13168
1214	-58.5	-15.5	60.519	943.053	8.64571	3.02	4.5	34.919	6.3566E-8	1	0	2.1403
1215	-58.5	-14.5	60.27	943.228	8.65662	3.02	4.5	34.67	6.3722E-8	1	0	2.14841
1216	-58.5	-13.5	60.037	943.401	8.66748	3.02	4.5	34.437	6.3878E-8	1	0	2.15599
1217	-58.5	-12.5	59.821	943.572	8.67818	3.02	4.5	34.221	6.4031E-8	1	0	2.16306
1218	-58.5	-11.5	59.62	943.738	8.6886	3.02	4.5	34.02	6.418E-8	1	0	2.16959
1219	-58.5	-10.5	59.435	943.898	8.69862	3.02	4.5	33.835	6.4324E-8	1	0	2.1756
1220	-58.5	-9.5	59.266	944.049	8.70813	3.02	4.5	33.666	6.4461E-8	1	0	2.18106
1221	-58.5	-8.5	59.114	944.191	8.71702	3.02	4.5	33.514	6.4589E-8	1	0	2.18598
1222	-58.5	-7.5	58.979	944.321	8.72519	3.02	4.5	33.379	6.4707E-8	1	0	2.19036
1223	-58.5	-6.5	58.86	944.439	8.73256	3.02	4.5	33.26	6.4813E-8	1	0	2.1942
1224	-58.5	-5.5	58.758	944.542	8.73904	3.02	4.5	33.158	6.4906E-8	1	0	2.19749
1225	-58.5	-4.5	58.673	944.629	8.74456	3.02	4.5	33.073	6.4986E-8	1	0	2.20023
1226	-58.5	-3.5	58.605	944.701	8.74904	3.02	4.5	33.005	6.5051E-8	1	0	2.20243
1227	-58.5	-2.5	58.553	944.755	8.75246	3.02	4.5	32.953	6.51E-8	1	0	2.20407
1228	-58.5	-1.5	58.519	944.791	8.75475	3.02	4.5	32.919	6.5133E-8	1	0	2.20517
1229	-58.5	-0.5	58.502	944.81	8.75591	3.02	4.5	32.902	6.515E-8	1	0	2.20572
1230	-58.5	0.5	58.502	944.81	8.75591	3.02	4.5	32.902	6.515E-8	1	0	2.20572
1231	-58.5	1.5	58.519	944.791	8.75475	3.02	4.5	32.919	6.5133E-8	1	0	2.20517
1232	-58.5	2.5	58.553	944.755	8.75246	3.02	4.5	32.953	6.51E-8	1	0	2.20407
1233	-58.5	3.5	58.605	944.701	8.74904	3.02	4.5	33.005	6.5051E-8	1	0	2.20243
1234	-58.5	4.5	58.673	944.629	8.74456	3.02	4.5	33.073	6.4986E-8	1	0	2.20023
1235	-58.5	5.5	58.758	944.542	8.73904	3.02	4.5	33.158	6.4906E-8	1	0	2.19749
1236	-58.5	6.5	58.86	944.439	8.73256	3.02	4.5	33.26	6.4813E-8	1	0	2.1942
1237	-58.5	7.5	58.979	944.321	8.72519	3.02	4.5	33.379	6.4707E-8	1	0	2.19036
1238	-58.5	8.5	59.114	944.191	8.71702	3.02	4.5	33.514	6.4589E-8	1	0	2.18598
1239	-58.5	9.5	59.266	944.049	8.70813	3.02	4.5	33.666	6.4461E-8	1	0	2.18106
1240	-58.5	10.5	59.435	943.898	8.69862	3.02	4.5	33.835	6.4324E-8	1	0	2.1756
1241	-58.5	11.5	59.62	943.738	8.6886	3.02	4.5	34.02	6.418E-8	1	0	2.16959
1242	-58.5	12.5	59.821	943.572	8.67818	3.02	4.5	34.221	6.4031E-8	1	0	2.16306
1243	-58.5	13.5	60.037	943.401	8.66748	3.02	4.5	34.437	6.3878E-8	1	0	2.15599
1244	-58.5	14.5	60.27	943.228	8.65662	3.02	4.5	34.67	6.3722E-8	1	0	2.14841
1245	-58.5	15.5	60.519	943.053	8.64571	3.02	4.5	34.919	6.3566E-8	1	0	2.1403
1246	-58.5	16.5	60.782	942.88	8.63487	3.02	4.5	35.182	6.3411E-8	1	0	2.13168
1247	-58.5	17.5	61.061	942.71	8.62423	3.02	4.5	35.461	6.326E-8	1	0	2.12256
1248	-58.5	18.5	61.356	942.544	8.61389	3.02	4.5	35.756	6.3112E-8	1	0	2.11295
1249	-58.5	19.5	61.664	942.385	8.60398	3.02	4.5	36.064	6.2971E-8	1	0	2.10286
1250	-58.5	20.5	61.988	942.235	8.59459	3.02	4.5	36.388	6.2838E-8	1	0	2.0923
1251	-58.5	21.5	62.326	942.095	8.58583	3.02	4.5	36.726	6.2713E-8	1	0	2.08129
1252	-58.5	22.5	62.678	941.966	8.57779	3.02	4.5	37.078	6.2599E-8	1	0	2.06984
1253	-58.5	23.5	63.044	941.85	8.57055	3.02	4.5	37.444	6.2496E-8	1	0	2.05797
1254	-58.5	24.5	63.423	941.748	8.56421	3.02	4.5	37.823	6.2407E-8	1	0	2.0457
1255	-58.5	25.5	63.816	941.661	8.55881	3.02	4.5	38.216	6.233E-8	1	0	2.03306
1256	-58.5	26.5	64.222	941.591	8.55442	3.02	4.5	38.622	6.2268E-8	1	0	2.02005
1257	-58.5	27.5	64.641	941.537	8.55109	3.02	4.5	39.041	6.2221E-8	1	0	2.00672
1258	-58.5	28.5	65.073	941.501	8.54885	3.02	4.5	39.473	6.2189E-8	1	0	1.99307
1259	-58.5	29.5	65.517	941.483	8.54773	3.02	4.5	39.917	6.2173E-8	1	0	1.97915
1260	-57.5	-29.5	64.626	948.231	8.53634	3.02	4.5	39.026	6.1837E-8	1	0	2.01702
1261	-57.5	-28.5	64.176	948.25	8.53758	3.02	4.5	38.576	6.1855E-8	1	0	2.03193
1262	-57.5	-27.5	63.738	948.289	8.54007	3.02	4.5	38.138	6.189E-8	1	0	2.04653
1263	-57.5	-26.5	63.313	948.347	8.54377	3.02	4.5	37.713	6.1942E-8	1	0	2.06081
1264	-57.5	-25.5	62.901	948.423	8.54863	3.02	4.5	37.301	6.201E-8	1	0	2.07473
1265	-57.5	-24.5	62.502	948.516	8.55462	3.02	4.5	36.902	6.2095E-8	1	0	2.08827
1266	-57.5	-23.5	62.117	948.626	8.56166	3.02	4.5	36.517	6.2194E-8	1	0	2.1014
1267	-57.5	-22.5	61.745	948.752	8.56969	3.02	4.5	36.145	6.2308E-8	1	0	2.1141
1268	-57.5	-21.5	61.388	948.891	8.57861	3.02	4.5	35.788	6.2434E-8	1	0	2.12635
1269	-57.5	-20.5	61.045	949.043	8.58834	3.02	4.5	35.445	6.2572E-8	1	0	2.13813
1270	-57.5	-19.5	60.717	949.205	8.59876	3.02	4.5	35.117	6.272E-8	1	0	2.14942
1271	-57.5	-18.5	60.403	949.377	8.60977	3.02	4.5	34.803	6.2876E-8	1	0	2.16021
1272	-57.5	-17.5	60.104	949.556	8.62125	3.02	4.5	34.504	6.3039E-8	1	0	2.17048
1273	-57.5	-16.5	59.821	949.74	8.63307	3.02	4.5	34.221	6.3207E-8	1	0	2.18023
1274	-57.5	-15.5	59.552	949.927	8.6451	3.02	4.5	33.952	6.3379E-8	1	0	2.18943
1275	-57.5	-14.5	59.3	950.115	8.65722	3.02	4.5	33.7	6.3552E-8	1	0	2.19809
1276	-57.5	-13.5	59.064	950.303	8.66929	3.02	4.5	33.464	6.3724E-8	1	0	2.2062
1277	-57.5	-12.5	58.843	950.487	8.68118	3.02	4.5	33.243	6.3894E-8	1	0	2.21374
1278	-57.5	-11.5	58.639	950.667	8.69276	3.02	4.5	33.039	6.406E-8	1	0	2.22072
1279	-57.5	-10.5	58.451	950.84	8.70389	3.02	4.5	32.851	6.422E-8	1	0	2.22712
1280	-57.5	-9.5	58.279	951.003	8.71446	3.02	4.5	32.679	6.4371E-8	1	0	2.23295
1281	-57.5	-8.5	58.125	951.156	8.72435	3.02	4.5	32.525	6.4513E-8	1	0	2.2382
1282	-57.5	-7.5	57.987	951.297	8.73344	3.02	4.5	32.387	6.4644E-8	1	0	2.24288
1283	-57.5	-6.5	57.866	951.424	8.74163	3.02	4.5	32.266	6.4762E-8	1	0	2.24697
1284	-57.5	-5.5	57.762	951.535	8.74884	3.02	4.5	32.162	6.4866E-8	1	0	2.25047
1285	-57.5	-4.5	57.676	951.63	8.75497	3.02	4.5	32.076	6.4955E-8	1	0	2.2534
1286	-57.5	-3.5	57.606	951.708	8.75996	3.02	4.5	32.006	6.5027E-8	1	0	2.25574
1287	-57.5	-2.5	57.554	951.766	8.76376	3.02	4.5	31.954	6.5081E-8	1	0	2.25749
1288	-57.5	-1.5	57.52	951.806	8.76631	3.02	4.5	31.92	6.5118E-8	1	0	2.25866
1289	-57.5	-0.5	57.502	951.825	8.7676	3.02	4.5	31.902	6.5137E-8	1	0	2.25925
1290	-57.5	0.5	57.502	951.825	8.7676	3.02	4.5	31.902	6.5137E-8	1	0	2.25925
1291	-57.5	1.5	57.52	951.806	8.76631	3.02	4.5	31.92	6.5118E-8	1	0	2.25866
1292	-57.5	2.5	57.554	951.766	8.76376	3.02	4.5	31.954	6.5081E-8	1	0	2.25749
1293	-57.5	3.5	57.606	951.708	8.75996	3.02	4.5	32.006	6.5027E-8	1	0	2.25574
1294	-57.5	4.5	57.676	951.63	8.75497	3.02	4.5	32.076	6.4955E-8	1	0	2.2534
1295	-57.5	5.5	57.762	951.535	8.74884	3.02	4.5	32.162	6.4866E-8	1	0	2.25047
1296	-57.5	6.5	57.866	951.424	8.74163	3.02	4.5	32.266	6.4762E-8	1	0	2.24697
1297	-57.5	7.5	57.987	951.297	8.73344	3.02	4.5	32.387	6.4644E-8	1	0	2.24288
1298	-57.5	8.5	58.125	951.156	8.72435	3.02	4.5	32.525	6.4513E-8	1	0	2.2382
1299	-57.5	9.5	58.279	951.003	8.71446	3.02	4.5	32.679	6.4371E-8	1	0	2.23295
1300	-57.5	10.5	58.451	950.84	8.70389	3.02	4.5	32.851	6.422E-8	1	0	2.22712
1301	-57.5	11.5	58.639	950.667	8.69276	3.02	4.5	33.039	6.406E-8	1	0	2.22072
1302	-57.5	12.5	58.843	950.487	8.68118	3.02	4.5	33.243	6.3894E-8	1	0	2.21374
1303	-57.5	13.5	59.064	950.303	8.66929	3.02	4.5	33.464	6.3724E-8	1	0	2.2062
1304	-57.5	14.5	59.3	950.115	8.65722	3.02	4.5	33.7	6.3552E-8	1	0	2.19809
1305	-57.5	15.5	59.552	949.927	8.6451	3.02	4.5	33.952	6.3379E-8	1	0	2.18943
1306	-57.5	16.5	59.821	949.74	8.63307	3.02	4.5	34.221	6.3207E-8	1	0	2.18023
1307	-57.5	17.5	60.104	949.556	8.62125	3.02	4.5	34.504	6.3039E-8	1	0	2.17048
1308	-57.5	18.5	60.403	949.377	8.60977	3.02	4.5	34.803	6.2876E-8	1	0	2.16021
1309	-57.5	19.5	60.717	949.205	8.59876	3.02	4.5	35.117	6.272E-8	1	0	2.14942
1310	-57.5	20.5	61.045	949.043	8.58834	3.02	4.5	35.445	6.2572E-8	1	0	2.13813
1311	-57.5	21.5	61.388	948.891	8.57861	3.02	4.5	35.788	6.2434E-8	1	0	2.12635
1312	-57.5	22.5	61.745	948.752	8.56969	3.02	4.5	36.145	6.2308E-8	1	0	2.1141
1313	-57.5	23.5	62.117	948.626	8.56166	3.02	4.5	36.517	6.2194E-8	1	0	2.1014
1314	-57.5	24.5	62.502	948.516	8.55462	3.02	4.5	36.902	6.2095E-8	1	0	2.08827
1315	-57.5	25.5	62.901	948.423	8.54863	3.02	4.5	37.301	6.201E-8	1	0	2.07473
1316	-57.5	26.5	63.313	948.347	8.54377	3.02	4.5	37.713	6.1942E-8	1	0	2.06081
1317	-57.5	27.5	63.738	948.289	8.54007	3.02	4.5	38.138	6.189E-8	1	0	2.04653
1318	-57.5	28.5	64.176	948.25	8.53758	3.02	4.5	38.576	6.1855E-8	1	0	2.03193
1319	-57.5	29.5	64.626	948.231	8.53634	3.02	4.5	39.026	6.1837E-8	1	0	2.01702
1320	-56.5	-29.5	63.738	954.753	8.52372	3.02	4.5	38.138	6.149E-8	1	0	2.05661
1321	-56.5	-28.5	63.281	954.774	8.5251	3.02	4.5	37.681	6.1509E-8	1	0	2.07259
1322	-56.5	-27.5	62.837	954.816	8.52785	3.02	4.5	37.237	6.1548E-8	1	0	2.08824
1323	-56.5	-26.5	62.406	954.878	8.53195	3.02	4.5	36.806	6.1605E-8	1	0	2.10355
1324	-56.5	-25.5	61.988	954.96	8.53735	3.02	4.5	36.388	6.1681E-8	1	0	2.11847
1325	-56.5	-24.5	61.583	955.061	8.54399	3.02	4.5	35.983	6.1775E-8	1	0	2.13297
1326	-56.5	-23.5	61.192	955.18	8.55181	3.02	4.5	35.592	6.1885E-8	1	0	2.14704
1327	-56.5	-22.5	60.815	955.315	8.56071	3.02	4.5	35.215	6.201E-8	1	0	2.16065
1328	-56.5	-21.5	60.452	955.465	8.57061	3.02	4.5	34.852	6.215E-8	1	0	2.17377
1329	-56.5	-20.5	60.104	955.629	8.58141	3.02	4.5	34.504	6.2302E-8	1	0	2.18638
1330	-56.5	-19.5	59.77	955.805	8.59297	3.02	4.5	34.17	6.2466E-8	1	0	2.19847
1331	-56.5	-18.5	59.452	955.99	8.60519	3.02	4.5	33.852	6.2639E-8	1	0	2.21002
1332	-56.5	-17.5	59.148	956.183	8.61794	3.02	4.5	33.548	6.282E-8	1	0	2.22101
1333	-56.5	-16.5	58.86	956.381	8.63106	3.02	4.5	33.26	6.3006E-8	1	0	2.23144
1334	-56.5	-15.5	58.588	956.584	8.64443	3.02	4.5	32.988	6.3196E-8	1	0	2.24129
1335	-56.5	-14.5	58.331	956.787	8.65789	3.02	4.5	32.731	6.3388E-8	1	0	2.25055
1336	-56.5	-13.5	58.09	956.99	8.6713	3.02	4.5	32.49	6.3579E-8	1	0	2.25921
1337	-56.5	-12.5	57.866	957.189	8.68451	3.02	4.5	32.266	6.3768E-8	1	0	2.26727
1338	-56.5	-11.5	57.658	957.383	8.69737	3.02	4.5	32.058	6.3952E-8	1	0	2.27473
1339	-56.5	-10.5	57.467	957.569	8.70975	3.02	4.5	31.867	6.4129E-8	1	0	2.28157
1340	-56.5	-9.5	57.293	957.746	8.7215	3.02	4.5	31.693	6.4297E-8	1	0	2.2878
1341	-56.5	-8.5	57.136	957.912	8.73249	3.02	4.5	31.536	6.4455E-8	1	0	2.29341
1342	-56.5	-7.5	56.996	958.064	8.7426	3.02	4.5	31.396	6.46E-8	1	0	2.2984
1343	-56.5	-6.5	56.873	958.201	8.75171	3.02	4.5	31.273	6.4731E-8	1	0	2.30277
1344	-56.5	-5.5	56.767	958.321	8.75972	3.02	4.5	31.167	6.4847E-8	1	0	2.30651
1345	-56.5	-4.5	56.679	958.424	8.76654	3.02	4.5	31.079	6.4945E-8	1	0	2.30963
1346	-56.5	-3.5	56.608	958.507	8.7721	3.02	4.5	31.008	6.5025E-8	1	0	2.31213
1347	-56.5	-2.5	56.555	958.571	8.77632	3.02	4.5	30.955	6.5086E-8	1	0	2.314
1348	-56.5	-1.5	56.52	958.613	8.77916	3.02	4.5	30.92	6.5127E-8	1	0	2.31525
1349	-56.5	-0.5	56.502	958.635	8.78059	3.02	4.5	30.902	6.5148E-8	1	0	2.31588
1350	-56.5	0.5	56.502	958.635	8.78059	3.02	4.5	30.902	6.5148E-8	1	0	2.31588
1351	-56.5	1.5	56.52	958.613	8.77916	3.02	4.5	30.92	6.5127E-8	1	0	2.31525
1352	-56.5	2.5	56.555	958.571	8.77632	3.02	4.5	30.955	6.5086E-8	1	0	2.314
1353	-56.5	3.5	56.608	958.507	8.7721	3.02	4.5	31.008	6.5025E-8	1	0	2.31213
1354	-56.5	4.5	56.679	958.424	8.76654	3.02	4.5	31.079	6.4945E-8	1	0	2.30963
1355	-56.5	5.5	56.767	958.321	8.75972	3.02	4.5	31.167	6.4847E-8	1	0	2.30651
1356	-56.5	6.5	56.873	958.201	8.75171	3.02	4.5	31.273	6.4731E-8	1	0	2.30277
1357	-56.5	7.5	56.996	958.064	8.7426	3.02	4.5	31.396	6.46E-8	1	0	2.2984
1358	-56.5	8.5	57.136	957.912	8.73249	3.02	4.5	31.536	6.4455E-8	1	0	2.29341
1359	-56.5	9.5	57.293	957.746	8.7215	3.02	4.5	31.693	6.4297E-8	1	0	2.2878
1360	-56.5	10.5	57.467	957.569	8.70975	3.02	4.5	31.867	6.4129E-8	1	0	2.28157
1361	-56.5	11.5	57.658	957.383	8.69737	3.02	4.5	32.058	6.3952E-8	1	0	2.27473
1362	-56.5	12.5	57.866	957.189	8.68451	3.02	4.5	32.266	6.3768E-8	1	0	2.26727
1363	-56.5	13.5	58.09	956.99	8.6713	3.02	4.5	32.49	6.3579E-8	1	0	2.25921
1364	-56.5	14.5	58.331	956.787	8.65789	3.02	4.5	32.731	6.3388E-8	1	0	2.25055
1365	-56.5	15.5	58.588	956.584	8.64443	3.02	4.5	32.988	6.3196E-8	1	0	2.24129
1366	-56.5	16.5	58.86	956.381	8.63106	3.02	4.5	33.26	6.3006E-8	1	0	2.23144
1367	-56.5	17.5	59.148	956.183	8.61794	3.02	4.5	33.548	6.282E-8	1	0	2.22101
1368	-56.5	18.5	59.452	955.99	8.60519	3.02	4.5	33.852	6.2639E-8	1	0	2.21002
1369	-56.5	19.5	59.77	955.805	8.59297	3.02	4.5	34.17	6.2466E-8	1	0	2.19847
1370	-56.5	20.5	60.104	955.629	8.58141	3.02	4.5	34.504	6.2302E-8	1	0	2.18638
1371	-56.5	21.5	60.452	955.465	8.57061	3.02	4.5	34.852	6.215E-8	1	0	2.17377
1372	-56.5	22.5	60.815	955.315	8.56071	3.02	4.5	35.215	6.201E-8	1	0	2.16065
1373	-56.5	23.5	61.192	955.18	8.55181	3.02	4.5	35.592	6.1885E-8	1	0	2.14704
1374	-56.5	24.5	61.583	955.061	8.54399	3.02	4.5	35.983	6.1775E-8	1	0	2.13297
1375	-56.5	25.5	61.988	954.96	8.53735	3.02	4.5	36.388	6.1681E-8	1	0	2.11847
1376	-56.5	26.5	62.406	954.878	8.53195	3.02	4.5	36.806	6.1605E-8	1	0	2.10355
1377	-56.5	27.5	62.837	954.816	8.52785	3.02	4.5	37.237	6.1548E-8	1	0	2.08824
1378	-56.5	28.5	63.281	954.774	8.5251	3.02	4.5	37.681	6.1509E-8	1	0	2.07259
1379	-56.5	29.5	63.738	954.753	8.52372	3.02	4.5	38.138	6.149E-8	1	0	2.05661
1380	-55.5	-29.5	62.853	961.05	8.50973	3.02	4.5	37.253	6.113E-8	1	0	2.09807
1381	-55.5	-28.5	62.39	961.073	8.51126	3.02	4.5	36.79	6.1151E-8	1	0	2.11522
1382	-55.5	-27.5	61.939	961.118	8.51432	3.02	4.5	36.339	6.1194E-8	1	0	2.13202
1383	-55.5	-26.5	61.502	961.185	8.51886	3.02	4.5	35.902	6.1258E-8	1	0	2.14844
1384	-55.5	-25.5	61.078	961.274	8.52485	3.02	4.5	35.478	6.1341E-8	1	0	2.16445
1385	-55.5	-24.5	60.667	961.383	8.53221	3.02	4.5	35.067	6.1445E-8	1	0	2.18001
1386	-55.5	-23.5	60.27	961.511	8.54088	3.02	4.5	34.67	6.1566E-8	1	0	2.19511
1387	-55.5	-22.5	59.887	961.657	8.55076	3.02	4.5	34.287	6.1705E-8	1	0	2.2097
1388	-55.5	-21.5	59.519	961.819	8.56174	3.02	4.5	33.919	6.186E-8	1	0	2.22377
1389	-55.5	-20.5	59.165	961.995	8.57372	3.02	4.5	33.565	6.2028E-8	1	0	2.23729
1390	-55.5	-19.5	58.826	962.185	8.58655	3.02	4.5	33.226	6.2209E-8	1	0	2.25025
1391	-55.5	-18.5	58.502	962.384	8.60012	3.02	4.5	32.902	6.2401E-8	1	0	2.26263
1392	-55.5	-17.5	58.194	962.593	8.61426	3.02	4.5	32.594	6.2601E-8	1	0	2.27441
1393	-55.5	-16.5	57.901	962.807	8.62883	3.02	4.5	32.301	6.2807E-8	1	0	2.28558
1394	-55.5	-15.5	57.624	963.025	8.64368	3.02	4.5	32.024	6.3018E-8	1	0	2.29612
1395	-55.5	-14.5	57.363	963.245	8.65863	3.02	4.5	31.763	6.323E-8	1	0	2.30604
1396	-55.5	-13.5	57.118	963.463	8.67352	3.02	4.5	31.518	6.3443E-8	1	0	2.31531
1397	-55.5	-12.5	56.89	963.678	8.6882	3.02	4.5	31.29	6.3652E-8	1	0	2.32394
1398	-55.5	-11.5	56.679	963.888	8.7025	3.02	4.5	31.079	6.3856E-8	1	0	2.33192
1399	-55.5	-10.5	56.485	964.089	8.71625	3.02	4.5	30.885	6.4053E-8	1	0	2.33924
1400	-55.5	-9.5	56.307	964.28	8.72931	3.02	4.5	30.707	6.424E-8	1	0	2.3459
1401	-55.5	-8.5	56.147	964.459	8.74153	3.02	4.5	30.547	6.4415E-8	1	0	2.3519
1402	-55.5	-7.5	56.004	964.623	8.75277	3.02	4.5	30.404	6.4576E-8	1	0	2.35724
1403	-55.5	-6.5	55.879	964.771	8.7629	3.02	4.5	30.279	6.4722E-8	1	0	2.36191
1404	-55.5	-5.5	55.772	964.901	8.77182	3.02	4.5	30.172	6.485E-8	1	0	2.36591
1405	-55.5	-4.5	55.682	965.011	8.7794	3.02	4.5	30.082	6.4959E-8	1	0	2.36925
1406	-55.5	-3.5	55.61	965.101	8.78558	3.02	4.5	30.01	6.5048E-8	1	0	2.37192
1407	-55.5	-2.5	55.556	965.17	8.79028	3.02	4.5	29.956	6.5116E-8	1	0	2.37392
1408	-55.5	-1.5	55.52	965.216	8.79344	3.02	4.5	29.92	6.5162E-8	1	0	2.37526
1409	-55.5	-0.5	55.502	965.239	8.79503	3.02	4.5	29.902	6.5185E-8	1	0	2.37592
1410	-55.5	0.5	55.502	965.239	8.79503	3.02	4.5	29.902	6.5185E-8	1	0	2.37592
1411	-55.5	1.5	55.52	965.216	8.79344	3.02	4.5	29.92	6.5162E-8	1	0	2.37526
1412	-55.5	2.5	55.556	965.17	8.79028	3.02	4.5	29.956	6.5116E-8	1	0	2.37392
1413	-55.5	3.5	55.61	965.101	8.78558	3.02	4.5	30.01	6.5048E-8	1	0	2.37192
1414	-55.5	4.5	55.682	965.011	8.7794	3.02	4.5	30.082	6.4959E-8	1	0	2.36925
1415	-55.5	5.5	55.772	964.901	8.77182	3.02	4.5	30.172	6.485E-8	1	0	2.36591
1416	-55.5	6.5	55.879	964.771	8.7629	3.02	4.5	30.279	6.4722E-8	1	0	2.36191
1417	-55.5	7.5	56.004	964.623	8.75277	3.02	4.5	30.404	6.4576E-8	1	0	2.35724
1418	-55.5	8.5	56.147	964.459	8.74153	3.02	4.5	30.547	6.4415E-8	1	0	2.3519
1419	-55.5	9.5	56.307	964.28	8.72931	3.02	4.5	30.707	6.424E-8	1	0	2.3459
1420	-55.5	10.5	56.485	964.089	8.71625	3.02	4.5	30.885	6.4053E-8	1	0	2.33924
1421	-55.5	11.5	56.679	963.888	8.7025	3.02	4.5	31.079	6.3856E-8	1	0	2.33192
1422	-55.5	12.5	56.89	963.678	8.6882	3.02	4.5	31.29	6.3652E-8	1	0	2.32394
1423	-55.5	13.5	57.118	963.463	8.67352	3.02	4.5	31.518	6.3443E-8	1	0	2.31531
1424	-55.5	14.5	57.363	963.245	8.65863	3.02	4.5	31.763	6.323E-8	1	0	2.30604
1425	-55.5	15.5	57.624	963.025	8.64368	3.02	4.5	32.024	6.3018E-8	1	0	2.29612
1426	-55.5	16.5	57.901	962.807	8.62883	3.02	4.5	32.301	6.2807E-8	1	0	2.28558
1427	-55.5	17.5	58.194	962.593	8.61426	3.02	4.5	32.594	6.2601E-8	1	0	2.27441
1428	-55.5	18.5	58.502	962.384	8.60012	3.02	4.5	32.902	6.2401E-8	1	0	2.26263
1429	-55.5	19.5	58.826	962.185	8.58655	3.02	4.5	33.226	6.2209E-8	1	0	2.25025
1430	-55.5	20.5	59.165	961.995	8.57372	3.02	4.5	33.565	6.2028E-8	1	0	2.23729
1431	-55.5	21.5	59.519	961.819	8.56174	3.02	4.5	33.919	6.186E-8	1	0	2.22377
1432	-55.5	22.5	59.887	961.657	8.55076	3.02	4.5	34.287	6.1705E-8	1	0	2.2097
1433	-55.5	23.5	60.27	961.511	8.54088	3.02	4.5	34.67	6.1566E-8	1	0	2.19511
1434	-55.5	24.5	60.667	961.383	8.53221	3.02	4.5	35.067	6.1445E-8	1	0	2.18001
1435	-55.5	25.5	61.078	961.274	8.52485	3.02	4.5	35.478	6.1341E-8	1	0	2.16445
1436	-55.5	26.5	61.502	961.185	8.51886	3.02	4.5	35.902	6.1258E-8	1	0	2.14844
1437	-55.5	27.5	61.939	961.118	8.51432	3.02	4.5	36.339	6.1194E-8	1	0	2.13202
1438	-55.5	28.5	62.39	961.073	8.51126	3.02	4.5	36.79	6.1151E-8	1	0	2.11522
1439	-55.5	29.5	62.853	961.05	8.50973	3.02	4.5	37.253	6.113E-8	1	0	2.09807
1440	-54.5	-29.5	61.972	967.124	8.49424	3.02	4.5	36.372	6.0755E-8	1	0	2.14159
1441	-54.5	-28.5	61.502	967.148	8.49593	3.02	4.5	35.902	6.0779E-8	1	0	2.16001
1442	-54.5	-27.5	61.045	967.197	8.49932	3.02	4.5	35.445	6.0826E-8	1	0	2.17806
1443	-54.5	-26.5	60.601	967.269	8.50436	3.02	4.5	35.001	6.0896E-8	1	0	2.19571
1444	-54.5	-25.5	60.171	967.365	8.51099	3.02	4.5	34.571	6.0989E-8	1	0	2.2129
1445	-54.5	-24.5	59.754	967.482	8.51916	3.02	4.5	34.154	6.1103E-8	1	0	2.22962
1446	-54.5	-23.5	59.351	967.62	8.52877	3.02	4.5	33.751	6.1238E-8	1	0	2.24583
1447	-54.5	-22.5	58.962	967.777	8.53972	3.02	4.5	33.362	6.1391E-8	1	0	2.2615
1448	-54.5	-21.5	58.588	967.952	8.55191	3.02	4.5	32.988	6.1562E-8	1	0	2.27661
1449	-54.5	-20.5	58.228	968.142	8.56519	3.02	4.5	32.628	6.1748E-8	1	0	2.29113
1450	-54.5	-19.5	57.884	968.346	8.57944	3.02	4.5	32.284	6.1949E-8	1	0	2.30503
1451	-54.5	-18.5	57.554	968.562	8.59449	3.02	4.5	31.954	6.2161E-8	1	0	2.31832
1452	-54.5	-17.5	57.241	968.786	8.61019	3.02	4.5	31.641	6.2382E-8	1	0	2.33095
1453	-54.5	-16.5	56.943	969.017	8.62636	3.02	4.5	31.343	6.2611E-8	1	0	2.34293
1454	-54.5	-15.5	56.661	969.252	8.64285	3.02	4.5	31.061	6.2844E-8	1	0	2.35425
1455	-54.5	-14.5	56.396	969.489	8.65945	3.02	4.5	30.796	6.308E-8	1	0	2.36488
1456	-54.5	-13.5	56.147	969.725	8.676	3.02	4.5	30.547	6.3315E-8	1	0	2.37482
1457	-54.5	-12.5	55.915	969.957	8.6923	3.02	4.5	30.315	6.3547E-8	1	0	2.38407
1458	-54.5	-11.5	55.7	970.182	8.70819	3.02	4.5	30.1	6.3774E-8	1	0	2.39262
1459	-54.5	-10.5	55.502	970.399	8.72348	3.02	4.5	29.902	6.3992E-8	1	0	2.40046
1460	-54.5	-9.5	55.322	970.605	8.73799	3.02	4.5	29.722	6.42E-8	1	0	2.4076
1461	-54.5	-8.5	55.159	970.798	8.75158	3.02	4.5	29.559	6.4394E-8	1	0	2.41402
1462	-54.5	-7.5	55.014	970.975	8.76408	3.02	4.5	29.414	6.4574E-8	1	0	2.41973
1463	-54.5	-6.5	54.886	971.135	8.77535	3.02	4.5	29.286	6.4736E-8	1	0	2.42473
1464	-54.5	-5.5	54.777	971.275	8.78526	3.02	4.5	29.177	6.4878E-8	1	0	2.42902
1465	-54.5	-4.5	54.685	971.394	8.7937	3.02	4.5	29.085	6.5E-8	1	0	2.43259
1466	-54.5	-3.5	54.612	971.491	8.80057	3.02	4.5	29.012	6.5099E-8	1	0	2.43545
1467	-54.5	-2.5	54.557	971.565	8.8058	3.02	4.5	28.957	6.5174E-8	1	0	2.4376
1468	-54.5	-1.5	54.521	971.615	8.80932	3.02	4.5	28.921	6.5225E-8	1	0	2.43902
1469	-54.5	-0.5	54.502	971.64	8.81109	3.02	4.5	28.902	6.525E-8	1	0	2.43974
1470	-54.5	0.5	54.502	971.64	8.81109	3.02	4.5	28.902	6.525E-8	1	0	2.43974
1471	-54.5	1.5	54.521	971.615	8.80932	3.02	4.5	28.921	6.5225E-8	1	0	2.43902
1472	-54.5	2.5	54.557	971.565	8.8058	3.02	4.5	28.957	6.5174E-8	1	0	2.4376
1473	-54.5	3.5	54.612	971.491	8.80057	3.02	4.5	29.012	6.5099E-8	1	0	2.43545
1474	-54.5	4.5	54.685	971.394	8.7937	3.02	4.5	29.085	6.5E-8	1	0	2.43259
1475	-54.5	5.5	54.777	971.275	8.78526	3.02	4.5	29.177	6.4878E-8	1	0	2.42902
1476	-54.5	6.5	54.886	971.135	8.77535	3.02	4.5	29.286	6.4736E-8	1	0	2.42473
1477	-54.5	7.5	55.014	970.975	8.76408	3.02	4.5	29.414	6.4574E-8	1	0	2.41973
1478	-54.5	8.5	55.159	970.798	8.75158	3.02	4.5	29.559	6.4394E-8	1	0	2.41402
1479	-54.5	9.5	55.322	970.605	8.73799	3.02	4.5	29.722	6.42E-8	1	0	2.4076
1480	-54.5	10.5	55.502	970.399	8.72348	3.02	4.5	29.902	6.3992E-8	1	0	2.40046
1481	-54.5	11.5	55.7	970.182	8.70819	3.02	4.5	30.1	6.3774E-8	1	0	2.39262
1482	-54.5	12.5	55.915	969.957	8.6923	3.02	4.5	30.315	6.3547E-8	1	0	2.38407
1483	-54.5	13.5	56.147	969.725	8.676	3.02	4.5	30.547	6.3315E-8	1	0	2.37482
1484	-54.5	14.5	56.396	969.489	8.65945	3.02	4.5	30.796	6.308E-8	1	0	2.36488
1485	-54.5	15.5	56.661	969.252	8.64285	3.02	4.5	31.061	6.2844E-8	1	0	2.35425
1486	-54.5	16.5	56.943	969.017	8.62636	3.02	4.5	31.343	6.2611E-8	1	0	2.34293
1487	-54.5	17.5	57.241	968.786	8.61019	3.02	4.5	31.641	6.2382E-8	1	0	2.33095
1488	-54.5	18.5	57.554	968.562	8.59449	3.02	4.5	31.954	6.2161E-8	1	0	2.31832
1489	-54.5	19.5	57.884	968.346	8.57944	3.02	4.5	32.284	6.1949E-8	1	0	2.30503
1490	-54.5	20.5	58.228	968.142	8.56519	3.02	4.5	32.628	6.1748E-8	1	0	2.29113
1491	-54.5	21.5	58.588	967.952	8.55191	3.02	4.5	32.988	6.1562E-8	1	0	2.27661
1492	-54.5	22.5	58.962	967.777	8.53972	3.02	4.5	33.362	6.1391E-8	1	0	2.2615
1493	-54.5	23.5	59.351	967.62	8.52877	3.02	4.5	33.751	6.1238E-8	1	0	2.24583
1494	-54.5	24.5	59.754	967.482	8.51916	3.02	4.5	34.154	6.1103E-8	1	0	2.22962
1495	-54.5	25.5	60.171	967.365	8.51099	3.02	4.5	34.571	6.0989E-8	1	0	2.2129
1496	-54.5	26.5	60.601	967.269	8.50436	3.02	4.5	35.001	6.0896E-8	1	0	2.19571
1497	-54.5	27.5	61.045	967.197	8.49932	3.02	4.5	35.445	6.0826E-8	1	0	2.17806
1498	-54.5	28.5	61.502	967.148	8.49593	3.02	4.5	35.902	6.0779E-8	1	0	2.16001
1499	-54.5	29.5	61.972	967.124	8.49424	3.02	4.5	36.372	6.0755E-8	1	0	2.14159
1500	-53.5	-29.5	61.094	972.974	8.47707	3.02	4.5	35.494	6.0364E-8	1	0	2.18735
1501	-53.5	-28.5	60.618	973.001	8.47894	3.02	4.5	35.018	6.039E-8	1	0	2.20717
1502	-53.5	-27.5	60.154	973.053	8.4827	3.02	4.5	34.554	6.0442E-8	1	0	2.22659
1503	-53.5	-26.5	59.703	973.131	8.48828	3.02	4.5	34.103	6.052E-8	1	0	2.24557
1504	-53.5	-25.5	59.266	973.234	8.49564	3.02	4.5	33.666	6.0622E-8	1	0	2.26406
1505	-53.5	-24.5	58.843	973.36	8.50469	3.02	4.5	33.243	6.0748E-8	1	0	2.28205
1506	-53.5	-23.5	58.434	973.509	8.51535	3.02	4.5	32.834	6.0897E-8	1	0	2.29948
1507	-53.5	-22.5	58.039	973.678	8.52749	3.02	4.5	32.439	6.1066E-8	1	0	2.31633
1508	-53.5	-21.5	57.658	973.866	8.541	3.02	4.5	32.058	6.1255E-8	1	0	2.33257
1509	-53.5	-20.5	57.293	974.071	8.55574	3.02	4.5	31.693	6.1461E-8	1	0	2.34818
1510	-53.5	-19.5	56.943	974.291	8.57154	3.02	4.5	31.343	6.1683E-8	1	0	2.36312
1511	-53.5	-18.5	56.608	974.523	8.58824	3.02	4.5	31.008	6.1918E-8	1	0	2.3774
1512	-53.5	-17.5	56.289	974.764	8.60566	3.02	4.5	30.689	6.2163E-8	1	0	2.39097
1513	-53.5	-16.5	55.987	975.013	8.62362	3.02	4.5	30.387	6.2416E-8	1	0	2.40384
1514	-53.5	-15.5	55.7	975.266	8.64192	3.02	4.5	30.1	6.2675E-8	1	0	2.41599
1515	-53.5	-14.5	55.43	975.521	8.66036	3.02	4.5	29.83	6.2936E-8	1	0	2.4274
1516	-53.5	-13.5	55.177	975.775	8.67874	3.02	4.5	29.577	6.3197E-8	1	0	2.43808
1517	-53.5	-12.5	54.941	976.025	8.69686	3.02	4.5	29.341	6.3454E-8	1	0	2.448
1518	-53.5	-11.5	54.722	976.269	8.71451	3.02	4.5	29.122	6.3706E-8	1	0	2.45718
1519	-53.5	-10.5	54.521	976.502	8.7315	3.02	4.5	28.921	6.3948E-8	1	0	2.46559
1520	-53.5	-9.5	54.337	976.724	8.74764	3.02	4.5	28.737	6.4179E-8	1	0	2.47325
1521	-53.5	-8.5	54.171	976.932	8.76275	3.02	4.5	28.571	6.4395E-8	1	0	2.48014
1522	-53.5	-7.5	54.023	977.123	8.77665	3.02	4.5	28.423	6.4595E-8	1	0	2.48627
1523	-53.5	-6.5	53.893	977.295	8.78918	3.02	4.5	28.293	6.4775E-8	1	0	2.49164
1524	-53.5	-5.5	53.782	977.446	8.80021	3.02	4.5	28.182	6.4933E-8	1	0	2.49623
1525	-53.5	-4.5	53.689	977.575	8.8096	3.02	4.5	28.089	6.5068E-8	1	0	2.50007
1526	-53.5	-3.5	53.614	977.679	8.81725	3.02	4.5	28.014	6.5179E-8	1	0	2.50313
1527	-53.5	-2.5	53.558	977.759	8.82306	3.02	4.5	27.958	6.5262E-8	1	0	2.50543
1528	-53.5	-1.5	53.521	977.813	8.82698	3.02	4.5	27.921	6.5319E-8	1	0	2.50696
1529	-53.5	-0.5	53.502	977.84	8.82895	3.02	4.5	27.902	6.5347E-8	1	0	2.50773
1530	-53.5	0.5	53.502	977.84	8.82895	3.02	4.5	27.902	6.5347E-8	1	0	2.50773
1531	-53.5	1.5	53.521	977.813	8.82698	3.02	4.5	27.921	6.5319E-8	1	0	2.50696
1532	-53.5	2.5	53.558	977.759	8.82306	3.02	4.5	27.958	6.5262E-8	1	0	2.50543
1533	-53.5	3.5	53.614	977.679	8.81725	3.02	4.5	28.014	6.5179E-8	1	0	2.50313
1534	-53.5	4.5	53.689	977.575	8.8096	3.02	4.5	28.089	6.5068E-8	1	0	2.50007
1535	-53.5	5.5	53.782	977.446	8.80021	3.02	4.5	28.182	6.4933E-8	1	0	2.49623
1536	-53.5	6.5	53.893	977.295	8.78918	3.02	4.5	28.293	6.4775E-8	1	0	2.49164
1537	-53.5	7.5	54.023	977.123	8.77665	3.02	4.5	28.423	6.4595E-8	1	0	2.48627
1538	-53.5	8.5	54.171	976.932	8.76275	3.02	4.5	28.571	6.4395E-8	1	0	2.48014
1539	-53.5	9.5	54.337	976.724	8.74764	3.02	4.5	28.737	6.4179E-8	1	0	2.47325
1540	-53.5	10.5	54.521	976.502	8.7315	3.02	4.5	28.921	6.3948E-8	1	0	2.46559
1541	-53.5	11.5	54.722	976.269	8.71451	3.02	4.5	29.122	6.3706E-8	1	0	2.45718
1542	-53.5	12.5	54.941	976.025	8.69686	3.02	4.5	29.341	6.3454E-8	1	0	2.448
1543	-53.5	13.5	55.177	975.775	8.67874	3.02	4.5	29.577	6.3197E-8	1	0	2.43808
1544	-53.5	14.5	55.43	975.521	8.66036	3.02	4.5	29.83	6.2936E-8	1	0	2.4274
1545	-53.5	15.5	55.7	975.266	8.64192	3.02	4.5	30.1	6.2675E-8	1	0	2.41599
1546	-53.5	16.5	55.987	975.013	8.62362	3.02	4.5	30.387	6.2416E-8	1	0	2.40384
1547	-53.5	17.5	56.289	974.764	8.60566	3.02	4.5	30.689	6.2163E-8	1	0	2.39097
1548	-53.5	18.5	56.608	974.523	8.58824	3.02	4.5	31.008	6.1918E-8	1	0	2.3774
1549	-53.5	19.5	56.943	974.291	8.57154	3.02	4.5	31.343	6.1683E-8	1	0	2.36312
1550	-53.5	20.5	57.293	974.071	8.55574	3.02	4.5	31.693	6.1461E-8	1	0	2.34818
1551	-53.5	21.5	57.658	973.866	8.541	3.02	4.5	32.058	6.1255E-8	1	0	2.33257
1552	-53.5	22.5	58.039	973.678	8.52749	3.02	4.5	32.439	6.1066E-8	1	0	2.31633
1553	-53.5	23.5	58.434	973.509	8.51535	3.02	4.5	32.834	6.0897E-8	1	0	2.29948
1554	-53.5	24.5	58.843	973.36	8.50469	3.02	4.5	33.243	6.0748E-8	1	0	2.28205
1555	-53.5	25.5	59.266	973.234	8.49564	3.02	4.5	33.666	6.0622E-8	1	0	2.26406
1556	-53.5	26.5	59.703	973.131	8.48828	3.02	4.5	34.103	6.052E-8	1	0	2.24557
1557	-53.5	27.5	60.154	973.053	8.4827	3.02	4.5	34.554	6.0442E-8	1	0	2.22659
1558	-53.5	28.5	60.618	973.001	8.47894	3.02	4.5	35.018	6.039E-8	1	0	2.20717
1559	-53.5	29.5	61.094	972.974	8.47707	3.02	4.5	35.494	6.0364E-8	1	0	2.18735
1560	-52.5	-29.5	60.22	978.603	8.45805	3.02	4.5	34.62	5.9953E-8	1	0	2.23557
1561	-52.5	-28.5	59.737	978.631	8.46013	3.02	4.5	34.137	5.9982E-8	1	0	2.25692
1562	-52.5	-27.5	59.266	978.688	8.46429	3.02	4.5	33.666	6.004E-8	1	0	2.27784
1563	-52.5	-26.5	58.809	978.772	8.47048	3.02	4.5	33.209	6.0125E-8	1	0	2.29828
1564	-52.5	-25.5	58.365	978.882	8.47863	3.02	4.5	32.765	6.0238E-8	1	0	2.3182
1565	-52.5	-24.5	57.935	979.018	8.48866	3.02	4.5	32.335	6.0378E-8	1	0	2.33757
1566	-52.5	-23.5	57.52	979.178	8.50047	3.02	4.5	31.92	6.0542E-8	1	0	2.35634
1567	-52.5	-22.5	57.118	979.36	8.51394	3.02	4.5	31.518	6.0729E-8	1	0	2.37449
1568	-52.5	-21.5	56.732	979.562	8.52892	3.02	4.5	31.132	6.0938E-8	1	0	2.39197
1569	-52.5	-20.5	56.36	979.783	8.54526	3.02	4.5	30.76	6.1166E-8	1	0	2.40877
1570	-52.5	-19.5	56.004	980.019	8.56278	3.02	4.5	30.404	6.1411E-8	1	0	2.42486
1571	-52.5	-18.5	55.664	980.268	8.58131	3.02	4.5	30.064	6.1671E-8	1	0	2.44022
1572	-52.5	-17.5	55.34	980.528	8.60065	3.02	4.5	29.74	6.1942E-8	1	0	2.45483
1573	-52.5	-16.5	55.032	980.796	8.62058	3.02	4.5	29.432	6.2223E-8	1	0	2.46867
1574	-52.5	-15.5	54.74	981.069	8.64089	3.02	4.5	29.14	6.251E-8	1	0	2.48173
1575	-52.5	-14.5	54.466	981.343	8.66137	3.02	4.5	28.866	6.2799E-8	1	0	2.49401
1576	-52.5	-13.5	54.208	981.616	8.68179	3.02	4.5	28.608	6.3088E-8	1	0	2.50549
1577	-52.5	-12.5	53.968	981.885	8.70192	3.02	4.5	28.368	6.3374E-8	1	0	2.51616
1578	-52.5	-11.5	53.745	982.147	8.72153	3.02	4.5	28.145	6.3653E-8	1	0	2.52602
1579	-52.5	-10.5	53.54	982.399	8.74042	3.02	4.5	27.94	6.3923E-8	1	0	2.53507
1580	-52.5	-9.5	53.353	982.638	8.75836	3.02	4.5	27.753	6.4179E-8	1	0	2.5433
1581	-52.5	-8.5	53.184	982.862	8.77516	3.02	4.5	27.584	6.4419E-8	1	0	2.55071
1582	-52.5	-7.5	53.033	983.067	8.79062	3.02	4.5	27.433	6.4641E-8	1	0	2.55729
1583	-52.5	-6.5	52.901	983.252	8.80457	3.02	4.5	27.301	6.4841E-8	1	0	2.56306
1584	-52.5	-5.5	52.787	983.415	8.81683	3.02	4.5	27.187	6.5018E-8	1	0	2.568
1585	-52.5	-4.5	52.693	983.554	8.82728	3.02	4.5	27.093	6.5168E-8	1	0	2.57212
1586	-52.5	-3.5	52.617	983.666	8.83579	3.02	4.5	27.017	6.5291E-8	1	0	2.57541
1587	-52.5	-2.5	52.559	983.752	8.84227	3.02	4.5	26.959	6.5384E-8	1	0	2.57788
1588	-52.5	-1.5	52.521	983.81	8.84662	3.02	4.5	26.921	6.5447E-8	1	0	2.57953
1589	-52.5	-0.5	52.502	983.839	8.84881	3.02	4.5	26.902	6.5479E-8	1	0	2.58035
1590	-52.5	0.5	52.502	983.839	8.84881	3.02	4.5	26.902	6.5479E-8	1	0	2.58035
1591	-52.5	1.5	52.521	983.81	8.84662	3.02	4.5	26.921	6.5447E-8	1	0	2.57953
1592	-52.5	2.5	52.559	983.752	8.84227	3.02	4.5	26.959	6.5384E-8	1	0	2.57788
1593	-52.5	3.5	52.617	983.666	8.83579	3.02	4.5	27.017	6.5291E-8	1	0	2.57541
1594	-52.5	4.5	52.693	983.554	8.82728	3.02	4.5	27.093	6.5168E-8	1	0	2.57212
1595	-52.5	5.5	52.787	983.415	8.81683	3.02	4.5	27.187	6.5018E-8	1	0	2.568
1596	-52.5	6.5	52.901	983.252	8.80457	3.02	4.5	27.301	6.4841E-8	1	0	2.56306
1597	-52.5	7.5	53.033	983.067	8.79062	3.02	4.5	27.433	6.4641E-8	1	0	2.55729
1598	-52.5	8.5	53.184	982.862	8.77516	3.02	4.5	27.584	6.4419E-8	1	0	2.55071
1599	-52.5	9.5	53.353	982.638	8.75836	3.02	4.5	27.753	6.4179E-8	1	0	2.5433
1600	-52.5	10.5	53.54	982.399	8.74042	3.02	4.5	27.94	6.3923E-8	1	0	2.53507
1601	-52.5	11.5	53.745	982.147	8.72153	3.02	4.5	28.145	6.3653E-8	1	0	2.52602
1602	-52.5	12.5	53.968	981.885	8.70192	3.02	4.5	28.368	6.3374E-8	1	0	2.51616
1603	-52.5	13.5	54.208	981.616	8.68179	3.02	4.5	28.608	6.3088E-8	1	0	2.50549
1604	-52.5	14.5	54.466	981.343	8.66137	3.02	4.5	28.866	6.2799E-8	1	0	2.49401
1605	-52.5	15.5	54.74	981.069	8.64089	3.02	4.5	29.14	6.251E-8	1	0	2.48173
1606	-52.5	16.5	55.032	980.796	8.62058	3.02	4.5	29.432	6.2223E-8	1	0	2.46867
1607	-52.5	17.5	55.34	980.528	8.60065	3.02	4.5	29.74	6.1942E-8	1	0	2.45483
1608	-52.5	18.5	55.664	980.268	8.58131	3.02	4.5	30.064	6.1671E-8	1	0	2.44022
1609	-52.5	19.5	56.004	980.019	8.56278	3.02	4.5	30.404	6.1411E-8	1	0	2.42486
1610	-52.5	20.5	56.36	979.783	8.54526	3.02	4.5	30.76	6.1166E-8	1	0	2.40877
1611	-52.5	21.5	56.732	979.562	8.52892	3.02	4.5	31.132	6.0938E-8	1	0	2.39197
1612	-52.5	22.5	57.118	979.36	8.51394	3.02	4.5	31.518	6.0729E-8	1	0	2.37449
1613	-52.5	23.5	57.52	979.178	8.50047	3.02	4.5	31.92	6.0542E-8	1	0	2.35634
1614	-52.5	24.5	57.935	979.018	8.48866	3.02	4.5	32.335	6.0378E-8	1	0	2.33757
1615	-52.5	25.5	58.365	978.882	8.47863	3.02	4.5	32.765	6.0238E-8	1	0	2.3182
1616	-52.5	26.5	58.809	978.772	8.47048	3.02	4.5	33.209	6.0125E-8	1	0	2.29828
1617	-52.5	27.5	59.266	978.688	8.46429	3.02	4.5	33.666	6.004E-8	1	0	2.27784
1618	-52.5	28.5	59.737	978.631	8.46013	3.02	4.5	34.137	5.9982E-8	1	0	2.25692
1619	-52.5	29.5	60.22	978.603	8.45805	3.02	4.5	34.62	5.9953E-8	1	0	2.23557
1620	-51.5	-29.5	59.351	984.011	8.43699	3.02	4.5	33.751	5.9522E-8	1	0	2.28649
1621	-51.5	-28.5	58.86	984.041	8.43929	3.02	4.5	33.26	5.9553E-8	1	0	2.30952
1622	-51.5	-27.5	58.382	984.102	8.4439	3.02	4.5	32.782	5.9617E-8	1	0	2.33208
1623	-51.5	-26.5	57.918	984.192	8.45075	3.02	4.5	32.318	5.9711E-8	1	0	2.35413
1624	-51.5	-25.5	57.467	984.31	8.45978	3.02	4.5	31.867	5.9836E-8	1	0	2.37562
1625	-51.5	-24.5	57.031	984.456	8.4709	3.02	4.5	31.431	5.999E-8	1	0	2.39651
1626	-51.5	-23.5	56.608	984.628	8.48399	3.02	4.5	31.008	6.0171E-8	1	0	2.41675
1627	-51.5	-22.5	56.201	984.824	8.49891	3.02	4.5	30.601	6.0378E-8	1	0	2.43632
1628	-51.5	-21.5	55.808	985.041	8.51552	3.02	4.5	30.208	6.0609E-8	1	0	2.45517
1629	-51.5	-20.5	55.43	985.278	8.53363	3.02	4.5	29.83	6.0861E-8	1	0	2.47328
1630	-51.5	-19.5	55.068	985.532	8.55307	3.02	4.5	29.468	6.1132E-8	1	0	2.49062
1631	-51.5	-18.5	54.722	985.8	8.57363	3.02	4.5	29.122	6.1419E-8	1	0	2.50717
1632	-51.5	-17.5	54.392	986.079	8.59508	3.02	4.5	28.792	6.172E-8	1	0	2.52292
1633	-51.5	-16.5	54.079	986.367	8.6172	3.02	4.5	28.479	6.2031E-8	1	0	2.53783
1634	-51.5	-15.5	53.782	986.66	8.63975	3.02	4.5	28.182	6.2348E-8	1	0	2.55191
1635	-51.5	-14.5	53.502	986.955	8.66249	3.02	4.5	27.902	6.2669E-8	1	0	2.56514
1636	-51.5	-13.5	53.24	987.249	8.68517	3.02	4.5	27.64	6.299E-8	1	0	2.5775
1637	-51.5	-12.5	52.995	987.538	8.70753	3.02	4.5	27.395	6.3307E-8	1	0	2.589
1638	-51.5	-11.5	52.768	987.82	8.72933	3.02	4.5	27.168	6.3617E-8	1	0	2.59962
1639	-51.5	-10.5	52.559	988.091	8.75033	3.02	4.5	26.959	6.3916E-8	1	0	2.60936
1640	-51.5	-9.5	52.369	988.348	8.77028	3.02	4.5	26.769	6.4201E-8	1	0	2.61822
1641	-51.5	-8.5	52.197	988.588	8.78896	3.02	4.5	26.597	6.4468E-8	1	0	2.6262
1642	-51.5	-7.5	52.043	988.809	8.80616	3.02	4.5	26.443	6.4715E-8	1	0	2.6333
1643	-51.5	-6.5	51.909	989.009	8.82167	3.02	4.5	26.309	6.4938E-8	1	0	2.6395
1644	-51.5	-5.5	51.793	989.184	8.83532	3.02	4.5	26.193	6.5134E-8	1	0	2.64482
1645	-51.5	-4.5	51.696	989.333	8.84696	3.02	4.5	26.096	6.5302E-8	1	0	2.64926
1646	-51.5	-3.5	51.619	989.454	8.85643	3.02	4.5	26.019	6.5438E-8	1	0	2.65281
1647	-51.5	-2.5	51.561	989.546	8.86363	3.02	4.5	25.961	6.5542E-8	1	0	2.65547
1648	-51.5	-1.5	51.522	989.608	8.86848	3.02	4.5	25.922	6.5612E-8	1	0	2.65724
1649	-51.5	-0.5	51.502	989.64	8.87092	3.02	4.5	25.902	6.5648E-8	1	0	2.65813
1650	-51.5	0.5	51.502	989.64	8.87092	3.02	4.5	25.902	6.5648E-8	1	0	2.65813
1651	-51.5	1.5	51.522	989.608	8.86848	3.02	4.5	25.922	6.5612E-8	1	0	2.65724
1652	-51.5	2.5	51.561	989.546	8.86363	3.02	4.5	25.961	6.5542E-8	1	0	2.65547
1653	-51.5	3.5	51.619	989.454	8.85643	3.02	4.5	26.019	6.5438E-8	1	0	2.65281
1654	-51.5	4.5	51.696	989.333	8.84696	3.02	4.5	26.096	6.5302E-8	1	0	2.64926
1655	-51.5	5.5	51.793	989.184	8.83532	3.02	4.5	26.193	6.5134E-8	1	0	2.64482
1656	-51.5	6.5	51.909	989.009	8.82167	3.02	4.5	26.309	6.4938E-8	1	0	2.6395
1657	-51.5	7.5	52.043	988.809	8.80616	3.02	4.5	26.443	6.4715E-8	1	0	2.6333
1658	-51.5	8.5	52.197	988.588	8.78896	3.02	4.5	26.597	6.4468E-8	1	0	2.6262
1659	-51.5	9.5	52.369	988.348	8.77028	3.02	4.5	26.769	6.4201E-8	1	0	2.61822
1660	-51.5	10.5	52.559	988.091	8.75033	3.02	4.5	26.959	6.3916E-8	1	0	2.60936
1661	-51.5	11.5	52.768	987.82	8.72933	3.02	4.5	27.168	6.3617E-8	1	0	2.59962
1662	-51.5	12.5	52.995	987.538	8.70753	3.02	4.5	27.395	6.3307E-8	1	0	2.589
1663	-51.5	13.5	53.24	987.249	8.68517	3.02	4.5	27.64	6.299E-8	1	0	2.5775
1664	-51.5	14.5	53.502	986.955	8.66249	3.02	4.5	27.902	6.2669E-8	1	0	2.56514
1665	-51.5	15.5	53.782	986.66	8.63975	3.02	4.5	28.182	6.2348E-8	1	0	2.55191
1666	-51.5	16.5	54.079	986.367	8.6172	3.02	4.5	28.479	6.2031E-8	1	0	2.53783
1667	-51.5	17.5	54.392	986.079	8.59508	3.02	4.5	28.792	6.172E-8	1	0	2.52292
1668	-51.5	18.5	54.722	985.8	8.57363	3.02	4.5	29.122	6.1419E-8	1	0	2.50717
1669	-51.5	19.5	55.068	985.532	8.55307	3.02	4.5	29.468	6.1132E-8	1	0	2.49062
1670	-51.5	20.5	55.43	985.278	8.53363	3.02	4.5	29.83	6.0861E-8	1	0	2.47328
1671	-51.5	21.5	55.808	985.041	8.51552	3.02	4.5	30.208	6.0609E-8	1	0	2.45517
1672	-51.5	22.5	56.201	984.824	8.49891	3.02	4.5	30.601	6.0378E-8	1	0	2.43632
1673	-51.5	23.5	56.608	984.628	8.48399	3.02	4.5	31.008	6.0171E-8	1	0	2.41675
1674	-51.5	24.5	57.031	984.456	8.4709	3.02	4.5	31.431	5.999E-8	1	0	2.39651
1675	-51.5	25.5	57.467	984.31	8.45978	3.02	4.5	31.867	5.9836E-8	1	0	2.37562
1676	-51.5	26.5	57.918	984.192	8.45075	3.02	4.5	32.318	5.9711E-8	1	0	2.35413
1677	-51.5	27.5	58.382	984.102	8.4439	3.02	4.5	32.782	5.9617E-8	1	0	2.33208
1678	-51.5	28.5	58.86	984.041	8.43929	3.02	4.5	33.26	5.9553E-8	1	0	2.30952
1679	-51.5	29.5	59.351	984.011	8.43699	3.02	4.5	33.751	5.9522E-8	1	0	2.28649
1680	-50.5	-29.5	58.485	989.198	8.41368	3.02	4.5	32.885	5.9065E-8	1	0	2.34038
1681	-50.5	-28.5	57.987	989.231	8.41621	3.02	4.5	32.387	5.91E-8	1	0	2.36525
1682	-50.5	-27.5	57.502	989.296	8.42132	3.02	4.5	31.902	5.917E-8	1	0	2.38962
1683	-50.5	-26.5	57.031	989.392	8.42891	3.02	4.5	31.431	5.9275E-8	1	0	2.41344
1684	-50.5	-25.5	56.573	989.52	8.43891	3.02	4.5	30.973	5.9412E-8	1	0	2.43665
1685	-50.5	-24.5	56.129	989.676	8.45122	3.02	4.5	30.529	5.9582E-8	1	0	2.45921
1686	-50.5	-23.5	55.7	989.86	8.46572	3.02	4.5	30.1	5.9782E-8	1	0	2.48108
1687	-50.5	-22.5	55.286	990.07	8.48226	3.02	4.5	29.686	6.0011E-8	1	0	2.50221
1688	-50.5	-21.5	54.886	990.304	8.50067	3.02	4.5	29.286	6.0265E-8	1	0	2.52257
1689	-50.5	-20.5	54.502	990.558	8.52075	3.02	4.5	28.902	6.0544E-8	1	0	2.54212
1690	-50.5	-19.5	54.134	990.831	8.5423	3.02	4.5	28.534	6.0844E-8	1	0	2.56085
1691	-50.5	-18.5	53.782	991.118	8.5651	3.02	4.5	28.182	6.1162E-8	1	0	2.57872
1692	-50.5	-17.5	53.446	991.419	8.5889	3.02	4.5	27.846	6.1494E-8	1	0	2.59571
1693	-50.5	-16.5	53.127	991.728	8.61345	3.02	4.5	27.527	6.1839E-8	1	0	2.61181
1694	-50.5	-15.5	52.825	992.042	8.63849	3.02	4.5	27.225	6.219E-8	1	0	2.62701
1695	-50.5	-14.5	52.54	992.359	8.66374	3.02	4.5	26.94	6.2546E-8	1	0	2.64128
1696	-50.5	-13.5	52.273	992.675	8.68893	3.02	4.5	26.673	6.2902E-8	1	0	2.65463
1697	-50.5	-12.5	52.024	992.985	8.71377	3.02	4.5	26.424	6.3254E-8	1	0	2.66704
1698	-50.5	-11.5	51.793	993.288	8.738	3.02	4.5	26.193	6.3598E-8	1	0	2.6785
1699	-50.5	-10.5	51.58	993.579	8.76134	3.02	4.5	25.98	6.3931E-8	1	0	2.68902
1700	-50.5	-9.5	51.386	993.855	8.78353	3.02	4.5	25.786	6.4248E-8	1	0	2.69858
1701	-50.5	-8.5	51.21	994.113	8.80431	3.02	4.5	25.61	6.4545E-8	1	0	2.7072
1702	-50.5	-7.5	51.054	994.351	8.82344	3.02	4.5	25.454	6.4819E-8	1	0	2.71485
1703	-50.5	-6.5	50.917	994.565	8.8407	3.02	4.5	25.317	6.5068E-8	1	0	2.72156
1704	-50.5	-5.5	50.799	994.753	8.8559	3.02	4.5	25.199	6.5286E-8	1	0	2.7273
1705	-50.5	-4.5	50.7	994.913	8.86885	3.02	4.5	25.1	6.5473E-8	1	0	2.73209
1706	-50.5	-3.5	50.621	995.044	8.87939	3.02	4.5	25.021	6.5625E-8	1	0	2.73592
1707	-50.5	-2.5	50.562	995.143	8.88741	3.02	4.5	24.962	6.5741E-8	1	0	2.73879
1708	-50.5	-1.5	50.522	995.209	8.89281	3.02	4.5	24.922	6.5819E-8	1	0	2.7407
1709	-50.5	-0.5	50.502	995.243	8.89553	3.02	4.5	24.902	6.5858E-8	1	0	2.74166
1710	-50.5	0.5	50.502	995.243	8.89553	3.02	4.5	24.902	6.5858E-8	1	0	2.74166
1711	-50.5	1.5	50.522	995.209	8.89281	3.02	4.5	24.922	6.5819E-8	1	0	2.7407
1712	-50.5	2.5	50.562	995.143	8.88741	3.02	4.5	24.962	6.5741E-8	1	0	2.73879
1713	-50.5	3.5	50.621	995.044	8.87939	3.02	4.5	25.021	6.5625E-8	1	0	2.73592
1714	-50.5	4.5	50.7	994.913	8.86885	3.02	4.5	25.1	6.5473E-8	1	0	2.73209
1715	-50.5	5.5	50.799	994.753	8.8559	3.02	4.5	25.199	6.5286E-8	1	0	2.7273
1716	-50.5	6.5	50.917	994.565	8.8407	3.02	4.5	25.317	6.5068E-8	1	0	2.72156
1717	-50.5	7.5	51.054	994.351	8.82344	3.02	4.5	25.454	6.4819E-8	1	0	2.71485
1718	-50.5	8.5	51.21	994.113	8.80431	3.02	4.5	25.61	6.4545E-8	1	0	2.7072
1719	-50.5	9.5	51.386	993.855	8.78353	3.02	4.5	25.786	6.4248E-8	1	0	2.69858
1720	-50.5	10.5	51.58	993.579	8.76134	3.02	4.5	25.98	6.3931E-8	1	0	2.68902
1721	-50.5	11.5	51.793	993.288	8.738	3.02	4.5	26.193	6.3598E-8	1	0	2.6785
1722	-50.5	12.5	52.024	992.985	8.71377	3.02	4.5	26.424	6.3254E-8	1	0	2.66704
1723	-50.5	13.5	52.273	992.675	8.68893	3.02	4.5	26.673	6.2902E-8	1	0	2.65463
1724	-50.5	14.5	52.54	992.359	8.66374	3.02	4.5	26.94	6.2546E-8	1	0	2.64128
1725	-50.5	15.5	52.825	992.042	8.63849	3.02	4.5	27.225	6.219E-8	1	0	2.62701
1726	-50.5	16.5	53.127	991.728	8.61345	3.02	4.5	27.527	6.1839E-8	1	0	2.61181
1727	-50.5	17.5	53.446	991.419	8.5889	3.02	4.5	27.846	6.1494E-8	1	0	2.59571
1728	-50.5	18.5	53.782	991.118	8.5651	3.02	4.5	28.182	6.1162E-8	1	0	2.57872
1729	-50.5	19.5	54.134	990.831	8.5423	3.02	4.5	28.534	6.0844E-8	1	0	2.56085
1730	-50.5	20.5	54.502	990.558	8.52075	3.02	4.5	28.902	6.0544E-8	1	0	2.54212
1731	-50.5	21.5	54.886	990.304	8.50067	3.02	4.5	29.286	6.0265E-8	1	0	2.52257
1732	-50.5	22.5	55.286	990.07	8.48226	3.02	4.5	29.686	6.0011E-8	1	0	2.50221
1733	-50.5	23.5	55.7	989.86	8.46572	3.02	4.5	30.1	5.9782E-8	1	0	2.48108
1734	-50.5	24.5	56.129	989.676	8.45122	3.02	4.5	30.529	5.9582E-8	1	0	2.45921
1735	-50.5	25.5	56.573	989.52	8.43891	3.02	4.5	30.973	5.9412E-8	1	0	2.43665
1736	-50.5	26.5	57.031	989.392	8.42891	3.02	4.5	31.431	5.9275E-8	1	0	2.41344
1737	-50.5	27.5	57.502	989.296	8.42132	3.02	4.5	31.902	5.917E-8	1	0	2.38962
1738	-50.5	28.5	57.987	989.231	8.41621	3.02	4.5	32.387	5.91E-8	1	0	2.36525
1739	-50.5	29.5	58.485	989.198	8.41368	3.02	4.5	32.885	5.9065E-8	1	0	2.34038
1740	-49.5	-29.5	57.624	994.166	8.38787	3.02	4.5	32.024	5.8582E-8	1	0	2.39752
1741	-49.5	-28.5	57.118	994.201	8.39067	3.02	4.5	31.518	5.8621E-8	1	0	2.42443
1742	-49.5	-27.5	56.626	994.271	8.39632	3.02	4.5	31.026	5.8698E-8	1	0	2.45079
1743	-49.5	-26.5	56.147	994.374	8.40473	3.02	4.5	30.547	5.8813E-8	1	0	2.47656
1744	-49.5	-25.5	55.682	994.511	8.4158	3.02	4.5	30.082	5.8965E-8	1	0	2.50167
1745	-49.5	-24.5	55.231	994.679	8.42944	3.02	4.5	29.631	5.9152E-8	1	0	2.52608
1746	-49.5	-23.5	54.795	994.876	8.44549	3.02	4.5	29.195	5.9372E-8	1	0	2.54973
1747	-49.5	-22.5	54.374	995.101	8.46381	3.02	4.5	28.774	5.9625E-8	1	0	2.57259
1748	-49.5	-21.5	53.968	995.351	8.48421	3.02	4.5	28.368	5.9906E-8	1	0	2.59461
1749	-49.5	-20.5	53.577	995.624	8.50647	3.02	4.5	27.977	6.0214E-8	1	0	2.61577
1750	-49.5	-19.5	53.202	995.916	8.53036	3.02	4.5	27.602	6.0545E-8	1	0	2.63602
1751	-49.5	-18.5	52.844	996.225	8.55565	3.02	4.5	27.244	6.0897E-8	1	0	2.65535
1752	-49.5	-17.5	52.502	996.547	8.58205	3.02	4.5	26.902	6.1265E-8	1	0	2.67373
1753	-49.5	-16.5	52.178	996.878	8.60929	3.02	4.5	26.578	6.1646E-8	1	0	2.69115
1754	-49.5	-15.5	51.87	997.216	8.63708	3.02	4.5	26.27	6.2036E-8	1	0	2.70758
1755	-49.5	-14.5	51.58	997.555	8.66512	3.02	4.5	25.98	6.2431E-8	1	0	2.72302
1756	-49.5	-13.5	51.308	997.894	8.6931	3.02	4.5	25.708	6.2826E-8	1	0	2.73746
1757	-49.5	-12.5	51.054	998.227	8.72071	3.02	4.5	25.454	6.3216E-8	1	0	2.75088
1758	-49.5	-11.5	50.818	998.552	8.74764	3.02	4.5	25.218	6.3599E-8	1	0	2.76328
1759	-49.5	-10.5	50.601	998.864	8.77359	3.02	4.5	25.001	6.3968E-8	1	0	2.77466
1760	-49.5	-9.5	50.403	999.16	8.79826	3.02	4.5	24.803	6.4321E-8	1	0	2.78502
1761	-49.5	-8.5	50.224	999.438	8.82138	3.02	4.5	24.624	6.4652E-8	1	0	2.79434
1762	-49.5	-7.5	50.065	999.692	8.84267	3.02	4.5	24.465	6.4957E-8	1	0	2.80263
1763	-49.5	-6.5	49.925	999.922	8.86188	3.02	4.5	24.325	6.5234E-8	1	0	2.80988
1764	-49.5	-5.5	49.805	1000.124	8.8788	3.02	4.5	24.205	6.5477E-8	1	0	2.8161
1765	-49.5	-4.5	49.704	1000.296	8.89321	3.02	4.5	24.104	6.5685E-8	1	0	2.82128
1766	-49.5	-3.5	49.624	1000.436	8.90496	3.02	4.5	24.024	6.5855E-8	1	0	2.82543
1767	-49.5	-2.5	49.563	1000.543	8.91389	3.02	4.5	23.963	6.5984E-8	1	0	2.82854
1768	-49.5	-1.5	49.523	1000.614	8.91991	3.02	4.5	23.923	6.6071E-8	1	0	2.83062
1769	-49.5	-0.5	49.503	1000.65	8.92293	3.02	4.5	23.903	6.6115E-8	1	0	2.83165
1770	-49.5	0.5	49.503	1000.65	8.92293	3.02	4.5	23.903	6.6115E-8	1	0	2.83165
1771	-49.5	1.5	49.523	1000.614	8.91991	3.02	4.5	23.923	6.6071E-8	1	0	2.83062
1772	-49.5	2.5	49.563	1000.543	8.91389	3.02	4.5	23.963	6.5984E-8	1	0	2.82854
1773	-49.5	3.5	49.624	1000.436	8.90496	3.02	4.5	24.024	6.5855E-8	1	0	2.82543
1774	-49.5	4.5	49.704	1000.296	8.89321	3.02	4.5	24.104	6.5685E-8	1	0	2.82128
1775	-49.5	5.5	49.805	1000.124	8.8788	3.02	4.5	24.205	6.5477E-8	1	0	2.8161
1776	-49.5	6.5	49.925	999.922	8.86188	3.02	4.5	24.325	6.5234E-8	1	0	2.80988
1777	-49.5	7.5	50.065	999.692	8.84267	3.02	4.5	24.465	6.4957E-8	1	0	2.80263
1778	-49.5	8.5	50.224	999.438	8.82138	3.02	4.5	24.624	6.4652E-8	1	0	2.79434
1779	-49.5	9.5	50.403	999.16	8.79826	3.02	4.5	24.803	6.4321E-8	1	0	2.78502
1780	-49.5	10.5	50.601	998.864	8.77359	3.02	4.5	25.001	6.3968E-8	1	0	2.77466
1781	-49.5	11.5	50.818	998.552	8.74764	3.02	4.5	25.218	6.3599E-8	1	0	2.76328
1782	-49.5	12.5	51.054	998.227	8.72071	3.02	4.5	25.454	6.3216E-8	1	0	2.75088
1783	-49.5	13.5	51.308	997.894	8.6931	3.02	4.5	25.708	6.2826E-8	1	0	2.73746
1784	-49.5	14.5	51.58	997.555	8.66512	3.02	4.5	25.98	6.2431E-8	1	0	2.72302
1785	-49.5	15.5	51.87	997.216	8.63708	3.02	4.5	26.27	6.2036E-8	1	0	2.70758
1786	-49.5	16.5	52.178	996.878	8.60929	3.02	4.5	26.578	6.1646E-8	1	0	2.69115
1787	-49.5	17.5	52.502	996.547	8.58205	3.02	4.5	26.902	6.1265E-8	1	0	2.67373
1788	-49.5	18.5	52.844	996.225	8.55565	3.02	4.5	27.244	6.0897E-8	1	0	2.65535
1789	-49.5	19.5	53.202	995.916	8.53036	3.02	4.5	27.602	6.0545E-8	1	0	2.63602
1790	-49.5	20.5	53.577	995.624	8.50647	3.02	4.5	27.977	6.0214E-8	1	0	2.61577
1791	-49.5	21.5	53.968	995.351	8.48421	3.02	4.5	28.368	5.9906E-8	1	0	2.59461
1792	-49.5	22.5	54.374	995.101	8.46381	3.02	4.5	28.774	5.9625E-8	1	0	2.57259
1793	-49.5	23.5	54.795	994.876	8.44549	3.02	4.5	29.195	5.9372E-8	1	0	2.54973
1794	-49.5	24.5	55.231	994.679	8.42944	3.02	4.5	29.631	5.9152E-8	1	0	2.52608
1795	-49.5	25.5	55.682	994.511	8.4158	3.02	4.5	30.082	5.8965E-8	1	0	2.50167
1796	-49.5	26.5	56.147	994.374	8.40473	3.02	4.5	30.547	5.8813E-8	1	0	2.47656
1797	-49.5	27.5	56.626	994.271	8.39632	3.02	4.5	31.026	5.8698E-8	1	0	2.45079
1798	-49.5	28.5	57.118	994.201	8.39067	3.02	4.5	31.518	5.8621E-8	1	0	2.42443
1799	-49.5	29.5	57.624	994.166	8.38787	3.02	4.5	32.024	5.8582E-8	1	0	2.39752
1800	-48.5	-29.5	56.767	998.916	8.35931	3.02	4.5	31.167	5.8069E-8	1	0	2.45827
1801	-48.5	-28.5	56.254	998.953	8.36241	3.02	4.5	30.654	5.8111E-8	1	0	2.48742
1802	-48.5	-27.5	55.754	999.028	8.36866	3.02	4.5	30.154	5.8196E-8	1	0	2.51598
1803	-48.5	-26.5	55.268	999.139	8.37796	3.02	4.5	29.668	5.8323E-8	1	0	2.5439
1804	-48.5	-25.5	54.795	999.285	8.39022	3.02	4.5	29.195	5.849E-8	1	0	2.57111
1805	-48.5	-24.5	54.337	999.464	8.40531	3.02	4.5	28.737	5.8696E-8	1	0	2.59756
1806	-48.5	-23.5	53.893	999.676	8.42309	3.02	4.5	28.293	5.894E-8	1	0	2.6232
1807	-48.5	-22.5	53.465	999.917	8.44338	3.02	4.5	27.865	5.9218E-8	1	0	2.64797
1808	-48.5	-21.5	53.052	1000.185	8.46597	3.02	4.5	27.452	5.9529E-8	1	0	2.67183
1809	-48.5	-20.5	52.655	1000.477	8.49064	3.02	4.5	27.055	5.9869E-8	1	0	2.69476
1810	-48.5	-19.5	52.273	1000.79	8.51713	3.02	4.5	26.673	6.0235E-8	1	0	2.71671
1811	-48.5	-18.5	51.909	1001.12	8.54516	3.02	4.5	26.309	6.0624E-8	1	0	2.73765
1812	-48.5	-17.5	51.561	1001.465	8.57444	3.02	4.5	25.961	6.1031E-8	1	0	2.75758
1813	-48.5	-16.5	51.23	1001.82	8.60467	3.02	4.5	25.63	6.1453E-8	1	0	2.77645
1814	-48.5	-15.5	50.917	1002.181	8.63552	3.02	4.5	25.317	6.1885E-8	1	0	2.79427
1815	-48.5	-14.5	50.621	1002.545	8.66665	3.02	4.5	25.021	6.2323E-8	1	0	2.81101
1816	-48.5	-13.5	50.344	1002.908	8.69773	3.02	4.5	24.744	6.2761E-8	1	0	2.82666
1817	-48.5	-12.5	50.085	1003.265	8.72841	3.02	4.5	24.485	6.3195E-8	1	0	2.84122
1818	-48.5	-11.5	49.845	1003.613	8.75834	3.02	4.5	24.245	6.362E-8	1	0	2.85467
1819	-48.5	-10.5	49.624	1003.948	8.7872	3.02	4.5	24.024	6.4031E-8	1	0	2.86702
1820	-48.5	-9.5	49.422	1004.265	8.81464	3.02	4.5	23.822	6.4423E-8	1	0	2.87826
1821	-48.5	-8.5	49.239	1004.562	8.84036	3.02	4.5	23.639	6.4791E-8	1	0	2.88838
1822	-48.5	-7.5	49.076	1004.835	8.86406	3.02	4.5	23.476	6.5132E-8	1	0	2.89738
1823	-48.5	-6.5	48.934	1005.082	8.88545	3.02	4.5	23.334	6.5439E-8	1	0	2.90526
1824	-48.5	-5.5	48.811	1005.298	8.90428	3.02	4.5	23.211	6.5711E-8	1	0	2.91201
1825	-48.5	-4.5	48.708	1005.483	8.92034	3.02	4.5	23.108	6.5943E-8	1	0	2.91765
1826	-48.5	-3.5	48.626	1005.633	8.93342	3.02	4.5	23.026	6.6133E-8	1	0	2.92215
1827	-48.5	-2.5	48.564	1005.747	8.94338	3.02	4.5	22.964	6.6277E-8	1	0	2.92553
1828	-48.5	-1.5	48.523	1005.823	8.95008	3.02	4.5	22.923	6.6374E-8	1	0	2.92779
1829	-48.5	-0.5	48.503	1005.862	8.95345	3.02	4.5	22.903	6.6423E-8	1	0	2.92892
1830	-48.5	0.5	48.503	1005.862	8.95345	3.02	4.5	22.903	6.6423E-8	1	0	2.92892
1831	-48.5	1.5	48.523	1005.823	8.95008	3.02	4.5	22.923	6.6374E-8	1	0	2.92779
1832	-48.5	2.5	48.564	1005.747	8.94338	3.02	4.5	22.964	6.6277E-8	1	0	2.92553
1833	-48.5	3.5	48.626	1005.633	8.93342	3.02	4.5	23.026	6.6133E-8	1	0	2.92215
1834	-48.5	4.5	48.708	1005.483	8.92034	3.02	4.5	23.108	6.5943E-8	1	0	2.91765
1835	-48.5	5.5	48.811	1005.298	8.90428	3.02	4.5	23.211	6.5711E-8	1	0	2.91201
1836	-48.5	6.5	48.934	1005.082	8.88545	3.02	4.5	23.334	6.5439E-8	1	0	2.90526
1837	-48.5	7.5	49.076	1004.835	8.86406	3.02	4.5	23.476	6.5132E-8	1	0	2.89738
1838	-48.5	8.5	49.239	1004.562	8.84036	3.02	4.5	23.639	6.4791E-8	1	0	2.88838
1839	-48.5	9.5	49.422	1004.265	8.81464	3.02	4.5	23.822	6.4423E-8	1	0	2.87826
1840	-48.5	10.5	49.624	1003.948	8.7872	3.02	4.5	24.024	6.4031E-8	1	0	2.86702
1841	-48.5	11.5	49.845	1003.613	8.75834	3.02	4.5	24.245	6.362E-8	1	0	2.85467
1842	-48.5	12.5	50.085	1003.265	8.72841	3.02	4.5	24.485	6.3195E-8	1	0	2.84122
1843	-48.5	13.5	50.344	1002.908	8.69773	3.02	4.5	24.744	6.2761E-8	1	0	2.82666
1844	-48.5	14.5	50.621	1002.545	8.66665	3.02	4.5	25.021	6.2323E-8	1	0	2.81101
1845	-48.5	15.5	50.917	1002.181	8.63552	3.02	4.5	25.317	6.1885E-8	1	0	2.79427
1846	-48.5	16.5	51.23	1001.82	8.60467	3.02	4.5	25.63	6.1453E-8	1	0	2.77645
1847	-48.5	17.5	51.561	1001.465	8.57444	3.02	4.5	25.961	6.1031E-8	1	0	2.75758
1848	-48.5	18.5	51.909	1001.12	8.54516	3.02	4.5	26.309	6.0624E-8	1	0	2.73765
1849	-48.5	19.5	52.273	1000.79	8.51713	3.02	4.5	26.673	6.0235E-8	1	0	2.71671
1850	-48.5	20.5	52.655	1000.477	8.49064	3.02	4.5	27.055	5.9869E-8	1	0	2.69476
1851	-48.5	21.5	53.052	1000.185	8.46597	3.02	4.5	27.452	5.9529E-8	1	0	2.67183
1852	-48.5	22.5	53.465	999.917	8.44338	3.02	4.5	27.865	5.9218E-8	1	0	2.64797
1853	-48.5	23.5	53.893	999.676	8.42309	3.02	4.5	28.293	5.894E-8	1	0	2.6232
1854	-48.5	24.5	54.337	999.464	8.40531	3.02	4.5	28.737	5.8696E-8	1	0	2.59756
1855	-48.5	25.5	54.795	999.285	8.39022	3.02	4.5	29.195	5.849E-8	1	0	2.57111
1856	-48.5	26.5	55.268	999.139	8.37796	3.02	4.5	29.668	5.8323E-8	1	0	2.5439
1857	-48.5	27.5	55.754	999.028	8.36866	3.02	4.5	30.154	5.8196E-8	1	0	2.51598
1858	-48.5	28.5	56.254	998.953	8.36241	3.02	4.5	30.654	5.8111E-8	1	0	2.48742
1859	-48.5	29.5	56.767	998.916	8.35931	3.02	4.5	31.167	5.8069E-8	1	0	2.45827
1860	-47.5	-29.5	55.915	1003.448	8.32772	3.02	4.5	30.315	5.7522E-8	1	0	2.523
1861	-47.5	-28.5	55.394	1003.488	8.33114	3.02	4.5	29.794	5.7568E-8	1	0	2.55463
1862	-47.5	-27.5	54.886	1003.568	8.33806	3.02	4.5	29.286	5.7662E-8	1	0	2.58562
1863	-47.5	-26.5	54.392	1003.687	8.34835	3.02	4.5	28.792	5.7801E-8	1	0	2.61592
1864	-47.5	-25.5	53.912	1003.843	8.36191	3.02	4.5	28.312	5.7985E-8	1	0	2.64546
1865	-47.5	-24.5	53.446	1004.035	8.37861	3.02	4.5	27.846	5.8212E-8	1	0	2.67417
1866	-47.5	-23.5	52.995	1004.261	8.39829	3.02	4.5	27.395	5.8481E-8	1	0	2.702
1867	-47.5	-22.5	52.559	1004.519	8.42076	3.02	4.5	26.959	5.8788E-8	1	0	2.72889
1868	-47.5	-21.5	52.139	1004.805	8.44578	3.02	4.5	26.539	5.913E-8	1	0	2.75481
1869	-47.5	-20.5	51.735	1005.117	8.4731	3.02	4.5	26.135	5.9506E-8	1	0	2.7797
1870	-47.5	-19.5	51.347	1005.452	8.50245	3.02	4.5	25.747	5.991E-8	1	0	2.80353
1871	-47.5	-18.5	50.975	1005.805	8.53353	3.02	4.5	25.375	6.034E-8	1	0	2.82629
1872	-47.5	-17.5	50.621	1006.174	8.56601	3.02	4.5	25.021	6.0791E-8	1	0	2.84793
1873	-47.5	-16.5	50.284	1006.554	8.59955	3.02	4.5	24.684	6.1258E-8	1	0	2.86844
1874	-47.5	-15.5	49.965	1006.941	8.63378	3.02	4.5	24.365	6.1737E-8	1	0	2.8878
1875	-47.5	-14.5	49.664	1007.33	8.66835	3.02	4.5	24.064	6.2222E-8	1	0	2.90599
1876	-47.5	-13.5	49.381	1007.718	8.70287	3.02	4.5	23.781	6.2708E-8	1	0	2.92301
1877	-47.5	-12.5	49.117	1008.1	8.73696	3.02	4.5	23.517	6.3191E-8	1	0	2.93885
1878	-47.5	-11.5	48.872	1008.472	8.77024	3.02	4.5	23.272	6.3663E-8	1	0	2.95349
1879	-47.5	-10.5	48.647	1008.83	8.80233	3.02	4.5	23.047	6.412E-8	1	0	2.96693
1880	-47.5	-9.5	48.441	1009.17	8.83286	3.02	4.5	22.841	6.4556E-8	1	0	2.97917
1881	-47.5	-8.5	48.255	1009.488	8.86149	3.02	4.5	22.655	6.4967E-8	1	0	2.99019
1882	-47.5	-7.5	48.088	1009.781	8.88787	3.02	4.5	22.488	6.5346E-8	1	0	3
1883	-47.5	-6.5	47.943	1010.044	8.91169	3.02	4.5	22.343	6.569E-8	1	0	3.00859
1884	-47.5	-5.5	47.817	1010.276	8.93267	3.02	4.5	22.217	6.5993E-8	1	0	3.01595
1885	-47.5	-4.5	47.713	1010.473	8.95056	3.02	4.5	22.113	6.6252E-8	1	0	3.0221
1886	-47.5	-3.5	47.629	1010.634	8.96514	3.02	4.5	22.029	6.6464E-8	1	0	3.02702
1887	-47.5	-2.5	47.566	1010.756	8.97623	3.02	4.5	21.966	6.6625E-8	1	0	3.03071
1888	-47.5	-1.5	47.524	1010.838	8.9837	3.02	4.5	21.924	6.6733E-8	1	0	3.03317
1889	-47.5	-0.5	47.503	1010.879	8.98746	3.02	4.5	21.903	6.6788E-8	1	0	3.0344
1890	-47.5	0.5	47.503	1010.879	8.98746	3.02	4.5	21.903	6.6788E-8	1	0	3.0344
1891	-47.5	1.5	47.524	1010.838	8.9837	3.02	4.5	21.924	6.6733E-8	1	0	3.03317
1892	-47.5	2.5	47.566	1010.756	8.97623	3.02	4.5	21.966	6.6625E-8	1	0	3.03071
1893	-47.5	3.5	47.629	1010.634	8.96514	3.02	4.5	22.029	6.6464E-8	1	0	3.02702
1894	-47.5	4.5	47.713	1010.473	8.95056	3.02	4.5	22.113	6.6252E-8	1	0	3.0221
1895	-47.5	5.5	47.817	1010.276	8.93267	3.02	4.5	22.217	6.5993E-8	1	0	3.01595
1896	-47.5	6.5	47.943	1010.044	8.91169	3.02	4.5	22.343	6.569E-8	1	0	3.00859
1897	-47.5	7.5	48.088	1009.781	8.88787	3.02	4.5	22.488	6.5346E-8	1	0	3
1898	-47.5	8.5	48.255	1009.488	8.86149	3.02	4.5	22.655	6.4967E-8	1	0	2.99019
1899	-47.5	9.5	48.441	1009.17	8.83286	3.02	4.5	22.841	6.4556E-8	1	0	2.97917
1900	-47.5	10.5	48.647	1008.83	8.80233	3.02	4.5	23.047	6.412E-8	1	0	2.96693
1901	-47.5	11.5	48.872	1008.472	8.77024	3.02	4.5	23.272	6.3663E-8	1	0	2.95349
1902	-47.5	12.5	49.117	1008.1	8.73696	3.02	4.5	23.517	6.3191E-8	1	0	2.93885
1903	-47.5	13.5	49.381	1007.718	8.70287	3.02	4.5	23.781	6.2708E-8	1	0	2.92301
1904	-47.5	14.5	49.664	1007.33	8.66835	3.02	4.5	24.064	6.2222E-8	1	0	2.90599
1905	-47.5	15.5	49.965	1006.941	8.63378	3.02	4.5	24.365	6.1737E-8	1	0	2.8878
1906	-47.5	16.5	50.284	1006.554	8.59955	3.02	4.5	24.684	6.1258E-8	1	0	2.86844
1907	-47.5	17.5	50.621	1006.174	8.56601	3.02	4.5	25.021	6.0791E-8	1	0	2.84793
1908	-47.5	18.5	50.975	1005.805	8.53353	3.02	4.5	25.375	6.034E-8	1	0	2.82629
1909	-47.5	19.5	51.347	1005.452	8.50245	3.02	4.5	25.747	5.991E-8	1	0	2.80353
1910	-47.5	20.5	51.735	1005.117	8.4731	3.02	4.5	26.135	5.9506E-8	1	0	2.7797
1911	-47.5	21.5	52.139	1004.805	8.44578	3.02	4.5	26.539	5.913E-8	1	0	2.75481
1912	-47.5	22.5	52.559	1004.519	8.42076	3.02	4.5	26.959	5.8788E-8	1	0	2.72889
1913	-47.5	23.5	52.995	1004.261	8.39829	3.02	4.5	27.395	5.8481E-8	1	0	2.702
1914	-47.5	24.5	53.446	1004.035	8.37861	3.02	4.5	27.846	5.8212E-8	1	0	2.67417
1915	-47.5	25.5	53.912	1003.843	8.36191	3.02	4.5	28.312	5.7985E-8	1	0	2.64546
1916	-47.5	26.5	54.392	1003.687	8.34835	3.02	4.5	28.792	5.7801E-8	1	0	2.61592
1917	-47.5	27.5	54.886	1003.568	8.33806	3.02	4.5	29.286	5.7662E-8	1	0	2.58562
1918	-47.5	28.5	55.394	1003.488	8.33114	3.02	4.5	29.794	5.7568E-8	1	0	2.55463
1919	-47.5	29.5	55.915	1003.448	8.32772	3.02	4.5	30.315	5.7522E-8	1	0	2.523
1920	-46.5	-29.5	55.068	1007.765	8.29279	3.02	4.5	29.468	5.6937E-8	1	0	2.59212
1921	-46.5	-28.5	54.539	1007.808	8.29657	3.02	4.5	28.939	5.6988E-8	1	0	2.6265
1922	-46.5	-27.5	54.023	1007.893	8.30421	3.02	4.5	28.423	5.7091E-8	1	0	2.6602
1923	-46.5	-26.5	53.521	1008.02	8.31559	3.02	4.5	27.921	5.7244E-8	1	0	2.69314
1924	-46.5	-25.5	53.033	1008.186	8.33059	3.02	4.5	27.433	5.7447E-8	1	0	2.72526
1925	-46.5	-24.5	52.559	1008.391	8.34907	3.02	4.5	26.959	5.7697E-8	1	0	2.75649
1926	-46.5	-23.5	52.101	1008.633	8.37084	3.02	4.5	26.501	5.7993E-8	1	0	2.78675
1927	-46.5	-22.5	51.658	1008.908	8.39571	3.02	4.5	26.058	5.8331E-8	1	0	2.81601
1928	-46.5	-21.5	51.23	1009.214	8.42341	3.02	4.5	25.63	5.8709E-8	1	0	2.8442
1929	-46.5	-20.5	50.818	1009.547	8.45367	3.02	4.5	25.218	5.9123E-8	1	0	2.87129
1930	-46.5	-19.5	50.423	1009.904	8.48619	3.02	4.5	24.823	5.957E-8	1	0	2.89724
1931	-46.5	-18.5	50.045	1010.282	8.52064	3.02	4.5	24.445	6.0045E-8	1	0	2.92201
1932	-46.5	-17.5	49.684	1010.676	8.55665	3.02	4.5	24.084	6.0544E-8	1	0	2.94557
1933	-46.5	-16.5	49.341	1011.081	8.59386	3.02	4.5	23.741	6.1061E-8	1	0	2.96792
1934	-46.5	-15.5	49.015	1011.494	8.63186	3.02	4.5	23.415	6.1592E-8	1	0	2.98902
1935	-46.5	-14.5	48.708	1011.91	8.67024	3.02	4.5	23.108	6.213E-8	1	0	3.00885
1936	-46.5	-13.5	48.42	1012.325	8.70858	3.02	4.5	22.82	6.2669E-8	1	0	3.02742
1937	-46.5	-12.5	48.151	1012.733	8.74647	3.02	4.5	22.551	6.3205E-8	1	0	3.0447
1938	-46.5	-11.5	47.901	1013.131	8.78347	3.02	4.5	22.301	6.373E-8	1	0	3.06069
1939	-46.5	-10.5	47.671	1013.513	8.81916	3.02	4.5	22.071	6.4239E-8	1	0	3.07537
1940	-46.5	-9.5	47.461	1013.876	8.85314	3.02	4.5	21.861	6.4725E-8	1	0	3.08874
1941	-46.5	-8.5	47.27	1014.216	8.885	3.02	4.5	21.67	6.5182E-8	1	0	3.1008
1942	-46.5	-7.5	47.101	1014.529	8.91437	3.02	4.5	21.501	6.5606E-8	1	0	3.11153
1943	-46.5	-6.5	46.952	1014.81	8.94091	3.02	4.5	21.352	6.5989E-8	1	0	3.12094
1944	-46.5	-5.5	46.824	1015.058	8.96429	3.02	4.5	21.224	6.6328E-8	1	0	3.12901
1945	-46.5	-4.5	46.717	1015.269	8.98422	3.02	4.5	21.117	6.6617E-8	1	0	3.13574
1946	-46.5	-3.5	46.632	1015.44	9.00048	3.02	4.5	21.032	6.6853E-8	1	0	3.14113
1947	-46.5	-2.5	46.567	1015.571	9.01285	3.02	4.5	20.967	6.7034E-8	1	0	3.14518
1948	-46.5	-1.5	46.524	1015.659	9.02118	3.02	4.5	20.924	6.7155E-8	1	0	3.14788
1949	-46.5	-0.5	46.503	1015.703	9.02537	3.02	4.5	20.903	6.7216E-8	1	0	3.14923
1950	-46.5	0.5	46.503	1015.703	9.02537	3.02	4.5	20.903	6.7216E-8	1	0	3.14923
1951	-46.5	1.5	46.524	1015.659	9.02118	3.02	4.5	20.924	6.7155E-8	1	0	3.14788
1952	-46.5	2.5	46.567	1015.571	9.01285	3.02	4.5	20.967	6.7034E-8	1	0	3.14518
1953	-46.5	3.5	46.632	1015.44	9.00048	3.02	4.5	21.032	6.6853E-8	1	0	3.14113
1954	-46.5	4.5	46.717	1015.269	8.98422	3.02	4.5	21.117	6.6617E-8	1	0	3.13574
1955	-46.5	5.5	46.824	1015.058	8.96429	3.02	4.5	21.224	6.6328E-8	1	0	3.12901
1956	-46.5	6.5	46.952	1014.81	8.94091	3.02	4.5	21.352	6.5989E-8	1	0	3.12094
1957	-46.5	7.5	47.101	1014.529	8.91437	3.02	4.5	21.501	6.5606E-8	1	0	3.11153
1958	-46.5	8.5	47.27	1014.216	8.885	3.02	4.5	21.67	6.5182E-8	1	0	3.1008
1959	-46.5	9.5	47.461	1013.876	8.85314	3.02	4.5	21.861	6.4725E-8	1	0	3.08874
1960	-46.5	10.5	47.671	1013.513	8.81916	3.02	4.5	22.071	6.4239E-8	1	0	3.07537
1961	-46.5	11.5	47.901	1013.131	8.78347	3.02	4.5	22.301	6.373E-8	1	0	3.06069
1962	-46.5	12.5	48.151	1012.733	8.74647	3.02	4.5	22.551	6.3205E-8	1	0	3.0447
1963	-46.5	13.5	48.42	1012.325	8.70858	3.02	4.5	22.82	6.2669E-8	1	0	3.02742
1964	-46.5	14.5	48.708	1011.91	8.67024	3.02	4.5	23.108	6.213E-8	1	0	3.00885
1965	-46.5	15.5	49.015	1011.494	8.63186	3.02	4.5	23.415	6.1592E-8	1	0	2.98902
1966	-46.5	16.5	49.341	1011.081	8.59386	3.02	4.5	23.741	6.1061E-8	1	0	2.96792
1967	-46.5	17.5	49.684	1010.676	8.55665	3.02	4.5	24.084	6.0544E-8	1	0	2.94557
1968	-46.5	18.5	50.045	1010.282	8.52064	3.02	4.5	24.445	6.0045E-8	1	0	2.92201
1969	-46.5	19.5	50.423	1009.904	8.48619	3.02	4.5	24.823	5.957E-8	1	0	2.89724
1970	-46.5	20.5	50.818	1009.547	8.45367	3.02	4.5	25.218	5.9123E-8	1	0	2.87129
1971	-46.5	21.5	51.23	1009.214	8.42341	3.02	4.5	25.63	5.8709E-8	1	0	2.8442
1972	-46.5	22.5	51.658	1008.908	8.39571	3.02	4.5	26.058	5.8331E-8	1	0	2.81601
1973	-46.5	23.5	52.101	1008.633	8.37084	3.02	4.5	26.501	5.7993E-8	1	0	2.78675
1974	-46.5	24.5	52.559	1008.391	8.34907	3.02	4.5	26.959	5.7697E-8	1	0	2.75649
1975	-46.5	25.5	53.033	1008.186	8.33059	3.02	4.5	27.433	5.7447E-8	1	0	2.72526
1976	-46.5	26.5	53.521	1008.02	8.31559	3.02	4.5	27.921	5.7244E-8	1	0	2.69314
1977	-46.5	27.5	54.023	1007.893	8.30421	3.02	4.5	28.423	5.7091E-8	1	0	2.6602
1978	-46.5	28.5	54.539	1007.808	8.29657	3.02	4.5	28.939	5.6988E-8	1	0	2.6265
1979	-46.5	29.5	55.068	1007.765	8.29279	3.02	4.5	29.468	5.6937E-8	1	0	2.59212
1980	-45.5	-29.5	54.226	1011.867	8.25418	3.02	4.5	28.626	5.6311E-8	1	0	2.66612
1981	-45.5	-28.5	53.689	1011.913	8.25835	3.02	4.5	28.089	5.6367E-8	1	0	2.70356
1982	-45.5	-27.5	53.165	1012.004	8.2668	3.02	4.5	27.565	5.648E-8	1	0	2.74025
1983	-45.5	-26.5	52.655	1012.139	8.27937	3.02	4.5	27.055	5.6649E-8	1	0	2.77614
1984	-45.5	-25.5	52.158	1012.316	8.29596	3.02	4.5	26.558	5.6872E-8	1	0	2.81114
1985	-45.5	-24.5	51.677	1012.535	8.31639	3.02	4.5	26.077	5.7147E-8	1	0	2.84516
1986	-45.5	-23.5	51.21	1012.792	8.34047	3.02	4.5	25.61	5.7472E-8	1	0	2.87816
1987	-45.5	-22.5	50.759	1013.085	8.36798	3.02	4.5	25.159	5.7845E-8	1	0	2.91005
1988	-45.5	-21.5	50.324	1013.411	8.39864	3.02	4.5	24.724	5.8261E-8	1	0	2.94079
1989	-45.5	-20.5	49.905	1013.767	8.43215	3.02	4.5	24.305	5.8718E-8	1	0	2.97034
1990	-45.5	-19.5	49.503	1014.148	8.46817	3.02	4.5	23.903	5.9212E-8	1	0	2.99865
1991	-45.5	-18.5	49.117	1014.551	8.50635	3.02	4.5	23.517	5.9737E-8	1	0	3.02569
1992	-45.5	-17.5	48.749	1014.97	8.54628	3.02	4.5	23.149	6.0288E-8	1	0	3.05143
1993	-45.5	-16.5	48.399	1015.403	8.58755	3.02	4.5	22.799	6.0861E-8	1	0	3.07584
1994	-45.5	-15.5	48.068	1015.843	8.62971	3.02	4.5	22.468	6.1449E-8	1	0	3.0989
1995	-45.5	-14.5	47.755	1016.287	8.67233	3.02	4.5	22.155	6.2045E-8	1	0	3.1206
1996	-45.5	-13.5	47.461	1016.729	8.71493	3.02	4.5	21.861	6.2645E-8	1	0	3.14093
1997	-45.5	-12.5	47.186	1017.165	8.75704	3.02	4.5	21.586	6.324E-8	1	0	3.15986
1998	-45.5	-11.5	46.931	1017.589	8.79818	3.02	4.5	21.331	6.3824E-8	1	0	3.17738
1999	-45.5	-10.5	46.696	1017.997	8.83789	3.02	4.5	21.096	6.439E-8	1	0	3.19349
2000	-45.5	-9.5	46.481	1018.384	8.8757	3.02	4.5	20.881	6.4932E-8	1	0	3.20817
2001	-45.5	-8.5	46.287	1018.747	8.91118	3.02	4.5	20.687	6.5442E-8	1	0	3.22142
2002	-45.5	-7.5	46.114	1019.08	8.9439	3.02	4.5	20.514	6.5914E-8	1	0	3.23322
2003	-45.5	-6.5	45.962	1019.38	8.97347	3.02	4.5	20.362	6.6342E-8	1	0	3.24357
2004	-45.5	-5.5	45.831	1019.645	8.99952	3.02	4.5	20.231	6.6721E-8	1	0	3.25245
2005	-45.5	-4.5	45.722	1019.869	9.02175	3.02	4.5	20.122	6.7045E-8	1	0	3.25987
2006	-45.5	-3.5	45.634	1020.052	9.03988	3.02	4.5	20.034	6.7309E-8	1	0	3.26581
2007	-45.5	-2.5	45.569	1020.192	9.05368	3.02	4.5	19.969	6.7511E-8	1	0	3.27028
2008	-45.5	-1.5	45.525	1020.285	9.06297	3.02	4.5	19.925	6.7647E-8	1	0	3.27325
2009	-45.5	-0.5	45.503	1020.332	9.06765	3.02	4.5	19.903	6.7715E-8	1	0	3.27474
2010	-45.5	0.5	45.503	1020.332	9.06765	3.02	4.5	19.903	6.7715E-8	1	0	3.27474
2011	-45.5	1.5	45.525	1020.285	9.06297	3.02	4.5	19.925	6.7647E-8	1	0	3.27325
2012	-45.5	2.5	45.569	1020.192	9.05368	3.02	4.5	19.969	6.7511E-8	1	0	3.27028
2013	-45.5	3.5	45.634	1020.052	9.03988	3.02	4.5	20.034	6.7309E-8	1	0	3.26581
2014	-45.5	4.5	45.722	1019.869	9.02175	3.02	4.5	20.122	6.7045E-8	1	0	3.25987
2015	-45.5	5.5	45.831	1019.645	8.99952	3.02	4.5	20.231	6.6721E-8	1	0	3.25245
2016	-45.5	6.5	45.962	1019.38	8.97347	3.02	4.5	20.362	6.6342E-8	1	0	3.24357
2017	-45.5	7.5	46.114	1019.08	8.9439	3.02	4.5	20.514	6.5914E-8	1	0	3.23322
2018	-45.5	8.5	46.287	1018.747	8.91118	3.02	4.5	20.687	6.5442E-8	1	0	3.22142
2019	-45.5	9.5	46.481	1018.384	8.8757	3.02	4.5	20.881	6.4932E-8	1	0	3.20817
2020	-45.5	10.5	46.696	1017.997	8.83789	3.02	4.5	21.096	6.439E-8	1	0	3.19349
2021	-45.5	11.5	46.931	1017.589	8.79818	3.02	4.5	21.331	6.3824E-8	1	0	3.17738
2022	-45.5	12.5	47.186	1017.165	8.75704	3.02	4.5	21.586	6.324E-8	1	0	3.15986
2023	-45.5	13.5	47.461	1016.729	8.71493	3.02	4.5	21.861	6.2645E-8	1	0	3.14093
2024	-45.5	14.5	47.755	1016.287	8.67233	3.02	4.5	22.155	6.2045E-8	1	0	3.1206
2025	-45.5	15.5	48.068	1015.843	8.62971	3.02	4.5	22.468	6.1449E-8	1	0	3.0989
2026	-45.5	16.5	48.399	1015.403	8.58755	3.02	4.5	22.799	6.0861E-8	1	0	3.07584
2027	-45.5	17.5	48.749	1014.97	8.54628	3.02	4.5	23.149	6.0288E-8	1	0	3.05143
2028	-45.5	18.5	49.117	1014.551	8.50635	3.02	4.5	23.517	5.9737E-8	1	0	3.02569
2029	-45.5	19.5	49.503	1014.148	8.46817	3.02	4.5	23.903	5.9212E-8	1	0	2.99865
2030	-45.5	20.5	49.905	1013.767	8.43215	3.02	4.5	24.305	5.8718E-8	1	0	2.97034
2031	-45.5	21.5	50.324	1013.411	8.39864	3.02	4.5	24.724	5.8261E-8	1	0	2.94079
2032	-45.5	22.5	50.759	1013.085	8.36798	3.02	4.5	25.159	5.7845E-8	1	0	2.91005
2033	-45.5	23.5	51.21	1012.792	8.34047	3.02	4.5	25.61	5.7472E-8	1	0	2.87816
2034	-45.5	24.5	51.677	1012.535	8.31639	3.02	4.5	26.077	5.7147E-8	1	0	2.84516
2035	-45.5	25.5	52.158	1012.316	8.29596	3.02	4.5	26.558	5.6872E-8	1	0	2.81114
2036	-45.5	26.5	52.655	1012.139	8.27937	3.02	4.5	27.055	5.6649E-8	1	0	2.77614
2037	-45.5	27.5	53.165	1012.004	8.2668	3.02	4.5	27.565	5.648E-8	1	0	2.74025
2038	-45.5	28.5	53.689	1011.913	8.25835	3.02	4.5	28.089	5.6367E-8	1	0	2.70356
2039	-45.5	29.5	54.226	1011.867	8.25418	3.02	4.5	28.626	5.6311E-8	1	0	2.66612
2040	-44.5	-29.5	53.39	1015.756	8.21153	3.02	4.5	27.79	5.5639E-8	1	0	2.74554
2041	-44.5	-28.5	52.844	1015.805	8.21613	3.02	4.5	27.244	5.5701E-8	1	0	2.78638
2042	-44.5	-27.5	52.312	1015.902	8.22546	3.02	4.5	26.712	5.5825E-8	1	0	2.82642
2043	-44.5	-26.5	51.793	1016.045	8.23935	3.02	4.5	26.193	5.601E-8	1	0	2.86559
2044	-44.5	-25.5	51.288	1016.234	8.25767	3.02	4.5	25.688	5.6255E-8	1	0	2.9038
2045	-44.5	-24.5	50.799	1016.467	8.28025	3.02	4.5	25.199	5.6558E-8	1	0	2.94096
2046	-44.5	-23.5	50.324	1016.741	8.30688	3.02	4.5	24.724	5.6916E-8	1	0	2.977
2047	-44.5	-22.5	49.865	1017.053	8.3373	3.02	4.5	24.265	5.7326E-8	1	0	3.01185
2048	-44.5	-21.5	49.422	1017.4	8.37123	3.02	4.5	23.822	5.7785E-8	1	0	3.04546
2049	-44.5	-20.5	48.995	1017.778	8.40832	3.02	4.5	23.395	5.8289E-8	1	0	3.07778
2050	-44.5	-19.5	48.585	1018.184	8.44821	3.02	4.5	22.985	5.8833E-8	1	0	3.10875
2051	-44.5	-18.5	48.192	1018.612	8.49051	3.02	4.5	22.592	5.9413E-8	1	0	3.13835
2052	-44.5	-17.5	47.817	1019.059	8.53477	3.02	4.5	22.217	6.0022E-8	1	0	3.16654
2053	-44.5	-16.5	47.461	1019.52	8.58054	3.02	4.5	21.861	6.0656E-8	1	0	3.1933
2054	-44.5	-15.5	47.122	1019.989	8.62734	3.02	4.5	21.522	6.1307E-8	1	0	3.21861
2055	-44.5	-14.5	46.803	1020.461	8.67465	3.02	4.5	21.203	6.1969E-8	1	0	3.24243
2056	-44.5	-13.5	46.503	1020.932	8.72198	3.02	4.5	20.903	6.2635E-8	1	0	3.26477
2057	-44.5	-12.5	46.222	1021.396	8.76878	3.02	4.5	20.622	6.3297E-8	1	0	3.28559
2058	-44.5	-11.5	45.962	1021.847	8.81453	3.02	4.5	20.362	6.3947E-8	1	0	3.30489
2059	-44.5	-10.5	45.722	1022.282	8.85872	3.02	4.5	20.122	6.4578E-8	1	0	3.32264
2060	-44.5	-9.5	45.503	1022.694	8.90081	3.02	4.5	19.903	6.5181E-8	1	0	3.33885
2061	-44.5	-8.5	45.305	1023.08	8.94033	3.02	4.5	19.705	6.5751E-8	1	0	3.35348
2062	-44.5	-7.5	45.128	1023.435	8.97679	3.02	4.5	19.528	6.6278E-8	1	0	3.36653
2063	-44.5	-6.5	44.972	1023.755	9.00975	3.02	4.5	19.372	6.6757E-8	1	0	3.37798
2064	-44.5	-5.5	44.839	1024.036	9.03881	3.02	4.5	19.239	6.718E-8	1	0	3.38782
2065	-44.5	-4.5	44.727	1024.275	9.0636	3.02	4.5	19.127	6.7542E-8	1	0	3.39605
2066	-44.5	-3.5	44.637	1024.47	9.08383	3.02	4.5	19.037	6.7839E-8	1	0	3.40264
2067	-44.5	-2.5	44.57	1024.618	9.09923	3.02	4.5	18.97	6.8064E-8	1	0	3.40759
2068	-44.5	-1.5	44.525	1024.718	9.1096	3.02	4.5	18.925	6.8217E-8	1	0	3.4109
2069	-44.5	-0.5	44.503	1024.768	9.11482	3.02	4.5	18.903	6.8294E-8	1	0	3.41255
2070	-44.5	0.5	44.503	1024.768	9.11482	3.02	4.5	18.903	6.8294E-8	1	0	3.41255
2071	-44.5	1.5	44.525	1024.718	9.1096	3.02	4.5	18.925	6.8217E-8	1	0	3.4109
2072	-44.5	2.5	44.57	1024.618	9.09923	3.02	4.5	18.97	6.8064E-8	1	0	3.40759
2073	-44.5	3.5	44.637	1024.47	9.08383	3.02	4.5	19.037	6.7839E-8	1	0	3.40264
2074	-44.5	4.5	44.727	1024.275	9.0636	3.02	4.5	19.127	6.7542E-8	1	0	3.39605
2075	-44.5	5.5	44.839	1024.036	9.03881	3.02	4.5	19.239	6.718E-8	1	0	3.38782
2076	-44.5	6.5	44.972	1023.755	9.00975	3.02	4.5	19.372	6.6757E-8	1	0	3.37798
2077	-44.5	7.5	45.128	1023.435	8.97679	3.02	4.5	19.528	6.6278E-8	1	0	3.36653
2078	-44.5	8.5	45.305	1023.08	8.94033	3.02	4.5	19.705	6.5751E-8	1	0	3.35348
2079	-44.5	9.5	45.503	1022.694	8.90081	3.02	4.5	19.903	6.5181E-8	1	0	3.33885
2080	-44.5	10.5	45.722	1022.282	8.85872	3.02	4.5	20.122	6.4578E-8	1	0	3.32264
2081	-44.5	11.5	45.962	1021.847	8.81453	3.02	4.5	20.362	6.3947E-8	1	0	3.30489
2082	-44.5	12.5	46.222	1021.396	8.76878	3.02	4.5	20.622	6.3297E-8	1	0	3.28559
2083	-44.5	13.5	46.503	1020.932	8.72198	3.02	4.5	20.903	6.2635E-8	1	0	3.26477
2084	-44.5	14.5	46.803	1020.461	8.67465	3.02	4.5	21.203	6.1969E-8	1	0	3.24243
2085	-44.5	15.5	47.122	1019.989	8.62734	3.02	4.5	21.522	6.1307E-8	1	0	3.21861
2086	-44.5	16.5	47.461	1019.52	8.58054	3.02	4.5	21.861	6.0656E-8	1	0	3.1933
2087	-44.5	17.5	47.817	1019.059	8.53477	3.02	4.5	22.217	6.0022E-8	1	0	3.16654
2088	-44.5	18.5	48.192	1018.612	8.49051	3.02	4.5	22.592	5.9413E-8	1	0	3.13835
2089	-44.5	19.5	48.585	1018.184	8.44821	3.02	4.5	22.985	5.8833E-8	1	0	3.10875
2090	-44.5	20.5	48.995	1017.778	8.40832	3.02	4.5	23.395	5.8289E-8	1	0	3.07778
2091	-44.5	21.5	49.422	1017.4	8.37123	3.02	4.5	23.822	5.7785E-8	1	0	3.04546
2092	-44.5	22.5	49.865	1017.053	8.3373	3.02	4.5	24.265	5.7326E-8	1	0	3.01185
2093	-44.5	23.5	50.324	1016.741	8.30688	3.02	4.5	24.724	5.6916E-8	1	0	2.977
2094	-44.5	24.5	50.799	1016.467	8.28025	3.02	4.5	25.199	5.6558E-8	1	0	2.94096
2095	-44.5	25.5	51.288	1016.234	8.25767	3.02	4.5	25.688	5.6255E-8	1	0	2.9038
2096	-44.5	26.5	51.793	1016.045	8.23935	3.02	4.5	26.193	5.601E-8	1	0	2.86559
2097	-44.5	27.5	52.312	1015.902	8.22546	3.02	4.5	26.712	5.5825E-8	1	0	2.82642
2098	-44.5	28.5	52.844	1015.805	8.21613	3.02	4.5	27.244	5.5701E-8	1	0	2.78638
2099	-44.5	29.5	53.39	1015.756	8.21153	3.02	4.5	27.79	5.5639E-8	1	0	2.74554
2100	-43.5	-29.5	52.559	1019.434	8.16444	3.02	4.5	26.959	5.4918E-8	1	0	2.831
2101	-43.5	-28.5	52.005	1019.486	8.1695	3.02	4.5	26.405	5.4985E-8	1	0	2.87565
2102	-43.5	-27.5	51.464	1019.589	8.1798	3.02	4.5	25.864	5.5121E-8	1	0	2.91943
2103	-43.5	-26.5	50.936	1019.741	8.19514	3.02	4.5	25.336	5.5325E-8	1	0	2.96227
2104	-43.5	-25.5	50.423	1019.942	8.21538	3.02	4.5	24.823	5.5593E-8	1	0	3.00407
2105	-43.5	-24.5	49.925	1020.189	8.24032	3.02	4.5	24.325	5.5926E-8	1	0	3.04475
2106	-43.5	-23.5	49.442	1020.48	8.26975	3.02	4.5	23.842	5.6319E-8	1	0	3.08421
2107	-43.5	-22.5	48.974	1020.812	8.30338	3.02	4.5	23.374	5.677E-8	1	0	3.12239
2108	-43.5	-21.5	48.523	1021.18	8.34089	3.02	4.5	22.923	5.7275E-8	1	0	3.15923
2109	-43.5	-20.5	48.088	1021.582	8.38194	3.02	4.5	22.488	5.7831E-8	1	0	3.19467
2110	-43.5	-19.5	47.671	1022.013	8.4261	3.02	4.5	22.071	5.8431E-8	1	0	3.22866
2111	-43.5	-18.5	47.27	1022.469	8.47295	3.02	4.5	21.67	5.9071E-8	1	0	3.26117
2112	-43.5	-17.5	46.888	1022.944	8.52201	3.02	4.5	21.288	5.9745E-8	1	0	3.29216
2113	-43.5	-16.5	46.524	1023.433	8.57277	3.02	4.5	20.924	6.0446E-8	1	0	3.3216
2114	-43.5	-15.5	46.179	1023.932	8.62469	3.02	4.5	20.579	6.1168E-8	1	0	3.34947
2115	-43.5	-14.5	45.853	1024.434	8.67723	3.02	4.5	20.253	6.1902E-8	1	0	3.37574
2116	-43.5	-13.5	45.547	1024.934	8.7298	3.02	4.5	19.947	6.2642E-8	1	0	3.4004
2117	-43.5	-12.5	45.26	1025.427	8.78183	3.02	4.5	19.66	6.3377E-8	1	0	3.42342
2118	-43.5	-11.5	44.994	1025.906	8.83273	3.02	4.5	19.394	6.4101E-8	1	0	3.44478
2119	-43.5	-10.5	44.749	1026.368	8.8819	3.02	4.5	19.149	6.4804E-8	1	0	3.46446
2120	-43.5	-9.5	44.525	1026.806	8.92878	3.02	4.5	18.925	6.5478E-8	1	0	3.48244
2121	-43.5	-8.5	44.323	1027.216	8.9728	3.02	4.5	18.723	6.6114E-8	1	0	3.49871
2122	-43.5	-7.5	44.142	1027.593	9.01344	3.02	4.5	18.542	6.6703E-8	1	0	3.51323
2123	-43.5	-6.5	43.983	1027.933	9.0502	3.02	4.5	18.383	6.7239E-8	1	0	3.52599
2124	-43.5	-5.5	43.846	1028.231	9.08262	3.02	4.5	18.246	6.7713E-8	1	0	3.53697
2125	-43.5	-4.5	43.732	1028.486	9.11029	3.02	4.5	18.132	6.8119E-8	1	0	3.54616
2126	-43.5	-3.5	43.641	1028.693	9.13287	3.02	4.5	18.041	6.8451E-8	1	0	3.55352
2127	-43.5	-2.5	43.572	1028.85	9.15007	3.02	4.5	17.972	6.8704E-8	1	0	3.55906
2128	-43.5	-1.5	43.526	1028.956	9.16166	3.02	4.5	17.926	6.8875E-8	1	0	3.56276
2129	-43.5	-0.5	43.503	1029.009	9.16749	3.02	4.5	17.903	6.8961E-8	1	0	3.56461
2130	-43.5	0.5	43.503	1029.009	9.16749	3.02	4.5	17.903	6.8961E-8	1	0	3.56461
2131	-43.5	1.5	43.526	1028.956	9.16166	3.02	4.5	17.926	6.8875E-8	1	0	3.56276
2132	-43.5	2.5	43.572	1028.85	9.15007	3.02	4.5	17.972	6.8704E-8	1	0	3.55906
2133	-43.5	3.5	43.641	1028.693	9.13287	3.02	4.5	18.041	6.8451E-8	1	0	3.55352
2134	-43.5	4.5	43.732	1028.486	9.11029	3.02	4.5	18.132	6.8119E-8	1	0	3.54616
2135	-43.5	5.5	43.846	1028.231	9.08262	3.02	4.5	18.246	6.7713E-8	1	0	3.53697
2136	-43.5	6.5	43.983	1027.933	9.0502	3.02	4.5	18.383	6.7239E-8	1	0	3.52599
2137	-43.5	7.5	44.142	1027.593	9.01344	3.02	4.5	18.542	6.6703E-8	1	0	3.51323
2138	-43.5	8.5	44.323	1027.216	8.9728	3.02	4.5	18.723	6.6114E-8	1	0	3.49871
2139	-43.5	9.5	44.525	1026.806	8.92878	3.02	4.5	18.925	6.5478E-8	1	0	3.48244
2140	-43.5	10.5	44.749	1026.368	8.8819	3.02	4.5	19.149	6.4804E-8	1	0	3.46446
2141	-43.5	11.5	44.994	1025.906	8.83273	3.02	4.5	19.394	6.4101E-8	1	0	3.44478
2142	-43.5	12.5	45.26	1025.427	8.78183	3.02	4.5	19.66	6.3377E-8	1	0	3.42342
2143	-43.5	13.5	45.547	1024.934	8.7298	3.02	4.5	19.947	6.2642E-8	1	0	3.4004
2144	-43.5	14.5	45.853	1024.434	8.67723	3.02	4.5	20.253	6.1902E-8	1	0	3.37574
2145	-43.5	15.5	46.179	1023.932	8.62469	3.02	4.5	20.579	6.1168E-8	1	0	3.34947
2146	-43.5	16.5	46.524	1023.433	8.57277	3.02	4.5	20.924	6.0446E-8	1	0	3.3216
2147	-43.5	17.5	46.888	1022.944	8.52201	3.02	4.5	21.288	5.9745E-8	1	0	3.29216
2148	-43.5	18.5	47.27	1022.469	8.47295	3.02	4.5	21.67	5.9071E-8	1	0	3.26117
2149	-43.5	19.5	47.671	1022.013	8.4261	3.02	4.5	22.071	5.8431E-8	1	0	3.22866
2150	-43.5	20.5	48.088	1021.582	8.38194	3.02	4.5	22.488	5.7831E-8	1	0	3.19467
2151	-43.5	21.5	48.523	1021.18	8.34089	3.02	4.5	22.923	5.7275E-8	1	0	3.15923
2152	-43.5	22.5	48.974	1020.812	8.30338	3.02	4.5	23.374	5.677E-8	1	0	3.12239
2153	-43.5	23.5	49.442	1020.48	8.26975	3.02	4.5	23.842	5.6319E-8	1	0	3.08421
2154	-43.5	24.5	49.925	1020.189	8.24032	3.02	4.5	24.325	5.5926E-8	1	0	3.04475
2155	-43.5	25.5	50.423	1019.942	8.21538	3.02	4.5	24.823	5.5593E-8	1	0	3.00407
2156	-43.5	26.5	50.936	1019.741	8.19514	3.02	4.5	25.336	5.5325E-8	1	0	2.96227
2157	-43.5	27.5	51.464	1019.589	8.1798	3.02	4.5	25.864	5.5121E-8	1	0	2.91943
2158	-43.5	28.5	52.005	1019.486	8.1695	3.02	4.5	26.405	5.4985E-8	1	0	2.87565
2159	-43.5	29.5	52.559	1019.434	8.16444	3.02	4.5	26.959	5.4918E-8	1	0	2.831
2160	-42.5	-29.5	51.735	1022.903	8.11248	3.02	4.5	26.135	5.4142E-8	1	0	2.92321
2161	-42.5	-28.5	51.171	1022.958	8.11805	3.02	4.5	25.571	5.4215E-8	1	0	2.97212
2162	-42.5	-27.5	50.621	1023.066	8.12941	3.02	4.5	25.021	5.4364E-8	1	0	3.02008
2163	-42.5	-26.5	50.085	1023.228	8.14634	3.02	4.5	24.485	5.4587E-8	1	0	3.06705
2164	-42.5	-25.5	49.563	1023.441	8.16867	3.02	4.5	23.963	5.4882E-8	1	0	3.11289
2165	-42.5	-24.5	49.056	1023.703	8.19621	3.02	4.5	23.456	5.5247E-8	1	0	3.15752
2166	-42.5	-23.5	48.564	1024.012	8.22871	3.02	4.5	22.964	5.5678E-8	1	0	3.20084
2167	-42.5	-22.5	48.088	1024.364	8.26587	3.02	4.5	22.488	5.6174E-8	1	0	3.24279
2168	-42.5	-21.5	47.629	1024.755	8.30734	3.02	4.5	22.029	5.673E-8	1	0	3.28328
2169	-42.5	-20.5	47.186	1025.181	8.35274	3.02	4.5	21.586	5.7341E-8	1	0	3.32226
2170	-42.5	-19.5	46.76	1025.638	8.40162	3.02	4.5	21.16	5.8003E-8	1	0	3.35969
2171	-42.5	-18.5	46.352	1026.121	8.4535	3.02	4.5	20.752	5.871E-8	1	0	3.39552
2172	-42.5	-17.5	45.962	1026.625	8.50786	3.02	4.5	20.362	5.9454E-8	1	0	3.42972
2173	-42.5	-16.5	45.591	1027.144	8.56414	3.02	4.5	19.991	6.023E-8	1	0	3.46225
2174	-42.5	-15.5	45.238	1027.673	8.62176	3.02	4.5	19.638	6.103E-8	1	0	3.49308
2175	-42.5	-14.5	44.905	1028.205	8.68009	3.02	4.5	19.305	6.1845E-8	1	0	3.52219
2176	-42.5	-13.5	44.593	1028.735	8.7385	3.02	4.5	18.993	6.2666E-8	1	0	3.54956
2177	-42.5	-12.5	44.3	1029.258	8.79635	3.02	4.5	18.7	6.3484E-8	1	0	3.57515
2178	-42.5	-11.5	44.028	1029.766	8.85296	3.02	4.5	18.428	6.429E-8	1	0	3.59893
2179	-42.5	-10.5	43.778	1030.256	8.9077	3.02	4.5	18.178	6.5074E-8	1	0	3.62089
2180	-42.5	-9.5	43.549	1030.72	8.95992	3.02	4.5	17.949	6.5826E-8	1	0	3.64099
2181	-42.5	-8.5	43.342	1031.155	9.00899	3.02	4.5	17.742	6.6537E-8	1	0	3.6592
2182	-42.5	-7.5	43.157	1031.554	9.05431	3.02	4.5	17.557	6.7197E-8	1	0	3.67548
2183	-42.5	-6.5	42.994	1031.914	9.09532	3.02	4.5	17.394	6.7796E-8	1	0	3.68981
2184	-42.5	-5.5	42.854	1032.231	9.13151	3.02	4.5	17.254	6.8328E-8	1	0	3.70217
2185	-42.5	-4.5	42.738	1032.5	9.16242	3.02	4.5	17.138	6.8783E-8	1	0	3.71251
2186	-42.5	-3.5	42.644	1032.72	9.18764	3.02	4.5	17.044	6.9156E-8	1	0	3.72081
2187	-42.5	-2.5	42.573	1032.886	9.20685	3.02	4.5	16.973	6.9441E-8	1	0	3.72706
2188	-42.5	-1.5	42.526	1032.998	9.2198	3.02	4.5	16.926	6.9633E-8	1	0	3.73123
2189	-42.5	-0.5	42.503	1033.055	9.22632	3.02	4.5	16.903	6.973E-8	1	0	3.73332
2190	-42.5	0.5	42.503	1033.055	9.22632	3.02	4.5	16.903	6.973E-8	1	0	3.73332
2191	-42.5	1.5	42.526	1032.998	9.2198	3.02	4.5	16.926	6.9633E-8	1	0	3.73123
2192	-42.5	2.5	42.573	1032.886	9.20685	3.02	4.5	16.973	6.9441E-8	1	0	3.72706
2193	-42.5	3.5	42.644	1032.72	9.18764	3.02	4.5	17.044	6.9156E-8	1	0	3.72081
2194	-42.5	4.5	42.738	1032.5	9.16242	3.02	4.5	17.138	6.8783E-8	1	0	3.71251
2195	-42.5	5.5	42.854	1032.231	9.13151	3.02	4.5	17.254	6.8328E-8	1	0	3.70217
2196	-42.5	6.5	42.994	1031.914	9.09532	3.02	4.5	17.394	6.7796E-8	1	0	3.68981
2197	-42.5	7.5	43.157	1031.554	9.05431	3.02	4.5	17.557	6.7197E-8	1	0	3.67548
2198	-42.5	8.5	43.342	1031.155	9.00899	3.02	4.5	17.742	6.6537E-8	1	0	3.6592
2199	-42.5	9.5	43.549	1030.72	8.95992	3.02	4.5	17.949	6.5826E-8	1	0	3.64099
2200	-42.5	10.5	43.778	1030.256	8.9077	3.02	4.5	18.178	6.5074E-8	1	0	3.62089
2201	-42.5	11.5	44.028	1029.766	8.85296	3.02	4.5	18.428	6.429E-8	1	0	3.59893
2202	-42.5	12.5	44.3	1029.258	8.79635	3.02	4.5	18.7	6.3484E-8	1	0	3.57515
2203	-42.5	13.5	44.593	1028.735	8.7385	3.02	4.5	18.993	6.2666E-8	1	0	3.54956
2204	-42.5	14.5	44.905	1028.205	8.68009	3.02	4.5	19.305	6.1845E-8	1	0	3.52219
2205	-42.5	15.5	45.238	1027.673	8.62176	3.02	4.5	19.638	6.103E-8	1	0	3.49308
2206	-42.5	16.5	45.591	1027.144	8.56414	3.02	4.5	19.991	6.023E-8	1	0	3.46225
2207	-42.5	17.5	45.962	1026.625	8.50786	3.02	4.5	20.362	5.9454E-8	1	0	3.42972
2208	-42.5	18.5	46.352	1026.121	8.4535	3.02	4.5	20.752	5.871E-8	1	0	3.39552
2209	-42.5	19.5	46.76	1025.638	8.40162	3.02	4.5	21.16	5.8003E-8	1	0	3.35969
2210	-42.5	20.5	47.186	1025.181	8.35274	3.02	4.5	21.586	5.7341E-8	1	0	3.32226
2211	-42.5	21.5	47.629	1024.755	8.30734	3.02	4.5	22.029	5.673E-8	1	0	3.28328
2212	-42.5	22.5	48.088	1024.364	8.26587	3.02	4.5	22.488	5.6174E-8	1	0	3.24279
2213	-42.5	23.5	48.564	1024.012	8.22871	3.02	4.5	22.964	5.5678E-8	1	0	3.20084
2214	-42.5	24.5	49.056	1023.703	8.19621	3.02	4.5	23.456	5.5247E-8	1	0	3.15752
2215	-42.5	25.5	49.563	1023.441	8.16867	3.02	4.5	23.963	5.4882E-8	1	0	3.11289
2216	-42.5	26.5	50.085	1023.228	8.14634	3.02	4.5	24.485	5.4587E-8	1	0	3.06705
2217	-42.5	27.5	50.621	1023.066	8.12941	3.02	4.5	25.021	5.4364E-8	1	0	3.02008
2218	-42.5	28.5	51.171	1022.958	8.11805	3.02	4.5	25.571	5.4215E-8	1	0	2.97212
2219	-42.5	29.5	51.735	1022.903	8.11248	3.02	4.5	26.135	5.4142E-8	1	0	2.92321
2220	-41.5	-29.5	50.917	1026.164	8.05518	3.02	4.5	25.317	5.3306E-8	1	0	3.02298
2221	-41.5	-28.5	50.344	1026.222	8.0613	3.02	4.5	24.744	5.3386E-8	1	0	3.07666
2222	-41.5	-27.5	49.785	1026.337	8.07383	3.02	4.5	24.185	5.3549E-8	1	0	3.12934
2223	-41.5	-26.5	49.239	1026.509	8.09249	3.02	4.5	23.639	5.3793E-8	1	0	3.18094
2224	-41.5	-25.5	48.708	1026.734	8.11712	3.02	4.5	23.108	5.4116E-8	1	0	3.23134
2225	-41.5	-24.5	48.192	1027.012	8.14751	3.02	4.5	22.592	5.4516E-8	1	0	3.28044
2226	-41.5	-23.5	47.692	1027.338	8.18338	3.02	4.5	22.092	5.4989E-8	1	0	3.32814
2227	-41.5	-22.5	47.207	1027.711	8.22442	3.02	4.5	21.607	5.5533E-8	1	0	3.37435
2228	-41.5	-21.5	46.739	1028.125	8.27025	3.02	4.5	21.139	5.6144E-8	1	0	3.419
2229	-41.5	-20.5	46.287	1028.576	8.32044	3.02	4.5	20.687	5.6817E-8	1	0	3.46203
2230	-41.5	-19.5	45.853	1029.06	8.37452	3.02	4.5	20.253	5.7546E-8	1	0	3.5034
2231	-41.5	-18.5	45.437	1029.571	8.43196	3.02	4.5	19.837	5.8326E-8	1	0	3.54305
2232	-41.5	-17.5	45.039	1030.104	8.49218	3.02	4.5	19.439	5.9148E-8	1	0	3.58094
2233	-41.5	-16.5	44.66	1030.653	8.55458	3.02	4.5	19.06	6.0007E-8	1	0	3.61705
2234	-41.5	-15.5	44.3	1031.213	8.6185	3.02	4.5	18.7	6.0892E-8	1	0	3.65134
2235	-41.5	-14.5	43.96	1031.776	8.68327	3.02	4.5	18.36	6.1796E-8	1	0	3.68377
2236	-41.5	-13.5	43.641	1032.337	8.74817	3.02	4.5	18.041	6.2709E-8	1	0	3.71432
2237	-41.5	-12.5	43.342	1032.889	8.81249	3.02	4.5	17.742	6.3619E-8	1	0	3.74296
2238	-41.5	-11.5	43.064	1033.427	8.87549	3.02	4.5	17.464	6.4517E-8	1	0	3.76963
2239	-41.5	-10.5	42.808	1033.945	8.93644	3.02	4.5	17.208	6.5392E-8	1	0	3.79431
2240	-41.5	-9.5	42.573	1034.436	8.99462	3.02	4.5	16.973	6.6233E-8	1	0	3.81695
2241	-41.5	-8.5	42.362	1034.895	9.04933	3.02	4.5	16.762	6.7028E-8	1	0	3.8375
2242	-41.5	-7.5	42.172	1035.317	9.0999	3.02	4.5	16.572	6.7767E-8	1	0	3.85592
2243	-41.5	-6.5	42.006	1035.698	9.14568	3.02	4.5	16.406	6.8439E-8	1	0	3.87217
2244	-41.5	-5.5	41.863	1036.032	9.1861	3.02	4.5	16.263	6.9036E-8	1	0	3.88619
2245	-41.5	-4.5	41.743	1036.317	9.22064	3.02	4.5	16.143	6.9547E-8	1	0	3.89795
2246	-41.5	-3.5	41.647	1036.549	9.24883	3.02	4.5	16.047	6.9967E-8	1	0	3.90741
2247	-41.5	-2.5	41.575	1036.725	9.27031	3.02	4.5	15.975	7.0287E-8	1	0	3.91453
2248	-41.5	-1.5	41.527	1036.843	9.2848	3.02	4.5	15.927	7.0503E-8	1	0	3.91929
2249	-41.5	-0.5	41.503	1036.903	9.29209	3.02	4.5	15.903	7.0612E-8	1	0	3.92168
2250	-41.5	0.5	41.503	1036.903	9.29209	3.02	4.5	15.903	7.0612E-8	1	0	3.92168
2251	-41.5	1.5	41.527	1036.843	9.2848	3.02	4.5	15.927	7.0503E-8	1	0	3.91929
2252	-41.5	2.5	41.575	1036.725	9.27031	3.02	4.5	15.975	7.0287E-8	1	0	3.91453
2253	-41.5	3.5	41.647	1036.549	9.24883	3.02	4.5	16.047	6.9967E-8	1	0	3.90741
2254	-41.5	4.5	41.743	1036.317	9.22064	3.02	4.5	16.143	6.9547E-8	1	0	3.89795
2255	-41.5	5.5	41.863	1036.032	9.1861	3.02	4.5	16.263	6.9036E-8	1	0	3.88619
2256	-41.5	6.5	42.006	1035.698	9.14568	3.02	4.5	16.406	6.8439E-8	1	0	3.87217
2257	-41.5	7.5	42.172	1035.317	9.0999	3.02	4.5	16.572	6.7767E-8	1	0	3.85592
2258	-41.5	8.5	42.362	1034.895	9.04933	3.02	4.5	16.762	6.7028E-8	1	0	3.8375
2259	-41.5	9.5	42.573	1034.436	8.99462	3.02	4.5	16.973	6.6233E-8	1	0	3.81695
2260	-41.5	10.5	42.808	1033.945	8.93644	3.02	4.5	17.208	6.5392E-8	1	0	3.79431
2261	-41.5	11.5	43.064	1033.427	8.87549	3.02	4.5	17.464	6.4517E-8	1	0	3.76963
2262	-41.5	12.5	43.342	1032.889	8.81249	3.02	4.5	17.742	6.3619E-8	1	0	3.74296
2263	-41.5	13.5	43.641	1032.337	8.74817	3.02	4.5	18.041	6.2709E-8	1	0	3.71432
2264	-41.5	14.5	43.96	1031.776	8.68327	3.02	4.5	18.36	6.1796E-8	1	0	3.68377
2265	-41.5	15.5	44.3	1031.213	8.6185	3.02	4.5	18.7	6.0892E-8	1	0	3.65134
2266	-41.5	16.5	44.66	1030.653	8.55458	3.02	4.5	19.06	6.0007E-8	1	0	3.61705
2267	-41.5	17.5	45.039	1030.104	8.49218	3.02	4.5	19.439	5.9148E-8	1	0	3.58094
2268	-41.5	18.5	45.437	1029.571	8.43196	3.02	4.5	19.837	5.8326E-8	1	0	3.54305
2269	-41.5	19.5	45.853	1029.06	8.37452	3.02	4.5	20.253	5.7546E-8	1	0	3.5034
2270	-41.5	20.5	46.287	1028.576	8.32044	3.02	4.5	20.687	5.6817E-8	1	0	3.46203
2271	-41.5	21.5	46.739	1028.125	8.27025	3.02	4.5	21.139	5.6144E-8	1	0	3.419
2272	-41.5	22.5	47.207	1027.711	8.22442	3.02	4.5	21.607	5.5533E-8	1	0	3.37435
2273	-41.5	23.5	47.692	1027.338	8.18338	3.02	4.5	22.092	5.4989E-8	1	0	3.32814
2274	-41.5	24.5	48.192	1027.012	8.14751	3.02	4.5	22.592	5.4516E-8	1	0	3.28044
2275	-41.5	25.5	48.708	1026.734	8.11712	3.02	4.5	23.108	5.4116E-8	1	0	3.23134
2276	-41.5	26.5	49.239	1026.509	8.09249	3.02	4.5	23.639	5.3793E-8	1	0	3.18094
2277	-41.5	27.5	49.785	1026.337	8.07383	3.02	4.5	24.185	5.3549E-8	1	0	3.12934
2278	-41.5	28.5	50.344	1026.222	8.0613	3.02	4.5	24.744	5.3386E-8	1	0	3.07666
2279	-41.5	29.5	50.917	1026.164	8.05518	3.02	4.5	25.317	5.3306E-8	1	0	3.02298
2280	-40.5	-29.5	50.105	1029.221	7.99204	3.02	4.5	24.505	5.2406E-8	1	0	3.13123
2281	-40.5	-28.5	49.523	1029.282	7.99877	3.02	4.5	23.923	5.2493E-8	1	0	3.1903
2282	-40.5	-27.5	48.954	1029.404	8.01257	3.02	4.5	23.354	5.2672E-8	1	0	3.24829
2283	-40.5	-26.5	48.399	1029.585	8.03313	3.02	4.5	22.799	5.2938E-8	1	0	3.30513
2284	-40.5	-25.5	47.859	1029.823	8.06027	3.02	4.5	22.259	5.3291E-8	1	0	3.36069
2285	-40.5	-24.5	47.334	1030.116	8.09377	3.02	4.5	21.734	5.3728E-8	1	0	3.41486
2286	-40.5	-23.5	46.824	1030.461	8.13335	3.02	4.5	21.224	5.4247E-8	1	0	3.46752
2287	-40.5	-22.5	46.33	1030.855	8.17864	3.02	4.5	20.73	5.4844E-8	1	0	3.5186
2288	-40.5	-21.5	45.853	1031.292	8.22925	3.02	4.5	20.253	5.5514E-8	1	0	3.56801
2289	-40.5	-20.5	45.393	1031.769	8.28472	3.02	4.5	19.793	5.6254E-8	1	0	3.6157
2290	-40.5	-19.5	44.95	1032.28	8.34453	3.02	4.5	19.35	5.7057E-8	1	0	3.6616
2291	-40.5	-18.5	44.525	1032.82	8.4081	3.02	4.5	18.925	5.7916E-8	1	0	3.70567
2292	-40.5	-17.5	44.119	1033.383	8.4748	3.02	4.5	18.519	5.8825E-8	1	0	3.74787
2293	-40.5	-16.5	43.732	1033.962	8.54397	3.02	4.5	18.132	5.9774E-8	1	0	3.78816
2294	-40.5	-15.5	43.365	1034.553	8.61489	3.02	4.5	17.765	6.0755E-8	1	0	3.82651
2295	-40.5	-14.5	43.017	1035.147	8.68679	3.02	4.5	17.417	6.1758E-8	1	0	3.86288
2296	-40.5	-13.5	42.691	1035.739	8.75891	3.02	4.5	17.091	6.2772E-8	1	0	3.89722
2297	-40.5	-12.5	42.385	1036.322	8.83044	3.02	4.5	16.785	6.3786E-8	1	0	3.9295
2298	-40.5	-11.5	42.101	1036.889	8.90055	3.02	4.5	16.501	6.4787E-8	1	0	3.95965
2299	-40.5	-10.5	41.839	1037.435	8.96845	3.02	4.5	16.239	6.5764E-8	1	0	3.98762
2300	-40.5	-9.5	41.599	1037.953	9.0333	3.02	4.5	15.999	6.6704E-8	1	0	4.01335
2301	-40.5	-8.5	41.382	1038.437	9.09433	3.02	4.5	15.782	6.7594E-8	1	0	4.03678
2302	-40.5	-7.5	41.189	1038.882	9.15078	3.02	4.5	15.589	6.8423E-8	1	0	4.05783
2303	-40.5	-6.5	41.018	1039.282	9.20192	3.02	4.5	15.418	6.9178E-8	1	0	4.07644
2304	-40.5	-5.5	40.872	1039.635	9.24709	3.02	4.5	15.272	6.9849E-8	1	0	4.09254
2305	-40.5	-4.5	40.749	1039.934	9.28571	3.02	4.5	15.149	7.0424E-8	1	0	4.10607
2306	-40.5	-3.5	40.651	1040.178	9.31725	3.02	4.5	15.051	7.0896E-8	1	0	4.11696
2307	-40.5	-2.5	40.577	1040.363	9.34129	3.02	4.5	14.977	7.1257E-8	1	0	4.12518
2308	-40.5	-1.5	40.528	1040.488	9.3575	3.02	4.5	14.928	7.1501E-8	1	0	4.13068
2309	-40.5	-0.5	40.503	1040.551	9.36566	3.02	4.5	14.903	7.1623E-8	1	0	4.13344
2310	-40.5	0.5	40.503	1040.551	9.36566	3.02	4.5	14.903	7.1623E-8	1	0	4.13344
2311	-40.5	1.5	40.528	1040.488	9.3575	3.02	4.5	14.928	7.1501E-8	1	0	4.13068
2312	-40.5	2.5	40.577	1040.363	9.34129	3.02	4.5	14.977	7.1257E-8	1	0	4.12518
2313	-40.5	3.5	40.651	1040.178	9.31725	3.02	4.5	15.051	7.0896E-8	1	0	4.11696
2314	-40.5	4.5	40.749	1039.934	9.28571	3.02	4.5	15.149	7.0424E-8	1	0	4.10607
2315	-40.5	5.5	40.872	1039.635	9.24709	3.02	4.5	15.272	6.9849E-8	1	0	4.09254
2316	-40.5	6.5	41.018	1039.282	9.20192	3.02	4.5	15.418	6.9178E-8	1	0	4.07644
2317	-40.5	7.5	41.189	1038.882	9.15078	3.02	4.5	15.589	6.8423E-8	1	0	4.05783
2318	-40.5	8.5	41.382	1038.437	9.09433	3.02	4.5	15.782	6.7594E-8	1	0	4.03678
2319	-40.5	9.5	41.599	1037.953	9.0333	3.02	4.5	15.999	6.6704E-8	1	0	4.01335
2320	-40.5	10.5	41.839	1037.435	8.96845	3.02	4.5	16.239	6.5764E-8	1	0	3.98762
2321	-40.5	11.5	42.101	1036.889	8.90055	3.02	4.5	16.501	6.4787E-8	1	0	3.95965
2322	-40.5	12.5	42.385	1036.322	8.83044	3.02	4.5	16.785	6.3786E-8	1	0	3.9295
2323	-40.5	13.5	42.691	1035.739	8.75891	3.02	4.5	17.091	6.2772E-8	1	0	3.89722
2324	-40.5	14.5	43.017	1035.147	8.68679	3.02	4.5	17.417	6.1758E-8	1	0	3.86288
2325	-40.5	15.5	43.365	1034.553	8.61489	3.02	4.5	17.765	6.0755E-8	1	0	3.82651
2326	-40.5	16.5	43.732	1033.962	8.54397	3.02	4.5	18.132	5.9774E-8	1	0	3.78816
2327	-40.5	17.5	44.119	1033.383	8.4748	3.02	4.5	18.519	5.8825E-8	1	0	3.74787
2328	-40.5	18.5	44.525	1032.82	8.4081	3.02	4.5	18.925	5.7916E-8	1	0	3.70567
2329	-40.5	19.5	44.95	1032.28	8.34453	3.02	4.5	19.35	5.7057E-8	1	0	3.6616
2330	-40.5	20.5	45.393	1031.769	8.28472	3.02	4.5	19.793	5.6254E-8	1	0	3.6157
2331	-40.5	21.5	45.853	1031.292	8.22925	3.02	4.5	20.253	5.5514E-8	1	0	3.56801
2332	-40.5	22.5	46.33	1030.855	8.17864	3.02	4.5	20.73	5.4844E-8	1	0	3.5186
2333	-40.5	23.5	46.824	1030.461	8.13335	3.02	4.5	21.224	5.4247E-8	1	0	3.46752
2334	-40.5	24.5	47.334	1030.116	8.09377	3.02	4.5	21.734	5.3728E-8	1	0	3.41486
2335	-40.5	25.5	47.859	1029.823	8.06027	3.02	4.5	22.259	5.3291E-8	1	0	3.36069
2336	-40.5	26.5	48.399	1029.585	8.03313	3.02	4.5	22.799	5.2938E-8	1	0	3.30513
2337	-40.5	27.5	48.954	1029.404	8.01257	3.02	4.5	23.354	5.2672E-8	1	0	3.24829
2338	-40.5	28.5	49.523	1029.282	7.99877	3.02	4.5	23.923	5.2493E-8	1	0	3.1903
2339	-40.5	29.5	50.105	1029.221	7.99204	3.02	4.5	24.505	5.2406E-8	1	0	3.13123
2340	-39.5	-29.5	49.3	1032.077	7.92253	3.02	4.5	23.7	5.1436E-8	1	0	3.24903
2341	-39.5	-28.5	48.708	1032.141	7.92991	3.02	4.5	23.108	5.1531E-8	1	0	3.31419
2342	-39.5	-27.5	48.13	1032.269	7.9451	3.02	4.5	22.53	5.1725E-8	1	0	3.37819
2343	-39.5	-26.5	47.566	1032.46	7.96773	3.02	4.5	21.966	5.2016E-8	1	0	3.44097
2344	-39.5	-25.5	47.016	1032.711	7.99762	3.02	4.5	21.416	5.2402E-8	1	0	3.5024
2345	-39.5	-24.5	46.481	1033.02	8.03453	3.02	4.5	20.881	5.288E-8	1	0	3.56234
2346	-39.5	-23.5	45.962	1033.384	8.07815	3.02	4.5	20.362	5.3447E-8	1	0	3.62069
2347	-39.5	-22.5	45.459	1033.798	8.12811	3.02	4.5	19.859	5.4101E-8	1	0	3.67735
2348	-39.5	-21.5	44.972	1034.259	8.18397	3.02	4.5	19.372	5.4836E-8	1	0	3.73224
2349	-39.5	-20.5	44.503	1034.761	8.24524	3.02	4.5	18.903	5.5648E-8	1	0	3.7853
2350	-39.5	-19.5	44.051	1035.3	8.31135	3.02	4.5	18.451	5.6532E-8	1	0	3.83646
2351	-39.5	-18.5	43.618	1035.869	8.38169	3.02	4.5	18.018	5.7478E-8	1	0	3.88569
2352	-39.5	-17.5	43.203	1036.462	8.45555	3.02	4.5	17.603	5.8481E-8	1	0	3.93295
2353	-39.5	-16.5	42.808	1037.072	8.53221	3.02	4.5	17.208	5.9531E-8	1	0	3.97818
2354	-39.5	-15.5	42.432	1037.694	8.61087	3.02	4.5	16.832	6.0618E-8	1	0	4.02136
2355	-39.5	-14.5	42.077	1038.32	8.69071	3.02	4.5	16.477	6.1731E-8	1	0	4.06243
2356	-39.5	-13.5	41.743	1038.942	8.77085	3.02	4.5	16.143	6.2858E-8	1	0	4.10134
2357	-39.5	-12.5	41.431	1039.555	8.85041	3.02	4.5	15.831	6.3987E-8	1	0	4.13803
2358	-39.5	-11.5	41.14	1040.152	8.92846	3.02	4.5	15.54	6.5104E-8	1	0	4.17243
2359	-39.5	-10.5	40.872	1040.725	9.00411	3.02	4.5	15.272	6.6195E-8	1	0	4.20445
2360	-39.5	-9.5	40.626	1041.269	9.07643	3.02	4.5	15.026	6.7247E-8	1	0	4.23402
2361	-39.5	-8.5	40.404	1041.778	9.14454	3.02	4.5	14.804	6.8246E-8	1	0	4.26102
2362	-39.5	-7.5	40.206	1042.245	9.20759	3.02	4.5	14.606	6.9176E-8	1	0	4.28536
2363	-39.5	-6.5	40.031	1042.665	9.26475	3.02	4.5	14.431	7.0025E-8	1	0	4.30694
2364	-39.5	-5.5	39.881	1043.035	9.31528	3.02	4.5	14.281	7.078E-8	1	0	4.32566
2365	-39.5	-4.5	39.756	1043.349	9.35849	3.02	4.5	14.156	7.1429E-8	1	0	4.34143
2366	-39.5	-3.5	39.655	1043.605	9.39381	3.02	4.5	14.055	7.1961E-8	1	0	4.35415
2367	-39.5	-2.5	39.579	1043.799	9.42073	3.02	4.5	13.979	7.2368E-8	1	0	4.36376
2368	-39.5	-1.5	39.528	1043.93	9.4389	3.02	4.5	13.928	7.2643E-8	1	0	4.3702
2369	-39.5	-0.5	39.503	1043.995	9.44804	3.02	4.5	13.903	7.2782E-8	1	0	4.37343
2370	-39.5	0.5	39.503	1043.995	9.44804	3.02	4.5	13.903	7.2782E-8	1	0	4.37343
2371	-39.5	1.5	39.528	1043.93	9.4389	3.02	4.5	13.928	7.2643E-8	1	0	4.3702
2372	-39.5	2.5	39.579	1043.799	9.42073	3.02	4.5	13.979	7.2368E-8	1	0	4.36376
2373	-39.5	3.5	39.655	1043.605	9.39381	3.02	4.5	14.055	7.1961E-8	1	0	4.35415
2374	-39.5	4.5	39.756	1043.349	9.35849	3.02	4.5	14.156	7.1429E-8	1	0	4.34143
2375	-39.5	5.5	39.881	1043.035	9.31528	3.02	4.5	14.281	7.078E-8	1	0	4.32566
2376	-39.5	6.5	40.031	1042.665	9.26475	3.02	4.5	14.431	7.0025E-8	1	0	4.30694
2377	-39.5	7.5	40.206	1042.245	9.20759	3.02	4.5	14.606	6.9176E-8	1	0	4.28536
2378	-39.5	8.5	40.404	1041.778	9.14454	3.02	4.5	14.804	6.8246E-8	1	0	4.26102
2379	-39.5	9.5	40.626	1041.269	9.07643	3.02	4.5	15.026	6.7247E-8	1	0	4.23402
2380	-39.5	10.5	40.872	1040.725	9.00411	3.02	4.5	15.272	6.6195E-8	1	0	4.20445
2381	-39.5	11.5	41.14	1040.152	8.92846	3.02	4.5	15.54	6.5104E-8	1	0	4.17243
2382	-39.5	12.5	41.431	1039.555	8.85041	3.02	4.5	15.831	6.3987E-8	1	0	4.13803
2383	-39.5	13.5	41.743	1038.942	8.77085	3.02	4.5	16.143	6.2858E-8	1	0	4.10134
2384	-39.5	14.5	42.077	1038.32	8.69071	3.02	4.5	16.477	6.1731E-8	1	0	4.06243
2385	-39.5	15.5	42.432	1037.694	8.61087	3.02	4.5	16.832	6.0618E-8	1	0	4.02136
2386	-39.5	16.5	42.808	1037.072	8.53221	3.02	4.5	17.208	5.9531E-8	1	0	3.97818
2387	-39.5	17.5	43.203	1036.462	8.45555	3.02	4.5	17.603	5.8481E-8	1	0	3.93295
2388	-39.5	18.5	43.618	1035.869	8.38169	3.02	4.5	18.018	5.7478E-8	1	0	3.88569
2389	-39.5	19.5	44.051	1035.3	8.31135	3.02	4.5	18.451	5.6532E-8	1	0	3.83646
2390	-39.5	20.5	44.503	1034.761	8.24524	3.02	4.5	18.903	5.5648E-8	1	0	3.7853
2391	-39.5	21.5	44.972	1034.259	8.18397	3.02	4.5	19.372	5.4836E-8	1	0	3.73224
2392	-39.5	22.5	45.459	1033.798	8.12811	3.02	4.5	19.859	5.4101E-8	1	0	3.67735
2393	-39.5	23.5	45.962	1033.384	8.07815	3.02	4.5	20.362	5.3447E-8	1	0	3.62069
2394	-39.5	24.5	46.481	1033.02	8.03453	3.02	4.5	20.881	5.288E-8	1	0	3.56234
2395	-39.5	25.5	47.016	1032.711	7.99762	3.02	4.5	21.416	5.2402E-8	1	0	3.5024
2396	-39.5	26.5	47.566	1032.46	7.96773	3.02	4.5	21.966	5.2016E-8	1	0	3.44097
2397	-39.5	27.5	48.13	1032.269	7.9451	3.02	4.5	22.53	5.1725E-8	1	0	3.37819
2398	-39.5	28.5	48.708	1032.141	7.92991	3.02	4.5	23.108	5.1531E-8	1	0	3.31419
2399	-39.5	29.5	49.3	1032.077	7.92253	3.02	4.5	23.7	5.1436E-8	1	0	3.24903
2400	-38.5	-29.5	48.503	1034.733	7.84608	3.02	4.5	22.903	5.0392E-8	1	0	3.37763
2401	-38.5	-28.5	47.901	1034.801	7.85415	3.02	4.5	22.301	5.0494E-8	1	0	3.44969
2402	-38.5	-27.5	47.313	1034.936	7.87085	3.02	4.5	21.713	5.0706E-8	1	0	3.52051
2403	-38.5	-26.5	46.739	1035.137	7.89574	3.02	4.5	21.139	5.1023E-8	1	0	3.59007
2404	-38.5	-25.5	46.179	1035.401	7.92863	3.02	4.5	20.579	5.1443E-8	1	0	3.65819
2405	-38.5	-24.5	45.634	1035.726	7.96925	3.02	4.5	20.034	5.1964E-8	1	0	3.72474
2406	-38.5	-23.5	45.105	1036.108	8.01729	3.02	4.5	19.505	5.2584E-8	1	0	3.78962
2407	-38.5	-22.5	44.593	1036.544	8.07236	3.02	4.5	18.993	5.3299E-8	1	0	3.85271
2408	-38.5	-21.5	44.096	1037.029	8.13398	3.02	4.5	18.496	5.4105E-8	1	0	3.91395
2409	-38.5	-20.5	43.618	1037.557	8.20162	3.02	4.5	18.018	5.4996E-8	1	0	3.97325
2410	-38.5	-19.5	43.157	1038.123	8.27467	3.02	4.5	17.557	5.5966E-8	1	0	4.03058
2411	-38.5	-18.5	42.714	1038.721	8.35245	3.02	4.5	17.114	5.7009E-8	1	0	4.08589
2412	-38.5	-17.5	42.291	1039.343	8.43422	3.02	4.5	16.691	5.8115E-8	1	0	4.13913
2413	-38.5	-16.5	41.887	1039.985	8.51917	3.02	4.5	16.287	5.9276E-8	1	0	4.19026
2414	-38.5	-15.5	41.503	1040.637	8.60642	3.02	4.5	15.903	6.0479E-8	1	0	4.23924
2415	-38.5	-14.5	41.14	1041.294	8.69506	3.02	4.5	15.54	6.1714E-8	1	0	4.286
2416	-38.5	-13.5	40.798	1041.947	8.78413	3.02	4.5	15.198	6.2968E-8	1	0	4.33049
2417	-38.5	-12.5	40.478	1042.59	8.87263	3.02	4.5	14.878	6.4225E-8	1	0	4.37262
2418	-38.5	-11.5	40.181	1043.215	8.95954	3.02	4.5	14.581	6.5472E-8	1	0	4.41228
2419	-38.5	-10.5	39.906	1043.815	9.04386	3.02	4.5	14.306	6.6693E-8	1	0	4.44936
2420	-38.5	-9.5	39.655	1044.384	9.12454	3.02	4.5	14.055	6.7872E-8	1	0	4.48374
2421	-38.5	-8.5	39.427	1044.916	9.2006	3.02	4.5	13.827	6.8993E-8	1	0	4.51527
2422	-38.5	-7.5	39.224	1045.404	9.27106	3.02	4.5	13.624	7.0039E-8	1	0	4.5438
2423	-38.5	-6.5	39.045	1045.843	9.335	3.02	4.5	13.445	7.0995E-8	1	0	4.56918
2424	-38.5	-5.5	38.891	1046.229	9.39156	3.02	4.5	13.291	7.1846E-8	1	0	4.59127
2425	-38.5	-4.5	38.762	1046.557	9.43997	3.02	4.5	13.162	7.2579E-8	1	0	4.60993
2426	-38.5	-3.5	38.659	1046.824	9.47955	3.02	4.5	13.059	7.318E-8	1	0	4.62502
2427	-38.5	-2.5	38.581	1047.027	9.50974	3.02	4.5	12.981	7.3641E-8	1	0	4.63645
2428	-38.5	-1.5	38.529	1047.163	9.53011	3.02	4.5	12.929	7.3952E-8	1	0	4.64411
2429	-38.5	-0.5	38.503	1047.232	9.54037	3.02	4.5	12.903	7.4109E-8	1	0	4.64796
2430	-38.5	0.5	38.503	1047.232	9.54037	3.02	4.5	12.903	7.4109E-8	1	0	4.64796
2431	-38.5	1.5	38.529	1047.163	9.53011	3.02	4.5	12.929	7.3952E-8	1	0	4.64411
2432	-38.5	2.5	38.581	1047.027	9.50974	3.02	4.5	12.981	7.3641E-8	1	0	4.63645
2433	-38.5	3.5	38.659	1046.824	9.47955	3.02	4.5	13.059	7.318E-8	1	0	4.62502
2434	-38.5	4.5	38.762	1046.557	9.43997	3.02	4.5	13.162	7.2579E-8	1	0	4.60993
2435	-38.5	5.5	38.891	1046.229	9.39156	3.02	4.5	13.291	7.1846E-8	1	0	4.59127
2436	-38.5	6.5	39.045	1045.843	9.335	3.02	4.5	13.445	7.0995E-8	1	0	4.56918
2437	-38.5	7.5	39.224	1045.404	9.27106	3.02	4.5	13.624	7.0039E-8	1	0	4.5438
2438	-38.5	8.5	39.427	1044.916	9.2006	3.02	4.5	13.827	6.8993E-8	1	0	4.51527
2439	-38.5	9.5	39.655	1044.384	9.12454	3.02	4.5	14.055	6.7872E-8	1	0	4.48374
2440	-38.5	10.5	39.906	1043.815	9.04386	3.02	4.5	14.306	6.6693E-8	1	0	4.44936
2441	-38.5	11.5	40.181	1043.215	8.95954	3.02	4.5	14.581	6.5472E-8	1	0	4.41228
2442	-38.5	12.5	40.478	1042.59	8.87263	3.02	4.5	14.878	6.4225E-8	1	0	4.37262
2443	-38.5	13.5	40.798	1041.947	8.78413	3.02	4.5	15.198	6.2968E-8	1	0	4.33049
2444	-38.5	14.5	41.14	1041.294	8.69506	3.02	4.5	15.54	6.1714E-8	1	0	4.286
2445	-38.5	15.5	41.503	1040.637	8.60642	3.02	4.5	15.903	6.0479E-8	1	0	4.23924
2446	-38.5	16.5	41.887	1039.985	8.51917	3.02	4.5	16.287	5.9276E-8	1	0	4.19026
2447	-38.5	17.5	42.291	1039.343	8.43422	3.02	4.5	16.691	5.8115E-8	1	0	4.13913
2448	-38.5	18.5	42.714	1038.721	8.35245	3.02	4.5	17.114	5.7009E-8	1	0	4.08589
2449	-38.5	19.5	43.157	1038.123	8.27467	3.02	4.5	17.557	5.5966E-8	1	0	4.03058
2450	-38.5	20.5	43.618	1037.557	8.20162	3.02	4.5	18.018	5.4996E-8	1	0	3.97325
2451	-38.5	21.5	44.096	1037.029	8.13398	3.02	4.5	18.496	5.4105E-8	1	0	3.91395
2452	-38.5	22.5	44.593	1036.544	8.07236	3.02	4.5	18.993	5.3299E-8	1	0	3.85271
2453	-38.5	23.5	45.105	1036.108	8.01729	3.02	4.5	19.505	5.2584E-8	1	0	3.78962
2454	-38.5	24.5	45.634	1035.726	7.96925	3.02	4.5	20.034	5.1964E-8	1	0	3.72474
2455	-38.5	25.5	46.179	1035.401	7.92863	3.02	4.5	20.579	5.1443E-8	1	0	3.65819
2456	-38.5	26.5	46.739	1035.137	7.89574	3.02	4.5	21.139	5.1023E-8	1	0	3.59007
2457	-38.5	27.5	47.313	1034.936	7.87085	3.02	4.5	21.713	5.0706E-8	1	0	3.52051
2458	-38.5	28.5	47.901	1034.801	7.85415	3.02	4.5	22.301	5.0494E-8	1	0	3.44969
2459	-38.5	29.5	48.503	1034.733	7.84608	3.02	4.5	22.903	5.0392E-8	1	0	3.37763
2460	-37.5	-29.5	47.713	1037.196	7.76208	3.02	4.5	22.113	4.9267E-8	1	0	3.51846
2461	-37.5	-28.5	47.101	1037.267	7.7709	3.02	4.5	21.501	4.9377E-8	1	0	3.59837
2462	-37.5	-27.5	46.503	1037.408	7.78924	3.02	4.5	20.903	4.9608E-8	1	0	3.67699
2463	-37.5	-26.5	45.918	1037.619	7.81658	3.02	4.5	20.318	4.9952E-8	1	0	3.75428
2464	-37.5	-25.5	45.349	1037.896	7.85272	3.02	4.5	19.749	5.0409E-8	1	0	3.83008
2465	-37.5	-24.5	44.794	1038.237	7.89739	3.02	4.5	19.194	5.0977E-8	1	0	3.90424
2466	-37.5	-23.5	44.255	1038.638	7.95026	3.02	4.5	18.655	5.1653E-8	1	0	3.97666
2467	-37.5	-22.5	43.732	1039.096	8.0109	3.02	4.5	18.132	5.2434E-8	1	0	4.04722
2468	-37.5	-21.5	43.226	1039.604	8.07882	3.02	4.5	17.626	5.3315E-8	1	0	4.11585
2469	-37.5	-20.5	42.738	1040.158	8.15344	3.02	4.5	17.138	5.4292E-8	1	0	4.18249
2470	-37.5	-19.5	42.267	1040.751	8.23412	3.02	4.5	16.667	5.5357E-8	1	0	4.24709
2471	-37.5	-18.5	41.815	1041.377	8.32011	3.02	4.5	16.215	5.6505E-8	1	0	4.30961
2472	-37.5	-17.5	41.382	1042.03	8.41061	3.02	4.5	15.782	5.7725E-8	1	0	4.37001
2473	-37.5	-16.5	40.97	1042.701	8.50472	3.02	4.5	15.37	5.9007E-8	1	0	4.42826
2474	-37.5	-15.5	40.577	1043.384	8.6015	3.02	4.5	14.977	6.034E-8	1	0	4.4843
2475	-37.5	-14.5	40.206	1044.07	8.69991	3.02	4.5	14.606	6.171E-8	1	0	4.53806
2476	-37.5	-13.5	39.856	1044.753	8.7989	3.02	4.5	14.256	6.3104E-8	1	0	4.58945
2477	-37.5	-12.5	39.528	1045.424	8.89737	3.02	4.5	13.928	6.4506E-8	1	0	4.63837
2478	-37.5	-11.5	39.224	1046.076	8.99417	3.02	4.5	13.624	6.5899E-8	1	0	4.68467
2479	-37.5	-10.5	38.942	1046.702	9.08818	3.02	4.5	13.342	6.7266E-8	1	0	4.72818
2480	-37.5	-9.5	38.685	1047.295	9.17824	3.02	4.5	13.085	6.8588E-8	1	0	4.76872
2481	-37.5	-8.5	38.451	1047.849	9.26323	3.02	4.5	12.851	6.9848E-8	1	0	4.80608
2482	-37.5	-7.5	38.243	1048.357	9.34203	3.02	4.5	12.643	7.1026E-8	1	0	4.84005
2483	-37.5	-6.5	38.059	1048.813	9.41361	3.02	4.5	12.459	7.2105E-8	1	0	4.8704
2484	-37.5	-5.5	37.901	1049.214	9.47699	3.02	4.5	12.301	7.3066E-8	1	0	4.89691
2485	-37.5	-4.5	37.769	1049.555	9.53127	3.02	4.5	12.169	7.3895E-8	1	0	4.91938
2486	-37.5	-3.5	37.663	1049.832	9.57567	3.02	4.5	12.063	7.4576E-8	1	0	4.93761
2487	-37.5	-2.5	37.583	1050.042	9.60956	3.02	4.5	11.983	7.5098E-8	1	0	4.95143
2488	-37.5	-1.5	37.53	1050.183	9.63243	3.02	4.5	11.93	7.5451E-8	1	0	4.96073
2489	-37.5	-0.5	37.503	1050.254	9.64395	3.02	4.5	11.903	7.563E-8	1	0	4.9654
2490	-37.5	0.5	37.503	1050.254	9.64395	3.02	4.5	11.903	7.563E-8	1	0	4.9654
2491	-37.5	1.5	37.53	1050.183	9.63243	3.02	4.5	11.93	7.5451E-8	1	0	4.96073
2492	-37.5	2.5	37.583	1050.042	9.60956	3.02	4.5	11.983	7.5098E-8	1	0	4.95143
2493	-37.5	3.5	37.663	1049.832	9.57567	3.02	4.5	12.063	7.4576E-8	1	0	4.93761
2494	-37.5	4.5	37.769	1049.555	9.53127	3.02	4.5	12.169	7.3895E-8	1	0	4.91938
2495	-37.5	5.5	37.901	1049.214	9.47699	3.02	4.5	12.301	7.3066E-8	1	0	4.89691
2496	-37.5	6.5	38.059	1048.813	9.41361	3.02	4.5	12.459	7.2105E-8	1	0	4.8704
2497	-37.5	7.5	38.243	1048.357	9.34203	3.02	4.5	12.643	7.1026E-8	1	0	4.84005
2498	-37.5	8.5	38.451	1047.849	9.26323	3.02	4.5	12.851	6.9848E-8	1	0	4.80608
2499	-37.5	9.5	38.685	1047.295	9.17824	3.02	4.5	13.085	6.8588E-8	1	0	4.76872
2500	-37.5	10.5	38.942	1046.702	9.08818	3.02	4.5	13.342	6.7266E-8	1	0	4.72818
2501	-37.5	11.5	39.224	1046.076	8.99417	3.02	4.5	13.624	6.5899E-8	1	0	4.68467
2502	-37.5	12.5	39.528	1045.424	8.89737	3.02	4.5	13.928	6.4506E-8	1	0	4.63837
2503	-37.5	13.5	39.856	1044.753	8.7989	3.02	4.5	14.256	6.3104E-8	1	0	4.58945
2504	-37.5	14.5	40.206	1044.07	8.69991	3.02	4.5	14.606	6.171E-8	1	0	4.53806
2505	-37.5	15.5	40.577	1043.384	8.6015	3.02	4.5	14.977	6.034E-8	1	0	4.4843
2506	-37.5	16.5	40.97	1042.701	8.50472	3.02	4.5	15.37	5.9007E-8	1	0	4.42826
2507	-37.5	17.5	41.382	1042.03	8.41061	3.02	4.5	15.782	5.7725E-8	1	0	4.37001
2508	-37.5	18.5	41.815	1041.377	8.32011	3.02	4.5	16.215	5.6505E-8	1	0	4.30961
2509	-37.5	19.5	42.267	1040.751	8.23412	3.02	4.5	16.667	5.5357E-8	1	0	4.24709
2510	-37.5	20.5	42.738	1040.158	8.15344	3.02	4.5	17.138	5.4292E-8	1	0	4.18249
2511	-37.5	21.5	43.226	1039.604	8.07882	3.02	4.5	17.626	5.3315E-8	1	0	4.11585
2512	-37.5	22.5	43.732	1039.096	8.0109	3.02	4.5	18.132	5.2434E-8	1	0	4.04722
2513	-37.5	23.5	44.255	1038.638	7.95026	3.02	4.5	18.655	5.1653E-8	1	0	3.97666
2514	-37.5	24.5	44.794	1038.237	7.89739	3.02	4.5	19.194	5.0977E-8	1	0	3.90424
2515	-37.5	25.5	45.349	1037.896	7.85272	3.02	4.5	19.749	5.0409E-8	1	0	3.83008
2516	-37.5	26.5	45.918	1037.619	7.81658	3.02	4.5	20.318	4.9952E-8	1	0	3.75428
2517	-37.5	27.5	46.503	1037.408	7.78924	3.02	4.5	20.903	4.9608E-8	1	0	3.67699
2518	-37.5	28.5	47.101	1037.267	7.7709	3.02	4.5	21.501	4.9377E-8	1	0	3.59837
2519	-37.5	29.5	47.713	1037.196	7.76208	3.02	4.5	22.113	4.9267E-8	1	0	3.51846
2520	-36.5	-29.5	46.931	1039.468	7.66988	3.02	4.5	21.331	4.8057E-8	1	0	3.6732
2521	-36.5	-28.5	46.309	1039.542	7.67951	3.02	4.5	20.709	4.8176E-8	1	0	3.7621
2522	-36.5	-27.5	45.7	1039.69	7.69962	3.02	4.5	20.1	4.8426E-8	1	0	3.84963
2523	-36.5	-26.5	45.105	1039.911	7.72962	3.02	4.5	19.505	4.8799E-8	1	0	3.93581
2524	-36.5	-25.5	44.525	1040.201	7.76929	3.02	4.5	18.925	4.9295E-8	1	0	4.02046
2525	-36.5	-24.5	43.96	1040.558	7.81836	3.02	4.5	18.36	4.9912E-8	1	0	4.10343
2526	-36.5	-23.5	43.411	1040.978	7.87648	3.02	4.5	17.811	5.0648E-8	1	0	4.1846
2527	-36.5	-22.5	42.878	1041.456	7.94319	3.02	4.5	17.278	5.1499E-8	1	0	4.26389
2528	-36.5	-21.5	42.362	1041.988	8.018	3.02	4.5	16.762	5.2462E-8	1	0	4.34121
2529	-36.5	-20.5	41.863	1042.567	8.10027	3.02	4.5	16.263	5.3531E-8	1	0	4.41652
2530	-36.5	-19.5	41.382	1043.187	8.18932	3.02	4.5	15.782	5.47E-8	1	0	4.48978
2531	-36.5	-18.5	40.921	1043.841	8.28435	3.02	4.5	15.321	5.5961E-8	1	0	4.56096
2532	-36.5	-17.5	40.478	1044.522	8.38447	3.02	4.5	14.878	5.7305E-8	1	0	4.63005
2533	-36.5	-16.5	40.056	1045.223	8.48872	3.02	4.5	14.456	5.8722E-8	1	0	4.69699
2534	-36.5	-15.5	39.655	1045.935	8.59604	3.02	4.5	14.055	6.0198E-8	1	0	4.76173
2535	-36.5	-14.5	39.275	1046.65	8.70531	3.02	4.5	13.675	6.1719E-8	1	0	4.82421
2536	-36.5	-13.5	38.917	1047.36	8.81534	3.02	4.5	13.317	6.327E-8	1	0	4.88429
2537	-36.5	-12.5	38.581	1048.058	8.92492	3.02	4.5	12.981	6.4833E-8	1	0	4.94184
2538	-36.5	-11.5	38.269	1048.736	9.03277	3.02	4.5	12.669	6.639E-8	1	0	4.99665
2539	-36.5	-10.5	37.98	1049.385	9.13763	3.02	4.5	12.38	6.7922E-8	1	0	5.04848
2540	-36.5	-9.5	37.716	1050	9.2382	3.02	4.5	12.116	6.9407E-8	1	0	5.09707
2541	-36.5	-8.5	37.477	1050.573	9.33322	3.02	4.5	11.877	7.0825E-8	1	0	5.14211
2542	-36.5	-7.5	37.263	1051.098	9.42144	3.02	4.5	11.663	7.2154E-8	1	0	5.18328
2543	-36.5	-6.5	37.074	1051.57	9.50165	3.02	4.5	11.474	7.3373E-8	1	0	5.22025
2544	-36.5	-5.5	36.912	1051.984	9.57273	3.02	4.5	11.312	7.4462E-8	1	0	5.25269
2545	-36.5	-4.5	36.776	1052.335	9.63366	3.02	4.5	11.176	7.5401E-8	1	0	5.2803
2546	-36.5	-3.5	36.667	1052.62	9.68354	3.02	4.5	11.067	7.6175E-8	1	0	5.30277
2547	-36.5	-2.5	36.586	1052.836	9.72162	3.02	4.5	10.986	7.6768E-8	1	0	5.31987
2548	-36.5	-1.5	36.531	1052.982	9.74734	3.02	4.5	10.931	7.717E-8	1	0	5.33138
2549	-36.5	-0.5	36.503	1053.055	9.76029	3.02	4.5	10.903	7.7373E-8	1	0	5.33718
2550	-36.5	0.5	36.503	1053.055	9.76029	3.02	4.5	10.903	7.7373E-8	1	0	5.33718
2551	-36.5	1.5	36.531	1052.982	9.74734	3.02	4.5	10.931	7.717E-8	1	0	5.33138
2552	-36.5	2.5	36.586	1052.836	9.72162	3.02	4.5	10.986	7.6768E-8	1	0	5.31987
2553	-36.5	3.5	36.667	1052.62	9.68354	3.02	4.5	11.067	7.6175E-8	1	0	5.30277
2554	-36.5	4.5	36.776	1052.335	9.63366	3.02	4.5	11.176	7.5401E-8	1	0	5.2803
2555	-36.5	5.5	36.912	1051.984	9.57273	3.02	4.5	11.312	7.4462E-8	1	0	5.25269
2556	-36.5	6.5	37.074	1051.57	9.50165	3.02	4.5	11.474	7.3373E-8	1	0	5.22025
2557	-36.5	7.5	37.263	1051.098	9.42144	3.02	4.5	11.663	7.2154E-8	1	0	5.18328
2558	-36.5	8.5	37.477	1050.573	9.33322	3.02	4.5	11.877	7.0825E-8	1	0	5.14211
2559	-36.5	9.5	37.716	1050	9.2382	3.02	4.5	12.116	6.9407E-8	1	0	5.09707
2560	-36.5	10.5	37.98	1049.385	9.13763	3.02	4.5	12.38	6.7922E-8	1	0	5.04848
2561	-36.5	11.5	38.269	1048.736	9.03277	3.02	4.5	12.669	6.639E-8	1	0	4.99665
2562	-36.5	12.5	38.581	1048.058	8.92492	3.02	4.5	12.981	6.4833E-8	1	0	4.94184
2563	-36.5	13.5	38.917	1047.36	8.81534	3.02	4.5	13.317	6.327E-8	1	0	4.88429
2564	-36.5	14.5	39.275	1046.65	8.70531	3.02	4.5	13.675	6.1719E-8	1	0	4.82421
2565	-36.5	15.5	39.655	1045.935	8.59604	3.02	4.5	14.055	6.0198E-8	1	0	4.76173
2566	-36.5	16.5	40.056	1045.223	8.48872	3.02	4.5	14.456	5.8722E-8	1	0	4.69699
2567	-36.5	17.5	40.478	1044.522	8.38447	3.02	4.5	14.878	5.7305E-8	1	0	4.63005
2568	-36.5	18.5	40.921	1043.841	8.28435	3.02	4.5	15.321	5.5961E-8	1	0	4.56096
2569	-36.5	19.5	41.382	1043.187	8.18932	3.02	4.5	15.782	5.47E-8	1	0	4.48978
2570	-36.5	20.5	41.863	1042.567	8.10027	3.02	4.5	16.263	5.3531E-8	1	0	4.41652
2571	-36.5	21.5	42.362	1041.988	8.018	3.02	4.5	16.762	5.2462E-8	1	0	4.34121
2572	-36.5	22.5	42.878	1041.456	7.94319	3.02	4.5	17.278	5.1499E-8	1	0	4.26389
2573	-36.5	23.5	43.411	1040.978	7.87648	3.02	4.5	17.811	5.0648E-8	1	0	4.1846
2574	-36.5	24.5	43.96	1040.558	7.81836	3.02	4.5	18.36	4.9912E-8	1	0	4.10343
2575	-36.5	25.5	44.525	1040.201	7.76929	3.02	4.5	18.925	4.9295E-8	1	0	4.02046
2576	-36.5	26.5	45.105	1039.911	7.72962	3.02	4.5	19.505	4.8799E-8	1	0	3.93581
2577	-36.5	27.5	45.7	1039.69	7.69962	3.02	4.5	20.1	4.8426E-8	1	0	3.84963
2578	-36.5	28.5	46.309	1039.542	7.67951	3.02	4.5	20.709	4.8176E-8	1	0	3.7621
2579	-36.5	29.5	46.931	1039.468	7.66988	3.02	4.5	21.331	4.8057E-8	1	0	3.6732
2580	-35.5	-29.5	46.157	1041.554	7.56883	3.02	4.5	20.557	4.6757E-8	1	0	3.84383
2581	-35.5	-28.5	45.525	1041.632	7.57932	3.02	4.5	19.925	4.6886E-8	1	0	3.94303
2582	-35.5	-27.5	44.905	1041.787	7.60134	3.02	4.5	19.305	4.7155E-8	1	0	4.04082
2583	-35.5	-26.5	44.3	1042.017	7.6342	3.02	4.5	18.7	4.7559E-8	1	0	4.13726
2584	-35.5	-25.5	43.709	1042.32	7.6777	3.02	4.5	18.109	4.8096E-8	1	0	4.23216
2585	-35.5	-24.5	43.134	1042.693	7.73153	3.02	4.5	17.534	4.8766E-8	1	0	4.32538
2586	-35.5	-23.5	42.573	1043.131	7.79534	3.02	4.5	16.973	4.9565E-8	1	0	4.41681
2587	-35.5	-22.5	42.03	1043.63	7.86867	3.02	4.5	16.43	5.0491E-8	1	0	4.50636
2588	-35.5	-21.5	41.503	1044.184	7.95098	3.02	4.5	15.903	5.154E-8	1	0	4.59398
2589	-35.5	-20.5	40.994	1044.788	8.04162	3.02	4.5	15.394	5.2709E-8	1	0	4.67963
2590	-35.5	-19.5	40.503	1045.434	8.13985	3.02	4.5	14.903	5.3989E-8	1	0	4.76332
2591	-35.5	-18.5	40.031	1046.116	8.24482	3.02	4.5	14.431	5.5375E-8	1	0	4.84502
2592	-35.5	-17.5	39.579	1046.825	8.35556	3.02	4.5	13.979	5.6855E-8	1	0	4.92474
2593	-35.5	-16.5	39.147	1047.553	8.47101	3.02	4.5	13.547	5.8419E-8	1	0	5.00245
2594	-35.5	-15.5	38.736	1048.292	8.59001	3.02	4.5	13.136	6.0053E-8	1	0	5.0781
2595	-35.5	-14.5	38.347	1049.034	8.71133	3.02	4.5	12.747	6.1742E-8	1	0	5.15161
2596	-35.5	-13.5	37.98	1049.77	8.83365	3.02	4.5	12.38	6.3468E-8	1	0	5.22282
2597	-35.5	-12.5	37.636	1050.492	8.95561	3.02	4.5	12.036	6.5212E-8	1	0	5.29154
2598	-35.5	-11.5	37.316	1051.192	9.07581	3.02	4.5	11.716	6.6954E-8	1	0	5.35749
2599	-35.5	-10.5	37.02	1051.862	9.19281	3.02	4.5	11.42	6.8672E-8	1	0	5.42032
2600	-35.5	-9.5	36.749	1052.495	9.30519	3.02	4.5	11.149	7.0342E-8	1	0	5.47965
2601	-35.5	-8.5	36.503	1053.084	9.41151	3.02	4.5	10.903	7.1941E-8	1	0	5.53502
2602	-35.5	-7.5	36.284	1053.623	9.51034	3.02	4.5	10.684	7.3443E-8	1	0	5.58596
2603	-35.5	-6.5	36.09	1054.107	9.60032	3.02	4.5	10.49	7.4824E-8	1	0	5.63197
2604	-35.5	-5.5	35.924	1054.531	9.68015	3.02	4.5	10.324	7.6059E-8	1	0	5.67257
2605	-35.5	-4.5	35.784	1054.89	9.74863	3.02	4.5	10.184	7.7128E-8	1	0	5.70727
2606	-35.5	-3.5	35.672	1055.181	9.80474	3.02	4.5	10.072	7.8008E-8	1	0	5.73564
2607	-35.5	-2.5	35.588	1055.401	9.8476	3.02	4.5	9.988	7.8684E-8	1	0	5.7573
2608	-35.5	-1.5	35.532	1055.55	9.87655	3.02	4.5	9.932	7.9142E-8	1	0	5.77192
2609	-35.5	-0.5	35.504	1055.624	9.89114	3.02	4.5	9.904	7.9374E-8	1	0	5.77929
2610	-35.5	0.5	35.504	1055.624	9.89114	3.02	4.5	9.904	7.9374E-8	1	0	5.77929
2611	-35.5	1.5	35.532	1055.55	9.87655	3.02	4.5	9.932	7.9142E-8	1	0	5.77192
2612	-35.5	2.5	35.588	1055.401	9.8476	3.02	4.5	9.988	7.8684E-8	1	0	5.7573
2613	-35.5	3.5	35.672	1055.181	9.80474	3.02	4.5	10.072	7.8008E-8	1	0	5.73564
2614	-35.5	4.5	35.784	1054.89	9.74863	3.02	4.5	10.184	7.7128E-8	1	0	5.70727
2615	-35.5	5.5	35.924	1054.531	9.68015	3.02	4.5	10.324	7.6059E-8	1	0	5.67257
2616	-35.5	6.5	36.09	1054.107	9.60032	3.02	4.5	10.49	7.4824E-8	1	0	5.63197
2617	-35.5	7.5	36.284	1053.623	9.51034	3.02	4.5	10.684	7.3443E-8	1	0	5.58596
2618	-35.5	8.5	36.503	1053.084	9.41151	3.02	4.5	10.903	7.1941E-8	1	0	5.53502
2619	-35.5	9.5	36.749	1052.495	9.30519	3.02	4.5	11.149	7.0342E-8	1	0	5.47965
2620	-35.5	10.5	37.02	1051.862	9.19281	3.02	4.5	11.42	6.8672E-8	1	0	5.42032
2621	-35.5	11.5	37.316	1051.192	9.07581	3.02	4.5	11.716	6.6954E-8	1	0	5.35749
2622	-35.5	12.5	37.636	1050.492	8.95561	3.02	4.5	12.036	6.5212E-8	1	0	5.29154
2623	-35.5	13.5	37.98	1049.77	8.83365	3.02	4.5	12.38	6.3468E-8	1	0	5.22282
2624	-35.5	14.5	38.347	1049.034	8.71133	3.02	4.5	12.747	6.1742E-8	1	0	5.15161
2625	-35.5	15.5	38.736	1048.292	8.59001	3.02	4.5	13.136	6.0053E-8	1	0	5.0781
2626	-35.5	16.5	39.147	1047.553	8.47101	3.02	4.5	13.547	5.8419E-8	1	0	5.00245
2627	-35.5	17.5	39.579	1046.825	8.35556	3.02	4.5	13.979	5.6855E-8	1	0	4.92474
2628	-35.5	18.5	40.031	1046.116	8.24482	3.02	4.5	14.431	5.5375E-8	1	0	4.84502
2629	-35.5	19.5	40.503	1045.434	8.13985	3.02	4.5	14.903	5.3989E-8	1	0	4.76332
2630	-35.5	20.5	40.994	1044.788	8.04162	3.02	4.5	15.394	5.2709E-8	1	0	4.67963
2631	-35.5	21.5	41.503	1044.184	7.95098	3.02	4.5	15.903	5.154E-8	1	0	4.59398
2632	-35.5	22.5	42.03	1043.63	7.86867	3.02	4.5	16.43	5.0491E-8	1	0	4.50636
2633	-35.5	23.5	42.573	1043.131	7.79534	3.02	4.5	16.973	4.9565E-8	1	0	4.41681
2634	-35.5	24.5	43.134	1042.693	7.73153	3.02	4.5	17.534	4.8766E-8	1	0	4.32538
2635	-35.5	25.5	43.709	1042.32	7.6777	3.02	4.5	18.109	4.8096E-8	1	0	4.23216
2636	-35.5	26.5	44.3	1042.017	7.6342	3.02	4.5	18.7	4.7559E-8	1	0	4.13726
2637	-35.5	27.5	44.905	1041.787	7.60134	3.02	4.5	19.305	4.7155E-8	1	0	4.04082
2638	-35.5	28.5	45.525	1041.632	7.57932	3.02	4.5	19.925	4.6886E-8	1	0	3.94303
2639	-35.5	29.5	46.157	1041.554	7.56883	3.02	4.5	20.557	4.6757E-8	1	0	3.84383
2640	-34.5	-29.5	45.393	1043.461	7.45823	3.02	4.5	19.793	4.5364E-8	1	0	4.03266
2641	-34.5	-28.5	44.749	1043.542	7.46963	3.02	4.5	19.149	4.5501E-8	1	0	4.14374
2642	-34.5	-27.5	44.119	1043.703	7.49371	3.02	4.5	18.519	4.5792E-8	1	0	4.25338
2643	-34.5	-26.5	43.503	1043.943	7.52965	3.02	4.5	17.903	4.6228E-8	1	0	4.36172
2644	-34.5	-25.5	42.901	1044.258	7.57726	3.02	4.5	17.301	4.6808E-8	1	0	4.46858
2645	-34.5	-24.5	42.314	1044.646	7.63623	3.02	4.5	16.714	4.7531E-8	1	0	4.57381
2646	-34.5	-23.5	41.743	1045.103	7.70621	3.02	4.5	16.143	4.8397E-8	1	0	4.67732
2647	-34.5	-22.5	41.189	1045.622	7.78672	3.02	4.5	15.589	4.9403E-8	1	0	4.77905
2648	-34.5	-21.5	40.651	1046.199	7.87719	3.02	4.5	15.051	5.0545E-8	1	0	4.87898
2649	-34.5	-20.5	40.131	1046.826	7.97697	3.02	4.5	14.531	5.182E-8	1	0	4.97711
2650	-34.5	-19.5	39.63	1047.497	8.08526	3.02	4.5	14.03	5.3221E-8	1	0	5.07348
2651	-34.5	-18.5	39.147	1048.204	8.20114	3.02	4.5	13.547	5.4741E-8	1	0	5.16812
2652	-34.5	-17.5	38.685	1048.939	8.32358	3.02	4.5	13.085	5.637E-8	1	0	5.26106
2653	-34.5	-16.5	38.243	1049.693	8.45141	3.02	4.5	12.643	5.8096E-8	1	0	5.35231
2654	-34.5	-15.5	37.822	1050.457	8.58337	3.02	4.5	12.222	5.9905E-8	1	0	5.44184
2655	-34.5	-14.5	37.423	1051.223	8.71807	3.02	4.5	11.823	6.1779E-8	1	0	5.52956
2656	-34.5	-13.5	37.047	1051.982	8.85406	3.02	4.5	11.447	6.3701E-8	1	0	5.6153
2657	-34.5	-12.5	36.695	1052.724	8.98983	3.02	4.5	11.095	6.5649E-8	1	0	5.69877
2658	-34.5	-11.5	36.366	1053.443	9.12382	3.02	4.5	10.766	6.76E-8	1	0	5.77961
2659	-34.5	-10.5	36.062	1054.129	9.25443	3.02	4.5	10.462	6.9528E-8	1	0	5.85732
2660	-34.5	-9.5	35.784	1054.776	9.38008	3.02	4.5	10.184	7.1409E-8	1	0	5.93132
2661	-34.5	-8.5	35.532	1055.377	9.49913	3.02	4.5	9.932	7.3215E-8	1	0	6.00094
2662	-34.5	-7.5	35.306	1055.926	9.60997	3.02	4.5	9.706	7.4916E-8	1	0	6.06548
2663	-34.5	-6.5	35.107	1056.417	9.71103	3.02	4.5	9.507	7.6484E-8	1	0	6.12418
2664	-34.5	-5.5	34.936	1056.846	9.8008	3.02	4.5	9.336	7.789E-8	1	0	6.17631
2665	-34.5	-4.5	34.792	1057.21	9.8779	3.02	4.5	9.192	7.9108E-8	1	0	6.22111
2666	-34.5	-3.5	34.677	1057.504	9.94111	3.02	4.5	9.077	8.0113E-8	1	0	6.25792
2667	-34.5	-2.5	34.59	1057.726	9.98942	3.02	4.5	8.99	8.0886E-8	1	0	6.28613
2668	-34.5	-1.5	34.533	1057.875	10.02205	3.02	4.5	8.933	8.141E-8	1	0	6.30524
2669	-34.5	-0.5	34.504	1057.95	10.0385	3.02	4.5	8.904	8.1675E-8	1	0	6.31488
2670	-34.5	0.5	34.504	1057.95	10.0385	3.02	4.5	8.904	8.1675E-8	1	0	6.31488
2671	-34.5	1.5	34.533	1057.875	10.02205	3.02	4.5	8.933	8.141E-8	1	0	6.30524
2672	-34.5	2.5	34.59	1057.726	9.98942	3.02	4.5	8.99	8.0886E-8	1	0	6.28613
2673	-34.5	3.5	34.677	1057.504	9.94111	3.02	4.5	9.077	8.0113E-8	1	0	6.25792
2674	-34.5	4.5	34.792	1057.21	9.8779	3.02	4.5	9.192	7.9108E-8	1	0	6.22111
2675	-34.5	5.5	34.936	1056.846	9.8008	3.02	4.5	9.336	7.789E-8	1	0	6.17631
2676	-34.5	6.5	35.107	1056.417	9.71103	3.02	4.5	9.507	7.6484E-8	1	0	6.12418
2677	-34.5	7.5	35.306	1055.926	9.60997	3.02	4.5	9.706	7.4916E-8	1	0	6.06548
2678	-34.5	8.5	35.532	1055.377	9.49913	3.02	4.5	9.932	7.3215E-8	1	0	6.00094
2679	-34.5	9.5	35.784	1054.776	9.38008	3.02	4.5	10.184	7.1409E-8	1	0	5.93132
2680	-34.5	10.5	36.062	1054.129	9.25443	3.02	4.5	10.462	6.9528E-8	1	0	5.85732
2681	-34.5	11.5	36.366	1053.443	9.12382	3.02	4.5	10.766	6.76E-8	1	0	5.77961
2682	-34.5	12.5	36.695	1052.724	8.98983	3.02	4.5	11.095	6.5649E-8	1	0	5.69877
2683	-34.5	13.5	37.047	1051.982	8.85406	3.02	4.5	11.447	6.3701E-8	1	0	5.6153
2684	-34.5	14.5	37.423	1051.223	8.71807	3.02	4.5	11.823	6.1779E-8	1	0	5.52956
2685	-34.5	15.5	37.822	1050.457	8.58337	3.02	4.5	12.222	5.9905E-8	1	0	5.44184
2686	-34.5	16.5	38.243	1049.693	8.45141	3.02	4.5	12.643	5.8096E-8	1	0	5.35231
2687	-34.5	17.5	38.685	1048.939	8.32358	3.02	4.5	13.085	5.637E-8	1	0	5.26106
2688	-34.5	18.5	39.147	1048.204	8.20114	3.02	4.5	13.547	5.4741E-8	1	0	5.16812
2689	-34.5	19.5	39.63	1047.497	8.08526	3.02	4.5	14.03	5.3221E-8	1	0	5.07348
2690	-34.5	20.5	40.131	1046.826	7.97697	3.02	4.5	14.531	5.182E-8	1	0	4.97711
2691	-34.5	21.5	40.651	1046.199	7.87719	3.02	4.5	15.051	5.0545E-8	1	0	4.87898
2692	-34.5	22.5	41.189	1045.622	7.78672	3.02	4.5	15.589	4.9403E-8	1	0	4.77905
2693	-34.5	23.5	41.743	1045.103	7.70621	3.02	4.5	16.143	4.8397E-8	1	0	4.67732
2694	-34.5	24.5	42.314	1044.646	7.63623	3.02	4.5	16.714	4.7531E-8	1	0	4.57381
2695	-34.5	25.5	42.901	1044.258	7.57726	3.02	4.5	17.301	4.6808E-8	1	0	4.46858
2696	-34.5	26.5	43.503	1043.943	7.52965	3.02	4.5	17.903	4.6228E-8	1	0	4.36172
2697	-34.5	27.5	44.119	1043.703	7.49371	3.02	4.5	18.519	4.5792E-8	1	0	4.25338
2698	-34.5	28.5	44.749	1043.542	7.46963	3.02	4.5	19.149	4.5501E-8	1	0	4.14374
2699	-34.5	29.5	45.393	1043.461	7.45823	3.02	4.5	19.793	4.5364E-8	1	0	4.03266
2700	-33.5	-29.5	44.637	1045.193	7.33737	3.02	4.5	19.037	4.3873E-8	1	0	4.24244
2701	-33.5	-28.5	43.983	1045.278	7.34972	3.02	4.5	18.383	4.402E-8	1	0	4.36728
2702	-33.5	-27.5	43.342	1045.445	7.376	3.02	4.5	17.742	4.4332E-8	1	0	4.49069
2703	-33.5	-26.5	42.714	1045.694	7.41526	3.02	4.5	17.114	4.48E-8	1	0	4.61292
2704	-33.5	-25.5	42.101	1046.022	7.46728	3.02	4.5	16.501	4.5425E-8	1	0	4.73379
2705	-33.5	-24.5	41.503	1046.425	7.53179	3.02	4.5	15.903	4.6205E-8	1	0	4.85319
2706	-33.5	-23.5	40.921	1046.899	7.60841	3.02	4.5	15.321	4.714E-8	1	0	4.97105
2707	-33.5	-22.5	40.355	1047.437	7.69668	3.02	4.5	14.755	4.8229E-8	1	0	5.08736
2708	-33.5	-21.5	39.806	1048.035	7.79602	3.02	4.5	14.206	4.947E-8	1	0	5.20215
2709	-33.5	-20.5	39.275	1048.685	7.90575	3.02	4.5	13.675	5.0858E-8	1	0	5.3155
2710	-33.5	-19.5	38.762	1049.38	8.02503	3.02	4.5	13.162	5.2389E-8	1	0	5.42749
2711	-33.5	-18.5	38.269	1050.111	8.15289	3.02	4.5	12.669	5.4055E-8	1	0	5.53824
2712	-33.5	-17.5	37.796	1050.869	8.28823	3.02	4.5	12.196	5.5846E-8	1	0	5.64786
2713	-33.5	-16.5	37.343	1051.646	8.42975	3.02	4.5	11.743	5.775E-8	1	0	5.75642
2714	-33.5	-15.5	36.912	1052.433	8.57607	3.02	4.5	11.312	5.9752E-8	1	0	5.86393
2715	-33.5	-14.5	36.503	1053.219	8.72564	3.02	4.5	10.903	6.1834E-8	1	0	5.97033
2716	-33.5	-13.5	36.118	1053.996	8.87685	3.02	4.5	10.518	6.3974E-8	1	0	6.07542
2717	-33.5	-12.5	35.756	1054.755	9.02802	3.02	4.5	10.156	6.615E-8	1	0	6.17886
2718	-33.5	-11.5	35.419	1055.487	9.17741	3.02	4.5	9.819	6.8336E-8	1	0	6.2801
2719	-33.5	-10.5	35.107	1056.184	9.32327	3.02	4.5	9.507	7.0505E-8	1	0	6.37845
2720	-33.5	-9.5	34.821	1056.839	9.46382	3.02	4.5	9.221	7.2626E-8	1	0	6.47305
2721	-33.5	-8.5	34.562	1057.446	9.59725	3.02	4.5	8.962	7.4669E-8	1	0	6.5629
2722	-33.5	-7.5	34.329	1057.998	9.7217	3.02	4.5	8.729	7.66E-8	1	0	6.64693
2723	-33.5	-6.5	34.125	1058.491	9.83537	3.02	4.5	8.525	7.8385E-8	1	0	6.72401
2724	-33.5	-5.5	33.948	1058.921	9.93649	3.02	4.5	8.348	7.999E-8	1	0	6.79295
2725	-33.5	-4.5	33.801	1059.283	10.02344	3.02	4.5	8.201	8.1384E-8	1	0	6.85262
2726	-33.5	-3.5	33.682	1059.575	10.09478	3.02	4.5	8.082	8.2536E-8	1	0	6.90193
2727	-33.5	-2.5	33.593	1059.796	10.14931	3.02	4.5	7.993	8.3422E-8	1	0	6.9399
2728	-33.5	-1.5	33.534	1059.944	10.18616	3.02	4.5	7.934	8.4024E-8	1	0	6.96572
2729	-33.5	-0.5	33.504	1060.018	10.20473	3.02	4.5	7.904	8.4328E-8	1	0	6.97878
2730	-33.5	0.5	33.504	1060.018	10.20473	3.02	4.5	7.904	8.4328E-8	1	0	6.97878
2731	-33.5	1.5	33.534	1059.944	10.18616	3.02	4.5	7.934	8.4024E-8	1	0	6.96572
2732	-33.5	2.5	33.593	1059.796	10.14931	3.02	4.5	7.993	8.3422E-8	1	0	6.9399
2733	-33.5	3.5	33.682	1059.575	10.09478	3.02	4.5	8.082	8.2536E-8	1	0	6.90193
2734	-33.5	4.5	33.801	1059.283	10.02344	3.02	4.5	8.201	8.1384E-8	1	0	6.85262
2735	-33.5	5.5	33.948	1058.921	9.93649	3.02	4.5	8.348	7.999E-8	1	0	6.79295
2736	-33.5	6.5	34.125	1058.491	9.83537	3.02	4.5	8.525	7.8385E-8	1	0	6.72401
2737	-33.5	7.5	34.329	1057.998	9.7217	3.02	4.5	8.729	7.66E-8	1	0	6.64693
2738	-33.5	8.5	34.562	1057.446	9.59725	3.02	4.5	8.962	7.4669E-8	1	0	6.5629
2739	-33.5	9.5	34.821	1056.839	9.46382	3.02	4.5	9.221	7.2626E-8	1	0	6.47305
2740	-33.5	10.5	35.107	1056.184	9.32327	3.02	4.5	9.507	7.0505E-8	1	0	6.37845
2741	-33.5	11.5	35.419	1055.487	9.17741	3.02	4.5	9.819	6.8336E-8	1	0	6.2801
2742	-33.5	12.5	35.756	1054.755	9.02802	3.02	4.5	10.156	6.615E-8	1	0	6.17886
2743	-33.5	13.5	36.118	1053.996	8.87685	3.02	4.5	10.518	6.3974E-8	1	0	6.07542
2744	-33.5	14.5	36.503	1053.219	8.72564	3.02	4.5	10.903	6.1834E-8	1	0	5.97033
2745	-33.5	15.5	36.912	1052.433	8.57607	3.02	4.5	11.312	5.9752E-8	1	0	5.86393
2746	-33.5	16.5	37.343	1051.646	8.42975	3.02	4.5	11.743	5.775E-8	1	0	5.75642
2747	-33.5	17.5	37.796	1050.869	8.28823	3.02	4.5	12.196	5.5846E-8	1	0	5.64786
2748	-33.5	18.5	38.269	1050.111	8.15289	3.02	4.5	12.669	5.4055E-8	1	0	5.53824
2749	-33.5	19.5	38.762	1049.38	8.02503	3.02	4.5	13.162	5.2389E-8	1	0	5.42749
2750	-33.5	20.5	39.275	1048.685	7.90575	3.02	4.5	13.675	5.0858E-8	1	0	5.3155
2751	-33.5	21.5	39.806	1048.035	7.79602	3.02	4.5	14.206	4.947E-8	1	0	5.20215
2752	-33.5	22.5	40.355	1047.437	7.69668	3.02	4.5	14.755	4.8229E-8	1	0	5.08736
2753	-33.5	23.5	40.921	1046.899	7.60841	3.02	4.5	15.321	4.714E-8	1	0	4.97105
2754	-33.5	24.5	41.503	1046.425	7.53179	3.02	4.5	15.903	4.6205E-8	1	0	4.85319
2755	-33.5	25.5	42.101	1046.022	7.46728	3.02	4.5	16.501	4.5425E-8	1	0	4.73379
2756	-33.5	26.5	42.714	1045.694	7.41526	3.02	4.5	17.114	4.48E-8	1	0	4.61292
2757	-33.5	27.5	43.342	1045.445	7.376	3.02	4.5	17.742	4.4332E-8	1	0	4.49069
2758	-33.5	28.5	43.983	1045.278	7.34972	3.02	4.5	18.383	4.402E-8	1	0	4.36728
2759	-33.5	29.5	44.637	1045.193	7.33737	3.02	4.5	19.037	4.3873E-8	1	0	4.24244
2760	-32.5	-29.5	43.892	1046.759	7.20554	3.02	4.5	18.292	4.2283E-8	1	0	4.47643
2761	-32.5	-28.5	43.226	1046.847	7.21889	3.02	4.5	17.626	4.2438E-8	1	0	4.61728
2762	-32.5	-27.5	42.573	1047.02	7.24752	3.02	4.5	16.973	4.2772E-8	1	0	4.75677
2763	-32.5	-26.5	41.934	1047.278	7.29029	3.02	4.5	16.334	4.3274E-8	1	0	4.8953
2764	-32.5	-25.5	41.31	1047.618	7.34703	3.02	4.5	15.71	4.3944E-8	1	0	5.03272
2765	-32.5	-24.5	40.7	1048.035	7.41746	3.02	4.5	15.1	4.4782E-8	1	0	5.16896
2766	-32.5	-23.5	40.106	1048.525	7.50122	3.02	4.5	14.506	4.579E-8	1	0	5.30401
2767	-32.5	-22.5	39.528	1049.083	7.59786	3.02	4.5	13.928	4.6966E-8	1	0	5.43794
2768	-32.5	-21.5	38.968	1049.7	7.7068	3.02	4.5	13.368	4.831E-8	1	0	5.57088
2769	-32.5	-20.5	38.425	1050.371	7.82734	3.02	4.5	12.825	4.9818E-8	1	0	5.703
2770	-32.5	-19.5	37.901	1051.088	7.95863	3.02	4.5	12.301	5.1488E-8	1	0	5.8345
2771	-32.5	-18.5	37.397	1051.84	8.09964	3.02	4.5	11.797	5.3311E-8	1	0	5.96564
2772	-32.5	-17.5	36.912	1052.62	8.24917	3.02	4.5	11.312	5.5279E-8	1	0	6.09665
2773	-32.5	-16.5	36.449	1053.417	8.40584	3.02	4.5	10.849	5.738E-8	1	0	6.22773
2774	-32.5	-15.5	36.007	1054.221	8.56808	3.02	4.5	10.407	5.9596E-8	1	0	6.35901
2775	-32.5	-14.5	35.588	1055.023	8.73419	3.02	4.5	9.988	6.1907E-8	1	0	6.49049
2776	-32.5	-13.5	35.192	1055.813	8.90235	3.02	4.5	9.592	6.4292E-8	1	0	6.62199
2777	-32.5	-12.5	34.821	1056.582	9.07067	3.02	4.5	9.221	6.6725E-8	1	0	6.7531
2778	-32.5	-11.5	34.475	1057.321	9.23726	3.02	4.5	8.875	6.9176E-8	1	0	6.88308
2779	-32.5	-10.5	34.154	1058.022	9.40019	3.02	4.5	8.554	7.1616E-8	1	0	7.01093
2780	-32.5	-9.5	33.86	1058.678	9.55751	3.02	4.5	8.26	7.4013E-8	1	0	7.13537
2781	-32.5	-8.5	33.593	1059.283	9.7072	3.02	4.5	7.993	7.633E-8	1	0	7.25489
2782	-32.5	-7.5	33.354	1059.831	9.84713	3.02	4.5	7.754	7.8527E-8	1	0	7.36787
2783	-32.5	-6.5	33.144	1060.318	9.97518	3.02	4.5	7.544	8.0566E-8	1	0	7.47252
2784	-32.5	-5.5	32.962	1060.74	10.08931	3.02	4.5	7.362	8.2405E-8	1	0	7.56698
2785	-32.5	-4.5	32.81	1061.095	10.18758	3.02	4.5	7.21	8.4006E-8	1	0	7.6494
2786	-32.5	-3.5	32.688	1061.38	10.26825	3.02	4.5	7.088	8.5331E-8	1	0	7.71802
2787	-32.5	-2.5	32.596	1061.595	10.32992	3.02	4.5	6.996	8.6351E-8	1	0	7.77119
2788	-32.5	-1.5	32.535	1061.738	10.37157	3.02	4.5	6.935	8.7044E-8	1	0	7.80751
2789	-32.5	-0.5	32.504	1061.809	10.39256	3.02	4.5	6.904	8.7393E-8	1	0	7.82594
2790	-32.5	0.5	32.504	1061.809	10.39256	3.02	4.5	6.904	8.7393E-8	1	0	7.82594
2791	-32.5	1.5	32.535	1061.738	10.37157	3.02	4.5	6.935	8.7044E-8	1	0	7.80751
2792	-32.5	2.5	32.596	1061.595	10.32992	3.02	4.5	6.996	8.6351E-8	1	0	7.77119
2793	-32.5	3.5	32.688	1061.38	10.26825	3.02	4.5	7.088	8.5331E-8	1	0	7.71802
2794	-32.5	4.5	32.81	1061.095	10.18758	3.02	4.5	7.21	8.4006E-8	1	0	7.6494
2795	-32.5	5.5	32.962	1060.74	10.08931	3.02	4.5	7.362	8.2405E-8	1	0	7.56698
2796	-32.5	6.5	33.144	1060.318	9.97518	3.02	4.5	7.544	8.0566E-8	1	0	7.47252
2797	-32.5	7.5	33.354	1059.831	9.84713	3.02	4.5	7.754	7.8527E-8	1	0	7.36787
2798	-32.5	8.5	33.593	1059.283	9.7072	3.02	4.5	7.993	7.633E-8	1	0	7.25489
2799	-32.5	9.5	33.86	1058.678	9.55751	3.02	4.5	8.26	7.4013E-8	1	0	7.13537
2800	-32.5	10.5	34.154	1058.022	9.40019	3.02	4.5	8.554	7.1616E-8	1	0	7.01093
2801	-32.5	11.5	34.475	1057.321	9.23726	3.02	4.5	8.875	6.9176E-8	1	0	6.88308
2802	-32.5	12.5	34.821	1056.582	9.07067	3.02	4.5	9.221	6.6725E-8	1	0	6.7531
2803	-32.5	13.5	35.192	1055.813	8.90235	3.02	4.5	9.592	6.4292E-8	1	0	6.62199
2804	-32.5	14.5	35.588	1055.023	8.73419	3.02	4.5	9.988	6.1907E-8	1	0	6.49049
2805	-32.5	15.5	36.007	1054.221	8.56808	3.02	4.5	10.407	5.9596E-8	1	0	6.35901
2806	-32.5	16.5	36.449	1053.417	8.40584	3.02	4.5	10.849	5.738E-8	1	0	6.22773
2807	-32.5	17.5	36.912	1052.62	8.24917	3.02	4.5	11.312	5.5279E-8	1	0	6.09665
2808	-32.5	18.5	37.397	1051.84	8.09964	3.02	4.5	11.797	5.3311E-8	1	0	5.96564
2809	-32.5	19.5	37.901	1051.088	7.95863	3.02	4.5	12.301	5.1488E-8	1	0	5.8345
2810	-32.5	20.5	38.425	1050.371	7.82734	3.02	4.5	12.825	4.9818E-8	1	0	5.703
2811	-32.5	21.5	38.968	1049.7	7.7068	3.02	4.5	13.368	4.831E-8	1	0	5.57088
2812	-32.5	22.5	39.528	1049.083	7.59786	3.02	4.5	13.928	4.6966E-8	1	0	5.43794
2813	-32.5	23.5	40.106	1048.525	7.50122	3.02	4.5	14.506	4.579E-8	1	0	5.30401
2814	-32.5	24.5	40.7	1048.035	7.41746	3.02	4.5	15.1	4.4782E-8	1	0	5.16896
2815	-32.5	25.5	41.31	1047.618	7.34703	3.02	4.5	15.71	4.3944E-8	1	0	5.03272
2816	-32.5	26.5	41.934	1047.278	7.29029	3.02	4.5	16.334	4.3274E-8	1	0	4.8953
2817	-32.5	27.5	42.573	1047.02	7.24752	3.02	4.5	16.973	4.2772E-8	1	0	4.75677
2818	-32.5	28.5	43.226	1046.847	7.21889	3.02	4.5	17.626	4.2438E-8	1	0	4.61728
2819	-32.5	29.5	43.892	1046.759	7.20554	3.02	4.5	18.292	4.2283E-8	1	0	4.47643
2820	-31.5	-29.5	43.157	1048.166	7.06203	3.02	4.5	17.557	4.0591E-8	1	0	4.73852
2821	-31.5	-28.5	42.479	1048.256	7.07642	3.02	4.5	16.879	4.0755E-8	1	0	4.8981
2822	-31.5	-27.5	41.815	1048.436	7.10752	3.02	4.5	16.215	4.1111E-8	1	0	5.05648
2823	-31.5	-26.5	41.164	1048.703	7.15404	3.02	4.5	15.564	4.1646E-8	1	0	5.21426
2824	-31.5	-25.5	40.528	1049.053	7.21579	3.02	4.5	14.928	4.2362E-8	1	0	5.37137
2825	-31.5	-24.5	39.906	1049.484	7.29253	3.02	4.5	14.306	4.326E-8	1	0	5.52779
2826	-31.5	-23.5	39.3	1049.99	7.38393	3.02	4.5	13.7	4.4341E-8	1	0	5.68364
2827	-31.5	-22.5	38.71	1050.565	7.48954	3.02	4.5	13.11	4.5607E-8	1	0	5.8391
2828	-31.5	-21.5	38.138	1051.201	7.60883	3.02	4.5	12.538	4.7059E-8	1	0	5.99445
2829	-31.5	-20.5	37.583	1051.891	7.74109	3.02	4.5	11.983	4.8695E-8	1	0	6.15004
2830	-31.5	-19.5	37.047	1052.627	7.88545	3.02	4.5	11.447	5.0512E-8	1	0	6.30629
2831	-31.5	-18.5	36.531	1053.398	8.04086	3.02	4.5	10.931	5.2505E-8	1	0	6.46365
2832	-31.5	-17.5	36.035	1054.195	8.20604	3.02	4.5	10.435	5.4666E-8	1	0	6.62259
2833	-31.5	-16.5	35.56	1055.008	8.37947	3.02	4.5	9.96	5.6981E-8	1	0	6.78356
2834	-31.5	-15.5	35.107	1055.826	8.55941	3.02	4.5	9.507	5.9434E-8	1	0	6.94694
2835	-31.5	-14.5	34.677	1056.638	8.74393	3.02	4.5	9.077	6.2003E-8	1	0	7.11292
2836	-31.5	-13.5	34.271	1057.435	8.93096	3.02	4.5	8.671	6.4661E-8	1	0	7.28144
2837	-31.5	-12.5	33.89	1058.206	9.1184	3.02	4.5	8.29	6.7382E-8	1	0	7.45205
2838	-31.5	-11.5	33.534	1058.944	9.30415	3.02	4.5	7.934	7.0133E-8	1	0	7.62383
2839	-31.5	-10.5	33.204	1059.639	9.48617	3.02	4.5	7.604	7.2882E-8	1	0	7.79532
2840	-31.5	-9.5	32.901	1060.286	9.66235	3.02	4.5	7.301	7.5593E-8	1	0	7.96461
2841	-31.5	-8.5	32.627	1060.879	9.83046	3.02	4.5	7.027	7.8227E-8	1	0	8.12941
2842	-31.5	-7.5	32.381	1061.412	9.98804	3.02	4.5	6.781	8.0736E-8	1	0	8.2872
2843	-31.5	-6.5	32.164	1061.883	10.13258	3.02	4.5	6.564	8.3073E-8	1	0	8.43516
2844	-31.5	-5.5	31.977	1062.289	10.2617	3.02	4.5	6.377	8.5189E-8	1	0	8.57022
2845	-31.5	-4.5	31.82	1062.628	10.37306	3.02	4.5	6.22	8.7035E-8	1	0	8.68925
2846	-31.5	-3.5	31.694	1062.898	10.46449	3.02	4.5	6.094	8.8566E-8	1	0	8.78929
2847	-31.5	-2.5	31.599	1063.1	10.53433	3.02	4.5	5.999	8.9744E-8	1	0	8.86745
2848	-31.5	-1.5	31.536	1063.234	10.58145	3.02	4.5	5.936	9.0544E-8	1	0	8.92116
2849	-31.5	-0.5	31.504	1063.301	10.60518	3.02	4.5	5.904	9.0948E-8	1	1	8.94853
2850	-31.5	0.5	31.504	1063.301	10.60518	3.02	4.5	5.904	9.0948E-8	1	1	8.94853
2851	-31.5	1.5	31.536	1063.234	10.58145	3.02	4.5	5.936	9.0544E-8	1	0	8.92116
2852	-31.5	2.5	31.599	1063.1	10.53433	3.02	4.5	5.999	8.9744E-8	1	0	8.86745
2853	-31.5	3.5	31.694	1062.898	10.46449	3.02	4.5	6.094	8.8566E-8	1	0	8.78929
2854	-31.5	4.5	31.82	1062.628	10.37306	3.02	4.5	6.22	8.7035E-8	1	0	8.68925
2855	-31.5	5.5	31.977	1062.289	10.2617	3.02	4.5	6.377	8.5189E-8	1	0	8.57022
2856	-31.5	6.5	32.164	1061.883	10.13258	3.02	4.5	6.564	8.3073E-8	1	0	8.43516
2857	-31.5	7.5	32.381	1061.412	9.98804	3.02	4.5	6.781	8.0736E-8	1	0	8.2872
2858	-31.5	8.5	32.627	1060.879	9.83046	3.02	4.5	7.027	7.8227E-8	1	0	8.12941
2859	-31.5	9.5	32.901	1060.286	9.66235	3.02	4.5	7.301	7.5593E-8	1	0	7.96461
2860	-31.5	10.5	33.204	1059.639	9.48617	3.02	4.5	7.604	7.2882E-8	1	0	7.79532
2861	-31.5	11.5	33.534	1058.944	9.30415	3.02	4.5	7.934	7.0133E-8	1	0	7.62383
2862	-31.5	12.5	33.89	1058.206	9.1184	3.02	4.5	8.29	6.7382E-8	1	0	7.45205
2863	-31.5	13.5	34.271	1057.435	8.93096	3.02	4.5	8.671	6.4661E-8	1	0	7.28144
2864	-31.5	14.5	34.677	1056.638	8.74393	3.02	4.5	9.077	6.2003E-8	1	0	7.11292
2865	-31.5	15.5	35.107	1055.826	8.55941	3.02	4.5	9.507	5.9434E-8	1	0	6.94694
2866	-31.5	16.5	35.56	1055.008	8.37947	3.02	4.5	9.96	5.6981E-8	1	0	6.78356
2867	-31.5	17.5	36.035	1054.195	8.20604	3.02	4.5	10.435	5.4666E-8	1	0	6.62259
2868	-31.5	18.5	36.531	1053.398	8.04086	3.02	4.5	10.931	5.2505E-8	1	0	6.46365
2869	-31.5	19.5	37.047	1052.627	7.88545	3.02	4.5	11.447	5.0512E-8	1	0	6.30629
2870	-31.5	20.5	37.583	1051.891	7.74109	3.02	4.5	11.983	4.8695E-8	1	0	6.15004
2871	-31.5	21.5	38.138	1051.201	7.60883	3.02	4.5	12.538	4.7059E-8	1	0	5.99445
2872	-31.5	22.5	38.71	1050.565	7.48954	3.02	4.5	13.11	4.5607E-8	1	0	5.8391
2873	-31.5	23.5	39.3	1049.99	7.38393	3.02	4.5	13.7	4.4341E-8	1	0	5.68364
2874	-31.5	24.5	39.906	1049.484	7.29253	3.02	4.5	14.306	4.326E-8	1	0	5.52779
2875	-31.5	25.5	40.528	1049.053	7.21579	3.02	4.5	14.928	4.2362E-8	1	0	5.37137
2876	-31.5	26.5	41.164	1048.703	7.15404	3.02	4.5	15.564	4.1646E-8	1	0	5.21426
2877	-31.5	27.5	41.815	1048.436	7.10752	3.02	4.5	16.215	4.1111E-8	1	0	5.05648
2878	-31.5	28.5	42.479	1048.256	7.07642	3.02	4.5	16.879	4.0755E-8	1	0	4.8981
2879	-31.5	29.5	43.157	1048.166	7.06203	3.02	4.5	17.557	4.0591E-8	1	0	4.73852
2880	-30.5	-29.5	42.432	1049.422	6.90615	3.02	4.5	16.832	3.8798E-8	1	0	5.03339
2881	-30.5	-28.5	41.743	1049.515	6.9216	3.02	4.5	16.143	3.897E-8	1	0	5.21502
2882	-30.5	-27.5	41.067	1049.7	6.95531	3.02	4.5	15.467	3.9348E-8	1	0	5.39571
2883	-30.5	-26.5	40.404	1049.975	7.00577	3.02	4.5	14.804	3.9916E-8	1	0	5.5764
2884	-30.5	-25.5	39.756	1050.337	7.07282	3.02	4.5	14.156	4.0677E-8	1	0	5.75709
2885	-30.5	-24.5	39.122	1050.78	7.15624	3.02	4.5	13.522	4.1635E-8	1	0	5.93792
2886	-30.5	-23.5	38.503	1051.301	7.25575	3.02	4.5	12.903	4.2791E-8	1	0	6.11917
2887	-30.5	-22.5	37.901	1051.891	7.37096	3.02	4.5	12.301	4.415E-8	1	0	6.30123
2888	-30.5	-21.5	37.316	1052.544	7.50135	3.02	4.5	11.716	4.5713E-8	1	0	6.48464
2889	-30.5	-20.5	36.749	1053.252	7.64626	3.02	4.5	11.149	4.7481E-8	1	0	6.67004
2890	-30.5	-19.5	36.201	1054.004	7.80484	3.02	4.5	10.601	4.9455E-8	1	0	6.85817
2891	-30.5	-18.5	35.672	1054.791	7.97601	3.02	4.5	10.072	5.1631E-8	1	0	7.04988
2892	-30.5	-17.5	35.164	1055.602	8.15843	3.02	4.5	9.564	5.4001E-8	1	0	7.24606
2893	-30.5	-16.5	34.677	1056.426	8.35044	3.02	4.5	9.077	5.6553E-8	1	0	7.44763
2894	-30.5	-15.5	34.213	1057.251	8.55008	3.02	4.5	8.613	5.9268E-8	1	0	7.65544
2895	-30.5	-14.5	33.771	1058.067	8.75513	3.02	4.5	8.171	6.2124E-8	1	0	7.87018
2896	-30.5	-13.5	33.354	1058.862	8.96322	3.02	4.5	7.754	6.509E-8	1	0	8.09218
2897	-30.5	-12.5	32.962	1059.627	9.17194	3.02	4.5	7.362	6.8134E-8	1	0	8.32115
2898	-30.5	-11.5	32.596	1060.352	9.37899	3.02	4.5	6.996	7.1222E-8	1	0	8.55604
2899	-30.5	-10.5	32.257	1061.031	9.58224	3.02	4.5	6.657	7.4321E-8	1	0	8.79485
2900	-30.5	-9.5	31.945	1061.656	9.7796	3.02	4.5	6.345	7.7394E-8	1	0	9.03468
2901	-30.5	-8.5	31.662	1062.224	9.96871	3.02	4.5	6.062	8.0396E-8	1	0	9.27196
2902	-30.5	-7.5	31.409	1062.729	10.14652	3.02	4.5	5.809	8.3271E-8	1	0	9.5029
2903	-30.5	-6.5	31.185	1063.172	10.30999	3.02	4.5	5.585	8.596E-8	1	0	9.72297
2904	-30.5	-5.5	30.992	1063.549	10.4565	3.02	4.5	5.392	8.8406E-8	1	0	9.92669
2905	-30.5	-4.5	30.83	1063.859	10.58318	3.02	4.5	5.23	9.0549E-8	1	0	10.10855
2906	-30.5	-3.5	30.7	1064.104	10.68708	3.02	4.5	5.1	9.2326E-8	1	1	10.26338
2907	-30.5	-2.5	30.602	1064.286	10.76622	3.02	4.5	5.002	9.3691E-8	1	1	10.38572
2908	-30.5	-1.5	30.537	1064.405	10.81951	3.02	4.5	4.937	9.4616E-8	1	1	10.47049
2909	-30.5	-0.5	30.504	1064.464	10.84632	3.02	4.5	4.904	9.5083E-8	1	1	10.51388
2910	-30.5	0.5	30.504	1064.464	10.84632	3.02	4.5	4.904	9.5083E-8	1	1	10.51388
2911	-30.5	1.5	30.537	1064.405	10.81951	3.02	4.5	4.937	9.4616E-8	1	1	10.47049
2912	-30.5	2.5	30.602	1064.286	10.76622	3.02	4.5	5.002	9.3691E-8	1	1	10.38572
2913	-30.5	3.5	30.7	1064.104	10.68708	3.02	4.5	5.1	9.2326E-8	1	1	10.26338
2914	-30.5	4.5	30.83	1063.859	10.58318	3.02	4.5	5.23	9.0549E-8	1	0	10.10855
2915	-30.5	5.5	30.992	1063.549	10.4565	3.02	4.5	5.392	8.8406E-8	1	0	9.92669
2916	-30.5	6.5	31.185	1063.172	10.30999	3.02	4.5	5.585	8.596E-8	1	0	9.72297
2917	-30.5	7.5	31.409	1062.729	10.14652	3.02	4.5	5.809	8.3271E-8	1	0	9.5029
2918	-30.5	8.5	31.662	1062.224	9.96871	3.02	4.5	6.062	8.0396E-8	1	0	9.27196
2919	-30.5	9.5	31.945	1061.656	9.7796	3.02	4.5	6.345	7.7394E-8	1	0	9.03468
2920	-30.5	10.5	32.257	1061.031	9.58224	3.02	4.5	6.657	7.4321E-8	1	0	8.79485
2921	-30.5	11.5	32.596	1060.352	9.37899	3.02	4.5	6.996	7.1222E-8	1	0	8.55604
2922	-30.5	12.5	32.962	1059.627	9.17194	3.02	4.5	7.362	6.8134E-8	1	0	8.32115
2923	-30.5	13.5	33.354	1058.862	8.96322	3.02	4.5	7.754	6.509E-8	1	0	8.09218
2924	-30.5	14.5	33.771	1058.067	8.75513	3.02	4.5	8.171	6.2124E-8	1	0	7.87018
2925	-30.5	15.5	34.213	1057.251	8.55008	3.02	4.5	8.613	5.9268E-8	1	0	7.65544
2926	-30.5	16.5	34.677	1056.426	8.35044	3.02	4.5	9.077	5.6553E-8	1	0	7.44763
2927	-30.5	17.5	35.164	1055.602	8.15843	3.02	4.5	9.564	5.4001E-8	1	0	7.24606
2928	-30.5	18.5	35.672	1054.791	7.97601	3.02	4.5	10.072	5.1631E-8	1	0	7.04988
2929	-30.5	19.5	36.201	1054.004	7.80484	3.02	4.5	10.601	4.9455E-8	1	0	6.85817
2930	-30.5	20.5	36.749	1053.252	7.64626	3.02	4.5	11.149	4.7481E-8	1	0	6.67004
2931	-30.5	21.5	37.316	1052.544	7.50135	3.02	4.5	11.716	4.5713E-8	1	0	6.48464
2932	-30.5	22.5	37.901	1051.891	7.37096	3.02	4.5	12.301	4.415E-8	1	0	6.30123
2933	-30.5	23.5	38.503	1051.301	7.25575	3.02	4.5	12.903	4.2791E-8	1	0	6.11917
2934	-30.5	24.5	39.122	1050.78	7.15624	3.02	4.5	13.522	4.1635E-8	1	0	5.93792
2935	-30.5	25.5	39.756	1050.337	7.07282	3.02	4.5	14.156	4.0677E-8	1	0	5.75709
2936	-30.5	26.5	40.404	1049.975	7.00577	3.02	4.5	14.804	3.9916E-8	1	0	5.5764
2937	-30.5	27.5	41.067	1049.7	6.95531	3.02	4.5	15.467	3.9348E-8	1	0	5.39571
2938	-30.5	28.5	41.743	1049.515	6.9216	3.02	4.5	16.143	3.897E-8	1	0	5.21502
2939	-30.5	29.5	42.432	1049.422	6.90615	3.02	4.5	16.832	3.8798E-8	1	0	5.03339
2940	-29.5	-29.5	41.719	1050.536	6.73726	3.02	4.5	16.119	3.6906E-8	1	0	5.36669
2941	-29.5	-28.5	41.018	1050.632	6.75378	3.02	4.5	15.418	3.7086E-8	1	0	5.5744
2942	-29.5	-27.5	40.33	1050.822	6.79022	3.02	4.5	14.73	3.7484E-8	1	0	5.78164
2943	-29.5	-26.5	39.655	1051.105	6.8448	3.02	4.5	14.055	3.8084E-8	1	0	5.98977
2944	-29.5	-25.5	38.994	1051.477	6.9174	3.02	4.5	13.394	3.889E-8	1	0	6.19897
2945	-29.5	-24.5	38.347	1051.932	7.00786	3.02	4.5	12.747	3.9906E-8	1	0	6.4096
2946	-29.5	-23.5	37.716	1052.466	7.11594	3.02	4.5	12.116	4.1137E-8	1	0	6.62222
2947	-29.5	-22.5	37.101	1053.072	7.24133	3.02	4.5	11.501	4.2589E-8	1	0	6.83758
2948	-29.5	-21.5	36.503	1053.74	7.38357	3.02	4.5	10.903	4.4266E-8	1	0	7.05664
2949	-29.5	-20.5	35.924	1054.462	7.54208	3.02	4.5	10.324	4.6172E-8	1	0	7.28051
2950	-29.5	-19.5	35.362	1055.228	7.71606	3.02	4.5	9.762	4.8311E-8	1	0	7.51052
2951	-29.5	-18.5	34.821	1056.027	7.90445	3.02	4.5	9.221	5.0682E-8	1	0	7.74818
2952	-29.5	-17.5	34.3	1056.847	8.10586	3.02	4.5	8.7	5.3279E-8	1	0	7.99515
2953	-29.5	-16.5	33.801	1057.676	8.31851	3.02	4.5	8.201	5.6091E-8	1	0	8.25324
2954	-29.5	-15.5	33.324	1058.503	8.54017	3.02	4.5	7.724	5.9099E-8	1	0	8.52433
2955	-29.5	-14.5	32.871	1059.313	8.76824	3.02	4.5	7.271	6.2276E-8	1	0	8.81022
2956	-29.5	-13.5	32.442	1060.097	8.99986	3.02	4.5	6.842	6.5588E-8	1	0	9.11228
2957	-29.5	-12.5	32.039	1060.844	9.23224	3.02	4.5	6.439	6.8997E-8	1	0	9.43104
2958	-29.5	-11.5	31.662	1061.545	9.46279	3.02	4.5	6.062	7.2464E-8	1	0	9.76577
2959	-29.5	-10.5	31.313	1062.192	9.68949	3.02	4.5	5.713	7.5956E-8	1	0	10.11394
2960	-29.5	-9.5	30.992	1062.781	9.91053	3.02	4.5	5.392	7.9441E-8	1	0	10.47125
2961	-29.5	-8.5	30.7	1063.306	10.12378	3.02	4.5	5.1	8.2878E-8	1	0	10.83199
2962	-29.5	-7.5	30.438	1063.766	10.32498	3.02	20	4.838	8.6188E-8	1	0	11.15323
2963	-29.5	-6.5	30.208	1064.164	10.51013	3.02	20	4.608	8.9292E-8	1	0	11.50546
2964	-29.5	-5.5	30.008	1064.497	10.67697	3.02	20	4.408	9.2136E-8	1	1	11.83748
2965	-29.5	-4.5	29.841	1064.764	10.82204	3.02	20	4.241	9.4646E-8	0	0	12.13874
2966	-29.5	-3.5	29.707	1064.97	10.9404	3.02	20	4.107	9.6719E-8	0	0	12.40008
2967	-29.5	-2.5	29.606	1065.12	11.02998	3.02	20	4.006	9.8303E-8	0	0	12.60987
2968	-29.5	-1.5	29.538	1065.216	11.09009	3.02	20	3.938	9.9373E-8	0	0	12.75684
2969	-29.5	-0.5	29.504	1065.264	11.12029	3.02	20	3.904	9.9913E-8	0	0	12.83254
2970	-29.5	0.5	29.504	1065.264	11.12029	3.02	20	3.904	9.9913E-8	0	0	12.83254
2971	-29.5	1.5	29.538	1065.216	11.09009	3.02	20	3.938	9.9373E-8	0	0	12.75684
2972	-29.5	2.5	29.606	1065.12	11.02998	3.02	20	4.006	9.8303E-8	0	0	12.60987
2973	-29.5	3.5	29.707	1064.97	10.9404	3.02	20	4.107	9.6719E-8	0	0	12.40008
2974	-29.5	4.5	29.841	1064.764	10.82204	3.02	20	4.241	9.4646E-8	0	0	12.13874
2975	-29.5	5.5	30.008	1064.497	10.67697	3.02	20	4.408	9.2136E-8	1	1	11.83748
2976	-29.5	6.5	30.208	1064.164	10.51013	3.02	20	4.608	8.9292E-8	1	0	11.50546
2977	-29.5	7.5	30.438	1063.766	10.32498	3.02	20	4.838	8.6188E-8	1	0	11.15323
2978	-29.5	8.5	30.7	1063.306	10.12378	3.02	4.5	5.1	8.2878E-8	1	0	10.83199
2979	-29.5	9.5	30.992	1062.781	9.91053	3.02	4.5	5.392	7.9441E-8	1	0	10.47125
2980	-29.5	10.5	31.313	1062.192	9.68949	3.02	4.5	5.713	7.5956E-8	1	0	10.11394
2981	-29.5	11.5	31.662	1061.545	9.46279	3.02	4.5	6.062	7.2464E-8	1	0	9.76577
2982	-29.5	12.5	32.039	1060.844	9.23224	3.02	4.5	6.439	6.8997E-8	1	0	9.43104
2983	-29.5	13.5	32.442	1060.097	8.99986	3.02	4.5	6.842	6.5588E-8	1	0	9.11228
2984	-29.5	14.5	32.871	1059.313	8.76824	3.02	4.5	7.271	6.2276E-8	1	0	8.81022
2985	-29.5	15.5	33.324	1058.503	8.54017	3.02	4.5	7.724	5.9099E-8	1	0	8.52433
2986	-29.5	16.5	33.801	1057.676	8.31851	3.02	4.5	8.201	5.6091E-8	1	0	8.25324
2987	-29.5	17.5	34.3	1056.847	8.10586	3.02	4.5	8.7	5.3279E-8	1	0	7.99515
2988	-29.5	18.5	34.821	1056.027	7.90445	3.02	4.5	9.221	5.0682E-8	1	0	7.74818
2989	-29.5	19.5	35.362	1055.228	7.71606	3.02	4.5	9.762	4.8311E-8	1	0	7.51052
2990	-29.5	20.5	35.924	1054.462	7.54208	3.02	4.5	10.324	4.6172E-8	1	0	7.28051
2991	-29.5	21.5	36.503	1053.74	7.38357	3.02	4.5	10.903	4.4266E-8	1	0	7.05664
2992	-29.5	22.5	37.101	1053.072	7.24133	3.02	4.5	11.501	4.2589E-8	1	0	6.83758
2993	-29.5	23.5	37.716	1052.466	7.11594	3.02	4.5	12.116	4.1137E-8	1	0	6.62222
2994	-29.5	24.5	38.347	1051.932	7.00786	3.02	4.5	12.747	3.9906E-8	1	0	6.4096
2995	-29.5	25.5	38.994	1051.477	6.9174	3.02	4.5	13.394	3.889E-8	1	0	6.19897
2996	-29.5	26.5	39.655	1051.105	6.8448	3.02	4.5	14.055	3.8084E-8	1	0	5.98977
2997	-29.5	27.5	40.33	1050.822	6.79022	3.02	4.5	14.73	3.7484E-8	1	0	5.78164
2998	-29.5	28.5	41.018	1050.632	6.75378	3.02	4.5	15.418	3.7086E-8	1	0	5.5744
2999	-29.5	29.5	41.719	1050.536	6.73726	3.02	4.5	16.119	3.6906E-8	1	0	5.36669
3000	-28.5	-29.5	41.018	1051.518	6.55478	3.02	4.5	15.418	3.4919E-8	1	0	5.74528
3001	-28.5	-28.5	40.305	1051.617	6.57236	3.02	4.5	14.705	3.5105E-8	1	0	5.98407
3002	-28.5	-27.5	39.604	1051.813	6.61163	3.02	4.5	14.004	3.5523E-8	1	0	6.22309
3003	-28.5	-26.5	38.917	1052.103	6.67048	3.02	4.5	13.317	3.6154E-8	1	0	6.46435
3004	-28.5	-25.5	38.243	1052.484	6.74887	3.02	4.5	12.643	3.7002E-8	1	0	6.70831
3005	-28.5	-24.5	37.583	1052.951	6.84667	3.02	4.5	11.983	3.8075E-8	1	0	6.9557
3006	-28.5	-23.5	36.939	1053.497	6.96374	3.02	4.5	11.339	3.9379E-8	1	0	7.20755
3007	-28.5	-22.5	36.311	1054.116	7.09984	3.02	4.5	10.711	4.0923E-8	1	0	7.46518
3008	-28.5	-21.5	35.7	1054.797	7.25465	3.02	4.5	10.1	4.2714E-8	1	0	7.73025
3009	-28.5	-20.5	35.107	1055.532	7.42769	3.02	4.5	9.507	4.4762E-8	1	0	8.00472
3010	-28.5	-19.5	34.533	1056.308	7.61827	3.02	4.5	8.933	4.7073E-8	1	0	8.2909
3011	-28.5	-18.5	33.978	1057.115	7.82541	3.02	4.5	8.378	4.965E-8	1	0	8.59149
3012	-28.5	-17.5	33.444	1057.94	8.04776	3.02	4.5	7.844	5.2493E-8	1	0	8.90959
3013	-28.5	-16.5	32.932	1058.768	8.28341	3.02	4.5	7.332	5.5593E-8	1	0	9.24874
3014	-28.5	-15.5	32.442	1059.587	8.52984	3.02	4.5	6.842	5.8929E-8	1	0	9.61297
3015	-28.5	-14.5	31.977	1060.383	8.78387	3.02	4.5	6.377	6.247E-8	1	0	10.00663
3016	-28.5	-13.5	31.536	1061.144	9.04194	3.02	4.5	5.936	6.6173E-8	1	0	10.43388
3017	-28.5	-12.5	31.121	1061.86	9.30064	3.02	4.5	5.521	6.9992E-8	1	0	10.89784
3018	-28.5	-11.5	30.733	1062.519	9.55684	3.02	4.5	5.133	7.3881E-8	1	0	11.40002
3019	-28.5	-10.5	30.373	1063.117	9.80894	3.02	20	4.773	7.781E-8	1	0	11.89918
3020	-28.5	-9.5	30.042	1063.651	10.05598	3.02	20	4.442	8.176E-8	1	0	12.47152
3021	-28.5	-8.5	29.741	1064.111	10.29782	3.02	20	4.141	8.5723E-8	0	0	13.06388
3022	-28.5	-7.5	29.47	1064.493	10.52657	3.02	20	3.87	8.9559E-8	0	0	13.67195
3023	-28.5	-6.5	29.232	1064.798	10.73583	3.02	20	3.632	9.3143E-8	0	0	14.28542
3024	-28.5	-5.5	29.026	1065.036	10.92663	3.02	20	3.426	9.6473E-8	0	0	14.87957
3025	-28.5	-4.5	28.853	1065.215	11.09514	3.02	20	3.253	9.9464E-8	0	0	15.43156
3026	-28.5	-3.5	28.714	1065.345	11.23008	3.02	20	3.114	1.0189E-7	0	0	15.92622
3027	-28.5	-2.5	28.609	1065.432	11.33082	3.02	20	3.009	1.0372E-7	0	0	16.33339
3028	-28.5	-1.5	28.539	1065.486	11.39817	3.02	20	2.939	1.0496E-7	0	0	16.62332
3029	-28.5	-0.5	28.504	1065.512	11.43207	3.02	20	2.904	1.0558E-7	0	0	16.77403
3030	-28.5	0.5	28.504	1065.512	11.43207	3.02	20	2.904	1.0558E-7	0	0	16.77403
3031	-28.5	1.5	28.539	1065.486	11.39817	3.02	20	2.939	1.0496E-7	0	0	16.62332
3032	-28.5	2.5	28.609	1065.432	11.33082	3.02	20	3.009	1.0372E-7	0	0	16.33339
3033	-28.5	3.5	28.714	1065.345	11.23008	3.02	20	3.114	1.0189E-7	0	0	15.92622
3034	-28.5	4.5	28.853	1065.215	11.09514	3.02	20	3.253	9.9464E-8	0	0	15.43156
3035	-28.5	5.5	29.026	1065.036	10.92663	3.02	20	3.426	9.6473E-8	0	0	14.87957
3036	-28.5	6.5	29.232	1064.798	10.73583	3.02	20	3.632	9.3143E-8	0	0	14.28542
3037	-28.5	7.5	29.47	1064.493	10.52657	3.02	20	3.87	8.9559E-8	0	0	13.67195
3038	-28.5	8.5	29.741	1064.111	10.29782	3.02	20	4.141	8.5723E-8	0	0	13.06388
3039	-28.5	9.5	30.042	1063.651	10.05598	3.02	20	4.442	8.176E-8	1	0	12.47152
3040	-28.5	10.5	30.373	1063.117	9.80894	3.02	20	4.773	7.781E-8	1	0	11.89918
3041	-28.5	11.5	30.733	1062.519	9.55684	3.02	4.5	5.133	7.3881E-8	1	0	11.40002
3042	-28.5	12.5	31.121	1061.86	9.30064	3.02	4.5	5.521	6.9992E-8	1	0	10.89784
3043	-28.5	13.5	31.536	1061.144	9.04194	3.02	4.5	5.936	6.6173E-8	1	0	10.43388
3044	-28.5	14.5	31.977	1060.383	8.78387	3.02	4.5	6.377	6.247E-8	1	0	10.00663
3045	-28.5	15.5	32.442	1059.587	8.52984	3.02	4.5	6.842	5.8929E-8	1	0	9.61297
3046	-28.5	16.5	32.932	1058.768	8.28341	3.02	4.5	7.332	5.5593E-8	1	0	9.24874
3047	-28.5	17.5	33.444	1057.94	8.04776	3.02	4.5	7.844	5.2493E-8	1	0	8.90959
3048	-28.5	18.5	33.978	1057.115	7.82541	3.02	4.5	8.378	4.965E-8	1	0	8.59149
3049	-28.5	19.5	34.533	1056.308	7.61827	3.02	4.5	8.933	4.7073E-8	1	0	8.2909
3050	-28.5	20.5	35.107	1055.532	7.42769	3.02	4.5	9.507	4.4762E-8	1	0	8.00472
3051	-28.5	21.5	35.7	1054.797	7.25465	3.02	4.5	10.1	4.2714E-8	1	0	7.73025
3052	-28.5	22.5	36.311	1054.116	7.09984	3.02	4.5	10.711	4.0923E-8	1	0	7.46518
3053	-28.5	23.5	36.939	1053.497	6.96374	3.02	4.5	11.339	3.9379E-8	1	0	7.20755
3054	-28.5	24.5	37.583	1052.951	6.84667	3.02	4.5	11.983	3.8075E-8	1	0	6.9557
3055	-28.5	25.5	38.243	1052.484	6.74887	3.02	4.5	12.643	3.7002E-8	1	0	6.70831
3056	-28.5	26.5	38.917	1052.103	6.67048	3.02	4.5	13.317	3.6154E-8	1	0	6.46435
3057	-28.5	27.5	39.604	1051.813	6.61163	3.02	4.5	14.004	3.5523E-8	1	0	6.22309
3058	-28.5	28.5	40.305	1051.617	6.57236	3.02	4.5	14.705	3.5105E-8	1	0	5.98407
3059	-28.5	29.5	41.018	1051.518	6.55478	3.02	4.5	15.418	3.4919E-8	1	0	5.74528
3060	-27.5	-29.5	40.33	1052.38	6.35821	3.02	4.5	14.73	3.2844E-8	1	0	6.17754
3061	-27.5	-28.5	39.604	1052.481	6.37683	3.02	4.5	14.004	3.3035E-8	1	0	6.45358
3062	-27.5	-27.5	38.891	1052.682	6.419	3.02	4.5	13.291	3.3471E-8	1	0	6.73094
3063	-27.5	-26.5	38.19	1052.979	6.48226	3.02	4.5	12.59	3.413E-8	1	0	7.01255
3064	-27.5	-25.5	37.503	1053.369	6.56661	3.02	4.5	11.903	3.5018E-8	1	0	7.2993
3065	-27.5	-24.5	36.831	1053.847	6.67201	3.02	4.5	11.231	3.6143E-8	1	0	7.59255
3066	-27.5	-23.5	36.173	1054.405	6.79841	3.02	4.5	10.573	3.7517E-8	1	0	7.89408
3067	-27.5	-22.5	35.532	1055.035	6.94571	3.02	4.5	9.932	3.915E-8	1	0	8.2062
3068	-27.5	-21.5	34.907	1055.727	7.11373	3.02	4.5	9.307	4.1055E-8	1	0	8.53174
3069	-27.5	-20.5	34.3	1056.472	7.30217	3.02	4.5	8.7	4.3245E-8	1	0	8.87414
3070	-27.5	-19.5	33.712	1057.256	7.51052	3.02	4.5	8.112	4.5732E-8	1	0	9.23749
3071	-27.5	-18.5	33.144	1058.067	7.73799	3.02	4.5	7.544	4.8527E-8	1	0	9.62667
3072	-27.5	-17.5	32.596	1058.889	7.98338	3.02	4.5	6.996	5.1636E-8	1	0	10.04752
3073	-27.5	-16.5	32.07	1059.71	8.24478	3.02	4.5	6.47	5.5053E-8	1	0	10.50708
3074	-27.5	-15.5	31.567	1060.513	8.51934	3.02	4.5	5.967	5.8761E-8	1	0	11.01396
3075	-27.5	-14.5	31.089	1061.284	8.80302	3.02	4.5	5.489	6.2718E-8	1	0	11.5786
3076	-27.5	-13.5	30.635	1062.008	9.09106	3.02	20	5.035	6.6869E-8	1	0	12.16816
3077	-27.5	-12.5	30.208	1062.676	9.37927	3.02	20	4.608	7.1156E-8	1	0	12.88732
3078	-27.5	-11.5	29.808	1063.273	9.66283	3.02	20	4.208	7.5504E-8	0	0	13.69736
3079	-27.5	-10.5	29.436	1063.782	9.94145	3.02	20	3.836	7.9903E-8	0	0	14.60161
3080	-27.5	-9.5	29.095	1064.195	10.215	3.02	20	3.495	8.4346E-8	0	0	15.59951
3081	-27.5	-8.5	28.784	1064.523	10.49367	3.02	20	3.184	8.8998E-8	0	0	16.66805
3082	-27.5	-7.5	28.504	1064.769	10.75651	3.02	20	2.904	9.3503E-8	0	0	17.82381
3083	-27.5	-6.5	28.258	1064.943	10.9891	3.02	20	2.658	9.7583E-8	0	0	19.06498
3084	-27.5	-5.5	28.045	1065.057	11.20803	3.02	20	2.445	1.015E-7	0	0	20.32161
3085	-27.5	-4.5	27.866	1065.12	11.41143	3.02	20	2.266	1.0522E-7	0	0	21.53426
3086	-27.5	-3.5	27.722	1065.148	11.56364	3.02	20	2.122	1.0804E-7	0	0	22.6915
3087	-27.5	-2.5	27.613	1065.154	11.67466	3.02	20	2.013	1.1013E-7	0	0	23.68551
3088	-27.5	-1.5	27.541	1065.151	11.74934	3.02	20	1.941	1.1154E-7	0	0	24.41396
3089	-27.5	-0.5	27.505	1065.148	11.78733	3.02	20	1.905	1.1226E-7	0	0	24.79928
3090	-27.5	0.5	27.505	1065.148	11.78733	3.02	20	1.905	1.1226E-7	0	0	24.79928
3091	-27.5	1.5	27.541	1065.151	11.74934	3.02	20	1.941	1.1154E-7	0	0	24.41396
3092	-27.5	2.5	27.613	1065.154	11.67466	3.02	20	2.013	1.1013E-7	0	0	23.68551
3093	-27.5	3.5	27.722	1065.148	11.56364	3.02	20	2.122	1.0804E-7	0	0	22.6915
3094	-27.5	4.5	27.866	1065.12	11.41143	3.02	20	2.266	1.0522E-7	0	0	21.53426
3095	-27.5	5.5	28.045	1065.057	11.20803	3.02	20	2.445	1.015E-7	0	0	20.32161
3096	-27.5	6.5	28.258	1064.943	10.9891	3.02	20	2.658	9.7583E-8	0	0	19.06498
3097	-27.5	7.5	28.504	1064.769	10.75651	3.02	20	2.904	9.3503E-8	0	0	17.82381
3098	-27.5	8.5	28.784	1064.523	10.49367	3.02	20	3.184	8.8998E-8	0	0	16.66805
3099	-27.5	9.5	29.095	1064.195	10.215	3.02	20	3.495	8.4346E-8	0	0	15.59951
3100	-27.5	10.5	29.436	1063.782	9.94145	3.02	20	3.836	7.9903E-8	0	0	14.60161
3101	-27.5	11.5	29.808	1063.273	9.66283	3.02	20	4.208	7.5504E-8	0	0	13.69736
3102	-27.5	12.5	30.208	1062.676	9.37927	3.02	20	4.608	7.1156E-8	1	0	12.88732
3103	-27.5	13.5	30.635	1062.008	9.09106	3.02	20	5.035	6.6869E-8	1	0	12.16816
3104	-27.5	14.5	31.089	1061.284	8.80302	3.02	4.5	5.489	6.2718E-8	1	0	11.5786
3105	-27.5	15.5	31.567	1060.513	8.51934	3.02	4.5	5.967	5.8761E-8	1	0	11.01396
3106	-27.5	16.5	32.07	1059.71	8.24478	3.02	4.5	6.47	5.5053E-8	1	0	10.50708
3107	-27.5	17.5	32.596	1058.889	7.98338	3.02	4.5	6.996	5.1636E-8	1	0	10.04752
3108	-27.5	18.5	33.144	1058.067	7.73799	3.02	4.5	7.544	4.8527E-8	1	0	9.62667
3109	-27.5	19.5	33.712	1057.256	7.51052	3.02	4.5	8.112	4.5732E-8	1	0	9.23749
3110	-27.5	20.5	34.3	1056.472	7.30217	3.02	4.5	8.7	4.3245E-8	1	0	8.87414
3111	-27.5	21.5	34.907	1055.727	7.11373	3.02	4.5	9.307	4.1055E-8	1	0	8.53174
3112	-27.5	22.5	35.532	1055.035	6.94571	3.02	4.5	9.932	3.915E-8	1	0	8.2062
3113	-27.5	23.5	36.173	1054.405	6.79841	3.02	4.5	10.573	3.7517E-8	1	0	7.89408
3114	-27.5	24.5	36.831	1053.847	6.67201	3.02	4.5	11.231	3.6143E-8	1	0	7.59255
3115	-27.5	25.5	37.503	1053.369	6.56661	3.02	4.5	11.903	3.5018E-8	1	0	7.2993
3116	-27.5	26.5	38.19	1052.979	6.48226	3.02	4.5	12.59	3.413E-8	1	0	7.01255
3117	-27.5	27.5	38.891	1052.682	6.419	3.02	4.5	13.291	3.3471E-8	1	0	6.73094
3118	-27.5	28.5	39.604	1052.481	6.37683	3.02	4.5	14.004	3.3035E-8	1	0	6.45358
3119	-27.5	29.5	40.33	1052.38	6.35821	3.02	4.5	14.73	3.2844E-8	1	0	6.17754
3120	-26.5	-29.5	39.655	1053.133	6.14718	3.02	4.5	14.055	3.069E-8	1	0	6.67379
3121	-26.5	-28.5	38.917	1053.236	6.1668	3.02	4.5	13.317	3.0885E-8	1	0	6.99481
3122	-26.5	-27.5	38.19	1053.441	6.21193	3.02	4.5	12.59	3.1336E-8	1	0	7.31876
3123	-26.5	-26.5	37.477	1053.745	6.27968	3.02	4.5	11.877	3.2019E-8	1	0	7.6499
3124	-26.5	-25.5	36.776	1054.144	6.37011	3.02	4.5	11.176	3.2942E-8	1	0	7.98988
3125	-26.5	-24.5	36.09	1054.632	6.48329	3.02	4.5	10.49	3.4116E-8	1	0	8.34101
3126	-26.5	-23.5	35.419	1055.2	6.6193	3.02	4.5	9.819	3.5554E-8	1	0	8.70638
3127	-26.5	-22.5	34.763	1055.841	6.77817	3.02	4.5	9.163	3.7271E-8	1	0	9.08993
3128	-26.5	-21.5	34.125	1056.543	6.95993	3.02	4.5	8.525	3.9285E-8	1	0	9.49656
3129	-26.5	-20.5	33.504	1057.295	7.16451	3.02	4.5	7.904	4.1615E-8	1	0	9.93231
3130	-26.5	-19.5	32.901	1058.083	7.3917	3.02	4.5	7.301	4.4281E-8	1	0	10.40462
3131	-26.5	-18.5	32.319	1058.893	7.64105	3.02	4.5	6.719	4.7302E-8	1	0	10.92259
3132	-26.5	-17.5	31.757	1059.709	7.91168	3.02	4.5	6.157	5.0695E-8	1	0	11.49754
3133	-26.5	-16.5	31.217	1060.514	8.202	3.02	4.5	5.617	5.4465E-8	1	0	12.14381
3134	-26.5	-15.5	30.7	1061.291	8.50897	3.02	4.5	5.1	5.8598E-8	1	0	12.88028
3135	-26.5	-14.5	30.208	1062.024	8.82721	3.02	20	4.608	6.3044E-8	1	0	13.6908
3136	-26.5	-13.5	29.741	1062.692	9.14952	3.02	20	4.141	6.7712E-8	0	0	14.69761
3137	-26.5	-12.5	29.3	1063.262	9.47202	3.02	20	3.7	7.2552E-8	0	0	15.88608
3138	-26.5	-11.5	28.888	1063.723	9.78327	3.02	20	3.288	7.7383E-8	0	0	17.30947
3139	-26.5	-10.5	28.504	1064.079	10.08865	3.02	20	2.904	8.2277E-8	0	0	19.00007
3140	-26.5	-9.5	28.151	1064.332	10.37937	3.02	20	2.551	8.7077E-8	0	0	21.02215
3141	-26.5	-8.5	27.83	1064.49	10.71651	3.02	20	2.23	9.282E-8	0	0	23.29562
3142	-26.5	-7.5	27.541	1064.561	11.02779	3.02	20	1.941	9.8287E-8	0	0	26.00707
3143	-26.5	-6.5	27.286	1064.564	11.2673	3.02	20	1.686	1.026E-7	0	0	29.30887
3144	-26.5	-5.5	27.065	1064.519	11.53733	3.02	20	1.465	1.0758E-7	0	0	32.93561
3145	-26.5	-4.5	26.879	1064.426	11.81115	3.02	20	1.279	1.1275E-7	0	0	36.83164
3146	-26.5	-3.5	26.73	1064.317	11.96761	3.02	20	1.13	1.1577E-7	0	0	41.14781
3147	-26.5	-2.5	26.618	1064.216	12.07887	3.02	20	1.018	1.1793E-7	0	0	45.2725
3148	-26.5	-1.5	26.542	1064.139	12.15475	3.02	20	1	1.1942E-7	0	1	45.78346
3149	-26.5	-0.5	26.505	1064.097	12.19339	3.02	20	1	1.2019E-7	0	1	45.63784
3150	-26.5	0.5	26.505	1064.097	12.19339	3.02	20	1	1.2019E-7	0	1	45.63784
3151	-26.5	1.5	26.542	1064.139	12.15475	3.02	20	1	1.1942E-7	0	1	45.78346
3152	-26.5	2.5	26.618	1064.216	12.07887	3.02	20	1.018	1.1793E-7	0	0	45.2725
3153	-26.5	3.5	26.73	1064.317	11.96761	3.02	20	1.13	1.1577E-7	0	0	41.14781
3154	-26.5	4.5	26.879	1064.426	11.81115	3.02	20	1.279	1.1275E-7	0	0	36.83164
3155	-26.5	5.5	27.065	1064.519	11.53733	3.02	20	1.465	1.0758E-7	0	0	32.93561
3156	-26.5	6.5	27.286	1064.564	11.2673	3.02	20	1.686	1.026E-7	0	0	29.30887
3157	-26.5	7.5	27.541	1064.561	11.02779	3.02	20	1.941	9.8287E-8	0	0	26.00707
3158	-26.5	8.5	27.83	1064.49	10.71651	3.02	20	2.23	9.282E-8	0	0	23.29562
3159	-26.5	9.5	28.151	1064.332	10.37937	3.02	20	2.551	8.7077E-8	0	0	21.02215
3160	-26.5	10.5	28.504	1064.079	10.08865	3.02	20	2.904	8.2277E-8	0	0	19.00007
3161	-26.5	11.5	28.888	1063.723	9.78327	3.02	20	3.288	7.7383E-8	0	0	17.30947
3162	-26.5	12.5	29.3	1063.262	9.47202	3.02	20	3.7	7.2552E-8	0	0	15.88608
3163	-26.5	13.5	29.741	1062.692	9.14952	3.02	20	4.141	6.7712E-8	0	0	14.69761
3164	-26.5	14.5	30.208	1062.024	8.82721	3.02	20	4.608	6.3044E-8	1	0	13.6908
3165	-26.5	15.5	30.7	1061.291	8.50897	3.02	4.5	5.1	5.8598E-8	1	0	12.88028
3166	-26.5	16.5	31.217	1060.514	8.202	3.02	4.5	5.617	5.4465E-8	1	0	12.14381
3167	-26.5	17.5	31.757	1059.709	7.91168	3.02	4.5	6.157	5.0695E-8	1	0	11.49754
3168	-26.5	18.5	32.319	1058.893	7.64105	3.02	4.5	6.719	4.7302E-8	1	0	10.92259
3169	-26.5	19.5	32.901	1058.083	7.3917	3.02	4.5	7.301	4.4281E-8	1	0	10.40462
3170	-26.5	20.5	33.504	1057.295	7.16451	3.02	4.5	7.904	4.1615E-8	1	0	9.93231
3171	-26.5	21.5	34.125	1056.543	6.95993	3.02	4.5	8.525	3.9285E-8	1	0	9.49656
3172	-26.5	22.5	34.763	1055.841	6.77817	3.02	4.5	9.163	3.7271E-8	1	0	9.08993
3173	-26.5	23.5	35.419	1055.2	6.6193	3.02	4.5	9.819	3.5554E-8	1	0	8.70638
3174	-26.5	24.5	36.09	1054.632	6.48329	3.02	4.5	10.49	3.4116E-8	1	0	8.34101
3175	-26.5	25.5	36.776	1054.144	6.37011	3.02	4.5	11.176	3.2942E-8	1	0	7.98988
3176	-26.5	26.5	37.477	1053.745	6.27968	3.02	4.5	11.877	3.2019E-8	1	0	7.6499
3177	-26.5	27.5	38.19	1053.441	6.21193	3.02	4.5	12.59	3.1336E-8	1	0	7.31876
3178	-26.5	28.5	38.917	1053.236	6.1668	3.02	4.5	13.317	3.0885E-8	1	0	6.99481
3179	-26.5	29.5	39.655	1053.133	6.14718	3.02	4.5	14.055	3.069E-8	1	0	6.67379
3180	-25.5	-29.5	38.994	1053.787	5.92147	3.02	4.5	13.394	2.847E-8	1	0	7.2468
3181	-25.5	-28.5	38.243	1053.893	5.94203	3.02	4.5	12.643	2.8667E-8	1	0	7.62251
3182	-25.5	-27.5	37.503	1054.103	5.99014	3.02	4.5	11.903	2.913E-8	1	0	8.00355
3183	-25.5	-26.5	36.776	1054.414	6.06242	3.02	4.5	11.176	2.9833E-8	1	0	8.39609
3184	-25.5	-25.5	36.062	1054.822	6.159	3.02	4.5	10.462	3.0786E-8	1	0	8.80296
3185	-25.5	-24.5	35.362	1055.319	6.28008	3.02	4.5	9.762	3.2002E-8	1	0	9.2281
3186	-25.5	-23.5	34.677	1055.898	6.42584	3.02	4.5	9.077	3.3496E-8	1	0	9.67675
3187	-25.5	-22.5	34.007	1056.548	6.59653	3.02	4.5	8.407	3.5289E-8	1	0	10.15566
3188	-25.5	-21.5	33.354	1057.259	6.7924	3.02	4.5	7.754	3.7405E-8	1	0	10.67342
3189	-25.5	-20.5	32.718	1058.016	7.01369	3.02	4.5	7.118	3.9869E-8	1	0	11.24094
3190	-25.5	-19.5	32.101	1058.806	7.26058	3.02	4.5	6.501	4.2711E-8	1	0	11.87205
3191	-25.5	-18.5	31.504	1059.611	7.53311	3.02	4.5	5.904	4.5961E-8	1	0	12.58455
3192	-25.5	-17.5	30.927	1060.413	7.83109	3.02	4.5	5.327	4.9652E-8	1	0	13.40155
3193	-25.5	-16.5	30.373	1061.195	8.15382	3.02	20	4.773	5.3811E-8	1	0	14.30687
3194	-25.5	-15.5	29.841	1061.934	8.49899	3.02	20	4.241	5.8445E-8	0	0	15.44443
3195	-25.5	-14.5	29.334	1062.585	8.85915	3.02	20	3.734	6.3485E-8	0	0	16.827
3196	-25.5	-13.5	28.853	1063.123	9.21974	3.02	20	3.253	6.8743E-8	0	0	18.55966
3197	-25.5	-12.5	28.399	1063.54	9.58761	3.02	20	2.799	7.4325E-8	0	0	20.74229
3198	-25.5	-11.5	27.973	1063.832	9.921	3.02	20	2.373	7.9573E-8	0	0	23.64008
3199	-25.5	-10.5	27.577	1063.998	10.26127	3.02	20	1.977	8.5119E-8	0	0	27.43279
3200	-25.5	-9.5	27.212	1064.049	10.5107	3.02	20	1.612	8.9306E-8	0	0	32.84387
3201	-25.5	-8.5	26.879	1063.992	11.04006	3.02	20	1.279	9.853E-8	0	0	39.39938
3202	-25.5	-7.5	26.58	1063.833	11.48354	3.02	20	1	1.0661E-7	0	0	48.45534
3203	-25.5	-6.5	26.315	1063.617	11.75819	3.02	20	1	1.1178E-7	0	0	47.32069
3204	-25.498	-5.518	26.089	1063.378	12.05941	3.02	20	1	1.176E-7	0	0	46.13562
3205	-25.598	-4.519	25.994	1063.231	12.09714	3.02	20	1	1.1834E-7	0	0	45.98983
3206	-25.678	-3.518	25.918	1063.107	12.20296	3.02	20	1	1.2043E-7	0	1	45.58946
3207	-25.737	-2.516	25.86	1063.007	12.31991	3.02	20	1	1.2275E-7	0	1	45.15543
3208	-25.777	-1.511	25.821	1062.936	12.40829	3.02	20	1	1.2452E-7	0	1	44.83291
3209	-25.797	-0.504	25.802	1062.899	12.45454	3.02	20	1	1.2545E-7	0	1	44.66597
3210	-25.797	0.504	25.802	1062.899	12.45454	3.02	20	1	1.2545E-7	0	1	44.66597
3211	-25.777	1.511	25.821	1062.936	12.40829	3.02	20	1	1.2452E-7	0	1	44.83291
3212	-25.737	2.516	25.86	1063.007	12.31991	3.02	20	1	1.2275E-7	0	1	45.15543
3213	-25.678	3.518	25.918	1063.107	12.20296	3.02	20	1	1.2043E-7	0	1	45.58946
3214	-25.598	4.519	25.994	1063.231	12.09714	3.02	20	1	1.1834E-7	0	0	45.98983
3215	-25.498	5.518	26.089	1063.378	12.05941	3.02	20	1	1.176E-7	0	0	46.13562
3216	-25.5	6.5	26.315	1063.617	11.75819	3.02	20	1	1.1178E-7	0	0	47.32069
3217	-25.5	7.5	26.58	1063.833	11.48354	3.02	20	1	1.0661E-7	0	0	48.45534
3218	-25.5	8.5	26.879	1063.992	11.04006	3.02	20	1.279	9.853E-8	0	0	39.39938
3219	-25.5	9.5	27.212	1064.049	10.5107	3.02	20	1.612	8.9306E-8	0	0	32.84387
3220	-25.5	10.5	27.577	1063.998	10.26127	3.02	20	1.977	8.5119E-8	0	0	27.43279
3221	-25.5	11.5	27.973	1063.832	9.921	3.02	20	2.373	7.9573E-8	0	0	23.64008
3222	-25.5	12.5	28.399	1063.54	9.58761	3.02	20	2.799	7.4325E-8	0	0	20.74229
3223	-25.5	13.5	28.853	1063.123	9.21974	3.02	20	3.253	6.8743E-8	0	0	18.55966
3224	-25.5	14.5	29.334	1062.585	8.85915	3.02	20	3.734	6.3485E-8	0	0	16.827
3225	-25.5	15.5	29.841	1061.934	8.49899	3.02	20	4.241	5.8445E-8	0	0	15.44443
3226	-25.5	16.5	30.373	1061.195	8.15382	3.02	20	4.773	5.3811E-8	1	0	14.30687
3227	-25.5	17.5	30.927	1060.413	7.83109	3.02	4.5	5.327	4.9652E-8	1	0	13.40155
3228	-25.5	18.5	31.504	1059.611	7.53311	3.02	4.5	5.904	4.5961E-8	1	0	12.58455
3229	-25.5	19.5	32.101	1058.806	7.26058	3.02	4.5	6.501	4.2711E-8	1	0	11.87205
3230	-25.5	20.5	32.718	1058.016	7.01369	3.02	4.5	7.118	3.9869E-8	1	0	11.24094
3231	-25.5	21.5	33.354	1057.259	6.7924	3.02	4.5	7.754	3.7405E-8	1	0	10.67342
3232	-25.5	22.5	34.007	1056.548	6.59653	3.02	4.5	8.407	3.5289E-8	1	0	10.15566
3233	-25.5	23.5	34.677	1055.898	6.42584	3.02	4.5	9.077	3.3496E-8	1	0	9.67675
3234	-25.5	24.5	35.362	1055.319	6.28008	3.02	4.5	9.762	3.2002E-8	1	0	9.2281
3235	-25.5	25.5	36.062	1054.822	6.159	3.02	4.5	10.462	3.0786E-8	1	0	8.80296
3236	-25.5	26.5	36.776	1054.414	6.06242	3.02	4.5	11.176	2.9833E-8	1	0	8.39609
3237	-25.5	27.5	37.503	1054.103	5.99014	3.02	4.5	11.903	2.913E-8	1	0	8.00355
3238	-25.5	28.5	38.243	1053.893	5.94203	3.02	4.5	12.643	2.8667E-8	1	0	7.62251
3239	-25.5	29.5	38.994	1053.787	5.92147	3.02	4.5	13.394	2.847E-8	1	0	7.2468
3240	-24.5	-29.5	38.347	1054.357	5.68105	3.02	4.5	12.747	2.6199E-8	1	0	7.9125
3241	-24.5	-28.5	37.583	1054.466	5.70246	3.02	4.5	11.983	2.6395E-8	1	0	8.35524
3242	-24.5	-27.5	36.831	1054.681	5.75354	3.02	4.5	11.231	2.6868E-8	1	0	8.80681
3243	-24.5	-26.5	36.09	1054.999	5.83034	3.02	4.5	10.49	2.7586E-8	1	0	9.27617
3244	-24.5	-25.5	35.362	1055.415	5.93309	3.02	4.5	9.762	2.8562E-8	1	0	9.76808
3245	-24.5	-24.5	34.648	1055.922	6.06207	3.02	4.5	9.048	2.9811E-8	1	0	10.28915
3246	-24.5	-23.5	33.948	1056.511	6.21765	3.02	4.5	8.348	3.1353E-8	1	0	10.84825
3247	-24.5	-22.5	33.264	1057.171	6.40025	3.02	4.5	7.664	3.3212E-8	1	0	11.45706
3248	-24.5	-21.5	32.596	1057.889	6.61039	3.02	4.5	6.996	3.5418E-8	1	0	12.13091
3249	-24.5	-20.5	31.945	1058.651	6.84868	3.02	4.5	6.345	3.8005E-8	1	0	12.88999
3250	-24.5	-19.5	31.313	1059.439	7.11579	3.02	4.5	5.713	4.1013E-8	1	0	13.76124
3251	-24.5	-18.5	30.7	1060.235	7.41237	3.02	4.5	5.1	4.4488E-8	1	0	14.7814
3252	-24.5	-17.5	30.108	1061.02	7.73913	3.02	20	4.508	4.848E-8	1	0	15.95489
3253	-24.5	-16.5	29.538	1061.755	8.09744	3.02	20	3.938	5.3057E-8	0	0	17.45461
3254	-24.5	-15.5	28.991	1062.389	8.48894	3.02	20	3.391	5.8295E-8	0	0	19.33252
3255	-24.5	-14.5	28.469	1062.904	8.90552	3.02	20	2.869	6.4143E-8	0	0	21.78024
3256	-24.5	-13.5	27.973	1063.284	9.29825	3.02	20	2.373	6.9914E-8	0	0	25.21951
3257	-24.5	-12.5	27.505	1063.516	9.75162	3.02	20	1.905	7.689E-8	0	0	29.96265
3258	-24.5	-11.5	27.065	1063.602	10.12882	3.02	20	1.465	8.295E-8	0	0	37.50604
3259	-24.5	-10.5	26.655	1063.532	10.65773	3.02	20	1.055	9.1842E-8	0	0	49.47457
3260	-24.5	-9.5	26.277	1063.347	11.2054	3.02	20	1	1.0153E-7	0	0	49.65141
3261	-24.567	-8.534	26.007	1063.097	11.63766	3.02	20	1	1.0953E-7	0	0	47.80382
3262	-24.73	-7.549	25.856	1062.885	11.62396	3.02	20	1	1.0928E-7	0	0	47.85735
3263	-24.868	-6.591	25.726	1062.695	11.97706	3.02	20	1	1.1603E-7	0	0	46.44399
3264	-24.868	6.591	25.726	1062.695	11.97706	3.02	20	1	1.1603E-7	0	0	46.44399
3265	-24.73	7.549	25.856	1062.885	11.62396	3.02	20	1	1.0928E-7	0	0	47.85735
3266	-24.567	8.534	26.007	1063.097	11.63766	3.02	20	1	1.0953E-7	0	0	47.80382
3267	-24.5	9.5	26.277	1063.347	11.2054	3.02	20	1	1.0153E-7	0	0	49.65141
3268	-24.5	10.5	26.655	1063.532	10.65773	3.02	20	1.055	9.1842E-8	0	0	49.47457
3269	-24.5	11.5	27.065	1063.602	10.12882	3.02	20	1.465	8.295E-8	0	0	37.50604
3270	-24.5	12.5	27.505	1063.516	9.75162	3.02	20	1.905	7.689E-8	0	0	29.96265
3271	-24.5	13.5	27.973	1063.284	9.29825	3.02	20	2.373	6.9914E-8	0	0	25.21951
3272	-24.5	14.5	28.469	1062.904	8.90552	3.02	20	2.869	6.4143E-8	0	0	21.78024
3273	-24.5	15.5	28.991	1062.389	8.48894	3.02	20	3.391	5.8295E-8	0	0	19.33252
3274	-24.5	16.5	29.538	1061.755	8.09744	3.02	20	3.938	5.3057E-8	0	0	17.45461
3275	-24.5	17.5	30.108	1061.02	7.73913	3.02	20	4.508	4.848E-8	1	0	15.95489
3276	-24.5	18.5	30.7	1060.235	7.41237	3.02	4.5	5.1	4.4488E-8	1	0	14.7814
3277	-24.5	19.5	31.313	1059.439	7.11579	3.02	4.5	5.713	4.1013E-8	1	0	13.76124
3278	-24.5	20.5	31.945	1058.651	6.84868	3.02	4.5	6.345	3.8005E-8	1	0	12.88999
3279	-24.5	21.5	32.596	1057.889	6.61039	3.02	4.5	6.996	3.5418E-8	1	0	12.13091
3280	-24.5	22.5	33.264	1057.171	6.40025	3.02	4.5	7.664	3.3212E-8	1	0	11.45706
3281	-24.5	23.5	33.948	1056.511	6.21765	3.02	4.5	8.348	3.1353E-8	1	0	10.84825
3282	-24.5	24.5	34.648	1055.922	6.06207	3.02	4.5	9.048	2.9811E-8	1	0	10.28915
3283	-24.5	25.5	35.362	1055.415	5.93309	3.02	4.5	9.762	2.8562E-8	1	0	9.76808
3284	-24.5	26.5	36.09	1054.999	5.83034	3.02	4.5	10.49	2.7586E-8	1	0	9.27617
3285	-24.5	27.5	36.831	1054.681	5.75354	3.02	4.5	11.231	2.6868E-8	1	0	8.80681
3286	-24.5	28.5	37.583	1054.466	5.70246	3.02	4.5	11.983	2.6395E-8	1	0	8.35524
3287	-24.5	29.5	38.347	1054.357	5.68105	3.02	4.5	12.747	2.6199E-8	1	0	7.9125
3288	-23.5	-29.5	37.716	1054.855	5.4261	3.02	4.5	12.116	2.3895E-8	1	0	8.69093
3289	-23.5	-28.5	36.939	1054.966	5.44826	3.02	4.5	11.339	2.4089E-8	1	0	9.21649
3290	-23.5	-27.5	36.173	1055.186	5.50226	3.02	4.5	10.573	2.4567E-8	1	0	9.75595
3291	-23.5	-26.5	35.419	1055.512	5.58353	3.02	4.5	9.819	2.5294E-8	1	0	10.32241
3292	-23.5	-25.5	34.677	1055.937	5.69238	3.02	4.5	9.077	2.6285E-8	1	0	10.92374
3293	-23.5	-24.5	33.948	1056.455	5.82921	3.02	4.5	8.348	2.7558E-8	1	0	11.57095
3294	-23.5	-23.5	33.234	1057.055	5.99453	3.02	4.5	7.634	2.9136E-8	1	0	12.27915
3295	-23.5	-22.5	32.535	1057.725	6.18896	3.02	4.5	6.935	3.1048E-8	1	0	13.06884
3296	-23.5	-21.5	31.851	1058.451	6.41331	3.02	4.5	6.251	3.3329E-8	1	0	13.968
3297	-23.5	-20.5	31.185	1059.217	6.6686	3.02	4.5	5.585	3.6024E-8	1	0	15.01527
3298	-23.5	-19.5	30.537	1060.003	6.95605	3.02	20	4.937	3.9183E-8	1	0	16.20882
3299	-23.5	-18.5	29.908	1060.787	7.27688	3.02	20	4.308	4.2866E-8	0	0	17.75286
3300	-23.5	-17.5	29.3	1061.513	7.63224	3.02	20	3.7	4.714E-8	0	0	19.70586
3301	-23.5	-16.5	28.714	1062.138	8.02616	3.02	20	3.114	5.2118E-8	0	0	22.26377
3302	-23.5	-15.5	28.151	1062.642	8.47385	3.02	20	2.551	5.8082E-8	0	0	25.73728
3303	-23.5	-14.5	27.613	1063	8.99347	3.02	20	2.013	6.5413E-8	0	0	30.72834
3304	-23.5	-13.5	27.102	1063.193	9.41111	3.02	20	1.502	7.1624E-8	0	0	39.36954
3305	-23.5	-12.5	26.618	1063.194	9.89384	3.02	20	1.018	7.916E-8	0	0	55.25507
3306	-23.425	-11.537	26.112	1062.99	10.39085	3.02	20	1	8.732E-8	0	0	53.5383
3307	-23.66	-10.557	25.908	1062.826	10.63532	3.02	20	1	9.1484E-8	0	0	52.30522
3308	-23.856	-9.645	25.732	1062.639	10.89399	3.02	20	1	9.5996E-8	0	0	51.06064
3309	-23.856	9.645	25.732	1062.639	10.89399	3.02	20	1	9.5996E-8	0	0	51.06064
3310	-23.66	10.557	25.908	1062.826	10.63532	3.02	20	1	9.1484E-8	0	0	52.30522
3311	-23.425	11.537	26.112	1062.99	10.39085	3.02	20	1	8.732E-8	0	0	53.5383
3312	-23.5	12.5	26.618	1063.194	9.89384	3.02	20	1.018	7.916E-8	0	0	55.25507
3313	-23.5	13.5	27.102	1063.193	9.41111	3.02	20	1.502	7.1624E-8	0	0	39.36954
3314	-23.5	14.5	27.613	1063	8.99347	3.02	20	2.013	6.5413E-8	0	0	30.72834
3315	-23.5	15.5	28.151	1062.642	8.47385	3.02	20	2.551	5.8082E-8	0	0	25.73728
3316	-23.5	16.5	28.714	1062.138	8.02616	3.02	20	3.114	5.2118E-8	0	0	22.26377
3317	-23.5	17.5	29.3	1061.513	7.63224	3.02	20	3.7	4.714E-8	0	0	19.70586
3318	-23.5	18.5	29.908	1060.787	7.27688	3.02	20	4.308	4.2866E-8	0	0	17.75286
3319	-23.5	19.5	30.537	1060.003	6.95605	3.02	20	4.937	3.9183E-8	1	0	16.20882
3320	-23.5	20.5	31.185	1059.217	6.6686	3.02	4.5	5.585	3.6024E-8	1	0	15.01527
3321	-23.5	21.5	31.851	1058.451	6.41331	3.02	4.5	6.251	3.3329E-8	1	0	13.968
3322	-23.5	22.5	32.535	1057.725	6.18896	3.02	4.5	6.935	3.1048E-8	1	0	13.06884
3323	-23.5	23.5	33.234	1057.055	5.99453	3.02	4.5	7.634	2.9136E-8	1	0	12.27915
3324	-23.5	24.5	33.948	1056.455	5.82921	3.02	4.5	8.348	2.7558E-8	1	0	11.57095
3325	-23.5	25.5	34.677	1055.937	5.69238	3.02	4.5	9.077	2.6285E-8	1	0	10.92374
3326	-23.5	26.5	35.419	1055.512	5.58353	3.02	4.5	9.819	2.5294E-8	1	0	10.32241
3327	-23.5	27.5	36.173	1055.186	5.50226	3.02	4.5	10.573	2.4567E-8	1	0	9.75595
3328	-23.5	28.5	36.939	1054.966	5.44826	3.02	4.5	11.339	2.4089E-8	1	0	9.21649
3329	-23.5	29.5	37.716	1054.855	5.4261	3.02	4.5	12.116	2.3895E-8	1	0	8.69093
3330	-22.5	-29.5	37.101	1055.293	5.15707	3.02	4.5	11.501	2.158E-8	1	0	9.6075
3331	-22.5	-28.5	36.311	1055.407	5.17984	3.02	4.5	10.711	2.177E-8	1	0	10.23626
3332	-22.5	-27.5	35.532	1055.633	5.23669	3.02	4.5	9.932	2.2248E-8	1	0	10.88627
3333	-22.5	-26.5	34.763	1055.967	5.32233	3.02	4.5	9.163	2.2979E-8	1	0	11.57678
3334	-22.5	-25.5	34.007	1056.403	5.43715	3.02	4.5	8.407	2.3976E-8	1	0	12.32066
3335	-22.5	-24.5	33.264	1056.933	5.58169	3.02	4.5	7.664	2.5262E-8	1	0	13.13632
3336	-22.5	-23.5	32.535	1057.545	5.75659	3.02	4.5	6.935	2.6863E-8	1	0	14.04971
3337	-22.5	-22.5	31.82	1058.227	5.96263	3.02	4.5	6.22	2.8812E-8	1	0	15.09748
3338	-22.5	-21.5	31.121	1058.963	6.20087	3.02	4.5	5.521	3.1151E-8	1	0	16.33211
3339	-22.5	-20.5	30.438	1059.734	6.47278	3.02	20	4.838	3.3931E-8	1	0	17.77088
3340	-22.5	-19.5	29.774	1060.514	6.78038	3.02	20	4.174	3.7221E-8	0	0	19.66181
3341	-22.5	-18.5	29.129	1061.235	7.12553	3.02	20	3.529	4.1094E-8	0	0	22.12746
3342	-22.5	-17.5	28.504	1061.861	7.50711	3.02	20	2.904	4.56E-8	0	0	25.51802
3343	-22.5	-16.5	27.902	1062.365	7.92474	3.02	20	2.302	5.0804E-8	0	0	30.50248
3344	-22.5	-15.5	27.322	1062.72	8.41931	3.02	20	1.722	5.7335E-8	0	0	38.36953
3345	-22.5	-14.5	26.768	1062.894	8.90917	3.02	20	1.168	6.4196E-8	0	0	53.48261
3346	-22.361	-13.541	26.142	1062.823	9.4805	3.02	20	1	7.2695E-8	0	0	58.67649
3347	-22.649	-12.57	25.904	1062.733	9.8707	3.02	20	1	7.8806E-8	0	0	56.35551
3348	-22.649	12.57	25.904	1062.733	9.8707	3.02	20	1	7.8806E-8	0	0	56.35551
3349	-22.361	13.541	26.142	1062.823	9.4805	3.02	20	1	7.2695E-8	0	0	58.67649
3350	-22.5	14.5	26.768	1062.894	8.90917	3.02	20	1.168	6.4196E-8	0	0	53.48261
3351	-22.5	15.5	27.322	1062.72	8.41931	3.02	20	1.722	5.7335E-8	0	0	38.36953
3352	-22.5	16.5	27.902	1062.365	7.92474	3.02	20	2.302	5.0804E-8	0	0	30.50248
3353	-22.5	17.5	28.504	1061.861	7.50711	3.02	20	2.904	4.56E-8	0	0	25.51802
3354	-22.5	18.5	29.129	1061.235	7.12553	3.02	20	3.529	4.1094E-8	0	0	22.12746
3355	-22.5	19.5	29.774	1060.514	6.78038	3.02	20	4.174	3.7221E-8	0	0	19.66181
3356	-22.5	20.5	30.438	1059.734	6.47278	3.02	20	4.838	3.3931E-8	1	0	17.77088
3357	-22.5	21.5	31.121	1058.963	6.20087	3.02	4.5	5.521	3.1151E-8	1	0	16.33211
3358	-22.5	22.5	31.82	1058.227	5.96263	3.02	4.5	6.22	2.8812E-8	1	0	15.09748
3359	-22.5	23.5	32.535	1057.545	5.75659	3.02	4.5	6.935	2.6863E-8	1	0	14.04971
3360	-22.5	24.5	33.264	1056.933	5.58169	3.02	4.5	7.664	2.5262E-8	1	0	13.13632
3361	-22.5	25.5	34.007	1056.403	5.43715	3.02	4.5	8.407	2.3976E-8	1	0	12.32066
3362	-22.5	26.5	34.763	1055.967	5.32233	3.02	4.5	9.163	2.2979E-8	1	0	11.57678
3363	-22.5	27.5	35.532	1055.633	5.23669	3.02	4.5	9.932	2.2248E-8	1	0	10.88627
3364	-22.5	28.5	36.311	1055.407	5.17984	3.02	4.5	10.711	2.177E-8	1	0	10.23626
3365	-22.5	29.5	37.101	1055.293	5.15707	3.02	4.5	11.501	2.158E-8	1	0	9.6075
3366	-21.5	-29.5	36.503	1055.684	4.87469	3.02	4.5	10.903	1.9278E-8	1	0	10.69477
3367	-21.5	-28.5	35.7	1055.801	4.89791	3.02	4.5	10.1	1.9461E-8	1	0	11.45327
3368	-21.5	-27.5	34.907	1056.034	4.9575	3.02	4.5	9.307	1.9936E-8	1	0	12.24368
3369	-21.5	-26.5	34.125	1056.378	5.04735	3.02	4.5	8.525	2.0662E-8	1	0	13.09443
3370	-21.5	-25.5	33.354	1056.826	5.16799	3.02	4.5	7.754	2.1657E-8	1	0	14.02657
3371	-21.5	-24.5	32.596	1057.37	5.32005	3.02	4.5	6.996	2.2945E-8	1	0	15.07092
3372	-21.5	-23.5	31.851	1057.998	5.5043	3.02	4.5	6.251	2.4555E-8	1	0	16.27265
3373	-21.5	-22.5	31.121	1058.695	5.72161	3.02	4.5	5.521	2.6525E-8	1	0	17.6988
3374	-21.5	-21.5	30.406	1059.443	5.97315	3.02	20	4.806	2.8899E-8	1	0	19.38714
3375	-21.5	-20.5	29.707	1060.216	6.26078	3.02	20	4.107	3.1739E-8	0	0	21.63975
3376	-21.5	-19.5	29.026	1060.938	6.58801	3.02	20	3.426	3.5132E-8	0	0	24.65051
3377	-21.5	-18.5	28.364	1061.574	6.95995	3.02	20	2.764	3.92E-8	0	0	28.92143
3378	-21.5	-17.5	27.722	1062.096	7.36925	3.02	20	2.122	4.3937E-8	0	0	35.57662
3379	-21.5	-16.5	27.102	1062.469	7.77394	3.02	20	1.502	4.8887E-8	0	0	47.65107
3380	-21.5	-15.5	26.505	1062.666	8.53986	3.02	20	1	5.899E-8	0	0	65.13662
3381	-21.526	-14.563	25.989	1062.67	9.41189	3.02	20	1	7.1652E-8	0	0	59.10169
3382	-21.526	14.563	25.989	1062.67	9.41189	3.02	20	1	7.1652E-8	0	0	59.10169
3383	-21.5	15.5	26.505	1062.666	8.53986	3.02	20	1	5.899E-8	0	0	65.13662
3384	-21.5	16.5	27.102	1062.469	7.77394	3.02	20	1.502	4.8887E-8	0	0	47.65107
3385	-21.5	17.5	27.722	1062.096	7.36925	3.02	20	2.122	4.3937E-8	0	0	35.57662
3386	-21.5	18.5	28.364	1061.574	6.95995	3.02	20	2.764	3.92E-8	0	0	28.92143
3387	-21.5	19.5	29.026	1060.938	6.58801	3.02	20	3.426	3.5132E-8	0	0	24.65051
3388	-21.5	20.5	29.707	1060.216	6.26078	3.02	20	4.107	3.1739E-8	0	0	21.63975
3389	-21.5	21.5	30.406	1059.443	5.97315	3.02	20	4.806	2.8899E-8	1	0	19.38714
3390	-21.5	22.5	31.121	1058.695	5.72161	3.02	4.5	5.521	2.6525E-8	1	0	17.6988
3391	-21.5	23.5	31.851	1057.998	5.5043	3.02	4.5	6.251	2.4555E-8	1	0	16.27265
3392	-21.5	24.5	32.596	1057.37	5.32005	3.02	4.5	6.996	2.2945E-8	1	0	15.07092
3393	-21.5	25.5	33.354	1056.826	5.16799	3.02	4.5	7.754	2.1657E-8	1	0	14.02657
3394	-21.5	26.5	34.125	1056.378	5.04735	3.02	4.5	8.525	2.0662E-8	1	0	13.09443
3395	-21.5	27.5	34.907	1056.034	4.9575	3.02	4.5	9.307	1.9936E-8	1	0	12.24368
3396	-21.5	28.5	35.7	1055.801	4.89791	3.02	4.5	10.1	1.9461E-8	1	0	11.45327
3397	-21.5	29.5	36.503	1055.684	4.87469	3.02	4.5	10.903	1.9278E-8	1	0	10.69477
3398	-20.5	-29.5	35.924	1056.039	4.58	3.02	4.5	10.324	1.7015E-8	1	0	11.99477
3399	-20.5	-28.5	35.107	1056.161	4.60349	3.02	4.5	9.507	1.7189E-8	1	0	12.91795
3400	-20.5	-27.5	34.3	1056.402	4.66565	3.02	4.5	8.7	1.7655E-8	1	0	13.88855
3401	-20.5	-26.5	33.504	1056.757	4.75951	3.02	4.5	7.904	1.837E-8	1	0	14.94881
3402	-20.5	-25.5	32.718	1057.221	4.88574	3.02	4.5	7.118	1.9353E-8	1	0	16.13313
3403	-20.5	-24.5	31.945	1057.782	5.04514	3.02	4.5	6.345	2.0631E-8	1	0	17.49358
3404	-20.5	-23.5	31.185	1058.429	5.23854	3.02	4.5	5.585	2.2237E-8	1	0	19.10999
3405	-20.5	-22.5	30.438	1059.145	5.46681	3.02	20	4.838	2.421E-8	1	0	21.03753
3406	-20.5	-21.5	29.707	1059.906	5.73086	3.02	20	4.107	2.6597E-8	0	0	23.63867
3407	-20.5	-20.5	28.991	1060.63	6.03216	3.02	20	3.391	2.9458E-8	0	0	27.19293
3408	-20.5	-19.5	28.293	1061.282	6.37589	3.02	20	2.693	3.2901E-8	0	0	32.39498
3409	-20.5	-18.5	27.613	1061.833	6.78361	3.02	20	2.013	3.7235E-8	0	0	40.72525
3410	-20.5	-17.5	26.954	1062.256	7.3488	3.02	20	1.354	4.369E-8	0	0	55.91412
3411	-20.5	-16.5	26.315	1062.493	8.36149	3.02	20	1	5.6555E-8	0	0	66.523
3412	-20.647	-15.601	25.878	1062.546	9.10303	3.02	20	1	6.703E-8	0	0	61.10483
3413	-20.647	15.601	25.878	1062.546	9.10303	3.02	20	1	6.703E-8	0	0	61.10483
3414	-20.5	16.5	26.315	1062.493	8.36149	3.02	20	1	5.6555E-8	0	0	66.523
3415	-20.5	17.5	26.954	1062.256	7.3488	3.02	20	1.354	4.369E-8	0	0	55.91412
3416	-20.5	18.5	27.613	1061.833	6.78361	3.02	20	2.013	3.7235E-8	0	0	40.72525
3417	-20.5	19.5	28.293	1061.282	6.37589	3.02	20	2.693	3.2901E-8	0	0	32.39498
3418	-20.5	20.5	28.991	1060.63	6.03216	3.02	20	3.391	2.9458E-8	0	0	27.19293
3419	-20.5	21.5	29.707	1059.906	5.73086	3.02	20	4.107	2.6597E-8	0	0	23.63867
3420	-20.5	22.5	30.438	1059.145	5.46681	3.02	20	4.838	2.421E-8	1	0	21.03753
3421	-20.5	23.5	31.185	1058.429	5.23854	3.02	4.5	5.585	2.2237E-8	1	0	19.10999
3422	-20.5	24.5	31.945	1057.782	5.04514	3.02	4.5	6.345	2.0631E-8	1	0	17.49358
3423	-20.5	25.5	32.718	1057.221	4.88574	3.02	4.5	7.118	1.9353E-8	1	0	16.13313
3424	-20.5	26.5	33.504	1056.757	4.75951	3.02	4.5	7.904	1.837E-8	1	0	14.94881
3425	-20.5	27.5	34.3	1056.402	4.66565	3.02	4.5	8.7	1.7655E-8	1	0	13.88855
3426	-20.5	28.5	35.107	1056.161	4.60349	3.02	4.5	9.507	1.7189E-8	1	0	12.91795
3427	-20.5	29.5	35.924	1056.039	4.58	3.02	4.5	10.324	1.7015E-8	1	0	11.99477
3428	-19.5	-29.5	35.362	1056.371	4.2744	3.02	4.5	9.762	1.4818E-8	1	0	13.56243
3429	-19.5	-28.5	34.533	1056.497	4.29793	3.02	4.5	8.933	1.4981E-8	1	0	14.69679
3430	-19.5	-27.5	33.712	1056.747	4.36244	3.02	4.5	8.112	1.5432E-8	1	0	15.90119
3431	-19.5	-26.5	32.901	1057.117	4.46003	3.02	4.5	7.301	1.6128E-8	1	0	17.23898
3432	-19.5	-25.5	32.101	1057.599	4.59158	3.02	4.5	6.501	1.709E-8	1	0	18.76653
3433	-19.5	-24.5	31.313	1058.182	4.7581	3.02	4.5	5.713	1.8348E-8	1	0	20.5727
3434	-19.5	-23.5	30.537	1058.853	4.96059	3.02	20	4.937	1.9937E-8	1	0	22.7217
3435	-19.5	-22.5	29.774	1059.592	5.19988	3.02	20	4.174	2.1899E-8	0	0	25.6314
3436	-19.5	-21.5	29.026	1060.319	5.4762	3.02	20	3.426	2.4281E-8	0	0	29.65006
3437	-19.5	-20.5	28.293	1060.99	5.78775	3.02	20	2.693	2.7115E-8	0	0	35.68399
3438	-19.5	-19.5	27.577	1061.577	6.13052	3.02	20	1.977	3.0414E-8	0	0	45.88607
3439	-19.5	-18.5	26.879	1062.039	6.31748	3.02	20	1.279	3.2291E-8	0	0	68.81456
3440	-19.312	-17.559	26.102	1062.392	7.73857	3.02	20	1	4.8445E-8	0	0	71.87579
3441	-19.716	-16.663	25.814	1062.478	7.3603	3.02	20	1	4.3823E-8	0	0	75.57144
3442	-19.716	16.663	25.814	1062.478	7.3603	3.02	20	1	4.3823E-8	0	0	75.57144
3443	-19.312	17.559	26.102	1062.392	7.73857	3.02	20	1	4.8445E-8	0	0	71.87579
3444	-19.5	18.5	26.879	1062.039	6.31748	3.02	20	1.279	3.2291E-8	0	0	68.81456
3445	-19.5	19.5	27.577	1061.577	6.13052	3.02	20	1.977	3.0414E-8	0	0	45.88607
3446	-19.5	20.5	28.293	1060.99	5.78775	3.02	20	2.693	2.7115E-8	0	0	35.68399
3447	-19.5	21.5	29.026	1060.319	5.4762	3.02	20	3.426	2.4281E-8	0	0	29.65006
3448	-19.5	22.5	29.774	1059.592	5.19988	3.02	20	4.174	2.1899E-8	0	0	25.6314
3449	-19.5	23.5	30.537	1058.853	4.96059	3.02	20	4.937	1.9937E-8	1	0	22.7217
3450	-19.5	24.5	31.313	1058.182	4.7581	3.02	4.5	5.713	1.8348E-8	1	0	20.5727
3451	-19.5	25.5	32.101	1057.599	4.59158	3.02	4.5	6.501	1.709E-8	1	0	18.76653
3452	-19.5	26.5	32.901	1057.117	4.46003	3.02	4.5	7.301	1.6128E-8	1	0	17.23898
3453	-19.5	27.5	33.712	1056.747	4.36244	3.02	4.5	8.112	1.5432E-8	1	0	15.90119
3454	-19.5	28.5	34.533	1056.497	4.29793	3.02	4.5	8.933	1.4981E-8	1	0	14.69679
3455	-19.5	29.5	35.362	1056.371	4.2744	3.02	4.5	9.762	1.4818E-8	1	0	13.56243
3456	-18.5	-29.5	34.821	1056.688	3.95968	3.02	4.5	9.221	1.2715E-8	1	0	15.47019
3457	-18.5	-28.5	33.978	1056.82	3.98298	3.02	4.5	8.378	1.2864E-8	1	0	16.87838
3458	-18.5	-27.5	33.144	1057.082	4.0495	3.02	4.5	7.544	1.3296E-8	1	0	18.38989
3459	-18.5	-26.5	32.319	1057.468	4.15041	3.02	4.5	6.719	1.3964E-8	1	0	20.10063
3460	-18.5	-25.5	31.504	1057.972	4.2869	3.02	4.5	5.904	1.4895E-8	1	0	22.10371
3461	-18.5	-24.5	30.7	1058.582	4.46032	3.02	4.5	5.1	1.612E-8	1	0	24.55289
3462	-18.5	-23.5	29.908	1059.284	4.67197	3.02	20	4.308	1.7681E-8	0	0	27.63954
3463	-18.5	-22.5	29.129	1060.007	4.92305	3.02	20	3.529	1.9626E-8	0	0	32.01591
3464	-18.5	-21.5	28.364	1060.694	5.21442	3.02	20	2.764	2.2012E-8	0	0	38.59344
3465	-18.5	-20.5	27.613	1061.323	5.54125	3.02	20	2.013	2.4851E-8	0	0	49.84891
3466	-18.5	-19.5	26.879	1061.863	5.77829	3.02	20	1.279	2.7016E-8	0	0	75.23214
3467	-18.509	-18.509	26.176	1062.169	5.91232	3.02	20	1	2.828E-8	0	0	94.07157
3468	-18.509	18.509	26.176	1062.169	5.91232	3.02	20	1	2.828E-8	0	0	94.07157
3469	-18.5	19.5	26.879	1061.863	5.77829	3.02	20	1.279	2.7016E-8	0	0	75.23214
3470	-18.5	20.5	27.613	1061.323	5.54125	3.02	20	2.013	2.4851E-8	0	0	49.84891
3471	-18.5	21.5	28.364	1060.694	5.21442	3.02	20	2.764	2.2012E-8	0	0	38.59344
3472	-18.5	22.5	29.129	1060.007	4.92305	3.02	20	3.529	1.9626E-8	0	0	32.01591
3473	-18.5	23.5	29.908	1059.284	4.67197	3.02	20	4.308	1.7681E-8	0	0	27.63954
3474	-18.5	24.5	30.7	1058.582	4.46032	3.02	4.5	5.1	1.612E-8	1	0	24.55289
3475	-18.5	25.5	31.504	1057.972	4.2869	3.02	4.5	5.904	1.4895E-8	1	0	22.10371
3476	-18.5	26.5	32.319	1057.468	4.15041	3.02	4.5	6.719	1.3964E-8	1	0	20.10063
3477	-18.5	27.5	33.144	1057.082	4.0495	3.02	4.5	7.544	1.3296E-8	1	0	18.38989
3478	-18.5	28.5	33.978	1056.82	3.98298	3.02	4.5	8.378	1.2864E-8	1	0	16.87838
3479	-18.5	29.5	34.821	1056.688	3.95968	3.02	4.5	9.221	1.2715E-8	1	0	15.47019
3480	-17.5	-29.5	34.3	1056.999	3.63803	3.02	4.5	8.7	1.0732E-8	1	0	17.81471
3481	-17.5	-28.5	33.444	1057.138	3.66076	3.02	4.5	7.844	1.0865E-8	1	0	19.58216
3482	-17.5	-27.5	32.596	1057.413	3.72881	3.02	4.5	6.996	1.1272E-8	1	0	21.50257
3483	-17.5	-26.5	31.757	1057.82	3.83244	3.02	4.5	6.157	1.1905E-8	1	0	23.7227
3484	-17.5	-25.5	30.927	1058.351	3.9733	3.02	4.5	5.327	1.2793E-8	1	0	26.398
3485	-17.5	-24.5	30.108	1058.995	4.15324	3.02	20	4.508	1.3974E-8	1	0	29.71342
3486	-17.5	-23.5	29.3	1059.701	4.37392	3.02	20	3.7	1.5494E-8	0	0	34.36819
3487	-17.5	-22.5	28.504	1060.394	4.63704	3.02	20	2.904	1.7409E-8	0	0	41.29534
3488	-17.5	-21.5	27.722	1061.05	4.94919	3.02	20	2.122	1.9826E-8	0	0	52.95745
3489	-17.5	-20.5	26.954	1061.646	5.4086	3.02	20	1.354	2.3672E-8	0	0	75.9589
3490	-17.559	-19.312	26.102	1062.243	6.50595	3.02	20	1	3.4243E-8	0	0	85.48975
3491	-17.559	19.312	26.102	1062.243	6.50595	3.02	20	1	3.4243E-8	0	0	85.48975
3492	-17.5	20.5	26.954	1061.646	5.4086	3.02	20	1.354	2.3672E-8	0	0	75.9589
3493	-17.5	21.5	27.722	1061.05	4.94919	3.02	20	2.122	1.9826E-8	0	0	52.95745
3494	-17.5	22.5	28.504	1060.394	4.63704	3.02	20	2.904	1.7409E-8	0	0	41.29534
3495	-17.5	23.5	29.3	1059.701	4.37392	3.02	20	3.7	1.5494E-8	0	0	34.36819
3496	-17.5	24.5	30.108	1058.995	4.15324	3.02	20	4.508	1.3974E-8	1	0	29.71342
3497	-17.5	25.5	30.927	1058.351	3.9733	3.02	4.5	5.327	1.2793E-8	1	0	26.398
3498	-17.5	26.5	31.757	1057.82	3.83244	3.02	4.5	6.157	1.1905E-8	1	0	23.7227
3499	-17.5	27.5	32.596	1057.413	3.72881	3.02	4.5	6.996	1.1272E-8	1	0	21.50257
3500	-17.5	28.5	33.444	1057.138	3.66076	3.02	4.5	7.844	1.0865E-8	1	0	19.58216
3501	-17.5	29.5	34.3	1056.999	3.63803	3.02	4.5	8.7	1.0732E-8	1	0	17.81471
3502	-16.5	-29.5	33.801	1057.312	3.31212	3.02	4.5	8.201	8.8937E-9	1	0	20.72613
3503	-16.5	-28.5	32.932	1057.458	3.33385	3.02	4.5	7.332	9.0102E-9	1	0	22.97108
3504	-16.5	-27.5	32.07	1057.749	3.40274	3.02	4.5	6.47	9.3853E-9	1	0	25.44416
3505	-16.5	-26.5	31.217	1058.179	3.50818	3.02	4.5	5.617	9.9741E-9	1	0	28.37293
3506	-16.5	-25.5	30.373	1058.741	3.65254	3.02	20	4.773	1.0809E-8	1	0	31.91633
3507	-16.5	-24.5	29.538	1059.411	3.83851	3.02	20	3.938	1.1935E-8	0	0	36.7969
3508	-16.5	-23.5	28.714	1060.097	4.06792	3.02	20	3.114	1.34E-8	0	0	43.90227
3509	-16.5	-22.5	27.902	1060.77	4.33861	3.02	20	2.302	1.5238E-8	0	0	55.68994
3510	-16.5	-21.5	27.102	1061.403	4.63992	3.02	20	1.502	1.7423E-8	0	0	79.8131
3511	-16.5	-20.5	26.315	1061.969	5.46659	3.02	20	1	2.4179E-8	0	0	101.73627
3512	-16.663	-19.716	25.814	1062.372	5.20102	3.02	20	1	2.1883E-8	0	0	106.94298
3513	-16.663	19.716	25.814	1062.372	5.20102	3.02	20	1	2.1883E-8	0	0	106.94298
3514	-16.5	20.5	26.315	1061.969	5.46659	3.02	20	1	2.4179E-8	0	0	101.73627
3515	-16.5	21.5	27.102	1061.403	4.63992	3.02	20	1.502	1.7423E-8	0	0	79.8131
3516	-16.5	22.5	27.902	1060.77	4.33861	3.02	20	2.302	1.5238E-8	0	0	55.68994
3517	-16.5	23.5	28.714	1060.097	4.06792	3.02	20	3.114	1.34E-8	0	0	43.90227
3518	-16.5	24.5	29.538	1059.411	3.83851	3.02	20	3.938	1.1935E-8	0	0	36.7969
3519	-16.5	25.5	30.373	1058.741	3.65254	3.02	20	4.773	1.0809E-8	1	0	31.91633
3520	-16.5	26.5	31.217	1058.179	3.50818	3.02	4.5	5.617	9.9741E-9	1	0	28.37293
3521	-16.5	27.5	32.07	1057.749	3.40274	3.02	4.5	6.47	9.3853E-9	1	0	25.44416
3522	-16.5	28.5	32.932	1057.458	3.33385	3.02	4.5	7.332	9.0102E-9	1	0	22.97108
3523	-16.5	29.5	33.801	1057.312	3.31212	3.02	4.5	8.201	8.8937E-9	1	0	20.72613
3524	-15.5	-29.5	33.324	1057.629	2.98509	3.02	4.5	7.724	7.2231E-9	1	0	24.38148
3525	-15.5	-28.5	32.442	1057.784	3.00533	3.02	4.5	6.842	7.3209E-9	1	0	27.2698
3526	-15.5	-27.5	31.567	1058.093	3.07407	3.02	4.5	5.967	7.6587E-9	1	0	30.50251
3527	-15.5	-26.5	30.7	1058.55	3.17996	3.02	4.5	5.1	8.1938E-9	1	0	34.43843
3528	-15.5	-25.5	29.841	1059.148	3.32641	3.02	20	4.241	8.9635E-9	0	0	39.42994
3529	-15.5	-24.5	28.991	1059.809	3.51795	3.02	20	3.391	1.0023E-8	0	0	46.61647
3530	-15.5	-23.5	28.151	1060.484	3.75935	3.02	20	2.551	1.1442E-8	0	0	57.97878
3531	-15.5	-22.5	27.322	1061.152	4.04859	3.02	20	1.722	1.3267E-8	0	0	79.75716
3532	-15.5	-21.5	26.505	1061.776	4.485	3.02	20	1	1.6277E-8	0	0	123.99556
3533	-15.601	-20.647	25.878	1062.271	5.22972	3.02	20	1	2.2126E-8	0	0	106.35312
3534	-15.601	20.647	25.878	1062.271	5.22972	3.02	20	1	2.2126E-8	0	0	106.35312
3535	-15.5	21.5	26.505	1061.776	4.485	3.02	20	1	1.6277E-8	0	0	123.99556
3536	-15.5	22.5	27.322	1061.152	4.04859	3.02	20	1.722	1.3267E-8	0	0	79.75716
3537	-15.5	23.5	28.151	1060.484	3.75935	3.02	20	2.551	1.1442E-8	0	0	57.97878
3538	-15.5	24.5	28.991	1059.809	3.51795	3.02	20	3.391	1.0023E-8	0	0	46.61647
3539	-15.5	25.5	29.841	1059.148	3.32641	3.02	20	4.241	8.9635E-9	0	0	39.42994
3540	-15.5	26.5	30.7	1058.55	3.17996	3.02	4.5	5.1	8.1938E-9	1	0	34.43843
3541	-15.5	27.5	31.567	1058.093	3.07407	3.02	4.5	5.967	7.6587E-9	1	0	30.50251
3542	-15.5	28.5	32.442	1057.784	3.00533	3.02	4.5	6.842	7.3209E-9	1	0	27.2698
3543	-15.5	29.5	33.324	1057.629	2.98509	3.02	4.5	7.724	7.2231E-9	1	0	24.38148
3544	-14.5	-29.5	32.871	1057.955	2.6606	3.02	4.5	7.271	5.7374E-9	1	0	29.02342
3545	-14.5	-28.5	31.977	1058.12	2.67879	3.02	4.5	6.377	5.8156E-9	1	0	32.79096
3546	-14.5	-27.5	31.089	1058.448	2.7461	3.02	4.5	5.489	6.1107E-9	1	0	37.08691
3547	-14.5	-26.5	30.208	1058.936	2.85045	3.02	20	4.608	6.5826E-9	1	0	42.36077
3548	-14.5	-25.5	29.334	1059.546	2.9963	3.02	20	3.734	7.2715E-9	0	0	49.71021
3549	-14.5	-24.5	28.469	1060.195	3.19071	3.02	20	2.869	8.2435E-9	0	0	60.74434
3550	-14.5	-23.5	27.613	1060.87	3.44751	3.02	20	2.013	9.621E-9	0	0	80.11286
3551	-14.5	-22.5	26.768	1061.558	3.71954	3.02	20	1.168	1.1196E-8	0	0	128.05562
3552	-14.563	-21.526	25.989	1062.146	4.34045	3.02	20	1	1.5242E-8	0	0	128.13815
3553	-14.563	21.526	25.989	1062.146	4.34045	3.02	20	1	1.5242E-8	0	0	128.13815
3554	-14.5	22.5	26.768	1061.558	3.71954	3.02	20	1.168	1.1196E-8	0	0	128.05562
3555	-14.5	23.5	27.613	1060.87	3.44751	3.02	20	2.013	9.621E-9	0	0	80.11286
3556	-14.5	24.5	28.469	1060.195	3.19071	3.02	20	2.869	8.2435E-9	0	0	60.74434
3557	-14.5	25.5	29.334	1059.546	2.9963	3.02	20	3.734	7.2715E-9	0	0	49.71021
3558	-14.5	26.5	30.208	1058.936	2.85045	3.02	20	4.608	6.5826E-9	1	0	42.36077
3559	-14.5	27.5	31.089	1058.448	2.7461	3.02	4.5	5.489	6.1107E-9	1	0	37.08691
3560	-14.5	28.5	31.977	1058.12	2.67879	3.02	4.5	6.377	5.8156E-9	1	0	32.79096
3561	-14.5	29.5	32.871	1057.955	2.6606	3.02	4.5	7.271	5.7374E-9	1	0	29.02342
3562	-13.5	-29.5	32.442	1058.289	2.34278	3.02	4.5	6.842	4.4479E-9	1	0	34.98693
3563	-13.5	-28.5	31.536	1058.464	2.35837	3.02	4.5	5.936	4.5069E-9	1	0	39.97272
3564	-13.5	-27.5	30.635	1058.812	2.4228	3.02	20	5.035	4.7558E-9	1	0	45.61776
3565	-13.5	-26.5	29.741	1059.33	2.52317	3.02	20	4.141	5.1569E-9	0	0	53.2465
3566	-13.5	-25.5	28.853	1059.927	2.6643	3.02	20	3.253	5.7484E-9	0	0	64.16799
3567	-13.5	-24.5	27.973	1060.569	2.85241	3.02	20	2.373	6.587E-9	0	0	82.14799
3568	-13.5	-23.5	27.102	1061.246	3.1151	3.02	20	1.502	7.8539E-9	0	0	118.87583
3569	-13.541	-22.361	26.142	1062.028	3.43315	3.02	20	1	9.5363E-9	0	0	161.99688
3570	-13.541	22.361	26.142	1062.028	3.43315	3.02	20	1	9.5363E-9	0	0	161.99688
3571	-13.5	23.5	27.102	1061.246	3.1151	3.02	20	1.502	7.8539E-9	0	0	118.87583
3572	-13.5	24.5	27.973	1060.569	2.85241	3.02	20	2.373	6.587E-9	0	0	82.14799
3573	-13.5	25.5	28.853	1059.927	2.6643	3.02	20	3.253	5.7484E-9	0	0	64.16799
3574	-13.5	26.5	29.741	1059.33	2.52317	3.02	20	4.141	5.1569E-9	0	0	53.2465
3575	-13.5	27.5	30.635	1058.812	2.4228	3.02	20	5.035	4.7558E-9	1	0	45.61776
3576	-13.5	28.5	31.536	1058.464	2.35837	3.02	4.5	5.936	4.5069E-9	1	0	39.97272
3577	-13.5	29.5	32.442	1058.289	2.34278	3.02	4.5	6.842	4.4479E-9	1	0	34.98693
3578	-12.5	-29.5	32.039	1058.63	2.03601	3.02	4.5	6.439	3.3588E-9	1	0	42.73755
3579	-12.5	-28.5	31.121	1058.816	2.04861	3.02	4.5	5.521	3.4002E-9	1	0	49.4332
3580	-12.5	-27.5	30.208	1059.187	2.10875	3.02	20	4.608	3.6022E-9	1	0	57.26417
3581	-12.5	-26.5	29.3	1059.708	2.20283	3.02	20	3.7	3.93E-9	0	0	68.24125
3582	-12.5	-25.5	28.399	1060.292	2.33647	3.02	20	2.799	4.4202E-9	0	0	85.03809
3583	-12.5	-24.5	27.505	1060.934	2.52001	3.02	20	1.905	5.1405E-9	0	0	115.86213
3584	-12.5	-23.5	26.618	1061.629	2.75544	3.02	20	1.018	6.144E-9	0	0	198.31578
3585	-12.57	-22.649	25.904	1062.217	2.94229	3.02	20	1	7.0037E-9	0	0	189.03255
3586	-12.57	22.649	25.904	1062.217	2.94229	3.02	20	1	7.0037E-9	0	0	189.03255
3587	-12.5	23.5	26.618	1061.629	2.75544	3.02	20	1.018	6.144E-9	0	0	198.31578
3588	-12.5	24.5	27.505	1060.934	2.52001	3.02	20	1.905	5.1405E-9	0	0	115.86213
3589	-12.5	25.5	28.399	1060.292	2.33647	3.02	20	2.799	4.4202E-9	0	0	85.03809
3590	-12.5	26.5	29.3	1059.708	2.20283	3.02	20	3.7	3.93E-9	0	0	68.24125
3591	-12.5	27.5	30.208	1059.187	2.10875	3.02	20	4.608	3.6022E-9	1	0	57.26417
3592	-12.5	28.5	31.121	1058.816	2.04861	3.02	4.5	5.521	3.4002E-9	1	0	49.4332
3593	-12.5	29.5	32.039	1058.63	2.03601	3.02	4.5	6.439	3.3588E-9	1	0	42.73755
3594	-11.5	-29.5	31.662	1058.974	1.74475	3.02	4.5	6.062	2.4662E-9	1	0	52.92667
3595	-11.5	-28.5	30.733	1059.17	1.75415	3.02	4.5	5.133	2.4926E-9	1	0	62.0498
3596	-11.5	-27.5	29.808	1059.563	1.80881	3.02	20	4.208	2.65E-9	0	0	73.09662
3597	-11.5	-26.5	28.888	1060.066	1.89423	3.02	20	3.288	2.9055E-9	0	0	89.30849
3598	-11.5	-25.5	27.973	1060.639	2.01509	3.02	20	2.373	3.2873E-9	0	0	116.28508
3599	-11.5	-24.5	27.065	1061.279	2.19412	3.02	20	1.465	3.8963E-9	0	0	173.02874
3600	-11.537	-23.425	26.112	1062.034	2.42347	3.02	20	1	4.7519E-9	0	0	229.48945
3601	-11.537	23.425	26.112	1062.034	2.42347	3.02	20	1	4.7519E-9	0	0	229.48945
3602	-11.5	24.5	27.065	1061.279	2.19412	3.02	20	1.465	3.8963E-9	0	0	173.02874
3603	-11.5	25.5	27.973	1060.639	2.01509	3.02	20	2.373	3.2873E-9	0	0	116.28508
3604	-11.5	26.5	28.888	1060.066	1.89423	3.02	20	3.288	2.9055E-9	0	0	89.30849
3605	-11.5	27.5	29.808	1059.563	1.80881	3.02	20	4.208	2.65E-9	0	0	73.09662
3606	-11.5	28.5	30.733	1059.17	1.75415	3.02	4.5	5.133	2.4926E-9	1	0	62.0498
3607	-11.5	29.5	31.662	1058.974	1.74475	3.02	4.5	6.062	2.4662E-9	1	0	52.92667
3608	-10.5	-29.5	31.313	1059.316	1.47306	3.02	4.5	5.713	1.7577E-9	1	0	66.4731
3609	-10.5	-28.5	30.373	1059.523	1.47939	3.02	20	4.773	1.7727E-9	1	0	78.81693
3610	-10.5	-27.5	29.436	1059.92	1.52794	3.02	20	3.836	1.8906E-9	0	0	94.90194
3611	-10.5	-26.5	28.504	1060.402	1.60348	3.02	20	2.904	2.0817E-9	0	0	119.42023
3612	-10.5	-25.5	27.577	1060.965	1.71048	3.02	20	1.977	2.3683E-9	0	0	164.43162
3613	-10.5	-24.5	26.655	1061.606	1.88996	3.02	20	1.055	2.8905E-9	0	0	278.84448
3614	-10.557	-23.66	25.908	1062.222	1.98614	3.02	20	1	3.1914E-9	0	0	280.03482
3615	-10.557	23.66	25.908	1062.222	1.98614	3.02	20	1	3.1914E-9	0	0	280.03482
3616	-10.5	24.5	26.655	1061.606	1.88996	3.02	20	1.055	2.8905E-9	0	0	278.84448
3617	-10.5	25.5	27.577	1060.965	1.71048	3.02	20	1.977	2.3683E-9	0	0	164.43162
3618	-10.5	26.5	28.504	1060.402	1.60348	3.02	20	2.904	2.0817E-9	0	0	119.42023
3619	-10.5	27.5	29.436	1059.92	1.52794	3.02	20	3.836	1.8906E-9	0	0	94.90194
3620	-10.5	28.5	30.373	1059.523	1.47939	3.02	20	4.773	1.7727E-9	1	0	78.81693
3621	-10.5	29.5	31.313	1059.316	1.47306	3.02	4.5	5.713	1.7577E-9	1	0	66.4731
3622	-9.5	-29.5	30.992	1059.652	1.22431	3.02	4.5	5.392	1.214E-9	1	0	84.68709
3623	-9.5	-28.5	30.042	1059.871	1.22797	3.02	20	4.442	1.2212E-9	1	0	102.02276
3624	-9.5	-27.5	29.095	1060.25	1.27042	3.02	20	3.495	1.3068E-9	0	0	125.29239
3625	-9.5	-26.5	28.151	1060.715	1.33557	3.02	20	2.551	1.444E-9	0	0	163.2091
3626	-9.5	-25.5	27.212	1061.265	1.4222	3.02	20	1.612	1.637E-9	0	0	242.54298
3627	-9.5	-24.5	26.277	1061.893	1.62372	3.02	20	1	2.1332E-9	0	0	342.50874
3628	-9.645	-23.856	25.732	1062.367	1.62686	3.02	20	1	2.1411E-9	0	0	341.89194
3629	-9.645	23.856	25.732	1062.367	1.62686	3.02	20	1	2.1411E-9	0	0	341.89194
3630	-9.5	24.5	26.277	1061.893	1.62372	3.02	20	1	2.1332E-9	0	0	342.50874
3631	-9.5	25.5	27.212	1061.265	1.4222	3.02	20	1.612	1.637E-9	0	0	242.54298
3632	-9.5	26.5	28.151	1060.715	1.33557	3.02	20	2.551	1.444E-9	0	0	163.2091
3633	-9.5	27.5	29.095	1060.25	1.27042	3.02	20	3.495	1.3068E-9	0	0	125.29239
3634	-9.5	28.5	30.042	1059.871	1.22797	3.02	20	4.442	1.2212E-9	1	0	102.02276
3635	-9.5	29.5	30.992	1059.652	1.22431	3.02	4.5	5.392	1.214E-9	1	0	84.68709
3636	-8.5	-29.5	30.7	1059.971	1.00084	3.02	4.5	5.1	8.1116E-10	1	0	109.46487
3637	-8.5	-28.5	29.741	1060.198	1.00232	3.02	20	4.141	8.1349E-10	0	0	134.07099
3638	-8.5	-27.5	28.784	1060.553	1.03935	3.02	20	3.184	8.7457E-10	0	0	168.10005
3639	-8.5	-26.5	27.83	1061.001	1.0976	3.02	20	2.23	9.7515E-10	0	0	227.22752
3640	-8.5	-25.5	26.879	1061.544	1.19088	3.02	20	1.279	1.1477E-9	0	0	365.00201
3641	-8.534	-24.567	26.007	1062.141	1.33069	3.02	20	1	1.4326E-9	0	0	417.9615
3642	-8.534	24.567	26.007	1062.141	1.33069	3.02	20	1	1.4326E-9	0	0	417.9615
3643	-8.5	25.5	26.879	1061.544	1.19088	3.02	20	1.279	1.1477E-9	0	0	365.00201
3644	-8.5	26.5	27.83	1061.001	1.0976	3.02	20	2.23	9.7515E-10	0	0	227.22752
3645	-8.5	27.5	28.784	1060.553	1.03935	3.02	20	3.184	8.7457E-10	0	0	168.10005
3646	-8.5	28.5	29.741	1060.198	1.00232	3.02	20	4.141	8.1349E-10	0	0	134.07099
3647	-8.5	29.5	30.7	1059.971	1.00084	3.02	4.5	5.1	8.1116E-10	1	0	109.46487
3648	-7.5	-29.5	30.438	1060.271	0.80388	3.02	20	4.838	5.2325E-10	1	0	143.11068
3649	-7.5	-28.5	29.47	1060.494	0.80355	3.02	20	3.87	5.2276E-10	0	0	178.90454
3650	-7.5	-27.5	28.504	1060.825	0.8349	3.02	20	2.904	5.6427E-10	0	0	229.38144
3651	-7.5	-26.5	27.541	1061.256	0.88465	3.02	20	1.941	6.334E-10	0	0	323.89851
3652	-7.5	-25.5	26.58	1061.789	0.97126	3.02	20	1	7.6332E-10	0	0	572.57816
3653	-7.549	-24.73	25.856	1062.284	1.02332	3.02	20	1	8.4717E-10	0	0	543.52284
3654	-7.549	24.73	25.856	1062.284	1.02332	3.02	20	1	8.4717E-10	0	0	543.52284
3655	-7.5	25.5	26.58	1061.789	0.97126	3.02	20	1	7.6332E-10	0	0	572.57816
3656	-7.5	26.5	27.541	1061.256	0.88465	3.02	20	1.941	6.334E-10	0	0	323.89851
3657	-7.5	27.5	28.504	1060.825	0.8349	3.02	20	2.904	5.6427E-10	0	0	229.38144
3658	-7.5	28.5	29.47	1060.494	0.80355	3.02	20	3.87	5.2276E-10	0	0	178.90454
3659	-7.5	29.5	30.438	1060.271	0.80388	3.02	20	4.838	5.2325E-10	1	0	143.11068
3660	-6.5	-29.5	30.208	1060.547	0.63376	3.02	20	4.608	3.2518E-10	1	0	190.61045
3661	-6.5	-28.5	29.232	1060.751	0.63208	3.02	20	3.632	3.2343E-10	0	0	242.36194
3662	-6.5	-27.5	28.258	1061.061	0.65771	3.02	20	2.658	3.5014E-10	0	0	318.19651
3663	-6.5	-26.5	27.286	1061.474	0.69681	3.02	20	1.686	3.9294E-10	0	0	473.50826
3664	-6.5	-25.5	26.315	1061.99	0.76857	3.02	20	1	4.7793E-10	0	0	723.62231
3665	-6.591	-24.868	25.726	1062.381	0.80445	3.02	20	1	5.2351E-10	0	0	691.42053
3666	-6.591	24.868	25.726	1062.381	0.80445	3.02	20	1	5.2351E-10	0	0	691.42053
3667	-6.5	25.5	26.315	1061.99	0.76857	3.02	20	1	4.7793E-10	0	0	723.62231
3668	-6.5	26.5	27.286	1061.474	0.69681	3.02	20	1.686	3.9294E-10	0	0	473.50826
3669	-6.5	27.5	28.258	1061.061	0.65771	3.02	20	2.658	3.5014E-10	0	0	318.19651
3670	-6.5	28.5	29.232	1060.751	0.63208	3.02	20	3.632	3.2343E-10	0	0	242.36194
3671	-6.5	29.5	30.208	1060.547	0.63376	3.02	20	4.608	3.2518E-10	1	0	190.61045
3672	-5.5	-29.5	30.008	1060.787	0.48985	3.02	20	4.408	1.9425E-10	1	0	257.74708
3673	-5.5	-28.5	29.026	1060.97	0.48755	3.02	20	3.426	1.9241E-10	0	0	333.09325
3674	-5.5	-27.5	28.045	1061.26	0.50869	3.02	20	2.445	2.0943E-10	0	0	447.27485
3675	-5.5	-26.5	27.065	1061.656	0.54242	3.02	20	1.465	2.3809E-10	0	0	699.98494
3676	-5.518	-25.498	26.089	1062.158	0.58916	3.02	20	1	2.8083E-10	0	0	944.01436
3677	-5.518	25.498	26.089	1062.158	0.58916	3.02	20	1	2.8083E-10	0	0	944.01436
3678	-5.5	26.5	27.065	1061.656	0.54242	3.02	20	1.465	2.3809E-10	0	0	699.98494
3679	-5.5	27.5	28.045	1061.26	0.50869	3.02	20	2.445	2.0943E-10	0	0	447.27485
3680	-5.5	28.5	29.026	1060.97	0.48755	3.02	20	3.426	1.9241E-10	0	0	333.09325
3681	-5.5	29.5	30.008	1060.787	0.48985	3.02	20	4.408	1.9425E-10	1	0	257.74708
3682	-4.5	-29.5	29.841	1060.986	0.3705	3.02	20	4.241	1.1111E-10	0	0	354.18718
3683	-4.5	-28.5	28.853	1061.148	0.36831	3.02	20	3.253	1.0979E-10	0	0	464.34502
3684	-4.5	-27.5	27.866	1061.422	0.38624	3.02	20	2.266	1.2073E-10	0	0	635.56744
3685	-4.5	-26.5	26.879	1061.802	0.41427	3.02	20	1.279	1.3887E-10	0	0	1049.33826
3686	-4.519	-25.598	25.994	1062.241	0.43537	3.02	20	1	1.5334E-10	0	0	1277.52547
3687	-4.519	25.598	25.994	1062.241	0.43537	3.02	20	1	1.5334E-10	0	0	1277.52547
3688	-4.5	26.5	26.879	1061.802	0.41427	3.02	20	1.279	1.3887E-10	0	0	1049.33826
3689	-4.5	27.5	27.866	1061.422	0.38624	3.02	20	2.266	1.2073E-10	0	0	635.56744
3690	-4.5	28.5	28.853	1061.148	0.36831	3.02	20	3.253	1.0979E-10	0	0	464.34502
3691	-4.5	29.5	29.841	1060.986	0.3705	3.02	20	4.241	1.1111E-10	0	0	354.18718
3692	-3.5	-29.5	29.707	1061.138	0.27328	3.02	20	4.107	6.0449E-11	0	0	495.88264
3693	-3.5	-28.5	28.714	1061.285	0.27196	3.02	20	3.114	5.986E-11	0	0	656.90503
3694	-3.5	-27.5	27.722	1061.544	0.28786	3.02	20	2.122	6.7058E-11	0	0	910.61737
3695	-3.5	-26.5	26.73	1061.911	0.30979	3.02	20	1.13	7.7654E-11	0	0	1588.50842
3696	-3.518	-25.678	25.918	1062.297	0.32291	3.02	20	1	8.4352E-11	0	0	1722.48366
3697	-3.518	25.678	25.918	1062.297	0.32291	3.02	20	1	8.4352E-11	0	0	1722.48366
3698	-3.5	26.5	26.73	1061.911	0.30979	3.02	20	1.13	7.7654E-11	0	0	1588.50842
3699	-3.5	27.5	27.722	1061.544	0.28786	3.02	20	2.122	6.7058E-11	0	0	910.61737
3700	-3.5	28.5	28.714	1061.285	0.27196	3.02	20	3.114	5.986E-11	0	0	656.90503
3701	-3.5	29.5	29.707	1061.138	0.27328	3.02	20	4.107	6.0449E-11	0	0	495.88264
3702	-2.5	-29.5	29.606	1061.243	0.19523	3.02	20	4.006	3.0847E-11	0	0	711.66816
3703	-2.5	-28.5	28.609	1061.378	0.19579	3.02	20	3.009	3.1024E-11	0	0	944.17466
3704	-2.5	-27.5	27.613	1061.628	0.21184	3.02	20	2.013	3.6314E-11	0	0	1304.05801
3705	-2.5	-26.5	26.618	1061.985	0.23041	3.02	20	1.018	4.2956E-11	0	0	2371.81259
3706	-2.516	-25.737	25.86	1062.334	0.2407	3.02	20	1	4.6871E-11	0	0	2310.74028
3707	-2.516	25.737	25.86	1062.334	0.2407	3.02	20	1	4.6871E-11	0	0	2310.74028
3708	-2.5	26.5	26.618	1061.985	0.23041	3.02	20	1.018	4.2956E-11	0	0	2371.81259
3709	-2.5	27.5	27.613	1061.628	0.21184	3.02	20	2.013	3.6314E-11	0	0	1304.05801
3710	-2.5	28.5	28.609	1061.378	0.19579	3.02	20	3.009	3.1024E-11	0	0	944.17466
3711	-2.5	29.5	29.606	1061.243	0.19523	3.02	20	4.006	3.0847E-11	0	0	711.66816
3712	-1.5	-29.5	29.538	1061.296	0.13306	3.02	20	3.938	1.433E-11	0	0	1062.03539
3713	-1.5	-28.5	28.539	1061.426	0.13687	3.02	20	2.939	1.516E-11	0	0	1382.81002
3714	-1.5	-27.5	27.541	1061.673	0.15579	3.02	20	1.941	1.964E-11	0	0	1839.44457
3715	-1.5	-26.5	26.542	1062.029	0.17356	3.02	20	1	2.4371E-11	0	0	3204.501
3716	-1.511	-25.777	25.821	1062.357	0.18219	3.02	20	1	2.6852E-11	0	0	3052.94373
3717	-1.511	25.777	25.821	1062.357	0.18219	3.02	20	1	2.6852E-11	0	0	3052.94373
3718	-1.5	26.5	26.542	1062.029	0.17356	3.02	20	1	2.4371E-11	0	0	3204.501
3719	-1.5	27.5	27.541	1061.673	0.15579	3.02	20	1.941	1.964E-11	0	0	1839.44457
3720	-1.5	28.5	28.539	1061.426	0.13687	3.02	20	2.939	1.516E-11	0	0	1382.81002
3721	-1.5	29.5	29.538	1061.296	0.13306	3.02	20	3.938	1.433E-11	0	0	1062.03539
3722	-0.5	-29.5	29.504	1061.295	0.08394	3.02	20	3.904	5.7023E-12	0	0	1698.18715
3723	-0.5	-28.5	28.504	1061.424	0.09303	3.02	20	2.904	7.0046E-12	0	0	2058.87054
3724	-0.5	-27.5	27.505	1061.678	0.11794	3.02	20	1.905	1.1256E-11	0	0	2476.10251
3725	-0.5	-26.5	26.505	1062.046	0.13648	3.02	20	1	1.5072E-11	0	0	4074.89839
3726	-0.504	-25.797	25.802	1062.367	0.14218	3.02	20	1	1.6354E-11	0	0	3911.92429
3727	-0.504	25.797	25.802	1062.367	0.14218	3.02	20	1	1.6354E-11	0	0	3911.92429
3728	-0.5	26.5	26.505	1062.046	0.13648	3.02	20	1	1.5072E-11	0	0	4074.89839
3729	-0.5	27.5	27.505	1061.678	0.11794	3.02	20	1.905	1.1256E-11	0	0	2476.10251
3730	-0.5	28.5	28.504	1061.424	0.09303	3.02	20	2.904	7.0046E-12	0	0	2058.87054
3731	-0.5	29.5	29.504	1061.295	0.08394	3.02	20	3.904	5.7023E-12	0	0	1698.18715
3732	0.499	-29.497	29.501	1061.181	0.11477	1.1	20	3.901	3.8829E-12	0	0	1244.87416
3733	0.5	-28.5	28.504	1061.319	0.11229	1.1	20	2.904	3.7168E-12	0	0	1707.30323
3734	0.5	-27.5	27.505	1061.605	0.11808	1.1	20	1.905	4.1094E-12	0	0	2474.1718
3735	0.5	-26.5	26.505	1062.039	0.12101	1.2083	20	1	4.74E-12	0	0	4596.44531
3736	0.504	-25.797	25.802	1062.382	0.07596	2.1115	20	1	3.2634E-12	0	0	7322.83931
3737	0.504	25.797	25.802	1062.382	0.07596	2.1115	20	1	3.2634E-12	0	0	7322.83931
3738	0.5	26.5	26.505	1062.039	0.12101	1.2083	20	1	4.74E-12	0	0	4596.44531
3739	0.5	27.5	27.505	1061.605	0.11808	1.1	20	1.905	4.1094E-12	0	0	2474.1718
3740	0.5	28.5	28.504	1061.319	0.11229	1.1	20	2.904	3.7168E-12	0	0	1707.30323
3741	0.499	29.497	29.501	1061.181	0.11477	1.1	20	3.901	3.8829E-12	0	0	1244.87416
3742	1.496	-29.481	29.519	1061.064	0.08135	1.1	20	3.919	1.951E-12	0	0	1748.55487
3743	1.5	-28.5	28.539	1061.206	0.07874	1.1	20	2.939	1.8277E-12	0	0	2405.67425
3744	1.5	-27.5	27.541	1061.518	0.08087	1.1	20	1.941	1.9279E-12	0	0	3544.69482
3745	1.5	-26.5	26.542	1061.996	0.07877	1.1908	20	1	1.9794E-12	0	0	7061.31013
3746	1.511	-25.777	25.821	1062.37	0.04801	2.0637	20	1	1.2743E-12	0	0	11584.92442
3747	1.511	25.777	25.821	1062.37	0.04801	2.0637	20	1	1.2743E-12	0	0	11584.92442
3748	1.5	26.5	26.542	1061.996	0.07877	1.1908	20	1	1.9794E-12	0	0	7061.31013
3749	1.5	27.5	27.541	1061.518	0.08087	1.1	20	1.941	1.9279E-12	0	0	3544.69482
3750	1.5	28.5	28.539	1061.206	0.07874	1.1	20	2.939	1.8277E-12	0	0	2405.67425
3751	1.496	29.481	29.519	1061.064	0.08135	1.1	20	3.919	1.951E-12	0	0	1748.55487
3752	2.492	-29.447	29.553	1060.981	0.05735	1.1	20	3.953	9.6975E-13	0	0	2458.83019
3753	2.5	-28.5	28.609	1061.116	0.05466	1.1	20	3.009	8.8079E-13	0	0	3385.05222
3754	2.5	-27.5	27.613	1061.435	0.0549	1.1	20	2.013	8.885E-13	0	0	5033.59907
3755	2.5	-26.5	26.618	1061.932	0.05288	1.1621	20	1.018	8.7053E-13	0	0	10336.3269
3756	2.516	-25.737	25.86	1062.344	0.03224	1.9772	20	1	5.505E-13	0	0	17252.97961
3757	2.516	25.737	25.86	1062.344	0.03224	1.9772	20	1	5.505E-13	0	0	17252.97961
3758	2.5	26.5	26.618	1061.932	0.05288	1.1621	20	1.018	8.7053E-13	0	0	10336.3269
3759	2.5	27.5	27.613	1061.435	0.0549	1.1	20	2.013	8.885E-13	0	0	5033.59907
3760	2.5	28.5	28.609	1061.116	0.05466	1.1	20	3.009	8.8079E-13	0	0	3385.05222
3761	2.492	29.447	29.553	1060.981	0.05735	1.1	20	3.953	9.6975E-13	0	0	2458.83019
3762	3.488	-29.398	29.604	1060.921	0.04027	1.1	20	4.004	4.7808E-13	0	0	3457.53085
3763	3.5	-28.5	28.714	1061.039	0.03783	1.1	20	3.114	4.2192E-13	0	0	4726.98205
3764	3.5	-27.5	27.722	1061.351	0.03731	1.1	20	2.122	4.1034E-13	0	0	7028.8197
3765	3.5	-26.5	26.73	1061.849	0.03596	1.1321	20	1.13	3.9222E-13	0	0	13686.61471
3766	3.518	-25.678	25.918	1062.306	0.02232	1.8665	20	1	2.4904E-13	0	0	24922.60273
3767	3.518	25.678	25.918	1062.306	0.02232	1.8665	20	1	2.4904E-13	0	0	24922.60273
3768	3.5	26.5	26.73	1061.849	0.03596	1.1321	20	1.13	3.9222E-13	0	0	13686.61471
3769	3.5	27.5	27.722	1061.351	0.03731	1.1	20	2.122	4.1034E-13	0	0	7028.8197
3770	3.5	28.5	28.714	1061.039	0.03783	1.1	20	3.114	4.2192E-13	0	0	4726.98205
3771	3.488	29.398	29.604	1060.921	0.04027	1.1	20	4.004	4.7808E-13	0	0	3457.53085
3772	4.481	-29.331	29.671	1060.879	0.02826	1.1	20	4.071	2.3553E-13	0	0	4844.67425
3773	4.5	-28.5	28.853	1060.972	0.02618	1.1	20	3.253	2.0212E-13	0	0	6538.707
3774	4.5	-27.5	27.866	1061.265	0.02546	1.1	20	2.266	1.9107E-13	0	0	9647.22123
3775	4.5	-26.5	26.879	1061.748	0.02449	1.1102	20	1.279	1.784E-13	0	0	17753.13869
3776	4.519	-25.598	25.994	1062.252	0.01573	1.7463	20	1	1.1573E-13	0	0	35362.97183
3777	4.519	25.598	25.994	1062.252	0.01573	1.7463	20	1	1.1573E-13	0	0	35362.97183
3778	4.5	26.5	26.879	1061.748	0.02449	1.1102	20	1.279	1.784E-13	0	0	17753.13869
3779	4.5	27.5	27.866	1061.265	0.02546	1.1	20	2.266	1.9107E-13	0	0	9647.22123
3780	4.5	28.5	28.853	1060.972	0.02618	1.1	20	3.253	2.0212E-13	0	0	6538.707
3781	4.481	29.331	29.671	1060.879	0.02826	1.1	20	4.071	2.3553E-13	0	0	4844.67425
3782	5.468	-29.248	29.755	1060.849	0.02001	1.1	20	4.155	1.1808E-13	0	0	6705.52548
3783	5.5	-28.5	29.026	1060.912	0.01811	1.1	20	3.426	9.6732E-14	0	0	8976.7984
3784	5.5	-27.5	28.045	1061.177	0.01744	1.1	20	2.445	8.9691E-14	0	0	13052.21555
3785	5.5	-26.5	27.065	1061.632	0.0166	1.101	20	1.465	8.1297E-14	0	0	22877.20387
3786	5.518	-25.498	26.089	1062.183	0.01119	1.6308	20	1	5.4721E-14	0	0	49698.42363
3787	5.518	25.498	26.089	1062.183	0.01119	1.6308	20	1	5.4721E-14	0	0	49698.42363
3788	5.5	26.5	27.065	1061.632	0.0166	1.101	20	1.465	8.1297E-14	0	0	22877.20387
3789	5.5	27.5	28.045	1061.177	0.01744	1.1	20	2.445	8.9691E-14	0	0	13052.21555
3790	5.5	28.5	29.026	1060.912	0.01811	1.1	20	3.426	9.6732E-14	0	0	8976.7984
3791	5.468	29.248	29.755	1060.849	0.02001	1.1	20	4.155	1.1808E-13	0	0	6705.52548
3792	6.435	-29.15	29.852	1060.829	0.01491	1.1	20	4.252	6.5586E-14	0	0	8792.77981
3793	6.5	-28.5	29.232	1060.861	0.0124	1.1	20	3.632	4.5314E-14	0	0	12374.63712
3794	6.5	-27.5	28.258	1061.088	0.01197	1.1	20	2.658	4.2254E-14	0	0	17494.37256
3795	6.5	-26.5	27.286	1061.504	0.01126	1.1	20	1.686	3.7403E-14	0	0	29299.64545
3796	6.5	-25.5	26.315	1062.066	0.00918	1.3364	20	1	3.0159E-14	0	0	60601.08936
3797	6.591	-24.868	25.726	1062.409	0.00549	2.3472	20	1	1.8965E-14	0	0	101276.75468
3798	6.591	24.868	25.726	1062.409	0.00549	2.3472	20	1	1.8965E-14	0	0	101276.75468
3799	6.5	25.5	26.315	1062.066	0.00918	1.3364	20	1	3.0159E-14	0	0	60601.08936
3800	6.5	26.5	27.286	1061.504	0.01126	1.1	20	1.686	3.7403E-14	0	0	29299.64545
3801	6.5	27.5	28.258	1061.088	0.01197	1.1	20	2.658	4.2254E-14	0	0	17494.37256
3802	6.5	28.5	29.232	1060.861	0.0124	1.1	20	3.632	4.5314E-14	0	0	12374.63712
3803	6.435	29.15	29.852	1060.829	0.01491	1.1	20	4.252	6.5586E-14	0	0	8792.77981
3804	7.229	-29.058	29.943	1060.815	0.00475	1.1	20	4.343	6.6509E-15	0	0	27033.71544
3805	7.495	-28.493	29.463	1060.823	0.00834	1.1	20	3.863	2.0516E-14	0	0	17296.99375
3806	7.5	-27.5	28.504	1061.001	0.00824	1.1	20	2.904	2.0026E-14	0	0	23258.68496
3807	7.5	-26.5	27.541	1061.366	0.00764	1.1	20	1.941	1.7227E-14	0	0	37498.47059
3808	7.5	-25.5	26.58	1061.904	0.00684	1.1755	20	1	1.4749E-14	0	0	81273.89624
3809	7.549	-24.73	25.856	1062.339	0.00399	1.9898	20	1	8.4774E-15	0	0	139471.91476
3810	7.549	24.73	25.856	1062.339	0.00399	1.9898	20	1	8.4774E-15	0	0	139471.91476
3811	7.5	25.5	26.58	1061.904	0.00684	1.1755	20	1	1.4749E-14	0	0	81273.89624
3812	7.5	26.5	27.541	1061.366	0.00764	1.1	20	1.941	1.7227E-14	0	0	37498.47059
3813	7.5	27.5	28.504	1061.001	0.00824	1.1	20	2.904	2.0026E-14	0	0	23258.68496
3814	7.495	28.493	29.463	1060.823	0.00834	1.1	20	3.863	2.0516E-14	0	0	17296.99375
3815	7.229	29.058	29.943	1060.815	0.00475	1.1	20	4.343	6.6509E-15	0	0	27033.71544
3816	8.468	-28.389	29.625	1060.8	0.00673	1.1	20	4.025	1.3354E-14	0	0	20577.60817
3817	8.5	-27.5	28.784	1060.917	0.00571	1.1	20	3.184	9.6296E-15	0	0	30607.47454
3818	8.5	-26.5	27.83	1061.226	0.00526	1.1	20	2.23	8.156E-15	0	0	47444.42181
3819	8.5	-25.5	26.879	1061.715	0.00483	1.1106	20	1.279	6.9481E-15	0	0	89977.59776
3820	8.534	-24.567	26.007	1062.233	0.00303	1.7314	20	1	4.255E-15	0	0	183637.48125
3821	8.534	24.567	26.007	1062.233	0.00303	1.7314	20	1	4.255E-15	0	0	183637.48125
3822	8.5	25.5	26.879	1061.715	0.00483	1.1106	20	1.279	6.9481E-15	0	0	89977.59776
3823	8.5	26.5	27.83	1061.226	0.00526	1.1	20	2.23	8.156E-15	0	0	47444.42181
3824	8.5	27.5	28.784	1060.917	0.00571	1.1	20	3.184	9.6296E-15	0	0	30607.47454
3825	8.468	28.389	29.625	1060.8	0.00673	1.1	20	4.025	1.3354E-14	0	0	20577.60817
3826	9.439	-28.237	29.773	1060.787	0.00489	1.1	20	4.173	7.0571E-15	0	0	27308.24247
3827	9.5	-27.5	29.095	1060.847	0.00397	1.1	20	3.495	4.6519E-15	0	0	40131.56895
3828	9.5	-26.5	28.151	1061.095	0.00365	1.1	20	2.551	3.9332E-15	0	0	59724.80158
3829	9.5	-25.5	27.212	1061.52	0.00331	1.1001	20	1.612	3.2236E-15	0	0	104346.80852
3830	9.5	-24.5	26.277	1062.068	0.00258	1.3736	20	1	2.445E-15	0	0	215779.28567
3831	9.645	-23.856	25.732	1062.41	0.00149	2.3385	20	1	1.386E-15	0	0	373934.9046
3832	9.645	23.856	25.732	1062.41	0.00149	2.3385	20	1	1.386E-15	0	0	373934.9046
3833	9.5	24.5	26.277	1062.068	0.00258	1.3736	20	1	2.445E-15	0	0	215779.28567
3834	9.5	25.5	27.212	1061.52	0.00331	1.1001	20	1.612	3.2236E-15	0	0	104346.80852
3835	9.5	26.5	28.151	1061.095	0.00365	1.1	20	2.551	3.9332E-15	0	0	59724.80158
3836	9.5	27.5	29.095	1060.847	0.00397	1.1	20	3.495	4.6519E-15	0	0	40131.56895
3837	9.439	28.237	29.773	1060.787	0.00489	1.1	20	4.173	7.0571E-15	0	0	27308.24247
3838	10.259	-28.095	29.91	1060.782	0.00407	1.1	20	4.31	4.8928E-15	0	0	31763.67855
3839	10.496	-27.495	29.43	1060.798	0.00272	1.1	20	3.83	2.1849E-15	0	0	53448.09787
3840	10.5	-26.5	28.504	1060.977	0.00254	1.1	20	2.904	1.9091E-15	0	0	75330.19099
3841	10.5	-25.5	27.577	1061.33	0.00227	1.1	20	1.977	1.5225E-15	0	0	123822.37722
3842	10.5	-24.5	26.655	1061.846	0.00201	1.1507	20	1.055	1.2427E-15	0	0	262538.88676
3843	10.557	-23.66	25.908	1062.309	0.00115	1.891	20	1	6.7461E-16	0	0	481983.50001
3844	10.557	23.66	25.908	1062.309	0.00115	1.891	20	1	6.7461E-16	0	0	481983.50001
3845	10.5	24.5	26.655	1061.846	0.00201	1.1507	20	1.055	1.2427E-15	0	0	262538.88676
3846	10.5	25.5	27.577	1061.33	0.00227	1.1	20	1.977	1.5225E-15	0	0	123822.37722
3847	10.5	26.5	28.504	1060.977	0.00254	1.1	20	2.904	1.9091E-15	0	0	75330.19099
3848	10.496	27.495	29.43	1060.798	0.00272	1.1	20	3.83	2.1849E-15	0	0	53448.09787
3849	10.259	28.095	29.91	1060.782	0.00407	1.1	20	4.31	4.8928E-15	0	0	31763.67855
3850	11.451	-27.363	29.663	1060.776	0.00221	1.1	20	4.063	1.4357E-15	0	0	62179.08038
3851	11.5	-26.5	28.888	1060.876	0.00179	1.1	20	3.288	9.4245E-16	0	0	94751.02809
3852	11.5	-25.5	27.973	1061.155	0.00159	1.1	20	2.373	7.4859E-16	0	0	147158.41026
3853	11.5	-24.5	27.065	1061.602	0.00142	1.1016	20	1.465	5.9634E-16	0	0	267185.74977
3854	11.537	-23.425	26.112	1062.168	0.00088	1.6115	20	1	3.3303E-16	0	0	633286.8368
3855	11.537	23.425	26.112	1062.168	0.00088	1.6115	20	1	3.3303E-16	0	0	633286.8368
3856	11.5	24.5	27.065	1061.602	0.00142	1.1016	20	1.465	5.9634E-16	0	0	267185.74977
3857	11.5	25.5	27.973	1061.155	0.00159	1.1	20	2.373	7.4859E-16	0	0	147158.41026
3858	11.5	26.5	28.888	1060.876	0.00179	1.1	20	3.288	9.4245E-16	0	0	94751.02809
3859	11.451	27.363	29.663	1060.776	0.00221	1.1	20	4.063	1.4357E-15	0	0	62179.08038
3860	12.358	-27.167	29.846	1060.769	0.0017	1.1	20	4.246	8.5673E-16	0	0	77035.45323
3861	12.5	-26.5	29.3	1060.802	0.00125	1.1	20	3.7	4.6212E-16	0	0	120285.56107
3862	12.5	-25.5	28.399	1061.002	0.00112	1.1	20	2.799	3.7207E-16	0	0	177048.19662
3863	12.5	-24.5	27.505	1061.364	0.00098	1.1	20	1.905	2.8476E-16	0	0	297215.45613
3864	12.5	-23.5	26.618	1061.876	0.00082	1.1621	20	1.018	2.0787E-16	0	0	668903.33607
3865	12.57	-22.649	25.904	1062.301	0.00048	1.903	20	1	1.1822E-16	0	0	1154990.12941
3866	12.57	22.649	25.904	1062.301	0.00048	1.903	20	1	1.1822E-16	0	0	1154990.12941
3867	12.5	23.5	26.618	1061.876	0.00082	1.1621	20	1.018	2.0787E-16	0	0	668903.33607
3868	12.5	24.5	27.505	1061.364	0.00098	1.1	20	1.905	2.8476E-16	0	0	297215.45613
3869	12.5	25.5	28.399	1061.002	0.00112	1.1	20	2.799	3.7207E-16	0	0	177048.19662
3870	12.5	26.5	29.3	1060.802	0.00125	1.1	20	3.7	4.6212E-16	0	0	120285.56107
3871	12.358	27.167	29.846	1060.769	0.0017	1.1	20	4.246	8.5673E-16	0	0	77035.45323
3872	13.026	-27.012	29.989	1060.767	0.00095	1.1	20	4.389	2.6598E-16	0	0	133791.47438
3873	13.448	-26.407	29.634	1060.768	0.00098	1.1	20	4.034	2.8333E-16	0	0	140975.98929
3874	13.5	-25.5	28.853	1060.877	0.00079	1.1	20	3.253	1.8469E-16	0	0	216309.94399
3875	13.5	-24.5	27.973	1061.15	0.00069	1.1	20	2.373	1.4003E-16	0	0	340253.08491
3876	13.5	-23.5	27.102	1061.579	0.0006	1.1011	20	1.502	1.0491E-16	0	0	621223.76635
3877	13.541	-22.361	26.142	1062.146	0.00036	1.5858	20	1	5.4194E-17	0	0	1557301.61316
3878	13.541	22.361	26.142	1062.146	0.00036	1.5858	20	1	5.4194E-17	0	0	1557301.61316
3879	13.5	23.5	27.102	1061.579	0.0006	1.1011	20	1.502	1.0491E-16	0	0	621223.76635
3880	13.5	24.5	27.973	1061.15	0.00069	1.1	20	2.373	1.4003E-16	0	0	340253.08491
3881	13.5	25.5	28.853	1060.877	0.00079	1.1	20	3.253	1.8469E-16	0	0	216309.94399
3882	13.448	26.407	29.634	1060.768	0.00098	1.1	20	4.034	2.8333E-16	0	0	140975.98929
3883	13.026	27.012	29.989	1060.767	0.00095	1.1	20	4.389	2.6598E-16	0	0	133791.47438
3884	14.325	-26.179	29.842	1060.757	0.00077	1.1	20	4.242	1.7709E-16	0	0	169617.14231
3885	14.5	-25.5	29.334	1060.788	0.00056	1.1	20	3.734	9.3674E-17	0	0	264750.07701
3886	14.5	-24.5	28.469	1060.972	0.00049	1.1	20	2.869	7.117E-17	0	0	394913.63432
3887	14.5	-23.5	27.613	1061.303	0.00042	1.1	20	2.013	5.1916E-17	0	0	658492.11962
3888	14.5	-22.5	26.768	1061.78	0.00034	1.1259	20	1.168	3.5704E-17	0	0	1384789.63554
3889	14.563	-21.526	25.989	1062.224	0.00021	1.7646	20	1	2.026E-17	0	0	2686705.04924
3890	14.563	21.526	25.989	1062.224	0.00021	1.7646	20	1	2.026E-17	0	0	2686705.04924
3891	14.5	22.5	26.768	1061.78	0.00034	1.1259	20	1.168	3.5704E-17	0	0	1384789.63554
3892	14.5	23.5	27.613	1061.303	0.00042	1.1	20	2.013	5.1916E-17	0	0	658492.11962
3893	14.5	24.5	28.469	1060.972	0.00049	1.1	20	2.869	7.117E-17	0	0	394913.63432
3894	14.5	25.5	29.334	1060.788	0.00056	1.1	20	3.734	9.3674E-17	0	0	264750.07701
3895	14.325	26.179	29.842	1060.757	0.00077	1.1	20	4.242	1.7709E-16	0	0	169617.14231
3896	15.426	-25.364	29.687	1060.751	0.00045	1.1	20	4.087	5.956E-17	0	0	303510.33342
3897	15.5	-24.5	28.991	1060.836	0.00035	1.1	20	3.391	3.6256E-17	0	0	468369.50315
3898	15.5	-23.5	28.151	1061.068	0.0003	1.1	20	2.551	2.5924E-17	0	0	735660.79466
3899	15.5	-22.5	27.322	1061.436	0.00025	1.1	20	1.722	1.7998E-17	0	0	1307288.73729
3900	15.5	-21.5	26.505	1061.909	0.00019	1.2079	20	1	1.2215E-17	0	0	2862848.95201
3901	15.601	-20.647	25.878	1062.309	0.00012	1.9606	20	1	7.0377E-18	0	0	4804991.4328
3902	15.601	20.647	25.878	1062.309	0.00012	1.9606	20	1	7.0377E-18	0	0	4804991.4328
3903	15.5	21.5	26.505	1061.909	0.00019	1.2079	20	1	1.2215E-17	0	0	2862848.95201
3904	15.5	22.5	27.322	1061.436	0.00025	1.1	20	1.722	1.7998E-17	0	0	1307288.73729
3905	15.5	23.5	28.151	1061.068	0.0003	1.1	20	2.551	2.5924E-17	0	0	735660.79466
3906	15.5	24.5	28.991	1060.836	0.00035	1.1	20	3.391	3.6256E-17	0	0	468369.50315
3907	15.426	25.364	29.687	1060.751	0.00045	1.1	20	4.087	5.956E-17	0	0	303510.33342
3908	16.195	-25.126	29.893	1060.738	0.0003	1.1	20	4.293	2.6815E-17	0	0	430684.52822
3909	16.478	-24.475	29.505	1060.756	0.00026	1.1	20	3.905	1.9459E-17	0	0	555614.58673
3910	16.5	-23.5	28.714	1060.886	0.00021	1.1	20	3.114	1.3382E-17	0	0	839335.78789
3911	16.5	-22.5	27.902	1061.15	0.00018	1.1	20	2.302	9.2288E-18	0	0	1366515.00257
3912	16.5	-21.5	27.102	1061.54	0.00015	1.1013	20	1.502	6.3635E-18	0	0	2522555.01439
3913	16.5	-20.5	26.315	1062.012	0.00011	1.3386	20	1	4.3209E-18	0	0	5067131.87866
3914	16.663	-19.716	25.814	1062.372	0.00006	2.1109	20	1	1.851E-18	0	0	9721736.0994
3915	16.663	19.716	25.814	1062.372	0.00006	2.1109	20	1	1.851E-18	0	0	9721736.0994
3916	16.5	20.5	26.315	1062.012	0.00011	1.3386	20	1	4.3209E-18	0	0	5067131.87866
3917	16.5	21.5	27.102	1061.54	0.00015	1.1013	20	1.502	6.3635E-18	0	0	2522555.01439
3918	16.5	22.5	27.902	1061.15	0.00018	1.1	20	2.302	9.2288E-18	0	0	1366515.00257
3919	16.5	23.5	28.714	1060.886	0.00021	1.1	20	3.114	1.3382E-17	0	0	839335.78789
3920	16.478	24.475	29.505	1060.756	0.00026	1.1	20	3.905	1.9459E-17	0	0	555614.58673
3921	16.195	25.126	29.893	1060.738	0.0003	1.1	20	4.293	2.6815E-17	0	0	430684.52822
3922	17.336	-24.241	29.802	1060.729	0.00021	1.1	20	4.202	1.271E-17	0	0	639091.67811
3923	17.5	-23.5	29.3	1060.765	0.00016	1.1	20	3.7	7.3548E-18	0	0	953457.59948
3924	17.5	-22.5	28.504	1060.93	0.00013	1.1	20	2.904	4.9743E-18	0	0	1475764.34481
3925	17.5	-21.5	27.722	1061.215	0.00011	1.1	20	2.122	3.3198E-18	0	0	2471130.29654
3926	17.5	-20.5	26.954	1061.618	0.00009	1.1065	20	1.354	2.2876E-18	0	0	4677934.9512
3927	17.559	-19.312	26.102	1062.143	0.00005	1.6302	20	1	1.053E-18	0	0	11327135.88819
3928	17.559	19.312	26.102	1062.143	0.00005	1.6302	20	1	1.053E-18	0	0	11327135.88819
3929	17.5	20.5	26.954	1061.618	0.00009	1.1065	20	1.354	2.2876E-18	0	0	4677934.9512
3930	17.5	21.5	27.722	1061.215	0.00011	1.1	20	2.122	3.3198E-18	0	0	2471130.29654
3931	17.5	22.5	28.504	1060.93	0.00013	1.1	20	2.904	4.9743E-18	0	0	1475764.34481
3932	17.5	23.5	29.3	1060.765	0.00016	1.1	20	3.7	7.3548E-18	0	0	953457.59948
3933	17.336	24.241	29.802	1060.729	0.00021	1.1	20	4.202	1.271E-17	0	0	639091.67811
3934	18.394	-23.349	29.723	1060.719	0.00012	1.1	20	4.123	4.4201E-18	0	0	1104257.7584
3935	18.5	-22.5	29.129	1060.779	0.0001	1.1	20	3.529	2.7202E-18	0	0	1643492.76737
3936	18.5	-21.5	28.364	1060.961	0.00008	1.1	20	2.764	1.7985E-18	0	0	2578866.28471
3937	18.5	-20.5	27.613	1061.25	0.00006	1.1	20	2.013	1.1902E-18	0	0	4349005.71526
3938	18.5	-19.5	26.879	1061.633	0.00005	1.112	20	1.279	6.8077E-19	0	0	9095534.72548
3939	18.509	-18.509	26.176	1061.902	0.00003	1.4852	20	1	3.1029E-19	0	0	19916982.74731
3940	18.509	18.509	26.176	1061.902	0.00003	1.4852	20	1	3.1029E-19	0	0	19916982.74731
3941	18.5	19.5	26.879	1061.633	0.00005	1.112	20	1.279	6.8077E-19	0	0	9095534.72548
3942	18.5	20.5	27.613	1061.25	0.00006	1.1	20	2.013	1.1902E-18	0	0	4349005.71526
3943	18.5	21.5	28.364	1060.961	0.00008	1.1	20	2.764	1.7985E-18	0	0	2578866.28471
3944	18.5	22.5	29.129	1060.779	0.0001	1.1	20	3.529	2.7202E-18	0	0	1643492.76737
3945	18.394	23.349	29.723	1060.719	0.00012	1.1	20	4.123	4.4201E-18	0	0	1104257.7584
3946	19.087	-23.072	29.944	1060.707	0.00009	1.1	20	4.344	2.4819E-18	0	0	1399194.62121
3947	19.422	-22.412	29.657	1060.713	0.00007	1.1	20	4.057	1.5614E-18	0	0	1888217.90082
3948	19.5	-21.5	29.026	1060.789	0.00006	1.1	20	3.426	1.0013E-18	0	0	2790059.02919
3949	19.5	-20.5	28.293	1060.974	0.00005	1.1	20	2.693	6.4217E-19	0	0	4428681.30261
3950	19.5	-19.5	27.577	1061.257	0.00004	1.1	20	1.977	3.9806E-19	0	0	7657790.15417
3951	19.5	-18.5	26.879	1061.633	0.00003	1.112	20	1.279	2.6785E-19	0	0	14500456.89621
3952	19.312	-17.559	26.102	1062.143	0.00002	1.6302	20	1	1.8893E-19	0	0	26741371.94597
3953	19.716	-16.663	25.814	1062.372	0.00001	2.1109	20	1	6.4314E-20	0	0	52155324.22496
3954	19.716	16.663	25.814	1062.372	0.00001	2.1109	20	1	6.4314E-20	0	0	52155324.22496
3955	19.312	17.559	26.102	1062.143	0.00002	1.6302	20	1	1.8893E-19	0	0	26741371.94597
3956	19.5	18.5	26.879	1061.633	0.00003	1.112	20	1.279	2.6785E-19	0	0	14500456.89621
3957	19.5	19.5	27.577	1061.257	0.00004	1.1	20	1.977	3.9806E-19	0	0	7657790.15417
3958	19.5	20.5	28.293	1060.974	0.00005	1.1	20	2.693	6.4217E-19	0	0	4428681.30261
3959	19.5	21.5	29.026	1060.789	0.00006	1.1	20	3.426	1.0013E-18	0	0	2790059.02919
3960	19.422	22.412	29.657	1060.713	0.00007	1.1	20	4.057	1.5614E-18	0	0	1888217.90082
3961	19.087	23.072	29.944	1060.707	0.00009	1.1	20	4.344	2.4819E-18	0	0	1399194.62121
3962	20.132	-22.121	29.91	1060.697	0.00006	1.1	20	4.31	9.4613E-19	0	0	2283815.33978
3963	20.438	-21.436	29.617	1060.709	0.00004	1.1	20	4.017	5.8102E-19	0	0	3125692.90487
3964	20.5	-20.5	28.991	1060.792	0.00004	1.1	20	3.391	3.693E-19	0	0	4640736.48105
3965	20.5	-19.5	28.293	1060.974	0.00003	1.1	20	2.693	2.3023E-19	0	0	7396402.44033
3966	20.5	-18.5	27.613	1061.25	0.00002	1.1	20	2.013	1.463E-19	0	0	12404403.01241
3967	20.5	-17.5	26.954	1061.618	0.00002	1.1065	20	1.354	9.5199E-20	0	0	22931115.87077
3968	20.5	-16.5	26.315	1062.011	0.00001	1.3386	20	1	5.6778E-20	0	0	44203648.90918
3969	20.647	-15.601	25.878	1062.309	0.00001	1.9606	20	1	2.5287E-20	0	0	80160262.45924
3970	20.647	15.601	25.878	1062.309	0.00001	1.9606	20	1	2.5287E-20	0	0	80160262.45924
3971	20.5	16.5	26.315	1062.011	0.00001	1.3386	20	1	5.6778E-20	0	0	44203648.90918
3972	20.5	17.5	26.954	1061.618	0.00002	1.1065	20	1.354	9.5199E-20	0	0	22931115.87077
3973	20.5	18.5	27.613	1061.25	0.00002	1.1	20	2.013	1.463E-19	0	0	12404403.01241
3974	20.5	19.5	28.293	1060.974	0.00003	1.1	20	2.693	2.3023E-19	0	0	7396402.44033
3975	20.5	20.5	28.991	1060.792	0.00004	1.1	20	3.391	3.693E-19	0	0	4640736.48105
3976	20.438	21.436	29.617	1060.709	0.00004	1.1	20	4.017	5.8102E-19	0	0	3125692.90487
3977	20.132	22.121	29.91	1060.697	0.00006	1.1	20	4.31	9.4613E-19	0	0	2283815.33978
3978	21.142	-21.142	29.899	1060.694	0.00003	1.1	20	4.299	3.57E-19	0	0	3727633.15099
3979	21.436	-20.438	29.617	1060.709	0.00003	1.1	20	4.017	2.1948E-19	0	0	5085677.25357
3980	21.5	-19.5	29.026	1060.789	0.00002	1.1	20	3.426	1.3859E-19	0	0	7499620.80268
3981	21.5	-18.5	28.364	1060.96	0.00002	1.1	20	2.764	8.5837E-20	0	0	11804630.75127
3982	21.5	-17.5	27.722	1061.215	0.00001	1.1	20	2.122	5.3286E-20	0	0	19504969.89317
3983	21.5	-16.5	27.102	1061.54	0.00001	1.1013	20	1.502	3.1998E-20	0	0	35573614.12864
3984	21.5	-15.5	26.505	1061.909	0.00001	1.2079	20	1	1.8289E-20	0	0	73986203.80446
3985	21.526	-14.563	25.989	1062.224	0	1.7646	20	1	8.4236E-21	0	0	131762190.25833
3986	21.526	14.563	25.989	1062.224	0	1.7646	20	1	8.4236E-21	0	0	131762190.25833
3987	21.5	15.5	26.505	1061.909	0.00001	1.2079	20	1	1.8289E-20	0	0	73986203.80446
3988	21.5	16.5	27.102	1061.54	0.00001	1.1013	20	1.502	3.1998E-20	0	0	35573614.12864
3989	21.5	17.5	27.722	1061.215	0.00001	1.1	20	2.122	5.3286E-20	0	0	19504969.89317
3990	21.5	18.5	28.364	1060.96	0.00002	1.1	20	2.764	8.5837E-20	0	0	11804630.75127
3991	21.5	19.5	29.026	1060.789	0.00002	1.1	20	3.426	1.3859E-19	0	0	7499620.80268
3992	21.436	20.438	29.617	1060.709	0.00003	1.1	20	4.017	2.1948E-19	0	0	5085677.25357
3993	21.142	21.142	29.899	1060.694	0.00003	1.1	20	4.299	3.57E-19	0	0	3727633.15099
3994	22.121	-20.132	29.91	1060.697	0.00002	1.1	20	4.31	1.3432E-19	0	0	6061222.84678
3995	22.412	-19.422	29.657	1060.713	0.00002	1.1	20	4.057	8.3805E-20	0	0	8150336.01296
3996	22.5	-18.5	29.129	1060.779	0.00001	1.1	20	3.529	5.302E-20	0	0	11771942.08522
3997	22.5	-17.5	28.504	1060.929	0.00001	1.1	20	2.904	3.1605E-20	0	0	18514172.88272
3998	22.5	-16.5	27.902	1061.15	0.00001	1.1	20	2.302	1.8967E-20	0	0	30143232.15787
3999	22.5	-15.5	27.322	1061.435	0.00001	1.1	20	1.722	1.1091E-20	0	0	52662799.56642
4000	22.5	-14.5	26.768	1061.78	0	1.1259	20	1.168	6.2249E-21	0	0	104875648.98147
4001	22.361	-13.541	26.142	1062.145	0	1.5858	20	1	2.7136E-21	0	0	220079235.48468
4002	22.649	-12.57	25.904	1062.301	0	1.903	20	1	1.2682E-21	0	0	352646608.15263
4003	22.649	12.57	25.904	1062.301	0	1.903	20	1	1.2682E-21	0	0	352646608.15263
4004	22.361	13.541	26.142	1062.145	0	1.5858	20	1	2.7136E-21	0	0	220079235.48468
4005	22.5	14.5	26.768	1061.78	0	1.1259	20	1.168	6.2249E-21	0	0	104875648.98147
4006	22.5	15.5	27.322	1061.435	0.00001	1.1	20	1.722	1.1091E-20	0	0	52662799.56642
4007	22.5	16.5	27.902	1061.15	0.00001	1.1	20	2.302	1.8967E-20	0	0	30143232.15787
4008	22.5	17.5	28.504	1060.929	0.00001	1.1	20	2.904	3.1605E-20	0	0	18514172.88272
4009	22.5	18.5	29.129	1060.779	0.00001	1.1	20	3.529	5.302E-20	0	0	11771942.08522
4010	22.412	19.422	29.657	1060.713	0.00002	1.1	20	4.057	8.3805E-20	0	0	8150336.01296
4011	22.121	20.132	29.91	1060.697	0.00002	1.1	20	4.31	1.3432E-19	0	0	6061222.84678
4012	23.072	-19.087	29.944	1060.707	0.00001	1.1	20	4.344	5.1316E-20	0	0	9730683.41234
4013	23.349	-18.394	29.723	1060.719	0.00001	1.1	20	4.123	3.239E-20	0	0	12899633.1615
4014	23.5	-17.5	29.3	1060.764	0.00001	1.1	20	3.7	2.0295E-20	0	0	18150831.90009
4015	23.5	-16.5	28.714	1060.886	0.00001	1.1	20	3.114	1.1549E-20	0	0	28571014.01002
4016	23.5	-15.5	28.151	1061.067	0	1.1	20	2.551	6.7011E-21	0	0	45756712.37641
4017	23.5	-14.5	27.613	1061.303	0	1.1	20	2.013	3.833E-21	0	0	76636483.60093
4018	23.5	-13.5	27.102	1061.578	0	1.1011	20	1.502	2.209E-21	0	0	135381912.57648
4019	23.5	-12.5	26.618	1061.875	0	1.1621	20	1.018	1.1885E-21	0	0	279741533.64423
4020	23.425	-11.537	26.112	1062.167	0	1.6115	20	1	5.391E-22	0	0	497745146.38419
4021	23.66	-10.557	25.908	1062.309	0	1.891	20	1	2.8543E-22	0	0	740978996.74034
4022	23.856	-9.645	25.732	1062.409	0	2.3385	20	1	1.6347E-22	0	0	1088826769.69007
4023	23.856	9.645	25.732	1062.409	0	2.3385	20	1	1.6347E-22	0	0	1088826769.69006
4024	23.66	10.557	25.908	1062.309	0	1.891	20	1	2.8543E-22	0	0	740978996.74034
4025	23.425	11.537	26.112	1062.167	0	1.6115	20	1	5.391E-22	0	0	497745146.3842
4026	23.5	12.5	26.618	1061.875	0	1.1621	20	1.018	1.1885E-21	0	0	279741533.64423
4027	23.5	13.5	27.102	1061.578	0	1.1011	20	1.502	2.209E-21	0	0	135381912.57648
4028	23.5	14.5	27.613	1061.303	0	1.1	20	2.013	3.833E-21	0	0	76636483.60093
4029	23.5	15.5	28.151	1061.067	0	1.1	20	2.551	6.7011E-21	0	0	45756712.37641
4030	23.5	16.5	28.714	1060.886	0.00001	1.1	20	3.114	1.1549E-20	0	0	28571014.01003
4031	23.5	17.5	29.3	1060.764	0.00001	1.1	20	3.7	2.0295E-20	0	0	18150831.90009
4032	23.349	18.394	29.723	1060.719	0.00001	1.1	20	4.123	3.239E-20	0	0	12899633.1615
4033	23.072	19.087	29.944	1060.707	0.00001	1.1	20	4.344	5.1316E-20	0	0	9730683.41234
4034	24.241	-17.336	29.802	1060.728	0.00001	1.1	20	4.202	1.1137E-20	0	0	21589408.80504
4035	24.475	-16.478	29.505	1060.755	0	1.1	20	3.905	7.0937E-21	0	0	29100153.95019
4036	24.5	-15.5	28.991	1060.834	0	1.1	20	3.391	4.1192E-21	0	0	43941450.79239
4037	24.5	-14.5	28.469	1060.971	0	1.1	20	2.869	2.3262E-21	0	0	69076558.28446
4038	24.5	-13.5	27.973	1061.149	0	1.1	20	2.373	1.314E-21	0	0	111072402.19921
4039	24.5	-12.5	27.505	1061.362	0	1.1	20	1.905	7.7775E-22	0	0	179842743.99891
4040	24.5	-11.5	27.065	1061.6	0	1.1016	20	1.465	4.9983E-22	0	0	291843510.73297
4041	24.5	-10.5	26.655	1061.844	0	1.1507	20	1.055	3.2687E-22	0	0	511907909.32734
4042	24.5	-9.5	26.277	1062.066	0	1.3736	20	1	2.2846E-22	0	0	705905977.77705
4043	24.567	-8.534	26.007	1062.231	0	1.7314	20	1	1.2295E-22	0	0	1080312424.7165
4044	24.73	-7.549	25.856	1062.338	0	1.9898	20	1	7.4591E-23	0	0	1486882597.29171
4045	24.868	-6.591	25.726	1062.408	0	2.3472	20	1	4.0756E-23	0	0	2184685060.17813
4046	24.868	6.591	25.726	1062.408	0	2.3472	20	1	4.0756E-23	0	0	2184685060.17804
4047	24.73	7.549	25.856	1062.338	0	1.9898	20	1	7.4591E-23	0	0	1486882597.29167
4048	24.567	8.534	26.007	1062.231	0	1.7314	20	1	1.2295E-22	0	0	1080312424.71648
4049	24.5	9.5	26.277	1062.066	0	1.3736	20	1	2.2846E-22	0	0	705905977.77704
4050	24.5	10.5	26.655	1061.844	0	1.1507	20	1.055	3.2687E-22	0	0	511907909.32734
4051	24.5	11.5	27.065	1061.6	0	1.1016	20	1.465	4.9983E-22	0	0	291843510.73297
4052	24.5	12.5	27.505	1061.362	0	1.1	20	1.905	7.7775E-22	0	0	179842743.99891
4053	24.5	13.5	27.973	1061.149	0	1.1	20	2.373	1.314E-21	0	0	111072402.19921
4054	24.5	14.5	28.469	1060.971	0	1.1	20	2.869	2.3262E-21	0	0	69076558.28447
4055	24.5	15.5	28.991	1060.834	0	1.1	20	3.391	4.1192E-21	0	0	43941450.79239
4056	24.475	16.478	29.505	1060.755	0	1.1	20	3.905	7.0937E-21	0	0	29100153.95019
4057	24.241	17.336	29.802	1060.728	0.00001	1.1	20	4.202	1.1137E-20	0	0	21589408.80504
4058	25.126	-16.195	29.893	1060.737	0	1.1	20	4.293	3.339E-21	0	0	38596279.77437
4059	25.364	-15.426	29.687	1060.75	0	1.1	20	4.087	2.682E-21	0	0	45229083.43767
4060	25.5	-14.5	29.334	1060.786	0	1.1	20	3.734	1.4981E-21	0	0	66202287.92651
4061	25.5	-13.5	28.853	1060.874	0	1.1	20	3.253	7.9305E-22	0	0	104387113.59875
4062	25.5	-12.5	28.399	1060.999	0	1.1	20	2.799	4.4362E-22	0	0	162142061.67202
4063	25.5	-11.5	27.973	1061.151	0	1.1	20	2.373	2.8591E-22	0	0	238119749.40402
4064	25.5	-10.5	27.577	1061.325	0	1.1	20	1.977	2.1299E-22	0	0	331055690.46415
4065	25.5	-9.5	27.212	1061.515	0	1.1001	20	1.612	1.6432E-22	0	0	462176983.73531
4066	25.5	-8.5	26.879	1061.709	0	1.1106	20	1.279	1.3443E-22	0	0	646880192.83522
4067	25.5	-7.5	26.58	1061.898	0	1.1755	20	1	9.3571E-23	0	0	1020386205.98338
4068	25.5	-6.5	26.315	1062.06	0	1.3364	20	1	5.4373E-23	0	0	1427248207.15875
4069	25.498	-5.518	26.089	1062.176	0	1.6308	20	1	1.7211E-23	0	0	2802297484.05022
4070	25.598	-4.519	25.994	1062.244	0	1.7463	20	1	2.9103E-24	0	0	7051942868.70776
4071	25.678	-3.518	25.918	1062.297	0	1.8665	20	1	2.8283E-24	0	0	7395381073.10562
4072	25.737	-2.516	25.86	1062.335	0	1.9772	20	1	1.4345E-23	0	0	3379812477.68448
4073	25.777	-1.511	25.821	1062.358	0	2.0637	20	1	2.896E-23	0	0	2430147173.00546
4074	25.797	-0.504	25.802	1062.37	0	2.1115	20	1	3.9104E-23	0	0	2115428099.87616
4075	25.797	0.504	25.802	1062.37	0	2.1115	20	1	3.9104E-23	0	0	2115428099.8762
4076	25.777	1.511	25.821	1062.358	0	2.0637	20	1	2.896E-23	0	0	2430147173.00552
4077	25.737	2.516	25.86	1062.335	0	1.9772	20	1	1.4345E-23	0	0	3379812477.6845
4078	25.678	3.518	25.918	1062.297	0	1.8665	20	1	2.8283E-24	0	0	7395381073.10536
4079	25.598	4.519	25.994	1062.244	0	1.7463	20	1	2.9103E-24	0	0	7051942868.70749
4080	25.498	5.518	26.089	1062.176	0	1.6308	20	1	1.7211E-23	0	0	2802297484.05005
4081	25.5	6.5	26.315	1062.06	0	1.3364	20	1	5.4373E-23	0	0	1427248207.15868
4082	25.5	7.5	26.58	1061.898	0	1.1755	20	1	9.3571E-23	0	0	1020386205.98336
4083	25.5	8.5	26.879	1061.709	0	1.1106	20	1.279	1.3443E-22	0	0	646880192.83521
4084	25.5	9.5	27.212	1061.515	0	1.1001	20	1.612	1.6432E-22	0	0	462176983.7353
4085	25.5	10.5	27.577	1061.325	0	1.1	20	1.977	2.1299E-22	0	0	331055690.46415
4086	25.5	11.5	27.973	1061.151	0	1.1	20	2.373	2.8591E-22	0	0	238119749.40404
4087	25.5	12.5	28.399	1060.999	0	1.1	20	2.799	4.4362E-22	0	0	162142061.67202
4088	25.5	13.5	28.853	1060.874	0	1.1	20	3.253	7.9305E-22	0	0	104387113.59875
4089	25.5	14.5	29.334	1060.786	0	1.1	20	3.734	1.4981E-21	0	0	66202287.92651
4090	25.364	15.426	29.687	1060.75	0	1.1	20	4.087	2.682E-21	0	0	45229083.43767
4091	25.126	16.195	29.893	1060.737	0	1.1	20	4.293	3.339E-21	0	0	38596279.77437
4092	26.179	-14.325	29.842	1060.755	0	1.1	20	4.242	7.8304E-22	0	0	80664051.39053
4093	26.407	-13.448	29.634	1060.765	0	1.1	20	4.034	4.4864E-22	0	0	112033475.73699
4094	26.5	-12.5	29.3	1060.798	0	1.1	20	3.7	2.65E-22	0	0	158843648.06455
4095	26.5	-11.5	28.888	1060.87	0	1.1	20	3.288	1.5057E-22	0	0	237049741.01219
4096	26.5	-10.5	28.504	1060.97	0	1.1	20	2.904	1.0921E-22	0	0	314960065.46816
4097	26.5	-9.5	28.151	1061.086	0	1.1	20	2.551	9.8908E-23	0	0	376629516.62509
4098	26.5	-8.5	27.83	1061.214	0	1.1	20	2.23	8.2772E-23	0	0	470957166.22044
4099	26.5	-7.5	27.541	1061.351	0	1.1	20	1.941	7.1552E-23	0	0	581840714.51649
4100	26.5	-6.5	27.286	1061.485	0	1.1	20	1.686	4.8549E-23	0	0	813252172.32233
4101	26.5	-5.5	27.065	1061.608	0	1.101	20	1.465	2.6437E-23	0	0	1268625333.71137
4102	26.5	-4.5	26.879	1061.718	0	1.1102	20	1.279	1.0883E-23	0	0	2273002513.11049
4103	26.5	-3.5	26.73	1061.811	0	1.1321	20	1.13	1.0243E-23	0	0	2678273579.69958
4104	26.5	-2.5	26.618	1061.884	0	1.1621	20	1.018	2.2071E-23	0	0	2052782783.37473
4105	26.5	-1.5	26.542	1061.933	0	1.1908	20	1	4.0078E-23	0	0	1569272515.50218
4106	26.5	-0.5	26.505	1061.957	0	1.2083	20	1	5.1938E-23	0	0	1388576763.82785
4107	26.5	0.5	26.505	1061.957	0	1.2083	20	1	5.1938E-23	0	0	1388576763.82785
4108	26.5	1.5	26.542	1061.933	0	1.1908	20	1	4.0078E-23	0	0	1569272515.5022
4109	26.5	2.5	26.618	1061.884	0	1.1621	20	1.018	2.2071E-23	0	0	2052782783.37475
4110	26.5	3.5	26.73	1061.811	0	1.1321	20	1.13	1.0243E-23	0	0	2678273579.69951
4111	26.5	4.5	26.879	1061.718	0	1.1102	20	1.279	1.0883E-23	0	0	2273002513.11036
4112	26.5	5.5	27.065	1061.608	0	1.101	20	1.465	2.6437E-23	0	0	1268625333.7113
4113	26.5	6.5	27.286	1061.485	0	1.1	20	1.686	4.8549E-23	0	0	813252172.32232
4114	26.5	7.5	27.541	1061.351	0	1.1	20	1.941	7.1552E-23	0	0	581840714.5165
4115	26.5	8.5	27.83	1061.214	0	1.1	20	2.23	8.2772E-23	0	0	470957166.22043
4116	26.5	9.5	28.151	1061.086	0	1.1	20	2.551	9.8908E-23	0	0	376629516.62509
4117	26.5	10.5	28.504	1060.97	0	1.1	20	2.904	1.0921E-22	0	0	314960065.46816
4118	26.5	11.5	28.888	1060.87	0	1.1	20	3.288	1.5057E-22	0	0	237049741.01218
4119	26.5	12.5	29.3	1060.798	0	1.1	20	3.7	2.65E-22	0	0	158843648.06456
4120	26.407	13.448	29.634	1060.765	0	1.1	20	4.034	4.4864E-22	0	0	112033475.73701
4121	26.179	14.325	29.842	1060.755	0	1.1	20	4.242	7.8304E-22	0	0	80664051.39053
4122	27.012	-13.026	29.989	1060.763	0	1.1	20	4.389	1.6412E-22	0	0	170324868.39126
4123	27.167	-12.358	29.846	1060.764	0	1.1	20	4.246	1.2322E-22	0	0	203131867.95318
4124	27.363	-11.451	29.663	1060.769	0	1.1	20	4.063	9.2428E-23	0	0	245064960.78739
4125	27.495	-10.496	29.43	1060.789	0	1.1	20	3.83	5.6916E-23	0	0	331157541.88529
4126	27.5	-9.5	29.095	1060.834	0	1.1	20	3.495	4.887E-23	0	0	391541809.44839
4127	27.5	-8.5	28.784	1060.9	0	1.1	20	3.184	5.1435E-23	0	0	418792848.53065
4128	27.5	-7.5	28.504	1060.977	0	1.1	20	2.904	4.8127E-23	0	0	474448616.35266
4129	27.5	-6.5	28.258	1061.057	0	1.1	20	2.658	4.8434E-23	0	0	516721139.06839
4130	27.5	-5.5	28.045	1061.134	0	1.1	20	2.445	3.8128E-23	0	0	633043737.12241
4131	27.5	-4.5	27.866	1061.207	0	1.1	20	2.266	3.0268E-23	0	0	766481192.02852
4132	27.5	-3.5	27.722	1061.272	0	1.1	20	2.122	2.409E-23	0	0	917359674.06061
4133	27.5	-2.5	27.613	1061.325	0	1.1	20	2.013	2.5479E-23	0	0	939961255.74434
4134	27.5	-1.5	27.541	1061.363	0	1.1	20	1.941	2.9943E-23	0	0	899429152.95208
4135	27.5	-0.5	27.505	1061.383	0	1.1	20	1.905	3.4694E-23	0	0	851505629.18947
4136	27.5	0.5	27.505	1061.383	0	1.1	20	1.905	3.4694E-23	0	0	851505629.18948
4137	27.5	1.5	27.541	1061.363	0	1.1	20	1.941	2.9943E-23	0	0	899429152.9521
4138	27.5	2.5	27.613	1061.325	0	1.1	20	2.013	2.5479E-23	0	0	939961255.74435
4139	27.5	3.5	27.722	1061.272	0	1.1	20	2.122	2.409E-23	0	0	917359674.0606
4140	27.5	4.5	27.866	1061.207	0	1.1	20	2.266	3.0268E-23	0	0	766481192.02849
4141	27.5	5.5	28.045	1061.134	0	1.1	20	2.445	3.8128E-23	0	0	633043737.12238
4142	27.5	6.5	28.258	1061.057	0	1.1	20	2.658	4.8434E-23	0	0	516721139.0684
4143	27.5	7.5	28.504	1060.977	0	1.1	20	2.904	4.8127E-23	0	0	474448616.35267
4144	27.5	8.5	28.784	1060.9	0	1.1	20	3.184	5.1435E-23	0	0	418792848.53063
4145	27.5	9.5	29.095	1060.834	0	1.1	20	3.495	4.887E-23	0	0	391541809.44839
4146	27.495	10.496	29.43	1060.789	0	1.1	20	3.83	5.6916E-23	0	0	331157541.88528
4147	27.363	11.451	29.663	1060.769	0	1.1	20	4.063	9.2428E-23	0	0	245064960.78737
4148	27.167	12.358	29.846	1060.764	0	1.1	20	4.246	1.2322E-22	0	0	203131867.95321
4149	27.012	13.026	29.989	1060.763	0	1.1	20	4.389	1.6412E-22	0	0	170324868.39128
4150	28.095	-10.259	29.91	1060.771	0	1.1	20	4.31	8.9298E-23	0	0	235120480.16873
4151	28.237	-9.439	29.773	1060.772	0	1.1	20	4.173	3.684E-23	0	0	377960116.83146
4152	28.389	-8.468	29.625	1060.779	0	1.1	20	4.025	3.8666E-23	0	0	382410406.48415
4153	28.493	-7.495	29.463	1060.794	0	1.1	20	3.863	4.2182E-23	0	0	381464385.07056
4154	28.5	-6.5	29.232	1060.82	0	1.1	20	3.632	4.7334E-23	0	0	382879679.11606
4155	28.5	-5.5	29.026	1060.855	0	1.1	20	3.426	5.4495E-23	0	0	378202099.8084
4156	28.5	-4.5	28.853	1060.892	0	1.1	20	3.253	4.5885E-23	0	0	433973635.78776
4157	28.5	-3.5	28.714	1060.927	0	1.1	20	3.114	3.6026E-23	0	0	511546616.74753
4158	28.5	-2.5	28.609	1060.957	0	1.1	20	3.009	2.4873E-23	0	0	636987186.5313
4159	28.5	-1.5	28.539	1060.979	0	1.1	20	2.939	1.6211E-23	0	0	807772131.36372
4160	28.5	-0.5	28.504	1060.991	0	1.1	20	2.904	1.2413E-23	0	0	934200813.73796
4161	28.5	0.5	28.504	1060.991	0	1.1	20	2.904	1.2413E-23	0	0	934200813.73794
4162	28.5	1.5	28.539	1060.979	0	1.1	20	2.939	1.6211E-23	0	0	807772131.36376
4163	28.5	2.5	28.609	1060.957	0	1.1	20	3.009	2.4873E-23	0	0	636987186.53134
4164	28.5	3.5	28.714	1060.927	0	1.1	20	3.114	3.6026E-23	0	0	511546616.74752
4165	28.5	4.5	28.853	1060.892	0	1.1	20	3.253	4.5885E-23	0	0	433973635.78774
4166	28.5	5.5	29.026	1060.855	0	1.1	20	3.426	5.4495E-23	0	0	378202099.80838
4167	28.5	6.5	29.232	1060.82	0	1.1	20	3.632	4.7334E-23	0	0	382879679.11606
4168	28.493	7.495	29.463	1060.794	0	1.1	20	3.863	4.2182E-23	0	0	381464385.07058
4169	28.389	8.468	29.625	1060.779	0	1.1	20	4.025	3.8666E-23	0	0	382410406.48414
4170	28.237	9.439	29.773	1060.772	0	1.1	20	4.173	3.684E-23	0	0	377960116.83147
4171	28.095	10.259	29.91	1060.771	0	1.1	20	4.31	8.9298E-23	0	0	235120480.16875
4172	29.058	-7.229	29.943	1060.783	0	1.1	20	4.343	1.4014E-24	0	0	1862389235.30544
4173	29.15	-6.435	29.852	1060.785	0	1.1	20	4.252	6.781E-23	0	0	273452263.92904
4174	29.248	-5.468	29.755	1060.786	0	1.1	20	4.155	5.6559E-23	0	0	306383848.84711
4175	29.331	-4.481	29.671	1060.789	0	1.1	20	4.071	5.2035E-23	0	0	325938329.96516
4176	29.398	-3.488	29.604	1060.792	0	1.1	20	4.004	3.8532E-23	0	0	385124846.08729
4177	29.447	-2.492	29.553	1060.796	0	1.1	20	3.953	2.1875E-23	0	0	517694819.29525
4178	29.481	-1.496	29.519	1060.799	0	1.1	20	3.919	1.3126E-23	0	0	674112787.25774
4179	29.497	-0.499	29.501	1060.801	0	1.1	20	3.901	4.203E-24	0	0	1196502838.10299
4180	29.497	0.499	29.501	1060.801	0	1.1	20	3.901	4.203E-24	0	0	1196502838.10289
4181	29.481	1.496	29.519	1060.799	0	1.1	20	3.919	1.3126E-23	0	0	674112787.25774
4182	29.447	2.492	29.553	1060.796	0	1.1	20	3.953	2.1875E-23	0	0	517694819.29529
4183	29.398	3.488	29.604	1060.792	0	1.1	20	4.004	3.8532E-23	0	0	385124846.0873
4184	29.331	4.481	29.671	1060.789	0	1.1	20	4.071	5.2035E-23	0	0	325938329.96515
4185	29.248	5.468	29.755	1060.786	0	1.1	20	4.155	5.6559E-23	0	0	306383848.84709
4186	29.15	6.435	29.852	1060.785	0	1.1	20	4.252	6.781E-23	0	0	273452263.92904
4187	29.058	7.229	29.943	1060.783	0	1.1	20	4.343	1.4014E-24	0	0	1862389235.30453
