格	x	z	r	T	J重构	厚	保温mm	L	proxy	区(0盘1舌)	前12	裕度
480	-99.291	-29.5	103.581	461.925	8.39634	1.75	13.1	1	4.1566E-8	1	0	56.75459
481	-99.291	-28.5	103.301	461.926	8.39637	1.75	13.1	1	4.1567E-8	1	0	56.75439
482	-99.291	-27.5	103.029	461.926	8.39643	1.75	13.1	1	4.1567E-8	1	0	56.75399
483	-99.291	-26.5	102.767	461.926	8.39652	1.75	13.1	1	4.1568E-8	1	0	56.7534
484	-99.291	-25.5	102.514	461.926	8.39663	1.75	13.1	1	4.1569E-8	1	0	56.75262
485	-99.291	-24.5	102.269	461.926	8.39677	1.75	13.1	1	4.1571E-8	1	0	56.75167
486	-99.291	-23.5	102.034	461.927	8.39694	1.75	13.1	1	4.1572E-8	1	0	56.75054
487	-99.291	-22.5	101.809	461.927	8.39713	1.75	13.1	1	4.1574E-8	1	0	56.74926
488	-99.291	-21.5	101.592	461.928	8.39734	1.75	13.1	1	4.1576E-8	1	0	56.74784
489	-99.291	-20.5	101.386	461.928	8.39757	1.75	13.1	1	4.1579E-8	1	0	56.7463
490	-99.291	-19.5	101.188	461.929	8.39782	1.75	13.1	1	4.1581E-8	1	0	56.74464
491	-99.291	-18.5	101	461.929	8.39808	1.75	13.1	1	4.1584E-8	1	0	56.74289
492	-99.291	-17.5	100.822	461.93	8.39835	1.75	13.1	1	4.1586E-8	1	0	56.74108
493	-99.291	-16.5	100.653	461.931	8.39863	1.75	13.1	1	4.1589E-8	1	0	56.73921
494	-99.291	-15.5	100.494	461.931	8.39891	1.75	13.1	1	4.1592E-8	1	0	56.73731
495	-99.291	-14.5	100.345	461.932	8.39919	1.75	13.1	1	4.1595E-8	1	0	56.73539
496	-99.291	-13.5	100.205	461.932	8.39948	1.75	13.1	1	4.1597E-8	1	0	56.73349
497	-99.291	-12.5	100.075	461.933	8.39975	1.75	13.1	1	4.16E-8	1	0	56.73162
498	-99.291	-11.5	99.955	461.934	8.40003	1.75	13.1	1	4.1603E-8	1	0	56.72981
499	-99.291	-10.5	99.845	461.934	8.40028	1.75	13.1	1	4.1605E-8	1	0	56.72806
500	-99.291	-9.5	99.745	461.935	8.40053	1.75	13.1	1	4.1608E-8	1	0	56.72641
501	-99.291	-8.5	99.655	461.935	8.40076	1.75	13.1	1	4.161E-8	1	0	56.72486
502	-99.291	-7.5	99.574	461.936	8.40097	1.75	13.1	1	4.1612E-8	1	0	56.72344
503	-99.291	-6.5	99.504	461.936	8.40116	1.75	13.1	1	4.1614E-8	1	0	56.72216
504	-99.291	-5.5	99.444	461.937	8.40133	1.75	13.1	1	4.1616E-8	1	0	56.72104
505	-99.291	-4.5	99.393	461.937	8.40147	1.75	13.1	1	4.1617E-8	1	0	56.72008
506	-99.291	-3.5	99.353	461.937	8.40159	1.75	13.1	1	4.1618E-8	1	0	56.7193
507	-99.291	-2.5	99.323	461.937	8.40168	1.75	13.1	1	4.1619E-8	1	0	56.71871
508	-99.291	-1.5	99.303	461.938	8.40173	1.75	13.1	1	4.162E-8	1	0	56.71832
509	-99.291	-0.5	99.293	461.938	8.40176	1.75	13.1	1	4.162E-8	1	0	56.71812
510	-99.291	0.5	99.293	461.938	8.40176	1.75	13.1	1	4.162E-8	1	0	56.71812
511	-99.291	1.5	99.303	461.938	8.40173	1.75	13.1	1	4.162E-8	1	0	56.71832
512	-99.291	2.5	99.323	461.937	8.40168	1.75	13.1	1	4.1619E-8	1	0	56.71871
513	-99.291	3.5	99.353	461.937	8.40159	1.75	13.1	1	4.1618E-8	1	0	56.7193
514	-99.291	4.5	99.393	461.937	8.40147	1.75	13.1	1	4.1617E-8	1	0	56.72008
515	-99.291	5.5	99.444	461.937	8.40133	1.75	13.1	1	4.1616E-8	1	0	56.72104
516	-99.291	6.5	99.504	461.936	8.40116	1.75	13.1	1	4.1614E-8	1	0	56.72216
517	-99.291	7.5	99.574	461.936	8.40097	1.75	13.1	1	4.1612E-8	1	0	56.72344
518	-99.291	8.5	99.655	461.935	8.40076	1.75	13.1	1	4.161E-8	1	0	56.72486
519	-99.291	9.5	99.745	461.935	8.40053	1.75	13.1	1	4.1608E-8	1	0	56.72641
520	-99.291	10.5	99.845	461.934	8.40028	1.75	13.1	1	4.1605E-8	1	0	56.72806
521	-99.291	11.5	99.955	461.934	8.40003	1.75	13.1	1	4.1603E-8	1	0	56.72981
522	-99.291	12.5	100.075	461.933	8.39975	1.75	13.1	1	4.16E-8	1	0	56.73162
523	-99.291	13.5	100.205	461.932	8.39948	1.75	13.1	1	4.1597E-8	1	0	56.73349
524	-99.291	14.5	100.345	461.932	8.39919	1.75	13.1	1	4.1595E-8	1	0	56.73539
525	-99.291	15.5	100.494	461.931	8.39891	1.75	13.1	1	4.1592E-8	1	0	56.73731
526	-99.291	16.5	100.653	461.931	8.39863	1.75	13.1	1	4.1589E-8	1	0	56.73921
527	-99.291	17.5	100.822	461.93	8.39835	1.75	13.1	1	4.1586E-8	1	0	56.74108
528	-99.291	18.5	101	461.929	8.39808	1.75	13.1	1	4.1584E-8	1	0	56.74289
529	-99.291	19.5	101.188	461.929	8.39782	1.75	13.1	1	4.1581E-8	1	0	56.74464
530	-99.291	20.5	101.386	461.928	8.39757	1.75	13.1	1	4.1579E-8	1	0	56.7463
531	-99.291	21.5	101.592	461.928	8.39734	1.75	13.1	1	4.1576E-8	1	0	56.74784
532	-99.291	22.5	101.809	461.927	8.39713	1.75	13.1	1	4.1574E-8	1	0	56.74926
533	-99.291	23.5	102.034	461.927	8.39694	1.75	13.1	1	4.1572E-8	1	0	56.75054
534	-99.291	24.5	102.269	461.926	8.39677	1.75	13.1	1	4.1571E-8	1	0	56.75167
535	-99.291	25.5	102.514	461.926	8.39663	1.75	13.1	1	4.1569E-8	1	0	56.75262
536	-99.291	26.5	102.767	461.926	8.39652	1.75	13.1	1	4.1568E-8	1	0	56.7534
537	-99.291	27.5	103.029	461.926	8.39643	1.75	13.1	1	4.1567E-8	1	0	56.75399
538	-99.291	28.5	103.301	461.926	8.39637	1.75	13.1	1	4.1567E-8	1	0	56.75439
539	-99.291	29.5	103.581	461.925	8.39634	1.75	13.1	1	4.1566E-8	1	0	56.75459
540	-95.833	-29.5	100.271	518.051	8.39598	1.75	13.1	4.167	4.0767E-8	1	0	13.82457
541	-95.833	-28.5	99.981	518.051	8.39602	1.75	13.1	4.167	4.0767E-8	1	0	13.82451
542	-95.833	-27.5	99.7	518.052	8.39608	1.75	13.1	4.167	4.0768E-8	1	0	13.8244
543	-95.833	-26.5	99.429	518.053	8.39618	1.75	13.1	4.167	4.0769E-8	1	0	13.82424
544	-95.833	-25.5	99.167	518.055	8.39631	1.75	13.1	4.167	4.077E-8	1	0	13.82403
545	-95.833	-24.5	98.915	518.057	8.39648	1.75	13.1	4.167	4.0771E-8	1	0	13.82378
546	-95.833	-23.5	98.672	518.059	8.39666	1.75	13.1	4.167	4.0773E-8	1	0	13.82347
547	-95.833	-22.5	98.439	518.061	8.39688	1.75	13.1	4.167	4.0775E-8	1	0	13.82313
548	-95.833	-21.5	98.215	518.064	8.39712	1.75	13.1	4.167	4.0778E-8	1	0	13.82274
549	-95.833	-20.5	98.001	518.067	8.39738	1.75	13.1	4.167	4.078E-8	1	0	13.82232
550	-95.833	-19.5	97.797	518.07	8.39766	1.75	13.1	4.167	4.0783E-8	1	0	13.82188
551	-95.833	-18.5	97.602	518.073	8.39795	1.75	13.1	4.167	4.0786E-8	1	0	13.8214
552	-95.833	-17.5	97.418	518.077	8.39826	1.75	13.1	4.167	4.0788E-8	1	0	13.82091
553	-95.833	-16.5	97.243	518.08	8.39857	1.75	13.1	4.167	4.0791E-8	1	0	13.82041
554	-95.833	-15.5	97.078	518.084	8.39889	1.75	13.1	4.167	4.0794E-8	1	0	13.81989
555	-95.833	-14.5	96.924	518.087	8.39921	1.75	13.1	4.167	4.0798E-8	1	0	13.81938
556	-95.833	-13.5	96.779	518.091	8.39953	1.75	13.1	4.167	4.0801E-8	1	0	13.81886
557	-95.833	-12.5	96.645	518.094	8.39985	1.75	13.1	4.167	4.0804E-8	1	0	13.81836
558	-95.833	-11.5	96.52	518.098	8.40015	1.75	13.1	4.167	4.0807E-8	1	0	13.81786
559	-95.833	-10.5	96.406	518.101	8.40045	1.75	13.1	4.167	4.0809E-8	1	0	13.81739
560	-95.833	-9.5	96.303	518.104	8.40073	1.75	13.1	4.167	4.0812E-8	1	0	13.81694
561	-95.833	-8.5	96.209	518.107	8.40099	1.75	13.1	4.167	4.0815E-8	1	0	13.81653
562	-95.833	-7.5	96.126	518.11	8.40122	1.75	13.1	4.167	4.0817E-8	1	0	13.81614
563	-95.833	-6.5	96.053	518.112	8.40144	1.75	13.1	4.167	4.0819E-8	1	0	13.8158
564	-95.833	-5.5	95.991	518.114	8.40163	1.75	13.1	4.167	4.0821E-8	1	0	13.81549
565	-95.833	-4.5	95.938	518.116	8.40179	1.75	13.1	4.167	4.0822E-8	1	0	13.81523
566	-95.833	-3.5	95.897	518.118	8.40192	1.75	13.1	4.167	4.0823E-8	1	0	13.81502
567	-95.833	-2.5	95.865	518.119	8.40202	1.75	13.1	4.167	4.0824E-8	1	0	13.81486
568	-95.833	-1.5	95.845	518.12	8.40209	1.75	13.1	4.167	4.0825E-8	1	0	13.81476
569	-95.833	-0.5	95.834	518.12	8.40212	1.75	13.1	4.167	4.0825E-8	1	0	13.8147
570	-95.833	0.5	95.834	518.12	8.40212	1.75	13.1	4.167	4.0825E-8	1	0	13.8147
571	-95.833	1.5	95.845	518.12	8.40209	1.75	13.1	4.167	4.0825E-8	1	0	13.81476
572	-95.833	2.5	95.865	518.119	8.40202	1.75	13.1	4.167	4.0824E-8	1	0	13.81486
573	-95.833	3.5	95.897	518.118	8.40192	1.75	13.1	4.167	4.0823E-8	1	0	13.81502
574	-95.833	4.5	95.938	518.116	8.40179	1.75	13.1	4.167	4.0822E-8	1	0	13.81523
575	-95.833	5.5	95.991	518.114	8.40163	1.75	13.1	4.167	4.0821E-8	1	0	13.81549
576	-95.833	6.5	96.053	518.112	8.40144	1.75	13.1	4.167	4.0819E-8	1	0	13.8158
577	-95.833	7.5	96.126	518.11	8.40122	1.75	13.1	4.167	4.0817E-8	1	0	13.81614
578	-95.833	8.5	96.209	518.107	8.40099	1.75	13.1	4.167	4.0815E-8	1	0	13.81653
579	-95.833	9.5	96.303	518.104	8.40073	1.75	13.1	4.167	4.0812E-8	1	0	13.81694
580	-95.833	10.5	96.406	518.101	8.40045	1.75	13.1	4.167	4.0809E-8	1	0	13.81739
581	-95.833	11.5	96.52	518.098	8.40015	1.75	13.1	4.167	4.0807E-8	1	0	13.81786
582	-95.833	12.5	96.645	518.094	8.39985	1.75	13.1	4.167	4.0804E-8	1	0	13.81836
583	-95.833	13.5	96.779	518.091	8.39953	1.75	13.1	4.167	4.0801E-8	1	0	13.81886
584	-95.833	14.5	96.924	518.087	8.39921	1.75	13.1	4.167	4.0798E-8	1	0	13.81938
585	-95.833	15.5	97.078	518.084	8.39889	1.75	13.1	4.167	4.0794E-8	1	0	13.81989
586	-95.833	16.5	97.243	518.08	8.39857	1.75	13.1	4.167	4.0791E-8	1	0	13.82041
587	-95.833	17.5	97.418	518.077	8.39826	1.75	13.1	4.167	4.0788E-8	1	0	13.82091
588	-95.833	18.5	97.602	518.073	8.39795	1.75	13.1	4.167	4.0786E-8	1	0	13.8214
589	-95.833	19.5	97.797	518.07	8.39766	1.75	13.1	4.167	4.0783E-8	1	0	13.82188
590	-95.833	20.5	98.001	518.067	8.39738	1.75	13.1	4.167	4.078E-8	1	0	13.82232
591	-95.833	21.5	98.215	518.064	8.39712	1.75	13.1	4.167	4.0778E-8	1	0	13.82274
592	-95.833	22.5	98.439	518.061	8.39688	1.75	13.1	4.167	4.0775E-8	1	0	13.82313
593	-95.833	23.5	98.672	518.059	8.39666	1.75	13.1	4.167	4.0773E-8	1	0	13.82347
594	-95.833	24.5	98.915	518.057	8.39648	1.75	13.1	4.167	4.0771E-8	1	0	13.82378
595	-95.833	25.5	99.167	518.055	8.39631	1.75	13.1	4.167	4.077E-8	1	0	13.82403
596	-95.833	26.5	99.429	518.053	8.39618	1.75	13.1	4.167	4.0769E-8	1	0	13.82424
597	-95.833	27.5	99.7	518.052	8.39608	1.75	13.1	4.167	4.0768E-8	1	0	13.8244
598	-95.833	28.5	99.981	518.051	8.39602	1.75	13.1	4.167	4.0767E-8	1	0	13.82451
599	-95.833	29.5	100.271	518.051	8.39598	1.75	13.1	4.167	4.0767E-8	1	0	13.82457
600	-90.333	-29.5	95.028	601.568	8.39474	1.75	13.1	9.667	3.957E-8	1	0	6.12713
601	-90.333	-28.5	94.722	601.569	8.39478	1.75	13.1	9.667	3.9571E-8	1	0	6.1271
602	-90.333	-27.5	94.426	601.571	8.39488	1.75	13.1	9.667	3.9571E-8	1	0	6.12703
603	-90.333	-26.5	94.14	601.574	8.39502	1.75	13.1	9.667	3.9573E-8	1	0	6.12693
604	-90.333	-25.5	93.863	601.577	8.3952	1.75	13.1	9.667	3.9574E-8	1	0	6.1268
605	-90.333	-24.5	93.596	601.582	8.39543	1.75	13.1	9.667	3.9576E-8	1	0	6.12665
606	-90.333	-23.5	93.34	601.587	8.39569	1.75	13.1	9.667	3.9579E-8	1	0	6.12646
607	-90.333	-22.5	93.093	601.593	8.396	1.75	13.1	9.667	3.9582E-8	1	0	6.12625
608	-90.333	-21.5	92.856	601.599	8.39633	1.75	13.1	9.667	3.9585E-8	1	0	6.12601
609	-90.333	-20.5	92.63	601.607	8.3967	1.75	13.1	9.667	3.9588E-8	1	0	6.12576
610	-90.333	-19.5	92.414	601.614	8.39709	1.75	13.1	9.667	3.9592E-8	1	0	6.12549
611	-90.333	-18.5	92.208	601.623	8.3975	1.75	13.1	9.667	3.9595E-8	1	0	6.1252
612	-90.333	-17.5	92.012	601.631	8.39793	1.75	13.1	9.667	3.9599E-8	1	0	6.1249
613	-90.333	-16.5	91.827	601.64	8.39838	1.75	13.1	9.667	3.9603E-8	1	0	6.12459
614	-90.333	-15.5	91.653	601.649	8.39883	1.75	13.1	9.667	3.9608E-8	1	0	6.12427
615	-90.333	-14.5	91.489	601.658	8.39928	1.75	13.1	9.667	3.9612E-8	1	0	6.12396
616	-90.333	-13.5	91.336	601.666	8.39973	1.75	13.1	9.667	3.9616E-8	1	0	6.12364
617	-90.333	-12.5	91.194	601.675	8.40017	1.75	13.1	9.667	3.962E-8	1	0	6.12333
618	-90.333	-11.5	91.062	601.684	8.4006	1.75	13.1	9.667	3.9624E-8	1	0	6.12303
619	-90.333	-10.5	90.941	601.692	8.40101	1.75	13.1	9.667	3.9628E-8	1	0	6.12275
620	-90.333	-9.5	90.831	601.7	8.40141	1.75	13.1	9.667	3.9631E-8	1	0	6.12247
621	-90.333	-8.5	90.732	601.707	8.40177	1.75	13.1	9.667	3.9635E-8	1	0	6.12222
622	-90.333	-7.5	90.644	601.713	8.40211	1.75	13.1	9.667	3.9638E-8	1	0	6.12198
623	-90.333	-6.5	90.566	601.719	8.40241	1.75	13.1	9.667	3.964E-8	1	0	6.12177
624	-90.333	-5.5	90.5	601.725	8.40268	1.75	13.1	9.667	3.9643E-8	1	0	6.12159
625	-90.333	-4.5	90.445	601.729	8.4029	1.75	13.1	9.667	3.9645E-8	1	0	6.12143
626	-90.333	-3.5	90.401	601.733	8.40309	1.75	13.1	9.667	3.9647E-8	1	0	6.1213
627	-90.333	-2.5	90.367	601.735	8.40323	1.75	13.1	9.667	3.9648E-8	1	0	6.1212
628	-90.333	-1.5	90.345	601.737	8.40332	1.75	13.1	9.667	3.9649E-8	1	0	6.12114
629	-90.333	-0.5	90.334	601.738	8.40337	1.75	13.1	9.667	3.9649E-8	1	0	6.1211
630	-90.333	0.5	90.334	601.738	8.40337	1.75	13.1	9.667	3.9649E-8	1	0	6.1211
631	-90.333	1.5	90.345	601.737	8.40332	1.75	13.1	9.667	3.9649E-8	1	0	6.12114
632	-90.333	2.5	90.367	601.735	8.40323	1.75	13.1	9.667	3.9648E-8	1	0	6.1212
633	-90.333	3.5	90.401	601.733	8.40309	1.75	13.1	9.667	3.9647E-8	1	0	6.1213
634	-90.333	4.5	90.445	601.729	8.4029	1.75	13.1	9.667	3.9645E-8	1	0	6.12143
635	-90.333	5.5	90.5	601.725	8.40268	1.75	13.1	9.667	3.9643E-8	1	0	6.12159
636	-90.333	6.5	90.566	601.719	8.40241	1.75	13.1	9.667	3.964E-8	1	0	6.12177
637	-90.333	7.5	90.644	601.713	8.40211	1.75	13.1	9.667	3.9638E-8	1	0	6.12198
638	-90.333	8.5	90.732	601.707	8.40177	1.75	13.1	9.667	3.9635E-8	1	0	6.12222
639	-90.333	9.5	90.831	601.7	8.40141	1.75	13.1	9.667	3.9631E-8	1	0	6.12247
640	-90.333	10.5	90.941	601.692	8.40101	1.75	13.1	9.667	3.9628E-8	1	0	6.12275
641	-90.333	11.5	91.062	601.684	8.4006	1.75	13.1	9.667	3.9624E-8	1	0	6.12303
642	-90.333	12.5	91.194	601.675	8.40017	1.75	13.1	9.667	3.962E-8	1	0	6.12333
643	-90.333	13.5	91.336	601.666	8.39973	1.75	13.1	9.667	3.9616E-8	1	0	6.12364
644	-90.333	14.5	91.489	601.658	8.39928	1.75	13.1	9.667	3.9612E-8	1	0	6.12396
645	-90.333	15.5	91.653	601.649	8.39883	1.75	13.1	9.667	3.9608E-8	1	0	6.12427
646	-90.333	16.5	91.827	601.64	8.39838	1.75	13.1	9.667	3.9603E-8	1	0	6.12459
647	-90.333	17.5	92.012	601.631	8.39793	1.75	13.1	9.667	3.9599E-8	1	0	6.1249
648	-90.333	18.5	92.208	601.623	8.3975	1.75	13.1	9.667	3.9595E-8	1	0	6.1252
649	-90.333	19.5	92.414	601.614	8.39709	1.75	13.1	9.667	3.9592E-8	1	0	6.12549
650	-90.333	20.5	92.63	601.607	8.3967	1.75	13.1	9.667	3.9588E-8	1	0	6.12576
651	-90.333	21.5	92.856	601.599	8.39633	1.75	13.1	9.667	3.9585E-8	1	0	6.12601
652	-90.333	22.5	93.093	601.593	8.396	1.75	13.1	9.667	3.9582E-8	1	0	6.12625
653	-90.333	23.5	93.34	601.587	8.39569	1.75	13.1	9.667	3.9579E-8	1	0	6.12646
654	-90.333	24.5	93.596	601.582	8.39543	1.75	13.1	9.667	3.9576E-8	1	0	6.12665
655	-90.333	25.5	93.863	601.577	8.3952	1.75	13.1	9.667	3.9574E-8	1	0	6.1268
656	-90.333	26.5	94.14	601.574	8.39502	1.75	13.1	9.667	3.9573E-8	1	0	6.12693
657	-90.333	27.5	94.426	601.571	8.39488	1.75	13.1	9.667	3.9571E-8	1	0	6.12703
658	-90.333	28.5	94.722	601.569	8.39478	1.75	13.1	9.667	3.9571E-8	1	0	6.1271
659	-90.333	29.5	95.028	601.568	8.39474	1.75	13.1	9.667	3.957E-8	1	0	6.12713
660	-84.833	-29.5	89.816	677.595	8.39206	1.75	13.1	15.167	3.8467E-8	1	0	4.03896
661	-84.833	-28.5	89.492	677.597	8.39214	1.75	13.1	15.167	3.8468E-8	1	0	4.03892
662	-84.833	-27.5	89.179	677.601	8.39229	1.75	13.1	15.167	3.8469E-8	1	0	4.03885
663	-84.833	-26.5	88.876	677.606	8.39251	1.75	13.1	15.167	3.8471E-8	1	0	4.03875
664	-84.833	-25.5	88.583	677.612	8.39281	1.75	13.1	15.167	3.8474E-8	1	0	4.03861
665	-84.833	-24.5	88.3	677.62	8.39318	1.75	13.1	15.167	3.8477E-8	1	0	4.03844
666	-84.833	-23.5	88.028	677.63	8.39361	1.75	13.1	15.167	3.8481E-8	1	0	4.03825
667	-84.833	-22.5	87.766	677.64	8.3941	1.75	13.1	15.167	3.8485E-8	1	0	4.03802
668	-84.833	-21.5	87.515	677.652	8.39464	1.75	13.1	15.167	3.849E-8	1	0	4.03778
669	-84.833	-20.5	87.275	677.665	8.39524	1.75	13.1	15.167	3.8496E-8	1	0	4.0375
670	-84.833	-19.5	87.045	677.679	8.39587	1.75	13.1	15.167	3.8501E-8	1	0	4.03722
671	-84.833	-18.5	86.827	677.694	8.39654	1.75	13.1	15.167	3.8507E-8	1	0	4.03691
672	-84.833	-17.5	86.619	677.709	8.39724	1.75	13.1	15.167	3.8513E-8	1	0	4.03659
673	-84.833	-16.5	86.423	677.725	8.39796	1.75	13.1	15.167	3.852E-8	1	0	4.03627
674	-84.833	-15.5	86.237	677.741	8.39868	1.75	13.1	15.167	3.8526E-8	1	0	4.03593
675	-84.833	-14.5	86.063	677.757	8.39942	1.75	13.1	15.167	3.8533E-8	1	0	4.0356
676	-84.833	-13.5	85.9	677.773	8.40015	1.75	13.1	15.167	3.8539E-8	1	0	4.03527
677	-84.833	-12.5	85.749	677.789	8.40086	1.75	13.1	15.167	3.8545E-8	1	0	4.03494
678	-84.833	-11.5	85.609	677.804	8.40156	1.75	13.1	15.167	3.8552E-8	1	0	4.03462
679	-84.833	-10.5	85.48	677.819	8.40223	1.75	13.1	15.167	3.8558E-8	1	0	4.03432
680	-84.833	-9.5	85.363	677.833	8.40287	1.75	13.1	15.167	3.8563E-8	1	0	4.03403
681	-84.833	-8.5	85.258	677.846	8.40346	1.75	13.1	15.167	3.8568E-8	1	0	4.03376
682	-84.833	-7.5	85.164	677.858	8.40401	1.75	13.1	15.167	3.8573E-8	1	0	4.03351
683	-84.833	-6.5	85.081	677.869	8.4045	1.75	13.1	15.167	3.8578E-8	1	0	4.03328
684	-84.833	-5.5	85.011	677.878	8.40493	1.75	13.1	15.167	3.8581E-8	1	0	4.03309
685	-84.833	-4.5	84.952	677.887	8.4053	1.75	13.1	15.167	3.8585E-8	1	0	4.03292
686	-84.833	-3.5	84.905	677.893	8.4056	1.75	13.1	15.167	3.8587E-8	1	0	4.03279
687	-84.833	-2.5	84.87	677.898	8.40582	1.75	13.1	15.167	3.8589E-8	1	0	4.03268
688	-84.833	-1.5	84.846	677.901	8.40597	1.75	13.1	15.167	3.8591E-8	1	0	4.03261
689	-84.833	-0.5	84.834	677.903	8.40605	1.75	13.1	15.167	3.8591E-8	1	0	4.03258
690	-84.833	0.5	84.834	677.903	8.40605	1.75	13.1	15.167	3.8591E-8	1	0	4.03258
691	-84.833	1.5	84.846	677.901	8.40597	1.75	13.1	15.167	3.8591E-8	1	0	4.03261
692	-84.833	2.5	84.87	677.898	8.40582	1.75	13.1	15.167	3.8589E-8	1	0	4.03268
693	-84.833	3.5	84.905	677.893	8.4056	1.75	13.1	15.167	3.8587E-8	1	0	4.03279
694	-84.833	4.5	84.952	677.887	8.4053	1.75	13.1	15.167	3.8585E-8	1	0	4.03292
695	-84.833	5.5	85.011	677.878	8.40493	1.75	13.1	15.167	3.8581E-8	1	0	4.03309
696	-84.833	6.5	85.081	677.869	8.4045	1.75	13.1	15.167	3.8578E-8	1	0	4.03328
697	-84.833	7.5	85.164	677.858	8.40401	1.75	13.1	15.167	3.8573E-8	1	0	4.03351
698	-84.833	8.5	85.258	677.846	8.40346	1.75	13.1	15.167	3.8568E-8	1	0	4.03376
699	-84.833	9.5	85.363	677.833	8.40287	1.75	13.1	15.167	3.8563E-8	1	0	4.03403
700	-84.833	10.5	85.48	677.819	8.40223	1.75	13.1	15.167	3.8558E-8	1	0	4.03432
701	-84.833	11.5	85.609	677.804	8.40156	1.75	13.1	15.167	3.8552E-8	1	0	4.03462
702	-84.833	12.5	85.749	677.789	8.40086	1.75	13.1	15.167	3.8545E-8	1	0	4.03494
703	-84.833	13.5	85.9	677.773	8.40015	1.75	13.1	15.167	3.8539E-8	1	0	4.03527
704	-84.833	14.5	86.063	677.757	8.39942	1.75	13.1	15.167	3.8533E-8	1	0	4.0356
705	-84.833	15.5	86.237	677.741	8.39868	1.75	13.1	15.167	3.8526E-8	1	0	4.03593
706	-84.833	16.5	86.423	677.725	8.39796	1.75	13.1	15.167	3.852E-8	1	0	4.03627
707	-84.833	17.5	86.619	677.709	8.39724	1.75	13.1	15.167	3.8513E-8	1	0	4.03659
708	-84.833	18.5	86.827	677.694	8.39654	1.75	13.1	15.167	3.8507E-8	1	0	4.03691
709	-84.833	19.5	87.045	677.679	8.39587	1.75	13.1	15.167	3.8501E-8	1	0	4.03722
710	-84.833	20.5	87.275	677.665	8.39524	1.75	13.1	15.167	3.8496E-8	1	0	4.0375
711	-84.833	21.5	87.515	677.652	8.39464	1.75	13.1	15.167	3.849E-8	1	0	4.03778
712	-84.833	22.5	87.766	677.64	8.3941	1.75	13.1	15.167	3.8485E-8	1	0	4.03802
713	-84.833	23.5	88.028	677.63	8.39361	1.75	13.1	15.167	3.8481E-8	1	0	4.03825
714	-84.833	24.5	88.3	677.62	8.39318	1.75	13.1	15.167	3.8477E-8	1	0	4.03844
715	-84.833	25.5	88.583	677.612	8.39281	1.75	13.1	15.167	3.8474E-8	1	0	4.03861
716	-84.833	26.5	88.876	677.606	8.39251	1.75	13.1	15.167	3.8471E-8	1	0	4.03875
717	-84.833	27.5	89.179	677.601	8.39229	1.75	13.1	15.167	3.8469E-8	1	0	4.03885
718	-84.833	28.5	89.492	677.597	8.39214	1.75	13.1	15.167	3.8468E-8	1	0	4.03892
719	-84.833	29.5	89.816	677.595	8.39206	1.75	13.1	15.167	3.8467E-8	1	0	4.03896
720	-79.333	-29.5	84.64	746.142	8.38707	1.75	13.1	20.667	3.7451E-8	1	0	3.08568
721	-79.333	-28.5	84.297	746.145	8.3872	1.75	13.1	20.667	3.7452E-8	1	0	3.08563
722	-79.333	-27.5	83.964	746.15	8.38746	1.75	13.1	20.667	3.7455E-8	1	0	3.08554
723	-79.333	-26.5	83.642	746.159	8.38785	1.75	13.1	20.667	3.7458E-8	1	0	3.08541
724	-79.333	-25.5	83.33	746.17	8.38836	1.75	13.1	20.667	3.7462E-8	1	0	3.08523
725	-79.333	-24.5	83.03	746.183	8.38899	1.75	13.1	20.667	3.7468E-8	1	0	3.08501
726	-79.333	-23.5	82.74	746.199	8.38972	1.75	13.1	20.667	3.7474E-8	1	0	3.08475
727	-79.333	-22.5	82.462	746.217	8.39056	1.75	13.1	20.667	3.7481E-8	1	0	3.08446
728	-79.333	-21.5	82.195	746.237	8.3915	1.75	13.1	20.667	3.7489E-8	1	0	3.08414
729	-79.333	-20.5	81.939	746.258	8.39251	1.75	13.1	20.667	3.7498E-8	1	0	3.08379
730	-79.333	-19.5	81.694	746.282	8.3936	1.75	13.1	20.667	3.7508E-8	1	0	3.08341
731	-79.333	-18.5	81.461	746.306	8.39475	1.75	13.1	20.667	3.7518E-8	1	0	3.08301
732	-79.333	-17.5	81.24	746.332	8.39594	1.75	13.1	20.667	3.7528E-8	1	0	3.08259
733	-79.333	-16.5	81.031	746.358	8.39717	1.75	13.1	20.667	3.7539E-8	1	0	3.08217
734	-79.333	-15.5	80.833	746.385	8.39842	1.75	13.1	20.667	3.7549E-8	1	0	3.08173
735	-79.333	-14.5	80.647	746.412	8.39968	1.75	13.1	20.667	3.756E-8	1	0	3.0813
736	-79.333	-13.5	80.473	746.438	8.40093	1.75	13.1	20.667	3.7571E-8	1	0	3.08086
737	-79.333	-12.5	80.312	746.465	8.40216	1.75	13.1	20.667	3.7582E-8	1	0	3.08044
738	-79.333	-11.5	80.162	746.49	8.40336	1.75	13.1	20.667	3.7592E-8	1	0	3.08002
739	-79.333	-10.5	80.025	746.515	8.40451	1.75	13.1	20.667	3.7602E-8	1	0	3.07963
740	-79.333	-9.5	79.9	746.538	8.40559	1.75	13.1	20.667	3.7611E-8	1	0	3.07925
741	-79.333	-8.5	79.787	746.56	8.40661	1.75	13.1	20.667	3.762E-8	1	0	3.0789
742	-79.333	-7.5	79.687	746.58	8.40755	1.75	13.1	20.667	3.7628E-8	1	0	3.07857
743	-79.333	-6.5	79.599	746.598	8.40839	1.75	13.1	20.667	3.7635E-8	1	0	3.07828
744	-79.333	-5.5	79.523	746.614	8.40913	1.75	13.1	20.667	3.7642E-8	1	0	3.07802
745	-79.333	-4.5	79.46	746.627	8.40976	1.75	13.1	20.667	3.7647E-8	1	0	3.07781
746	-79.333	-3.5	79.41	746.638	8.41027	1.75	13.1	20.667	3.7652E-8	1	0	3.07763
747	-79.333	-2.5	79.372	746.646	8.41066	1.75	13.1	20.667	3.7655E-8	1	0	3.07749
748	-79.333	-1.5	79.347	746.652	8.41092	1.75	13.1	20.667	3.7657E-8	1	0	3.0774
749	-79.333	-0.5	79.334	746.655	8.41106	1.75	13.1	20.667	3.7659E-8	1	0	3.07736
750	-79.333	0.5	79.334	746.655	8.41106	1.75	13.1	20.667	3.7659E-8	1	0	3.07736
751	-79.333	1.5	79.347	746.652	8.41092	1.75	13.1	20.667	3.7657E-8	1	0	3.0774
752	-79.333	2.5	79.372	746.646	8.41066	1.75	13.1	20.667	3.7655E-8	1	0	3.07749
753	-79.333	3.5	79.41	746.638	8.41027	1.75	13.1	20.667	3.7652E-8	1	0	3.07763
754	-79.333	4.5	79.46	746.627	8.40976	1.75	13.1	20.667	3.7647E-8	1	0	3.07781
755	-79.333	5.5	79.523	746.614	8.40913	1.75	13.1	20.667	3.7642E-8	1	0	3.07802
756	-79.333	6.5	79.599	746.598	8.40839	1.75	13.1	20.667	3.7635E-8	1	0	3.07828
757	-79.333	7.5	79.687	746.58	8.40755	1.75	13.1	20.667	3.7628E-8	1	0	3.07857
758	-79.333	8.5	79.787	746.56	8.40661	1.75	13.1	20.667	3.762E-8	1	0	3.0789
759	-79.333	9.5	79.9	746.538	8.40559	1.75	13.1	20.667	3.7611E-8	1	0	3.07925
760	-79.333	10.5	80.025	746.515	8.40451	1.75	13.1	20.667	3.7602E-8	1	0	3.07963
761	-79.333	11.5	80.162	746.49	8.40336	1.75	13.1	20.667	3.7592E-8	1	0	3.08002
762	-79.333	12.5	80.312	746.465	8.40216	1.75	13.1	20.667	3.7582E-8	1	0	3.08044
763	-79.333	13.5	80.473	746.438	8.40093	1.75	13.1	20.667	3.7571E-8	1	0	3.08086
764	-79.333	14.5	80.647	746.412	8.39968	1.75	13.1	20.667	3.756E-8	1	0	3.0813
765	-79.333	15.5	80.833	746.385	8.39842	1.75	13.1	20.667	3.7549E-8	1	0	3.08173
766	-79.333	16.5	81.031	746.358	8.39717	1.75	13.1	20.667	3.7539E-8	1	0	3.08217
767	-79.333	17.5	81.24	746.332	8.39594	1.75	13.1	20.667	3.7528E-8	1	0	3.08259
768	-79.333	18.5	81.461	746.306	8.39475	1.75	13.1	20.667	3.7518E-8	1	0	3.08301
769	-79.333	19.5	81.694	746.282	8.3936	1.75	13.1	20.667	3.7508E-8	1	0	3.08341
770	-79.333	20.5	81.939	746.258	8.39251	1.75	13.1	20.667	3.7498E-8	1	0	3.08379
771	-79.333	21.5	82.195	746.237	8.3915	1.75	13.1	20.667	3.7489E-8	1	0	3.08414
772	-79.333	22.5	82.462	746.217	8.39056	1.75	13.1	20.667	3.7481E-8	1	0	3.08446
773	-79.333	23.5	82.74	746.199	8.38972	1.75	13.1	20.667	3.7474E-8	1	0	3.08475
774	-79.333	24.5	83.03	746.183	8.38899	1.75	13.1	20.667	3.7468E-8	1	0	3.08501
775	-79.333	25.5	83.33	746.17	8.38836	1.75	13.1	20.667	3.7462E-8	1	0	3.08523
776	-79.333	26.5	83.642	746.159	8.38785	1.75	13.1	20.667	3.7458E-8	1	0	3.08541
777	-79.333	27.5	83.964	746.15	8.38746	1.75	13.1	20.667	3.7455E-8	1	0	3.08554
778	-79.333	28.5	84.297	746.145	8.3872	1.75	13.1	20.667	3.7452E-8	1	0	3.08563
779	-79.333	29.5	84.64	746.142	8.38707	1.75	13.1	20.667	3.7451E-8	1	0	3.08568
780	-74.169	-29.5	79.821	803.809	8.37895	1.75	13.1	25.831	3.6564E-8	1	0	2.57917
781	-74.169	-28.5	79.457	803.813	8.37917	1.75	13.1	25.831	3.6566E-8	1	0	2.57911
782	-74.169	-27.5	79.103	803.822	8.37961	1.75	13.1	25.831	3.657E-8	1	0	2.57898
783	-74.169	-26.5	78.761	803.835	8.38026	1.75	13.1	25.831	3.6575E-8	1	0	2.57879
784	-74.169	-25.5	78.431	803.852	8.38111	1.75	13.1	25.831	3.6582E-8	1	0	2.57854
785	-74.169	-24.5	78.111	803.874	8.38217	1.75	13.1	25.831	3.6591E-8	1	0	2.57824
786	-74.169	-23.5	77.803	803.899	8.3834	1.75	13.1	25.831	3.6602E-8	1	0	2.57788
787	-74.169	-22.5	77.507	803.927	8.38481	1.75	13.1	25.831	3.6614E-8	1	0	2.57747
788	-74.169	-21.5	77.223	803.959	8.38638	1.75	13.1	25.831	3.6627E-8	1	0	2.57702
789	-74.169	-20.5	76.95	803.993	8.38808	1.75	13.1	25.831	3.6641E-8	1	0	2.57652
790	-74.169	-19.5	76.69	804.03	8.3899	1.75	13.1	25.831	3.6657E-8	1	0	2.57599
791	-74.169	-18.5	76.442	804.069	8.39183	1.75	13.1	25.831	3.6673E-8	1	0	2.57544
792	-74.169	-17.5	76.206	804.109	8.39383	1.75	13.1	25.831	3.669E-8	1	0	2.57486
793	-74.169	-16.5	75.983	804.151	8.3959	1.75	13.1	25.831	3.6707E-8	1	0	2.57426
794	-74.169	-15.5	75.772	804.193	8.39799	1.75	13.1	25.831	3.6725E-8	1	0	2.57365
795	-74.169	-14.5	75.574	804.235	8.4001	1.75	13.1	25.831	3.6743E-8	1	0	2.57304
796	-74.169	-13.5	75.388	804.278	8.4022	1.75	13.1	25.831	3.6761E-8	1	0	2.57244
797	-74.169	-12.5	75.215	804.319	8.40427	1.75	13.1	25.831	3.6778E-8	1	0	2.57184
798	-74.169	-11.5	75.056	804.36	8.40628	1.75	13.1	25.831	3.6795E-8	1	0	2.57126
799	-74.169	-10.5	74.909	804.399	8.40821	1.75	13.1	25.831	3.6811E-8	1	0	2.5707
800	-74.169	-9.5	74.775	804.436	8.41003	1.75	13.1	25.831	3.6827E-8	1	0	2.57017
801	-74.169	-8.5	74.655	804.47	8.41174	1.75	13.1	25.831	3.6841E-8	1	0	2.56968
802	-74.169	-7.5	74.548	804.502	8.41332	1.75	13.1	25.831	3.6855E-8	1	0	2.56923
803	-74.169	-6.5	74.454	804.53	8.41473	1.75	13.1	25.831	3.6867E-8	1	0	2.56882
804	-74.169	-5.5	74.373	804.555	8.41597	1.75	13.1	25.831	3.6877E-8	1	0	2.56846
805	-74.169	-4.5	74.306	804.576	8.41703	1.75	13.1	25.831	3.6886E-8	1	0	2.56816
806	-74.169	-3.5	74.252	804.594	8.41789	1.75	13.1	25.831	3.6894E-8	1	0	2.56791
807	-74.169	-2.5	74.212	804.607	8.41855	1.75	13.1	25.831	3.6899E-8	1	0	2.56772
808	-74.169	-1.5	74.185	804.616	8.41898	1.75	13.1	25.831	3.6903E-8	1	0	2.5676
809	-74.169	-0.5	74.171	804.62	8.41921	1.75	13.1	25.831	3.6905E-8	1	0	2.56753
810	-74.169	0.5	74.171	804.62	8.41921	1.75	13.1	25.831	3.6905E-8	1	0	2.56753
811	-74.169	1.5	74.185	804.616	8.41898	1.75	13.1	25.831	3.6903E-8	1	0	2.5676
812	-74.169	2.5	74.212	804.607	8.41855	1.75	13.1	25.831	3.6899E-8	1	0	2.56772
813	-74.169	3.5	74.252	804.594	8.41789	1.75	13.1	25.831	3.6894E-8	1	0	2.56791
814	-74.169	4.5	74.306	804.576	8.41703	1.75	13.1	25.831	3.6886E-8	1	0	2.56816
815	-74.169	5.5	74.373	804.555	8.41597	1.75	13.1	25.831	3.6877E-8	1	0	2.56846
816	-74.169	6.5	74.454	804.53	8.41473	1.75	13.1	25.831	3.6867E-8	1	0	2.56882
817	-74.169	7.5	74.548	804.502	8.41332	1.75	13.1	25.831	3.6855E-8	1	0	2.56923
818	-74.169	8.5	74.655	804.47	8.41174	1.75	13.1	25.831	3.6841E-8	1	0	2.56968
819	-74.169	9.5	74.775	804.436	8.41003	1.75	13.1	25.831	3.6827E-8	1	0	2.57017
820	-74.169	10.5	74.909	804.399	8.40821	1.75	13.1	25.831	3.6811E-8	1	0	2.5707
821	-74.169	11.5	75.056	804.36	8.40628	1.75	13.1	25.831	3.6795E-8	1	0	2.57126
822	-74.169	12.5	75.215	804.319	8.40427	1.75	13.1	25.831	3.6778E-8	1	0	2.57184
823	-74.169	13.5	75.388	804.278	8.4022	1.75	13.1	25.831	3.6761E-8	1	0	2.57244
824	-74.169	14.5	75.574	804.235	8.4001	1.75	13.1	25.831	3.6743E-8	1	0	2.57304
825	-74.169	15.5	75.772	804.193	8.39799	1.75	13.1	25.831	3.6725E-8	1	0	2.57365
826	-74.169	16.5	75.983	804.151	8.3959	1.75	13.1	25.831	3.6707E-8	1	0	2.57426
827	-74.169	17.5	76.206	804.109	8.39383	1.75	13.1	25.831	3.669E-8	1	0	2.57486
828	-74.169	18.5	76.442	804.069	8.39183	1.75	13.1	25.831	3.6673E-8	1	0	2.57544
829	-74.169	19.5	76.69	804.03	8.3899	1.75	13.1	25.831	3.6657E-8	1	0	2.57599
830	-74.169	20.5	76.95	803.993	8.38808	1.75	13.1	25.831	3.6641E-8	1	0	2.57652
831	-74.169	21.5	77.223	803.959	8.38638	1.75	13.1	25.831	3.6627E-8	1	0	2.57702
832	-74.169	22.5	77.507	803.927	8.38481	1.75	13.1	25.831	3.6614E-8	1	0	2.57747
833	-74.169	23.5	77.803	803.899	8.3834	1.75	13.1	25.831	3.6602E-8	1	0	2.57788
834	-74.169	24.5	78.111	803.874	8.38217	1.75	13.1	25.831	3.6591E-8	1	0	2.57824
835	-74.169	25.5	78.431	803.852	8.38111	1.75	13.1	25.831	3.6582E-8	1	0	2.57854
836	-74.169	26.5	78.761	803.835	8.38026	1.75	13.1	25.831	3.6575E-8	1	0	2.57879
837	-74.169	27.5	79.103	803.822	8.37961	1.75	13.1	25.831	3.657E-8	1	0	2.57898
838	-74.169	28.5	79.457	803.813	8.37917	1.75	13.1	25.831	3.6566E-8	1	0	2.57911
839	-74.169	29.5	79.821	803.809	8.37895	1.75	13.1	25.831	3.6564E-8	1	0	2.57917
840	-69.9	-29.5	75.87	846.642	8.36813	1.75	13.1	30.1	3.5866E-8	1	0	2.30414
841	-69.9	-28.5	75.486	846.648	8.36846	1.75	13.1	30.1	3.5869E-8	1	0	2.30405
842	-69.9	-27.5	75.115	846.661	8.36914	1.75	13.1	30.1	3.5874E-8	1	0	2.30387
843	-69.9	-26.5	74.754	846.68	8.37014	1.75	13.1	30.1	3.5883E-8	1	0	2.30361
844	-69.9	-25.5	74.406	846.705	8.37145	1.75	13.1	30.1	3.5894E-8	1	0	2.30327
845	-69.9	-24.5	74.069	846.736	8.37307	1.75	13.1	30.1	3.5907E-8	1	0	2.30285
846	-69.9	-23.5	73.744	846.772	8.37497	1.75	13.1	30.1	3.5923E-8	1	0	2.30236
847	-69.9	-22.5	73.432	846.813	8.37714	1.75	13.1	30.1	3.5941E-8	1	0	2.3018
848	-69.9	-21.5	73.131	846.859	8.37955	1.75	13.1	30.1	3.5961E-8	1	0	2.30117
849	-69.9	-20.5	72.844	846.909	8.38217	1.75	13.1	30.1	3.5983E-8	1	0	2.30049
850	-69.9	-19.5	72.569	846.962	8.38497	1.75	13.1	30.1	3.6006E-8	1	0	2.29977
851	-69.9	-18.5	72.306	847.018	8.38794	1.75	13.1	30.1	3.6031E-8	1	0	2.299
852	-69.9	-17.5	72.057	847.077	8.39102	1.75	13.1	30.1	3.6056E-8	1	0	2.2982
853	-69.9	-16.5	71.821	847.137	8.3942	1.75	13.1	30.1	3.6083E-8	1	0	2.29738
854	-69.9	-15.5	71.597	847.198	8.39742	1.75	13.1	30.1	3.611E-8	1	0	2.29655
855	-69.9	-14.5	71.388	847.26	8.40067	1.75	13.1	30.1	3.6137E-8	1	0	2.29571
856	-69.9	-13.5	71.191	847.321	8.4039	1.75	13.1	30.1	3.6164E-8	1	0	2.29488
857	-69.9	-12.5	71.008	847.382	8.40708	1.75	13.1	30.1	3.619E-8	1	0	2.29406
858	-69.9	-11.5	70.839	847.44	8.41018	1.75	13.1	30.1	3.6216E-8	1	0	2.29327
859	-69.9	-10.5	70.684	847.497	8.41315	1.75	13.1	30.1	3.6241E-8	1	0	2.2925
860	-69.9	-9.5	70.542	847.55	8.41597	1.75	13.1	30.1	3.6264E-8	1	0	2.29178
861	-69.9	-8.5	70.414	847.6	8.4186	1.75	13.1	30.1	3.6286E-8	1	0	2.2911
862	-69.9	-7.5	70.301	847.646	8.42102	1.75	13.1	30.1	3.6307E-8	1	0	2.29048
863	-69.9	-6.5	70.201	847.687	8.4232	1.75	13.1	30.1	3.6325E-8	1	0	2.28992
864	-69.9	-5.5	70.116	847.723	8.42512	1.75	13.1	30.1	3.6341E-8	1	0	2.28943
865	-69.9	-4.5	70.044	847.754	8.42675	1.75	13.1	30.1	3.6354E-8	1	0	2.28901
866	-69.9	-3.5	69.987	847.779	8.42807	1.75	13.1	30.1	3.6365E-8	1	0	2.28867
867	-69.9	-2.5	69.944	847.798	8.42908	1.75	13.1	30.1	3.6374E-8	1	0	2.28841
868	-69.9	-1.5	69.916	847.811	8.42976	1.75	13.1	30.1	3.638E-8	1	0	2.28824
869	-69.9	-0.5	69.901	847.818	8.4301	1.75	13.1	30.1	3.6382E-8	1	0	2.28815
870	-69.9	0.5	69.901	847.818	8.4301	1.75	13.1	30.1	3.6382E-8	1	0	2.28815
871	-69.9	1.5	69.916	847.811	8.42976	1.75	13.1	30.1	3.638E-8	1	0	2.28824
872	-69.9	2.5	69.944	847.798	8.42908	1.75	13.1	30.1	3.6374E-8	1	0	2.28841
873	-69.9	3.5	69.987	847.779	8.42807	1.75	13.1	30.1	3.6365E-8	1	0	2.28867
874	-69.9	4.5	70.044	847.754	8.42675	1.75	13.1	30.1	3.6354E-8	1	0	2.28901
875	-69.9	5.5	70.116	847.723	8.42512	1.75	13.1	30.1	3.6341E-8	1	0	2.28943
876	-69.9	6.5	70.201	847.687	8.4232	1.75	13.1	30.1	3.6325E-8	1	0	2.28992
877	-69.9	7.5	70.301	847.646	8.42102	1.75	13.1	30.1	3.6307E-8	1	0	2.29048
878	-69.9	8.5	70.414	847.6	8.4186	1.75	13.1	30.1	3.6286E-8	1	0	2.2911
879	-69.9	9.5	70.542	847.55	8.41597	1.75	13.1	30.1	3.6264E-8	1	0	2.29178
880	-69.9	10.5	70.684	847.497	8.41315	1.75	13.1	30.1	3.6241E-8	1	0	2.2925
881	-69.9	11.5	70.839	847.44	8.41018	1.75	13.1	30.1	3.6216E-8	1	0	2.29327
882	-69.9	12.5	71.008	847.382	8.40708	1.75	13.1	30.1	3.619E-8	1	0	2.29406
883	-69.9	13.5	71.191	847.321	8.4039	1.75	13.1	30.1	3.6164E-8	1	0	2.29488
884	-69.9	14.5	71.388	847.26	8.40067	1.75	13.1	30.1	3.6137E-8	1	0	2.29571
885	-69.9	15.5	71.597	847.198	8.39742	1.75	13.1	30.1	3.611E-8	1	0	2.29655
886	-69.9	16.5	71.821	847.137	8.3942	1.75	13.1	30.1	3.6083E-8	1	0	2.29738
887	-69.9	17.5	72.057	847.077	8.39102	1.75	13.1	30.1	3.6056E-8	1	0	2.2982
888	-69.9	18.5	72.306	847.018	8.38794	1.75	13.1	30.1	3.6031E-8	1	0	2.299
889	-69.9	19.5	72.569	846.962	8.38497	1.75	13.1	30.1	3.6006E-8	1	0	2.29977
890	-69.9	20.5	72.844	846.909	8.38217	1.75	13.1	30.1	3.5983E-8	1	0	2.30049
891	-69.9	21.5	73.131	846.859	8.37955	1.75	13.1	30.1	3.5961E-8	1	0	2.30117
892	-69.9	22.5	73.432	846.813	8.37714	1.75	13.1	30.1	3.5941E-8	1	0	2.3018
893	-69.9	23.5	73.744	846.772	8.37497	1.75	13.1	30.1	3.5923E-8	1	0	2.30236
894	-69.9	24.5	74.069	846.736	8.37307	1.75	13.1	30.1	3.5907E-8	1	0	2.30285
895	-69.9	25.5	74.406	846.705	8.37145	1.75	13.1	30.1	3.5894E-8	1	0	2.30327
896	-69.9	26.5	74.754	846.68	8.37014	1.75	13.1	30.1	3.5883E-8	1	0	2.30361
897	-69.9	27.5	75.115	846.661	8.36914	1.75	13.1	30.1	3.5874E-8	1	0	2.30387
898	-69.9	28.5	75.486	846.648	8.36846	1.75	13.1	30.1	3.5869E-8	1	0	2.30405
899	-69.9	29.5	75.87	846.642	8.36813	1.75	13.1	30.1	3.5866E-8	1	0	2.30414
900	-66.615	-29.5	72.855	876.577	8.35576	1.75	13.1	33.385	3.5339E-8	1	0	2.14762
901	-66.615	-28.5	72.456	876.585	8.35623	1.75	13.1	33.385	3.5343E-8	1	0	2.1475
902	-66.615	-27.5	72.068	876.602	8.35717	1.75	13.1	33.385	3.5351E-8	1	0	2.14727
903	-66.615	-26.5	71.693	876.627	8.35857	1.75	13.1	33.385	3.5363E-8	1	0	2.14694
904	-66.615	-25.5	71.329	876.66	8.36041	1.75	13.1	33.385	3.5378E-8	1	0	2.14649
905	-66.615	-24.5	70.978	876.7	8.36267	1.75	13.1	33.385	3.5396E-8	1	0	2.14594
906	-66.615	-23.5	70.639	876.748	8.36534	1.75	13.1	33.385	3.5418E-8	1	0	2.1453
907	-66.615	-22.5	70.312	876.802	8.36837	1.75	13.1	33.385	3.5443E-8	1	0	2.14456
908	-66.615	-21.5	69.999	876.862	8.37174	1.75	13.1	33.385	3.5471E-8	1	0	2.14375
909	-66.615	-20.5	69.698	876.928	8.37541	1.75	13.1	33.385	3.5501E-8	1	0	2.14286
910	-66.615	-19.5	69.41	876.998	8.37934	1.75	13.1	33.385	3.5533E-8	1	0	2.14191
911	-66.615	-18.5	69.136	877.072	8.38348	1.75	13.1	33.385	3.5567E-8	1	0	2.14091
912	-66.615	-17.5	68.875	877.149	8.3878	1.75	13.1	33.385	3.5603E-8	1	0	2.13987
913	-66.615	-16.5	68.628	877.229	8.39225	1.75	13.1	33.385	3.564E-8	1	0	2.1388
914	-66.615	-15.5	68.395	877.309	8.39677	1.75	13.1	33.385	3.5677E-8	1	0	2.13771
915	-66.615	-14.5	68.175	877.391	8.40132	1.75	13.1	33.385	3.5714E-8	1	0	2.13662
916	-66.615	-13.5	67.969	877.471	8.40585	1.75	13.1	33.385	3.5752E-8	1	0	2.13553
917	-66.615	-12.5	67.778	877.551	8.41031	1.75	13.1	33.385	3.5789E-8	1	0	2.13446
918	-66.615	-11.5	67.6	877.628	8.41464	1.75	13.1	33.385	3.5824E-8	1	0	2.13343
919	-66.615	-10.5	67.437	877.703	8.41881	1.75	13.1	33.385	3.5859E-8	1	0	2.13243
920	-66.615	-9.5	67.289	877.773	8.42276	1.75	13.1	33.385	3.5891E-8	1	0	2.13148
921	-66.615	-8.5	67.155	877.839	8.42645	1.75	13.1	33.385	3.5922E-8	1	0	2.1306
922	-66.615	-7.5	67.036	877.899	8.42985	1.75	13.1	33.385	3.595E-8	1	0	2.12979
923	-66.615	-6.5	66.931	877.954	8.4329	1.75	13.1	33.385	3.5975E-8	1	0	2.12906
924	-66.615	-5.5	66.842	878.002	8.43559	1.75	13.1	33.385	3.5998E-8	1	0	2.12842
925	-66.615	-4.5	66.767	878.042	8.43788	1.75	13.1	33.385	3.6017E-8	1	0	2.12788
926	-66.615	-3.5	66.707	878.076	8.43974	1.75	13.1	33.385	3.6032E-8	1	0	2.12744
927	-66.615	-2.5	66.662	878.101	8.44115	1.75	13.1	33.385	3.6044E-8	1	0	2.1271
928	-66.615	-1.5	66.632	878.118	8.4421	1.75	13.1	33.385	3.6052E-8	1	0	2.12687
929	-66.615	-0.5	66.617	878.126	8.44258	1.75	13.1	33.385	3.6055E-8	1	0	2.12676
930	-66.615	0.5	66.617	878.126	8.44258	1.75	13.1	33.385	3.6055E-8	1	0	2.12676
931	-66.615	1.5	66.632	878.118	8.4421	1.75	13.1	33.385	3.6052E-8	1	0	2.12687
932	-66.615	2.5	66.662	878.101	8.44115	1.75	13.1	33.385	3.6044E-8	1	0	2.1271
933	-66.615	3.5	66.707	878.076	8.43974	1.75	13.1	33.385	3.6032E-8	1	0	2.12744
934	-66.615	4.5	66.767	878.042	8.43788	1.75	13.1	33.385	3.6017E-8	1	0	2.12788
935	-66.615	5.5	66.842	878.002	8.43559	1.75	13.1	33.385	3.5998E-8	1	0	2.12842
936	-66.615	6.5	66.931	877.954	8.4329	1.75	13.1	33.385	3.5975E-8	1	0	2.12906
937	-66.615	7.5	67.036	877.899	8.42985	1.75	13.1	33.385	3.595E-8	1	0	2.12979
938	-66.615	8.5	67.155	877.839	8.42645	1.75	13.1	33.385	3.5922E-8	1	0	2.1306
939	-66.615	9.5	67.289	877.773	8.42276	1.75	13.1	33.385	3.5891E-8	1	0	2.13148
940	-66.615	10.5	67.437	877.703	8.41881	1.75	13.1	33.385	3.5859E-8	1	0	2.13243
941	-66.615	11.5	67.6	877.628	8.41464	1.75	13.1	33.385	3.5824E-8	1	0	2.13343
942	-66.615	12.5	67.778	877.551	8.41031	1.75	13.1	33.385	3.5789E-8	1	0	2.13446
943	-66.615	13.5	67.969	877.471	8.40585	1.75	13.1	33.385	3.5752E-8	1	0	2.13553
944	-66.615	14.5	68.175	877.391	8.40132	1.75	13.1	33.385	3.5714E-8	1	0	2.13662
945	-66.615	15.5	68.395	877.309	8.39677	1.75	13.1	33.385	3.5677E-8	1	0	2.13771
946	-66.615	16.5	68.628	877.229	8.39225	1.75	13.1	33.385	3.564E-8	1	0	2.1388
947	-66.615	17.5	68.875	877.149	8.3878	1.75	13.1	33.385	3.5603E-8	1	0	2.13987
948	-66.615	18.5	69.136	877.072	8.38348	1.75	13.1	33.385	3.5567E-8	1	0	2.14091
949	-66.615	19.5	69.41	876.998	8.37934	1.75	13.1	33.385	3.5533E-8	1	0	2.14191
950	-66.615	20.5	69.698	876.928	8.37541	1.75	13.1	33.385	3.5501E-8	1	0	2.14286
951	-66.615	21.5	69.999	876.862	8.37174	1.75	13.1	33.385	3.5471E-8	1	0	2.14375
952	-66.615	22.5	70.312	876.802	8.36837	1.75	13.1	33.385	3.5443E-8	1	0	2.14456
953	-66.615	23.5	70.639	876.748	8.36534	1.75	13.1	33.385	3.5418E-8	1	0	2.1453
954	-66.615	24.5	70.978	876.7	8.36267	1.75	13.1	33.385	3.5396E-8	1	0	2.14594
955	-66.615	25.5	71.329	876.66	8.36041	1.75	13.1	33.385	3.5378E-8	1	0	2.14649
956	-66.615	26.5	71.693	876.627	8.35857	1.75	13.1	33.385	3.5363E-8	1	0	2.14694
957	-66.615	27.5	72.068	876.602	8.35717	1.75	13.1	33.385	3.5351E-8	1	0	2.14727
958	-66.615	28.5	72.456	876.585	8.35623	1.75	13.1	33.385	3.5343E-8	1	0	2.1475
959	-66.615	29.5	72.855	876.577	8.35576	1.75	13.1	33.385	3.5339E-8	1	0	2.14762
960	-64.089	-29.5	70.552	897.833	8.34286	1.75	13.1	35.912	3.4933E-8	1	0	2.05076
961	-64.089	-28.5	70.14	897.843	8.34347	1.75	13.1	35.912	3.4938E-8	1	0	2.05062
962	-64.089	-27.5	69.739	897.864	8.3447	1.75	13.1	35.912	3.4948E-8	1	0	2.05034
963	-64.089	-26.5	69.351	897.894	8.34651	1.75	13.1	35.912	3.4962E-8	1	0	2.04992
964	-64.089	-25.5	68.975	897.935	8.3489	1.75	13.1	35.912	3.4982E-8	1	0	2.04936
965	-64.089	-24.5	68.612	897.985	8.35183	1.75	13.1	35.912	3.5006E-8	1	0	2.04868
966	-64.089	-23.5	68.261	898.043	8.35529	1.75	13.1	35.912	3.5034E-8	1	0	2.04788
967	-64.089	-22.5	67.923	898.11	8.35922	1.75	13.1	35.912	3.5066E-8	1	0	2.04697
968	-64.089	-21.5	67.599	898.184	8.36359	1.75	13.1	35.912	3.5102E-8	1	0	2.04596
969	-64.089	-20.5	67.287	898.264	8.36835	1.75	13.1	35.912	3.514E-8	1	0	2.04486
970	-64.089	-19.5	66.989	898.351	8.37345	1.75	13.1	35.912	3.5182E-8	1	0	2.04368
971	-64.089	-18.5	66.705	898.442	8.37884	1.75	13.1	35.912	3.5226E-8	1	0	2.04244
972	-64.089	-17.5	66.435	898.537	8.38445	1.75	13.1	35.912	3.5272E-8	1	0	2.04115
973	-64.089	-16.5	66.178	898.634	8.39022	1.75	13.1	35.912	3.5319E-8	1	0	2.03982
974	-64.089	-15.5	65.936	898.734	8.39609	1.75	13.1	35.912	3.5367E-8	1	0	2.03847
975	-64.089	-14.5	65.708	898.834	8.402	1.75	13.1	35.912	3.5416E-8	1	0	2.03712
976	-64.089	-13.5	65.495	898.933	8.40788	1.75	13.1	35.912	3.5464E-8	1	0	2.03577
977	-64.089	-12.5	65.296	899.031	8.41367	1.75	13.1	35.912	3.5511E-8	1	0	2.03445
978	-64.089	-11.5	65.112	899.126	8.41931	1.75	13.1	35.912	3.5557E-8	1	0	2.03316
979	-64.089	-10.5	64.943	899.218	8.42472	1.75	13.1	35.912	3.5602E-8	1	0	2.03193
980	-64.089	-9.5	64.789	899.304	8.42986	1.75	13.1	35.912	3.5644E-8	1	0	2.03076
981	-64.089	-8.5	64.65	899.385	8.43466	1.75	13.1	35.912	3.5683E-8	1	0	2.02966
982	-64.089	-7.5	64.526	899.46	8.43907	1.75	13.1	35.912	3.572E-8	1	0	2.02866
983	-64.089	-6.5	64.417	899.527	8.44305	1.75	13.1	35.912	3.5752E-8	1	0	2.02776
984	-64.089	-5.5	64.324	899.586	8.44654	1.75	13.1	35.912	3.5781E-8	1	0	2.02697
985	-64.089	-4.5	64.246	899.636	8.44952	1.75	13.1	35.912	3.5806E-8	1	0	2.02629
986	-64.089	-3.5	64.184	899.677	8.45194	1.75	13.1	35.912	3.5826E-8	1	0	2.02574
987	-64.089	-2.5	64.137	899.708	8.45377	1.75	13.1	35.912	3.5841E-8	1	0	2.02533
988	-64.089	-1.5	64.106	899.729	8.45501	1.75	13.1	35.912	3.5851E-8	1	0	2.02505
989	-64.089	-0.5	64.09	899.739	8.45563	1.75	13.1	35.912	3.5856E-8	1	0	2.02491
990	-64.089	0.5	64.09	899.739	8.45563	1.75	13.1	35.912	3.5856E-8	1	0	2.02491
991	-64.089	1.5	64.106	899.729	8.45501	1.75	13.1	35.912	3.5851E-8	1	0	2.02505
992	-64.089	2.5	64.137	899.708	8.45377	1.75	13.1	35.912	3.5841E-8	1	0	2.02533
993	-64.089	3.5	64.184	899.677	8.45194	1.75	13.1	35.912	3.5826E-8	1	0	2.02574
994	-64.089	4.5	64.246	899.636	8.44952	1.75	13.1	35.912	3.5806E-8	1	0	2.02629
995	-64.089	5.5	64.324	899.586	8.44654	1.75	13.1	35.912	3.5781E-8	1	0	2.02697
996	-64.089	6.5	64.417	899.527	8.44305	1.75	13.1	35.912	3.5752E-8	1	0	2.02776
997	-64.089	7.5	64.526	899.46	8.43907	1.75	13.1	35.912	3.572E-8	1	0	2.02866
998	-64.089	8.5	64.65	899.385	8.43466	1.75	13.1	35.912	3.5683E-8	1	0	2.02966
999	-64.089	9.5	64.789	899.304	8.42986	1.75	13.1	35.912	3.5644E-8	1	0	2.03076
1000	-64.089	10.5	64.943	899.218	8.42472	1.75	13.1	35.912	3.5602E-8	1	0	2.03193
1001	-64.089	11.5	65.112	899.126	8.41931	1.75	13.1	35.912	3.5557E-8	1	0	2.03316
1002	-64.089	12.5	65.296	899.031	8.41367	1.75	13.1	35.912	3.5511E-8	1	0	2.03445
1003	-64.089	13.5	65.495	898.933	8.40788	1.75	13.1	35.912	3.5464E-8	1	0	2.03577
1004	-64.089	14.5	65.708	898.834	8.402	1.75	13.1	35.912	3.5416E-8	1	0	2.03712
1005	-64.089	15.5	65.936	898.734	8.39609	1.75	13.1	35.912	3.5367E-8	1	0	2.03847
1006	-64.089	16.5	66.178	898.634	8.39022	1.75	13.1	35.912	3.5319E-8	1	0	2.03982
1007	-64.089	17.5	66.435	898.537	8.38445	1.75	13.1	35.912	3.5272E-8	1	0	2.04115
1008	-64.089	18.5	66.705	898.442	8.37884	1.75	13.1	35.912	3.5226E-8	1	0	2.04244
1009	-64.089	19.5	66.989	898.351	8.37345	1.75	13.1	35.912	3.5182E-8	1	0	2.04368
1010	-64.089	20.5	67.287	898.264	8.36835	1.75	13.1	35.912	3.514E-8	1	0	2.04486
1011	-64.089	21.5	67.599	898.184	8.36359	1.75	13.1	35.912	3.5102E-8	1	0	2.04596
1012	-64.089	22.5	67.923	898.11	8.35922	1.75	13.1	35.912	3.5066E-8	1	0	2.04697
1013	-64.089	23.5	68.261	898.043	8.35529	1.75	13.1	35.912	3.5034E-8	1	0	2.04788
1014	-64.089	24.5	68.612	897.985	8.35183	1.75	13.1	35.912	3.5006E-8	1	0	2.04868
1015	-64.089	25.5	68.975	897.935	8.3489	1.75	13.1	35.912	3.4982E-8	1	0	2.04936
1016	-64.089	26.5	69.351	897.894	8.34651	1.75	13.1	35.912	3.4962E-8	1	0	2.04992
1017	-64.089	27.5	69.739	897.864	8.3447	1.75	13.1	35.912	3.4948E-8	1	0	2.05034
1018	-64.089	28.5	70.14	897.843	8.34347	1.75	13.1	35.912	3.4938E-8	1	0	2.05062
1019	-64.089	29.5	70.552	897.833	8.34286	1.75	13.1	35.912	3.4933E-8	1	0	2.05076
1020	-62.145	-29.5	68.791	913.141	8.33033	1.75	13.1	37.855	3.4614E-8	1	0	1.98742
1021	-62.145	-28.5	68.368	913.153	8.33108	1.75	13.1	37.855	3.462E-8	1	0	1.98725
1022	-62.145	-27.5	67.958	913.178	8.33257	1.75	13.1	37.855	3.4632E-8	1	0	1.98691
1023	-62.145	-26.5	67.559	913.213	8.33479	1.75	13.1	37.855	3.465E-8	1	0	1.98641
1024	-62.145	-25.5	67.173	913.261	8.33771	1.75	13.1	37.855	3.4674E-8	1	0	1.98575
1025	-62.145	-24.5	66.8	913.319	8.3413	1.75	13.1	37.855	3.4703E-8	1	0	1.98494
1026	-62.145	-23.5	66.44	913.387	8.34552	1.75	13.1	37.855	3.4737E-8	1	0	1.98399
1027	-62.145	-22.5	66.093	913.465	8.35033	1.75	13.1	37.855	3.4776E-8	1	0	1.98291
1028	-62.145	-21.5	65.759	913.552	8.35567	1.75	13.1	37.855	3.4819E-8	1	0	1.98171
1029	-62.145	-20.5	65.439	913.646	8.3615	1.75	13.1	37.855	3.4866E-8	1	0	1.98041
1030	-62.145	-19.5	65.133	913.747	8.36773	1.75	13.1	37.855	3.4917E-8	1	0	1.97901
1031	-62.145	-18.5	64.84	913.853	8.37432	1.75	13.1	37.855	3.4971E-8	1	0	1.97754
1032	-62.145	-17.5	64.562	913.964	8.38118	1.75	13.1	37.855	3.5026E-8	1	0	1.976
1033	-62.145	-16.5	64.298	914.078	8.38824	1.75	13.1	37.855	3.5084E-8	1	0	1.97443
1034	-62.145	-15.5	64.049	914.194	8.39543	1.75	13.1	37.855	3.5142E-8	1	0	1.97283
1035	-62.145	-14.5	63.814	914.311	8.40266	1.75	13.1	37.855	3.5201E-8	1	0	1.97122
1036	-62.145	-13.5	63.594	914.427	8.40986	1.75	13.1	37.855	3.526E-8	1	0	1.96963
1037	-62.145	-12.5	63.39	914.542	8.41695	1.75	13.1	37.79	3.5318E-8	1	0	1.97053
1038	-62.145	-11.5	63.2	914.653	8.42385	1.75	13.1	37.6	3.5374E-8	1	0	1.97622
1039	-62.145	-10.5	63.026	914.76	8.43048	1.75	13.1	37.426	3.5428E-8	1	0	1.98145
1040	-62.145	-9.5	62.867	914.861	8.43677	1.75	13.1	37.267	3.548E-8	1	0	1.98622
1041	-62.145	-8.5	62.724	914.956	8.44266	1.75	13.1	37.124	3.5528E-8	1	0	1.99052
1042	-62.145	-7.5	62.596	915.043	8.44806	1.75	13.1	36.996	3.5572E-8	1	0	1.99435
1043	-62.145	-6.5	62.484	915.122	8.45293	1.75	13.1	36.884	3.5612E-8	1	0	1.99771
1044	-62.145	-5.5	62.388	915.191	8.45722	1.75	13.1	36.788	3.5647E-8	1	0	2.00059
1045	-62.145	-4.5	62.308	915.25	8.46086	1.75	13.1	36.708	3.5677E-8	1	0	2.003
1046	-62.145	-3.5	62.243	915.297	8.46382	1.75	13.1	36.643	3.5701E-8	1	0	2.00492
1047	-62.145	-2.5	62.195	915.334	8.46608	1.75	13.1	36.595	3.572E-8	1	0	2.00637
1048	-62.145	-1.5	62.163	915.358	8.46759	1.75	13.1	36.563	3.5732E-8	1	0	2.00733
1049	-62.145	-0.5	62.147	915.37	8.46836	1.75	13.1	36.547	3.5738E-8	1	0	2.00781
1050	-62.145	0.5	62.147	915.37	8.46836	1.75	13.1	36.547	3.5738E-8	1	0	2.00781
1051	-62.145	1.5	62.163	915.358	8.46759	1.75	13.1	36.563	3.5732E-8	1	0	2.00733
1052	-62.145	2.5	62.195	915.334	8.46608	1.75	13.1	36.595	3.572E-8	1	0	2.00637
1053	-62.145	3.5	62.243	915.297	8.46382	1.75	13.1	36.643	3.5701E-8	1	0	2.00492
1054	-62.145	4.5	62.308	915.25	8.46086	1.75	13.1	36.708	3.5677E-8	1	0	2.003
1055	-62.145	5.5	62.388	915.191	8.45722	1.75	13.1	36.788	3.5647E-8	1	0	2.00059
1056	-62.145	6.5	62.484	915.122	8.45293	1.75	13.1	36.884	3.5612E-8	1	0	1.99771
1057	-62.145	7.5	62.596	915.043	8.44806	1.75	13.1	36.996	3.5572E-8	1	0	1.99435
1058	-62.145	8.5	62.724	914.956	8.44266	1.75	13.1	37.124	3.5528E-8	1	0	1.99052
1059	-62.145	9.5	62.867	914.861	8.43677	1.75	13.1	37.267	3.548E-8	1	0	1.98622
1060	-62.145	10.5	63.026	914.76	8.43048	1.75	13.1	37.426	3.5428E-8	1	0	1.98145
1061	-62.145	11.5	63.2	914.653	8.42385	1.75	13.1	37.6	3.5374E-8	1	0	1.97622
1062	-62.145	12.5	63.39	914.542	8.41695	1.75	13.1	37.79	3.5318E-8	1	0	1.97053
1063	-62.145	13.5	63.594	914.427	8.40986	1.75	13.1	37.855	3.526E-8	1	0	1.96963
1064	-62.145	14.5	63.814	914.311	8.40266	1.75	13.1	37.855	3.5201E-8	1	0	1.97122
1065	-62.145	15.5	64.049	914.194	8.39543	1.75	13.1	37.855	3.5142E-8	1	0	1.97283
1066	-62.145	16.5	64.298	914.078	8.38824	1.75	13.1	37.855	3.5084E-8	1	0	1.97443
1067	-62.145	17.5	64.562	913.964	8.38118	1.75	13.1	37.855	3.5026E-8	1	0	1.976
1068	-62.145	18.5	64.84	913.853	8.37432	1.75	13.1	37.855	3.4971E-8	1	0	1.97754
1069	-62.145	19.5	65.133	913.747	8.36773	1.75	13.1	37.855	3.4917E-8	1	0	1.97901
1070	-62.145	20.5	65.439	913.646	8.3615	1.75	13.1	37.855	3.4866E-8	1	0	1.98041
1071	-62.145	21.5	65.759	913.552	8.35567	1.75	13.1	37.855	3.4819E-8	1	0	1.98171
1072	-62.145	22.5	66.093	913.465	8.35033	1.75	13.1	37.855	3.4776E-8	1	0	1.98291
1073	-62.145	23.5	66.44	913.387	8.34552	1.75	13.1	37.855	3.4737E-8	1	0	1.98399
1074	-62.145	24.5	66.8	913.319	8.3413	1.75	13.1	37.855	3.4703E-8	1	0	1.98494
1075	-62.145	25.5	67.173	913.261	8.33771	1.75	13.1	37.855	3.4674E-8	1	0	1.98575
1076	-62.145	26.5	67.559	913.213	8.33479	1.75	13.1	37.855	3.465E-8	1	0	1.98641
1077	-62.145	27.5	67.958	913.178	8.33257	1.75	13.1	37.855	3.4632E-8	1	0	1.98691
1078	-62.145	28.5	68.368	913.153	8.33108	1.75	13.1	37.855	3.462E-8	1	0	1.98725
1079	-62.145	29.5	68.791	913.141	8.33033	1.75	13.1	37.855	3.4614E-8	1	0	1.98742
1080	-60.65	-29.5	67.444	924.303	8.31879	1.75	13.1	39.35	3.4363E-8	1	0	1.94434
1081	-60.65	-28.5	67.012	924.317	8.31966	1.75	13.1	39.35	3.437E-8	1	0	1.94415
1082	-60.65	-27.5	66.593	924.344	8.3214	1.75	13.1	39.35	3.4384E-8	1	0	1.94376
1083	-60.65	-26.5	66.187	924.384	8.32399	1.75	13.1	39.35	3.4405E-8	1	0	1.94319
1084	-60.65	-25.5	65.793	924.437	8.3274	1.75	13.1	39.35	3.4432E-8	1	0	1.94244
1085	-60.65	-24.5	65.412	924.503	8.33159	1.75	13.1	39.35	3.4466E-8	1	0	1.94151
1086	-60.65	-23.5	65.044	924.58	8.33652	1.75	13.1	39.35	3.4506E-8	1	0	1.94042
1087	-60.65	-22.5	64.689	924.667	8.34213	1.75	13.1	39.089	3.4551E-8	1	0	1.94836
1088	-60.65	-21.5	64.348	924.765	8.34838	1.75	13.1	38.748	3.4601E-8	1	0	1.95918
1089	-60.65	-20.5	64.021	924.871	8.35518	1.75	13.1	38.421	3.4656E-8	1	0	1.96959
1090	-60.65	-19.5	63.708	924.984	8.36246	1.75	13.1	38.108	3.4715E-8	1	0	1.97959
1091	-60.65	-18.5	63.409	925.104	8.37015	1.75	13.1	37.809	3.4777E-8	1	0	1.98915
1092	-60.65	-17.5	63.124	925.229	8.37817	1.75	13.1	37.524	3.4842E-8	1	0	1.99827
1093	-60.65	-16.5	62.854	925.357	8.38642	1.75	13.1	37.254	3.4909E-8	1	0	2.00693
1094	-60.65	-15.5	62.599	925.488	8.39482	1.75	13.1	36.999	3.4977E-8	1	0	2.01513
1095	-60.65	-14.5	62.359	925.619	8.40327	1.75	13.1	36.759	3.5046E-8	1	0	2.02285
1096	-60.65	-13.5	62.134	925.75	8.41169	1.75	13.1	36.534	3.5114E-8	1	0	2.03008
1097	-60.65	-12.5	61.925	925.879	8.41998	1.75	13.1	36.325	3.5181E-8	1	0	2.03682
1098	-60.65	-11.5	61.731	926.004	8.42804	1.75	13.1	36.131	3.5247E-8	1	0	2.04307
1099	-60.65	-10.5	61.552	926.125	8.4358	1.75	13.1	35.952	3.531E-8	1	0	2.0488
1100	-60.65	-9.5	61.39	926.239	8.44316	1.75	13.1	35.79	3.537E-8	1	0	2.05403
1101	-60.65	-8.5	61.243	926.345	8.45004	1.75	13.1	35.643	3.5426E-8	1	0	2.05875
1102	-60.65	-7.5	61.112	926.444	8.45636	1.75	13.1	35.512	3.5478E-8	1	0	2.06295
1103	-60.65	-6.5	60.997	926.532	8.46206	1.75	13.1	35.397	3.5524E-8	1	0	2.06663
1104	-60.65	-5.5	60.899	926.61	8.46707	1.75	13.1	35.299	3.5565E-8	1	0	2.06979
1105	-60.65	-4.5	60.817	926.676	8.47133	1.75	13.1	35.217	3.56E-8	1	0	2.07242
1106	-60.65	-3.5	60.751	926.729	8.4748	1.75	13.1	35.151	3.5629E-8	1	0	2.07453
1107	-60.65	-2.5	60.702	926.77	8.47744	1.75	13.1	35.102	3.565E-8	1	0	2.07611
1108	-60.65	-1.5	60.669	926.798	8.47922	1.75	13.1	35.069	3.5665E-8	1	0	2.07717
1109	-60.65	-0.5	60.652	926.812	8.48011	1.75	13.1	35.052	3.5672E-8	1	0	2.0777
1110	-60.65	0.5	60.652	926.812	8.48011	1.75	13.1	35.052	3.5672E-8	1	0	2.0777
1111	-60.65	1.5	60.669	926.798	8.47922	1.75	13.1	35.069	3.5665E-8	1	0	2.07717
1112	-60.65	2.5	60.702	926.77	8.47744	1.75	13.1	35.102	3.565E-8	1	0	2.07611
1113	-60.65	3.5	60.751	926.729	8.4748	1.75	13.1	35.151	3.5629E-8	1	0	2.07453
1114	-60.65	4.5	60.817	926.676	8.47133	1.75	13.1	35.217	3.56E-8	1	0	2.07242
1115	-60.65	5.5	60.899	926.61	8.46707	1.75	13.1	35.299	3.5565E-8	1	0	2.06979
1116	-60.65	6.5	60.997	926.532	8.46206	1.75	13.1	35.397	3.5524E-8	1	0	2.06663
1117	-60.65	7.5	61.112	926.444	8.45636	1.75	13.1	35.512	3.5478E-8	1	0	2.06295
1118	-60.65	8.5	61.243	926.345	8.45004	1.75	13.1	35.643	3.5426E-8	1	0	2.05875
1119	-60.65	9.5	61.39	926.239	8.44316	1.75	13.1	35.79	3.537E-8	1	0	2.05403
1120	-60.65	10.5	61.552	926.125	8.4358	1.75	13.1	35.952	3.531E-8	1	0	2.0488
1121	-60.65	11.5	61.731	926.004	8.42804	1.75	13.1	36.131	3.5247E-8	1	0	2.04307
1122	-60.65	12.5	61.925	925.879	8.41998	1.75	13.1	36.325	3.5181E-8	1	0	2.03682
1123	-60.65	13.5	62.134	925.75	8.41169	1.75	13.1	36.534	3.5114E-8	1	0	2.03008
1124	-60.65	14.5	62.359	925.619	8.40327	1.75	13.1	36.759	3.5046E-8	1	0	2.02285
1125	-60.65	15.5	62.599	925.488	8.39482	1.75	13.1	36.999	3.4977E-8	1	0	2.01513
1126	-60.65	16.5	62.854	925.357	8.38642	1.75	13.1	37.254	3.4909E-8	1	0	2.00693
1127	-60.65	17.5	63.124	925.229	8.37817	1.75	13.1	37.524	3.4842E-8	1	0	1.99827
1128	-60.65	18.5	63.409	925.104	8.37015	1.75	13.1	37.809	3.4777E-8	1	0	1.98915
1129	-60.65	19.5	63.708	924.984	8.36246	1.75	13.1	38.108	3.4715E-8	1	0	1.97959
1130	-60.65	20.5	64.021	924.871	8.35518	1.75	13.1	38.421	3.4656E-8	1	0	1.96959
1131	-60.65	21.5	64.348	924.765	8.34838	1.75	13.1	38.748	3.4601E-8	1	0	1.95918
1132	-60.65	22.5	64.689	924.667	8.34213	1.75	13.1	39.089	3.4551E-8	1	0	1.94836
1133	-60.65	23.5	65.044	924.58	8.33652	1.75	13.1	39.35	3.4506E-8	1	0	1.94042
1134	-60.65	24.5	65.412	924.503	8.33159	1.75	13.1	39.35	3.4466E-8	1	0	1.94151
1135	-60.65	25.5	65.793	924.437	8.3274	1.75	13.1	39.35	3.4432E-8	1	0	1.94244
1136	-60.65	26.5	66.187	924.384	8.32399	1.75	13.1	39.35	3.4405E-8	1	0	1.94319
1137	-60.65	27.5	66.593	924.344	8.3214	1.75	13.1	39.35	3.4384E-8	1	0	1.94376
1138	-60.65	28.5	67.012	924.317	8.31966	1.75	13.1	39.35	3.437E-8	1	0	1.94415
1139	-60.65	29.5	67.444	924.303	8.31879	1.75	13.1	39.35	3.4363E-8	1	0	1.94434
1140	-59.5	-29.5	66.412	932.527	8.3086	1.75	13.1	40.5	3.4164E-8	1	0	1.91421
1141	-59.5	-28.5	65.973	932.542	8.30958	1.75	13.1	40.373	3.4172E-8	1	0	1.91816
1142	-59.5	-27.5	65.548	932.571	8.31154	1.75	13.1	39.948	3.4188E-8	1	0	1.93198
1143	-59.5	-26.5	65.134	932.616	8.31446	1.75	13.1	39.534	3.4211E-8	1	0	1.94549
1144	-59.5	-25.5	64.734	932.674	8.31829	1.75	13.1	39.134	3.4242E-8	1	0	1.95868
1145	-59.5	-24.5	64.347	932.745	8.32301	1.75	13.1	38.747	3.428E-8	1	0	1.97152
1146	-59.5	-23.5	63.973	932.829	8.32857	1.75	13.1	38.373	3.4325E-8	1	0	1.98398
1147	-59.5	-22.5	63.612	932.925	8.33489	1.75	13.1	38.012	3.4375E-8	1	0	1.99605
1148	-59.5	-21.5	63.265	933.031	8.34193	1.75	13.1	37.665	3.4432E-8	1	0	2.0077
1149	-59.5	-20.5	62.933	933.147	8.34959	1.75	13.1	37.333	3.4494E-8	1	0	2.01892
1150	-59.5	-19.5	62.614	933.271	8.3578	1.75	13.1	37.014	3.456E-8	1	0	2.02968
1151	-59.5	-18.5	62.31	933.402	8.36647	1.75	13.1	36.71	3.463E-8	1	0	2.03998
1152	-59.5	-17.5	62.02	933.539	8.3755	1.75	13.1	36.42	3.4703E-8	1	0	2.0498
1153	-59.5	-16.5	61.745	933.679	8.38481	1.75	13.1	36.145	3.4778E-8	1	0	2.05912
1154	-59.5	-15.5	61.486	933.822	8.39428	1.75	13.1	35.886	3.4854E-8	1	0	2.06794
1155	-59.5	-14.5	61.241	933.966	8.40381	1.75	13.1	35.641	3.4931E-8	1	0	2.07625
1156	-59.5	-13.5	61.012	934.109	8.41331	1.75	13.1	35.412	3.5008E-8	1	0	2.08403
1157	-59.5	-12.5	60.799	934.25	8.42265	1.75	13.1	35.199	3.5084E-8	1	0	2.09128
1158	-59.5	-11.5	60.601	934.387	8.43175	1.75	13.1	35.001	3.5158E-8	1	0	2.09799
1159	-59.5	-10.5	60.419	934.519	8.4405	1.75	13.1	34.819	3.5229E-8	1	0	2.10416
1160	-59.5	-9.5	60.254	934.644	8.4488	1.75	13.1	34.654	3.5297E-8	1	0	2.10978
1161	-59.5	-8.5	60.104	934.76	8.45657	1.75	13.1	34.504	3.536E-8	1	0	2.11485
1162	-59.5	-7.5	59.971	934.868	8.46371	1.75	13.1	34.371	3.5418E-8	1	0	2.11936
1163	-59.5	-6.5	59.854	934.965	8.47014	1.75	13.1	34.254	3.5471E-8	1	0	2.12332
1164	-59.5	-5.5	59.754	935.049	8.4758	1.75	13.1	34.154	3.5517E-8	1	0	2.12671
1165	-59.5	-4.5	59.67	935.122	8.48061	1.75	13.1	34.07	3.5556E-8	1	0	2.12954
1166	-59.5	-3.5	59.603	935.181	8.48453	1.75	13.1	34.003	3.5588E-8	1	0	2.1318
1167	-59.5	-2.5	59.552	935.225	8.48751	1.75	13.1	33.952	3.5612E-8	1	0	2.1335
1168	-59.5	-1.5	59.519	935.255	8.48951	1.75	13.1	33.919	3.5629E-8	1	0	2.13463
1169	-59.5	-0.5	59.502	935.271	8.49052	1.75	13.1	33.902	3.5637E-8	1	0	2.1352
1170	-59.5	0.5	59.502	935.271	8.49052	1.75	13.1	33.902	3.5637E-8	1	0	2.1352
1171	-59.5	1.5	59.519	935.255	8.48951	1.75	13.1	33.919	3.5629E-8	1	0	2.13463
1172	-59.5	2.5	59.552	935.225	8.48751	1.75	13.1	33.952	3.5612E-8	1	0	2.1335
1173	-59.5	3.5	59.603	935.181	8.48453	1.75	13.1	34.003	3.5588E-8	1	0	2.1318
1174	-59.5	4.5	59.67	935.122	8.48061	1.75	13.1	34.07	3.5556E-8	1	0	2.12954
1175	-59.5	5.5	59.754	935.049	8.4758	1.75	13.1	34.154	3.5517E-8	1	0	2.12671
1176	-59.5	6.5	59.854	934.965	8.47014	1.75	13.1	34.254	3.5471E-8	1	0	2.12332
1177	-59.5	7.5	59.971	934.868	8.46371	1.75	13.1	34.371	3.5418E-8	1	0	2.11936
1178	-59.5	8.5	60.104	934.76	8.45657	1.75	13.1	34.504	3.536E-8	1	0	2.11485
1179	-59.5	9.5	60.254	934.644	8.4488	1.75	13.1	34.654	3.5297E-8	1	0	2.10978
1180	-59.5	10.5	60.419	934.519	8.4405	1.75	13.1	34.819	3.5229E-8	1	0	2.10416
1181	-59.5	11.5	60.601	934.387	8.43175	1.75	13.1	35.001	3.5158E-8	1	0	2.09799
1182	-59.5	12.5	60.799	934.25	8.42265	1.75	13.1	35.199	3.5084E-8	1	0	2.09128
1183	-59.5	13.5	61.012	934.109	8.41331	1.75	13.1	35.412	3.5008E-8	1	0	2.08403
1184	-59.5	14.5	61.241	933.966	8.40381	1.75	13.1	35.641	3.4931E-8	1	0	2.07625
1185	-59.5	15.5	61.486	933.822	8.39428	1.75	13.1	35.886	3.4854E-8	1	0	2.06794
1186	-59.5	16.5	61.745	933.679	8.38481	1.75	13.1	36.145	3.4778E-8	1	0	2.05912
1187	-59.5	17.5	62.02	933.539	8.3755	1.75	13.1	36.42	3.4703E-8	1	0	2.0498
1188	-59.5	18.5	62.31	933.402	8.36647	1.75	13.1	36.71	3.463E-8	1	0	2.03998
1189	-59.5	19.5	62.614	933.271	8.3578	1.75	13.1	37.014	3.456E-8	1	0	2.02968
1190	-59.5	20.5	62.933	933.147	8.34959	1.75	13.1	37.333	3.4494E-8	1	0	2.01892
1191	-59.5	21.5	63.265	933.031	8.34193	1.75	13.1	37.665	3.4432E-8	1	0	2.0077
1192	-59.5	22.5	63.612	932.925	8.33489	1.75	13.1	38.012	3.4375E-8	1	0	1.99605
1193	-59.5	23.5	63.973	932.829	8.32857	1.75	13.1	38.373	3.4325E-8	1	0	1.98398
1194	-59.5	24.5	64.347	932.745	8.32301	1.75	13.1	38.747	3.428E-8	1	0	1.97152
1195	-59.5	25.5	64.734	932.674	8.31829	1.75	13.1	39.134	3.4242E-8	1	0	1.95868
1196	-59.5	26.5	65.134	932.616	8.31446	1.75	13.1	39.534	3.4211E-8	1	0	1.94549
1197	-59.5	27.5	65.548	932.571	8.31154	1.75	13.1	39.948	3.4188E-8	1	0	1.93198
1198	-59.5	28.5	65.973	932.542	8.30958	1.75	13.1	40.373	3.4172E-8	1	0	1.91816
1199	-59.5	29.5	66.412	932.527	8.3086	1.75	13.1	40.5	3.4164E-8	1	0	1.91421
1200	-58.5	-29.5	65.517	939.416	8.29862	1.75	13.1	39.917	3.3987E-8	1	0	1.94144
1201	-58.5	-28.5	65.073	939.432	8.29971	1.75	13.1	39.473	3.3996E-8	1	0	1.9565
1202	-58.5	-27.5	64.641	939.464	8.30189	1.75	13.1	39.041	3.4013E-8	1	0	1.97126
1203	-58.5	-26.5	64.222	939.512	8.30512	1.75	13.1	38.622	3.4039E-8	1	0	1.9857
1204	-58.5	-25.5	63.816	939.574	8.30938	1.75	13.1	38.216	3.4073E-8	1	0	1.99979
1205	-58.5	-24.5	63.423	939.651	8.31462	1.75	13.1	37.823	3.4115E-8	1	0	2.01351
1206	-58.5	-23.5	63.044	939.742	8.32078	1.75	13.1	37.444	3.4164E-8	1	0	2.02682
1207	-58.5	-22.5	62.678	939.845	8.3278	1.75	13.1	37.078	3.422E-8	1	0	2.03971
1208	-58.5	-21.5	62.326	939.96	8.33561	1.75	13.1	36.726	3.4283E-8	1	0	2.05215
1209	-58.5	-20.5	61.988	940.085	8.34412	1.75	13.1	36.388	3.4351E-8	1	0	2.06413
1210	-58.5	-19.5	61.664	940.219	8.35323	1.75	13.1	36.064	3.4424E-8	1	0	2.07563
1211	-58.5	-18.5	61.356	940.36	8.36286	1.75	13.1	35.756	3.4502E-8	1	0	2.08662
1212	-58.5	-17.5	61.061	940.508	8.37289	1.75	13.1	35.461	3.4583E-8	1	0	2.0971
1213	-58.5	-16.5	60.782	940.659	8.38323	1.75	13.1	35.182	3.4666E-8	1	0	2.10705
1214	-58.5	-15.5	60.519	940.814	8.39375	1.75	13.1	34.919	3.4751E-8	1	0	2.11646
1215	-58.5	-14.5	60.27	940.969	8.40434	1.75	13.1	34.67	3.4836E-8	1	0	2.12531
1216	-58.5	-13.5	60.037	941.123	8.41489	1.75	13.1	34.437	3.4922E-8	1	0	2.13361
1217	-58.5	-12.5	59.821	941.275	8.42527	1.75	13.1	34.221	3.5006E-8	1	0	2.14134
1218	-58.5	-11.5	59.62	941.423	8.43539	1.75	13.1	34.02	3.5088E-8	1	0	2.1485
1219	-58.5	-10.5	59.435	941.565	8.44511	1.75	13.1	33.835	3.5167E-8	1	0	2.15507
1220	-58.5	-9.5	59.266	941.7	8.45434	1.75	13.1	33.666	3.5242E-8	1	0	2.16106
1221	-58.5	-8.5	59.114	941.826	8.46298	1.75	13.1	33.514	3.5312E-8	1	0	2.16646
1222	-58.5	-7.5	58.979	941.942	8.47091	1.75	13.1	33.379	3.5376E-8	1	0	2.17126
1223	-58.5	-6.5	58.86	942.047	8.47807	1.75	13.1	33.26	3.5435E-8	1	0	2.17547
1224	-58.5	-5.5	58.758	942.138	8.48436	1.75	13.1	33.158	3.5486E-8	1	0	2.17908
1225	-58.5	-4.5	58.673	942.217	8.48971	1.75	13.1	33.073	3.553E-8	1	0	2.1821
1226	-58.5	-3.5	58.605	942.28	8.49407	1.75	13.1	33.005	3.5565E-8	1	0	2.18451
1227	-58.5	-2.5	58.553	942.328	8.49738	1.75	13.1	32.953	3.5592E-8	1	0	2.18632
1228	-58.5	-1.5	58.519	942.361	8.49961	1.75	13.1	32.919	3.561E-8	1	0	2.18752
1229	-58.5	-0.5	58.502	942.377	8.50073	1.75	13.1	32.902	3.562E-8	1	0	2.18813
1230	-58.5	0.5	58.502	942.377	8.50073	1.75	13.1	32.902	3.562E-8	1	0	2.18813
1231	-58.5	1.5	58.519	942.361	8.49961	1.75	13.1	32.919	3.561E-8	1	0	2.18752
1232	-58.5	2.5	58.553	942.328	8.49738	1.75	13.1	32.953	3.5592E-8	1	0	2.18632
1233	-58.5	3.5	58.605	942.28	8.49407	1.75	13.1	33.005	3.5565E-8	1	0	2.18451
1234	-58.5	4.5	58.673	942.217	8.48971	1.75	13.1	33.073	3.553E-8	1	0	2.1821
1235	-58.5	5.5	58.758	942.138	8.48436	1.75	13.1	33.158	3.5486E-8	1	0	2.17908
1236	-58.5	6.5	58.86	942.047	8.47807	1.75	13.1	33.26	3.5435E-8	1	0	2.17547
1237	-58.5	7.5	58.979	941.942	8.47091	1.75	13.1	33.379	3.5376E-8	1	0	2.17126
1238	-58.5	8.5	59.114	941.826	8.46298	1.75	13.1	33.514	3.5312E-8	1	0	2.16646
1239	-58.5	9.5	59.266	941.7	8.45434	1.75	13.1	33.666	3.5242E-8	1	0	2.16106
1240	-58.5	10.5	59.435	941.565	8.44511	1.75	13.1	33.835	3.5167E-8	1	0	2.15507
1241	-58.5	11.5	59.62	941.423	8.43539	1.75	13.1	34.02	3.5088E-8	1	0	2.1485
1242	-58.5	12.5	59.821	941.275	8.42527	1.75	13.1	34.221	3.5006E-8	1	0	2.14134
1243	-58.5	13.5	60.037	941.123	8.41489	1.75	13.1	34.437	3.4922E-8	1	0	2.13361
1244	-58.5	14.5	60.27	940.969	8.40434	1.75	13.1	34.67	3.4836E-8	1	0	2.12531
1245	-58.5	15.5	60.519	940.814	8.39375	1.75	13.1	34.919	3.4751E-8	1	0	2.11646
1246	-58.5	16.5	60.782	940.659	8.38323	1.75	13.1	35.182	3.4666E-8	1	0	2.10705
1247	-58.5	17.5	61.061	940.508	8.37289	1.75	13.1	35.461	3.4583E-8	1	0	2.0971
1248	-58.5	18.5	61.356	940.36	8.36286	1.75	13.1	35.756	3.4502E-8	1	0	2.08662
1249	-58.5	19.5	61.664	940.219	8.35323	1.75	13.1	36.064	3.4424E-8	1	0	2.07563
1250	-58.5	20.5	61.988	940.085	8.34412	1.75	13.1	36.388	3.4351E-8	1	0	2.06413
1251	-58.5	21.5	62.326	939.96	8.33561	1.75	13.1	36.726	3.4283E-8	1	0	2.05215
1252	-58.5	22.5	62.678	939.845	8.3278	1.75	13.1	37.078	3.422E-8	1	0	2.03971
1253	-58.5	23.5	63.044	939.742	8.32078	1.75	13.1	37.444	3.4164E-8	1	0	2.02682
1254	-58.5	24.5	63.423	939.651	8.31462	1.75	13.1	37.823	3.4115E-8	1	0	2.01351
1255	-58.5	25.5	63.816	939.574	8.30938	1.75	13.1	38.216	3.4073E-8	1	0	1.99979
1256	-58.5	26.5	64.222	939.512	8.30512	1.75	13.1	38.622	3.4039E-8	1	0	1.9857
1257	-58.5	27.5	64.641	939.464	8.30189	1.75	13.1	39.041	3.4013E-8	1	0	1.97126
1258	-58.5	28.5	65.073	939.432	8.29971	1.75	13.1	39.473	3.3996E-8	1	0	1.9565
1259	-58.5	29.5	65.517	939.416	8.29862	1.75	13.1	39.917	3.3987E-8	1	0	1.94144
1260	-57.5	-29.5	64.626	946.07	8.28756	1.75	13.1	39.026	3.3804E-8	1	0	1.9805
1261	-57.5	-28.5	64.176	946.087	8.28877	1.75	13.1	38.576	3.3814E-8	1	0	1.99661
1262	-57.5	-27.5	63.738	946.122	8.29119	1.75	13.1	38.138	3.3833E-8	1	0	2.0124
1263	-57.5	-26.5	63.313	946.173	8.29477	1.75	13.1	37.713	3.3862E-8	1	0	2.02784
1264	-57.5	-25.5	62.901	946.241	8.2995	1.75	13.1	37.301	3.39E-8	1	0	2.04292
1265	-57.5	-24.5	62.502	946.324	8.30531	1.75	13.1	36.902	3.3946E-8	1	0	2.05758
1266	-57.5	-23.5	62.117	946.421	8.31215	1.75	13.1	36.517	3.4E-8	1	0	2.07182
1267	-57.5	-22.5	61.745	946.533	8.31994	1.75	13.1	36.145	3.4063E-8	1	0	2.0856
1268	-57.5	-21.5	61.388	946.657	8.3286	1.75	13.1	35.788	3.4132E-8	1	0	2.09891
1269	-57.5	-20.5	61.045	946.791	8.33805	1.75	13.1	35.445	3.4207E-8	1	0	2.11171
1270	-57.5	-19.5	60.717	946.936	8.34817	1.75	13.1	35.117	3.4288E-8	1	0	2.124
1271	-57.5	-18.5	60.403	947.088	8.35885	1.75	13.1	34.803	3.4374E-8	1	0	2.13574
1272	-57.5	-17.5	60.104	947.247	8.37	1.75	13.1	34.504	3.4464E-8	1	0	2.14694
1273	-57.5	-16.5	59.821	947.41	8.38147	1.75	13.1	34.221	3.4556E-8	1	0	2.15756
1274	-57.5	-15.5	59.552	947.577	8.39316	1.75	13.1	33.952	3.465E-8	1	0	2.16761
1275	-57.5	-14.5	59.3	947.744	8.40492	1.75	13.1	33.7	3.4745E-8	1	0	2.17707
1276	-57.5	-13.5	59.064	947.911	8.41664	1.75	13.1	33.464	3.4839E-8	1	0	2.18593
1277	-57.5	-12.5	58.843	948.075	8.42818	1.75	13.1	33.243	3.4933E-8	1	0	2.19417
1278	-57.5	-11.5	58.639	948.234	8.43942	1.75	13.1	33.039	3.5024E-8	1	0	2.20181
1279	-57.5	-10.5	58.451	948.388	8.45023	1.75	13.1	32.851	3.5111E-8	1	0	2.20882
1280	-57.5	-9.5	58.279	948.533	8.46049	1.75	13.1	32.679	3.5194E-8	1	0	2.21521
1281	-57.5	-8.5	58.125	948.669	8.47009	1.75	13.1	32.525	3.5272E-8	1	0	2.22097
1282	-57.5	-7.5	57.987	948.794	8.47892	1.75	13.1	32.387	3.5344E-8	1	0	2.22609
1283	-57.5	-6.5	57.866	948.907	8.48687	1.75	13.1	32.266	3.5409E-8	1	0	2.23058
1284	-57.5	-5.5	57.762	949.006	8.49387	1.75	13.1	32.162	3.5466E-8	1	0	2.23443
1285	-57.5	-4.5	57.676	949.09	8.49982	1.75	13.1	32.076	3.5514E-8	1	0	2.23764
1286	-57.5	-3.5	57.606	949.159	8.50467	1.75	13.1	32.006	3.5554E-8	1	0	2.24021
1287	-57.5	-2.5	57.554	949.211	8.50835	1.75	13.1	31.954	3.5584E-8	1	0	2.24214
1288	-57.5	-1.5	57.52	949.246	8.51083	1.75	13.1	31.92	3.5604E-8	1	0	2.24342
1289	-57.5	-0.5	57.502	949.264	8.51208	1.75	13.1	31.902	3.5614E-8	1	0	2.24407
1290	-57.5	0.5	57.502	949.264	8.51208	1.75	13.1	31.902	3.5614E-8	1	0	2.24407
1291	-57.5	1.5	57.52	949.246	8.51083	1.75	13.1	31.92	3.5604E-8	1	0	2.24342
1292	-57.5	2.5	57.554	949.211	8.50835	1.75	13.1	31.954	3.5584E-8	1	0	2.24214
1293	-57.5	3.5	57.606	949.159	8.50467	1.75	13.1	32.006	3.5554E-8	1	0	2.24021
1294	-57.5	4.5	57.676	949.09	8.49982	1.75	13.1	32.076	3.5514E-8	1	0	2.23764
1295	-57.5	5.5	57.762	949.006	8.49387	1.75	13.1	32.162	3.5466E-8	1	0	2.23443
1296	-57.5	6.5	57.866	948.907	8.48687	1.75	13.1	32.266	3.5409E-8	1	0	2.23058
1297	-57.5	7.5	57.987	948.794	8.47892	1.75	13.1	32.387	3.5344E-8	1	0	2.22609
1298	-57.5	8.5	58.125	948.669	8.47009	1.75	13.1	32.525	3.5272E-8	1	0	2.22097
1299	-57.5	9.5	58.279	948.533	8.46049	1.75	13.1	32.679	3.5194E-8	1	0	2.21521
1300	-57.5	10.5	58.451	948.388	8.45023	1.75	13.1	32.851	3.5111E-8	1	0	2.20882
1301	-57.5	11.5	58.639	948.234	8.43942	1.75	13.1	33.039	3.5024E-8	1	0	2.20181
1302	-57.5	12.5	58.843	948.075	8.42818	1.75	13.1	33.243	3.4933E-8	1	0	2.19417
1303	-57.5	13.5	59.064	947.911	8.41664	1.75	13.1	33.464	3.4839E-8	1	0	2.18593
1304	-57.5	14.5	59.3	947.744	8.40492	1.75	13.1	33.7	3.4745E-8	1	0	2.17707
1305	-57.5	15.5	59.552	947.577	8.39316	1.75	13.1	33.952	3.465E-8	1	0	2.16761
1306	-57.5	16.5	59.821	947.41	8.38147	1.75	13.1	34.221	3.4556E-8	1	0	2.15756
1307	-57.5	17.5	60.104	947.247	8.37	1.75	13.1	34.504	3.4464E-8	1	0	2.14694
1308	-57.5	18.5	60.403	947.088	8.35885	1.75	13.1	34.803	3.4374E-8	1	0	2.13574
1309	-57.5	19.5	60.717	946.936	8.34817	1.75	13.1	35.117	3.4288E-8	1	0	2.124
1310	-57.5	20.5	61.045	946.791	8.33805	1.75	13.1	35.445	3.4207E-8	1	0	2.11171
1311	-57.5	21.5	61.388	946.657	8.3286	1.75	13.1	35.788	3.4132E-8	1	0	2.09891
1312	-57.5	22.5	61.745	946.533	8.31994	1.75	13.1	36.145	3.4063E-8	1	0	2.0856
1313	-57.5	23.5	62.117	946.421	8.31215	1.75	13.1	36.517	3.4E-8	1	0	2.07182
1314	-57.5	24.5	62.502	946.324	8.30531	1.75	13.1	36.902	3.3946E-8	1	0	2.05758
1315	-57.5	25.5	62.901	946.241	8.2995	1.75	13.1	37.301	3.39E-8	1	0	2.04292
1316	-57.5	26.5	63.313	946.173	8.29477	1.75	13.1	37.713	3.3862E-8	1	0	2.02784
1317	-57.5	27.5	63.738	946.122	8.29119	1.75	13.1	38.138	3.3833E-8	1	0	2.0124
1318	-57.5	28.5	64.176	946.087	8.28877	1.75	13.1	38.576	3.3814E-8	1	0	1.99661
1319	-57.5	29.5	64.626	946.07	8.28756	1.75	13.1	39.026	3.3804E-8	1	0	1.9805
1320	-56.5	-29.5	63.738	952.489	8.27531	1.75	13.1	38.138	3.3616E-8	1	0	2.0214
1321	-56.5	-28.5	63.281	952.508	8.27665	1.75	13.1	37.681	3.3627E-8	1	0	2.03865
1322	-56.5	-27.5	62.837	952.545	8.27933	1.75	13.1	37.237	3.3648E-8	1	0	2.05556
1323	-56.5	-26.5	62.406	952.6	8.28331	1.75	13.1	36.806	3.368E-8	1	0	2.0721
1324	-56.5	-25.5	61.988	952.673	8.28855	1.75	13.1	36.388	3.3721E-8	1	0	2.08823
1325	-56.5	-24.5	61.583	952.763	8.29499	1.75	13.1	35.983	3.3772E-8	1	0	2.10394
1326	-56.5	-23.5	61.192	952.868	8.30258	1.75	13.1	35.592	3.3833E-8	1	0	2.11918
1327	-56.5	-22.5	60.815	952.988	8.31123	1.75	13.1	35.215	3.3902E-8	1	0	2.13394
1328	-56.5	-21.5	60.452	953.121	8.32084	1.75	13.1	34.852	3.3978E-8	1	0	2.14817
1329	-56.5	-20.5	60.104	953.267	8.33132	1.75	13.1	34.504	3.4062E-8	1	0	2.16187
1330	-56.5	-19.5	59.77	953.422	8.34255	1.75	13.1	34.17	3.4151E-8	1	0	2.17502
1331	-56.5	-18.5	59.452	953.586	8.35441	1.75	13.1	33.852	3.4246E-8	1	0	2.18758
1332	-56.5	-17.5	59.148	953.757	8.36678	1.75	13.1	33.548	3.4345E-8	1	0	2.19955
1333	-56.5	-16.5	58.86	953.934	8.37952	1.75	13.1	33.26	3.4448E-8	1	0	2.21092
1334	-56.5	-15.5	58.588	954.113	8.3925	1.75	13.1	32.988	3.4552E-8	1	0	2.22166
1335	-56.5	-14.5	58.331	954.293	8.40557	1.75	13.1	32.731	3.4657E-8	1	0	2.23177
1336	-56.5	-13.5	58.09	954.473	8.41859	1.75	13.1	32.49	3.4762E-8	1	0	2.24123
1337	-56.5	-12.5	57.866	954.65	8.43141	1.75	13.1	32.266	3.4865E-8	1	0	2.25004
1338	-56.5	-11.5	57.658	954.822	8.4439	1.75	13.1	32.058	3.4966E-8	1	0	2.2582
1339	-56.5	-10.5	57.467	954.987	8.45592	1.75	13.1	31.867	3.5063E-8	1	0	2.26569
1340	-56.5	-9.5	57.293	955.144	8.46732	1.75	13.1	31.693	3.5156E-8	1	0	2.27251
1341	-56.5	-8.5	57.136	955.291	8.47799	1.75	13.1	31.536	3.5242E-8	1	0	2.27865
1342	-56.5	-7.5	56.996	955.425	8.48781	1.75	13.1	31.396	3.5322E-8	1	0	2.28412
1343	-56.5	-6.5	56.873	955.547	8.49665	1.75	13.1	31.273	3.5394E-8	1	0	2.28891
1344	-56.5	-5.5	56.767	955.654	8.50443	1.75	13.1	31.167	3.5457E-8	1	0	2.29302
1345	-56.5	-4.5	56.679	955.745	8.51106	1.75	13.1	31.079	3.5511E-8	1	0	2.29645
1346	-56.5	-3.5	56.608	955.818	8.51645	1.75	13.1	31.008	3.5555E-8	1	0	2.29919
1347	-56.5	-2.5	56.555	955.875	8.52055	1.75	13.1	30.955	3.5589E-8	1	0	2.30125
1348	-56.5	-1.5	56.52	955.912	8.52331	1.75	13.1	30.92	3.5611E-8	1	0	2.30262
1349	-56.5	-0.5	56.502	955.931	8.52469	1.75	13.1	30.902	3.5622E-8	1	0	2.3033
1350	-56.5	0.5	56.502	955.931	8.52469	1.75	13.1	30.902	3.5622E-8	1	0	2.3033
1351	-56.5	1.5	56.52	955.912	8.52331	1.75	13.1	30.92	3.5611E-8	1	0	2.30262
1352	-56.5	2.5	56.555	955.875	8.52055	1.75	13.1	30.955	3.5589E-8	1	0	2.30125
1353	-56.5	3.5	56.608	955.818	8.51645	1.75	13.1	31.008	3.5555E-8	1	0	2.29919
1354	-56.5	4.5	56.679	955.745	8.51106	1.75	13.1	31.079	3.5511E-8	1	0	2.29645
1355	-56.5	5.5	56.767	955.654	8.50443	1.75	13.1	31.167	3.5457E-8	1	0	2.29302
1356	-56.5	6.5	56.873	955.547	8.49665	1.75	13.1	31.273	3.5394E-8	1	0	2.28891
1357	-56.5	7.5	56.996	955.425	8.48781	1.75	13.1	31.396	3.5322E-8	1	0	2.28412
1358	-56.5	8.5	57.136	955.291	8.47799	1.75	13.1	31.536	3.5242E-8	1	0	2.27865
1359	-56.5	9.5	57.293	955.144	8.46732	1.75	13.1	31.693	3.5156E-8	1	0	2.27251
1360	-56.5	10.5	57.467	954.987	8.45592	1.75	13.1	31.867	3.5063E-8	1	0	2.26569
1361	-56.5	11.5	57.658	954.822	8.4439	1.75	13.1	32.058	3.4966E-8	1	0	2.2582
1362	-56.5	12.5	57.866	954.65	8.43141	1.75	13.1	32.266	3.4865E-8	1	0	2.25004
1363	-56.5	13.5	58.09	954.473	8.41859	1.75	13.1	32.49	3.4762E-8	1	0	2.24123
1364	-56.5	14.5	58.331	954.293	8.40557	1.75	13.1	32.731	3.4657E-8	1	0	2.23177
1365	-56.5	15.5	58.588	954.113	8.3925	1.75	13.1	32.988	3.4552E-8	1	0	2.22166
1366	-56.5	16.5	58.86	953.934	8.37952	1.75	13.1	33.26	3.4448E-8	1	0	2.21092
1367	-56.5	17.5	59.148	953.757	8.36678	1.75	13.1	33.548	3.4345E-8	1	0	2.19955
1368	-56.5	18.5	59.452	953.586	8.35441	1.75	13.1	33.852	3.4246E-8	1	0	2.18758
1369	-56.5	19.5	59.77	953.422	8.34255	1.75	13.1	34.17	3.4151E-8	1	0	2.17502
1370	-56.5	20.5	60.104	953.267	8.33132	1.75	13.1	34.504	3.4062E-8	1	0	2.16187
1371	-56.5	21.5	60.452	953.121	8.32084	1.75	13.1	34.852	3.3978E-8	1	0	2.14817
1372	-56.5	22.5	60.815	952.988	8.31123	1.75	13.1	35.215	3.3902E-8	1	0	2.13394
1373	-56.5	23.5	61.192	952.868	8.30258	1.75	13.1	35.592	3.3833E-8	1	0	2.11918
1374	-56.5	24.5	61.583	952.763	8.29499	1.75	13.1	35.983	3.3772E-8	1	0	2.10394
1375	-56.5	25.5	61.988	952.673	8.28855	1.75	13.1	36.388	3.3721E-8	1	0	2.08823
1376	-56.5	26.5	62.406	952.6	8.28331	1.75	13.1	36.806	3.368E-8	1	0	2.0721
1377	-56.5	27.5	62.837	952.545	8.27933	1.75	13.1	37.237	3.3648E-8	1	0	2.05556
1378	-56.5	28.5	63.281	952.508	8.27665	1.75	13.1	37.681	3.3627E-8	1	0	2.03865
1379	-56.5	29.5	63.738	952.489	8.27531	1.75	13.1	38.138	3.3616E-8	1	0	2.0214
1380	-55.5	-29.5	62.853	958.675	8.26173	1.75	13.1	37.253	3.3421E-8	1	0	2.0643
1381	-55.5	-28.5	62.39	958.695	8.26322	1.75	13.1	36.79	3.3433E-8	1	0	2.08279
1382	-55.5	-27.5	61.939	958.735	8.26618	1.75	13.1	36.339	3.3456E-8	1	0	2.10091
1383	-55.5	-26.5	61.502	958.794	8.2706	1.75	13.1	35.902	3.3491E-8	1	0	2.11864
1384	-55.5	-25.5	61.078	958.873	8.27641	1.75	13.1	35.478	3.3537E-8	1	0	2.13594
1385	-55.5	-24.5	60.667	958.969	8.28356	1.75	13.1	35.067	3.3594E-8	1	0	2.15278
1386	-55.5	-23.5	60.27	959.082	8.29197	1.75	13.1	34.67	3.366E-8	1	0	2.16912
1387	-55.5	-22.5	59.887	959.212	8.30156	1.75	13.1	34.287	3.3736E-8	1	0	2.18493
1388	-55.5	-21.5	59.519	959.355	8.31223	1.75	13.1	33.919	3.3821E-8	1	0	2.20018
1389	-55.5	-20.5	59.165	959.511	8.32385	1.75	13.1	33.565	3.3914E-8	1	0	2.21486
1390	-55.5	-19.5	58.826	959.679	8.33631	1.75	13.1	33.226	3.4013E-8	1	0	2.22894
1391	-55.5	-18.5	58.502	959.856	8.34948	1.75	13.1	32.902	3.4118E-8	1	0	2.24239
1392	-55.5	-17.5	58.194	960.04	8.36322	1.75	13.1	32.594	3.4228E-8	1	0	2.25521
1393	-55.5	-16.5	57.901	960.229	8.37736	1.75	13.1	32.301	3.4341E-8	1	0	2.26738
1394	-55.5	-15.5	57.624	960.422	8.39177	1.75	13.1	32.024	3.4457E-8	1	0	2.27887
1395	-55.5	-14.5	57.363	960.617	8.40629	1.75	13.1	31.763	3.4573E-8	1	0	2.28969
1396	-55.5	-13.5	57.118	960.81	8.42075	1.75	13.1	31.518	3.4689E-8	1	0	2.29981
1397	-55.5	-12.5	56.89	961	8.435	1.75	13.1	31.29	3.4804E-8	1	0	2.30924
1398	-55.5	-11.5	56.679	961.186	8.44888	1.75	13.1	31.079	3.4916E-8	1	0	2.31796
1399	-55.5	-10.5	56.485	961.364	8.46223	1.75	13.1	30.885	3.5024E-8	1	0	2.32597
1400	-55.5	-9.5	56.307	961.533	8.47491	1.75	13.1	30.707	3.5127E-8	1	0	2.33326
1401	-55.5	-8.5	56.147	961.691	8.48677	1.75	13.1	30.547	3.5223E-8	1	0	2.33983
1402	-55.5	-7.5	56.004	961.836	8.49769	1.75	13.1	30.404	3.5311E-8	1	0	2.34567
1403	-55.5	-6.5	55.879	961.967	8.50752	1.75	13.1	30.279	3.5391E-8	1	0	2.35079
1404	-55.5	-5.5	55.772	962.082	8.51618	1.75	13.1	30.172	3.5461E-8	1	0	2.35518
1405	-55.5	-4.5	55.682	962.18	8.52354	1.75	13.1	30.082	3.5521E-8	1	0	2.35884
1406	-55.5	-3.5	55.61	962.259	8.52954	1.75	13.1	30.01	3.557E-8	1	0	2.36177
1407	-55.5	-2.5	55.556	962.32	8.5341	1.75	13.1	29.956	3.5607E-8	1	0	2.36397
1408	-55.5	-1.5	55.52	962.361	8.53717	1.75	13.1	29.92	3.5632E-8	1	0	2.36543
1409	-55.5	-0.5	55.502	962.381	8.53871	1.75	13.1	29.902	3.5645E-8	1	0	2.36617
1410	-55.5	0.5	55.502	962.381	8.53871	1.75	13.1	29.902	3.5645E-8	1	0	2.36617
1411	-55.5	1.5	55.52	962.361	8.53717	1.75	13.1	29.92	3.5632E-8	1	0	2.36543
1412	-55.5	2.5	55.556	962.32	8.5341	1.75	13.1	29.956	3.5607E-8	1	0	2.36397
1413	-55.5	3.5	55.61	962.259	8.52954	1.75	13.1	30.01	3.557E-8	1	0	2.36177
1414	-55.5	4.5	55.682	962.18	8.52354	1.75	13.1	30.082	3.5521E-8	1	0	2.35884
1415	-55.5	5.5	55.772	962.082	8.51618	1.75	13.1	30.172	3.5461E-8	1	0	2.35518
1416	-55.5	6.5	55.879	961.967	8.50752	1.75	13.1	30.279	3.5391E-8	1	0	2.35079
1417	-55.5	7.5	56.004	961.836	8.49769	1.75	13.1	30.404	3.5311E-8	1	0	2.34567
1418	-55.5	8.5	56.147	961.691	8.48677	1.75	13.1	30.547	3.5223E-8	1	0	2.33983
1419	-55.5	9.5	56.307	961.533	8.47491	1.75	13.1	30.707	3.5127E-8	1	0	2.33326
1420	-55.5	10.5	56.485	961.364	8.46223	1.75	13.1	30.885	3.5024E-8	1	0	2.32597
1421	-55.5	11.5	56.679	961.186	8.44888	1.75	13.1	31.079	3.4916E-8	1	0	2.31796
1422	-55.5	12.5	56.89	961	8.435	1.75	13.1	31.29	3.4804E-8	1	0	2.30924
1423	-55.5	13.5	57.118	960.81	8.42075	1.75	13.1	31.518	3.4689E-8	1	0	2.29981
1424	-55.5	14.5	57.363	960.617	8.40629	1.75	13.1	31.763	3.4573E-8	1	0	2.28969
1425	-55.5	15.5	57.624	960.422	8.39177	1.75	13.1	32.024	3.4457E-8	1	0	2.27887
1426	-55.5	16.5	57.901	960.229	8.37736	1.75	13.1	32.301	3.4341E-8	1	0	2.26738
1427	-55.5	17.5	58.194	960.04	8.36322	1.75	13.1	32.594	3.4228E-8	1	0	2.25521
1428	-55.5	18.5	58.502	959.856	8.34948	1.75	13.1	32.902	3.4118E-8	1	0	2.24239
1429	-55.5	19.5	58.826	959.679	8.33631	1.75	13.1	33.226	3.4013E-8	1	0	2.22894
1430	-55.5	20.5	59.165	959.511	8.32385	1.75	13.1	33.565	3.3914E-8	1	0	2.21486
1431	-55.5	21.5	59.519	959.355	8.31223	1.75	13.1	33.919	3.3821E-8	1	0	2.20018
1432	-55.5	22.5	59.887	959.212	8.30156	1.75	13.1	34.287	3.3736E-8	1	0	2.18493
1433	-55.5	23.5	60.27	959.082	8.29197	1.75	13.1	34.67	3.366E-8	1	0	2.16912
1434	-55.5	24.5	60.667	958.969	8.28356	1.75	13.1	35.067	3.3594E-8	1	0	2.15278
1435	-55.5	25.5	61.078	958.873	8.27641	1.75	13.1	35.478	3.3537E-8	1	0	2.13594
1436	-55.5	26.5	61.502	958.794	8.2706	1.75	13.1	35.902	3.3491E-8	1	0	2.11864
1437	-55.5	27.5	61.939	958.735	8.26618	1.75	13.1	36.339	3.3456E-8	1	0	2.10091
1438	-55.5	28.5	62.39	958.695	8.26322	1.75	13.1	36.79	3.3433E-8	1	0	2.08279
1439	-55.5	29.5	62.853	958.675	8.26173	1.75	13.1	37.253	3.3421E-8	1	0	2.0643
1440	-54.5	-29.5	61.972	964.627	8.24669	1.75	13.1	36.372	3.3218E-8	1	0	2.10938
1441	-54.5	-28.5	61.502	964.648	8.24833	1.75	13.1	35.902	3.3231E-8	1	0	2.12922
1442	-54.5	-27.5	61.045	964.692	8.25162	1.75	13.1	35.445	3.3257E-8	1	0	2.14867
1443	-54.5	-26.5	60.601	964.755	8.25651	1.75	13.1	35.001	3.3295E-8	1	0	2.1677
1444	-54.5	-25.5	60.171	964.84	8.26296	1.75	13.1	34.571	3.3346E-8	1	0	2.18627
1445	-54.5	-24.5	59.754	964.943	8.27088	1.75	13.1	34.154	3.3409E-8	1	0	2.20433
1446	-54.5	-23.5	59.351	965.065	8.28021	1.75	13.1	33.751	3.3482E-8	1	0	2.22186
1447	-54.5	-22.5	58.962	965.204	8.29085	1.75	13.1	33.362	3.3567E-8	1	0	2.23883
1448	-54.5	-21.5	58.588	965.358	8.30268	1.75	13.1	32.988	3.366E-8	1	0	2.25519
1449	-54.5	-20.5	58.228	965.526	8.31557	1.75	13.1	32.628	3.3763E-8	1	0	2.27094
1450	-54.5	-19.5	57.884	965.706	8.3294	1.75	13.1	32.284	3.3872E-8	1	0	2.28603
1451	-54.5	-18.5	57.554	965.896	8.34402	1.75	13.1	31.954	3.3989E-8	1	0	2.30046
1452	-54.5	-17.5	57.241	966.095	8.35926	1.75	13.1	31.641	3.411E-8	1	0	2.3142
1453	-54.5	-16.5	56.943	966.299	8.37496	1.75	13.1	31.343	3.4236E-8	1	0	2.32724
1454	-54.5	-15.5	56.661	966.506	8.39096	1.75	13.1	31.061	3.4364E-8	1	0	2.33956
1455	-54.5	-14.5	56.396	966.715	8.40709	1.75	13.1	30.796	3.4493E-8	1	0	2.35115
1456	-54.5	-13.5	56.147	966.923	8.42315	1.75	13.1	30.547	3.4622E-8	1	0	2.36199
1457	-54.5	-12.5	55.915	967.128	8.43898	1.75	13.1	30.315	3.4749E-8	1	0	2.37209
1458	-54.5	-11.5	55.7	967.327	8.4544	1.75	13.1	30.1	3.4873E-8	1	0	2.38142
1459	-54.5	-10.5	55.502	967.519	8.46925	1.75	13.1	29.902	3.4993E-8	1	0	2.39
1460	-54.5	-9.5	55.322	967.701	8.48334	1.75	13.1	29.722	3.5107E-8	1	0	2.3978
1461	-54.5	-8.5	55.159	967.871	8.49653	1.75	13.1	29.559	3.5214E-8	1	0	2.40483
1462	-54.5	-7.5	55.014	968.027	8.50867	1.75	13.1	29.414	3.5312E-8	1	0	2.41109
1463	-54.5	-6.5	54.886	968.168	8.51961	1.75	13.1	29.286	3.5401E-8	1	0	2.41657
1464	-54.5	-5.5	54.777	968.292	8.52923	1.75	13.1	29.177	3.5479E-8	1	0	2.42127
1465	-54.5	-4.5	54.685	968.397	8.53743	1.75	13.1	29.085	3.5546E-8	1	0	2.42518
1466	-54.5	-3.5	54.612	968.483	8.5441	1.75	13.1	29.012	3.56E-8	1	0	2.42832
1467	-54.5	-2.5	54.557	968.548	8.54917	1.75	13.1	28.957	3.5642E-8	1	0	2.43067
1468	-54.5	-1.5	54.521	968.592	8.55259	1.75	13.1	28.921	3.5669E-8	1	0	2.43223
1469	-54.5	-0.5	54.502	968.614	8.5543	1.75	13.1	28.902	3.5683E-8	1	0	2.43302
1470	-54.5	0.5	54.502	968.614	8.5543	1.75	13.1	28.902	3.5683E-8	1	0	2.43302
1471	-54.5	1.5	54.521	968.592	8.55259	1.75	13.1	28.921	3.5669E-8	1	0	2.43223
1472	-54.5	2.5	54.557	968.548	8.54917	1.75	13.1	28.957	3.5642E-8	1	0	2.43067
1473	-54.5	3.5	54.612	968.483	8.5441	1.75	13.1	29.012	3.56E-8	1	0	2.42832
1474	-54.5	4.5	54.685	968.397	8.53743	1.75	13.1	29.085	3.5546E-8	1	0	2.42518
1475	-54.5	5.5	54.777	968.292	8.52923	1.75	13.1	29.177	3.5479E-8	1	0	2.42127
1476	-54.5	6.5	54.886	968.168	8.51961	1.75	13.1	29.286	3.5401E-8	1	0	2.41657
1477	-54.5	7.5	55.014	968.027	8.50867	1.75	13.1	29.414	3.5312E-8	1	0	2.41109
1478	-54.5	8.5	55.159	967.871	8.49653	1.75	13.1	29.559	3.5214E-8	1	0	2.40483
1479	-54.5	9.5	55.322	967.701	8.48334	1.75	13.1	29.722	3.5107E-8	1	0	2.3978
1480	-54.5	10.5	55.502	967.519	8.46925	1.75	13.1	29.902	3.4993E-8	1	0	2.39
1481	-54.5	11.5	55.7	967.327	8.4544	1.75	13.1	30.1	3.4873E-8	1	0	2.38142
1482	-54.5	12.5	55.915	967.128	8.43898	1.75	13.1	30.315	3.4749E-8	1	0	2.37209
1483	-54.5	13.5	56.147	966.923	8.42315	1.75	13.1	30.547	3.4622E-8	1	0	2.36199
1484	-54.5	14.5	56.396	966.715	8.40709	1.75	13.1	30.796	3.4493E-8	1	0	2.35115
1485	-54.5	15.5	56.661	966.506	8.39096	1.75	13.1	31.061	3.4364E-8	1	0	2.33956
1486	-54.5	16.5	56.943	966.299	8.37496	1.75	13.1	31.343	3.4236E-8	1	0	2.32724
1487	-54.5	17.5	57.241	966.095	8.35926	1.75	13.1	31.641	3.411E-8	1	0	2.3142
1488	-54.5	18.5	57.554	965.896	8.34402	1.75	13.1	31.954	3.3989E-8	1	0	2.30046
1489	-54.5	19.5	57.884	965.706	8.3294	1.75	13.1	32.284	3.3872E-8	1	0	2.28603
1490	-54.5	20.5	58.228	965.526	8.31557	1.75	13.1	32.628	3.3763E-8	1	0	2.27094
1491	-54.5	21.5	58.588	965.358	8.30268	1.75	13.1	32.988	3.366E-8	1	0	2.25519
1492	-54.5	22.5	58.962	965.204	8.29085	1.75	13.1	33.362	3.3567E-8	1	0	2.23883
1493	-54.5	23.5	59.351	965.065	8.28021	1.75	13.1	33.751	3.3482E-8	1	0	2.22186
1494	-54.5	24.5	59.754	964.943	8.27088	1.75	13.1	34.154	3.3409E-8	1	0	2.20433
1495	-54.5	25.5	60.171	964.84	8.26296	1.75	13.1	34.571	3.3346E-8	1	0	2.18627
1496	-54.5	26.5	60.601	964.755	8.25651	1.75	13.1	35.001	3.3295E-8	1	0	2.1677
1497	-54.5	27.5	61.045	964.692	8.25162	1.75	13.1	35.445	3.3257E-8	1	0	2.14867
1498	-54.5	28.5	61.502	964.648	8.24833	1.75	13.1	35.902	3.3231E-8	1	0	2.12922
1499	-54.5	29.5	61.972	964.627	8.24669	1.75	13.1	36.372	3.3218E-8	1	0	2.10938
1500	-53.5	-29.5	61.094	970.346	8.23002	1.75	13.1	35.494	3.3006E-8	1	0	2.15682
1501	-53.5	-28.5	60.618	970.369	8.23184	1.75	13.1	35.018	3.302E-8	1	0	2.17814
1502	-53.5	-27.5	60.154	970.415	8.23548	1.75	13.1	34.554	3.3049E-8	1	0	2.19905
1503	-53.5	-26.5	59.703	970.484	8.24091	1.75	13.1	34.103	3.3091E-8	1	0	2.2195
1504	-53.5	-25.5	59.266	970.575	8.24805	1.75	13.1	33.666	3.3147E-8	1	0	2.23945
1505	-53.5	-24.5	58.843	970.686	8.25684	1.75	13.1	33.243	3.3217E-8	1	0	2.25886
1506	-53.5	-23.5	58.434	970.817	8.26718	1.75	13.1	32.834	3.3298E-8	1	0	2.27769
1507	-53.5	-22.5	58.039	970.966	8.27897	1.75	13.1	32.439	3.3391E-8	1	0	2.29592
1508	-53.5	-21.5	57.658	971.131	8.29209	1.75	13.1	32.058	3.3495E-8	1	0	2.3135
1509	-53.5	-20.5	57.293	971.312	8.3064	1.75	13.1	31.693	3.3608E-8	1	0	2.3304
1510	-53.5	-19.5	56.943	971.505	8.32174	1.75	13.1	31.343	3.3729E-8	1	0	2.34661
1511	-53.5	-18.5	56.608	971.71	8.33795	1.75	13.1	31.008	3.3858E-8	1	0	2.3621
1512	-53.5	-17.5	56.289	971.923	8.35487	1.75	13.1	30.689	3.3993E-8	1	0	2.37685
1513	-53.5	-16.5	55.987	972.142	8.3723	1.75	13.1	30.387	3.4131E-8	1	0	2.39085
1514	-53.5	-15.5	55.7	972.365	8.39007	1.75	13.1	30.1	3.4273E-8	1	0	2.40406
1515	-53.5	-14.5	55.43	972.589	8.40797	1.75	13.1	29.83	3.4417E-8	1	0	2.4165
1516	-53.5	-13.5	55.177	972.813	8.42581	1.75	13.1	29.577	3.456E-8	1	0	2.42813
1517	-53.5	-12.5	54.941	973.033	8.4434	1.75	13.1	29.341	3.4701E-8	1	0	2.43896
1518	-53.5	-11.5	54.722	973.247	8.46054	1.75	13.1	29.122	3.4839E-8	1	0	2.44897
1519	-53.5	-10.5	54.521	973.453	8.47704	1.75	13.1	28.921	3.4972E-8	1	0	2.45816
1520	-53.5	-9.5	54.337	973.649	8.49271	1.75	13.1	28.737	3.5098E-8	1	0	2.46653
1521	-53.5	-8.5	54.171	973.832	8.50737	1.75	13.1	28.571	3.5217E-8	1	0	2.47407
1522	-53.5	-7.5	54.023	974	8.52087	1.75	13.1	28.423	3.5326E-8	1	0	2.48077
1523	-53.5	-6.5	53.893	974.151	8.53304	1.75	13.1	28.293	3.5425E-8	1	0	2.48664
1524	-53.5	-5.5	53.782	974.284	8.54374	1.75	13.1	28.182	3.5512E-8	1	0	2.49168
1525	-53.5	-4.5	53.689	974.398	8.55286	1.75	13.1	28.089	3.5586E-8	1	0	2.49587
1526	-53.5	-3.5	53.614	974.49	8.56029	1.75	13.1	28.014	3.5647E-8	1	0	2.49923
1527	-53.5	-2.5	53.558	974.56	8.56593	1.75	13.1	27.958	3.5693E-8	1	0	2.50175
1528	-53.5	-1.5	53.521	974.607	8.56973	1.75	13.1	27.921	3.5724E-8	1	0	2.50343
1529	-53.5	-0.5	53.502	974.631	8.57164	1.75	13.1	27.902	3.5739E-8	1	0	2.50427
1530	-53.5	0.5	53.502	974.631	8.57164	1.75	13.1	27.902	3.5739E-8	1	0	2.50427
1531	-53.5	1.5	53.521	974.607	8.56973	1.75	13.1	27.921	3.5724E-8	1	0	2.50343
1532	-53.5	2.5	53.558	974.56	8.56593	1.75	13.1	27.958	3.5693E-8	1	0	2.50175
1533	-53.5	3.5	53.614	974.49	8.56029	1.75	13.1	28.014	3.5647E-8	1	0	2.49923
1534	-53.5	4.5	53.689	974.398	8.55286	1.75	13.1	28.089	3.5586E-8	1	0	2.49587
1535	-53.5	5.5	53.782	974.284	8.54374	1.75	13.1	28.182	3.5512E-8	1	0	2.49168
1536	-53.5	6.5	53.893	974.151	8.53304	1.75	13.1	28.293	3.5425E-8	1	0	2.48664
1537	-53.5	7.5	54.023	974	8.52087	1.75	13.1	28.423	3.5326E-8	1	0	2.48077
1538	-53.5	8.5	54.171	973.832	8.50737	1.75	13.1	28.571	3.5217E-8	1	0	2.47407
1539	-53.5	9.5	54.337	973.649	8.49271	1.75	13.1	28.737	3.5098E-8	1	0	2.46653
1540	-53.5	10.5	54.521	973.453	8.47704	1.75	13.1	28.921	3.4972E-8	1	0	2.45816
1541	-53.5	11.5	54.722	973.247	8.46054	1.75	13.1	29.122	3.4839E-8	1	0	2.44897
1542	-53.5	12.5	54.941	973.033	8.4434	1.75	13.1	29.341	3.4701E-8	1	0	2.43896
1543	-53.5	13.5	55.177	972.813	8.42581	1.75	13.1	29.577	3.456E-8	1	0	2.42813
1544	-53.5	14.5	55.43	972.589	8.40797	1.75	13.1	29.83	3.4417E-8	1	0	2.4165
1545	-53.5	15.5	55.7	972.365	8.39007	1.75	13.1	30.1	3.4273E-8	1	0	2.40406
1546	-53.5	16.5	55.987	972.142	8.3723	1.75	13.1	30.387	3.4131E-8	1	0	2.39085
1547	-53.5	17.5	56.289	971.923	8.35487	1.75	13.1	30.689	3.3993E-8	1	0	2.37685
1548	-53.5	18.5	56.608	971.71	8.33795	1.75	13.1	31.008	3.3858E-8	1	0	2.3621
1549	-53.5	19.5	56.943	971.505	8.32174	1.75	13.1	31.343	3.3729E-8	1	0	2.34661
1550	-53.5	20.5	57.293	971.312	8.3064	1.75	13.1	31.693	3.3608E-8	1	0	2.3304
1551	-53.5	21.5	57.658	971.131	8.29209	1.75	13.1	32.058	3.3495E-8	1	0	2.3135
1552	-53.5	22.5	58.039	970.966	8.27897	1.75	13.1	32.439	3.3391E-8	1	0	2.29592
1553	-53.5	23.5	58.434	970.817	8.26718	1.75	13.1	32.834	3.3298E-8	1	0	2.27769
1554	-53.5	24.5	58.843	970.686	8.25684	1.75	13.1	33.243	3.3217E-8	1	0	2.25886
1555	-53.5	25.5	59.266	970.575	8.24805	1.75	13.1	33.666	3.3147E-8	1	0	2.23945
1556	-53.5	26.5	59.703	970.484	8.24091	1.75	13.1	34.103	3.3091E-8	1	0	2.2195
1557	-53.5	27.5	60.154	970.415	8.23548	1.75	13.1	34.554	3.3049E-8	1	0	2.19905
1558	-53.5	28.5	60.618	970.369	8.23184	1.75	13.1	35.018	3.302E-8	1	0	2.17814
1559	-53.5	29.5	61.094	970.346	8.23002	1.75	13.1	35.494	3.3006E-8	1	0	2.15682
1560	-52.5	-29.5	60.22	975.833	8.21156	1.75	13.1	34.62	3.2783E-8	1	0	2.20687
1561	-52.5	-28.5	59.737	975.858	8.21357	1.75	13.1	34.137	3.2799E-8	1	0	2.2298
1562	-52.5	-27.5	59.266	975.907	8.21761	1.75	13.1	33.666	3.2831E-8	1	0	2.2523
1563	-52.5	-26.5	58.809	975.981	8.22362	1.75	13.1	33.209	3.2878E-8	1	0	2.2743
1564	-52.5	-25.5	58.365	976.078	8.23153	1.75	13.1	32.765	3.294E-8	1	0	2.29576
1565	-52.5	-24.5	57.935	976.197	8.24127	1.75	13.1	32.335	3.3016E-8	1	0	2.31665
1566	-52.5	-23.5	57.52	976.338	8.25274	1.75	13.1	31.92	3.3106E-8	1	0	2.33691
1567	-52.5	-22.5	57.118	976.498	8.26581	1.75	13.1	31.518	3.3209E-8	1	0	2.35651
1568	-52.5	-21.5	56.732	976.676	8.28036	1.75	13.1	31.132	3.3323E-8	1	0	2.37542
1569	-52.5	-20.5	56.36	976.869	8.29622	1.75	13.1	30.76	3.3448E-8	1	0	2.3936
1570	-52.5	-19.5	56.004	977.077	8.31324	1.75	13.1	30.404	3.3583E-8	1	0	2.41103
1571	-52.5	-18.5	55.664	977.296	8.33122	1.75	13.1	30.064	3.3725E-8	1	0	2.42768
1572	-52.5	-17.5	55.34	977.524	8.35	1.75	13.1	29.74	3.3874E-8	1	0	2.44354
1573	-52.5	-16.5	55.032	977.76	8.36935	1.75	13.1	29.432	3.4028E-8	1	0	2.45858
1574	-52.5	-15.5	54.74	977.999	8.38907	1.75	13.1	29.14	3.4185E-8	1	0	2.47278
1575	-52.5	-14.5	54.466	978.24	8.40895	1.75	13.1	28.866	3.4344E-8	1	0	2.48614
1576	-52.5	-13.5	54.208	978.48	8.42877	1.75	13.1	28.608	3.4503E-8	1	0	2.49864
1577	-52.5	-12.5	53.968	978.717	8.44831	1.75	13.1	28.368	3.466E-8	1	0	2.51027
1578	-52.5	-11.5	53.745	978.947	8.46736	1.75	13.1	28.145	3.4813E-8	1	0	2.52102
1579	-52.5	-10.5	53.54	979.168	8.4857	1.75	13.1	27.94	3.496E-8	1	0	2.53089
1580	-52.5	-9.5	53.353	979.378	8.50312	1.75	13.1	27.753	3.5101E-8	1	0	2.53988
1581	-52.5	-8.5	53.184	979.574	8.51943	1.75	13.1	27.584	3.5233E-8	1	0	2.54797
1582	-52.5	-7.5	53.033	979.755	8.53443	1.75	13.1	27.433	3.5355E-8	1	0	2.55517
1583	-52.5	-6.5	52.901	979.917	8.54797	1.75	13.1	27.301	3.5464E-8	1	0	2.56147
1584	-52.5	-5.5	52.787	980.06	8.55988	1.75	13.1	27.187	3.5561E-8	1	0	2.56688
1585	-52.5	-4.5	52.693	980.182	8.57003	1.75	13.1	27.093	3.5644E-8	1	0	2.57138
1586	-52.5	-3.5	52.617	980.281	8.57829	1.75	13.1	27.017	3.5711E-8	1	0	2.57499
1587	-52.5	-2.5	52.559	980.356	8.58457	1.75	13.1	26.959	3.5762E-8	1	0	2.57769
1588	-52.5	-1.5	52.521	980.407	8.5888	1.75	13.1	26.921	3.5797E-8	1	0	2.5795
1589	-52.5	-0.5	52.502	980.433	8.59093	1.75	13.1	26.902	3.5814E-8	1	0	2.5804
1590	-52.5	0.5	52.502	980.433	8.59093	1.75	13.1	26.902	3.5814E-8	1	0	2.5804
1591	-52.5	1.5	52.521	980.407	8.5888	1.75	13.1	26.921	3.5797E-8	1	0	2.5795
1592	-52.5	2.5	52.559	980.356	8.58457	1.75	13.1	26.959	3.5762E-8	1	0	2.57769
1593	-52.5	3.5	52.617	980.281	8.57829	1.75	13.1	27.017	3.5711E-8	1	0	2.57499
1594	-52.5	4.5	52.693	980.182	8.57003	1.75	13.1	27.093	3.5644E-8	1	0	2.57138
1595	-52.5	5.5	52.787	980.06	8.55988	1.75	13.1	27.187	3.5561E-8	1	0	2.56688
1596	-52.5	6.5	52.901	979.917	8.54797	1.75	13.1	27.301	3.5464E-8	1	0	2.56147
1597	-52.5	7.5	53.033	979.755	8.53443	1.75	13.1	27.433	3.5355E-8	1	0	2.55517
1598	-52.5	8.5	53.184	979.574	8.51943	1.75	13.1	27.584	3.5233E-8	1	0	2.54797
1599	-52.5	9.5	53.353	979.378	8.50312	1.75	13.1	27.753	3.5101E-8	1	0	2.53988
1600	-52.5	10.5	53.54	979.168	8.4857	1.75	13.1	27.94	3.496E-8	1	0	2.53089
1601	-52.5	11.5	53.745	978.947	8.46736	1.75	13.1	28.145	3.4813E-8	1	0	2.52102
1602	-52.5	12.5	53.968	978.717	8.44831	1.75	13.1	28.368	3.466E-8	1	0	2.51027
1603	-52.5	13.5	54.208	978.48	8.42877	1.75	13.1	28.608	3.4503E-8	1	0	2.49864
1604	-52.5	14.5	54.466	978.24	8.40895	1.75	13.1	28.866	3.4344E-8	1	0	2.48614
1605	-52.5	15.5	54.74	977.999	8.38907	1.75	13.1	29.14	3.4185E-8	1	0	2.47278
1606	-52.5	16.5	55.032	977.76	8.36935	1.75	13.1	29.432	3.4028E-8	1	0	2.45858
1607	-52.5	17.5	55.34	977.524	8.35	1.75	13.1	29.74	3.3874E-8	1	0	2.44354
1608	-52.5	18.5	55.664	977.296	8.33122	1.75	13.1	30.064	3.3725E-8	1	0	2.42768
1609	-52.5	19.5	56.004	977.077	8.31324	1.75	13.1	30.404	3.3583E-8	1	0	2.41103
1610	-52.5	20.5	56.36	976.869	8.29622	1.75	13.1	30.76	3.3448E-8	1	0	2.3936
1611	-52.5	21.5	56.732	976.676	8.28036	1.75	13.1	31.132	3.3323E-8	1	0	2.37542
1612	-52.5	22.5	57.118	976.498	8.26581	1.75	13.1	31.518	3.3209E-8	1	0	2.35651
1613	-52.5	23.5	57.52	976.338	8.25274	1.75	13.1	31.92	3.3106E-8	1	0	2.33691
1614	-52.5	24.5	57.935	976.197	8.24127	1.75	13.1	32.335	3.3016E-8	1	0	2.31665
1615	-52.5	25.5	58.365	976.078	8.23153	1.75	13.1	32.765	3.294E-8	1	0	2.29576
1616	-52.5	26.5	58.809	975.981	8.22362	1.75	13.1	33.209	3.2878E-8	1	0	2.2743
1617	-52.5	27.5	59.266	975.907	8.21761	1.75	13.1	33.666	3.2831E-8	1	0	2.2523
1618	-52.5	28.5	59.737	975.858	8.21357	1.75	13.1	34.137	3.2799E-8	1	0	2.2298
1619	-52.5	29.5	60.22	975.833	8.21156	1.75	13.1	34.62	3.2783E-8	1	0	2.20687
1620	-51.5	-29.5	59.351	981.088	8.19111	1.75	13.1	33.751	3.2549E-8	1	0	2.25974
1621	-51.5	-28.5	58.86	981.115	8.19334	1.75	13.1	33.26	3.2567E-8	1	0	2.28445
1622	-51.5	-27.5	58.382	981.168	8.19781	1.75	13.1	32.782	3.2602E-8	1	0	2.30869
1623	-51.5	-26.5	57.918	981.247	8.20447	1.75	13.1	32.318	3.2653E-8	1	0	2.33239
1624	-51.5	-25.5	57.467	981.351	8.21324	1.75	13.1	31.867	3.2722E-8	1	0	2.35552
1625	-51.5	-24.5	57.031	981.479	8.22403	1.75	13.1	31.431	3.2806E-8	1	0	2.37802
1626	-51.5	-23.5	56.608	981.629	8.23674	1.75	13.1	31.008	3.2906E-8	1	0	2.39984
1627	-51.5	-22.5	56.201	981.8	8.25122	1.75	13.1	30.601	3.3019E-8	1	0	2.42096
1628	-51.5	-21.5	55.808	981.991	8.26735	1.75	13.1	30.208	3.3146E-8	1	0	2.44132
1629	-51.5	-20.5	55.43	982.199	8.28494	1.75	13.1	29.83	3.3284E-8	1	0	2.4609
1630	-51.5	-19.5	55.068	982.421	8.30381	1.75	13.1	29.468	3.3433E-8	1	0	2.47967
1631	-51.5	-18.5	54.722	982.656	8.32376	1.75	13.1	29.122	3.359E-8	1	0	2.4976
1632	-51.5	-17.5	54.392	982.901	8.34459	1.75	13.1	28.792	3.3755E-8	1	0	2.51467
1633	-51.5	-16.5	54.079	983.153	8.36607	1.75	13.1	28.479	3.3926E-8	1	0	2.53086
1634	-51.5	-15.5	53.782	983.41	8.38796	1.75	13.1	28.182	3.41E-8	1	0	2.54615
1635	-51.5	-14.5	53.502	983.668	8.41004	1.75	13.1	27.902	3.4276E-8	1	0	2.56052
1636	-51.5	-13.5	53.24	983.926	8.43206	1.75	13.1	27.64	3.4452E-8	1	0	2.57397
1637	-51.5	-12.5	52.995	984.179	8.45377	1.75	13.1	27.395	3.4626E-8	1	0	2.58649
1638	-51.5	-11.5	52.768	984.426	8.47493	1.75	13.1	27.168	3.4796E-8	1	0	2.59806
1639	-51.5	-10.5	52.559	984.663	8.49532	1.75	13.1	26.959	3.496E-8	1	0	2.60868
1640	-51.5	-9.5	52.369	984.888	8.51469	1.75	13.1	26.769	3.5116E-8	1	0	2.61835
1641	-51.5	-8.5	52.197	985.099	8.53282	1.75	13.1	26.597	3.5263E-8	1	0	2.62705
1642	-51.5	-7.5	52.043	985.292	8.54952	1.75	13.1	26.443	3.5398E-8	1	0	2.6348
1643	-51.5	-6.5	51.909	985.467	8.56458	1.75	13.1	26.309	3.5521E-8	1	0	2.64158
1644	-51.5	-5.5	51.793	985.62	8.57784	1.75	13.1	26.193	3.5628E-8	1	0	2.64739
1645	-51.5	-4.5	51.696	985.751	8.58913	1.75	13.1	26.096	3.572E-8	1	0	2.65224
1646	-51.5	-3.5	51.619	985.857	8.59832	1.75	13.1	26.019	3.5795E-8	1	0	2.65612
1647	-51.5	-2.5	51.561	985.938	8.60532	1.75	13.1	25.961	3.5852E-8	1	0	2.65903
1648	-51.5	-1.5	51.522	985.992	8.61003	1.75	13.1	25.922	3.5891E-8	1	0	2.66096
1649	-51.5	-0.5	51.502	986.02	8.6124	1.75	13.1	25.902	3.591E-8	1	0	2.66193
1650	-51.5	0.5	51.502	986.02	8.6124	1.75	13.1	25.902	3.591E-8	1	0	2.66193
1651	-51.5	1.5	51.522	985.992	8.61003	1.75	13.1	25.922	3.5891E-8	1	0	2.66096
1652	-51.5	2.5	51.561	985.938	8.60532	1.75	13.1	25.961	3.5852E-8	1	0	2.65903
1653	-51.5	3.5	51.619	985.857	8.59832	1.75	13.1	26.019	3.5795E-8	1	0	2.65612
1654	-51.5	4.5	51.696	985.751	8.58913	1.75	13.1	26.096	3.572E-8	1	0	2.65224
1655	-51.5	5.5	51.793	985.62	8.57784	1.75	13.1	26.193	3.5628E-8	1	0	2.64739
1656	-51.5	6.5	51.909	985.467	8.56458	1.75	13.1	26.309	3.5521E-8	1	0	2.64158
1657	-51.5	7.5	52.043	985.292	8.54952	1.75	13.1	26.443	3.5398E-8	1	0	2.6348
1658	-51.5	8.5	52.197	985.099	8.53282	1.75	13.1	26.597	3.5263E-8	1	0	2.62705
1659	-51.5	9.5	52.369	984.888	8.51469	1.75	13.1	26.769	3.5116E-8	1	0	2.61835
1660	-51.5	10.5	52.559	984.663	8.49532	1.75	13.1	26.959	3.496E-8	1	0	2.60868
1661	-51.5	11.5	52.768	984.426	8.47493	1.75	13.1	27.168	3.4796E-8	1	0	2.59806
1662	-51.5	12.5	52.995	984.179	8.45377	1.75	13.1	27.395	3.4626E-8	1	0	2.58649
1663	-51.5	13.5	53.24	983.926	8.43206	1.75	13.1	27.64	3.4452E-8	1	0	2.57397
1664	-51.5	14.5	53.502	983.668	8.41004	1.75	13.1	27.902	3.4276E-8	1	0	2.56052
1665	-51.5	15.5	53.782	983.41	8.38796	1.75	13.1	28.182	3.41E-8	1	0	2.54615
1666	-51.5	16.5	54.079	983.153	8.36607	1.75	13.1	28.479	3.3926E-8	1	0	2.53086
1667	-51.5	17.5	54.392	982.901	8.34459	1.75	13.1	28.792	3.3755E-8	1	0	2.51467
1668	-51.5	18.5	54.722	982.656	8.32376	1.75	13.1	29.122	3.359E-8	1	0	2.4976
1669	-51.5	19.5	55.068	982.421	8.30381	1.75	13.1	29.468	3.3433E-8	1	0	2.47967
1670	-51.5	20.5	55.43	982.199	8.28494	1.75	13.1	29.83	3.3284E-8	1	0	2.4609
1671	-51.5	21.5	55.808	981.991	8.26735	1.75	13.1	30.208	3.3146E-8	1	0	2.44132
1672	-51.5	22.5	56.201	981.8	8.25122	1.75	13.1	30.601	3.3019E-8	1	0	2.42096
1673	-51.5	23.5	56.608	981.629	8.23674	1.75	13.1	31.008	3.2906E-8	1	0	2.39984
1674	-51.5	24.5	57.031	981.479	8.22403	1.75	13.1	31.431	3.2806E-8	1	0	2.37802
1675	-51.5	25.5	57.467	981.351	8.21324	1.75	13.1	31.867	3.2722E-8	1	0	2.35552
1676	-51.5	26.5	57.918	981.247	8.20447	1.75	13.1	32.318	3.2653E-8	1	0	2.33239
1677	-51.5	27.5	58.382	981.168	8.19781	1.75	13.1	32.782	3.2602E-8	1	0	2.30869
1678	-51.5	28.5	58.86	981.115	8.19334	1.75	13.1	33.26	3.2567E-8	1	0	2.28445
1679	-51.5	29.5	59.351	981.088	8.19111	1.75	13.1	33.751	3.2549E-8	1	0	2.25974
1680	-50.5	-29.5	58.485	986.112	8.16848	1.75	13.1	32.885	3.2302E-8	1	0	2.31572
1681	-50.5	-28.5	57.987	986.141	8.17094	1.75	13.1	32.387	3.2321E-8	1	0	2.34238
1682	-50.5	-27.5	57.502	986.198	8.17589	1.75	13.1	31.902	3.236E-8	1	0	2.36853
1683	-50.5	-26.5	57.031	986.282	8.18326	1.75	13.1	31.431	3.2417E-8	1	0	2.3941
1684	-50.5	-25.5	56.573	986.393	8.19297	1.75	13.1	30.973	3.2492E-8	1	0	2.41905
1685	-50.5	-24.5	56.129	986.53	8.20493	1.75	13.1	30.529	3.2586E-8	1	0	2.44333
1686	-50.5	-23.5	55.7	986.691	8.21901	1.75	13.1	30.1	3.2695E-8	1	0	2.46688
1687	-50.5	-22.5	55.286	986.875	8.23506	1.75	13.1	29.686	3.2821E-8	1	0	2.48965
1688	-50.5	-21.5	54.886	987.079	8.25293	1.75	13.1	29.286	3.296E-8	1	0	2.51162
1689	-50.5	-20.5	54.502	987.301	8.27243	1.75	13.1	28.902	3.3113E-8	1	0	2.53274
1690	-50.5	-19.5	54.134	987.539	8.29335	1.75	13.1	28.534	3.3278E-8	1	0	2.55299
1691	-50.5	-18.5	53.782	987.79	8.31549	1.75	13.1	28.182	3.3452E-8	1	0	2.57232
1692	-50.5	-17.5	53.446	988.052	8.33859	1.75	13.1	27.846	3.3635E-8	1	0	2.59073
1693	-50.5	-16.5	53.127	988.322	8.36243	1.75	13.1	27.527	3.3823E-8	1	0	2.60818
1694	-50.5	-15.5	52.825	988.597	8.38673	1.75	13.1	27.225	3.4016E-8	1	0	2.62467
1695	-50.5	-14.5	52.54	988.874	8.41125	1.75	13.1	26.94	3.4212E-8	1	0	2.64016
1696	-50.5	-13.5	52.273	989.15	8.4357	1.75	13.1	26.673	3.4407E-8	1	0	2.65466
1697	-50.5	-12.5	52.024	989.421	8.45983	1.75	13.1	26.424	3.46E-8	1	0	2.66816
1698	-50.5	-11.5	51.793	989.685	8.48335	1.75	13.1	26.193	3.4789E-8	1	0	2.68063
1699	-50.5	-10.5	51.58	989.94	8.50601	1.75	13.1	25.98	3.4971E-8	1	0	2.69208
1700	-50.5	-9.5	51.386	990.181	8.52755	1.75	13.1	25.786	3.5145E-8	1	0	2.7025
1701	-50.5	-8.5	51.21	990.406	8.54772	1.75	13.1	25.61	3.5308E-8	1	0	2.71189
1702	-50.5	-7.5	51.054	990.614	8.5663	1.75	13.1	25.454	3.5459E-8	1	0	2.72024
1703	-50.5	-6.5	50.917	990.801	8.58306	1.75	13.1	25.317	3.5595E-8	1	0	2.72755
1704	-50.5	-5.5	50.799	990.965	8.59781	1.75	13.1	25.199	3.5715E-8	1	0	2.73382
1705	-50.5	-4.5	50.7	991.105	8.61038	1.75	13.1	25.1	3.5817E-8	1	0	2.73904
1706	-50.5	-3.5	50.621	991.219	8.62062	1.75	13.1	25.021	3.5901E-8	1	0	2.74323
1707	-50.5	-2.5	50.562	991.305	8.62841	1.75	13.1	24.962	3.5964E-8	1	0	2.74636
1708	-50.5	-1.5	50.522	991.364	8.63365	1.75	13.1	24.922	3.6007E-8	1	0	2.74845
1709	-50.5	-0.5	50.502	991.393	8.63629	1.75	13.1	24.902	3.6029E-8	1	0	2.7495
1710	-50.5	0.5	50.502	991.393	8.63629	1.75	13.1	24.902	3.6029E-8	1	0	2.7495
1711	-50.5	1.5	50.522	991.364	8.63365	1.75	13.1	24.922	3.6007E-8	1	0	2.74845
1712	-50.5	2.5	50.562	991.305	8.62841	1.75	13.1	24.962	3.5964E-8	1	0	2.74636
1713	-50.5	3.5	50.621	991.219	8.62062	1.75	13.1	25.021	3.5901E-8	1	0	2.74323
1714	-50.5	4.5	50.7	991.105	8.61038	1.75	13.1	25.1	3.5817E-8	1	0	2.73904
1715	-50.5	5.5	50.799	990.965	8.59781	1.75	13.1	25.199	3.5715E-8	1	0	2.73382
1716	-50.5	6.5	50.917	990.801	8.58306	1.75	13.1	25.317	3.5595E-8	1	0	2.72755
1717	-50.5	7.5	51.054	990.614	8.5663	1.75	13.1	25.454	3.5459E-8	1	0	2.72024
1718	-50.5	8.5	51.21	990.406	8.54772	1.75	13.1	25.61	3.5308E-8	1	0	2.71189
1719	-50.5	9.5	51.386	990.181	8.52755	1.75	13.1	25.786	3.5145E-8	1	0	2.7025
1720	-50.5	10.5	51.58	989.94	8.50601	1.75	13.1	25.98	3.4971E-8	1	0	2.69208
1721	-50.5	11.5	51.793	989.685	8.48335	1.75	13.1	26.193	3.4789E-8	1	0	2.68063
1722	-50.5	12.5	52.024	989.421	8.45983	1.75	13.1	26.424	3.46E-8	1	0	2.66816
1723	-50.5	13.5	52.273	989.15	8.4357	1.75	13.1	26.673	3.4407E-8	1	0	2.65466
1724	-50.5	14.5	52.54	988.874	8.41125	1.75	13.1	26.94	3.4212E-8	1	0	2.64016
1725	-50.5	15.5	52.825	988.597	8.38673	1.75	13.1	27.225	3.4016E-8	1	0	2.62467
1726	-50.5	16.5	53.127	988.322	8.36243	1.75	13.1	27.527	3.3823E-8	1	0	2.60818
1727	-50.5	17.5	53.446	988.052	8.33859	1.75	13.1	27.846	3.3635E-8	1	0	2.59073
1728	-50.5	18.5	53.782	987.79	8.31549	1.75	13.1	28.182	3.3452E-8	1	0	2.57232
1729	-50.5	19.5	54.134	987.539	8.29335	1.75	13.1	28.534	3.3278E-8	1	0	2.55299
1730	-50.5	20.5	54.502	987.301	8.27243	1.75	13.1	28.902	3.3113E-8	1	0	2.53274
1731	-50.5	21.5	54.886	987.079	8.25293	1.75	13.1	29.286	3.296E-8	1	0	2.51162
1732	-50.5	22.5	55.286	986.875	8.23506	1.75	13.1	29.686	3.2821E-8	1	0	2.48965
1733	-50.5	23.5	55.7	986.691	8.21901	1.75	13.1	30.1	3.2695E-8	1	0	2.46688
1734	-50.5	24.5	56.129	986.53	8.20493	1.75	13.1	30.529	3.2586E-8	1	0	2.44333
1735	-50.5	25.5	56.573	986.393	8.19297	1.75	13.1	30.973	3.2492E-8	1	0	2.41905
1736	-50.5	26.5	57.031	986.282	8.18326	1.75	13.1	31.431	3.2417E-8	1	0	2.3941
1737	-50.5	27.5	57.502	986.198	8.17589	1.75	13.1	31.902	3.236E-8	1	0	2.36853
1738	-50.5	28.5	57.987	986.141	8.17094	1.75	13.1	32.387	3.2321E-8	1	0	2.34238
1739	-50.5	29.5	58.485	986.112	8.16848	1.75	13.1	32.885	3.2302E-8	1	0	2.31572
1740	-49.5	-29.5	57.624	990.906	8.14342	1.75	13.1	32.024	3.204E-8	1	0	2.37512
1741	-49.5	-28.5	57.118	990.937	8.14614	1.75	13.1	31.518	3.2061E-8	1	0	2.40392
1742	-49.5	-27.5	56.626	990.998	8.15163	1.75	13.1	31.026	3.2104E-8	1	0	2.43217
1743	-49.5	-26.5	56.147	991.088	8.15979	1.75	13.1	30.547	3.2167E-8	1	0	2.4598
1744	-49.5	-25.5	55.682	991.207	8.17054	1.75	13.1	30.082	3.225E-8	1	0	2.48676
1745	-49.5	-24.5	55.231	991.353	8.18378	1.75	13.1	29.631	3.2353E-8	1	0	2.51299
1746	-49.5	-23.5	54.795	991.525	8.19937	1.75	13.1	29.195	3.2474E-8	1	0	2.53843
1747	-49.5	-22.5	54.374	991.721	8.21715	1.75	13.1	28.774	3.2612E-8	1	0	2.56304
1748	-49.5	-21.5	53.968	991.939	8.23695	1.75	13.1	28.368	3.2767E-8	1	0	2.58678
1749	-49.5	-20.5	53.577	992.176	8.25856	1.75	13.1	27.977	3.2935E-8	1	0	2.6096
1750	-49.5	-19.5	53.202	992.431	8.28176	1.75	13.1	27.602	3.3117E-8	1	0	2.63147
1751	-49.5	-18.5	52.844	992.7	8.30631	1.75	13.1	27.244	3.331E-8	1	0	2.65236
1752	-49.5	-17.5	52.502	992.98	8.33194	1.75	13.1	26.902	3.3512E-8	1	0	2.67224
1753	-49.5	-16.5	52.178	993.269	8.35839	1.75	13.1	26.578	3.3721E-8	1	0	2.6911
1754	-49.5	-15.5	51.87	993.562	8.38537	1.75	13.1	26.27	3.3935E-8	1	0	2.7089
1755	-49.5	-14.5	51.58	993.858	8.41259	1.75	13.1	25.98	3.4151E-8	1	0	2.72565
1756	-49.5	-13.5	51.308	994.153	8.43975	1.75	13.1	25.708	3.4368E-8	1	0	2.74131
1757	-49.5	-12.5	51.054	994.443	8.46656	1.75	13.1	25.454	3.4583E-8	1	0	2.75589
1758	-49.5	-11.5	50.818	994.726	8.4927	1.75	13.1	25.218	3.4792E-8	1	0	2.76937
1759	-49.5	-10.5	50.601	994.998	8.5179	1.75	13.1	25.001	3.4995E-8	1	0	2.78174
1760	-49.5	-9.5	50.403	995.256	8.54185	1.75	13.1	24.803	3.5188E-8	1	0	2.793
1761	-49.5	-8.5	50.224	995.497	8.56429	1.75	13.1	24.624	3.537E-8	1	0	2.80315
1762	-49.5	-7.5	50.065	995.719	8.58496	1.75	13.1	24.465	3.5538E-8	1	0	2.81217
1763	-49.5	-6.5	49.925	995.919	8.60362	1.75	13.1	24.325	3.5689E-8	1	0	2.82007
1764	-49.5	-5.5	49.805	996.095	8.62004	1.75	13.1	24.205	3.5823E-8	1	0	2.82685
1765	-49.5	-4.5	49.704	996.245	8.63403	1.75	13.1	24.104	3.5937E-8	1	0	2.8325
1766	-49.5	-3.5	49.624	996.367	8.64544	1.75	13.1	24.024	3.603E-8	1	0	2.83702
1767	-49.5	-2.5	49.563	996.459	8.65411	1.75	13.1	23.963	3.6101E-8	1	0	2.84042
1768	-49.5	-1.5	49.523	996.522	8.65995	1.75	13.1	23.923	3.6149E-8	1	0	2.84268
1769	-49.5	-0.5	49.503	996.553	8.66289	1.75	13.1	23.903	3.6173E-8	1	0	2.84381
1770	-49.5	0.5	49.503	996.553	8.66289	1.75	13.1	23.903	3.6173E-8	1	0	2.84381
1771	-49.5	1.5	49.523	996.522	8.65995	1.75	13.1	23.923	3.6149E-8	1	0	2.84268
1772	-49.5	2.5	49.563	996.459	8.65411	1.75	13.1	23.963	3.6101E-8	1	0	2.84042
1773	-49.5	3.5	49.624	996.367	8.64544	1.75	13.1	24.024	3.603E-8	1	0	2.83702
1774	-49.5	4.5	49.704	996.245	8.63403	1.75	13.1	24.104	3.5937E-8	1	0	2.8325
1775	-49.5	5.5	49.805	996.095	8.62004	1.75	13.1	24.205	3.5823E-8	1	0	2.82685
1776	-49.5	6.5	49.925	995.919	8.60362	1.75	13.1	24.325	3.5689E-8	1	0	2.82007
1777	-49.5	7.5	50.065	995.719	8.58496	1.75	13.1	24.465	3.5538E-8	1	0	2.81217
1778	-49.5	8.5	50.224	995.497	8.56429	1.75	13.1	24.624	3.537E-8	1	0	2.80315
1779	-49.5	9.5	50.403	995.256	8.54185	1.75	13.1	24.803	3.5188E-8	1	0	2.793
1780	-49.5	10.5	50.601	994.998	8.5179	1.75	13.1	25.001	3.4995E-8	1	0	2.78174
1781	-49.5	11.5	50.818	994.726	8.4927	1.75	13.1	25.218	3.4792E-8	1	0	2.76937
1782	-49.5	12.5	51.054	994.443	8.46656	1.75	13.1	25.454	3.4583E-8	1	0	2.75589
1783	-49.5	13.5	51.308	994.153	8.43975	1.75	13.1	25.708	3.4368E-8	1	0	2.74131
1784	-49.5	14.5	51.58	993.858	8.41259	1.75	13.1	25.98	3.4151E-8	1	0	2.72565
1785	-49.5	15.5	51.87	993.562	8.38537	1.75	13.1	26.27	3.3935E-8	1	0	2.7089
1786	-49.5	16.5	52.178	993.269	8.35839	1.75	13.1	26.578	3.3721E-8	1	0	2.6911
1787	-49.5	17.5	52.502	992.98	8.33194	1.75	13.1	26.902	3.3512E-8	1	0	2.67224
1788	-49.5	18.5	52.844	992.7	8.30631	1.75	13.1	27.244	3.331E-8	1	0	2.65236
1789	-49.5	19.5	53.202	992.431	8.28176	1.75	13.1	27.602	3.3117E-8	1	0	2.63147
1790	-49.5	20.5	53.577	992.176	8.25856	1.75	13.1	27.977	3.2935E-8	1	0	2.6096
1791	-49.5	21.5	53.968	991.939	8.23695	1.75	13.1	28.368	3.2767E-8	1	0	2.58678
1792	-49.5	22.5	54.374	991.721	8.21715	1.75	13.1	28.774	3.2612E-8	1	0	2.56304
1793	-49.5	23.5	54.795	991.525	8.19937	1.75	13.1	29.195	3.2474E-8	1	0	2.53843
1794	-49.5	24.5	55.231	991.353	8.18378	1.75	13.1	29.631	3.2353E-8	1	0	2.51299
1795	-49.5	25.5	55.682	991.207	8.17054	1.75	13.1	30.082	3.225E-8	1	0	2.48676
1796	-49.5	26.5	56.147	991.088	8.15979	1.75	13.1	30.547	3.2167E-8	1	0	2.4598
1797	-49.5	27.5	56.626	990.998	8.15163	1.75	13.1	31.026	3.2104E-8	1	0	2.43217
1798	-49.5	28.5	57.118	990.937	8.14614	1.75	13.1	31.518	3.2061E-8	1	0	2.40392
1799	-49.5	29.5	57.624	990.906	8.14342	1.75	13.1	32.024	3.204E-8	1	0	2.37512
1800	-48.5	-29.5	56.767	995.471	8.11569	1.75	13.1	31.167	3.1762E-8	1	0	2.43826
1801	-48.5	-28.5	56.254	995.504	8.1187	1.75	13.1	30.654	3.1785E-8	1	0	2.46943
1802	-48.5	-27.5	55.754	995.568	8.12477	1.75	13.1	30.154	3.1832E-8	1	0	2.49999
1803	-48.5	-26.5	55.268	995.665	8.1338	1.75	13.1	29.668	3.1901E-8	1	0	2.5299
1804	-48.5	-25.5	54.795	995.791	8.1457	1.75	13.1	29.195	3.1993E-8	1	0	2.55907
1805	-48.5	-24.5	54.337	995.947	8.16036	1.75	13.1	28.737	3.2106E-8	1	0	2.58746
1806	-48.5	-23.5	53.893	996.131	8.17762	1.75	13.1	28.293	3.224E-8	1	0	2.615
1807	-48.5	-22.5	53.465	996.34	8.19731	1.75	13.1	27.865	3.2392E-8	1	0	2.64164
1808	-48.5	-21.5	53.052	996.573	8.21925	1.75	13.1	27.452	3.2563E-8	1	0	2.66732
1809	-48.5	-20.5	52.655	996.826	8.2432	1.75	13.1	27.055	3.2749E-8	1	0	2.69202
1810	-48.5	-19.5	52.273	997.098	8.26891	1.75	13.1	26.673	3.295E-8	1	0	2.71569
1811	-48.5	-18.5	51.909	997.385	8.29613	1.75	13.1	26.309	3.3164E-8	1	0	2.7383
1812	-48.5	-17.5	51.561	997.684	8.32456	1.75	13.1	25.961	3.3387E-8	1	0	2.75983
1813	-48.5	-16.5	51.23	997.992	8.3539	1.75	13.1	25.63	3.3619E-8	1	0	2.78024
1814	-48.5	-15.5	50.917	998.306	8.38385	1.75	13.1	25.317	3.3856E-8	1	0	2.79951
1815	-48.5	-14.5	50.621	998.622	8.41408	1.75	13.1	25.021	3.4096E-8	1	0	2.81764
1816	-48.5	-13.5	50.344	998.937	8.44425	1.75	13.1	24.744	3.4336E-8	1	0	2.8346
1817	-48.5	-12.5	50.085	999.247	8.47403	1.75	13.1	24.485	3.4574E-8	1	0	2.85039
1818	-48.5	-11.5	49.845	999.548	8.5031	1.75	13.1	24.245	3.4807E-8	1	0	2.86499
1819	-48.5	-10.5	49.624	999.839	8.53111	1.75	13.1	24.024	3.5033E-8	1	0	2.87839
1820	-48.5	-9.5	49.422	1000.114	8.55776	1.75	13.1	23.822	3.5248E-8	1	0	2.8906
1821	-48.5	-8.5	49.239	1000.372	8.58273	1.75	13.1	23.639	3.545E-8	1	0	2.90159
1822	-48.5	-7.5	49.076	1000.609	8.60573	1.75	13.1	23.476	3.5637E-8	1	0	2.91138
1823	-48.5	-6.5	48.934	1000.823	8.6265	1.75	13.1	23.334	3.5806E-8	1	0	2.91995
1824	-48.5	-5.5	48.811	1001.01	8.64479	1.75	13.1	23.211	3.5955E-8	1	0	2.9273
1825	-48.5	-4.5	48.708	1001.17	8.66037	1.75	13.1	23.108	3.6083E-8	1	0	2.93342
1826	-48.5	-3.5	48.626	1001.301	8.67308	1.75	13.1	23.026	3.6186E-8	1	0	2.93833
1827	-48.5	-2.5	48.564	1001.399	8.68274	1.75	13.1	22.964	3.6266E-8	1	0	2.94201
1828	-48.5	-1.5	48.523	1001.466	8.68925	1.75	13.1	22.923	3.6319E-8	1	0	2.94446
1829	-48.5	-0.5	48.503	1001.5	8.69252	1.75	13.1	22.903	3.6346E-8	1	0	2.94569
1830	-48.5	0.5	48.503	1001.5	8.69252	1.75	13.1	22.903	3.6346E-8	1	0	2.94569
1831	-48.5	1.5	48.523	1001.466	8.68925	1.75	13.1	22.923	3.6319E-8	1	0	2.94446
1832	-48.5	2.5	48.564	1001.399	8.68274	1.75	13.1	22.964	3.6266E-8	1	0	2.94201
1833	-48.5	3.5	48.626	1001.301	8.67308	1.75	13.1	23.026	3.6186E-8	1	0	2.93833
1834	-48.5	4.5	48.708	1001.17	8.66037	1.75	13.1	23.108	3.6083E-8	1	0	2.93342
1835	-48.5	5.5	48.811	1001.01	8.64479	1.75	13.1	23.211	3.5955E-8	1	0	2.9273
1836	-48.5	6.5	48.934	1000.823	8.6265	1.75	13.1	23.334	3.5806E-8	1	0	2.91995
1837	-48.5	7.5	49.076	1000.609	8.60573	1.75	13.1	23.476	3.5637E-8	1	0	2.91138
1838	-48.5	8.5	49.239	1000.372	8.58273	1.75	13.1	23.639	3.545E-8	1	0	2.90159
1839	-48.5	9.5	49.422	1000.114	8.55776	1.75	13.1	23.822	3.5248E-8	1	0	2.8906
1840	-48.5	10.5	49.624	999.839	8.53111	1.75	13.1	24.024	3.5033E-8	1	0	2.87839
1841	-48.5	11.5	49.845	999.548	8.5031	1.75	13.1	24.245	3.4807E-8	1	0	2.86499
1842	-48.5	12.5	50.085	999.247	8.47403	1.75	13.1	24.485	3.4574E-8	1	0	2.85039
1843	-48.5	13.5	50.344	998.937	8.44425	1.75	13.1	24.744	3.4336E-8	1	0	2.8346
1844	-48.5	14.5	50.621	998.622	8.41408	1.75	13.1	25.021	3.4096E-8	1	0	2.81764
1845	-48.5	15.5	50.917	998.306	8.38385	1.75	13.1	25.317	3.3856E-8	1	0	2.79951
1846	-48.5	16.5	51.23	997.992	8.3539	1.75	13.1	25.63	3.3619E-8	1	0	2.78024
1847	-48.5	17.5	51.561	997.684	8.32456	1.75	13.1	25.961	3.3387E-8	1	0	2.75983
1848	-48.5	18.5	51.909	997.385	8.29613	1.75	13.1	26.309	3.3164E-8	1	0	2.7383
1849	-48.5	19.5	52.273	997.098	8.26891	1.75	13.1	26.673	3.295E-8	1	0	2.71569
1850	-48.5	20.5	52.655	996.826	8.2432	1.75	13.1	27.055	3.2749E-8	1	0	2.69202
1851	-48.5	21.5	53.052	996.573	8.21925	1.75	13.1	27.452	3.2563E-8	1	0	2.66732
1852	-48.5	22.5	53.465	996.34	8.19731	1.75	13.1	27.865	3.2392E-8	1	0	2.64164
1853	-48.5	23.5	53.893	996.131	8.17762	1.75	13.1	28.293	3.224E-8	1	0	2.615
1854	-48.5	24.5	54.337	995.947	8.16036	1.75	13.1	28.737	3.2106E-8	1	0	2.58746
1855	-48.5	25.5	54.795	995.791	8.1457	1.75	13.1	29.195	3.1993E-8	1	0	2.55907
1856	-48.5	26.5	55.268	995.665	8.1338	1.75	13.1	29.668	3.1901E-8	1	0	2.5299
1857	-48.5	27.5	55.754	995.568	8.12477	1.75	13.1	30.154	3.1832E-8	1	0	2.49999
1858	-48.5	28.5	56.254	995.504	8.1187	1.75	13.1	30.654	3.1785E-8	1	0	2.46943
1859	-48.5	29.5	56.767	995.471	8.11569	1.75	13.1	31.167	3.1762E-8	1	0	2.43826
1860	-47.5	-29.5	55.915	999.807	8.08502	1.75	13.1	30.315	3.1465E-8	1	0	2.50554
1861	-47.5	-28.5	55.394	999.842	8.08835	1.75	13.1	29.794	3.1491E-8	1	0	2.53931
1862	-47.5	-27.5	54.886	999.911	8.09506	1.75	13.1	29.286	3.1542E-8	1	0	2.57244
1863	-47.5	-26.5	54.392	1000.013	8.10505	1.75	13.1	28.792	3.1619E-8	1	0	2.60485
1864	-47.5	-25.5	53.912	1000.149	8.11822	1.75	13.1	28.312	3.172E-8	1	0	2.63648
1865	-47.5	-24.5	53.446	1000.315	8.13443	1.75	13.1	27.846	3.1844E-8	1	0	2.66726
1866	-47.5	-23.5	52.995	1000.51	8.15354	1.75	13.1	27.395	3.1992E-8	1	0	2.69712
1867	-47.5	-22.5	52.559	1000.733	8.17535	1.75	13.1	26.959	3.216E-8	1	0	2.726
1868	-47.5	-21.5	52.139	1000.981	8.19964	1.75	13.1	26.539	3.2348E-8	1	0	2.75385
1869	-47.5	-20.5	51.735	1001.251	8.22617	1.75	13.1	26.135	3.2554E-8	1	0	2.78064
1870	-47.5	-19.5	51.347	1001.54	8.25467	1.75	13.1	25.747	3.2776E-8	1	0	2.80631
1871	-47.5	-18.5	50.975	1001.846	8.28484	1.75	13.1	25.375	3.3012E-8	1	0	2.83083
1872	-47.5	-17.5	50.621	1002.165	8.31637	1.75	13.1	25.021	3.3259E-8	1	0	2.85418
1873	-47.5	-16.5	50.284	1002.494	8.34893	1.75	13.1	24.684	3.3515E-8	1	0	2.87633
1874	-47.5	-15.5	49.965	1002.828	8.38217	1.75	13.1	24.365	3.3778E-8	1	0	2.89724
1875	-47.5	-14.5	49.664	1003.165	8.41573	1.75	13.1	24.064	3.4044E-8	1	0	2.91692
1876	-47.5	-13.5	49.381	1003.5	8.44924	1.75	13.1	23.781	3.4311E-8	1	0	2.93534
1877	-47.5	-12.5	49.117	1003.831	8.48234	1.75	13.1	23.517	3.4576E-8	1	0	2.95248
1878	-47.5	-11.5	48.872	1004.153	8.51465	1.75	13.1	23.272	3.4835E-8	1	0	2.96834
1879	-47.5	-10.5	48.647	1004.462	8.5458	1.75	13.1	23.047	3.5086E-8	1	0	2.9829
1880	-47.5	-9.5	48.441	1004.756	8.57545	1.75	13.1	22.841	3.5325E-8	1	0	2.99617
1881	-47.5	-8.5	48.255	1005.031	8.60324	1.75	13.1	22.655	3.555E-8	1	0	3.00813
1882	-47.5	-7.5	48.088	1005.283	8.62885	1.75	13.1	22.488	3.5759E-8	1	0	3.01877
1883	-47.5	-6.5	47.943	1005.511	8.65197	1.75	13.1	22.343	3.5947E-8	1	0	3.02809
1884	-47.5	-5.5	47.817	1005.712	8.67234	1.75	13.1	22.217	3.6114E-8	1	0	3.03609
1885	-47.5	-4.5	47.713	1005.882	8.68971	1.75	13.1	22.113	3.6256E-8	1	0	3.04276
1886	-47.5	-3.5	47.629	1006.021	8.70386	1.75	13.1	22.029	3.6372E-8	1	0	3.04811
1887	-47.5	-2.5	47.566	1006.126	8.71463	1.75	13.1	21.966	3.646E-8	1	0	3.05211
1888	-47.5	-1.5	47.524	1006.197	8.72189	1.75	13.1	21.924	3.652E-8	1	0	3.05479
1889	-47.5	-0.5	47.503	1006.233	8.72554	1.75	13.1	21.903	3.655E-8	1	0	3.05612
1890	-47.5	0.5	47.503	1006.233	8.72554	1.75	13.1	21.903	3.655E-8	1	0	3.05612
1891	-47.5	1.5	47.524	1006.197	8.72189	1.75	13.1	21.924	3.652E-8	1	0	3.05479
1892	-47.5	2.5	47.566	1006.126	8.71463	1.75	13.1	21.966	3.646E-8	1	0	3.05211
1893	-47.5	3.5	47.629	1006.021	8.70386	1.75	13.1	22.029	3.6372E-8	1	0	3.04811
1894	-47.5	4.5	47.713	1005.882	8.68971	1.75	13.1	22.113	3.6256E-8	1	0	3.04276
1895	-47.5	5.5	47.817	1005.712	8.67234	1.75	13.1	22.217	3.6114E-8	1	0	3.03609
1896	-47.5	6.5	47.943	1005.511	8.65197	1.75	13.1	22.343	3.5947E-8	1	0	3.02809
1897	-47.5	7.5	48.088	1005.283	8.62885	1.75	13.1	22.488	3.5759E-8	1	0	3.01877
1898	-47.5	8.5	48.255	1005.031	8.60324	1.75	13.1	22.655	3.555E-8	1	0	3.00813
1899	-47.5	9.5	48.441	1004.756	8.57545	1.75	13.1	22.841	3.5325E-8	1	0	2.99617
1900	-47.5	10.5	48.647	1004.462	8.5458	1.75	13.1	23.047	3.5086E-8	1	0	2.9829
1901	-47.5	11.5	48.872	1004.153	8.51465	1.75	13.1	23.272	3.4835E-8	1	0	2.96834
1902	-47.5	12.5	49.117	1003.831	8.48234	1.75	13.1	23.517	3.4576E-8	1	0	2.95248
1903	-47.5	13.5	49.381	1003.5	8.44924	1.75	13.1	23.781	3.4311E-8	1	0	2.93534
1904	-47.5	14.5	49.664	1003.165	8.41573	1.75	13.1	24.064	3.4044E-8	1	0	2.91692
1905	-47.5	15.5	49.965	1002.828	8.38217	1.75	13.1	24.365	3.3778E-8	1	0	2.89724
1906	-47.5	16.5	50.284	1002.494	8.34893	1.75	13.1	24.684	3.3515E-8	1	0	2.87633
1907	-47.5	17.5	50.621	1002.165	8.31637	1.75	13.1	25.021	3.3259E-8	1	0	2.85418
1908	-47.5	18.5	50.975	1001.846	8.28484	1.75	13.1	25.375	3.3012E-8	1	0	2.83083
1909	-47.5	19.5	51.347	1001.54	8.25467	1.75	13.1	25.747	3.2776E-8	1	0	2.80631
1910	-47.5	20.5	51.735	1001.251	8.22617	1.75	13.1	26.135	3.2554E-8	1	0	2.78064
1911	-47.5	21.5	52.139	1000.981	8.19964	1.75	13.1	26.539	3.2348E-8	1	0	2.75385
1912	-47.5	22.5	52.559	1000.733	8.17535	1.75	13.1	26.959	3.216E-8	1	0	2.726
1913	-47.5	23.5	52.995	1000.51	8.15354	1.75	13.1	27.395	3.1992E-8	1	0	2.69712
1914	-47.5	24.5	53.446	1000.315	8.13443	1.75	13.1	27.846	3.1844E-8	1	0	2.66726
1915	-47.5	25.5	53.912	1000.149	8.11822	1.75	13.1	28.312	3.172E-8	1	0	2.63648
1916	-47.5	26.5	54.392	1000.013	8.10505	1.75	13.1	28.792	3.1619E-8	1	0	2.60485
1917	-47.5	27.5	54.886	999.911	8.09506	1.75	13.1	29.286	3.1542E-8	1	0	2.57244
1918	-47.5	28.5	55.394	999.842	8.08835	1.75	13.1	29.794	3.1491E-8	1	0	2.53931
1919	-47.5	29.5	55.915	999.807	8.08502	1.75	13.1	30.315	3.1465E-8	1	0	2.50554
1920	-46.5	-29.5	55.068	1003.916	8.05111	1.75	13.1	29.468	3.1148E-8	1	0	2.57738
1921	-46.5	-28.5	54.539	1003.953	8.05478	1.75	13.1	28.939	3.1176E-8	1	0	2.61404
1922	-46.5	-27.5	54.023	1004.026	8.0622	1.75	13.1	28.423	3.1233E-8	1	0	2.65001
1923	-46.5	-26.5	53.521	1004.135	8.07325	1.75	13.1	27.921	3.1317E-8	1	0	2.68521
1924	-46.5	-25.5	53.033	1004.279	8.08781	1.75	13.1	27.433	3.1428E-8	1	0	2.71955
1925	-46.5	-24.5	52.559	1004.456	8.10575	1.75	13.1	26.959	3.1565E-8	1	0	2.75298
1926	-46.5	-23.5	52.101	1004.664	8.12689	1.75	13.1	26.501	3.1728E-8	1	0	2.78541
1927	-46.5	-22.5	51.658	1004.901	8.15103	1.75	13.1	26.058	3.1913E-8	1	0	2.81679
1928	-46.5	-21.5	51.23	1005.165	8.17792	1.75	13.1	25.63	3.2121E-8	1	0	2.84706
1929	-46.5	-20.5	50.818	1005.452	8.2073	1.75	13.1	25.218	3.2348E-8	1	0	2.87616
1930	-46.5	-19.5	50.423	1005.76	8.23888	1.75	13.1	24.823	3.2593E-8	1	0	2.90407
1931	-46.5	-18.5	50.045	1006.085	8.27232	1.75	13.1	24.445	3.2854E-8	1	0	2.93073
1932	-46.5	-17.5	49.684	1006.424	8.30729	1.75	13.1	24.084	3.3127E-8	1	0	2.95611
1933	-46.5	-16.5	49.341	1006.774	8.34341	1.75	13.1	23.741	3.3411E-8	1	0	2.9802
1934	-46.5	-15.5	49.015	1007.13	8.3803	1.75	13.1	23.415	3.3702E-8	1	0	3.00296
1935	-46.5	-14.5	48.708	1007.488	8.41756	1.75	13.1	23.108	3.3997E-8	1	0	3.02438
1936	-46.5	-13.5	48.42	1007.845	8.45479	1.75	13.1	22.82	3.4294E-8	1	0	3.04443
1937	-46.5	-12.5	48.151	1008.197	8.49157	1.75	13.1	22.551	3.4588E-8	1	0	3.0631
1938	-46.5	-11.5	47.901	1008.539	8.52749	1.75	13.1	22.301	3.4876E-8	1	0	3.08039
1939	-46.5	-10.5	47.671	1008.868	8.56214	1.75	13.1	22.071	3.5155E-8	1	0	3.09627
1940	-46.5	-9.5	47.461	1009.181	8.59513	1.75	13.1	21.861	3.5422E-8	1	0	3.11074
1941	-46.5	-8.5	47.27	1009.474	8.62606	1.75	13.1	21.67	3.5673E-8	1	0	3.12379
1942	-46.5	-7.5	47.101	1009.743	8.65458	1.75	13.1	21.501	3.5905E-8	1	0	3.13542
1943	-46.5	-6.5	46.952	1009.985	8.68034	1.75	13.1	21.352	3.6115E-8	1	0	3.1456
1944	-46.5	-5.5	46.824	1010.198	8.70304	1.75	13.1	21.224	3.6301E-8	1	0	3.15435
1945	-46.5	-4.5	46.717	1010.38	8.7224	1.75	13.1	21.117	3.646E-8	1	0	3.16164
1946	-46.5	-3.5	46.632	1010.527	8.73817	1.75	13.1	21.032	3.659E-8	1	0	3.16748
1947	-46.5	-2.5	46.567	1010.64	8.75018	1.75	13.1	20.967	3.6689E-8	1	0	3.17187
1948	-46.5	-1.5	46.524	1010.715	8.75827	1.75	13.1	20.924	3.6756E-8	1	0	3.17479
1949	-46.5	-0.5	46.503	1010.753	8.76234	1.75	13.1	20.903	3.6789E-8	1	0	3.17626
1950	-46.5	0.5	46.503	1010.753	8.76234	1.75	13.1	20.903	3.6789E-8	1	0	3.17626
1951	-46.5	1.5	46.524	1010.715	8.75827	1.75	13.1	20.924	3.6756E-8	1	0	3.17479
1952	-46.5	2.5	46.567	1010.64	8.75018	1.75	13.1	20.967	3.6689E-8	1	0	3.17187
1953	-46.5	3.5	46.632	1010.527	8.73817	1.75	13.1	21.032	3.659E-8	1	0	3.16748
1954	-46.5	4.5	46.717	1010.38	8.7224	1.75	13.1	21.117	3.646E-8	1	0	3.16164
1955	-46.5	5.5	46.824	1010.198	8.70304	1.75	13.1	21.224	3.6301E-8	1	0	3.15435
1956	-46.5	6.5	46.952	1009.985	8.68034	1.75	13.1	21.352	3.6115E-8	1	0	3.1456
1957	-46.5	7.5	47.101	1009.743	8.65458	1.75	13.1	21.501	3.5905E-8	1	0	3.13542
1958	-46.5	8.5	47.27	1009.474	8.62606	1.75	13.1	21.67	3.5673E-8	1	0	3.12379
1959	-46.5	9.5	47.461	1009.181	8.59513	1.75	13.1	21.861	3.5422E-8	1	0	3.11074
1960	-46.5	10.5	47.671	1008.868	8.56214	1.75	13.1	22.071	3.5155E-8	1	0	3.09627
1961	-46.5	11.5	47.901	1008.539	8.52749	1.75	13.1	22.301	3.4876E-8	1	0	3.08039
1962	-46.5	12.5	48.151	1008.197	8.49157	1.75	13.1	22.551	3.4588E-8	1	0	3.0631
1963	-46.5	13.5	48.42	1007.845	8.45479	1.75	13.1	22.82	3.4294E-8	1	0	3.04443
1964	-46.5	14.5	48.708	1007.488	8.41756	1.75	13.1	23.108	3.3997E-8	1	0	3.02438
1965	-46.5	15.5	49.015	1007.13	8.3803	1.75	13.1	23.415	3.3702E-8	1	0	3.00296
1966	-46.5	16.5	49.341	1006.774	8.34341	1.75	13.1	23.741	3.3411E-8	1	0	2.9802
1967	-46.5	17.5	49.684	1006.424	8.30729	1.75	13.1	24.084	3.3127E-8	1	0	2.95611
1968	-46.5	18.5	50.045	1006.085	8.27232	1.75	13.1	24.445	3.2854E-8	1	0	2.93073
1969	-46.5	19.5	50.423	1005.76	8.23888	1.75	13.1	24.823	3.2593E-8	1	0	2.90407
1970	-46.5	20.5	50.818	1005.452	8.2073	1.75	13.1	25.218	3.2348E-8	1	0	2.87616
1971	-46.5	21.5	51.23	1005.165	8.17792	1.75	13.1	25.63	3.2121E-8	1	0	2.84706
1972	-46.5	22.5	51.658	1004.901	8.15103	1.75	13.1	26.058	3.1913E-8	1	0	2.81679
1973	-46.5	23.5	52.101	1004.664	8.12689	1.75	13.1	26.501	3.1728E-8	1	0	2.78541
1974	-46.5	24.5	52.559	1004.456	8.10575	1.75	13.1	26.959	3.1565E-8	1	0	2.75298
1975	-46.5	25.5	53.033	1004.279	8.08781	1.75	13.1	27.433	3.1428E-8	1	0	2.71955
1976	-46.5	26.5	53.521	1004.135	8.07325	1.75	13.1	27.921	3.1317E-8	1	0	2.68521
1977	-46.5	27.5	54.023	1004.026	8.0622	1.75	13.1	28.423	3.1233E-8	1	0	2.65001
1978	-46.5	28.5	54.539	1003.953	8.05478	1.75	13.1	28.939	3.1176E-8	1	0	2.61404
1979	-46.5	29.5	55.068	1003.916	8.05111	1.75	13.1	29.468	3.1148E-8	1	0	2.57738
1980	-45.5	-29.5	54.226	1007.799	8.01363	1.75	13.1	28.626	3.0809E-8	1	0	2.65428
1981	-45.5	-28.5	53.689	1007.838	8.01767	1.75	13.1	28.089	3.0839E-8	1	0	2.69414
1982	-45.5	-27.5	53.165	1007.916	8.02588	1.75	13.1	27.565	3.0902E-8	1	0	2.73326
1983	-45.5	-26.5	52.655	1008.032	8.03809	1.75	13.1	27.055	3.0994E-8	1	0	2.77155
1984	-45.5	-25.5	52.158	1008.184	8.05418	1.75	13.1	26.558	3.1116E-8	1	0	2.80892
1985	-45.5	-24.5	51.677	1008.372	8.07402	1.75	13.1	26.077	3.1267E-8	1	0	2.8453
1986	-45.5	-23.5	51.21	1008.593	8.0974	1.75	13.1	25.61	3.1446E-8	1	0	2.8806
1987	-45.5	-22.5	50.759	1008.845	8.12411	1.75	13.1	25.159	3.165E-8	1	0	2.91476
1988	-45.5	-21.5	50.324	1009.124	8.15388	1.75	13.1	24.724	3.1879E-8	1	0	2.94772
1989	-45.5	-20.5	49.905	1009.43	8.18641	1.75	13.1	24.305	3.213E-8	1	0	2.97942
1990	-45.5	-19.5	49.503	1009.757	8.22138	1.75	13.1	23.903	3.24E-8	1	0	3.00982
1991	-45.5	-18.5	49.117	1010.102	8.25845	1.75	13.1	23.517	3.2688E-8	1	0	3.03888
1992	-45.5	-17.5	48.749	1010.462	8.29721	1.75	13.1	23.149	3.2991E-8	1	0	3.06656
1993	-45.5	-16.5	48.399	1010.833	8.33728	1.75	13.1	22.799	3.3305E-8	1	0	3.09283
1994	-45.5	-15.5	48.068	1011.211	8.37822	1.75	13.1	22.468	3.3628E-8	1	0	3.11767
1995	-45.5	-14.5	47.755	1011.592	8.41959	1.75	13.1	22.155	3.3955E-8	1	0	3.14105
1996	-45.5	-13.5	47.461	1011.971	8.46095	1.75	13.1	21.861	3.4284E-8	1	0	3.16296
1997	-45.5	-12.5	47.186	1012.344	8.50183	1.75	13.1	21.586	3.4611E-8	1	0	3.18338
1998	-45.5	-11.5	46.931	1012.708	8.54177	1.75	13.1	21.331	3.4932E-8	1	0	3.20229
1999	-45.5	-10.5	46.696	1013.058	8.58032	1.75	13.1	21.096	3.5242E-8	1	0	3.21967
2000	-45.5	-9.5	46.481	1013.39	8.61703	1.75	13.1	20.881	3.554E-8	1	0	3.23553
2001	-45.5	-8.5	46.287	1013.701	8.65148	1.75	13.1	20.687	3.582E-8	1	0	3.24983
2002	-45.5	-7.5	46.114	1013.986	8.68324	1.75	13.1	20.514	3.6079E-8	1	0	3.26258
2003	-45.5	-6.5	45.962	1014.244	8.71195	1.75	13.1	20.362	3.6314E-8	1	0	3.27377
2004	-45.5	-5.5	45.831	1014.47	8.73725	1.75	13.1	20.231	3.6522E-8	1	0	3.28337
2005	-45.5	-4.5	45.722	1014.663	8.75883	1.75	13.1	20.122	3.6699E-8	1	0	3.29139
2006	-45.5	-3.5	45.634	1014.82	8.77643	1.75	13.1	20.034	3.6844E-8	1	0	3.29781
2007	-45.5	-2.5	45.569	1014.939	8.78982	1.75	13.1	19.969	3.6955E-8	1	0	3.30263
2008	-45.5	-1.5	45.525	1015.019	8.79885	1.75	13.1	19.925	3.703E-8	1	0	3.30585
2009	-45.5	-0.5	45.503	1015.06	8.80339	1.75	13.1	19.903	3.7067E-8	1	0	3.30746
2010	-45.5	0.5	45.503	1015.06	8.80339	1.75	13.1	19.903	3.7067E-8	1	0	3.30746
2011	-45.5	1.5	45.525	1015.019	8.79885	1.75	13.1	19.925	3.703E-8	1	0	3.30585
2012	-45.5	2.5	45.569	1014.939	8.78982	1.75	13.1	19.969	3.6955E-8	1	0	3.30263
2013	-45.5	3.5	45.634	1014.82	8.77643	1.75	13.1	20.034	3.6844E-8	1	0	3.29781
2014	-45.5	4.5	45.722	1014.663	8.75883	1.75	13.1	20.122	3.6699E-8	1	0	3.29139
2015	-45.5	5.5	45.831	1014.47	8.73725	1.75	13.1	20.231	3.6522E-8	1	0	3.28337
2016	-45.5	6.5	45.962	1014.244	8.71195	1.75	13.1	20.362	3.6314E-8	1	0	3.27377
2017	-45.5	7.5	46.114	1013.986	8.68324	1.75	13.1	20.514	3.6079E-8	1	0	3.26258
2018	-45.5	8.5	46.287	1013.701	8.65148	1.75	13.1	20.687	3.582E-8	1	0	3.24983
2019	-45.5	9.5	46.481	1013.39	8.61703	1.75	13.1	20.881	3.554E-8	1	0	3.23553
2020	-45.5	10.5	46.696	1013.058	8.58032	1.75	13.1	21.096	3.5242E-8	1	0	3.21967
2021	-45.5	11.5	46.931	1012.708	8.54177	1.75	13.1	21.331	3.4932E-8	1	0	3.20229
2022	-45.5	12.5	47.186	1012.344	8.50183	1.75	13.1	21.586	3.4611E-8	1	0	3.18338
2023	-45.5	13.5	47.461	1011.971	8.46095	1.75	13.1	21.861	3.4284E-8	1	0	3.16296
2024	-45.5	14.5	47.755	1011.592	8.41959	1.75	13.1	22.155	3.3955E-8	1	0	3.14105
2025	-45.5	15.5	48.068	1011.211	8.37822	1.75	13.1	22.468	3.3628E-8	1	0	3.11767
2026	-45.5	16.5	48.399	1010.833	8.33728	1.75	13.1	22.799	3.3305E-8	1	0	3.09283
2027	-45.5	17.5	48.749	1010.462	8.29721	1.75	13.1	23.149	3.2991E-8	1	0	3.06656
2028	-45.5	18.5	49.117	1010.102	8.25845	1.75	13.1	23.517	3.2688E-8	1	0	3.03888
2029	-45.5	19.5	49.503	1009.757	8.22138	1.75	13.1	23.903	3.24E-8	1	0	3.00982
2030	-45.5	20.5	49.905	1009.43	8.18641	1.75	13.1	24.305	3.213E-8	1	0	2.97942
2031	-45.5	21.5	50.324	1009.124	8.15388	1.75	13.1	24.724	3.1879E-8	1	0	2.94772
2032	-45.5	22.5	50.759	1008.845	8.12411	1.75	13.1	25.159	3.165E-8	1	0	2.91476
2033	-45.5	23.5	51.21	1008.593	8.0974	1.75	13.1	25.61	3.1446E-8	1	0	2.8806
2034	-45.5	24.5	51.677	1008.372	8.07402	1.75	13.1	26.077	3.1267E-8	1	0	2.8453
2035	-45.5	25.5	52.158	1008.184	8.05418	1.75	13.1	26.558	3.1116E-8	1	0	2.80892
2036	-45.5	26.5	52.655	1008.032	8.03809	1.75	13.1	27.055	3.0994E-8	1	0	2.77155
2037	-45.5	27.5	53.165	1007.916	8.02588	1.75	13.1	27.565	3.0902E-8	1	0	2.73326
2038	-45.5	28.5	53.689	1007.838	8.01767	1.75	13.1	28.089	3.0839E-8	1	0	2.69414
2039	-45.5	29.5	54.226	1007.799	8.01363	1.75	13.1	28.626	3.0809E-8	1	0	2.65428
2040	-44.5	-29.5	53.39	1011.458	7.97222	1.75	13.1	27.79	3.0445E-8	1	0	2.73678
2041	-44.5	-28.5	52.844	1011.499	7.97668	1.75	13.1	27.244	3.0478E-8	1	0	2.78021
2042	-44.5	-27.5	52.312	1011.582	7.98574	1.75	13.1	26.712	3.0546E-8	1	0	2.82283
2043	-44.5	-26.5	51.793	1011.704	7.99923	1.75	13.1	26.193	3.0648E-8	1	0	2.86457
2044	-44.5	-25.5	51.288	1011.866	8.01702	1.75	13.1	25.688	3.0782E-8	1	0	2.90531
2045	-44.5	-24.5	50.799	1012.065	8.03894	1.75	13.1	25.199	3.0948E-8	1	0	2.94498
2046	-44.5	-23.5	50.324	1012.299	8.06479	1.75	13.1	24.724	3.1145E-8	1	0	2.98349
2047	-44.5	-22.5	49.865	1012.565	8.09433	1.75	13.1	24.265	3.137E-8	1	0	3.02077
2048	-44.5	-21.5	49.422	1012.862	8.12726	1.75	13.1	23.822	3.1622E-8	1	0	3.05674
2049	-44.5	-20.5	48.995	1013.185	8.16327	1.75	13.1	23.395	3.1898E-8	1	0	3.09136
2050	-44.5	-19.5	48.585	1013.532	8.202	1.75	13.1	22.985	3.2197E-8	1	0	3.12456
2051	-44.5	-18.5	48.192	1013.898	8.24307	1.75	13.1	22.592	3.2515E-8	1	0	3.15632
2052	-44.5	-17.5	47.817	1014.28	8.28604	1.75	13.1	22.217	3.285E-8	1	0	3.18659
2053	-44.5	-16.5	47.461	1014.673	8.33048	1.75	13.1	21.861	3.3197E-8	1	0	3.21534
2054	-44.5	-15.5	47.122	1015.073	8.37591	1.75	13.1	21.522	3.3555E-8	1	0	3.24254
2055	-44.5	-14.5	46.803	1015.477	8.42185	1.75	13.1	21.203	3.3918E-8	1	0	3.26816
2056	-44.5	-13.5	46.503	1015.878	8.46779	1.75	13.1	20.903	3.4283E-8	1	0	3.29219
2057	-44.5	-12.5	46.222	1016.274	8.51323	1.75	13.1	20.622	3.4647E-8	1	0	3.3146
2058	-44.5	-11.5	45.962	1016.66	8.55765	1.75	13.1	20.362	3.5003E-8	1	0	3.33538
2059	-44.5	-10.5	45.722	1017.03	8.60055	1.75	13.1	20.122	3.535E-8	1	0	3.3545
2060	-44.5	-9.5	45.503	1017.382	8.64142	1.75	13.1	19.903	3.5681E-8	1	0	3.37195
2061	-44.5	-8.5	45.305	1017.711	8.67978	1.75	13.1	19.705	3.5994E-8	1	0	3.38772
2062	-44.5	-7.5	45.128	1018.014	8.71517	1.75	13.1	19.528	3.6283E-8	1	0	3.40178
2063	-44.5	-6.5	44.972	1018.287	8.74717	1.75	13.1	19.372	3.6546E-8	1	0	3.41412
2064	-44.5	-5.5	44.839	1018.527	8.77539	1.75	13.1	19.239	3.6778E-8	1	0	3.42473
2065	-44.5	-4.5	44.727	1018.731	8.79946	1.75	13.1	19.127	3.6977E-8	1	0	3.43359
2066	-44.5	-3.5	44.637	1018.897	8.8191	1.75	13.1	19.037	3.714E-8	1	0	3.4407
2067	-44.5	-2.5	44.57	1019.023	8.83404	1.75	13.1	18.97	3.7264E-8	1	0	3.44604
2068	-44.5	-1.5	44.525	1019.108	8.84412	1.75	13.1	18.925	3.7347E-8	1	0	3.4496
2069	-44.5	-0.5	44.503	1019.151	8.84919	1.75	13.1	18.903	3.739E-8	1	0	3.45138
2070	-44.5	0.5	44.503	1019.151	8.84919	1.75	13.1	18.903	3.739E-8	1	0	3.45138
2071	-44.5	1.5	44.525	1019.108	8.84412	1.75	13.1	18.925	3.7347E-8	1	0	3.4496
2072	-44.5	2.5	44.57	1019.023	8.83404	1.75	13.1	18.97	3.7264E-8	1	0	3.44604
2073	-44.5	3.5	44.637	1018.897	8.8191	1.75	13.1	19.037	3.714E-8	1	0	3.4407
2074	-44.5	4.5	44.727	1018.731	8.79946	1.75	13.1	19.127	3.6977E-8	1	0	3.43359
2075	-44.5	5.5	44.839	1018.527	8.77539	1.75	13.1	19.239	3.6778E-8	1	0	3.42473
2076	-44.5	6.5	44.972	1018.287	8.74717	1.75	13.1	19.372	3.6546E-8	1	0	3.41412
2077	-44.5	7.5	45.128	1018.014	8.71517	1.75	13.1	19.528	3.6283E-8	1	0	3.40178
2078	-44.5	8.5	45.305	1017.711	8.67978	1.75	13.1	19.705	3.5994E-8	1	0	3.38772
2079	-44.5	9.5	45.503	1017.382	8.64142	1.75	13.1	19.903	3.5681E-8	1	0	3.37195
2080	-44.5	10.5	45.722	1017.03	8.60055	1.75	13.1	20.122	3.535E-8	1	0	3.3545
2081	-44.5	11.5	45.962	1016.66	8.55765	1.75	13.1	20.362	3.5003E-8	1	0	3.33538
2082	-44.5	12.5	46.222	1016.274	8.51323	1.75	13.1	20.622	3.4647E-8	1	0	3.3146
2083	-44.5	13.5	46.503	1015.878	8.46779	1.75	13.1	20.903	3.4283E-8	1	0	3.29219
2084	-44.5	14.5	46.803	1015.477	8.42185	1.75	13.1	21.203	3.3918E-8	1	0	3.26816
2085	-44.5	15.5	47.122	1015.073	8.37591	1.75	13.1	21.522	3.3555E-8	1	0	3.24254
2086	-44.5	16.5	47.461	1014.673	8.33048	1.75	13.1	21.861	3.3197E-8	1	0	3.21534
2087	-44.5	17.5	47.817	1014.28	8.28604	1.75	13.1	22.217	3.285E-8	1	0	3.18659
2088	-44.5	18.5	48.192	1013.898	8.24307	1.75	13.1	22.592	3.2515E-8	1	0	3.15632
2089	-44.5	19.5	48.585	1013.532	8.202	1.75	13.1	22.985	3.2197E-8	1	0	3.12456
2090	-44.5	20.5	48.995	1013.185	8.16327	1.75	13.1	23.395	3.1898E-8	1	0	3.09136
2091	-44.5	21.5	49.422	1012.862	8.12726	1.75	13.1	23.822	3.1622E-8	1	0	3.05674
2092	-44.5	22.5	49.865	1012.565	8.09433	1.75	13.1	24.265	3.137E-8	1	0	3.02077
2093	-44.5	23.5	50.324	1012.299	8.06479	1.75	13.1	24.724	3.1145E-8	1	0	2.98349
2094	-44.5	24.5	50.799	1012.065	8.03894	1.75	13.1	25.199	3.0948E-8	1	0	2.94498
2095	-44.5	25.5	51.288	1011.866	8.01702	1.75	13.1	25.688	3.0782E-8	1	0	2.90531
2096	-44.5	26.5	51.793	1011.704	7.99923	1.75	13.1	26.193	3.0648E-8	1	0	2.86457
2097	-44.5	27.5	52.312	1011.582	7.98574	1.75	13.1	26.712	3.0546E-8	1	0	2.82283
2098	-44.5	28.5	52.844	1011.499	7.97668	1.75	13.1	27.244	3.0478E-8	1	0	2.78021
2099	-44.5	29.5	53.39	1011.458	7.97222	1.75	13.1	27.79	3.0445E-8	1	0	2.73678
2100	-43.5	-29.5	52.559	1014.893	7.9265	1.75	13.1	26.959	3.0053E-8	1	0	2.82552
2101	-43.5	-28.5	52.005	1014.937	7.93142	1.75	13.1	26.405	3.009E-8	1	0	2.87293
2102	-43.5	-27.5	51.464	1015.024	7.94142	1.75	13.1	25.864	3.0164E-8	1	0	2.91947
2103	-43.5	-26.5	50.936	1015.154	7.95631	1.75	13.1	25.336	3.0276E-8	1	0	2.96505
2104	-43.5	-25.5	50.423	1015.325	7.97595	1.75	13.1	24.823	3.0424E-8	1	0	3.00957
2105	-43.5	-24.5	49.925	1015.535	8.00017	1.75	13.1	24.325	3.0606E-8	1	0	3.05292
2106	-43.5	-23.5	49.442	1015.783	8.02874	1.75	13.1	23.842	3.0822E-8	1	0	3.09503
2107	-43.5	-22.5	48.974	1016.065	8.06139	1.75	13.1	23.374	3.1069E-8	1	0	3.1358
2108	-43.5	-21.5	48.523	1016.378	8.09781	1.75	13.1	22.923	3.1346E-8	1	0	3.17517
2109	-43.5	-20.5	48.088	1016.72	8.13766	1.75	13.1	22.488	3.1651E-8	1	0	3.21307
2110	-43.5	-19.5	47.671	1017.087	8.18054	1.75	13.1	22.071	3.1981E-8	1	0	3.24945
2111	-43.5	-18.5	47.27	1017.474	8.22602	1.75	13.1	21.67	3.2332E-8	1	0	3.28427
2112	-43.5	-17.5	46.888	1017.877	8.27365	1.75	13.1	21.288	3.2702E-8	1	0	3.31748
2113	-43.5	-16.5	46.524	1018.293	8.32293	1.75	13.1	20.924	3.3087E-8	1	0	3.34905
2114	-43.5	-15.5	46.179	1018.717	8.37334	1.75	13.1	20.579	3.3483E-8	1	0	3.37895
2115	-43.5	-14.5	45.853	1019.143	8.42435	1.75	13.1	20.253	3.3886E-8	1	0	3.40714
2116	-43.5	-13.5	45.547	1019.568	8.47539	1.75	13.1	19.947	3.4292E-8	1	0	3.43361
2117	-43.5	-12.5	45.26	1019.986	8.5259	1.75	13.1	19.66	3.4695E-8	1	0	3.45833
2118	-43.5	-11.5	44.994	1020.394	8.57531	1.75	13.1	19.394	3.5093E-8	1	0	3.48127
2119	-43.5	-10.5	44.749	1020.785	8.62305	1.75	13.1	19.149	3.5479E-8	1	0	3.50242
2120	-43.5	-9.5	44.525	1021.157	8.66856	1.75	13.1	18.925	3.5849E-8	1	0	3.52174
2121	-43.5	-8.5	44.323	1021.505	8.7113	1.75	13.1	18.723	3.6198E-8	1	0	3.53921
2122	-43.5	-7.5	44.142	1021.825	8.75076	1.75	13.1	18.542	3.6521E-8	1	0	3.55481
2123	-43.5	-6.5	43.983	1022.113	8.78645	1.75	13.1	18.383	3.6815E-8	1	0	3.56853
2124	-43.5	-5.5	43.846	1022.366	8.81792	1.75	13.1	18.246	3.7076E-8	1	0	3.58033
2125	-43.5	-4.5	43.732	1022.582	8.84479	1.75	13.1	18.132	3.7298E-8	1	0	3.59019
2126	-43.5	-3.5	43.641	1022.758	8.86671	1.75	13.1	18.041	3.7481E-8	1	0	3.59811
2127	-43.5	-2.5	43.572	1022.891	8.88341	1.75	13.1	17.972	3.762E-8	1	0	3.60406
2128	-43.5	-1.5	43.526	1022.981	8.89466	1.75	13.1	17.926	3.7714E-8	1	0	3.60803
2129	-43.5	-0.5	43.503	1023.026	8.90032	1.75	13.1	17.903	3.7761E-8	1	0	3.61002
2130	-43.5	0.5	43.503	1023.026	8.90032	1.75	13.1	17.903	3.7761E-8	1	0	3.61002
2131	-43.5	1.5	43.526	1022.981	8.89466	1.75	13.1	17.926	3.7714E-8	1	0	3.60803
2132	-43.5	2.5	43.572	1022.891	8.88341	1.75	13.1	17.972	3.762E-8	1	0	3.60406
2133	-43.5	3.5	43.641	1022.758	8.86671	1.75	13.1	18.041	3.7481E-8	1	0	3.59811
2134	-43.5	4.5	43.732	1022.582	8.84479	1.75	13.1	18.132	3.7298E-8	1	0	3.59019
2135	-43.5	5.5	43.846	1022.366	8.81792	1.75	13.1	18.246	3.7076E-8	1	0	3.58033
2136	-43.5	6.5	43.983	1022.113	8.78645	1.75	13.1	18.383	3.6815E-8	1	0	3.56853
2137	-43.5	7.5	44.142	1021.825	8.75076	1.75	13.1	18.542	3.6521E-8	1	0	3.55481
2138	-43.5	8.5	44.323	1021.505	8.7113	1.75	13.1	18.723	3.6198E-8	1	0	3.53921
2139	-43.5	9.5	44.525	1021.157	8.66856	1.75	13.1	18.925	3.5849E-8	1	0	3.52174
2140	-43.5	10.5	44.749	1020.785	8.62305	1.75	13.1	19.149	3.5479E-8	1	0	3.50242
2141	-43.5	11.5	44.994	1020.394	8.57531	1.75	13.1	19.394	3.5093E-8	1	0	3.48127
2142	-43.5	12.5	45.26	1019.986	8.5259	1.75	13.1	19.66	3.4695E-8	1	0	3.45833
2143	-43.5	13.5	45.547	1019.568	8.47539	1.75	13.1	19.947	3.4292E-8	1	0	3.43361
2144	-43.5	14.5	45.853	1019.143	8.42435	1.75	13.1	20.253	3.3886E-8	1	0	3.40714
2145	-43.5	15.5	46.179	1018.717	8.37334	1.75	13.1	20.579	3.3483E-8	1	0	3.37895
2146	-43.5	16.5	46.524	1018.293	8.32293	1.75	13.1	20.924	3.3087E-8	1	0	3.34905
2147	-43.5	17.5	46.888	1017.877	8.27365	1.75	13.1	21.288	3.2702E-8	1	0	3.31748
2148	-43.5	18.5	47.27	1017.474	8.22602	1.75	13.1	21.67	3.2332E-8	1	0	3.28427
2149	-43.5	19.5	47.671	1017.087	8.18054	1.75	13.1	22.071	3.1981E-8	1	0	3.24945
2150	-43.5	20.5	48.088	1016.72	8.13766	1.75	13.1	22.488	3.1651E-8	1	0	3.21307
2151	-43.5	21.5	48.523	1016.378	8.09781	1.75	13.1	22.923	3.1346E-8	1	0	3.17517
2152	-43.5	22.5	48.974	1016.065	8.06139	1.75	13.1	23.374	3.1069E-8	1	0	3.1358
2153	-43.5	23.5	49.442	1015.783	8.02874	1.75	13.1	23.842	3.0822E-8	1	0	3.09503
2154	-43.5	24.5	49.925	1015.535	8.00017	1.75	13.1	24.325	3.0606E-8	1	0	3.05292
2155	-43.5	25.5	50.423	1015.325	7.97595	1.75	13.1	24.823	3.0424E-8	1	0	3.00957
2156	-43.5	26.5	50.936	1015.154	7.95631	1.75	13.1	25.336	3.0276E-8	1	0	2.96505
2157	-43.5	27.5	51.464	1015.024	7.94142	1.75	13.1	25.864	3.0164E-8	1	0	2.91947
2158	-43.5	28.5	52.005	1014.937	7.93142	1.75	13.1	26.405	3.009E-8	1	0	2.87293
2159	-43.5	29.5	52.559	1014.893	7.9265	1.75	13.1	26.959	3.0053E-8	1	0	2.82552
2160	-42.5	-29.5	51.735	1018.108	7.87605	1.75	13.1	26.135	2.9631E-8	1	0	2.92122
2161	-42.5	-28.5	51.171	1018.155	7.88146	1.75	13.1	25.571	2.9672E-8	1	0	2.97308
2162	-42.5	-27.5	50.621	1018.247	7.8925	1.75	13.1	25.021	2.9754E-8	1	0	3.02399
2163	-42.5	-26.5	50.085	1018.384	7.90893	1.75	13.1	24.485	2.9876E-8	1	0	3.07389
2164	-42.5	-25.5	49.563	1018.564	7.93061	1.75	13.1	23.963	3.0038E-8	1	0	3.12264
2165	-42.5	-24.5	49.056	1018.786	7.95734	1.75	13.1	23.456	3.0238E-8	1	0	3.17014
2166	-42.5	-23.5	48.564	1019.047	7.9889	1.75	13.1	22.964	3.0475E-8	1	0	3.21629
2167	-42.5	-22.5	48.088	1019.344	8.02497	1.75	13.1	22.488	3.0747E-8	1	0	3.26101
2168	-42.5	-21.5	47.629	1019.675	8.06524	1.75	13.1	22.029	3.1052E-8	1	0	3.30422
2169	-42.5	-20.5	47.186	1020.036	8.10932	1.75	13.1	21.586	3.1387E-8	1	0	3.34584
2170	-42.5	-19.5	46.76	1020.422	8.15677	1.75	13.1	21.16	3.175E-8	1	0	3.38583
2171	-42.5	-18.5	46.352	1020.831	8.20714	1.75	13.1	20.752	3.2138E-8	1	0	3.42414
2172	-42.5	-17.5	45.962	1021.257	8.25992	1.75	13.1	20.362	3.2547E-8	1	0	3.46071
2173	-42.5	-16.5	45.591	1021.695	8.31456	1.75	13.1	19.991	3.2973E-8	1	0	3.49552
2174	-42.5	-15.5	45.238	1022.142	8.37049	1.75	13.1	19.638	3.3412E-8	1	0	3.52853
2175	-42.5	-14.5	44.905	1022.591	8.42713	1.75	13.1	19.305	3.3859E-8	1	0	3.5597
2176	-42.5	-13.5	44.593	1023.039	8.48383	1.75	13.1	18.993	3.431E-8	1	0	3.589
2177	-42.5	-12.5	44.3	1023.48	8.53999	1.75	13.1	18.7	3.4759E-8	1	0	3.61641
2178	-42.5	-11.5	44.028	1023.91	8.59496	1.75	13.1	18.428	3.5201E-8	1	0	3.64189
2179	-42.5	-10.5	43.778	1024.323	8.64811	1.75	13.1	18.178	3.5632E-8	1	0	3.66542
2180	-42.5	-9.5	43.549	1024.715	8.6988	1.75	13.1	17.949	3.6045E-8	1	0	3.68694
2181	-42.5	-8.5	43.342	1025.081	8.74644	1.75	13.1	17.742	3.6435E-8	1	0	3.70645
2182	-42.5	-7.5	43.157	1025.418	8.79044	1.75	13.1	17.557	3.6797E-8	1	0	3.72389
2183	-42.5	-6.5	42.994	1025.722	8.83026	1.75	13.1	17.394	3.7127E-8	1	0	3.73924
2184	-42.5	-5.5	42.854	1025.989	8.86539	1.75	13.1	17.254	3.7419E-8	1	0	3.75247
2185	-42.5	-4.5	42.738	1026.216	8.89539	1.75	13.1	17.138	3.7669E-8	1	0	3.76354
2186	-42.5	-3.5	42.644	1026.401	8.91988	1.75	13.1	17.044	3.7873E-8	1	0	3.77244
2187	-42.5	-2.5	42.573	1026.541	8.93853	1.75	13.1	16.973	3.803E-8	1	0	3.77913
2188	-42.5	-1.5	42.526	1026.636	8.95111	1.75	13.1	16.926	3.8135E-8	1	0	3.7836
2189	-42.5	-0.5	42.503	1026.683	8.95744	1.75	13.1	16.903	3.8188E-8	1	0	3.78583
2190	-42.5	0.5	42.503	1026.683	8.95744	1.75	13.1	16.903	3.8188E-8	1	0	3.78583
2191	-42.5	1.5	42.526	1026.636	8.95111	1.75	13.1	16.926	3.8135E-8	1	0	3.7836
2192	-42.5	2.5	42.573	1026.541	8.93853	1.75	13.1	16.973	3.803E-8	1	0	3.77913
2193	-42.5	3.5	42.644	1026.401	8.91988	1.75	13.1	17.044	3.7873E-8	1	0	3.77244
2194	-42.5	4.5	42.738	1026.216	8.89539	1.75	13.1	17.138	3.7669E-8	1	0	3.76354
2195	-42.5	5.5	42.854	1025.989	8.86539	1.75	13.1	17.254	3.7419E-8	1	0	3.75247
2196	-42.5	6.5	42.994	1025.722	8.83026	1.75	13.1	17.394	3.7127E-8	1	0	3.73924
2197	-42.5	7.5	43.157	1025.418	8.79044	1.75	13.1	17.557	3.6797E-8	1	0	3.72389
2198	-42.5	8.5	43.342	1025.081	8.74644	1.75	13.1	17.742	3.6435E-8	1	0	3.70645
2199	-42.5	9.5	43.549	1024.715	8.6988	1.75	13.1	17.949	3.6045E-8	1	0	3.68694
2200	-42.5	10.5	43.778	1024.323	8.64811	1.75	13.1	18.178	3.5632E-8	1	0	3.66542
2201	-42.5	11.5	44.028	1023.91	8.59496	1.75	13.1	18.428	3.5201E-8	1	0	3.64189
2202	-42.5	12.5	44.3	1023.48	8.53999	1.75	13.1	18.7	3.4759E-8	1	0	3.61641
2203	-42.5	13.5	44.593	1023.039	8.48383	1.75	13.1	18.993	3.431E-8	1	0	3.589
2204	-42.5	14.5	44.905	1022.591	8.42713	1.75	13.1	19.305	3.3859E-8	1	0	3.5597
2205	-42.5	15.5	45.238	1022.142	8.37049	1.75	13.1	19.638	3.3412E-8	1	0	3.52853
2206	-42.5	16.5	45.591	1021.695	8.31456	1.75	13.1	19.991	3.2973E-8	1	0	3.49552
2207	-42.5	17.5	45.962	1021.257	8.25992	1.75	13.1	20.362	3.2547E-8	1	0	3.46071
2208	-42.5	18.5	46.352	1020.831	8.20714	1.75	13.1	20.752	3.2138E-8	1	0	3.42414
2209	-42.5	19.5	46.76	1020.422	8.15677	1.75	13.1	21.16	3.175E-8	1	0	3.38583
2210	-42.5	20.5	47.186	1020.036	8.10932	1.75	13.1	21.586	3.1387E-8	1	0	3.34584
2211	-42.5	21.5	47.629	1019.675	8.06524	1.75	13.1	22.029	3.1052E-8	1	0	3.30422
2212	-42.5	22.5	48.088	1019.344	8.02497	1.75	13.1	22.488	3.0747E-8	1	0	3.26101
2213	-42.5	23.5	48.564	1019.047	7.9889	1.75	13.1	22.964	3.0475E-8	1	0	3.21629
2214	-42.5	24.5	49.056	1018.786	7.95734	1.75	13.1	23.456	3.0238E-8	1	0	3.17014
2215	-42.5	25.5	49.563	1018.564	7.93061	1.75	13.1	23.963	3.0038E-8	1	0	3.12264
2216	-42.5	26.5	50.085	1018.384	7.90893	1.75	13.1	24.485	2.9876E-8	1	0	3.07389
2217	-42.5	27.5	50.621	1018.247	7.8925	1.75	13.1	25.021	2.9754E-8	1	0	3.02399
2218	-42.5	28.5	51.171	1018.155	7.88146	1.75	13.1	25.571	2.9672E-8	1	0	2.97308
2219	-42.5	29.5	51.735	1018.108	7.87605	1.75	13.1	26.135	2.9631E-8	1	0	2.92122
2220	-41.5	-29.5	50.917	1021.105	7.82042	1.75	13.1	25.317	2.9177E-8	1	0	3.0247
2221	-41.5	-28.5	50.344	1021.154	7.82637	1.75	13.1	24.744	2.9221E-8	1	0	3.08154
2222	-41.5	-27.5	49.785	1021.25	7.83853	1.75	13.1	24.185	2.9311E-8	1	0	3.13738
2223	-41.5	-26.5	49.239	1021.395	7.85665	1.75	13.1	23.639	2.9445E-8	1	0	3.19212
2224	-41.5	-25.5	48.708	1021.584	7.88056	1.75	13.1	23.108	2.9622E-8	1	0	3.24564
2225	-41.5	-24.5	48.192	1021.818	7.91006	1.75	13.1	22.592	2.9841E-8	1	0	3.29782
2226	-41.5	-23.5	47.692	1022.093	7.94489	1.75	13.1	22.092	3.0101E-8	1	0	3.34855
2227	-41.5	-22.5	47.207	1022.406	7.98473	1.75	13.1	21.607	3.04E-8	1	0	3.39774
2228	-41.5	-21.5	46.739	1022.754	8.02923	1.75	13.1	21.139	3.0735E-8	1	0	3.44531
2229	-41.5	-20.5	46.287	1023.134	8.07796	1.75	13.1	20.687	3.1104E-8	1	0	3.49118
2230	-41.5	-19.5	45.853	1023.54	8.13046	1.75	13.1	20.253	3.1504E-8	1	0	3.53529
2231	-41.5	-18.5	45.437	1023.97	8.18622	1.75	13.1	19.837	3.1932E-8	1	0	3.57759
2232	-41.5	-17.5	45.039	1024.418	8.24469	1.75	13.1	19.439	3.2384E-8	1	0	3.61804
2233	-41.5	-16.5	44.66	1024.88	8.30527	1.75	13.1	19.06	3.2855E-8	1	0	3.65659
2234	-41.5	-15.5	44.3	1025.349	8.36733	1.75	13.1	18.7	3.3341E-8	1	0	3.69321
2235	-41.5	-14.5	43.96	1025.822	8.43021	1.75	13.1	18.36	3.3838E-8	1	0	3.72786
2236	-41.5	-13.5	43.641	1026.293	8.49322	1.75	13.1	18.041	3.4338E-8	1	0	3.76049
2237	-41.5	-12.5	43.342	1026.757	8.55566	1.75	13.1	17.742	3.4838E-8	1	0	3.79107
2238	-41.5	-11.5	43.064	1027.208	8.61683	1.75	13.1	17.464	3.5331E-8	1	0	3.81957
2239	-41.5	-10.5	42.808	1027.642	8.676	1.75	13.1	17.208	3.5812E-8	1	0	3.84593
2240	-41.5	-9.5	42.573	1028.053	8.73249	1.75	13.1	16.973	3.6273E-8	1	0	3.8701
2241	-41.5	-8.5	42.362	1028.438	8.78561	1.75	13.1	16.762	3.671E-8	1	0	3.89205
2242	-41.5	-7.5	42.172	1028.792	8.8347	1.75	13.1	16.572	3.7116E-8	1	0	3.91171
2243	-41.5	-6.5	42.006	1029.111	8.87915	1.75	13.1	16.406	3.7485E-8	1	0	3.92905
2244	-41.5	-5.5	41.863	1029.391	8.91839	1.75	13.1	16.263	3.7813E-8	1	0	3.94402
2245	-41.5	-4.5	41.743	1029.629	8.95192	1.75	13.1	16.143	3.8094E-8	1	0	3.95657
2246	-41.5	-3.5	41.647	1029.823	8.97929	1.75	13.1	16.047	3.8324E-8	1	0	3.96666
2247	-41.5	-2.5	41.575	1029.97	9.00015	1.75	13.1	15.975	3.85E-8	1	0	3.97425
2248	-41.5	-1.5	41.527	1030.07	9.01421	1.75	13.1	15.927	3.8619E-8	1	0	3.97933
2249	-41.5	-0.5	41.503	1030.119	9.02129	1.75	13.1	15.903	3.8678E-8	1	0	3.98188
2250	-41.5	0.5	41.503	1030.119	9.02129	1.75	13.1	15.903	3.8678E-8	1	0	3.98188
2251	-41.5	1.5	41.527	1030.07	9.01421	1.75	13.1	15.927	3.8619E-8	1	0	3.97933
2252	-41.5	2.5	41.575	1029.97	9.00015	1.75	13.1	15.975	3.85E-8	1	0	3.97425
2253	-41.5	3.5	41.647	1029.823	8.97929	1.75	13.1	16.047	3.8324E-8	1	0	3.96666
2254	-41.5	4.5	41.743	1029.629	8.95192	1.75	13.1	16.143	3.8094E-8	1	0	3.95657
2255	-41.5	5.5	41.863	1029.391	8.91839	1.75	13.1	16.263	3.7813E-8	1	0	3.94402
2256	-41.5	6.5	42.006	1029.111	8.87915	1.75	13.1	16.406	3.7485E-8	1	0	3.92905
2257	-41.5	7.5	42.172	1028.792	8.8347	1.75	13.1	16.572	3.7116E-8	1	0	3.91171
2258	-41.5	8.5	42.362	1028.438	8.78561	1.75	13.1	16.762	3.671E-8	1	0	3.89205
2259	-41.5	9.5	42.573	1028.053	8.73249	1.75	13.1	16.973	3.6273E-8	1	0	3.8701
2260	-41.5	10.5	42.808	1027.642	8.676	1.75	13.1	17.208	3.5812E-8	1	0	3.84593
2261	-41.5	11.5	43.064	1027.208	8.61683	1.75	13.1	17.464	3.5331E-8	1	0	3.81957
2262	-41.5	12.5	43.342	1026.757	8.55566	1.75	13.1	17.742	3.4838E-8	1	0	3.79107
2263	-41.5	13.5	43.641	1026.293	8.49322	1.75	13.1	18.041	3.4338E-8	1	0	3.76049
2264	-41.5	14.5	43.96	1025.822	8.43021	1.75	13.1	18.36	3.3838E-8	1	0	3.72786
2265	-41.5	15.5	44.3	1025.349	8.36733	1.75	13.1	18.7	3.3341E-8	1	0	3.69321
2266	-41.5	16.5	44.66	1024.88	8.30527	1.75	13.1	19.06	3.2855E-8	1	0	3.65659
2267	-41.5	17.5	45.039	1024.418	8.24469	1.75	13.1	19.439	3.2384E-8	1	0	3.61804
2268	-41.5	18.5	45.437	1023.97	8.18622	1.75	13.1	19.837	3.1932E-8	1	0	3.57759
2269	-41.5	19.5	45.853	1023.54	8.13046	1.75	13.1	20.253	3.1504E-8	1	0	3.53529
2270	-41.5	20.5	46.287	1023.134	8.07796	1.75	13.1	20.687	3.1104E-8	1	0	3.49118
2271	-41.5	21.5	46.739	1022.754	8.02923	1.75	13.1	21.139	3.0735E-8	1	0	3.44531
2272	-41.5	22.5	47.207	1022.406	7.98473	1.75	13.1	21.607	3.04E-8	1	0	3.39774
2273	-41.5	23.5	47.692	1022.093	7.94489	1.75	13.1	22.092	3.0101E-8	1	0	3.34855
2274	-41.5	24.5	48.192	1021.818	7.91006	1.75	13.1	22.592	2.9841E-8	1	0	3.29782
2275	-41.5	25.5	48.708	1021.584	7.88056	1.75	13.1	23.108	2.9622E-8	1	0	3.24564
2276	-41.5	26.5	49.239	1021.395	7.85665	1.75	13.1	23.639	2.9445E-8	1	0	3.19212
2277	-41.5	27.5	49.785	1021.25	7.83853	1.75	13.1	24.185	2.9311E-8	1	0	3.13738
2278	-41.5	28.5	50.344	1021.154	7.82637	1.75	13.1	24.744	2.9221E-8	1	0	3.08154
2279	-41.5	29.5	50.917	1021.105	7.82042	1.75	13.1	25.317	2.9177E-8	1	0	3.0247
2280	-40.5	-29.5	50.105	1023.886	7.75913	1.75	13.1	24.505	2.8688E-8	1	0	3.1369
2281	-40.5	-28.5	49.523	1023.937	7.76566	1.75	13.1	23.923	2.8736E-8	1	0	3.19936
2282	-40.5	-27.5	48.954	1024.039	7.77906	1.75	13.1	23.354	2.8834E-8	1	0	3.26074
2283	-40.5	-26.5	48.399	1024.19	7.79902	1.75	13.1	22.799	2.898E-8	1	0	3.32095
2284	-40.5	-25.5	47.859	1024.389	7.82537	1.75	13.1	22.259	2.9174E-8	1	0	3.37987
2285	-40.5	-24.5	47.334	1024.634	7.8579	1.75	13.1	21.734	2.9414E-8	1	0	3.43735
2286	-40.5	-23.5	46.824	1024.923	7.89631	1.75	13.1	21.224	2.9699E-8	1	0	3.49327
2287	-40.5	-22.5	46.33	1025.252	7.94029	1.75	13.1	20.73	3.0026E-8	1	0	3.54755
2288	-40.5	-21.5	45.853	1025.617	7.98943	1.75	13.1	20.253	3.0394E-8	1	0	3.6001
2289	-40.5	-20.5	45.393	1026.016	8.04328	1.75	13.1	19.793	3.08E-8	1	0	3.65083
2290	-40.5	-19.5	44.95	1026.443	8.10134	1.75	13.1	19.35	3.1241E-8	1	0	3.69968
2291	-40.5	-18.5	44.525	1026.893	8.16306	1.75	13.1	18.925	3.1713E-8	1	0	3.74661
2292	-40.5	-17.5	44.119	1027.363	8.22782	1.75	13.1	18.519	3.2211E-8	1	0	3.79155
2293	-40.5	-16.5	43.732	1027.847	8.29497	1.75	13.1	18.132	3.2733E-8	1	0	3.83448
2294	-40.5	-15.5	43.365	1028.34	8.36382	1.75	13.1	17.765	3.3271E-8	1	0	3.87533
2295	-40.5	-14.5	43.017	1028.835	8.43363	1.75	13.1	17.417	3.3822E-8	1	0	3.91408
2296	-40.5	-13.5	42.691	1029.329	8.50365	1.75	13.1	17.091	3.4379E-8	1	0	3.95066
2297	-40.5	-12.5	42.385	1029.815	8.57309	1.75	13.1	16.785	3.4935E-8	1	0	3.98504
2298	-40.5	-11.5	42.101	1030.287	8.64116	1.75	13.1	16.501	3.5485E-8	1	0	4.01715
2299	-40.5	-10.5	41.839	1030.741	8.70708	1.75	13.1	16.239	3.6022E-8	1	0	4.04693
2300	-40.5	-9.5	41.599	1031.172	8.77004	1.75	13.1	15.999	3.6538E-8	1	0	4.07432
2301	-40.5	-8.5	41.382	1031.575	8.82929	1.75	13.1	15.782	3.7027E-8	1	0	4.09925
2302	-40.5	-7.5	41.189	1031.944	8.88409	1.75	13.1	15.589	3.7482E-8	1	0	4.12164
2303	-40.5	-6.5	41.018	1032.278	8.93374	1.75	13.1	15.418	3.7897E-8	1	0	4.14144
2304	-40.5	-5.5	40.872	1032.57	8.9776	1.75	13.1	15.272	3.8265E-8	1	0	4.15855
2305	-40.5	-4.5	40.749	1032.819	9.01509	1.75	13.1	15.149	3.8581E-8	1	0	4.17293
2306	-40.5	-3.5	40.651	1033.022	9.04571	1.75	13.1	15.051	3.884E-8	1	0	4.18451
2307	-40.5	-2.5	40.577	1033.176	9.06905	1.75	13.1	14.977	3.9039E-8	1	0	4.19324
2308	-40.5	-1.5	40.528	1033.279	9.08479	1.75	13.1	14.928	3.9172E-8	1	0	4.19908
2309	-40.5	-0.5	40.503	1033.331	9.09272	1.75	13.1	14.903	3.924E-8	1	0	4.20201
2310	-40.5	0.5	40.503	1033.331	9.09272	1.75	13.1	14.903	3.924E-8	1	0	4.20201
2311	-40.5	1.5	40.528	1033.279	9.08479	1.75	13.1	14.928	3.9172E-8	1	0	4.19908
2312	-40.5	2.5	40.577	1033.176	9.06905	1.75	13.1	14.977	3.9039E-8	1	0	4.19324
2313	-40.5	3.5	40.651	1033.022	9.04571	1.75	13.1	15.051	3.884E-8	1	0	4.18451
2314	-40.5	4.5	40.749	1032.819	9.01509	1.75	13.1	15.149	3.8581E-8	1	0	4.17293
2315	-40.5	5.5	40.872	1032.57	8.9776	1.75	13.1	15.272	3.8265E-8	1	0	4.15855
2316	-40.5	6.5	41.018	1032.278	8.93374	1.75	13.1	15.418	3.7897E-8	1	0	4.14144
2317	-40.5	7.5	41.189	1031.944	8.88409	1.75	13.1	15.589	3.7482E-8	1	0	4.12164
2318	-40.5	8.5	41.382	1031.575	8.82929	1.75	13.1	15.782	3.7027E-8	1	0	4.09925
2319	-40.5	9.5	41.599	1031.172	8.77004	1.75	13.1	15.999	3.6538E-8	1	0	4.07432
2320	-40.5	10.5	41.839	1030.741	8.70708	1.75	13.1	16.239	3.6022E-8	1	0	4.04693
2321	-40.5	11.5	42.101	1030.287	8.64116	1.75	13.1	16.501	3.5485E-8	1	0	4.01715
2322	-40.5	12.5	42.385	1029.815	8.57309	1.75	13.1	16.785	3.4935E-8	1	0	3.98504
2323	-40.5	13.5	42.691	1029.329	8.50365	1.75	13.1	17.091	3.4379E-8	1	0	3.95066
2324	-40.5	14.5	43.017	1028.835	8.43363	1.75	13.1	17.417	3.3822E-8	1	0	3.91408
2325	-40.5	15.5	43.365	1028.34	8.36382	1.75	13.1	17.765	3.3271E-8	1	0	3.87533
2326	-40.5	16.5	43.732	1027.847	8.29497	1.75	13.1	18.132	3.2733E-8	1	0	3.83448
2327	-40.5	17.5	44.119	1027.363	8.22782	1.75	13.1	18.519	3.2211E-8	1	0	3.79155
2328	-40.5	18.5	44.525	1026.893	8.16306	1.75	13.1	18.925	3.1713E-8	1	0	3.74661
2329	-40.5	19.5	44.95	1026.443	8.10134	1.75	13.1	19.35	3.1241E-8	1	0	3.69968
2330	-40.5	20.5	45.393	1026.016	8.04328	1.75	13.1	19.793	3.08E-8	1	0	3.65083
2331	-40.5	21.5	45.853	1025.617	7.98943	1.75	13.1	20.253	3.0394E-8	1	0	3.6001
2332	-40.5	22.5	46.33	1025.252	7.94029	1.75	13.1	20.73	3.0026E-8	1	0	3.54755
2333	-40.5	23.5	46.824	1024.923	7.89631	1.75	13.1	21.224	2.9699E-8	1	0	3.49327
2334	-40.5	24.5	47.334	1024.634	7.8579	1.75	13.1	21.734	2.9414E-8	1	0	3.43735
2335	-40.5	25.5	47.859	1024.389	7.82537	1.75	13.1	22.259	2.9174E-8	1	0	3.37987
2336	-40.5	26.5	48.399	1024.19	7.79902	1.75	13.1	22.799	2.898E-8	1	0	3.32095
2337	-40.5	27.5	48.954	1024.039	7.77906	1.75	13.1	23.354	2.8834E-8	1	0	3.26074
2338	-40.5	28.5	49.523	1023.937	7.76566	1.75	13.1	23.923	2.8736E-8	1	0	3.19936
2339	-40.5	29.5	50.105	1023.886	7.75913	1.75	13.1	24.505	2.8688E-8	1	0	3.1369
2340	-39.5	-29.5	49.3	1026.454	7.69165	1.75	13.1	23.7	2.8161E-8	1	0	3.25893
2341	-39.5	-28.5	48.708	1026.507	7.6988	1.75	13.1	23.108	2.8213E-8	1	0	3.32772
2342	-39.5	-27.5	48.13	1026.614	7.71355	1.75	13.1	22.53	2.8319E-8	1	0	3.39536
2343	-39.5	-26.5	47.566	1026.772	7.73552	1.75	13.1	21.966	2.8479E-8	1	0	3.46178
2344	-39.5	-25.5	47.016	1026.981	7.76454	1.75	13.1	21.416	2.8691E-8	1	0	3.52681
2345	-39.5	-24.5	46.481	1027.238	7.80038	1.75	13.1	20.881	2.8953E-8	1	0	3.59032
2346	-39.5	-23.5	45.962	1027.54	7.84272	1.75	13.1	20.362	2.9264E-8	1	0	3.65218
2347	-39.5	-22.5	45.459	1027.884	7.89123	1.75	13.1	19.859	2.9623E-8	1	0	3.71229
2348	-39.5	-21.5	44.972	1028.267	7.94546	1.75	13.1	19.372	3.0027E-8	1	0	3.77055
2349	-39.5	-20.5	44.503	1028.684	8.00495	1.75	13.1	18.903	3.0473E-8	1	0	3.82689
2350	-39.5	-19.5	44.051	1029.13	8.06913	1.75	13.1	18.451	3.0958E-8	1	0	3.88124
2351	-39.5	-18.5	43.618	1029.602	8.13742	1.75	13.1	18.018	3.1478E-8	1	0	3.93355
2352	-39.5	-17.5	43.203	1030.094	8.20913	1.75	13.1	17.603	3.2028E-8	1	0	3.98376
2353	-39.5	-16.5	42.808	1030.599	8.28355	1.75	13.1	17.208	3.2604E-8	1	0	4.03183
2354	-39.5	-15.5	42.432	1031.114	8.35993	1.75	13.1	16.832	3.3201E-8	1	0	4.07771
2355	-39.5	-14.5	42.077	1031.632	8.43743	1.75	13.1	16.477	3.3812E-8	1	0	4.12134
2356	-39.5	-13.5	41.743	1032.147	8.51524	1.75	13.1	16.143	3.4431E-8	1	0	4.16267
2357	-39.5	-12.5	41.431	1032.654	8.59248	1.75	13.1	15.831	3.5051E-8	1	0	4.20164
2358	-39.5	-11.5	41.14	1033.147	8.66826	1.75	13.1	15.54	3.5665E-8	1	0	4.23815
2359	-39.5	-10.5	40.872	1033.62	8.7417	1.75	13.1	15.272	3.6264E-8	1	0	4.27213
2360	-39.5	-9.5	40.626	1034.069	8.81191	1.75	13.1	15.026	3.6842E-8	1	0	4.30349
2361	-39.5	-8.5	40.404	1034.488	8.87804	1.75	13.1	14.804	3.7391E-8	1	0	4.33212
2362	-39.5	-7.5	40.206	1034.873	8.93925	1.75	13.1	14.606	3.7902E-8	1	0	4.35792
2363	-39.5	-6.5	40.031	1035.22	8.99474	1.75	13.1	14.431	3.8368E-8	1	0	4.38078
2364	-39.5	-5.5	39.881	1035.524	9.0438	1.75	13.1	14.281	3.8783E-8	1	0	4.40061
2365	-39.5	-4.5	39.756	1035.783	9.08576	1.75	13.1	14.156	3.9139E-8	1	0	4.4173
2366	-39.5	-3.5	39.655	1035.994	9.12004	1.75	13.1	14.055	3.9432E-8	1	0	4.43076
2367	-39.5	-2.5	39.579	1036.153	9.14618	1.75	13.1	13.979	3.9655E-8	1	0	4.44093
2368	-39.5	-1.5	39.528	1036.261	9.16382	1.75	13.1	13.928	3.9807E-8	1	0	4.44775
2369	-39.5	-0.5	39.503	1036.315	9.1727	1.75	13.1	13.903	3.9883E-8	1	0	4.45117
2370	-39.5	0.5	39.503	1036.315	9.1727	1.75	13.1	13.903	3.9883E-8	1	0	4.45117
2371	-39.5	1.5	39.528	1036.261	9.16382	1.75	13.1	13.928	3.9807E-8	1	0	4.44775
2372	-39.5	2.5	39.579	1036.153	9.14618	1.75	13.1	13.979	3.9655E-8	1	0	4.44093
2373	-39.5	3.5	39.655	1035.994	9.12004	1.75	13.1	14.055	3.9432E-8	1	0	4.43076
2374	-39.5	4.5	39.756	1035.783	9.08576	1.75	13.1	14.156	3.9139E-8	1	0	4.4173
2375	-39.5	5.5	39.881	1035.524	9.0438	1.75	13.1	14.281	3.8783E-8	1	0	4.40061
2376	-39.5	6.5	40.031	1035.22	8.99474	1.75	13.1	14.431	3.8368E-8	1	0	4.38078
2377	-39.5	7.5	40.206	1034.873	8.93925	1.75	13.1	14.606	3.7902E-8	1	0	4.35792
2378	-39.5	8.5	40.404	1034.488	8.87804	1.75	13.1	14.804	3.7391E-8	1	0	4.33212
2379	-39.5	9.5	40.626	1034.069	8.81191	1.75	13.1	15.026	3.6842E-8	1	0	4.30349
2380	-39.5	10.5	40.872	1033.62	8.7417	1.75	13.1	15.272	3.6264E-8	1	0	4.27213
2381	-39.5	11.5	41.14	1033.147	8.66826	1.75	13.1	15.54	3.5665E-8	1	0	4.23815
2382	-39.5	12.5	41.431	1032.654	8.59248	1.75	13.1	15.831	3.5051E-8	1	0	4.20164
2383	-39.5	13.5	41.743	1032.147	8.51524	1.75	13.1	16.143	3.4431E-8	1	0	4.16267
2384	-39.5	14.5	42.077	1031.632	8.43743	1.75	13.1	16.477	3.3812E-8	1	0	4.12134
2385	-39.5	15.5	42.432	1031.114	8.35993	1.75	13.1	16.832	3.3201E-8	1	0	4.07771
2386	-39.5	16.5	42.808	1030.599	8.28355	1.75	13.1	17.208	3.2604E-8	1	0	4.03183
2387	-39.5	17.5	43.203	1030.094	8.20913	1.75	13.1	17.603	3.2028E-8	1	0	3.98376
2388	-39.5	18.5	43.618	1029.602	8.13742	1.75	13.1	18.018	3.1478E-8	1	0	3.93355
2389	-39.5	19.5	44.051	1029.13	8.06913	1.75	13.1	18.451	3.0958E-8	1	0	3.88124
2390	-39.5	20.5	44.503	1028.684	8.00495	1.75	13.1	18.903	3.0473E-8	1	0	3.82689
2391	-39.5	21.5	44.972	1028.267	7.94546	1.75	13.1	19.372	3.0027E-8	1	0	3.77055
2392	-39.5	22.5	45.459	1027.884	7.89123	1.75	13.1	19.859	2.9623E-8	1	0	3.71229
2393	-39.5	23.5	45.962	1027.54	7.84272	1.75	13.1	20.362	2.9264E-8	1	0	3.65218
2394	-39.5	24.5	46.481	1027.238	7.80038	1.75	13.1	20.881	2.8953E-8	1	0	3.59032
2395	-39.5	25.5	47.016	1026.981	7.76454	1.75	13.1	21.416	2.8691E-8	1	0	3.52681
2396	-39.5	26.5	47.566	1026.772	7.73552	1.75	13.1	21.966	2.8479E-8	1	0	3.46178
2397	-39.5	27.5	48.13	1026.614	7.71355	1.75	13.1	22.53	2.8319E-8	1	0	3.39536
2398	-39.5	28.5	48.708	1026.507	7.6988	1.75	13.1	23.108	2.8213E-8	1	0	3.32772
2399	-39.5	29.5	49.3	1026.454	7.69165	1.75	13.1	23.7	2.8161E-8	1	0	3.25893
2400	-38.5	-29.5	48.503	1028.813	7.61742	1.75	13.1	22.903	2.7592E-8	1	0	3.39203
2401	-38.5	-28.5	47.901	1028.869	7.62526	1.75	13.1	22.301	2.7648E-8	1	0	3.46801
2402	-38.5	-27.5	47.313	1028.98	7.64147	1.75	13.1	21.713	2.7765E-8	1	0	3.54276
2403	-38.5	-26.5	46.739	1029.146	7.66563	1.75	13.1	21.139	2.7939E-8	1	0	3.61623
2404	-38.5	-25.5	46.179	1029.363	7.69756	1.75	13.1	20.579	2.8169E-8	1	0	3.68824
2405	-38.5	-24.5	45.634	1029.632	7.737	1.75	13.1	20.034	2.8456E-8	1	0	3.75864
2406	-38.5	-23.5	45.105	1029.947	7.78364	1.75	13.1	19.505	2.8796E-8	1	0	3.8273
2407	-38.5	-22.5	44.593	1030.306	7.8371	1.75	13.1	18.993	2.9188E-8	1	0	3.89412
2408	-38.5	-21.5	44.096	1030.705	7.89693	1.75	13.1	18.496	2.9631E-8	1	0	3.95899
2409	-38.5	-20.5	43.618	1031.14	7.9626	1.75	13.1	18.018	3.012E-8	1	0	4.02184
2410	-38.5	-19.5	43.157	1031.606	8.03352	1.75	13.1	17.557	3.0653E-8	1	0	4.08261
2411	-38.5	-18.5	42.714	1032.098	8.10904	1.75	13.1	17.114	3.1225E-8	1	0	4.14124
2412	-38.5	-17.5	42.291	1032.61	8.18842	1.75	13.1	16.691	3.1833E-8	1	0	4.19768
2413	-38.5	-16.5	41.887	1033.137	8.2709	1.75	13.1	16.287	3.247E-8	1	0	4.25188
2414	-38.5	-15.5	41.503	1033.673	8.35561	1.75	13.1	15.903	3.3131E-8	1	0	4.30378
2415	-38.5	-14.5	41.14	1034.212	8.44166	1.75	13.1	15.54	3.3809E-8	1	0	4.35333
2416	-38.5	-13.5	40.798	1034.747	8.52813	1.75	13.1	15.198	3.4498E-8	1	0	4.40044
2417	-38.5	-12.5	40.478	1035.274	8.61405	1.75	13.1	14.878	3.5188E-8	1	0	4.44503
2418	-38.5	-11.5	40.181	1035.786	8.69843	1.75	13.1	14.581	3.5873E-8	1	0	4.48699
2419	-38.5	-10.5	39.906	1036.277	8.78029	1.75	13.1	14.306	3.6544E-8	1	0	4.52621
2420	-38.5	-9.5	39.655	1036.742	8.85862	1.75	13.1	14.055	3.7192E-8	1	0	4.56254
2421	-38.5	-8.5	39.427	1037.176	8.93247	1.75	13.1	13.827	3.7807E-8	1	0	4.59584
2422	-38.5	-7.5	39.224	1037.575	9.00088	1.75	13.1	13.624	3.8382E-8	1	0	4.62596
2423	-38.5	-6.5	39.045	1037.933	9.06295	1.75	13.1	13.445	3.8907E-8	1	0	4.65275
2424	-38.5	-5.5	38.891	1038.248	9.11786	1.75	13.1	13.291	3.9375E-8	1	0	4.67605
2425	-38.5	-4.5	38.762	1038.515	9.16486	1.75	13.1	13.162	3.9777E-8	1	0	4.69572
2426	-38.5	-3.5	38.659	1038.733	9.20328	1.75	13.1	13.059	4.0108E-8	1	0	4.71163
2427	-38.5	-2.5	38.581	1038.898	9.2326	1.75	13.1	12.981	4.0361E-8	1	0	4.72366
2428	-38.5	-1.5	38.529	1039.009	9.25237	1.75	13.1	12.929	4.0532E-8	1	0	4.73174
2429	-38.5	-0.5	38.503	1039.065	9.26233	1.75	13.1	12.903	4.0619E-8	1	0	4.73579
2430	-38.5	0.5	38.503	1039.065	9.26233	1.75	13.1	12.903	4.0619E-8	1	0	4.73579
2431	-38.5	1.5	38.529	1039.009	9.25237	1.75	13.1	12.929	4.0532E-8	1	0	4.73174
2432	-38.5	2.5	38.581	1038.898	9.2326	1.75	13.1	12.981	4.0361E-8	1	0	4.72366
2433	-38.5	3.5	38.659	1038.733	9.20328	1.75	13.1	13.059	4.0108E-8	1	0	4.71163
2434	-38.5	4.5	38.762	1038.515	9.16486	1.75	13.1	13.162	3.9777E-8	1	0	4.69572
2435	-38.5	5.5	38.891	1038.248	9.11786	1.75	13.1	13.291	3.9375E-8	1	0	4.67605
2436	-38.5	6.5	39.045	1037.933	9.06295	1.75	13.1	13.445	3.8907E-8	1	0	4.65275
2437	-38.5	7.5	39.224	1037.575	9.00088	1.75	13.1	13.624	3.8382E-8	1	0	4.62596
2438	-38.5	8.5	39.427	1037.176	8.93247	1.75	13.1	13.827	3.7807E-8	1	0	4.59584
2439	-38.5	9.5	39.655	1036.742	8.85862	1.75	13.1	14.055	3.7192E-8	1	0	4.56254
2440	-38.5	10.5	39.906	1036.277	8.78029	1.75	13.1	14.306	3.6544E-8	1	0	4.52621
2441	-38.5	11.5	40.181	1035.786	8.69843	1.75	13.1	14.581	3.5873E-8	1	0	4.48699
2442	-38.5	12.5	40.478	1035.274	8.61405	1.75	13.1	14.878	3.5188E-8	1	0	4.44503
2443	-38.5	13.5	40.798	1034.747	8.52813	1.75	13.1	15.198	3.4498E-8	1	0	4.40044
2444	-38.5	14.5	41.14	1034.212	8.44166	1.75	13.1	15.54	3.3809E-8	1	0	4.35333
2445	-38.5	15.5	41.503	1033.673	8.35561	1.75	13.1	15.903	3.3131E-8	1	0	4.30378
2446	-38.5	16.5	41.887	1033.137	8.2709	1.75	13.1	16.287	3.247E-8	1	0	4.25188
2447	-38.5	17.5	42.291	1032.61	8.18842	1.75	13.1	16.691	3.1833E-8	1	0	4.19768
2448	-38.5	18.5	42.714	1032.098	8.10904	1.75	13.1	17.114	3.1225E-8	1	0	4.14124
2449	-38.5	19.5	43.157	1031.606	8.03352	1.75	13.1	17.557	3.0653E-8	1	0	4.08261
2450	-38.5	20.5	43.618	1031.14	7.9626	1.75	13.1	18.018	3.012E-8	1	0	4.02184
2451	-38.5	21.5	44.096	1030.705	7.89693	1.75	13.1	18.496	2.9631E-8	1	0	3.95899
2452	-38.5	22.5	44.593	1030.306	7.8371	1.75	13.1	18.993	2.9188E-8	1	0	3.89412
2453	-38.5	23.5	45.105	1029.947	7.78364	1.75	13.1	19.505	2.8796E-8	1	0	3.8273
2454	-38.5	24.5	45.634	1029.632	7.737	1.75	13.1	20.034	2.8456E-8	1	0	3.75864
2455	-38.5	25.5	46.179	1029.363	7.69756	1.75	13.1	20.579	2.8169E-8	1	0	3.68824
2456	-38.5	26.5	46.739	1029.146	7.66563	1.75	13.1	21.139	2.7939E-8	1	0	3.61623
2457	-38.5	27.5	47.313	1028.98	7.64147	1.75	13.1	21.713	2.7765E-8	1	0	3.54276
2458	-38.5	28.5	47.901	1028.869	7.62526	1.75	13.1	22.301	2.7648E-8	1	0	3.46801
2459	-38.5	29.5	48.503	1028.813	7.61742	1.75	13.1	22.903	2.7592E-8	1	0	3.39203
2460	-37.5	-29.5	47.713	1030.967	7.53586	1.75	13.1	22.113	2.698E-8	1	0	3.53769
2461	-37.5	-28.5	47.101	1031.025	7.54443	1.75	13.1	21.501	2.7041E-8	1	0	3.62184
2462	-37.5	-27.5	46.503	1031.141	7.56224	1.75	13.1	20.903	2.7167E-8	1	0	3.70469
2463	-37.5	-26.5	45.918	1031.313	7.58878	1.75	13.1	20.318	2.7356E-8	1	0	3.78621
2464	-37.5	-25.5	45.349	1031.54	7.62387	1.75	13.1	19.749	2.7607E-8	1	0	3.86621
2465	-37.5	-24.5	44.794	1031.819	7.66724	1.75	13.1	19.194	2.7919E-8	1	0	3.94453
2466	-37.5	-23.5	44.255	1032.147	7.71856	1.75	13.1	18.655	2.829E-8	1	0	4.02105
2467	-37.5	-22.5	43.732	1032.521	7.77744	1.75	13.1	18.132	2.8719E-8	1	0	4.09563
2468	-37.5	-21.5	43.226	1032.936	7.84338	1.75	13.1	17.626	2.9202E-8	1	0	4.1682
2469	-37.5	-20.5	42.738	1033.389	7.91583	1.75	13.1	17.138	2.9739E-8	1	0	4.23868
2470	-37.5	-19.5	42.267	1033.873	7.99415	1.75	13.1	16.667	3.0324E-8	1	0	4.30701
2471	-37.5	-18.5	41.815	1034.384	8.07764	1.75	13.1	16.215	3.0954E-8	1	0	4.37313
2472	-37.5	-17.5	41.382	1034.915	8.1655	1.75	13.1	15.782	3.1624E-8	1	0	4.43701
2473	-37.5	-16.5	40.97	1035.462	8.25687	1.75	13.1	15.37	3.2328E-8	1	0	4.49859
2474	-37.5	-15.5	40.577	1036.017	8.35082	1.75	13.1	14.977	3.306E-8	1	0	4.55781
2475	-37.5	-14.5	40.206	1036.575	8.44637	1.75	13.1	14.606	3.3813E-8	1	0	4.61459
2476	-37.5	-13.5	39.856	1037.129	8.54247	1.75	13.1	14.256	3.4579E-8	1	0	4.66885
2477	-37.5	-12.5	39.528	1037.674	8.63807	1.75	13.1	13.928	3.5349E-8	1	0	4.72045
2478	-37.5	-11.5	39.224	1038.202	8.73206	1.75	13.1	13.624	3.6114E-8	1	0	4.76927
2479	-37.5	-10.5	38.942	1038.709	8.82332	1.75	13.1	13.342	3.6865E-8	1	0	4.81512
2480	-37.5	-9.5	38.685	1039.189	8.91076	1.75	13.1	13.085	3.7592E-8	1	0	4.8578
2481	-37.5	-8.5	38.451	1039.636	8.99327	1.75	13.1	12.851	3.8284E-8	1	0	4.89712
2482	-37.5	-7.5	38.243	1040.046	9.06978	1.75	13.1	12.643	3.8931E-8	1	0	4.93284
2483	-37.5	-6.5	38.059	1040.414	9.13927	1.75	13.1	12.459	3.9524E-8	1	0	4.96474
2484	-37.5	-5.5	37.901	1040.737	9.2008	1.75	13.1	12.301	4.0052E-8	1	0	4.99259
2485	-37.5	-4.5	37.769	1041.011	9.25349	1.75	13.1	12.169	4.0508E-8	1	0	5.01618
2486	-37.5	-3.5	37.663	1041.234	9.2966	1.75	13.1	12.063	4.0882E-8	1	0	5.03531
2487	-37.5	-2.5	37.583	1041.403	9.3295	1.75	13.1	11.983	4.1169E-8	1	0	5.04982
2488	-37.5	-1.5	37.53	1041.516	9.35171	1.75	13.1	11.93	4.1363E-8	1	0	5.05957
2489	-37.5	-0.5	37.503	1041.574	9.3629	1.75	13.1	11.903	4.1461E-8	1	0	5.06447
2490	-37.5	0.5	37.503	1041.574	9.3629	1.75	13.1	11.903	4.1461E-8	1	0	5.06447
2491	-37.5	1.5	37.53	1041.516	9.35171	1.75	13.1	11.93	4.1363E-8	1	0	5.05957
2492	-37.5	2.5	37.583	1041.403	9.3295	1.75	13.1	11.983	4.1169E-8	1	0	5.04982
2493	-37.5	3.5	37.663	1041.234	9.2966	1.75	13.1	12.063	4.0882E-8	1	0	5.03531
2494	-37.5	4.5	37.769	1041.011	9.25349	1.75	13.1	12.169	4.0508E-8	1	0	5.01618
2495	-37.5	5.5	37.901	1040.737	9.2008	1.75	13.1	12.301	4.0052E-8	1	0	4.99259
2496	-37.5	6.5	38.059	1040.414	9.13927	1.75	13.1	12.459	3.9524E-8	1	0	4.96474
2497	-37.5	7.5	38.243	1040.046	9.06978	1.75	13.1	12.643	3.8931E-8	1	0	4.93284
2498	-37.5	8.5	38.451	1039.636	8.99327	1.75	13.1	12.851	3.8284E-8	1	0	4.89712
2499	-37.5	9.5	38.685	1039.189	8.91076	1.75	13.1	13.085	3.7592E-8	1	0	4.8578
2500	-37.5	10.5	38.942	1038.709	8.82332	1.75	13.1	13.342	3.6865E-8	1	0	4.81512
2501	-37.5	11.5	39.224	1038.202	8.73206	1.75	13.1	13.624	3.6114E-8	1	0	4.76927
2502	-37.5	12.5	39.528	1037.674	8.63807	1.75	13.1	13.928	3.5349E-8	1	0	4.72045
2503	-37.5	13.5	39.856	1037.129	8.54247	1.75	13.1	14.256	3.4579E-8	1	0	4.66885
2504	-37.5	14.5	40.206	1036.575	8.44637	1.75	13.1	14.606	3.3813E-8	1	0	4.61459
2505	-37.5	15.5	40.577	1036.017	8.35082	1.75	13.1	14.977	3.306E-8	1	0	4.55781
2506	-37.5	16.5	40.97	1035.462	8.25687	1.75	13.1	15.37	3.2328E-8	1	0	4.49859
2507	-37.5	17.5	41.382	1034.915	8.1655	1.75	13.1	15.782	3.1624E-8	1	0	4.43701
2508	-37.5	18.5	41.815	1034.384	8.07764	1.75	13.1	16.215	3.0954E-8	1	0	4.37313
2509	-37.5	19.5	42.267	1033.873	7.99415	1.75	13.1	16.667	3.0324E-8	1	0	4.30701
2510	-37.5	20.5	42.738	1033.389	7.91583	1.75	13.1	17.138	2.9739E-8	1	0	4.23868
2511	-37.5	21.5	43.226	1032.936	7.84338	1.75	13.1	17.626	2.9202E-8	1	0	4.1682
2512	-37.5	22.5	43.732	1032.521	7.77744	1.75	13.1	18.132	2.8719E-8	1	0	4.09563
2513	-37.5	23.5	44.255	1032.147	7.71856	1.75	13.1	18.655	2.829E-8	1	0	4.02105
2514	-37.5	24.5	44.794	1031.819	7.66724	1.75	13.1	19.194	2.7919E-8	1	0	3.94453
2515	-37.5	25.5	45.349	1031.54	7.62387	1.75	13.1	19.749	2.7607E-8	1	0	3.86621
2516	-37.5	26.5	45.918	1031.313	7.58878	1.75	13.1	20.318	2.7356E-8	1	0	3.78621
2517	-37.5	27.5	46.503	1031.141	7.56224	1.75	13.1	20.903	2.7167E-8	1	0	3.70469
2518	-37.5	28.5	47.101	1031.025	7.54443	1.75	13.1	21.501	2.7041E-8	1	0	3.62184
2519	-37.5	29.5	47.713	1030.967	7.53586	1.75	13.1	22.113	2.698E-8	1	0	3.53769
2520	-36.5	-29.5	46.931	1032.92	7.44636	1.75	13.1	21.331	2.6321E-8	1	0	3.69762
2521	-36.5	-28.5	46.309	1032.981	7.45571	1.75	13.1	20.709	2.6387E-8	1	0	3.79109
2522	-36.5	-27.5	45.7	1033.101	7.47523	1.75	13.1	20.1	2.6524E-8	1	0	3.88321
2523	-36.5	-26.5	45.105	1033.28	7.50435	1.75	13.1	19.505	2.6729E-8	1	0	3.97397
2524	-36.5	-25.5	44.525	1033.515	7.54287	1.75	13.1	18.925	2.7001E-8	1	0	4.06317
2525	-36.5	-24.5	43.96	1033.805	7.59051	1.75	13.1	18.36	2.734E-8	1	0	4.15065
2526	-36.5	-23.5	43.411	1034.145	7.64693	1.75	13.1	17.811	2.7744E-8	1	0	4.23627
2527	-36.5	-22.5	42.878	1034.533	7.7117	1.75	13.1	17.278	2.8211E-8	1	0	4.31993
2528	-36.5	-21.5	42.362	1034.963	7.78433	1.75	13.1	16.762	2.874E-8	1	0	4.40153
2529	-36.5	-20.5	41.863	1035.432	7.86421	1.75	13.1	16.263	2.9327E-8	1	0	4.48101
2530	-36.5	-19.5	41.382	1035.933	7.95066	1.75	13.1	15.782	2.9969E-8	1	0	4.55832
2531	-36.5	-18.5	40.921	1036.462	8.04292	1.75	13.1	15.321	3.0661E-8	1	0	4.63343
2532	-36.5	-17.5	40.478	1037.011	8.14012	1.75	13.1	14.878	3.14E-8	1	0	4.7063
2533	-36.5	-16.5	40.056	1037.575	8.24133	1.75	13.1	14.456	3.2178E-8	1	0	4.77687
2534	-36.5	-15.5	39.655	1038.148	8.34552	1.75	13.1	14.055	3.2988E-8	1	0	4.8451
2535	-36.5	-14.5	39.275	1038.723	8.45161	1.75	13.1	13.675	3.3824E-8	1	0	4.91088
2536	-36.5	-13.5	38.917	1039.294	8.55843	1.75	13.1	13.317	3.4676E-8	1	0	4.97411
2537	-36.5	-12.5	38.581	1039.853	8.66482	1.75	13.1	12.981	3.5535E-8	1	0	5.03462
2538	-36.5	-11.5	38.269	1040.395	8.76953	1.75	13.1	12.669	3.6391E-8	1	0	5.0922
2539	-36.5	-10.5	37.98	1040.915	8.87133	1.75	13.1	12.38	3.7232E-8	1	0	5.14662
2540	-36.5	-9.5	37.716	1041.405	8.96897	1.75	13.1	12.116	3.8048E-8	1	0	5.19759
2541	-36.5	-8.5	37.477	1041.862	9.06122	1.75	13.1	11.877	3.8828E-8	1	0	5.24481
2542	-36.5	-7.5	37.263	1042.28	9.14687	1.75	13.1	11.663	3.9558E-8	1	0	5.28794
2543	-36.5	-6.5	37.074	1042.656	9.22474	1.75	13.1	11.474	4.0228E-8	1	0	5.32664
2544	-36.5	-5.5	36.912	1042.984	9.29375	1.75	13.1	11.312	4.0826E-8	1	0	5.36059
2545	-36.5	-4.5	36.776	1043.263	9.3529	1.75	13.1	11.176	4.1343E-8	1	0	5.38945
2546	-36.5	-3.5	36.667	1043.489	9.40133	1.75	13.1	11.067	4.1768E-8	1	0	5.41295
2547	-36.5	-2.5	36.586	1043.66	9.4383	1.75	13.1	10.986	4.2094E-8	1	0	5.43081
2548	-36.5	-1.5	36.531	1043.776	9.46327	1.75	13.1	10.931	4.2315E-8	1	0	5.44285
2549	-36.5	-0.5	36.503	1043.833	9.47585	1.75	13.1	10.903	4.2427E-8	1	0	5.4489
2550	-36.5	0.5	36.503	1043.833	9.47585	1.75	13.1	10.903	4.2427E-8	1	0	5.4489
2551	-36.5	1.5	36.531	1043.776	9.46327	1.75	13.1	10.931	4.2315E-8	1	0	5.44285
2552	-36.5	2.5	36.586	1043.66	9.4383	1.75	13.1	10.986	4.2094E-8	1	0	5.43081
2553	-36.5	3.5	36.667	1043.489	9.40133	1.75	13.1	11.067	4.1768E-8	1	0	5.41295
2554	-36.5	4.5	36.776	1043.263	9.3529	1.75	13.1	11.176	4.1343E-8	1	0	5.38945
2555	-36.5	5.5	36.912	1042.984	9.29375	1.75	13.1	11.312	4.0826E-8	1	0	5.36059
2556	-36.5	6.5	37.074	1042.656	9.22474	1.75	13.1	11.474	4.0228E-8	1	0	5.32664
2557	-36.5	7.5	37.263	1042.28	9.14687	1.75	13.1	11.663	3.9558E-8	1	0	5.28794
2558	-36.5	8.5	37.477	1041.862	9.06122	1.75	13.1	11.877	3.8828E-8	1	0	5.24481
2559	-36.5	9.5	37.716	1041.405	8.96897	1.75	13.1	12.116	3.8048E-8	1	0	5.19759
2560	-36.5	10.5	37.98	1040.915	8.87133	1.75	13.1	12.38	3.7232E-8	1	0	5.14662
2561	-36.5	11.5	38.269	1040.395	8.76953	1.75	13.1	12.669	3.6391E-8	1	0	5.0922
2562	-36.5	12.5	38.581	1039.853	8.66482	1.75	13.1	12.981	3.5535E-8	1	0	5.03462
2563	-36.5	13.5	38.917	1039.294	8.55843	1.75	13.1	13.317	3.4676E-8	1	0	4.97411
2564	-36.5	14.5	39.275	1038.723	8.45161	1.75	13.1	13.675	3.3824E-8	1	0	4.91088
2565	-36.5	15.5	39.655	1038.148	8.34552	1.75	13.1	14.055	3.2988E-8	1	0	4.8451
2566	-36.5	16.5	40.056	1037.575	8.24133	1.75	13.1	14.456	3.2178E-8	1	0	4.77687
2567	-36.5	17.5	40.478	1037.011	8.14012	1.75	13.1	14.878	3.14E-8	1	0	4.7063
2568	-36.5	18.5	40.921	1036.462	8.04292	1.75	13.1	15.321	3.0661E-8	1	0	4.63343
2569	-36.5	19.5	41.382	1035.933	7.95066	1.75	13.1	15.782	2.9969E-8	1	0	4.55832
2570	-36.5	20.5	41.863	1035.432	7.86421	1.75	13.1	16.263	2.9327E-8	1	0	4.48101
2571	-36.5	21.5	42.362	1034.963	7.78433	1.75	13.1	16.762	2.874E-8	1	0	4.40153
2572	-36.5	22.5	42.878	1034.533	7.7117	1.75	13.1	17.278	2.8211E-8	1	0	4.31993
2573	-36.5	23.5	43.411	1034.145	7.64693	1.75	13.1	17.811	2.7744E-8	1	0	4.23627
2574	-36.5	24.5	43.96	1033.805	7.59051	1.75	13.1	18.36	2.734E-8	1	0	4.15065
2575	-36.5	25.5	44.525	1033.515	7.54287	1.75	13.1	18.925	2.7001E-8	1	0	4.06317
2576	-36.5	26.5	45.105	1033.28	7.50435	1.75	13.1	19.505	2.6729E-8	1	0	3.97397
2577	-36.5	27.5	45.7	1033.101	7.47523	1.75	13.1	20.1	2.6524E-8	1	0	3.88321
2578	-36.5	28.5	46.309	1032.981	7.45571	1.75	13.1	20.709	2.6387E-8	1	0	3.79109
2579	-36.5	29.5	46.931	1032.92	7.44636	1.75	13.1	21.331	2.6321E-8	1	0	3.69762
2580	-35.5	-29.5	46.157	1034.678	7.34825	1.75	13.1	20.557	2.5613E-8	1	0	3.87383
2581	-35.5	-28.5	45.525	1034.741	7.35843	1.75	13.1	19.925	2.5683E-8	1	0	3.978
2582	-35.5	-27.5	44.905	1034.865	7.37981	1.75	13.1	19.305	2.5831E-8	1	0	4.08076
2583	-35.5	-26.5	44.3	1035.051	7.41172	1.75	13.1	18.7	2.6053E-8	1	0	4.18217
2584	-35.5	-25.5	43.709	1035.294	7.45394	1.75	13.1	18.109	2.6348E-8	1	0	4.28202
2585	-35.5	-24.5	43.134	1035.594	7.50621	1.75	13.1	17.534	2.6716E-8	1	0	4.38015
2586	-35.5	-23.5	42.573	1035.945	7.56816	1.75	13.1	16.973	2.7154E-8	1	0	4.47642
2587	-35.5	-22.5	42.03	1036.346	7.63935	1.75	13.1	16.43	2.7663E-8	1	0	4.57073
2588	-35.5	-21.5	41.503	1036.79	7.71926	1.75	13.1	15.903	2.8239E-8	1	0	4.66301
2589	-35.5	-20.5	40.994	1037.274	7.80726	1.75	13.1	15.394	2.8881E-8	1	0	4.75322
2590	-35.5	-19.5	40.503	1037.79	7.90263	1.75	13.1	14.903	2.9584E-8	1	0	4.84133
2591	-35.5	-18.5	40.031	1038.335	8.00454	1.75	13.1	14.431	3.0345E-8	1	0	4.92733
2592	-35.5	-17.5	39.579	1038.9	8.11205	1.75	13.1	13.979	3.1158E-8	1	0	5.01119
2593	-35.5	-16.5	39.147	1039.48	8.22413	1.75	13.1	13.547	3.2018E-8	1	0	5.09289
2594	-35.5	-15.5	38.736	1040.068	8.33967	1.75	13.1	13.136	3.2915E-8	1	0	5.17238
2595	-35.5	-14.5	38.347	1040.656	8.45746	1.75	13.1	12.747	3.3843E-8	1	0	5.24954
2596	-35.5	-13.5	37.98	1041.24	8.57621	1.75	13.1	12.38	3.4792E-8	1	0	5.32423
2597	-35.5	-12.5	37.636	1041.811	8.69462	1.75	13.1	12.036	3.575E-8	1	0	5.39625
2598	-35.5	-11.5	37.316	1042.363	8.81131	1.75	13.1	11.716	3.6708E-8	1	0	5.46529
2599	-35.5	-10.5	37.02	1042.891	8.92491	1.75	13.1	11.42	3.7652E-8	1	0	5.53102
2600	-35.5	-9.5	36.749	1043.389	9.03401	1.75	13.1	11.149	3.857E-8	1	0	5.59303
2601	-35.5	-8.5	36.503	1043.851	9.13723	1.75	13.1	10.903	3.9448E-8	1	0	5.65086
2602	-35.5	-7.5	36.284	1044.273	9.23318	1.75	13.1	10.684	4.0274E-8	1	0	5.70402
2603	-35.5	-6.5	36.09	1044.652	9.32054	1.75	13.1	10.49	4.1033E-8	1	0	5.75201
2604	-35.5	-5.5	35.924	1044.982	9.39804	1.75	13.1	10.324	4.1712E-8	1	0	5.79433
2605	-35.5	-4.5	35.784	1045.262	9.46453	1.75	13.1	10.184	4.23E-8	1	0	5.83049
2606	-35.5	-3.5	35.672	1045.489	9.519	1.75	13.1	10.072	4.2784E-8	1	0	5.86003
2607	-35.5	-2.5	35.588	1045.661	9.56061	1.75	13.1	9.988	4.3155E-8	1	0	5.88257
2608	-35.5	-1.5	35.532	1045.776	9.58871	1.75	13.1	9.932	4.3407E-8	1	0	5.89779
2609	-35.5	-0.5	35.504	1045.834	9.60288	1.75	13.1	9.904	4.3535E-8	1	0	5.90546
2610	-35.5	0.5	35.504	1045.834	9.60288	1.75	13.1	9.904	4.3535E-8	1	0	5.90546
2611	-35.5	1.5	35.532	1045.776	9.58871	1.75	13.1	9.932	4.3407E-8	1	0	5.89779
2612	-35.5	2.5	35.588	1045.661	9.56061	1.75	13.1	9.988	4.3155E-8	1	0	5.88257
2613	-35.5	3.5	35.672	1045.489	9.519	1.75	13.1	10.072	4.2784E-8	1	0	5.86003
2614	-35.5	4.5	35.784	1045.262	9.46453	1.75	13.1	10.184	4.23E-8	1	0	5.83049
2615	-35.5	5.5	35.924	1044.982	9.39804	1.75	13.1	10.324	4.1712E-8	1	0	5.79433
2616	-35.5	6.5	36.09	1044.652	9.32054	1.75	13.1	10.49	4.1033E-8	1	0	5.75201
2617	-35.5	7.5	36.284	1044.273	9.23318	1.75	13.1	10.684	4.0274E-8	1	0	5.70402
2618	-35.5	8.5	36.503	1043.851	9.13723	1.75	13.1	10.903	3.9448E-8	1	0	5.65086
2619	-35.5	9.5	36.749	1043.389	9.03401	1.75	13.1	11.149	3.857E-8	1	0	5.59303
2620	-35.5	10.5	37.02	1042.891	8.92491	1.75	13.1	11.42	3.7652E-8	1	0	5.53102
2621	-35.5	11.5	37.316	1042.363	8.81131	1.75	13.1	11.716	3.6708E-8	1	0	5.46529
2622	-35.5	12.5	37.636	1041.811	8.69462	1.75	13.1	12.036	3.575E-8	1	0	5.39625
2623	-35.5	13.5	37.98	1041.24	8.57621	1.75	13.1	12.38	3.4792E-8	1	0	5.32423
2624	-35.5	14.5	38.347	1040.656	8.45746	1.75	13.1	12.747	3.3843E-8	1	0	5.24954
2625	-35.5	15.5	38.736	1040.068	8.33967	1.75	13.1	13.136	3.2915E-8	1	0	5.17238
2626	-35.5	16.5	39.147	1039.48	8.22413	1.75	13.1	13.547	3.2018E-8	1	0	5.09289
2627	-35.5	17.5	39.579	1038.9	8.11205	1.75	13.1	13.979	3.1158E-8	1	0	5.01119
2628	-35.5	18.5	40.031	1038.335	8.00454	1.75	13.1	14.431	3.0345E-8	1	0	4.92733
2629	-35.5	19.5	40.503	1037.79	7.90263	1.75	13.1	14.903	2.9584E-8	1	0	4.84133
2630	-35.5	20.5	40.994	1037.274	7.80726	1.75	13.1	15.394	2.8881E-8	1	0	4.75322
2631	-35.5	21.5	41.503	1036.79	7.71926	1.75	13.1	15.903	2.8239E-8	1	0	4.66301
2632	-35.5	22.5	42.03	1036.346	7.63935	1.75	13.1	16.43	2.7663E-8	1	0	4.57073
2633	-35.5	23.5	42.573	1035.945	7.56816	1.75	13.1	16.973	2.7154E-8	1	0	4.47642
2634	-35.5	24.5	43.134	1035.594	7.50621	1.75	13.1	17.534	2.6716E-8	1	0	4.38015
2635	-35.5	25.5	43.709	1035.294	7.45394	1.75	13.1	18.109	2.6348E-8	1	0	4.28202
2636	-35.5	26.5	44.3	1035.051	7.41172	1.75	13.1	18.7	2.6053E-8	1	0	4.18217
2637	-35.5	27.5	44.905	1034.865	7.37981	1.75	13.1	19.305	2.5831E-8	1	0	4.08076
2638	-35.5	28.5	45.525	1034.741	7.35843	1.75	13.1	19.925	2.5683E-8	1	0	3.978
2639	-35.5	29.5	46.157	1034.678	7.34825	1.75	13.1	20.557	2.5613E-8	1	0	3.87383
2640	-34.5	-29.5	45.393	1036.247	7.24087	1.75	13.1	19.793	2.4853E-8	1	0	4.0687
2641	-34.5	-28.5	44.749	1036.312	7.25194	1.75	13.1	19.149	2.4929E-8	1	0	4.18518
2642	-34.5	-27.5	44.119	1036.44	7.27532	1.75	13.1	18.519	2.5088E-8	1	0	4.30024
2643	-34.5	-26.5	43.503	1036.631	7.31022	1.75	13.1	17.903	2.5328E-8	1	0	4.41399
2644	-34.5	-25.5	42.901	1036.882	7.35643	1.75	13.1	17.301	2.5646E-8	1	0	4.52624
2645	-34.5	-24.5	42.314	1037.191	7.41369	1.75	13.1	16.714	2.6043E-8	1	0	4.63683
2646	-34.5	-23.5	41.743	1037.553	7.48162	1.75	13.1	16.143	2.6519E-8	1	0	4.74562
2647	-34.5	-22.5	41.189	1037.965	7.55979	1.75	13.1	15.589	2.7071E-8	1	0	4.85256
2648	-34.5	-21.5	40.651	1038.422	7.64763	1.75	13.1	15.051	2.7698E-8	1	0	4.95759
2649	-34.5	-20.5	40.131	1038.918	7.7445	1.75	13.1	14.531	2.8399E-8	1	0	5.06072
2650	-34.5	-19.5	39.63	1039.449	7.84963	1.75	13.1	14.03	2.9168E-8	1	0	5.16195
2651	-34.5	-18.5	39.147	1040.006	7.96213	1.75	13.1	13.547	3.0003E-8	1	0	5.26131
2652	-34.5	-17.5	38.685	1040.585	8.081	1.75	13.1	13.085	3.0898E-8	1	0	5.35883
2653	-34.5	-16.5	38.243	1041.177	8.20511	1.75	13.1	12.643	3.1847E-8	1	0	5.45449
2654	-34.5	-15.5	37.822	1041.776	8.33322	1.75	13.1	12.222	3.284E-8	1	0	5.54828
2655	-34.5	-14.5	37.423	1042.375	8.464	1.75	13.1	11.823	3.3871E-8	1	0	5.64008
2656	-34.5	-13.5	37.047	1042.967	8.59603	1.75	13.1	11.447	3.4927E-8	1	0	5.72972
2657	-34.5	-12.5	36.695	1043.545	8.72784	1.75	13.1	11.095	3.5997E-8	1	0	5.81691
2658	-34.5	-11.5	36.366	1044.103	8.85792	1.75	13.1	10.766	3.7069E-8	1	0	5.90126
2659	-34.5	-10.5	36.062	1044.634	8.98473	1.75	13.1	10.462	3.813E-8	1	0	5.98228
2660	-34.5	-9.5	35.784	1045.134	9.10671	1.75	13.1	10.184	3.9164E-8	1	0	6.05935
2661	-34.5	-8.5	35.532	1045.596	9.22229	1.75	13.1	9.932	4.0156E-8	1	0	6.13181
2662	-34.5	-7.5	35.306	1046.018	9.3299	1.75	13.1	9.706	4.1092E-8	1	0	6.19892
2663	-34.5	-6.5	35.107	1046.394	9.42802	1.75	13.1	9.507	4.1954E-8	1	0	6.25993
2664	-34.5	-5.5	34.936	1046.722	9.51517	1.75	13.1	9.336	4.2727E-8	1	0	6.31407
2665	-34.5	-4.5	34.792	1046.998	9.59003	1.75	13.1	9.192	4.3397E-8	1	0	6.36059
2666	-34.5	-3.5	34.677	1047.222	9.65139	1.75	13.1	9.077	4.395E-8	1	0	6.39879
2667	-34.5	-2.5	34.59	1047.391	9.69829	1.75	13.1	8.99	4.4375E-8	1	0	6.42805
2668	-34.5	-1.5	34.533	1047.505	9.72998	1.75	13.1	8.933	4.4663E-8	1	0	6.44787
2669	-34.5	-0.5	34.504	1047.561	9.74595	1.75	13.1	8.904	4.4809E-8	1	0	6.45787
2670	-34.5	0.5	34.504	1047.561	9.74595	1.75	13.1	8.904	4.4809E-8	1	0	6.45787
2671	-34.5	1.5	34.533	1047.505	9.72998	1.75	13.1	8.933	4.4663E-8	1	0	6.44787
2672	-34.5	2.5	34.59	1047.391	9.69829	1.75	13.1	8.99	4.4375E-8	1	0	6.42805
2673	-34.5	3.5	34.677	1047.222	9.65139	1.75	13.1	9.077	4.395E-8	1	0	6.39879
2674	-34.5	4.5	34.792	1046.998	9.59003	1.75	13.1	9.192	4.3397E-8	1	0	6.36059
2675	-34.5	5.5	34.936	1046.722	9.51517	1.75	13.1	9.336	4.2727E-8	1	0	6.31407
2676	-34.5	6.5	35.107	1046.394	9.42802	1.75	13.1	9.507	4.1954E-8	1	0	6.25993
2677	-34.5	7.5	35.306	1046.018	9.3299	1.75	13.1	9.706	4.1092E-8	1	0	6.19892
2678	-34.5	8.5	35.532	1045.596	9.22229	1.75	13.1	9.932	4.0156E-8	1	0	6.13181
2679	-34.5	9.5	35.784	1045.134	9.10671	1.75	13.1	10.184	3.9164E-8	1	0	6.05935
2680	-34.5	10.5	36.062	1044.634	8.98473	1.75	13.1	10.462	3.813E-8	1	0	5.98228
2681	-34.5	11.5	36.366	1044.103	8.85792	1.75	13.1	10.766	3.7069E-8	1	0	5.90126
2682	-34.5	12.5	36.695	1043.545	8.72784	1.75	13.1	11.095	3.5997E-8	1	0	5.81691
2683	-34.5	13.5	37.047	1042.967	8.59603	1.75	13.1	11.447	3.4927E-8	1	0	5.72972
2684	-34.5	14.5	37.423	1042.375	8.464	1.75	13.1	11.823	3.3871E-8	1	0	5.64008
2685	-34.5	15.5	37.822	1041.776	8.33322	1.75	13.1	12.222	3.284E-8	1	0	5.54828
2686	-34.5	16.5	38.243	1041.177	8.20511	1.75	13.1	12.643	3.1847E-8	1	0	5.45449
2687	-34.5	17.5	38.685	1040.585	8.081	1.75	13.1	13.085	3.0898E-8	1	0	5.35883
2688	-34.5	18.5	39.147	1040.006	7.96213	1.75	13.1	13.547	3.0003E-8	1	0	5.26131
2689	-34.5	19.5	39.63	1039.449	7.84963	1.75	13.1	14.03	2.9168E-8	1	0	5.16195
2690	-34.5	20.5	40.131	1038.918	7.7445	1.75	13.1	14.531	2.8399E-8	1	0	5.06072
2691	-34.5	21.5	40.651	1038.422	7.64763	1.75	13.1	15.051	2.7698E-8	1	0	4.95759
2692	-34.5	22.5	41.189	1037.965	7.55979	1.75	13.1	15.589	2.7071E-8	1	0	4.85256
2693	-34.5	23.5	41.743	1037.553	7.48162	1.75	13.1	16.143	2.6519E-8	1	0	4.74562
2694	-34.5	24.5	42.314	1037.191	7.41369	1.75	13.1	16.714	2.6043E-8	1	0	4.63683
2695	-34.5	25.5	42.901	1036.882	7.35643	1.75	13.1	17.301	2.5646E-8	1	0	4.52624
2696	-34.5	26.5	43.503	1036.631	7.31022	1.75	13.1	17.903	2.5328E-8	1	0	4.41399
2697	-34.5	27.5	44.119	1036.44	7.27532	1.75	13.1	18.519	2.5088E-8	1	0	4.30024
2698	-34.5	28.5	44.749	1036.312	7.25194	1.75	13.1	19.149	2.4929E-8	1	0	4.18518
2699	-34.5	29.5	45.393	1036.247	7.24087	1.75	13.1	19.793	2.4853E-8	1	0	4.0687
2700	-33.5	-29.5	44.637	1037.634	7.12353	1.75	13.1	19.037	2.404E-8	1	0	4.28502
2701	-33.5	-28.5	43.983	1037.7	7.13553	1.75	13.1	18.383	2.4121E-8	1	0	4.41575
2702	-33.5	-27.5	43.342	1037.832	7.16104	1.75	13.1	17.742	2.4292E-8	1	0	4.54507
2703	-33.5	-26.5	42.714	1038.028	7.19915	1.75	13.1	17.114	2.4549E-8	1	0	4.67323
2704	-33.5	-25.5	42.101	1038.286	7.24966	1.75	13.1	16.501	2.4892E-8	1	0	4.8
2705	-33.5	-24.5	41.503	1038.602	7.31229	1.75	13.1	15.903	2.5321E-8	1	0	4.92527
2706	-33.5	-23.5	40.921	1038.974	7.38667	1.75	13.1	15.321	2.5834E-8	1	0	5.04893
2707	-33.5	-22.5	40.355	1039.396	7.47237	1.75	13.1	14.755	2.6433E-8	1	0	5.17096
2708	-33.5	-21.5	39.806	1039.864	7.56882	1.75	13.1	14.206	2.7114E-8	1	0	5.29137
2709	-33.5	-20.5	39.275	1040.371	7.67535	1.75	13.1	13.675	2.7877E-8	1	0	5.41022
2710	-33.5	-19.5	38.762	1040.913	7.79115	1.75	13.1	13.162	2.8717E-8	1	0	5.52759
2711	-33.5	-18.5	38.269	1041.481	7.91529	1.75	13.1	12.669	2.9633E-8	1	0	5.64358
2712	-33.5	-17.5	37.796	1042.069	8.04668	1.75	13.1	12.196	3.0617E-8	1	0	5.75829
2713	-33.5	-16.5	37.343	1042.671	8.18408	1.75	13.1	11.743	3.1663E-8	1	0	5.87178
2714	-33.5	-15.5	36.912	1043.277	8.32613	1.75	13.1	11.312	3.2764E-8	1	0	5.98408
2715	-33.5	-14.5	36.503	1043.882	8.47135	1.75	13.1	10.903	3.3908E-8	1	0	6.09509
2716	-33.5	-13.5	36.118	1044.477	8.61815	1.75	13.1	10.518	3.5084E-8	1	0	6.20462
2717	-33.5	-12.5	35.756	1045.056	8.76491	1.75	13.1	10.156	3.628E-8	1	0	6.31231
2718	-33.5	-11.5	35.419	1045.613	8.90995	1.75	13.1	9.819	3.7482E-8	1	0	6.41762
2719	-33.5	-10.5	35.107	1046.141	9.05156	1.75	13.1	9.507	3.8674E-8	1	0	6.51981
2720	-33.5	-9.5	34.821	1046.635	9.18802	1.75	13.1	9.221	3.9841E-8	1	0	6.61802
2721	-33.5	-8.5	34.562	1047.091	9.31755	1.75	13.1	8.962	4.0964E-8	1	0	6.71123
2722	-33.5	-7.5	34.329	1047.504	9.43838	1.75	13.1	8.729	4.2026E-8	1	0	6.79834
2723	-33.5	-6.5	34.125	1047.872	9.54873	1.75	13.1	8.525	4.3008E-8	1	0	6.87818
2724	-33.5	-5.5	33.948	1048.191	9.64691	1.75	13.1	8.348	4.3891E-8	1	0	6.94957
2725	-33.5	-4.5	33.801	1048.459	9.73132	1.75	13.1	8.201	4.4657E-8	1	0	7.01132
2726	-33.5	-3.5	33.682	1048.675	9.80058	1.75	13.1	8.082	4.5291E-8	1	0	7.06233
2727	-33.5	-2.5	33.593	1048.838	9.85353	1.75	13.1	7.993	4.5778E-8	1	0	7.10161
2728	-33.5	-1.5	33.534	1048.947	9.8893	1.75	13.1	7.934	4.6109E-8	1	0	7.1283
2729	-33.5	-0.5	33.504	1049.001	9.90733	1.75	13.1	7.904	4.6276E-8	1	0	7.1418
2730	-33.5	0.5	33.504	1049.001	9.90733	1.75	13.1	7.904	4.6276E-8	1	0	7.1418
2731	-33.5	1.5	33.534	1048.947	9.8893	1.75	13.1	7.934	4.6109E-8	1	0	7.1283
2732	-33.5	2.5	33.593	1048.838	9.85353	1.75	13.1	7.993	4.5778E-8	1	0	7.10161
2733	-33.5	3.5	33.682	1048.675	9.80058	1.75	13.1	8.082	4.5291E-8	1	0	7.06233
2734	-33.5	4.5	33.801	1048.459	9.73132	1.75	13.1	8.201	4.4657E-8	1	0	7.01132
2735	-33.5	5.5	33.948	1048.191	9.64691	1.75	13.1	8.348	4.3891E-8	1	0	6.94957
2736	-33.5	6.5	34.125	1047.872	9.54873	1.75	13.1	8.525	4.3008E-8	1	0	6.87818
2737	-33.5	7.5	34.329	1047.504	9.43838	1.75	13.1	8.729	4.2026E-8	1	0	6.79834
2738	-33.5	8.5	34.562	1047.091	9.31755	1.75	13.1	8.962	4.0964E-8	1	0	6.71123
2739	-33.5	9.5	34.821	1046.635	9.18802	1.75	13.1	9.221	3.9841E-8	1	0	6.61802
2740	-33.5	10.5	35.107	1046.141	9.05156	1.75	13.1	9.507	3.8674E-8	1	0	6.51981
2741	-33.5	11.5	35.419	1045.613	8.90995	1.75	13.1	9.819	3.7482E-8	1	0	6.41762
2742	-33.5	12.5	35.756	1045.056	8.76491	1.75	13.1	10.156	3.628E-8	1	0	6.31231
2743	-33.5	13.5	36.118	1044.477	8.61815	1.75	13.1	10.518	3.5084E-8	1	0	6.20462
2744	-33.5	14.5	36.503	1043.882	8.47135	1.75	13.1	10.903	3.3908E-8	1	0	6.09509
2745	-33.5	15.5	36.912	1043.277	8.32613	1.75	13.1	11.312	3.2764E-8	1	0	5.98408
2746	-33.5	16.5	37.343	1042.671	8.18408	1.75	13.1	11.743	3.1663E-8	1	0	5.87178
2747	-33.5	17.5	37.796	1042.069	8.04668	1.75	13.1	12.196	3.0617E-8	1	0	5.75829
2748	-33.5	18.5	38.269	1041.481	7.91529	1.75	13.1	12.669	2.9633E-8	1	0	5.64358
2749	-33.5	19.5	38.762	1040.913	7.79115	1.75	13.1	13.162	2.8717E-8	1	0	5.52759
2750	-33.5	20.5	39.275	1040.371	7.67535	1.75	13.1	13.675	2.7877E-8	1	0	5.41022
2751	-33.5	21.5	39.806	1039.864	7.56882	1.75	13.1	14.206	2.7114E-8	1	0	5.29137
2752	-33.5	22.5	40.355	1039.396	7.47237	1.75	13.1	14.755	2.6433E-8	1	0	5.17096
2753	-33.5	23.5	40.921	1038.974	7.38667	1.75	13.1	15.321	2.5834E-8	1	0	5.04893
2754	-33.5	24.5	41.503	1038.602	7.31229	1.75	13.1	15.903	2.5321E-8	1	0	4.92527
2755	-33.5	25.5	42.101	1038.286	7.24966	1.75	13.1	16.501	2.4892E-8	1	0	4.8
2756	-33.5	26.5	42.714	1038.028	7.19915	1.75	13.1	17.114	2.4549E-8	1	0	4.67323
2757	-33.5	27.5	43.342	1037.832	7.16104	1.75	13.1	17.742	2.4292E-8	1	0	4.54507
2758	-33.5	28.5	43.983	1037.7	7.13553	1.75	13.1	18.383	2.4121E-8	1	0	4.41575
2759	-33.5	29.5	44.637	1037.634	7.12353	1.75	13.1	19.037	2.404E-8	1	0	4.28502
2760	-32.5	-29.5	43.892	1038.845	6.99555	1.75	13.1	18.292	2.3172E-8	1	0	4.52613
2761	-32.5	-28.5	43.226	1038.913	7.00851	1.75	13.1	17.626	2.3258E-8	1	0	4.67343
2762	-32.5	-27.5	42.573	1039.048	7.0363	1.75	13.1	16.973	2.3441E-8	1	0	4.81941
2763	-32.5	-26.5	41.934	1039.249	7.07783	1.75	13.1	16.334	2.3716E-8	1	0	4.96444
2764	-32.5	-25.5	41.31	1039.512	7.13292	1.75	13.1	15.71	2.4084E-8	1	0	5.10835
2765	-32.5	-24.5	40.7	1039.836	7.20129	1.75	13.1	15.1	2.4545E-8	1	0	5.25105
2766	-32.5	-23.5	40.106	1040.215	7.28261	1.75	13.1	14.506	2.5098E-8	1	0	5.3925
2767	-32.5	-22.5	39.528	1040.646	7.37644	1.75	13.1	13.928	2.5745E-8	1	0	5.53274
2768	-32.5	-21.5	38.968	1041.122	7.4822	1.75	13.1	13.368	2.6483E-8	1	0	5.6719
2769	-32.5	-20.5	38.425	1041.639	7.59923	1.75	13.1	12.825	2.7312E-8	1	0	5.81013
2770	-32.5	-19.5	37.901	1042.188	7.72669	1.75	13.1	12.301	2.8229E-8	1	0	5.94763
2771	-32.5	-18.5	37.397	1042.764	7.86359	1.75	13.1	11.797	2.9231E-8	1	0	6.08463
2772	-32.5	-17.5	36.912	1043.358	8.00876	1.75	13.1	11.312	3.0312E-8	1	0	6.22136
2773	-32.5	-16.5	36.449	1043.964	8.16087	1.75	13.1	10.849	3.1467E-8	1	0	6.35803
2774	-32.5	-15.5	36.007	1044.572	8.31838	1.75	13.1	10.407	3.2685E-8	1	0	6.49475
2775	-32.5	-14.5	35.588	1045.176	8.47965	1.75	13.1	9.988	3.3956E-8	1	0	6.63154
2776	-32.5	-13.5	35.192	1045.769	8.64291	1.75	13.1	9.592	3.5267E-8	1	0	6.76819
2777	-32.5	-12.5	34.821	1046.342	8.80632	1.75	13.1	9.221	3.6604E-8	1	0	6.90428
2778	-32.5	-11.5	34.475	1046.89	8.96806	1.75	13.1	8.875	3.7952E-8	1	0	7.03907
2779	-32.5	-10.5	34.154	1047.406	9.12624	1.75	13.1	8.554	3.9294E-8	1	0	7.17153
2780	-32.5	-9.5	33.86	1047.887	9.27898	1.75	13.1	8.26	4.0612E-8	1	0	7.30033
2781	-32.5	-8.5	33.593	1048.327	9.4243	1.75	13.1	7.993	4.1886E-8	1	0	7.42397
2782	-32.5	-7.5	33.354	1048.724	9.56015	1.75	13.1	7.754	4.3095E-8	1	0	7.54075
2783	-32.5	-6.5	33.144	1049.075	9.68447	1.75	13.1	7.544	4.4216E-8	1	0	7.64886
2784	-32.5	-5.5	32.962	1049.377	9.79528	1.75	13.1	7.362	4.5228E-8	1	0	7.7464
2785	-32.5	-4.5	32.81	1049.629	9.89068	1.75	13.1	7.21	4.6109E-8	1	0	7.83147
2786	-32.5	-3.5	32.688	1049.831	9.969	1.75	13.1	7.088	4.6838E-8	1	0	7.90227
2787	-32.5	-2.5	32.596	1049.983	10.02887	1.75	13.1	6.996	4.7399E-8	1	0	7.95712
2788	-32.5	-1.5	32.535	1050.083	10.06931	1.75	13.1	6.935	4.778E-8	1	0	7.99457
2789	-32.5	-0.5	32.504	1050.134	10.08969	1.75	13.1	6.904	4.7972E-8	1	0	8.01358
2790	-32.5	0.5	32.504	1050.134	10.08969	1.75	13.1	6.904	4.7972E-8	1	0	8.01358
2791	-32.5	1.5	32.535	1050.083	10.06931	1.75	13.1	6.935	4.778E-8	1	0	7.99457
2792	-32.5	2.5	32.596	1049.983	10.02887	1.75	13.1	6.996	4.7399E-8	1	0	7.95712
2793	-32.5	3.5	32.688	1049.831	9.969	1.75	13.1	7.088	4.6838E-8	1	0	7.90227
2794	-32.5	4.5	32.81	1049.629	9.89068	1.75	13.1	7.21	4.6109E-8	1	0	7.83147
2795	-32.5	5.5	32.962	1049.377	9.79528	1.75	13.1	7.362	4.5228E-8	1	0	7.7464
2796	-32.5	6.5	33.144	1049.075	9.68447	1.75	13.1	7.544	4.4216E-8	1	0	7.64886
2797	-32.5	7.5	33.354	1048.724	9.56015	1.75	13.1	7.754	4.3095E-8	1	0	7.54075
2798	-32.5	8.5	33.593	1048.327	9.4243	1.75	13.1	7.993	4.1886E-8	1	0	7.42397
2799	-32.5	9.5	33.86	1047.887	9.27898	1.75	13.1	8.26	4.0612E-8	1	0	7.30033
2800	-32.5	10.5	34.154	1047.406	9.12624	1.75	13.1	8.554	3.9294E-8	1	0	7.17153
2801	-32.5	11.5	34.475	1046.89	8.96806	1.75	13.1	8.875	3.7952E-8	1	0	7.03907
2802	-32.5	12.5	34.821	1046.342	8.80632	1.75	13.1	9.221	3.6604E-8	1	0	6.90428
2803	-32.5	13.5	35.192	1045.769	8.64291	1.75	13.1	9.592	3.5267E-8	1	0	6.76819
2804	-32.5	14.5	35.588	1045.176	8.47965	1.75	13.1	9.988	3.3956E-8	1	0	6.63154
2805	-32.5	15.5	36.007	1044.572	8.31838	1.75	13.1	10.407	3.2685E-8	1	0	6.49475
2806	-32.5	16.5	36.449	1043.964	8.16087	1.75	13.1	10.849	3.1467E-8	1	0	6.35803
2807	-32.5	17.5	36.912	1043.358	8.00876	1.75	13.1	11.312	3.0312E-8	1	0	6.22136
2808	-32.5	18.5	37.397	1042.764	7.86359	1.75	13.1	11.797	2.9231E-8	1	0	6.08463
2809	-32.5	19.5	37.901	1042.188	7.72669	1.75	13.1	12.301	2.8229E-8	1	0	5.94763
2810	-32.5	20.5	38.425	1041.639	7.59923	1.75	13.1	12.825	2.7312E-8	1	0	5.81013
2811	-32.5	21.5	38.968	1041.122	7.4822	1.75	13.1	13.368	2.6483E-8	1	0	5.6719
2812	-32.5	22.5	39.528	1040.646	7.37644	1.75	13.1	13.928	2.5745E-8	1	0	5.53274
2813	-32.5	23.5	40.106	1040.215	7.28261	1.75	13.1	14.506	2.5098E-8	1	0	5.3925
2814	-32.5	24.5	40.7	1039.836	7.20129	1.75	13.1	15.1	2.4545E-8	1	0	5.25105
2815	-32.5	25.5	41.31	1039.512	7.13292	1.75	13.1	15.71	2.4084E-8	1	0	5.10835
2816	-32.5	26.5	41.934	1039.249	7.07783	1.75	13.1	16.334	2.3716E-8	1	0	4.96444
2817	-32.5	27.5	42.573	1039.048	7.0363	1.75	13.1	16.973	2.3441E-8	1	0	4.81941
2818	-32.5	28.5	43.226	1038.913	7.00851	1.75	13.1	17.626	2.3258E-8	1	0	4.67343
2819	-32.5	29.5	43.892	1038.845	6.99555	1.75	13.1	18.292	2.3172E-8	1	0	4.52613
2820	-31.5	-29.5	43.157	1039.89	6.85622	1.75	13.1	17.557	2.2249E-8	1	0	4.79602
2821	-31.5	-28.5	42.479	1039.959	6.87019	1.75	13.1	16.879	2.2339E-8	1	0	4.96269
2822	-31.5	-27.5	41.815	1040.097	6.90038	1.75	13.1	16.215	2.2534E-8	1	0	5.12821
2823	-31.5	-26.5	41.164	1040.302	6.94555	1.75	13.1	15.564	2.2828E-8	1	0	5.29316
2824	-31.5	-25.5	40.528	1040.57	7.0055	1.75	13.1	14.928	2.3221E-8	1	0	5.45743
2825	-31.5	-24.5	39.906	1040.899	7.08	1.75	13.1	14.306	2.3714E-8	1	0	5.621
2826	-31.5	-23.5	39.3	1041.285	7.16873	1.75	13.1	13.7	2.4309E-8	1	0	5.78394
2827	-31.5	-22.5	38.71	1041.722	7.27127	1.75	13.1	13.11	2.5004E-8	1	0	5.94642
2828	-31.5	-21.5	38.138	1042.205	7.38708	1.75	13.1	12.538	2.5802E-8	1	0	6.10871
2829	-31.5	-20.5	37.583	1042.727	7.51549	1.75	13.1	11.983	2.6701E-8	1	0	6.27114
2830	-31.5	-19.5	37.047	1043.282	7.65564	1.75	13.1	11.447	2.7699E-8	1	0	6.43413
2831	-31.5	-18.5	36.531	1043.861	7.80653	1.75	13.1	10.931	2.8795E-8	1	0	6.59812
2832	-31.5	-17.5	36.035	1044.457	7.96689	1.75	13.1	10.435	2.9982E-8	1	0	6.76359
2833	-31.5	-16.5	35.56	1045.061	8.13527	1.75	13.1	9.96	3.1255E-8	1	0	6.93098
2834	-31.5	-15.5	35.107	1045.665	8.30996	1.75	13.1	9.507	3.2603E-8	1	0	7.10068
2835	-31.5	-14.5	34.677	1046.262	8.4891	1.75	13.1	9.077	3.4016E-8	1	0	7.27288
2836	-31.5	-13.5	34.271	1046.843	8.67068	1.75	13.1	8.671	3.5477E-8	1	0	7.44751
2837	-31.5	-12.5	33.89	1047.402	8.85266	1.75	13.1	8.29	3.6973E-8	1	0	7.62413
2838	-31.5	-11.5	33.534	1047.931	9.033	1.75	13.1	7.934	3.8486E-8	1	0	7.80178
2839	-31.5	-10.5	33.204	1048.426	9.20971	1.75	13.1	7.604	3.9999E-8	1	0	7.97898
2840	-31.5	-9.5	32.901	1048.882	9.38076	1.75	13.1	7.301	4.149E-8	1	0	8.15377
2841	-31.5	-8.5	32.627	1049.296	9.54397	1.75	13.1	7.027	4.2939E-8	1	0	8.32381
2842	-31.5	-7.5	32.381	1049.665	9.69696	1.75	13.1	6.781	4.4319E-8	1	0	8.48652
2843	-31.5	-6.5	32.164	1049.987	9.83729	1.75	13.1	6.564	4.5605E-8	1	0	8.63903
2844	-31.5	-5.5	31.977	1050.262	9.96264	1.75	13.1	6.377	4.6769E-8	1	0	8.77817
2845	-31.5	-4.5	31.82	1050.489	10.07076	1.75	13.1	6.22	4.7785E-8	1	0	8.90076
2846	-31.5	-3.5	31.694	1050.669	10.15953	1.75	13.1	6.094	4.8628E-8	1	0	9.00376
2847	-31.5	-2.5	31.599	1050.803	10.22733	1.75	13.1	5.999	4.9276E-8	1	0	9.08422
2848	-31.5	-1.5	31.536	1050.892	10.27308	1.75	13.1	5.936	4.9716E-8	1	0	9.1395
2849	-31.5	-0.5	31.504	1050.935	10.29611	1.75	13.1	5.904	4.9938E-8	1	1	9.16766
2850	-31.5	0.5	31.504	1050.935	10.29611	1.75	13.1	5.904	4.9938E-8	1	1	9.16766
2851	-31.5	1.5	31.536	1050.892	10.27308	1.75	13.1	5.936	4.9716E-8	1	0	9.1395
2852	-31.5	2.5	31.599	1050.803	10.22733	1.75	13.1	5.999	4.9276E-8	1	0	9.08422
2853	-31.5	3.5	31.694	1050.669	10.15953	1.75	13.1	6.094	4.8628E-8	1	0	9.00376
2854	-31.5	4.5	31.82	1050.489	10.07076	1.75	13.1	6.22	4.7785E-8	1	0	8.90076
2855	-31.5	5.5	31.977	1050.262	9.96264	1.75	13.1	6.377	4.6769E-8	1	0	8.77817
2856	-31.5	6.5	32.164	1049.987	9.83729	1.75	13.1	6.564	4.5605E-8	1	0	8.63903
2857	-31.5	7.5	32.381	1049.665	9.69696	1.75	13.1	6.781	4.4319E-8	1	0	8.48652
2858	-31.5	8.5	32.627	1049.296	9.54397	1.75	13.1	7.027	4.2939E-8	1	0	8.32381
2859	-31.5	9.5	32.901	1048.882	9.38076	1.75	13.1	7.301	4.149E-8	1	0	8.15377
2860	-31.5	10.5	33.204	1048.426	9.20971	1.75	13.1	7.604	3.9999E-8	1	0	7.97898
2861	-31.5	11.5	33.534	1047.931	9.033	1.75	13.1	7.934	3.8486E-8	1	0	7.80178
2862	-31.5	12.5	33.89	1047.402	8.85266	1.75	13.1	8.29	3.6973E-8	1	0	7.62413
2863	-31.5	13.5	34.271	1046.843	8.67068	1.75	13.1	8.671	3.5477E-8	1	0	7.44751
2864	-31.5	14.5	34.677	1046.262	8.4891	1.75	13.1	9.077	3.4016E-8	1	0	7.27288
2865	-31.5	15.5	35.107	1045.665	8.30996	1.75	13.1	9.507	3.2603E-8	1	0	7.10068
2866	-31.5	16.5	35.56	1045.061	8.13527	1.75	13.1	9.96	3.1255E-8	1	0	6.93098
2867	-31.5	17.5	36.035	1044.457	7.96689	1.75	13.1	10.435	2.9982E-8	1	0	6.76359
2868	-31.5	18.5	36.531	1043.861	7.80653	1.75	13.1	10.931	2.8795E-8	1	0	6.59812
2869	-31.5	19.5	37.047	1043.282	7.65564	1.75	13.1	11.447	2.7699E-8	1	0	6.43413
2870	-31.5	20.5	37.583	1042.727	7.51549	1.75	13.1	11.983	2.6701E-8	1	0	6.27114
2871	-31.5	21.5	38.138	1042.205	7.38708	1.75	13.1	12.538	2.5802E-8	1	0	6.10871
2872	-31.5	22.5	38.71	1041.722	7.27127	1.75	13.1	13.11	2.5004E-8	1	0	5.94642
2873	-31.5	23.5	39.3	1041.285	7.16873	1.75	13.1	13.7	2.4309E-8	1	0	5.78394
2874	-31.5	24.5	39.906	1040.899	7.08	1.75	13.1	14.306	2.3714E-8	1	0	5.621
2875	-31.5	25.5	40.528	1040.57	7.0055	1.75	13.1	14.928	2.3221E-8	1	0	5.45743
2876	-31.5	26.5	41.164	1040.302	6.94555	1.75	13.1	15.564	2.2828E-8	1	0	5.29316
2877	-31.5	27.5	41.815	1040.097	6.90038	1.75	13.1	16.215	2.2534E-8	1	0	5.12821
2878	-31.5	28.5	42.479	1039.959	6.87019	1.75	13.1	16.879	2.2339E-8	1	0	4.96269
2879	-31.5	29.5	43.157	1039.89	6.85622	1.75	13.1	17.557	2.2249E-8	1	0	4.79602
2880	-30.5	-29.5	42.432	1040.777	6.70488	1.75	13.1	16.832	2.1269E-8	1	0	5.09946
2881	-30.5	-28.5	41.743	1040.848	6.71988	1.75	13.1	16.143	2.1364E-8	1	0	5.28892
2882	-30.5	-27.5	41.067	1040.988	6.75261	1.75	13.1	15.467	2.1571E-8	1	0	5.47751
2883	-30.5	-26.5	40.404	1041.195	6.8016	1.75	13.1	14.804	2.1883E-8	1	0	5.66614
2884	-30.5	-25.5	39.756	1041.467	6.86669	1.75	13.1	14.156	2.2302E-8	1	0	5.85479
2885	-30.5	-24.5	39.122	1041.801	6.94769	1.75	13.1	13.522	2.2828E-8	1	0	6.04357
2886	-30.5	-23.5	38.503	1042.191	7.0443	1.75	13.1	12.903	2.3463E-8	1	0	6.23273
2887	-30.5	-22.5	37.901	1042.633	7.15615	1.75	13.1	12.301	2.4209E-8	1	0	6.42266
2888	-30.5	-21.5	37.316	1043.12	7.28274	1.75	13.1	11.716	2.5068E-8	1	0	6.61387
2889	-30.5	-20.5	36.749	1043.645	7.42342	1.75	13.1	11.149	2.604E-8	1	0	6.80701
2890	-30.5	-19.5	36.201	1044.2	7.57738	1.75	13.1	10.601	2.7125E-8	1	0	7.00281
2891	-30.5	-18.5	35.672	1044.778	7.74357	1.75	13.1	10.072	2.8321E-8	1	0	7.20213
2892	-30.5	-17.5	35.164	1045.37	7.92067	1.75	13.1	9.564	2.9624E-8	1	0	7.40586
2893	-30.5	-16.5	34.677	1045.967	8.10708	1.75	13.1	9.077	3.1027E-8	1	0	7.61495
2894	-30.5	-15.5	34.213	1046.561	8.3009	1.75	13.1	8.613	3.252E-8	1	0	7.83026
2895	-30.5	-14.5	33.771	1047.142	8.49998	1.75	13.1	8.171	3.409E-8	1	0	8.05249
2896	-30.5	-13.5	33.354	1047.702	8.702	1.75	13.1	7.754	3.5721E-8	1	0	8.28197
2897	-30.5	-12.5	32.962	1048.235	8.90464	1.75	13.1	7.362	3.7396E-8	1	0	8.51843
2898	-30.5	-11.5	32.596	1048.735	9.10565	1.75	13.1	6.996	3.9095E-8	1	0	8.76079
2899	-30.5	-10.5	32.257	1049.195	9.30298	1.75	13.1	6.657	4.0799E-8	1	0	9.00699
2900	-30.5	-9.5	31.945	1049.613	9.49459	1.75	13.1	6.345	4.249E-8	1	0	9.25408
2901	-30.5	-8.5	31.662	1049.986	9.67819	1.75	13.1	6.062	4.4142E-8	1	0	9.49841
2902	-30.5	-7.5	31.409	1050.313	9.85081	1.75	13.1	5.809	4.5724E-8	1	0	9.73609
2903	-30.5	-6.5	31.185	1050.593	10.00953	1.75	13.1	5.585	4.7204E-8	1	0	9.96249
2904	-30.5	-5.5	30.992	1050.828	10.15176	1.75	13.1	5.392	4.855E-8	1	0	10.172
2905	-30.5	-4.5	30.83	1051.018	10.27476	1.75	13.1	5.23	4.973E-8	1	0	10.35898
2906	-30.5	-3.5	30.7	1051.165	10.37562	1.75	13.1	5.1	5.0708E-8	1	1	10.51814
2907	-30.5	-2.5	30.602	1051.273	10.45246	1.75	13.1	5.002	5.1459E-8	1	1	10.64387
2908	-30.5	-1.5	30.537	1051.343	10.5042	1.75	13.1	4.937	5.1968E-8	1	1	10.73098
2909	-30.5	-0.5	30.504	1051.377	10.53022	1.75	13.1	4.904	5.2225E-8	1	1	10.77557
2910	-30.5	0.5	30.504	1051.377	10.53022	1.75	13.1	4.904	5.2225E-8	1	1	10.77557
2911	-30.5	1.5	30.537	1051.343	10.5042	1.75	13.1	4.937	5.1968E-8	1	1	10.73098
2912	-30.5	2.5	30.602	1051.273	10.45246	1.75	13.1	5.002	5.1459E-8	1	1	10.64387
2913	-30.5	3.5	30.7	1051.165	10.37562	1.75	13.1	5.1	5.0708E-8	1	1	10.51814
2914	-30.5	4.5	30.83	1051.018	10.27476	1.75	13.1	5.23	4.973E-8	1	0	10.35898
2915	-30.5	5.5	30.992	1050.828	10.15176	1.75	13.1	5.392	4.855E-8	1	0	10.172
2916	-30.5	6.5	31.185	1050.593	10.00953	1.75	13.1	5.585	4.7204E-8	1	0	9.96249
2917	-30.5	7.5	31.409	1050.313	9.85081	1.75	13.1	5.809	4.5724E-8	1	0	9.73609
2918	-30.5	8.5	31.662	1049.986	9.67819	1.75	13.1	6.062	4.4142E-8	1	0	9.49841
2919	-30.5	9.5	31.945	1049.613	9.49459	1.75	13.1	6.345	4.249E-8	1	0	9.25408
2920	-30.5	10.5	32.257	1049.195	9.30298	1.75	13.1	6.657	4.0799E-8	1	0	9.00699
2921	-30.5	11.5	32.596	1048.735	9.10565	1.75	13.1	6.996	3.9095E-8	1	0	8.76079
2922	-30.5	12.5	32.962	1048.235	8.90464	1.75	13.1	7.362	3.7396E-8	1	0	8.51843
2923	-30.5	13.5	33.354	1047.702	8.702	1.75	13.1	7.754	3.5721E-8	1	0	8.28197
2924	-30.5	14.5	33.771	1047.142	8.49998	1.75	13.1	8.171	3.409E-8	1	0	8.05249
2925	-30.5	15.5	34.213	1046.561	8.3009	1.75	13.1	8.613	3.252E-8	1	0	7.83026
2926	-30.5	16.5	34.677	1045.967	8.10708	1.75	13.1	9.077	3.1027E-8	1	0	7.61495
2927	-30.5	17.5	35.164	1045.37	7.92067	1.75	13.1	9.564	2.9624E-8	1	0	7.40586
2928	-30.5	18.5	35.672	1044.778	7.74357	1.75	13.1	10.072	2.8321E-8	1	0	7.20213
2929	-30.5	19.5	36.201	1044.2	7.57738	1.75	13.1	10.601	2.7125E-8	1	0	7.00281
2930	-30.5	20.5	36.749	1043.645	7.42342	1.75	13.1	11.149	2.604E-8	1	0	6.80701
2931	-30.5	21.5	37.316	1043.12	7.28274	1.75	13.1	11.716	2.5068E-8	1	0	6.61387
2932	-30.5	22.5	37.901	1042.633	7.15615	1.75	13.1	12.301	2.4209E-8	1	0	6.42266
2933	-30.5	23.5	38.503	1042.191	7.0443	1.75	13.1	12.903	2.3463E-8	1	0	6.23273
2934	-30.5	24.5	39.122	1041.801	6.94769	1.75	13.1	13.522	2.2828E-8	1	0	6.04357
2935	-30.5	25.5	39.756	1041.467	6.86669	1.75	13.1	14.156	2.2302E-8	1	0	5.85479
2936	-30.5	26.5	40.404	1041.195	6.8016	1.75	13.1	14.804	2.1883E-8	1	0	5.66614
2937	-30.5	27.5	41.067	1040.988	6.75261	1.75	13.1	15.467	2.1571E-8	1	0	5.47751
2938	-30.5	28.5	41.743	1040.848	6.71988	1.75	13.1	16.143	2.1364E-8	1	0	5.28892
2939	-30.5	29.5	42.432	1040.777	6.70488	1.75	13.1	16.832	2.1269E-8	1	0	5.09946
2940	-29.5	-29.5	41.719	1041.517	6.54092	1.75	13.1	16.119	2.0235E-8	1	0	5.44225
2941	-29.5	-28.5	41.018	1041.588	6.55695	1.75	13.1	15.418	2.0334E-8	1	0	5.65865
2942	-29.5	-27.5	40.33	1041.73	6.59233	1.75	13.1	14.73	2.0553E-8	1	0	5.87466
2943	-29.5	-26.5	39.655	1041.94	6.64532	1.75	13.1	14.055	2.0883E-8	1	0	6.09164
2944	-29.5	-25.5	38.994	1042.215	6.7158	1.75	13.1	13.394	2.1325E-8	1	0	6.30973
2945	-29.5	-24.5	38.347	1042.551	6.80363	1.75	13.1	12.747	2.1884E-8	1	0	6.52926
2946	-29.5	-23.5	37.716	1042.944	6.90856	1.75	13.1	12.116	2.256E-8	1	0	6.75079
2947	-29.5	-22.5	37.101	1043.388	7.03029	1.75	13.1	11.501	2.3358E-8	1	0	6.97504
2948	-29.5	-21.5	36.503	1043.876	7.16839	1.75	13.1	10.903	2.4279E-8	1	0	7.20295
2949	-29.5	-20.5	35.924	1044.4	7.32228	1.75	13.1	10.324	2.5327E-8	1	0	7.43568
2950	-29.5	-19.5	35.362	1044.953	7.49119	1.75	13.1	9.762	2.6503E-8	1	0	7.67455
2951	-29.5	-18.5	34.821	1045.525	7.67409	1.75	13.1	9.221	2.7806E-8	1	0	7.92108
2952	-29.5	-17.5	34.3	1046.107	7.86963	1.75	13.1	8.7	2.9234E-8	1	0	8.17697
2953	-29.5	-16.5	33.801	1046.69	8.07608	1.75	13.1	8.201	3.078E-8	1	0	8.44407
2954	-29.5	-15.5	33.324	1047.263	8.29128	1.75	13.1	7.724	3.2435E-8	1	0	8.7243
2955	-29.5	-14.5	32.871	1047.819	8.5127	1.75	13.1	7.271	3.4182E-8	1	0	9.0195
2956	-29.5	-13.5	32.442	1048.348	8.73758	1.75	13.1	6.842	3.6004E-8	1	0	9.33107
2957	-29.5	-12.5	32.039	1048.842	8.96318	1.75	13.1	6.439	3.7879E-8	1	0	9.65958
2958	-29.5	-11.5	31.662	1049.297	9.18702	1.75	13.1	6.062	3.9787E-8	1	0	10.00428
2959	-29.5	-10.5	31.313	1049.707	9.40711	1.75	13.1	5.713	4.1709E-8	1	0	10.36258
2960	-29.5	-9.5	30.992	1050.07	9.62171	1.75	13.1	5.392	4.3627E-8	1	0	10.73008
2961	-29.5	-8.5	30.7	1050.384	9.82874	1.75	13.1	5.1	4.5518E-8	1	0	11.10094
2962	-29.5	-7.5	30.438	1050.651	10.02407	1.75	20	4.838	4.734E-8	1	0	11.45763
2963	-29.5	-6.5	30.208	1050.872	10.20383	1.75	20	4.608	4.9048E-8	1	0	11.81779
2964	-29.5	-5.5	30.008	1051.05	10.36581	1.75	20	4.408	5.0614E-8	1	1	12.15737
2965	-29.5	-4.5	29.841	1051.187	10.50665	1.75	20	4.241	5.1996E-8	0	0	12.46555
2966	-29.5	-3.5	29.707	1051.288	10.62156	1.75	20	4.107	5.3137E-8	0	0	12.73294
2967	-29.5	-2.5	29.606	1051.359	10.70853	1.75	20	4.006	5.4009E-8	0	0	12.94762
2968	-29.5	-1.5	29.538	1051.403	10.76689	1.75	20	3.938	5.4599E-8	0	0	13.09804
2969	-29.5	-0.5	29.504	1051.424	10.79621	1.75	20	3.904	5.4896E-8	0	0	13.17552
2970	-29.5	0.5	29.504	1051.424	10.79621	1.75	20	3.904	5.4896E-8	0	0	13.17552
2971	-29.5	1.5	29.538	1051.403	10.76689	1.75	20	3.938	5.4599E-8	0	0	13.09804
2972	-29.5	2.5	29.606	1051.359	10.70853	1.75	20	4.006	5.4009E-8	0	0	12.94762
2973	-29.5	3.5	29.707	1051.288	10.62156	1.75	20	4.107	5.3137E-8	0	0	12.73294
2974	-29.5	4.5	29.841	1051.187	10.50665	1.75	20	4.241	5.1996E-8	0	0	12.46555
2975	-29.5	5.5	30.008	1051.05	10.36581	1.75	20	4.408	5.0614E-8	1	1	12.15737
2976	-29.5	6.5	30.208	1050.872	10.20383	1.75	20	4.608	4.9048E-8	1	0	11.81779
2977	-29.5	7.5	30.438	1050.651	10.02407	1.75	20	4.838	4.734E-8	1	0	11.45763
2978	-29.5	8.5	30.7	1050.384	9.82874	1.75	13.1	5.1	4.5518E-8	1	0	11.10094
2979	-29.5	9.5	30.992	1050.07	9.62171	1.75	13.1	5.392	4.3627E-8	1	0	10.73008
2980	-29.5	10.5	31.313	1049.707	9.40711	1.75	13.1	5.713	4.1709E-8	1	0	10.36258
2981	-29.5	11.5	31.662	1049.297	9.18702	1.75	13.1	6.062	3.9787E-8	1	0	10.00428
2982	-29.5	12.5	32.039	1048.842	8.96318	1.75	13.1	6.439	3.7879E-8	1	0	9.65958
2983	-29.5	13.5	32.442	1048.348	8.73758	1.75	13.1	6.842	3.6004E-8	1	0	9.33107
2984	-29.5	14.5	32.871	1047.819	8.5127	1.75	13.1	7.271	3.4182E-8	1	0	9.0195
2985	-29.5	15.5	33.324	1047.263	8.29128	1.75	13.1	7.724	3.2435E-8	1	0	8.7243
2986	-29.5	16.5	33.801	1046.69	8.07608	1.75	13.1	8.201	3.078E-8	1	0	8.44407
2987	-29.5	17.5	34.3	1046.107	7.86963	1.75	13.1	8.7	2.9234E-8	1	0	8.17697
2988	-29.5	18.5	34.821	1045.525	7.67409	1.75	13.1	9.221	2.7806E-8	1	0	7.92108
2989	-29.5	19.5	35.362	1044.953	7.49119	1.75	13.1	9.762	2.6503E-8	1	0	7.67455
2990	-29.5	20.5	35.924	1044.4	7.32228	1.75	13.1	10.324	2.5327E-8	1	0	7.43568
2991	-29.5	21.5	36.503	1043.876	7.16839	1.75	13.1	10.903	2.4279E-8	1	0	7.20295
2992	-29.5	22.5	37.101	1043.388	7.03029	1.75	13.1	11.501	2.3358E-8	1	0	6.97504
2993	-29.5	23.5	37.716	1042.944	6.90856	1.75	13.1	12.116	2.256E-8	1	0	6.75079
2994	-29.5	24.5	38.347	1042.551	6.80363	1.75	13.1	12.747	2.1884E-8	1	0	6.52926
2995	-29.5	25.5	38.994	1042.215	6.7158	1.75	13.1	13.394	2.1325E-8	1	0	6.30973
2996	-29.5	26.5	39.655	1041.94	6.64532	1.75	13.1	14.055	2.0883E-8	1	0	6.09164
2997	-29.5	27.5	40.33	1041.73	6.59233	1.75	13.1	14.73	2.0553E-8	1	0	5.87466
2998	-29.5	28.5	41.018	1041.588	6.55695	1.75	13.1	15.418	2.0334E-8	1	0	5.65865
2999	-29.5	29.5	41.719	1041.517	6.54092	1.75	13.1	16.119	2.0235E-8	1	0	5.44225
3000	-28.5	-29.5	41.018	1042.12	6.36375	1.75	13.1	15.418	1.9149E-8	1	0	5.83139
3001	-28.5	-28.5	40.305	1042.192	6.38082	1.75	13.1	14.705	1.9251E-8	1	0	6.07987
3002	-28.5	-27.5	39.604	1042.335	6.41894	1.75	13.1	14.004	1.9481E-8	1	0	6.3287
3003	-28.5	-26.5	38.917	1042.546	6.47608	1.75	13.1	13.317	1.9827E-8	1	0	6.57988
3004	-28.5	-25.5	38.243	1042.823	6.55218	1.75	13.1	12.643	2.0294E-8	1	0	6.83384
3005	-28.5	-24.5	37.583	1043.161	6.64713	1.75	13.1	11.983	2.0883E-8	1	0	7.09128
3006	-28.5	-23.5	36.939	1043.555	6.76079	1.75	13.1	11.339	2.16E-8	1	0	7.35323
3007	-28.5	-22.5	36.311	1043.999	6.89293	1.75	13.1	10.711	2.2448E-8	1	0	7.621
3008	-28.5	-21.5	35.7	1044.485	7.04323	1.75	13.1	10.1	2.3433E-8	1	0	7.89627
3009	-28.5	-20.5	35.107	1045.005	7.21122	1.75	13.1	9.507	2.4559E-8	1	0	8.18102
3010	-28.5	-19.5	34.533	1045.55	7.39625	1.75	13.1	8.933	2.5829E-8	1	0	8.4776
3011	-28.5	-18.5	33.978	1046.11	7.59735	1.75	13.1	8.378	2.7246E-8	1	0	8.78875
3012	-28.5	-17.5	33.444	1046.676	7.81322	1.75	13.1	7.844	2.881E-8	1	0	9.11764
3013	-28.5	-16.5	32.932	1047.236	8.04201	1.75	13.1	7.332	3.0514E-8	1	0	9.46791
3014	-28.5	-15.5	32.442	1047.781	8.28126	1.75	13.1	6.842	3.2349E-8	1	0	9.84366
3015	-28.5	-14.5	31.977	1048.299	8.52788	1.75	13.1	6.377	3.4297E-8	1	0	10.24935
3016	-28.5	-13.5	31.536	1048.783	8.77843	1.75	13.1	5.936	3.6335E-8	1	0	10.68927
3017	-28.5	-12.5	31.121	1049.224	9.02959	1.75	13.1	5.521	3.8436E-8	1	0	11.16662
3018	-28.5	-11.5	30.733	1049.616	9.27833	1.75	13.1	5.133	4.0576E-8	1	0	11.68294
3019	-28.5	-10.5	30.373	1049.956	9.52308	1.75	20	4.773	4.2739E-8	1	0	12.22345
3020	-28.5	-9.5	30.042	1050.244	9.76292	1.75	20	4.442	4.4913E-8	1	0	12.80884
3021	-28.5	-8.5	29.741	1050.478	9.99771	1.75	20	4.141	4.7095E-8	0	0	13.4149
3022	-28.5	-7.5	29.47	1050.658	10.21979	1.75	20	3.87	4.9207E-8	0	0	14.03722
3023	-28.5	-6.5	29.232	1050.788	10.42296	1.75	20	3.632	5.118E-8	0	0	14.66525
3024	-28.5	-5.5	29.026	1050.878	10.6082	1.75	20	3.426	5.3013E-8	0	0	15.27362
3025	-28.5	-4.5	28.853	1050.933	10.77179	1.75	20	3.253	5.4659E-8	0	0	15.8389
3026	-28.5	-3.5	28.714	1050.963	10.9028	1.75	20	3.114	5.5996E-8	0	0	16.34554
3027	-28.5	-2.5	28.609	1050.977	11.0006	1.75	20	3.009	5.7005E-8	0	0	16.76263
3028	-28.5	-1.5	28.539	1050.981	11.066	1.75	20	2.939	5.7685E-8	0	0	17.05964
3029	-28.5	-0.5	28.504	1050.982	11.0989	1.75	20	2.904	5.8028E-8	0	0	17.21403
3030	-28.5	0.5	28.504	1050.982	11.0989	1.75	20	2.904	5.8028E-8	0	0	17.21403
3031	-28.5	1.5	28.539	1050.981	11.066	1.75	20	2.939	5.7685E-8	0	0	17.05964
3032	-28.5	2.5	28.609	1050.977	11.0006	1.75	20	3.009	5.7005E-8	0	0	16.76263
3033	-28.5	3.5	28.714	1050.963	10.9028	1.75	20	3.114	5.5996E-8	0	0	16.34554
3034	-28.5	4.5	28.853	1050.933	10.77179	1.75	20	3.253	5.4659E-8	0	0	15.8389
3035	-28.5	5.5	29.026	1050.878	10.6082	1.75	20	3.426	5.3013E-8	0	0	15.27362
3036	-28.5	6.5	29.232	1050.788	10.42296	1.75	20	3.632	5.118E-8	0	0	14.66525
3037	-28.5	7.5	29.47	1050.658	10.21979	1.75	20	3.87	4.9207E-8	0	0	14.03722
3038	-28.5	8.5	29.741	1050.478	9.99771	1.75	20	4.141	4.7095E-8	0	0	13.4149
3039	-28.5	9.5	30.042	1050.244	9.76292	1.75	20	4.442	4.4913E-8	1	0	12.80884
3040	-28.5	10.5	30.373	1049.956	9.52308	1.75	20	4.773	4.2739E-8	1	0	12.22345
3041	-28.5	11.5	30.733	1049.616	9.27833	1.75	13.1	5.133	4.0576E-8	1	0	11.68294
3042	-28.5	12.5	31.121	1049.224	9.02959	1.75	13.1	5.521	3.8436E-8	1	0	11.16662
3043	-28.5	13.5	31.536	1048.783	8.77843	1.75	13.1	5.936	3.6335E-8	1	0	10.68927
3044	-28.5	14.5	31.977	1048.299	8.52788	1.75	13.1	6.377	3.4297E-8	1	0	10.24935
3045	-28.5	15.5	32.442	1047.781	8.28126	1.75	13.1	6.842	3.2349E-8	1	0	9.84366
3046	-28.5	16.5	32.932	1047.236	8.04201	1.75	13.1	7.332	3.0514E-8	1	0	9.46791
3047	-28.5	17.5	33.444	1046.676	7.81322	1.75	13.1	7.844	2.881E-8	1	0	9.11764
3048	-28.5	18.5	33.978	1046.11	7.59735	1.75	13.1	8.378	2.7246E-8	1	0	8.78875
3049	-28.5	19.5	34.533	1045.55	7.39625	1.75	13.1	8.933	2.5829E-8	1	0	8.4776
3050	-28.5	20.5	35.107	1045.005	7.21122	1.75	13.1	9.507	2.4559E-8	1	0	8.18102
3051	-28.5	21.5	35.7	1044.485	7.04323	1.75	13.1	10.1	2.3433E-8	1	0	7.89627
3052	-28.5	22.5	36.311	1043.999	6.89293	1.75	13.1	10.711	2.2448E-8	1	0	7.621
3053	-28.5	23.5	36.939	1043.555	6.76079	1.75	13.1	11.339	2.16E-8	1	0	7.35323
3054	-28.5	24.5	37.583	1043.161	6.64713	1.75	13.1	11.983	2.0883E-8	1	0	7.09128
3055	-28.5	25.5	38.243	1042.823	6.55218	1.75	13.1	12.643	2.0294E-8	1	0	6.83384
3056	-28.5	26.5	38.917	1042.546	6.47608	1.75	13.1	13.317	1.9827E-8	1	0	6.57988
3057	-28.5	27.5	39.604	1042.335	6.41894	1.75	13.1	14.004	1.9481E-8	1	0	6.3287
3058	-28.5	28.5	40.305	1042.192	6.38082	1.75	13.1	14.705	1.9251E-8	1	0	6.07987
3059	-28.5	29.5	41.018	1042.12	6.36375	1.75	13.1	15.418	1.9149E-8	1	0	5.83139
3060	-27.5	-29.5	40.33	1042.598	6.17291	1.75	13.1	14.73	1.8014E-8	1	0	6.27547
3061	-27.5	-28.5	39.604	1042.67	6.19099	1.75	13.1	14.004	1.8119E-8	1	0	6.56239
3062	-27.5	-27.5	38.891	1042.814	6.23193	1.75	13.1	13.291	1.8358E-8	1	0	6.85078
3063	-27.5	-26.5	38.19	1043.026	6.29335	1.75	13.1	12.59	1.872E-8	1	0	7.14357
3064	-27.5	-25.5	37.503	1043.304	6.37523	1.75	13.1	11.903	1.9208E-8	1	0	7.44165
3065	-27.5	-24.5	36.831	1043.642	6.47756	1.75	13.1	11.231	1.9827E-8	1	0	7.74634
3066	-27.5	-23.5	36.173	1044.035	6.60028	1.75	13.1	10.573	2.0582E-8	1	0	8.05945
3067	-27.5	-22.5	35.532	1044.476	6.74329	1.75	13.1	9.932	2.148E-8	1	0	8.3833
3068	-27.5	-21.5	34.907	1044.957	6.90641	1.75	13.1	9.307	2.2527E-8	1	0	8.72075
3069	-27.5	-20.5	34.3	1045.47	7.08936	1.75	13.1	8.7	2.3731E-8	1	0	9.07529
3070	-27.5	-19.5	33.712	1046.003	7.29163	1.75	13.1	8.112	2.5099E-8	1	0	9.45111
3071	-27.5	-18.5	33.144	1046.546	7.51249	1.75	13.1	7.544	2.6636E-8	1	0	9.85319
3072	-27.5	-17.5	32.596	1047.088	7.75072	1.75	13.1	6.996	2.8346E-8	1	0	10.28749
3073	-27.5	-16.5	32.07	1047.617	8.0045	1.75	13.1	6.47	3.0225E-8	1	0	10.76124
3074	-27.5	-15.5	31.567	1048.121	8.27106	1.75	13.1	5.967	3.2265E-8	1	0	11.28325
3075	-27.5	-14.5	31.089	1048.589	8.54647	1.75	13.1	5.489	3.4443E-8	1	0	11.86422
3076	-27.5	-13.5	30.635	1049.012	8.82612	1.75	20	5.035	3.6727E-8	1	0	12.50171
3077	-27.5	-12.5	30.208	1049.381	9.10592	1.75	20	4.608	3.9086E-8	1	0	13.23716
3078	-27.5	-11.5	29.808	1049.69	9.38123	1.75	20	4.208	4.148E-8	0	0	14.06595
3079	-27.5	-10.5	29.436	1049.932	9.65172	1.75	20	3.836	4.3902E-8	0	0	14.9915
3080	-27.5	-9.5	29.095	1050.105	9.9173	1.75	20	3.495	4.6348E-8	0	0	16.01326
3081	-27.5	-8.5	28.784	1050.216	10.18785	1.75	20	3.184	4.8909E-8	0	0	17.10759
3082	-27.5	-7.5	28.504	1050.27	10.44303	1.75	20	2.904	5.1388E-8	0	0	18.29152
3083	-27.5	-6.5	28.258	1050.279	10.66884	1.75	20	2.658	5.3634E-8	0	0	19.56322
3084	-27.5	-5.5	28.045	1050.252	10.88139	1.75	20	2.445	5.5793E-8	0	0	20.8509
3085	-27.5	-4.5	27.866	1050.198	11.07887	1.75	20	2.266	5.7838E-8	0	0	22.09362
3086	-27.5	-3.5	27.722	1050.133	11.22663	1.75	20	2.122	5.9393E-8	0	0	23.2797
3087	-27.5	-2.5	27.613	1050.071	11.33443	1.75	20	2.013	6.0541E-8	0	0	24.29854
3088	-27.5	-1.5	27.541	1050.023	11.40692	1.75	20	1.941	6.1319E-8	0	0	25.04522
3089	-27.5	-0.5	27.505	1049.997	11.44381	1.75	20	1.905	6.1717E-8	0	0	25.44019
3090	-27.5	0.5	27.505	1049.997	11.44381	1.75	20	1.905	6.1717E-8	0	0	25.44019
3091	-27.5	1.5	27.541	1050.023	11.40692	1.75	20	1.941	6.1319E-8	0	0	25.04522
3092	-27.5	2.5	27.613	1050.071	11.33443	1.75	20	2.013	6.0541E-8	0	0	24.29854
3093	-27.5	3.5	27.722	1050.133	11.22663	1.75	20	2.122	5.9393E-8	0	0	23.2797
3094	-27.5	4.5	27.866	1050.198	11.07887	1.75	20	2.266	5.7838E-8	0	0	22.09362
3095	-27.5	5.5	28.045	1050.252	10.88139	1.75	20	2.445	5.5793E-8	0	0	20.8509
3096	-27.5	6.5	28.258	1050.279	10.66884	1.75	20	2.658	5.3634E-8	0	0	19.56322
3097	-27.5	7.5	28.504	1050.27	10.44303	1.75	20	2.904	5.1388E-8	0	0	18.29152
3098	-27.5	8.5	28.784	1050.216	10.18785	1.75	20	3.184	4.8909E-8	0	0	17.10759
3099	-27.5	9.5	29.095	1050.105	9.9173	1.75	20	3.495	4.6348E-8	0	0	16.01326
3100	-27.5	10.5	29.436	1049.932	9.65172	1.75	20	3.836	4.3902E-8	0	0	14.9915
3101	-27.5	11.5	29.808	1049.69	9.38123	1.75	20	4.208	4.148E-8	0	0	14.06595
3102	-27.5	12.5	30.208	1049.381	9.10592	1.75	20	4.608	3.9086E-8	1	0	13.23716
3103	-27.5	13.5	30.635	1049.012	8.82612	1.75	20	5.035	3.6727E-8	1	0	12.50171
3104	-27.5	14.5	31.089	1048.589	8.54647	1.75	13.1	5.489	3.4443E-8	1	0	11.86422
3105	-27.5	15.5	31.567	1048.121	8.27106	1.75	13.1	5.967	3.2265E-8	1	0	11.28325
3106	-27.5	16.5	32.07	1047.617	8.0045	1.75	13.1	6.47	3.0225E-8	1	0	10.76124
3107	-27.5	17.5	32.596	1047.088	7.75072	1.75	13.1	6.996	2.8346E-8	1	0	10.28749
3108	-27.5	18.5	33.144	1046.546	7.51249	1.75	13.1	7.544	2.6636E-8	1	0	9.85319
3109	-27.5	19.5	33.712	1046.003	7.29163	1.75	13.1	8.112	2.5099E-8	1	0	9.45111
3110	-27.5	20.5	34.3	1045.47	7.08936	1.75	13.1	8.7	2.3731E-8	1	0	9.07529
3111	-27.5	21.5	34.907	1044.957	6.90641	1.75	13.1	9.307	2.2527E-8	1	0	8.72075
3112	-27.5	22.5	35.532	1044.476	6.74329	1.75	13.1	9.932	2.148E-8	1	0	8.3833
3113	-27.5	23.5	36.173	1044.035	6.60028	1.75	13.1	10.573	2.0582E-8	1	0	8.05945
3114	-27.5	24.5	36.831	1043.642	6.47756	1.75	13.1	11.231	1.9827E-8	1	0	7.74634
3115	-27.5	25.5	37.503	1043.304	6.37523	1.75	13.1	11.903	1.9208E-8	1	0	7.44165
3116	-27.5	26.5	38.19	1043.026	6.29335	1.75	13.1	12.59	1.872E-8	1	0	7.14357
3117	-27.5	27.5	38.891	1042.814	6.23193	1.75	13.1	13.291	1.8358E-8	1	0	6.85078
3118	-27.5	28.5	39.604	1042.67	6.19099	1.75	13.1	14.004	1.8119E-8	1	0	6.56239
3119	-27.5	29.5	40.33	1042.598	6.17291	1.75	13.1	14.73	1.8014E-8	1	0	6.27547
3120	-26.5	-29.5	39.655	1042.964	5.96803	1.75	13.1	14.055	1.6835E-8	1	0	6.78505
3121	-26.5	-28.5	38.917	1043.036	5.98708	1.75	13.1	13.317	1.6943E-8	1	0	7.11834
3122	-26.5	-27.5	38.19	1043.18	6.03089	1.75	13.1	12.59	1.719E-8	1	0	7.45479
3123	-26.5	-26.5	37.477	1043.393	6.09667	1.75	13.1	11.877	1.7566E-8	1	0	7.79865
3124	-26.5	-25.5	36.776	1043.67	6.18446	1.75	13.1	11.176	1.8073E-8	1	0	8.15156
3125	-26.5	-24.5	36.09	1044.007	6.29435	1.75	13.1	10.49	1.8719E-8	1	0	8.51586
3126	-26.5	-23.5	35.419	1044.398	6.42639	1.75	13.1	9.819	1.9509E-8	1	0	8.89466
3127	-26.5	-22.5	34.763	1044.835	6.58063	1.75	13.1	9.163	2.0453E-8	1	0	9.29195
3128	-26.5	-21.5	34.125	1045.308	6.7571	1.75	13.1	8.525	2.156E-8	1	0	9.71272
3129	-26.5	-20.5	33.504	1045.809	6.95571	1.75	13.1	7.904	2.2841E-8	1	0	10.16313
3130	-26.5	-19.5	32.901	1046.325	7.17628	1.75	13.1	7.301	2.4308E-8	1	0	10.65078
3131	-26.5	-18.5	32.319	1046.844	7.41837	1.75	13.1	6.719	2.5969E-8	1	0	11.18498
3132	-26.5	-17.5	31.757	1047.355	7.68111	1.75	13.1	6.157	2.7836E-8	1	0	11.77733
3133	-26.5	-16.5	31.217	1047.843	7.96297	1.75	13.1	5.617	2.991E-8	1	0	12.44252
3134	-26.5	-15.5	30.7	1048.295	8.261	1.75	13.1	5.1	3.2184E-8	1	0	13.1999
3135	-26.5	-14.5	30.208	1048.699	8.56996	1.75	20	4.608	3.4631E-8	1	0	14.06233
3136	-26.5	-13.5	29.741	1049.041	8.88288	1.75	20	4.141	3.72E-8	0	0	15.09247
3137	-26.5	-12.5	29.3	1049.307	9.19598	1.75	20	3.7	3.9864E-8	0	0	16.30909
3138	-26.5	-11.5	28.888	1049.49	9.49815	1.75	20	3.288	4.2524E-8	0	0	17.76681
3139	-26.5	-10.5	28.504	1049.592	9.79463	1.75	20	2.904	4.5218E-8	0	0	19.49873
3140	-26.5	-9.5	28.151	1049.617	10.07688	1.75	20	2.551	4.7861E-8	0	0	21.57074
3141	-26.5	-8.5	27.83	1049.57	10.4042	1.75	20	2.23	5.1022E-8	0	0	23.9006
3142	-26.5	-7.5	27.541	1049.461	10.70641	1.75	20	1.941	5.4032E-8	0	0	26.67976
3143	-26.5	-6.5	27.286	1049.31	10.93893	1.75	20	1.686	5.6408E-8	0	0	30.06448
3144	-26.5	-5.5	27.065	1049.133	11.2011	1.75	20	1.465	5.9148E-8	0	0	33.78249
3145	-26.5	-4.5	26.879	1048.932	11.46693	1.75	20	1.279	6.1995E-8	0	0	37.77675
3146	-26.5	-3.5	26.73	1048.739	11.61883	1.75	20	1.13	6.3653E-8	0	0	42.20205
3147	-26.5	-2.5	26.618	1048.577	11.72685	1.75	20	1.018	6.4847E-8	0	0	46.43116
3148	-26.5	-1.5	26.542	1048.46	11.80052	1.75	20	1	6.5667E-8	0	1	46.95461
3149	-26.5	-0.5	26.505	1048.398	11.83803	1.75	20	1	6.6087E-8	0	1	46.80501
3150	-26.5	0.5	26.505	1048.398	11.83803	1.75	20	1	6.6087E-8	0	1	46.80501
3151	-26.5	1.5	26.542	1048.46	11.80052	1.75	20	1	6.5667E-8	0	1	46.95461
3152	-26.5	2.5	26.618	1048.577	11.72685	1.75	20	1.018	6.4847E-8	0	0	46.43116
3153	-26.5	3.5	26.73	1048.739	11.61883	1.75	20	1.13	6.3653E-8	0	0	42.20205
3154	-26.5	4.5	26.879	1048.932	11.46693	1.75	20	1.279	6.1995E-8	0	0	37.77675
3155	-26.5	5.5	27.065	1049.133	11.2011	1.75	20	1.465	5.9148E-8	0	0	33.78249
3156	-26.5	6.5	27.286	1049.31	10.93893	1.75	20	1.686	5.6408E-8	0	0	30.06448
3157	-26.5	7.5	27.541	1049.461	10.70641	1.75	20	1.941	5.4032E-8	0	0	26.67976
3158	-26.5	8.5	27.83	1049.57	10.4042	1.75	20	2.23	5.1022E-8	0	0	23.9006
3159	-26.5	9.5	28.151	1049.617	10.07688	1.75	20	2.551	4.7861E-8	0	0	21.57074
3160	-26.5	10.5	28.504	1049.592	9.79463	1.75	20	2.904	4.5218E-8	0	0	19.49873
3161	-26.5	11.5	28.888	1049.49	9.49815	1.75	20	3.288	4.2524E-8	0	0	17.76681
3162	-26.5	12.5	29.3	1049.307	9.19598	1.75	20	3.7	3.9864E-8	0	0	16.30909
3163	-26.5	13.5	29.741	1049.041	8.88288	1.75	20	4.141	3.72E-8	0	0	15.09247
3164	-26.5	14.5	30.208	1048.699	8.56996	1.75	20	4.608	3.4631E-8	1	0	14.06233
3165	-26.5	15.5	30.7	1048.295	8.261	1.75	13.1	5.1	3.2184E-8	1	0	13.1999
3166	-26.5	16.5	31.217	1047.843	7.96297	1.75	13.1	5.617	2.991E-8	1	0	12.44252
3167	-26.5	17.5	31.757	1047.355	7.68111	1.75	13.1	6.157	2.7836E-8	1	0	11.77733
3168	-26.5	18.5	32.319	1046.844	7.41837	1.75	13.1	6.719	2.5969E-8	1	0	11.18498
3169	-26.5	19.5	32.901	1046.325	7.17628	1.75	13.1	7.301	2.4308E-8	1	0	10.65078
3170	-26.5	20.5	33.504	1045.809	6.95571	1.75	13.1	7.904	2.2841E-8	1	0	10.16313
3171	-26.5	21.5	34.125	1045.308	6.7571	1.75	13.1	8.525	2.156E-8	1	0	9.71272
3172	-26.5	22.5	34.763	1044.835	6.58063	1.75	13.1	9.163	2.0453E-8	1	0	9.29195
3173	-26.5	23.5	35.419	1044.398	6.42639	1.75	13.1	9.819	1.9509E-8	1	0	8.89466
3174	-26.5	24.5	36.09	1044.007	6.29435	1.75	13.1	10.49	1.8719E-8	1	0	8.51586
3175	-26.5	25.5	36.776	1043.67	6.18446	1.75	13.1	11.176	1.8073E-8	1	0	8.15156
3176	-26.5	26.5	37.477	1043.393	6.09667	1.75	13.1	11.877	1.7566E-8	1	0	7.79865
3177	-26.5	27.5	38.19	1043.18	6.03089	1.75	13.1	12.59	1.719E-8	1	0	7.45479
3178	-26.5	28.5	38.917	1043.036	5.98708	1.75	13.1	13.317	1.6943E-8	1	0	7.11834
3179	-26.5	29.5	39.655	1042.964	5.96803	1.75	13.1	14.055	1.6835E-8	1	0	6.78505
3180	-25.5	-29.5	38.994	1043.23	5.7489	1.75	13.1	13.394	1.562E-8	1	0	7.3732
3181	-25.5	-28.5	38.243	1043.303	5.76886	1.75	13.1	12.643	1.5728E-8	1	0	7.76287
3182	-25.5	-27.5	37.503	1043.447	5.81556	1.75	13.1	11.903	1.5983E-8	1	0	8.15815
3183	-25.5	-26.5	36.776	1043.659	5.88574	1.75	13.1	11.176	1.637E-8	1	0	8.56526
3184	-25.5	-25.5	36.062	1043.936	5.97951	1.75	13.1	10.462	1.6893E-8	1	0	8.98706
3185	-25.5	-24.5	35.362	1044.271	6.09705	1.75	13.1	9.762	1.7562E-8	1	0	9.42753
3186	-25.5	-23.5	34.677	1044.658	6.23857	1.75	13.1	9.077	1.8383E-8	1	0	9.89197
3187	-25.5	-22.5	34.007	1045.088	6.40429	1.75	13.1	8.407	1.9369E-8	1	0	10.38725
3188	-25.5	-21.5	33.354	1045.552	6.59445	1.75	13.1	7.754	2.0533E-8	1	0	10.92215
3189	-25.5	-20.5	32.718	1046.037	6.80929	1.75	13.1	7.118	2.1888E-8	1	0	11.5078
3190	-25.5	-19.5	32.101	1046.532	7.04898	1.75	13.1	6.501	2.3451E-8	1	0	12.15838
3191	-25.5	-18.5	31.504	1047.022	7.31357	1.75	13.1	5.904	2.5239E-8	1	0	12.89209
3192	-25.5	-17.5	30.927	1047.493	7.60286	1.75	13.1	5.327	2.727E-8	1	0	13.73263
3193	-25.5	-16.5	30.373	1047.93	7.91619	1.75	20	4.773	2.9558E-8	1	0	14.69633
3194	-25.5	-15.5	29.841	1048.316	8.2513	1.75	20	4.241	3.2108E-8	0	0	15.86008
3195	-25.5	-14.5	29.334	1048.629	8.60097	1.75	20	3.734	3.4883E-8	0	0	17.27524
3196	-25.5	-13.5	28.853	1048.851	8.95105	1.75	20	3.253	3.7776E-8	0	0	19.04966
3197	-25.5	-12.5	28.399	1048.978	9.3082	1.75	20	2.799	4.0849E-8	0	0	21.28569
3198	-25.5	-11.5	27.973	1049.005	9.63187	1.75	20	2.373	4.3739E-8	0	0	24.25533
3199	-25.5	-10.5	27.577	1048.932	9.96223	1.75	20	1.977	4.6792E-8	0	0	28.14281
3200	-25.5	-9.5	27.212	1048.772	10.20438	1.75	20	1.612	4.9098E-8	0	0	33.69007
3201	-25.5	-8.5	26.879	1048.521	10.71832	1.75	20	1.279	5.4174E-8	0	0	40.41066
3202	-25.5	-7.5	26.58	1048.194	11.14887	1.75	20	1	5.8622E-8	0	0	49.69542
3203	-25.5	-6.5	26.315	1047.841	11.41552	1.75	20	1	6.1468E-8	0	0	48.52988
3204	-25.498	-5.518	26.089	1047.482	11.70796	1.75	20	1	6.4668E-8	0	0	47.31297
3205	-25.598	-4.519	25.994	1047.283	11.74459	1.75	20	1	6.5079E-8	0	0	47.16279
3206	-25.678	-3.518	25.918	1047.123	11.84733	1.75	20	1	6.6227E-8	0	1	46.75175
3207	-25.737	-2.516	25.86	1046.998	11.96087	1.75	20	1	6.7506E-8	0	1	46.30635
3208	-25.777	-1.511	25.821	1046.91	12.04667	1.75	20	1	6.8481E-8	0	1	45.9754
3209	-25.797	-0.504	25.802	1046.865	12.09157	1.75	20	1	6.8993E-8	0	1	45.8041
3210	-25.797	0.504	25.802	1046.865	12.09157	1.75	20	1	6.8993E-8	0	1	45.8041
3211	-25.777	1.511	25.821	1046.91	12.04667	1.75	20	1	6.8481E-8	0	1	45.9754
3212	-25.737	2.516	25.86	1046.998	11.96087	1.75	20	1	6.7506E-8	0	1	46.30635
3213	-25.678	3.518	25.918	1047.123	11.84733	1.75	20	1	6.6227E-8	0	1	46.75175
3214	-25.598	4.519	25.994	1047.283	11.74459	1.75	20	1	6.5079E-8	0	0	47.16279
3215	-25.498	5.518	26.089	1047.482	11.70796	1.75	20	1	6.4668E-8	0	0	47.31297
3216	-25.5	6.5	26.315	1047.841	11.41552	1.75	20	1	6.1468E-8	0	0	48.52988
3217	-25.5	7.5	26.58	1048.194	11.14887	1.75	20	1	5.8622E-8	0	0	49.69542
3218	-25.5	8.5	26.879	1048.521	10.71832	1.75	20	1.279	5.4174E-8	0	0	40.41066
3219	-25.5	9.5	27.212	1048.772	10.20438	1.75	20	1.612	4.9098E-8	0	0	33.69007
3220	-25.5	10.5	27.577	1048.932	9.96223	1.75	20	1.977	4.6792E-8	0	0	28.14281
3221	-25.5	11.5	27.973	1049.005	9.63187	1.75	20	2.373	4.3739E-8	0	0	24.25533
3222	-25.5	12.5	28.399	1048.978	9.3082	1.75	20	2.799	4.0849E-8	0	0	21.28569
3223	-25.5	13.5	28.853	1048.851	8.95105	1.75	20	3.253	3.7776E-8	0	0	19.04966
3224	-25.5	14.5	29.334	1048.629	8.60097	1.75	20	3.734	3.4883E-8	0	0	17.27524
3225	-25.5	15.5	29.841	1048.316	8.2513	1.75	20	4.241	3.2108E-8	0	0	15.86008
3226	-25.5	16.5	30.373	1047.93	7.91619	1.75	20	4.773	2.9558E-8	1	0	14.69633
3227	-25.5	17.5	30.927	1047.493	7.60286	1.75	13.1	5.327	2.727E-8	1	0	13.73263
3228	-25.5	18.5	31.504	1047.022	7.31357	1.75	13.1	5.904	2.5239E-8	1	0	12.89209
3229	-25.5	19.5	32.101	1046.532	7.04898	1.75	13.1	6.501	2.3451E-8	1	0	12.15838
3230	-25.5	20.5	32.718	1046.037	6.80929	1.75	13.1	7.118	2.1888E-8	1	0	11.5078
3231	-25.5	21.5	33.354	1045.552	6.59445	1.75	13.1	7.754	2.0533E-8	1	0	10.92215
3232	-25.5	22.5	34.007	1045.088	6.40429	1.75	13.1	8.407	1.9369E-8	1	0	10.38725
3233	-25.5	23.5	34.677	1044.658	6.23857	1.75	13.1	9.077	1.8383E-8	1	0	9.89197
3234	-25.5	24.5	35.362	1044.271	6.09705	1.75	13.1	9.762	1.7562E-8	1	0	9.42753
3235	-25.5	25.5	36.062	1043.936	5.97951	1.75	13.1	10.462	1.6893E-8	1	0	8.98706
3236	-25.5	26.5	36.776	1043.659	5.88574	1.75	13.1	11.176	1.637E-8	1	0	8.56526
3237	-25.5	27.5	37.503	1043.447	5.81556	1.75	13.1	11.903	1.5983E-8	1	0	8.15815
3238	-25.5	28.5	38.243	1043.303	5.76886	1.75	13.1	12.643	1.5728E-8	1	0	7.76287
3239	-25.5	29.5	38.994	1043.23	5.7489	1.75	13.1	13.394	1.562E-8	1	0	7.3732
3240	-24.5	-29.5	38.347	1043.411	5.51548	1.75	13.1	12.747	1.4376E-8	1	0	8.05623
3241	-24.5	-28.5	37.583	1043.484	5.53627	1.75	13.1	11.983	1.4484E-8	1	0	8.51496
3242	-24.5	-27.5	36.831	1043.628	5.58586	1.75	13.1	11.231	1.4744E-8	1	0	8.9829
3243	-24.5	-26.5	36.09	1043.84	5.66042	1.75	13.1	10.49	1.5139E-8	1	0	9.46912
3244	-24.5	-25.5	35.362	1044.115	5.76018	1.75	13.1	9.762	1.5676E-8	1	0	9.97844
3245	-24.5	-24.5	34.648	1044.448	5.8854	1.75	13.1	9.048	1.6362E-8	1	0	10.51757
3246	-24.5	-23.5	33.948	1044.831	6.03644	1.75	13.1	8.348	1.721E-8	1	0	11.09552
3247	-24.5	-22.5	33.264	1045.253	6.21372	1.75	13.1	7.664	1.8232E-8	1	0	11.72423
3248	-24.5	-21.5	32.596	1045.705	6.41774	1.75	13.1	6.996	1.9446E-8	1	0	12.41936
3249	-24.5	-20.5	31.945	1046.172	6.64909	1.75	13.1	6.345	2.0869E-8	1	0	13.20156
3250	-24.5	-19.5	31.313	1046.642	6.90842	1.75	13.1	5.713	2.2524E-8	1	0	14.09844
3251	-24.5	-18.5	30.7	1047.097	7.19635	1.75	13.1	5.1	2.4436E-8	1	0	15.14764
3252	-24.5	-17.5	30.108	1047.521	7.51358	1.75	20	4.508	2.6633E-8	1	0	16.38644
3253	-24.5	-16.5	29.538	1047.891	7.86146	1.75	20	3.938	2.9151E-8	0	0	17.92124
3254	-24.5	-15.5	28.991	1048.179	8.24154	1.75	20	3.391	3.2034E-8	0	0	19.84405
3255	-24.5	-14.5	28.469	1048.368	8.64598	1.75	20	2.869	3.5253E-8	0	0	22.35138
3256	-24.5	-13.5	27.973	1048.445	9.02727	1.75	20	2.373	3.8429E-8	0	0	25.87579
3257	-24.5	-12.5	27.505	1048.399	9.46743	1.75	20	1.905	4.2269E-8	0	0	30.73735
3258	-24.5	-11.5	27.065	1048.238	9.83363	1.75	20	1.465	4.5605E-8	0	0	38.47071
3259	-24.5	-10.5	26.655	1047.945	10.34713	1.75	20	1.055	5.0499E-8	0	0	50.74171
3260	-24.5	-9.5	26.277	1047.574	10.87883	1.75	20	1	5.5831E-8	0	0	50.92022
3261	-24.567	-8.534	26.007	1047.17	11.2985	1.75	20	1	6.0232E-8	0	0	49.02335
3262	-24.73	-7.549	25.856	1046.877	11.2852	1.75	20	1	6.0098E-8	0	0	49.07715
3263	-24.868	-6.591	25.726	1046.63	11.62801	1.75	20	1	6.3811E-8	0	0	47.62703
3264	-24.868	6.591	25.726	1046.63	11.62801	1.75	20	1	6.3811E-8	0	0	47.62703
3265	-24.73	7.549	25.856	1046.877	11.2852	1.75	20	1	6.0098E-8	0	0	49.07715
3266	-24.567	8.534	26.007	1047.17	11.2985	1.75	20	1	6.0232E-8	0	0	49.02335
3267	-24.5	9.5	26.277	1047.574	10.87883	1.75	20	1	5.5831E-8	0	0	50.92022
3268	-24.5	10.5	26.655	1047.945	10.34713	1.75	20	1.055	5.0499E-8	0	0	50.74171
3269	-24.5	11.5	27.065	1048.238	9.83363	1.75	20	1.465	4.5605E-8	0	0	38.47071
3270	-24.5	12.5	27.505	1048.399	9.46743	1.75	20	1.905	4.2269E-8	0	0	30.73735
3271	-24.5	13.5	27.973	1048.445	9.02727	1.75	20	2.373	3.8429E-8	0	0	25.87579
3272	-24.5	14.5	28.469	1048.368	8.64598	1.75	20	2.869	3.5253E-8	0	0	22.35138
3273	-24.5	15.5	28.991	1048.179	8.24154	1.75	20	3.391	3.2034E-8	0	0	19.84405
3274	-24.5	16.5	29.538	1047.891	7.86146	1.75	20	3.938	2.9151E-8	0	0	17.92124
3275	-24.5	17.5	30.108	1047.521	7.51358	1.75	20	4.508	2.6633E-8	1	0	16.38644
3276	-24.5	18.5	30.7	1047.097	7.19635	1.75	13.1	5.1	2.4436E-8	1	0	15.14764
3277	-24.5	19.5	31.313	1046.642	6.90842	1.75	13.1	5.713	2.2524E-8	1	0	14.09844
3278	-24.5	20.5	31.945	1046.172	6.64909	1.75	13.1	6.345	2.0869E-8	1	0	13.20156
3279	-24.5	21.5	32.596	1045.705	6.41774	1.75	13.1	6.996	1.9446E-8	1	0	12.41936
3280	-24.5	22.5	33.264	1045.253	6.21372	1.75	13.1	7.664	1.8232E-8	1	0	11.72423
3281	-24.5	23.5	33.948	1044.831	6.03644	1.75	13.1	8.348	1.721E-8	1	0	11.09552
3282	-24.5	24.5	34.648	1044.448	5.8854	1.75	13.1	9.048	1.6362E-8	1	0	10.51757
3283	-24.5	25.5	35.362	1044.115	5.76018	1.75	13.1	9.762	1.5676E-8	1	0	9.97844
3284	-24.5	26.5	36.09	1043.84	5.66042	1.75	13.1	10.49	1.5139E-8	1	0	9.46912
3285	-24.5	27.5	36.831	1043.628	5.58586	1.75	13.1	11.231	1.4744E-8	1	0	8.9829
3286	-24.5	28.5	37.583	1043.484	5.53627	1.75	13.1	11.983	1.4484E-8	1	0	8.51496
3287	-24.5	29.5	38.347	1043.411	5.51548	1.75	13.1	12.747	1.4376E-8	1	0	8.05623
3288	-23.5	-29.5	37.716	1043.521	5.26796	1.75	13.1	12.116	1.3114E-8	1	0	8.85468
3289	-23.5	-28.5	36.939	1043.594	5.28948	1.75	13.1	11.339	1.3221E-8	1	0	9.39869
3290	-23.5	-27.5	36.173	1043.738	5.34191	1.75	13.1	10.573	1.3484E-8	1	0	9.95713
3291	-23.5	-26.5	35.419	1043.949	5.42081	1.75	13.1	9.819	1.3884E-8	1	0	10.5433
3292	-23.5	-25.5	34.677	1044.224	5.52648	1.75	13.1	9.077	1.4429E-8	1	0	11.16517
3293	-23.5	-24.5	33.948	1044.555	5.65932	1.75	13.1	8.348	1.5129E-8	1	0	11.83396
3294	-23.5	-23.5	33.234	1044.932	5.81983	1.75	13.1	7.634	1.5996E-8	1	0	12.56507
3295	-23.5	-22.5	32.535	1045.347	6.0086	1.75	13.1	6.935	1.7048E-8	1	0	13.37948
3296	-23.5	-21.5	31.851	1045.785	6.22641	1.75	13.1	6.251	1.8303E-8	1	0	14.30581
3297	-23.5	-20.5	31.185	1046.233	6.47426	1.75	13.1	5.585	1.9785E-8	1	0	15.38363
3298	-23.5	-19.5	30.537	1046.674	6.75333	1.75	20	4.937	2.1523E-8	1	0	16.6509
3299	-23.5	-18.5	29.908	1047.09	7.06481	1.75	20	4.308	2.3551E-8	0	0	18.23068
3300	-23.5	-17.5	29.3	1047.448	7.40981	1.75	20	3.7	2.5903E-8	0	0	20.22998
3301	-23.5	-16.5	28.714	1047.722	7.79225	1.75	20	3.114	2.8642E-8	0	0	22.8498
3302	-23.5	-15.5	28.151	1047.891	8.22689	1.75	20	2.551	3.1924E-8	0	0	26.40869
3303	-23.5	-14.5	27.613	1047.935	8.73137	1.75	20	2.013	3.5959E-8	0	0	31.52389
3304	-23.5	-13.5	27.102	1047.841	9.13684	1.75	20	1.502	3.9378E-8	0	0	40.38249
3305	-23.5	-12.5	26.618	1047.572	9.6055	1.75	20	1.018	4.3526E-8	0	0	56.66956
3306	-23.425	-11.537	26.112	1047.11	10.08802	1.75	20	1	4.8018E-8	0	0	54.90483
3307	-23.66	-10.557	25.908	1046.838	10.32537	1.75	20	1	5.031E-8	0	0	53.63869
3308	-23.856	-9.645	25.732	1046.574	10.5765	1.75	20	1	5.2793E-8	0	0	52.36127
3309	-23.856	9.645	25.732	1046.574	10.5765	1.75	20	1	5.2793E-8	0	0	52.36127
3310	-23.66	10.557	25.908	1046.838	10.32537	1.75	20	1	5.031E-8	0	0	53.63869
3311	-23.425	11.537	26.112	1047.11	10.08802	1.75	20	1	4.8018E-8	0	0	54.90483
3312	-23.5	12.5	26.618	1047.572	9.6055	1.75	20	1.018	4.3526E-8	0	0	56.66956
3313	-23.5	13.5	27.102	1047.841	9.13684	1.75	20	1.502	3.9378E-8	0	0	40.38249
3314	-23.5	14.5	27.613	1047.935	8.73137	1.75	20	2.013	3.5959E-8	0	0	31.52389
3315	-23.5	15.5	28.151	1047.891	8.22689	1.75	20	2.551	3.1924E-8	0	0	26.40869
3316	-23.5	16.5	28.714	1047.722	7.79225	1.75	20	3.114	2.8642E-8	0	0	22.8498
3317	-23.5	17.5	29.3	1047.448	7.40981	1.75	20	3.7	2.5903E-8	0	0	20.22998
3318	-23.5	18.5	29.908	1047.09	7.06481	1.75	20	4.308	2.3551E-8	0	0	18.23068
3319	-23.5	19.5	30.537	1046.674	6.75333	1.75	20	4.937	2.1523E-8	1	0	16.6509
3320	-23.5	20.5	31.185	1046.233	6.47426	1.75	13.1	5.585	1.9785E-8	1	0	15.38363
3321	-23.5	21.5	31.851	1045.785	6.22641	1.75	13.1	6.251	1.8303E-8	1	0	14.30581
3322	-23.5	22.5	32.535	1045.347	6.0086	1.75	13.1	6.935	1.7048E-8	1	0	13.37948
3323	-23.5	23.5	33.234	1044.932	5.81983	1.75	13.1	7.634	1.5996E-8	1	0	12.56507
3324	-23.5	24.5	33.948	1044.555	5.65932	1.75	13.1	8.348	1.5129E-8	1	0	11.83396
3325	-23.5	25.5	34.677	1044.224	5.52648	1.75	13.1	9.077	1.4429E-8	1	0	11.16517
3326	-23.5	26.5	35.419	1043.949	5.42081	1.75	13.1	9.819	1.3884E-8	1	0	10.5433
3327	-23.5	27.5	36.173	1043.738	5.34191	1.75	13.1	10.573	1.3484E-8	1	0	9.95713
3328	-23.5	28.5	36.939	1043.594	5.28948	1.75	13.1	11.339	1.3221E-8	1	0	9.39869
3329	-23.5	29.5	37.716	1043.521	5.26796	1.75	13.1	12.116	1.3114E-8	1	0	8.85468
3330	-22.5	-29.5	37.101	1043.573	5.00678	1.75	13.1	11.501	1.1846E-8	1	0	9.79456
3331	-22.5	-28.5	36.311	1043.646	5.02888	1.75	13.1	10.711	1.195E-8	1	0	10.4448
3332	-22.5	-27.5	35.532	1043.791	5.08408	1.75	13.1	9.932	1.2213E-8	1	0	11.11703
3333	-22.5	-26.5	34.763	1044.003	5.16722	1.75	13.1	9.163	1.2615E-8	1	0	11.8308
3334	-22.5	-25.5	34.007	1044.277	5.2787	1.75	13.1	8.407	1.3164E-8	1	0	12.59924
3335	-22.5	-24.5	33.264	1044.606	5.41903	1.75	13.1	7.664	1.3871E-8	1	0	13.4411
3336	-22.5	-23.5	32.535	1044.98	5.58882	1.75	13.1	6.935	1.4751E-8	1	0	14.38291
3337	-22.5	-22.5	31.82	1045.387	5.78886	1.75	13.1	6.22	1.5823E-8	1	0	15.46218
3338	-22.5	-21.5	31.121	1045.813	6.02016	1.75	13.1	5.521	1.711E-8	1	0	16.73266
3339	-22.5	-20.5	30.438	1046.241	6.28415	1.75	20	4.838	1.864E-8	1	0	18.25398
3340	-22.5	-19.5	29.774	1046.651	6.58278	1.75	20	4.174	2.045E-8	0	0	20.18911
3341	-22.5	-18.5	29.129	1047.007	6.91787	1.75	20	3.529	2.2582E-8	0	0	22.71376
3342	-22.5	-17.5	28.504	1047.282	7.28832	1.75	20	2.904	2.5062E-8	0	0	26.18712
3343	-22.5	-16.5	27.902	1047.449	7.69379	1.75	20	2.302	2.7926E-8	0	0	31.29516
3344	-22.5	-15.5	27.322	1047.483	8.17394	1.75	20	1.722	3.152E-8	0	0	39.35921
3345	-22.5	-14.5	26.768	1047.346	8.64953	1.75	20	1.168	3.5297E-8	0	0	54.85363
3346	-22.361	-13.541	26.142	1046.955	9.20421	1.75	20	1	3.9976E-8	0	0	60.17439
3347	-22.649	-12.57	25.904	1046.748	9.58304	1.75	20	1	4.3338E-8	0	0	57.79229
3348	-22.649	12.57	25.904	1046.748	9.58304	1.75	20	1	4.3338E-8	0	0	57.79229
3349	-22.361	13.541	26.142	1046.955	9.20421	1.75	20	1	3.9976E-8	0	0	60.17439
3350	-22.5	14.5	26.768	1047.346	8.64953	1.75	20	1.168	3.5297E-8	0	0	54.85363
3351	-22.5	15.5	27.322	1047.483	8.17394	1.75	20	1.722	3.152E-8	0	0	39.35921
3352	-22.5	16.5	27.902	1047.449	7.69379	1.75	20	2.302	2.7926E-8	0	0	31.29516
3353	-22.5	17.5	28.504	1047.282	7.28832	1.75	20	2.904	2.5062E-8	0	0	26.18712
3354	-22.5	18.5	29.129	1047.007	6.91787	1.75	20	3.529	2.2582E-8	0	0	22.71376
3355	-22.5	19.5	29.774	1046.651	6.58278	1.75	20	4.174	2.045E-8	0	0	20.18911
3356	-22.5	20.5	30.438	1046.241	6.28415	1.75	20	4.838	1.864E-8	1	0	18.25398
3357	-22.5	21.5	31.121	1045.813	6.02016	1.75	13.1	5.521	1.711E-8	1	0	16.73266
3358	-22.5	22.5	31.82	1045.387	5.78886	1.75	13.1	6.22	1.5823E-8	1	0	15.46218
3359	-22.5	23.5	32.535	1044.98	5.58882	1.75	13.1	6.935	1.4751E-8	1	0	14.38291
3360	-22.5	24.5	33.264	1044.606	5.41903	1.75	13.1	7.664	1.3871E-8	1	0	13.4411
3361	-22.5	25.5	34.007	1044.277	5.2787	1.75	13.1	8.407	1.3164E-8	1	0	12.59924
3362	-22.5	26.5	34.763	1044.003	5.16722	1.75	13.1	9.163	1.2615E-8	1	0	11.8308
3363	-22.5	27.5	35.532	1043.791	5.08408	1.75	13.1	9.932	1.2213E-8	1	0	11.11703
3364	-22.5	28.5	36.311	1043.646	5.02888	1.75	13.1	10.711	1.195E-8	1	0	10.4448
3365	-22.5	29.5	37.101	1043.573	5.00678	1.75	13.1	11.501	1.1846E-8	1	0	9.79456
3366	-21.5	-29.5	36.503	1043.582	4.73262	1.75	13.1	10.903	1.0584E-8	1	0	10.9092
3367	-21.5	-28.5	35.7	1043.656	4.75517	1.75	13.1	10.1	1.0685E-8	1	0	11.69294
3368	-21.5	-27.5	34.907	1043.802	4.81302	1.75	13.1	9.307	1.0946E-8	1	0	12.50963
3369	-21.5	-26.5	34.125	1044.015	4.90025	1.75	13.1	8.525	1.1345E-8	1	0	13.38819
3370	-21.5	-25.5	33.354	1044.291	5.01737	1.75	13.1	7.754	1.1892E-8	1	0	14.35009
3371	-21.5	-24.5	32.596	1044.619	5.16501	1.75	13.1	6.996	1.2601E-8	1	0	15.42683
3372	-21.5	-23.5	31.851	1044.991	5.34389	1.75	13.1	6.251	1.3487E-8	1	0	16.66462
3373	-21.5	-22.5	31.121	1045.393	5.55487	1.75	13.1	5.521	1.457E-8	1	0	18.13211
3374	-21.5	-21.5	30.406	1045.808	5.79907	1.75	20	4.806	1.5876E-8	1	0	19.91312
3375	-21.5	-20.5	29.707	1046.216	6.07832	1.75	20	4.107	1.7439E-8	0	0	22.21872
3376	-21.5	-19.5	29.026	1046.577	6.39601	1.75	20	3.426	1.9307E-8	0	0	25.30197
3377	-21.5	-18.5	28.364	1046.865	6.75711	1.75	20	2.764	2.1546E-8	0	0	29.6777
3378	-21.5	-17.5	27.722	1047.054	7.15449	1.75	20	2.122	2.4153E-8	0	0	36.49865
3379	-21.5	-16.5	27.102	1047.109	7.54738	1.75	20	1.502	2.6878E-8	0	0	48.87702
3380	-21.5	-15.5	26.505	1047.003	8.29099	1.75	20	1	3.2436E-8	0	0	66.80324
3381	-21.526	-14.563	25.989	1046.745	9.1376	1.75	20	1	3.9403E-8	0	0	60.60948
3382	-21.526	14.563	25.989	1046.745	9.1376	1.75	20	1	3.9403E-8	0	0	60.60948
3383	-21.5	15.5	26.505	1047.003	8.29099	1.75	20	1	3.2436E-8	0	0	66.80324
3384	-21.5	16.5	27.102	1047.109	7.54738	1.75	20	1.502	2.6878E-8	0	0	48.87702
3385	-21.5	17.5	27.722	1047.054	7.15449	1.75	20	2.122	2.4153E-8	0	0	36.49865
3386	-21.5	18.5	28.364	1046.865	6.75711	1.75	20	2.764	2.1546E-8	0	0	29.6777
3387	-21.5	19.5	29.026	1046.577	6.39601	1.75	20	3.426	1.9307E-8	0	0	25.30197
3388	-21.5	20.5	29.707	1046.216	6.07832	1.75	20	4.107	1.7439E-8	0	0	22.21872
3389	-21.5	21.5	30.406	1045.808	5.79907	1.75	20	4.806	1.5876E-8	1	0	19.91312
3390	-21.5	22.5	31.121	1045.393	5.55487	1.75	13.1	5.521	1.457E-8	1	0	18.13211
3391	-21.5	23.5	31.851	1044.991	5.34389	1.75	13.1	6.251	1.3487E-8	1	0	16.66462
3392	-21.5	24.5	32.596	1044.619	5.16501	1.75	13.1	6.996	1.2601E-8	1	0	15.42683
3393	-21.5	25.5	33.354	1044.291	5.01737	1.75	13.1	7.754	1.1892E-8	1	0	14.35009
3394	-21.5	26.5	34.125	1044.015	4.90025	1.75	13.1	8.525	1.1345E-8	1	0	13.38819
3395	-21.5	27.5	34.907	1043.802	4.81302	1.75	13.1	9.307	1.0946E-8	1	0	12.50963
3396	-21.5	28.5	35.7	1043.656	4.75517	1.75	13.1	10.1	1.0685E-8	1	0	11.69294
3397	-21.5	29.5	36.503	1043.582	4.73262	1.75	13.1	10.903	1.0584E-8	1	0	10.9092
3398	-20.5	-29.5	35.924	1043.562	4.44652	1.75	13.1	10.324	9.3432E-9	1	0	12.24167
3399	-20.5	-28.5	35.107	1043.637	4.46932	1.75	13.1	9.507	9.4389E-9	1	0	13.19482
3400	-20.5	-27.5	34.3	1043.784	4.52968	1.75	13.1	8.7	9.695E-9	1	0	14.1968
3401	-20.5	-26.5	33.504	1044.001	4.6208	1.75	13.1	7.904	1.0088E-8	1	0	15.29073
3402	-20.5	-25.5	32.718	1044.28	4.74336	1.75	13.1	7.118	1.0629E-8	1	0	16.51171
3403	-20.5	-24.5	31.945	1044.611	4.8981	1.75	13.1	6.345	1.1332E-8	1	0	17.913
3404	-20.5	-23.5	31.185	1044.984	5.08587	1.75	13.1	5.585	1.2216E-8	1	0	19.57632
3405	-20.5	-22.5	30.438	1045.384	5.30749	1.75	20	4.838	1.3301E-8	1	0	21.60782
3406	-20.5	-21.5	29.707	1045.79	5.56385	1.75	20	4.107	1.4615E-8	0	0	24.27035
3407	-20.5	-20.5	28.991	1046.163	5.85636	1.75	20	3.391	1.6189E-8	0	0	27.91048
3408	-20.5	-19.5	28.293	1046.474	6.19008	1.75	20	2.693	1.8085E-8	0	0	33.24063
3409	-20.5	-18.5	27.613	1046.695	6.58592	1.75	20	2.013	2.0469E-8	0	0	41.77882
3410	-20.5	-17.5	26.954	1046.801	7.13463	1.75	20	1.354	2.4021E-8	0	0	57.35012
3411	-20.5	-16.5	26.315	1046.74	8.11781	1.75	20	1	3.1099E-8	0	0	68.22341
3412	-20.647	-15.601	25.878	1046.557	8.83774	1.75	20	1	3.6862E-8	0	0	62.66265
3413	-20.647	15.601	25.878	1046.557	8.83774	1.75	20	1	3.6862E-8	0	0	62.66265
3414	-20.5	16.5	26.315	1046.74	8.11781	1.75	20	1	3.1099E-8	0	0	68.22341
3415	-20.5	17.5	26.954	1046.801	7.13463	1.75	20	1.354	2.4021E-8	0	0	57.35012
3416	-20.5	18.5	27.613	1046.695	6.58592	1.75	20	2.013	2.0469E-8	0	0	41.77882
3417	-20.5	19.5	28.293	1046.474	6.19008	1.75	20	2.693	1.8085E-8	0	0	33.24063
3418	-20.5	20.5	28.991	1046.163	5.85636	1.75	20	3.391	1.6189E-8	0	0	27.91048
3419	-20.5	21.5	29.707	1045.79	5.56385	1.75	20	4.107	1.4615E-8	0	0	24.27035
3420	-20.5	22.5	30.438	1045.384	5.30749	1.75	20	4.838	1.3301E-8	1	0	21.60782
3421	-20.5	23.5	31.185	1044.984	5.08587	1.75	13.1	5.585	1.2216E-8	1	0	19.57632
3422	-20.5	24.5	31.945	1044.611	4.8981	1.75	13.1	6.345	1.1332E-8	1	0	17.913
3423	-20.5	25.5	32.718	1044.28	4.74336	1.75	13.1	7.118	1.0629E-8	1	0	16.51171
3424	-20.5	26.5	33.504	1044.001	4.6208	1.75	13.1	7.904	1.0088E-8	1	0	15.29073
3425	-20.5	27.5	34.3	1043.784	4.52968	1.75	13.1	8.7	9.695E-9	1	0	14.1968
3426	-20.5	28.5	35.107	1043.637	4.46932	1.75	13.1	9.507	9.4389E-9	1	0	13.19482
3427	-20.5	29.5	35.924	1043.562	4.44652	1.75	13.1	10.324	9.3432E-9	1	0	12.24167
3428	-19.5	-29.5	35.362	1043.524	4.14983	1.75	13.1	9.762	8.1381E-9	1	0	13.84822
3429	-19.5	-28.5	34.533	1043.601	4.17267	1.75	13.1	8.933	8.2276E-9	1	0	15.01852
3430	-19.5	-27.5	33.712	1043.753	4.2353	1.75	13.1	8.112	8.4759E-9	1	0	16.26089
3431	-19.5	-26.5	32.901	1043.974	4.33005	1.75	13.1	7.301	8.8585E-9	1	0	17.64
3432	-19.5	-25.5	32.101	1044.259	4.45777	1.75	13.1	6.501	9.3877E-9	1	0	19.21347
3433	-19.5	-24.5	31.313	1044.597	4.61944	1.75	13.1	5.713	1.008E-8	1	0	21.07223
3434	-19.5	-23.5	30.537	1044.976	4.81603	1.75	20	4.937	1.0954E-8	1	0	23.33784
3435	-19.5	-22.5	29.774	1045.378	5.04834	1.75	20	4.174	1.2034E-8	0	0	26.31622
3436	-19.5	-21.5	29.026	1045.765	5.31661	1.75	20	3.426	1.3345E-8	0	0	30.43202
3437	-19.5	-20.5	28.293	1046.106	5.61908	1.75	20	2.693	1.4904E-8	0	0	36.61472
3438	-19.5	-19.5	27.577	1046.372	5.95186	1.75	20	1.977	1.672E-8	0	0	47.07199
3439	-19.5	-18.5	26.879	1046.522	6.13337	1.75	20	1.279	1.7754E-8	0	0	70.58011
3440	-19.312	-17.559	26.102	1046.5	7.51304	1.75	20	1	2.664E-8	0	0	73.71018
3441	-19.716	-16.663	25.814	1046.434	7.1458	1.75	20	1	2.41E-8	0	0	77.49687
3442	-19.716	16.663	25.814	1046.434	7.1458	1.75	20	1	2.41E-8	0	0	77.49687
3443	-19.312	17.559	26.102	1046.5	7.51304	1.75	20	1	2.664E-8	0	0	73.71018
3444	-19.5	18.5	26.879	1046.522	6.13337	1.75	20	1.279	1.7754E-8	0	0	70.58011
3445	-19.5	19.5	27.577	1046.372	5.95186	1.75	20	1.977	1.672E-8	0	0	47.07199
3446	-19.5	20.5	28.293	1046.106	5.61908	1.75	20	2.693	1.4904E-8	0	0	36.61472
3447	-19.5	21.5	29.026	1045.765	5.31661	1.75	20	3.426	1.3345E-8	0	0	30.43202
3448	-19.5	22.5	29.774	1045.378	5.04834	1.75	20	4.174	1.2034E-8	0	0	26.31622
3449	-19.5	23.5	30.537	1044.976	4.81603	1.75	20	4.937	1.0954E-8	1	0	23.33784
3450	-19.5	24.5	31.313	1044.597	4.61944	1.75	13.1	5.713	1.008E-8	1	0	21.07223
3451	-19.5	25.5	32.101	1044.259	4.45777	1.75	13.1	6.501	9.3877E-9	1	0	19.21347
3452	-19.5	26.5	32.901	1043.974	4.33005	1.75	13.1	7.301	8.8585E-9	1	0	17.64
3453	-19.5	27.5	33.712	1043.753	4.2353	1.75	13.1	8.112	8.4759E-9	1	0	16.26089
3454	-19.5	28.5	34.533	1043.601	4.17267	1.75	13.1	8.933	8.2276E-9	1	0	15.01852
3455	-19.5	29.5	35.362	1043.524	4.14983	1.75	13.1	9.762	8.1381E-9	1	0	13.84822
3456	-18.5	-29.5	34.821	1043.482	3.84428	1.75	13.1	9.221	6.9839E-9	1	0	15.80306
3457	-18.5	-28.5	33.978	1043.562	3.8669	1.75	13.1	8.378	7.0661E-9	1	0	17.25484
3458	-18.5	-27.5	33.144	1043.719	3.93148	1.75	13.1	7.544	7.3036E-9	1	0	18.81287
3459	-18.5	-26.5	32.319	1043.948	4.02945	1.75	13.1	6.719	7.6714E-9	1	0	20.57509
3460	-18.5	-25.5	31.504	1044.243	4.16197	1.75	13.1	5.904	8.1832E-9	1	0	22.63676
3461	-18.5	-24.5	30.7	1044.592	4.33033	1.75	13.1	5.1	8.8574E-9	1	0	25.15535
3462	-18.5	-23.5	29.908	1044.983	4.53582	1.75	20	4.308	9.7163E-9	0	0	28.3787
3463	-18.5	-22.5	29.129	1045.379	4.77957	1.75	20	3.529	1.0787E-8	0	0	32.8606
3464	-18.5	-21.5	28.364	1045.749	5.06245	1.75	20	2.764	1.21E-8	0	0	39.60005
3465	-18.5	-20.5	27.613	1046.069	5.37976	1.75	20	2.013	1.3662E-8	0	0	51.13689
3466	-18.5	-19.5	26.879	1046.313	5.6099	1.75	20	1.279	1.4854E-8	0	0	77.16163
3467	-18.509	-18.509	26.176	1046.418	5.74001	1.75	20	1	1.5551E-8	0	0	96.47624
3468	-18.509	18.509	26.176	1046.418	5.74001	1.75	20	1	1.5551E-8	0	0	96.47624
3469	-18.5	19.5	26.879	1046.313	5.6099	1.75	20	1.279	1.4854E-8	0	0	77.16163
3470	-18.5	20.5	27.613	1046.069	5.37976	1.75	20	2.013	1.3662E-8	0	0	51.13689
3471	-18.5	21.5	28.364	1045.749	5.06245	1.75	20	2.764	1.21E-8	0	0	39.60005
3472	-18.5	22.5	29.129	1045.379	4.77957	1.75	20	3.529	1.0787E-8	0	0	32.8606
3473	-18.5	23.5	29.908	1044.983	4.53582	1.75	20	4.308	9.7163E-9	0	0	28.3787
3474	-18.5	24.5	30.7	1044.592	4.33033	1.75	13.1	5.1	8.8574E-9	1	0	25.15535
3475	-18.5	25.5	31.504	1044.243	4.16197	1.75	13.1	5.904	8.1832E-9	1	0	22.63676
3476	-18.5	26.5	32.319	1043.948	4.02945	1.75	13.1	6.719	7.6714E-9	1	0	20.57509
3477	-18.5	27.5	33.144	1043.719	3.93148	1.75	13.1	7.544	7.3036E-9	1	0	18.81287
3478	-18.5	28.5	33.978	1043.562	3.8669	1.75	13.1	8.378	7.0661E-9	1	0	17.25484
3479	-18.5	29.5	34.821	1043.482	3.84428	1.75	13.1	9.221	6.9839E-9	1	0	15.80306
3480	-17.5	-29.5	34.3	1043.446	3.532	1.75	13.1	8.7	5.8954E-9	1	0	18.20516
3481	-17.5	-28.5	33.444	1043.529	3.55407	1.75	13.1	7.844	5.9691E-9	1	0	20.02618
3482	-17.5	-27.5	32.596	1043.693	3.62014	1.75	13.1	6.996	6.1927E-9	1	0	22.00435
3483	-17.5	-26.5	31.757	1043.934	3.72075	1.75	13.1	6.157	6.541E-9	1	0	24.28969
3484	-17.5	-25.5	30.927	1044.243	3.8575	1.75	13.1	5.327	7.0297E-9	1	0	27.04134
3485	-17.5	-24.5	30.108	1044.61	4.0322	1.75	20	4.508	7.6797E-9	1	0	30.50962
3486	-17.5	-23.5	29.3	1045.008	4.24645	1.75	20	3.7	8.5161E-9	0	0	35.27615
3487	-17.5	-22.5	28.504	1045.4	4.5019	1.75	20	2.904	9.5699E-9	0	0	42.37328
3488	-17.5	-21.5	27.722	1045.762	4.80496	1.75	20	2.122	1.09E-8	0	0	54.32627
3489	-17.5	-20.5	26.954	1046.07	5.25098	1.75	20	1.354	1.3016E-8	0	0	77.90713
3490	-17.559	-19.312	26.102	1046.327	6.31635	1.75	20	1	1.8831E-8	0	0	87.67102
3491	-17.559	19.312	26.102	1046.327	6.31635	1.75	20	1	1.8831E-8	0	0	87.67102
3492	-17.5	20.5	26.954	1046.07	5.25098	1.75	20	1.354	1.3016E-8	0	0	77.90713
3493	-17.5	21.5	27.722	1045.762	4.80496	1.75	20	2.122	1.09E-8	0	0	54.32627
3494	-17.5	22.5	28.504	1045.4	4.5019	1.75	20	2.904	9.5699E-9	0	0	42.37328
3495	-17.5	23.5	29.3	1045.008	4.24645	1.75	20	3.7	8.5161E-9	0	0	35.27615
3496	-17.5	24.5	30.108	1044.61	4.0322	1.75	20	4.508	7.6797E-9	1	0	30.50962
3497	-17.5	25.5	30.927	1044.243	3.8575	1.75	13.1	5.327	7.0297E-9	1	0	27.04134
3498	-17.5	26.5	31.757	1043.934	3.72075	1.75	13.1	6.157	6.541E-9	1	0	24.28969
3499	-17.5	27.5	32.596	1043.693	3.62014	1.75	13.1	6.996	6.1927E-9	1	0	22.00435
3500	-17.5	28.5	33.444	1043.529	3.55407	1.75	13.1	7.844	5.9691E-9	1	0	20.02618
3501	-17.5	29.5	34.3	1043.446	3.532	1.75	13.1	8.7	5.8954E-9	1	0	18.20516
3502	-16.5	-29.5	33.801	1043.423	3.21558	1.75	13.1	8.201	4.8865E-9	1	0	21.18788
3503	-16.5	-28.5	32.932	1043.511	3.23669	1.75	13.1	7.332	4.9507E-9	1	0	23.4995
3504	-16.5	-27.5	32.07	1043.685	3.30357	1.75	13.1	6.47	5.157E-9	1	0	26.04539
3505	-16.5	-26.5	31.217	1043.94	3.40594	1.75	13.1	5.617	5.481E-9	1	0	29.05829
3506	-16.5	-25.5	30.373	1044.269	3.54609	1.75	20	4.773	5.9405E-9	1	0	32.77416
3507	-16.5	-24.5	29.538	1044.656	3.72664	1.75	20	3.938	6.5597E-9	0	0	37.77129
3508	-16.5	-23.5	28.714	1045.059	3.94937	1.75	20	3.114	7.366E-9	0	0	45.05015
3509	-16.5	-22.5	27.902	1045.457	4.21217	1.75	20	2.302	8.3775E-9	0	0	57.13093
3510	-16.5	-21.5	27.102	1045.822	4.5047	1.75	20	1.502	9.58E-9	0	0	81.86154
3511	-16.5	-20.5	26.315	1046.126	5.30728	1.75	20	1	1.3296E-8	0	0	104.33415
3512	-16.663	-19.716	25.814	1046.312	5.04945	1.75	20	1	1.2035E-8	0	0	109.66719
3513	-16.663	19.716	25.814	1046.312	5.04945	1.75	20	1	1.2035E-8	0	0	109.66719
3514	-16.5	20.5	26.315	1046.126	5.30728	1.75	20	1	1.3296E-8	0	0	104.33415
3515	-16.5	21.5	27.102	1045.822	4.5047	1.75	20	1.502	9.58E-9	0	0	81.86154
3516	-16.5	22.5	27.902	1045.457	4.21217	1.75	20	2.302	8.3775E-9	0	0	57.13093
3517	-16.5	23.5	28.714	1045.059	3.94937	1.75	20	3.114	7.366E-9	0	0	45.05015
3518	-16.5	24.5	29.538	1044.656	3.72664	1.75	20	3.938	6.5597E-9	0	0	37.77129
3519	-16.5	25.5	30.373	1044.269	3.54609	1.75	20	4.773	5.9405E-9	1	0	32.77416
3520	-16.5	26.5	31.217	1043.94	3.40594	1.75	13.1	5.617	5.481E-9	1	0	29.05829
3521	-16.5	27.5	32.07	1043.685	3.30357	1.75	13.1	6.47	5.157E-9	1	0	26.04539
3522	-16.5	28.5	32.932	1043.511	3.23669	1.75	13.1	7.332	4.9507E-9	1	0	23.4995
3523	-16.5	29.5	33.801	1043.423	3.21558	1.75	13.1	8.201	4.8865E-9	1	0	21.18788
3524	-15.5	-29.5	33.324	1043.422	2.89808	1.75	13.1	7.724	3.9692E-9	1	0	24.93254
3525	-15.5	-28.5	32.442	1043.516	2.91774	1.75	13.1	6.842	4.023E-9	1	0	27.90503
3526	-15.5	-27.5	31.567	1043.702	2.98448	1.75	13.1	5.967	4.2089E-9	1	0	31.23104
3527	-15.5	-26.5	30.7	1043.975	3.08728	1.75	13.1	5.1	4.5033E-9	1	0	35.27771
3528	-15.5	-25.5	29.841	1044.329	3.22946	1.75	20	4.241	4.9269E-9	0	0	40.47759
3529	-15.5	-24.5	28.991	1044.729	3.41543	1.75	20	3.391	5.5097E-9	0	0	47.83841
3530	-15.5	-23.5	28.151	1045.148	3.64979	1.75	20	2.551	6.2907E-9	0	0	59.48169
3531	-15.5	-22.5	27.322	1045.567	3.9306	1.75	20	1.722	7.2946E-9	0	0	81.80655
3532	-15.5	-21.5	26.505	1045.95	4.3543	1.75	20	1	8.9505E-9	0	0	127.16245
3533	-15.601	-20.647	25.878	1046.241	5.07731	1.75	20	1	1.2168E-8	0	0	109.06319
3534	-15.601	20.647	25.878	1046.241	5.07731	1.75	20	1	1.2168E-8	0	0	109.06319
3535	-15.5	21.5	26.505	1045.95	4.3543	1.75	20	1	8.9505E-9	0	0	127.16245
3536	-15.5	22.5	27.322	1045.567	3.9306	1.75	20	1.722	7.2946E-9	0	0	81.80655
3537	-15.5	23.5	28.151	1045.148	3.64979	1.75	20	2.551	6.2907E-9	0	0	59.48169
3538	-15.5	24.5	28.991	1044.729	3.41543	1.75	20	3.391	5.5097E-9	0	0	47.83841
3539	-15.5	25.5	29.841	1044.329	3.22946	1.75	20	4.241	4.9269E-9	0	0	40.47759
3540	-15.5	26.5	30.7	1043.975	3.08728	1.75	13.1	5.1	4.5033E-9	1	0	35.27771
3541	-15.5	27.5	31.567	1043.702	2.98448	1.75	13.1	5.967	4.2089E-9	1	0	31.23104
3542	-15.5	28.5	32.442	1043.516	2.91774	1.75	13.1	6.842	4.023E-9	1	0	27.90503
3543	-15.5	29.5	33.324	1043.422	2.89808	1.75	13.1	7.724	3.9692E-9	1	0	24.93254
3544	-14.5	-29.5	32.871	1043.445	2.58305	1.75	13.1	7.271	3.1531E-9	1	0	29.68773
3545	-14.5	-28.5	31.977	1043.546	2.60071	1.75	13.1	6.377	3.1962E-9	1	0	33.56317
3546	-14.5	-27.5	31.089	1043.747	2.66606	1.75	13.1	5.489	3.3586E-9	1	0	37.98082
3547	-14.5	-26.5	30.208	1044.043	2.76738	1.75	20	4.608	3.6183E-9	1	0	43.4914
3548	-14.5	-25.5	29.334	1044.418	2.90898	1.75	20	3.734	3.9974E-9	0	0	51.01786
3549	-14.5	-24.5	28.469	1044.835	3.09773	1.75	20	2.869	4.5321E-9	0	0	62.32308
3550	-14.5	-23.5	27.613	1045.283	3.34705	1.75	20	2.013	5.29E-9	0	0	82.17515
3551	-14.5	-22.5	26.768	1045.746	3.61115	1.75	20	1.168	6.1566E-9	0	0	131.32872
3552	-14.563	-21.526	25.989	1046.136	4.21396	1.75	20	1	8.3822E-9	0	0	131.40406
3553	-14.563	21.526	25.989	1046.136	4.21396	1.75	20	1	8.3822E-9	0	0	131.40406
3554	-14.5	22.5	26.768	1045.746	3.61115	1.75	20	1.168	6.1566E-9	0	0	131.32872
3555	-14.5	23.5	27.613	1045.283	3.34705	1.75	20	2.013	5.29E-9	0	0	82.17515
3556	-14.5	24.5	28.469	1044.835	3.09773	1.75	20	2.869	4.5321E-9	0	0	62.32308
3557	-14.5	25.5	29.334	1044.418	2.90898	1.75	20	3.734	3.9974E-9	0	0	51.01786
3558	-14.5	26.5	30.208	1044.043	2.76738	1.75	20	4.608	3.6183E-9	1	0	43.4914
3559	-14.5	27.5	31.089	1043.747	2.66606	1.75	13.1	5.489	3.3586E-9	1	0	37.98082
3560	-14.5	28.5	31.977	1043.546	2.60071	1.75	13.1	6.377	3.1962E-9	1	0	33.56317
3561	-14.5	29.5	32.871	1043.445	2.58305	1.75	13.1	7.271	3.1531E-9	1	0	29.68773
3562	-13.5	-29.5	32.442	1043.495	2.27449	1.75	13.1	6.842	2.4447E-9	1	0	35.79663
3563	-13.5	-28.5	31.536	1043.605	2.28963	1.75	13.1	5.936	2.4773E-9	1	0	40.92293
3564	-13.5	-27.5	30.635	1043.822	2.35218	1.75	20	5.035	2.6143E-9	1	0	46.84228
3565	-13.5	-26.5	29.741	1044.143	2.44963	1.75	20	4.141	2.835E-9	0	0	54.65376
3566	-13.5	-25.5	28.853	1044.533	2.58665	1.75	20	3.253	3.1605E-9	0	0	65.84169
3567	-13.5	-24.5	27.973	1044.976	2.76929	1.75	20	2.373	3.6218E-9	0	0	84.26816
3568	-13.5	-23.5	27.102	1045.459	3.02432	1.75	20	1.502	4.3188E-9	0	0	121.91968
3569	-13.541	-22.361	26.142	1046.025	3.3331	1.75	20	1	5.2444E-9	0	0	166.12591
3570	-13.541	22.361	26.142	1046.025	3.3331	1.75	20	1	5.2444E-9	0	0	166.12591
3571	-13.5	23.5	27.102	1045.459	3.02432	1.75	20	1.502	4.3188E-9	0	0	121.91968
3572	-13.5	24.5	27.973	1044.976	2.76929	1.75	20	2.373	3.6218E-9	0	0	84.26816
3573	-13.5	25.5	28.853	1044.533	2.58665	1.75	20	3.253	3.1605E-9	0	0	65.84169
3574	-13.5	26.5	29.741	1044.143	2.44963	1.75	20	4.141	2.835E-9	0	0	54.65376
3575	-13.5	27.5	30.635	1043.822	2.35218	1.75	20	5.035	2.6143E-9	1	0	46.84228
3576	-13.5	28.5	31.536	1043.605	2.28963	1.75	13.1	5.936	2.4773E-9	1	0	40.92293
3577	-13.5	29.5	32.442	1043.495	2.27449	1.75	13.1	6.842	2.4447E-9	1	0	35.79663
3578	-12.5	-29.5	32.039	1043.573	1.97666	1.75	13.1	6.439	1.8464E-9	1	0	43.73621
3579	-12.5	-28.5	31.121	1043.692	1.98889	1.75	13.1	5.521	1.8692E-9	1	0	50.61782
3580	-12.5	-27.5	30.208	1043.928	2.04729	1.75	20	4.608	1.9804E-9	1	0	58.78673
3581	-12.5	-26.5	29.3	1044.267	2.13863	1.75	20	3.7	2.1607E-9	0	0	70.0296
3582	-12.5	-25.5	28.399	1044.677	2.26838	1.75	20	2.799	2.4304E-9	0	0	87.2405
3583	-12.5	-24.5	27.505	1045.152	2.44658	1.75	20	1.905	2.8267E-9	0	0	118.83587
3584	-12.5	-23.5	26.618	1045.686	2.67514	1.75	20	1.018	3.3787E-9	0	0	203.37399
3585	-12.57	-22.649	25.904	1046.145	2.85655	1.75	20	1	3.8518E-9	0	0	193.84668
3586	-12.57	22.649	25.904	1046.145	2.85655	1.75	20	1	3.8518E-9	0	0	193.84668
3587	-12.5	23.5	26.618	1045.686	2.67514	1.75	20	1.018	3.3787E-9	0	0	203.37399
3588	-12.5	24.5	27.505	1045.152	2.44658	1.75	20	1.905	2.8267E-9	0	0	118.83587
3589	-12.5	25.5	28.399	1044.677	2.26838	1.75	20	2.799	2.4304E-9	0	0	87.2405
3590	-12.5	26.5	29.3	1044.267	2.13863	1.75	20	3.7	2.1607E-9	0	0	70.0296
3591	-12.5	27.5	30.208	1043.928	2.04729	1.75	20	4.608	1.9804E-9	1	0	58.78673
3592	-12.5	28.5	31.121	1043.692	1.98889	1.75	13.1	5.521	1.8692E-9	1	0	50.61782
3593	-12.5	29.5	32.039	1043.573	1.97666	1.75	13.1	6.439	1.8464E-9	1	0	43.73621
3594	-11.5	-29.5	31.662	1043.676	1.69388	1.75	13.1	6.062	1.3558E-9	1	0	54.17387
3595	-11.5	-28.5	30.733	1043.804	1.70301	1.75	13.1	5.133	1.3704E-9	1	0	63.5471
3596	-11.5	-27.5	29.808	1044.059	1.75609	1.75	20	4.208	1.457E-9	0	0	75.02394
3597	-11.5	-26.5	28.888	1044.411	1.83902	1.75	20	3.288	1.5976E-9	0	0	91.63223
3598	-11.5	-25.5	27.973	1044.844	1.95637	1.75	20	2.373	1.8077E-9	0	0	119.27938
3599	-11.5	-24.5	27.065	1045.354	2.13019	1.75	20	1.465	2.1427E-9	0	0	177.45098
3600	-11.537	-23.425	26.112	1045.978	2.35285	1.75	20	1	2.6133E-9	0	0	235.33436
3601	-11.537	23.425	26.112	1045.978	2.35285	1.75	20	1	2.6133E-9	0	0	235.33436
3602	-11.5	24.5	27.065	1045.354	2.13019	1.75	20	1.465	2.1427E-9	0	0	177.45098
3603	-11.5	25.5	27.973	1044.844	1.95637	1.75	20	2.373	1.8077E-9	0	0	119.27938
3604	-11.5	26.5	28.888	1044.411	1.83902	1.75	20	3.288	1.5976E-9	0	0	91.63223
3605	-11.5	27.5	29.808	1044.059	1.75609	1.75	20	4.208	1.457E-9	0	0	75.02394
3606	-11.5	28.5	30.733	1043.804	1.70301	1.75	13.1	5.133	1.3704E-9	1	0	63.5471
3607	-11.5	29.5	31.662	1043.676	1.69388	1.75	13.1	6.062	1.3558E-9	1	0	54.17387
3608	-10.5	-29.5	31.313	1043.799	1.4301	1.75	13.1	5.713	9.6637E-10	1	0	68.05107
3609	-10.5	-28.5	30.373	1043.937	1.43626	1.75	20	4.773	9.7465E-10	1	0	80.91128
3610	-10.5	-27.5	29.436	1044.207	1.4834	1.75	20	3.836	1.0396E-9	0	0	97.38637
3611	-10.5	-26.5	28.504	1044.572	1.55676	1.75	20	2.904	1.1447E-9	0	0	122.50893
3612	-10.5	-25.5	27.577	1045.03	1.66065	1.75	20	1.977	1.3024E-9	0	0	168.64609
3613	-10.5	-24.5	26.655	1045.578	1.8349	1.75	20	1.055	1.5897E-9	0	0	285.94899
3614	-10.557	-23.66	25.908	1046.124	1.92828	1.75	20	1	1.7552E-9	0	0	287.16237
3615	-10.557	23.66	25.908	1046.124	1.92828	1.75	20	1	1.7552E-9	0	0	287.16237
3616	-10.5	24.5	26.655	1045.578	1.8349	1.75	20	1.055	1.5897E-9	0	0	285.94899
3617	-10.5	25.5	27.577	1045.03	1.66065	1.75	20	1.977	1.3024E-9	0	0	168.64609
3618	-10.5	26.5	28.504	1044.572	1.55676	1.75	20	2.904	1.1447E-9	0	0	122.50893
3619	-10.5	27.5	29.436	1044.207	1.4834	1.75	20	3.836	1.0396E-9	0	0	97.38637
3620	-10.5	28.5	30.373	1043.937	1.43626	1.75	20	4.773	9.7465E-10	1	0	80.91128
3621	-10.5	29.5	31.313	1043.799	1.4301	1.75	13.1	5.713	9.6637E-10	1	0	68.05107
3622	-9.5	-29.5	30.992	1043.937	1.1886	1.75	13.1	5.392	6.675E-10	1	0	86.71054
3623	-9.5	-28.5	30.042	1044.086	1.19216	1.75	20	4.442	6.7146E-10	1	0	104.7153
3624	-9.5	-27.5	29.095	1044.364	1.23338	1.75	20	3.495	7.1862E-10	0	0	128.55289
3625	-9.5	-26.5	28.151	1044.744	1.29665	1.75	20	2.551	7.9411E-10	0	0	167.40957
3626	-9.5	-25.5	27.212	1045.225	1.38077	1.75	20	1.612	9.003E-10	0	0	248.73665
3627	-9.5	-24.5	26.277	1045.801	1.57643	1.75	20	1	1.1732E-9	0	0	351.2246
3628	-9.645	-23.856	25.732	1046.25	1.57948	1.75	20	1	1.1776E-9	0	0	350.58945
3629	-9.645	23.856	25.732	1046.25	1.57948	1.75	20	1	1.1776E-9	0	0	350.58945
3630	-9.5	24.5	26.277	1045.801	1.57643	1.75	20	1	1.1732E-9	0	0	351.2246
3631	-9.5	25.5	27.212	1045.225	1.38077	1.75	20	1.612	9.003E-10	0	0	248.73665
3632	-9.5	26.5	28.151	1044.744	1.29665	1.75	20	2.551	7.9411E-10	0	0	167.40957
3633	-9.5	27.5	29.095	1044.364	1.23338	1.75	20	3.495	7.1862E-10	0	0	128.55289
3634	-9.5	28.5	30.042	1044.086	1.19216	1.75	20	4.442	6.7146E-10	1	0	104.7153
3635	-9.5	29.5	30.992	1043.937	1.1886	1.75	13.1	5.392	6.675E-10	1	0	86.71054
3636	-8.5	-29.5	30.7	1044.083	0.97163	1.75	13.1	5.1	4.4602E-10	1	0	112.09584
3637	-8.5	-28.5	29.741	1044.242	0.97308	1.75	20	4.141	4.4732E-10	0	0	137.58958
3638	-8.5	-27.5	28.784	1044.525	1.00905	1.75	20	3.184	4.8095E-10	0	0	172.45306
3639	-8.5	-26.5	27.83	1044.922	1.06563	1.75	20	2.23	5.363E-10	0	0	233.05162
3640	-8.5	-25.5	26.879	1045.433	1.15621	1.75	20	1.279	6.3122E-10	0	0	374.29487
3641	-8.534	-24.567	26.007	1046.019	1.29195	1.75	20	1	7.8793E-10	0	0	428.58758
3642	-8.534	24.567	26.007	1046.019	1.29195	1.75	20	1	7.8793E-10	0	0	428.58758
3643	-8.5	25.5	26.879	1045.433	1.15621	1.75	20	1.279	6.3122E-10	0	0	374.29487
3644	-8.5	26.5	27.83	1044.922	1.06563	1.75	20	2.23	5.363E-10	0	0	233.05162
3645	-8.5	27.5	28.784	1044.525	1.00905	1.75	20	3.184	4.8095E-10	0	0	172.45306
3646	-8.5	28.5	29.741	1044.242	0.97308	1.75	20	4.141	4.4732E-10	0	0	137.58958
3647	-8.5	29.5	30.7	1044.083	0.97163	1.75	13.1	5.1	4.4602E-10	1	0	112.09584
3648	-7.5	-29.5	30.438	1044.23	0.7804	1.75	20	4.838	2.8771E-10	1	0	146.90806
3649	-7.5	-28.5	29.47	1044.395	0.78008	1.75	20	3.87	2.8746E-10	0	0	183.57987
3650	-7.5	-27.5	28.504	1044.684	0.81056	1.75	20	2.904	3.1032E-10	0	0	235.29778
3651	-7.5	-26.5	27.541	1045.096	0.85889	1.75	20	1.941	3.4837E-10	0	0	332.17068
3652	-7.5	-25.5	26.58	1045.634	0.94301	1.75	20	1	4.1985E-10	0	0	587.11728
3653	-7.549	-24.73	25.856	1046.152	0.99356	1.75	20	1	4.6597E-10	0	0	557.32413
3654	-7.549	24.73	25.856	1046.152	0.99356	1.75	20	1	4.6597E-10	0	0	557.32413
3655	-7.5	25.5	26.58	1045.634	0.94301	1.75	20	1	4.1985E-10	0	0	587.11728
3656	-7.5	26.5	27.541	1045.096	0.85889	1.75	20	1.941	3.4837E-10	0	0	332.17068
3657	-7.5	27.5	28.504	1044.684	0.81056	1.75	20	2.904	3.1032E-10	0	0	235.29778
3658	-7.5	28.5	29.47	1044.395	0.78008	1.75	20	3.87	2.8746E-10	0	0	183.57987
3659	-7.5	29.5	30.438	1044.23	0.7804	1.75	20	4.838	2.8771E-10	1	0	146.90806
3660	-6.5	-29.5	30.208	1044.371	0.61521	1.75	20	4.608	1.7879E-10	1	0	195.65389
3661	-6.5	-28.5	29.232	1044.536	0.6136	1.75	20	3.632	1.7785E-10	0	0	248.67904
3662	-6.5	-27.5	28.258	1044.831	0.63853	1.75	20	2.658	1.9256E-10	0	0	326.37787
3663	-6.5	-26.5	27.286	1045.258	0.67655	1.75	20	1.686	2.1614E-10	0	0	485.55867
3664	-6.5	-25.5	26.315	1045.814	0.74625	1.75	20	1	2.6291E-10	0	0	741.95479
3665	-6.591	-24.868	25.726	1046.25	0.78109	1.75	20	1	2.8798E-10	0	0	708.9403
3666	-6.591	24.868	25.726	1046.25	0.78109	1.75	20	1	2.8798E-10	0	0	708.9403
3667	-6.5	25.5	26.315	1045.814	0.74625	1.75	20	1	2.6291E-10	0	0	741.95479
3668	-6.5	26.5	27.286	1045.258	0.67655	1.75	20	1.686	2.1614E-10	0	0	485.55867
3669	-6.5	27.5	28.258	1044.831	0.63853	1.75	20	2.658	1.9256E-10	0	0	326.37787
3670	-6.5	28.5	29.232	1044.536	0.6136	1.75	20	3.632	1.7785E-10	0	0	248.67904
3671	-6.5	29.5	30.208	1044.371	0.61521	1.75	20	4.608	1.7879E-10	1	0	195.65389
3672	-5.5	-29.5	30.008	1044.497	0.47546	1.75	20	4.408	1.0679E-10	1	0	264.56529
3673	-5.5	-28.5	29.026	1044.66	0.47326	1.75	20	3.426	1.0579E-10	0	0	341.77097
3674	-5.5	-27.5	28.045	1044.962	0.49385	1.75	20	2.445	1.1518E-10	0	0	458.74693
3675	-5.5	-26.5	27.065	1045.402	0.52668	1.75	20	1.465	1.3098E-10	0	0	717.7211
3676	-5.518	-25.498	26.089	1045.98	0.57212	1.75	20	1	1.5452E-10	0	0	967.82376
3677	-5.518	25.498	26.089	1045.98	0.57212	1.75	20	1	1.5452E-10	0	0	967.82376
3678	-5.5	26.5	27.065	1045.402	0.52668	1.75	20	1.465	1.3098E-10	0	0	717.7211
3679	-5.5	27.5	28.045	1044.962	0.49385	1.75	20	2.445	1.1518E-10	0	0	458.74693
3680	-5.5	28.5	29.026	1044.66	0.47326	1.75	20	3.426	1.0579E-10	0	0	341.77097
3681	-5.5	29.5	30.008	1044.497	0.47546	1.75	20	4.408	1.0679E-10	1	0	264.56529
3682	-4.5	-29.5	29.841	1044.598	0.35955	1.75	20	4.241	6.1065E-11	0	0	363.59158
3683	-4.5	-28.5	28.853	1044.761	0.35746	1.75	20	3.253	6.0351E-11	0	0	476.47605
3684	-4.5	-27.5	27.866	1045.07	0.37498	1.75	20	2.266	6.6402E-11	0	0	651.84018
3685	-4.5	-26.5	26.879	1045.524	0.4023	1.75	20	1.279	7.6418E-11	0	0	1075.74004
3686	-4.519	-25.598	25.994	1046.063	0.42287	1.75	20	1	8.441E-11	0	0	1309.44731
3687	-4.519	25.598	25.994	1046.063	0.42287	1.75	20	1	8.441E-11	0	0	1309.44731
3688	-4.5	26.5	26.879	1045.524	0.4023	1.75	20	1.279	7.6418E-11	0	0	1075.74004
3689	-4.5	27.5	27.866	1045.07	0.37498	1.75	20	2.266	6.6402E-11	0	0	651.84018
3690	-4.5	28.5	28.853	1044.761	0.35746	1.75	20	3.253	6.0351E-11	0	0	476.47605
3691	-4.5	29.5	29.841	1044.598	0.35955	1.75	20	4.241	6.1065E-11	0	0	363.59158
3692	-3.5	-29.5	29.707	1044.668	0.26512	1.75	20	4.107	3.32E-11	0	0	509.18165
3693	-3.5	-28.5	28.714	1044.832	0.26388	1.75	20	3.114	3.2886E-11	0	0	674.21478
3694	-3.5	-27.5	27.722	1045.15	0.27946	1.75	20	2.122	3.688E-11	0	0	933.9239
3695	-3.5	-26.5	26.73	1045.617	0.30094	1.75	20	1.13	4.2759E-11	0	0	1627.95463
3696	-3.518	-25.678	25.918	1046.122	0.31379	1.75	20	1	4.6479E-11	0	0	1764.64242
3697	-3.518	25.678	25.918	1046.122	0.31379	1.75	20	1	4.6479E-11	0	0	1764.64242
3698	-3.5	26.5	26.73	1045.617	0.30094	1.75	20	1.13	4.2759E-11	0	0	1627.95463
3699	-3.5	27.5	27.722	1045.15	0.27946	1.75	20	2.122	3.688E-11	0	0	933.9239
3700	-3.5	28.5	28.714	1044.832	0.26388	1.75	20	3.114	3.2886E-11	0	0	674.21478
3701	-3.5	29.5	29.707	1044.668	0.26512	1.75	20	4.107	3.32E-11	0	0	509.18165
3702	-2.5	-29.5	29.606	1044.698	0.18929	1.75	20	4.006	1.6923E-11	0	0	731.12943
3703	-2.5	-28.5	28.609	1044.867	0.18987	1.75	20	3.009	1.7026E-11	0	0	969.54095
3704	-2.5	-27.5	27.613	1045.195	0.20562	1.75	20	2.013	1.9966E-11	0	0	1337.58944
3705	-2.5	-26.5	26.618	1045.679	0.22397	1.75	20	1.018	2.3682E-11	0	0	2429.1842
3706	-2.516	-25.737	25.86	1046.162	0.23419	1.75	20	1	2.5888E-11	0	0	2364.52141
3707	-2.516	25.737	25.86	1046.162	0.23419	1.75	20	1	2.5888E-11	0	0	2364.52141
3708	-2.5	26.5	26.618	1045.679	0.22397	1.75	20	1.018	2.3682E-11	0	0	2429.1842
3709	-2.5	27.5	27.613	1045.195	0.20562	1.75	20	2.013	1.9966E-11	0	0	1337.58944
3710	-2.5	28.5	28.609	1044.867	0.18987	1.75	20	3.009	1.7026E-11	0	0	969.54095
3711	-2.5	29.5	29.606	1044.698	0.18929	1.75	20	4.006	1.6923E-11	0	0	731.12943
3712	-1.5	-29.5	29.538	1044.682	0.1289	1.75	20	3.938	7.848E-12	0	0	1092.01279
3713	-1.5	-28.5	28.539	1044.857	0.13258	1.75	20	2.939	8.3023E-12	0	0	1421.44073
3714	-1.5	-27.5	27.541	1045.202	0.15113	1.75	20	1.941	1.0785E-11	0	0	1887.85561
3715	-1.5	-26.5	26.542	1045.71	0.1689	1.75	20	1	1.3468E-11	0	0	3278.0557
3716	-1.511	-25.777	25.821	1046.185	0.1778	1.75	20	1	1.4921E-11	0	0	3114.46246
3717	-1.511	25.777	25.821	1046.185	0.1778	1.75	20	1	1.4921E-11	0	0	3114.46246
3718	-1.5	26.5	26.542	1045.71	0.1689	1.75	20	1	1.3468E-11	0	0	3278.0557
3719	-1.5	27.5	27.541	1045.202	0.15113	1.75	20	1.941	1.0785E-11	0	0	1887.85561
3720	-1.5	28.5	28.539	1044.857	0.13258	1.75	20	2.939	8.3023E-12	0	0	1421.44073
3721	-1.5	29.5	29.538	1044.682	0.1289	1.75	20	3.938	7.848E-12	0	0	1092.01279
3722	-0.5	-29.5	29.504	1044.609	0.08121	1.75	20	3.904	3.115E-12	0	0	1748.29768
3723	-0.5	-28.5	28.504	1044.793	0.08994	1.75	20	2.904	3.8202E-12	0	0	2120.72261
3724	-0.5	-27.5	27.505	1045.161	0.11415	1.75	20	1.905	6.1529E-12	0	0	2547.10717
3725	-0.5	-26.5	26.505	1045.706	0.13309	1.75	20	1	8.3625E-12	0	0	4160.13602
3726	-0.504	-25.797	25.802	1046.194	0.14004	1.75	20	1	9.2567E-12	0	0	3954.22363
3727	-0.504	25.797	25.802	1046.194	0.14004	1.75	20	1	9.2567E-12	0	0	3954.22363
3728	-0.5	26.5	26.505	1045.706	0.13309	1.75	20	1	8.3625E-12	0	0	4160.13602
3729	-0.5	27.5	27.505	1045.161	0.11415	1.75	20	1.905	6.1529E-12	0	0	2547.10717
3730	-0.5	28.5	28.504	1044.793	0.08994	1.75	20	2.904	3.8202E-12	0	0	2120.72261
3731	-0.5	29.5	29.504	1044.609	0.08121	1.75	20	3.904	3.115E-12	0	0	1748.29768
3732	0.499	-29.497	29.501	1044.347	0.11047	0.64	20	3.901	2.1083E-12	0	0	1289.51018
3733	0.5	-28.5	28.504	1044.548	0.10762	0.64	20	2.904	2.0009E-12	0	0	1774.71235
3734	0.5	-27.5	27.505	1044.971	0.11137	0.64	20	1.905	2.1424E-12	0	0	2612.0654
3735	0.5	-26.5	26.505	1045.638	0.11996	0.6468	20	1	2.511E-12	0	0	4616.24411
3736	0.504	-25.797	25.802	1046.202	0.07984	1.0559	20	1	1.8156E-12	0	0	6935.76234
3737	0.504	25.797	25.802	1046.202	0.07984	1.0559	20	1	1.8156E-12	0	0	6935.76234
3738	0.5	26.5	26.505	1045.638	0.11996	0.6468	20	1	2.511E-12	0	0	4616.24411
3739	0.5	27.5	27.505	1044.971	0.11137	0.64	20	1.905	2.1424E-12	0	0	2612.0654
3740	0.5	28.5	28.504	1044.548	0.10762	0.64	20	2.904	2.0009E-12	0	0	1774.71235
3741	0.499	29.497	29.501	1044.347	0.11047	0.64	20	3.901	2.1083E-12	0	0	1289.51018
3742	1.496	-29.481	29.519	1044.072	0.07844	0.64	20	3.919	1.063E-12	0	0	1808.11447
3743	1.5	-28.5	28.539	1044.286	0.07576	0.64	20	2.939	9.9149E-13	0	0	2491.18381
3744	1.5	-27.5	27.541	1044.763	0.07729	0.64	20	1.941	1.0317E-12	0	0	3693.60037
3745	1.5	-26.5	26.542	1045.525	0.07911	0.644	20	1	1.0873E-12	0	0	6999.96142
3746	1.511	-25.777	25.821	1046.17	0.05208	1.0262	20	1	7.5076E-13	0	0	10633.14875
3747	1.511	25.777	25.821	1046.17	0.05208	1.0262	20	1	7.5076E-13	0	0	10633.14875
3748	1.5	26.5	26.542	1045.525	0.07911	0.644	20	1	1.0873E-12	0	0	6999.96142
3749	1.5	27.5	27.541	1044.763	0.07729	0.64	20	1.941	1.0317E-12	0	0	3693.60037
3750	1.5	28.5	28.539	1044.286	0.07576	0.64	20	2.939	9.9149E-13	0	0	2491.18381
3751	1.496	29.481	29.519	1044.072	0.07844	0.64	20	3.919	1.063E-12	0	0	1808.11447
3752	2.492	-29.447	29.553	1043.875	0.05556	0.64	20	3.953	5.3341E-13	0	0	2530.60095
3753	2.5	-28.5	28.609	1044.084	0.05296	0.64	20	3.009	4.8459E-13	0	0	3480.87035
3754	2.5	-27.5	27.613	1044.584	0.0531	0.64	20	2.013	4.8707E-13	0	0	5182.5132
3755	2.5	-26.5	26.618	1045.39	0.05302	0.641	20	1.018	4.8612E-13	0	0	10263.31043
3756	2.516	-25.737	25.86	1046.116	0.03592	0.9752	20	1	3.3944E-13	0	0	15415.65238
3757	2.516	25.737	25.86	1046.116	0.03592	0.9752	20	1	3.3944E-13	0	0	15415.65238
3758	2.5	26.5	26.618	1045.39	0.05302	0.641	20	1.018	4.8612E-13	0	0	10263.31043
3759	2.5	27.5	27.613	1044.584	0.0531	0.64	20	2.013	4.8707E-13	0	0	5182.5132
3760	2.5	28.5	28.609	1044.084	0.05296	0.64	20	3.009	4.8459E-13	0	0	3480.87035
3761	2.492	29.447	29.553	1043.875	0.05556	0.64	20	3.953	5.3341E-13	0	0	2530.60095
3762	3.488	-29.398	29.604	1043.734	0.03926	0.64	20	4.004	2.6639E-13	0	0	3535.67174
3763	3.5	-28.5	28.714	1043.919	0.03695	0.64	20	3.114	2.3585E-13	0	0	4822.56549
3764	3.5	-27.5	27.722	1044.418	0.03648	0.64	20	2.122	2.2987E-13	0	0	7159.16082
3765	3.5	-26.5	26.73	1045.23	0.03574	0.64	20	1.13	2.2063E-13	0	0	13708.65415
3766	3.518	-25.678	25.918	1046.037	0.02537	0.9164	20	1	1.5909E-13	0	0	21828.32457
3767	3.518	25.678	25.918	1046.037	0.02537	0.9164	20	1	1.5909E-13	0	0	21828.32457
3768	3.5	26.5	26.73	1045.23	0.03574	0.64	20	1.13	2.2063E-13	0	0	13708.65415
3769	3.5	27.5	27.722	1044.418	0.03648	0.64	20	2.122	2.2987E-13	0	0	7159.16082
3770	3.5	28.5	28.714	1043.919	0.03695	0.64	20	3.114	2.3585E-13	0	0	4822.56549
3771	3.488	29.398	29.604	1043.734	0.03926	0.64	20	4.004	2.6639E-13	0	0	3535.67174
3772	4.481	-29.331	29.671	1043.633	0.02776	0.64	20	4.071	1.3314E-13	0	0	4918.8913
3773	4.5	-28.5	28.853	1043.78	0.02577	0.64	20	3.253	1.1476E-13	0	0	6619.67651
3774	4.5	-27.5	27.866	1044.255	0.02511	0.64	20	2.266	1.0894E-13	0	0	9740.32459
3775	4.5	-26.5	26.879	1045.045	0.02421	0.64	20	1.279	1.0119E-13	0	0	17881.81976
3776	4.519	-25.598	25.994	1045.933	0.01801	0.8631	20	1	7.55E-14	0	0	30751.74547
3777	4.519	25.598	25.994	1045.933	0.01801	0.8631	20	1	7.55E-14	0	0	30751.74547
3778	4.5	26.5	26.879	1045.045	0.02421	0.64	20	1.279	1.0119E-13	0	0	17881.81976
3779	4.5	27.5	27.866	1044.255	0.02511	0.64	20	2.266	1.0894E-13	0	0	9740.32459
3780	4.5	28.5	28.853	1043.78	0.02577	0.64	20	3.253	1.1476E-13	0	0	6619.67651
3781	4.481	29.331	29.671	1043.633	0.02776	0.64	20	4.071	1.3314E-13	0	0	4918.8913
3782	5.468	-29.248	29.755	1043.561	0.0198	0.64	20	4.155	6.7755E-14	0	0	6758.0293
3783	5.5	-28.5	29.026	1043.661	0.01796	0.64	20	3.426	5.576E-14	0	0	9020.73138
3784	5.5	-27.5	28.045	1044.093	0.01733	0.64	20	2.445	5.1877E-14	0	0	13085.46689
3785	5.5	-26.5	27.065	1044.839	0.01646	0.64	20	1.465	4.6772E-14	0	0	22976.59401
3786	5.518	-25.498	26.089	1045.806	0.01275	0.8201	20	1	3.597E-14	0	0	43426.83737
3787	5.518	25.498	26.089	1045.806	0.01275	0.8201	20	1	3.597E-14	0	0	43426.83737
3788	5.5	26.5	27.065	1044.839	0.01646	0.64	20	1.465	4.6772E-14	0	0	22976.59401
3789	5.5	27.5	28.045	1044.093	0.01733	0.64	20	2.445	5.1877E-14	0	0	13085.46689
3790	5.5	28.5	29.026	1043.661	0.01796	0.64	20	3.426	5.576E-14	0	0	9020.73138
3791	5.468	29.248	29.755	1043.561	0.0198	0.64	20	4.155	6.7755E-14	0	0	6758.0293
3792	6.435	-29.15	29.852	1043.511	0.01487	0.64	20	4.252	3.8214E-14	0	0	8794.81667
3793	6.5	-28.5	29.232	1043.562	0.01239	0.64	20	3.632	2.6542E-14	0	0	12338.19941
3794	6.5	-27.5	28.258	1043.933	0.01198	0.64	20	2.658	2.4794E-14	0	0	17415.26812
3795	6.5	-26.5	27.286	1044.615	0.01123	0.64	20	1.686	2.178E-14	0	0	29265.54836
3796	6.5	-25.5	26.315	1045.593	0.01034	0.6835	20	1	1.9723E-14	0	0	53541.20832
3797	6.591	-24.868	25.726	1046.24	0.00615	1.2143	20	1	1.2381E-14	0	0	90067.49481
3798	6.591	24.868	25.726	1046.24	0.00615	1.2143	20	1	1.2381E-14	0	0	90067.49481
3799	6.5	25.5	26.315	1045.593	0.01034	0.6835	20	1	1.9723E-14	0	0	53541.20832
3800	6.5	26.5	27.286	1044.615	0.01123	0.64	20	1.686	2.178E-14	0	0	29265.54836
3801	6.5	27.5	28.258	1043.933	0.01198	0.64	20	2.658	2.4794E-14	0	0	17415.26812
3802	6.5	28.5	29.232	1043.562	0.01239	0.64	20	3.632	2.6542E-14	0	0	12338.19941
3803	6.435	29.15	29.852	1043.511	0.01487	0.64	20	4.252	3.8214E-14	0	0	8794.81667
3804	7.229	-29.058	29.943	1043.477	0.00477	0.64	20	4.343	3.9243E-15	0	0	26872.70591
3805	7.495	-28.493	29.463	1043.487	0.00841	0.64	20	3.863	1.2227E-14	0	0	17100.68715
3806	7.5	-27.5	28.504	1043.779	0.00833	0.64	20	2.904	1.1997E-14	0	0	22918.66231
3807	7.5	-26.5	27.541	1044.38	0.00775	0.64	20	1.941	1.0379E-14	0	0	36825.18809
3808	7.5	-25.5	26.58	1045.297	0.00731	0.643	20	1	9.2836E-15	0	0	75695.79895
3809	7.549	-24.73	25.856	1046.099	0.0047	0.9843	20	1	5.864E-15	0	0	117830.77829
3810	7.549	24.73	25.856	1046.099	0.0047	0.9843	20	1	5.864E-15	0	0	117830.77829
3811	7.5	25.5	26.58	1045.297	0.00731	0.643	20	1	9.2836E-15	0	0	75695.79895
3812	7.5	26.5	27.541	1044.38	0.00775	0.64	20	1.941	1.0379E-14	0	0	36825.18809
3813	7.5	27.5	28.504	1043.779	0.00833	0.64	20	2.904	1.1997E-14	0	0	22918.66231
3814	7.495	28.493	29.463	1043.487	0.00841	0.64	20	3.863	1.2227E-14	0	0	17100.68715
3815	7.229	29.058	29.943	1043.477	0.00477	0.64	20	4.343	3.9243E-15	0	0	26872.70591
3816	8.468	-28.389	29.625	1043.44	0.00683	0.64	20	4.025	8.072E-15	0	0	20203.19694
3817	8.5	-27.5	28.784	1043.634	0.00583	0.64	20	3.184	5.8822E-15	0	0	29873.00339
3818	8.5	-26.5	27.83	1044.146	0.0054	0.64	20	2.23	5.0442E-15	0	0	45993.46998
3819	8.5	-25.5	26.879	1044.964	0.00498	0.64	20	1.279	4.287E-15	0	0	86878.36458
3820	8.534	-24.567	26.007	1045.893	0.00361	0.858	20	1	3.0087E-15	0	0	153594.34609
3821	8.534	24.567	26.007	1045.893	0.00361	0.858	20	1	3.0087E-15	0	0	153594.34609
3822	8.5	25.5	26.879	1044.964	0.00498	0.64	20	1.279	4.287E-15	0	0	86878.36458
3823	8.5	26.5	27.83	1044.146	0.0054	0.64	20	2.23	5.0442E-15	0	0	45993.46998
3824	8.5	27.5	28.784	1043.634	0.00583	0.64	20	3.184	5.8822E-15	0	0	29873.00339
3825	8.468	28.389	29.625	1043.44	0.00683	0.64	20	4.025	8.072E-15	0	0	20203.19694
3826	9.439	-28.237	29.773	1043.414	0.00501	0.64	20	4.173	4.3401E-15	0	0	26584.61266
3827	9.5	-27.5	29.095	1043.511	0.00409	0.64	20	3.495	2.8877E-15	0	0	38863.51477
3828	9.5	-26.5	28.151	1043.923	0.00377	0.64	20	2.551	2.4574E-15	0	0	57614.21477
3829	9.5	-25.5	27.212	1044.628	0.00339	0.64	20	1.612	1.9854E-15	0	0	101337.49397
3830	9.5	-24.5	26.277	1045.589	0.00301	0.6982	20	1	1.7078E-15	0	0	183901.5619
3831	9.645	-23.856	25.732	1046.24	0.00172	1.2096	20	1	9.6742E-16	0	0	321590.31642
3832	9.645	23.856	25.732	1046.24	0.00172	1.2096	20	1	9.6742E-16	0	0	321590.31642
3833	9.5	24.5	26.277	1045.589	0.00301	0.6982	20	1	1.7078E-15	0	0	183901.5619
3834	9.5	25.5	27.212	1044.628	0.00339	0.64	20	1.612	1.9854E-15	0	0	101337.49397
3835	9.5	26.5	28.151	1043.923	0.00377	0.64	20	2.551	2.4574E-15	0	0	57614.21477
3836	9.5	27.5	29.095	1043.511	0.00409	0.64	20	3.495	2.8877E-15	0	0	38863.51477
3837	9.439	28.237	29.773	1043.414	0.00501	0.64	20	4.173	4.3401E-15	0	0	26584.61266
3838	10.259	-28.095	29.91	1043.401	0.0042	0.64	20	4.31	3.0492E-15	0	0	30722.11959
3839	10.496	-27.495	29.43	1043.427	0.00282	0.64	20	3.83	1.3789E-15	0	0	51348.05878
3840	10.5	-26.5	28.504	1043.723	0.00265	0.64	20	2.904	1.2143E-15	0	0	72037.68124
3841	10.5	-25.5	27.577	1044.31	0.00237	0.64	20	1.977	9.7406E-16	0	0	118005.69558
3842	10.5	-24.5	26.655	1045.188	0.00218	0.6412	20	1.055	8.2192E-16	0	0	240760.4126
3843	10.557	-23.66	25.908	1046.039	0.00141	0.9323	20	1	5.0035E-16	0	0	392603.52813
3844	10.557	23.66	25.908	1046.039	0.00141	0.9323	20	1	5.0035E-16	0	0	392603.52813
3845	10.5	24.5	26.655	1045.188	0.00218	0.6412	20	1.055	8.2192E-16	0	0	240760.4126
3846	10.5	25.5	27.577	1044.31	0.00237	0.64	20	1.977	9.7406E-16	0	0	118005.69558
3847	10.5	26.5	28.504	1043.723	0.00265	0.64	20	2.904	1.2143E-15	0	0	72037.68124
3848	10.496	27.495	29.43	1043.427	0.00282	0.64	20	3.83	1.3789E-15	0	0	51348.05878
3849	10.259	28.095	29.91	1043.401	0.0042	0.64	20	4.31	3.0492E-15	0	0	30722.11959
3850	11.451	-27.363	29.663	1043.387	0.00231	0.64	20	4.063	9.1883E-16	0	0	59332.59837
3851	11.5	-26.5	28.888	1043.553	0.00188	0.64	20	3.288	6.1007E-16	0	0	89840.67224
3852	11.5	-25.5	27.973	1044.018	0.00168	0.64	20	2.373	4.9022E-16	0	0	138646.75143
3853	11.5	-24.5	27.065	1044.766	0.0015	0.64	20	1.465	3.8749E-16	0	0	252434.13917
3854	11.537	-23.425	26.112	1045.77	0.00106	0.8138	20	1	2.4774E-16	0	0	521283.34474
3855	11.537	23.425	26.112	1045.77	0.00106	0.8138	20	1	2.4774E-16	0	0	521283.34474
3856	11.5	24.5	27.065	1044.766	0.0015	0.64	20	1.465	3.8749E-16	0	0	252434.13917
3857	11.5	25.5	27.973	1044.018	0.00168	0.64	20	2.373	4.9022E-16	0	0	138646.75143
3858	11.5	26.5	28.888	1043.553	0.00188	0.64	20	3.288	6.1007E-16	0	0	89840.67224
3859	11.451	27.363	29.663	1043.387	0.00231	0.64	20	4.063	9.1883E-16	0	0	59332.59837
3860	12.358	-27.167	29.846	1043.374	0.00179	0.64	20	4.246	5.5591E-16	0	0	73015.60528
3861	12.5	-26.5	29.3	1043.428	0.00133	0.64	20	3.7	3.0383E-16	0	0	113204.51812
3862	12.5	-25.5	28.399	1043.761	0.00119	0.64	20	2.799	2.4669E-16	0	0	165816.39611
3863	12.5	-24.5	27.505	1044.365	0.00105	0.64	20	1.905	1.8883E-16	0	0	278213.65459
3864	12.5	-23.5	26.618	1045.239	0.00091	0.6425	20	1.018	1.4408E-16	0	0	596850.62353
3865	12.57	-22.649	25.904	1046.022	0.0006	0.9401	20	1	9.1216E-17	0	0	923346.88046
3866	12.57	22.649	25.904	1046.022	0.0006	0.9401	20	1	9.1216E-17	0	0	923346.88046
3867	12.5	23.5	26.618	1045.239	0.00091	0.6425	20	1.018	1.4408E-16	0	0	596850.62353
3868	12.5	24.5	27.505	1044.365	0.00105	0.64	20	1.905	1.8883E-16	0	0	278213.65459
3869	12.5	25.5	28.399	1043.761	0.00119	0.64	20	2.799	2.4669E-16	0	0	165816.39611
3870	12.5	26.5	29.3	1043.428	0.00133	0.64	20	3.7	3.0383E-16	0	0	113204.51812
3871	12.358	27.167	29.846	1043.374	0.00179	0.64	20	4.246	5.5591E-16	0	0	73015.60528
3872	13.026	-27.012	29.989	1043.368	0.00101	0.64	20	4.389	1.7532E-16	0	0	125836.27045
3873	13.448	-26.407	29.634	1043.37	0.00105	0.64	20	4.034	1.8879E-16	0	0	131832.50544
3874	13.5	-25.5	28.853	1043.551	0.00085	0.64	20	3.253	1.2446E-16	0	0	201014.57328
3875	13.5	-24.5	27.973	1044.008	0.00074	0.64	20	2.373	9.5356E-17	0	0	314362.7915
3876	13.5	-23.5	27.102	1044.724	0.00064	0.64	20	1.502	7.0944E-17	0	0	575468.27103
3877	13.541	-22.361	26.142	1045.728	0.00044	0.805	20	1	4.201E-17	0	0	1259012.23472
3878	13.541	22.361	26.142	1045.728	0.00044	0.805	20	1	4.201E-17	0	0	1259012.23472
3879	13.5	23.5	27.102	1044.724	0.00064	0.64	20	1.502	7.0944E-17	0	0	575468.27103
3880	13.5	24.5	27.973	1044.008	0.00074	0.64	20	2.373	9.5356E-17	0	0	314362.7915
3881	13.5	25.5	28.853	1043.551	0.00085	0.64	20	3.253	1.2446E-16	0	0	201014.57328
3882	13.448	26.407	29.634	1043.37	0.00105	0.64	20	4.034	1.8879E-16	0	0	131832.50544
3883	13.026	27.012	29.989	1043.368	0.00101	0.64	20	4.389	1.7532E-16	0	0	125836.27045
3884	14.325	-26.179	29.842	1043.35	0.00083	0.64	20	4.242	1.1941E-16	0	0	157709.95294
3885	14.5	-25.5	29.334	1043.402	0.00061	0.64	20	3.734	6.4012E-17	0	0	244409.35833
3886	14.5	-24.5	28.469	1043.708	0.00053	0.64	20	2.869	4.9127E-17	0	0	362504.87543
3887	14.5	-23.5	27.613	1044.262	0.00046	0.64	20	2.013	3.6076E-17	0	0	602167.58313
3888	14.5	-22.5	26.768	1045.068	0.00038	0.6402	20	1.168	2.5343E-17	0	0	1238307.22981
3889	14.563	-21.526	25.989	1045.874	0.00026	0.8749	20	1	1.6267E-17	0	0	2109183.84724
3890	14.563	21.526	25.989	1045.874	0.00026	0.8749	20	1	1.6267E-17	0	0	2109183.84724
3891	14.5	22.5	26.768	1045.068	0.00038	0.6402	20	1.168	2.5343E-17	0	0	1238307.22981
3892	14.5	23.5	27.613	1044.262	0.00046	0.64	20	2.013	3.6076E-17	0	0	602167.58313
3893	14.5	24.5	28.469	1043.708	0.00053	0.64	20	2.869	4.9127E-17	0	0	362504.87543
3894	14.5	25.5	29.334	1043.402	0.00061	0.64	20	3.734	6.4012E-17	0	0	244409.35833
3895	14.325	26.179	29.842	1043.35	0.00083	0.64	20	4.242	1.1941E-16	0	0	157709.95294
3896	15.426	-25.364	29.687	1043.338	0.00049	0.64	20	4.087	4.1235E-17	0	0	278456.72141
3897	15.5	-24.5	28.991	1043.478	0.00038	0.64	20	3.391	2.537E-17	0	0	427171.32725
3898	15.5	-23.5	28.151	1043.865	0.00033	0.64	20	2.551	1.8301E-17	0	0	667622.55841
3899	15.5	-22.5	27.322	1044.478	0.00027	0.64	20	1.722	1.2626E-17	0	0	1189664.78248
3900	15.5	-21.5	26.505	1045.291	0.00023	0.6501	20	1	9.2298E-18	0	0	2413944.40903
3901	15.601	-20.647	25.878	1046.041	0.00015	0.974	20	1	5.7911E-18	0	0	3730023.80432
3902	15.601	20.647	25.878	1046.041	0.00015	0.974	20	1	5.7911E-18	0	0	3730023.80432
3903	15.5	21.5	26.505	1045.291	0.00023	0.6501	20	1	9.2298E-18	0	0	2413944.40903
3904	15.5	22.5	27.322	1044.478	0.00027	0.64	20	1.722	1.2626E-17	0	0	1189664.78248
3905	15.5	23.5	28.151	1043.865	0.00033	0.64	20	2.551	1.8301E-17	0	0	667622.55841
3906	15.5	24.5	28.991	1043.478	0.00038	0.64	20	3.391	2.537E-17	0	0	427171.32725
3907	15.426	25.364	29.687	1043.338	0.00049	0.64	20	4.087	4.1235E-17	0	0	278456.72141
3908	16.195	-25.126	29.893	1043.314	0.00033	0.64	20	4.293	1.8774E-17	0	0	393004.0182
3909	16.478	-24.475	29.505	1043.343	0.00028	0.64	20	3.905	1.3791E-17	0	0	503728.53564
3910	16.5	-23.5	28.714	1043.56	0.00024	0.64	20	3.114	9.5896E-18	0	0	756290.00145
3911	16.5	-22.5	27.902	1043.999	0.0002	0.64	20	2.302	6.6725E-18	0	0	1225243.85966
3912	16.5	-21.5	27.102	1044.647	0.00016	0.64	20	1.502	4.5747E-18	0	0	2266173.3136
3913	16.5	-20.5	26.315	1045.477	0.00014	0.6869	20	1	3.4918E-18	0	0	4034173.25291
3914	16.663	-19.716	25.814	1046.164	0.00007	1.0632	20	1	1.546E-18	0	0	7542221.57515
3915	16.663	19.716	25.814	1046.164	0.00007	1.0632	20	1	1.546E-18	0	0	7542221.57515
3916	16.5	20.5	26.315	1045.477	0.00014	0.6869	20	1	3.4918E-18	0	0	4034173.25291
3917	16.5	21.5	27.102	1044.647	0.00016	0.64	20	1.502	4.5747E-18	0	0	2266173.3136
3918	16.5	22.5	27.902	1043.999	0.0002	0.64	20	2.302	6.6725E-18	0	0	1225243.85966
3919	16.5	23.5	28.714	1043.56	0.00024	0.64	20	3.114	9.5896E-18	0	0	756290.00145
3920	16.478	24.475	29.505	1043.343	0.00028	0.64	20	3.905	1.3791E-17	0	0	503728.53564
3921	16.195	25.126	29.893	1043.314	0.00033	0.64	20	4.293	1.8774E-17	0	0	393004.0182
3922	17.336	-24.241	29.802	1043.296	0.00023	0.64	20	4.202	9.1149E-18	0	0	576155.09261
3923	17.5	-23.5	29.3	1043.355	0.00018	0.64	20	3.7	5.3403E-18	0	0	853874.99851
3924	17.5	-22.5	28.504	1043.63	0.00015	0.64	20	2.904	3.6562E-18	0	0	1312811.81729
3925	17.5	-21.5	27.722	1044.105	0.00012	0.64	20	2.122	2.4696E-18	0	0	2184134.00118
3926	17.5	-20.5	26.954	1044.78	0.0001	0.64	20	1.354	1.7174E-18	0	0	4102572.9063
3927	17.559	-19.312	26.102	1045.722	0.00006	0.8217	20	1	9.1602E-19	0	0	8614264.86896
3928	17.559	19.312	26.102	1045.722	0.00006	0.8217	20	1	9.1602E-19	0	0	8614264.86896
3929	17.5	20.5	26.954	1044.78	0.0001	0.64	20	1.354	1.7174E-18	0	0	4102572.9063
3930	17.5	21.5	27.722	1044.105	0.00012	0.64	20	2.122	2.4696E-18	0	0	2184134.00118
3931	17.5	22.5	28.504	1043.63	0.00015	0.64	20	2.904	3.6562E-18	0	0	1312811.81729
3932	17.5	23.5	29.3	1043.355	0.00018	0.64	20	3.7	5.3403E-18	0	0	853874.99851
3933	17.336	24.241	29.802	1043.296	0.00023	0.64	20	4.202	9.1149E-18	0	0	576155.09261
3934	18.394	-23.349	29.723	1043.278	0.00014	0.64	20	4.123	3.2572E-18	0	0	982004.49477
3935	18.5	-22.5	29.129	1043.377	0.00011	0.64	20	3.529	2.0276E-18	0	0	1452447.69687
3936	18.5	-21.5	28.364	1043.679	0.00009	0.64	20	2.764	1.3582E-18	0	0	2263056.55589
3937	18.5	-20.5	27.613	1044.161	0.00007	0.64	20	2.013	9.0775E-19	0	0	3796118.61433
3938	18.5	-19.5	26.879	1044.801	0.00005	0.64	20	1.279	5.2203E-19	0	0	7872971.68902
3939	18.509	-18.509	26.176	1045.27	0.00004	0.7424	20	1	2.6418E-19	0	0	15246790.57357
3940	18.509	18.509	26.176	1045.27	0.00004	0.7424	20	1	2.6418E-19	0	0	15246790.57357
3941	18.5	19.5	26.879	1044.801	0.00005	0.64	20	1.279	5.2203E-19	0	0	7872971.68902
3942	18.5	20.5	27.613	1044.161	0.00007	0.64	20	2.013	9.0775E-19	0	0	3796118.61433
3943	18.5	21.5	28.364	1043.679	0.00009	0.64	20	2.764	1.3582E-18	0	0	2263056.55589
3944	18.5	22.5	29.129	1043.377	0.00011	0.64	20	3.529	2.0276E-18	0	0	1452447.69687
3945	18.394	23.349	29.723	1043.278	0.00014	0.64	20	4.123	3.2572E-18	0	0	982004.49477
3946	19.087	-23.072	29.944	1043.257	0.0001	0.64	20	4.344	1.8494E-18	0	0	1237644.53054
3947	19.422	-22.412	29.657	1043.266	0.00008	0.64	20	4.057	1.1802E-18	0	0	1657904.65121
3948	19.5	-21.5	29.026	1043.392	0.00007	0.64	20	3.426	7.6595E-19	0	0	2433857.00304
3949	19.5	-20.5	28.293	1043.7	0.00005	0.64	20	2.693	4.9744E-19	0	0	3837114.88641
3950	19.5	-19.5	27.577	1044.171	0.00004	0.64	20	1.977	3.1119E-19	0	0	6602102.05148
3951	19.5	-18.5	26.879	1044.801	0.00004	0.64	20	1.279	2.1516E-19	0	0	12263103.66923
3952	19.312	-17.559	26.102	1045.722	0.00003	0.8217	20	1	1.7069E-19	0	0	19955489.14171
3953	19.716	-16.663	25.814	1046.164	0.00001	1.0632	20	1	5.8854E-20	0	0	38656418.48461
3954	19.716	16.663	25.814	1046.164	0.00001	1.0632	20	1	5.8854E-20	0	0	38656418.48461
3955	19.312	17.559	26.102	1045.722	0.00003	0.8217	20	1	1.7069E-19	0	0	19955489.14171
3956	19.5	18.5	26.879	1044.801	0.00004	0.64	20	1.279	2.1516E-19	0	0	12263103.66923
3957	19.5	19.5	27.577	1044.171	0.00004	0.64	20	1.977	3.1119E-19	0	0	6602102.05148
3958	19.5	20.5	28.293	1043.7	0.00005	0.64	20	2.693	4.9744E-19	0	0	3837114.88641
3959	19.5	21.5	29.026	1043.392	0.00007	0.64	20	3.426	7.6595E-19	0	0	2433857.00304
3960	19.422	22.412	29.657	1043.266	0.00008	0.64	20	4.057	1.1802E-18	0	0	1657904.65121
3961	19.087	23.072	29.944	1043.257	0.0001	0.64	20	4.344	1.8494E-18	0	0	1237644.53054
3962	20.132	-22.121	29.91	1043.239	0.00006	0.64	20	4.31	7.2322E-19	0	0	1994483.43543
3963	20.438	-21.436	29.617	1043.259	0.00005	0.64	20	4.017	4.5021E-19	0	0	2710474.53213
3964	20.5	-20.5	28.991	1043.396	0.00004	0.64	20	3.391	2.8988E-19	0	0	3996257.87517
3965	20.5	-19.5	28.293	1043.7	0.00003	0.64	20	2.693	1.8341E-19	0	0	6319292.63145
3966	20.5	-18.5	27.613	1044.16	0.00003	0.64	20	2.013	1.1856E-19	0	0	10504156.94295
3967	20.5	-17.5	26.954	1044.78	0.00002	0.64	20	1.354	7.8062E-20	0	0	19242784.46915
3968	20.5	-16.5	26.315	1045.477	0.00002	0.6869	20	1	5.2108E-20	0	0	33023668.37467
3969	20.647	-15.601	25.878	1046.04	0.00001	0.974	20	1	2.4253E-20	0	0	57638139.16092
3970	20.647	15.601	25.878	1046.04	0.00001	0.974	20	1	2.4253E-20	0	0	57638139.16092
3971	20.5	16.5	26.315	1045.477	0.00002	0.6869	20	1	5.2108E-20	0	0	33023668.37467
3972	20.5	17.5	26.954	1044.78	0.00002	0.64	20	1.354	7.8062E-20	0	0	19242784.46915
3973	20.5	18.5	27.613	1044.16	0.00003	0.64	20	2.013	1.1856E-19	0	0	10504156.94295
3974	20.5	19.5	28.293	1043.7	0.00003	0.64	20	2.693	1.8341E-19	0	0	6319292.63145
3975	20.5	20.5	28.991	1043.396	0.00004	0.64	20	3.391	2.8988E-19	0	0	3996257.87517
3976	20.438	21.436	29.617	1043.259	0.00005	0.64	20	4.017	4.5021E-19	0	0	2710474.53213
3977	20.132	22.121	29.91	1043.239	0.00006	0.64	20	4.31	7.2322E-19	0	0	1994483.43543
3978	21.142	-21.142	29.899	1043.233	0.00004	0.64	20	4.299	2.7998E-19	0	0	3213886.73238
3979	21.436	-20.438	29.617	1043.259	0.00003	0.64	20	4.017	1.7448E-19	0	0	4353893.30998
3980	21.5	-19.5	29.026	1043.391	0.00003	0.64	20	3.426	1.1177E-19	0	0	6371326.54524
3981	21.5	-18.5	28.364	1043.679	0.00002	0.64	20	2.764	7.0444E-20	0	0	9937138.18341
3982	21.5	-17.5	27.722	1044.104	0.00002	0.64	20	2.122	4.4479E-20	0	0	16274894.6506
3983	21.5	-16.5	27.102	1044.647	0.00001	0.64	20	1.502	2.7091E-20	0	0	29448578.74903
3984	21.5	-15.5	26.505	1045.291	0.00001	0.6501	20	1	1.6814E-20	0	0	56556619.31146
3985	21.526	-14.563	25.989	1045.873	0.00001	0.8749	20	1	8.4831E-21	0	0	92362497.12194
3986	21.526	14.563	25.989	1045.873	0.00001	0.8749	20	1	8.4831E-21	0	0	92362497.12194
3987	21.5	15.5	26.505	1045.291	0.00001	0.6501	20	1	1.6814E-20	0	0	56556619.31146
3988	21.5	16.5	27.102	1044.647	0.00001	0.64	20	1.502	2.7091E-20	0	0	29448578.74904
3989	21.5	17.5	27.722	1044.104	0.00002	0.64	20	2.122	4.4479E-20	0	0	16274894.6506
3990	21.5	18.5	28.364	1043.679	0.00002	0.64	20	2.764	7.0444E-20	0	0	9937138.18341
3991	21.5	19.5	29.026	1043.391	0.00003	0.64	20	3.426	1.1177E-19	0	0	6371326.54524
3992	21.436	20.438	29.617	1043.259	0.00003	0.64	20	4.017	1.7448E-19	0	0	4353893.30998
3993	21.142	21.142	29.899	1043.233	0.00004	0.64	20	4.299	2.7998E-19	0	0	3213886.73238
3994	22.121	-20.132	29.91	1043.239	0.00003	0.64	20	4.31	1.0811E-19	0	0	5158637.87117
3995	22.412	-19.422	29.657	1043.265	0.00002	0.64	20	4.057	6.8442E-20	0	0	6884522.95565
3996	22.5	-18.5	29.129	1043.377	0.00002	0.64	20	3.529	4.3949E-20	0	0	9865527.56963
3997	22.5	-17.5	28.504	1043.629	0.00001	0.64	20	2.904	2.6694E-20	0	0	15364053.69795
3998	22.5	-16.5	27.902	1043.998	0.00001	0.64	20	2.302	1.6365E-20	0	0	24740548.94292
3999	22.5	-15.5	27.322	1044.477	0.00001	0.64	20	1.722	9.8185E-21	0	0	42661531.22965
4000	22.5	-14.5	26.768	1045.066	0.00001	0.6402	20	1.168	5.7535E-21	0	0	82184860.01776
4001	22.361	-13.541	26.142	1045.727	0	0.805	20	1	2.8363E-21	0	0	153226664.5736
4002	22.649	-12.57	25.904	1046.022	0	0.9401	20	1	1.3618E-21	0	0	238973414.70957
4003	22.649	12.57	25.904	1046.022	0	0.9401	20	1	1.3618E-21	0	0	238973414.70958
4004	22.361	13.541	26.142	1045.727	0	0.805	20	1	2.8363E-21	0	0	153226664.5736
4005	22.5	14.5	26.768	1045.066	0.00001	0.6402	20	1.168	5.7535E-21	0	0	82184860.01776
4006	22.5	15.5	27.322	1044.477	0.00001	0.64	20	1.722	9.8185E-21	0	0	42661531.22965
4007	22.5	16.5	27.902	1043.998	0.00001	0.64	20	2.302	1.6365E-20	0	0	24740548.94292
4008	22.5	17.5	28.504	1043.629	0.00001	0.64	20	2.904	2.6694E-20	0	0	15364053.69795
4009	22.5	18.5	29.129	1043.377	0.00002	0.64	20	3.529	4.3949E-20	0	0	9865527.56963
4010	22.412	19.422	29.657	1043.265	0.00002	0.64	20	4.057	6.8442E-20	0	0	6884522.95565
4011	22.121	20.132	29.91	1043.239	0.00003	0.64	20	4.31	1.0811E-19	0	0	5158637.87117
4012	23.072	-19.087	29.944	1043.256	0.00002	0.64	20	4.344	4.2386E-20	0	0	8175350.55252
4013	23.349	-18.394	29.723	1043.277	0.00001	0.64	20	4.123	2.7203E-20	0	0	10745496.64552
4014	23.5	-17.5	29.3	1043.354	0.00001	0.64	20	3.7	1.7299E-20	0	0	15002823.46212
4015	23.5	-16.5	28.714	1043.558	0.00001	0.64	20	3.114	1.0065E-20	0	0	23343836.93744
4016	23.5	-15.5	28.151	1043.863	0.00001	0.64	20	2.551	5.9882E-21	0	0	36907866.13046
4017	23.5	-14.5	27.613	1044.259	0	0.64	20	2.013	3.5284E-21	0	0	60888545.64073
4018	23.5	-13.5	27.102	1044.722	0	0.64	20	1.502	2.0736E-21	0	0	106441446.89706
4019	23.5	-12.5	26.618	1045.237	0	0.6425	20	1.018	1.181E-21	0	0	208472270.90838
4020	23.425	-11.537	26.112	1045.768	0	0.8138	20	1	5.7798E-22	0	0	341282914.55331
4021	23.66	-10.557	25.908	1046.038	0	0.9323	20	1	3.0099E-22	0	0	506186820.23166
4022	23.856	-9.645	25.732	1046.239	0	1.2096	20	1	1.5464E-22	0	0	804358151.04734
4023	23.856	9.645	25.732	1046.239	0	1.2096	20	1	1.5464E-22	0	0	804358151.0474
4024	23.66	10.557	25.908	1046.038	0	0.9323	20	1	3.0099E-22	0	0	506186820.23169
4025	23.425	11.537	26.112	1045.768	0	0.8138	20	1	5.7798E-22	0	0	341282914.55333
4026	23.5	12.5	26.618	1045.237	0	0.6425	20	1.018	1.181E-21	0	0	208472270.9084
4027	23.5	13.5	27.102	1044.722	0	0.64	20	1.502	2.0736E-21	0	0	106441446.89706
4028	23.5	14.5	27.613	1044.259	0	0.64	20	2.013	3.5284E-21	0	0	60888545.64074
4029	23.5	15.5	28.151	1043.863	0.00001	0.64	20	2.551	5.9882E-21	0	0	36907866.13046
4030	23.5	16.5	28.714	1043.558	0.00001	0.64	20	3.114	1.0065E-20	0	0	23343836.93744
4031	23.5	17.5	29.3	1043.354	0.00001	0.64	20	3.7	1.7299E-20	0	0	15002823.46212
4032	23.349	18.394	29.723	1043.277	0.00001	0.64	20	4.123	2.7203E-20	0	0	10745496.64552
4033	23.072	19.087	29.944	1043.256	0.00002	0.64	20	4.344	4.2386E-20	0	0	8175350.55252
4034	24.241	-17.336	29.802	1043.294	0.00001	0.64	20	4.202	9.6377E-21	0	0	17718514.38871
4035	24.475	-16.478	29.505	1043.341	0.00001	0.64	20	3.905	6.2589E-21	0	0	23645436.84677
4036	24.5	-15.5	28.991	1043.475	0	0.64	20	3.391	3.7187E-21	0	0	35283077.65745
4037	24.5	-14.5	28.469	1043.704	0	0.64	20	2.869	2.1591E-21	0	0	54681106.51487
4038	24.5	-13.5	27.973	1044.003	0	0.64	20	2.373	1.2577E-21	0	0	86560897.45179
4039	24.5	-12.5	27.505	1044.359	0	0.64	20	1.905	7.519E-22	0	0	139423233.1834
4040	24.5	-11.5	27.065	1044.76	0	0.64	20	1.465	4.7923E-22	0	0	226989753.71863
4041	24.5	-10.5	26.655	1045.182	0	0.6412	20	1.055	3.0785E-22	0	0	393400144.7681
4042	24.5	-9.5	26.277	1045.584	0	0.6982	20	1	2.1281E-22	0	0	520964161.25025
4043	24.567	-8.534	26.007	1045.889	0	0.858	20	1	1.0463E-22	0	0	823639050.83413
4044	24.73	-7.549	25.856	1046.095	0	0.9843	20	1	5.5333E-23	0	0	1213017238.28643
4045	24.868	-6.591	25.726	1046.238	0	1.2143	20	1	2.3348E-23	0	0	2074049987.59734
4046	24.868	6.591	25.726	1046.238	0	1.2143	20	1	2.3348E-23	0	0	2074049987.59744
4047	24.73	7.549	25.856	1046.095	0	0.9843	20	1	5.5333E-23	0	0	1213017238.28647
4048	24.567	8.534	26.007	1045.889	0	0.858	20	1	1.0463E-22	0	0	823639050.83418
4049	24.5	9.5	26.277	1045.584	0	0.6982	20	1	2.1281E-22	0	0	520964161.25029
4050	24.5	10.5	26.655	1045.182	0	0.6412	20	1.055	3.0785E-22	0	0	393400144.76812
4051	24.5	11.5	27.065	1044.76	0	0.64	20	1.465	4.7923E-22	0	0	226989753.71865
4052	24.5	12.5	27.505	1044.359	0	0.64	20	1.905	7.519E-22	0	0	139423233.18341
4053	24.5	13.5	27.973	1044.003	0	0.64	20	2.373	1.2577E-21	0	0	86560897.45179
4054	24.5	14.5	28.469	1043.704	0	0.64	20	2.869	2.1591E-21	0	0	54681106.51487
4055	24.5	15.5	28.991	1043.475	0	0.64	20	3.391	3.7187E-21	0	0	35283077.65745
4056	24.475	16.478	29.505	1043.341	0.00001	0.64	20	3.905	6.2589E-21	0	0	23645436.84677
4057	24.241	17.336	29.802	1043.294	0.00001	0.64	20	4.202	9.6377E-21	0	0	17718514.38871
4058	25.126	-16.195	29.893	1043.311	0	0.64	20	4.293	2.9991E-21	0	0	31094252.88608
4059	25.364	-15.426	29.687	1043.334	0	0.64	20	4.087	2.4681E-21	0	0	35991965.97451
4060	25.5	-14.5	29.334	1043.397	0	0.64	20	3.734	1.4149E-21	0	0	51986716.68972
4061	25.5	-13.5	28.853	1043.544	0	0.64	20	3.253	7.7734E-22	0	0	80432074.02925
4062	25.5	-12.5	28.399	1043.753	0	0.64	20	2.799	4.4815E-22	0	0	123024988.70147
4063	25.5	-11.5	27.973	1044.008	0	0.64	20	2.373	2.8375E-22	0	0	182236897.26641
4064	25.5	-10.5	27.577	1044.297	0	0.64	20	1.977	1.9746E-22	0	0	262092943.32681
4065	25.5	-9.5	27.212	1044.613	0	0.64	20	1.612	1.3751E-22	0	0	385048287.0052
4066	25.5	-8.5	26.879	1044.948	0	0.64	20	1.279	1.0147E-22	0	0	564704719.92726
4067	25.5	-7.5	26.58	1045.279	0	0.643	20	1	6.2947E-23	0	0	919266119.0829
4068	25.5	-6.5	26.315	1045.575	0	0.6835	20	1	3.1292E-23	0	0	1344196309.78826
4069	25.498	-5.518	26.089	1045.787	0	0.8201	20	1	6.9049E-24	0	0	3134390534.43374
4070	25.598	-4.519	25.994	1045.911	0	0.8631	20	1	1.3045E-24	0	0	7398012796.99822
4071	25.678	-3.518	25.918	1046.012	0	0.9164	20	1	7.1629E-24	0	0	3253068040.97883
4072	25.737	-2.516	25.86	1046.087	0	0.9752	20	1	2.087E-23	0	0	1965987247.5871
4073	25.777	-1.511	25.821	1046.136	0	1.0262	20	1	3.4567E-23	0	0	1567038188.13277
4074	25.797	-0.504	25.802	1046.159	0	1.0559	20	1	4.3291E-23	0	0	1420370985.45097
4075	25.797	0.504	25.802	1046.159	0	1.0559	20	1	4.3291E-23	0	0	1420370985.45096
4076	25.777	1.511	25.821	1046.136	0	1.0262	20	1	3.4567E-23	0	0	1567038188.13274
4077	25.737	2.516	25.86	1046.087	0	0.9752	20	1	2.087E-23	0	0	1965987247.58709
4078	25.678	3.518	25.918	1046.012	0	0.9164	20	1	7.1629E-24	0	0	3253068040.97888
4079	25.598	4.519	25.994	1045.911	0	0.8631	20	1	1.3045E-24	0	0	7398012796.99838
4080	25.498	5.518	26.089	1045.787	0	0.8201	20	1	6.9049E-24	0	0	3134390534.4339
4081	25.5	6.5	26.315	1045.575	0	0.6835	20	1	3.1292E-23	0	0	1344196309.78831
4082	25.5	7.5	26.58	1045.279	0	0.643	20	1	6.2947E-23	0	0	919266119.08294
4083	25.5	8.5	26.879	1044.948	0	0.64	20	1.279	1.0147E-22	0	0	564704719.92729
4084	25.5	9.5	27.212	1044.613	0	0.64	20	1.612	1.3751E-22	0	0	385048287.00521
4085	25.5	10.5	27.577	1044.297	0	0.64	20	1.977	1.9746E-22	0	0	262092943.32683
4086	25.5	11.5	27.973	1044.008	0	0.64	20	2.373	2.8375E-22	0	0	182236897.26643
4087	25.5	12.5	28.399	1043.753	0	0.64	20	2.799	4.4815E-22	0	0	123024988.70148
4088	25.5	13.5	28.853	1043.544	0	0.64	20	3.253	7.7734E-22	0	0	80432074.02926
4089	25.5	14.5	29.334	1043.397	0	0.64	20	3.734	1.4149E-21	0	0	51986716.68972
4090	25.364	15.426	29.687	1043.334	0	0.64	20	4.087	2.4681E-21	0	0	35991965.97451
4091	25.126	16.195	29.893	1043.311	0	0.64	20	4.293	2.9991E-21	0	0	31094252.88608
4092	26.179	-14.325	29.842	1043.344	0	0.64	20	4.242	7.8699E-22	0	0	61431363.27851
4093	26.407	-13.448	29.634	1043.361	0	0.64	20	4.034	4.6329E-22	0	0	84156058.65094
4094	26.5	-12.5	29.3	1043.416	0	0.64	20	3.7	2.8418E-22	0	0	117053687.12005
4095	26.5	-11.5	28.888	1043.538	0	0.64	20	3.288	1.6593E-22	0	0	172266078.08323
4096	26.5	-10.5	28.504	1043.704	0	0.64	20	2.904	1.1252E-22	0	0	236643684.87815
4097	26.5	-9.5	28.151	1043.897	0	0.64	20	2.551	9.0047E-23	0	0	300979051.55802
4098	26.5	-8.5	27.83	1044.113	0	0.64	20	2.23	6.6824E-23	0	0	399596919.43334
4099	26.5	-7.5	27.541	1044.339	0	0.64	20	1.941	5.0384E-23	0	0	528542232.31237
4100	26.5	-6.5	27.286	1044.564	0	0.64	20	1.686	3.0102E-23	0	0	787196628.52195
4101	26.5	-5.5	27.065	1044.775	0	0.64	20	1.465	1.5444E-23	0	0	1264443301.09353
4102	26.5	-4.5	26.879	1044.965	0	0.64	20	1.279	8.5136E-24	0	0	1949533390.05353
4103	26.5	-3.5	26.73	1045.127	0	0.64	20	1.13	1.3836E-23	0	0	1731083608.61877
4104	26.5	-2.5	26.618	1045.257	0	0.641	20	1.018	2.712E-23	0	0	1374089651.90895
4105	26.5	-1.5	26.542	1045.346	0	0.644	20	1	4.4065E-23	0	0	1099584877.55949
4106	26.5	-0.5	26.505	1045.391	0	0.6468	20	1	5.4441E-23	0	0	991386803.90863
4107	26.5	0.5	26.505	1045.391	0	0.6468	20	1	5.4441E-23	0	0	991386803.90862
4108	26.5	1.5	26.542	1045.346	0	0.644	20	1	4.4065E-23	0	0	1099584877.55947
4109	26.5	2.5	26.618	1045.257	0	0.641	20	1.018	2.712E-23	0	0	1374089651.90893
4110	26.5	3.5	26.73	1045.127	0	0.64	20	1.13	1.3836E-23	0	0	1731083608.61878
4111	26.5	4.5	26.879	1044.965	0	0.64	20	1.279	8.5136E-24	0	0	1949533390.05361
4112	26.5	5.5	27.065	1044.775	0	0.64	20	1.465	1.5444E-23	0	0	1264443301.09357
4113	26.5	6.5	27.286	1044.564	0	0.64	20	1.686	3.0102E-23	0	0	787196628.52197
4114	26.5	7.5	27.541	1044.339	0	0.64	20	1.941	5.0384E-23	0	0	528542232.31239
4115	26.5	8.5	27.83	1044.113	0	0.64	20	2.23	6.6824E-23	0	0	399596919.43335
4116	26.5	9.5	28.151	1043.897	0	0.64	20	2.551	9.0047E-23	0	0	300979051.55805
4117	26.5	10.5	28.504	1043.704	0	0.64	20	2.904	1.1252E-22	0	0	236643684.87818
4118	26.5	11.5	28.888	1043.538	0	0.64	20	3.288	1.6593E-22	0	0	172266078.08324
4119	26.5	12.5	29.3	1043.416	0	0.64	20	3.7	2.8418E-22	0	0	117053687.12006
4120	26.407	13.448	29.634	1043.361	0	0.64	20	4.034	4.6329E-22	0	0	84156058.65095
4121	26.179	14.325	29.842	1043.344	0	0.64	20	4.242	7.8699E-22	0	0	61431363.27852
4122	27.012	-13.026	29.989	1043.358	0	0.64	20	4.389	1.7621E-22	0	0	125517670.62441
4123	27.167	-12.358	29.846	1043.361	0	0.64	20	4.246	1.5199E-22	0	0	139640033.8685
4124	27.363	-11.451	29.663	1043.368	0	0.64	20	4.063	1.1201E-22	0	0	169932071.90691
4125	27.495	-10.496	29.43	1043.401	0	0.64	20	3.83	6.9499E-23	0	0	228717835.19608
4126	27.5	-9.5	29.095	1043.477	0	0.64	20	3.495	5.5312E-23	0	0	280807342.37623
4127	27.5	-8.5	28.784	1043.587	0	0.64	20	3.184	5.0836E-23	0	0	321338282.9687
4128	27.5	-7.5	28.504	1043.717	0	0.64	20	2.904	4.1643E-23	0	0	388997152.68935
4129	27.5	-6.5	28.258	1043.85	0	0.64	20	2.658	3.772E-23	0	0	446490863.47439
4130	27.5	-5.5	28.045	1043.981	0	0.64	20	2.445	2.853E-23	0	0	557982853.54674
4131	27.5	-4.5	27.866	1044.104	0	0.64	20	2.266	2.3838E-23	0	0	658471787.09691
4132	27.5	-3.5	27.722	1044.212	0	0.64	20	2.122	2.1371E-23	0	0	742489428.17496
4133	27.5	-2.5	27.613	1044.299	0	0.64	20	2.013	2.4845E-23	0	0	725617668.98378
4134	27.5	-1.5	27.541	1044.36	0	0.64	20	1.941	2.9331E-23	0	0	692729721.70519
4135	27.5	-0.5	27.505	1044.393	0	0.64	20	1.905	3.3547E-23	0	0	660066788.54776
4136	27.5	0.5	27.505	1044.393	0	0.64	20	1.905	3.3547E-23	0	0	660066788.54776
4137	27.5	1.5	27.541	1044.36	0	0.64	20	1.941	2.9331E-23	0	0	692729721.70519
4138	27.5	2.5	27.613	1044.299	0	0.64	20	2.013	2.4845E-23	0	0	725617668.98378
4139	27.5	3.5	27.722	1044.212	0	0.64	20	2.122	2.1371E-23	0	0	742489428.17496
4140	27.5	4.5	27.866	1044.104	0	0.64	20	2.266	2.3838E-23	0	0	658471787.0969
4141	27.5	5.5	28.045	1043.981	0	0.64	20	2.445	2.853E-23	0	0	557982853.54676
4142	27.5	6.5	28.258	1043.85	0	0.64	20	2.658	3.772E-23	0	0	446490863.4744
4143	27.5	7.5	28.504	1043.717	0	0.64	20	2.904	4.1643E-23	0	0	388997152.68935
4144	27.5	8.5	28.784	1043.587	0	0.64	20	3.184	5.0836E-23	0	0	321338282.96872
4145	27.5	9.5	29.095	1043.477	0	0.64	20	3.495	5.5312E-23	0	0	280807342.37628
4146	27.495	10.496	29.43	1043.401	0	0.64	20	3.83	6.9499E-23	0	0	228717835.19611
4147	27.363	11.451	29.663	1043.368	0	0.64	20	4.063	1.1201E-22	0	0	169932071.90692
4148	27.167	12.358	29.846	1043.361	0	0.64	20	4.246	1.5199E-22	0	0	139640033.86852
4149	27.012	13.026	29.989	1043.358	0	0.64	20	4.389	1.7621E-22	0	0	125517670.62442
4150	28.095	-10.259	29.91	1043.372	0	0.64	20	4.31	9.9556E-23	0	0	170023072.96055
4151	28.237	-9.439	29.773	1043.374	0	0.64	20	4.173	4.9311E-23	0	0	249406613.73381
4152	28.389	-8.468	29.625	1043.385	0	0.64	20	4.025	4.2673E-23	0	0	277863614.88025
4153	28.493	-7.495	29.463	1043.41	0	0.64	20	3.863	4.1275E-23	0	0	294325018.69132
4154	28.5	-6.5	29.232	1043.455	0	0.64	20	3.632	4.0974E-23	0	0	314023371.41151
4155	28.5	-5.5	29.026	1043.513	0	0.64	20	3.426	4.2365E-23	0	0	327263325.73567
4156	28.5	-4.5	28.853	1043.575	0	0.64	20	3.253	3.3806E-23	0	0	385687975.65654
4157	28.5	-3.5	28.714	1043.634	0	0.64	20	3.114	2.641E-23	0	0	455725296.05896
4158	28.5	-2.5	28.609	1043.683	0	0.64	20	3.009	1.9117E-23	0	0	554185267.44922
4159	28.5	-1.5	28.539	1043.719	0	0.64	20	2.939	1.3952E-23	0	0	664066106.34114
4160	28.5	-0.5	28.504	1043.738	0	0.64	20	2.904	1.1847E-23	0	0	729324254.57519
4161	28.5	0.5	28.504	1043.738	0	0.64	20	2.904	1.1847E-23	0	0	729324254.57519
4162	28.5	1.5	28.539	1043.719	0	0.64	20	2.939	1.3952E-23	0	0	664066106.34115
4163	28.5	2.5	28.609	1043.683	0	0.64	20	3.009	1.9117E-23	0	0	554185267.44922
4164	28.5	3.5	28.714	1043.634	0	0.64	20	3.114	2.641E-23	0	0	455725296.05896
4165	28.5	4.5	28.853	1043.575	0	0.64	20	3.253	3.3806E-23	0	0	385687975.65654
4166	28.5	5.5	29.026	1043.513	0	0.64	20	3.426	4.2365E-23	0	0	327263325.73567
4167	28.5	6.5	29.232	1043.455	0	0.64	20	3.632	4.0974E-23	0	0	314023371.41152
4168	28.493	7.495	29.463	1043.41	0	0.64	20	3.863	4.1275E-23	0	0	294325018.69133
4169	28.389	8.468	29.625	1043.385	0	0.64	20	4.025	4.2673E-23	0	0	277863614.88028
4170	28.237	9.439	29.773	1043.374	0	0.64	20	4.173	4.9311E-23	0	0	249406613.73385
4171	28.095	10.259	29.91	1043.372	0	0.64	20	4.31	9.9556E-23	0	0	170023072.96057
4172	29.058	-7.229	29.943	1043.393	0	0.64	20	4.343	3.4557E-24	0	0	905570159.12525
4173	29.15	-6.435	29.852	1043.396	0	0.64	20	4.252	5.6718E-23	0	0	228285510.54327
4174	29.248	-5.468	29.755	1043.398	0	0.64	20	4.155	4.3453E-23	0	0	266854143.97619
4175	29.331	-4.481	29.671	1043.403	0	0.64	20	4.071	3.6958E-23	0	0	295231750.23163
4176	29.398	-3.488	29.604	1043.408	0	0.64	20	4.004	2.7358E-23	0	0	348878328.27361
4177	29.447	-2.492	29.553	1043.414	0	0.64	20	3.953	1.4927E-23	0	0	478359132.36211
4178	29.481	-1.496	29.519	1043.419	0	0.64	20	3.919	1.007E-23	0	0	587445607.96024
4179	29.497	-0.499	29.501	1043.421	0	0.64	20	3.901	3.9667E-24	0	0	940043431.13955
4180	29.497	0.499	29.501	1043.421	0	0.64	20	3.901	3.9667E-24	0	0	940043431.13954
4181	29.481	1.496	29.519	1043.419	0	0.64	20	3.919	1.007E-23	0	0	587445607.96023
4182	29.447	2.492	29.553	1043.414	0	0.64	20	3.953	1.4927E-23	0	0	478359132.3621
4183	29.398	3.488	29.604	1043.408	0	0.64	20	4.004	2.7358E-23	0	0	348878328.27361
4184	29.331	4.481	29.671	1043.403	0	0.64	20	4.071	3.6958E-23	0	0	295231750.23163
4185	29.248	5.468	29.755	1043.398	0	0.64	20	4.155	4.3453E-23	0	0	266854143.97619
4186	29.15	6.435	29.852	1043.396	0	0.64	20	4.252	5.6718E-23	0	0	228285510.54328
4187	29.058	7.229	29.943	1043.393	0	0.64	20	4.343	3.4557E-24	0	0	905570159.12499
