格	x	z	r	T	J重构	厚	保温mm	L	proxy	区(0盘1舌)	前12	裕度
480	-99.291	-29.5	103.581	463.479	9.43426	3.02	3.1	1	9.0514E-8	1	0	50.53122
481	-99.291	-28.5	103.301	463.48	9.43429	3.02	3.1	1	9.0515E-8	1	0	50.53105
482	-99.291	-27.5	103.029	463.48	9.43436	3.02	3.1	1	9.0516E-8	1	0	50.53069
483	-99.291	-26.5	102.767	463.48	9.43446	3.02	3.1	1	9.0518E-8	1	0	50.53017
484	-99.291	-25.5	102.514	463.48	9.43459	3.02	3.1	1	9.052E-8	1	0	50.52948
485	-99.291	-24.5	102.269	463.481	9.43474	3.02	3.1	1	9.0524E-8	1	0	50.52863
486	-99.291	-23.5	102.034	463.481	9.43493	3.02	3.1	1	9.0527E-8	1	0	50.52763
487	-99.291	-22.5	101.809	463.482	9.43515	3.02	3.1	1	9.0531E-8	1	0	50.52649
488	-99.291	-21.5	101.592	463.482	9.43538	3.02	3.1	1	9.0536E-8	1	0	50.52523
489	-99.291	-20.5	101.386	463.483	9.43564	3.02	3.1	1	9.0541E-8	1	0	50.52385
490	-99.291	-19.5	101.188	463.484	9.43592	3.02	3.1	1	9.0546E-8	1	0	50.52238
491	-99.291	-18.5	101	463.485	9.43621	3.02	3.1	1	9.0552E-8	1	0	50.52083
492	-99.291	-17.5	100.822	463.485	9.43651	3.02	3.1	1	9.0557E-8	1	0	50.51921
493	-99.291	-16.5	100.653	463.486	9.43683	3.02	3.1	1	9.0563E-8	1	0	50.51755
494	-99.291	-15.5	100.494	463.487	9.43714	3.02	3.1	1	9.0569E-8	1	0	50.51586
495	-99.291	-14.5	100.345	463.488	9.43746	3.02	3.1	1	9.0575E-8	1	0	50.51416
496	-99.291	-13.5	100.205	463.489	9.43778	3.02	3.1	1	9.0582E-8	1	0	50.51247
497	-99.291	-12.5	100.075	463.49	9.43809	3.02	3.1	1	9.0588E-8	1	0	50.51081
498	-99.291	-11.5	99.955	463.49	9.4384	3.02	3.1	1	9.0593E-8	1	0	50.50919
499	-99.291	-10.5	99.845	463.491	9.43869	3.02	3.1	1	9.0599E-8	1	0	50.50764
500	-99.291	-9.5	99.745	463.492	9.43897	3.02	3.1	1	9.0604E-8	1	0	50.50617
501	-99.291	-8.5	99.655	463.493	9.43922	3.02	3.1	1	9.0609E-8	1	0	50.50479
502	-99.291	-7.5	99.574	463.493	9.43946	3.02	3.1	1	9.0614E-8	1	0	50.50353
503	-99.291	-6.5	99.504	463.494	9.43967	3.02	3.1	1	9.0618E-8	1	0	50.50239
504	-99.291	-5.5	99.444	463.494	9.43986	3.02	3.1	1	9.0621E-8	1	0	50.50139
505	-99.291	-4.5	99.393	463.495	9.44002	3.02	3.1	1	9.0624E-8	1	0	50.50055
506	-99.291	-3.5	99.353	463.495	9.44015	3.02	3.1	1	9.0627E-8	1	0	50.49985
507	-99.291	-2.5	99.323	463.495	9.44025	3.02	3.1	1	9.0629E-8	1	0	50.49933
508	-99.291	-1.5	99.303	463.495	9.44032	3.02	3.1	1	9.063E-8	1	0	50.49898
509	-99.291	-0.5	99.293	463.496	9.44035	3.02	3.1	1	9.0631E-8	1	0	50.4988
510	-99.291	0.5	99.293	463.496	9.44035	3.02	3.1	1	9.0631E-8	1	0	50.4988
511	-99.291	1.5	99.303	463.495	9.44032	3.02	3.1	1	9.063E-8	1	0	50.49898
512	-99.291	2.5	99.323	463.495	9.44025	3.02	3.1	1	9.0629E-8	1	0	50.49933
513	-99.291	3.5	99.353	463.495	9.44015	3.02	3.1	1	9.0627E-8	1	0	50.49985
514	-99.291	4.5	99.393	463.495	9.44002	3.02	3.1	1	9.0624E-8	1	0	50.50055
515	-99.291	5.5	99.444	463.494	9.43986	3.02	3.1	1	9.0621E-8	1	0	50.50139
516	-99.291	6.5	99.504	463.494	9.43967	3.02	3.1	1	9.0618E-8	1	0	50.50239
517	-99.291	7.5	99.574	463.493	9.43946	3.02	3.1	1	9.0614E-8	1	0	50.50353
518	-99.291	8.5	99.655	463.493	9.43922	3.02	3.1	1	9.0609E-8	1	0	50.50479
519	-99.291	9.5	99.745	463.492	9.43897	3.02	3.1	1	9.0604E-8	1	0	50.50617
520	-99.291	10.5	99.845	463.491	9.43869	3.02	3.1	1	9.0599E-8	1	0	50.50764
521	-99.291	11.5	99.955	463.49	9.4384	3.02	3.1	1	9.0593E-8	1	0	50.50919
522	-99.291	12.5	100.075	463.49	9.43809	3.02	3.1	1	9.0588E-8	1	0	50.51081
523	-99.291	13.5	100.205	463.489	9.43778	3.02	3.1	1	9.0582E-8	1	0	50.51247
524	-99.291	14.5	100.345	463.488	9.43746	3.02	3.1	1	9.0575E-8	1	0	50.51416
525	-99.291	15.5	100.494	463.487	9.43714	3.02	3.1	1	9.0569E-8	1	0	50.51586
526	-99.291	16.5	100.653	463.486	9.43683	3.02	3.1	1	9.0563E-8	1	0	50.51755
527	-99.291	17.5	100.822	463.485	9.43651	3.02	3.1	1	9.0557E-8	1	0	50.51921
528	-99.291	18.5	101	463.485	9.43621	3.02	3.1	1	9.0552E-8	1	0	50.52083
529	-99.291	19.5	101.188	463.484	9.43592	3.02	3.1	1	9.0546E-8	1	0	50.52238
530	-99.291	20.5	101.386	463.483	9.43564	3.02	3.1	1	9.0541E-8	1	0	50.52385
531	-99.291	21.5	101.592	463.482	9.43538	3.02	3.1	1	9.0536E-8	1	0	50.52523
532	-99.291	22.5	101.809	463.482	9.43515	3.02	3.1	1	9.0531E-8	1	0	50.52649
533	-99.291	23.5	102.034	463.481	9.43493	3.02	3.1	1	9.0527E-8	1	0	50.52763
534	-99.291	24.5	102.269	463.481	9.43474	3.02	3.1	1	9.0524E-8	1	0	50.52863
535	-99.291	25.5	102.514	463.48	9.43459	3.02	3.1	1	9.052E-8	1	0	50.52948
536	-99.291	26.5	102.767	463.48	9.43446	3.02	3.1	1	9.0518E-8	1	0	50.53017
537	-99.291	27.5	103.029	463.48	9.43436	3.02	3.1	1	9.0516E-8	1	0	50.53069
538	-99.291	28.5	103.301	463.48	9.43429	3.02	3.1	1	9.0515E-8	1	0	50.53105
539	-99.291	29.5	103.581	463.479	9.43426	3.02	3.1	1	9.0514E-8	1	0	50.53122
540	-95.833	-29.5	100.271	526.661	9.43386	3.02	3.1	4.167	8.8554E-8	1	0	12.33815
541	-95.833	-28.5	99.981	526.662	9.43389	3.02	3.1	4.167	8.8554E-8	1	0	12.3381
542	-95.833	-27.5	99.7	526.663	9.43397	3.02	3.1	4.167	8.8556E-8	1	0	12.338
543	-95.833	-26.5	99.429	526.664	9.43408	3.02	3.1	4.167	8.8558E-8	1	0	12.33786
544	-95.833	-25.5	99.167	526.666	9.43423	3.02	3.1	4.167	8.8561E-8	1	0	12.33768
545	-95.833	-24.5	98.915	526.669	9.43441	3.02	3.1	4.167	8.8564E-8	1	0	12.33745
546	-95.833	-23.5	98.672	526.671	9.43462	3.02	3.1	4.167	8.8568E-8	1	0	12.33718
547	-95.833	-22.5	98.439	526.675	9.43486	3.02	3.1	4.167	8.8572E-8	1	0	12.33687
548	-95.833	-21.5	98.215	526.678	9.43513	3.02	3.1	4.167	8.8577E-8	1	0	12.33653
549	-95.833	-20.5	98.001	526.682	9.43542	3.02	3.1	4.167	8.8582E-8	1	0	12.33616
550	-95.833	-19.5	97.797	526.686	9.43574	3.02	3.1	4.167	8.8588E-8	1	0	12.33576
551	-95.833	-18.5	97.602	526.691	9.43607	3.02	3.1	4.167	8.8594E-8	1	0	12.33535
552	-95.833	-17.5	97.418	526.695	9.43641	3.02	3.1	4.167	8.8601E-8	1	0	12.33491
553	-95.833	-16.5	97.243	526.7	9.43676	3.02	3.1	4.167	8.8607E-8	1	0	12.33446
554	-95.833	-15.5	97.078	526.705	9.43712	3.02	3.1	4.167	8.8614E-8	1	0	12.33401
555	-95.833	-14.5	96.924	526.709	9.43748	3.02	3.1	4.167	8.862E-8	1	0	12.33355
556	-95.833	-13.5	96.779	526.714	9.43784	3.02	3.1	4.167	8.8627E-8	1	0	12.33309
557	-95.833	-12.5	96.645	526.719	9.4382	3.02	3.1	4.167	8.8633E-8	1	0	12.33265
558	-95.833	-11.5	96.52	526.723	9.43854	3.02	3.1	4.167	8.864E-8	1	0	12.33221
559	-95.833	-10.5	96.406	526.728	9.43887	3.02	3.1	4.167	8.8646E-8	1	0	12.33179
560	-95.833	-9.5	96.303	526.732	9.43918	3.02	3.1	4.167	8.8652E-8	1	0	12.3314
561	-95.833	-8.5	96.209	526.736	9.43948	3.02	3.1	4.167	8.8657E-8	1	0	12.33103
562	-95.833	-7.5	96.126	526.739	9.43974	3.02	3.1	4.167	8.8662E-8	1	0	12.33069
563	-95.833	-6.5	96.053	526.742	9.43999	3.02	3.1	4.167	8.8666E-8	1	0	12.33038
564	-95.833	-5.5	95.991	526.745	9.4402	3.02	3.1	4.167	8.867E-8	1	0	12.33011
565	-95.833	-4.5	95.938	526.748	9.44038	3.02	3.1	4.167	8.8674E-8	1	0	12.32988
566	-95.833	-3.5	95.897	526.75	9.44053	3.02	3.1	4.167	8.8676E-8	1	0	12.3297
567	-95.833	-2.5	95.865	526.751	9.44064	3.02	3.1	4.167	8.8678E-8	1	0	12.32955
568	-95.833	-1.5	95.845	526.752	9.44071	3.02	3.1	4.167	8.868E-8	1	0	12.32946
569	-95.833	-0.5	95.834	526.752	9.44075	3.02	3.1	4.167	8.868E-8	1	0	12.32941
570	-95.833	0.5	95.834	526.752	9.44075	3.02	3.1	4.167	8.868E-8	1	0	12.32941
571	-95.833	1.5	95.845	526.752	9.44071	3.02	3.1	4.167	8.868E-8	1	0	12.32946
572	-95.833	2.5	95.865	526.751	9.44064	3.02	3.1	4.167	8.8678E-8	1	0	12.32955
573	-95.833	3.5	95.897	526.75	9.44053	3.02	3.1	4.167	8.8676E-8	1	0	12.3297
574	-95.833	4.5	95.938	526.748	9.44038	3.02	3.1	4.167	8.8674E-8	1	0	12.32988
575	-95.833	5.5	95.991	526.745	9.4402	3.02	3.1	4.167	8.867E-8	1	0	12.33011
576	-95.833	6.5	96.053	526.742	9.43999	3.02	3.1	4.167	8.8666E-8	1	0	12.33038
577	-95.833	7.5	96.126	526.739	9.43974	3.02	3.1	4.167	8.8662E-8	1	0	12.33069
578	-95.833	8.5	96.209	526.736	9.43948	3.02	3.1	4.167	8.8657E-8	1	0	12.33103
579	-95.833	9.5	96.303	526.732	9.43918	3.02	3.1	4.167	8.8652E-8	1	0	12.3314
580	-95.833	10.5	96.406	526.728	9.43887	3.02	3.1	4.167	8.8646E-8	1	0	12.33179
581	-95.833	11.5	96.52	526.723	9.43854	3.02	3.1	4.167	8.864E-8	1	0	12.33221
582	-95.833	12.5	96.645	526.719	9.4382	3.02	3.1	4.167	8.8633E-8	1	0	12.33265
583	-95.833	13.5	96.779	526.714	9.43784	3.02	3.1	4.167	8.8627E-8	1	0	12.33309
584	-95.833	14.5	96.924	526.709	9.43748	3.02	3.1	4.167	8.862E-8	1	0	12.33355
585	-95.833	15.5	97.078	526.705	9.43712	3.02	3.1	4.167	8.8614E-8	1	0	12.33401
586	-95.833	16.5	97.243	526.7	9.43676	3.02	3.1	4.167	8.8607E-8	1	0	12.33446
587	-95.833	17.5	97.418	526.695	9.43641	3.02	3.1	4.167	8.8601E-8	1	0	12.33491
588	-95.833	18.5	97.602	526.691	9.43607	3.02	3.1	4.167	8.8594E-8	1	0	12.33535
589	-95.833	19.5	97.797	526.686	9.43574	3.02	3.1	4.167	8.8588E-8	1	0	12.33576
590	-95.833	20.5	98.001	526.682	9.43542	3.02	3.1	4.167	8.8582E-8	1	0	12.33616
591	-95.833	21.5	98.215	526.678	9.43513	3.02	3.1	4.167	8.8577E-8	1	0	12.33653
592	-95.833	22.5	98.439	526.675	9.43486	3.02	3.1	4.167	8.8572E-8	1	0	12.33687
593	-95.833	23.5	98.672	526.671	9.43462	3.02	3.1	4.167	8.8568E-8	1	0	12.33718
594	-95.833	24.5	98.915	526.669	9.43441	3.02	3.1	4.167	8.8564E-8	1	0	12.33745
595	-95.833	25.5	99.167	526.666	9.43423	3.02	3.1	4.167	8.8561E-8	1	0	12.33768
596	-95.833	26.5	99.429	526.664	9.43408	3.02	3.1	4.167	8.8558E-8	1	0	12.33786
597	-95.833	27.5	99.7	526.663	9.43397	3.02	3.1	4.167	8.8556E-8	1	0	12.338
598	-95.833	28.5	99.981	526.662	9.43389	3.02	3.1	4.167	8.8554E-8	1	0	12.3381
599	-95.833	29.5	100.271	526.661	9.43386	3.02	3.1	4.167	8.8554E-8	1	0	12.33815
600	-90.333	-29.5	95.028	620.071	9.43245	3.02	3.1	9.667	8.5641E-8	1	0	5.50485
601	-90.333	-28.5	94.722	620.073	9.43251	3.02	3.1	9.667	8.5642E-8	1	0	5.50482
602	-90.333	-27.5	94.426	620.075	9.43261	3.02	3.1	9.667	8.5644E-8	1	0	5.50476
603	-90.333	-26.5	94.14	620.079	9.43277	3.02	3.1	9.667	8.5647E-8	1	0	5.50468
604	-90.333	-25.5	93.863	620.084	9.43298	3.02	3.1	9.667	8.565E-8	1	0	5.50456
605	-90.333	-24.5	93.596	620.09	9.43323	3.02	3.1	9.667	8.5655E-8	1	0	5.50443
606	-90.333	-23.5	93.34	620.097	9.43353	3.02	3.1	9.667	8.566E-8	1	0	5.50426
607	-90.333	-22.5	93.093	620.104	9.43387	3.02	3.1	9.667	8.5666E-8	1	0	5.50407
608	-90.333	-21.5	92.856	620.113	9.43425	3.02	3.1	9.667	8.5672E-8	1	0	5.50387
609	-90.333	-20.5	92.63	620.123	9.43466	3.02	3.1	9.667	8.568E-8	1	0	5.50364
610	-90.333	-19.5	92.414	620.133	9.4351	3.02	3.1	9.667	8.5687E-8	1	0	5.5034
611	-90.333	-18.5	92.208	620.144	9.43556	3.02	3.1	9.667	8.5695E-8	1	0	5.50315
612	-90.333	-17.5	92.012	620.155	9.43605	3.02	3.1	9.667	8.5704E-8	1	0	5.50288
613	-90.333	-16.5	91.827	620.167	9.43654	3.02	3.1	9.667	8.5712E-8	1	0	5.50261
614	-90.333	-15.5	91.653	620.178	9.43705	3.02	3.1	9.667	8.5721E-8	1	0	5.50233
615	-90.333	-14.5	91.489	620.19	9.43756	3.02	3.1	9.667	8.573E-8	1	0	5.50205
616	-90.333	-13.5	91.336	620.202	9.43806	3.02	3.1	9.667	8.5739E-8	1	0	5.50177
617	-90.333	-12.5	91.194	620.214	9.43856	3.02	3.1	9.667	8.5748E-8	1	0	5.5015
618	-90.333	-11.5	91.062	620.225	9.43904	3.02	3.1	9.667	8.5756E-8	1	0	5.50124
619	-90.333	-10.5	90.941	620.236	9.43951	3.02	3.1	9.667	8.5764E-8	1	0	5.50098
620	-90.333	-9.5	90.831	620.246	9.43995	3.02	3.1	9.667	8.5772E-8	1	0	5.50074
621	-90.333	-8.5	90.732	620.255	9.44036	3.02	3.1	9.667	8.5779E-8	1	0	5.50052
622	-90.333	-7.5	90.644	620.264	9.44074	3.02	3.1	9.667	8.5786E-8	1	0	5.50031
623	-90.333	-6.5	90.566	620.272	9.44108	3.02	3.1	9.667	8.5792E-8	1	0	5.50012
624	-90.333	-5.5	90.5	620.279	9.44138	3.02	3.1	9.667	8.5797E-8	1	0	5.49996
625	-90.333	-4.5	90.445	620.285	9.44163	3.02	3.1	9.667	8.5801E-8	1	0	5.49982
626	-90.333	-3.5	90.401	620.29	9.44184	3.02	3.1	9.667	8.5805E-8	1	0	5.49971
627	-90.333	-2.5	90.367	620.293	9.442	3.02	3.1	9.667	8.5808E-8	1	0	5.49962
628	-90.333	-1.5	90.345	620.296	9.4421	3.02	3.1	9.667	8.5809E-8	1	0	5.49956
629	-90.333	-0.5	90.334	620.297	9.44216	3.02	3.1	9.667	8.581E-8	1	0	5.49953
630	-90.333	0.5	90.334	620.297	9.44216	3.02	3.1	9.667	8.581E-8	1	0	5.49953
631	-90.333	1.5	90.345	620.296	9.4421	3.02	3.1	9.667	8.5809E-8	1	0	5.49956
632	-90.333	2.5	90.367	620.293	9.442	3.02	3.1	9.667	8.5808E-8	1	0	5.49962
633	-90.333	3.5	90.401	620.29	9.44184	3.02	3.1	9.667	8.5805E-8	1	0	5.49971
634	-90.333	4.5	90.445	620.285	9.44163	3.02	3.1	9.667	8.5801E-8	1	0	5.49982
635	-90.333	5.5	90.5	620.279	9.44138	3.02	3.1	9.667	8.5797E-8	1	0	5.49996
636	-90.333	6.5	90.566	620.272	9.44108	3.02	3.1	9.667	8.5792E-8	1	0	5.50012
637	-90.333	7.5	90.644	620.264	9.44074	3.02	3.1	9.667	8.5786E-8	1	0	5.50031
638	-90.333	8.5	90.732	620.255	9.44036	3.02	3.1	9.667	8.5779E-8	1	0	5.50052
639	-90.333	9.5	90.831	620.246	9.43995	3.02	3.1	9.667	8.5772E-8	1	0	5.50074
640	-90.333	10.5	90.941	620.236	9.43951	3.02	3.1	9.667	8.5764E-8	1	0	5.50098
641	-90.333	11.5	91.062	620.225	9.43904	3.02	3.1	9.667	8.5756E-8	1	0	5.50124
642	-90.333	12.5	91.194	620.214	9.43856	3.02	3.1	9.667	8.5748E-8	1	0	5.5015
643	-90.333	13.5	91.336	620.202	9.43806	3.02	3.1	9.667	8.5739E-8	1	0	5.50177
644	-90.333	14.5	91.489	620.19	9.43756	3.02	3.1	9.667	8.573E-8	1	0	5.50205
645	-90.333	15.5	91.653	620.178	9.43705	3.02	3.1	9.667	8.5721E-8	1	0	5.50233
646	-90.333	16.5	91.827	620.167	9.43654	3.02	3.1	9.667	8.5712E-8	1	0	5.50261
647	-90.333	17.5	92.012	620.155	9.43605	3.02	3.1	9.667	8.5704E-8	1	0	5.50288
648	-90.333	18.5	92.208	620.144	9.43556	3.02	3.1	9.667	8.5695E-8	1	0	5.50315
649	-90.333	19.5	92.414	620.133	9.4351	3.02	3.1	9.667	8.5687E-8	1	0	5.5034
650	-90.333	20.5	92.63	620.123	9.43466	3.02	3.1	9.667	8.568E-8	1	0	5.50364
651	-90.333	21.5	92.856	620.113	9.43425	3.02	3.1	9.667	8.5672E-8	1	0	5.50387
652	-90.333	22.5	93.093	620.104	9.43387	3.02	3.1	9.667	8.5666E-8	1	0	5.50407
653	-90.333	23.5	93.34	620.097	9.43353	3.02	3.1	9.667	8.566E-8	1	0	5.50426
654	-90.333	24.5	93.596	620.09	9.43323	3.02	3.1	9.667	8.5655E-8	1	0	5.50443
655	-90.333	25.5	93.863	620.084	9.43298	3.02	3.1	9.667	8.565E-8	1	0	5.50456
656	-90.333	26.5	94.14	620.079	9.43277	3.02	3.1	9.667	8.5647E-8	1	0	5.50468
657	-90.333	27.5	94.426	620.075	9.43261	3.02	3.1	9.667	8.5644E-8	1	0	5.50476
658	-90.333	28.5	94.722	620.073	9.43251	3.02	3.1	9.667	8.5642E-8	1	0	5.50482
659	-90.333	29.5	95.028	620.071	9.43245	3.02	3.1	9.667	8.5641E-8	1	0	5.50485
660	-84.833	-29.5	89.816	704.309	9.42945	3.02	3.1	15.167	8.2985E-8	1	0	3.67066
661	-84.833	-28.5	89.492	704.311	9.42953	3.02	3.1	15.167	8.2987E-8	1	0	3.67063
662	-84.833	-27.5	89.179	704.315	9.4297	3.02	3.1	15.167	8.299E-8	1	0	3.67057
663	-84.833	-26.5	88.876	704.322	9.42996	3.02	3.1	15.167	8.2994E-8	1	0	3.67048
664	-84.833	-25.5	88.583	704.331	9.43029	3.02	3.1	15.167	8.3E-8	1	0	3.67035
665	-84.833	-24.5	88.3	704.341	9.4307	3.02	3.1	15.167	8.3006E-8	1	0	3.67021
666	-84.833	-23.5	88.028	704.354	9.43119	3.02	3.1	15.167	8.3015E-8	1	0	3.67003
667	-84.833	-22.5	87.766	704.368	9.43174	3.02	3.1	15.167	8.3024E-8	1	0	3.66983
668	-84.833	-21.5	87.515	704.384	9.43235	3.02	3.1	15.167	8.3034E-8	1	0	3.66961
669	-84.833	-20.5	87.275	704.401	9.43302	3.02	3.1	15.167	8.3045E-8	1	0	3.66938
670	-84.833	-19.5	87.045	704.42	9.43373	3.02	3.1	15.167	8.3057E-8	1	0	3.66912
671	-84.833	-18.5	86.827	704.439	9.43448	3.02	3.1	15.167	8.307E-8	1	0	3.66885
672	-84.833	-17.5	86.619	704.46	9.43527	3.02	3.1	15.167	8.3083E-8	1	0	3.66857
673	-84.833	-16.5	86.423	704.481	9.43607	3.02	3.1	15.167	8.3097E-8	1	0	3.66828
674	-84.833	-15.5	86.237	704.502	9.43689	3.02	3.1	15.167	8.311E-8	1	0	3.66798
675	-84.833	-14.5	86.063	704.523	9.43771	3.02	3.1	15.167	8.3124E-8	1	0	3.66769
676	-84.833	-13.5	85.9	704.545	9.43853	3.02	3.1	15.167	8.3138E-8	1	0	3.66739
677	-84.833	-12.5	85.749	704.566	9.43934	3.02	3.1	15.167	8.3152E-8	1	0	3.6671
678	-84.833	-11.5	85.609	704.586	9.44012	3.02	3.1	15.167	8.3165E-8	1	0	3.66682
679	-84.833	-10.5	85.48	704.606	9.44088	3.02	3.1	15.167	8.3177E-8	1	0	3.66655
680	-84.833	-9.5	85.363	704.624	9.44159	3.02	3.1	15.167	8.3189E-8	1	0	3.6663
681	-84.833	-8.5	85.258	704.642	9.44226	3.02	3.1	15.167	8.3201E-8	1	0	3.66606
682	-84.833	-7.5	85.164	704.657	9.44287	3.02	3.1	15.167	8.3211E-8	1	0	3.66584
683	-84.833	-6.5	85.081	704.672	9.44342	3.02	3.1	15.167	8.322E-8	1	0	3.66564
684	-84.833	-5.5	85.011	704.684	9.44391	3.02	3.1	15.167	8.3228E-8	1	0	3.66546
685	-84.833	-4.5	84.952	704.695	9.44432	3.02	3.1	15.167	8.3235E-8	1	0	3.66532
686	-84.833	-3.5	84.905	704.704	9.44466	3.02	3.1	15.167	8.3241E-8	1	0	3.6652
687	-84.833	-2.5	84.87	704.71	9.44491	3.02	3.1	15.167	8.3245E-8	1	0	3.6651
688	-84.833	-1.5	84.846	704.715	9.44508	3.02	3.1	15.167	8.3248E-8	1	0	3.66504
689	-84.833	-0.5	84.834	704.717	9.44517	3.02	3.1	15.167	8.325E-8	1	0	3.66501
690	-84.833	0.5	84.834	704.717	9.44517	3.02	3.1	15.167	8.325E-8	1	0	3.66501
691	-84.833	1.5	84.846	704.715	9.44508	3.02	3.1	15.167	8.3248E-8	1	0	3.66504
692	-84.833	2.5	84.87	704.71	9.44491	3.02	3.1	15.167	8.3245E-8	1	0	3.6651
693	-84.833	3.5	84.905	704.704	9.44466	3.02	3.1	15.167	8.3241E-8	1	0	3.6652
694	-84.833	4.5	84.952	704.695	9.44432	3.02	3.1	15.167	8.3235E-8	1	0	3.66532
695	-84.833	5.5	85.011	704.684	9.44391	3.02	3.1	15.167	8.3228E-8	1	0	3.66546
696	-84.833	6.5	85.081	704.672	9.44342	3.02	3.1	15.167	8.322E-8	1	0	3.66564
697	-84.833	7.5	85.164	704.657	9.44287	3.02	3.1	15.167	8.3211E-8	1	0	3.66584
698	-84.833	8.5	85.258	704.642	9.44226	3.02	3.1	15.167	8.3201E-8	1	0	3.66606
699	-84.833	9.5	85.363	704.624	9.44159	3.02	3.1	15.167	8.3189E-8	1	0	3.6663
700	-84.833	10.5	85.48	704.606	9.44088	3.02	3.1	15.167	8.3177E-8	1	0	3.66655
701	-84.833	11.5	85.609	704.586	9.44012	3.02	3.1	15.167	8.3165E-8	1	0	3.66682
702	-84.833	12.5	85.749	704.566	9.43934	3.02	3.1	15.167	8.3152E-8	1	0	3.6671
703	-84.833	13.5	85.9	704.545	9.43853	3.02	3.1	15.167	8.3138E-8	1	0	3.66739
704	-84.833	14.5	86.063	704.523	9.43771	3.02	3.1	15.167	8.3124E-8	1	0	3.66769
705	-84.833	15.5	86.237	704.502	9.43689	3.02	3.1	15.167	8.311E-8	1	0	3.66798
706	-84.833	16.5	86.423	704.481	9.43607	3.02	3.1	15.167	8.3097E-8	1	0	3.66828
707	-84.833	17.5	86.619	704.46	9.43527	3.02	3.1	15.167	8.3083E-8	1	0	3.66857
708	-84.833	18.5	86.827	704.439	9.43448	3.02	3.1	15.167	8.307E-8	1	0	3.66885
709	-84.833	19.5	87.045	704.42	9.43373	3.02	3.1	15.167	8.3057E-8	1	0	3.66912
710	-84.833	20.5	87.275	704.401	9.43302	3.02	3.1	15.167	8.3045E-8	1	0	3.66938
711	-84.833	21.5	87.515	704.384	9.43235	3.02	3.1	15.167	8.3034E-8	1	0	3.66961
712	-84.833	22.5	87.766	704.368	9.43174	3.02	3.1	15.167	8.3024E-8	1	0	3.66983
713	-84.833	23.5	88.028	704.354	9.43119	3.02	3.1	15.167	8.3015E-8	1	0	3.67003
714	-84.833	24.5	88.3	704.341	9.4307	3.02	3.1	15.167	8.3006E-8	1	0	3.67021
715	-84.833	25.5	88.583	704.331	9.43029	3.02	3.1	15.167	8.3E-8	1	0	3.67035
716	-84.833	26.5	88.876	704.322	9.42996	3.02	3.1	15.167	8.2994E-8	1	0	3.67048
717	-84.833	27.5	89.179	704.315	9.4297	3.02	3.1	15.167	8.299E-8	1	0	3.67057
718	-84.833	28.5	89.492	704.311	9.42953	3.02	3.1	15.167	8.2987E-8	1	0	3.67063
719	-84.833	29.5	89.816	704.309	9.42945	3.02	3.1	15.167	8.2985E-8	1	0	3.67066
720	-79.333	-29.5	84.64	779.554	9.42384	3.02	3.1	20.667	8.0566E-8	1	0	2.85203
721	-79.333	-28.5	84.297	779.558	9.42399	3.02	3.1	20.667	8.0568E-8	1	0	2.85199
722	-79.333	-27.5	83.964	779.565	9.42428	3.02	3.1	20.667	8.0573E-8	1	0	2.85191
723	-79.333	-26.5	83.642	779.576	9.42471	3.02	3.1	20.667	8.058E-8	1	0	2.85179
724	-79.333	-25.5	83.33	779.591	9.42529	3.02	3.1	20.667	8.059E-8	1	0	2.85163
725	-79.333	-24.5	83.03	779.609	9.42599	3.02	3.1	20.667	8.0601E-8	1	0	2.85144
726	-79.333	-23.5	82.74	779.63	9.42682	3.02	3.1	20.667	8.0615E-8	1	0	2.85121
727	-79.333	-22.5	82.462	779.654	9.42777	3.02	3.1	20.667	8.063E-8	1	0	2.85095
728	-79.333	-21.5	82.195	779.68	9.42881	3.02	3.1	20.667	8.0647E-8	1	0	2.85066
729	-79.333	-20.5	81.939	779.709	9.42996	3.02	3.1	20.667	8.0666E-8	1	0	2.85034
730	-79.333	-19.5	81.694	779.74	9.43118	3.02	3.1	20.667	8.0686E-8	1	0	2.85001
731	-79.333	-18.5	81.461	779.773	9.43247	3.02	3.1	20.667	8.0707E-8	1	0	2.84965
732	-79.333	-17.5	81.24	779.807	9.43381	3.02	3.1	20.667	8.0729E-8	1	0	2.84928
733	-79.333	-16.5	81.031	779.842	9.43519	3.02	3.1	20.667	8.0751E-8	1	0	2.8489
734	-79.333	-15.5	80.833	779.877	9.4366	3.02	3.1	20.667	8.0774E-8	1	0	2.84851
735	-79.333	-14.5	80.647	779.913	9.43801	3.02	3.1	20.667	8.0797E-8	1	0	2.84812
736	-79.333	-13.5	80.473	779.949	9.43941	3.02	3.1	20.667	8.082E-8	1	0	2.84773
737	-79.333	-12.5	80.312	779.984	9.44079	3.02	3.1	20.667	8.0843E-8	1	0	2.84735
738	-79.333	-11.5	80.162	780.018	9.44214	3.02	3.1	20.667	8.0865E-8	1	0	2.84698
739	-79.333	-10.5	80.025	780.051	9.44343	3.02	3.1	20.667	8.0886E-8	1	0	2.84662
740	-79.333	-9.5	79.9	780.082	9.44466	3.02	3.1	20.667	8.0906E-8	1	0	2.84629
741	-79.333	-8.5	79.787	780.111	9.4458	3.02	3.1	20.667	8.0925E-8	1	0	2.84597
742	-79.333	-7.5	79.687	780.137	9.44685	3.02	3.1	20.667	8.0942E-8	1	0	2.84568
743	-79.333	-6.5	79.599	780.161	9.4478	3.02	3.1	20.667	8.0957E-8	1	0	2.84542
744	-79.333	-5.5	79.523	780.182	9.44863	3.02	3.1	20.667	8.0971E-8	1	0	2.84519
745	-79.333	-4.5	79.46	780.2	9.44934	3.02	3.1	20.667	8.0982E-8	1	0	2.845
746	-79.333	-3.5	79.41	780.215	9.44991	3.02	3.1	20.667	8.0992E-8	1	0	2.84484
747	-79.333	-2.5	79.372	780.226	9.45035	3.02	3.1	20.667	8.0999E-8	1	0	2.84472
748	-79.333	-1.5	79.347	780.233	9.45064	3.02	3.1	20.667	8.1004E-8	1	0	2.84464
749	-79.333	-0.5	79.334	780.237	9.45079	3.02	3.1	20.667	8.1006E-8	1	0	2.8446
750	-79.333	0.5	79.334	780.237	9.45079	3.02	3.1	20.667	8.1006E-8	1	0	2.8446
751	-79.333	1.5	79.347	780.233	9.45064	3.02	3.1	20.667	8.1004E-8	1	0	2.84464
752	-79.333	2.5	79.372	780.226	9.45035	3.02	3.1	20.667	8.0999E-8	1	0	2.84472
753	-79.333	3.5	79.41	780.215	9.44991	3.02	3.1	20.667	8.0992E-8	1	0	2.84484
754	-79.333	4.5	79.46	780.2	9.44934	3.02	3.1	20.667	8.0982E-8	1	0	2.845
755	-79.333	5.5	79.523	780.182	9.44863	3.02	3.1	20.667	8.0971E-8	1	0	2.84519
756	-79.333	6.5	79.599	780.161	9.4478	3.02	3.1	20.667	8.0957E-8	1	0	2.84542
757	-79.333	7.5	79.687	780.137	9.44685	3.02	3.1	20.667	8.0942E-8	1	0	2.84568
758	-79.333	8.5	79.787	780.111	9.4458	3.02	3.1	20.667	8.0925E-8	1	0	2.84597
759	-79.333	9.5	79.9	780.082	9.44466	3.02	3.1	20.667	8.0906E-8	1	0	2.84629
760	-79.333	10.5	80.025	780.051	9.44343	3.02	3.1	20.667	8.0886E-8	1	0	2.84662
761	-79.333	11.5	80.162	780.018	9.44214	3.02	3.1	20.667	8.0865E-8	1	0	2.84698
762	-79.333	12.5	80.312	779.984	9.44079	3.02	3.1	20.667	8.0843E-8	1	0	2.84735
763	-79.333	13.5	80.473	779.949	9.43941	3.02	3.1	20.667	8.082E-8	1	0	2.84773
764	-79.333	14.5	80.647	779.913	9.43801	3.02	3.1	20.667	8.0797E-8	1	0	2.84812
765	-79.333	15.5	80.833	779.877	9.4366	3.02	3.1	20.667	8.0774E-8	1	0	2.84851
766	-79.333	16.5	81.031	779.842	9.43519	3.02	3.1	20.667	8.0751E-8	1	0	2.8489
767	-79.333	17.5	81.24	779.807	9.43381	3.02	3.1	20.667	8.0729E-8	1	0	2.84928
768	-79.333	18.5	81.461	779.773	9.43247	3.02	3.1	20.667	8.0707E-8	1	0	2.84965
769	-79.333	19.5	81.694	779.74	9.43118	3.02	3.1	20.667	8.0686E-8	1	0	2.85001
770	-79.333	20.5	81.939	779.709	9.42996	3.02	3.1	20.667	8.0666E-8	1	0	2.85034
771	-79.333	21.5	82.195	779.68	9.42881	3.02	3.1	20.667	8.0647E-8	1	0	2.85066
772	-79.333	22.5	82.462	779.654	9.42777	3.02	3.1	20.667	8.063E-8	1	0	2.85095
773	-79.333	23.5	82.74	779.63	9.42682	3.02	3.1	20.667	8.0615E-8	1	0	2.85121
774	-79.333	24.5	83.03	779.609	9.42599	3.02	3.1	20.667	8.0601E-8	1	0	2.85144
775	-79.333	25.5	83.33	779.591	9.42529	3.02	3.1	20.667	8.059E-8	1	0	2.85163
776	-79.333	26.5	83.642	779.576	9.42471	3.02	3.1	20.667	8.058E-8	1	0	2.85179
777	-79.333	27.5	83.964	779.565	9.42428	3.02	3.1	20.667	8.0573E-8	1	0	2.85191
778	-79.333	28.5	84.297	779.558	9.42399	3.02	3.1	20.667	8.0568E-8	1	0	2.85199
779	-79.333	29.5	84.64	779.554	9.42384	3.02	3.1	20.667	8.0566E-8	1	0	2.85203
780	-74.169	-29.5	79.821	842.374	9.41472	3.02	3.1	25.831	7.8476E-8	1	0	2.43241
781	-74.169	-28.5	79.457	842.38	9.41496	3.02	3.1	25.831	7.848E-8	1	0	2.43235
782	-74.169	-27.5	79.103	842.392	9.41546	3.02	3.1	25.831	7.8488E-8	1	0	2.43223
783	-74.169	-26.5	78.761	842.41	9.41619	3.02	3.1	25.831	7.85E-8	1	0	2.43206
784	-74.169	-25.5	78.431	842.433	9.41715	3.02	3.1	25.831	7.8515E-8	1	0	2.43184
785	-74.169	-24.5	78.111	842.461	9.41833	3.02	3.1	25.831	7.8534E-8	1	0	2.43156
786	-74.169	-23.5	77.803	842.494	9.41972	3.02	3.1	25.831	7.8556E-8	1	0	2.43123
787	-74.169	-22.5	77.507	842.532	9.4213	3.02	3.1	25.831	7.8581E-8	1	0	2.43086
788	-74.169	-21.5	77.223	842.575	9.42306	3.02	3.1	25.831	7.8609E-8	1	0	2.43045
789	-74.169	-20.5	76.95	842.621	9.42497	3.02	3.1	25.831	7.864E-8	1	0	2.43
790	-74.169	-19.5	76.69	842.67	9.42702	3.02	3.1	25.831	7.8672E-8	1	0	2.42952
791	-74.169	-18.5	76.442	842.722	9.42919	3.02	3.1	25.831	7.8707E-8	1	0	2.42902
792	-74.169	-17.5	76.206	842.776	9.43144	3.02	3.1	25.831	7.8743E-8	1	0	2.42849
793	-74.169	-16.5	75.983	842.831	9.43376	3.02	3.1	25.831	7.878E-8	1	0	2.42795
794	-74.169	-15.5	75.772	842.888	9.43611	3.02	3.1	25.831	7.8817E-8	1	0	2.4274
795	-74.169	-14.5	75.574	842.945	9.43848	3.02	3.1	25.831	7.8855E-8	1	0	2.42684
796	-74.169	-13.5	75.388	843.001	9.44084	3.02	3.1	25.831	7.8893E-8	1	0	2.42629
797	-74.169	-12.5	75.215	843.057	9.44316	3.02	3.1	25.831	7.893E-8	1	0	2.42575
798	-74.169	-11.5	75.056	843.111	9.44542	3.02	3.1	25.831	7.8966E-8	1	0	2.42523
799	-74.169	-10.5	74.909	843.163	9.44759	3.02	3.1	25.831	7.9001E-8	1	0	2.42472
800	-74.169	-9.5	74.775	843.212	9.44964	3.02	3.1	25.831	7.9034E-8	1	0	2.42424
801	-74.169	-8.5	74.655	843.258	9.45156	3.02	3.1	25.831	7.9064E-8	1	0	2.4238
802	-74.169	-7.5	74.548	843.301	9.45333	3.02	3.1	25.831	7.9092E-8	1	0	2.42338
803	-74.169	-6.5	74.454	843.339	9.45492	3.02	3.1	25.831	7.9118E-8	1	0	2.42302
804	-74.169	-5.5	74.373	843.372	9.45632	3.02	3.1	25.831	7.914E-8	1	0	2.42269
805	-74.169	-4.5	74.306	843.401	9.4575	3.02	3.1	25.831	7.9159E-8	1	0	2.42241
806	-74.169	-3.5	74.252	843.424	9.45847	3.02	3.1	25.831	7.9175E-8	1	0	2.42219
807	-74.169	-2.5	74.212	843.442	9.45921	3.02	3.1	25.831	7.9186E-8	1	0	2.42202
808	-74.169	-1.5	74.185	843.453	9.4597	3.02	3.1	25.831	7.9194E-8	1	0	2.4219
809	-74.169	-0.5	74.171	843.459	9.45995	3.02	3.1	25.831	7.9198E-8	1	0	2.42185
810	-74.169	0.5	74.171	843.459	9.45995	3.02	3.1	25.831	7.9198E-8	1	0	2.42185
811	-74.169	1.5	74.185	843.453	9.4597	3.02	3.1	25.831	7.9194E-8	1	0	2.4219
812	-74.169	2.5	74.212	843.442	9.45921	3.02	3.1	25.831	7.9186E-8	1	0	2.42202
813	-74.169	3.5	74.252	843.424	9.45847	3.02	3.1	25.831	7.9175E-8	1	0	2.42219
814	-74.169	4.5	74.306	843.401	9.4575	3.02	3.1	25.831	7.9159E-8	1	0	2.42241
815	-74.169	5.5	74.373	843.372	9.45632	3.02	3.1	25.831	7.914E-8	1	0	2.42269
816	-74.169	6.5	74.454	843.339	9.45492	3.02	3.1	25.831	7.9118E-8	1	0	2.42302
817	-74.169	7.5	74.548	843.301	9.45333	3.02	3.1	25.831	7.9092E-8	1	0	2.42338
818	-74.169	8.5	74.655	843.258	9.45156	3.02	3.1	25.831	7.9064E-8	1	0	2.4238
819	-74.169	9.5	74.775	843.212	9.44964	3.02	3.1	25.831	7.9034E-8	1	0	2.42424
820	-74.169	10.5	74.909	843.163	9.44759	3.02	3.1	25.831	7.9001E-8	1	0	2.42472
821	-74.169	11.5	75.056	843.111	9.44542	3.02	3.1	25.831	7.8966E-8	1	0	2.42523
822	-74.169	12.5	75.215	843.057	9.44316	3.02	3.1	25.831	7.893E-8	1	0	2.42575
823	-74.169	13.5	75.388	843.001	9.44084	3.02	3.1	25.831	7.8893E-8	1	0	2.42629
824	-74.169	14.5	75.574	842.945	9.43848	3.02	3.1	25.831	7.8855E-8	1	0	2.42684
825	-74.169	15.5	75.772	842.888	9.43611	3.02	3.1	25.831	7.8817E-8	1	0	2.4274
826	-74.169	16.5	75.983	842.831	9.43376	3.02	3.1	25.831	7.878E-8	1	0	2.42795
827	-74.169	17.5	76.206	842.776	9.43144	3.02	3.1	25.831	7.8743E-8	1	0	2.42849
828	-74.169	18.5	76.442	842.722	9.42919	3.02	3.1	25.831	7.8707E-8	1	0	2.42902
829	-74.169	19.5	76.69	842.67	9.42702	3.02	3.1	25.831	7.8672E-8	1	0	2.42952
830	-74.169	20.5	76.95	842.621	9.42497	3.02	3.1	25.831	7.864E-8	1	0	2.43
831	-74.169	21.5	77.223	842.575	9.42306	3.02	3.1	25.831	7.8609E-8	1	0	2.43045
832	-74.169	22.5	77.507	842.532	9.4213	3.02	3.1	25.831	7.8581E-8	1	0	2.43086
833	-74.169	23.5	77.803	842.494	9.41972	3.02	3.1	25.831	7.8556E-8	1	0	2.43123
834	-74.169	24.5	78.111	842.461	9.41833	3.02	3.1	25.831	7.8534E-8	1	0	2.43156
835	-74.169	25.5	78.431	842.433	9.41715	3.02	3.1	25.831	7.8515E-8	1	0	2.43184
836	-74.169	26.5	78.761	842.41	9.41619	3.02	3.1	25.831	7.85E-8	1	0	2.43206
837	-74.169	27.5	79.103	842.392	9.41546	3.02	3.1	25.831	7.8488E-8	1	0	2.43223
838	-74.169	28.5	79.457	842.38	9.41496	3.02	3.1	25.831	7.848E-8	1	0	2.43235
839	-74.169	29.5	79.821	842.374	9.41472	3.02	3.1	25.831	7.8476E-8	1	0	2.43241
840	-69.9	-29.5	75.87	888.779	9.40255	3.02	3.1	30.1	7.6849E-8	1	0	2.2144
841	-69.9	-28.5	75.486	888.787	9.40293	3.02	3.1	30.1	7.6855E-8	1	0	2.21432
842	-69.9	-27.5	75.115	888.804	9.40369	3.02	3.1	30.1	7.6867E-8	1	0	2.21415
843	-69.9	-26.5	74.754	888.83	9.40481	3.02	3.1	30.1	7.6884E-8	1	0	2.21392
844	-69.9	-25.5	74.406	888.864	9.40629	3.02	3.1	30.1	7.6907E-8	1	0	2.2136
845	-69.9	-24.5	74.069	888.905	9.40811	3.02	3.1	30.1	7.6936E-8	1	0	2.21321
846	-69.9	-23.5	73.744	888.953	9.41025	3.02	3.1	30.1	7.6969E-8	1	0	2.21276
847	-69.9	-22.5	73.432	889.009	9.41268	3.02	3.1	30.1	7.7007E-8	1	0	2.21224
848	-69.9	-21.5	73.131	889.07	9.41539	3.02	3.1	30.1	7.705E-8	1	0	2.21167
849	-69.9	-20.5	72.844	889.137	9.41833	3.02	3.1	30.1	7.7096E-8	1	0	2.21104
850	-69.9	-19.5	72.569	889.208	9.42149	3.02	3.1	30.1	7.7145E-8	1	0	2.21037
851	-69.9	-18.5	72.306	889.284	9.42481	3.02	3.1	30.1	7.7197E-8	1	0	2.20967
852	-69.9	-17.5	72.057	889.363	9.42828	3.02	3.1	30.1	7.7252E-8	1	0	2.20893
853	-69.9	-16.5	71.821	889.444	9.43185	3.02	3.1	30.1	7.7308E-8	1	0	2.20818
854	-69.9	-15.5	71.597	889.526	9.43547	3.02	3.1	30.1	7.7365E-8	1	0	2.20741
855	-69.9	-14.5	71.388	889.609	9.43912	3.02	3.1	30.1	7.7422E-8	1	0	2.20664
856	-69.9	-13.5	71.191	889.691	9.44275	3.02	3.1	30.1	7.7479E-8	1	0	2.20587
857	-69.9	-12.5	71.008	889.772	9.44633	3.02	3.1	30.1	7.7535E-8	1	0	2.20512
858	-69.9	-11.5	70.839	889.851	9.4498	3.02	3.1	30.1	7.759E-8	1	0	2.20438
859	-69.9	-10.5	70.684	889.926	9.45314	3.02	3.1	30.1	7.7642E-8	1	0	2.20368
860	-69.9	-9.5	70.542	889.998	9.45631	3.02	3.1	30.1	7.7692E-8	1	0	2.20301
861	-69.9	-8.5	70.414	890.065	9.45927	3.02	3.1	30.1	7.7739E-8	1	0	2.20239
862	-69.9	-7.5	70.301	890.127	9.46199	3.02	3.1	30.1	7.7781E-8	1	0	2.20182
863	-69.9	-6.5	70.201	890.182	9.46444	3.02	3.1	30.1	7.782E-8	1	0	2.2013
864	-69.9	-5.5	70.116	890.231	9.46659	3.02	3.1	30.1	7.7854E-8	1	0	2.20085
865	-69.9	-4.5	70.044	890.273	9.46842	3.02	3.1	30.1	7.7883E-8	1	0	2.20046
866	-69.9	-3.5	69.987	890.306	9.46991	3.02	3.1	30.1	7.7906E-8	1	0	2.20015
867	-69.9	-2.5	69.944	890.332	9.47104	3.02	3.1	30.1	7.7924E-8	1	0	2.19991
868	-69.9	-1.5	69.916	890.349	9.47181	3.02	3.1	30.1	7.7936E-8	1	0	2.19975
869	-69.9	-0.5	69.901	890.358	9.47219	3.02	3.1	30.1	7.7942E-8	1	0	2.19967
870	-69.9	0.5	69.901	890.358	9.47219	3.02	3.1	30.1	7.7942E-8	1	0	2.19967
871	-69.9	1.5	69.916	890.349	9.47181	3.02	3.1	30.1	7.7936E-8	1	0	2.19975
872	-69.9	2.5	69.944	890.332	9.47104	3.02	3.1	30.1	7.7924E-8	1	0	2.19991
873	-69.9	3.5	69.987	890.306	9.46991	3.02	3.1	30.1	7.7906E-8	1	0	2.20015
874	-69.9	4.5	70.044	890.273	9.46842	3.02	3.1	30.1	7.7883E-8	1	0	2.20046
875	-69.9	5.5	70.116	890.231	9.46659	3.02	3.1	30.1	7.7854E-8	1	0	2.20085
876	-69.9	6.5	70.201	890.182	9.46444	3.02	3.1	30.1	7.782E-8	1	0	2.2013
877	-69.9	7.5	70.301	890.127	9.46199	3.02	3.1	30.1	7.7781E-8	1	0	2.20182
878	-69.9	8.5	70.414	890.065	9.45927	3.02	3.1	30.1	7.7739E-8	1	0	2.20239
879	-69.9	9.5	70.542	889.998	9.45631	3.02	3.1	30.1	7.7692E-8	1	0	2.20301
880	-69.9	10.5	70.684	889.926	9.45314	3.02	3.1	30.1	7.7642E-8	1	0	2.20368
881	-69.9	11.5	70.839	889.851	9.4498	3.02	3.1	30.1	7.759E-8	1	0	2.20438
882	-69.9	12.5	71.008	889.772	9.44633	3.02	3.1	30.1	7.7535E-8	1	0	2.20512
883	-69.9	13.5	71.191	889.691	9.44275	3.02	3.1	30.1	7.7479E-8	1	0	2.20587
884	-69.9	14.5	71.388	889.609	9.43912	3.02	3.1	30.1	7.7422E-8	1	0	2.20664
885	-69.9	15.5	71.597	889.526	9.43547	3.02	3.1	30.1	7.7365E-8	1	0	2.20741
886	-69.9	16.5	71.821	889.444	9.43185	3.02	3.1	30.1	7.7308E-8	1	0	2.20818
887	-69.9	17.5	72.057	889.363	9.42828	3.02	3.1	30.1	7.7252E-8	1	0	2.20893
888	-69.9	18.5	72.306	889.284	9.42481	3.02	3.1	30.1	7.7197E-8	1	0	2.20967
889	-69.9	19.5	72.569	889.208	9.42149	3.02	3.1	30.1	7.7145E-8	1	0	2.21037
890	-69.9	20.5	72.844	889.137	9.41833	3.02	3.1	30.1	7.7096E-8	1	0	2.21104
891	-69.9	21.5	73.131	889.07	9.41539	3.02	3.1	30.1	7.705E-8	1	0	2.21167
892	-69.9	22.5	73.432	889.009	9.41268	3.02	3.1	30.1	7.7007E-8	1	0	2.21224
893	-69.9	23.5	73.744	888.953	9.41025	3.02	3.1	30.1	7.6969E-8	1	0	2.21276
894	-69.9	24.5	74.069	888.905	9.40811	3.02	3.1	30.1	7.6936E-8	1	0	2.21321
895	-69.9	25.5	74.406	888.864	9.40629	3.02	3.1	30.1	7.6907E-8	1	0	2.2136
896	-69.9	26.5	74.754	888.83	9.40481	3.02	3.1	30.1	7.6884E-8	1	0	2.21392
897	-69.9	27.5	75.115	888.804	9.40369	3.02	3.1	30.1	7.6867E-8	1	0	2.21415
898	-69.9	28.5	75.486	888.787	9.40293	3.02	3.1	30.1	7.6855E-8	1	0	2.21432
899	-69.9	29.5	75.87	888.779	9.40255	3.02	3.1	30.1	7.6849E-8	1	0	2.2144
900	-66.615	-29.5	72.855	921.076	9.38866	3.02	3.1	33.385	7.5633E-8	1	0	2.09566
901	-66.615	-28.5	72.456	921.087	9.38919	3.02	3.1	33.385	7.5641E-8	1	0	2.09556
902	-66.615	-27.5	72.068	921.11	9.39024	3.02	3.1	33.385	7.5658E-8	1	0	2.09534
903	-66.615	-26.5	71.693	921.144	9.39182	3.02	3.1	33.385	7.5682E-8	1	0	2.09503
904	-66.615	-25.5	71.329	921.188	9.39388	3.02	3.1	33.385	7.5714E-8	1	0	2.09461
905	-66.615	-24.5	70.978	921.243	9.39643	3.02	3.1	33.385	7.5753E-8	1	0	2.0941
906	-66.615	-23.5	70.639	921.307	9.39942	3.02	3.1	33.385	7.5799E-8	1	0	2.09349
907	-66.615	-22.5	70.312	921.38	9.40283	3.02	3.1	33.385	7.5852E-8	1	0	2.09281
908	-66.615	-21.5	69.999	921.461	9.40661	3.02	3.1	33.385	7.5911E-8	1	0	2.09205
909	-66.615	-20.5	69.698	921.55	9.41074	3.02	3.1	33.385	7.5975E-8	1	0	2.09122
910	-66.615	-19.5	69.41	921.645	9.41515	3.02	3.1	33.385	7.6043E-8	1	0	2.09033
911	-66.615	-18.5	69.136	921.744	9.41981	3.02	3.1	33.385	7.6115E-8	1	0	2.0894
912	-66.615	-17.5	68.875	921.849	9.42466	3.02	3.1	33.385	7.619E-8	1	0	2.08843
913	-66.615	-16.5	68.628	921.956	9.42966	3.02	3.1	33.385	7.6268E-8	1	0	2.08743
914	-66.615	-15.5	68.395	922.064	9.43474	3.02	3.1	33.385	7.6347E-8	1	0	2.08641
915	-66.615	-14.5	68.175	922.174	9.43985	3.02	3.1	33.385	7.6426E-8	1	0	2.08539
916	-66.615	-13.5	67.969	922.283	9.44494	3.02	3.1	33.385	7.6505E-8	1	0	2.08438
917	-66.615	-12.5	67.778	922.39	9.44995	3.02	3.1	33.385	7.6583E-8	1	0	2.08338
918	-66.615	-11.5	67.6	922.495	9.45482	3.02	3.1	33.385	7.6659E-8	1	0	2.08241
919	-66.615	-10.5	67.437	922.595	9.4595	3.02	3.1	33.385	7.6732E-8	1	0	2.08148
920	-66.615	-9.5	67.289	922.69	9.46394	3.02	3.1	33.385	7.6801E-8	1	0	2.08059
921	-66.615	-8.5	67.155	922.779	9.46809	3.02	3.1	33.385	7.6865E-8	1	0	2.07977
922	-66.615	-7.5	67.036	922.86	9.47191	3.02	3.1	33.385	7.6925E-8	1	0	2.07901
923	-66.615	-6.5	66.931	922.934	9.47534	3.02	3.1	33.385	7.6978E-8	1	0	2.07833
924	-66.615	-5.5	66.842	922.998	9.47836	3.02	3.1	33.385	7.7025E-8	1	0	2.07774
925	-66.615	-4.5	66.767	923.053	9.48093	3.02	3.1	33.385	7.7065E-8	1	0	2.07723
926	-66.615	-3.5	66.707	923.098	9.48302	3.02	3.1	33.385	7.7098E-8	1	0	2.07681
927	-66.615	-2.5	66.662	923.132	9.48461	3.02	3.1	33.385	7.7123E-8	1	0	2.0765
928	-66.615	-1.5	66.632	923.155	9.48568	3.02	3.1	33.385	7.7139E-8	1	0	2.07629
929	-66.615	-0.5	66.617	923.166	9.48621	3.02	3.1	33.385	7.7148E-8	1	0	2.07618
930	-66.615	0.5	66.617	923.166	9.48621	3.02	3.1	33.385	7.7148E-8	1	0	2.07618
931	-66.615	1.5	66.632	923.155	9.48568	3.02	3.1	33.385	7.7139E-8	1	0	2.07629
932	-66.615	2.5	66.662	923.132	9.48461	3.02	3.1	33.385	7.7123E-8	1	0	2.0765
933	-66.615	3.5	66.707	923.098	9.48302	3.02	3.1	33.385	7.7098E-8	1	0	2.07681
934	-66.615	4.5	66.767	923.053	9.48093	3.02	3.1	33.385	7.7065E-8	1	0	2.07723
935	-66.615	5.5	66.842	922.998	9.47836	3.02	3.1	33.385	7.7025E-8	1	0	2.07774
936	-66.615	6.5	66.931	922.934	9.47534	3.02	3.1	33.385	7.6978E-8	1	0	2.07833
937	-66.615	7.5	67.036	922.86	9.47191	3.02	3.1	33.385	7.6925E-8	1	0	2.07901
938	-66.615	8.5	67.155	922.779	9.46809	3.02	3.1	33.385	7.6865E-8	1	0	2.07977
939	-66.615	9.5	67.289	922.69	9.46394	3.02	3.1	33.385	7.6801E-8	1	0	2.08059
940	-66.615	10.5	67.437	922.595	9.4595	3.02	3.1	33.385	7.6732E-8	1	0	2.08148
941	-66.615	11.5	67.6	922.495	9.45482	3.02	3.1	33.385	7.6659E-8	1	0	2.08241
942	-66.615	12.5	67.778	922.39	9.44995	3.02	3.1	33.385	7.6583E-8	1	0	2.08338
943	-66.615	13.5	67.969	922.283	9.44494	3.02	3.1	33.385	7.6505E-8	1	0	2.08438
944	-66.615	14.5	68.175	922.174	9.43985	3.02	3.1	33.385	7.6426E-8	1	0	2.08539
945	-66.615	15.5	68.395	922.064	9.43474	3.02	3.1	33.385	7.6347E-8	1	0	2.08641
946	-66.615	16.5	68.628	921.956	9.42966	3.02	3.1	33.385	7.6268E-8	1	0	2.08743
947	-66.615	17.5	68.875	921.849	9.42466	3.02	3.1	33.385	7.619E-8	1	0	2.08843
948	-66.615	18.5	69.136	921.744	9.41981	3.02	3.1	33.385	7.6115E-8	1	0	2.0894
949	-66.615	19.5	69.41	921.645	9.41515	3.02	3.1	33.385	7.6043E-8	1	0	2.09033
950	-66.615	20.5	69.698	921.55	9.41074	3.02	3.1	33.385	7.5975E-8	1	0	2.09122
951	-66.615	21.5	69.999	921.461	9.40661	3.02	3.1	33.385	7.5911E-8	1	0	2.09205
952	-66.615	22.5	70.312	921.38	9.40283	3.02	3.1	33.385	7.5852E-8	1	0	2.09281
953	-66.615	23.5	70.639	921.307	9.39942	3.02	3.1	33.385	7.5799E-8	1	0	2.09349
954	-66.615	24.5	70.978	921.243	9.39643	3.02	3.1	33.385	7.5753E-8	1	0	2.0941
955	-66.615	25.5	71.329	921.188	9.39388	3.02	3.1	33.385	7.5714E-8	1	0	2.09461
956	-66.615	26.5	71.693	921.144	9.39182	3.02	3.1	33.385	7.5682E-8	1	0	2.09503
957	-66.615	27.5	72.068	921.11	9.39024	3.02	3.1	33.385	7.5658E-8	1	0	2.09534
958	-66.615	28.5	72.456	921.087	9.38919	3.02	3.1	33.385	7.5641E-8	1	0	2.09556
959	-66.615	29.5	72.855	921.076	9.38866	3.02	3.1	33.385	7.5633E-8	1	0	2.09566
960	-64.089	-29.5	70.552	943.955	9.37417	3.02	3.1	35.912	7.4702E-8	1	0	2.02505
961	-64.089	-28.5	70.14	943.969	9.37486	3.02	3.1	35.912	7.4712E-8	1	0	2.02492
962	-64.089	-27.5	69.739	943.997	9.37623	3.02	3.1	35.912	7.4733E-8	1	0	2.02465
963	-64.089	-26.5	69.351	944.038	9.37827	3.02	3.1	35.912	7.4764E-8	1	0	2.02425
964	-64.089	-25.5	68.975	944.093	9.38095	3.02	3.1	35.912	7.4805E-8	1	0	2.02373
965	-64.089	-24.5	68.612	944.16	9.38425	3.02	3.1	35.912	7.4856E-8	1	0	2.02308
966	-64.089	-23.5	68.261	944.24	9.38813	3.02	3.1	35.912	7.4916E-8	1	0	2.02233
967	-64.089	-22.5	67.923	944.33	9.39255	3.02	3.1	35.912	7.4983E-8	1	0	2.02146
968	-64.089	-21.5	67.599	944.43	9.39746	3.02	3.1	35.912	7.5059E-8	1	0	2.02051
969	-64.089	-20.5	67.287	944.539	9.40281	3.02	3.1	35.912	7.5141E-8	1	0	2.01947
970	-64.089	-19.5	66.989	944.656	9.40854	3.02	3.1	35.912	7.5229E-8	1	0	2.01836
971	-64.089	-18.5	66.705	944.78	9.41459	3.02	3.1	35.912	7.5322E-8	1	0	2.01718
972	-64.089	-17.5	66.435	944.908	9.42089	3.02	3.1	35.912	7.5419E-8	1	0	2.01596
973	-64.089	-16.5	66.178	945.04	9.42738	3.02	3.1	35.912	7.5519E-8	1	0	2.01471
974	-64.089	-15.5	65.936	945.175	9.43398	3.02	3.1	35.912	7.562E-8	1	0	2.01344
975	-64.089	-14.5	65.708	945.31	9.44062	3.02	3.1	35.912	7.5722E-8	1	0	2.01215
976	-64.089	-13.5	65.495	945.445	9.44723	3.02	3.1	35.912	7.5824E-8	1	0	2.01088
977	-64.089	-12.5	65.296	945.577	9.45373	3.02	3.1	35.912	7.5925E-8	1	0	2.00963
978	-64.089	-11.5	65.112	945.706	9.46006	3.02	3.1	35.912	7.6022E-8	1	0	2.00841
979	-64.089	-10.5	64.943	945.83	9.46615	3.02	3.1	35.912	7.6116E-8	1	0	2.00725
980	-64.089	-9.5	64.789	945.947	9.47192	3.02	3.1	35.912	7.6206E-8	1	0	2.00614
981	-64.089	-8.5	64.65	946.057	9.47731	3.02	3.1	35.912	7.6289E-8	1	0	2.00511
982	-64.089	-7.5	64.526	946.158	9.48227	3.02	3.1	35.912	7.6366E-8	1	0	2.00416
983	-64.089	-6.5	64.417	946.249	9.48674	3.02	3.1	35.912	7.6435E-8	1	0	2.00331
984	-64.089	-5.5	64.324	946.328	9.49066	3.02	3.1	35.912	7.6496E-8	1	0	2.00256
985	-64.089	-4.5	64.246	946.396	9.494	3.02	3.1	35.912	7.6547E-8	1	0	2.00192
986	-64.089	-3.5	64.184	946.452	9.49672	3.02	3.1	35.912	7.6589E-8	1	0	2.0014
987	-64.089	-2.5	64.137	946.494	9.49879	3.02	3.1	35.912	7.6621E-8	1	0	2.00101
988	-64.089	-1.5	64.106	946.522	9.50018	3.02	3.1	35.912	7.6643E-8	1	0	2.00075
989	-64.089	-0.5	64.09	946.536	9.50088	3.02	3.1	35.912	7.6654E-8	1	0	2.00061
990	-64.089	0.5	64.09	946.536	9.50088	3.02	3.1	35.912	7.6654E-8	1	0	2.00061
991	-64.089	1.5	64.106	946.522	9.50018	3.02	3.1	35.912	7.6643E-8	1	0	2.00075
992	-64.089	2.5	64.137	946.494	9.49879	3.02	3.1	35.912	7.6621E-8	1	0	2.00101
993	-64.089	3.5	64.184	946.452	9.49672	3.02	3.1	35.912	7.6589E-8	1	0	2.0014
994	-64.089	4.5	64.246	946.396	9.494	3.02	3.1	35.912	7.6547E-8	1	0	2.00192
995	-64.089	5.5	64.324	946.328	9.49066	3.02	3.1	35.912	7.6496E-8	1	0	2.00256
996	-64.089	6.5	64.417	946.249	9.48674	3.02	3.1	35.912	7.6435E-8	1	0	2.00331
997	-64.089	7.5	64.526	946.158	9.48227	3.02	3.1	35.912	7.6366E-8	1	0	2.00416
998	-64.089	8.5	64.65	946.057	9.47731	3.02	3.1	35.912	7.6289E-8	1	0	2.00511
999	-64.089	9.5	64.789	945.947	9.47192	3.02	3.1	35.912	7.6206E-8	1	0	2.00614
1000	-64.089	10.5	64.943	945.83	9.46615	3.02	3.1	35.912	7.6116E-8	1	0	2.00725
1001	-64.089	11.5	65.112	945.706	9.46006	3.02	3.1	35.912	7.6022E-8	1	0	2.00841
1002	-64.089	12.5	65.296	945.577	9.45373	3.02	3.1	35.912	7.5925E-8	1	0	2.00963
1003	-64.089	13.5	65.495	945.445	9.44723	3.02	3.1	35.912	7.5824E-8	1	0	2.01088
1004	-64.089	14.5	65.708	945.31	9.44062	3.02	3.1	35.912	7.5722E-8	1	0	2.01215
1005	-64.089	15.5	65.936	945.175	9.43398	3.02	3.1	35.912	7.562E-8	1	0	2.01344
1006	-64.089	16.5	66.178	945.04	9.42738	3.02	3.1	35.912	7.5519E-8	1	0	2.01471
1007	-64.089	17.5	66.435	944.908	9.42089	3.02	3.1	35.912	7.5419E-8	1	0	2.01596
1008	-64.089	18.5	66.705	944.78	9.41459	3.02	3.1	35.912	7.5322E-8	1	0	2.01718
1009	-64.089	19.5	66.989	944.656	9.40854	3.02	3.1	35.912	7.5229E-8	1	0	2.01836
1010	-64.089	20.5	67.287	944.539	9.40281	3.02	3.1	35.912	7.5141E-8	1	0	2.01947
1011	-64.089	21.5	67.599	944.43	9.39746	3.02	3.1	35.912	7.5059E-8	1	0	2.02051
1012	-64.089	22.5	67.923	944.33	9.39255	3.02	3.1	35.912	7.4983E-8	1	0	2.02146
1013	-64.089	23.5	68.261	944.24	9.38813	3.02	3.1	35.912	7.4916E-8	1	0	2.02233
1014	-64.089	24.5	68.612	944.16	9.38425	3.02	3.1	35.912	7.4856E-8	1	0	2.02308
1015	-64.089	25.5	68.975	944.093	9.38095	3.02	3.1	35.912	7.4805E-8	1	0	2.02373
1016	-64.089	26.5	69.351	944.038	9.37827	3.02	3.1	35.912	7.4764E-8	1	0	2.02425
1017	-64.089	27.5	69.739	943.997	9.37623	3.02	3.1	35.912	7.4733E-8	1	0	2.02465
1018	-64.089	28.5	70.14	943.969	9.37486	3.02	3.1	35.912	7.4712E-8	1	0	2.02492
1019	-64.089	29.5	70.552	943.955	9.37417	3.02	3.1	35.912	7.4702E-8	1	0	2.02505
1020	-62.145	-29.5	68.791	960.41	9.36009	3.02	3.1	37.855	7.3977E-8	1	0	1.98045
1021	-62.145	-28.5	68.368	960.427	9.36093	3.02	3.1	37.855	7.3989E-8	1	0	1.98029
1022	-62.145	-27.5	67.958	960.46	9.3626	3.02	3.1	37.855	7.4015E-8	1	0	1.97997
1023	-62.145	-26.5	67.559	960.508	9.36509	3.02	3.1	37.855	7.4053E-8	1	0	1.97949
1024	-62.145	-25.5	67.173	960.573	9.36837	3.02	3.1	37.855	7.4103E-8	1	0	1.97886
1025	-62.145	-24.5	66.8	960.652	9.37241	3.02	3.1	37.855	7.4164E-8	1	0	1.97809
1026	-62.145	-23.5	66.44	960.744	9.37715	3.02	3.1	37.855	7.4236E-8	1	0	1.97719
1027	-62.145	-22.5	66.093	960.85	9.38256	3.02	3.1	37.855	7.4319E-8	1	0	1.97615
1028	-62.145	-21.5	65.759	960.968	9.38856	3.02	3.1	37.855	7.441E-8	1	0	1.97501
1029	-62.145	-20.5	65.439	961.096	9.3951	3.02	3.1	37.855	7.451E-8	1	0	1.97376
1030	-62.145	-19.5	65.133	961.233	9.40211	3.02	3.1	37.855	7.4617E-8	1	0	1.97243
1031	-62.145	-18.5	64.84	961.377	9.40951	3.02	3.1	37.855	7.473E-8	1	0	1.97103
1032	-62.145	-17.5	64.562	961.528	9.41722	3.02	3.1	37.855	7.4848E-8	1	0	1.96957
1033	-62.145	-16.5	64.298	961.683	9.42516	3.02	3.1	37.855	7.497E-8	1	0	1.96806
1034	-62.145	-15.5	64.049	961.841	9.43323	3.02	3.1	37.855	7.5093E-8	1	0	1.96654
1035	-62.145	-14.5	63.814	962	9.44136	3.02	3.1	37.855	7.5218E-8	1	0	1.965
1036	-62.145	-13.5	63.594	962.157	9.44945	3.02	3.1	37.855	7.5342E-8	1	0	1.96348
1037	-62.145	-12.5	63.39	962.313	9.45742	3.02	3.1	37.79	7.5464E-8	1	0	1.964
1038	-62.145	-11.5	63.2	962.464	9.46517	3.02	3.1	37.6	7.5583E-8	1	0	1.96843
1039	-62.145	-10.5	63.026	962.609	9.47262	3.02	3.1	37.426	7.5698E-8	1	0	1.9725
1040	-62.145	-9.5	62.867	962.747	9.47969	3.02	3.1	37.267	7.5806E-8	1	0	1.9762
1041	-62.145	-8.5	62.724	962.876	9.4863	3.02	3.1	37.124	7.5908E-8	1	0	1.97954
1042	-62.145	-7.5	62.596	962.994	9.49237	3.02	3.1	36.996	7.6002E-8	1	0	1.98251
1043	-62.145	-6.5	62.484	963.101	9.49785	3.02	3.1	36.884	7.6086E-8	1	0	1.98511
1044	-62.145	-5.5	62.388	963.194	9.50266	3.02	3.1	36.788	7.616E-8	1	0	1.98734
1045	-62.145	-4.5	62.308	963.274	9.50675	3.02	3.1	36.708	7.6223E-8	1	0	1.9892
1046	-62.145	-3.5	62.243	963.339	9.51008	3.02	3.1	36.643	7.6275E-8	1	0	1.99068
1047	-62.145	-2.5	62.195	963.388	9.51262	3.02	3.1	36.595	7.6314E-8	1	0	1.9918
1048	-62.145	-1.5	62.163	963.421	9.51432	3.02	3.1	36.563	7.634E-8	1	0	1.99254
1049	-62.145	-0.5	62.147	963.438	9.51518	3.02	3.1	36.547	7.6353E-8	1	0	1.99292
1050	-62.145	0.5	62.147	963.438	9.51518	3.02	3.1	36.547	7.6353E-8	1	0	1.99292
1051	-62.145	1.5	62.163	963.421	9.51432	3.02	3.1	36.563	7.634E-8	1	0	1.99254
1052	-62.145	2.5	62.195	963.388	9.51262	3.02	3.1	36.595	7.6314E-8	1	0	1.9918
1053	-62.145	3.5	62.243	963.339	9.51008	3.02	3.1	36.643	7.6275E-8	1	0	1.99068
1054	-62.145	4.5	62.308	963.274	9.50675	3.02	3.1	36.708	7.6223E-8	1	0	1.9892
1055	-62.145	5.5	62.388	963.194	9.50266	3.02	3.1	36.788	7.616E-8	1	0	1.98734
1056	-62.145	6.5	62.484	963.101	9.49785	3.02	3.1	36.884	7.6086E-8	1	0	1.98511
1057	-62.145	7.5	62.596	962.994	9.49237	3.02	3.1	36.996	7.6002E-8	1	0	1.98251
1058	-62.145	8.5	62.724	962.876	9.4863	3.02	3.1	37.124	7.5908E-8	1	0	1.97954
1059	-62.145	9.5	62.867	962.747	9.47969	3.02	3.1	37.267	7.5806E-8	1	0	1.9762
1060	-62.145	10.5	63.026	962.609	9.47262	3.02	3.1	37.426	7.5698E-8	1	0	1.9725
1061	-62.145	11.5	63.2	962.464	9.46517	3.02	3.1	37.6	7.5583E-8	1	0	1.96843
1062	-62.145	12.5	63.39	962.313	9.45742	3.02	3.1	37.79	7.5464E-8	1	0	1.964
1063	-62.145	13.5	63.594	962.157	9.44945	3.02	3.1	37.855	7.5342E-8	1	0	1.96348
1064	-62.145	14.5	63.814	962	9.44136	3.02	3.1	37.855	7.5218E-8	1	0	1.965
1065	-62.145	15.5	64.049	961.841	9.43323	3.02	3.1	37.855	7.5093E-8	1	0	1.96654
1066	-62.145	16.5	64.298	961.683	9.42516	3.02	3.1	37.855	7.497E-8	1	0	1.96806
1067	-62.145	17.5	64.562	961.528	9.41722	3.02	3.1	37.855	7.4848E-8	1	0	1.96957
1068	-62.145	18.5	64.84	961.377	9.40951	3.02	3.1	37.855	7.473E-8	1	0	1.97103
1069	-62.145	19.5	65.133	961.233	9.40211	3.02	3.1	37.855	7.4617E-8	1	0	1.97243
1070	-62.145	20.5	65.439	961.096	9.3951	3.02	3.1	37.855	7.451E-8	1	0	1.97376
1071	-62.145	21.5	65.759	960.968	9.38856	3.02	3.1	37.855	7.441E-8	1	0	1.97501
1072	-62.145	22.5	66.093	960.85	9.38256	3.02	3.1	37.855	7.4319E-8	1	0	1.97615
1073	-62.145	23.5	66.44	960.744	9.37715	3.02	3.1	37.855	7.4236E-8	1	0	1.97719
1074	-62.145	24.5	66.8	960.652	9.37241	3.02	3.1	37.855	7.4164E-8	1	0	1.97809
1075	-62.145	25.5	67.173	960.573	9.36837	3.02	3.1	37.855	7.4103E-8	1	0	1.97886
1076	-62.145	26.5	67.559	960.508	9.36509	3.02	3.1	37.855	7.4053E-8	1	0	1.97949
1077	-62.145	27.5	67.958	960.46	9.3626	3.02	3.1	37.855	7.4015E-8	1	0	1.97997
1078	-62.145	28.5	68.368	960.427	9.36093	3.02	3.1	37.855	7.3989E-8	1	0	1.98029
1079	-62.145	29.5	68.791	960.41	9.36009	3.02	3.1	37.855	7.3977E-8	1	0	1.98045
1080	-60.65	-29.5	67.444	972.401	9.34712	3.02	3.1	39.35	7.3408E-8	1	0	1.95103
1081	-60.65	-28.5	67.012	972.419	9.3481	3.02	3.1	39.35	7.3423E-8	1	0	1.95084
1082	-60.65	-27.5	66.593	972.456	9.35006	3.02	3.1	39.35	7.3452E-8	1	0	1.95047
1083	-60.65	-26.5	66.187	972.511	9.35297	3.02	3.1	39.35	7.3496E-8	1	0	1.94992
1084	-60.65	-25.5	65.793	972.584	9.35679	3.02	3.1	39.35	7.3554E-8	1	0	1.9492
1085	-60.65	-24.5	65.412	972.673	9.3615	3.02	3.1	39.35	7.3626E-8	1	0	1.94831
1086	-60.65	-23.5	65.044	972.777	9.36704	3.02	3.1	39.35	7.371E-8	1	0	1.94726
1087	-60.65	-22.5	64.689	972.897	9.37335	3.02	3.1	39.089	7.3805E-8	1	0	1.95351
1088	-60.65	-21.5	64.348	973.029	9.38036	3.02	3.1	38.748	7.3912E-8	1	0	1.96208
1089	-60.65	-20.5	64.021	973.174	9.388	3.02	3.1	38.421	7.4028E-8	1	0	1.97031
1090	-60.65	-19.5	63.708	973.328	9.39619	3.02	3.1	38.108	7.4152E-8	1	0	1.97821
1091	-60.65	-18.5	63.409	973.492	9.40483	3.02	3.1	37.809	7.4284E-8	1	0	1.98574
1092	-60.65	-17.5	63.124	973.662	9.41384	3.02	3.1	37.524	7.4421E-8	1	0	1.99292
1093	-60.65	-16.5	62.854	973.837	9.42311	3.02	3.1	37.254	7.4562E-8	1	0	1.99972
1094	-60.65	-15.5	62.599	974.014	9.43255	3.02	3.1	36.999	7.4706E-8	1	0	2.00615
1095	-60.65	-14.5	62.359	974.194	9.44205	3.02	3.1	36.759	7.4851E-8	1	0	2.01219
1096	-60.65	-13.5	62.134	974.372	9.4515	3.02	3.1	36.534	7.4996E-8	1	0	2.01784
1097	-60.65	-12.5	61.925	974.547	9.46081	3.02	3.1	36.325	7.5138E-8	1	0	2.0231
1098	-60.65	-11.5	61.731	974.718	9.46988	3.02	3.1	36.131	7.5277E-8	1	0	2.02797
1099	-60.65	-10.5	61.552	974.882	9.47859	3.02	3.1	35.952	7.541E-8	1	0	2.03243
1100	-60.65	-9.5	61.39	975.037	9.48686	3.02	3.1	35.79	7.5537E-8	1	0	2.03649
1101	-60.65	-8.5	61.243	975.183	9.49459	3.02	3.1	35.643	7.5655E-8	1	0	2.04015
1102	-60.65	-7.5	61.112	975.316	9.5017	3.02	3.1	35.512	7.5765E-8	1	0	2.04341
1103	-60.65	-6.5	60.997	975.437	9.5081	3.02	3.1	35.397	7.5863E-8	1	0	2.04626
1104	-60.65	-5.5	60.899	975.543	9.51373	3.02	3.1	35.299	7.595E-8	1	0	2.04871
1105	-60.65	-4.5	60.817	975.633	9.51852	3.02	3.1	35.217	7.6023E-8	1	0	2.05074
1106	-60.65	-3.5	60.751	975.706	9.52242	3.02	3.1	35.151	7.6083E-8	1	0	2.05237
1107	-60.65	-2.5	60.702	975.761	9.52538	3.02	3.1	35.102	7.6129E-8	1	0	2.0536
1108	-60.65	-1.5	60.669	975.799	9.52738	3.02	3.1	35.069	7.616E-8	1	0	2.05441
1109	-60.65	-0.5	60.652	975.818	9.52838	3.02	3.1	35.052	7.6175E-8	1	0	2.05482
1110	-60.65	0.5	60.652	975.818	9.52838	3.02	3.1	35.052	7.6175E-8	1	0	2.05482
1111	-60.65	1.5	60.669	975.799	9.52738	3.02	3.1	35.069	7.616E-8	1	0	2.05441
1112	-60.65	2.5	60.702	975.761	9.52538	3.02	3.1	35.102	7.6129E-8	1	0	2.0536
1113	-60.65	3.5	60.751	975.706	9.52242	3.02	3.1	35.151	7.6083E-8	1	0	2.05237
1114	-60.65	4.5	60.817	975.633	9.51852	3.02	3.1	35.217	7.6023E-8	1	0	2.05074
1115	-60.65	5.5	60.899	975.543	9.51373	3.02	3.1	35.299	7.595E-8	1	0	2.04871
1116	-60.65	6.5	60.997	975.437	9.5081	3.02	3.1	35.397	7.5863E-8	1	0	2.04626
1117	-60.65	7.5	61.112	975.316	9.5017	3.02	3.1	35.512	7.5765E-8	1	0	2.04341
1118	-60.65	8.5	61.243	975.183	9.49459	3.02	3.1	35.643	7.5655E-8	1	0	2.04015
1119	-60.65	9.5	61.39	975.037	9.48686	3.02	3.1	35.79	7.5537E-8	1	0	2.03649
1120	-60.65	10.5	61.552	974.882	9.47859	3.02	3.1	35.952	7.541E-8	1	0	2.03243
1121	-60.65	11.5	61.731	974.718	9.46988	3.02	3.1	36.131	7.5277E-8	1	0	2.02797
1122	-60.65	12.5	61.925	974.547	9.46081	3.02	3.1	36.325	7.5138E-8	1	0	2.0231
1123	-60.65	13.5	62.134	974.372	9.4515	3.02	3.1	36.534	7.4996E-8	1	0	2.01784
1124	-60.65	14.5	62.359	974.194	9.44205	3.02	3.1	36.759	7.4851E-8	1	0	2.01219
1125	-60.65	15.5	62.599	974.014	9.43255	3.02	3.1	36.999	7.4706E-8	1	0	2.00615
1126	-60.65	16.5	62.854	973.837	9.42311	3.02	3.1	37.254	7.4562E-8	1	0	1.99972
1127	-60.65	17.5	63.124	973.662	9.41384	3.02	3.1	37.524	7.4421E-8	1	0	1.99292
1128	-60.65	18.5	63.409	973.492	9.40483	3.02	3.1	37.809	7.4284E-8	1	0	1.98574
1129	-60.65	19.5	63.708	973.328	9.39619	3.02	3.1	38.108	7.4152E-8	1	0	1.97821
1130	-60.65	20.5	64.021	973.174	9.388	3.02	3.1	38.421	7.4028E-8	1	0	1.97031
1131	-60.65	21.5	64.348	973.029	9.38036	3.02	3.1	38.748	7.3912E-8	1	0	1.96208
1132	-60.65	22.5	64.689	972.897	9.37335	3.02	3.1	39.089	7.3805E-8	1	0	1.95351
1133	-60.65	23.5	65.044	972.777	9.36704	3.02	3.1	39.35	7.371E-8	1	0	1.94726
1134	-60.65	24.5	65.412	972.673	9.3615	3.02	3.1	39.35	7.3626E-8	1	0	1.94831
1135	-60.65	25.5	65.793	972.584	9.35679	3.02	3.1	39.35	7.3554E-8	1	0	1.9492
1136	-60.65	26.5	66.187	972.511	9.35297	3.02	3.1	39.35	7.3496E-8	1	0	1.94992
1137	-60.65	27.5	66.593	972.456	9.35006	3.02	3.1	39.35	7.3452E-8	1	0	1.95047
1138	-60.65	28.5	67.012	972.419	9.3481	3.02	3.1	39.35	7.3423E-8	1	0	1.95084
1139	-60.65	29.5	67.444	972.401	9.34712	3.02	3.1	39.35	7.3408E-8	1	0	1.95103
1140	-59.5	-29.5	66.412	981.232	9.33567	3.02	3.1	40.5	7.2961E-8	1	0	1.93097
1141	-59.5	-28.5	65.973	981.253	9.33677	3.02	3.1	40.373	7.2978E-8	1	0	1.93413
1142	-59.5	-27.5	65.548	981.293	9.33897	3.02	3.1	39.948	7.3011E-8	1	0	1.94521
1143	-59.5	-26.5	65.134	981.354	9.34225	3.02	3.1	39.534	7.306E-8	1	0	1.95603
1144	-59.5	-25.5	64.734	981.433	9.34656	3.02	3.1	39.134	7.3125E-8	1	0	1.96657
1145	-59.5	-24.5	64.347	981.531	9.35187	3.02	3.1	38.747	7.3205E-8	1	0	1.97682
1146	-59.5	-23.5	63.973	981.645	9.35811	3.02	3.1	38.373	7.33E-8	1	0	1.98674
1147	-59.5	-22.5	63.612	981.776	9.36521	3.02	3.1	38.012	7.3407E-8	1	0	1.99634
1148	-59.5	-21.5	63.265	981.921	9.37312	3.02	3.1	37.665	7.3526E-8	1	0	2.00559
1149	-59.5	-20.5	62.933	982.08	9.38173	3.02	3.1	37.333	7.3657E-8	1	0	2.01447
1150	-59.5	-19.5	62.614	982.249	9.39095	3.02	3.1	37.014	7.3796E-8	1	0	2.02298
1151	-59.5	-18.5	62.31	982.428	9.40069	3.02	3.1	36.71	7.3944E-8	1	0	2.03111
1152	-59.5	-17.5	62.02	982.614	9.41085	3.02	3.1	36.42	7.4098E-8	1	0	2.03884
1153	-59.5	-16.5	61.745	982.806	9.4213	3.02	3.1	36.145	7.4257E-8	1	0	2.04618
1154	-59.5	-15.5	61.486	983.001	9.43194	3.02	3.1	35.886	7.4419E-8	1	0	2.0531
1155	-59.5	-14.5	61.241	983.198	9.44265	3.02	3.1	35.641	7.4582E-8	1	0	2.0596
1156	-59.5	-13.5	61.012	983.393	9.45332	3.02	3.1	35.412	7.4744E-8	1	0	2.06569
1157	-59.5	-12.5	60.799	983.585	9.46382	3.02	3.1	35.199	7.4905E-8	1	0	2.07135
1158	-59.5	-11.5	60.601	983.772	9.47405	3.02	3.1	35.001	7.5061E-8	1	0	2.07659
1159	-59.5	-10.5	60.419	983.952	9.48388	3.02	3.1	34.819	7.5211E-8	1	0	2.08139
1160	-59.5	-9.5	60.254	984.123	9.49321	3.02	3.1	34.654	7.5354E-8	1	0	2.08576
1161	-59.5	-8.5	60.104	984.282	9.50193	3.02	3.1	34.504	7.5487E-8	1	0	2.0897
1162	-59.5	-7.5	59.971	984.429	9.50995	3.02	3.1	34.371	7.561E-8	1	0	2.0932
1163	-59.5	-6.5	59.854	984.561	9.51718	3.02	3.1	34.254	7.5721E-8	1	0	2.09626
1164	-59.5	-5.5	59.754	984.677	9.52353	3.02	3.1	34.154	7.5818E-8	1	0	2.09889
1165	-59.5	-4.5	59.67	984.775	9.52894	3.02	3.1	34.07	7.5901E-8	1	0	2.10108
1166	-59.5	-3.5	59.603	984.856	9.53335	3.02	3.1	34.003	7.5969E-8	1	0	2.10283
1167	-59.5	-2.5	59.552	984.917	9.53669	3.02	3.1	33.952	7.602E-8	1	0	2.10414
1168	-59.5	-1.5	59.519	984.958	9.53894	3.02	3.1	33.919	7.6055E-8	1	0	2.10502
1169	-59.5	-0.5	59.502	984.979	9.54008	3.02	3.1	33.902	7.6072E-8	1	0	2.10546
1170	-59.5	0.5	59.502	984.979	9.54008	3.02	3.1	33.902	7.6072E-8	1	0	2.10546
1171	-59.5	1.5	59.519	984.958	9.53894	3.02	3.1	33.919	7.6055E-8	1	0	2.10502
1172	-59.5	2.5	59.552	984.917	9.53669	3.02	3.1	33.952	7.602E-8	1	0	2.10414
1173	-59.5	3.5	59.603	984.856	9.53335	3.02	3.1	34.003	7.5969E-8	1	0	2.10283
1174	-59.5	4.5	59.67	984.775	9.52894	3.02	3.1	34.07	7.5901E-8	1	0	2.10108
1175	-59.5	5.5	59.754	984.677	9.52353	3.02	3.1	34.154	7.5818E-8	1	0	2.09889
1176	-59.5	6.5	59.854	984.561	9.51718	3.02	3.1	34.254	7.5721E-8	1	0	2.09626
1177	-59.5	7.5	59.971	984.429	9.50995	3.02	3.1	34.371	7.561E-8	1	0	2.0932
1178	-59.5	8.5	60.104	984.282	9.50193	3.02	3.1	34.504	7.5487E-8	1	0	2.0897
1179	-59.5	9.5	60.254	984.123	9.49321	3.02	3.1	34.654	7.5354E-8	1	0	2.08576
1180	-59.5	10.5	60.419	983.952	9.48388	3.02	3.1	34.819	7.5211E-8	1	0	2.08139
1181	-59.5	11.5	60.601	983.772	9.47405	3.02	3.1	35.001	7.5061E-8	1	0	2.07659
1182	-59.5	12.5	60.799	983.585	9.46382	3.02	3.1	35.199	7.4905E-8	1	0	2.07135
1183	-59.5	13.5	61.012	983.393	9.45332	3.02	3.1	35.412	7.4744E-8	1	0	2.06569
1184	-59.5	14.5	61.241	983.198	9.44265	3.02	3.1	35.641	7.4582E-8	1	0	2.0596
1185	-59.5	15.5	61.486	983.001	9.43194	3.02	3.1	35.886	7.4419E-8	1	0	2.0531
1186	-59.5	16.5	61.745	982.806	9.4213	3.02	3.1	36.145	7.4257E-8	1	0	2.04618
1187	-59.5	17.5	62.02	982.614	9.41085	3.02	3.1	36.42	7.4098E-8	1	0	2.03884
1188	-59.5	18.5	62.31	982.428	9.40069	3.02	3.1	36.71	7.3944E-8	1	0	2.03111
1189	-59.5	19.5	62.614	982.249	9.39095	3.02	3.1	37.014	7.3796E-8	1	0	2.02298
1190	-59.5	20.5	62.933	982.08	9.38173	3.02	3.1	37.333	7.3657E-8	1	0	2.01447
1191	-59.5	21.5	63.265	981.921	9.37312	3.02	3.1	37.665	7.3526E-8	1	0	2.00559
1192	-59.5	22.5	63.612	981.776	9.36521	3.02	3.1	38.012	7.3407E-8	1	0	1.99634
1193	-59.5	23.5	63.973	981.645	9.35811	3.02	3.1	38.373	7.33E-8	1	0	1.98674
1194	-59.5	24.5	64.347	981.531	9.35187	3.02	3.1	38.747	7.3205E-8	1	0	1.97682
1195	-59.5	25.5	64.734	981.433	9.34656	3.02	3.1	39.134	7.3125E-8	1	0	1.96657
1196	-59.5	26.5	65.134	981.354	9.34225	3.02	3.1	39.534	7.306E-8	1	0	1.95603
1197	-59.5	27.5	65.548	981.293	9.33897	3.02	3.1	39.948	7.3011E-8	1	0	1.94521
1198	-59.5	28.5	65.973	981.253	9.33677	3.02	3.1	40.373	7.2978E-8	1	0	1.93413
1199	-59.5	29.5	66.412	981.232	9.33567	3.02	3.1	40.5	7.2961E-8	1	0	1.93097
1200	-58.5	-29.5	65.517	988.626	9.32446	3.02	3.1	39.917	7.2563E-8	1	0	1.95664
1201	-58.5	-28.5	65.073	988.648	9.32568	3.02	3.1	39.473	7.2581E-8	1	0	1.96876
1202	-58.5	-27.5	64.641	988.692	9.32813	3.02	3.1	39.041	7.2618E-8	1	0	1.98063
1203	-58.5	-26.5	64.222	988.757	9.33176	3.02	3.1	38.622	7.2672E-8	1	0	1.99222
1204	-58.5	-25.5	63.816	988.843	9.33655	3.02	3.1	38.216	7.2744E-8	1	0	2.00351
1205	-58.5	-24.5	63.423	988.948	9.34243	3.02	3.1	37.823	7.2833E-8	1	0	2.01447
1206	-58.5	-23.5	63.044	989.073	9.34936	3.02	3.1	37.444	7.2937E-8	1	0	2.02509
1207	-58.5	-22.5	62.678	989.214	9.35725	3.02	3.1	37.078	7.3056E-8	1	0	2.03536
1208	-58.5	-21.5	62.326	989.371	9.36602	3.02	3.1	36.726	7.3188E-8	1	0	2.04525
1209	-58.5	-20.5	61.988	989.542	9.37558	3.02	3.1	36.388	7.3332E-8	1	0	2.05475
1210	-58.5	-19.5	61.664	989.725	9.38582	3.02	3.1	36.064	7.3487E-8	1	0	2.06385
1211	-58.5	-18.5	61.356	989.919	9.39664	3.02	3.1	35.756	7.3651E-8	1	0	2.07254
1212	-58.5	-17.5	61.061	990.12	9.40791	3.02	3.1	35.461	7.3821E-8	1	0	2.0808
1213	-58.5	-16.5	60.782	990.328	9.41952	3.02	3.1	35.182	7.3997E-8	1	0	2.08863
1214	-58.5	-15.5	60.519	990.539	9.43134	3.02	3.1	34.919	7.4177E-8	1	0	2.09602
1215	-58.5	-14.5	60.27	990.751	9.44324	3.02	3.1	34.67	7.4357E-8	1	0	2.10297
1216	-58.5	-13.5	60.037	990.962	9.4551	3.02	3.1	34.437	7.4537E-8	1	0	2.10947
1217	-58.5	-12.5	59.821	991.17	9.46677	3.02	3.1	34.221	7.4715E-8	1	0	2.11551
1218	-58.5	-11.5	59.62	991.373	9.47813	3.02	3.1	34.02	7.4888E-8	1	0	2.12109
1219	-58.5	-10.5	59.435	991.567	9.48906	3.02	3.1	33.835	7.5055E-8	1	0	2.12621
1220	-58.5	-9.5	59.266	991.752	9.49943	3.02	3.1	33.666	7.5213E-8	1	0	2.13087
1221	-58.5	-8.5	59.114	991.924	9.50913	3.02	3.1	33.514	7.5362E-8	1	0	2.13507
1222	-58.5	-7.5	58.979	992.083	9.51805	3.02	3.1	33.379	7.5498E-8	1	0	2.1388
1223	-58.5	-6.5	58.86	992.226	9.52609	3.02	3.1	33.26	7.5621E-8	1	0	2.14206
1224	-58.5	-5.5	58.758	992.351	9.53315	3.02	3.1	33.158	7.5729E-8	1	0	2.14486
1225	-58.5	-4.5	58.673	992.458	9.53917	3.02	3.1	33.073	7.5822E-8	1	0	2.14719
1226	-58.5	-3.5	58.605	992.545	9.54407	3.02	3.1	33.005	7.5897E-8	1	0	2.14906
1227	-58.5	-2.5	58.553	992.611	9.54779	3.02	3.1	32.953	7.5954E-8	1	0	2.15046
1228	-58.5	-1.5	58.519	992.656	9.55029	3.02	3.1	32.919	7.5992E-8	1	0	2.15139
1229	-58.5	-0.5	58.502	992.678	9.55155	3.02	3.1	32.902	7.6012E-8	1	0	2.15186
1230	-58.5	0.5	58.502	992.678	9.55155	3.02	3.1	32.902	7.6012E-8	1	0	2.15186
1231	-58.5	1.5	58.519	992.656	9.55029	3.02	3.1	32.919	7.5992E-8	1	0	2.15139
1232	-58.5	2.5	58.553	992.611	9.54779	3.02	3.1	32.953	7.5954E-8	1	0	2.15046
1233	-58.5	3.5	58.605	992.545	9.54407	3.02	3.1	33.005	7.5897E-8	1	0	2.14906
1234	-58.5	4.5	58.673	992.458	9.53917	3.02	3.1	33.073	7.5822E-8	1	0	2.14719
1235	-58.5	5.5	58.758	992.351	9.53315	3.02	3.1	33.158	7.5729E-8	1	0	2.14486
1236	-58.5	6.5	58.86	992.226	9.52609	3.02	3.1	33.26	7.5621E-8	1	0	2.14206
1237	-58.5	7.5	58.979	992.083	9.51805	3.02	3.1	33.379	7.5498E-8	1	0	2.1388
1238	-58.5	8.5	59.114	991.924	9.50913	3.02	3.1	33.514	7.5362E-8	1	0	2.13507
1239	-58.5	9.5	59.266	991.752	9.49943	3.02	3.1	33.666	7.5213E-8	1	0	2.13087
1240	-58.5	10.5	59.435	991.567	9.48906	3.02	3.1	33.835	7.5055E-8	1	0	2.12621
1241	-58.5	11.5	59.62	991.373	9.47813	3.02	3.1	34.02	7.4888E-8	1	0	2.12109
1242	-58.5	12.5	59.821	991.17	9.46677	3.02	3.1	34.221	7.4715E-8	1	0	2.11551
1243	-58.5	13.5	60.037	990.962	9.4551	3.02	3.1	34.437	7.4537E-8	1	0	2.10947
1244	-58.5	14.5	60.27	990.751	9.44324	3.02	3.1	34.67	7.4357E-8	1	0	2.10297
1245	-58.5	15.5	60.519	990.539	9.43134	3.02	3.1	34.919	7.4177E-8	1	0	2.09602
1246	-58.5	16.5	60.782	990.328	9.41952	3.02	3.1	35.182	7.3997E-8	1	0	2.08863
1247	-58.5	17.5	61.061	990.12	9.40791	3.02	3.1	35.461	7.3821E-8	1	0	2.0808
1248	-58.5	18.5	61.356	989.919	9.39664	3.02	3.1	35.756	7.3651E-8	1	0	2.07254
1249	-58.5	19.5	61.664	989.725	9.38582	3.02	3.1	36.064	7.3487E-8	1	0	2.06385
1250	-58.5	20.5	61.988	989.542	9.37558	3.02	3.1	36.388	7.3332E-8	1	0	2.05475
1251	-58.5	21.5	62.326	989.371	9.36602	3.02	3.1	36.726	7.3188E-8	1	0	2.04525
1252	-58.5	22.5	62.678	989.214	9.35725	3.02	3.1	37.078	7.3056E-8	1	0	2.03536
1253	-58.5	23.5	63.044	989.073	9.34936	3.02	3.1	37.444	7.2937E-8	1	0	2.02509
1254	-58.5	24.5	63.423	988.948	9.34243	3.02	3.1	37.823	7.2833E-8	1	0	2.01447
1255	-58.5	25.5	63.816	988.843	9.33655	3.02	3.1	38.216	7.2744E-8	1	0	2.00351
1256	-58.5	26.5	64.222	988.757	9.33176	3.02	3.1	38.622	7.2672E-8	1	0	1.99222
1257	-58.5	27.5	64.641	988.692	9.32813	3.02	3.1	39.041	7.2618E-8	1	0	1.98063
1258	-58.5	28.5	65.073	988.648	9.32568	3.02	3.1	39.473	7.2581E-8	1	0	1.96876
1259	-58.5	29.5	65.517	988.626	9.32446	3.02	3.1	39.917	7.2563E-8	1	0	1.95664
1260	-57.5	-29.5	64.626	995.769	9.31203	3.02	3.1	39.026	7.2154E-8	1	0	1.99185
1261	-57.5	-28.5	64.176	995.793	9.31339	3.02	3.1	38.576	7.2175E-8	1	0	2.00484
1262	-57.5	-27.5	63.738	995.841	9.3161	3.02	3.1	38.138	7.2215E-8	1	0	2.01757
1263	-57.5	-26.5	63.313	995.911	9.32013	3.02	3.1	37.713	7.2276E-8	1	0	2.02999
1264	-57.5	-25.5	62.901	996.004	9.32544	3.02	3.1	37.301	7.2355E-8	1	0	2.04208
1265	-57.5	-24.5	62.502	996.118	9.33197	3.02	3.1	36.902	7.2453E-8	1	0	2.05383
1266	-57.5	-23.5	62.117	996.252	9.33966	3.02	3.1	36.517	7.2568E-8	1	0	2.06521
1267	-57.5	-22.5	61.745	996.405	9.34841	3.02	3.1	36.145	7.27E-8	1	0	2.07621
1268	-57.5	-21.5	61.388	996.574	9.35815	3.02	3.1	35.788	7.2846E-8	1	0	2.0868
1269	-57.5	-20.5	61.045	996.759	9.36876	3.02	3.1	35.445	7.3006E-8	1	0	2.09697
1270	-57.5	-19.5	60.717	996.957	9.38013	3.02	3.1	35.117	7.3177E-8	1	0	2.10671
1271	-57.5	-18.5	60.403	997.166	9.39214	3.02	3.1	34.803	7.3358E-8	1	0	2.11601
1272	-57.5	-17.5	60.104	997.384	9.40466	3.02	3.1	34.504	7.3547E-8	1	0	2.12485
1273	-57.5	-16.5	59.821	997.608	9.41755	3.02	3.1	34.221	7.3742E-8	1	0	2.13322
1274	-57.5	-15.5	59.552	997.836	9.43068	3.02	3.1	33.952	7.3941E-8	1	0	2.14113
1275	-57.5	-14.5	59.3	998.066	9.4439	3.02	3.1	33.7	7.4141E-8	1	0	2.14855
1276	-57.5	-13.5	59.064	998.294	9.45707	3.02	3.1	33.464	7.4341E-8	1	0	2.15549
1277	-57.5	-12.5	58.843	998.519	9.47004	3.02	3.1	33.243	7.4538E-8	1	0	2.16195
1278	-57.5	-11.5	58.639	998.738	9.48266	3.02	3.1	33.039	7.473E-8	1	0	2.16791
1279	-57.5	-10.5	58.451	998.948	9.49481	3.02	3.1	32.851	7.4915E-8	1	0	2.17338
1280	-57.5	-9.5	58.279	999.148	9.50634	3.02	3.1	32.679	7.5091E-8	1	0	2.17835
1281	-57.5	-8.5	58.125	999.334	9.51712	3.02	3.1	32.525	7.5255E-8	1	0	2.18283
1282	-57.5	-7.5	57.987	999.506	9.52704	3.02	3.1	32.387	7.5407E-8	1	0	2.18681
1283	-57.5	-6.5	57.866	999.66	9.53598	3.02	3.1	32.266	7.5544E-8	1	0	2.19029
1284	-57.5	-5.5	57.762	999.796	9.54384	3.02	3.1	32.162	7.5664E-8	1	0	2.19328
1285	-57.5	-4.5	57.676	999.912	9.55053	3.02	3.1	32.076	7.5766E-8	1	0	2.19576
1286	-57.5	-3.5	57.606	1000.006	9.55598	3.02	3.1	32.006	7.585E-8	1	0	2.19775
1287	-57.5	-2.5	57.554	1000.077	9.56012	3.02	3.1	31.954	7.5913E-8	1	0	2.19924
1288	-57.5	-1.5	57.52	1000.125	9.5629	3.02	3.1	31.92	7.5956E-8	1	0	2.20024
1289	-57.5	-0.5	57.502	1000.149	9.5643	3.02	3.1	31.902	7.5977E-8	1	0	2.20073
1290	-57.5	0.5	57.502	1000.149	9.5643	3.02	3.1	31.902	7.5977E-8	1	0	2.20073
1291	-57.5	1.5	57.52	1000.125	9.5629	3.02	3.1	31.92	7.5956E-8	1	0	2.20024
1292	-57.5	2.5	57.554	1000.077	9.56012	3.02	3.1	31.954	7.5913E-8	1	0	2.19924
1293	-57.5	3.5	57.606	1000.006	9.55598	3.02	3.1	32.006	7.585E-8	1	0	2.19775
1294	-57.5	4.5	57.676	999.912	9.55053	3.02	3.1	32.076	7.5766E-8	1	0	2.19576
1295	-57.5	5.5	57.762	999.796	9.54384	3.02	3.1	32.162	7.5664E-8	1	0	2.19328
1296	-57.5	6.5	57.866	999.66	9.53598	3.02	3.1	32.266	7.5544E-8	1	0	2.19029
1297	-57.5	7.5	57.987	999.506	9.52704	3.02	3.1	32.387	7.5407E-8	1	0	2.18681
1298	-57.5	8.5	58.125	999.334	9.51712	3.02	3.1	32.525	7.5255E-8	1	0	2.18283
1299	-57.5	9.5	58.279	999.148	9.50634	3.02	3.1	32.679	7.5091E-8	1	0	2.17835
1300	-57.5	10.5	58.451	998.948	9.49481	3.02	3.1	32.851	7.4915E-8	1	0	2.17338
1301	-57.5	11.5	58.639	998.738	9.48266	3.02	3.1	33.039	7.473E-8	1	0	2.16791
1302	-57.5	12.5	58.843	998.519	9.47004	3.02	3.1	33.243	7.4538E-8	1	0	2.16195
1303	-57.5	13.5	59.064	998.294	9.45707	3.02	3.1	33.464	7.4341E-8	1	0	2.15549
1304	-57.5	14.5	59.3	998.066	9.4439	3.02	3.1	33.7	7.4141E-8	1	0	2.14855
1305	-57.5	15.5	59.552	997.836	9.43068	3.02	3.1	33.952	7.3941E-8	1	0	2.14113
1306	-57.5	16.5	59.821	997.608	9.41755	3.02	3.1	34.221	7.3742E-8	1	0	2.13322
1307	-57.5	17.5	60.104	997.384	9.40466	3.02	3.1	34.504	7.3547E-8	1	0	2.12485
1308	-57.5	18.5	60.403	997.166	9.39214	3.02	3.1	34.803	7.3358E-8	1	0	2.11601
1309	-57.5	19.5	60.717	996.957	9.38013	3.02	3.1	35.117	7.3177E-8	1	0	2.10671
1310	-57.5	20.5	61.045	996.759	9.36876	3.02	3.1	35.445	7.3006E-8	1	0	2.09697
1311	-57.5	21.5	61.388	996.574	9.35815	3.02	3.1	35.788	7.2846E-8	1	0	2.0868
1312	-57.5	22.5	61.745	996.405	9.34841	3.02	3.1	36.145	7.27E-8	1	0	2.07621
1313	-57.5	23.5	62.117	996.252	9.33966	3.02	3.1	36.517	7.2568E-8	1	0	2.06521
1314	-57.5	24.5	62.502	996.118	9.33197	3.02	3.1	36.902	7.2453E-8	1	0	2.05383
1315	-57.5	25.5	62.901	996.004	9.32544	3.02	3.1	37.301	7.2355E-8	1	0	2.04208
1316	-57.5	26.5	63.313	995.911	9.32013	3.02	3.1	37.713	7.2276E-8	1	0	2.02999
1317	-57.5	27.5	63.738	995.841	9.3161	3.02	3.1	38.138	7.2215E-8	1	0	2.01757
1318	-57.5	28.5	64.176	995.793	9.31339	3.02	3.1	38.576	7.2175E-8	1	0	2.00484
1319	-57.5	29.5	64.626	995.769	9.31203	3.02	3.1	39.026	7.2154E-8	1	0	1.99185
1320	-56.5	-29.5	63.738	1002.664	9.29827	3.02	3.1	38.138	7.1734E-8	1	0	2.02856
1321	-56.5	-28.5	63.281	1002.69	9.29977	3.02	3.1	37.681	7.1756E-8	1	0	2.04251
1322	-56.5	-27.5	62.837	1002.741	9.30278	3.02	3.1	37.237	7.1801E-8	1	0	2.05616
1323	-56.5	-26.5	62.406	1002.817	9.30725	3.02	3.1	36.806	7.1868E-8	1	0	2.06949
1324	-56.5	-25.5	61.988	1002.917	9.31314	3.02	3.1	36.388	7.1956E-8	1	0	2.08247
1325	-56.5	-24.5	61.583	1003.04	9.32038	3.02	3.1	35.983	7.2064E-8	1	0	2.09508
1326	-56.5	-23.5	61.192	1003.185	9.32891	3.02	3.1	35.592	7.2192E-8	1	0	2.10728
1327	-56.5	-22.5	60.815	1003.35	9.33862	3.02	3.1	35.215	7.2337E-8	1	0	2.11908
1328	-56.5	-21.5	60.452	1003.533	9.34942	3.02	3.1	34.852	7.2499E-8	1	0	2.13043
1329	-56.5	-20.5	60.104	1003.733	9.36119	3.02	3.1	34.504	7.2676E-8	1	0	2.14133
1330	-56.5	-19.5	59.77	1003.947	9.37381	3.02	3.1	34.17	7.2865E-8	1	0	2.15177
1331	-56.5	-18.5	59.452	1004.172	9.38714	3.02	3.1	33.852	7.3066E-8	1	0	2.16173
1332	-56.5	-17.5	59.148	1004.408	9.40104	3.02	3.1	33.548	7.3275E-8	1	0	2.1712
1333	-56.5	-16.5	58.86	1004.65	9.41536	3.02	3.1	33.26	7.3491E-8	1	0	2.18016
1334	-56.5	-15.5	58.588	1004.896	9.42994	3.02	3.1	32.988	7.3711E-8	1	0	2.18862
1335	-56.5	-14.5	58.331	1005.144	9.44463	3.02	3.1	32.731	7.3933E-8	1	0	2.19657
1336	-56.5	-13.5	58.09	1005.391	9.45926	3.02	3.1	32.49	7.4155E-8	1	0	2.204
1337	-56.5	-12.5	57.866	1005.634	9.47367	3.02	3.1	32.266	7.4373E-8	1	0	2.2109
1338	-56.5	-11.5	57.658	1005.87	9.4877	3.02	3.1	32.058	7.4586E-8	1	0	2.21728
1339	-56.5	-10.5	57.467	1006.098	9.5012	3.02	3.1	31.867	7.4792E-8	1	0	2.22312
1340	-56.5	-9.5	57.293	1006.313	9.51402	3.02	3.1	31.693	7.4987E-8	1	0	2.22844
1341	-56.5	-8.5	57.136	1006.515	9.526	3.02	3.1	31.536	7.517E-8	1	0	2.23322
1342	-56.5	-7.5	56.996	1006.7	9.53703	3.02	3.1	31.396	7.5338E-8	1	0	2.23748
1343	-56.5	-6.5	56.873	1006.867	9.54697	3.02	3.1	31.273	7.549E-8	1	0	2.2412
1344	-56.5	-5.5	56.767	1007.014	9.55571	3.02	3.1	31.167	7.5623E-8	1	0	2.24438
1345	-56.5	-4.5	56.679	1007.139	9.56315	3.02	3.1	31.079	7.5737E-8	1	0	2.24704
1346	-56.5	-3.5	56.608	1007.24	9.56921	3.02	3.1	31.008	7.583E-8	1	0	2.24916
1347	-56.5	-2.5	56.555	1007.318	9.57382	3.02	3.1	30.955	7.59E-8	1	0	2.25076
1348	-56.5	-1.5	56.52	1007.369	9.57692	3.02	3.1	30.92	7.5948E-8	1	0	2.25182
1349	-56.5	-0.5	56.502	1007.396	9.57848	3.02	3.1	30.902	7.5972E-8	1	0	2.25235
1350	-56.5	0.5	56.502	1007.396	9.57848	3.02	3.1	30.902	7.5972E-8	1	0	2.25235
1351	-56.5	1.5	56.52	1007.369	9.57692	3.02	3.1	30.92	7.5948E-8	1	0	2.25182
1352	-56.5	2.5	56.555	1007.318	9.57382	3.02	3.1	30.955	7.59E-8	1	0	2.25076
1353	-56.5	3.5	56.608	1007.24	9.56921	3.02	3.1	31.008	7.583E-8	1	0	2.24916
1354	-56.5	4.5	56.679	1007.139	9.56315	3.02	3.1	31.079	7.5737E-8	1	0	2.24704
1355	-56.5	5.5	56.767	1007.014	9.55571	3.02	3.1	31.167	7.5623E-8	1	0	2.24438
1356	-56.5	6.5	56.873	1006.867	9.54697	3.02	3.1	31.273	7.549E-8	1	0	2.2412
1357	-56.5	7.5	56.996	1006.7	9.53703	3.02	3.1	31.396	7.5338E-8	1	0	2.23748
1358	-56.5	8.5	57.136	1006.515	9.526	3.02	3.1	31.536	7.517E-8	1	0	2.23322
1359	-56.5	9.5	57.293	1006.313	9.51402	3.02	3.1	31.693	7.4987E-8	1	0	2.22844
1360	-56.5	10.5	57.467	1006.098	9.5012	3.02	3.1	31.867	7.4792E-8	1	0	2.22312
1361	-56.5	11.5	57.658	1005.87	9.4877	3.02	3.1	32.058	7.4586E-8	1	0	2.21728
1362	-56.5	12.5	57.866	1005.634	9.47367	3.02	3.1	32.266	7.4373E-8	1	0	2.2109
1363	-56.5	13.5	58.09	1005.391	9.45926	3.02	3.1	32.49	7.4155E-8	1	0	2.204
1364	-56.5	14.5	58.331	1005.144	9.44463	3.02	3.1	32.731	7.3933E-8	1	0	2.19657
1365	-56.5	15.5	58.588	1004.896	9.42994	3.02	3.1	32.988	7.3711E-8	1	0	2.18862
1366	-56.5	16.5	58.86	1004.65	9.41536	3.02	3.1	33.26	7.3491E-8	1	0	2.18016
1367	-56.5	17.5	59.148	1004.408	9.40104	3.02	3.1	33.548	7.3275E-8	1	0	2.1712
1368	-56.5	18.5	59.452	1004.172	9.38714	3.02	3.1	33.852	7.3066E-8	1	0	2.16173
1369	-56.5	19.5	59.77	1003.947	9.37381	3.02	3.1	34.17	7.2865E-8	1	0	2.15177
1370	-56.5	20.5	60.104	1003.733	9.36119	3.02	3.1	34.504	7.2676E-8	1	0	2.14133
1371	-56.5	21.5	60.452	1003.533	9.34942	3.02	3.1	34.852	7.2499E-8	1	0	2.13043
1372	-56.5	22.5	60.815	1003.35	9.33862	3.02	3.1	35.215	7.2337E-8	1	0	2.11908
1373	-56.5	23.5	61.192	1003.185	9.32891	3.02	3.1	35.592	7.2192E-8	1	0	2.10728
1374	-56.5	24.5	61.583	1003.04	9.32038	3.02	3.1	35.983	7.2064E-8	1	0	2.09508
1375	-56.5	25.5	61.988	1002.917	9.31314	3.02	3.1	36.388	7.1956E-8	1	0	2.08247
1376	-56.5	26.5	62.406	1002.817	9.30725	3.02	3.1	36.806	7.1868E-8	1	0	2.06949
1377	-56.5	27.5	62.837	1002.741	9.30278	3.02	3.1	37.237	7.1801E-8	1	0	2.05616
1378	-56.5	28.5	63.281	1002.69	9.29977	3.02	3.1	37.681	7.1756E-8	1	0	2.04251
1379	-56.5	29.5	63.738	1002.664	9.29827	3.02	3.1	38.138	7.1734E-8	1	0	2.02856
1380	-55.5	-29.5	62.853	1009.312	9.28301	3.02	3.1	37.253	7.13E-8	1	0	2.06692
1381	-55.5	-28.5	62.39	1009.34	9.28468	3.02	3.1	36.79	7.1325E-8	1	0	2.08191
1382	-55.5	-27.5	61.939	1009.395	9.28801	3.02	3.1	36.339	7.1374E-8	1	0	2.09658
1383	-55.5	-26.5	61.502	1009.477	9.29297	3.02	3.1	35.902	7.1448E-8	1	0	2.11091
1384	-55.5	-25.5	61.078	1009.585	9.2995	3.02	3.1	35.478	7.1545E-8	1	0	2.12485
1385	-55.5	-24.5	60.667	1009.717	9.30753	3.02	3.1	35.067	7.1665E-8	1	0	2.13839
1386	-55.5	-23.5	60.27	1009.874	9.31699	3.02	3.1	34.67	7.1806E-8	1	0	2.1515
1387	-55.5	-22.5	59.887	1010.052	9.32776	3.02	3.1	34.287	7.1967E-8	1	0	2.16416
1388	-55.5	-21.5	59.519	1010.249	9.33974	3.02	3.1	33.919	7.2146E-8	1	0	2.17635
1389	-55.5	-20.5	59.165	1010.465	9.35281	3.02	3.1	33.565	7.2341E-8	1	0	2.18805
1390	-55.5	-19.5	58.826	1010.695	9.36681	3.02	3.1	33.226	7.2551E-8	1	0	2.19925
1391	-55.5	-18.5	58.502	1010.939	9.38161	3.02	3.1	32.902	7.2773E-8	1	0	2.20994
1392	-55.5	-17.5	58.194	1011.193	9.39704	3.02	3.1	32.594	7.3004E-8	1	0	2.22009
1393	-55.5	-16.5	57.901	1011.454	9.41293	3.02	3.1	32.301	7.3244E-8	1	0	2.2297
1394	-55.5	-15.5	57.624	1011.72	9.42912	3.02	3.1	32.024	7.3488E-8	1	0	2.23877
1395	-55.5	-14.5	57.363	1011.988	9.44543	3.02	3.1	31.763	7.3734E-8	1	0	2.24729
1396	-55.5	-13.5	57.118	1012.254	9.46168	3.02	3.1	31.518	7.3979E-8	1	0	2.25524
1397	-55.5	-12.5	56.89	1012.517	9.47769	3.02	3.1	31.29	7.4222E-8	1	0	2.26263
1398	-55.5	-11.5	56.679	1012.772	9.49329	3.02	3.1	31.079	7.4458E-8	1	0	2.26946
1399	-55.5	-10.5	56.485	1013.017	9.50829	3.02	3.1	30.885	7.4686E-8	1	0	2.27572
1400	-55.5	-9.5	56.307	1013.25	9.52254	3.02	3.1	30.707	7.4903E-8	1	0	2.28141
1401	-55.5	-8.5	56.147	1013.468	9.53587	3.02	3.1	30.547	7.5106E-8	1	0	2.28653
1402	-55.5	-7.5	56.004	1013.668	9.54813	3.02	3.1	30.404	7.5293E-8	1	0	2.29108
1403	-55.5	-6.5	55.879	1013.848	9.55919	3.02	3.1	30.279	7.5461E-8	1	0	2.29506
1404	-55.5	-5.5	55.772	1014.007	9.56891	3.02	3.1	30.172	7.561E-8	1	0	2.29847
1405	-55.5	-4.5	55.682	1014.142	9.57718	3.02	3.1	30.082	7.5736E-8	1	0	2.30131
1406	-55.5	-3.5	55.61	1014.251	9.58392	3.02	3.1	30.01	7.584E-8	1	0	2.30359
1407	-55.5	-2.5	55.556	1014.335	9.58905	3.02	3.1	29.956	7.5918E-8	1	0	2.30529
1408	-55.5	-1.5	55.52	1014.391	9.5925	3.02	3.1	29.92	7.5971E-8	1	0	2.30642
1409	-55.5	-0.5	55.502	1014.419	9.59423	3.02	3.1	29.902	7.5997E-8	1	0	2.30699
1410	-55.5	0.5	55.502	1014.419	9.59423	3.02	3.1	29.902	7.5997E-8	1	0	2.30699
1411	-55.5	1.5	55.52	1014.391	9.5925	3.02	3.1	29.92	7.5971E-8	1	0	2.30642
1412	-55.5	2.5	55.556	1014.335	9.58905	3.02	3.1	29.956	7.5918E-8	1	0	2.30529
1413	-55.5	3.5	55.61	1014.251	9.58392	3.02	3.1	30.01	7.584E-8	1	0	2.30359
1414	-55.5	4.5	55.682	1014.142	9.57718	3.02	3.1	30.082	7.5736E-8	1	0	2.30131
1415	-55.5	5.5	55.772	1014.007	9.56891	3.02	3.1	30.172	7.561E-8	1	0	2.29847
1416	-55.5	6.5	55.879	1013.848	9.55919	3.02	3.1	30.279	7.5461E-8	1	0	2.29506
1417	-55.5	7.5	56.004	1013.668	9.54813	3.02	3.1	30.404	7.5293E-8	1	0	2.29108
1418	-55.5	8.5	56.147	1013.468	9.53587	3.02	3.1	30.547	7.5106E-8	1	0	2.28653
1419	-55.5	9.5	56.307	1013.25	9.52254	3.02	3.1	30.707	7.4903E-8	1	0	2.28141
1420	-55.5	10.5	56.485	1013.017	9.50829	3.02	3.1	30.885	7.4686E-8	1	0	2.27572
1421	-55.5	11.5	56.679	1012.772	9.49329	3.02	3.1	31.079	7.4458E-8	1	0	2.26946
1422	-55.5	12.5	56.89	1012.517	9.47769	3.02	3.1	31.29	7.4222E-8	1	0	2.26263
1423	-55.5	13.5	57.118	1012.254	9.46168	3.02	3.1	31.518	7.3979E-8	1	0	2.25524
1424	-55.5	14.5	57.363	1011.988	9.44543	3.02	3.1	31.763	7.3734E-8	1	0	2.24729
1425	-55.5	15.5	57.624	1011.72	9.42912	3.02	3.1	32.024	7.3488E-8	1	0	2.23877
1426	-55.5	16.5	57.901	1011.454	9.41293	3.02	3.1	32.301	7.3244E-8	1	0	2.2297
1427	-55.5	17.5	58.194	1011.193	9.39704	3.02	3.1	32.594	7.3004E-8	1	0	2.22009
1428	-55.5	18.5	58.502	1010.939	9.38161	3.02	3.1	32.902	7.2773E-8	1	0	2.20994
1429	-55.5	19.5	58.826	1010.695	9.36681	3.02	3.1	33.226	7.2551E-8	1	0	2.19925
1430	-55.5	20.5	59.165	1010.465	9.35281	3.02	3.1	33.565	7.2341E-8	1	0	2.18805
1431	-55.5	21.5	59.519	1010.249	9.33974	3.02	3.1	33.919	7.2146E-8	1	0	2.17635
1432	-55.5	22.5	59.887	1010.052	9.32776	3.02	3.1	34.287	7.1967E-8	1	0	2.16416
1433	-55.5	23.5	60.27	1009.874	9.31699	3.02	3.1	34.67	7.1806E-8	1	0	2.1515
1434	-55.5	24.5	60.667	1009.717	9.30753	3.02	3.1	35.067	7.1665E-8	1	0	2.13839
1435	-55.5	25.5	61.078	1009.585	9.2995	3.02	3.1	35.478	7.1545E-8	1	0	2.12485
1436	-55.5	26.5	61.502	1009.477	9.29297	3.02	3.1	35.902	7.1448E-8	1	0	2.11091
1437	-55.5	27.5	61.939	1009.395	9.28801	3.02	3.1	36.339	7.1374E-8	1	0	2.09658
1438	-55.5	28.5	62.39	1009.34	9.28468	3.02	3.1	36.79	7.1325E-8	1	0	2.08191
1439	-55.5	29.5	62.853	1009.312	9.28301	3.02	3.1	37.253	7.13E-8	1	0	2.06692
1440	-54.5	-29.5	61.972	1015.714	9.26611	3.02	3.1	36.372	7.0849E-8	1	0	2.1071
1441	-54.5	-28.5	61.502	1015.744	9.26795	3.02	3.1	35.902	7.0877E-8	1	0	2.12323
1442	-54.5	-27.5	61.045	1015.803	9.27165	3.02	3.1	35.445	7.0932E-8	1	0	2.13902
1443	-54.5	-26.5	60.601	1015.892	9.27714	3.02	3.1	35.001	7.1013E-8	1	0	2.15442
1444	-54.5	-25.5	60.171	1016.008	9.28438	3.02	3.1	34.571	7.112E-8	1	0	2.16942
1445	-54.5	-24.5	59.754	1016.151	9.29329	3.02	3.1	34.154	7.1253E-8	1	0	2.18398
1446	-54.5	-23.5	59.351	1016.32	9.30378	3.02	3.1	33.751	7.1409E-8	1	0	2.19808
1447	-54.5	-22.5	58.962	1016.511	9.31573	3.02	3.1	33.362	7.1586E-8	1	0	2.2117
1448	-54.5	-21.5	58.588	1016.724	9.32902	3.02	3.1	32.988	7.1784E-8	1	0	2.2248
1449	-54.5	-20.5	58.228	1016.957	9.34351	3.02	3.1	32.628	7.2E-8	1	0	2.23738
1450	-54.5	-19.5	57.884	1017.206	9.35904	3.02	3.1	32.284	7.2232E-8	1	0	2.24941
1451	-54.5	-18.5	57.554	1017.468	9.37546	3.02	3.1	31.954	7.2478E-8	1	0	2.26088
1452	-54.5	-17.5	57.241	1017.742	9.39259	3.02	3.1	31.641	7.2735E-8	1	0	2.27179
1453	-54.5	-16.5	56.943	1018.024	9.41024	3.02	3.1	31.343	7.3E-8	1	0	2.28211
1454	-54.5	-15.5	56.661	1018.311	9.42822	3.02	3.1	31.061	7.327E-8	1	0	2.29184
1455	-54.5	-14.5	56.396	1018.599	9.44633	3.02	3.1	30.796	7.3543E-8	1	0	2.30098
1456	-54.5	-13.5	56.147	1018.887	9.46438	3.02	3.1	30.547	7.3815E-8	1	0	2.30951
1457	-54.5	-12.5	55.915	1019.17	9.48217	3.02	3.1	30.315	7.4084E-8	1	0	2.31744
1458	-54.5	-11.5	55.7	1019.445	9.4995	3.02	3.1	30.1	7.4347E-8	1	0	2.32477
1459	-54.5	-10.5	55.502	1019.71	9.51617	3.02	3.1	29.902	7.46E-8	1	0	2.33148
1460	-54.5	-9.5	55.322	1019.961	9.53201	3.02	3.1	29.722	7.484E-8	1	0	2.33758
1461	-54.5	-8.5	55.159	1020.196	9.54683	3.02	3.1	29.559	7.5066E-8	1	0	2.34307
1462	-54.5	-7.5	55.014	1020.412	9.56047	3.02	3.1	29.414	7.5273E-8	1	0	2.34795
1463	-54.5	-6.5	54.886	1020.607	9.57276	3.02	3.1	29.286	7.5461E-8	1	0	2.35221
1464	-54.5	-5.5	54.777	1020.778	9.58357	3.02	3.1	29.177	7.5626E-8	1	0	2.35586
1465	-54.5	-4.5	54.685	1020.923	9.59278	3.02	3.1	29.085	7.5767E-8	1	0	2.35891
1466	-54.5	-3.5	54.612	1021.042	9.60028	3.02	3.1	29.012	7.5881E-8	1	0	2.36134
1467	-54.5	-2.5	54.557	1021.132	9.60598	3.02	3.1	28.957	7.5969E-8	1	0	2.36317
1468	-54.5	-1.5	54.521	1021.192	9.60982	3.02	3.1	28.921	7.6027E-8	1	0	2.36438
1469	-54.5	-0.5	54.502	1021.223	9.61175	3.02	3.1	28.902	7.6057E-8	1	0	2.36499
1470	-54.5	0.5	54.502	1021.223	9.61175	3.02	3.1	28.902	7.6057E-8	1	0	2.36499
1471	-54.5	1.5	54.521	1021.192	9.60982	3.02	3.1	28.921	7.6027E-8	1	0	2.36438
1472	-54.5	2.5	54.557	1021.132	9.60598	3.02	3.1	28.957	7.5969E-8	1	0	2.36317
1473	-54.5	3.5	54.612	1021.042	9.60028	3.02	3.1	29.012	7.5881E-8	1	0	2.36134
1474	-54.5	4.5	54.685	1020.923	9.59278	3.02	3.1	29.085	7.5767E-8	1	0	2.35891
1475	-54.5	5.5	54.777	1020.778	9.58357	3.02	3.1	29.177	7.5626E-8	1	0	2.35586
1476	-54.5	6.5	54.886	1020.607	9.57276	3.02	3.1	29.286	7.5461E-8	1	0	2.35221
1477	-54.5	7.5	55.014	1020.412	9.56047	3.02	3.1	29.414	7.5273E-8	1	0	2.34795
1478	-54.5	8.5	55.159	1020.196	9.54683	3.02	3.1	29.559	7.5066E-8	1	0	2.34307
1479	-54.5	9.5	55.322	1019.961	9.53201	3.02	3.1	29.722	7.484E-8	1	0	2.33758
1480	-54.5	10.5	55.502	1019.71	9.51617	3.02	3.1	29.902	7.46E-8	1	0	2.33148
1481	-54.5	11.5	55.7	1019.445	9.4995	3.02	3.1	30.1	7.4347E-8	1	0	2.32477
1482	-54.5	12.5	55.915	1019.17	9.48217	3.02	3.1	30.315	7.4084E-8	1	0	2.31744
1483	-54.5	13.5	56.147	1018.887	9.46438	3.02	3.1	30.547	7.3815E-8	1	0	2.30951
1484	-54.5	14.5	56.396	1018.599	9.44633	3.02	3.1	30.796	7.3543E-8	1	0	2.30098
1485	-54.5	15.5	56.661	1018.311	9.42822	3.02	3.1	31.061	7.327E-8	1	0	2.29184
1486	-54.5	16.5	56.943	1018.024	9.41024	3.02	3.1	31.343	7.3E-8	1	0	2.28211
1487	-54.5	17.5	57.241	1017.742	9.39259	3.02	3.1	31.641	7.2735E-8	1	0	2.27179
1488	-54.5	18.5	57.554	1017.468	9.37546	3.02	3.1	31.954	7.2478E-8	1	0	2.26088
1489	-54.5	19.5	57.884	1017.206	9.35904	3.02	3.1	32.284	7.2232E-8	1	0	2.24941
1490	-54.5	20.5	58.228	1016.957	9.34351	3.02	3.1	32.628	7.2E-8	1	0	2.23738
1491	-54.5	21.5	58.588	1016.724	9.32902	3.02	3.1	32.988	7.1784E-8	1	0	2.2248
1492	-54.5	22.5	58.962	1016.511	9.31573	3.02	3.1	33.362	7.1586E-8	1	0	2.2117
1493	-54.5	23.5	59.351	1016.32	9.30378	3.02	3.1	33.751	7.1409E-8	1	0	2.19808
1494	-54.5	24.5	59.754	1016.151	9.29329	3.02	3.1	34.154	7.1253E-8	1	0	2.18398
1495	-54.5	25.5	60.171	1016.008	9.28438	3.02	3.1	34.571	7.112E-8	1	0	2.16942
1496	-54.5	26.5	60.601	1015.892	9.27714	3.02	3.1	35.001	7.1013E-8	1	0	2.15442
1497	-54.5	27.5	61.045	1015.803	9.27165	3.02	3.1	35.445	7.0932E-8	1	0	2.13902
1498	-54.5	28.5	61.502	1015.744	9.26795	3.02	3.1	35.902	7.0877E-8	1	0	2.12323
1499	-54.5	29.5	61.972	1015.714	9.26611	3.02	3.1	36.372	7.0849E-8	1	0	2.1071
1500	-53.5	-29.5	61.094	1021.872	9.24738	3.02	3.1	35.494	7.038E-8	1	0	2.14928
1501	-53.5	-28.5	60.618	1021.904	9.24942	3.02	3.1	35.018	7.0411E-8	1	0	2.16665
1502	-53.5	-27.5	60.154	1021.968	9.25352	3.02	3.1	34.554	7.0471E-8	1	0	2.18366
1503	-53.5	-26.5	59.703	1022.063	9.25961	3.02	3.1	34.103	7.0561E-8	1	0	2.20026
1504	-53.5	-25.5	59.266	1022.189	9.26763	3.02	3.1	33.666	7.068E-8	1	0	2.21641
1505	-53.5	-24.5	58.843	1022.343	9.27751	3.02	3.1	33.243	7.0826E-8	1	0	2.2321
1506	-53.5	-23.5	58.434	1022.524	9.28913	3.02	3.1	32.834	7.0998E-8	1	0	2.24728
1507	-53.5	-22.5	58.039	1022.731	9.30238	3.02	3.1	32.439	7.1194E-8	1	0	2.26193
1508	-53.5	-21.5	57.658	1022.96	9.31712	3.02	3.1	32.058	7.1413E-8	1	0	2.27604
1509	-53.5	-20.5	57.293	1023.21	9.33319	3.02	3.1	31.693	7.1652E-8	1	0	2.28957
1510	-53.5	-19.5	56.943	1023.478	9.35043	3.02	3.1	31.343	7.1909E-8	1	0	2.30252
1511	-53.5	-18.5	56.608	1023.762	9.36865	3.02	3.1	31.008	7.2181E-8	1	0	2.31486
1512	-53.5	-17.5	56.289	1024.056	9.38766	3.02	3.1	30.689	7.2465E-8	1	0	2.32659
1513	-53.5	-16.5	55.987	1024.36	9.40725	3.02	3.1	30.387	7.2759E-8	1	0	2.33769
1514	-53.5	-15.5	55.7	1024.669	9.42721	3.02	3.1	30.1	7.3058E-8	1	0	2.34815
1515	-53.5	-14.5	55.43	1024.98	9.44732	3.02	3.1	29.83	7.3361E-8	1	0	2.35797
1516	-53.5	-13.5	55.177	1025.29	9.46737	3.02	3.1	29.577	7.3663E-8	1	0	2.36714
1517	-53.5	-12.5	54.941	1025.595	9.48714	3.02	3.1	29.341	7.3961E-8	1	0	2.37566
1518	-53.5	-11.5	54.722	1025.892	9.50639	3.02	3.1	29.122	7.4252E-8	1	0	2.38353
1519	-53.5	-10.5	54.521	1026.178	9.52493	3.02	3.1	28.921	7.4533E-8	1	0	2.39074
1520	-53.5	-9.5	54.337	1026.448	9.54254	3.02	3.1	28.737	7.48E-8	1	0	2.39729
1521	-53.5	-8.5	54.171	1026.702	9.55901	3.02	3.1	28.571	7.5051E-8	1	0	2.40319
1522	-53.5	-7.5	54.023	1026.935	9.57418	3.02	3.1	28.423	7.5282E-8	1	0	2.40842
1523	-53.5	-6.5	53.893	1027.144	9.58785	3.02	3.1	28.293	7.549E-8	1	0	2.413
1524	-53.5	-5.5	53.782	1027.329	9.59988	3.02	3.1	28.182	7.5674E-8	1	0	2.41692
1525	-53.5	-4.5	53.689	1027.486	9.61013	3.02	3.1	28.089	7.583E-8	1	0	2.42019
1526	-53.5	-3.5	53.614	1027.614	9.61847	3.02	3.1	28.014	7.5958E-8	1	0	2.4228
1527	-53.5	-2.5	53.558	1027.711	9.62481	3.02	3.1	27.958	7.6055E-8	1	0	2.42476
1528	-53.5	-1.5	53.521	1027.776	9.62908	3.02	3.1	27.921	7.612E-8	1	0	2.42607
1529	-53.5	-0.5	53.502	1027.809	9.63123	3.02	3.1	27.902	7.6153E-8	1	0	2.42672
1530	-53.5	0.5	53.502	1027.809	9.63123	3.02	3.1	27.902	7.6153E-8	1	0	2.42672
1531	-53.5	1.5	53.521	1027.776	9.62908	3.02	3.1	27.921	7.612E-8	1	0	2.42607
1532	-53.5	2.5	53.558	1027.711	9.62481	3.02	3.1	27.958	7.6055E-8	1	0	2.42476
1533	-53.5	3.5	53.614	1027.614	9.61847	3.02	3.1	28.014	7.5958E-8	1	0	2.4228
1534	-53.5	4.5	53.689	1027.486	9.61013	3.02	3.1	28.089	7.583E-8	1	0	2.42019
1535	-53.5	5.5	53.782	1027.329	9.59988	3.02	3.1	28.182	7.5674E-8	1	0	2.41692
1536	-53.5	6.5	53.893	1027.144	9.58785	3.02	3.1	28.293	7.549E-8	1	0	2.413
1537	-53.5	7.5	54.023	1026.935	9.57418	3.02	3.1	28.423	7.5282E-8	1	0	2.40842
1538	-53.5	8.5	54.171	1026.702	9.55901	3.02	3.1	28.571	7.5051E-8	1	0	2.40319
1539	-53.5	9.5	54.337	1026.448	9.54254	3.02	3.1	28.737	7.48E-8	1	0	2.39729
1540	-53.5	10.5	54.521	1026.178	9.52493	3.02	3.1	28.921	7.4533E-8	1	0	2.39074
1541	-53.5	11.5	54.722	1025.892	9.50639	3.02	3.1	29.122	7.4252E-8	1	0	2.38353
1542	-53.5	12.5	54.941	1025.595	9.48714	3.02	3.1	29.341	7.3961E-8	1	0	2.37566
1543	-53.5	13.5	55.177	1025.29	9.46737	3.02	3.1	29.577	7.3663E-8	1	0	2.36714
1544	-53.5	14.5	55.43	1024.98	9.44732	3.02	3.1	29.83	7.3361E-8	1	0	2.35797
1545	-53.5	15.5	55.7	1024.669	9.42721	3.02	3.1	30.1	7.3058E-8	1	0	2.34815
1546	-53.5	16.5	55.987	1024.36	9.40725	3.02	3.1	30.387	7.2759E-8	1	0	2.33769
1547	-53.5	17.5	56.289	1024.056	9.38766	3.02	3.1	30.689	7.2465E-8	1	0	2.32659
1548	-53.5	18.5	56.608	1023.762	9.36865	3.02	3.1	31.008	7.2181E-8	1	0	2.31486
1549	-53.5	19.5	56.943	1023.478	9.35043	3.02	3.1	31.343	7.1909E-8	1	0	2.30252
1550	-53.5	20.5	57.293	1023.21	9.33319	3.02	3.1	31.693	7.1652E-8	1	0	2.28957
1551	-53.5	21.5	57.658	1022.96	9.31712	3.02	3.1	32.058	7.1413E-8	1	0	2.27604
1552	-53.5	22.5	58.039	1022.731	9.30238	3.02	3.1	32.439	7.1194E-8	1	0	2.26193
1553	-53.5	23.5	58.434	1022.524	9.28913	3.02	3.1	32.834	7.0998E-8	1	0	2.24728
1554	-53.5	24.5	58.843	1022.343	9.27751	3.02	3.1	33.243	7.0826E-8	1	0	2.2321
1555	-53.5	25.5	59.266	1022.189	9.26763	3.02	3.1	33.666	7.068E-8	1	0	2.21641
1556	-53.5	26.5	59.703	1022.063	9.25961	3.02	3.1	34.103	7.0561E-8	1	0	2.20026
1557	-53.5	27.5	60.154	1021.968	9.25352	3.02	3.1	34.554	7.0471E-8	1	0	2.18366
1558	-53.5	28.5	60.618	1021.904	9.24942	3.02	3.1	35.018	7.0411E-8	1	0	2.16665
1559	-53.5	29.5	61.094	1021.872	9.24738	3.02	3.1	35.494	7.038E-8	1	0	2.14928
1560	-52.5	-29.5	60.22	1027.787	9.22663	3.02	3.1	34.62	6.989E-8	1	0	2.19365
1561	-52.5	-28.5	59.737	1027.822	9.22889	3.02	3.1	34.137	6.9923E-8	1	0	2.2124
1562	-52.5	-27.5	59.266	1027.891	9.23343	3.02	3.1	33.666	6.999E-8	1	0	2.23074
1563	-52.5	-26.5	58.809	1027.993	9.24018	3.02	3.1	33.209	7.009E-8	1	0	2.24865
1564	-52.5	-25.5	58.365	1028.128	9.24908	3.02	3.1	32.765	7.022E-8	1	0	2.26607
1565	-52.5	-24.5	57.935	1028.294	9.26002	3.02	3.1	32.335	7.0382E-8	1	0	2.28299
1566	-52.5	-23.5	57.52	1028.489	9.2729	3.02	3.1	31.92	7.0572E-8	1	0	2.29936
1567	-52.5	-22.5	57.118	1028.711	9.28759	3.02	3.1	31.518	7.0789E-8	1	0	2.31516
1568	-52.5	-21.5	56.732	1028.958	9.30393	3.02	3.1	31.132	7.1031E-8	1	0	2.33036
1569	-52.5	-20.5	56.36	1029.228	9.32176	3.02	3.1	30.76	7.1295E-8	1	0	2.34495
1570	-52.5	-19.5	56.004	1029.516	9.34088	3.02	3.1	30.404	7.1579E-8	1	0	2.3589
1571	-52.5	-18.5	55.664	1029.821	9.36109	3.02	3.1	30.064	7.188E-8	1	0	2.3722
1572	-52.5	-17.5	55.34	1030.138	9.38218	3.02	3.1	29.74	7.2195E-8	1	0	2.38483
1573	-52.5	-16.5	55.032	1030.465	9.40393	3.02	3.1	29.432	7.252E-8	1	0	2.39678
1574	-52.5	-15.5	54.74	1030.798	9.42609	3.02	3.1	29.14	7.2852E-8	1	0	2.40805
1575	-52.5	-14.5	54.466	1031.133	9.44843	3.02	3.1	28.866	7.3187E-8	1	0	2.41862
1576	-52.5	-13.5	54.208	1031.467	9.4707	3.02	3.1	28.608	7.3522E-8	1	0	2.4285
1577	-52.5	-12.5	53.968	1031.795	9.49265	3.02	3.1	28.368	7.3853E-8	1	0	2.43767
1578	-52.5	-11.5	53.745	1032.115	9.51405	3.02	3.1	28.145	7.4176E-8	1	0	2.44614
1579	-52.5	-10.5	53.54	1032.422	9.53466	3.02	3.1	27.94	7.4488E-8	1	0	2.4539
1580	-52.5	-9.5	53.353	1032.714	9.55423	3.02	3.1	27.753	7.4785E-8	1	0	2.46095
1581	-52.5	-8.5	53.184	1032.987	9.57256	3.02	3.1	27.584	7.5064E-8	1	0	2.46729
1582	-52.5	-7.5	53.033	1033.238	9.58942	3.02	3.1	27.433	7.532E-8	1	0	2.47292
1583	-52.5	-6.5	52.901	1033.464	9.60463	3.02	3.1	27.301	7.5552E-8	1	0	2.47785
1584	-52.5	-5.5	52.787	1033.662	9.61802	3.02	3.1	27.187	7.5757E-8	1	0	2.48207
1585	-52.5	-4.5	52.693	1033.831	9.62941	3.02	3.1	27.093	7.5931E-8	1	0	2.48558
1586	-52.5	-3.5	52.617	1033.969	9.6387	3.02	3.1	27.017	7.6073E-8	1	0	2.48839
1587	-52.5	-2.5	52.559	1034.074	9.64576	3.02	3.1	26.959	7.6181E-8	1	0	2.4905
1588	-52.5	-1.5	52.521	1034.144	9.65051	3.02	3.1	26.921	7.6254E-8	1	0	2.49191
1589	-52.5	-0.5	52.502	1034.18	9.6529	3.02	3.1	26.902	7.629E-8	1	0	2.49261
1590	-52.5	0.5	52.502	1034.18	9.6529	3.02	3.1	26.902	7.629E-8	1	0	2.49261
1591	-52.5	1.5	52.521	1034.144	9.65051	3.02	3.1	26.921	7.6254E-8	1	0	2.49191
1592	-52.5	2.5	52.559	1034.074	9.64576	3.02	3.1	26.959	7.6181E-8	1	0	2.4905
1593	-52.5	3.5	52.617	1033.969	9.6387	3.02	3.1	27.017	7.6073E-8	1	0	2.48839
1594	-52.5	4.5	52.693	1033.831	9.62941	3.02	3.1	27.093	7.5931E-8	1	0	2.48558
1595	-52.5	5.5	52.787	1033.662	9.61802	3.02	3.1	27.187	7.5757E-8	1	0	2.48207
1596	-52.5	6.5	52.901	1033.464	9.60463	3.02	3.1	27.301	7.5552E-8	1	0	2.47785
1597	-52.5	7.5	53.033	1033.238	9.58942	3.02	3.1	27.433	7.532E-8	1	0	2.47292
1598	-52.5	8.5	53.184	1032.987	9.57256	3.02	3.1	27.584	7.5064E-8	1	0	2.46729
1599	-52.5	9.5	53.353	1032.714	9.55423	3.02	3.1	27.753	7.4785E-8	1	0	2.46095
1600	-52.5	10.5	53.54	1032.422	9.53466	3.02	3.1	27.94	7.4488E-8	1	0	2.4539
1601	-52.5	11.5	53.745	1032.115	9.51405	3.02	3.1	28.145	7.4176E-8	1	0	2.44614
1602	-52.5	12.5	53.968	1031.795	9.49265	3.02	3.1	28.368	7.3853E-8	1	0	2.43767
1603	-52.5	13.5	54.208	1031.467	9.4707	3.02	3.1	28.608	7.3522E-8	1	0	2.4285
1604	-52.5	14.5	54.466	1031.133	9.44843	3.02	3.1	28.866	7.3187E-8	1	0	2.41862
1605	-52.5	15.5	54.74	1030.798	9.42609	3.02	3.1	29.14	7.2852E-8	1	0	2.40805
1606	-52.5	16.5	55.032	1030.465	9.40393	3.02	3.1	29.432	7.252E-8	1	0	2.39678
1607	-52.5	17.5	55.34	1030.138	9.38218	3.02	3.1	29.74	7.2195E-8	1	0	2.38483
1608	-52.5	18.5	55.664	1029.821	9.36109	3.02	3.1	30.064	7.188E-8	1	0	2.3722
1609	-52.5	19.5	56.004	1029.516	9.34088	3.02	3.1	30.404	7.1579E-8	1	0	2.3589
1610	-52.5	20.5	56.36	1029.228	9.32176	3.02	3.1	30.76	7.1295E-8	1	0	2.34495
1611	-52.5	21.5	56.732	1028.958	9.30393	3.02	3.1	31.132	7.1031E-8	1	0	2.33036
1612	-52.5	22.5	57.118	1028.711	9.28759	3.02	3.1	31.518	7.0789E-8	1	0	2.31516
1613	-52.5	23.5	57.52	1028.489	9.2729	3.02	3.1	31.92	7.0572E-8	1	0	2.29936
1614	-52.5	24.5	57.935	1028.294	9.26002	3.02	3.1	32.335	7.0382E-8	1	0	2.28299
1615	-52.5	25.5	58.365	1028.128	9.24908	3.02	3.1	32.765	7.022E-8	1	0	2.26607
1616	-52.5	26.5	58.809	1027.993	9.24018	3.02	3.1	33.209	7.009E-8	1	0	2.24865
1617	-52.5	27.5	59.266	1027.891	9.23343	3.02	3.1	33.666	6.999E-8	1	0	2.23074
1618	-52.5	28.5	59.737	1027.822	9.22889	3.02	3.1	34.137	6.9923E-8	1	0	2.2124
1619	-52.5	29.5	60.22	1027.787	9.22663	3.02	3.1	34.62	6.989E-8	1	0	2.19365
1620	-51.5	-29.5	59.351	1033.461	9.20366	3.02	3.1	33.751	6.9376E-8	1	0	2.24045
1621	-51.5	-28.5	58.86	1033.499	9.20616	3.02	3.1	33.26	6.9412E-8	1	0	2.2607
1622	-51.5	-27.5	58.382	1033.573	9.21119	3.02	3.1	32.782	6.9486E-8	1	0	2.28052
1623	-51.5	-26.5	57.918	1033.683	9.21867	3.02	3.1	32.318	6.9596E-8	1	0	2.29986
1624	-51.5	-25.5	57.467	1033.828	9.22852	3.02	3.1	31.867	6.974E-8	1	0	2.31868
1625	-51.5	-24.5	57.031	1034.006	9.24065	3.02	3.1	31.431	6.9918E-8	1	0	2.33695
1626	-51.5	-23.5	56.608	1034.216	9.25492	3.02	3.1	31.008	7.0128E-8	1	0	2.35463
1627	-51.5	-22.5	56.201	1034.455	9.2712	3.02	3.1	30.601	7.0368E-8	1	0	2.37169
1628	-51.5	-21.5	55.808	1034.72	9.28932	3.02	3.1	30.208	7.0635E-8	1	0	2.3881
1629	-51.5	-20.5	55.43	1035.01	9.30908	3.02	3.1	29.83	7.0927E-8	1	0	2.40385
1630	-51.5	-19.5	55.068	1035.32	9.33029	3.02	3.1	29.468	7.1242E-8	1	0	2.41891
1631	-51.5	-18.5	54.722	1035.648	9.35271	3.02	3.1	29.122	7.1574E-8	1	0	2.43326
1632	-51.5	-17.5	54.392	1035.989	9.37611	3.02	3.1	28.792	7.1923E-8	1	0	2.44689
1633	-51.5	-16.5	54.079	1036.341	9.40024	3.02	3.1	28.479	7.2283E-8	1	0	2.45979
1634	-51.5	-15.5	53.782	1036.699	9.42485	3.02	3.1	28.182	7.265E-8	1	0	2.47194
1635	-51.5	-14.5	53.502	1037.059	9.44965	3.02	3.1	27.902	7.3022E-8	1	0	2.48335
1636	-51.5	-13.5	53.24	1037.418	9.47439	3.02	3.1	27.64	7.3394E-8	1	0	2.494
1637	-51.5	-12.5	52.995	1037.771	9.49878	3.02	3.1	27.395	7.3761E-8	1	0	2.50389
1638	-51.5	-11.5	52.768	1038.115	9.52257	3.02	3.1	27.168	7.412E-8	1	0	2.51302
1639	-51.5	-10.5	52.559	1038.446	9.54547	3.02	3.1	26.959	7.4467E-8	1	0	2.52139
1640	-51.5	-9.5	52.369	1038.76	9.56723	3.02	3.1	26.769	7.4797E-8	1	0	2.52899
1641	-51.5	-8.5	52.197	1039.053	9.58761	3.02	3.1	26.597	7.5106E-8	1	0	2.53583
1642	-51.5	-7.5	52.043	1039.323	9.60637	3.02	3.1	26.443	7.5392E-8	1	0	2.54191
1643	-51.5	-6.5	51.909	1039.567	9.62329	3.02	3.1	26.309	7.565E-8	1	0	2.54722
1644	-51.5	-5.5	51.793	1039.781	9.63819	3.02	3.1	26.193	7.5877E-8	1	0	2.55177
1645	-51.5	-4.5	51.696	1039.963	9.65087	3.02	3.1	26.096	7.6071E-8	1	0	2.55556
1646	-51.5	-3.5	51.619	1040.111	9.66121	3.02	3.1	26.019	7.6229E-8	1	0	2.55859
1647	-51.5	-2.5	51.561	1040.223	9.66907	3.02	3.1	25.961	7.635E-8	1	0	2.56087
1648	-51.5	-1.5	51.522	1040.299	9.67436	3.02	3.1	25.922	7.6431E-8	1	0	2.56238
1649	-51.5	-0.5	51.502	1040.337	9.67702	3.02	3.1	25.902	7.6472E-8	1	0	2.56314
1650	-51.5	0.5	51.502	1040.337	9.67702	3.02	3.1	25.902	7.6472E-8	1	0	2.56314
1651	-51.5	1.5	51.522	1040.299	9.67436	3.02	3.1	25.922	7.6431E-8	1	0	2.56238
1652	-51.5	2.5	51.561	1040.223	9.66907	3.02	3.1	25.961	7.635E-8	1	0	2.56087
1653	-51.5	3.5	51.619	1040.111	9.66121	3.02	3.1	26.019	7.6229E-8	1	0	2.55859
1654	-51.5	4.5	51.696	1039.963	9.65087	3.02	3.1	26.096	7.6071E-8	1	0	2.55556
1655	-51.5	5.5	51.793	1039.781	9.63819	3.02	3.1	26.193	7.5877E-8	1	0	2.55177
1656	-51.5	6.5	51.909	1039.567	9.62329	3.02	3.1	26.309	7.565E-8	1	0	2.54722
1657	-51.5	7.5	52.043	1039.323	9.60637	3.02	3.1	26.443	7.5392E-8	1	0	2.54191
1658	-51.5	8.5	52.197	1039.053	9.58761	3.02	3.1	26.597	7.5106E-8	1	0	2.53583
1659	-51.5	9.5	52.369	1038.76	9.56723	3.02	3.1	26.769	7.4797E-8	1	0	2.52899
1660	-51.5	10.5	52.559	1038.446	9.54547	3.02	3.1	26.959	7.4467E-8	1	0	2.52139
1661	-51.5	11.5	52.768	1038.115	9.52257	3.02	3.1	27.168	7.412E-8	1	0	2.51302
1662	-51.5	12.5	52.995	1037.771	9.49878	3.02	3.1	27.395	7.3761E-8	1	0	2.50389
1663	-51.5	13.5	53.24	1037.418	9.47439	3.02	3.1	27.64	7.3394E-8	1	0	2.494
1664	-51.5	14.5	53.502	1037.059	9.44965	3.02	3.1	27.902	7.3022E-8	1	0	2.48335
1665	-51.5	15.5	53.782	1036.699	9.42485	3.02	3.1	28.182	7.265E-8	1	0	2.47194
1666	-51.5	16.5	54.079	1036.341	9.40024	3.02	3.1	28.479	7.2283E-8	1	0	2.45979
1667	-51.5	17.5	54.392	1035.989	9.37611	3.02	3.1	28.792	7.1923E-8	1	0	2.44689
1668	-51.5	18.5	54.722	1035.648	9.35271	3.02	3.1	29.122	7.1574E-8	1	0	2.43326
1669	-51.5	19.5	55.068	1035.32	9.33029	3.02	3.1	29.468	7.1242E-8	1	0	2.41891
1670	-51.5	20.5	55.43	1035.01	9.30908	3.02	3.1	29.83	7.0927E-8	1	0	2.40385
1671	-51.5	21.5	55.808	1034.72	9.28932	3.02	3.1	30.208	7.0635E-8	1	0	2.3881
1672	-51.5	22.5	56.201	1034.455	9.2712	3.02	3.1	30.601	7.0368E-8	1	0	2.37169
1673	-51.5	23.5	56.608	1034.216	9.25492	3.02	3.1	31.008	7.0128E-8	1	0	2.35463
1674	-51.5	24.5	57.031	1034.006	9.24065	3.02	3.1	31.431	6.9918E-8	1	0	2.33695
1675	-51.5	25.5	57.467	1033.828	9.22852	3.02	3.1	31.867	6.974E-8	1	0	2.31868
1676	-51.5	26.5	57.918	1033.683	9.21867	3.02	3.1	32.318	6.9596E-8	1	0	2.29986
1677	-51.5	27.5	58.382	1033.573	9.21119	3.02	3.1	32.782	6.9486E-8	1	0	2.28052
1678	-51.5	28.5	58.86	1033.499	9.20616	3.02	3.1	33.26	6.9412E-8	1	0	2.2607
1679	-51.5	29.5	59.351	1033.461	9.20366	3.02	3.1	33.751	6.9376E-8	1	0	2.24045
1680	-50.5	-29.5	58.485	1038.896	9.17822	3.02	3.1	32.885	6.8834E-8	1	0	2.28992
1681	-50.5	-28.5	57.987	1038.936	9.18099	3.02	3.1	32.387	6.8874E-8	1	0	2.31183
1682	-50.5	-27.5	57.502	1039.015	9.18656	3.02	3.1	31.902	6.8955E-8	1	0	2.33327
1683	-50.5	-26.5	57.031	1039.134	9.19484	3.02	3.1	31.431	6.9076E-8	1	0	2.35419
1684	-50.5	-25.5	56.573	1039.289	9.20575	3.02	3.1	30.973	6.9236E-8	1	0	2.37455
1685	-50.5	-24.5	56.129	1039.481	9.21918	3.02	3.1	30.529	6.9432E-8	1	0	2.39431
1686	-50.5	-23.5	55.7	1039.706	9.235	3.02	3.1	30.1	6.9664E-8	1	0	2.41344
1687	-50.5	-22.5	55.286	1039.963	9.25304	3.02	3.1	29.686	6.9929E-8	1	0	2.43189
1688	-50.5	-21.5	54.886	1040.248	9.27312	3.02	3.1	29.286	7.0224E-8	1	0	2.44964
1689	-50.5	-20.5	54.502	1040.559	9.29503	3.02	3.1	28.902	7.0547E-8	1	0	2.46667
1690	-50.5	-19.5	54.134	1040.892	9.31854	3.02	3.1	28.534	7.0894E-8	1	0	2.48295
1691	-50.5	-18.5	53.782	1041.244	9.34341	3.02	3.1	28.182	7.1262E-8	1	0	2.49846
1692	-50.5	-17.5	53.446	1041.611	9.36937	3.02	3.1	27.846	7.1648E-8	1	0	2.5132
1693	-50.5	-16.5	53.127	1041.988	9.39615	3.02	3.1	27.527	7.2047E-8	1	0	2.52714
1694	-50.5	-15.5	52.825	1042.373	9.42346	3.02	3.1	27.225	7.2454E-8	1	0	2.54028
1695	-50.5	-14.5	52.54	1042.76	9.45101	3.02	3.1	26.94	7.2866E-8	1	0	2.55261
1696	-50.5	-13.5	52.273	1043.146	9.47848	3.02	3.1	26.673	7.3279E-8	1	0	2.56412
1697	-50.5	-12.5	52.024	1043.526	9.50559	3.02	3.1	26.424	7.3686E-8	1	0	2.57481
1698	-50.5	-11.5	51.793	1043.895	9.53202	3.02	3.1	26.193	7.4085E-8	1	0	2.58468
1699	-50.5	-10.5	51.58	1044.251	9.55748	3.02	3.1	25.98	7.447E-8	1	0	2.59373
1700	-50.5	-9.5	51.386	1044.588	9.58169	3.02	3.1	25.786	7.4837E-8	1	0	2.60195
1701	-50.5	-8.5	51.21	1044.904	9.60435	3.02	3.1	25.61	7.5181E-8	1	0	2.60934
1702	-50.5	-7.5	51.054	1045.194	9.62522	3.02	3.1	25.454	7.5499E-8	1	0	2.61591
1703	-50.5	-6.5	50.917	1045.455	9.64406	3.02	3.1	25.317	7.5786E-8	1	0	2.62166
1704	-50.5	-5.5	50.799	1045.685	9.66063	3.02	3.1	25.199	7.604E-8	1	0	2.62658
1705	-50.5	-4.5	50.7	1045.881	9.67475	3.02	3.1	25.1	7.6256E-8	1	0	2.63068
1706	-50.5	-3.5	50.621	1046.04	9.68626	3.02	3.1	25.021	7.6432E-8	1	0	2.63396
1707	-50.5	-2.5	50.562	1046.161	9.69501	3.02	3.1	24.962	7.6566E-8	1	0	2.63642
1708	-50.5	-1.5	50.522	1046.243	9.7009	3.02	3.1	24.922	7.6657E-8	1	0	2.63805
1709	-50.5	-0.5	50.502	1046.284	9.70386	3.02	3.1	24.902	7.6702E-8	1	0	2.63887
1710	-50.5	0.5	50.502	1046.284	9.70386	3.02	3.1	24.902	7.6702E-8	1	0	2.63887
1711	-50.5	1.5	50.522	1046.243	9.7009	3.02	3.1	24.922	7.6657E-8	1	0	2.63805
1712	-50.5	2.5	50.562	1046.161	9.69501	3.02	3.1	24.962	7.6566E-8	1	0	2.63642
1713	-50.5	3.5	50.621	1046.04	9.68626	3.02	3.1	25.021	7.6432E-8	1	0	2.63396
1714	-50.5	4.5	50.7	1045.881	9.67475	3.02	3.1	25.1	7.6256E-8	1	0	2.63068
1715	-50.5	5.5	50.799	1045.685	9.66063	3.02	3.1	25.199	7.604E-8	1	0	2.62658
1716	-50.5	6.5	50.917	1045.455	9.64406	3.02	3.1	25.317	7.5786E-8	1	0	2.62166
1717	-50.5	7.5	51.054	1045.194	9.62522	3.02	3.1	25.454	7.5499E-8	1	0	2.61591
1718	-50.5	8.5	51.21	1044.904	9.60435	3.02	3.1	25.61	7.5181E-8	1	0	2.60934
1719	-50.5	9.5	51.386	1044.588	9.58169	3.02	3.1	25.786	7.4837E-8	1	0	2.60195
1720	-50.5	10.5	51.58	1044.251	9.55748	3.02	3.1	25.98	7.447E-8	1	0	2.59373
1721	-50.5	11.5	51.793	1043.895	9.53202	3.02	3.1	26.193	7.4085E-8	1	0	2.58468
1722	-50.5	12.5	52.024	1043.526	9.50559	3.02	3.1	26.424	7.3686E-8	1	0	2.57481
1723	-50.5	13.5	52.273	1043.146	9.47848	3.02	3.1	26.673	7.3279E-8	1	0	2.56412
1724	-50.5	14.5	52.54	1042.76	9.45101	3.02	3.1	26.94	7.2866E-8	1	0	2.55261
1725	-50.5	15.5	52.825	1042.373	9.42346	3.02	3.1	27.225	7.2454E-8	1	0	2.54028
1726	-50.5	16.5	53.127	1041.988	9.39615	3.02	3.1	27.527	7.2047E-8	1	0	2.52714
1727	-50.5	17.5	53.446	1041.611	9.36937	3.02	3.1	27.846	7.1648E-8	1	0	2.5132
1728	-50.5	18.5	53.782	1041.244	9.34341	3.02	3.1	28.182	7.1262E-8	1	0	2.49846
1729	-50.5	19.5	54.134	1040.892	9.31854	3.02	3.1	28.534	7.0894E-8	1	0	2.48295
1730	-50.5	20.5	54.502	1040.559	9.29503	3.02	3.1	28.902	7.0547E-8	1	0	2.46667
1731	-50.5	21.5	54.886	1040.248	9.27312	3.02	3.1	29.286	7.0224E-8	1	0	2.44964
1732	-50.5	22.5	55.286	1039.963	9.25304	3.02	3.1	29.686	6.9929E-8	1	0	2.43189
1733	-50.5	23.5	55.7	1039.706	9.235	3.02	3.1	30.1	6.9664E-8	1	0	2.41344
1734	-50.5	24.5	56.129	1039.481	9.21918	3.02	3.1	30.529	6.9432E-8	1	0	2.39431
1735	-50.5	25.5	56.573	1039.289	9.20575	3.02	3.1	30.973	6.9236E-8	1	0	2.37455
1736	-50.5	26.5	57.031	1039.134	9.19484	3.02	3.1	31.431	6.9076E-8	1	0	2.35419
1737	-50.5	27.5	57.502	1039.015	9.18656	3.02	3.1	31.902	6.8955E-8	1	0	2.33327
1738	-50.5	28.5	57.987	1038.936	9.18099	3.02	3.1	32.387	6.8874E-8	1	0	2.31183
1739	-50.5	29.5	58.485	1038.896	9.17822	3.02	3.1	32.885	6.8834E-8	1	0	2.28992
1740	-49.5	-29.5	57.624	1044.092	9.15007	3.02	3.1	32.024	6.8261E-8	1	0	2.34235
1741	-49.5	-28.5	57.118	1044.135	9.15313	3.02	3.1	31.518	6.8305E-8	1	0	2.36609
1742	-49.5	-27.5	56.626	1044.221	9.15929	3.02	3.1	31.026	6.8395E-8	1	0	2.38932
1743	-49.5	-26.5	56.147	1044.347	9.16846	3.02	3.1	30.547	6.8528E-8	1	0	2.41198
1744	-49.5	-25.5	55.682	1044.514	9.18054	3.02	3.1	30.082	6.8704E-8	1	0	2.43405
1745	-49.5	-24.5	55.231	1044.72	9.19542	3.02	3.1	29.631	6.8921E-8	1	0	2.45546
1746	-49.5	-23.5	54.795	1044.961	9.21293	3.02	3.1	29.195	6.9177E-8	1	0	2.47617
1747	-49.5	-22.5	54.374	1045.236	9.23292	3.02	3.1	28.774	6.9469E-8	1	0	2.49617
1748	-49.5	-21.5	53.968	1045.543	9.25516	3.02	3.1	28.368	6.9795E-8	1	0	2.5154
1749	-49.5	-20.5	53.577	1045.876	9.27945	3.02	3.1	27.977	7.0152E-8	1	0	2.53384
1750	-49.5	-19.5	53.202	1046.234	9.30551	3.02	3.1	27.602	7.0536E-8	1	0	2.55148
1751	-49.5	-18.5	52.844	1046.611	9.33309	3.02	3.1	27.244	7.0943E-8	1	0	2.56828
1752	-49.5	-17.5	52.502	1047.005	9.36189	3.02	3.1	26.902	7.1369E-8	1	0	2.58425
1753	-49.5	-16.5	52.178	1047.41	9.39161	3.02	3.1	26.578	7.1811E-8	1	0	2.59935
1754	-49.5	-15.5	51.87	1047.823	9.42193	3.02	3.1	26.27	7.2262E-8	1	0	2.61358
1755	-49.5	-14.5	51.58	1048.238	9.45251	3.02	3.1	25.98	7.2719E-8	1	0	2.62694
1756	-49.5	-13.5	51.308	1048.652	9.48303	3.02	3.1	25.708	7.3177E-8	1	0	2.63941
1757	-49.5	-12.5	51.054	1049.06	9.51315	3.02	3.1	25.454	7.363E-8	1	0	2.651
1758	-49.5	-11.5	50.818	1049.457	9.54253	3.02	3.1	25.218	7.4073E-8	1	0	2.66169
1759	-49.5	-10.5	50.601	1049.838	9.57084	3.02	3.1	25.001	7.4501E-8	1	0	2.6715
1760	-49.5	-9.5	50.403	1050.201	9.59775	3.02	3.1	24.803	7.4909E-8	1	0	2.68041
1761	-49.5	-8.5	50.224	1050.539	9.62297	3.02	3.1	24.624	7.5292E-8	1	0	2.68842
1762	-49.5	-7.5	50.065	1050.851	9.64619	3.02	3.1	24.465	7.5646E-8	1	0	2.69555
1763	-49.5	-6.5	49.925	1051.132	9.66716	3.02	3.1	24.325	7.5966E-8	1	0	2.70178
1764	-49.5	-5.5	49.805	1051.379	9.68561	3.02	3.1	24.205	7.6248E-8	1	0	2.70712
1765	-49.5	-4.5	49.704	1051.589	9.70133	3.02	3.1	24.104	7.6489E-8	1	0	2.71157
1766	-49.5	-3.5	49.624	1051.76	9.71415	3.02	3.1	24.024	7.6685E-8	1	0	2.71513
1767	-49.5	-2.5	49.563	1051.89	9.72389	3.02	3.1	23.963	7.6835E-8	1	0	2.7178
1768	-49.5	-1.5	49.523	1051.978	9.73045	3.02	3.1	23.923	7.6936E-8	1	0	2.71957
1769	-49.5	-0.5	49.503	1052.022	9.73376	3.02	3.1	23.903	7.6987E-8	1	0	2.72046
1770	-49.5	0.5	49.503	1052.022	9.73376	3.02	3.1	23.903	7.6987E-8	1	0	2.72046
1771	-49.5	1.5	49.523	1051.978	9.73045	3.02	3.1	23.923	7.6936E-8	1	0	2.71957
1772	-49.5	2.5	49.563	1051.89	9.72389	3.02	3.1	23.963	7.6835E-8	1	0	2.7178
1773	-49.5	3.5	49.624	1051.76	9.71415	3.02	3.1	24.024	7.6685E-8	1	0	2.71513
1774	-49.5	4.5	49.704	1051.589	9.70133	3.02	3.1	24.104	7.6489E-8	1	0	2.71157
1775	-49.5	5.5	49.805	1051.379	9.68561	3.02	3.1	24.205	7.6248E-8	1	0	2.70712
1776	-49.5	6.5	49.925	1051.132	9.66716	3.02	3.1	24.325	7.5966E-8	1	0	2.70178
1777	-49.5	7.5	50.065	1050.851	9.64619	3.02	3.1	24.465	7.5646E-8	1	0	2.69555
1778	-49.5	8.5	50.224	1050.539	9.62297	3.02	3.1	24.624	7.5292E-8	1	0	2.68842
1779	-49.5	9.5	50.403	1050.201	9.59775	3.02	3.1	24.803	7.4909E-8	1	0	2.68041
1780	-49.5	10.5	50.601	1049.838	9.57084	3.02	3.1	25.001	7.4501E-8	1	0	2.6715
1781	-49.5	11.5	50.818	1049.457	9.54253	3.02	3.1	25.218	7.4073E-8	1	0	2.66169
1782	-49.5	12.5	51.054	1049.06	9.51315	3.02	3.1	25.454	7.363E-8	1	0	2.651
1783	-49.5	13.5	51.308	1048.652	9.48303	3.02	3.1	25.708	7.3177E-8	1	0	2.63941
1784	-49.5	14.5	51.58	1048.238	9.45251	3.02	3.1	25.98	7.2719E-8	1	0	2.62694
1785	-49.5	15.5	51.87	1047.823	9.42193	3.02	3.1	26.27	7.2262E-8	1	0	2.61358
1786	-49.5	16.5	52.178	1047.41	9.39161	3.02	3.1	26.578	7.1811E-8	1	0	2.59935
1787	-49.5	17.5	52.502	1047.005	9.36189	3.02	3.1	26.902	7.1369E-8	1	0	2.58425
1788	-49.5	18.5	52.844	1046.611	9.33309	3.02	3.1	27.244	7.0943E-8	1	0	2.56828
1789	-49.5	19.5	53.202	1046.234	9.30551	3.02	3.1	27.602	7.0536E-8	1	0	2.55148
1790	-49.5	20.5	53.577	1045.876	9.27945	3.02	3.1	27.977	7.0152E-8	1	0	2.53384
1791	-49.5	21.5	53.968	1045.543	9.25516	3.02	3.1	28.368	6.9795E-8	1	0	2.5154
1792	-49.5	22.5	54.374	1045.236	9.23292	3.02	3.1	28.774	6.9469E-8	1	0	2.49617
1793	-49.5	23.5	54.795	1044.961	9.21293	3.02	3.1	29.195	6.9177E-8	1	0	2.47617
1794	-49.5	24.5	55.231	1044.72	9.19542	3.02	3.1	29.631	6.8921E-8	1	0	2.45546
1795	-49.5	25.5	55.682	1044.514	9.18054	3.02	3.1	30.082	6.8704E-8	1	0	2.43405
1796	-49.5	26.5	56.147	1044.347	9.16846	3.02	3.1	30.547	6.8528E-8	1	0	2.41198
1797	-49.5	27.5	56.626	1044.221	9.15929	3.02	3.1	31.026	6.8395E-8	1	0	2.38932
1798	-49.5	28.5	57.118	1044.135	9.15313	3.02	3.1	31.518	6.8305E-8	1	0	2.36609
1799	-49.5	29.5	57.624	1044.092	9.15007	3.02	3.1	32.024	6.8261E-8	1	0	2.34235
1800	-48.5	-29.5	56.767	1049.052	9.11892	3.02	3.1	31.167	6.7654E-8	1	0	2.39804
1801	-48.5	-28.5	56.254	1049.098	9.1223	3.02	3.1	30.654	6.7703E-8	1	0	2.42381
1802	-48.5	-27.5	55.754	1049.19	9.12912	3.02	3.1	30.154	6.7801E-8	1	0	2.44901
1803	-48.5	-26.5	55.268	1049.325	9.13926	3.02	3.1	29.668	6.7948E-8	1	0	2.47361
1804	-48.5	-25.5	54.795	1049.504	9.15263	3.02	3.1	29.195	6.8142E-8	1	0	2.49756
1805	-48.5	-24.5	54.337	1049.724	9.1691	3.02	3.1	28.737	6.8381E-8	1	0	2.52079
1806	-48.5	-23.5	53.893	1049.983	9.1885	3.02	3.1	28.293	6.8663E-8	1	0	2.54328
1807	-48.5	-22.5	53.465	1050.278	9.21063	3.02	3.1	27.865	6.8985E-8	1	0	2.56498
1808	-48.5	-21.5	53.052	1050.606	9.23527	3.02	3.1	27.452	6.9345E-8	1	0	2.58585
1809	-48.5	-20.5	52.655	1050.963	9.26218	3.02	3.1	27.055	6.9739E-8	1	0	2.60587
1810	-48.5	-19.5	52.273	1051.346	9.29107	3.02	3.1	26.673	7.0164E-8	1	0	2.62501
1811	-48.5	-18.5	51.909	1051.751	9.32165	3.02	3.1	26.309	7.0614E-8	1	0	2.64326
1812	-48.5	-17.5	51.561	1052.173	9.3536	3.02	3.1	25.961	7.1086E-8	1	0	2.66058
1813	-48.5	-16.5	51.23	1052.607	9.38658	3.02	3.1	25.63	7.1575E-8	1	0	2.67698
1814	-48.5	-15.5	50.917	1053.05	9.42022	3.02	3.1	25.317	7.2075E-8	1	0	2.69244
1815	-48.5	-14.5	50.621	1053.495	9.45419	3.02	3.1	25.021	7.2582E-8	1	0	2.70694
1816	-48.5	-13.5	50.344	1053.939	9.48809	3.02	3.1	24.744	7.309E-8	1	0	2.72049
1817	-48.5	-12.5	50.085	1054.376	9.52155	3.02	3.1	24.485	7.3592E-8	1	0	2.73308
1818	-48.5	-11.5	49.845	1054.801	9.55421	3.02	3.1	24.245	7.4085E-8	1	0	2.74471
1819	-48.5	-10.5	49.624	1055.211	9.58569	3.02	3.1	24.024	7.456E-8	1	0	2.75537
1820	-48.5	-9.5	49.422	1055.599	9.61563	3.02	3.1	23.822	7.5014E-8	1	0	2.76506
1821	-48.5	-8.5	49.239	1055.962	9.64368	3.02	3.1	23.639	7.5441E-8	1	0	2.77378
1822	-48.5	-7.5	49.076	1056.296	9.66953	3.02	3.1	23.476	7.5835E-8	1	0	2.78153
1823	-48.5	-6.5	48.934	1056.598	9.69287	3.02	3.1	23.334	7.6192E-8	1	0	2.78831
1824	-48.5	-5.5	48.811	1056.862	9.71341	3.02	3.1	23.211	7.6507E-8	1	0	2.79413
1825	-48.5	-4.5	48.708	1057.088	9.73093	3.02	3.1	23.108	7.6775E-8	1	0	2.79897
1826	-48.5	-3.5	48.626	1057.271	9.7452	3.02	3.1	23.026	7.6995E-8	1	0	2.80285
1827	-48.5	-2.5	48.564	1057.411	9.75606	3.02	3.1	22.964	7.7162E-8	1	0	2.80576
1828	-48.5	-1.5	48.523	1057.505	9.76337	3.02	3.1	22.923	7.7274E-8	1	0	2.80769
1829	-48.5	-0.5	48.503	1057.552	9.76705	3.02	3.1	22.903	7.7331E-8	1	0	2.80866
1830	-48.5	0.5	48.503	1057.552	9.76705	3.02	3.1	22.903	7.7331E-8	1	0	2.80866
1831	-48.5	1.5	48.523	1057.505	9.76337	3.02	3.1	22.923	7.7274E-8	1	0	2.80769
1832	-48.5	2.5	48.564	1057.411	9.75606	3.02	3.1	22.964	7.7162E-8	1	0	2.80576
1833	-48.5	3.5	48.626	1057.271	9.7452	3.02	3.1	23.026	7.6995E-8	1	0	2.80285
1834	-48.5	4.5	48.708	1057.088	9.73093	3.02	3.1	23.108	7.6775E-8	1	0	2.79897
1835	-48.5	5.5	48.811	1056.862	9.71341	3.02	3.1	23.211	7.6507E-8	1	0	2.79413
1836	-48.5	6.5	48.934	1056.598	9.69287	3.02	3.1	23.334	7.6192E-8	1	0	2.78831
1837	-48.5	7.5	49.076	1056.296	9.66953	3.02	3.1	23.476	7.5835E-8	1	0	2.78153
1838	-48.5	8.5	49.239	1055.962	9.64368	3.02	3.1	23.639	7.5441E-8	1	0	2.77378
1839	-48.5	9.5	49.422	1055.599	9.61563	3.02	3.1	23.822	7.5014E-8	1	0	2.76506
1840	-48.5	10.5	49.624	1055.211	9.58569	3.02	3.1	24.024	7.456E-8	1	0	2.75537
1841	-48.5	11.5	49.845	1054.801	9.55421	3.02	3.1	24.245	7.4085E-8	1	0	2.74471
1842	-48.5	12.5	50.085	1054.376	9.52155	3.02	3.1	24.485	7.3592E-8	1	0	2.73308
1843	-48.5	13.5	50.344	1053.939	9.48809	3.02	3.1	24.744	7.309E-8	1	0	2.72049
1844	-48.5	14.5	50.621	1053.495	9.45419	3.02	3.1	25.021	7.2582E-8	1	0	2.70694
1845	-48.5	15.5	50.917	1053.05	9.42022	3.02	3.1	25.317	7.2075E-8	1	0	2.69244
1846	-48.5	16.5	51.23	1052.607	9.38658	3.02	3.1	25.63	7.1575E-8	1	0	2.67698
1847	-48.5	17.5	51.561	1052.173	9.3536	3.02	3.1	25.961	7.1086E-8	1	0	2.66058
1848	-48.5	18.5	51.909	1051.751	9.32165	3.02	3.1	26.309	7.0614E-8	1	0	2.64326
1849	-48.5	19.5	52.273	1051.346	9.29107	3.02	3.1	26.673	7.0164E-8	1	0	2.62501
1850	-48.5	20.5	52.655	1050.963	9.26218	3.02	3.1	27.055	6.9739E-8	1	0	2.60587
1851	-48.5	21.5	53.052	1050.606	9.23527	3.02	3.1	27.452	6.9345E-8	1	0	2.58585
1852	-48.5	22.5	53.465	1050.278	9.21063	3.02	3.1	27.865	6.8985E-8	1	0	2.56498
1853	-48.5	23.5	53.893	1049.983	9.1885	3.02	3.1	28.293	6.8663E-8	1	0	2.54328
1854	-48.5	24.5	54.337	1049.724	9.1691	3.02	3.1	28.737	6.8381E-8	1	0	2.52079
1855	-48.5	25.5	54.795	1049.504	9.15263	3.02	3.1	29.195	6.8142E-8	1	0	2.49756
1856	-48.5	26.5	55.268	1049.325	9.13926	3.02	3.1	29.668	6.7948E-8	1	0	2.47361
1857	-48.5	27.5	55.754	1049.19	9.12912	3.02	3.1	30.154	6.7801E-8	1	0	2.44901
1858	-48.5	28.5	56.254	1049.098	9.1223	3.02	3.1	30.654	6.7703E-8	1	0	2.42381
1859	-48.5	29.5	56.767	1049.052	9.11892	3.02	3.1	31.167	6.7654E-8	1	0	2.39804
1860	-47.5	-29.5	55.915	1053.778	9.08445	3.02	3.1	30.315	6.7008E-8	1	0	2.45736
1861	-47.5	-28.5	55.394	1053.827	9.08819	3.02	3.1	29.794	6.7062E-8	1	0	2.48536
1862	-47.5	-27.5	54.886	1053.925	9.09573	3.02	3.1	29.286	6.717E-8	1	0	2.51276
1863	-47.5	-26.5	54.392	1054.07	9.10696	3.02	3.1	28.792	6.7332E-8	1	0	2.53951
1864	-47.5	-25.5	53.912	1054.261	9.12175	3.02	3.1	28.312	6.7545E-8	1	0	2.56554
1865	-47.5	-24.5	53.446	1054.496	9.13997	3.02	3.1	27.846	6.7809E-8	1	0	2.5908
1866	-47.5	-23.5	52.995	1054.773	9.16144	3.02	3.1	27.395	6.8119E-8	1	0	2.61525
1867	-47.5	-22.5	52.559	1055.089	9.18595	3.02	3.1	26.959	6.8475E-8	1	0	2.63885
1868	-47.5	-21.5	52.139	1055.44	9.21324	3.02	3.1	26.539	6.8872E-8	1	0	2.66155
1869	-47.5	-20.5	51.735	1055.822	9.24305	3.02	3.1	26.135	6.9307E-8	1	0	2.68333
1870	-47.5	-19.5	51.347	1056.232	9.27507	3.02	3.1	25.747	6.9776E-8	1	0	2.70415
1871	-47.5	-18.5	50.975	1056.665	9.30897	3.02	3.1	25.375	7.0274E-8	1	0	2.724
1872	-47.5	-17.5	50.621	1057.117	9.3444	3.02	3.1	25.021	7.0796E-8	1	0	2.74285
1873	-47.5	-16.5	50.284	1057.582	9.38098	3.02	3.1	24.684	7.1338E-8	1	0	2.7607
1874	-47.5	-15.5	49.965	1058.055	9.41833	3.02	3.1	24.365	7.1892E-8	1	0	2.77753
1875	-47.5	-14.5	49.664	1058.532	9.45604	3.02	3.1	24.064	7.2454E-8	1	0	2.79333
1876	-47.5	-13.5	49.381	1059.007	9.4937	3.02	3.1	23.781	7.3017E-8	1	0	2.80809
1877	-47.5	-12.5	49.117	1059.475	9.53089	3.02	3.1	23.517	7.3576E-8	1	0	2.82182
1878	-47.5	-11.5	48.872	1059.931	9.56719	3.02	3.1	23.272	7.4123E-8	1	0	2.83449
1879	-47.5	-10.5	48.647	1060.369	9.6022	3.02	3.1	23.047	7.4652E-8	1	0	2.84612
1880	-47.5	-9.5	48.441	1060.785	9.6355	3.02	3.1	22.841	7.5158E-8	1	0	2.8567
1881	-47.5	-8.5	48.255	1061.174	9.66673	3.02	3.1	22.655	7.5633E-8	1	0	2.86622
1882	-47.5	-7.5	48.088	1061.532	9.6955	3.02	3.1	22.488	7.6072E-8	1	0	2.87469
1883	-47.5	-6.5	47.943	1061.854	9.72149	3.02	3.1	22.343	7.647E-8	1	0	2.8821
1884	-47.5	-5.5	47.817	1062.138	9.74438	3.02	3.1	22.217	7.6821E-8	1	0	2.88846
1885	-47.5	-4.5	47.713	1062.379	9.76389	3.02	3.1	22.113	7.7121E-8	1	0	2.89376
1886	-47.5	-3.5	47.629	1062.575	9.77979	3.02	3.1	22.029	7.7366E-8	1	0	2.898
1887	-47.5	-2.5	47.566	1062.725	9.7919	3.02	3.1	21.966	7.7553E-8	1	0	2.90118
1888	-47.5	-1.5	47.524	1062.825	9.80005	3.02	3.1	21.924	7.7678E-8	1	0	2.9033
1889	-47.5	-0.5	47.503	1062.876	9.80415	3.02	3.1	21.903	7.7742E-8	1	0	2.90436
1890	-47.5	0.5	47.503	1062.876	9.80415	3.02	3.1	21.903	7.7742E-8	1	0	2.90436
1891	-47.5	1.5	47.524	1062.825	9.80005	3.02	3.1	21.924	7.7678E-8	1	0	2.9033
1892	-47.5	2.5	47.566	1062.725	9.7919	3.02	3.1	21.966	7.7553E-8	1	0	2.90118
1893	-47.5	3.5	47.629	1062.575	9.77979	3.02	3.1	22.029	7.7366E-8	1	0	2.898
1894	-47.5	4.5	47.713	1062.379	9.76389	3.02	3.1	22.113	7.7121E-8	1	0	2.89376
1895	-47.5	5.5	47.817	1062.138	9.74438	3.02	3.1	22.217	7.6821E-8	1	0	2.88846
1896	-47.5	6.5	47.943	1061.854	9.72149	3.02	3.1	22.343	7.647E-8	1	0	2.8821
1897	-47.5	7.5	48.088	1061.532	9.6955	3.02	3.1	22.488	7.6072E-8	1	0	2.87469
1898	-47.5	8.5	48.255	1061.174	9.66673	3.02	3.1	22.655	7.5633E-8	1	0	2.86622
1899	-47.5	9.5	48.441	1060.785	9.6355	3.02	3.1	22.841	7.5158E-8	1	0	2.8567
1900	-47.5	10.5	48.647	1060.369	9.6022	3.02	3.1	23.047	7.4652E-8	1	0	2.84612
1901	-47.5	11.5	48.872	1059.931	9.56719	3.02	3.1	23.272	7.4123E-8	1	0	2.83449
1902	-47.5	12.5	49.117	1059.475	9.53089	3.02	3.1	23.517	7.3576E-8	1	0	2.82182
1903	-47.5	13.5	49.381	1059.007	9.4937	3.02	3.1	23.781	7.3017E-8	1	0	2.80809
1904	-47.5	14.5	49.664	1058.532	9.45604	3.02	3.1	24.064	7.2454E-8	1	0	2.79333
1905	-47.5	15.5	49.965	1058.055	9.41833	3.02	3.1	24.365	7.1892E-8	1	0	2.77753
1906	-47.5	16.5	50.284	1057.582	9.38098	3.02	3.1	24.684	7.1338E-8	1	0	2.7607
1907	-47.5	17.5	50.621	1057.117	9.3444	3.02	3.1	25.021	7.0796E-8	1	0	2.74285
1908	-47.5	18.5	50.975	1056.665	9.30897	3.02	3.1	25.375	7.0274E-8	1	0	2.724
1909	-47.5	19.5	51.347	1056.232	9.27507	3.02	3.1	25.747	6.9776E-8	1	0	2.70415
1910	-47.5	20.5	51.735	1055.822	9.24305	3.02	3.1	26.135	6.9307E-8	1	0	2.68333
1911	-47.5	21.5	52.139	1055.44	9.21324	3.02	3.1	26.539	6.8872E-8	1	0	2.66155
1912	-47.5	22.5	52.559	1055.089	9.18595	3.02	3.1	26.959	6.8475E-8	1	0	2.63885
1913	-47.5	23.5	52.995	1054.773	9.16144	3.02	3.1	27.395	6.8119E-8	1	0	2.61525
1914	-47.5	24.5	53.446	1054.496	9.13997	3.02	3.1	27.846	6.7809E-8	1	0	2.5908
1915	-47.5	25.5	53.912	1054.261	9.12175	3.02	3.1	28.312	6.7545E-8	1	0	2.56554
1916	-47.5	26.5	54.392	1054.07	9.10696	3.02	3.1	28.792	6.7332E-8	1	0	2.53951
1917	-47.5	27.5	54.886	1053.925	9.09573	3.02	3.1	29.286	6.717E-8	1	0	2.51276
1918	-47.5	28.5	55.394	1053.827	9.08819	3.02	3.1	29.794	6.7062E-8	1	0	2.48536
1919	-47.5	29.5	55.915	1053.778	9.08445	3.02	3.1	30.315	6.7008E-8	1	0	2.45736
1920	-46.5	-29.5	55.068	1058.27	9.04635	3.02	3.1	29.468	6.6319E-8	1	0	2.52069
1921	-46.5	-28.5	54.539	1058.323	9.05047	3.02	3.1	28.939	6.6378E-8	1	0	2.55119
1922	-46.5	-27.5	54.023	1058.427	9.05881	3.02	3.1	28.423	6.6498E-8	1	0	2.58102
1923	-46.5	-26.5	53.521	1058.582	9.07122	3.02	3.1	27.921	6.6676E-8	1	0	2.61015
1924	-46.5	-25.5	53.033	1058.786	9.08759	3.02	3.1	27.433	6.691E-8	1	0	2.6385
1925	-46.5	-24.5	52.559	1059.038	9.10774	3.02	3.1	26.959	6.72E-8	1	0	2.66603
1926	-46.5	-23.5	52.101	1059.334	9.1315	3.02	3.1	26.501	6.7543E-8	1	0	2.69267
1927	-46.5	-22.5	51.658	1059.671	9.15862	3.02	3.1	26.058	6.7935E-8	1	0	2.71838
1928	-46.5	-21.5	51.23	1060.046	9.18884	3.02	3.1	25.63	6.8373E-8	1	0	2.74312
1929	-46.5	-20.5	50.818	1060.455	9.22185	3.02	3.1	25.218	6.8853E-8	1	0	2.76686
1930	-46.5	-19.5	50.423	1060.893	9.25733	3.02	3.1	24.823	6.9371E-8	1	0	2.78957
1931	-46.5	-18.5	50.045	1061.355	9.29491	3.02	3.1	24.445	6.9921E-8	1	0	2.81122
1932	-46.5	-17.5	49.684	1061.838	9.33419	3.02	3.1	24.084	7.0499E-8	1	0	2.83179
1933	-46.5	-16.5	49.341	1062.335	9.37478	3.02	3.1	23.741	7.1098E-8	1	0	2.85127
1934	-46.5	-15.5	49.015	1062.841	9.41623	3.02	3.1	23.415	7.1713E-8	1	0	2.86965
1935	-46.5	-14.5	48.708	1063.351	9.4581	3.02	3.1	23.108	7.2336E-8	1	0	2.88691
1936	-46.5	-13.5	48.42	1063.859	9.49993	3.02	3.1	22.82	7.2961E-8	1	0	2.90305
1937	-46.5	-12.5	48.151	1064.359	9.54126	3.02	3.1	22.551	7.3582E-8	1	0	2.91806
1938	-46.5	-11.5	47.901	1064.846	9.58162	3.02	3.1	22.301	7.419E-8	1	0	2.93193
1939	-46.5	-10.5	47.671	1065.314	9.62056	3.02	3.1	22.071	7.4779E-8	1	0	2.94467
1940	-46.5	-9.5	47.461	1065.759	9.65762	3.02	3.1	21.861	7.5342E-8	1	0	2.95626
1941	-46.5	-8.5	47.27	1066.175	9.69238	3.02	3.1	21.67	7.5872E-8	1	0	2.9667
1942	-46.5	-7.5	47.101	1066.558	9.72442	3.02	3.1	21.501	7.6362E-8	1	0	2.976
1943	-46.5	-6.5	46.952	1066.903	9.75337	3.02	3.1	21.352	7.6806E-8	1	0	2.98414
1944	-46.5	-5.5	46.824	1067.206	9.77887	3.02	3.1	21.224	7.7198E-8	1	0	2.99112
1945	-46.5	-4.5	46.717	1067.464	9.80062	3.02	3.1	21.117	7.7533E-8	1	0	2.99695
1946	-46.5	-3.5	46.632	1067.674	9.81835	3.02	3.1	21.032	7.7807E-8	1	0	3.00161
1947	-46.5	-2.5	46.567	1067.834	9.83184	3.02	3.1	20.967	7.8015E-8	1	0	3.00511
1948	-46.5	-1.5	46.524	1067.941	9.84093	3.02	3.1	20.924	7.8156E-8	1	0	3.00744
1949	-46.5	-0.5	46.503	1067.995	9.8455	3.02	3.1	20.903	7.8227E-8	1	0	3.00861
1950	-46.5	0.5	46.503	1067.995	9.8455	3.02	3.1	20.903	7.8227E-8	1	0	3.00861
1951	-46.5	1.5	46.524	1067.941	9.84093	3.02	3.1	20.924	7.8156E-8	1	0	3.00744
1952	-46.5	2.5	46.567	1067.834	9.83184	3.02	3.1	20.967	7.8015E-8	1	0	3.00511
1953	-46.5	3.5	46.632	1067.674	9.81835	3.02	3.1	21.032	7.7807E-8	1	0	3.00161
1954	-46.5	4.5	46.717	1067.464	9.80062	3.02	3.1	21.117	7.7533E-8	1	0	2.99695
1955	-46.5	5.5	46.824	1067.206	9.77887	3.02	3.1	21.224	7.7198E-8	1	0	2.99112
1956	-46.5	6.5	46.952	1066.903	9.75337	3.02	3.1	21.352	7.6806E-8	1	0	2.98414
1957	-46.5	7.5	47.101	1066.558	9.72442	3.02	3.1	21.501	7.6362E-8	1	0	2.976
1958	-46.5	8.5	47.27	1066.175	9.69238	3.02	3.1	21.67	7.5872E-8	1	0	2.9667
1959	-46.5	9.5	47.461	1065.759	9.65762	3.02	3.1	21.861	7.5342E-8	1	0	2.95626
1960	-46.5	10.5	47.671	1065.314	9.62056	3.02	3.1	22.071	7.4779E-8	1	0	2.94467
1961	-46.5	11.5	47.901	1064.846	9.58162	3.02	3.1	22.301	7.419E-8	1	0	2.93193
1962	-46.5	12.5	48.151	1064.359	9.54126	3.02	3.1	22.551	7.3582E-8	1	0	2.91806
1963	-46.5	13.5	48.42	1063.859	9.49993	3.02	3.1	22.82	7.2961E-8	1	0	2.90305
1964	-46.5	14.5	48.708	1063.351	9.4581	3.02	3.1	23.108	7.2336E-8	1	0	2.88691
1965	-46.5	15.5	49.015	1062.841	9.41623	3.02	3.1	23.415	7.1713E-8	1	0	2.86965
1966	-46.5	16.5	49.341	1062.335	9.37478	3.02	3.1	23.741	7.1098E-8	1	0	2.85127
1967	-46.5	17.5	49.684	1061.838	9.33419	3.02	3.1	24.084	7.0499E-8	1	0	2.83179
1968	-46.5	18.5	50.045	1061.355	9.29491	3.02	3.1	24.445	6.9921E-8	1	0	2.81122
1969	-46.5	19.5	50.423	1060.893	9.25733	3.02	3.1	24.823	6.9371E-8	1	0	2.78957
1970	-46.5	20.5	50.818	1060.455	9.22185	3.02	3.1	25.218	6.8853E-8	1	0	2.76686
1971	-46.5	21.5	51.23	1060.046	9.18884	3.02	3.1	25.63	6.8373E-8	1	0	2.74312
1972	-46.5	22.5	51.658	1059.671	9.15862	3.02	3.1	26.058	6.7935E-8	1	0	2.71838
1973	-46.5	23.5	52.101	1059.334	9.1315	3.02	3.1	26.501	6.7543E-8	1	0	2.69267
1974	-46.5	24.5	52.559	1059.038	9.10774	3.02	3.1	26.959	6.72E-8	1	0	2.66603
1975	-46.5	25.5	53.033	1058.786	9.08759	3.02	3.1	27.433	6.691E-8	1	0	2.6385
1976	-46.5	26.5	53.521	1058.582	9.07122	3.02	3.1	27.921	6.6676E-8	1	0	2.61015
1977	-46.5	27.5	54.023	1058.427	9.05881	3.02	3.1	28.423	6.6498E-8	1	0	2.58102
1978	-46.5	28.5	54.539	1058.323	9.05047	3.02	3.1	28.939	6.6378E-8	1	0	2.55119
1979	-46.5	29.5	55.068	1058.27	9.04635	3.02	3.1	29.468	6.6319E-8	1	0	2.52069
1980	-45.5	-29.5	54.226	1062.531	9.00423	3.02	3.1	28.626	6.5583E-8	1	0	2.5885
1981	-45.5	-28.5	53.689	1062.587	9.00878	3.02	3.1	28.089	6.5648E-8	1	0	2.62176
1982	-45.5	-27.5	53.165	1062.699	9.018	3.02	3.1	27.565	6.5779E-8	1	0	2.65431
1983	-45.5	-26.5	52.655	1062.864	9.03172	3.02	3.1	27.055	6.5975E-8	1	0	2.68609
1984	-45.5	-25.5	52.158	1063.082	9.04981	3.02	3.1	26.558	6.6233E-8	1	0	2.71703
1985	-45.5	-24.5	51.677	1063.35	9.07209	3.02	3.1	26.077	6.6552E-8	1	0	2.74708
1986	-45.5	-23.5	51.21	1063.666	9.09837	3.02	3.1	25.61	6.6929E-8	1	0	2.77617
1987	-45.5	-22.5	50.759	1064.026	9.12837	3.02	3.1	25.159	6.7361E-8	1	0	2.80425
1988	-45.5	-21.5	50.324	1064.426	9.16182	3.02	3.1	24.724	6.7844E-8	1	0	2.83128
1989	-45.5	-20.5	49.905	1064.862	9.19838	3.02	3.1	24.305	6.8373E-8	1	0	2.85722
1990	-45.5	-19.5	49.503	1065.329	9.23767	3.02	3.1	23.903	6.8945E-8	1	0	2.88204
1991	-45.5	-18.5	49.117	1065.823	9.27932	3.02	3.1	23.517	6.9553E-8	1	0	2.90572
1992	-45.5	-17.5	48.749	1066.338	9.32287	3.02	3.1	23.149	7.0192E-8	1	0	2.92824
1993	-45.5	-16.5	48.399	1066.869	9.36789	3.02	3.1	22.799	7.0855E-8	1	0	2.94957
1994	-45.5	-15.5	48.068	1067.409	9.41389	3.02	3.1	22.468	7.1536E-8	1	0	2.9697
1995	-45.5	-14.5	47.755	1067.953	9.46038	3.02	3.1	22.155	7.2228E-8	1	0	2.98863
1996	-45.5	-13.5	47.461	1068.495	9.50685	3.02	3.1	21.861	7.2922E-8	1	0	3.00634
1997	-45.5	-12.5	47.186	1069.029	9.55278	3.02	3.1	21.586	7.3612E-8	1	0	3.02282
1998	-45.5	-11.5	46.931	1069.549	9.59766	3.02	3.1	21.331	7.4288E-8	1	0	3.03807
1999	-45.5	-10.5	46.696	1070.049	9.64098	3.02	3.1	21.096	7.4944E-8	1	0	3.05208
2000	-45.5	-9.5	46.481	1070.523	9.68223	3.02	3.1	20.881	7.5571E-8	1	0	3.06485
2001	-45.5	-8.5	46.287	1070.967	9.72093	3.02	3.1	20.687	7.6162E-8	1	0	3.07636
2002	-45.5	-7.5	46.114	1071.376	9.75662	3.02	3.1	20.514	7.6709E-8	1	0	3.08661
2003	-45.5	-6.5	45.962	1071.744	9.78888	3.02	3.1	20.362	7.7205E-8	1	0	3.09559
2004	-45.5	-5.5	45.831	1072.067	9.81731	3.02	3.1	20.231	7.7643E-8	1	0	3.10331
2005	-45.5	-4.5	45.722	1072.343	9.84156	3.02	3.1	20.122	7.8018E-8	1	0	3.10975
2006	-45.5	-3.5	45.634	1072.567	9.86133	3.02	3.1	20.034	7.8324E-8	1	0	3.1149
2007	-45.5	-2.5	45.569	1072.738	9.87638	3.02	3.1	19.969	7.8557E-8	1	0	3.11878
2008	-45.5	-1.5	45.525	1072.852	9.88652	3.02	3.1	19.925	7.8715E-8	1	0	3.12136
2009	-45.5	-0.5	45.503	1072.91	9.89162	3.02	3.1	19.903	7.8794E-8	1	0	3.12265
2010	-45.5	0.5	45.503	1072.91	9.89162	3.02	3.1	19.903	7.8794E-8	1	0	3.12265
2011	-45.5	1.5	45.525	1072.852	9.88652	3.02	3.1	19.925	7.8715E-8	1	0	3.12136
2012	-45.5	2.5	45.569	1072.738	9.87638	3.02	3.1	19.969	7.8557E-8	1	0	3.11878
2013	-45.5	3.5	45.634	1072.567	9.86133	3.02	3.1	20.034	7.8324E-8	1	0	3.1149
2014	-45.5	4.5	45.722	1072.343	9.84156	3.02	3.1	20.122	7.8018E-8	1	0	3.10975
2015	-45.5	5.5	45.831	1072.067	9.81731	3.02	3.1	20.231	7.7643E-8	1	0	3.10331
2016	-45.5	6.5	45.962	1071.744	9.78888	3.02	3.1	20.362	7.7205E-8	1	0	3.09559
2017	-45.5	7.5	46.114	1071.376	9.75662	3.02	3.1	20.514	7.6709E-8	1	0	3.08661
2018	-45.5	8.5	46.287	1070.967	9.72093	3.02	3.1	20.687	7.6162E-8	1	0	3.07636
2019	-45.5	9.5	46.481	1070.523	9.68223	3.02	3.1	20.881	7.5571E-8	1	0	3.06485
2020	-45.5	10.5	46.696	1070.049	9.64098	3.02	3.1	21.096	7.4944E-8	1	0	3.05208
2021	-45.5	11.5	46.931	1069.549	9.59766	3.02	3.1	21.331	7.4288E-8	1	0	3.03807
2022	-45.5	12.5	47.186	1069.029	9.55278	3.02	3.1	21.586	7.3612E-8	1	0	3.02282
2023	-45.5	13.5	47.461	1068.495	9.50685	3.02	3.1	21.861	7.2922E-8	1	0	3.00634
2024	-45.5	14.5	47.755	1067.953	9.46038	3.02	3.1	22.155	7.2228E-8	1	0	2.98863
2025	-45.5	15.5	48.068	1067.409	9.41389	3.02	3.1	22.468	7.1536E-8	1	0	2.9697
2026	-45.5	16.5	48.399	1066.869	9.36789	3.02	3.1	22.799	7.0855E-8	1	0	2.94957
2027	-45.5	17.5	48.749	1066.338	9.32287	3.02	3.1	23.149	7.0192E-8	1	0	2.92824
2028	-45.5	18.5	49.117	1065.823	9.27932	3.02	3.1	23.517	6.9553E-8	1	0	2.90572
2029	-45.5	19.5	49.503	1065.329	9.23767	3.02	3.1	23.903	6.8945E-8	1	0	2.88204
2030	-45.5	20.5	49.905	1064.862	9.19838	3.02	3.1	24.305	6.8373E-8	1	0	2.85722
2031	-45.5	21.5	50.324	1064.426	9.16182	3.02	3.1	24.724	6.7844E-8	1	0	2.83128
2032	-45.5	22.5	50.759	1064.026	9.12837	3.02	3.1	25.159	6.7361E-8	1	0	2.80425
2033	-45.5	23.5	51.21	1063.666	9.09837	3.02	3.1	25.61	6.6929E-8	1	0	2.77617
2034	-45.5	24.5	51.677	1063.35	9.07209	3.02	3.1	26.077	6.6552E-8	1	0	2.74708
2035	-45.5	25.5	52.158	1063.082	9.04981	3.02	3.1	26.558	6.6233E-8	1	0	2.71703
2036	-45.5	26.5	52.655	1062.864	9.03172	3.02	3.1	27.055	6.5975E-8	1	0	2.68609
2037	-45.5	27.5	53.165	1062.699	9.018	3.02	3.1	27.565	6.5779E-8	1	0	2.65431
2038	-45.5	28.5	53.689	1062.587	9.00878	3.02	3.1	28.089	6.5648E-8	1	0	2.62176
2039	-45.5	29.5	54.226	1062.531	9.00423	3.02	3.1	28.626	6.5583E-8	1	0	2.5885
2040	-44.5	-29.5	53.39	1066.564	8.95771	3.02	3.1	27.79	6.4795E-8	1	0	2.66129
2041	-44.5	-28.5	52.844	1066.623	8.96272	3.02	3.1	27.244	6.4866E-8	1	0	2.69763
2042	-44.5	-27.5	52.312	1066.742	8.9729	3.02	3.1	26.712	6.501E-8	1	0	2.73321
2043	-44.5	-26.5	51.793	1066.918	8.98806	3.02	3.1	26.193	6.5225E-8	1	0	2.76796
2044	-44.5	-25.5	51.288	1067.15	9.00804	3.02	3.1	25.688	6.5509E-8	1	0	2.8018
2045	-44.5	-24.5	50.799	1067.436	9.03268	3.02	3.1	25.199	6.5859E-8	1	0	2.83467
2046	-44.5	-23.5	50.324	1067.772	9.06173	3.02	3.1	24.724	6.6274E-8	1	0	2.8665
2047	-44.5	-22.5	49.865	1068.156	9.09491	3.02	3.1	24.265	6.6749E-8	1	0	2.89724
2048	-44.5	-21.5	49.422	1068.582	9.13192	3.02	3.1	23.822	6.7281E-8	1	0	2.92685
2049	-44.5	-20.5	48.995	1069.046	9.17238	3.02	3.1	23.395	6.7865E-8	1	0	2.95527
2050	-44.5	-19.5	48.585	1069.545	9.2159	3.02	3.1	22.985	6.8496E-8	1	0	2.98249
2051	-44.5	-18.5	48.192	1070.071	9.26204	3.02	3.1	22.592	6.9168E-8	1	0	3.00847
2052	-44.5	-17.5	47.817	1070.619	9.31032	3.02	3.1	22.217	6.9874E-8	1	0	3.03319
2053	-44.5	-16.5	47.461	1071.185	9.36025	3.02	3.1	21.861	7.0609E-8	1	0	3.05662
2054	-44.5	-15.5	47.122	1071.76	9.4113	3.02	3.1	21.522	7.1363E-8	1	0	3.07877
2055	-44.5	-14.5	46.803	1072.34	9.46291	3.02	3.1	21.203	7.213E-8	1	0	3.0996
2056	-44.5	-13.5	46.503	1072.917	9.51454	3.02	3.1	20.903	7.2901E-8	1	0	3.11912
2057	-44.5	-12.5	46.222	1073.486	9.56559	3.02	3.1	20.622	7.3667E-8	1	0	3.1373
2058	-44.5	-11.5	45.962	1074.04	9.61551	3.02	3.1	20.362	7.442E-8	1	0	3.15414
2059	-44.5	-10.5	45.722	1074.573	9.6637	3.02	3.1	20.122	7.5151E-8	1	0	3.16963
2060	-44.5	-9.5	45.503	1075.079	9.70963	3.02	3.1	19.903	7.5851E-8	1	0	3.18376
2061	-44.5	-8.5	45.305	1075.552	9.75273	3.02	3.1	19.705	7.651E-8	1	0	3.19652
2062	-44.5	-7.5	45.128	1075.987	9.7925	3.02	3.1	19.528	7.7121E-8	1	0	3.20789
2063	-44.5	-6.5	44.972	1076.379	9.82846	3.02	3.1	19.372	7.7675E-8	1	0	3.21787
2064	-44.5	-5.5	44.839	1076.723	9.86016	3.02	3.1	19.239	7.8165E-8	1	0	3.22645
2065	-44.5	-4.5	44.727	1077.017	9.88721	3.02	3.1	19.127	7.8585E-8	1	0	3.23362
2066	-44.5	-3.5	44.637	1077.256	9.90927	3.02	3.1	19.037	7.8928E-8	1	0	3.23936
2067	-44.5	-2.5	44.57	1077.437	9.92607	3.02	3.1	18.97	7.9189E-8	1	0	3.24367
2068	-44.5	-1.5	44.525	1077.56	9.93739	3.02	3.1	18.925	7.9366E-8	1	0	3.24655
2069	-44.5	-0.5	44.503	1077.621	9.94308	3.02	3.1	18.903	7.9454E-8	1	0	3.24799
2070	-44.5	0.5	44.503	1077.621	9.94308	3.02	3.1	18.903	7.9454E-8	1	0	3.24799
2071	-44.5	1.5	44.525	1077.56	9.93739	3.02	3.1	18.925	7.9366E-8	1	0	3.24655
2072	-44.5	2.5	44.57	1077.437	9.92607	3.02	3.1	18.97	7.9189E-8	1	0	3.24367
2073	-44.5	3.5	44.637	1077.256	9.90927	3.02	3.1	19.037	7.8928E-8	1	0	3.23936
2074	-44.5	4.5	44.727	1077.017	9.88721	3.02	3.1	19.127	7.8585E-8	1	0	3.23362
2075	-44.5	5.5	44.839	1076.723	9.86016	3.02	3.1	19.239	7.8165E-8	1	0	3.22645
2076	-44.5	6.5	44.972	1076.379	9.82846	3.02	3.1	19.372	7.7675E-8	1	0	3.21787
2077	-44.5	7.5	45.128	1075.987	9.7925	3.02	3.1	19.528	7.7121E-8	1	0	3.20789
2078	-44.5	8.5	45.305	1075.552	9.75273	3.02	3.1	19.705	7.651E-8	1	0	3.19652
2079	-44.5	9.5	45.503	1075.079	9.70963	3.02	3.1	19.903	7.5851E-8	1	0	3.18376
2080	-44.5	10.5	45.722	1074.573	9.6637	3.02	3.1	20.122	7.5151E-8	1	0	3.16963
2081	-44.5	11.5	45.962	1074.04	9.61551	3.02	3.1	20.362	7.442E-8	1	0	3.15414
2082	-44.5	12.5	46.222	1073.486	9.56559	3.02	3.1	20.622	7.3667E-8	1	0	3.1373
2083	-44.5	13.5	46.503	1072.917	9.51454	3.02	3.1	20.903	7.2901E-8	1	0	3.11912
2084	-44.5	14.5	46.803	1072.34	9.46291	3.02	3.1	21.203	7.213E-8	1	0	3.0996
2085	-44.5	15.5	47.122	1071.76	9.4113	3.02	3.1	21.522	7.1363E-8	1	0	3.07877
2086	-44.5	16.5	47.461	1071.185	9.36025	3.02	3.1	21.861	7.0609E-8	1	0	3.05662
2087	-44.5	17.5	47.817	1070.619	9.31032	3.02	3.1	22.217	6.9874E-8	1	0	3.03319
2088	-44.5	18.5	48.192	1070.071	9.26204	3.02	3.1	22.592	6.9168E-8	1	0	3.00847
2089	-44.5	19.5	48.585	1069.545	9.2159	3.02	3.1	22.985	6.8496E-8	1	0	2.98249
2090	-44.5	20.5	48.995	1069.046	9.17238	3.02	3.1	23.395	6.7865E-8	1	0	2.95527
2091	-44.5	21.5	49.422	1068.582	9.13192	3.02	3.1	23.822	6.7281E-8	1	0	2.92685
2092	-44.5	22.5	49.865	1068.156	9.09491	3.02	3.1	24.265	6.6749E-8	1	0	2.89724
2093	-44.5	23.5	50.324	1067.772	9.06173	3.02	3.1	24.724	6.6274E-8	1	0	2.8665
2094	-44.5	24.5	50.799	1067.436	9.03268	3.02	3.1	25.199	6.5859E-8	1	0	2.83467
2095	-44.5	25.5	51.288	1067.15	9.00804	3.02	3.1	25.688	6.5509E-8	1	0	2.8018
2096	-44.5	26.5	51.793	1066.918	8.98806	3.02	3.1	26.193	6.5225E-8	1	0	2.76796
2097	-44.5	27.5	52.312	1066.742	8.9729	3.02	3.1	26.712	6.501E-8	1	0	2.73321
2098	-44.5	28.5	52.844	1066.623	8.96272	3.02	3.1	27.244	6.4866E-8	1	0	2.69763
2099	-44.5	29.5	53.39	1066.564	8.95771	3.02	3.1	27.79	6.4795E-8	1	0	2.66129
2100	-43.5	-29.5	52.559	1070.369	8.90634	3.02	3.1	26.959	6.3949E-8	1	0	2.73963
2101	-43.5	-28.5	52.005	1070.433	8.91186	3.02	3.1	26.405	6.4027E-8	1	0	2.77943
2102	-43.5	-27.5	51.464	1070.559	8.9231	3.02	3.1	25.864	6.4185E-8	1	0	2.81839
2103	-43.5	-26.5	50.936	1070.746	8.93983	3.02	3.1	25.336	6.442E-8	1	0	2.85647
2104	-43.5	-25.5	50.423	1070.993	8.9619	3.02	3.1	24.823	6.4732E-8	1	0	2.89356
2105	-43.5	-24.5	49.925	1071.297	8.98911	3.02	3.1	24.325	6.5117E-8	1	0	2.92961
2106	-43.5	-23.5	49.442	1071.655	9.02121	3.02	3.1	23.842	6.5573E-8	1	0	2.96453
2107	-43.5	-22.5	48.974	1072.063	9.0579	3.02	3.1	23.374	6.6096E-8	1	0	2.99827
2108	-43.5	-21.5	48.523	1072.516	9.09883	3.02	3.1	22.923	6.6681E-8	1	0	3.03078
2109	-43.5	-20.5	48.088	1073.01	9.1436	3.02	3.1	22.488	6.7325E-8	1	0	3.06202
2110	-43.5	-19.5	47.671	1073.54	9.19178	3.02	3.1	22.071	6.8021E-8	1	0	3.09195
2111	-43.5	-18.5	47.27	1074.099	9.24289	3.02	3.1	21.67	6.8763E-8	1	0	3.12055
2112	-43.5	-17.5	46.888	1074.683	9.2964	3.02	3.1	21.288	6.9544E-8	1	0	3.14778
2113	-43.5	-16.5	46.524	1075.284	9.35177	3.02	3.1	20.924	7.0356E-8	1	0	3.17363
2114	-43.5	-15.5	46.179	1075.896	9.40842	3.02	3.1	20.579	7.1192E-8	1	0	3.19809
2115	-43.5	-14.5	45.853	1076.513	9.46573	3.02	3.1	20.253	7.2043E-8	1	0	3.22112
2116	-43.5	-13.5	45.547	1077.127	9.52308	3.02	3.1	19.947	7.2899E-8	1	0	3.24273
2117	-43.5	-12.5	45.26	1077.732	9.57983	3.02	3.1	19.66	7.3752E-8	1	0	3.2629
2118	-43.5	-11.5	44.994	1078.321	9.63535	3.02	3.1	19.394	7.459E-8	1	0	3.2816
2119	-43.5	-10.5	44.749	1078.887	9.68899	3.02	3.1	19.149	7.5404E-8	1	0	3.29883
2120	-43.5	-9.5	44.525	1079.425	9.74013	3.02	3.1	18.925	7.6185E-8	1	0	3.31457
2121	-43.5	-8.5	44.323	1079.928	9.78816	3.02	3.1	18.723	7.6921E-8	1	0	3.3288
2122	-43.5	-7.5	44.142	1080.39	9.83249	3.02	3.1	18.542	7.7604E-8	1	0	3.34151
2123	-43.5	-6.5	43.983	1080.807	9.87259	3.02	3.1	18.383	7.8224E-8	1	0	3.35267
2124	-43.5	-5.5	43.846	1081.174	9.90795	3.02	3.1	18.246	7.8773E-8	1	0	3.36228
2125	-43.5	-4.5	43.732	1081.486	9.93814	3.02	3.1	18.132	7.9243E-8	1	0	3.37032
2126	-43.5	-3.5	43.641	1081.74	9.96277	3.02	3.1	18.041	7.9628E-8	1	0	3.37676
2127	-43.5	-2.5	43.572	1081.933	9.98153	3.02	3.1	17.972	7.9921E-8	1	0	3.38161
2128	-43.5	-1.5	43.526	1082.062	9.99417	3.02	3.1	17.926	8.0119E-8	1	0	3.38484
2129	-43.5	-0.5	43.503	1082.128	10.00053	3.02	3.1	17.903	8.0219E-8	1	0	3.38646
2130	-43.5	0.5	43.503	1082.128	10.00053	3.02	3.1	17.903	8.0219E-8	1	0	3.38646
2131	-43.5	1.5	43.526	1082.062	9.99417	3.02	3.1	17.926	8.0119E-8	1	0	3.38484
2132	-43.5	2.5	43.572	1081.933	9.98153	3.02	3.1	17.972	7.9921E-8	1	0	3.38161
2133	-43.5	3.5	43.641	1081.74	9.96277	3.02	3.1	18.041	7.9628E-8	1	0	3.37676
2134	-43.5	4.5	43.732	1081.486	9.93814	3.02	3.1	18.132	7.9243E-8	1	0	3.37032
2135	-43.5	5.5	43.846	1081.174	9.90795	3.02	3.1	18.246	7.8773E-8	1	0	3.36228
2136	-43.5	6.5	43.983	1080.807	9.87259	3.02	3.1	18.383	7.8224E-8	1	0	3.35267
2137	-43.5	7.5	44.142	1080.39	9.83249	3.02	3.1	18.542	7.7604E-8	1	0	3.34151
2138	-43.5	8.5	44.323	1079.928	9.78816	3.02	3.1	18.723	7.6921E-8	1	0	3.3288
2139	-43.5	9.5	44.525	1079.425	9.74013	3.02	3.1	18.925	7.6185E-8	1	0	3.31457
2140	-43.5	10.5	44.749	1078.887	9.68899	3.02	3.1	19.149	7.5404E-8	1	0	3.29883
2141	-43.5	11.5	44.994	1078.321	9.63535	3.02	3.1	19.394	7.459E-8	1	0	3.2816
2142	-43.5	12.5	45.26	1077.732	9.57983	3.02	3.1	19.66	7.3752E-8	1	0	3.2629
2143	-43.5	13.5	45.547	1077.127	9.52308	3.02	3.1	19.947	7.2899E-8	1	0	3.24273
2144	-43.5	14.5	45.853	1076.513	9.46573	3.02	3.1	20.253	7.2043E-8	1	0	3.22112
2145	-43.5	15.5	46.179	1075.896	9.40842	3.02	3.1	20.579	7.1192E-8	1	0	3.19809
2146	-43.5	16.5	46.524	1075.284	9.35177	3.02	3.1	20.924	7.0356E-8	1	0	3.17363
2147	-43.5	17.5	46.888	1074.683	9.2964	3.02	3.1	21.288	6.9544E-8	1	0	3.14778
2148	-43.5	18.5	47.27	1074.099	9.24289	3.02	3.1	21.67	6.8763E-8	1	0	3.12055
2149	-43.5	19.5	47.671	1073.54	9.19178	3.02	3.1	22.071	6.8021E-8	1	0	3.09195
2150	-43.5	20.5	48.088	1073.01	9.1436	3.02	3.1	22.488	6.7325E-8	1	0	3.06202
2151	-43.5	21.5	48.523	1072.516	9.09883	3.02	3.1	22.923	6.6681E-8	1	0	3.03078
2152	-43.5	22.5	48.974	1072.063	9.0579	3.02	3.1	23.374	6.6096E-8	1	0	2.99827
2153	-43.5	23.5	49.442	1071.655	9.02121	3.02	3.1	23.842	6.5573E-8	1	0	2.96453
2154	-43.5	24.5	49.925	1071.297	8.98911	3.02	3.1	24.325	6.5117E-8	1	0	2.92961
2155	-43.5	25.5	50.423	1070.993	8.9619	3.02	3.1	24.823	6.4732E-8	1	0	2.89356
2156	-43.5	26.5	50.936	1070.746	8.93983	3.02	3.1	25.336	6.442E-8	1	0	2.85647
2157	-43.5	27.5	51.464	1070.559	8.9231	3.02	3.1	25.864	6.4185E-8	1	0	2.81839
2158	-43.5	28.5	52.005	1070.433	8.91186	3.02	3.1	26.405	6.4027E-8	1	0	2.77943
2159	-43.5	29.5	52.559	1070.369	8.90634	3.02	3.1	26.959	6.3949E-8	1	0	2.73963
2160	-42.5	-29.5	51.735	1073.951	8.84965	3.02	3.1	26.135	6.304E-8	1	0	2.8242
2161	-42.5	-28.5	51.171	1074.018	8.85573	3.02	3.1	25.571	6.3125E-8	1	0	2.86787
2162	-42.5	-27.5	50.621	1074.152	8.86813	3.02	3.1	25.021	6.3298E-8	1	0	2.91064
2163	-42.5	-26.5	50.085	1074.351	8.88659	3.02	3.1	24.485	6.3557E-8	1	0	2.95245
2164	-42.5	-25.5	49.563	1074.613	8.91095	3.02	3.1	23.963	6.3898E-8	1	0	2.9932
2165	-42.5	-24.5	49.056	1074.936	8.94099	3.02	3.1	23.456	6.4321E-8	1	0	3.03282
2166	-42.5	-23.5	48.564	1075.316	8.97645	3.02	3.1	22.964	6.4821E-8	1	0	3.07124
2167	-42.5	-22.5	48.088	1075.749	9.01698	3.02	3.1	22.488	6.5396E-8	1	0	3.10837
2168	-42.5	-21.5	47.629	1076.23	9.06223	3.02	3.1	22.029	6.604E-8	1	0	3.14419
2169	-42.5	-20.5	47.186	1076.754	9.11175	3.02	3.1	21.586	6.6749E-8	1	0	3.17863
2170	-42.5	-19.5	46.76	1077.317	9.16507	3.02	3.1	21.16	6.7516E-8	1	0	3.21166
2171	-42.5	-18.5	46.352	1077.911	9.22167	3.02	3.1	20.752	6.8335E-8	1	0	3.24326
2172	-42.5	-17.5	45.962	1078.53	9.28097	3.02	3.1	20.362	6.9198E-8	1	0	3.27338
2173	-42.5	-16.5	45.591	1079.169	9.34236	3.02	3.1	19.991	7.0097E-8	1	0	3.30202
2174	-42.5	-15.5	45.238	1079.818	9.40521	3.02	3.1	19.638	7.1023E-8	1	0	3.32915
2175	-42.5	-14.5	44.905	1080.473	9.46885	3.02	3.1	19.305	7.1967E-8	1	0	3.35475
2176	-42.5	-13.5	44.593	1081.125	9.53257	3.02	3.1	18.993	7.2919E-8	1	0	3.37881
2177	-42.5	-12.5	44.3	1081.767	9.59567	3.02	3.1	18.7	7.3867E-8	1	0	3.4013
2178	-42.5	-11.5	44.028	1082.391	9.65743	3.02	3.1	18.428	7.48E-8	1	0	3.4222
2179	-42.5	-10.5	43.778	1082.993	9.71714	3.02	3.1	18.178	7.5708E-8	1	0	3.4415
2180	-42.5	-9.5	43.549	1083.563	9.77411	3.02	3.1	17.949	7.658E-8	1	0	3.45915
2181	-42.5	-8.5	43.342	1084.097	9.82763	3.02	3.1	17.742	7.7403E-8	1	0	3.47515
2182	-42.5	-7.5	43.157	1084.587	9.87707	3.02	3.1	17.557	7.8167E-8	1	0	3.48946
2183	-42.5	-6.5	42.994	1085.029	9.92181	3.02	3.1	17.394	7.8862E-8	1	0	3.50205
2184	-42.5	-5.5	42.854	1085.418	9.96129	3.02	3.1	17.254	7.9477E-8	1	0	3.51291
2185	-42.5	-4.5	42.738	1085.748	9.995	3.02	3.1	17.138	8.0004E-8	1	0	3.522
2186	-42.5	-3.5	42.644	1086.018	10.02252	3.02	3.1	17.044	8.0436E-8	1	0	3.5293
2187	-42.5	-2.5	42.573	1086.222	10.04347	3.02	3.1	16.973	8.0766E-8	1	0	3.53479
2188	-42.5	-1.5	42.526	1086.36	10.0576	3.02	3.1	16.926	8.0988E-8	1	0	3.53846
2189	-42.5	-0.5	42.503	1086.429	10.06471	3.02	3.1	16.903	8.11E-8	1	0	3.5403
2190	-42.5	0.5	42.503	1086.429	10.06471	3.02	3.1	16.903	8.11E-8	1	0	3.5403
2191	-42.5	1.5	42.526	1086.36	10.0576	3.02	3.1	16.926	8.0988E-8	1	0	3.53846
2192	-42.5	2.5	42.573	1086.222	10.04347	3.02	3.1	16.973	8.0766E-8	1	0	3.53479
2193	-42.5	3.5	42.644	1086.018	10.02252	3.02	3.1	17.044	8.0436E-8	1	0	3.5293
2194	-42.5	4.5	42.738	1085.748	9.995	3.02	3.1	17.138	8.0004E-8	1	0	3.522
2195	-42.5	5.5	42.854	1085.418	9.96129	3.02	3.1	17.254	7.9477E-8	1	0	3.51291
2196	-42.5	6.5	42.994	1085.029	9.92181	3.02	3.1	17.394	7.8862E-8	1	0	3.50205
2197	-42.5	7.5	43.157	1084.587	9.87707	3.02	3.1	17.557	7.8167E-8	1	0	3.48946
2198	-42.5	8.5	43.342	1084.097	9.82763	3.02	3.1	17.742	7.7403E-8	1	0	3.47515
2199	-42.5	9.5	43.549	1083.563	9.77411	3.02	3.1	17.949	7.658E-8	1	0	3.45915
2200	-42.5	10.5	43.778	1082.993	9.71714	3.02	3.1	18.178	7.5708E-8	1	0	3.4415
2201	-42.5	11.5	44.028	1082.391	9.65743	3.02	3.1	18.428	7.48E-8	1	0	3.4222
2202	-42.5	12.5	44.3	1081.767	9.59567	3.02	3.1	18.7	7.3867E-8	1	0	3.4013
2203	-42.5	13.5	44.593	1081.125	9.53257	3.02	3.1	18.993	7.2919E-8	1	0	3.37881
2204	-42.5	14.5	44.905	1080.473	9.46885	3.02	3.1	19.305	7.1967E-8	1	0	3.35475
2205	-42.5	15.5	45.238	1079.818	9.40521	3.02	3.1	19.638	7.1023E-8	1	0	3.32915
2206	-42.5	16.5	45.591	1079.169	9.34236	3.02	3.1	19.991	7.0097E-8	1	0	3.30202
2207	-42.5	17.5	45.962	1078.53	9.28097	3.02	3.1	20.362	6.9198E-8	1	0	3.27338
2208	-42.5	18.5	46.352	1077.911	9.22167	3.02	3.1	20.752	6.8335E-8	1	0	3.24326
2209	-42.5	19.5	46.76	1077.317	9.16507	3.02	3.1	21.16	6.7516E-8	1	0	3.21166
2210	-42.5	20.5	47.186	1076.754	9.11175	3.02	3.1	21.586	6.6749E-8	1	0	3.17863
2211	-42.5	21.5	47.629	1076.23	9.06223	3.02	3.1	22.029	6.604E-8	1	0	3.14419
2212	-42.5	22.5	48.088	1075.749	9.01698	3.02	3.1	22.488	6.5396E-8	1	0	3.10837
2213	-42.5	23.5	48.564	1075.316	8.97645	3.02	3.1	22.964	6.4821E-8	1	0	3.07124
2214	-42.5	24.5	49.056	1074.936	8.94099	3.02	3.1	23.456	6.4321E-8	1	0	3.03282
2215	-42.5	25.5	49.563	1074.613	8.91095	3.02	3.1	23.963	6.3898E-8	1	0	2.9932
2216	-42.5	26.5	50.085	1074.351	8.88659	3.02	3.1	24.485	6.3557E-8	1	0	2.95245
2217	-42.5	27.5	50.621	1074.152	8.86813	3.02	3.1	25.021	6.3298E-8	1	0	2.91064
2218	-42.5	28.5	51.171	1074.018	8.85573	3.02	3.1	25.571	6.3125E-8	1	0	2.86787
2219	-42.5	29.5	51.735	1073.951	8.84965	3.02	3.1	26.135	6.304E-8	1	0	2.8242
2220	-41.5	-29.5	50.917	1077.311	8.78715	3.02	3.1	25.317	6.2063E-8	1	0	2.91575
2221	-41.5	-28.5	50.344	1077.383	8.79383	3.02	3.1	24.744	6.2155E-8	1	0	2.96377
2222	-41.5	-27.5	49.785	1077.525	8.8075	3.02	3.1	24.185	6.2345E-8	1	0	3.01082
2223	-41.5	-26.5	49.239	1077.736	8.82785	3.02	3.1	23.639	6.2628E-8	1	0	3.05684
2224	-41.5	-25.5	48.708	1078.014	8.85472	3.02	3.1	23.108	6.3002E-8	1	0	3.10173
2225	-41.5	-24.5	48.192	1078.355	8.88787	3.02	3.1	22.592	6.3465E-8	1	0	3.14541
2226	-41.5	-23.5	47.692	1078.758	8.927	3.02	3.1	22.092	6.4014E-8	1	0	3.18778
2227	-41.5	-22.5	47.207	1079.216	8.97177	3.02	3.1	21.607	6.4645E-8	1	0	3.22878
2228	-41.5	-21.5	46.739	1079.726	9.02176	3.02	3.1	21.139	6.5353E-8	1	0	3.26836
2229	-41.5	-20.5	46.287	1080.282	9.07652	3.02	3.1	20.687	6.6133E-8	1	0	3.30646
2230	-41.5	-19.5	45.853	1080.878	9.13551	3.02	3.1	20.253	6.6978E-8	1	0	3.34306
2231	-41.5	-18.5	45.437	1081.508	9.19817	3.02	3.1	19.837	6.7881E-8	1	0	3.3781
2232	-41.5	-17.5	45.039	1082.164	9.26386	3.02	3.1	19.439	6.8835E-8	1	0	3.41158
2233	-41.5	-16.5	44.66	1082.84	9.33193	3.02	3.1	19.06	6.983E-8	1	0	3.44346
2234	-41.5	-15.5	44.3	1083.528	9.40166	3.02	3.1	18.7	7.0856E-8	1	0	3.47372
2235	-41.5	-14.5	43.96	1084.221	9.47231	3.02	3.1	18.36	7.1903E-8	1	0	3.50234
2236	-41.5	-13.5	43.641	1084.912	9.54311	3.02	3.1	18.041	7.296E-8	1	0	3.52929
2237	-41.5	-12.5	43.342	1085.591	9.61327	3.02	3.1	17.742	7.4015E-8	1	0	3.55454
2238	-41.5	-11.5	43.064	1086.253	9.682	3.02	3.1	17.464	7.5056E-8	1	0	3.57807
2239	-41.5	-10.5	42.808	1086.889	9.74849	3.02	3.1	17.208	7.6069E-8	1	0	3.59984
2240	-41.5	-9.5	42.573	1087.493	9.81196	3.02	3.1	16.973	7.7043E-8	1	0	3.61982
2241	-41.5	-8.5	42.362	1088.057	9.87164	3.02	3.1	16.762	7.7964E-8	1	0	3.63795
2242	-41.5	-7.5	42.172	1088.576	9.9268	3.02	3.1	16.572	7.882E-8	1	0	3.65421
2243	-41.5	-6.5	42.006	1089.043	9.97675	3.02	3.1	16.406	7.9599E-8	1	0	3.66856
2244	-41.5	-5.5	41.863	1089.454	10.02084	3.02	3.1	16.263	8.0289E-8	1	0	3.68094
2245	-41.5	-4.5	41.743	1089.804	10.05851	3.02	3.1	16.143	8.0882E-8	1	0	3.69132
2246	-41.5	-3.5	41.647	1090.089	10.08927	3.02	3.1	16.047	8.1367E-8	1	0	3.69968
2247	-41.5	-2.5	41.575	1090.305	10.1127	3.02	3.1	15.975	8.1738E-8	1	0	3.70597
2248	-41.5	-1.5	41.527	1090.45	10.1285	3.02	3.1	15.927	8.1988E-8	1	0	3.71018
2249	-41.5	-0.5	41.503	1090.523	10.13646	3.02	3.1	15.903	8.2115E-8	1	0	3.71229
2250	-41.5	0.5	41.503	1090.523	10.13646	3.02	3.1	15.903	8.2115E-8	1	0	3.71229
2251	-41.5	1.5	41.527	1090.45	10.1285	3.02	3.1	15.927	8.1988E-8	1	0	3.71018
2252	-41.5	2.5	41.575	1090.305	10.1127	3.02	3.1	15.975	8.1738E-8	1	0	3.70597
2253	-41.5	3.5	41.647	1090.089	10.08927	3.02	3.1	16.047	8.1367E-8	1	0	3.69968
2254	-41.5	4.5	41.743	1089.804	10.05851	3.02	3.1	16.143	8.0882E-8	1	0	3.69132
2255	-41.5	5.5	41.863	1089.454	10.02084	3.02	3.1	16.263	8.0289E-8	1	0	3.68094
2256	-41.5	6.5	42.006	1089.043	9.97675	3.02	3.1	16.406	7.9599E-8	1	0	3.66856
2257	-41.5	7.5	42.172	1088.576	9.9268	3.02	3.1	16.572	7.882E-8	1	0	3.65421
2258	-41.5	8.5	42.362	1088.057	9.87164	3.02	3.1	16.762	7.7964E-8	1	0	3.63795
2259	-41.5	9.5	42.573	1087.493	9.81196	3.02	3.1	16.973	7.7043E-8	1	0	3.61982
2260	-41.5	10.5	42.808	1086.889	9.74849	3.02	3.1	17.208	7.6069E-8	1	0	3.59984
2261	-41.5	11.5	43.064	1086.253	9.682	3.02	3.1	17.464	7.5056E-8	1	0	3.57807
2262	-41.5	12.5	43.342	1085.591	9.61327	3.02	3.1	17.742	7.4015E-8	1	0	3.55454
2263	-41.5	13.5	43.641	1084.912	9.54311	3.02	3.1	18.041	7.296E-8	1	0	3.52929
2264	-41.5	14.5	43.96	1084.221	9.47231	3.02	3.1	18.36	7.1903E-8	1	0	3.50234
2265	-41.5	15.5	44.3	1083.528	9.40166	3.02	3.1	18.7	7.0856E-8	1	0	3.47372
2266	-41.5	16.5	44.66	1082.84	9.33193	3.02	3.1	19.06	6.983E-8	1	0	3.44346
2267	-41.5	17.5	45.039	1082.164	9.26386	3.02	3.1	19.439	6.8835E-8	1	0	3.41158
2268	-41.5	18.5	45.437	1081.508	9.19817	3.02	3.1	19.837	6.7881E-8	1	0	3.3781
2269	-41.5	19.5	45.853	1080.878	9.13551	3.02	3.1	20.253	6.6978E-8	1	0	3.34306
2270	-41.5	20.5	46.287	1080.282	9.07652	3.02	3.1	20.687	6.6133E-8	1	0	3.30646
2271	-41.5	21.5	46.739	1079.726	9.02176	3.02	3.1	21.139	6.5353E-8	1	0	3.26836
2272	-41.5	22.5	47.207	1079.216	8.97177	3.02	3.1	21.607	6.4645E-8	1	0	3.22878
2273	-41.5	23.5	47.692	1078.758	8.927	3.02	3.1	22.092	6.4014E-8	1	0	3.18778
2274	-41.5	24.5	48.192	1078.355	8.88787	3.02	3.1	22.592	6.3465E-8	1	0	3.14541
2275	-41.5	25.5	48.708	1078.014	8.85472	3.02	3.1	23.108	6.3002E-8	1	0	3.10173
2276	-41.5	26.5	49.239	1077.736	8.82785	3.02	3.1	23.639	6.2628E-8	1	0	3.05684
2277	-41.5	27.5	49.785	1077.525	8.8075	3.02	3.1	24.185	6.2345E-8	1	0	3.01082
2278	-41.5	28.5	50.344	1077.383	8.79383	3.02	3.1	24.744	6.2155E-8	1	0	2.96377
2279	-41.5	29.5	50.917	1077.311	8.78715	3.02	3.1	25.317	6.2063E-8	1	0	2.91575
2280	-40.5	-29.5	50.105	1080.454	8.71828	3.02	3.1	24.505	6.1011E-8	1	0	3.01515
2281	-40.5	-28.5	49.523	1080.529	8.72561	3.02	3.1	23.923	6.1111E-8	1	0	3.06808
2282	-40.5	-27.5	48.954	1080.679	8.74067	3.02	3.1	23.354	6.1318E-8	1	0	3.11996
2283	-40.5	-26.5	48.399	1080.903	8.76309	3.02	3.1	22.799	6.1628E-8	1	0	3.17075
2284	-40.5	-25.5	47.859	1081.197	8.79271	3.02	3.1	22.259	6.2037E-8	1	0	3.22033
2285	-40.5	-24.5	47.334	1081.558	8.82925	3.02	3.1	21.734	6.2544E-8	1	0	3.26861
2286	-40.5	-23.5	46.824	1081.984	8.87242	3.02	3.1	21.224	6.3145E-8	1	0	3.31549
2287	-40.5	-22.5	46.33	1082.469	8.92183	3.02	3.1	20.73	6.3837E-8	1	0	3.36091
2288	-40.5	-21.5	45.853	1083.008	8.97704	3.02	3.1	20.253	6.4615E-8	1	0	3.4048
2289	-40.5	-20.5	45.393	1083.596	9.03755	3.02	3.1	19.793	6.5472E-8	1	0	3.44713
2290	-40.5	-19.5	44.95	1084.226	9.10279	3.02	3.1	19.35	6.6403E-8	1	0	3.48783
2291	-40.5	-18.5	44.525	1084.892	9.17214	3.02	3.1	18.925	6.7399E-8	1	0	3.5269
2292	-40.5	-17.5	44.119	1085.586	9.24491	3.02	3.1	18.519	6.8452E-8	1	0	3.56428
2293	-40.5	-16.5	43.732	1086.3	9.32036	3.02	3.1	18.132	6.9552E-8	1	0	3.59997
2294	-40.5	-15.5	43.365	1087.028	9.39772	3.02	3.1	17.765	7.0689E-8	1	0	3.63392
2295	-40.5	-14.5	43.017	1087.76	9.47616	3.02	3.1	17.417	7.1851E-8	1	0	3.66612
2296	-40.5	-13.5	42.691	1088.489	9.55483	3.02	3.1	17.091	7.3026E-8	1	0	3.69652
2297	-40.5	-12.5	42.385	1089.207	9.63285	3.02	3.1	16.785	7.42E-8	1	0	3.7251
2298	-40.5	-11.5	42.101	1089.905	9.70934	3.02	3.1	16.501	7.5361E-8	1	0	3.7518
2299	-40.5	-10.5	41.839	1090.576	9.7834	3.02	3.1	16.239	7.6492E-8	1	0	3.77659
2300	-40.5	-9.5	41.599	1091.213	9.85415	3.02	3.1	15.999	7.7581E-8	1	0	3.79939
2301	-40.5	-8.5	41.382	1091.809	9.92073	3.02	3.1	15.782	7.8613E-8	1	0	3.82016
2302	-40.5	-7.5	41.189	1092.356	9.9823	3.02	3.1	15.589	7.9573E-8	1	0	3.83883
2303	-40.5	-6.5	41.018	1092.849	10.03809	3.02	3.1	15.418	8.0447E-8	1	0	3.85534
2304	-40.5	-5.5	40.872	1093.282	10.08737	3.02	3.1	15.272	8.1224E-8	1	0	3.86963
2305	-40.5	-4.5	40.749	1093.65	10.1295	3.02	3.1	15.149	8.189E-8	1	0	3.88164
2306	-40.5	-3.5	40.651	1093.95	10.1639	3.02	3.1	15.051	8.2437E-8	1	0	3.89132
2307	-40.5	-2.5	40.577	1094.178	10.19013	3.02	3.1	14.977	8.2855E-8	1	0	3.89862
2308	-40.5	-1.5	40.528	1094.331	10.20781	3.02	3.1	14.928	8.3137E-8	1	0	3.9035
2309	-40.5	-0.5	40.503	1094.408	10.21672	3.02	3.1	14.903	8.3279E-8	1	0	3.90595
2310	-40.5	0.5	40.503	1094.408	10.21672	3.02	3.1	14.903	8.3279E-8	1	0	3.90595
2311	-40.5	1.5	40.528	1094.331	10.20781	3.02	3.1	14.928	8.3137E-8	1	0	3.9035
2312	-40.5	2.5	40.577	1094.178	10.19013	3.02	3.1	14.977	8.2855E-8	1	0	3.89862
2313	-40.5	3.5	40.651	1093.95	10.1639	3.02	3.1	15.051	8.2437E-8	1	0	3.89132
2314	-40.5	4.5	40.749	1093.65	10.1295	3.02	3.1	15.149	8.189E-8	1	0	3.88164
2315	-40.5	5.5	40.872	1093.282	10.08737	3.02	3.1	15.272	8.1224E-8	1	0	3.86963
2316	-40.5	6.5	41.018	1092.849	10.03809	3.02	3.1	15.418	8.0447E-8	1	0	3.85534
2317	-40.5	7.5	41.189	1092.356	9.9823	3.02	3.1	15.589	7.9573E-8	1	0	3.83883
2318	-40.5	8.5	41.382	1091.809	9.92073	3.02	3.1	15.782	7.8613E-8	1	0	3.82016
2319	-40.5	9.5	41.599	1091.213	9.85415	3.02	3.1	15.999	7.7581E-8	1	0	3.79939
2320	-40.5	10.5	41.839	1090.576	9.7834	3.02	3.1	16.239	7.6492E-8	1	0	3.77659
2321	-40.5	11.5	42.101	1089.905	9.70934	3.02	3.1	16.501	7.5361E-8	1	0	3.7518
2322	-40.5	12.5	42.385	1089.207	9.63285	3.02	3.1	16.785	7.42E-8	1	0	3.7251
2323	-40.5	13.5	42.691	1088.489	9.55483	3.02	3.1	17.091	7.3026E-8	1	0	3.69652
2324	-40.5	14.5	43.017	1087.76	9.47616	3.02	3.1	17.417	7.1851E-8	1	0	3.66612
2325	-40.5	15.5	43.365	1087.028	9.39772	3.02	3.1	17.765	7.0689E-8	1	0	3.63392
2326	-40.5	16.5	43.732	1086.3	9.32036	3.02	3.1	18.132	6.9552E-8	1	0	3.59997
2327	-40.5	17.5	44.119	1085.586	9.24491	3.02	3.1	18.519	6.8452E-8	1	0	3.56428
2328	-40.5	18.5	44.525	1084.892	9.17214	3.02	3.1	18.925	6.7399E-8	1	0	3.5269
2329	-40.5	19.5	44.95	1084.226	9.10279	3.02	3.1	19.35	6.6403E-8	1	0	3.48783
2330	-40.5	20.5	45.393	1083.596	9.03755	3.02	3.1	19.793	6.5472E-8	1	0	3.44713
2331	-40.5	21.5	45.853	1083.008	8.97704	3.02	3.1	20.253	6.4615E-8	1	0	3.4048
2332	-40.5	22.5	46.33	1082.469	8.92183	3.02	3.1	20.73	6.3837E-8	1	0	3.36091
2333	-40.5	23.5	46.824	1081.984	8.87242	3.02	3.1	21.224	6.3145E-8	1	0	3.31549
2334	-40.5	24.5	47.334	1081.558	8.82925	3.02	3.1	21.734	6.2544E-8	1	0	3.26861
2335	-40.5	25.5	47.859	1081.197	8.79271	3.02	3.1	22.259	6.2037E-8	1	0	3.22033
2336	-40.5	26.5	48.399	1080.903	8.76309	3.02	3.1	22.799	6.1628E-8	1	0	3.17075
2337	-40.5	27.5	48.954	1080.679	8.74067	3.02	3.1	23.354	6.1318E-8	1	0	3.11996
2338	-40.5	28.5	49.523	1080.529	8.72561	3.02	3.1	23.923	6.1111E-8	1	0	3.06808
2339	-40.5	29.5	50.105	1080.454	8.71828	3.02	3.1	24.505	6.1011E-8	1	0	3.01515
2340	-39.5	-29.5	49.3	1083.382	8.64245	3.02	3.1	23.7	5.9878E-8	1	0	3.1234
2341	-39.5	-28.5	48.708	1083.461	8.65049	3.02	3.1	23.108	5.9988E-8	1	0	3.18189
2342	-39.5	-27.5	48.13	1083.62	8.66706	3.02	3.1	22.53	6.0213E-8	1	0	3.23925
2343	-39.5	-26.5	47.566	1083.856	8.69175	3.02	3.1	21.966	6.0551E-8	1	0	3.29546
2344	-39.5	-25.5	47.016	1084.166	8.72436	3.02	3.1	21.416	6.0998E-8	1	0	3.35037
2345	-39.5	-24.5	46.481	1084.548	8.76462	3.02	3.1	20.881	6.1552E-8	1	0	3.4039
2346	-39.5	-23.5	45.962	1084.997	8.81221	3.02	3.1	20.362	6.221E-8	1	0	3.45595
2347	-39.5	-22.5	45.459	1085.509	8.8667	3.02	3.1	19.859	6.2968E-8	1	0	3.50644
2348	-39.5	-21.5	44.972	1086.078	8.92765	3.02	3.1	19.372	6.3821E-8	1	0	3.55531
2349	-39.5	-20.5	44.503	1086.699	8.99448	3.02	3.1	18.903	6.4762E-8	1	0	3.60252
2350	-39.5	-19.5	44.051	1087.363	9.0666	3.02	3.1	18.451	6.5786E-8	1	0	3.64802
2351	-39.5	-18.5	43.618	1088.066	9.14333	3.02	3.1	18.018	6.6884E-8	1	0	3.69178
2352	-39.5	-17.5	43.203	1088.797	9.2239	3.02	3.1	17.603	6.8046E-8	1	0	3.73376
2353	-39.5	-16.5	42.808	1089.551	9.30753	3.02	3.1	17.208	6.9263E-8	1	0	3.77395
2354	-39.5	-15.5	42.432	1090.317	9.39334	3.02	3.1	16.832	7.0522E-8	1	0	3.81231
2355	-39.5	-14.5	42.077	1091.089	9.48043	3.02	3.1	16.477	7.1812E-8	1	0	3.8488
2356	-39.5	-13.5	41.743	1091.857	9.56786	3.02	3.1	16.143	7.3118E-8	1	0	3.88339
2357	-39.5	-12.5	41.431	1092.613	9.65464	3.02	3.1	15.831	7.4426E-8	1	0	3.91601
2358	-39.5	-11.5	41.14	1093.348	9.73979	3.02	3.1	15.54	7.5721E-8	1	0	3.94661
2359	-39.5	-10.5	40.872	1094.054	9.82231	3.02	3.1	15.272	7.6985E-8	1	0	3.97511
2360	-39.5	-9.5	40.626	1094.724	9.9012	3.02	3.1	15.026	7.8204E-8	1	0	4.00143
2361	-39.5	-8.5	40.404	1095.35	9.9755	3.02	3.1	14.804	7.9361E-8	1	0	4.02548
2362	-39.5	-7.5	40.206	1095.925	10.04428	3.02	3.1	14.606	8.0439E-8	1	0	4.04718
2363	-39.5	-6.5	40.031	1096.443	10.10663	3.02	3.1	14.431	8.1422E-8	1	0	4.06643
2364	-39.5	-5.5	39.881	1096.897	10.16175	3.02	3.1	14.281	8.2296E-8	1	0	4.08313
2365	-39.5	-4.5	39.756	1097.284	10.20889	3.02	3.1	14.156	8.3048E-8	1	0	4.0972
2366	-39.5	-3.5	39.655	1097.598	10.24742	3.02	3.1	14.055	8.3664E-8	1	0	4.10857
2367	-39.5	-2.5	39.579	1097.837	10.27679	3.02	3.1	13.979	8.4136E-8	1	0	4.11715
2368	-39.5	-1.5	39.528	1097.998	10.29661	3.02	3.1	13.928	8.4455E-8	1	0	4.12291
2369	-39.5	-0.5	39.503	1098.079	10.30658	3.02	3.1	13.903	8.4615E-8	1	0	4.12579
2370	-39.5	0.5	39.503	1098.079	10.30658	3.02	3.1	13.903	8.4615E-8	1	0	4.12579
2371	-39.5	1.5	39.528	1097.998	10.29661	3.02	3.1	13.928	8.4455E-8	1	0	4.12291
2372	-39.5	2.5	39.579	1097.837	10.27679	3.02	3.1	13.979	8.4136E-8	1	0	4.11715
2373	-39.5	3.5	39.655	1097.598	10.24742	3.02	3.1	14.055	8.3664E-8	1	0	4.10857
2374	-39.5	4.5	39.756	1097.284	10.20889	3.02	3.1	14.156	8.3048E-8	1	0	4.0972
2375	-39.5	5.5	39.881	1096.897	10.16175	3.02	3.1	14.281	8.2296E-8	1	0	4.08313
2376	-39.5	6.5	40.031	1096.443	10.10663	3.02	3.1	14.431	8.1422E-8	1	0	4.06643
2377	-39.5	7.5	40.206	1095.925	10.04428	3.02	3.1	14.606	8.0439E-8	1	0	4.04718
2378	-39.5	8.5	40.404	1095.35	9.9755	3.02	3.1	14.804	7.9361E-8	1	0	4.02548
2379	-39.5	9.5	40.626	1094.724	9.9012	3.02	3.1	15.026	7.8204E-8	1	0	4.00143
2380	-39.5	10.5	40.872	1094.054	9.82231	3.02	3.1	15.272	7.6985E-8	1	0	3.97511
2381	-39.5	11.5	41.14	1093.348	9.73979	3.02	3.1	15.54	7.5721E-8	1	0	3.94661
2382	-39.5	12.5	41.431	1092.613	9.65464	3.02	3.1	15.831	7.4426E-8	1	0	3.91601
2383	-39.5	13.5	41.743	1091.857	9.56786	3.02	3.1	16.143	7.3118E-8	1	0	3.88339
2384	-39.5	14.5	42.077	1091.089	9.48043	3.02	3.1	16.477	7.1812E-8	1	0	3.8488
2385	-39.5	15.5	42.432	1090.317	9.39334	3.02	3.1	16.832	7.0522E-8	1	0	3.81231
2386	-39.5	16.5	42.808	1089.551	9.30753	3.02	3.1	17.208	6.9263E-8	1	0	3.77395
2387	-39.5	17.5	43.203	1088.797	9.2239	3.02	3.1	17.603	6.8046E-8	1	0	3.73376
2388	-39.5	18.5	43.618	1088.066	9.14333	3.02	3.1	18.018	6.6884E-8	1	0	3.69178
2389	-39.5	19.5	44.051	1087.363	9.0666	3.02	3.1	18.451	6.5786E-8	1	0	3.64802
2390	-39.5	20.5	44.503	1086.699	8.99448	3.02	3.1	18.903	6.4762E-8	1	0	3.60252
2391	-39.5	21.5	44.972	1086.078	8.92765	3.02	3.1	19.372	6.3821E-8	1	0	3.55531
2392	-39.5	22.5	45.459	1085.509	8.8667	3.02	3.1	19.859	6.2968E-8	1	0	3.50644
2393	-39.5	23.5	45.962	1084.997	8.81221	3.02	3.1	20.362	6.221E-8	1	0	3.45595
2394	-39.5	24.5	46.481	1084.548	8.76462	3.02	3.1	20.881	6.1552E-8	1	0	3.4039
2395	-39.5	25.5	47.016	1084.166	8.72436	3.02	3.1	21.416	6.0998E-8	1	0	3.35037
2396	-39.5	26.5	47.566	1083.856	8.69175	3.02	3.1	21.966	6.0551E-8	1	0	3.29546
2397	-39.5	27.5	48.13	1083.62	8.66706	3.02	3.1	22.53	6.0213E-8	1	0	3.23925
2398	-39.5	28.5	48.708	1083.461	8.65049	3.02	3.1	23.108	5.9988E-8	1	0	3.18189
2399	-39.5	29.5	49.3	1083.382	8.64245	3.02	3.1	23.7	5.9878E-8	1	0	3.1234
2400	-38.5	-29.5	48.503	1086.1	8.55905	3.02	3.1	22.903	5.8659E-8	1	0	3.24166
2401	-38.5	-28.5	47.901	1086.184	8.56786	3.02	3.1	22.301	5.8778E-8	1	0	3.30646
2402	-38.5	-27.5	47.313	1086.35	8.58607	3.02	3.1	21.713	5.9023E-8	1	0	3.37006
2403	-38.5	-26.5	46.739	1086.599	8.61322	3.02	3.1	21.139	5.9391E-8	1	0	3.43244
2404	-38.5	-25.5	46.179	1086.926	8.6491	3.02	3.1	20.579	5.9878E-8	1	0	3.49346
2405	-38.5	-24.5	45.634	1087.328	8.69341	3.02	3.1	20.034	6.0483E-8	1	0	3.55301
2406	-38.5	-23.5	45.105	1087.801	8.74582	3.02	3.1	19.505	6.1202E-8	1	0	3.611
2407	-38.5	-22.5	44.593	1088.34	8.80589	3.02	3.1	18.993	6.2031E-8	1	0	3.66735
2408	-38.5	-21.5	44.096	1088.94	8.87311	3.02	3.1	18.496	6.2965E-8	1	0	3.72201
2409	-38.5	-20.5	43.618	1089.593	8.9469	3.02	3.1	18.018	6.3998E-8	1	0	3.77491
2410	-38.5	-19.5	43.157	1090.293	9.02658	3.02	3.1	17.557	6.5124E-8	1	0	3.82603
2411	-38.5	-18.5	42.714	1091.032	9.11144	3.02	3.1	17.114	6.6332E-8	1	0	3.87533
2412	-38.5	-17.5	42.291	1091.801	9.20064	3.02	3.1	16.691	6.7615E-8	1	0	3.92278
2413	-38.5	-16.5	41.887	1092.594	9.2933	3.02	3.1	16.287	6.896E-8	1	0	3.96836
2414	-38.5	-15.5	41.503	1093.4	9.38849	3.02	3.1	15.903	7.0355E-8	1	0	4.01203
2415	-38.5	-14.5	41.14	1094.21	9.48518	3.02	3.1	15.54	7.1787E-8	1	0	4.05374
2416	-38.5	-13.5	40.798	1095.017	9.58234	3.02	3.1	15.198	7.3239E-8	1	0	4.09344
2417	-38.5	-12.5	40.478	1095.81	9.67888	3.02	3.1	14.878	7.4696E-8	1	0	4.13105
2418	-38.5	-11.5	40.181	1096.581	9.77369	3.02	3.1	14.581	7.6141E-8	1	0	4.16649
2419	-38.5	-10.5	39.906	1097.322	9.86567	3.02	3.1	14.306	7.7556E-8	1	0	4.19965
2420	-38.5	-9.5	39.655	1098.023	9.95369	3.02	3.1	14.055	7.8922E-8	1	0	4.23041
2421	-38.5	-8.5	39.427	1098.679	10.03666	3.02	3.1	13.827	8.022E-8	1	0	4.25864
2422	-38.5	-7.5	39.224	1099.28	10.11352	3.02	3.1	13.624	8.1432E-8	1	0	4.2842
2423	-38.5	-6.5	39.045	1099.822	10.18327	3.02	3.1	13.445	8.254E-8	1	0	4.30696
2424	-38.5	-5.5	38.891	1100.297	10.24497	3.02	3.1	13.291	8.3526E-8	1	0	4.32677
2425	-38.5	-4.5	38.762	1100.701	10.29778	3.02	3.1	13.162	8.4374E-8	1	0	4.34352
2426	-38.5	-3.5	38.659	1101.03	10.34095	3.02	3.1	13.059	8.5071E-8	1	0	4.35707
2427	-38.5	-2.5	38.581	1101.279	10.37389	3.02	3.1	12.981	8.5604E-8	1	0	4.36733
2428	-38.5	-1.5	38.529	1101.447	10.39611	3.02	3.1	12.929	8.5965E-8	1	0	4.37422
2429	-38.5	-0.5	38.503	1101.531	10.4073	3.02	3.1	12.903	8.6147E-8	1	0	4.37768
2430	-38.5	0.5	38.503	1101.531	10.4073	3.02	3.1	12.903	8.6147E-8	1	0	4.37768
2431	-38.5	1.5	38.529	1101.447	10.39611	3.02	3.1	12.929	8.5965E-8	1	0	4.37422
2432	-38.5	2.5	38.581	1101.279	10.37389	3.02	3.1	12.981	8.5604E-8	1	0	4.36733
2433	-38.5	3.5	38.659	1101.03	10.34095	3.02	3.1	13.059	8.5071E-8	1	0	4.35707
2434	-38.5	4.5	38.762	1100.701	10.29778	3.02	3.1	13.162	8.4374E-8	1	0	4.34352
2435	-38.5	5.5	38.891	1100.297	10.24497	3.02	3.1	13.291	8.3526E-8	1	0	4.32677
2436	-38.5	6.5	39.045	1099.822	10.18327	3.02	3.1	13.445	8.254E-8	1	0	4.30696
2437	-38.5	7.5	39.224	1099.28	10.11352	3.02	3.1	13.624	8.1432E-8	1	0	4.2842
2438	-38.5	8.5	39.427	1098.679	10.03666	3.02	3.1	13.827	8.022E-8	1	0	4.25864
2439	-38.5	9.5	39.655	1098.023	9.95369	3.02	3.1	14.055	7.8922E-8	1	0	4.23041
2440	-38.5	10.5	39.906	1097.322	9.86567	3.02	3.1	14.306	7.7556E-8	1	0	4.19965
2441	-38.5	11.5	40.181	1096.581	9.77369	3.02	3.1	14.581	7.6141E-8	1	0	4.16649
2442	-38.5	12.5	40.478	1095.81	9.67888	3.02	3.1	14.878	7.4696E-8	1	0	4.13105
2443	-38.5	13.5	40.798	1095.017	9.58234	3.02	3.1	15.198	7.3239E-8	1	0	4.09344
2444	-38.5	14.5	41.14	1094.21	9.48518	3.02	3.1	15.54	7.1787E-8	1	0	4.05374
2445	-38.5	15.5	41.503	1093.4	9.38849	3.02	3.1	15.903	7.0355E-8	1	0	4.01203
2446	-38.5	16.5	41.887	1092.594	9.2933	3.02	3.1	16.287	6.896E-8	1	0	3.96836
2447	-38.5	17.5	42.291	1091.801	9.20064	3.02	3.1	16.691	6.7615E-8	1	0	3.92278
2448	-38.5	18.5	42.714	1091.032	9.11144	3.02	3.1	17.114	6.6332E-8	1	0	3.87533
2449	-38.5	19.5	43.157	1090.293	9.02658	3.02	3.1	17.557	6.5124E-8	1	0	3.82603
2450	-38.5	20.5	43.618	1089.593	8.9469	3.02	3.1	18.018	6.3998E-8	1	0	3.77491
2451	-38.5	21.5	44.096	1088.94	8.87311	3.02	3.1	18.496	6.2965E-8	1	0	3.72201
2452	-38.5	22.5	44.593	1088.34	8.80589	3.02	3.1	18.993	6.2031E-8	1	0	3.66735
2453	-38.5	23.5	45.105	1087.801	8.74582	3.02	3.1	19.505	6.1202E-8	1	0	3.611
2454	-38.5	24.5	45.634	1087.328	8.69341	3.02	3.1	20.034	6.0483E-8	1	0	3.55301
2455	-38.5	25.5	46.179	1086.926	8.6491	3.02	3.1	20.579	5.9878E-8	1	0	3.49346
2456	-38.5	26.5	46.739	1086.599	8.61322	3.02	3.1	21.139	5.9391E-8	1	0	3.43244
2457	-38.5	27.5	47.313	1086.35	8.58607	3.02	3.1	21.713	5.9023E-8	1	0	3.37006
2458	-38.5	28.5	47.901	1086.184	8.56786	3.02	3.1	22.301	5.8778E-8	1	0	3.30646
2459	-38.5	29.5	48.503	1086.1	8.55905	3.02	3.1	22.903	5.8659E-8	1	0	3.24166
2460	-37.5	-29.5	47.713	1088.612	8.46741	3.02	3.1	22.113	5.7347E-8	1	0	3.37129
2461	-37.5	-28.5	47.101	1088.7	8.47704	3.02	3.1	21.501	5.7475E-8	1	0	3.44328
2462	-37.5	-27.5	46.503	1088.875	8.49704	3.02	3.1	20.903	5.7742E-8	1	0	3.51399
2463	-37.5	-26.5	45.918	1089.136	8.52687	3.02	3.1	20.318	5.8142E-8	1	0	3.58344
2464	-37.5	-25.5	45.349	1089.48	8.56629	3.02	3.1	19.749	5.8672E-8	1	0	3.65147
2465	-37.5	-24.5	44.794	1089.903	8.61503	3.02	3.1	19.194	5.9331E-8	1	0	3.71797
2466	-37.5	-23.5	44.255	1090.4	8.6727	3.02	3.1	18.655	6.0115E-8	1	0	3.78284
2467	-37.5	-22.5	43.732	1090.967	8.73885	3.02	3.1	18.132	6.102E-8	1	0	3.846
2468	-37.5	-21.5	43.226	1091.597	8.81294	3.02	3.1	17.626	6.2042E-8	1	0	3.90741
2469	-37.5	-20.5	42.738	1092.283	8.89434	3.02	3.1	17.138	6.3175E-8	1	0	3.96701
2470	-37.5	-19.5	42.267	1093.017	8.98235	3.02	3.1	16.667	6.4411E-8	1	0	4.02477
2471	-37.5	-18.5	41.815	1093.793	9.07616	3.02	3.1	16.215	6.5741E-8	1	0	4.08067
2472	-37.5	-17.5	41.382	1094.6	9.17488	3.02	3.1	15.782	6.7155E-8	1	0	4.13469
2473	-37.5	-16.5	40.97	1095.431	9.27754	3.02	3.1	15.37	6.8642E-8	1	0	4.18679
2474	-37.5	-15.5	40.577	1096.276	9.38311	3.02	3.1	14.977	7.0187E-8	1	0	4.23694
2475	-37.5	-14.5	40.206	1097.125	9.49047	3.02	3.1	14.606	7.1775E-8	1	0	4.28508
2476	-37.5	-13.5	39.856	1097.969	9.59845	3.02	3.1	14.256	7.3391E-8	1	0	4.33114
2477	-37.5	-12.5	39.528	1098.798	9.70587	3.02	3.1	13.928	7.5016E-8	1	0	4.37501
2478	-37.5	-11.5	39.224	1099.604	9.81147	3.02	3.1	13.624	7.663E-8	1	0	4.41656
2479	-37.5	-10.5	38.942	1100.377	9.91402	3.02	3.1	13.342	7.8214E-8	1	0	4.45565
2480	-37.5	-9.5	38.685	1101.109	10.01226	3.02	3.1	13.085	7.9746E-8	1	0	4.49211
2481	-37.5	-8.5	38.451	1101.792	10.10497	3.02	3.1	12.851	8.1206E-8	1	0	4.52573
2482	-37.5	-7.5	38.243	1102.419	10.19094	3.02	3.1	12.643	8.2571E-8	1	0	4.55632
2483	-37.5	-6.5	38.059	1102.982	10.26903	3.02	3.1	12.459	8.382E-8	1	0	4.58368
2484	-37.5	-5.5	37.901	1103.476	10.33816	3.02	3.1	12.301	8.4934E-8	1	0	4.60759
2485	-37.5	-4.5	37.769	1103.896	10.39737	3.02	3.1	12.169	8.5894E-8	1	0	4.62787
2486	-37.5	-3.5	37.663	1104.237	10.44581	3.02	3.1	12.063	8.6683E-8	1	0	4.64433
2487	-37.5	-2.5	37.583	1104.496	10.48277	3.02	3.1	11.983	8.7288E-8	1	0	4.65682
2488	-37.5	-1.5	37.53	1104.67	10.50772	3.02	3.1	11.93	8.7698E-8	1	0	4.66522
2489	-37.5	-0.5	37.503	1104.758	10.52029	3.02	3.1	11.903	8.7904E-8	1	0	4.66944
2490	-37.5	0.5	37.503	1104.758	10.52029	3.02	3.1	11.903	8.7904E-8	1	0	4.66944
2491	-37.5	1.5	37.53	1104.67	10.50772	3.02	3.1	11.93	8.7698E-8	1	0	4.66522
2492	-37.5	2.5	37.583	1104.496	10.48277	3.02	3.1	11.983	8.7288E-8	1	0	4.65682
2493	-37.5	3.5	37.663	1104.237	10.44581	3.02	3.1	12.063	8.6683E-8	1	0	4.64433
2494	-37.5	4.5	37.769	1103.896	10.39737	3.02	3.1	12.169	8.5894E-8	1	0	4.62787
2495	-37.5	5.5	37.901	1103.476	10.33816	3.02	3.1	12.301	8.4934E-8	1	0	4.60759
2496	-37.5	6.5	38.059	1102.982	10.26903	3.02	3.1	12.459	8.382E-8	1	0	4.58368
2497	-37.5	7.5	38.243	1102.419	10.19094	3.02	3.1	12.643	8.2571E-8	1	0	4.55632
2498	-37.5	8.5	38.451	1101.792	10.10497	3.02	3.1	12.851	8.1206E-8	1	0	4.52573
2499	-37.5	9.5	38.685	1101.109	10.01226	3.02	3.1	13.085	7.9746E-8	1	0	4.49211
2500	-37.5	10.5	38.942	1100.377	9.91402	3.02	3.1	13.342	7.8214E-8	1	0	4.45565
2501	-37.5	11.5	39.224	1099.604	9.81147	3.02	3.1	13.624	7.663E-8	1	0	4.41656
2502	-37.5	12.5	39.528	1098.798	9.70587	3.02	3.1	13.928	7.5016E-8	1	0	4.37501
2503	-37.5	13.5	39.856	1097.969	9.59845	3.02	3.1	14.256	7.3391E-8	1	0	4.33114
2504	-37.5	14.5	40.206	1097.125	9.49047	3.02	3.1	14.606	7.1775E-8	1	0	4.28508
2505	-37.5	15.5	40.577	1096.276	9.38311	3.02	3.1	14.977	7.0187E-8	1	0	4.23694
2506	-37.5	16.5	40.97	1095.431	9.27754	3.02	3.1	15.37	6.8642E-8	1	0	4.18679
2507	-37.5	17.5	41.382	1094.6	9.17488	3.02	3.1	15.782	6.7155E-8	1	0	4.13469
2508	-37.5	18.5	41.815	1093.793	9.07616	3.02	3.1	16.215	6.5741E-8	1	0	4.08067
2509	-37.5	19.5	42.267	1093.017	8.98235	3.02	3.1	16.667	6.4411E-8	1	0	4.02477
2510	-37.5	20.5	42.738	1092.283	8.89434	3.02	3.1	17.138	6.3175E-8	1	0	3.96701
2511	-37.5	21.5	43.226	1091.597	8.81294	3.02	3.1	17.626	6.2042E-8	1	0	3.90741
2512	-37.5	22.5	43.732	1090.967	8.73885	3.02	3.1	18.132	6.102E-8	1	0	3.846
2513	-37.5	23.5	44.255	1090.4	8.6727	3.02	3.1	18.655	6.0115E-8	1	0	3.78284
2514	-37.5	24.5	44.794	1089.903	8.61503	3.02	3.1	19.194	5.9331E-8	1	0	3.71797
2515	-37.5	25.5	45.349	1089.48	8.56629	3.02	3.1	19.749	5.8672E-8	1	0	3.65147
2516	-37.5	26.5	45.918	1089.136	8.52687	3.02	3.1	20.318	5.8142E-8	1	0	3.58344
2517	-37.5	27.5	46.503	1088.875	8.49704	3.02	3.1	20.903	5.7742E-8	1	0	3.51399
2518	-37.5	28.5	47.101	1088.7	8.47704	3.02	3.1	21.501	5.7475E-8	1	0	3.44328
2519	-37.5	29.5	47.713	1088.612	8.46741	3.02	3.1	22.113	5.7347E-8	1	0	3.37129
2520	-36.5	-29.5	46.931	1090.923	8.36684	3.02	3.1	21.331	5.5937E-8	1	0	3.51384
2521	-36.5	-28.5	46.309	1091.016	8.37735	3.02	3.1	20.709	5.6075E-8	1	0	3.59406
2522	-36.5	-27.5	45.7	1091.2	8.39929	3.02	3.1	20.1	5.6364E-8	1	0	3.67294
2523	-36.5	-26.5	45.105	1091.474	8.432	3.02	3.1	19.505	5.6798E-8	1	0	3.75052
2524	-36.5	-25.5	44.525	1091.834	8.47528	3.02	3.1	18.925	5.7373E-8	1	0	3.82664
2525	-36.5	-24.5	43.96	1092.278	8.52881	3.02	3.1	18.36	5.8089E-8	1	0	3.90118
2526	-36.5	-23.5	43.411	1092.799	8.59221	3.02	3.1	17.811	5.8942E-8	1	0	3.97406
2527	-36.5	-22.5	42.878	1093.393	8.66499	3.02	3.1	17.278	5.993E-8	1	0	4.0452
2528	-36.5	-21.5	42.362	1094.053	8.74659	3.02	3.1	16.762	6.1046E-8	1	0	4.11456
2529	-36.5	-20.5	41.863	1094.772	8.83634	3.02	3.1	16.263	6.2286E-8	1	0	4.18209
2530	-36.5	-19.5	41.382	1095.541	8.93348	3.02	3.1	15.782	6.3642E-8	1	0	4.24779
2531	-36.5	-18.5	40.921	1096.353	9.03715	3.02	3.1	15.321	6.5104E-8	1	0	4.31164
2532	-36.5	-17.5	40.478	1097.197	9.14637	3.02	3.1	14.878	6.6663E-8	1	0	4.37362
2533	-36.5	-16.5	40.056	1098.066	9.26009	3.02	3.1	14.456	6.8305E-8	1	0	4.43372
2534	-36.5	-15.5	39.655	1098.948	9.37716	3.02	3.1	14.055	7.0016E-8	1	0	4.49189
2535	-36.5	-14.5	39.275	1099.834	9.49636	3.02	3.1	13.675	7.178E-8	1	0	4.54805
2536	-36.5	-13.5	38.917	1100.713	9.61639	3.02	3.1	13.317	7.3577E-8	1	0	4.60213
2537	-36.5	-12.5	38.581	1101.577	9.73592	3.02	3.1	12.981	7.539E-8	1	0	4.65397
2538	-36.5	-11.5	38.269	1102.415	9.85357	3.02	3.1	12.669	7.7194E-8	1	0	4.70339
2539	-36.5	-10.5	37.98	1103.219	9.96796	3.02	3.1	12.38	7.8969E-8	1	0	4.75018
2540	-36.5	-9.5	37.716	1103.978	10.07767	3.02	3.1	12.116	8.069E-8	1	0	4.79409
2541	-36.5	-8.5	37.477	1104.686	10.18133	3.02	3.1	11.877	8.2333E-8	1	0	4.83483
2542	-36.5	-7.5	37.263	1105.335	10.27756	3.02	3.1	11.663	8.3873E-8	1	0	4.8721
2543	-36.5	-6.5	37.074	1105.918	10.36506	3.02	3.1	11.474	8.5286E-8	1	0	4.9056
2544	-36.5	-5.5	36.912	1106.428	10.4426	3.02	3.1	11.312	8.6547E-8	1	0	4.93501
2545	-36.5	-4.5	36.776	1106.861	10.50907	3.02	3.1	11.176	8.7636E-8	1	0	4.96006
2546	-36.5	-3.5	36.667	1107.213	10.56348	3.02	3.1	11.067	8.8532E-8	1	0	4.98046
2547	-36.5	-2.5	36.586	1107.48	10.60502	3.02	3.1	10.986	8.9219E-8	1	0	4.99599
2548	-36.5	-1.5	36.531	1107.659	10.63307	3.02	3.1	10.931	8.9685E-8	1	0	5.00645
2549	-36.5	-0.5	36.503	1107.749	10.64721	3.02	3.1	10.903	8.992E-8	1	0	5.01171
2550	-36.5	0.5	36.503	1107.749	10.64721	3.02	3.1	10.903	8.992E-8	1	0	5.01171
2551	-36.5	1.5	36.531	1107.659	10.63307	3.02	3.1	10.931	8.9685E-8	1	0	5.00645
2552	-36.5	2.5	36.586	1107.48	10.60502	3.02	3.1	10.986	8.9219E-8	1	0	4.99599
2553	-36.5	3.5	36.667	1107.213	10.56348	3.02	3.1	11.067	8.8532E-8	1	0	4.98046
2554	-36.5	4.5	36.776	1106.861	10.50907	3.02	3.1	11.176	8.7636E-8	1	0	4.96006
2555	-36.5	5.5	36.912	1106.428	10.4426	3.02	3.1	11.312	8.6547E-8	1	0	4.93501
2556	-36.5	6.5	37.074	1105.918	10.36506	3.02	3.1	11.474	8.5286E-8	1	0	4.9056
2557	-36.5	7.5	37.263	1105.335	10.27756	3.02	3.1	11.663	8.3873E-8	1	0	4.8721
2558	-36.5	8.5	37.477	1104.686	10.18133	3.02	3.1	11.877	8.2333E-8	1	0	4.83483
2559	-36.5	9.5	37.716	1103.978	10.07767	3.02	3.1	12.116	8.069E-8	1	0	4.79409
2560	-36.5	10.5	37.98	1103.219	9.96796	3.02	3.1	12.38	7.8969E-8	1	0	4.75018
2561	-36.5	11.5	38.269	1102.415	9.85357	3.02	3.1	12.669	7.7194E-8	1	0	4.70339
2562	-36.5	12.5	38.581	1101.577	9.73592	3.02	3.1	12.981	7.539E-8	1	0	4.65397
2563	-36.5	13.5	38.917	1100.713	9.61639	3.02	3.1	13.317	7.3577E-8	1	0	4.60213
2564	-36.5	14.5	39.275	1099.834	9.49636	3.02	3.1	13.675	7.178E-8	1	0	4.54805
2565	-36.5	15.5	39.655	1098.948	9.37716	3.02	3.1	14.055	7.0016E-8	1	0	4.49189
2566	-36.5	16.5	40.056	1098.066	9.26009	3.02	3.1	14.456	6.8305E-8	1	0	4.43372
2567	-36.5	17.5	40.478	1097.197	9.14637	3.02	3.1	14.878	6.6663E-8	1	0	4.37362
2568	-36.5	18.5	40.921	1096.353	9.03715	3.02	3.1	15.321	6.5104E-8	1	0	4.31164
2569	-36.5	19.5	41.382	1095.541	8.93348	3.02	3.1	15.782	6.3642E-8	1	0	4.24779
2570	-36.5	20.5	41.863	1094.772	8.83634	3.02	3.1	16.263	6.2286E-8	1	0	4.18209
2571	-36.5	21.5	42.362	1094.053	8.74659	3.02	3.1	16.762	6.1046E-8	1	0	4.11456
2572	-36.5	22.5	42.878	1093.393	8.66499	3.02	3.1	17.278	5.993E-8	1	0	4.0452
2573	-36.5	23.5	43.411	1092.799	8.59221	3.02	3.1	17.811	5.8942E-8	1	0	3.97406
2574	-36.5	24.5	43.96	1092.278	8.52881	3.02	3.1	18.36	5.8089E-8	1	0	3.90118
2575	-36.5	25.5	44.525	1091.834	8.47528	3.02	3.1	18.925	5.7373E-8	1	0	3.82664
2576	-36.5	26.5	45.105	1091.474	8.432	3.02	3.1	19.505	5.6798E-8	1	0	3.75052
2577	-36.5	27.5	45.7	1091.2	8.39929	3.02	3.1	20.1	5.6364E-8	1	0	3.67294
2578	-36.5	28.5	46.309	1091.016	8.37735	3.02	3.1	20.709	5.6075E-8	1	0	3.59406
2579	-36.5	29.5	46.931	1090.923	8.36684	3.02	3.1	21.331	5.5937E-8	1	0	3.51384
2580	-35.5	-29.5	46.157	1093.04	8.25661	3.02	3.1	20.557	5.4422E-8	1	0	3.67118
2581	-35.5	-28.5	45.525	1093.137	8.26805	3.02	3.1	19.925	5.4571E-8	1	0	3.76085
2582	-35.5	-27.5	44.905	1093.33	8.29207	3.02	3.1	19.305	5.4884E-8	1	0	3.84913
2583	-35.5	-26.5	44.3	1093.616	8.32792	3.02	3.1	18.7	5.5353E-8	1	0	3.9361
2584	-35.5	-25.5	43.709	1093.994	8.37536	3.02	3.1	18.109	5.5976E-8	1	0	4.0216
2585	-35.5	-24.5	43.134	1094.457	8.43409	3.02	3.1	17.534	5.6752E-8	1	0	4.10554
2586	-35.5	-23.5	42.573	1095.003	8.5037	3.02	3.1	16.973	5.7679E-8	1	0	4.1878
2587	-35.5	-22.5	42.03	1095.624	8.58369	3.02	3.1	16.43	5.8753E-8	1	0	4.26835
2588	-35.5	-21.5	41.503	1096.314	8.67348	3.02	3.1	15.903	5.9971E-8	1	0	4.34714
2589	-35.5	-20.5	40.994	1097.065	8.77236	3.02	3.1	15.394	6.1326E-8	1	0	4.42417
2590	-35.5	-19.5	40.503	1097.868	8.87952	3.02	3.1	14.903	6.2811E-8	1	0	4.49944
2591	-35.5	-18.5	40.031	1098.715	8.99402	3.02	3.1	14.431	6.4418E-8	1	0	4.57296
2592	-35.5	-17.5	39.579	1099.595	9.11482	3.02	3.1	13.979	6.6135E-8	1	0	4.64473
2593	-35.5	-16.5	39.147	1100.5	9.24076	3.02	3.1	13.547	6.7948E-8	1	0	4.71475
2594	-35.5	-15.5	38.736	1101.418	9.37058	3.02	3.1	13.136	6.9843E-8	1	0	4.78297
2595	-35.5	-14.5	38.347	1102.338	9.50293	3.02	3.1	12.747	7.1801E-8	1	0	4.84933
2596	-35.5	-13.5	37.98	1103.251	9.63636	3.02	3.1	12.38	7.3802E-8	1	0	4.91369
2597	-35.5	-12.5	37.636	1104.147	9.7694	3.02	3.1	12.036	7.5824E-8	1	0	4.97587
2598	-35.5	-11.5	37.316	1105.014	9.90052	3.02	3.1	11.716	7.7843E-8	1	0	5.03562
2599	-35.5	-10.5	37.02	1105.844	10.02816	3.02	3.1	11.42	7.9834E-8	1	0	5.09261
2600	-35.5	-9.5	36.749	1106.628	10.15075	3.02	3.1	11.149	8.177E-8	1	0	5.14647
2601	-35.5	-8.5	36.503	1107.357	10.26673	3.02	3.1	10.903	8.3623E-8	1	0	5.1968
2602	-35.5	-7.5	36.284	1108.024	10.37454	3.02	3.1	10.684	8.5363E-8	1	0	5.24315
2603	-35.5	-6.5	36.09	1108.622	10.4727	3.02	3.1	10.49	8.6963E-8	1	0	5.28505
2604	-35.5	-5.5	35.924	1109.145	10.55978	3.02	3.1	10.324	8.8395E-8	1	0	5.32204
2605	-35.5	-4.5	35.784	1109.588	10.63449	3.02	3.1	10.184	8.9633E-8	1	0	5.35369
2606	-35.5	-3.5	35.672	1109.948	10.69569	3.02	3.1	10.072	9.0654E-8	1	0	5.37957
2607	-35.5	-2.5	35.588	1110.22	10.74245	3.02	3.1	9.988	9.1437E-8	1	0	5.39934
2608	-35.5	-1.5	35.532	1110.403	10.77403	3.02	3.1	9.932	9.1968E-8	1	0	5.41269
2609	-35.5	-0.5	35.504	1110.495	10.78994	3.02	3.1	9.904	9.2236E-8	1	0	5.41942
2610	-35.5	0.5	35.504	1110.495	10.78994	3.02	3.1	9.904	9.2236E-8	1	0	5.41942
2611	-35.5	1.5	35.532	1110.403	10.77403	3.02	3.1	9.932	9.1968E-8	1	0	5.41269
2612	-35.5	2.5	35.588	1110.22	10.74245	3.02	3.1	9.988	9.1437E-8	1	0	5.39934
2613	-35.5	3.5	35.672	1109.948	10.69569	3.02	3.1	10.072	9.0654E-8	1	0	5.37957
2614	-35.5	4.5	35.784	1109.588	10.63449	3.02	3.1	10.184	8.9633E-8	1	0	5.35369
2615	-35.5	5.5	35.924	1109.145	10.55978	3.02	3.1	10.324	8.8395E-8	1	0	5.32204
2616	-35.5	6.5	36.09	1108.622	10.4727	3.02	3.1	10.49	8.6963E-8	1	0	5.28505
2617	-35.5	7.5	36.284	1108.024	10.37454	3.02	3.1	10.684	8.5363E-8	1	0	5.24315
2618	-35.5	8.5	36.503	1107.357	10.26673	3.02	3.1	10.903	8.3623E-8	1	0	5.1968
2619	-35.5	9.5	36.749	1106.628	10.15075	3.02	3.1	11.149	8.177E-8	1	0	5.14647
2620	-35.5	10.5	37.02	1105.844	10.02816	3.02	3.1	11.42	7.9834E-8	1	0	5.09261
2621	-35.5	11.5	37.316	1105.014	9.90052	3.02	3.1	11.716	7.7843E-8	1	0	5.03562
2622	-35.5	12.5	37.636	1104.147	9.7694	3.02	3.1	12.036	7.5824E-8	1	0	4.97587
2623	-35.5	13.5	37.98	1103.251	9.63636	3.02	3.1	12.38	7.3802E-8	1	0	4.91369
2624	-35.5	14.5	38.347	1102.338	9.50293	3.02	3.1	12.747	7.1801E-8	1	0	4.84933
2625	-35.5	15.5	38.736	1101.418	9.37058	3.02	3.1	13.136	6.9843E-8	1	0	4.78297
2626	-35.5	16.5	39.147	1100.5	9.24076	3.02	3.1	13.547	6.7948E-8	1	0	4.71475
2627	-35.5	17.5	39.579	1099.595	9.11482	3.02	3.1	13.979	6.6135E-8	1	0	4.64473
2628	-35.5	18.5	40.031	1098.715	8.99402	3.02	3.1	14.431	6.4418E-8	1	0	4.57296
2629	-35.5	19.5	40.503	1097.868	8.87952	3.02	3.1	14.903	6.2811E-8	1	0	4.49944
2630	-35.5	20.5	40.994	1097.065	8.77236	3.02	3.1	15.394	6.1326E-8	1	0	4.42417
2631	-35.5	21.5	41.503	1096.314	8.67348	3.02	3.1	15.903	5.9971E-8	1	0	4.34714
2632	-35.5	22.5	42.03	1095.624	8.58369	3.02	3.1	16.43	5.8753E-8	1	0	4.26835
2633	-35.5	23.5	42.573	1095.003	8.5037	3.02	3.1	16.973	5.7679E-8	1	0	4.1878
2634	-35.5	24.5	43.134	1094.457	8.43409	3.02	3.1	17.534	5.6752E-8	1	0	4.10554
2635	-35.5	25.5	43.709	1093.994	8.37536	3.02	3.1	18.109	5.5976E-8	1	0	4.0216
2636	-35.5	26.5	44.3	1093.616	8.32792	3.02	3.1	18.7	5.5353E-8	1	0	3.9361
2637	-35.5	27.5	44.905	1093.33	8.29207	3.02	3.1	19.305	5.4884E-8	1	0	3.84913
2638	-35.5	28.5	45.525	1093.137	8.26805	3.02	3.1	19.925	5.4571E-8	1	0	3.76085
2639	-35.5	29.5	46.157	1093.04	8.25661	3.02	3.1	20.557	5.4422E-8	1	0	3.67118
2640	-34.5	-29.5	45.393	1094.969	8.13595	3.02	3.1	19.793	5.2799E-8	1	0	3.84546
2641	-34.5	-28.5	44.749	1095.07	8.14839	3.02	3.1	19.149	5.2958E-8	1	0	3.94604
2642	-34.5	-27.5	44.119	1095.271	8.17466	3.02	3.1	18.519	5.3295E-8	1	0	4.04519
2643	-34.5	-26.5	43.503	1095.571	8.21387	3.02	3.1	17.903	5.3801E-8	1	0	4.14307
2644	-34.5	-25.5	42.901	1095.964	8.2658	3.02	3.1	17.301	5.4474E-8	1	0	4.23954
2645	-34.5	-24.5	42.314	1096.449	8.33014	3.02	3.1	16.714	5.5314E-8	1	0	4.33448
2646	-34.5	-23.5	41.743	1097.018	8.40647	3.02	3.1	16.143	5.6318E-8	1	0	4.42782
2647	-34.5	-22.5	41.189	1097.666	8.49429	3.02	3.1	15.589	5.7485E-8	1	0	4.51955
2648	-34.5	-21.5	40.651	1098.385	8.59299	3.02	3.1	15.051	5.881E-8	1	0	4.60964
2649	-34.5	-20.5	40.131	1099.167	8.70183	3.02	3.1	14.531	6.0289E-8	1	0	4.69814
2650	-34.5	-19.5	39.63	1100.003	8.81996	3.02	3.1	14.03	6.1914E-8	1	0	4.78508
2651	-34.5	-18.5	39.147	1100.884	8.94637	3.02	3.1	13.547	6.3677E-8	1	0	4.87051
2652	-34.5	-17.5	38.685	1101.799	9.07993	3.02	3.1	13.085	6.5566E-8	1	0	4.95447
2653	-34.5	-16.5	38.243	1102.737	9.21939	3.02	3.1	12.643	6.7568E-8	1	0	5.037
2654	-34.5	-15.5	37.822	1103.688	9.36334	3.02	3.1	12.222	6.9666E-8	1	0	5.11805
2655	-34.5	-14.5	37.423	1104.64	9.51028	3.02	3.1	11.823	7.1839E-8	1	0	5.19757
2656	-34.5	-13.5	37.047	1105.583	9.65863	3.02	3.1	11.447	7.4068E-8	1	0	5.27539
2657	-34.5	-12.5	36.695	1106.506	9.80673	3.02	3.1	11.095	7.6326E-8	1	0	5.35125
2658	-34.5	-11.5	36.366	1107.398	9.95289	3.02	3.1	10.766	7.8587E-8	1	0	5.42481
2659	-34.5	-10.5	36.062	1108.25	10.09538	3.02	3.1	10.462	8.0823E-8	1	0	5.49562
2660	-34.5	-9.5	35.784	1109.052	10.23244	3.02	3.1	10.184	8.3003E-8	1	0	5.56311
2661	-34.5	-8.5	35.532	1109.797	10.36231	3.02	3.1	9.932	8.5096E-8	1	0	5.62669
2662	-34.5	-7.5	35.306	1110.477	10.48322	3.02	3.1	9.706	8.7067E-8	1	0	5.68568
2663	-34.5	-6.5	35.107	1111.085	10.59346	3.02	3.1	9.507	8.8885E-8	1	0	5.73938
2664	-34.5	-5.5	34.936	1111.616	10.69139	3.02	3.1	9.336	9.0514E-8	1	0	5.7871
2665	-34.5	-4.5	34.792	1112.066	10.7755	3.02	3.1	9.192	9.1926E-8	1	0	5.82815
2666	-34.5	-3.5	34.677	1112.429	10.84445	3.02	3.1	9.077	9.3091E-8	1	0	5.86189
2667	-34.5	-2.5	34.59	1112.704	10.89715	3.02	3.1	8.99	9.3987E-8	1	0	5.88775
2668	-34.5	-1.5	34.533	1112.888	10.93275	3.02	3.1	8.933	9.4594E-8	1	0	5.90528
2669	-34.5	-0.5	34.504	1112.981	10.95069	3.02	3.1	8.904	9.4901E-8	1	0	5.91413
2670	-34.5	0.5	34.504	1112.981	10.95069	3.02	3.1	8.904	9.4901E-8	1	0	5.91413
2671	-34.5	1.5	34.533	1112.888	10.93275	3.02	3.1	8.933	9.4594E-8	1	0	5.90528
2672	-34.5	2.5	34.59	1112.704	10.89715	3.02	3.1	8.99	9.3987E-8	1	0	5.88775
2673	-34.5	3.5	34.677	1112.429	10.84445	3.02	3.1	9.077	9.3091E-8	1	0	5.86189
2674	-34.5	4.5	34.792	1112.066	10.7755	3.02	3.1	9.192	9.1926E-8	1	0	5.82815
2675	-34.5	5.5	34.936	1111.616	10.69139	3.02	3.1	9.336	9.0514E-8	1	0	5.7871
2676	-34.5	6.5	35.107	1111.085	10.59346	3.02	3.1	9.507	8.8885E-8	1	0	5.73938
2677	-34.5	7.5	35.306	1110.477	10.48322	3.02	3.1	9.706	8.7067E-8	1	0	5.68568
2678	-34.5	8.5	35.532	1109.797	10.36231	3.02	3.1	9.932	8.5096E-8	1	0	5.62669
2679	-34.5	9.5	35.784	1109.052	10.23244	3.02	3.1	10.184	8.3003E-8	1	0	5.56311
2680	-34.5	10.5	36.062	1108.25	10.09538	3.02	3.1	10.462	8.0823E-8	1	0	5.49562
2681	-34.5	11.5	36.366	1107.398	9.95289	3.02	3.1	10.766	7.8587E-8	1	0	5.42481
2682	-34.5	12.5	36.695	1106.506	9.80673	3.02	3.1	11.095	7.6326E-8	1	0	5.35125
2683	-34.5	13.5	37.047	1105.583	9.65863	3.02	3.1	11.447	7.4068E-8	1	0	5.27539
2684	-34.5	14.5	37.423	1104.64	9.51028	3.02	3.1	11.823	7.1839E-8	1	0	5.19757
2685	-34.5	15.5	37.822	1103.688	9.36334	3.02	3.1	12.222	6.9666E-8	1	0	5.11805
2686	-34.5	16.5	38.243	1102.737	9.21939	3.02	3.1	12.643	6.7568E-8	1	0	5.037
2687	-34.5	17.5	38.685	1101.799	9.07993	3.02	3.1	13.085	6.5566E-8	1	0	4.95447
2688	-34.5	18.5	39.147	1100.884	8.94637	3.02	3.1	13.547	6.3677E-8	1	0	4.87051
2689	-34.5	19.5	39.63	1100.003	8.81996	3.02	3.1	14.03	6.1914E-8	1	0	4.78508
2690	-34.5	20.5	40.131	1099.167	8.70183	3.02	3.1	14.531	6.0289E-8	1	0	4.69814
2691	-34.5	21.5	40.651	1098.385	8.59299	3.02	3.1	15.051	5.881E-8	1	0	4.60964
2692	-34.5	22.5	41.189	1097.666	8.49429	3.02	3.1	15.589	5.7485E-8	1	0	4.51955
2693	-34.5	23.5	41.743	1097.018	8.40647	3.02	3.1	16.143	5.6318E-8	1	0	4.42782
2694	-34.5	24.5	42.314	1096.449	8.33014	3.02	3.1	16.714	5.5314E-8	1	0	4.33448
2695	-34.5	25.5	42.901	1095.964	8.2658	3.02	3.1	17.301	5.4474E-8	1	0	4.23954
2696	-34.5	26.5	43.503	1095.571	8.21387	3.02	3.1	17.903	5.3801E-8	1	0	4.14307
2697	-34.5	27.5	44.119	1095.271	8.17466	3.02	3.1	18.519	5.3295E-8	1	0	4.04519
2698	-34.5	28.5	44.749	1095.07	8.14839	3.02	3.1	19.149	5.2958E-8	1	0	3.94604
2699	-34.5	29.5	45.393	1094.969	8.13595	3.02	3.1	19.793	5.2799E-8	1	0	3.84546
2700	-33.5	-29.5	44.637	1096.717	8.00411	3.02	3.1	19.037	5.1063E-8	1	0	4.03925
2701	-33.5	-28.5	43.983	1096.822	8.01759	3.02	3.1	18.383	5.1233E-8	1	0	4.15247
2702	-33.5	-27.5	43.342	1097.032	8.04626	3.02	3.1	17.742	5.1595E-8	1	0	4.26426
2703	-33.5	-26.5	42.714	1097.344	8.08908	3.02	3.1	17.114	5.2138E-8	1	0	4.37489
2704	-33.5	-25.5	42.101	1097.754	8.14583	3.02	3.1	16.501	5.2863E-8	1	0	4.48423
2705	-33.5	-24.5	41.503	1098.258	8.2162	3.02	3.1	15.903	5.3768E-8	1	0	4.59217
2706	-33.5	-23.5	40.921	1098.85	8.29978	3.02	3.1	15.321	5.4854E-8	1	0	4.6987
2707	-33.5	-22.5	40.355	1099.524	8.39607	3.02	3.1	14.755	5.6118E-8	1	0	4.80383
2708	-33.5	-21.5	39.806	1100.272	8.50444	3.02	3.1	14.206	5.7557E-8	1	0	4.9076
2709	-33.5	-20.5	39.275	1101.084	8.62414	3.02	3.1	13.675	5.9167E-8	1	0	5.0101
2710	-33.5	-19.5	38.762	1101.952	8.75426	3.02	3.1	13.162	6.0943E-8	1	0	5.11145
2711	-33.5	-18.5	38.269	1102.865	8.89374	3.02	3.1	12.669	6.2876E-8	1	0	5.21175
2712	-33.5	-17.5	37.796	1103.811	9.04137	3.02	3.1	12.196	6.4953E-8	1	0	5.31113
2713	-33.5	-16.5	37.343	1104.781	9.19576	3.02	3.1	11.743	6.7162E-8	1	0	5.40966
2714	-33.5	-15.5	36.912	1105.762	9.35537	3.02	3.1	11.312	6.9484E-8	1	0	5.50737
2715	-33.5	-14.5	36.503	1106.742	9.51854	3.02	3.1	10.903	7.1898E-8	1	0	5.6042
2716	-33.5	-13.5	36.118	1107.71	9.68349	3.02	3.1	10.518	7.438E-8	1	0	5.69998
2717	-33.5	-12.5	35.756	1108.655	9.84839	3.02	3.1	10.156	7.6903E-8	1	0	5.79437
2718	-33.5	-11.5	35.419	1109.566	10.01135	3.02	3.1	9.819	7.9437E-8	1	0	5.8869
2719	-33.5	-10.5	35.107	1110.433	10.17047	3.02	3.1	9.507	8.1951E-8	1	0	5.97689
2720	-33.5	-9.5	34.821	1111.247	10.3238	3.02	3.1	9.221	8.4411E-8	1	0	6.06354
2721	-33.5	-8.5	34.562	1112.001	10.46935	3.02	3.1	8.962	8.6779E-8	1	0	6.14594
2722	-33.5	-7.5	34.329	1112.686	10.60511	3.02	3.1	8.729	8.9018E-8	1	0	6.22307
2723	-33.5	-6.5	34.125	1113.298	10.7291	3.02	3.1	8.525	9.1087E-8	1	0	6.29387
2724	-33.5	-5.5	33.948	1113.83	10.83941	3.02	3.1	8.348	9.2948E-8	1	0	6.35725
2725	-33.5	-4.5	33.801	1114.279	10.93427	3.02	3.1	8.201	9.4563E-8	1	0	6.41214
2726	-33.5	-3.5	33.682	1114.641	11.01208	3.02	3.1	8.082	9.5899E-8	1	0	6.45751
2727	-33.5	-2.5	33.593	1114.914	11.07158	3.02	3.1	7.993	9.6926E-8	1	0	6.49247
2728	-33.5	-1.5	33.534	1115.097	11.11177	3.02	3.1	7.934	9.7623E-8	1	0	6.51624
2729	-33.5	-0.5	33.504	1115.189	11.13203	3.02	3.1	7.904	9.7975E-8	1	0	6.52828
2730	-33.5	0.5	33.504	1115.189	11.13203	3.02	3.1	7.904	9.7975E-8	1	0	6.52828
2731	-33.5	1.5	33.534	1115.097	11.11177	3.02	3.1	7.934	9.7623E-8	1	0	6.51624
2732	-33.5	2.5	33.593	1114.914	11.07158	3.02	3.1	7.993	9.6926E-8	1	0	6.49247
2733	-33.5	3.5	33.682	1114.641	11.01208	3.02	3.1	8.082	9.5899E-8	1	0	6.45751
2734	-33.5	4.5	33.801	1114.279	10.93427	3.02	3.1	8.201	9.4563E-8	1	0	6.41214
2735	-33.5	5.5	33.948	1113.83	10.83941	3.02	3.1	8.348	9.2948E-8	1	0	6.35725
2736	-33.5	6.5	34.125	1113.298	10.7291	3.02	3.1	8.525	9.1087E-8	1	0	6.29387
2737	-33.5	7.5	34.329	1112.686	10.60511	3.02	3.1	8.729	8.9018E-8	1	0	6.22307
2738	-33.5	8.5	34.562	1112.001	10.46935	3.02	3.1	8.962	8.6779E-8	1	0	6.14594
2739	-33.5	9.5	34.821	1111.247	10.3238	3.02	3.1	9.221	8.4411E-8	1	0	6.06354
2740	-33.5	10.5	35.107	1110.433	10.17047	3.02	3.1	9.507	8.1951E-8	1	0	5.97689
2741	-33.5	11.5	35.419	1109.566	10.01135	3.02	3.1	9.819	7.9437E-8	1	0	5.8869
2742	-33.5	12.5	35.756	1108.655	9.84839	3.02	3.1	10.156	7.6903E-8	1	0	5.79437
2743	-33.5	13.5	36.118	1107.71	9.68349	3.02	3.1	10.518	7.438E-8	1	0	5.69998
2744	-33.5	14.5	36.503	1106.742	9.51854	3.02	3.1	10.903	7.1898E-8	1	0	5.6042
2745	-33.5	15.5	36.912	1105.762	9.35537	3.02	3.1	11.312	6.9484E-8	1	0	5.50737
2746	-33.5	16.5	37.343	1104.781	9.19576	3.02	3.1	11.743	6.7162E-8	1	0	5.40966
2747	-33.5	17.5	37.796	1103.811	9.04137	3.02	3.1	12.196	6.4953E-8	1	0	5.31113
2748	-33.5	18.5	38.269	1102.865	8.89374	3.02	3.1	12.669	6.2876E-8	1	0	5.21175
2749	-33.5	19.5	38.762	1101.952	8.75426	3.02	3.1	13.162	6.0943E-8	1	0	5.11145
2750	-33.5	20.5	39.275	1101.084	8.62414	3.02	3.1	13.675	5.9167E-8	1	0	5.0101
2751	-33.5	21.5	39.806	1100.272	8.50444	3.02	3.1	14.206	5.7557E-8	1	0	4.9076
2752	-33.5	22.5	40.355	1099.524	8.39607	3.02	3.1	14.755	5.6118E-8	1	0	4.80383
2753	-33.5	23.5	40.921	1098.85	8.29978	3.02	3.1	15.321	5.4854E-8	1	0	4.6987
2754	-33.5	24.5	41.503	1098.258	8.2162	3.02	3.1	15.903	5.3768E-8	1	0	4.59217
2755	-33.5	25.5	42.101	1097.754	8.14583	3.02	3.1	16.501	5.2863E-8	1	0	4.48423
2756	-33.5	26.5	42.714	1097.344	8.08908	3.02	3.1	17.114	5.2138E-8	1	0	4.37489
2757	-33.5	27.5	43.342	1097.032	8.04626	3.02	3.1	17.742	5.1595E-8	1	0	4.26426
2758	-33.5	28.5	43.983	1096.822	8.01759	3.02	3.1	18.383	5.1233E-8	1	0	4.15247
2759	-33.5	29.5	44.637	1096.717	8.00411	3.02	3.1	19.037	5.1063E-8	1	0	4.03925
2760	-32.5	-29.5	43.892	1098.292	7.8603	3.02	3.1	18.292	4.9211E-8	1	0	4.25559
2761	-32.5	-28.5	43.226	1098.402	7.87487	3.02	3.1	17.626	4.9391E-8	1	0	4.38354
2762	-32.5	-27.5	42.573	1098.62	7.9061	3.02	3.1	16.973	4.9778E-8	1	0	4.51011
2763	-32.5	-26.5	41.934	1098.944	7.95276	3.02	3.1	16.334	5.0361E-8	1	0	4.63573
2764	-32.5	-25.5	41.31	1099.37	8.01466	3.02	3.1	15.71	5.1138E-8	1	0	4.76027
2765	-32.5	-24.5	40.7	1099.894	8.09149	3.02	3.1	15.1	5.2111E-8	1	0	4.8837
2766	-32.5	-23.5	40.106	1100.509	8.18286	3.02	3.1	14.506	5.3281E-8	1	0	5.00605
2767	-32.5	-22.5	39.528	1101.207	8.28828	3.02	3.1	13.928	5.4646E-8	1	0	5.1274
2768	-32.5	-21.5	38.968	1101.982	8.40712	3.02	3.1	13.368	5.6205E-8	1	0	5.24788
2769	-32.5	-20.5	38.425	1102.823	8.53861	3.02	3.1	12.825	5.7956E-8	1	0	5.3677
2770	-32.5	-19.5	37.901	1103.721	8.68182	3.02	3.1	12.301	5.9893E-8	1	0	5.48707
2771	-32.5	-18.5	37.397	1104.663	8.83565	3.02	3.1	11.797	6.2008E-8	1	0	5.60622
2772	-32.5	-17.5	36.912	1105.639	8.99877	3.02	3.1	11.312	6.4291E-8	1	0	5.72539
2773	-32.5	-16.5	36.449	1106.637	9.16968	3.02	3.1	10.849	6.6727E-8	1	0	5.84479
2774	-32.5	-15.5	36.007	1107.643	9.34666	3.02	3.1	10.407	6.9298E-8	1	0	5.96454
2775	-32.5	-14.5	35.588	1108.646	9.52787	3.02	3.1	9.988	7.1979E-8	1	0	6.08466
2776	-32.5	-13.5	35.192	1109.633	9.7113	3.02	3.1	9.592	7.4745E-8	1	0	6.20497
2777	-32.5	-12.5	34.821	1110.593	9.89492	3.02	3.1	9.221	7.7566E-8	1	0	6.32509
2778	-32.5	-11.5	34.475	1111.514	10.07664	3.02	3.1	8.875	8.0408E-8	1	0	6.44434
2779	-32.5	-10.5	34.154	1112.388	10.25438	3.02	3.1	8.554	8.3238E-8	1	0	6.56177
2780	-32.5	-9.5	33.86	1113.206	10.426	3.02	3.1	8.26	8.6017E-8	1	0	6.6762
2781	-32.5	-8.5	33.593	1113.958	10.58929	3.02	3.1	7.993	8.8703E-8	1	0	6.78622
2782	-32.5	-7.5	33.354	1114.64	10.74193	3.02	3.1	7.754	9.1251E-8	1	0	6.8903
2783	-32.5	-6.5	33.144	1115.245	10.88162	3.02	3.1	7.544	9.3615E-8	1	0	6.98678
2784	-32.5	-5.5	32.962	1115.77	11.00612	3.02	3.1	7.362	9.5747E-8	1	0	7.07392
2785	-32.5	-4.5	32.81	1116.21	11.11332	3.02	3.1	7.21	9.7603E-8	1	0	7.15
2786	-32.5	-3.5	32.688	1116.564	11.20132	3.02	3.1	7.088	9.9139E-8	1	0	7.21336
2787	-32.5	-2.5	32.596	1116.83	11.26859	3.02	3.1	6.996	1.0032E-7	1	0	7.26247
2788	-32.5	-1.5	32.535	1117.007	11.31403	3.02	3.1	6.935	1.0112E-7	1	0	7.29602
2789	-32.5	-0.5	32.504	1117.096	11.33693	3.02	3.1	6.904	1.0153E-7	1	0	7.31306
2790	-32.5	0.5	32.504	1117.096	11.33693	3.02	3.1	6.904	1.0153E-7	1	0	7.31306
2791	-32.5	1.5	32.535	1117.007	11.31403	3.02	3.1	6.935	1.0112E-7	1	0	7.29602
2792	-32.5	2.5	32.596	1116.83	11.26859	3.02	3.1	6.996	1.0032E-7	1	0	7.26247
2793	-32.5	3.5	32.688	1116.564	11.20132	3.02	3.1	7.088	9.9139E-8	1	0	7.21336
2794	-32.5	4.5	32.81	1116.21	11.11332	3.02	3.1	7.21	9.7603E-8	1	0	7.15
2795	-32.5	5.5	32.962	1115.77	11.00612	3.02	3.1	7.362	9.5747E-8	1	0	7.07392
2796	-32.5	6.5	33.144	1115.245	10.88162	3.02	3.1	7.544	9.3615E-8	1	0	6.98678
2797	-32.5	7.5	33.354	1114.64	10.74193	3.02	3.1	7.754	9.1251E-8	1	0	6.8903
2798	-32.5	8.5	33.593	1113.958	10.58929	3.02	3.1	7.993	8.8703E-8	1	0	6.78622
2799	-32.5	9.5	33.86	1113.206	10.426	3.02	3.1	8.26	8.6017E-8	1	0	6.6762
2800	-32.5	10.5	34.154	1112.388	10.25438	3.02	3.1	8.554	8.3238E-8	1	0	6.56177
2801	-32.5	11.5	34.475	1111.514	10.07664	3.02	3.1	8.875	8.0408E-8	1	0	6.44434
2802	-32.5	12.5	34.821	1110.593	9.89492	3.02	3.1	9.221	7.7566E-8	1	0	6.32509
2803	-32.5	13.5	35.192	1109.633	9.7113	3.02	3.1	9.592	7.4745E-8	1	0	6.20497
2804	-32.5	14.5	35.588	1108.646	9.52787	3.02	3.1	9.988	7.1979E-8	1	0	6.08466
2805	-32.5	15.5	36.007	1107.643	9.34666	3.02	3.1	10.407	6.9298E-8	1	0	5.96454
2806	-32.5	16.5	36.449	1106.637	9.16968	3.02	3.1	10.849	6.6727E-8	1	0	5.84479
2807	-32.5	17.5	36.912	1105.639	8.99877	3.02	3.1	11.312	6.4291E-8	1	0	5.72539
2808	-32.5	18.5	37.397	1104.663	8.83565	3.02	3.1	11.797	6.2008E-8	1	0	5.60622
2809	-32.5	19.5	37.901	1103.721	8.68182	3.02	3.1	12.301	5.9893E-8	1	0	5.48707
2810	-32.5	20.5	38.425	1102.823	8.53861	3.02	3.1	12.825	5.7956E-8	1	0	5.3677
2811	-32.5	21.5	38.968	1101.982	8.40712	3.02	3.1	13.368	5.6205E-8	1	0	5.24788
2812	-32.5	22.5	39.528	1101.207	8.28828	3.02	3.1	13.928	5.4646E-8	1	0	5.1274
2813	-32.5	23.5	40.106	1100.509	8.18286	3.02	3.1	14.506	5.3281E-8	1	0	5.00605
2814	-32.5	24.5	40.7	1099.894	8.09149	3.02	3.1	15.1	5.2111E-8	1	0	4.8837
2815	-32.5	25.5	41.31	1099.37	8.01466	3.02	3.1	15.71	5.1138E-8	1	0	4.76027
2816	-32.5	26.5	41.934	1098.944	7.95276	3.02	3.1	16.334	5.0361E-8	1	0	4.63573
2817	-32.5	27.5	42.573	1098.62	7.9061	3.02	3.1	16.973	4.9778E-8	1	0	4.51011
2818	-32.5	28.5	43.226	1098.402	7.87487	3.02	3.1	17.626	4.9391E-8	1	0	4.38354
2819	-32.5	29.5	43.892	1098.292	7.8603	3.02	3.1	18.292	4.9211E-8	1	0	4.25559
2820	-31.5	-29.5	43.157	1099.704	7.70375	3.02	3.1	17.557	4.7241E-8	1	0	4.49812
2821	-31.5	-28.5	42.479	1099.818	7.71945	3.02	3.1	16.879	4.7431E-8	1	0	4.64332
2822	-31.5	-27.5	41.815	1100.044	7.75338	3.02	3.1	16.215	4.7844E-8	1	0	4.78727
2823	-31.5	-26.5	41.164	1100.38	7.80412	3.02	3.1	15.564	4.8465E-8	1	0	4.9306
2824	-31.5	-25.5	40.528	1100.822	7.87149	3.02	3.1	14.928	4.9296E-8	1	0	5.07325
2825	-31.5	-24.5	39.906	1101.364	7.9552	3.02	3.1	14.306	5.0338E-8	1	0	5.21527
2826	-31.5	-23.5	39.3	1102.001	8.0549	3.02	3.1	13.7	5.1594E-8	1	0	5.35677
2827	-31.5	-22.5	38.71	1102.724	8.17011	3.02	3.1	13.11	5.3063E-8	1	0	5.49796
2828	-31.5	-21.5	38.138	1103.524	8.30024	3.02	3.1	12.538	5.4748E-8	1	0	5.63914
2829	-31.5	-20.5	37.583	1104.393	8.44452	3.02	3.1	11.983	5.6646E-8	1	0	5.78064
2830	-31.5	-19.5	37.047	1105.317	8.602	3.02	3.1	11.447	5.8755E-8	1	0	5.92289
2831	-31.5	-18.5	36.531	1106.287	8.77153	3.02	3.1	10.931	6.1068E-8	1	0	6.06632
2832	-31.5	-17.5	36.035	1107.288	8.95172	3.02	3.1	10.435	6.3575E-8	1	0	6.21139
2833	-31.5	-16.5	35.56	1108.309	9.14091	3.02	3.1	9.96	6.6261E-8	1	0	6.35852
2834	-31.5	-15.5	35.107	1109.335	9.3372	3.02	3.1	9.507	6.9106E-8	1	0	6.50808
2835	-31.5	-14.5	34.677	1110.354	9.53849	3.02	3.1	9.077	7.2086E-8	1	0	6.66025
2836	-31.5	-13.5	34.271	1111.353	9.74251	3.02	3.1	8.671	7.5169E-8	1	0	6.81498
2837	-31.5	-12.5	33.89	1112.319	9.94699	3.02	3.1	8.29	7.8325E-8	1	0	6.97184
2838	-31.5	-11.5	33.534	1113.242	10.14962	3.02	3.1	7.934	8.1515E-8	1	0	7.12999
2839	-31.5	-10.5	33.204	1114.112	10.34817	3.02	3.1	7.604	8.4703E-8	1	0	7.28805
2840	-31.5	-9.5	32.901	1114.92	10.54036	3.02	3.1	7.301	8.7848E-8	1	0	7.44424
2841	-31.5	-8.5	32.627	1115.66	10.72375	3.02	3.1	7.027	9.0902E-8	1	0	7.59641
2842	-31.5	-7.5	32.381	1116.325	10.89565	3.02	3.1	6.781	9.3812E-8	1	0	7.74222
2843	-31.5	-6.5	32.164	1116.913	11.05332	3.02	3.1	6.564	9.6522E-8	1	0	7.87905
2844	-31.5	-5.5	31.977	1117.418	11.19417	3.02	3.1	6.377	9.8975E-8	1	0	8.004
2845	-31.5	-4.5	31.82	1117.839	11.31566	3.02	3.1	6.22	1.0112E-7	1	0	8.11417
2846	-31.5	-3.5	31.694	1118.174	11.4154	3.02	3.1	6.094	1.0289E-7	1	0	8.2068
2847	-31.5	-2.5	31.599	1118.425	11.49158	3.02	3.1	5.999	1.0426E-7	1	0	8.27919
2848	-31.5	-1.5	31.536	1118.592	11.54299	3.02	3.1	5.936	1.0519E-7	1	0	8.32895
2849	-31.5	-0.5	31.504	1118.675	11.56887	3.02	3.1	5.904	1.0565E-7	1	1	8.3543
2850	-31.5	0.5	31.504	1118.675	11.56887	3.02	3.1	5.904	1.0565E-7	1	1	8.3543
2851	-31.5	1.5	31.536	1118.592	11.54299	3.02	3.1	5.936	1.0519E-7	1	0	8.32895
2852	-31.5	2.5	31.599	1118.425	11.49158	3.02	3.1	5.999	1.0426E-7	1	0	8.27919
2853	-31.5	3.5	31.694	1118.174	11.4154	3.02	3.1	6.094	1.0289E-7	1	0	8.2068
2854	-31.5	4.5	31.82	1117.839	11.31566	3.02	3.1	6.22	1.0112E-7	1	0	8.11417
2855	-31.5	5.5	31.977	1117.418	11.19417	3.02	3.1	6.377	9.8975E-8	1	0	8.004
2856	-31.5	6.5	32.164	1116.913	11.05332	3.02	3.1	6.564	9.6522E-8	1	0	7.87905
2857	-31.5	7.5	32.381	1116.325	10.89565	3.02	3.1	6.781	9.3812E-8	1	0	7.74222
2858	-31.5	8.5	32.627	1115.66	10.72375	3.02	3.1	7.027	9.0902E-8	1	0	7.59641
2859	-31.5	9.5	32.901	1114.92	10.54036	3.02	3.1	7.301	8.7848E-8	1	0	7.44424
2860	-31.5	10.5	33.204	1114.112	10.34817	3.02	3.1	7.604	8.4703E-8	1	0	7.28805
2861	-31.5	11.5	33.534	1113.242	10.14962	3.02	3.1	7.934	8.1515E-8	1	0	7.12999
2862	-31.5	12.5	33.89	1112.319	9.94699	3.02	3.1	8.29	7.8325E-8	1	0	6.97184
2863	-31.5	13.5	34.271	1111.353	9.74251	3.02	3.1	8.671	7.5169E-8	1	0	6.81498
2864	-31.5	14.5	34.677	1110.354	9.53849	3.02	3.1	9.077	7.2086E-8	1	0	6.66025
2865	-31.5	15.5	35.107	1109.335	9.3372	3.02	3.1	9.507	6.9106E-8	1	0	6.50808
2866	-31.5	16.5	35.56	1108.309	9.14091	3.02	3.1	9.96	6.6261E-8	1	0	6.35852
2867	-31.5	17.5	36.035	1107.288	8.95172	3.02	3.1	10.435	6.3575E-8	1	0	6.21139
2868	-31.5	18.5	36.531	1106.287	8.77153	3.02	3.1	10.931	6.1068E-8	1	0	6.06632
2869	-31.5	19.5	37.047	1105.317	8.602	3.02	3.1	11.447	5.8755E-8	1	0	5.92289
2870	-31.5	20.5	37.583	1104.393	8.44452	3.02	3.1	11.983	5.6646E-8	1	0	5.78064
2871	-31.5	21.5	38.138	1103.524	8.30024	3.02	3.1	12.538	5.4748E-8	1	0	5.63914
2872	-31.5	22.5	38.71	1102.724	8.17011	3.02	3.1	13.11	5.3063E-8	1	0	5.49796
2873	-31.5	23.5	39.3	1102.001	8.0549	3.02	3.1	13.7	5.1594E-8	1	0	5.35677
2874	-31.5	24.5	39.906	1101.364	7.9552	3.02	3.1	14.306	5.0338E-8	1	0	5.21527
2875	-31.5	25.5	40.528	1100.822	7.87149	3.02	3.1	14.928	4.9296E-8	1	0	5.07325
2876	-31.5	26.5	41.164	1100.38	7.80412	3.02	3.1	15.564	4.8465E-8	1	0	4.9306
2877	-31.5	27.5	41.815	1100.044	7.75338	3.02	3.1	16.215	4.7844E-8	1	0	4.78727
2878	-31.5	28.5	42.479	1099.818	7.71945	3.02	3.1	16.879	4.7431E-8	1	0	4.64332
2879	-31.5	29.5	43.157	1099.704	7.70375	3.02	3.1	17.557	4.7241E-8	1	0	4.49812
2880	-30.5	-29.5	42.432	1100.962	7.53371	3.02	3.1	16.832	4.5154E-8	1	0	4.77121
2881	-30.5	-28.5	41.743	1101.079	7.55056	3.02	3.1	16.143	4.5353E-8	1	0	4.93672
2882	-30.5	-27.5	41.067	1101.314	7.58734	3.02	3.1	15.467	4.5792E-8	1	0	5.10122
2883	-30.5	-26.5	40.404	1101.661	7.64238	3.02	3.1	14.804	4.6451E-8	1	0	5.26565
2884	-30.5	-25.5	39.756	1102.118	7.71552	3.02	3.1	14.156	4.7335E-8	1	0	5.43003
2885	-30.5	-24.5	39.122	1102.679	7.80653	3.02	3.1	13.522	4.8447E-8	1	0	5.59454
2886	-30.5	-23.5	38.503	1103.337	7.91508	3.02	3.1	12.903	4.9789E-8	1	0	5.75947
2887	-30.5	-22.5	37.901	1104.083	8.04075	3.02	3.1	12.301	5.1366E-8	1	0	5.92523
2888	-30.5	-21.5	37.316	1104.908	8.18299	3.02	3.1	11.716	5.318E-8	1	0	6.09233
2889	-30.5	-20.5	36.749	1105.801	8.34107	3.02	3.1	11.149	5.5233E-8	1	0	6.26142
2890	-30.5	-19.5	36.201	1106.751	8.51406	3.02	3.1	10.601	5.7524E-8	1	0	6.43319
2891	-30.5	-18.5	35.672	1107.743	8.70079	3.02	3.1	10.072	6.0049E-8	1	0	6.60847
2892	-30.5	-17.5	35.164	1108.766	8.89978	3.02	3.1	9.564	6.2799E-8	1	0	6.78809
2893	-30.5	-16.5	34.677	1109.805	9.10924	3.02	3.1	9.077	6.5759E-8	1	0	6.97292
2894	-30.5	-15.5	34.213	1110.845	9.32702	3.02	3.1	8.613	6.891E-8	1	0	7.16378
2895	-30.5	-14.5	33.771	1111.872	9.55071	3.02	3.1	8.171	7.2222E-8	1	0	7.3613
2896	-30.5	-13.5	33.354	1112.873	9.7777	3.02	3.1	7.754	7.5663E-8	1	0	7.56577
2897	-30.5	-12.5	32.962	1113.834	10.00539	3.02	3.1	7.362	7.9194E-8	1	0	7.77696
2898	-30.5	-11.5	32.596	1114.746	10.23125	3.02	3.1	6.996	8.2777E-8	1	0	7.99386
2899	-30.5	-10.5	32.257	1115.598	10.45297	3.02	3.1	6.657	8.6371E-8	1	0	8.2146
2900	-30.5	-9.5	31.945	1116.383	10.66827	3.02	3.1	6.345	8.9935E-8	1	0	8.43647
2901	-30.5	-8.5	31.662	1117.093	10.87456	3.02	3.1	6.062	9.3417E-8	1	0	8.65615
2902	-30.5	-7.5	31.409	1117.727	11.06853	3.02	3.1	5.809	9.6753E-8	1	0	8.87009
2903	-30.5	-6.5	31.185	1118.28	11.24686	3.02	3.1	5.585	9.9871E-8	1	0	9.07406
2904	-30.5	-5.5	30.992	1118.751	11.40667	3.02	3.1	5.392	1.0271E-7	1	0	9.26297
2905	-30.5	-4.5	30.83	1119.138	11.54487	3.02	3.1	5.23	1.0519E-7	1	0	9.43166
2906	-30.5	-3.5	30.7	1119.443	11.65821	3.02	3.1	5.1	1.0726E-7	1	1	9.57532
2907	-30.5	-2.5	30.602	1119.669	11.74454	3.02	3.1	5.002	1.0884E-7	1	1	9.68886
2908	-30.5	-1.5	30.537	1119.817	11.80268	3.02	3.1	4.937	1.0991E-7	1	1	9.76754
2909	-30.5	-0.5	30.504	1119.891	11.83192	3.02	3.1	4.904	1.1045E-7	1	1	9.80782
2910	-30.5	0.5	30.504	1119.891	11.83192	3.02	3.1	4.904	1.1045E-7	1	1	9.80782
2911	-30.5	1.5	30.537	1119.817	11.80268	3.02	3.1	4.937	1.0991E-7	1	1	9.76754
2912	-30.5	2.5	30.602	1119.669	11.74454	3.02	3.1	5.002	1.0884E-7	1	1	9.68886
2913	-30.5	3.5	30.7	1119.443	11.65821	3.02	3.1	5.1	1.0726E-7	1	1	9.57532
2914	-30.5	4.5	30.83	1119.138	11.54487	3.02	3.1	5.23	1.0519E-7	1	0	9.43166
2915	-30.5	5.5	30.992	1118.751	11.40667	3.02	3.1	5.392	1.0271E-7	1	0	9.26297
2916	-30.5	6.5	31.185	1118.28	11.24686	3.02	3.1	5.585	9.9871E-8	1	0	9.07406
2917	-30.5	7.5	31.409	1117.727	11.06853	3.02	3.1	5.809	9.6753E-8	1	0	8.87009
2918	-30.5	8.5	31.662	1117.093	10.87456	3.02	3.1	6.062	9.3417E-8	1	0	8.65615
2919	-30.5	9.5	31.945	1116.383	10.66827	3.02	3.1	6.345	8.9935E-8	1	0	8.43647
2920	-30.5	10.5	32.257	1115.598	10.45297	3.02	3.1	6.657	8.6371E-8	1	0	8.2146
2921	-30.5	11.5	32.596	1114.746	10.23125	3.02	3.1	6.996	8.2777E-8	1	0	7.99386
2922	-30.5	12.5	32.962	1113.834	10.00539	3.02	3.1	7.362	7.9194E-8	1	0	7.77696
2923	-30.5	13.5	33.354	1112.873	9.7777	3.02	3.1	7.754	7.5663E-8	1	0	7.56577
2924	-30.5	14.5	33.771	1111.872	9.55071	3.02	3.1	8.171	7.2222E-8	1	0	7.3613
2925	-30.5	15.5	34.213	1110.845	9.32702	3.02	3.1	8.613	6.891E-8	1	0	7.16378
2926	-30.5	16.5	34.677	1109.805	9.10924	3.02	3.1	9.077	6.5759E-8	1	0	6.97292
2927	-30.5	17.5	35.164	1108.766	8.89978	3.02	3.1	9.564	6.2799E-8	1	0	6.78809
2928	-30.5	18.5	35.672	1107.743	8.70079	3.02	3.1	10.072	6.0049E-8	1	0	6.60847
2929	-30.5	19.5	36.201	1106.751	8.51406	3.02	3.1	10.601	5.7524E-8	1	0	6.43319
2930	-30.5	20.5	36.749	1105.801	8.34107	3.02	3.1	11.149	5.5233E-8	1	0	6.26142
2931	-30.5	21.5	37.316	1104.908	8.18299	3.02	3.1	11.716	5.318E-8	1	0	6.09233
2932	-30.5	22.5	37.901	1104.083	8.04075	3.02	3.1	12.301	5.1366E-8	1	0	5.92523
2933	-30.5	23.5	38.503	1103.337	7.91508	3.02	3.1	12.903	4.9789E-8	1	0	5.75947
2934	-30.5	24.5	39.122	1102.679	7.80653	3.02	3.1	13.522	4.8447E-8	1	0	5.59454
2935	-30.5	25.5	39.756	1102.118	7.71552	3.02	3.1	14.156	4.7335E-8	1	0	5.43003
2936	-30.5	26.5	40.404	1101.661	7.64238	3.02	3.1	14.804	4.6451E-8	1	0	5.26565
2937	-30.5	27.5	41.067	1101.314	7.58734	3.02	3.1	15.467	4.5792E-8	1	0	5.10122
2938	-30.5	28.5	41.743	1101.079	7.55056	3.02	3.1	16.143	4.5353E-8	1	0	4.93672
2939	-30.5	29.5	42.432	1100.962	7.53371	3.02	3.1	16.832	4.5154E-8	1	0	4.77121
2940	-29.5	-29.5	41.719	1102.076	7.34947	3.02	3.1	16.119	4.2951E-8	1	0	5.08013
2941	-29.5	-28.5	41.018	1102.198	7.36749	3.02	3.1	15.418	4.316E-8	1	0	5.26969
2942	-29.5	-27.5	40.33	1102.44	7.40724	3.02	3.1	14.73	4.3622E-8	1	0	5.45866
2943	-29.5	-26.5	39.655	1102.799	7.46678	3.02	3.1	14.055	4.4319E-8	1	0	5.64839
2944	-29.5	-25.5	38.994	1103.271	7.54598	3.02	3.1	13.394	4.5255E-8	1	0	5.83906
2945	-29.5	-24.5	38.347	1103.849	7.64466	3.02	3.1	12.747	4.6435E-8	1	0	6.03107
2946	-29.5	-23.5	37.716	1104.527	7.76256	3.02	3.1	12.116	4.7864E-8	1	0	6.22498
2947	-29.5	-22.5	37.101	1105.295	7.89934	3.02	3.1	11.501	4.9549E-8	1	0	6.42152
2948	-29.5	-21.5	36.503	1106.143	8.05451	3.02	3.1	10.903	5.1495E-8	1	0	6.6216
2949	-29.5	-20.5	35.924	1107.059	8.22742	3.02	3.1	10.324	5.3709E-8	1	0	6.82632
2950	-29.5	-19.5	35.362	1108.03	8.41721	3.02	3.1	9.762	5.6191E-8	1	0	7.03693
2951	-29.5	-18.5	34.821	1109.043	8.62272	3.02	3.1	9.221	5.8942E-8	1	0	7.25485
2952	-29.5	-17.5	34.3	1110.082	8.84244	3.02	3.1	8.7	6.1956E-8	1	0	7.48164
2953	-29.5	-16.5	33.801	1111.132	9.07441	3.02	3.1	8.201	6.522E-8	1	0	7.71901
2954	-29.5	-15.5	33.324	1112.178	9.31621	3.02	3.1	7.724	6.871E-8	1	0	7.96872
2955	-29.5	-14.5	32.871	1113.204	9.565	3.02	3.1	7.271	7.2396E-8	1	0	8.23243
2956	-29.5	-13.5	32.442	1114.196	9.81767	3.02	3.1	6.842	7.6239E-8	1	0	8.51143
2957	-29.5	-12.5	32.039	1115.14	10.07117	3.02	3.1	6.439	8.0193E-8	1	0	8.8062
2958	-29.5	-11.5	31.662	1116.024	10.32267	3.02	3.1	6.062	8.4216E-8	1	0	9.11607
2959	-29.5	-10.5	31.313	1116.841	10.56997	3.02	3.1	5.713	8.8267E-8	1	0	9.43865
2960	-29.5	-9.5	30.992	1117.584	10.8111	3.02	3.1	5.392	9.231E-8	1	0	9.76993
2961	-29.5	-8.5	30.7	1118.244	11.04372	3.02	3.1	5.1	9.6298E-8	1	0	10.10458
2962	-29.5	-7.5	30.438	1118.824	11.2632	3.02	20	4.838	1.0014E-7	1	0	10.38426
2963	-29.5	-6.5	30.208	1119.325	11.46518	3.02	20	4.608	1.0374E-7	1	0	10.71248
2964	-29.5	-5.5	30.008	1119.742	11.64718	3.02	20	4.408	1.0704E-7	1	1	11.02184
2965	-29.5	-4.5	29.841	1120.078	11.80543	3.02	20	4.241	1.0995E-7	0	0	11.30254
2966	-29.5	-3.5	29.707	1120.335	11.93455	3.02	20	4.107	1.1236E-7	0	0	11.54602
2967	-29.5	-2.5	29.606	1120.521	12.03227	3.02	20	4.006	1.1419E-7	0	0	11.74147
2968	-29.5	-1.5	29.538	1120.641	12.09784	3.02	20	3.938	1.1544E-7	0	0	11.87839
2969	-29.5	-0.5	29.504	1120.7	12.13078	3.02	20	3.904	1.1606E-7	0	0	11.94891
2970	-29.5	0.5	29.504	1120.7	12.13078	3.02	20	3.904	1.1606E-7	0	0	11.94891
2971	-29.5	1.5	29.538	1120.641	12.09784	3.02	20	3.938	1.1544E-7	0	0	11.87839
2972	-29.5	2.5	29.606	1120.521	12.03227	3.02	20	4.006	1.1419E-7	0	0	11.74147
2973	-29.5	3.5	29.707	1120.335	11.93455	3.02	20	4.107	1.1236E-7	0	0	11.54602
2974	-29.5	4.5	29.841	1120.078	11.80543	3.02	20	4.241	1.0995E-7	0	0	11.30254
2975	-29.5	5.5	30.008	1119.742	11.64718	3.02	20	4.408	1.0704E-7	1	1	11.02184
2976	-29.5	6.5	30.208	1119.325	11.46518	3.02	20	4.608	1.0374E-7	1	0	10.71248
2977	-29.5	7.5	30.438	1118.824	11.2632	3.02	20	4.838	1.0014E-7	1	0	10.38426
2978	-29.5	8.5	30.7	1118.244	11.04372	3.02	3.1	5.1	9.6298E-8	1	0	10.10458
2979	-29.5	9.5	30.992	1117.584	10.8111	3.02	3.1	5.392	9.231E-8	1	0	9.76993
2980	-29.5	10.5	31.313	1116.841	10.56997	3.02	3.1	5.713	8.8267E-8	1	0	9.43865
2981	-29.5	11.5	31.662	1116.024	10.32267	3.02	3.1	6.062	8.4216E-8	1	0	9.11607
2982	-29.5	12.5	32.039	1115.14	10.07117	3.02	3.1	6.439	8.0193E-8	1	0	8.8062
2983	-29.5	13.5	32.442	1114.196	9.81767	3.02	3.1	6.842	7.6239E-8	1	0	8.51143
2984	-29.5	14.5	32.871	1113.204	9.565	3.02	3.1	7.271	7.2396E-8	1	0	8.23243
2985	-29.5	15.5	33.324	1112.178	9.31621	3.02	3.1	7.724	6.871E-8	1	0	7.96872
2986	-29.5	16.5	33.801	1111.132	9.07441	3.02	3.1	8.201	6.522E-8	1	0	7.71901
2987	-29.5	17.5	34.3	1110.082	8.84244	3.02	3.1	8.7	6.1956E-8	1	0	7.48164
2988	-29.5	18.5	34.821	1109.043	8.62272	3.02	3.1	9.221	5.8942E-8	1	0	7.25485
2989	-29.5	19.5	35.362	1108.03	8.41721	3.02	3.1	9.762	5.6191E-8	1	0	7.03693
2990	-29.5	20.5	35.924	1107.059	8.22742	3.02	3.1	10.324	5.3709E-8	1	0	6.82632
2991	-29.5	21.5	36.503	1106.143	8.05451	3.02	3.1	10.903	5.1495E-8	1	0	6.6216
2992	-29.5	22.5	37.101	1105.295	7.89934	3.02	3.1	11.501	4.9549E-8	1	0	6.42152
2993	-29.5	23.5	37.716	1104.527	7.76256	3.02	3.1	12.116	4.7864E-8	1	0	6.22498
2994	-29.5	24.5	38.347	1103.849	7.64466	3.02	3.1	12.747	4.6435E-8	1	0	6.03107
2995	-29.5	25.5	38.994	1103.271	7.54598	3.02	3.1	13.394	4.5255E-8	1	0	5.83906
2996	-29.5	26.5	39.655	1102.799	7.46678	3.02	3.1	14.055	4.4319E-8	1	0	5.64839
2997	-29.5	27.5	40.33	1102.44	7.40724	3.02	3.1	14.73	4.3622E-8	1	0	5.45866
2998	-29.5	28.5	41.018	1102.198	7.36749	3.02	3.1	15.418	4.316E-8	1	0	5.26969
2999	-29.5	29.5	41.719	1102.076	7.34947	3.02	3.1	16.119	4.2951E-8	1	0	5.08013
3000	-28.5	-29.5	41.018	1103.06	7.15041	3.02	3.1	15.418	4.0638E-8	1	0	5.43128
3001	-28.5	-28.5	40.305	1103.185	7.16958	3.02	3.1	14.705	4.0855E-8	1	0	5.64952
3002	-28.5	-27.5	39.604	1103.435	7.21242	3.02	3.1	14.004	4.134E-8	1	0	5.86781
3003	-28.5	-26.5	38.917	1103.805	7.27663	3.02	3.1	13.317	4.2072E-8	1	0	6.0881
3004	-28.5	-25.5	38.243	1104.291	7.36213	3.02	3.1	12.643	4.3058E-8	1	0	6.31087
3005	-28.5	-24.5	37.583	1104.887	7.46882	3.02	3.1	11.983	4.4303E-8	1	0	6.53684
3006	-28.5	-23.5	36.939	1105.584	7.59653	3.02	3.1	11.339	4.5817E-8	1	0	6.76701
3007	-28.5	-22.5	36.311	1106.372	7.745	3.02	3.1	10.711	4.7609E-8	1	0	7.00267
3008	-28.5	-21.5	35.7	1107.241	7.91388	3.02	3.1	10.1	4.9689E-8	1	0	7.24538
3009	-28.5	-20.5	35.107	1108.178	8.10264	3.02	3.1	9.507	5.2066E-8	1	0	7.49701
3010	-28.5	-19.5	34.533	1109.168	8.31054	3.02	3.1	8.933	5.4749E-8	1	0	7.75975
3011	-28.5	-18.5	33.978	1110.196	8.5365	3.02	3.1	8.378	5.774E-8	1	0	8.03613
3012	-28.5	-17.5	33.444	1111.246	8.77905	3.02	3.1	7.844	6.104E-8	1	0	8.32904
3013	-28.5	-16.5	32.932	1112.301	9.03612	3.02	3.1	7.332	6.4637E-8	1	0	8.6418
3014	-28.5	-15.5	32.442	1113.344	9.30495	3.02	3.1	6.842	6.8509E-8	1	0	8.97817
3015	-28.5	-14.5	31.977	1114.358	9.58206	3.02	3.1	6.377	7.2618E-8	1	0	9.34219
3016	-28.5	-13.5	31.536	1115.327	9.86358	3.02	3.1	5.936	7.6915E-8	1	0	9.73773
3017	-28.5	-12.5	31.121	1116.237	10.14578	3.02	3.1	5.521	8.1347E-8	1	0	10.16771
3018	-28.5	-11.5	30.733	1117.075	10.42527	3.02	3.1	5.133	8.5858E-8	1	0	10.63349
3019	-28.5	-10.5	30.373	1117.835	10.70027	3.02	20	4.773	9.0418E-8	1	0	11.07765
3020	-28.5	-9.5	30.042	1118.514	10.96976	3.02	20	4.442	9.5001E-8	1	0	11.61089
3021	-28.5	-8.5	29.741	1119.097	11.23358	3.02	20	4.141	9.96E-8	0	0	12.16275
3022	-28.5	-7.5	29.47	1119.578	11.48311	3.02	20	3.87	1.0405E-7	0	0	12.72918
3023	-28.5	-6.5	29.232	1119.958	11.71139	3.02	20	3.632	1.0821E-7	0	0	13.30059
3024	-28.5	-5.5	29.026	1120.252	11.91953	3.02	20	3.426	1.1208E-7	0	0	13.85397
3025	-28.5	-4.5	28.853	1120.472	12.10335	3.02	20	3.253	1.1555E-7	0	0	14.36805
3026	-28.5	-3.5	28.714	1120.629	12.25055	3.02	20	3.114	1.1837E-7	0	0	14.8287
3027	-28.5	-2.5	28.609	1120.735	12.36044	3.02	20	3.009	1.205E-7	0	0	15.20787
3028	-28.5	-1.5	28.539	1120.799	12.43392	3.02	20	2.939	1.2193E-7	0	0	15.47786
3029	-28.5	-0.5	28.504	1120.829	12.47089	3.02	20	2.904	1.2266E-7	0	0	15.61819
3030	-28.5	0.5	28.504	1120.829	12.47089	3.02	20	2.904	1.2266E-7	0	0	15.61819
3031	-28.5	1.5	28.539	1120.799	12.43392	3.02	20	2.939	1.2193E-7	0	0	15.47786
3032	-28.5	2.5	28.609	1120.735	12.36044	3.02	20	3.009	1.205E-7	0	0	15.20787
3033	-28.5	3.5	28.714	1120.629	12.25055	3.02	20	3.114	1.1837E-7	0	0	14.8287
3034	-28.5	4.5	28.853	1120.472	12.10335	3.02	20	3.253	1.1555E-7	0	0	14.36805
3035	-28.5	5.5	29.026	1120.252	11.91953	3.02	20	3.426	1.1208E-7	0	0	13.85397
3036	-28.5	6.5	29.232	1119.958	11.71139	3.02	20	3.632	1.0821E-7	0	0	13.30059
3037	-28.5	7.5	29.47	1119.578	11.48311	3.02	20	3.87	1.0405E-7	0	0	12.72918
3038	-28.5	8.5	29.741	1119.097	11.23358	3.02	20	4.141	9.96E-8	0	0	12.16275
3039	-28.5	9.5	30.042	1118.514	10.96976	3.02	20	4.442	9.5001E-8	1	0	11.61089
3040	-28.5	10.5	30.373	1117.835	10.70027	3.02	20	4.773	9.0418E-8	1	0	11.07765
3041	-28.5	11.5	30.733	1117.075	10.42527	3.02	3.1	5.133	8.5858E-8	1	0	10.63349
3042	-28.5	12.5	31.121	1116.237	10.14578	3.02	3.1	5.521	8.1347E-8	1	0	10.16771
3043	-28.5	13.5	31.536	1115.327	9.86358	3.02	3.1	5.936	7.6915E-8	1	0	9.73773
3044	-28.5	14.5	31.977	1114.358	9.58206	3.02	3.1	6.377	7.2618E-8	1	0	9.34219
3045	-28.5	15.5	32.442	1113.344	9.30495	3.02	3.1	6.842	6.8509E-8	1	0	8.97817
3046	-28.5	16.5	32.932	1112.301	9.03612	3.02	3.1	7.332	6.4637E-8	1	0	8.6418
3047	-28.5	17.5	33.444	1111.246	8.77905	3.02	3.1	7.844	6.104E-8	1	0	8.32904
3048	-28.5	18.5	33.978	1110.196	8.5365	3.02	3.1	8.378	5.774E-8	1	0	8.03613
3049	-28.5	19.5	34.533	1109.168	8.31054	3.02	3.1	8.933	5.4749E-8	1	0	7.75975
3050	-28.5	20.5	35.107	1108.178	8.10264	3.02	3.1	9.507	5.2066E-8	1	0	7.49701
3051	-28.5	21.5	35.7	1107.241	7.91388	3.02	3.1	10.1	4.9689E-8	1	0	7.24538
3052	-28.5	22.5	36.311	1106.372	7.745	3.02	3.1	10.711	4.7609E-8	1	0	7.00267
3053	-28.5	23.5	36.939	1105.584	7.59653	3.02	3.1	11.339	4.5817E-8	1	0	6.76701
3054	-28.5	24.5	37.583	1104.887	7.46882	3.02	3.1	11.983	4.4303E-8	1	0	6.53684
3055	-28.5	25.5	38.243	1104.291	7.36213	3.02	3.1	12.643	4.3058E-8	1	0	6.31087
3056	-28.5	26.5	38.917	1103.805	7.27663	3.02	3.1	13.317	4.2072E-8	1	0	6.0881
3057	-28.5	27.5	39.604	1103.435	7.21242	3.02	3.1	14.004	4.134E-8	1	0	5.86781
3058	-28.5	28.5	40.305	1103.185	7.16958	3.02	3.1	14.705	4.0855E-8	1	0	5.64952
3059	-28.5	29.5	41.018	1103.06	7.15041	3.02	3.1	15.418	4.0638E-8	1	0	5.43128
3060	-27.5	-29.5	40.33	1103.924	6.93597	3.02	3.1	14.73	3.8223E-8	1	0	5.83248
3061	-27.5	-28.5	39.604	1104.053	6.95629	3.02	3.1	14.004	3.8445E-8	1	0	6.08512
3062	-27.5	-27.5	38.891	1104.31	7.0023	3.02	3.1	13.291	3.8951E-8	1	0	6.33881
3063	-27.5	-26.5	38.19	1104.692	7.0713	3.02	3.1	12.59	3.9716E-8	1	0	6.59635
3064	-27.5	-25.5	37.503	1105.192	7.16331	3.02	3.1	11.903	4.0747E-8	1	0	6.85866
3065	-27.5	-24.5	36.831	1105.805	7.27829	3.02	3.1	11.231	4.2055E-8	1	0	7.12703
3066	-27.5	-23.5	36.173	1106.52	7.41618	3.02	3.1	10.573	4.3649E-8	1	0	7.40319
3067	-27.5	-22.5	35.532	1107.328	7.57686	3.02	3.1	9.932	4.5545E-8	1	0	7.68932
3068	-27.5	-21.5	34.907	1108.216	7.76015	3.02	3.1	9.307	4.7757E-8	1	0	7.98811
3069	-27.5	-20.5	34.3	1109.171	7.96571	3.02	3.1	8.7	5.0299E-8	1	0	8.30279
3070	-27.5	-19.5	33.712	1110.177	8.19299	3.02	3.1	8.112	5.3187E-8	1	0	8.63721
3071	-27.5	-18.5	33.144	1111.216	8.44114	3.02	3.1	7.544	5.6432E-8	1	0	8.99593
3072	-27.5	-17.5	32.596	1112.272	8.70883	3.02	3.1	6.996	6.004E-8	1	0	9.3844
3073	-27.5	-16.5	32.07	1113.324	8.99398	3.02	3.1	6.47	6.4007E-8	1	0	9.80919
3074	-27.5	-15.5	31.567	1114.354	9.29349	3.02	3.1	5.967	6.831E-8	1	0	10.27833
3075	-27.5	-14.5	31.089	1115.343	9.60294	3.02	3.1	5.489	7.2903E-8	1	0	10.80151
3076	-27.5	-13.5	30.635	1116.272	9.91716	3.02	20	5.035	7.7721E-8	1	0	11.32661
3077	-27.5	-12.5	30.208	1117.13	10.23156	3.02	20	4.608	8.2695E-8	1	0	11.9966
3078	-27.5	-11.5	29.808	1117.897	10.54089	3.02	20	4.208	8.7742E-8	0	0	12.75119
3079	-27.5	-10.5	29.436	1118.547	10.84483	3.02	20	3.836	9.2848E-8	0	0	13.59345
3080	-27.5	-9.5	29.095	1119.069	11.14323	3.02	20	3.495	9.8005E-8	0	0	14.52283
3081	-27.5	-8.5	28.784	1119.478	11.44722	3.02	20	3.184	1.0341E-7	0	0	15.51792
3082	-27.5	-7.5	28.504	1119.782	11.73395	3.02	20	2.904	1.0864E-7	0	0	16.59415
3083	-27.5	-6.5	28.258	1119.992	11.98767	3.02	20	2.658	1.1338E-7	0	0	17.74983
3084	-27.5	-5.5	28.045	1120.124	12.2265	3.02	20	2.445	1.1793E-7	0	0	18.91982
3085	-27.5	-4.5	27.866	1120.193	12.44839	3.02	20	2.266	1.2225E-7	0	0	20.04882
3086	-27.5	-3.5	27.722	1120.217	12.61442	3.02	20	2.122	1.2553E-7	0	0	21.12619
3087	-27.5	-2.5	27.613	1120.217	12.73553	3.02	20	2.013	1.2795E-7	0	0	22.05156
3088	-27.5	-1.5	27.541	1120.208	12.81699	3.02	20	1.941	1.2959E-7	0	0	22.72969
3089	-27.5	-0.5	27.505	1120.201	12.85844	3.02	20	1.905	1.3043E-7	0	0	23.0884
3090	-27.5	0.5	27.505	1120.201	12.85844	3.02	20	1.905	1.3043E-7	0	0	23.0884
3091	-27.5	1.5	27.541	1120.208	12.81699	3.02	20	1.941	1.2959E-7	0	0	22.72969
3092	-27.5	2.5	27.613	1120.217	12.73553	3.02	20	2.013	1.2795E-7	0	0	22.05156
3093	-27.5	3.5	27.722	1120.217	12.61442	3.02	20	2.122	1.2553E-7	0	0	21.12619
3094	-27.5	4.5	27.866	1120.193	12.44839	3.02	20	2.266	1.2225E-7	0	0	20.04882
3095	-27.5	5.5	28.045	1120.124	12.2265	3.02	20	2.445	1.1793E-7	0	0	18.91982
3096	-27.5	6.5	28.258	1119.992	11.98767	3.02	20	2.658	1.1338E-7	0	0	17.74983
3097	-27.5	7.5	28.504	1119.782	11.73395	3.02	20	2.904	1.0864E-7	0	0	16.59415
3098	-27.5	8.5	28.784	1119.478	11.44722	3.02	20	3.184	1.0341E-7	0	0	15.51792
3099	-27.5	9.5	29.095	1119.069	11.14323	3.02	20	3.495	9.8005E-8	0	0	14.52283
3100	-27.5	10.5	29.436	1118.547	10.84483	3.02	20	3.836	9.2848E-8	0	0	13.59345
3101	-27.5	11.5	29.808	1117.897	10.54089	3.02	20	4.208	8.7742E-8	0	0	12.75119
3102	-27.5	12.5	30.208	1117.13	10.23156	3.02	20	4.608	8.2695E-8	1	0	11.9966
3103	-27.5	13.5	30.635	1116.272	9.91716	3.02	20	5.035	7.7721E-8	1	0	11.32661
3104	-27.5	14.5	31.089	1115.343	9.60294	3.02	3.1	5.489	7.2903E-8	1	0	10.80151
3105	-27.5	15.5	31.567	1114.354	9.29349	3.02	3.1	5.967	6.831E-8	1	0	10.27833
3106	-27.5	16.5	32.07	1113.324	8.99398	3.02	3.1	6.47	6.4007E-8	1	0	9.80919
3107	-27.5	17.5	32.596	1112.272	8.70883	3.02	3.1	6.996	6.004E-8	1	0	9.3844
3108	-27.5	18.5	33.144	1111.216	8.44114	3.02	3.1	7.544	5.6432E-8	1	0	8.99593
3109	-27.5	19.5	33.712	1110.177	8.19299	3.02	3.1	8.112	5.3187E-8	1	0	8.63721
3110	-27.5	20.5	34.3	1109.171	7.96571	3.02	3.1	8.7	5.0299E-8	1	0	8.30279
3111	-27.5	21.5	34.907	1108.216	7.76015	3.02	3.1	9.307	4.7757E-8	1	0	7.98811
3112	-27.5	22.5	35.532	1107.328	7.57686	3.02	3.1	9.932	4.5545E-8	1	0	7.68932
3113	-27.5	23.5	36.173	1106.52	7.41618	3.02	3.1	10.573	4.3649E-8	1	0	7.40319
3114	-27.5	24.5	36.831	1105.805	7.27829	3.02	3.1	11.231	4.2055E-8	1	0	7.12703
3115	-27.5	25.5	37.503	1105.192	7.16331	3.02	3.1	11.903	4.0747E-8	1	0	6.85866
3116	-27.5	26.5	38.19	1104.692	7.0713	3.02	3.1	12.59	3.9716E-8	1	0	6.59635
3117	-27.5	27.5	38.891	1104.31	7.0023	3.02	3.1	13.291	3.8951E-8	1	0	6.33881
3118	-27.5	28.5	39.604	1104.053	6.95629	3.02	3.1	14.004	3.8445E-8	1	0	6.08512
3119	-27.5	29.5	40.33	1103.924	6.93597	3.02	3.1	14.73	3.8223E-8	1	0	5.83248
3120	-26.5	-29.5	39.655	1104.682	6.70577	3.02	3.1	14.055	3.5716E-8	1	0	6.29336
3121	-26.5	-28.5	38.917	1104.816	6.72718	3.02	3.1	13.317	3.5942E-8	1	0	6.58755
3122	-26.5	-27.5	38.19	1105.08	6.77641	3.02	3.1	12.59	3.6466E-8	1	0	6.88428
3123	-26.5	-26.5	37.477	1105.473	6.85031	3.02	3.1	11.877	3.726E-8	1	0	7.18761
3124	-26.5	-25.5	36.776	1105.987	6.94896	3.02	3.1	11.176	3.8332E-8	1	0	7.49913
3125	-26.5	-24.5	36.09	1106.616	7.07243	3.02	3.1	10.49	3.9695E-8	1	0	7.82108
3126	-26.5	-23.5	35.419	1107.35	7.22079	3.02	3.1	9.819	4.1365E-8	1	0	8.15637
3127	-26.5	-22.5	34.763	1108.177	7.3941	3.02	3.1	9.163	4.3359E-8	1	0	8.50873
3128	-26.5	-21.5	34.125	1109.084	7.59238	3.02	3.1	8.525	4.5697E-8	1	0	8.88278
3129	-26.5	-20.5	33.504	1110.055	7.81555	3.02	3.1	7.904	4.8402E-8	1	0	9.28418
3130	-26.5	-19.5	32.901	1111.073	8.06338	3.02	3.1	7.301	5.1498E-8	1	0	9.71987
3131	-26.5	-18.5	32.319	1112.119	8.33539	3.02	3.1	6.719	5.5005E-8	1	0	10.19836
3132	-26.5	-17.5	31.757	1113.174	8.63061	3.02	3.1	6.157	5.8943E-8	1	0	10.73021
3133	-26.5	-16.5	31.217	1114.215	8.94731	3.02	3.1	5.617	6.332E-8	1	0	11.32877
3134	-26.5	-15.5	30.7	1115.221	9.28218	3.02	3.1	5.1	6.8118E-8	1	0	12.01163
3135	-26.5	-14.5	30.208	1116.172	9.62934	3.02	20	4.608	7.3278E-8	1	0	12.74339
3136	-26.5	-13.5	29.741	1117.038	9.98094	3.02	20	4.141	7.8697E-8	0	0	13.6812
3137	-26.5	-12.5	29.3	1117.772	10.33274	3.02	20	3.7	8.4315E-8	0	0	14.78809
3138	-26.5	-11.5	28.888	1118.362	10.67227	3.02	20	3.288	8.9924E-8	0	0	16.1136
3139	-26.5	-10.5	28.504	1118.811	11.0054	3.02	20	2.904	9.5607E-8	0	0	17.68779
3140	-26.5	-9.5	28.151	1119.125	11.32254	3.02	20	2.551	1.0118E-7	0	0	19.57048
3141	-26.5	-8.5	27.83	1119.315	11.69032	3.02	20	2.23	1.0785E-7	0	0	21.68708
3142	-26.5	-7.5	27.541	1119.391	12.02988	3.02	20	1.941	1.1421E-7	0	0	24.21128
3143	-26.5	-6.5	27.286	1119.381	12.29115	3.02	20	1.686	1.1922E-7	0	0	27.28491
3144	-26.5	-5.5	27.065	1119.307	12.58572	3.02	20	1.465	1.2501E-7	0	0	30.66089
3145	-26.5	-4.5	26.879	1119.174	12.88442	3.02	20	1.279	1.3102E-7	0	0	34.2874
3146	-26.5	-3.5	26.73	1119.023	13.0551	3.02	20	1.13	1.3452E-7	0	0	38.3049
3147	-26.5	-2.5	26.618	1118.885	13.17647	3.02	20	1.018	1.3704E-7	0	0	42.14413
3148	-26.5	-1.5	26.542	1118.78	13.25924	3.02	20	1	1.3878E-7	0	1	42.61943
3149	-26.5	-0.5	26.505	1118.724	13.3014	3.02	20	1	1.3967E-7	0	1	42.48368
3150	-26.5	0.5	26.505	1118.724	13.3014	3.02	20	1	1.3967E-7	0	1	42.48368
3151	-26.5	1.5	26.542	1118.78	13.25924	3.02	20	1	1.3878E-7	0	1	42.61943
3152	-26.5	2.5	26.618	1118.885	13.17647	3.02	20	1.018	1.3704E-7	0	0	42.14413
3153	-26.5	3.5	26.73	1119.023	13.0551	3.02	20	1.13	1.3452E-7	0	0	38.3049
3154	-26.5	4.5	26.879	1119.174	12.88442	3.02	20	1.279	1.3102E-7	0	0	34.2874
3155	-26.5	5.5	27.065	1119.307	12.58572	3.02	20	1.465	1.2501E-7	0	0	30.66089
3156	-26.5	6.5	27.286	1119.381	12.29115	3.02	20	1.686	1.1922E-7	0	0	27.28491
3157	-26.5	7.5	27.541	1119.391	12.02988	3.02	20	1.941	1.1421E-7	0	0	24.21128
3158	-26.5	8.5	27.83	1119.315	11.69032	3.02	20	2.23	1.0785E-7	0	0	21.68708
3159	-26.5	9.5	28.151	1119.125	11.32254	3.02	20	2.551	1.0118E-7	0	0	19.57048
3160	-26.5	10.5	28.504	1118.811	11.0054	3.02	20	2.904	9.5607E-8	0	0	17.68779
3161	-26.5	11.5	28.888	1118.362	10.67227	3.02	20	3.288	8.9924E-8	0	0	16.1136
3162	-26.5	12.5	29.3	1117.772	10.33274	3.02	20	3.7	8.4315E-8	0	0	14.78809
3163	-26.5	13.5	29.741	1117.038	9.98094	3.02	20	4.141	7.8697E-8	0	0	13.6812
3164	-26.5	14.5	30.208	1116.172	9.62934	3.02	20	4.608	7.3278E-8	1	0	12.74339
3165	-26.5	15.5	30.7	1115.221	9.28218	3.02	3.1	5.1	6.8118E-8	1	0	12.01163
3166	-26.5	16.5	31.217	1114.215	8.94731	3.02	3.1	5.617	6.332E-8	1	0	11.32877
3167	-26.5	17.5	31.757	1113.174	8.63061	3.02	3.1	6.157	5.8943E-8	1	0	10.73021
3168	-26.5	18.5	32.319	1112.119	8.33539	3.02	3.1	6.719	5.5005E-8	1	0	10.19836
3169	-26.5	19.5	32.901	1111.073	8.06338	3.02	3.1	7.301	5.1498E-8	1	0	9.71987
3170	-26.5	20.5	33.504	1110.055	7.81555	3.02	3.1	7.904	4.8402E-8	1	0	9.28418
3171	-26.5	21.5	34.125	1109.084	7.59238	3.02	3.1	8.525	4.5697E-8	1	0	8.88278
3172	-26.5	22.5	34.763	1108.177	7.3941	3.02	3.1	9.163	4.3359E-8	1	0	8.50873
3173	-26.5	23.5	35.419	1107.35	7.22079	3.02	3.1	9.819	4.1365E-8	1	0	8.15637
3174	-26.5	24.5	36.09	1106.616	7.07243	3.02	3.1	10.49	3.9695E-8	1	0	7.82108
3175	-26.5	25.5	36.776	1105.987	6.94896	3.02	3.1	11.176	3.8332E-8	1	0	7.49913
3176	-26.5	26.5	37.477	1105.473	6.85031	3.02	3.1	11.877	3.726E-8	1	0	7.18761
3177	-26.5	27.5	38.19	1105.08	6.77641	3.02	3.1	12.59	3.6466E-8	1	0	6.88428
3178	-26.5	28.5	38.917	1104.816	6.72718	3.02	3.1	13.317	3.5942E-8	1	0	6.58755
3179	-26.5	29.5	39.655	1104.682	6.70577	3.02	3.1	14.055	3.5716E-8	1	0	6.29336
3180	-25.5	-29.5	38.994	1105.348	6.45955	3.02	3.1	13.394	3.3132E-8	1	0	6.82581
3181	-25.5	-28.5	38.243	1105.486	6.48198	3.02	3.1	12.643	3.336E-8	1	0	7.17057
3182	-25.5	-27.5	37.503	1105.759	6.53446	3.02	3.1	11.903	3.3899E-8	1	0	7.52008
3183	-25.5	-26.5	36.776	1106.163	6.6133	3.02	3.1	11.176	3.4716E-8	1	0	7.88018
3184	-25.5	-25.5	36.062	1106.691	6.71867	3.02	3.1	10.462	3.5822E-8	1	0	8.25362
3185	-25.5	-24.5	35.362	1107.337	6.85074	3.02	3.1	9.762	3.7234E-8	1	0	8.64412
3186	-25.5	-23.5	34.677	1108.089	7.00976	3.02	3.1	9.077	3.897E-8	1	0	9.05663
3187	-25.5	-22.5	34.007	1108.935	7.19596	3.02	3.1	8.407	4.1052E-8	1	0	9.49748
3188	-25.5	-21.5	33.354	1109.859	7.40963	3.02	3.1	7.754	4.3509E-8	1	0	9.97474
3189	-25.5	-20.5	32.718	1110.845	7.65102	3.02	3.1	7.118	4.637E-8	1	0	10.49859
3190	-25.5	-19.5	32.101	1111.873	7.92034	3.02	3.1	6.501	4.9669E-8	1	0	11.08197
3191	-25.5	-18.5	31.504	1112.922	8.21764	3.02	3.1	5.904	5.3443E-8	1	0	11.74144
3192	-25.5	-17.5	30.927	1113.97	8.54269	3.02	3.1	5.327	5.7728E-8	1	0	12.49856
3193	-25.5	-16.5	30.373	1114.991	8.89475	3.02	20	4.773	6.2557E-8	1	0	13.3155
3194	-25.5	-15.5	29.841	1115.96	9.27129	3.02	20	4.241	6.7936E-8	0	0	14.37505
3195	-25.5	-14.5	29.334	1116.809	9.66418	3.02	20	3.734	7.3789E-8	0	0	15.66266
3196	-25.5	-13.5	28.853	1117.506	10.05754	3.02	20	3.253	7.9893E-8	0	0	17.2761
3197	-25.5	-12.5	28.399	1118.041	10.45884	3.02	20	2.799	8.6375E-8	0	0	19.30834
3198	-25.5	-11.5	27.973	1118.411	10.82252	3.02	20	2.373	9.2472E-8	0	0	22.00619
3199	-25.5	-10.5	27.577	1118.616	11.19371	3.02	20	1.977	9.8915E-8	0	0	25.53695
3200	-25.5	-9.5	27.212	1118.67	11.4658	3.02	20	1.612	1.0378E-7	0	0	30.57401
3201	-25.5	-8.5	26.879	1118.581	12.04326	3.02	20	1.279	1.145E-7	0	0	36.67603
3202	-25.5	-7.5	26.58	1118.361	12.52704	3.02	20	1	1.239E-7	0	0	45.10516
3203	-25.5	-6.5	26.315	1118.07	12.82665	3.02	20	1	1.2991E-7	0	0	44.04795
3204	-25.498	-5.518	26.089	1117.746	13.15524	3.02	20	1	1.3667E-7	0	0	42.94376
3205	-25.598	-4.519	25.994	1117.551	13.19641	3.02	20	1	1.3754E-7	0	0	42.80745
3206	-25.678	-3.518	25.918	1117.388	13.31184	3.02	20	1	1.3997E-7	0	1	42.43429
3207	-25.737	-2.516	25.86	1117.256	13.43941	3.02	20	1	1.4267E-7	0	1	42.02991
3208	-25.777	-1.511	25.821	1117.162	13.53583	3.02	20	1	1.4473E-7	0	1	41.72943
3209	-25.797	-0.504	25.802	1117.114	13.58628	3.02	20	1	1.4581E-7	0	1	41.5739
3210	-25.797	0.504	25.802	1117.114	13.58628	3.02	20	1	1.4581E-7	0	1	41.5739
3211	-25.777	1.511	25.821	1117.162	13.53583	3.02	20	1	1.4473E-7	0	1	41.72943
3212	-25.737	2.516	25.86	1117.256	13.43941	3.02	20	1	1.4267E-7	0	1	42.02991
3213	-25.678	3.518	25.918	1117.388	13.31184	3.02	20	1	1.3997E-7	0	1	42.43429
3214	-25.598	4.519	25.994	1117.551	13.19641	3.02	20	1	1.3754E-7	0	0	42.80745
3215	-25.498	5.518	26.089	1117.746	13.15524	3.02	20	1	1.3667E-7	0	0	42.94376
3216	-25.5	6.5	26.315	1118.07	12.82665	3.02	20	1	1.2991E-7	0	0	44.04795
3217	-25.5	7.5	26.58	1118.361	12.52704	3.02	20	1	1.239E-7	0	0	45.10516
3218	-25.5	8.5	26.879	1118.581	12.04326	3.02	20	1.279	1.145E-7	0	0	36.67603
3219	-25.5	9.5	27.212	1118.67	11.4658	3.02	20	1.612	1.0378E-7	0	0	30.57401
3220	-25.5	10.5	27.577	1118.616	11.19371	3.02	20	1.977	9.8915E-8	0	0	25.53695
3221	-25.5	11.5	27.973	1118.411	10.82252	3.02	20	2.373	9.2472E-8	0	0	22.00619
3222	-25.5	12.5	28.399	1118.041	10.45884	3.02	20	2.799	8.6375E-8	0	0	19.30834
3223	-25.5	13.5	28.853	1117.506	10.05754	3.02	20	3.253	7.9893E-8	0	0	17.2761
3224	-25.5	14.5	29.334	1116.809	9.66418	3.02	20	3.734	7.3789E-8	0	0	15.66266
3225	-25.5	15.5	29.841	1115.96	9.27129	3.02	20	4.241	6.7936E-8	0	0	14.37505
3226	-25.5	16.5	30.373	1114.991	8.89475	3.02	20	4.773	6.2557E-8	1	0	13.3155
3227	-25.5	17.5	30.927	1113.97	8.54269	3.02	3.1	5.327	5.7728E-8	1	0	12.49856
3228	-25.5	18.5	31.504	1112.922	8.21764	3.02	3.1	5.904	5.3443E-8	1	0	11.74144
3229	-25.5	19.5	32.101	1111.873	7.92034	3.02	3.1	6.501	4.9669E-8	1	0	11.08197
3230	-25.5	20.5	32.718	1110.845	7.65102	3.02	3.1	7.118	4.637E-8	1	0	10.49859
3231	-25.5	21.5	33.354	1109.859	7.40963	3.02	3.1	7.754	4.3509E-8	1	0	9.97474
3232	-25.5	22.5	34.007	1108.935	7.19596	3.02	3.1	8.407	4.1052E-8	1	0	9.49748
3233	-25.5	23.5	34.677	1108.089	7.00976	3.02	3.1	9.077	3.897E-8	1	0	9.05663
3234	-25.5	24.5	35.362	1107.337	6.85074	3.02	3.1	9.762	3.7234E-8	1	0	8.64412
3235	-25.5	25.5	36.062	1106.691	6.71867	3.02	3.1	10.462	3.5822E-8	1	0	8.25362
3236	-25.5	26.5	36.776	1106.163	6.6133	3.02	3.1	11.176	3.4716E-8	1	0	7.88018
3237	-25.5	27.5	37.503	1105.759	6.53446	3.02	3.1	11.903	3.3899E-8	1	0	7.52008
3238	-25.5	28.5	38.243	1105.486	6.48198	3.02	3.1	12.643	3.336E-8	1	0	7.17057
3239	-25.5	29.5	38.994	1105.348	6.45955	3.02	3.1	13.394	3.3132E-8	1	0	6.82581
3240	-24.5	-29.5	38.347	1105.937	6.19728	3.02	3.1	12.747	3.0488E-8	1	0	7.44469
3241	-24.5	-28.5	37.583	1106.078	6.22064	3.02	3.1	11.983	3.0717E-8	1	0	7.85146
3242	-24.5	-27.5	36.831	1106.359	6.27636	3.02	3.1	11.231	3.1265E-8	1	0	8.26621
3243	-24.5	-26.5	36.09	1106.775	6.36014	3.02	3.1	10.49	3.21E-8	1	0	8.69742
3244	-24.5	-25.5	35.362	1107.32	6.47222	3.02	3.1	9.762	3.3233E-8	1	0	9.14962
3245	-24.5	-24.5	34.648	1107.983	6.61293	3.02	3.1	9.048	3.4684E-8	1	0	9.62904
3246	-24.5	-23.5	33.948	1108.754	6.78264	3.02	3.1	8.348	3.6475E-8	1	0	10.14402
3247	-24.5	-22.5	33.264	1109.619	6.98183	3.02	3.1	7.664	3.8634E-8	1	0	10.7055
3248	-24.5	-21.5	32.596	1110.561	7.21107	3.02	3.1	6.996	4.1196E-8	1	0	11.32781
3249	-24.5	-20.5	31.945	1111.561	7.47102	3.02	3.1	6.345	4.42E-8	1	0	12.02979
3250	-24.5	-19.5	31.313	1112.598	7.7624	3.02	3.1	5.713	4.7693E-8	1	0	12.83656
3251	-24.5	-18.5	30.7	1113.647	8.08592	3.02	3.1	5.1	5.1728E-8	1	0	13.78236
3252	-24.5	-17.5	30.108	1114.683	8.44238	3.02	20	4.508	5.6363E-8	1	0	14.84866
3253	-24.5	-16.5	29.538	1115.653	8.83325	3.02	20	3.938	6.1677E-8	0	0	16.24535
3254	-24.5	-15.5	28.991	1116.486	9.26032	3.02	20	3.391	6.776E-8	0	0	17.99404
3255	-24.5	-14.5	28.469	1117.158	9.71476	3.02	20	2.869	7.4551E-8	0	0	20.27306
3256	-24.5	-13.5	27.973	1117.649	10.14318	3.02	20	2.373	8.1254E-8	0	0	23.47497
3257	-24.5	-12.5	27.505	1117.946	10.63774	3.02	20	1.905	8.936E-8	0	0	27.8904
3258	-24.5	-11.5	27.065	1118.051	11.04922	3.02	20	1.465	9.6402E-8	0	0	34.91216
3259	-24.5	-10.5	26.655	1117.952	11.6262	3.02	20	1.055	1.0674E-7	0	0	46.05244
3260	-24.5	-9.5	26.277	1117.705	12.22362	3.02	20	1	1.18E-7	0	0	46.21617
3261	-24.567	-8.534	26.007	1117.37	12.69517	3.02	20	1	1.273E-7	0	0	44.4953
3262	-24.73	-7.549	25.856	1117.093	12.68023	3.02	20	1	1.2702E-7	0	0	44.54425
3263	-24.868	-6.591	25.726	1116.843	13.06541	3.02	20	1	1.3486E-7	0	0	43.22797
3264	-24.868	6.591	25.726	1116.843	13.06541	3.02	20	1	1.3486E-7	0	0	43.22797
3265	-24.73	7.549	25.856	1117.093	12.68023	3.02	20	1	1.2702E-7	0	0	44.54425
3266	-24.567	8.534	26.007	1117.37	12.69517	3.02	20	1	1.273E-7	0	0	44.4953
3267	-24.5	9.5	26.277	1117.705	12.22362	3.02	20	1	1.18E-7	0	0	46.21617
3268	-24.5	10.5	26.655	1117.952	11.6262	3.02	20	1.055	1.0674E-7	0	0	46.05244
3269	-24.5	11.5	27.065	1118.051	11.04922	3.02	20	1.465	9.6402E-8	0	0	34.91216
3270	-24.5	12.5	27.505	1117.946	10.63774	3.02	20	1.905	8.936E-8	0	0	27.8904
3271	-24.5	13.5	27.973	1117.649	10.14318	3.02	20	2.373	8.1254E-8	0	0	23.47497
3272	-24.5	14.5	28.469	1117.158	9.71476	3.02	20	2.869	7.4551E-8	0	0	20.27306
3273	-24.5	15.5	28.991	1116.486	9.26032	3.02	20	3.391	6.776E-8	0	0	17.99404
3274	-24.5	16.5	29.538	1115.653	8.83325	3.02	20	3.938	6.1677E-8	0	0	16.24535
3275	-24.5	17.5	30.108	1114.683	8.44238	3.02	20	4.508	5.6363E-8	1	0	14.84866
3276	-24.5	18.5	30.7	1113.647	8.08592	3.02	3.1	5.1	5.1728E-8	1	0	13.78236
3277	-24.5	19.5	31.313	1112.598	7.7624	3.02	3.1	5.713	4.7693E-8	1	0	12.83656
3278	-24.5	20.5	31.945	1111.561	7.47102	3.02	3.1	6.345	4.42E-8	1	0	12.02979
3279	-24.5	21.5	32.596	1110.561	7.21107	3.02	3.1	6.996	4.1196E-8	1	0	11.32781
3280	-24.5	22.5	33.264	1109.619	6.98183	3.02	3.1	7.664	3.8634E-8	1	0	10.7055
3281	-24.5	23.5	33.948	1108.754	6.78264	3.02	3.1	8.348	3.6475E-8	1	0	10.14402
3282	-24.5	24.5	34.648	1107.983	6.61293	3.02	3.1	9.048	3.4684E-8	1	0	9.62904
3283	-24.5	25.5	35.362	1107.32	6.47222	3.02	3.1	9.762	3.3233E-8	1	0	9.14962
3284	-24.5	26.5	36.09	1106.775	6.36014	3.02	3.1	10.49	3.21E-8	1	0	8.69742
3285	-24.5	27.5	36.831	1106.359	6.27636	3.02	3.1	11.231	3.1265E-8	1	0	8.26621
3286	-24.5	28.5	37.583	1106.078	6.22064	3.02	3.1	11.983	3.0717E-8	1	0	7.85146
3287	-24.5	29.5	38.347	1105.937	6.19728	3.02	3.1	12.747	3.0488E-8	1	0	7.44469
3288	-23.5	-29.5	37.716	1106.461	5.91917	3.02	3.1	12.116	2.7807E-8	1	0	8.16869
3289	-23.5	-28.5	36.939	1106.608	5.94334	3.02	3.1	11.339	2.8033E-8	1	0	8.65212
3290	-23.5	-27.5	36.173	1106.898	6.00225	3.02	3.1	10.573	2.8587E-8	1	0	9.14821
3291	-23.5	-26.5	35.419	1107.327	6.0909	3.02	3.1	9.819	2.9433E-8	1	0	9.66934
3292	-23.5	-25.5	34.677	1107.888	6.20964	3.02	3.1	9.077	3.0584E-8	1	0	10.22295
3293	-23.5	-24.5	33.948	1108.57	6.3589	3.02	3.1	8.348	3.2062E-8	1	0	10.81938
3294	-23.5	-23.5	33.234	1109.362	6.53925	3.02	3.1	7.634	3.3895E-8	1	0	11.47278
3295	-23.5	-22.5	32.535	1110.248	6.75135	3.02	3.1	6.935	3.6115E-8	1	0	12.20232
3296	-23.5	-21.5	31.851	1111.209	6.99609	3.02	3.1	6.251	3.8765E-8	1	0	13.0341
3297	-23.5	-20.5	31.185	1112.225	7.27457	3.02	3.1	5.585	4.1894E-8	1	0	14.00417
3298	-23.5	-19.5	30.537	1113.27	7.58814	3.02	20	4.937	4.5562E-8	1	0	15.08337
3299	-23.5	-18.5	29.908	1114.316	7.93812	3.02	20	4.308	4.9839E-8	0	0	16.52125
3300	-23.5	-17.5	29.3	1115.282	8.32578	3.02	20	3.7	5.4802E-8	0	0	18.33984
3301	-23.5	-16.5	28.714	1116.109	8.7555	3.02	20	3.114	6.0583E-8	0	0	20.72148
3302	-23.5	-15.5	28.151	1116.772	9.24386	3.02	20	2.551	6.7511E-8	0	0	23.9553
3303	-23.5	-14.5	27.613	1117.241	9.8107	3.02	20	2.013	7.6028E-8	0	0	28.60157
3304	-23.5	-13.5	27.102	1117.493	10.2663	3.02	20	1.502	8.3245E-8	0	0	36.64516
3305	-23.5	-12.5	26.618	1117.491	10.79289	3.02	20	1.018	9.2003E-8	0	0	51.43123
3306	-23.425	-11.537	26.112	1117.223	11.33506	3.02	20	1	1.0149E-7	0	0	49.8323
3307	-23.66	-10.557	25.908	1117.01	11.60175	3.02	20	1	1.0633E-7	0	0	48.68387
3308	-23.856	-9.645	25.732	1116.768	11.88392	3.02	20	1	1.1158E-7	0	0	47.52467
3309	-23.856	9.645	25.732	1116.768	11.88392	3.02	20	1	1.1158E-7	0	0	47.52467
3310	-23.66	10.557	25.908	1117.01	11.60175	3.02	20	1	1.0633E-7	0	0	48.68387
3311	-23.425	11.537	26.112	1117.223	11.33506	3.02	20	1	1.0149E-7	0	0	49.8323
3312	-23.5	12.5	26.618	1117.491	10.79289	3.02	20	1.018	9.2003E-8	0	0	51.43123
3313	-23.5	13.5	27.102	1117.493	10.2663	3.02	20	1.502	8.3245E-8	0	0	36.64516
3314	-23.5	14.5	27.613	1117.241	9.8107	3.02	20	2.013	7.6028E-8	0	0	28.60157
3315	-23.5	15.5	28.151	1116.772	9.24386	3.02	20	2.551	6.7511E-8	0	0	23.9553
3316	-23.5	16.5	28.714	1116.109	8.7555	3.02	20	3.114	6.0583E-8	0	0	20.72148
3317	-23.5	17.5	29.3	1115.282	8.32578	3.02	20	3.7	5.4802E-8	0	0	18.33984
3318	-23.5	18.5	29.908	1114.316	7.93812	3.02	20	4.308	4.9839E-8	0	0	16.52125
3319	-23.5	19.5	30.537	1113.27	7.58814	3.02	20	4.937	4.5562E-8	1	0	15.08337
3320	-23.5	20.5	31.185	1112.225	7.27457	3.02	3.1	5.585	4.1894E-8	1	0	14.00417
3321	-23.5	21.5	31.851	1111.209	6.99609	3.02	3.1	6.251	3.8765E-8	1	0	13.0341
3322	-23.5	22.5	32.535	1110.248	6.75135	3.02	3.1	6.935	3.6115E-8	1	0	12.20232
3323	-23.5	23.5	33.234	1109.362	6.53925	3.02	3.1	7.634	3.3895E-8	1	0	11.47278
3324	-23.5	24.5	33.948	1108.57	6.3589	3.02	3.1	8.348	3.2062E-8	1	0	10.81938
3325	-23.5	25.5	34.677	1107.888	6.20964	3.02	3.1	9.077	3.0584E-8	1	0	10.22295
3326	-23.5	26.5	35.419	1107.327	6.0909	3.02	3.1	9.819	2.9433E-8	1	0	9.66934
3327	-23.5	27.5	36.173	1106.898	6.00225	3.02	3.1	10.573	2.8587E-8	1	0	9.14821
3328	-23.5	28.5	36.939	1106.608	5.94334	3.02	3.1	11.339	2.8033E-8	1	0	8.65212
3329	-23.5	29.5	37.716	1106.461	5.91917	3.02	3.1	12.116	2.7807E-8	1	0	8.16869
3330	-22.5	-29.5	37.101	1106.937	5.62569	3.02	3.1	11.501	2.5113E-8	1	0	9.02151
3331	-22.5	-28.5	36.311	1107.088	5.65053	3.02	3.1	10.711	2.5333E-8	1	0	9.60049
3332	-22.5	-27.5	35.532	1107.388	5.71255	3.02	3.1	9.932	2.5889E-8	1	0	10.19896
3333	-22.5	-26.5	34.763	1107.832	5.80596	3.02	3.1	9.163	2.6737E-8	1	0	10.83503
3334	-22.5	-25.5	34.007	1108.411	5.93122	3.02	3.1	8.407	2.7896E-8	1	0	11.52084
3335	-22.5	-24.5	33.264	1109.116	6.0889	3.02	3.1	7.664	2.939E-8	1	0	12.2736
3336	-22.5	-23.5	32.535	1109.931	6.27969	3.02	3.1	6.935	3.125E-8	1	0	13.11759
3337	-22.5	-22.5	31.82	1110.841	6.50445	3.02	3.1	6.22	3.3513E-8	1	0	14.08703
3338	-22.5	-21.5	31.121	1111.825	6.76434	3.02	3.1	5.521	3.6229E-8	1	0	15.23084
3339	-22.5	-20.5	30.438	1112.859	7.06096	3.02	20	4.838	3.9458E-8	1	0	16.53624
3340	-22.5	-19.5	29.774	1113.908	7.39651	3.02	20	4.174	4.3278E-8	0	0	18.297
3341	-22.5	-18.5	29.129	1114.876	7.77302	3.02	20	3.529	4.7776E-8	0	0	20.59273
3342	-22.5	-17.5	28.504	1115.711	8.18927	3.02	20	2.904	5.301E-8	0	0	23.74937
3343	-22.5	-16.5	27.902	1116.381	8.64486	3.02	20	2.302	5.9055E-8	0	0	28.38954
3344	-22.5	-15.5	27.322	1116.852	9.18437	3.02	20	1.722	6.6642E-8	0	0	35.71265
3345	-22.5	-14.5	26.768	1117.085	9.71875	3.02	20	1.168	7.4615E-8	0	0	49.77989
3346	-22.361	-13.541	26.142	1116.997	10.34199	3.02	20	1	8.4495E-8	0	0	54.61387
3347	-22.649	-12.57	25.904	1116.886	10.76765	3.02	20	1	9.1598E-8	0	0	52.45324
3348	-22.649	12.57	25.904	1116.886	10.76765	3.02	20	1	9.1598E-8	0	0	52.45324
3349	-22.361	13.541	26.142	1116.997	10.34199	3.02	20	1	8.4495E-8	0	0	54.61387
3350	-22.5	14.5	26.768	1117.085	9.71875	3.02	20	1.168	7.4615E-8	0	0	49.77989
3351	-22.5	15.5	27.322	1116.852	9.18437	3.02	20	1.722	6.6642E-8	0	0	35.71265
3352	-22.5	16.5	27.902	1116.381	8.64486	3.02	20	2.302	5.9055E-8	0	0	28.38954
3353	-22.5	17.5	28.504	1115.711	8.18927	3.02	20	2.904	5.301E-8	0	0	23.74937
3354	-22.5	18.5	29.129	1114.876	7.77302	3.02	20	3.529	4.7776E-8	0	0	20.59273
3355	-22.5	19.5	29.774	1113.908	7.39651	3.02	20	4.174	4.3278E-8	0	0	18.297
3356	-22.5	20.5	30.438	1112.859	7.06096	3.02	20	4.838	3.9458E-8	1	0	16.53624
3357	-22.5	21.5	31.121	1111.825	6.76434	3.02	3.1	5.521	3.6229E-8	1	0	15.23084
3358	-22.5	22.5	31.82	1110.841	6.50445	3.02	3.1	6.22	3.3513E-8	1	0	14.08703
3359	-22.5	23.5	32.535	1109.931	6.27969	3.02	3.1	6.935	3.125E-8	1	0	13.11759
3360	-22.5	24.5	33.264	1109.116	6.0889	3.02	3.1	7.664	2.939E-8	1	0	12.2736
3361	-22.5	25.5	34.007	1108.411	5.93122	3.02	3.1	8.407	2.7896E-8	1	0	11.52084
3362	-22.5	26.5	34.763	1107.832	5.80596	3.02	3.1	9.163	2.6737E-8	1	0	10.83503
3363	-22.5	27.5	35.532	1107.388	5.71255	3.02	3.1	9.932	2.5889E-8	1	0	10.19896
3364	-22.5	28.5	36.311	1107.088	5.65053	3.02	3.1	10.711	2.5333E-8	1	0	9.60049
3365	-22.5	29.5	37.101	1106.937	5.62569	3.02	3.1	11.501	2.5113E-8	1	0	9.02151
3366	-21.5	-29.5	36.503	1107.376	5.31765	3.02	3.1	10.903	2.2433E-8	1	0	10.03347
3367	-21.5	-28.5	35.7	1107.533	5.34298	3.02	3.1	10.1	2.2646E-8	1	0	10.73264
3368	-21.5	-27.5	34.907	1107.845	5.40798	3.02	3.1	9.307	2.3197E-8	1	0	11.46119
3369	-21.5	-26.5	34.125	1108.305	5.506	3.02	3.1	8.525	2.4041E-8	1	0	12.24583
3370	-21.5	-25.5	33.354	1108.906	5.6376	3.02	3.1	7.754	2.5197E-8	1	0	13.10629
3371	-21.5	-24.5	32.596	1109.636	5.80348	3.02	3.1	6.996	2.6693E-8	1	0	14.07142
3372	-21.5	-23.5	31.851	1110.48	6.00447	3.02	3.1	6.251	2.8564E-8	1	0	15.18338
3373	-21.5	-22.5	31.121	1111.419	6.24153	3.02	3.1	5.521	3.0851E-8	1	0	16.50467
3374	-21.5	-21.5	30.406	1112.43	6.51593	3.02	20	4.806	3.3608E-8	1	0	18.03946
3375	-21.5	-20.5	29.707	1113.478	6.82969	3.02	20	4.107	3.6906E-8	0	0	20.13682
3376	-21.5	-19.5	29.026	1114.453	7.18665	3.02	20	3.426	4.0847E-8	0	0	22.9399
3377	-21.5	-18.5	28.364	1115.308	7.59239	3.02	20	2.764	4.5573E-8	0	0	26.91592
3378	-21.5	-17.5	27.722	1116.009	8.03889	3.02	20	2.122	5.1074E-8	0	0	33.11111
3379	-21.5	-16.5	27.102	1116.511	8.48035	3.02	20	1.502	5.6826E-8	0	0	44.35023
3380	-21.5	-15.5	26.505	1116.78	9.31588	3.02	20	1	6.8567E-8	0	0	60.62564
3381	-21.526	-14.563	25.989	1116.796	10.26714	3.02	20	1	8.3284E-8	0	0	55.00884
3382	-21.526	14.563	25.989	1116.796	10.26714	3.02	20	1	8.3284E-8	0	0	55.00884
3383	-21.5	15.5	26.505	1116.78	9.31588	3.02	20	1	6.8567E-8	0	0	60.62564
3384	-21.5	16.5	27.102	1116.511	8.48035	3.02	20	1.502	5.6826E-8	0	0	44.35023
3385	-21.5	17.5	27.722	1116.009	8.03889	3.02	20	2.122	5.1074E-8	0	0	33.11111
3386	-21.5	18.5	28.364	1115.308	7.59239	3.02	20	2.764	4.5573E-8	0	0	26.91592
3387	-21.5	19.5	29.026	1114.453	7.18665	3.02	20	3.426	4.0847E-8	0	0	22.9399
3388	-21.5	20.5	29.707	1113.478	6.82969	3.02	20	4.107	3.6906E-8	0	0	20.13682
3389	-21.5	21.5	30.406	1112.43	6.51593	3.02	20	4.806	3.3608E-8	1	0	18.03946
3390	-21.5	22.5	31.121	1111.419	6.24153	3.02	3.1	5.521	3.0851E-8	1	0	16.50467
3391	-21.5	23.5	31.851	1110.48	6.00447	3.02	3.1	6.251	2.8564E-8	1	0	15.18338
3392	-21.5	24.5	32.596	1109.636	5.80348	3.02	3.1	6.996	2.6693E-8	1	0	14.07142
3393	-21.5	25.5	33.354	1108.906	5.6376	3.02	3.1	7.754	2.5197E-8	1	0	13.10629
3394	-21.5	26.5	34.125	1108.305	5.506	3.02	3.1	8.525	2.4041E-8	1	0	12.24583
3395	-21.5	27.5	34.907	1107.845	5.40798	3.02	3.1	9.307	2.3197E-8	1	0	11.46119
3396	-21.5	28.5	35.7	1107.533	5.34298	3.02	3.1	10.1	2.2646E-8	1	0	10.73264
3397	-21.5	29.5	36.503	1107.376	5.31765	3.02	3.1	10.903	2.2433E-8	1	0	10.03347
3398	-20.5	-29.5	35.924	1107.793	4.99618	3.02	3.1	10.324	1.9799E-8	1	0	11.24376
3399	-20.5	-28.5	35.107	1107.957	5.0218	3.02	3.1	9.507	2.0002E-8	1	0	12.09555
3400	-20.5	-27.5	34.3	1108.282	5.08962	3.02	3.1	8.7	2.0543E-8	1	0	12.99111
3401	-20.5	-26.5	33.504	1108.762	5.19201	3.02	3.1	7.904	2.1373E-8	1	0	13.97008
3402	-20.5	-25.5	32.718	1109.388	5.32971	3.02	3.1	7.118	2.2515E-8	1	0	15.06465
3403	-20.5	-24.5	31.945	1110.148	5.50359	3.02	3.1	6.345	2.4E-8	1	0	16.32344
3404	-20.5	-23.5	31.185	1111.025	5.71456	3.02	3.1	5.585	2.5866E-8	1	0	17.82092
3405	-20.5	-22.5	30.438	1112	5.96358	3.02	20	4.838	2.8157E-8	1	0	19.57439
3406	-20.5	-21.5	29.707	1113.038	6.25162	3.02	20	4.107	3.0929E-8	0	0	21.99608
3407	-20.5	-20.5	28.991	1114.024	6.5803	3.02	20	3.391	3.4252E-8	0	0	25.30497
3408	-20.5	-19.5	28.293	1114.906	6.95527	3.02	20	2.693	3.8252E-8	0	0	30.14758
3409	-20.5	-18.5	27.613	1115.65	7.40004	3.02	20	2.013	4.3286E-8	0	0	37.90181
3410	-20.5	-17.5	26.954	1116.224	8.01658	3.02	20	1.354	5.0787E-8	0	0	52.03968
3411	-20.5	-16.5	26.315	1116.552	9.12129	3.02	20	1	6.5739E-8	0	0	61.91499
3412	-20.647	-15.601	25.878	1116.636	9.93022	3.02	20	1	7.7913E-8	0	0	56.87265
3413	-20.647	15.601	25.878	1116.636	9.93022	3.02	20	1	7.7913E-8	0	0	56.87265
3414	-20.5	16.5	26.315	1116.552	9.12129	3.02	20	1	6.5739E-8	0	0	61.91499
3415	-20.5	17.5	26.954	1116.224	8.01658	3.02	20	1.354	5.0787E-8	0	0	52.03968
3416	-20.5	18.5	27.613	1115.65	7.40004	3.02	20	2.013	4.3286E-8	0	0	37.90181
3417	-20.5	19.5	28.293	1114.906	6.95527	3.02	20	2.693	3.8252E-8	0	0	30.14758
3418	-20.5	20.5	28.991	1114.024	6.5803	3.02	20	3.391	3.4252E-8	0	0	25.30497
3419	-20.5	21.5	29.707	1113.038	6.25162	3.02	20	4.107	3.0929E-8	0	0	21.99608
3420	-20.5	22.5	30.438	1112	5.96358	3.02	20	4.838	2.8157E-8	1	0	19.57439
3421	-20.5	23.5	31.185	1111.025	5.71456	3.02	3.1	5.585	2.5866E-8	1	0	17.82092
3422	-20.5	24.5	31.945	1110.148	5.50359	3.02	3.1	6.345	2.4E-8	1	0	16.32344
3423	-20.5	25.5	32.718	1109.388	5.32971	3.02	3.1	7.118	2.2515E-8	1	0	15.06465
3424	-20.5	26.5	33.504	1108.762	5.19201	3.02	3.1	7.904	2.1373E-8	1	0	13.97008
3425	-20.5	27.5	34.3	1108.282	5.08962	3.02	3.1	8.7	2.0543E-8	1	0	12.99111
3426	-20.5	28.5	35.107	1107.957	5.0218	3.02	3.1	9.507	2.0002E-8	1	0	12.09555
3427	-20.5	29.5	35.924	1107.793	4.99618	3.02	3.1	10.324	1.9799E-8	1	0	11.24376
3428	-19.5	-29.5	35.362	1108.199	4.66282	3.02	3.1	9.762	1.7242E-8	1	0	12.70357
3429	-19.5	-28.5	34.533	1108.371	4.68848	3.02	3.1	8.933	1.7431E-8	1	0	13.75116
3430	-19.5	-27.5	33.712	1108.711	4.75885	3.02	3.1	8.112	1.7956E-8	1	0	14.86353
3431	-19.5	-26.5	32.901	1109.214	4.86531	3.02	3.1	7.301	1.8764E-8	1	0	16.10002
3432	-19.5	-25.5	32.101	1109.87	5.00882	3.02	3.1	6.501	1.9882E-8	1	0	17.51335
3433	-19.5	-24.5	31.313	1110.666	5.19047	3.02	3.1	5.713	2.1342E-8	1	0	19.18638
3434	-19.5	-23.5	30.537	1111.585	5.41136	3.02	20	4.937	2.3188E-8	1	0	21.14071
3435	-19.5	-22.5	29.774	1112.599	5.67239	3.02	20	4.174	2.5468E-8	0	0	23.84948
3436	-19.5	-21.5	29.026	1113.594	5.97382	3.02	20	3.426	2.8234E-8	0	0	27.59055
3437	-19.5	-20.5	28.293	1114.508	6.31368	3.02	20	2.693	3.1526E-8	0	0	33.20738
3438	-19.5	-19.5	27.577	1115.305	6.68759	3.02	20	1.977	3.5358E-8	0	0	42.70369
3439	-19.5	-18.5	26.879	1115.933	6.89155	3.02	20	1.279	3.7537E-8	0	0	64.04479
3440	-19.312	-17.559	26.102	1116.423	8.44177	3.02	20	1	5.6312E-8	0	0	66.89643
3441	-19.716	-16.663	25.814	1116.551	8.02913	3.02	20	1	5.0938E-8	0	0	70.33691
3442	-19.716	16.663	25.814	1116.551	8.02913	3.02	20	1	5.0938E-8	0	0	70.33691
3443	-19.312	17.559	26.102	1116.423	8.44177	3.02	20	1	5.6312E-8	0	0	66.89643
3444	-19.5	18.5	26.879	1115.933	6.89155	3.02	20	1.279	3.7537E-8	0	0	64.04479
3445	-19.5	19.5	27.577	1115.305	6.68759	3.02	20	1.977	3.5358E-8	0	0	42.70369
3446	-19.5	20.5	28.293	1114.508	6.31368	3.02	20	2.693	3.1526E-8	0	0	33.20738
3447	-19.5	21.5	29.026	1113.594	5.97382	3.02	20	3.426	2.8234E-8	0	0	27.59055
3448	-19.5	22.5	29.774	1112.599	5.67239	3.02	20	4.174	2.5468E-8	0	0	23.84948
3449	-19.5	23.5	30.537	1111.585	5.41136	3.02	20	4.937	2.3188E-8	1	0	21.14071
3450	-19.5	24.5	31.313	1110.666	5.19047	3.02	3.1	5.713	2.1342E-8	1	0	19.18638
3451	-19.5	25.5	32.101	1109.87	5.00882	3.02	3.1	6.501	1.9882E-8	1	0	17.51335
3452	-19.5	26.5	32.901	1109.214	4.86531	3.02	3.1	7.301	1.8764E-8	1	0	16.10002
3453	-19.5	27.5	33.712	1108.711	4.75885	3.02	3.1	8.112	1.7956E-8	1	0	14.86353
3454	-19.5	28.5	34.533	1108.371	4.68848	3.02	3.1	8.933	1.7431E-8	1	0	13.75116
3455	-19.5	29.5	35.362	1108.199	4.66282	3.02	3.1	9.762	1.7242E-8	1	0	12.70357
3456	-18.5	-29.5	34.821	1108.605	4.3195	3.02	3.1	9.221	1.4794E-8	1	0	14.48043
3457	-18.5	-28.5	33.978	1108.785	4.34491	3.02	3.1	8.378	1.4967E-8	1	0	15.78197
3458	-18.5	-27.5	33.144	1109.144	4.41748	3.02	3.1	7.544	1.5469E-8	1	0	17.17924
3459	-18.5	-26.5	32.319	1109.673	4.52756	3.02	3.1	6.719	1.6246E-8	1	0	18.76196
3460	-18.5	-25.5	31.504	1110.364	4.67645	3.02	3.1	5.904	1.7327E-8	1	0	20.61706
3461	-18.5	-24.5	30.7	1111.204	4.86563	3.02	3.1	5.1	1.875E-8	1	0	22.88791
3462	-18.5	-23.5	29.908	1112.173	5.09651	3.02	20	4.308	2.0563E-8	0	0	25.71718
3463	-18.5	-22.5	29.129	1113.166	5.3704	3.02	20	3.529	2.2823E-8	0	0	29.79111
3464	-18.5	-21.5	28.364	1114.106	5.68825	3.02	20	2.764	2.5594E-8	0	0	35.91382
3465	-18.5	-20.5	27.613	1114.963	6.04478	3.02	20	2.013	2.8892E-8	0	0	46.3905
3466	-18.5	-19.5	26.879	1115.699	6.30336	3.02	20	1.279	3.1406E-8	0	0	70.01633
3467	-18.509	-18.509	26.176	1116.118	6.44957	3.02	20	1	3.2874E-8	0	0	87.55242
3468	-18.509	18.509	26.176	1116.118	6.44957	3.02	20	1	3.2874E-8	0	0	87.55242
3469	-18.5	19.5	26.879	1115.699	6.30336	3.02	20	1.279	3.1406E-8	0	0	70.01633
3470	-18.5	20.5	27.613	1114.963	6.04478	3.02	20	2.013	2.8892E-8	0	0	46.3905
3471	-18.5	21.5	28.364	1114.106	5.68825	3.02	20	2.764	2.5594E-8	0	0	35.91382
3472	-18.5	22.5	29.129	1113.166	5.3704	3.02	20	3.529	2.2823E-8	0	0	29.79111
3473	-18.5	23.5	29.908	1112.173	5.09651	3.02	20	4.308	2.0563E-8	0	0	25.71718
3474	-18.5	24.5	30.7	1111.204	4.86563	3.02	3.1	5.1	1.875E-8	1	0	22.88791
3475	-18.5	25.5	31.504	1110.364	4.67645	3.02	3.1	5.904	1.7327E-8	1	0	20.61706
3476	-18.5	26.5	32.319	1109.673	4.52756	3.02	3.1	6.719	1.6246E-8	1	0	18.76196
3477	-18.5	27.5	33.144	1109.144	4.41748	3.02	3.1	7.544	1.5469E-8	1	0	17.17924
3478	-18.5	28.5	33.978	1108.785	4.34491	3.02	3.1	8.378	1.4967E-8	1	0	15.78197
3479	-18.5	29.5	34.821	1108.605	4.3195	3.02	3.1	9.221	1.4794E-8	1	0	14.48043
3480	-17.5	-29.5	34.3	1109.018	3.96862	3.02	3.1	8.7	1.2486E-8	1	0	16.66438
3481	-17.5	-28.5	33.444	1109.209	3.99341	3.02	3.1	7.844	1.2641E-8	1	0	18.29926
3482	-17.5	-27.5	32.596	1109.588	4.06765	3.02	3.1	6.996	1.3114E-8	1	0	20.07599
3483	-17.5	-26.5	31.757	1110.148	4.18069	3.02	3.1	6.157	1.3849E-8	1	0	22.13177
3484	-17.5	-25.5	30.927	1110.882	4.33435	3.02	3.1	5.327	1.4881E-8	1	0	24.61162
3485	-17.5	-24.5	30.108	1111.774	4.53065	3.02	20	4.508	1.6253E-8	1	0	27.64605
3486	-17.5	-23.5	29.3	1112.751	4.77138	3.02	20	3.7	1.8019E-8	0	0	31.97898
3487	-17.5	-22.5	28.504	1113.702	5.0584	3.02	20	2.904	2.0243E-8	0	0	38.427
3488	-17.5	-21.5	27.722	1114.599	5.39892	3.02	20	2.122	2.3051E-8	0	0	49.2821
3489	-17.5	-20.5	26.954	1115.41	5.90008	3.02	20	1.354	2.752E-8	0	0	70.69124
3490	-17.559	-19.312	26.102	1116.227	7.09715	3.02	20	1	3.9805E-8	0	0	79.56613
3491	-17.559	19.312	26.102	1116.227	7.09715	3.02	20	1	3.9805E-8	0	0	79.56613
3492	-17.5	20.5	26.954	1115.41	5.90008	3.02	20	1.354	2.752E-8	0	0	70.69124
3493	-17.5	21.5	27.722	1114.599	5.39892	3.02	20	2.122	2.3051E-8	0	0	49.2821
3494	-17.5	22.5	28.504	1113.702	5.0584	3.02	20	2.904	2.0243E-8	0	0	38.427
3495	-17.5	23.5	29.3	1112.751	4.77138	3.02	20	3.7	1.8019E-8	0	0	31.97898
3496	-17.5	24.5	30.108	1111.774	4.53065	3.02	20	4.508	1.6253E-8	1	0	27.64605
3497	-17.5	25.5	30.927	1110.882	4.33435	3.02	3.1	5.327	1.4881E-8	1	0	24.61162
3498	-17.5	26.5	31.757	1110.148	4.18069	3.02	3.1	6.157	1.3849E-8	1	0	22.13177
3499	-17.5	27.5	32.596	1109.588	4.06765	3.02	3.1	6.996	1.3114E-8	1	0	20.07599
3500	-17.5	28.5	33.444	1109.209	3.99341	3.02	3.1	7.844	1.2641E-8	1	0	18.29926
3501	-17.5	29.5	34.3	1109.018	3.96862	3.02	3.1	8.7	1.2486E-8	1	0	16.66438
3502	-16.5	-29.5	33.801	1109.445	3.61309	3.02	3.1	8.201	1.0347E-8	1	0	19.37674
3503	-16.5	-28.5	32.932	1109.648	3.6368	3.02	3.1	7.332	1.0482E-8	1	0	21.45477
3504	-16.5	-27.5	32.07	1110.05	3.71195	3.02	3.1	6.47	1.0918E-8	1	0	23.74458
3505	-16.5	-26.5	31.217	1110.646	3.82696	3.02	3.1	5.617	1.1602E-8	1	0	26.45869
3506	-16.5	-25.5	30.373	1111.427	3.98444	3.02	20	4.773	1.2572E-8	1	0	29.69505
3507	-16.5	-24.5	29.538	1112.358	4.18731	3.02	20	3.938	1.388E-8	0	0	34.23797
3508	-16.5	-23.5	28.714	1113.303	4.43757	3.02	20	3.114	1.5582E-8	0	0	40.85176
3509	-16.5	-22.5	27.902	1114.225	4.73285	3.02	20	2.302	1.7717E-8	0	0	51.82361
3510	-16.5	-21.5	27.102	1115.089	5.06155	3.02	20	1.502	2.0256E-8	0	0	74.27649
3511	-16.5	-20.5	26.315	1115.86	5.96333	3.02	20	1	2.8107E-8	0	0	94.68431
3512	-16.663	-19.716	25.814	1116.412	5.67363	3.02	20	1	2.5436E-8	0	0	99.5345
3513	-16.663	19.716	25.814	1116.412	5.67363	3.02	20	1	2.5436E-8	0	0	99.5345
3514	-16.5	20.5	26.315	1115.86	5.96333	3.02	20	1	2.8107E-8	0	0	94.68431
3515	-16.5	21.5	27.102	1115.089	5.06155	3.02	20	1.502	2.0256E-8	0	0	74.27649
3516	-16.5	22.5	27.902	1114.225	4.73285	3.02	20	2.302	1.7717E-8	0	0	51.82361
3517	-16.5	23.5	28.714	1113.303	4.43757	3.02	20	3.114	1.5582E-8	0	0	40.85176
3518	-16.5	24.5	29.538	1112.358	4.18731	3.02	20	3.938	1.388E-8	0	0	34.23797
3519	-16.5	25.5	30.373	1111.427	3.98444	3.02	20	4.773	1.2572E-8	1	0	29.69505
3520	-16.5	26.5	31.217	1110.646	3.82696	3.02	3.1	5.617	1.1602E-8	1	0	26.45869
3521	-16.5	27.5	32.07	1110.05	3.71195	3.02	3.1	6.47	1.0918E-8	1	0	23.74458
3522	-16.5	28.5	32.932	1109.648	3.6368	3.02	3.1	7.332	1.0482E-8	1	0	21.45477
3523	-16.5	29.5	33.801	1109.445	3.61309	3.02	3.1	8.201	1.0347E-8	1	0	19.37674
3524	-15.5	-29.5	33.324	1109.889	3.25634	3.02	3.1	7.724	8.4031E-9	1	0	22.78245
3525	-15.5	-28.5	32.442	1110.105	3.27842	3.02	3.1	6.842	8.5166E-9	1	0	25.45777
3526	-15.5	-27.5	31.567	1110.533	3.35341	3.02	3.1	5.967	8.909E-9	1	0	28.45302
3527	-15.5	-26.5	30.7	1111.169	3.46892	3.02	3.1	5.1	9.5307E-9	1	0	32.10307
3528	-15.5	-25.5	29.841	1112.004	3.62867	3.02	20	4.241	1.0425E-8	0	0	36.68713
3529	-15.5	-24.5	28.991	1112.919	3.83763	3.02	20	3.391	1.1655E-8	0	0	43.37632
3530	-15.5	-23.5	28.151	1113.845	4.10096	3.02	20	2.551	1.3304E-8	0	0	53.9522
3531	-15.5	-22.5	27.322	1114.755	4.41648	3.02	20	1.722	1.5424E-8	0	0	74.22275
3532	-15.5	-21.5	26.505	1115.604	4.89255	3.02	20	1	1.8922E-8	0	0	115.39851
3533	-15.601	-20.647	25.878	1116.276	5.70494	3.02	20	1	2.572E-8	0	0	98.98447
3534	-15.601	20.647	25.878	1116.276	5.70494	3.02	20	1	2.572E-8	0	0	98.98447
3535	-15.5	21.5	26.505	1115.604	4.89255	3.02	20	1	1.8922E-8	0	0	115.39851
3536	-15.5	22.5	27.322	1114.755	4.41648	3.02	20	1.722	1.5424E-8	0	0	74.22275
3537	-15.5	23.5	28.151	1113.845	4.10096	3.02	20	2.551	1.3304E-8	0	0	53.9522
3538	-15.5	24.5	28.991	1112.919	3.83763	3.02	20	3.391	1.1655E-8	0	0	43.37632
3539	-15.5	25.5	29.841	1112.004	3.62867	3.02	20	4.241	1.0425E-8	0	0	36.68713
3540	-15.5	26.5	30.7	1111.169	3.46892	3.02	3.1	5.1	9.5307E-9	1	0	32.10307
3541	-15.5	27.5	31.567	1110.533	3.35341	3.02	3.1	5.967	8.909E-9	1	0	28.45302
3542	-15.5	28.5	32.442	1110.105	3.27842	3.02	3.1	6.842	8.5166E-9	1	0	25.45777
3543	-15.5	29.5	33.324	1109.889	3.25634	3.02	3.1	7.724	8.4031E-9	1	0	22.78245
3544	-14.5	-29.5	32.871	1110.351	2.90237	3.02	3.1	7.271	6.6741E-9	1	0	27.10762
3545	-14.5	-28.5	31.977	1110.58	2.92221	3.02	3.1	6.377	6.765E-9	1	0	30.59943
3546	-14.5	-27.5	31.089	1111.038	2.99564	3.02	3.1	5.489	7.1078E-9	1	0	34.58236
3547	-14.5	-26.5	30.208	1111.72	3.10947	3.02	20	4.608	7.656E-9	1	0	39.41357
3548	-14.5	-25.5	29.334	1112.57	3.26857	3.02	20	3.734	8.4564E-9	0	0	46.25412
3549	-14.5	-24.5	28.469	1113.463	3.48065	3.02	20	2.869	9.5856E-9	0	0	56.52436
3550	-14.5	-23.5	27.613	1114.382	3.76079	3.02	20	2.013	1.1186E-8	0	0	74.55196
3551	-14.5	-22.5	26.768	1115.315	4.05754	3.02	20	1.168	1.3016E-8	0	0	119.17467
3552	-14.563	-21.526	25.989	1116.109	4.73487	3.02	20	1	1.7718E-8	0	0	119.25867
3553	-14.563	21.526	25.989	1116.109	4.73487	3.02	20	1	1.7718E-8	0	0	119.25867
3554	-14.5	22.5	26.768	1115.315	4.05754	3.02	20	1.168	1.3016E-8	0	0	119.17467
3555	-14.5	23.5	27.613	1114.382	3.76079	3.02	20	2.013	1.1186E-8	0	0	74.55196
3556	-14.5	24.5	28.469	1113.463	3.48065	3.02	20	2.869	9.5856E-9	0	0	56.52436
3557	-14.5	25.5	29.334	1112.57	3.26857	3.02	20	3.734	8.4564E-9	0	0	46.25412
3558	-14.5	26.5	30.208	1111.72	3.10947	3.02	20	4.608	7.656E-9	1	0	39.41357
3559	-14.5	27.5	31.089	1111.038	2.99564	3.02	3.1	5.489	7.1078E-9	1	0	34.58236
3560	-14.5	28.5	31.977	1110.58	2.92221	3.02	3.1	6.377	6.765E-9	1	0	30.59943
3561	-14.5	29.5	32.871	1110.351	2.90237	3.02	3.1	7.271	6.6741E-9	1	0	27.10762
3562	-13.5	-29.5	32.442	1110.829	2.55566	3.02	3.1	6.842	5.1738E-9	1	0	32.66438
3563	-13.5	-28.5	31.536	1111.073	2.57267	3.02	3.1	5.936	5.2423E-9	1	0	37.2878
3564	-13.5	-27.5	30.635	1111.56	2.64296	3.02	20	5.035	5.5315E-9	1	0	42.44393
3565	-13.5	-26.5	29.741	1112.284	2.75245	3.02	20	4.141	5.9974E-9	0	0	49.54391
3566	-13.5	-25.5	28.853	1113.109	2.9064	3.02	20	3.253	6.6846E-9	0	0	59.70901
3567	-13.5	-24.5	27.973	1113.987	3.11161	3.02	20	2.373	7.6589E-9	0	0	76.44397
3568	-13.5	-23.5	27.102	1114.903	3.39817	3.02	20	1.502	9.1309E-9	0	0	110.62847
3569	-13.541	-22.361	26.142	1115.955	3.74512	3.02	20	1	1.1085E-8	0	0	150.76947
3570	-13.541	22.361	26.142	1115.955	3.74512	3.02	20	1	1.1085E-8	0	0	150.76947
3571	-13.5	23.5	27.102	1114.903	3.39817	3.02	20	1.502	9.1309E-9	0	0	110.62847
3572	-13.5	24.5	27.973	1113.987	3.11161	3.02	20	2.373	7.6589E-9	0	0	76.44397
3573	-13.5	25.5	28.853	1113.109	2.9064	3.02	20	3.253	6.6846E-9	0	0	59.70901
3574	-13.5	26.5	29.741	1112.284	2.75245	3.02	20	4.141	5.9974E-9	0	0	49.54391
3575	-13.5	27.5	30.635	1111.56	2.64296	3.02	20	5.035	5.5315E-9	1	0	42.44393
3576	-13.5	28.5	31.536	1111.073	2.57267	3.02	3.1	5.936	5.2423E-9	1	0	37.2878
3577	-13.5	29.5	32.442	1110.829	2.55566	3.02	3.1	6.842	5.1738E-9	1	0	32.66438
3578	-12.5	-29.5	32.039	1111.319	2.22103	3.02	3.1	6.439	3.9067E-9	1	0	39.88647
3579	-12.5	-28.5	31.121	1111.579	2.23476	3.02	3.1	5.521	3.9547E-9	1	0	46.09855
3580	-12.5	-27.5	30.208	1112.099	2.30037	3.02	20	4.608	4.1894E-9	1	0	53.28208
3581	-12.5	-26.5	29.3	1112.824	2.403	3.02	20	3.7	4.5701E-9	0	0	63.49846
3582	-12.5	-25.5	28.399	1113.624	2.54878	3.02	20	2.799	5.1396E-9	0	0	79.13182
3583	-12.5	-24.5	27.505	1114.493	2.74901	3.02	20	1.905	5.9766E-9	0	0	107.8211
3584	-12.5	-23.5	26.618	1115.426	3.00582	3.02	20	1.018	7.1425E-9	0	0	184.56414
3585	-12.57	-22.649	25.904	1116.211	3.20965	3.02	20	1	8.1412E-9	0	0	175.93491
3586	-12.57	22.649	25.904	1116.211	3.20965	3.02	20	1	8.1412E-9	0	0	175.93491
3587	-12.5	23.5	26.618	1115.426	3.00582	3.02	20	1.018	7.1425E-9	0	0	184.56414
3588	-12.5	24.5	27.505	1114.493	2.74901	3.02	20	1.905	5.9766E-9	0	0	107.8211
3589	-12.5	25.5	28.399	1113.624	2.54878	3.02	20	2.799	5.1396E-9	0	0	79.13182
3590	-12.5	26.5	29.3	1112.824	2.403	3.02	20	3.7	4.5701E-9	0	0	63.49846
3591	-12.5	27.5	30.208	1112.099	2.30037	3.02	20	4.608	4.1894E-9	1	0	53.28208
3592	-12.5	28.5	31.121	1111.579	2.23476	3.02	3.1	5.521	3.9547E-9	1	0	46.09855
3593	-12.5	29.5	32.039	1111.319	2.22103	3.02	3.1	6.439	3.9067E-9	1	0	39.88647
3594	-11.5	-29.5	31.662	1111.814	1.90329	3.02	3.1	6.062	2.8683E-9	1	0	49.38081
3595	-11.5	-28.5	30.733	1112.089	1.91355	3.02	3.1	5.133	2.8989E-9	1	0	57.84876
3596	-11.5	-27.5	29.808	1112.638	1.97318	3.02	20	4.208	3.0817E-9	0	0	68.01623
3597	-11.5	-26.5	28.888	1113.332	2.06635	3.02	20	3.288	3.3786E-9	0	0	83.1046
3598	-11.5	-25.5	27.973	1114.11	2.1982	3.02	20	2.373	3.8221E-9	0	0	108.21238
3599	-11.5	-24.5	27.065	1114.968	2.3935	3.02	20	1.465	4.5298E-9	0	0	161.02583
3600	-11.537	-23.425	26.112	1115.971	2.64369	3.02	20	1	5.5238E-9	0	0	213.58503
3601	-11.537	23.425	26.112	1115.971	2.64369	3.02	20	1	5.5238E-9	0	0	213.58503
3602	-11.5	24.5	27.065	1114.968	2.3935	3.02	20	1.465	4.5298E-9	0	0	161.02583
3603	-11.5	25.5	27.973	1114.11	2.1982	3.02	20	2.373	3.8221E-9	0	0	108.21238
3604	-11.5	26.5	28.888	1113.332	2.06635	3.02	20	3.288	3.3786E-9	0	0	83.1046
3605	-11.5	27.5	29.808	1112.638	1.97318	3.02	20	4.208	3.0817E-9	0	0	68.01623
3606	-11.5	28.5	30.733	1112.089	1.91355	3.02	3.1	5.133	2.8989E-9	1	0	57.84876
3607	-11.5	29.5	31.662	1111.814	1.90329	3.02	3.1	6.062	2.8683E-9	1	0	49.38081
3608	-10.5	-29.5	31.313	1112.307	1.60691	3.02	3.1	5.713	2.0441E-9	1	0	62.0034
3609	-10.5	-28.5	30.373	1112.597	1.61382	3.02	20	4.773	2.0615E-9	1	0	73.33984
3610	-10.5	-27.5	29.436	1113.15	1.66679	3.02	20	3.836	2.1985E-9	0	0	88.30937
3611	-10.5	-26.5	28.504	1113.807	1.74919	3.02	20	2.904	2.4205E-9	0	0	111.12847
3612	-10.5	-25.5	27.577	1114.562	1.86591	3.02	20	1.977	2.7534E-9	0	0	153.02155
3613	-10.5	-24.5	26.655	1115.412	2.0617	3.02	20	1.055	3.3603E-9	0	0	259.50951
3614	-10.557	-23.66	25.908	1116.223	2.16662	3.02	20	1	3.7097E-9	0	0	260.63235
3615	-10.557	23.66	25.908	1116.223	2.16662	3.02	20	1	3.7097E-9	0	0	260.63235
3616	-10.5	24.5	26.655	1115.412	2.0617	3.02	20	1.055	3.3603E-9	0	0	259.50951
3617	-10.5	25.5	27.577	1114.562	1.86591	3.02	20	1.977	2.7534E-9	0	0	153.02155
3618	-10.5	26.5	28.504	1113.807	1.74919	3.02	20	2.904	2.4205E-9	0	0	111.12847
3619	-10.5	27.5	29.436	1113.15	1.66679	3.02	20	3.836	2.1985E-9	0	0	88.30937
3620	-10.5	28.5	30.373	1112.597	1.61382	3.02	20	4.773	2.0615E-9	1	0	73.33984
3621	-10.5	29.5	31.313	1112.307	1.60691	3.02	3.1	5.713	2.0441E-9	1	0	62.0034
3622	-9.5	-29.5	30.992	1112.789	1.33556	3.02	3.1	5.392	1.4117E-9	1	0	78.97498
3623	-9.5	-28.5	30.042	1113.096	1.33955	3.02	20	4.442	1.42E-9	1	0	94.93658
3624	-9.5	-27.5	29.095	1113.618	1.38586	3.02	20	3.495	1.5195E-9	0	0	116.59272
3625	-9.5	-26.5	28.151	1114.244	1.45693	3.02	20	2.551	1.6789E-9	0	0	151.88177
3626	-9.5	-25.5	27.212	1114.973	1.55143	3.02	20	1.612	1.9032E-9	0	0	225.71938
3627	-9.5	-24.5	26.277	1115.797	1.77127	3.02	20	1	2.4798E-9	0	0	318.76847
3628	-9.645	-23.856	25.732	1116.413	1.7747	3.02	20	1	2.4888E-9	0	0	318.20797
3629	-9.645	23.856	25.732	1116.413	1.7747	3.02	20	1	2.4888E-9	0	0	318.20797
3630	-9.5	24.5	26.277	1115.797	1.77127	3.02	20	1	2.4798E-9	0	0	318.76847
3631	-9.5	25.5	27.212	1114.973	1.55143	3.02	20	1.612	1.9032E-9	0	0	225.71938
3632	-9.5	26.5	28.151	1114.244	1.45693	3.02	20	2.551	1.6789E-9	0	0	151.88177
3633	-9.5	27.5	29.095	1113.618	1.38586	3.02	20	3.495	1.5195E-9	0	0	116.59272
3634	-9.5	28.5	30.042	1113.096	1.33955	3.02	20	4.442	1.42E-9	1	0	94.93658
3635	-9.5	29.5	30.992	1112.789	1.33556	3.02	3.1	5.392	1.4117E-9	1	0	78.97498
3636	-8.5	-29.5	30.7	1113.247	1.09179	3.02	3.1	5.1	9.4322E-10	1	0	102.06218
3637	-8.5	-28.5	29.741	1113.564	1.0934	3.02	20	4.141	9.4589E-10	0	0	124.76321
3638	-8.5	-27.5	28.784	1114.046	1.1338	3.02	20	3.184	1.0169E-9	0	0	156.43296
3639	-8.5	-26.5	27.83	1114.641	1.19734	3.02	20	2.23	1.1337E-9	0	0	211.46316
3640	-8.5	-25.5	26.879	1115.352	1.2991	3.02	20	1.279	1.3342E-9	0	0	339.69335
3641	-8.534	-24.567	26.007	1116.124	1.45161	3.02	20	1	1.6653E-9	0	0	389.00053
3642	-8.534	24.567	26.007	1116.124	1.45161	3.02	20	1	1.6653E-9	0	0	389.00053
3643	-8.5	25.5	26.879	1115.352	1.2991	3.02	20	1.279	1.3342E-9	0	0	339.69335
3644	-8.5	26.5	27.83	1114.641	1.19734	3.02	20	2.23	1.1337E-9	0	0	211.46316
3645	-8.5	27.5	28.784	1114.046	1.1338	3.02	20	3.184	1.0169E-9	0	0	156.43296
3646	-8.5	28.5	29.741	1113.564	1.0934	3.02	20	4.141	9.4589E-10	0	0	124.76321
3647	-8.5	29.5	30.7	1113.247	1.09179	3.02	3.1	5.1	9.4322E-10	1	0	102.06218
3648	-7.5	-29.5	30.438	1113.676	0.87693	3.02	20	4.838	6.084E-10	1	0	133.17895
3649	-7.5	-28.5	29.47	1113.986	0.87656	3.02	20	3.87	6.0781E-10	0	0	166.48948
3650	-7.5	-27.5	28.504	1114.427	0.91077	3.02	20	2.904	6.5604E-10	0	0	213.46708
3651	-7.5	-26.5	27.541	1114.992	0.96504	3.02	20	1.941	7.3636E-10	0	0	301.43499
3652	-7.5	-25.5	26.58	1115.679	1.05952	3.02	20	1	8.8734E-10	0	0	532.88867
3653	-7.549	-24.73	25.856	1116.311	1.11631	3.02	20	1	9.8475E-10	0	0	505.86821
3654	-7.549	24.73	25.856	1116.311	1.11631	3.02	20	1	9.8475E-10	0	0	505.86821
3655	-7.5	25.5	26.58	1115.679	1.05952	3.02	20	1	8.8734E-10	0	0	532.88867
3656	-7.5	26.5	27.541	1114.992	0.96504	3.02	20	1.941	7.3636E-10	0	0	301.43499
3657	-7.5	27.5	28.504	1114.427	0.91077	3.02	20	2.904	6.5604E-10	0	0	213.46708
3658	-7.5	28.5	29.47	1113.986	0.87656	3.02	20	3.87	6.0781E-10	0	0	166.48948
3659	-7.5	29.5	30.438	1113.676	0.87693	3.02	20	4.838	6.084E-10	1	0	133.17895
3660	-6.5	-29.5	30.208	1114.071	0.69135	3.02	20	4.608	3.7808E-10	1	0	177.38755
3661	-6.5	-28.5	29.232	1114.35	0.68952	3.02	20	3.632	3.7603E-10	0	0	225.5494
3662	-6.5	-27.5	28.258	1114.757	0.71747	3.02	20	2.658	4.0706E-10	0	0	296.12734
3663	-6.5	-26.5	27.286	1115.289	0.76013	3.02	20	1.686	4.568E-10	0	0	440.67802
3664	-6.5	-25.5	26.315	1115.943	0.83841	3.02	20	1	5.5556E-10	0	0	673.47565
3665	-6.591	-24.868	25.726	1116.436	0.87755	3.02	20	1	6.0852E-10	0	0	643.52504
3666	-6.591	24.868	25.726	1116.436	0.87755	3.02	20	1	6.0852E-10	0	0	643.52504
3667	-6.5	25.5	26.315	1115.943	0.83841	3.02	20	1	5.5556E-10	0	0	673.47565
3668	-6.5	26.5	27.286	1115.289	0.76013	3.02	20	1.686	4.568E-10	0	0	440.67802
3669	-6.5	27.5	28.258	1114.757	0.71747	3.02	20	2.658	4.0706E-10	0	0	296.12734
3670	-6.5	28.5	29.232	1114.35	0.68952	3.02	20	3.632	3.7603E-10	0	0	225.5494
3671	-6.5	29.5	30.208	1114.071	0.69135	3.02	20	4.608	3.7808E-10	1	0	177.38755
3672	-5.5	-29.5	30.008	1114.416	0.53436	3.02	20	4.408	2.2583E-10	1	0	239.8731
3673	-5.5	-28.5	29.026	1114.66	0.53185	3.02	20	3.426	2.2369E-10	0	0	309.9939
3674	-5.5	-27.5	28.045	1115.034	0.55491	3.02	20	2.445	2.4347E-10	0	0	416.26158
3675	-5.5	-26.5	27.065	1115.535	0.59171	3.02	20	1.465	2.7677E-10	0	0	651.46331
3676	-5.518	-25.498	26.089	1116.16	0.6427	3.02	20	1	3.2644E-10	0	0	878.60757
3677	-5.518	25.498	26.089	1116.16	0.6427	3.02	20	1	3.2644E-10	0	0	878.60757
3678	-5.5	26.5	27.065	1115.535	0.59171	3.02	20	1.465	2.7677E-10	0	0	651.46331
3679	-5.5	27.5	28.045	1115.034	0.55491	3.02	20	2.445	2.4347E-10	0	0	416.26158
3680	-5.5	28.5	29.026	1114.66	0.53185	3.02	20	3.426	2.2369E-10	0	0	309.9939
3681	-5.5	29.5	30.008	1114.416	0.53436	3.02	20	4.408	2.2583E-10	1	0	239.8731
3682	-4.5	-29.5	29.841	1114.701	0.40417	3.02	20	4.241	1.2918E-10	0	0	329.63264
3683	-4.5	-28.5	28.853	1114.914	0.40177	3.02	20	3.253	1.2764E-10	0	0	432.1519
3684	-4.5	-27.5	27.866	1115.258	0.42134	3.02	20	2.266	1.4035E-10	0	0	591.50794
3685	-4.5	-26.5	26.879	1115.73	0.45191	3.02	20	1.279	1.6143E-10	0	0	976.61318
3686	-4.519	-25.598	25.994	1116.268	0.47493	3.02	20	1	1.7825E-10	0	0	1189.01981
3687	-4.519	25.598	25.994	1116.268	0.47493	3.02	20	1	1.7825E-10	0	0	1189.01981
3688	-4.5	26.5	26.879	1115.73	0.45191	3.02	20	1.279	1.6143E-10	0	0	976.61318
3689	-4.5	27.5	27.866	1115.258	0.42134	3.02	20	2.266	1.4035E-10	0	0	591.50794
3690	-4.5	28.5	28.853	1114.914	0.40177	3.02	20	3.253	1.2764E-10	0	0	432.1519
3691	-4.5	29.5	29.841	1114.701	0.40417	3.02	20	4.241	1.2918E-10	0	0	329.63264
3692	-3.5	-29.5	29.707	1114.924	0.29812	3.02	20	4.107	7.0274E-11	0	0	461.51299
3693	-3.5	-28.5	28.714	1115.11	0.29667	3.02	20	3.114	6.9587E-11	0	0	611.37099
3694	-3.5	-27.5	27.722	1115.429	0.31402	3.02	20	2.122	7.7954E-11	0	0	847.50128
3695	-3.5	-26.5	26.73	1115.875	0.33794	3.02	20	1.13	9.0267E-11	0	0	1478.43032
3696	-3.518	-25.678	25.918	1116.34	0.35225	3.02	20	1	9.805E-11	0	0	1603.15925
3697	-3.518	25.678	25.918	1116.34	0.35225	3.02	20	1	9.805E-11	0	0	1603.15925
3698	-3.5	26.5	26.73	1115.875	0.33794	3.02	20	1.13	9.0267E-11	0	0	1478.43032
3699	-3.5	27.5	27.722	1115.429	0.31402	3.02	20	2.122	7.7954E-11	0	0	847.50128
3700	-3.5	28.5	28.714	1115.11	0.29667	3.02	20	3.114	6.9587E-11	0	0	611.37099
3701	-3.5	29.5	29.707	1114.924	0.29812	3.02	20	4.107	7.0274E-11	0	0	461.51299
3702	-2.5	-29.5	29.606	1115.081	0.21297	3.02	20	4.006	3.586E-11	0	0	662.35119
3703	-2.5	-28.5	28.609	1115.247	0.21358	3.02	20	3.009	3.6065E-11	0	0	878.73819
3704	-2.5	-27.5	27.613	1115.548	0.23109	3.02	20	2.013	4.2214E-11	0	0	1213.68323
3705	-2.5	-26.5	26.618	1115.974	0.25135	3.02	20	1.018	4.9933E-11	0	0	2207.4693
3706	-2.516	-25.737	25.86	1116.387	0.26258	3.02	20	1	5.4482E-11	0	0	2150.67102
3707	-2.516	25.737	25.86	1116.387	0.26258	3.02	20	1	5.4482E-11	0	0	2150.67102
3708	-2.5	26.5	26.618	1115.974	0.25135	3.02	20	1.018	4.9933E-11	0	0	2207.4693
3709	-2.5	27.5	27.613	1115.548	0.23109	3.02	20	2.013	4.2214E-11	0	0	1213.68323
3710	-2.5	28.5	28.609	1115.247	0.21358	3.02	20	3.009	3.6065E-11	0	0	878.73819
3711	-2.5	29.5	29.606	1115.081	0.21297	3.02	20	4.006	3.586E-11	0	0	662.35119
3712	-1.5	-29.5	29.538	1115.17	0.14516	3.02	20	3.938	1.6659E-11	0	0	988.44768
3713	-1.5	-28.5	28.539	1115.324	0.1493	3.02	20	2.939	1.7623E-11	0	0	1286.98358
3714	-1.5	-27.5	27.541	1115.616	0.16995	3.02	20	1.941	2.2831E-11	0	0	1711.97657
3715	-1.5	-26.5	26.542	1116.034	0.18933	3.02	20	1	2.8329E-11	0	0	2982.47448
3716	-1.511	-25.777	25.821	1116.415	0.19874	3.02	20	1	3.1212E-11	0	0	2841.46572
3717	-1.511	25.777	25.821	1116.415	0.19874	3.02	20	1	3.1212E-11	0	0	2841.46572
3718	-1.5	26.5	26.542	1116.034	0.18933	3.02	20	1	2.8329E-11	0	0	2982.47448
3719	-1.5	27.5	27.541	1115.616	0.16995	3.02	20	1.941	2.2831E-11	0	0	1711.97657
3720	-1.5	28.5	28.539	1115.324	0.1493	3.02	20	2.939	1.7623E-11	0	0	1286.98358
3721	-1.5	29.5	29.538	1115.17	0.14516	3.02	20	3.938	1.6659E-11	0	0	988.44768
3722	-0.5	-29.5	29.504	1115.188	0.09157	3.02	20	3.904	6.6288E-12	0	0	1580.52864
3723	-0.5	-28.5	28.504	1115.339	0.10149	3.02	20	2.904	8.1425E-12	0	0	1916.20217
3724	-0.5	-27.5	27.505	1115.634	0.12866	3.02	20	1.905	1.3085E-11	0	0	2304.52375
3725	-0.5	-26.5	26.505	1116.059	0.14889	3.02	20	1	1.7519E-11	0	0	3792.57562
3726	-0.504	-25.797	25.802	1116.429	0.1551	3.02	20	1	1.901E-11	0	0	3640.94791
3727	-0.504	25.797	25.802	1116.429	0.1551	3.02	20	1	1.901E-11	0	0	3640.94791
3728	-0.5	26.5	26.505	1116.059	0.14889	3.02	20	1	1.7519E-11	0	0	3792.57562
3729	-0.5	27.5	27.505	1115.634	0.12866	3.02	20	1.905	1.3085E-11	0	0	2304.52375
3730	-0.5	28.5	28.504	1115.339	0.10149	3.02	20	2.904	8.1425E-12	0	0	1916.20217
3731	-0.5	29.5	29.504	1115.188	0.09157	3.02	20	3.904	6.6288E-12	0	0	1580.52864
3732	0.499	-29.497	29.501	1115.082	0.12519	1.1	20	3.901	4.5138E-12	0	0	1158.70303
3733	0.5	-28.5	28.504	1115.24	0.12249	1.1	20	2.904	4.3206E-12	0	0	1589.05791
3734	0.5	-27.5	27.505	1115.567	0.12881	1.1	20	1.905	4.7769E-12	0	0	2302.76682
3735	0.5	-26.5	26.505	1116.06	0.13201	1.2083	20	1	5.5098E-12	0	0	4278.01319
3736	0.504	-25.797	25.802	1116.448	0.08286	2.1115	20	1	3.7932E-12	0	0	6815.6066
3737	0.504	25.797	25.802	1116.448	0.08286	2.1115	20	1	3.7932E-12	0	0	6815.6066
3738	0.5	26.5	26.505	1116.06	0.13201	1.2083	20	1	5.5098E-12	0	0	4278.01319
3739	0.5	27.5	27.505	1115.567	0.12881	1.1	20	1.905	4.7769E-12	0	0	2302.76682
3740	0.5	28.5	28.504	1115.24	0.12249	1.1	20	2.904	4.3206E-12	0	0	1589.05791
3741	0.499	29.497	29.501	1115.082	0.12519	1.1	20	3.901	4.5138E-12	0	0	1158.70303
3742	1.496	-29.481	29.519	1114.973	0.08874	1.1	20	3.919	2.268E-12	0	0	1627.52284
3743	1.5	-28.5	28.539	1115.133	0.08589	1.1	20	2.939	2.1247E-12	0	0	2239.06655
3744	1.5	-27.5	27.541	1115.484	0.08822	1.1	20	1.941	2.2411E-12	0	0	3299.13203
3745	1.5	-26.5	26.542	1116.019	0.08593	1.1908	20	1	2.3009E-12	0	0	6572.11998
3746	1.511	-25.777	25.821	1116.435	0.05238	2.0637	20	1	1.4813E-12	0	0	10782.46869
3747	1.511	25.777	25.821	1116.435	0.05238	2.0637	20	1	1.4813E-12	0	0	10782.46869
3748	1.5	26.5	26.542	1116.019	0.08593	1.1908	20	1	2.3009E-12	0	0	6572.11998
3749	1.5	27.5	27.541	1115.484	0.08822	1.1	20	1.941	2.2411E-12	0	0	3299.13203
3750	1.5	28.5	28.539	1115.133	0.08589	1.1	20	2.939	2.1247E-12	0	0	2239.06655
3751	1.496	29.481	29.519	1114.973	0.08874	1.1	20	3.919	2.268E-12	0	0	1627.52284
3752	2.492	-29.447	29.553	1114.895	0.06256	1.1	20	3.953	1.1273E-12	0	0	2288.64098
3753	2.5	-28.5	28.609	1115.046	0.05963	1.1	20	3.009	1.0239E-12	0	0	3150.62705
3754	2.5	-27.5	27.613	1115.401	0.05989	1.1	20	2.013	1.0328E-12	0	0	4684.89877
3755	2.5	-26.5	26.618	1115.952	0.05768	1.1621	20	1.018	1.0119E-12	0	0	9620.24576
3756	2.516	-25.737	25.86	1116.408	0.03517	1.9772	20	1	6.3989E-13	0	0	16057.90585
3757	2.516	25.737	25.86	1116.408	0.03517	1.9772	20	1	6.3989E-13	0	0	16057.90585
3758	2.5	26.5	26.618	1115.952	0.05768	1.1621	20	1.018	1.0119E-12	0	0	9620.24576
3759	2.5	27.5	27.613	1115.401	0.05989	1.1	20	2.013	1.0328E-12	0	0	4684.89877
3760	2.5	28.5	28.609	1115.046	0.05963	1.1	20	3.009	1.0239E-12	0	0	3150.62705
3761	2.492	29.447	29.553	1114.895	0.06256	1.1	20	3.953	1.1273E-12	0	0	2288.64098
3762	3.488	-29.398	29.604	1114.839	0.04393	1.1	20	4.004	5.5575E-13	0	0	3218.22759
3763	3.5	-28.5	28.714	1114.97	0.04127	1.1	20	3.114	4.9046E-13	0	0	4399.64312
3764	3.5	-27.5	27.722	1115.315	0.0407	1.1	20	2.122	4.77E-13	0	0	6541.91506
3765	3.5	-26.5	26.73	1115.864	0.03923	1.1321	20	1.13	4.5592E-13	0	0	12738.43086
3766	3.518	-25.678	25.918	1116.366	0.02435	1.8665	20	1	2.8948E-13	0	0	23196.25226
3767	3.518	25.678	25.918	1116.366	0.02435	1.8665	20	1	2.8948E-13	0	0	23196.25226
3768	3.5	26.5	26.73	1115.864	0.03923	1.1321	20	1.13	4.5592E-13	0	0	12738.43086
3769	3.5	27.5	27.722	1115.315	0.0407	1.1	20	2.122	4.77E-13	0	0	6541.91506
3770	3.5	28.5	28.714	1114.97	0.04127	1.1	20	3.114	4.9046E-13	0	0	4399.64312
3771	3.488	29.398	29.604	1114.839	0.04393	1.1	20	4.004	5.5575E-13	0	0	3218.22759
3772	4.481	-29.331	29.671	1114.799	0.03083	1.1	20	4.071	2.7379E-13	0	0	4509.38312
3773	4.5	-28.5	28.853	1114.902	0.02856	1.1	20	3.253	2.3496E-13	0	0	6085.94209
3774	4.5	-27.5	27.866	1115.225	0.02777	1.1	20	2.266	2.2211E-13	0	0	8978.95854
3775	4.5	-26.5	26.879	1115.755	0.02672	1.1102	20	1.279	2.0738E-13	0	0	16523.23408
3776	4.519	-25.598	25.994	1116.307	0.01716	1.7463	20	1	1.3453E-13	0	0	32913.391
3777	4.519	25.598	25.994	1116.307	0.01716	1.7463	20	1	1.3453E-13	0	0	32913.391
3778	4.5	26.5	26.879	1115.755	0.02672	1.1102	20	1.279	2.0738E-13	0	0	16523.23408
3779	4.5	27.5	27.866	1115.225	0.02777	1.1	20	2.266	2.2211E-13	0	0	8978.95854
3780	4.5	28.5	28.853	1114.902	0.02856	1.1	20	3.253	2.3496E-13	0	0	6085.94209
3781	4.481	29.331	29.671	1114.799	0.03083	1.1	20	4.071	2.7379E-13	0	0	4509.38312
3782	5.468	-29.248	29.755	1114.771	0.02183	1.1	20	4.155	1.3726E-13	0	0	6241.48012
3783	5.5	-28.5	29.026	1114.841	0.01976	1.1	20	3.426	1.1245E-13	0	0	8355.2716
3784	5.5	-27.5	28.045	1115.131	0.01903	1.1	20	2.445	1.0426E-13	0	0	12148.13706
3785	5.5	-26.5	27.065	1115.63	0.01811	1.101	20	1.465	9.4501E-14	0	0	21292.3236
3786	5.518	-25.498	26.089	1116.233	0.01221	1.6308	20	1	6.3607E-14	0	0	46255.7523
3787	5.518	25.498	26.089	1116.233	0.01221	1.6308	20	1	6.3607E-14	0	0	46255.7523
3788	5.5	26.5	27.065	1115.63	0.01811	1.101	20	1.465	9.4501E-14	0	0	21292.3236
3789	5.5	27.5	28.045	1115.131	0.01903	1.1	20	2.445	1.0426E-13	0	0	12148.13706
3790	5.5	28.5	29.026	1114.841	0.01976	1.1	20	3.426	1.1245E-13	0	0	8355.2716
3791	5.468	29.248	29.755	1114.771	0.02183	1.1	20	4.155	1.3726E-13	0	0	6241.48012
3792	6.435	-29.15	29.852	1114.753	0.01627	1.1	20	4.252	7.6241E-14	0	0	8184.33783
3793	6.5	-28.5	29.232	1114.788	0.01352	1.1	20	3.632	5.2676E-14	0	0	11517.96136
3794	6.5	-27.5	28.258	1115.037	0.01306	1.1	20	2.658	4.9118E-14	0	0	16282.69096
3795	6.5	-26.5	27.286	1115.492	0.01229	1.1	20	1.686	4.3478E-14	0	0	27269.86802
3796	6.5	-25.5	26.315	1116.105	0.01001	1.3364	20	1	3.5057E-14	0	0	56403.03935
3797	6.591	-24.868	25.726	1116.48	0.00599	2.3472	20	1	2.2044E-14	0	0	94261.71515
3798	6.591	24.868	25.726	1116.48	0.00599	2.3472	20	1	2.2044E-14	0	0	94261.71515
3799	6.5	25.5	26.315	1116.105	0.01001	1.3364	20	1	3.5057E-14	0	0	56403.03935
3800	6.5	26.5	27.286	1115.492	0.01229	1.1	20	1.686	4.3478E-14	0	0	27269.86802
3801	6.5	27.5	28.258	1115.037	0.01306	1.1	20	2.658	4.9118E-14	0	0	16282.69096
3802	6.5	28.5	29.232	1114.788	0.01352	1.1	20	3.632	5.2676E-14	0	0	11517.96136
3803	6.435	29.15	29.852	1114.753	0.01627	1.1	20	4.252	7.6241E-14	0	0	8184.33783
3804	7.229	-29.058	29.943	1114.74	0.00518	1.1	20	4.343	7.7314E-15	0	0	25163.17948
3805	7.495	-28.493	29.463	1114.748	0.0091	1.1	20	3.863	2.3849E-14	0	0	16099.73434
3806	7.5	-27.5	28.504	1114.943	0.00899	1.1	20	2.904	2.328E-14	0	0	21647.91816
3807	7.5	-26.5	27.541	1115.342	0.00834	1.1	20	1.941	2.0025E-14	0	0	34900.79472
3808	7.5	-25.5	26.58	1115.929	0.00747	1.1755	20	1	1.7145E-14	0	0	75643.46272
3809	7.549	-24.73	25.856	1116.404	0.00435	1.9898	20	1	9.854E-15	0	0	129811.0502
3810	7.549	24.73	25.856	1116.404	0.00435	1.9898	20	1	9.854E-15	0	0	129811.0502
3811	7.5	25.5	26.58	1115.929	0.00747	1.1755	20	1	1.7145E-14	0	0	75643.46272
3812	7.5	26.5	27.541	1115.342	0.00834	1.1	20	1.941	2.0025E-14	0	0	34900.79472
3813	7.5	27.5	28.504	1114.943	0.00899	1.1	20	2.904	2.328E-14	0	0	21647.91816
3814	7.495	28.493	29.463	1114.748	0.0091	1.1	20	3.863	2.3849E-14	0	0	16099.73434
3815	7.229	29.058	29.943	1114.74	0.00518	1.1	20	4.343	7.7314E-15	0	0	25163.17948
3816	8.468	-28.389	29.625	1114.724	0.00734	1.1	20	4.025	1.5523E-14	0	0	19153.43616
3817	8.5	-27.5	28.784	1114.853	0.00623	1.1	20	3.184	1.1194E-14	0	0	28488.04486
3818	8.5	-26.5	27.83	1115.19	0.00574	1.1	20	2.23	9.4809E-15	0	0	44157.94214
3819	8.5	-25.5	26.879	1115.724	0.00527	1.1106	20	1.279	8.0765E-15	0	0	83744.12702
3820	8.534	-24.567	26.007	1116.288	0.0033	1.7314	20	1	4.9459E-15	0	0	170916.93449
3821	8.534	24.567	26.007	1116.288	0.0033	1.7314	20	1	4.9459E-15	0	0	170916.93449
3822	8.5	25.5	26.879	1115.724	0.00527	1.1106	20	1.279	8.0765E-15	0	0	83744.12702
3823	8.5	26.5	27.83	1115.19	0.00574	1.1	20	2.23	9.4809E-15	0	0	44157.94214
3824	8.5	27.5	28.784	1114.853	0.00623	1.1	20	3.184	1.1194E-14	0	0	28488.04486
3825	8.468	28.389	29.625	1114.724	0.00734	1.1	20	4.025	1.5523E-14	0	0	19153.43616
3826	9.439	-28.237	29.773	1114.712	0.00534	1.1	20	4.173	8.2036E-15	0	0	25418.45563
3827	9.5	-27.5	29.095	1114.777	0.00433	1.1	20	3.495	5.4076E-15	0	0	37353.10587
3828	9.5	-26.5	28.151	1115.048	0.00398	1.1	20	2.551	4.5722E-15	0	0	55588.04267
3829	9.5	-25.5	27.212	1115.511	0.00361	1.1001	20	1.612	3.7472E-15	0	0	97117.96728
3830	9.5	-24.5	26.277	1116.108	0.00281	1.3736	20	1	2.8421E-15	0	0	200831.52182
3831	9.645	-23.856	25.732	1116.481	0.00162	2.3385	20	1	1.6111E-15	0	0	348033.933
3832	9.645	23.856	25.732	1116.481	0.00162	2.3385	20	1	1.6111E-15	0	0	348033.933
3833	9.5	24.5	26.277	1116.108	0.00281	1.3736	20	1	2.8421E-15	0	0	200831.52182
3834	9.5	25.5	27.212	1115.511	0.00361	1.1001	20	1.612	3.7472E-15	0	0	97117.96728
3835	9.5	26.5	28.151	1115.048	0.00398	1.1	20	2.551	4.5722E-15	0	0	55588.04267
3836	9.5	27.5	29.095	1114.777	0.00433	1.1	20	3.495	5.4076E-15	0	0	37353.10587
3837	9.439	28.237	29.773	1114.712	0.00534	1.1	20	4.173	8.2036E-15	0	0	25418.45563
3838	10.259	-28.095	29.91	1114.707	0.00444	1.1	20	4.31	5.6878E-15	0	0	29565.8037
3839	10.496	-27.495	29.43	1114.724	0.00297	1.1	20	3.83	2.5399E-15	0	0	49748.463
3840	10.5	-26.5	28.504	1114.92	0.00278	1.1	20	2.904	2.2193E-15	0	0	70113.24475
3841	10.5	-25.5	27.577	1115.304	0.00248	1.1	20	1.977	1.7698E-15	0	0	115244.7303
3842	10.5	-24.5	26.655	1115.867	0.00219	1.1507	20	1.055	1.4445E-15	0	0	244350.75758
3843	10.557	-23.66	25.908	1116.372	0.00126	1.891	20	1	7.8415E-16	0	0	448597.44056
3844	10.557	23.66	25.908	1116.372	0.00126	1.891	20	1	7.8415E-16	0	0	448597.44056
3845	10.5	24.5	26.655	1115.867	0.00219	1.1507	20	1.055	1.4445E-15	0	0	244350.75758
3846	10.5	25.5	27.577	1115.304	0.00248	1.1	20	1.977	1.7698E-15	0	0	115244.7303
3847	10.5	26.5	28.504	1114.92	0.00278	1.1	20	2.904	2.2193E-15	0	0	70113.24475
3848	10.496	27.495	29.43	1114.724	0.00297	1.1	20	3.83	2.5399E-15	0	0	49748.463
3849	10.259	28.095	29.91	1114.707	0.00444	1.1	20	4.31	5.6878E-15	0	0	29565.8037
3850	11.451	-27.363	29.663	1114.7	0.00241	1.1	20	4.063	1.669E-15	0	0	57875.79678
3851	11.5	-26.5	28.888	1114.81	0.00195	1.1	20	3.288	1.0956E-15	0	0	88190.29815
3852	11.5	-25.5	27.973	1115.114	0.00174	1.1	20	2.373	8.702E-16	0	0	136965.12238
3853	11.5	-24.5	27.065	1115.601	0.00155	1.1016	20	1.465	6.932E-16	0	0	248675.75716
3854	11.537	-23.425	26.112	1116.217	0.00096	1.6115	20	1	3.8711E-16	0	0	589418.20566
3855	11.537	23.425	26.112	1116.217	0.00096	1.6115	20	1	3.8711E-16	0	0	589418.20566
3856	11.5	24.5	27.065	1115.601	0.00155	1.1016	20	1.465	6.932E-16	0	0	248675.75716
3857	11.5	25.5	27.973	1115.114	0.00174	1.1	20	2.373	8.702E-16	0	0	136965.12238
3858	11.5	26.5	28.888	1114.81	0.00195	1.1	20	3.288	1.0956E-15	0	0	88190.29815
3859	11.451	27.363	29.663	1114.7	0.00241	1.1	20	4.063	1.669E-15	0	0	57875.79678
3860	12.358	-27.167	29.846	1114.694	0.00186	1.1	20	4.246	9.9592E-16	0	0	71704.73951
3861	12.5	-26.5	29.3	1114.729	0.00137	1.1	20	3.7	5.3719E-16	0	0	111958.7712
3862	12.5	-25.5	28.399	1114.947	0.00123	1.1	20	2.799	4.3251E-16	0	0	164786.29729
3863	12.5	-24.5	27.505	1115.341	0.00107	1.1	20	1.905	3.3102E-16	0	0	276625.9802
3864	12.5	-23.5	26.618	1115.9	0.00089	1.1621	20	1.018	2.4163E-16	0	0	622563.37863
3865	12.57	-22.649	25.904	1116.362	0.00053	1.903	20	1	1.3742E-16	0	0	1074985.91181
3866	12.57	22.649	25.904	1116.362	0.00053	1.903	20	1	1.3742E-16	0	0	1074985.91181
3867	12.5	23.5	26.618	1115.9	0.00089	1.1621	20	1.018	2.4163E-16	0	0	622563.37863
3868	12.5	24.5	27.505	1115.341	0.00107	1.1	20	1.905	3.3102E-16	0	0	276625.9802
3869	12.5	25.5	28.399	1114.947	0.00123	1.1	20	2.799	4.3251E-16	0	0	164786.29729
3870	12.5	26.5	29.3	1114.729	0.00137	1.1	20	3.7	5.3719E-16	0	0	111958.7712
3871	12.358	27.167	29.846	1114.694	0.00186	1.1	20	4.246	9.9592E-16	0	0	71704.73951
3872	13.026	-27.012	29.989	1114.691	0.00104	1.1	20	4.389	3.092E-16	0	0	124534.40251
3873	13.448	-26.407	29.634	1114.692	0.00107	1.1	20	4.034	3.2937E-16	0	0	131219.11539
3874	13.5	-25.5	28.853	1114.811	0.00086	1.1	20	3.253	2.1469E-16	0	0	201331.97639
3875	13.5	-24.5	27.973	1115.109	0.00075	1.1	20	2.373	1.6277E-16	0	0	316684.60905
3876	13.5	-23.5	27.102	1115.576	0.00065	1.1011	20	1.502	1.2195E-16	0	0	578186.93834
3877	13.541	-22.361	26.142	1116.193	0.00039	1.5858	20	1	6.2995E-17	0	0	1449424.41917
3878	13.541	22.361	26.142	1116.193	0.00039	1.5858	20	1	6.2995E-17	0	0	1449424.41917
3879	13.5	23.5	27.102	1115.576	0.00065	1.1011	20	1.502	1.2195E-16	0	0	578186.93834
3880	13.5	24.5	27.973	1115.109	0.00075	1.1	20	2.373	1.6277E-16	0	0	316684.60905
3881	13.5	25.5	28.853	1114.811	0.00086	1.1	20	3.253	2.1469E-16	0	0	201331.97639
3882	13.448	26.407	29.634	1114.692	0.00107	1.1	20	4.034	3.2937E-16	0	0	131219.11539
3883	13.026	27.012	29.989	1114.691	0.00104	1.1	20	4.389	3.092E-16	0	0	124534.40251
3884	14.325	-26.179	29.842	1114.681	0.00085	1.1	20	4.242	2.0587E-16	0	0	157879.86339
3885	14.5	-25.5	29.334	1114.715	0.00061	1.1	20	3.734	1.0889E-16	0	0	246423.06153
3886	14.5	-24.5	28.469	1114.915	0.00054	1.1	20	2.869	8.2732E-17	0	0	367563.6592
3887	14.5	-23.5	27.613	1115.276	0.00046	1.1	20	2.013	6.035E-17	0	0	612876.10767
3888	14.5	-22.5	26.768	1115.795	0.00038	1.1259	20	1.168	4.1502E-17	0	0	1288854.34877
3889	14.563	-21.526	25.989	1116.279	0.00023	1.7646	20	1	2.355E-17	0	0	2500596.60495
3890	14.563	21.526	25.989	1116.279	0.00023	1.7646	20	1	2.355E-17	0	0	2500596.60495
3891	14.5	22.5	26.768	1115.795	0.00038	1.1259	20	1.168	4.1502E-17	0	0	1288854.34877
3892	14.5	23.5	27.613	1115.276	0.00046	1.1	20	2.013	6.035E-17	0	0	612876.10767
3893	14.5	24.5	28.469	1114.915	0.00054	1.1	20	2.869	8.2732E-17	0	0	367563.6592
3894	14.5	25.5	29.334	1114.715	0.00061	1.1	20	3.734	1.0889E-16	0	0	246423.06153
3895	14.325	26.179	29.842	1114.681	0.00085	1.1	20	4.242	2.0587E-16	0	0	157879.86339
3896	15.426	-25.364	29.687	1114.675	0.00049	1.1	20	4.087	6.9236E-17	0	0	282505.26761
3897	15.5	-24.5	28.991	1114.766	0.00038	1.1	20	3.391	4.2146E-17	0	0	435940.42287
3898	15.5	-23.5	28.151	1115.019	0.00032	1.1	20	2.551	3.0135E-17	0	0	684705.94581
3899	15.5	-22.5	27.322	1115.42	0.00027	1.1	20	1.722	2.0922E-17	0	0	1216723.94274
3900	15.5	-21.5	26.505	1115.935	0.00021	1.2079	20	1	1.4199E-17	0	0	2664519.27824
3901	15.601	-20.647	25.878	1116.371	0.00013	1.9606	20	1	8.1805E-18	0	0	4472158.41099
3902	15.601	20.647	25.878	1116.371	0.00013	1.9606	20	1	8.1805E-18	0	0	4472158.41099
3903	15.5	21.5	26.505	1115.935	0.00021	1.2079	20	1	1.4199E-17	0	0	2664519.27824
3904	15.5	22.5	27.322	1115.42	0.00027	1.1	20	1.722	2.0922E-17	0	0	1216723.94274
3905	15.5	23.5	28.151	1115.019	0.00032	1.1	20	2.551	3.0135E-17	0	0	684705.94581
3906	15.5	24.5	28.991	1114.766	0.00038	1.1	20	3.391	4.2146E-17	0	0	435940.42287
3907	15.426	25.364	29.687	1114.675	0.00049	1.1	20	4.087	6.9236E-17	0	0	282505.26761
3908	16.195	-25.126	29.893	1114.66	0.00033	1.1	20	4.293	3.1172E-17	0	0	400882.74729
3909	16.478	-24.475	29.505	1114.68	0.00028	1.1	20	3.905	2.262E-17	0	0	517157.00086
3910	16.5	-23.5	28.714	1114.822	0.00023	1.1	20	3.114	1.5556E-17	0	0	781213.07705
3911	16.5	-22.5	27.902	1115.11	0.00019	1.1	20	2.302	1.0728E-17	0	0	1271857.05661
3912	16.5	-21.5	27.102	1115.533	0.00016	1.1013	20	1.502	7.3971E-18	0	0	2347796.05858
3913	16.5	-20.5	26.315	1116.047	0.00012	1.3386	20	1	5.0226E-18	0	0	4716107.57007
3914	16.663	-19.716	25.814	1116.439	0.00006	2.1109	20	1	2.1516E-18	0	0	9048343.49996
3915	16.663	19.716	25.814	1116.439	0.00006	2.1109	20	1	2.1516E-18	0	0	9048343.49996
3916	16.5	20.5	26.315	1116.047	0.00012	1.3386	20	1	5.0226E-18	0	0	4716107.57007
3917	16.5	21.5	27.102	1115.533	0.00016	1.1013	20	1.502	7.3971E-18	0	0	2347796.05858
3918	16.5	22.5	27.902	1115.11	0.00019	1.1	20	2.302	1.0728E-17	0	0	1271857.05661
3919	16.5	23.5	28.714	1114.822	0.00023	1.1	20	3.114	1.5556E-17	0	0	781213.07705
3920	16.478	24.475	29.505	1114.68	0.00028	1.1	20	3.905	2.262E-17	0	0	517157.00086
3921	16.195	25.126	29.893	1114.66	0.00033	1.1	20	4.293	3.1172E-17	0	0	400882.74729
3922	17.336	-24.241	29.802	1114.65	0.00023	1.1	20	4.202	1.4775E-17	0	0	594865.55313
3923	17.5	-23.5	29.3	1114.689	0.00017	1.1	20	3.7	8.5498E-18	0	0	887453.48307
3924	17.5	-22.5	28.504	1114.869	0.00014	1.1	20	2.904	5.7824E-18	0	0	1373559.69116
3925	17.5	-21.5	27.722	1115.18	0.00012	1.1	20	2.122	3.8591E-18	0	0	2299947.77959
3926	17.5	-20.5	26.954	1115.618	0.0001	1.1065	20	1.354	2.6591E-18	0	0	4353851.43126
3927	17.559	-19.312	26.102	1116.19	0.00005	1.6302	20	1	1.224E-18	0	0	10542481.87497
3928	17.559	19.312	26.102	1116.19	0.00005	1.6302	20	1	1.224E-18	0	0	10542481.87497
3929	17.5	20.5	26.954	1115.618	0.0001	1.1065	20	1.354	2.6591E-18	0	0	4353851.43126
3930	17.5	21.5	27.722	1115.18	0.00012	1.1	20	2.122	3.8591E-18	0	0	2299947.77959
3931	17.5	22.5	28.504	1114.869	0.00014	1.1	20	2.904	5.7824E-18	0	0	1373559.69116
3932	17.5	23.5	29.3	1114.689	0.00017	1.1	20	3.7	8.5498E-18	0	0	887453.48307
3933	17.336	24.241	29.802	1114.65	0.00023	1.1	20	4.202	1.4775E-17	0	0	594865.55313
3934	18.394	-23.349	29.723	1114.64	0.00013	1.1	20	4.123	5.1382E-18	0	0	1027836.50398
3935	18.5	-22.5	29.129	1114.705	0.0001	1.1	20	3.529	3.1621E-18	0	0	1529707.81017
3936	18.5	-21.5	28.364	1114.903	0.00009	1.1	20	2.764	2.0907E-18	0	0	2400254.78336
3937	18.5	-20.5	27.613	1115.218	0.00007	1.1	20	2.013	1.3835E-18	0	0	4047728.77497
3938	18.5	-19.5	26.879	1115.635	0.00005	1.112	20	1.279	7.9134E-19	0	0	8465395.36941
3939	18.509	-18.509	26.176	1115.928	0.00003	1.4852	20	1	3.6068E-19	0	0	18537167.71035
3940	18.509	18.509	26.176	1115.928	0.00003	1.4852	20	1	3.6068E-19	0	0	18537167.71035
3941	18.5	19.5	26.879	1115.635	0.00005	1.112	20	1.279	7.9134E-19	0	0	8465395.36941
3942	18.5	20.5	27.613	1115.218	0.00007	1.1	20	2.013	1.3835E-18	0	0	4047728.77497
3943	18.5	21.5	28.364	1114.903	0.00009	1.1	20	2.764	2.0907E-18	0	0	2400254.78336
3944	18.5	22.5	29.129	1114.705	0.0001	1.1	20	3.529	3.1621E-18	0	0	1529707.81017
3945	18.394	23.349	29.723	1114.64	0.00013	1.1	20	4.123	5.1382E-18	0	0	1027836.50398
3946	19.087	-23.072	29.944	1114.627	0.0001	1.1	20	4.344	2.8851E-18	0	0	1302378.31824
3947	19.422	-22.412	29.657	1114.633	0.00008	1.1	20	4.057	1.8151E-18	0	0	1757534.96515
3948	19.5	-21.5	29.026	1114.716	0.00006	1.1	20	3.426	1.164E-18	0	0	2596880.96766
3949	19.5	-20.5	28.293	1114.918	0.00005	1.1	20	2.693	7.465E-19	0	0	4121942.81948
3950	19.5	-19.5	27.577	1115.226	0.00004	1.1	20	1.977	4.6272E-19	0	0	7127291.90685
3951	19.5	-18.5	26.879	1115.635	0.00003	1.112	20	1.279	3.1136E-19	0	0	13495864.11562
3952	19.312	-17.559	26.102	1116.19	0.00002	1.6302	20	1	2.1961E-19	0	0	24888942.08674
3953	19.716	-16.663	25.814	1116.439	0.00001	2.1109	20	1	7.4757E-20	0	0	48542696.92144
3954	19.716	16.663	25.814	1116.439	0.00001	2.1109	20	1	7.4757E-20	0	0	48542696.92144
3955	19.312	17.559	26.102	1116.19	0.00002	1.6302	20	1	2.1961E-19	0	0	24888942.08674
3956	19.5	18.5	26.879	1115.635	0.00003	1.112	20	1.279	3.1136E-19	0	0	13495864.11562
3957	19.5	19.5	27.577	1115.226	0.00004	1.1	20	1.977	4.6272E-19	0	0	7127291.90685
3958	19.5	20.5	28.293	1114.918	0.00005	1.1	20	2.693	7.465E-19	0	0	4121942.81948
3959	19.5	21.5	29.026	1114.716	0.00006	1.1	20	3.426	1.164E-18	0	0	2596880.96766
3960	19.422	22.412	29.657	1114.633	0.00008	1.1	20	4.057	1.8151E-18	0	0	1757534.96515
3961	19.087	23.072	29.944	1114.627	0.0001	1.1	20	4.344	2.8851E-18	0	0	1302378.31824
3962	20.132	-22.121	29.91	1114.616	0.00006	1.1	20	4.31	1.0998E-18	0	0	2125783.40711
3963	20.438	-21.436	29.617	1114.629	0.00005	1.1	20	4.017	6.7542E-19	0	0	2909358.02167
3964	20.5	-20.5	28.991	1114.719	0.00004	1.1	20	3.391	4.293E-19	0	0	4319414.58247
3965	20.5	-19.5	28.293	1114.918	0.00003	1.1	20	2.693	2.6763E-19	0	0	6884114.2256
3966	20.5	-18.5	27.613	1115.217	0.00002	1.1	20	2.013	1.7007E-19	0	0	11545089.2388
3967	20.5	-17.5	26.954	1115.618	0.00002	1.1065	20	1.354	1.1066E-19	0	0	21342466.891
3968	20.5	-16.5	26.315	1116.047	0.00001	1.3386	20	1	6.5999E-20	0	0	41141452.10578
3969	20.647	-15.601	25.878	1116.371	0.00001	1.9606	20	1	2.9393E-20	0	0	74607706.84227
3970	20.647	15.601	25.878	1116.371	0.00001	1.9606	20	1	2.9393E-20	0	0	74607706.84227
3971	20.5	16.5	26.315	1116.047	0.00001	1.3386	20	1	6.5999E-20	0	0	41141452.10578
3972	20.5	17.5	26.954	1115.618	0.00002	1.1065	20	1.354	1.1066E-19	0	0	21342466.891
3973	20.5	18.5	27.613	1115.217	0.00002	1.1	20	2.013	1.7007E-19	0	0	11545089.2388
3974	20.5	19.5	28.293	1114.918	0.00003	1.1	20	2.693	2.6763E-19	0	0	6884114.2256
3975	20.5	20.5	28.991	1114.719	0.00004	1.1	20	3.391	4.293E-19	0	0	4319414.58247
3976	20.438	21.436	29.617	1114.629	0.00005	1.1	20	4.017	6.7542E-19	0	0	2909358.02167
3977	20.132	22.121	29.91	1114.616	0.00006	1.1	20	4.31	1.0998E-18	0	0	2125783.40711
3978	21.142	-21.142	29.899	1114.612	0.00004	1.1	20	4.299	4.15E-19	0	0	3469691.4662
3979	21.436	-20.438	29.617	1114.629	0.00003	1.1	20	4.017	2.5514E-19	0	0	4733688.2986
3980	21.5	-19.5	29.026	1114.716	0.00002	1.1	20	3.426	1.611E-19	0	0	6980362.19439
3981	21.5	-18.5	28.364	1114.903	0.00002	1.1	20	2.764	9.9781E-20	0	0	10987045.61677
3982	21.5	-17.5	27.722	1115.179	0.00001	1.1	20	2.122	6.1942E-20	0	0	18153802.90353
3983	21.5	-16.5	27.102	1115.533	0.00001	1.1013	20	1.502	3.7195E-20	0	0	33109125.80945
3984	21.5	-15.5	26.505	1115.935	0.00001	1.2079	20	1	2.1259E-20	0	0	68860659.51081
3985	21.526	-14.563	25.989	1116.278	0	1.7646	20	1	9.7915E-21	0	0	122635004.63559
3986	21.526	14.563	25.989	1116.278	0	1.7646	20	1	9.7915E-21	0	0	122635004.63559
3987	21.5	15.5	26.505	1115.935	0.00001	1.2079	20	1	2.1259E-20	0	0	68860659.51081
3988	21.5	16.5	27.102	1115.533	0.00001	1.1013	20	1.502	3.7195E-20	0	0	33109125.80945
3989	21.5	17.5	27.722	1115.179	0.00001	1.1	20	2.122	6.1942E-20	0	0	18153802.90353
3990	21.5	18.5	28.364	1114.903	0.00002	1.1	20	2.764	9.9781E-20	0	0	10987045.61677
3991	21.5	19.5	29.026	1114.716	0.00002	1.1	20	3.426	1.611E-19	0	0	6980362.19439
3992	21.436	20.438	29.617	1114.629	0.00003	1.1	20	4.017	2.5514E-19	0	0	4733688.2986
3993	21.142	21.142	29.899	1114.612	0.00004	1.1	20	4.299	4.15E-19	0	0	3469691.4662
3994	22.121	-20.132	29.91	1114.616	0.00002	1.1	20	4.31	1.5615E-19	0	0	5641807.70556
3995	22.412	-19.422	29.657	1114.633	0.00002	1.1	20	4.057	9.7421E-20	0	0	7586253.98182
3996	22.5	-18.5	29.129	1114.705	0.00001	1.1	20	3.529	6.1634E-20	0	0	10956927.94663
3997	22.5	-17.5	28.504	1114.869	0.00001	1.1	20	2.904	3.674E-20	0	0	17231966.48954
3998	22.5	-16.5	27.902	1115.109	0.00001	1.1	20	2.302	2.2048E-20	0	0	28055222.74916
3999	22.5	-15.5	27.322	1115.42	0.00001	1.1	20	1.722	1.2892E-20	0	0	49014489.10583
4000	22.5	-14.5	26.768	1115.795	0	1.1259	20	1.168	7.2358E-21	0	0	97610087.21517
4001	22.361	-13.541	26.142	1116.193	0	1.5858	20	1	3.1542E-21	0	0	204833936.17879
4002	22.649	-12.57	25.904	1116.362	0	1.903	20	1	1.4741E-21	0	0	328219373.53336
4003	22.649	12.57	25.904	1116.362	0	1.903	20	1	1.4741E-21	0	0	328219373.53336
4004	22.361	13.541	26.142	1116.193	0	1.5858	20	1	3.1542E-21	0	0	204833936.1788
4005	22.5	14.5	26.768	1115.795	0	1.1259	20	1.168	7.2358E-21	0	0	97610087.21517
4006	22.5	15.5	27.322	1115.42	0.00001	1.1	20	1.722	1.2892E-20	0	0	49014489.10584
4007	22.5	16.5	27.902	1115.109	0.00001	1.1	20	2.302	2.2048E-20	0	0	28055222.74916
4008	22.5	17.5	28.504	1114.869	0.00001	1.1	20	2.904	3.674E-20	0	0	17231966.48954
4009	22.5	18.5	29.129	1114.705	0.00001	1.1	20	3.529	6.1634E-20	0	0	10956927.94663
4010	22.412	19.422	29.657	1114.633	0.00002	1.1	20	4.057	9.7421E-20	0	0	7586253.98182
4011	22.121	20.132	29.91	1114.616	0.00002	1.1	20	4.31	1.5615E-19	0	0	5641807.70556
4012	23.072	-19.087	29.944	1114.627	0.00001	1.1	20	4.344	5.9654E-20	0	0	9057375.55427
4013	23.349	-18.394	29.723	1114.64	0.00001	1.1	20	4.123	3.7653E-20	0	0	12006901.31917
4014	23.5	-17.5	29.3	1114.689	0.00001	1.1	20	3.7	2.3592E-20	0	0	16894321.40115
4015	23.5	-16.5	28.714	1114.821	0.00001	1.1	20	3.114	1.3425E-20	0	0	26592515.56779
4016	23.5	-15.5	28.151	1115.019	0.00001	1.1	20	2.551	7.7897E-21	0	0	42587417.52284
4017	23.5	-14.5	27.613	1115.275	0	1.1	20	2.013	4.4556E-21	0	0	71327612.02497
4018	23.5	-13.5	27.102	1115.575	0	1.1011	20	1.502	2.5678E-21	0	0	126002994.25342
4019	23.5	-12.5	26.618	1115.899	0	1.1621	20	1.018	1.3815E-21	0	0	260361740.12016
4020	23.425	-11.537	26.112	1116.216	0	1.6115	20	1	6.2664E-22	0	0	463265674.45468
4021	23.66	-10.557	25.908	1116.371	0	1.891	20	1	3.3178E-22	0	0	689652827.64673
4022	23.856	-9.645	25.732	1116.48	0	2.3385	20	1	1.9002E-22	0	0	1013408108.63343
4023	23.856	9.645	25.732	1116.48	0	2.3385	20	1	1.9002E-22	0	0	1013408108.63342
4024	23.66	10.557	25.908	1116.371	0	1.891	20	1	3.3178E-22	0	0	689652827.64674
4025	23.425	11.537	26.112	1116.216	0	1.6115	20	1	6.2664E-22	0	0	463265674.45468
4026	23.5	12.5	26.618	1115.899	0	1.1621	20	1.018	1.3815E-21	0	0	260361740.12016
4027	23.5	13.5	27.102	1115.575	0	1.1011	20	1.502	2.5678E-21	0	0	126002994.25342
4028	23.5	14.5	27.613	1115.275	0	1.1	20	2.013	4.4556E-21	0	0	71327612.02497
4029	23.5	15.5	28.151	1115.019	0.00001	1.1	20	2.551	7.7897E-21	0	0	42587417.52284
4030	23.5	16.5	28.714	1114.821	0.00001	1.1	20	3.114	1.3425E-20	0	0	26592515.56779
4031	23.5	17.5	29.3	1114.689	0.00001	1.1	20	3.7	2.3592E-20	0	0	16894321.40115
4032	23.349	18.394	29.723	1114.64	0.00001	1.1	20	4.123	3.7653E-20	0	0	12006901.31917
4033	23.072	19.087	29.944	1114.627	0.00001	1.1	20	4.344	5.9654E-20	0	0	9057375.55427
4034	24.241	-17.336	29.802	1114.65	0.00001	1.1	20	4.202	1.2947E-20	0	0	20095388.79932
4035	24.475	-16.478	29.505	1114.679	0.00001	1.1	20	3.905	8.2462E-21	0	0	27085949.3605
4036	24.5	-15.5	28.991	1114.765	0	1.1	20	3.391	4.7884E-21	0	0	40899022.8181
4037	24.5	-14.5	28.469	1114.914	0	1.1	20	2.869	2.7041E-21	0	0	64292622.24725
4038	24.5	-13.5	27.973	1115.108	0	1.1	20	2.373	1.5275E-21	0	0	103378698.94443
4039	24.5	-12.5	27.505	1115.34	0	1.1	20	1.905	9.0408E-22	0	0	167384218.64544
4040	24.5	-11.5	27.065	1115.599	0	1.1016	20	1.465	5.8101E-22	0	0	271625296.23015
4041	24.5	-10.5	26.655	1115.865	0	1.1507	20	1.055	3.7996E-22	0	0	476444046.5389
4042	24.5	-9.5	26.277	1116.107	0	1.3736	20	1	2.6556E-22	0	0	657005492.98916
4043	24.567	-8.534	26.007	1116.286	0	1.7314	20	1	1.4291E-22	0	0	1005479334.15971
4044	24.73	-7.549	25.856	1116.403	0	1.9898	20	1	8.6703E-23	0	0	1383890051.60625
4045	24.868	-6.591	25.726	1116.479	0	2.3472	20	1	4.7374E-23	0	0	2033360610.66326
4046	24.868	6.591	25.726	1116.479	0	2.3472	20	1	4.7374E-23	0	0	2033360610.66317
4047	24.73	7.549	25.856	1116.403	0	1.9898	20	1	8.6703E-23	0	0	1383890051.60621
4048	24.567	8.534	26.007	1116.286	0	1.7314	20	1	1.4291E-22	0	0	1005479334.15969
4049	24.5	9.5	26.277	1116.107	0	1.3736	20	1	2.6556E-22	0	0	657005492.98915
4050	24.5	10.5	26.655	1115.865	0	1.1507	20	1.055	3.7996E-22	0	0	476444046.5389
4051	24.5	11.5	27.065	1115.599	0	1.1016	20	1.465	5.8101E-22	0	0	271625296.23015
4052	24.5	12.5	27.505	1115.34	0	1.1	20	1.905	9.0408E-22	0	0	167384218.64544
4053	24.5	13.5	27.973	1115.108	0	1.1	20	2.373	1.5275E-21	0	0	103378698.94443
4054	24.5	14.5	28.469	1114.914	0	1.1	20	2.869	2.7041E-21	0	0	64292622.24725
4055	24.5	15.5	28.991	1114.765	0	1.1	20	3.391	4.7884E-21	0	0	40899022.81811
4056	24.475	16.478	29.505	1114.679	0.00001	1.1	20	3.905	8.2462E-21	0	0	27085949.3605
4057	24.241	17.336	29.802	1114.65	0.00001	1.1	20	4.202	1.2947E-20	0	0	20095388.79932
4058	25.126	-16.195	29.893	1114.659	0	1.1	20	4.293	3.8814E-21	0	0	35925560.20609
4059	25.364	-15.426	29.687	1114.673	0	1.1	20	4.087	3.1178E-21	0	0	42098911.36371
4060	25.5	-14.5	29.334	1114.713	0	1.1	20	3.734	1.7415E-21	0	0	61619513.6854
4061	25.5	-13.5	28.853	1114.809	0	1.1	20	3.253	9.2188E-22	0	0	97159031.93984
4062	25.5	-12.5	28.399	1114.944	0	1.1	20	2.799	5.1569E-22	0	0	150912530.44266
4063	25.5	-11.5	27.973	1115.11	0	1.1	20	2.373	3.3235E-22	0	0	221625815.59906
4064	25.5	-10.5	27.577	1115.3	0	1.1	20	1.977	2.4759E-22	0	0	308122227.39723
4065	25.5	-9.5	27.212	1115.506	0	1.1001	20	1.612	1.91E-22	0	0	430158754.04951
4066	25.5	-8.5	26.879	1115.718	0	1.1106	20	1.279	1.5626E-22	0	0	602065666.22806
4067	25.5	-7.5	26.58	1115.923	0	1.1755	20	1	1.0877E-22	0	0	949696736.02979
4068	25.5	-6.5	26.315	1116.099	0	1.3364	20	1	6.3203E-23	0	0	1328377860.4082
4069	25.498	-5.518	26.089	1116.226	0	1.6308	20	1	2.0006E-23	0	0	2608179155.09133
4070	25.598	-4.519	25.994	1116.301	0	1.7463	20	1	3.3829E-24	0	0	6563458053.01632
4071	25.678	-3.518	25.918	1116.358	0	1.8665	20	1	3.2876E-24	0	0	6883115383.68037
4072	25.737	-2.516	25.86	1116.399	0	1.9772	20	1	1.6674E-23	0	0	3145701306.90052
4073	25.777	-1.511	25.821	1116.425	0	2.0637	20	1	3.3663E-23	0	0	2261818169.88677
4074	25.797	-0.504	25.802	1116.437	0	2.1115	20	1	4.5454E-23	0	0	1968899242.41531
4075	25.797	0.504	25.802	1116.437	0	2.1115	20	1	4.5454E-23	0	0	1968899242.41534
4076	25.777	1.511	25.821	1116.425	0	2.0637	20	1	3.3663E-23	0	0	2261818169.88682
4077	25.737	2.516	25.86	1116.399	0	1.9772	20	1	1.6674E-23	0	0	3145701306.90054
4078	25.678	3.518	25.918	1116.358	0	1.8665	20	1	3.2876E-24	0	0	6883115383.68012
4079	25.598	4.519	25.994	1116.301	0	1.7463	20	1	3.3829E-24	0	0	6563458053.01608
4080	25.498	5.518	26.089	1116.226	0	1.6308	20	1	2.0006E-23	0	0	2608179155.09117
4081	25.5	6.5	26.315	1116.099	0	1.3364	20	1	6.3203E-23	0	0	1328377860.40814
4082	25.5	7.5	26.58	1115.923	0	1.1755	20	1	1.0877E-22	0	0	949696736.02977
4083	25.5	8.5	26.879	1115.718	0	1.1106	20	1.279	1.5626E-22	0	0	602065666.22804
4084	25.5	9.5	27.212	1115.506	0	1.1001	20	1.612	1.91E-22	0	0	430158754.0495
4085	25.5	10.5	27.577	1115.3	0	1.1	20	1.977	2.4759E-22	0	0	308122227.39723
4086	25.5	11.5	27.973	1115.11	0	1.1	20	2.373	3.3235E-22	0	0	221625815.59907
4087	25.5	12.5	28.399	1114.944	0	1.1	20	2.799	5.1569E-22	0	0	150912530.44267
4088	25.5	13.5	28.853	1114.809	0	1.1	20	3.253	9.2188E-22	0	0	97159031.93984
4089	25.5	14.5	29.334	1114.713	0	1.1	20	3.734	1.7415E-21	0	0	61619513.6854
4090	25.364	15.426	29.687	1114.673	0	1.1	20	4.087	3.1178E-21	0	0	42098911.36371
4091	25.126	16.195	29.893	1114.659	0	1.1	20	4.293	3.8814E-21	0	0	35925560.20609
4092	26.179	-14.325	29.842	1114.679	0	1.1	20	4.242	9.1026E-22	0	0	75082210.01947
4093	26.407	-13.448	29.634	1114.689	0	1.1	20	4.034	5.2152E-22	0	0	104279703.42322
4094	26.5	-12.5	29.3	1114.725	0	1.1	20	3.7	3.0805E-22	0	0	147847678.13828
4095	26.5	-11.5	28.888	1114.805	0	1.1	20	3.288	1.7503E-22	0	0	220636015.4313
4096	26.5	-10.5	28.504	1114.913	0	1.1	20	2.904	1.2695E-22	0	0	293147734.60217
4097	26.5	-9.5	28.151	1115.039	0	1.1	20	2.551	1.1498E-22	0	0	350542828.99028
4098	26.5	-8.5	27.83	1115.179	0	1.1	20	2.23	9.6218E-23	0	0	438334004.88831
4099	26.5	-7.5	27.541	1115.328	0	1.1	20	1.941	8.3175E-23	0	0	541534310.45644
4100	26.5	-6.5	27.286	1115.474	0	1.1	20	1.686	5.6435E-23	0	0	756913130.08127
4101	26.5	-5.5	27.065	1115.608	0	1.101	20	1.465	3.0731E-23	0	0	1180738342.4983
4102	26.5	-4.5	26.879	1115.728	0	1.1102	20	1.279	1.2651E-23	0	0	2115534163.91935
4103	26.5	-3.5	26.73	1115.829	0	1.1321	20	1.13	1.1906E-23	0	0	2492729271.10822
4104	26.5	-2.5	26.618	1115.908	0	1.1621	20	1.018	2.5656E-23	0	0	1910571594.33831
4105	26.5	-1.5	26.542	1115.961	0	1.1908	20	1	4.6587E-23	0	0	1460559157.8145
4106	26.5	-0.5	26.505	1115.988	0	1.2083	20	1	6.0372E-23	0	0	1292382168.37033
4107	26.5	0.5	26.505	1115.988	0	1.2083	20	1	6.0372E-23	0	0	1292382168.37033
4108	26.5	1.5	26.542	1115.961	0	1.1908	20	1	4.6587E-23	0	0	1460559157.81453
4109	26.5	2.5	26.618	1115.908	0	1.1621	20	1.018	2.5656E-23	0	0	1910571594.33834
4110	26.5	3.5	26.73	1115.829	0	1.1321	20	1.13	1.1906E-23	0	0	2492729271.10816
4111	26.5	4.5	26.879	1115.728	0	1.1102	20	1.279	1.2651E-23	0	0	2115534163.91923
4112	26.5	5.5	27.065	1115.608	0	1.101	20	1.465	3.0731E-23	0	0	1180738342.49824
4113	26.5	6.5	27.286	1115.474	0	1.1	20	1.686	5.6435E-23	0	0	756913130.08126
4114	26.5	7.5	27.541	1115.328	0	1.1	20	1.941	8.3175E-23	0	0	541534310.45645
4115	26.5	8.5	27.83	1115.179	0	1.1	20	2.23	9.6218E-23	0	0	438334004.8883
4116	26.5	9.5	28.151	1115.039	0	1.1	20	2.551	1.1498E-22	0	0	350542828.99028
4117	26.5	10.5	28.504	1114.913	0	1.1	20	2.904	1.2695E-22	0	0	293147734.60217
4118	26.5	11.5	28.888	1114.805	0	1.1	20	3.288	1.7503E-22	0	0	220636015.43128
4119	26.5	12.5	29.3	1114.725	0	1.1	20	3.7	3.0805E-22	0	0	147847678.13829
4120	26.407	13.448	29.634	1114.689	0	1.1	20	4.034	5.2152E-22	0	0	104279703.42323
4121	26.179	14.325	29.842	1114.679	0	1.1	20	4.242	9.1026E-22	0	0	75082210.01947
4122	27.012	-13.026	29.989	1114.687	0	1.1	20	4.389	1.9078E-22	0	0	158540050.11604
4123	27.167	-12.358	29.846	1114.689	0	1.1	20	4.246	1.4324E-22	0	0	189075526.54085
4124	27.363	-11.451	29.663	1114.694	0	1.1	20	4.063	1.0744E-22	0	0	228104555.71926
4125	27.495	-10.496	29.43	1114.715	0	1.1	20	3.83	6.6163E-23	0	0	308235129.19037
4126	27.5	-9.5	29.095	1114.765	0	1.1	20	3.495	5.681E-23	0	0	364433940.7231
4127	27.5	-8.5	28.784	1114.837	0	1.1	20	3.184	5.9791E-23	0	0	389793444.28153
4128	27.5	-7.5	28.504	1114.921	0	1.1	20	2.904	5.5946E-23	0	0	441591123.11595
4129	27.5	-6.5	28.258	1115.008	0	1.1	20	2.658	5.6302E-23	0	0	480932653.68737
4130	27.5	-5.5	28.045	1115.092	0	1.1	20	2.445	4.4322E-23	0	0	589195566.03453
4131	27.5	-4.5	27.866	1115.171	0	1.1	20	2.266	3.5185E-23	0	0	713387755.41123
4132	27.5	-3.5	27.722	1115.242	0	1.1	20	2.122	2.8003E-23	0	0	853812921.35791
4133	27.5	-2.5	27.613	1115.3	0	1.1	20	2.013	2.9618E-23	0	0	874847512.34604
4134	27.5	-1.5	27.541	1115.341	0	1.1	20	1.941	3.4807E-23	0	0	837122449.72782
4135	27.5	-0.5	27.505	1115.362	0	1.1	20	1.905	4.0329E-23	0	0	792518452.45431
4136	27.5	0.5	27.505	1115.362	0	1.1	20	1.905	4.0329E-23	0	0	792518452.45432
4137	27.5	1.5	27.541	1115.341	0	1.1	20	1.941	3.4807E-23	0	0	837122449.72784
4138	27.5	2.5	27.613	1115.3	0	1.1	20	2.013	2.9618E-23	0	0	874847512.34604
4139	27.5	3.5	27.722	1115.242	0	1.1	20	2.122	2.8003E-23	0	0	853812921.3579
4140	27.5	4.5	27.866	1115.171	0	1.1	20	2.266	3.5185E-23	0	0	713387755.4112
4141	27.5	5.5	28.045	1115.092	0	1.1	20	2.445	4.4322E-23	0	0	589195566.03451
4142	27.5	6.5	28.258	1115.008	0	1.1	20	2.658	5.6302E-23	0	0	480932653.68737
4143	27.5	7.5	28.504	1114.921	0	1.1	20	2.904	5.5946E-23	0	0	441591123.11596
4144	27.5	8.5	28.784	1114.837	0	1.1	20	3.184	5.9791E-23	0	0	389793444.2815
4145	27.5	9.5	29.095	1114.765	0	1.1	20	3.495	5.681E-23	0	0	364433940.72309
4146	27.495	10.496	29.43	1114.715	0	1.1	20	3.83	6.6163E-23	0	0	308235129.19035
4147	27.363	11.451	29.663	1114.694	0	1.1	20	4.063	1.0744E-22	0	0	228104555.71925
4148	27.167	12.358	29.846	1114.689	0	1.1	20	4.246	1.4324E-22	0	0	189075526.54088
4149	27.012	13.026	29.989	1114.687	0	1.1	20	4.389	1.9078E-22	0	0	158540050.11605
4150	28.095	-10.259	29.91	1114.697	0	1.1	20	4.31	1.0381E-22	0	0	218851453.27295
4151	28.237	-9.439	29.773	1114.698	0	1.1	20	4.173	4.2825E-23	0	0	351804582.51613
4152	28.389	-8.468	29.625	1114.705	0	1.1	20	4.025	4.4948E-23	0	0	355943986.32147
4153	28.493	-7.495	29.463	1114.721	0	1.1	20	3.863	4.9035E-23	0	0	355060444.45394
4154	28.5	-6.5	29.232	1114.75	0	1.1	20	3.632	5.5024E-23	0	0	356373793.01065
4155	28.5	-5.5	29.026	1114.788	0	1.1	20	3.426	6.3349E-23	0	0	352016847.35407
4156	28.5	-4.5	28.853	1114.828	0	1.1	20	3.253	5.3339E-23	0	0	403924188.09176
4157	28.5	-3.5	28.714	1114.866	0	1.1	20	3.114	4.1879E-23	0	0	476123393.02122
4158	28.5	-2.5	28.609	1114.899	0	1.1	20	3.009	2.8914E-23	0	0	592875435.1961
4159	28.5	-1.5	28.539	1114.923	0	1.1	20	2.939	1.8844E-23	0	0	751831736.07342
4160	28.5	-0.5	28.504	1114.935	0	1.1	20	2.904	1.443E-23	0	0	869503953.92592
4161	28.5	0.5	28.504	1114.935	0	1.1	20	2.904	1.443E-23	0	0	869503953.9259
4162	28.5	1.5	28.539	1114.923	0	1.1	20	2.939	1.8844E-23	0	0	751831736.07345
4163	28.5	2.5	28.609	1114.899	0	1.1	20	3.009	2.8914E-23	0	0	592875435.19613
4164	28.5	3.5	28.714	1114.866	0	1.1	20	3.114	4.1879E-23	0	0	476123393.02121
4165	28.5	4.5	28.853	1114.828	0	1.1	20	3.253	5.3339E-23	0	0	403924188.09174
4166	28.5	5.5	29.026	1114.788	0	1.1	20	3.426	6.3349E-23	0	0	352016847.35405
4167	28.5	6.5	29.232	1114.75	0	1.1	20	3.632	5.5024E-23	0	0	356373793.01065
4168	28.493	7.495	29.463	1114.721	0	1.1	20	3.863	4.9035E-23	0	0	355060444.45395
4169	28.389	8.468	29.625	1114.705	0	1.1	20	4.025	4.4948E-23	0	0	355943986.32147
4170	28.237	9.439	29.773	1114.698	0	1.1	20	4.173	4.2825E-23	0	0	351804582.51614
4171	28.095	10.259	29.91	1114.697	0	1.1	20	4.31	1.0381E-22	0	0	218851453.27297
4172	29.058	-7.229	29.943	1114.71	0	1.1	20	4.343	1.629E-24	0	0	1733526409.77521
4173	29.15	-6.435	29.852	1114.712	0	1.1	20	4.252	7.8827E-23	0	0	254530127.34712
4174	29.248	-5.468	29.755	1114.713	0	1.1	20	4.155	6.5748E-23	0	0	285181336.55689
4175	29.331	-4.481	29.671	1114.715	0	1.1	20	4.071	6.0489E-23	0	0	303381183.21536
4176	29.398	-3.488	29.604	1114.719	0	1.1	20	4.004	4.4792E-23	0	0	358470276.03875
4177	29.447	-2.492	29.553	1114.723	0	1.1	20	3.953	2.5429E-23	0	0	481863754.66454
4178	29.481	-1.496	29.519	1114.727	0	1.1	20	3.919	1.5259E-23	0	0	627454500.21523
4179	29.497	-0.499	29.501	1114.729	0	1.1	20	3.901	4.8859E-24	0	0	1113686681.72777
4180	29.497	0.499	29.501	1114.729	0	1.1	20	3.901	4.8859E-24	0	0	1113686681.72767
4181	29.481	1.496	29.519	1114.727	0	1.1	20	3.919	1.5259E-23	0	0	627454500.21522
4182	29.447	2.492	29.553	1114.723	0	1.1	20	3.953	2.5429E-23	0	0	481863754.66457
4183	29.398	3.488	29.604	1114.719	0	1.1	20	4.004	4.4792E-23	0	0	358470276.03876
4184	29.331	4.481	29.671	1114.715	0	1.1	20	4.071	6.0489E-23	0	0	303381183.21535
4185	29.248	5.468	29.755	1114.713	0	1.1	20	4.155	6.5748E-23	0	0	285181336.55687
4186	29.15	6.435	29.852	1114.712	0	1.1	20	4.252	7.8827E-23	0	0	254530127.34712
4187	29.058	7.229	29.943	1114.71	0	1.1	20	4.343	1.629E-24	0	0	1733526409.77437
