格	x	z	r	T	J重构	厚	保温mm	L	proxy	区(0盘1舌)	前12	裕度
480	-99.291	-29.5	103.581	462.115	8.64248	3.51	3.6	1	8.8325E-8	1	0	55.14129
481	-99.291	-28.5	103.301	462.115	8.64252	3.51	3.6	1	8.8325E-8	1	0	55.1411
482	-99.291	-27.5	103.029	462.115	8.64258	3.51	3.6	1	8.8326E-8	1	0	55.1407
483	-99.291	-26.5	102.767	462.115	8.64267	3.51	3.6	1	8.8328E-8	1	0	55.14012
484	-99.291	-25.5	102.514	462.116	8.64279	3.51	3.6	1	8.8331E-8	1	0	55.13935
485	-99.291	-24.5	102.269	462.116	8.64294	3.51	3.6	1	8.8334E-8	1	0	55.13841
486	-99.291	-23.5	102.034	462.116	8.64311	3.51	3.6	1	8.8337E-8	1	0	55.1373
487	-99.291	-22.5	101.809	462.117	8.64331	3.51	3.6	1	8.8341E-8	1	0	55.13604
488	-99.291	-21.5	101.592	462.117	8.64353	3.51	3.6	1	8.8346E-8	1	0	55.13464
489	-99.291	-20.5	101.386	462.118	8.64377	3.51	3.6	1	8.8351E-8	1	0	55.13311
490	-99.291	-19.5	101.188	462.119	8.64403	3.51	3.6	1	8.8356E-8	1	0	55.13147
491	-99.291	-18.5	101	462.119	8.6443	3.51	3.6	1	8.8362E-8	1	0	55.12975
492	-99.291	-17.5	100.822	462.12	8.64459	3.51	3.6	1	8.8367E-8	1	0	55.12796
493	-99.291	-16.5	100.653	462.121	8.64488	3.51	3.6	1	8.8373E-8	1	0	55.12611
494	-99.291	-15.5	100.494	462.121	8.64517	3.51	3.6	1	8.8379E-8	1	0	55.12423
495	-99.291	-14.5	100.345	462.122	8.64547	3.51	3.6	1	8.8385E-8	1	0	55.12235
496	-99.291	-13.5	100.205	462.123	8.64577	3.51	3.6	1	8.8391E-8	1	0	55.12047
497	-99.291	-12.5	100.075	462.123	8.64606	3.51	3.6	1	8.8397E-8	1	0	55.11863
498	-99.291	-11.5	99.955	462.124	8.64634	3.51	3.6	1	8.8403E-8	1	0	55.11683
499	-99.291	-10.5	99.845	462.125	8.64661	3.51	3.6	1	8.8409E-8	1	0	55.11511
500	-99.291	-9.5	99.745	462.125	8.64687	3.51	3.6	1	8.8414E-8	1	0	55.11347
501	-99.291	-8.5	99.655	462.126	8.64711	3.51	3.6	1	8.8419E-8	1	0	55.11195
502	-99.291	-7.5	99.574	462.126	8.64733	3.51	3.6	1	8.8423E-8	1	0	55.11055
503	-99.291	-6.5	99.504	462.127	8.64753	3.51	3.6	1	8.8427E-8	1	0	55.10928
504	-99.291	-5.5	99.444	462.127	8.6477	3.51	3.6	1	8.8431E-8	1	0	55.10817
505	-99.291	-4.5	99.393	462.128	8.64785	3.51	3.6	1	8.8434E-8	1	0	55.10723
506	-99.291	-3.5	99.353	462.128	8.64797	3.51	3.6	1	8.8436E-8	1	0	55.10646
507	-99.291	-2.5	99.323	462.128	8.64807	3.51	3.6	1	8.8438E-8	1	0	55.10588
508	-99.291	-1.5	99.303	462.128	8.64813	3.51	3.6	1	8.8439E-8	1	0	55.10549
509	-99.291	-0.5	99.293	462.128	8.64816	3.51	3.6	1	8.844E-8	1	0	55.10529
510	-99.291	0.5	99.293	462.128	8.64816	3.51	3.6	1	8.844E-8	1	0	55.10529
511	-99.291	1.5	99.303	462.128	8.64813	3.51	3.6	1	8.8439E-8	1	0	55.10549
512	-99.291	2.5	99.323	462.128	8.64807	3.51	3.6	1	8.8438E-8	1	0	55.10588
513	-99.291	3.5	99.353	462.128	8.64797	3.51	3.6	1	8.8436E-8	1	0	55.10646
514	-99.291	4.5	99.393	462.128	8.64785	3.51	3.6	1	8.8434E-8	1	0	55.10723
515	-99.291	5.5	99.444	462.127	8.6477	3.51	3.6	1	8.8431E-8	1	0	55.10817
516	-99.291	6.5	99.504	462.127	8.64753	3.51	3.6	1	8.8427E-8	1	0	55.10928
517	-99.291	7.5	99.574	462.126	8.64733	3.51	3.6	1	8.8423E-8	1	0	55.11055
518	-99.291	8.5	99.655	462.126	8.64711	3.51	3.6	1	8.8419E-8	1	0	55.11195
519	-99.291	9.5	99.745	462.125	8.64687	3.51	3.6	1	8.8414E-8	1	0	55.11347
520	-99.291	10.5	99.845	462.125	8.64661	3.51	3.6	1	8.8409E-8	1	0	55.11511
521	-99.291	11.5	99.955	462.124	8.64634	3.51	3.6	1	8.8403E-8	1	0	55.11683
522	-99.291	12.5	100.075	462.123	8.64606	3.51	3.6	1	8.8397E-8	1	0	55.11863
523	-99.291	13.5	100.205	462.123	8.64577	3.51	3.6	1	8.8391E-8	1	0	55.12047
524	-99.291	14.5	100.345	462.122	8.64547	3.51	3.6	1	8.8385E-8	1	0	55.12235
525	-99.291	15.5	100.494	462.121	8.64517	3.51	3.6	1	8.8379E-8	1	0	55.12423
526	-99.291	16.5	100.653	462.121	8.64488	3.51	3.6	1	8.8373E-8	1	0	55.12611
527	-99.291	17.5	100.822	462.12	8.64459	3.51	3.6	1	8.8367E-8	1	0	55.12796
528	-99.291	18.5	101	462.119	8.6443	3.51	3.6	1	8.8362E-8	1	0	55.12975
529	-99.291	19.5	101.188	462.119	8.64403	3.51	3.6	1	8.8356E-8	1	0	55.13147
530	-99.291	20.5	101.386	462.118	8.64377	3.51	3.6	1	8.8351E-8	1	0	55.13311
531	-99.291	21.5	101.592	462.117	8.64353	3.51	3.6	1	8.8346E-8	1	0	55.13464
532	-99.291	22.5	101.809	462.117	8.64331	3.51	3.6	1	8.8341E-8	1	0	55.13604
533	-99.291	23.5	102.034	462.116	8.64311	3.51	3.6	1	8.8337E-8	1	0	55.1373
534	-99.291	24.5	102.269	462.116	8.64294	3.51	3.6	1	8.8334E-8	1	0	55.13841
535	-99.291	25.5	102.514	462.116	8.64279	3.51	3.6	1	8.8331E-8	1	0	55.13935
536	-99.291	26.5	102.767	462.115	8.64267	3.51	3.6	1	8.8328E-8	1	0	55.14012
537	-99.291	27.5	103.029	462.115	8.64258	3.51	3.6	1	8.8326E-8	1	0	55.1407
538	-99.291	28.5	103.301	462.115	8.64252	3.51	3.6	1	8.8325E-8	1	0	55.1411
539	-99.291	29.5	103.581	462.115	8.64248	3.51	3.6	1	8.8325E-8	1	0	55.14129
540	-95.833	-29.5	100.271	519.056	8.64211	3.51	3.6	4.167	8.66E-8	1	0	13.43741
541	-95.833	-28.5	99.981	519.056	8.64215	3.51	3.6	4.167	8.6601E-8	1	0	13.43736
542	-95.833	-27.5	99.7	519.057	8.64222	3.51	3.6	4.167	8.6602E-8	1	0	13.43725
543	-95.833	-26.5	99.429	519.058	8.64232	3.51	3.6	4.167	8.6604E-8	1	0	13.4371
544	-95.833	-25.5	99.167	519.06	8.64246	3.51	3.6	4.167	8.6607E-8	1	0	13.43689
545	-95.833	-24.5	98.915	519.062	8.64263	3.51	3.6	4.167	8.661E-8	1	0	13.43663
546	-95.833	-23.5	98.672	519.064	8.64282	3.51	3.6	4.167	8.6614E-8	1	0	13.43634
547	-95.833	-22.5	98.439	519.067	8.64305	3.51	3.6	4.167	8.6619E-8	1	0	13.43599
548	-95.833	-21.5	98.215	519.07	8.6433	3.51	3.6	4.167	8.6624E-8	1	0	13.43562
549	-95.833	-20.5	98.001	519.073	8.64357	3.51	3.6	4.167	8.6629E-8	1	0	13.4352
550	-95.833	-19.5	97.797	519.077	8.64386	3.51	3.6	4.167	8.6635E-8	1	0	13.43476
551	-95.833	-18.5	97.602	519.08	8.64417	3.51	3.6	4.167	8.6641E-8	1	0	13.4343
552	-95.833	-17.5	97.418	519.084	8.64449	3.51	3.6	4.167	8.6647E-8	1	0	13.43381
553	-95.833	-16.5	97.243	519.088	8.64482	3.51	3.6	4.167	8.6654E-8	1	0	13.43331
554	-95.833	-15.5	97.078	519.092	8.64515	3.51	3.6	4.167	8.666E-8	1	0	13.43281
555	-95.833	-14.5	96.924	519.096	8.64549	3.51	3.6	4.167	8.6667E-8	1	0	13.4323
556	-95.833	-13.5	96.779	519.1	8.64582	3.51	3.6	4.167	8.6673E-8	1	0	13.43179
557	-95.833	-12.5	96.645	519.104	8.64615	3.51	3.6	4.167	8.668E-8	1	0	13.43129
558	-95.833	-11.5	96.52	519.107	8.64647	3.51	3.6	4.167	8.6686E-8	1	0	13.43081
559	-95.833	-10.5	96.406	519.111	8.64678	3.51	3.6	4.167	8.6692E-8	1	0	13.43034
560	-95.833	-9.5	96.303	519.115	8.64707	3.51	3.6	4.167	8.6698E-8	1	0	13.4299
561	-95.833	-8.5	96.209	519.118	8.64734	3.51	3.6	4.167	8.6703E-8	1	0	13.42949
562	-95.833	-7.5	96.126	519.121	8.64759	3.51	3.6	4.167	8.6708E-8	1	0	13.42911
563	-95.833	-6.5	96.053	519.123	8.64782	3.51	3.6	4.167	8.6713E-8	1	0	13.42877
564	-95.833	-5.5	95.991	519.126	8.64802	3.51	3.6	4.167	8.6717E-8	1	0	13.42847
565	-95.833	-4.5	95.938	519.128	8.64819	3.51	3.6	4.167	8.672E-8	1	0	13.42821
566	-95.833	-3.5	95.897	519.129	8.64832	3.51	3.6	4.167	8.6723E-8	1	0	13.42801
567	-95.833	-2.5	95.865	519.131	8.64843	3.51	3.6	4.167	8.6725E-8	1	0	13.42785
568	-95.833	-1.5	95.845	519.131	8.6485	3.51	3.6	4.167	8.6726E-8	1	0	13.42774
569	-95.833	-0.5	95.834	519.132	8.64853	3.51	3.6	4.167	8.6727E-8	1	0	13.42769
570	-95.833	0.5	95.834	519.132	8.64853	3.51	3.6	4.167	8.6727E-8	1	0	13.42769
571	-95.833	1.5	95.845	519.131	8.6485	3.51	3.6	4.167	8.6726E-8	1	0	13.42774
572	-95.833	2.5	95.865	519.131	8.64843	3.51	3.6	4.167	8.6725E-8	1	0	13.42785
573	-95.833	3.5	95.897	519.129	8.64832	3.51	3.6	4.167	8.6723E-8	1	0	13.42801
574	-95.833	4.5	95.938	519.128	8.64819	3.51	3.6	4.167	8.672E-8	1	0	13.42821
575	-95.833	5.5	95.991	519.126	8.64802	3.51	3.6	4.167	8.6717E-8	1	0	13.42847
576	-95.833	6.5	96.053	519.123	8.64782	3.51	3.6	4.167	8.6713E-8	1	0	13.42877
577	-95.833	7.5	96.126	519.121	8.64759	3.51	3.6	4.167	8.6708E-8	1	0	13.42911
578	-95.833	8.5	96.209	519.118	8.64734	3.51	3.6	4.167	8.6703E-8	1	0	13.42949
579	-95.833	9.5	96.303	519.115	8.64707	3.51	3.6	4.167	8.6698E-8	1	0	13.4299
580	-95.833	10.5	96.406	519.111	8.64678	3.51	3.6	4.167	8.6692E-8	1	0	13.43034
581	-95.833	11.5	96.52	519.107	8.64647	3.51	3.6	4.167	8.6686E-8	1	0	13.43081
582	-95.833	12.5	96.645	519.104	8.64615	3.51	3.6	4.167	8.668E-8	1	0	13.43129
583	-95.833	13.5	96.779	519.1	8.64582	3.51	3.6	4.167	8.6673E-8	1	0	13.43179
584	-95.833	14.5	96.924	519.096	8.64549	3.51	3.6	4.167	8.6667E-8	1	0	13.4323
585	-95.833	15.5	97.078	519.092	8.64515	3.51	3.6	4.167	8.666E-8	1	0	13.43281
586	-95.833	16.5	97.243	519.088	8.64482	3.51	3.6	4.167	8.6654E-8	1	0	13.43331
587	-95.833	17.5	97.418	519.084	8.64449	3.51	3.6	4.167	8.6647E-8	1	0	13.43381
588	-95.833	18.5	97.602	519.08	8.64417	3.51	3.6	4.167	8.6641E-8	1	0	13.4343
589	-95.833	19.5	97.797	519.077	8.64386	3.51	3.6	4.167	8.6635E-8	1	0	13.43476
590	-95.833	20.5	98.001	519.073	8.64357	3.51	3.6	4.167	8.6629E-8	1	0	13.4352
591	-95.833	21.5	98.215	519.07	8.6433	3.51	3.6	4.167	8.6624E-8	1	0	13.43562
592	-95.833	22.5	98.439	519.067	8.64305	3.51	3.6	4.167	8.6619E-8	1	0	13.43599
593	-95.833	23.5	98.672	519.064	8.64282	3.51	3.6	4.167	8.6614E-8	1	0	13.43634
594	-95.833	24.5	98.915	519.062	8.64263	3.51	3.6	4.167	8.661E-8	1	0	13.43663
595	-95.833	25.5	99.167	519.06	8.64246	3.51	3.6	4.167	8.6607E-8	1	0	13.43689
596	-95.833	26.5	99.429	519.058	8.64232	3.51	3.6	4.167	8.6604E-8	1	0	13.4371
597	-95.833	27.5	99.7	519.057	8.64222	3.51	3.6	4.167	8.6602E-8	1	0	13.43725
598	-95.833	28.5	99.981	519.056	8.64215	3.51	3.6	4.167	8.6601E-8	1	0	13.43736
599	-95.833	29.5	100.271	519.056	8.64211	3.51	3.6	4.167	8.66E-8	1	0	13.43741
600	-90.333	-29.5	95.028	603.63	8.64081	3.51	3.6	9.667	8.4025E-8	1	0	5.96634
601	-90.333	-28.5	94.722	603.631	8.64086	3.51	3.6	9.667	8.4026E-8	1	0	5.96631
602	-90.333	-27.5	94.426	603.633	8.64095	3.51	3.6	9.667	8.4028E-8	1	0	5.96625
603	-90.333	-26.5	94.14	603.636	8.6411	3.51	3.6	9.667	8.4031E-8	1	0	5.96615
604	-90.333	-25.5	93.863	603.64	8.64129	3.51	3.6	9.667	8.4034E-8	1	0	5.96602
605	-90.333	-24.5	93.596	603.645	8.64153	3.51	3.6	9.667	8.4039E-8	1	0	5.96587
606	-90.333	-23.5	93.34	603.651	8.64181	3.51	3.6	9.667	8.4044E-8	1	0	5.96568
607	-90.333	-22.5	93.093	603.657	8.64212	3.51	3.6	9.667	8.405E-8	1	0	5.96548
608	-90.333	-21.5	92.856	603.665	8.64248	3.51	3.6	9.667	8.4057E-8	1	0	5.96525
609	-90.333	-20.5	92.63	603.673	8.64286	3.51	3.6	9.667	8.4064E-8	1	0	5.96499
610	-90.333	-19.5	92.414	603.681	8.64327	3.51	3.6	9.667	8.4072E-8	1	0	5.96472
611	-90.333	-18.5	92.208	603.69	8.6437	3.51	3.6	9.667	8.408E-8	1	0	5.96444
612	-90.333	-17.5	92.012	603.699	8.64415	3.51	3.6	9.667	8.4088E-8	1	0	5.96414
613	-90.333	-16.5	91.827	603.709	8.64461	3.51	3.6	9.667	8.4097E-8	1	0	5.96384
614	-90.333	-15.5	91.653	603.719	8.64508	3.51	3.6	9.667	8.4106E-8	1	0	5.96353
615	-90.333	-14.5	91.489	603.729	8.64556	3.51	3.6	9.667	8.4115E-8	1	0	5.96322
616	-90.333	-13.5	91.336	603.739	8.64603	3.51	3.6	9.667	8.4124E-8	1	0	5.96291
617	-90.333	-12.5	91.194	603.748	8.64649	3.51	3.6	9.667	8.4132E-8	1	0	5.96261
618	-90.333	-11.5	91.062	603.758	8.64694	3.51	3.6	9.667	8.4141E-8	1	0	5.96231
619	-90.333	-10.5	90.941	603.767	8.64737	3.51	3.6	9.667	8.4149E-8	1	0	5.96203
620	-90.333	-9.5	90.831	603.775	8.64778	3.51	3.6	9.667	8.4157E-8	1	0	5.96176
621	-90.333	-8.5	90.732	603.783	8.64817	3.51	3.6	9.667	8.4164E-8	1	0	5.96151
622	-90.333	-7.5	90.644	603.791	8.64852	3.51	3.6	9.667	8.4171E-8	1	0	5.96128
623	-90.333	-6.5	90.566	603.797	8.64884	3.51	3.6	9.667	8.4177E-8	1	0	5.96107
624	-90.333	-5.5	90.5	603.803	8.64912	3.51	3.6	9.667	8.4182E-8	1	0	5.96088
625	-90.333	-4.5	90.445	603.808	8.64935	3.51	3.6	9.667	8.4186E-8	1	0	5.96073
626	-90.333	-3.5	90.401	603.812	8.64954	3.51	3.6	9.667	8.419E-8	1	0	5.9606
627	-90.333	-2.5	90.367	603.815	8.64969	3.51	3.6	9.667	8.4193E-8	1	0	5.96051
628	-90.333	-1.5	90.345	603.817	8.64979	3.51	3.6	9.667	8.4194E-8	1	0	5.96044
629	-90.333	-0.5	90.334	603.818	8.64984	3.51	3.6	9.667	8.4195E-8	1	0	5.96041
630	-90.333	0.5	90.334	603.818	8.64984	3.51	3.6	9.667	8.4195E-8	1	0	5.96041
631	-90.333	1.5	90.345	603.817	8.64979	3.51	3.6	9.667	8.4194E-8	1	0	5.96044
632	-90.333	2.5	90.367	603.815	8.64969	3.51	3.6	9.667	8.4193E-8	1	0	5.96051
633	-90.333	3.5	90.401	603.812	8.64954	3.51	3.6	9.667	8.419E-8	1	0	5.9606
634	-90.333	4.5	90.445	603.808	8.64935	3.51	3.6	9.667	8.4186E-8	1	0	5.96073
635	-90.333	5.5	90.5	603.803	8.64912	3.51	3.6	9.667	8.4182E-8	1	0	5.96088
636	-90.333	6.5	90.566	603.797	8.64884	3.51	3.6	9.667	8.4177E-8	1	0	5.96107
637	-90.333	7.5	90.644	603.791	8.64852	3.51	3.6	9.667	8.4171E-8	1	0	5.96128
638	-90.333	8.5	90.732	603.783	8.64817	3.51	3.6	9.667	8.4164E-8	1	0	5.96151
639	-90.333	9.5	90.831	603.775	8.64778	3.51	3.6	9.667	8.4157E-8	1	0	5.96176
640	-90.333	10.5	90.941	603.767	8.64737	3.51	3.6	9.667	8.4149E-8	1	0	5.96203
641	-90.333	11.5	91.062	603.758	8.64694	3.51	3.6	9.667	8.4141E-8	1	0	5.96231
642	-90.333	12.5	91.194	603.748	8.64649	3.51	3.6	9.667	8.4132E-8	1	0	5.96261
643	-90.333	13.5	91.336	603.739	8.64603	3.51	3.6	9.667	8.4124E-8	1	0	5.96291
644	-90.333	14.5	91.489	603.729	8.64556	3.51	3.6	9.667	8.4115E-8	1	0	5.96322
645	-90.333	15.5	91.653	603.719	8.64508	3.51	3.6	9.667	8.4106E-8	1	0	5.96353
646	-90.333	16.5	91.827	603.709	8.64461	3.51	3.6	9.667	8.4097E-8	1	0	5.96384
647	-90.333	17.5	92.012	603.699	8.64415	3.51	3.6	9.667	8.4088E-8	1	0	5.96414
648	-90.333	18.5	92.208	603.69	8.6437	3.51	3.6	9.667	8.408E-8	1	0	5.96444
649	-90.333	19.5	92.414	603.681	8.64327	3.51	3.6	9.667	8.4072E-8	1	0	5.96472
650	-90.333	20.5	92.63	603.673	8.64286	3.51	3.6	9.667	8.4064E-8	1	0	5.96499
651	-90.333	21.5	92.856	603.665	8.64248	3.51	3.6	9.667	8.4057E-8	1	0	5.96525
652	-90.333	22.5	93.093	603.657	8.64212	3.51	3.6	9.667	8.405E-8	1	0	5.96548
653	-90.333	23.5	93.34	603.651	8.64181	3.51	3.6	9.667	8.4044E-8	1	0	5.96568
654	-90.333	24.5	93.596	603.645	8.64153	3.51	3.6	9.667	8.4039E-8	1	0	5.96587
655	-90.333	25.5	93.863	603.64	8.64129	3.51	3.6	9.667	8.4034E-8	1	0	5.96602
656	-90.333	26.5	94.14	603.636	8.6411	3.51	3.6	9.667	8.4031E-8	1	0	5.96615
657	-90.333	27.5	94.426	603.633	8.64095	3.51	3.6	9.667	8.4028E-8	1	0	5.96625
658	-90.333	28.5	94.722	603.631	8.64086	3.51	3.6	9.667	8.4026E-8	1	0	5.96631
659	-90.333	29.5	95.028	603.63	8.64081	3.51	3.6	9.667	8.4025E-8	1	0	5.96634
660	-84.833	-29.5	89.816	680.429	8.63801	3.51	3.6	15.167	8.1658E-8	1	0	3.94827
661	-84.833	-28.5	89.492	680.431	8.63809	3.51	3.6	15.167	8.1659E-8	1	0	3.94824
662	-84.833	-27.5	89.179	680.434	8.63825	3.51	3.6	15.167	8.1662E-8	1	0	3.94817
663	-84.833	-26.5	88.876	680.44	8.63848	3.51	3.6	15.167	8.1667E-8	1	0	3.94807
664	-84.833	-25.5	88.583	680.447	8.63879	3.51	3.6	15.167	8.1672E-8	1	0	3.94793
665	-84.833	-24.5	88.3	680.456	8.63918	3.51	3.6	15.167	8.1679E-8	1	0	3.94777
666	-84.833	-23.5	88.028	680.467	8.63963	3.51	3.6	15.167	8.1687E-8	1	0	3.94758
667	-84.833	-22.5	87.766	680.478	8.64014	3.51	3.6	15.167	8.1697E-8	1	0	3.94736
668	-84.833	-21.5	87.515	680.492	8.64071	3.51	3.6	15.167	8.1707E-8	1	0	3.94711
669	-84.833	-20.5	87.275	680.506	8.64133	3.51	3.6	15.167	8.1718E-8	1	0	3.94684
670	-84.833	-19.5	87.045	680.522	8.64199	3.51	3.6	15.167	8.173E-8	1	0	3.94656
671	-84.833	-18.5	86.827	680.538	8.64269	3.51	3.6	15.167	8.1743E-8	1	0	3.94626
672	-84.833	-17.5	86.619	680.555	8.64342	3.51	3.6	15.167	8.1757E-8	1	0	3.94594
673	-84.833	-16.5	86.423	680.572	8.64417	3.51	3.6	15.167	8.177E-8	1	0	3.94562
674	-84.833	-15.5	86.237	680.59	8.64494	3.51	3.6	15.167	8.1784E-8	1	0	3.9453
675	-84.833	-14.5	86.063	680.608	8.6457	3.51	3.6	15.167	8.1798E-8	1	0	3.94497
676	-84.833	-13.5	85.9	680.626	8.64647	3.51	3.6	15.167	8.1812E-8	1	0	3.94464
677	-84.833	-12.5	85.749	680.643	8.64722	3.51	3.6	15.167	8.1826E-8	1	0	3.94432
678	-84.833	-11.5	85.609	680.66	8.64795	3.51	3.6	15.167	8.1839E-8	1	0	3.944
679	-84.833	-10.5	85.48	680.677	8.64865	3.51	3.6	15.167	8.1852E-8	1	0	3.9437
680	-84.833	-9.5	85.363	680.692	8.64931	3.51	3.6	15.167	8.1864E-8	1	0	3.94342
681	-84.833	-8.5	85.258	680.707	8.64993	3.51	3.6	15.167	8.1875E-8	1	0	3.94315
682	-84.833	-7.5	85.164	680.72	8.65051	3.51	3.6	15.167	8.1886E-8	1	0	3.94291
683	-84.833	-6.5	85.081	680.732	8.65102	3.51	3.6	15.167	8.1895E-8	1	0	3.94269
684	-84.833	-5.5	85.011	680.742	8.65147	3.51	3.6	15.167	8.1903E-8	1	0	3.94249
685	-84.833	-4.5	84.952	680.751	8.65185	3.51	3.6	15.167	8.191E-8	1	0	3.94233
686	-84.833	-3.5	84.905	680.759	8.65217	3.51	3.6	15.167	8.1916E-8	1	0	3.94219
687	-84.833	-2.5	84.87	680.764	8.6524	3.51	3.6	15.167	8.192E-8	1	0	3.94209
688	-84.833	-1.5	84.846	680.768	8.65256	3.51	3.6	15.167	8.1923E-8	1	0	3.94202
689	-84.833	-0.5	84.834	680.77	8.65264	3.51	3.6	15.167	8.1925E-8	1	0	3.94199
690	-84.833	0.5	84.834	680.77	8.65264	3.51	3.6	15.167	8.1925E-8	1	0	3.94199
691	-84.833	1.5	84.846	680.768	8.65256	3.51	3.6	15.167	8.1923E-8	1	0	3.94202
692	-84.833	2.5	84.87	680.764	8.6524	3.51	3.6	15.167	8.192E-8	1	0	3.94209
693	-84.833	3.5	84.905	680.759	8.65217	3.51	3.6	15.167	8.1916E-8	1	0	3.94219
694	-84.833	4.5	84.952	680.751	8.65185	3.51	3.6	15.167	8.191E-8	1	0	3.94233
695	-84.833	5.5	85.011	680.742	8.65147	3.51	3.6	15.167	8.1903E-8	1	0	3.94249
696	-84.833	6.5	85.081	680.732	8.65102	3.51	3.6	15.167	8.1895E-8	1	0	3.94269
697	-84.833	7.5	85.164	680.72	8.65051	3.51	3.6	15.167	8.1886E-8	1	0	3.94291
698	-84.833	8.5	85.258	680.707	8.64993	3.51	3.6	15.167	8.1875E-8	1	0	3.94315
699	-84.833	9.5	85.363	680.692	8.64931	3.51	3.6	15.167	8.1864E-8	1	0	3.94342
700	-84.833	10.5	85.48	680.677	8.64865	3.51	3.6	15.167	8.1852E-8	1	0	3.9437
701	-84.833	11.5	85.609	680.66	8.64795	3.51	3.6	15.167	8.1839E-8	1	0	3.944
702	-84.833	12.5	85.749	680.643	8.64722	3.51	3.6	15.167	8.1826E-8	1	0	3.94432
703	-84.833	13.5	85.9	680.626	8.64647	3.51	3.6	15.167	8.1812E-8	1	0	3.94464
704	-84.833	14.5	86.063	680.608	8.6457	3.51	3.6	15.167	8.1798E-8	1	0	3.94497
705	-84.833	15.5	86.237	680.59	8.64494	3.51	3.6	15.167	8.1784E-8	1	0	3.9453
706	-84.833	16.5	86.423	680.572	8.64417	3.51	3.6	15.167	8.177E-8	1	0	3.94562
707	-84.833	17.5	86.619	680.555	8.64342	3.51	3.6	15.167	8.1757E-8	1	0	3.94594
708	-84.833	18.5	86.827	680.538	8.64269	3.51	3.6	15.167	8.1743E-8	1	0	3.94626
709	-84.833	19.5	87.045	680.522	8.64199	3.51	3.6	15.167	8.173E-8	1	0	3.94656
710	-84.833	20.5	87.275	680.506	8.64133	3.51	3.6	15.167	8.1718E-8	1	0	3.94684
711	-84.833	21.5	87.515	680.492	8.64071	3.51	3.6	15.167	8.1707E-8	1	0	3.94711
712	-84.833	22.5	87.766	680.478	8.64014	3.51	3.6	15.167	8.1697E-8	1	0	3.94736
713	-84.833	23.5	88.028	680.467	8.63963	3.51	3.6	15.167	8.1687E-8	1	0	3.94758
714	-84.833	24.5	88.3	680.456	8.63918	3.51	3.6	15.167	8.1679E-8	1	0	3.94777
715	-84.833	25.5	88.583	680.447	8.63879	3.51	3.6	15.167	8.1672E-8	1	0	3.94793
716	-84.833	26.5	88.876	680.44	8.63848	3.51	3.6	15.167	8.1667E-8	1	0	3.94807
717	-84.833	27.5	89.179	680.434	8.63825	3.51	3.6	15.167	8.1662E-8	1	0	3.94817
718	-84.833	28.5	89.492	680.431	8.63809	3.51	3.6	15.167	8.1659E-8	1	0	3.94824
719	-84.833	29.5	89.816	680.429	8.63801	3.51	3.6	15.167	8.1658E-8	1	0	3.94827
720	-79.333	-29.5	84.64	749.532	8.63278	3.51	3.6	20.667	7.948E-8	1	0	3.03581
721	-79.333	-28.5	84.297	749.535	8.63292	3.51	3.6	20.667	7.9483E-8	1	0	3.03577
722	-79.333	-27.5	83.964	749.541	8.63319	3.51	3.6	20.667	7.9488E-8	1	0	3.03568
723	-79.333	-26.5	83.642	749.55	8.6336	3.51	3.6	20.667	7.9495E-8	1	0	3.03555
724	-79.333	-25.5	83.33	749.563	8.63413	3.51	3.6	20.667	7.9504E-8	1	0	3.03537
725	-79.333	-24.5	83.03	749.577	8.63479	3.51	3.6	20.667	7.9516E-8	1	0	3.03515
726	-79.333	-23.5	82.74	749.595	8.63556	3.51	3.6	20.667	7.953E-8	1	0	3.0349
727	-79.333	-22.5	82.462	749.615	8.63644	3.51	3.6	20.667	7.9545E-8	1	0	3.03461
728	-79.333	-21.5	82.195	749.637	8.63742	3.51	3.6	20.667	7.9563E-8	1	0	3.03429
729	-79.333	-20.5	81.939	749.661	8.63848	3.51	3.6	20.667	7.9581E-8	1	0	3.03394
730	-79.333	-19.5	81.694	749.687	8.63962	3.51	3.6	20.667	7.9602E-8	1	0	3.03357
731	-79.333	-18.5	81.461	749.714	8.64082	3.51	3.6	20.667	7.9623E-8	1	0	3.03318
732	-79.333	-17.5	81.24	749.743	8.64207	3.51	3.6	20.667	7.9645E-8	1	0	3.03277
733	-79.333	-16.5	81.031	749.772	8.64335	3.51	3.6	20.667	7.9668E-8	1	0	3.03234
734	-79.333	-15.5	80.833	749.802	8.64466	3.51	3.6	20.667	7.9691E-8	1	0	3.03191
735	-79.333	-14.5	80.647	749.832	8.64598	3.51	3.6	20.667	7.9715E-8	1	0	3.03148
736	-79.333	-13.5	80.473	749.861	8.64729	3.51	3.6	20.667	7.9738E-8	1	0	3.03106
737	-79.333	-12.5	80.312	749.89	8.64857	3.51	3.6	20.667	7.9761E-8	1	0	3.03063
738	-79.333	-11.5	80.162	749.919	8.64982	3.51	3.6	20.667	7.9783E-8	1	0	3.03022
739	-79.333	-10.5	80.025	749.946	8.65103	3.51	3.6	20.667	7.9804E-8	1	0	3.02983
740	-79.333	-9.5	79.9	749.972	8.65217	3.51	3.6	20.667	7.9824E-8	1	0	3.02946
741	-79.333	-8.5	79.787	749.996	8.65323	3.51	3.6	20.667	7.9843E-8	1	0	3.02911
742	-79.333	-7.5	79.687	750.018	8.65421	3.51	3.6	20.667	7.9861E-8	1	0	3.02879
743	-79.333	-6.5	79.599	750.038	8.65509	3.51	3.6	20.667	7.9876E-8	1	0	3.0285
744	-79.333	-5.5	79.523	750.056	8.65587	3.51	3.6	20.667	7.989E-8	1	0	3.02825
745	-79.333	-4.5	79.46	750.071	8.65652	3.51	3.6	20.667	7.9902E-8	1	0	3.02803
746	-79.333	-3.5	79.41	750.083	8.65706	3.51	3.6	20.667	7.9911E-8	1	0	3.02786
747	-79.333	-2.5	79.372	750.092	8.65747	3.51	3.6	20.667	7.9919E-8	1	0	3.02772
748	-79.333	-1.5	79.347	750.099	8.65774	3.51	3.6	20.667	7.9924E-8	1	0	3.02763
749	-79.333	-0.5	79.334	750.102	8.65788	3.51	3.6	20.667	7.9926E-8	1	0	3.02759
750	-79.333	0.5	79.334	750.102	8.65788	3.51	3.6	20.667	7.9926E-8	1	0	3.02759
751	-79.333	1.5	79.347	750.099	8.65774	3.51	3.6	20.667	7.9924E-8	1	0	3.02763
752	-79.333	2.5	79.372	750.092	8.65747	3.51	3.6	20.667	7.9919E-8	1	0	3.02772
753	-79.333	3.5	79.41	750.083	8.65706	3.51	3.6	20.667	7.9911E-8	1	0	3.02786
754	-79.333	4.5	79.46	750.071	8.65652	3.51	3.6	20.667	7.9902E-8	1	0	3.02803
755	-79.333	5.5	79.523	750.056	8.65587	3.51	3.6	20.667	7.989E-8	1	0	3.02825
756	-79.333	6.5	79.599	750.038	8.65509	3.51	3.6	20.667	7.9876E-8	1	0	3.0285
757	-79.333	7.5	79.687	750.018	8.65421	3.51	3.6	20.667	7.9861E-8	1	0	3.02879
758	-79.333	8.5	79.787	749.996	8.65323	3.51	3.6	20.667	7.9843E-8	1	0	3.02911
759	-79.333	9.5	79.9	749.972	8.65217	3.51	3.6	20.667	7.9824E-8	1	0	3.02946
760	-79.333	10.5	80.025	749.946	8.65103	3.51	3.6	20.667	7.9804E-8	1	0	3.02983
761	-79.333	11.5	80.162	749.919	8.64982	3.51	3.6	20.667	7.9783E-8	1	0	3.03022
762	-79.333	12.5	80.312	749.89	8.64857	3.51	3.6	20.667	7.9761E-8	1	0	3.03063
763	-79.333	13.5	80.473	749.861	8.64729	3.51	3.6	20.667	7.9738E-8	1	0	3.03106
764	-79.333	14.5	80.647	749.832	8.64598	3.51	3.6	20.667	7.9715E-8	1	0	3.03148
765	-79.333	15.5	80.833	749.802	8.64466	3.51	3.6	20.667	7.9691E-8	1	0	3.03191
766	-79.333	16.5	81.031	749.772	8.64335	3.51	3.6	20.667	7.9668E-8	1	0	3.03234
767	-79.333	17.5	81.24	749.743	8.64207	3.51	3.6	20.667	7.9645E-8	1	0	3.03277
768	-79.333	18.5	81.461	749.714	8.64082	3.51	3.6	20.667	7.9623E-8	1	0	3.03318
769	-79.333	19.5	81.694	749.687	8.63962	3.51	3.6	20.667	7.9602E-8	1	0	3.03357
770	-79.333	20.5	81.939	749.661	8.63848	3.51	3.6	20.667	7.9581E-8	1	0	3.03394
771	-79.333	21.5	82.195	749.637	8.63742	3.51	3.6	20.667	7.9563E-8	1	0	3.03429
772	-79.333	22.5	82.462	749.615	8.63644	3.51	3.6	20.667	7.9545E-8	1	0	3.03461
773	-79.333	23.5	82.74	749.595	8.63556	3.51	3.6	20.667	7.953E-8	1	0	3.0349
774	-79.333	24.5	83.03	749.577	8.63479	3.51	3.6	20.667	7.9516E-8	1	0	3.03515
775	-79.333	25.5	83.33	749.563	8.63413	3.51	3.6	20.667	7.9504E-8	1	0	3.03537
776	-79.333	26.5	83.642	749.55	8.6336	3.51	3.6	20.667	7.9495E-8	1	0	3.03555
777	-79.333	27.5	83.964	749.541	8.63319	3.51	3.6	20.667	7.9488E-8	1	0	3.03568
778	-79.333	28.5	84.297	749.535	8.63292	3.51	3.6	20.667	7.9483E-8	1	0	3.03577
779	-79.333	29.5	84.64	749.532	8.63278	3.51	3.6	20.667	7.948E-8	1	0	3.03581
780	-74.169	-29.5	79.821	807.616	8.62429	3.51	3.6	25.831	7.758E-8	1	0	2.5586
781	-74.169	-28.5	79.457	807.621	8.62452	3.51	3.6	25.831	7.7584E-8	1	0	2.55854
782	-74.169	-27.5	79.103	807.631	8.62498	3.51	3.6	25.831	7.7592E-8	1	0	2.55841
783	-74.169	-26.5	78.761	807.646	8.62566	3.51	3.6	25.831	7.7604E-8	1	0	2.55822
784	-74.169	-25.5	78.431	807.665	8.62655	3.51	3.6	25.831	7.762E-8	1	0	2.55797
785	-74.169	-24.5	78.111	807.689	8.62766	3.51	3.6	25.831	7.7639E-8	1	0	2.55767
786	-74.169	-23.5	77.803	807.716	8.62895	3.51	3.6	25.831	7.7661E-8	1	0	2.55731
787	-74.169	-22.5	77.507	807.748	8.63042	3.51	3.6	25.831	7.7687E-8	1	0	2.55691
788	-74.169	-21.5	77.223	807.783	8.63206	3.51	3.6	25.831	7.7715E-8	1	0	2.55646
789	-74.169	-20.5	76.95	807.822	8.63384	3.51	3.6	25.831	7.7746E-8	1	0	2.55597
790	-74.169	-19.5	76.69	807.863	8.63575	3.51	3.6	25.831	7.7779E-8	1	0	2.55544
791	-74.169	-18.5	76.442	807.906	8.63777	3.51	3.6	25.831	7.7814E-8	1	0	2.55489
792	-74.169	-17.5	76.206	807.951	8.63986	3.51	3.6	25.831	7.7851E-8	1	0	2.55431
793	-74.169	-16.5	75.983	807.997	8.64202	3.51	3.6	25.831	7.7888E-8	1	0	2.55372
794	-74.169	-15.5	75.772	808.045	8.64421	3.51	3.6	25.831	7.7926E-8	1	0	2.55311
795	-74.169	-14.5	75.574	808.092	8.64642	3.51	3.6	25.831	7.7965E-8	1	0	2.55251
796	-74.169	-13.5	75.388	808.139	8.64862	3.51	3.6	25.831	7.8003E-8	1	0	2.5519
797	-74.169	-12.5	75.215	808.186	8.65078	3.51	3.6	25.831	7.804E-8	1	0	2.55131
798	-74.169	-11.5	75.056	808.231	8.65288	3.51	3.6	25.831	7.8077E-8	1	0	2.55073
799	-74.169	-10.5	74.909	808.274	8.6549	3.51	3.6	25.831	7.8112E-8	1	0	2.55018
800	-74.169	-9.5	74.775	808.315	8.65681	3.51	3.6	25.831	7.8145E-8	1	0	2.54966
801	-74.169	-8.5	74.655	808.354	8.6586	3.51	3.6	25.831	7.8176E-8	1	0	2.54917
802	-74.169	-7.5	74.548	808.389	8.66024	3.51	3.6	25.831	7.8205E-8	1	0	2.54872
803	-74.169	-6.5	74.454	808.421	8.66172	3.51	3.6	25.831	7.8231E-8	1	0	2.54831
804	-74.169	-5.5	74.373	808.449	8.66302	3.51	3.6	25.831	7.8254E-8	1	0	2.54795
805	-74.169	-4.5	74.306	808.472	8.66413	3.51	3.6	25.831	7.8273E-8	1	0	2.54765
806	-74.169	-3.5	74.252	808.492	8.66503	3.51	3.6	25.831	7.8288E-8	1	0	2.54741
807	-74.169	-2.5	74.212	808.506	8.66572	3.51	3.6	25.831	7.83E-8	1	0	2.54722
808	-74.169	-1.5	74.185	808.516	8.66618	3.51	3.6	25.831	7.8308E-8	1	0	2.54709
809	-74.169	-0.5	74.171	808.521	8.66641	3.51	3.6	25.831	7.8312E-8	1	0	2.54703
810	-74.169	0.5	74.171	808.521	8.66641	3.51	3.6	25.831	7.8312E-8	1	0	2.54703
811	-74.169	1.5	74.185	808.516	8.66618	3.51	3.6	25.831	7.8308E-8	1	0	2.54709
812	-74.169	2.5	74.212	808.506	8.66572	3.51	3.6	25.831	7.83E-8	1	0	2.54722
813	-74.169	3.5	74.252	808.492	8.66503	3.51	3.6	25.831	7.8288E-8	1	0	2.54741
814	-74.169	4.5	74.306	808.472	8.66413	3.51	3.6	25.831	7.8273E-8	1	0	2.54765
815	-74.169	5.5	74.373	808.449	8.66302	3.51	3.6	25.831	7.8254E-8	1	0	2.54795
816	-74.169	6.5	74.454	808.421	8.66172	3.51	3.6	25.831	7.8231E-8	1	0	2.54831
817	-74.169	7.5	74.548	808.389	8.66024	3.51	3.6	25.831	7.8205E-8	1	0	2.54872
818	-74.169	8.5	74.655	808.354	8.6586	3.51	3.6	25.831	7.8176E-8	1	0	2.54917
819	-74.169	9.5	74.775	808.315	8.65681	3.51	3.6	25.831	7.8145E-8	1	0	2.54966
820	-74.169	10.5	74.909	808.274	8.6549	3.51	3.6	25.831	7.8112E-8	1	0	2.55018
821	-74.169	11.5	75.056	808.231	8.65288	3.51	3.6	25.831	7.8077E-8	1	0	2.55073
822	-74.169	12.5	75.215	808.186	8.65078	3.51	3.6	25.831	7.804E-8	1	0	2.55131
823	-74.169	13.5	75.388	808.139	8.64862	3.51	3.6	25.831	7.8003E-8	1	0	2.5519
824	-74.169	14.5	75.574	808.092	8.64642	3.51	3.6	25.831	7.7965E-8	1	0	2.55251
825	-74.169	15.5	75.772	808.045	8.64421	3.51	3.6	25.831	7.7926E-8	1	0	2.55311
826	-74.169	16.5	75.983	807.997	8.64202	3.51	3.6	25.831	7.7888E-8	1	0	2.55372
827	-74.169	17.5	76.206	807.951	8.63986	3.51	3.6	25.831	7.7851E-8	1	0	2.55431
828	-74.169	18.5	76.442	807.906	8.63777	3.51	3.6	25.831	7.7814E-8	1	0	2.55489
829	-74.169	19.5	76.69	807.863	8.63575	3.51	3.6	25.831	7.7779E-8	1	0	2.55544
830	-74.169	20.5	76.95	807.822	8.63384	3.51	3.6	25.831	7.7746E-8	1	0	2.55597
831	-74.169	21.5	77.223	807.783	8.63206	3.51	3.6	25.831	7.7715E-8	1	0	2.55646
832	-74.169	22.5	77.507	807.748	8.63042	3.51	3.6	25.831	7.7687E-8	1	0	2.55691
833	-74.169	23.5	77.803	807.716	8.62895	3.51	3.6	25.831	7.7661E-8	1	0	2.55731
834	-74.169	24.5	78.111	807.689	8.62766	3.51	3.6	25.831	7.7639E-8	1	0	2.55767
835	-74.169	25.5	78.431	807.665	8.62655	3.51	3.6	25.831	7.762E-8	1	0	2.55797
836	-74.169	26.5	78.761	807.646	8.62566	3.51	3.6	25.831	7.7604E-8	1	0	2.55822
837	-74.169	27.5	79.103	807.631	8.62498	3.51	3.6	25.831	7.7592E-8	1	0	2.55841
838	-74.169	28.5	79.457	807.621	8.62452	3.51	3.6	25.831	7.7584E-8	1	0	2.55854
839	-74.169	29.5	79.821	807.616	8.62429	3.51	3.6	25.831	7.758E-8	1	0	2.5586
840	-69.9	-29.5	75.87	850.775	8.61297	3.51	3.6	30.1	7.6084E-8	1	0	2.30459
841	-69.9	-28.5	75.486	850.782	8.61332	3.51	3.6	30.1	7.609E-8	1	0	2.30451
842	-69.9	-27.5	75.115	850.796	8.61402	3.51	3.6	30.1	7.6102E-8	1	0	2.30433
843	-69.9	-26.5	74.754	850.817	8.61507	3.51	3.6	30.1	7.612E-8	1	0	2.30407
844	-69.9	-25.5	74.406	850.845	8.61645	3.51	3.6	30.1	7.6144E-8	1	0	2.30373
845	-69.9	-24.5	74.069	850.88	8.61814	3.51	3.6	30.1	7.6173E-8	1	0	2.30331
846	-69.9	-23.5	73.744	850.92	8.62013	3.51	3.6	30.1	7.6207E-8	1	0	2.30282
847	-69.9	-22.5	73.432	850.966	8.6224	3.51	3.6	30.1	7.6245E-8	1	0	2.30225
848	-69.9	-21.5	73.131	851.018	8.62491	3.51	3.6	30.1	7.6288E-8	1	0	2.30163
849	-69.9	-20.5	72.844	851.073	8.62766	3.51	3.6	30.1	7.6335E-8	1	0	2.30095
850	-69.9	-19.5	72.569	851.133	8.63059	3.51	3.6	30.1	7.6385E-8	1	0	2.30022
851	-69.9	-18.5	72.306	851.196	8.63369	3.51	3.6	30.1	7.6438E-8	1	0	2.29946
852	-69.9	-17.5	72.057	851.261	8.63692	3.51	3.6	30.1	7.6494E-8	1	0	2.29866
853	-69.9	-16.5	71.821	851.329	8.64024	3.51	3.6	30.1	7.655E-8	1	0	2.29784
854	-69.9	-15.5	71.597	851.397	8.64362	3.51	3.6	30.1	7.6608E-8	1	0	2.29701
855	-69.9	-14.5	71.388	851.466	8.64702	3.51	3.6	30.1	7.6666E-8	1	0	2.29617
856	-69.9	-13.5	71.191	851.535	8.6504	3.51	3.6	30.1	7.6724E-8	1	0	2.29534
857	-69.9	-12.5	71.008	851.602	8.65372	3.51	3.6	30.1	7.6781E-8	1	0	2.29452
858	-69.9	-11.5	70.839	851.668	8.65696	3.51	3.6	30.1	7.6837E-8	1	0	2.29372
859	-69.9	-10.5	70.684	851.731	8.66007	3.51	3.6	30.1	7.689E-8	1	0	2.29296
860	-69.9	-9.5	70.542	851.791	8.66302	3.51	3.6	30.1	7.694E-8	1	0	2.29223
861	-69.9	-8.5	70.414	851.847	8.66577	3.51	3.6	30.1	7.6988E-8	1	0	2.29156
862	-69.9	-7.5	70.301	851.898	8.66831	3.51	3.6	30.1	7.7031E-8	1	0	2.29094
863	-69.9	-6.5	70.201	851.944	8.67059	3.51	3.6	30.1	7.707E-8	1	0	2.29038
864	-69.9	-5.5	70.116	851.985	8.67259	3.51	3.6	30.1	7.7105E-8	1	0	2.28989
865	-69.9	-4.5	70.044	852.019	8.6743	3.51	3.6	30.1	7.7134E-8	1	0	2.28947
866	-69.9	-3.5	69.987	852.047	8.67568	3.51	3.6	30.1	7.7158E-8	1	0	2.28913
867	-69.9	-2.5	69.944	852.069	8.67674	3.51	3.6	30.1	7.7176E-8	1	0	2.28887
868	-69.9	-1.5	69.916	852.083	8.67745	3.51	3.6	30.1	7.7188E-8	1	0	2.2887
869	-69.9	-0.5	69.901	852.09	8.6778	3.51	3.6	30.1	7.7194E-8	1	0	2.28861
870	-69.9	0.5	69.901	852.09	8.6778	3.51	3.6	30.1	7.7194E-8	1	0	2.28861
871	-69.9	1.5	69.916	852.083	8.67745	3.51	3.6	30.1	7.7188E-8	1	0	2.2887
872	-69.9	2.5	69.944	852.069	8.67674	3.51	3.6	30.1	7.7176E-8	1	0	2.28887
873	-69.9	3.5	69.987	852.047	8.67568	3.51	3.6	30.1	7.7158E-8	1	0	2.28913
874	-69.9	4.5	70.044	852.019	8.6743	3.51	3.6	30.1	7.7134E-8	1	0	2.28947
875	-69.9	5.5	70.116	851.985	8.67259	3.51	3.6	30.1	7.7105E-8	1	0	2.28989
876	-69.9	6.5	70.201	851.944	8.67059	3.51	3.6	30.1	7.707E-8	1	0	2.29038
877	-69.9	7.5	70.301	851.898	8.66831	3.51	3.6	30.1	7.7031E-8	1	0	2.29094
878	-69.9	8.5	70.414	851.847	8.66577	3.51	3.6	30.1	7.6988E-8	1	0	2.29156
879	-69.9	9.5	70.542	851.791	8.66302	3.51	3.6	30.1	7.694E-8	1	0	2.29223
880	-69.9	10.5	70.684	851.731	8.66007	3.51	3.6	30.1	7.689E-8	1	0	2.29296
881	-69.9	11.5	70.839	851.668	8.65696	3.51	3.6	30.1	7.6837E-8	1	0	2.29372
882	-69.9	12.5	71.008	851.602	8.65372	3.51	3.6	30.1	7.6781E-8	1	0	2.29452
883	-69.9	13.5	71.191	851.535	8.6504	3.51	3.6	30.1	7.6724E-8	1	0	2.29534
884	-69.9	14.5	71.388	851.466	8.64702	3.51	3.6	30.1	7.6666E-8	1	0	2.29617
885	-69.9	15.5	71.597	851.397	8.64362	3.51	3.6	30.1	7.6608E-8	1	0	2.29701
886	-69.9	16.5	71.821	851.329	8.64024	3.51	3.6	30.1	7.655E-8	1	0	2.29784
887	-69.9	17.5	72.057	851.261	8.63692	3.51	3.6	30.1	7.6494E-8	1	0	2.29866
888	-69.9	18.5	72.306	851.196	8.63369	3.51	3.6	30.1	7.6438E-8	1	0	2.29946
889	-69.9	19.5	72.569	851.133	8.63059	3.51	3.6	30.1	7.6385E-8	1	0	2.30022
890	-69.9	20.5	72.844	851.073	8.62766	3.51	3.6	30.1	7.6335E-8	1	0	2.30095
891	-69.9	21.5	73.131	851.018	8.62491	3.51	3.6	30.1	7.6288E-8	1	0	2.30163
892	-69.9	22.5	73.432	850.966	8.6224	3.51	3.6	30.1	7.6245E-8	1	0	2.30225
893	-69.9	23.5	73.744	850.92	8.62013	3.51	3.6	30.1	7.6207E-8	1	0	2.30282
894	-69.9	24.5	74.069	850.88	8.61814	3.51	3.6	30.1	7.6173E-8	1	0	2.30331
895	-69.9	25.5	74.406	850.845	8.61645	3.51	3.6	30.1	7.6144E-8	1	0	2.30373
896	-69.9	26.5	74.754	850.817	8.61507	3.51	3.6	30.1	7.612E-8	1	0	2.30407
897	-69.9	27.5	75.115	850.796	8.61402	3.51	3.6	30.1	7.6102E-8	1	0	2.30433
898	-69.9	28.5	75.486	850.782	8.61332	3.51	3.6	30.1	7.609E-8	1	0	2.30451
899	-69.9	29.5	75.87	850.775	8.61297	3.51	3.6	30.1	7.6084E-8	1	0	2.30459
900	-66.615	-29.5	72.855	880.966	8.60003	3.51	3.6	33.385	7.4955E-8	1	0	2.16294
901	-66.615	-28.5	72.456	880.976	8.60052	3.51	3.6	33.385	7.4963E-8	1	0	2.16283
902	-66.615	-27.5	72.068	880.995	8.60151	3.51	3.6	33.385	7.498E-8	1	0	2.1626
903	-66.615	-26.5	71.693	881.023	8.60297	3.51	3.6	33.385	7.5004E-8	1	0	2.16225
904	-66.615	-25.5	71.329	881.06	8.6049	3.51	3.6	33.385	7.5037E-8	1	0	2.16181
905	-66.615	-24.5	70.978	881.105	8.60727	3.51	3.6	33.385	7.5077E-8	1	0	2.16125
906	-66.615	-23.5	70.639	881.159	8.61005	3.51	3.6	33.385	7.5124E-8	1	0	2.16061
907	-66.615	-22.5	70.312	881.22	8.61322	3.51	3.6	33.385	7.5177E-8	1	0	2.15987
908	-66.615	-21.5	69.999	881.287	8.61675	3.51	3.6	33.385	7.5237E-8	1	0	2.15905
909	-66.615	-20.5	69.698	881.361	8.62058	3.51	3.6	33.385	7.5302E-8	1	0	2.15816
910	-66.615	-19.5	69.41	881.44	8.6247	3.51	3.6	33.385	7.5371E-8	1	0	2.1572
911	-66.615	-18.5	69.136	881.523	8.62903	3.51	3.6	33.385	7.5444E-8	1	0	2.15619
912	-66.615	-17.5	68.875	881.609	8.63355	3.51	3.6	33.385	7.5521E-8	1	0	2.15515
913	-66.615	-16.5	68.628	881.699	8.6382	3.51	3.6	33.385	7.56E-8	1	0	2.15407
914	-66.615	-15.5	68.395	881.789	8.64294	3.51	3.6	33.385	7.568E-8	1	0	2.15298
915	-66.615	-14.5	68.175	881.88	8.6477	3.51	3.6	33.385	7.576E-8	1	0	2.15188
916	-66.615	-13.5	67.969	881.971	8.65243	3.51	3.6	33.385	7.5841E-8	1	0	2.15078
917	-66.615	-12.5	67.778	882.06	8.6571	3.51	3.6	33.385	7.592E-8	1	0	2.14971
918	-66.615	-11.5	67.6	882.147	8.66163	3.51	3.6	33.385	7.5997E-8	1	0	2.14867
919	-66.615	-10.5	67.437	882.231	8.66599	3.51	3.6	33.385	7.6071E-8	1	0	2.14766
920	-66.615	-9.5	67.289	882.31	8.67012	3.51	3.6	33.385	7.6141E-8	1	0	2.14671
921	-66.615	-8.5	67.155	882.384	8.67399	3.51	3.6	33.385	7.6206E-8	1	0	2.14583
922	-66.615	-7.5	67.036	882.452	8.67754	3.51	3.6	33.385	7.6267E-8	1	0	2.14501
923	-66.615	-6.5	66.931	882.513	8.68074	3.51	3.6	33.385	7.6321E-8	1	0	2.14428
924	-66.615	-5.5	66.842	882.567	8.68355	3.51	3.6	33.385	7.6369E-8	1	0	2.14363
925	-66.615	-4.5	66.767	882.612	8.68594	3.51	3.6	33.385	7.641E-8	1	0	2.14309
926	-66.615	-3.5	66.707	882.649	8.68789	3.51	3.6	33.385	7.6443E-8	1	0	2.14264
927	-66.615	-2.5	66.662	882.678	8.68937	3.51	3.6	33.385	7.6468E-8	1	0	2.1423
928	-66.615	-1.5	66.632	882.697	8.69036	3.51	3.6	33.385	7.6485E-8	1	0	2.14208
929	-66.615	-0.5	66.617	882.706	8.69086	3.51	3.6	33.385	7.6493E-8	1	0	2.14196
930	-66.615	0.5	66.617	882.706	8.69086	3.51	3.6	33.385	7.6493E-8	1	0	2.14196
931	-66.615	1.5	66.632	882.697	8.69036	3.51	3.6	33.385	7.6485E-8	1	0	2.14208
932	-66.615	2.5	66.662	882.678	8.68937	3.51	3.6	33.385	7.6468E-8	1	0	2.1423
933	-66.615	3.5	66.707	882.649	8.68789	3.51	3.6	33.385	7.6443E-8	1	0	2.14264
934	-66.615	4.5	66.767	882.612	8.68594	3.51	3.6	33.385	7.641E-8	1	0	2.14309
935	-66.615	5.5	66.842	882.567	8.68355	3.51	3.6	33.385	7.6369E-8	1	0	2.14363
936	-66.615	6.5	66.931	882.513	8.68074	3.51	3.6	33.385	7.6321E-8	1	0	2.14428
937	-66.615	7.5	67.036	882.452	8.67754	3.51	3.6	33.385	7.6267E-8	1	0	2.14501
938	-66.615	8.5	67.155	882.384	8.67399	3.51	3.6	33.385	7.6206E-8	1	0	2.14583
939	-66.615	9.5	67.289	882.31	8.67012	3.51	3.6	33.385	7.6141E-8	1	0	2.14671
940	-66.615	10.5	67.437	882.231	8.66599	3.51	3.6	33.385	7.6071E-8	1	0	2.14766
941	-66.615	11.5	67.6	882.147	8.66163	3.51	3.6	33.385	7.5997E-8	1	0	2.14867
942	-66.615	12.5	67.778	882.06	8.6571	3.51	3.6	33.385	7.592E-8	1	0	2.14971
943	-66.615	13.5	67.969	881.971	8.65243	3.51	3.6	33.385	7.5841E-8	1	0	2.15078
944	-66.615	14.5	68.175	881.88	8.6477	3.51	3.6	33.385	7.576E-8	1	0	2.15188
945	-66.615	15.5	68.395	881.789	8.64294	3.51	3.6	33.385	7.568E-8	1	0	2.15298
946	-66.615	16.5	68.628	881.699	8.6382	3.51	3.6	33.385	7.56E-8	1	0	2.15407
947	-66.615	17.5	68.875	881.609	8.63355	3.51	3.6	33.385	7.5521E-8	1	0	2.15515
948	-66.615	18.5	69.136	881.523	8.62903	3.51	3.6	33.385	7.5444E-8	1	0	2.15619
949	-66.615	19.5	69.41	881.44	8.6247	3.51	3.6	33.385	7.5371E-8	1	0	2.1572
950	-66.615	20.5	69.698	881.361	8.62058	3.51	3.6	33.385	7.5302E-8	1	0	2.15816
951	-66.615	21.5	69.999	881.287	8.61675	3.51	3.6	33.385	7.5237E-8	1	0	2.15905
952	-66.615	22.5	70.312	881.22	8.61322	3.51	3.6	33.385	7.5177E-8	1	0	2.15987
953	-66.615	23.5	70.639	881.159	8.61005	3.51	3.6	33.385	7.5124E-8	1	0	2.16061
954	-66.615	24.5	70.978	881.105	8.60727	3.51	3.6	33.385	7.5077E-8	1	0	2.16125
955	-66.615	25.5	71.329	881.06	8.6049	3.51	3.6	33.385	7.5037E-8	1	0	2.16181
956	-66.615	26.5	71.693	881.023	8.60297	3.51	3.6	33.385	7.5004E-8	1	0	2.16225
957	-66.615	27.5	72.068	880.995	8.60151	3.51	3.6	33.385	7.498E-8	1	0	2.1626
958	-66.615	28.5	72.456	880.976	8.60052	3.51	3.6	33.385	7.4963E-8	1	0	2.16283
959	-66.615	29.5	72.855	880.966	8.60003	3.51	3.6	33.385	7.4955E-8	1	0	2.16294
960	-64.089	-29.5	70.552	902.437	8.58654	3.51	3.6	35.912	7.4081E-8	1	0	2.07689
961	-64.089	-28.5	70.14	902.449	8.58718	3.51	3.6	35.912	7.4091E-8	1	0	2.07675
962	-64.089	-27.5	69.739	902.472	8.58846	3.51	3.6	35.912	7.4113E-8	1	0	2.07646
963	-64.089	-26.5	69.351	902.507	8.59035	3.51	3.6	35.912	7.4145E-8	1	0	2.07603
964	-64.089	-25.5	68.975	902.552	8.59285	3.51	3.6	35.912	7.4186E-8	1	0	2.07547
965	-64.089	-24.5	68.612	902.609	8.59593	3.51	3.6	35.912	7.4238E-8	1	0	2.07478
966	-64.089	-23.5	68.261	902.674	8.59954	3.51	3.6	35.912	7.4298E-8	1	0	2.07397
967	-64.089	-22.5	67.923	902.749	8.60365	3.51	3.6	35.912	7.4367E-8	1	0	2.07305
968	-64.089	-21.5	67.599	902.833	8.60823	3.51	3.6	35.912	7.4444E-8	1	0	2.07203
969	-64.089	-20.5	67.287	902.924	8.61321	3.51	3.6	35.912	7.4527E-8	1	0	2.07092
970	-64.089	-19.5	66.989	903.021	8.61854	3.51	3.6	35.912	7.4616E-8	1	0	2.06973
971	-64.089	-18.5	66.705	903.123	8.62417	3.51	3.6	35.912	7.4711E-8	1	0	2.06847
972	-64.089	-17.5	66.435	903.23	8.63004	3.51	3.6	35.912	7.4809E-8	1	0	2.06717
973	-64.089	-16.5	66.178	903.34	8.63608	3.51	3.6	35.912	7.4911E-8	1	0	2.06583
974	-64.089	-15.5	65.936	903.452	8.64223	3.51	3.6	35.912	7.5014E-8	1	0	2.06446
975	-64.089	-14.5	65.708	903.565	8.64841	3.51	3.6	35.912	7.5118E-8	1	0	2.06309
976	-64.089	-13.5	65.495	903.677	8.65456	3.51	3.6	35.912	7.5222E-8	1	0	2.06173
977	-64.089	-12.5	65.296	903.787	8.66062	3.51	3.6	35.912	7.5324E-8	1	0	2.06039
978	-64.089	-11.5	65.112	903.894	8.66651	3.51	3.6	35.912	7.5423E-8	1	0	2.05909
979	-64.089	-10.5	64.943	903.997	8.67218	3.51	3.6	35.912	7.5518E-8	1	0	2.05784
980	-64.089	-9.5	64.789	904.095	8.67755	3.51	3.6	35.912	7.5609E-8	1	0	2.05666
981	-64.089	-8.5	64.65	904.186	8.68257	3.51	3.6	35.912	7.5694E-8	1	0	2.05556
982	-64.089	-7.5	64.526	904.27	8.68719	3.51	3.6	35.912	7.5772E-8	1	0	2.05454
983	-64.089	-6.5	64.417	904.345	8.69135	3.51	3.6	35.912	7.5842E-8	1	0	2.05363
984	-64.089	-5.5	64.324	904.412	8.69501	3.51	3.6	35.912	7.5904E-8	1	0	2.05283
985	-64.089	-4.5	64.246	904.468	8.69812	3.51	3.6	35.912	7.5957E-8	1	0	2.05215
986	-64.089	-3.5	64.184	904.514	8.70065	3.51	3.6	35.912	7.5999E-8	1	0	2.05159
987	-64.089	-2.5	64.137	904.549	8.70257	3.51	3.6	35.912	7.6032E-8	1	0	2.05117
988	-64.089	-1.5	64.106	904.573	8.70387	3.51	3.6	35.912	7.6054E-8	1	0	2.05089
989	-64.089	-0.5	64.09	904.584	8.70452	3.51	3.6	35.912	7.6065E-8	1	0	2.05075
990	-64.089	0.5	64.09	904.584	8.70452	3.51	3.6	35.912	7.6065E-8	1	0	2.05075
991	-64.089	1.5	64.106	904.573	8.70387	3.51	3.6	35.912	7.6054E-8	1	0	2.05089
992	-64.089	2.5	64.137	904.549	8.70257	3.51	3.6	35.912	7.6032E-8	1	0	2.05117
993	-64.089	3.5	64.184	904.514	8.70065	3.51	3.6	35.912	7.5999E-8	1	0	2.05159
994	-64.089	4.5	64.246	904.468	8.69812	3.51	3.6	35.912	7.5957E-8	1	0	2.05215
995	-64.089	5.5	64.324	904.412	8.69501	3.51	3.6	35.912	7.5904E-8	1	0	2.05283
996	-64.089	6.5	64.417	904.345	8.69135	3.51	3.6	35.912	7.5842E-8	1	0	2.05363
997	-64.089	7.5	64.526	904.27	8.68719	3.51	3.6	35.912	7.5772E-8	1	0	2.05454
998	-64.089	8.5	64.65	904.186	8.68257	3.51	3.6	35.912	7.5694E-8	1	0	2.05556
999	-64.089	9.5	64.789	904.095	8.67755	3.51	3.6	35.912	7.5609E-8	1	0	2.05666
1000	-64.089	10.5	64.943	903.997	8.67218	3.51	3.6	35.912	7.5518E-8	1	0	2.05784
1001	-64.089	11.5	65.112	903.894	8.66651	3.51	3.6	35.912	7.5423E-8	1	0	2.05909
1002	-64.089	12.5	65.296	903.787	8.66062	3.51	3.6	35.912	7.5324E-8	1	0	2.06039
1003	-64.089	13.5	65.495	903.677	8.65456	3.51	3.6	35.912	7.5222E-8	1	0	2.06173
1004	-64.089	14.5	65.708	903.565	8.64841	3.51	3.6	35.912	7.5118E-8	1	0	2.06309
1005	-64.089	15.5	65.936	903.452	8.64223	3.51	3.6	35.912	7.5014E-8	1	0	2.06446
1006	-64.089	16.5	66.178	903.34	8.63608	3.51	3.6	35.912	7.4911E-8	1	0	2.06583
1007	-64.089	17.5	66.435	903.23	8.63004	3.51	3.6	35.912	7.4809E-8	1	0	2.06717
1008	-64.089	18.5	66.705	903.123	8.62417	3.51	3.6	35.912	7.4711E-8	1	0	2.06847
1009	-64.089	19.5	66.989	903.021	8.61854	3.51	3.6	35.912	7.4616E-8	1	0	2.06973
1010	-64.089	20.5	67.287	902.924	8.61321	3.51	3.6	35.912	7.4527E-8	1	0	2.07092
1011	-64.089	21.5	67.599	902.833	8.60823	3.51	3.6	35.912	7.4444E-8	1	0	2.07203
1012	-64.089	22.5	67.923	902.749	8.60365	3.51	3.6	35.912	7.4367E-8	1	0	2.07305
1013	-64.089	23.5	68.261	902.674	8.59954	3.51	3.6	35.912	7.4298E-8	1	0	2.07397
1014	-64.089	24.5	68.612	902.609	8.59593	3.51	3.6	35.912	7.4238E-8	1	0	2.07478
1015	-64.089	25.5	68.975	902.552	8.59285	3.51	3.6	35.912	7.4186E-8	1	0	2.07547
1016	-64.089	26.5	69.351	902.507	8.59035	3.51	3.6	35.912	7.4145E-8	1	0	2.07603
1017	-64.089	27.5	69.739	902.472	8.58846	3.51	3.6	35.912	7.4113E-8	1	0	2.07646
1018	-64.089	28.5	70.14	902.449	8.58718	3.51	3.6	35.912	7.4091E-8	1	0	2.07675
1019	-64.089	29.5	70.552	902.437	8.58654	3.51	3.6	35.912	7.4081E-8	1	0	2.07689
1020	-62.145	-29.5	68.791	917.927	8.57343	3.51	3.6	37.855	7.3395E-8	1	0	2.02152
1021	-62.145	-28.5	68.368	917.941	8.57421	3.51	3.6	37.855	7.3408E-8	1	0	2.02135
1022	-62.145	-27.5	67.958	917.968	8.57577	3.51	3.6	37.855	7.3434E-8	1	0	2.021
1023	-62.145	-26.5	67.559	918.009	8.57809	3.51	3.6	37.855	7.3473E-8	1	0	2.0205
1024	-62.145	-25.5	67.173	918.062	8.58115	3.51	3.6	37.855	7.3523E-8	1	0	2.01983
1025	-62.145	-24.5	66.8	918.128	8.5849	3.51	3.6	37.855	7.3586E-8	1	0	2.01901
1026	-62.145	-23.5	66.44	918.205	8.58932	3.51	3.6	37.855	7.3659E-8	1	0	2.01804
1027	-62.145	-22.5	66.093	918.293	8.59435	3.51	3.6	37.855	7.3743E-8	1	0	2.01694
1028	-62.145	-21.5	65.759	918.39	8.59994	3.51	3.6	37.855	7.3836E-8	1	0	2.01572
1029	-62.145	-20.5	65.439	918.497	8.60603	3.51	3.6	37.855	7.3937E-8	1	0	2.0144
1030	-62.145	-19.5	65.133	918.611	8.61256	3.51	3.6	37.855	7.4046E-8	1	0	2.01298
1031	-62.145	-18.5	64.84	918.731	8.61945	3.51	3.6	37.855	7.4161E-8	1	0	2.01149
1032	-62.145	-17.5	64.562	918.856	8.62662	3.51	3.6	37.855	7.4281E-8	1	0	2.00993
1033	-62.145	-16.5	64.298	918.985	8.63401	3.51	3.6	37.855	7.4404E-8	1	0	2.00833
1034	-62.145	-15.5	64.049	919.116	8.64153	3.51	3.6	37.855	7.453E-8	1	0	2.00671
1035	-62.145	-14.5	63.814	919.248	8.6491	3.51	3.6	37.855	7.4657E-8	1	0	2.00508
1036	-62.145	-13.5	63.594	919.379	8.65663	3.51	3.6	37.794	7.4783E-8	1	0	2.00559
1037	-62.145	-12.5	63.39	919.508	8.66405	3.51	3.6	37.59	7.4907E-8	1	0	2.01125
1038	-62.145	-11.5	63.2	919.634	8.67127	3.51	3.6	37.4	7.5028E-8	1	0	2.0165
1039	-62.145	-10.5	63.026	919.755	8.6782	3.51	3.6	37.226	7.5144E-8	1	0	2.02132
1040	-62.145	-9.5	62.867	919.869	8.68479	3.51	3.6	37.067	7.5255E-8	1	0	2.0257
1041	-62.145	-8.5	62.724	919.976	8.69094	3.51	3.6	36.924	7.5358E-8	1	0	2.02966
1042	-62.145	-7.5	62.596	920.075	8.6966	3.51	3.6	36.796	7.5454E-8	1	0	2.03319
1043	-62.145	-6.5	62.484	920.163	8.70169	3.51	3.6	36.684	7.5539E-8	1	0	2.03627
1044	-62.145	-5.5	62.388	920.241	8.70617	3.51	3.6	36.588	7.5615E-8	1	0	2.03892
1045	-62.145	-4.5	62.308	920.307	8.70999	3.51	3.6	36.508	7.5679E-8	1	0	2.04113
1046	-62.145	-3.5	62.243	920.361	8.71309	3.51	3.6	36.443	7.5731E-8	1	0	2.0429
1047	-62.145	-2.5	62.195	920.402	8.71545	3.51	3.6	36.395	7.5771E-8	1	0	2.04422
1048	-62.145	-1.5	62.163	920.43	8.71703	3.51	3.6	36.363	7.5798E-8	1	0	2.04511
1049	-62.145	-0.5	62.147	920.444	8.71783	3.51	3.6	36.347	7.5811E-8	1	0	2.04555
1050	-62.145	0.5	62.147	920.444	8.71783	3.51	3.6	36.347	7.5811E-8	1	0	2.04555
1051	-62.145	1.5	62.163	920.43	8.71703	3.51	3.6	36.363	7.5798E-8	1	0	2.04511
1052	-62.145	2.5	62.195	920.402	8.71545	3.51	3.6	36.395	7.5771E-8	1	0	2.04422
1053	-62.145	3.5	62.243	920.361	8.71309	3.51	3.6	36.443	7.5731E-8	1	0	2.0429
1054	-62.145	4.5	62.308	920.307	8.70999	3.51	3.6	36.508	7.5679E-8	1	0	2.04113
1055	-62.145	5.5	62.388	920.241	8.70617	3.51	3.6	36.588	7.5615E-8	1	0	2.03892
1056	-62.145	6.5	62.484	920.163	8.70169	3.51	3.6	36.684	7.5539E-8	1	0	2.03627
1057	-62.145	7.5	62.596	920.075	8.6966	3.51	3.6	36.796	7.5454E-8	1	0	2.03319
1058	-62.145	8.5	62.724	919.976	8.69094	3.51	3.6	36.924	7.5358E-8	1	0	2.02966
1059	-62.145	9.5	62.867	919.869	8.68479	3.51	3.6	37.067	7.5255E-8	1	0	2.0257
1060	-62.145	10.5	63.026	919.755	8.6782	3.51	3.6	37.226	7.5144E-8	1	0	2.02132
1061	-62.145	11.5	63.2	919.634	8.67127	3.51	3.6	37.4	7.5028E-8	1	0	2.0165
1062	-62.145	12.5	63.39	919.508	8.66405	3.51	3.6	37.59	7.4907E-8	1	0	2.01125
1063	-62.145	13.5	63.594	919.379	8.65663	3.51	3.6	37.794	7.4783E-8	1	0	2.00559
1064	-62.145	14.5	63.814	919.248	8.6491	3.51	3.6	37.855	7.4657E-8	1	0	2.00508
1065	-62.145	15.5	64.049	919.116	8.64153	3.51	3.6	37.855	7.453E-8	1	0	2.00671
1066	-62.145	16.5	64.298	918.985	8.63401	3.51	3.6	37.855	7.4404E-8	1	0	2.00833
1067	-62.145	17.5	64.562	918.856	8.62662	3.51	3.6	37.855	7.4281E-8	1	0	2.00993
1068	-62.145	18.5	64.84	918.731	8.61945	3.51	3.6	37.855	7.4161E-8	1	0	2.01149
1069	-62.145	19.5	65.133	918.611	8.61256	3.51	3.6	37.855	7.4046E-8	1	0	2.01298
1070	-62.145	20.5	65.439	918.497	8.60603	3.51	3.6	37.855	7.3937E-8	1	0	2.0144
1071	-62.145	21.5	65.759	918.39	8.59994	3.51	3.6	37.855	7.3836E-8	1	0	2.01572
1072	-62.145	22.5	66.093	918.293	8.59435	3.51	3.6	37.855	7.3743E-8	1	0	2.01694
1073	-62.145	23.5	66.44	918.205	8.58932	3.51	3.6	37.855	7.3659E-8	1	0	2.01804
1074	-62.145	24.5	66.8	918.128	8.5849	3.51	3.6	37.855	7.3586E-8	1	0	2.01901
1075	-62.145	25.5	67.173	918.062	8.58115	3.51	3.6	37.855	7.3523E-8	1	0	2.01983
1076	-62.145	26.5	67.559	918.009	8.57809	3.51	3.6	37.855	7.3473E-8	1	0	2.0205
1077	-62.145	27.5	67.958	917.968	8.57577	3.51	3.6	37.855	7.3434E-8	1	0	2.021
1078	-62.145	28.5	68.368	917.941	8.57421	3.51	3.6	37.855	7.3408E-8	1	0	2.02135
1079	-62.145	29.5	68.791	917.927	8.57343	3.51	3.6	37.855	7.3395E-8	1	0	2.02152
1080	-60.65	-29.5	67.444	929.24	8.56136	3.51	3.6	39.35	7.2854E-8	1	0	1.98439
1081	-60.65	-28.5	67.012	929.255	8.56227	3.51	3.6	39.35	7.2869E-8	1	0	1.9842
1082	-60.65	-27.5	66.593	929.286	8.56409	3.51	3.6	39.35	7.2899E-8	1	0	1.9838
1083	-60.65	-26.5	66.187	929.332	8.5668	3.51	3.6	39.35	7.2944E-8	1	0	1.98322
1084	-60.65	-25.5	65.793	929.392	8.57037	3.51	3.6	39.35	7.3003E-8	1	0	1.98245
1085	-60.65	-24.5	65.412	929.466	8.57475	3.51	3.6	39.35	7.3075E-8	1	0	1.98151
1086	-60.65	-23.5	65.044	929.553	8.57991	3.51	3.6	39.244	7.3161E-8	1	0	1.98386
1087	-60.65	-22.5	64.689	929.652	8.58578	3.51	3.6	38.889	7.3258E-8	1	0	1.99427
1088	-60.65	-21.5	64.348	929.762	8.59231	3.51	3.6	38.548	7.3366E-8	1	0	2.00431
1089	-60.65	-20.5	64.021	929.882	8.59942	3.51	3.6	38.221	7.3484E-8	1	0	2.01398
1090	-60.65	-19.5	63.708	930.01	8.60704	3.51	3.6	37.908	7.361E-8	1	0	2.02325
1091	-60.65	-18.5	63.409	930.146	8.61509	3.51	3.6	37.609	7.3744E-8	1	0	2.03211
1092	-60.65	-17.5	63.124	930.287	8.62347	3.51	3.6	37.324	7.3883E-8	1	0	2.04055
1093	-60.65	-16.5	62.854	930.432	8.63211	3.51	3.6	37.054	7.4027E-8	1	0	2.04857
1094	-60.65	-15.5	62.599	930.58	8.64089	3.51	3.6	36.799	7.4173E-8	1	0	2.05615
1095	-60.65	-14.5	62.359	930.729	8.64974	3.51	3.6	36.559	7.4321E-8	1	0	2.06328
1096	-60.65	-13.5	62.134	930.877	8.65854	3.51	3.6	36.334	7.4468E-8	1	0	2.06996
1097	-60.65	-12.5	61.925	931.023	8.66721	3.51	3.6	36.125	7.4613E-8	1	0	2.07618
1098	-60.65	-11.5	61.731	931.165	8.67565	3.51	3.6	35.931	7.4754E-8	1	0	2.08193
1099	-60.65	-10.5	61.552	931.301	8.68377	3.51	3.6	35.752	7.4889E-8	1	0	2.08722
1100	-60.65	-9.5	61.39	931.43	8.69146	3.51	3.6	35.59	7.5018E-8	1	0	2.09204
1101	-60.65	-8.5	61.243	931.551	8.69866	3.51	3.6	35.443	7.5139E-8	1	0	2.09638
1102	-60.65	-7.5	61.112	931.662	8.70528	3.51	3.6	35.312	7.525E-8	1	0	2.10024
1103	-60.65	-6.5	60.997	931.762	8.71124	3.51	3.6	35.197	7.535E-8	1	0	2.10362
1104	-60.65	-5.5	60.899	931.85	8.71648	3.51	3.6	35.099	7.5438E-8	1	0	2.10652
1105	-60.65	-4.5	60.817	931.924	8.72095	3.51	3.6	35.017	7.5513E-8	1	0	2.10895
1106	-60.65	-3.5	60.751	931.985	8.72458	3.51	3.6	34.951	7.5574E-8	1	0	2.11088
1107	-60.65	-2.5	60.702	932.032	8.72734	3.51	3.6	34.902	7.562E-8	1	0	2.11234
1108	-60.65	-1.5	60.669	932.063	8.72919	3.51	3.6	34.869	7.5652E-8	1	0	2.11331
1109	-60.65	-0.5	60.652	932.078	8.73013	3.51	3.6	34.852	7.5667E-8	1	0	2.11379
1110	-60.65	0.5	60.652	932.078	8.73013	3.51	3.6	34.852	7.5667E-8	1	0	2.11379
1111	-60.65	1.5	60.669	932.063	8.72919	3.51	3.6	34.869	7.5652E-8	1	0	2.11331
1112	-60.65	2.5	60.702	932.032	8.72734	3.51	3.6	34.902	7.562E-8	1	0	2.11234
1113	-60.65	3.5	60.751	931.985	8.72458	3.51	3.6	34.951	7.5574E-8	1	0	2.11088
1114	-60.65	4.5	60.817	931.924	8.72095	3.51	3.6	35.017	7.5513E-8	1	0	2.10895
1115	-60.65	5.5	60.899	931.85	8.71648	3.51	3.6	35.099	7.5438E-8	1	0	2.10652
1116	-60.65	6.5	60.997	931.762	8.71124	3.51	3.6	35.197	7.535E-8	1	0	2.10362
1117	-60.65	7.5	61.112	931.662	8.70528	3.51	3.6	35.312	7.525E-8	1	0	2.10024
1118	-60.65	8.5	61.243	931.551	8.69866	3.51	3.6	35.443	7.5139E-8	1	0	2.09638
1119	-60.65	9.5	61.39	931.43	8.69146	3.51	3.6	35.59	7.5018E-8	1	0	2.09204
1120	-60.65	10.5	61.552	931.301	8.68377	3.51	3.6	35.752	7.4889E-8	1	0	2.08722
1121	-60.65	11.5	61.731	931.165	8.67565	3.51	3.6	35.931	7.4754E-8	1	0	2.08193
1122	-60.65	12.5	61.925	931.023	8.66721	3.51	3.6	36.125	7.4613E-8	1	0	2.07618
1123	-60.65	13.5	62.134	930.877	8.65854	3.51	3.6	36.334	7.4468E-8	1	0	2.06996
1124	-60.65	14.5	62.359	930.729	8.64974	3.51	3.6	36.559	7.4321E-8	1	0	2.06328
1125	-60.65	15.5	62.599	930.58	8.64089	3.51	3.6	36.799	7.4173E-8	1	0	2.05615
1126	-60.65	16.5	62.854	930.432	8.63211	3.51	3.6	37.054	7.4027E-8	1	0	2.04857
1127	-60.65	17.5	63.124	930.287	8.62347	3.51	3.6	37.324	7.3883E-8	1	0	2.04055
1128	-60.65	18.5	63.409	930.146	8.61509	3.51	3.6	37.609	7.3744E-8	1	0	2.03211
1129	-60.65	19.5	63.708	930.01	8.60704	3.51	3.6	37.908	7.361E-8	1	0	2.02325
1130	-60.65	20.5	64.021	929.882	8.59942	3.51	3.6	38.221	7.3484E-8	1	0	2.01398
1131	-60.65	21.5	64.348	929.762	8.59231	3.51	3.6	38.548	7.3366E-8	1	0	2.00431
1132	-60.65	22.5	64.689	929.652	8.58578	3.51	3.6	38.889	7.3258E-8	1	0	1.99427
1133	-60.65	23.5	65.044	929.553	8.57991	3.51	3.6	39.244	7.3161E-8	1	0	1.98386
1134	-60.65	24.5	65.412	929.466	8.57475	3.51	3.6	39.35	7.3075E-8	1	0	1.98151
1135	-60.65	25.5	65.793	929.392	8.57037	3.51	3.6	39.35	7.3003E-8	1	0	1.98245
1136	-60.65	26.5	66.187	929.332	8.5668	3.51	3.6	39.35	7.2944E-8	1	0	1.98322
1137	-60.65	27.5	66.593	929.286	8.56409	3.51	3.6	39.35	7.2899E-8	1	0	1.9838
1138	-60.65	28.5	67.012	929.255	8.56227	3.51	3.6	39.35	7.2869E-8	1	0	1.9842
1139	-60.65	29.5	67.444	929.24	8.56136	3.51	3.6	39.35	7.2854E-8	1	0	1.98439
1140	-59.5	-29.5	66.412	937.588	8.5507	3.51	3.6	40.5	7.2426E-8	1	0	1.95873
1141	-59.5	-28.5	65.973	937.605	8.55173	3.51	3.6	40.173	7.2443E-8	1	0	1.96852
1142	-59.5	-27.5	65.548	937.638	8.55378	3.51	3.6	39.748	7.2477E-8	1	0	1.98143
1143	-59.5	-26.5	65.134	937.688	8.55683	3.51	3.6	39.334	7.2527E-8	1	0	1.99404
1144	-59.5	-25.5	64.734	937.754	8.56084	3.51	3.6	38.934	7.2593E-8	1	0	2.00634
1145	-59.5	-24.5	64.347	937.835	8.56578	3.51	3.6	38.547	7.2675E-8	1	0	2.0183
1146	-59.5	-23.5	63.973	937.931	8.57159	3.51	3.6	38.173	7.277E-8	1	0	2.02991
1147	-59.5	-22.5	63.612	938.039	8.5782	3.51	3.6	37.812	7.288E-8	1	0	2.04114
1148	-59.5	-21.5	63.265	938.16	8.58556	3.51	3.6	37.465	7.3001E-8	1	0	2.05197
1149	-59.5	-20.5	62.933	938.291	8.59358	3.51	3.6	37.133	7.3133E-8	1	0	2.06239
1150	-59.5	-19.5	62.614	938.432	8.60217	3.51	3.6	36.814	7.3276E-8	1	0	2.07238
1151	-59.5	-18.5	62.31	938.58	8.61124	3.51	3.6	36.51	7.3426E-8	1	0	2.08193
1152	-59.5	-17.5	62.02	938.735	8.62069	3.51	3.6	36.22	7.3582E-8	1	0	2.09103
1153	-59.5	-16.5	61.745	938.894	8.63042	3.51	3.6	35.945	7.3744E-8	1	0	2.09967
1154	-59.5	-15.5	61.486	939.056	8.64033	3.51	3.6	35.686	7.3908E-8	1	0	2.10782
1155	-59.5	-14.5	61.241	939.219	8.6503	3.51	3.6	35.441	7.4074E-8	1	0	2.1155
1156	-59.5	-13.5	61.012	939.381	8.66023	3.51	3.6	35.212	7.4239E-8	1	0	2.12269
1157	-59.5	-12.5	60.799	939.541	8.67001	3.51	3.6	34.999	7.4402E-8	1	0	2.12938
1158	-59.5	-11.5	60.601	939.696	8.67953	3.51	3.6	34.801	7.4561E-8	1	0	2.13557
1159	-59.5	-10.5	60.419	939.846	8.68869	3.51	3.6	34.619	7.4714E-8	1	0	2.14126
1160	-59.5	-9.5	60.254	939.987	8.69738	3.51	3.6	34.454	7.4859E-8	1	0	2.14644
1161	-59.5	-8.5	60.104	940.12	8.7055	3.51	3.6	34.304	7.4995E-8	1	0	2.1511
1162	-59.5	-7.5	59.971	940.241	8.71297	3.51	3.6	34.171	7.512E-8	1	0	2.15525
1163	-59.5	-6.5	59.854	940.351	8.7197	3.51	3.6	34.054	7.5233E-8	1	0	2.15889
1164	-59.5	-5.5	59.754	940.447	8.72562	3.51	3.6	33.954	7.5332E-8	1	0	2.16201
1165	-59.5	-4.5	59.67	940.529	8.73065	3.51	3.6	33.87	7.5416E-8	1	0	2.16461
1166	-59.5	-3.5	59.603	940.596	8.73475	3.51	3.6	33.803	7.5485E-8	1	0	2.16669
1167	-59.5	-2.5	59.552	940.647	8.73787	3.51	3.6	33.752	7.5537E-8	1	0	2.16825
1168	-59.5	-1.5	59.519	940.681	8.73996	3.51	3.6	33.719	7.5573E-8	1	0	2.16929
1169	-59.5	-0.5	59.502	940.698	8.74102	3.51	3.6	33.702	7.559E-8	1	0	2.16981
1170	-59.5	0.5	59.502	940.698	8.74102	3.51	3.6	33.702	7.559E-8	1	0	2.16981
1171	-59.5	1.5	59.519	940.681	8.73996	3.51	3.6	33.719	7.5573E-8	1	0	2.16929
1172	-59.5	2.5	59.552	940.647	8.73787	3.51	3.6	33.752	7.5537E-8	1	0	2.16825
1173	-59.5	3.5	59.603	940.596	8.73475	3.51	3.6	33.803	7.5485E-8	1	0	2.16669
1174	-59.5	4.5	59.67	940.529	8.73065	3.51	3.6	33.87	7.5416E-8	1	0	2.16461
1175	-59.5	5.5	59.754	940.447	8.72562	3.51	3.6	33.954	7.5332E-8	1	0	2.16201
1176	-59.5	6.5	59.854	940.351	8.7197	3.51	3.6	34.054	7.5233E-8	1	0	2.15889
1177	-59.5	7.5	59.971	940.241	8.71297	3.51	3.6	34.171	7.512E-8	1	0	2.15525
1178	-59.5	8.5	60.104	940.12	8.7055	3.51	3.6	34.304	7.4995E-8	1	0	2.1511
1179	-59.5	9.5	60.254	939.987	8.69738	3.51	3.6	34.454	7.4859E-8	1	0	2.14644
1180	-59.5	10.5	60.419	939.846	8.68869	3.51	3.6	34.619	7.4714E-8	1	0	2.14126
1181	-59.5	11.5	60.601	939.696	8.67953	3.51	3.6	34.801	7.4561E-8	1	0	2.13557
1182	-59.5	12.5	60.799	939.541	8.67001	3.51	3.6	34.999	7.4402E-8	1	0	2.12938
1183	-59.5	13.5	61.012	939.381	8.66023	3.51	3.6	35.212	7.4239E-8	1	0	2.12269
1184	-59.5	14.5	61.241	939.219	8.6503	3.51	3.6	35.441	7.4074E-8	1	0	2.1155
1185	-59.5	15.5	61.486	939.056	8.64033	3.51	3.6	35.686	7.3908E-8	1	0	2.10782
1186	-59.5	16.5	61.745	938.894	8.63042	3.51	3.6	35.945	7.3744E-8	1	0	2.09967
1187	-59.5	17.5	62.02	938.735	8.62069	3.51	3.6	36.22	7.3582E-8	1	0	2.09103
1188	-59.5	18.5	62.31	938.58	8.61124	3.51	3.6	36.51	7.3426E-8	1	0	2.08193
1189	-59.5	19.5	62.614	938.432	8.60217	3.51	3.6	36.814	7.3276E-8	1	0	2.07238
1190	-59.5	20.5	62.933	938.291	8.59358	3.51	3.6	37.133	7.3133E-8	1	0	2.06239
1191	-59.5	21.5	63.265	938.16	8.58556	3.51	3.6	37.465	7.3001E-8	1	0	2.05197
1192	-59.5	22.5	63.612	938.039	8.5782	3.51	3.6	37.812	7.288E-8	1	0	2.04114
1193	-59.5	23.5	63.973	937.931	8.57159	3.51	3.6	38.173	7.277E-8	1	0	2.02991
1194	-59.5	24.5	64.347	937.835	8.56578	3.51	3.6	38.547	7.2675E-8	1	0	2.0183
1195	-59.5	25.5	64.734	937.754	8.56084	3.51	3.6	38.934	7.2593E-8	1	0	2.00634
1196	-59.5	26.5	65.134	937.688	8.55683	3.51	3.6	39.334	7.2527E-8	1	0	1.99404
1197	-59.5	27.5	65.548	937.638	8.55378	3.51	3.6	39.748	7.2477E-8	1	0	1.98143
1198	-59.5	28.5	65.973	937.605	8.55173	3.51	3.6	40.173	7.2443E-8	1	0	1.96852
1199	-59.5	29.5	66.412	937.588	8.5507	3.51	3.6	40.5	7.2426E-8	1	0	1.95873
1200	-58.5	-29.5	65.517	944.589	8.54026	3.51	3.6	39.717	7.2043E-8	1	0	1.99223
1201	-58.5	-28.5	65.073	944.608	8.5414	3.51	3.6	39.273	7.2062E-8	1	0	2.00631
1202	-58.5	-27.5	64.641	944.644	8.54368	3.51	3.6	38.841	7.2099E-8	1	0	2.02012
1203	-58.5	-26.5	64.222	944.698	8.54706	3.51	3.6	38.422	7.2155E-8	1	0	2.03361
1204	-58.5	-25.5	63.816	944.769	8.55152	3.51	3.6	38.016	7.2228E-8	1	0	2.04677
1205	-58.5	-24.5	63.423	944.857	8.557	3.51	3.6	37.623	7.2318E-8	1	0	2.05956
1206	-58.5	-23.5	63.044	944.96	8.56344	3.51	3.6	37.244	7.2424E-8	1	0	2.07197
1207	-58.5	-22.5	62.678	945.077	8.57079	3.51	3.6	36.878	7.2545E-8	1	0	2.08397
1208	-58.5	-21.5	62.326	945.207	8.57895	3.51	3.6	36.526	7.2679E-8	1	0	2.09555
1209	-58.5	-20.5	61.988	945.349	8.58785	3.51	3.6	36.188	7.2826E-8	1	0	2.10669
1210	-58.5	-19.5	61.664	945.501	8.59739	3.51	3.6	35.864	7.2983E-8	1	0	2.11736
1211	-58.5	-18.5	61.356	945.662	8.60746	3.51	3.6	35.556	7.315E-8	1	0	2.12757
1212	-58.5	-17.5	61.061	945.829	8.61796	3.51	3.6	35.261	7.3323E-8	1	0	2.13728
1213	-58.5	-16.5	60.782	946.001	8.62877	3.51	3.6	34.982	7.3502E-8	1	0	2.1465
1214	-58.5	-15.5	60.519	946.176	8.63977	3.51	3.6	34.719	7.3684E-8	1	0	2.15521
1215	-58.5	-14.5	60.27	946.352	8.65085	3.51	3.6	34.47	7.3868E-8	1	0	2.1634
1216	-58.5	-13.5	60.037	946.528	8.66189	3.51	3.6	34.237	7.4051E-8	1	0	2.17107
1217	-58.5	-12.5	59.821	946.7	8.67276	3.51	3.6	34.021	7.4232E-8	1	0	2.17821
1218	-58.5	-11.5	59.62	946.868	8.68334	3.51	3.6	33.82	7.4408E-8	1	0	2.18481
1219	-58.5	-10.5	59.435	947.03	8.69351	3.51	3.6	33.635	7.4578E-8	1	0	2.19087
1220	-58.5	-9.5	59.266	947.183	8.70317	3.51	3.6	33.466	7.4739E-8	1	0	2.19639
1221	-58.5	-8.5	59.114	947.326	8.7122	3.51	3.6	33.314	7.489E-8	1	0	2.20136
1222	-58.5	-7.5	58.979	947.458	8.72051	3.51	3.6	33.179	7.5028E-8	1	0	2.20579
1223	-58.5	-6.5	58.86	947.576	8.72799	3.51	3.6	33.06	7.5154E-8	1	0	2.20966
1224	-58.5	-5.5	58.758	947.681	8.73457	3.51	3.6	32.958	7.5264E-8	1	0	2.21298
1225	-58.5	-4.5	58.673	947.769	8.74017	3.51	3.6	32.873	7.5358E-8	1	0	2.21575
1226	-58.5	-3.5	58.605	947.841	8.74473	3.51	3.6	32.805	7.5434E-8	1	0	2.21797
1227	-58.5	-2.5	58.553	947.896	8.7482	3.51	3.6	32.753	7.5492E-8	1	0	2.21963
1228	-58.5	-1.5	58.519	947.933	8.75053	3.51	3.6	32.719	7.5531E-8	1	0	2.22074
1229	-58.5	-0.5	58.502	947.952	8.75171	3.51	3.6	32.702	7.5551E-8	1	0	2.22129
1230	-58.5	0.5	58.502	947.952	8.75171	3.51	3.6	32.702	7.5551E-8	1	0	2.22129
1231	-58.5	1.5	58.519	947.933	8.75053	3.51	3.6	32.719	7.5531E-8	1	0	2.22074
1232	-58.5	2.5	58.553	947.896	8.7482	3.51	3.6	32.753	7.5492E-8	1	0	2.21963
1233	-58.5	3.5	58.605	947.841	8.74473	3.51	3.6	32.805	7.5434E-8	1	0	2.21797
1234	-58.5	4.5	58.673	947.769	8.74017	3.51	3.6	32.873	7.5358E-8	1	0	2.21575
1235	-58.5	5.5	58.758	947.681	8.73457	3.51	3.6	32.958	7.5264E-8	1	0	2.21298
1236	-58.5	6.5	58.86	947.576	8.72799	3.51	3.6	33.06	7.5154E-8	1	0	2.20966
1237	-58.5	7.5	58.979	947.458	8.72051	3.51	3.6	33.179	7.5028E-8	1	0	2.20579
1238	-58.5	8.5	59.114	947.326	8.7122	3.51	3.6	33.314	7.489E-8	1	0	2.20136
1239	-58.5	9.5	59.266	947.183	8.70317	3.51	3.6	33.466	7.4739E-8	1	0	2.19639
1240	-58.5	10.5	59.435	947.03	8.69351	3.51	3.6	33.635	7.4578E-8	1	0	2.19087
1241	-58.5	11.5	59.62	946.868	8.68334	3.51	3.6	33.82	7.4408E-8	1	0	2.18481
1242	-58.5	12.5	59.821	946.7	8.67276	3.51	3.6	34.021	7.4232E-8	1	0	2.17821
1243	-58.5	13.5	60.037	946.528	8.66189	3.51	3.6	34.237	7.4051E-8	1	0	2.17107
1244	-58.5	14.5	60.27	946.352	8.65085	3.51	3.6	34.47	7.3868E-8	1	0	2.1634
1245	-58.5	15.5	60.519	946.176	8.63977	3.51	3.6	34.719	7.3684E-8	1	0	2.15521
1246	-58.5	16.5	60.782	946.001	8.62877	3.51	3.6	34.982	7.3502E-8	1	0	2.1465
1247	-58.5	17.5	61.061	945.829	8.61796	3.51	3.6	35.261	7.3323E-8	1	0	2.13728
1248	-58.5	18.5	61.356	945.662	8.60746	3.51	3.6	35.556	7.315E-8	1	0	2.12757
1249	-58.5	19.5	61.664	945.501	8.59739	3.51	3.6	35.864	7.2983E-8	1	0	2.11736
1250	-58.5	20.5	61.988	945.349	8.58785	3.51	3.6	36.188	7.2826E-8	1	0	2.10669
1251	-58.5	21.5	62.326	945.207	8.57895	3.51	3.6	36.526	7.2679E-8	1	0	2.09555
1252	-58.5	22.5	62.678	945.077	8.57079	3.51	3.6	36.878	7.2545E-8	1	0	2.08397
1253	-58.5	23.5	63.044	944.96	8.56344	3.51	3.6	37.244	7.2424E-8	1	0	2.07197
1254	-58.5	24.5	63.423	944.857	8.557	3.51	3.6	37.623	7.2318E-8	1	0	2.05956
1255	-58.5	25.5	63.816	944.769	8.55152	3.51	3.6	38.016	7.2228E-8	1	0	2.04677
1256	-58.5	26.5	64.222	944.698	8.54706	3.51	3.6	38.422	7.2155E-8	1	0	2.03361
1257	-58.5	27.5	64.641	944.644	8.54368	3.51	3.6	38.841	7.2099E-8	1	0	2.02012
1258	-58.5	28.5	65.073	944.608	8.5414	3.51	3.6	39.273	7.2062E-8	1	0	2.00631
1259	-58.5	29.5	65.517	944.589	8.54026	3.51	3.6	39.717	7.2043E-8	1	0	1.99223
1260	-57.5	-29.5	64.626	951.363	8.5287	3.51	3.6	38.826	7.165E-8	1	0	2.0307
1261	-57.5	-28.5	64.176	951.382	8.52996	3.51	3.6	38.376	7.167E-8	1	0	2.04578
1262	-57.5	-27.5	63.738	951.422	8.53248	3.51	3.6	37.938	7.1711E-8	1	0	2.06057
1263	-57.5	-26.5	63.313	951.48	8.53624	3.51	3.6	37.513	7.1773E-8	1	0	2.07502
1264	-57.5	-25.5	62.901	951.557	8.54118	3.51	3.6	37.101	7.1854E-8	1	0	2.0891
1265	-57.5	-24.5	62.502	951.651	8.54726	3.51	3.6	36.702	7.1953E-8	1	0	2.1028
1266	-57.5	-23.5	62.117	951.763	8.55441	3.51	3.6	36.317	7.207E-8	1	0	2.11608
1267	-57.5	-22.5	61.745	951.889	8.56256	3.51	3.6	35.945	7.2204E-8	1	0	2.12893
1268	-57.5	-21.5	61.388	952.03	8.57163	3.51	3.6	35.588	7.2353E-8	1	0	2.14132
1269	-57.5	-20.5	61.045	952.183	8.5815	3.51	3.6	35.245	7.2515E-8	1	0	2.15323
1270	-57.5	-19.5	60.717	952.347	8.59209	3.51	3.6	34.917	7.2689E-8	1	0	2.16465
1271	-57.5	-18.5	60.403	952.521	8.60327	3.51	3.6	34.603	7.2873E-8	1	0	2.17556
1272	-57.5	-17.5	60.104	952.701	8.61493	3.51	3.6	34.304	7.3066E-8	1	0	2.18595
1273	-57.5	-16.5	59.821	952.887	8.62693	3.51	3.6	34.021	7.3264E-8	1	0	2.1958
1274	-57.5	-15.5	59.552	953.077	8.63915	3.51	3.6	33.752	7.3466E-8	1	0	2.20511
1275	-57.5	-14.5	59.3	953.267	8.65146	3.51	3.6	33.5	7.367E-8	1	0	2.21386
1276	-57.5	-13.5	59.064	953.457	8.66372	3.51	3.6	33.264	7.3873E-8	1	0	2.22205
1277	-57.5	-12.5	58.843	953.643	8.6758	3.51	3.6	33.043	7.4073E-8	1	0	2.22968
1278	-57.5	-11.5	58.639	953.825	8.68756	3.51	3.6	32.839	7.4269E-8	1	0	2.23672
1279	-57.5	-10.5	58.451	953.999	8.69887	3.51	3.6	32.651	7.4457E-8	1	0	2.24319
1280	-57.5	-9.5	58.279	954.165	8.70961	3.51	3.6	32.479	7.4636E-8	1	0	2.24908
1281	-57.5	-8.5	58.125	954.319	8.71965	3.51	3.6	32.325	7.4803E-8	1	0	2.25439
1282	-57.5	-7.5	57.987	954.462	8.72888	3.51	3.6	32.187	7.4957E-8	1	0	2.25911
1283	-57.5	-6.5	57.866	954.59	8.73721	3.51	3.6	32.066	7.5096E-8	1	0	2.26324
1284	-57.5	-5.5	57.762	954.702	8.74452	3.51	3.6	31.962	7.5219E-8	1	0	2.26678
1285	-57.5	-4.5	57.676	954.798	8.75075	3.51	3.6	31.876	7.5323E-8	1	0	2.26973
1286	-57.5	-3.5	57.606	954.876	8.75583	3.51	3.6	31.806	7.5408E-8	1	0	2.2721
1287	-57.5	-2.5	57.554	954.936	8.75968	3.51	3.6	31.754	7.5472E-8	1	0	2.27387
1288	-57.5	-1.5	57.52	954.975	8.76228	3.51	3.6	31.72	7.5516E-8	1	0	2.27505
1289	-57.5	-0.5	57.502	954.995	8.76358	3.51	3.6	31.702	7.5538E-8	1	0	2.27564
1290	-57.5	0.5	57.502	954.995	8.76358	3.51	3.6	31.702	7.5538E-8	1	0	2.27564
1291	-57.5	1.5	57.52	954.975	8.76228	3.51	3.6	31.72	7.5516E-8	1	0	2.27505
1292	-57.5	2.5	57.554	954.936	8.75968	3.51	3.6	31.754	7.5472E-8	1	0	2.27387
1293	-57.5	3.5	57.606	954.876	8.75583	3.51	3.6	31.806	7.5408E-8	1	0	2.2721
1294	-57.5	4.5	57.676	954.798	8.75075	3.51	3.6	31.876	7.5323E-8	1	0	2.26973
1295	-57.5	5.5	57.762	954.702	8.74452	3.51	3.6	31.962	7.5219E-8	1	0	2.26678
1296	-57.5	6.5	57.866	954.59	8.73721	3.51	3.6	32.066	7.5096E-8	1	0	2.26324
1297	-57.5	7.5	57.987	954.462	8.72888	3.51	3.6	32.187	7.4957E-8	1	0	2.25911
1298	-57.5	8.5	58.125	954.319	8.71965	3.51	3.6	32.325	7.4803E-8	1	0	2.25439
1299	-57.5	9.5	58.279	954.165	8.70961	3.51	3.6	32.479	7.4636E-8	1	0	2.24908
1300	-57.5	10.5	58.451	953.999	8.69887	3.51	3.6	32.651	7.4457E-8	1	0	2.24319
1301	-57.5	11.5	58.639	953.825	8.68756	3.51	3.6	32.839	7.4269E-8	1	0	2.23672
1302	-57.5	12.5	58.843	953.643	8.6758	3.51	3.6	33.043	7.4073E-8	1	0	2.22968
1303	-57.5	13.5	59.064	953.457	8.66372	3.51	3.6	33.264	7.3873E-8	1	0	2.22205
1304	-57.5	14.5	59.3	953.267	8.65146	3.51	3.6	33.5	7.367E-8	1	0	2.21386
1305	-57.5	15.5	59.552	953.077	8.63915	3.51	3.6	33.752	7.3466E-8	1	0	2.20511
1306	-57.5	16.5	59.821	952.887	8.62693	3.51	3.6	34.021	7.3264E-8	1	0	2.1958
1307	-57.5	17.5	60.104	952.701	8.61493	3.51	3.6	34.304	7.3066E-8	1	0	2.18595
1308	-57.5	18.5	60.403	952.521	8.60327	3.51	3.6	34.603	7.2873E-8	1	0	2.17556
1309	-57.5	19.5	60.717	952.347	8.59209	3.51	3.6	34.917	7.2689E-8	1	0	2.16465
1310	-57.5	20.5	61.045	952.183	8.5815	3.51	3.6	35.245	7.2515E-8	1	0	2.15323
1311	-57.5	21.5	61.388	952.03	8.57163	3.51	3.6	35.588	7.2353E-8	1	0	2.14132
1312	-57.5	22.5	61.745	951.889	8.56256	3.51	3.6	35.945	7.2204E-8	1	0	2.12893
1313	-57.5	23.5	62.117	951.763	8.55441	3.51	3.6	36.317	7.207E-8	1	0	2.11608
1314	-57.5	24.5	62.502	951.651	8.54726	3.51	3.6	36.702	7.1953E-8	1	0	2.1028
1315	-57.5	25.5	62.901	951.557	8.54118	3.51	3.6	37.101	7.1854E-8	1	0	2.0891
1316	-57.5	26.5	63.313	951.48	8.53624	3.51	3.6	37.513	7.1773E-8	1	0	2.07502
1317	-57.5	27.5	63.738	951.422	8.53248	3.51	3.6	37.938	7.1711E-8	1	0	2.06057
1318	-57.5	28.5	64.176	951.382	8.52996	3.51	3.6	38.376	7.167E-8	1	0	2.04578
1319	-57.5	29.5	64.626	951.363	8.5287	3.51	3.6	38.826	7.165E-8	1	0	2.0307
1320	-56.5	-29.5	63.738	957.908	8.51588	3.51	3.6	37.938	7.1243E-8	1	0	2.07092
1321	-56.5	-28.5	63.281	957.93	8.51728	3.51	3.6	37.481	7.1266E-8	1	0	2.08709
1322	-56.5	-27.5	62.837	957.972	8.52008	3.51	3.6	37.037	7.1311E-8	1	0	2.10294
1323	-56.5	-26.5	62.406	958.035	8.52424	3.51	3.6	36.606	7.1379E-8	1	0	2.11843
1324	-56.5	-25.5	61.988	958.118	8.52972	3.51	3.6	36.188	7.1468E-8	1	0	2.13353
1325	-56.5	-24.5	61.583	958.22	8.53647	3.51	3.6	35.783	7.1578E-8	1	0	2.14821
1326	-56.5	-23.5	61.192	958.34	8.5444	3.51	3.6	35.392	7.1708E-8	1	0	2.16245
1327	-56.5	-22.5	60.815	958.477	8.55345	3.51	3.6	35.015	7.1856E-8	1	0	2.17621
1328	-56.5	-21.5	60.452	958.629	8.5635	3.51	3.6	34.652	7.202E-8	1	0	2.18949
1329	-56.5	-20.5	60.104	958.794	8.57446	3.51	3.6	34.304	7.22E-8	1	0	2.20225
1330	-56.5	-19.5	59.77	958.971	8.58621	3.51	3.6	33.97	7.2393E-8	1	0	2.21448
1331	-56.5	-18.5	59.452	959.159	8.59862	3.51	3.6	33.652	7.2597E-8	1	0	2.22616
1332	-56.5	-17.5	59.148	959.354	8.61156	3.51	3.6	33.348	7.2809E-8	1	0	2.23728
1333	-56.5	-16.5	58.86	959.554	8.62489	3.51	3.6	33.06	7.3029E-8	1	0	2.24782
1334	-56.5	-15.5	58.588	959.758	8.63847	3.51	3.6	32.788	7.3253E-8	1	0	2.25778
1335	-56.5	-14.5	58.331	959.964	8.65214	3.51	3.6	32.531	7.3479E-8	1	0	2.26714
1336	-56.5	-13.5	58.09	960.169	8.66576	3.51	3.6	32.29	7.3704E-8	1	0	2.2759
1337	-56.5	-12.5	57.866	960.37	8.67918	3.51	3.6	32.066	7.3926E-8	1	0	2.28404
1338	-56.5	-11.5	57.658	960.566	8.69225	3.51	3.6	31.858	7.4143E-8	1	0	2.29158
1339	-56.5	-10.5	57.467	960.755	8.70482	3.51	3.6	31.667	7.4352E-8	1	0	2.29849
1340	-56.5	-9.5	57.293	960.933	8.71675	3.51	3.6	31.493	7.4551E-8	1	0	2.30478
1341	-56.5	-8.5	57.136	961.101	8.72792	3.51	3.6	31.336	7.4737E-8	1	0	2.31045
1342	-56.5	-7.5	56.996	961.254	8.73819	3.51	3.6	31.196	7.4908E-8	1	0	2.31549
1343	-56.5	-6.5	56.873	961.393	8.74744	3.51	3.6	31.073	7.5062E-8	1	0	2.3199
1344	-56.5	-5.5	56.767	961.514	8.75558	3.51	3.6	30.967	7.5198E-8	1	0	2.32369
1345	-56.5	-4.5	56.679	961.618	8.76251	3.51	3.6	30.879	7.5314E-8	1	0	2.32684
1346	-56.5	-3.5	56.608	961.702	8.76815	3.51	3.6	30.808	7.5409E-8	1	0	2.32936
1347	-56.5	-2.5	56.555	961.766	8.77244	3.51	3.6	30.755	7.548E-8	1	0	2.33125
1348	-56.5	-1.5	56.52	961.809	8.77533	3.51	3.6	30.72	7.5529E-8	1	0	2.33251
1349	-56.5	-0.5	56.502	961.831	8.77678	3.51	3.6	30.702	7.5553E-8	1	0	2.33315
1350	-56.5	0.5	56.502	961.831	8.77678	3.51	3.6	30.702	7.5553E-8	1	0	2.33315
1351	-56.5	1.5	56.52	961.809	8.77533	3.51	3.6	30.72	7.5529E-8	1	0	2.33251
1352	-56.5	2.5	56.555	961.766	8.77244	3.51	3.6	30.755	7.548E-8	1	0	2.33125
1353	-56.5	3.5	56.608	961.702	8.76815	3.51	3.6	30.808	7.5409E-8	1	0	2.32936
1354	-56.5	4.5	56.679	961.618	8.76251	3.51	3.6	30.879	7.5314E-8	1	0	2.32684
1355	-56.5	5.5	56.767	961.514	8.75558	3.51	3.6	30.967	7.5198E-8	1	0	2.32369
1356	-56.5	6.5	56.873	961.393	8.74744	3.51	3.6	31.073	7.5062E-8	1	0	2.3199
1357	-56.5	7.5	56.996	961.254	8.73819	3.51	3.6	31.196	7.4908E-8	1	0	2.31549
1358	-56.5	8.5	57.136	961.101	8.72792	3.51	3.6	31.336	7.4737E-8	1	0	2.31045
1359	-56.5	9.5	57.293	960.933	8.71675	3.51	3.6	31.493	7.4551E-8	1	0	2.30478
1360	-56.5	10.5	57.467	960.755	8.70482	3.51	3.6	31.667	7.4352E-8	1	0	2.29849
1361	-56.5	11.5	57.658	960.566	8.69225	3.51	3.6	31.858	7.4143E-8	1	0	2.29158
1362	-56.5	12.5	57.866	960.37	8.67918	3.51	3.6	32.066	7.3926E-8	1	0	2.28404
1363	-56.5	13.5	58.09	960.169	8.66576	3.51	3.6	32.29	7.3704E-8	1	0	2.2759
1364	-56.5	14.5	58.331	959.964	8.65214	3.51	3.6	32.531	7.3479E-8	1	0	2.26714
1365	-56.5	15.5	58.588	959.758	8.63847	3.51	3.6	32.788	7.3253E-8	1	0	2.25778
1366	-56.5	16.5	58.86	959.554	8.62489	3.51	3.6	33.06	7.3029E-8	1	0	2.24782
1367	-56.5	17.5	59.148	959.354	8.61156	3.51	3.6	33.348	7.2809E-8	1	0	2.23728
1368	-56.5	18.5	59.452	959.159	8.59862	3.51	3.6	33.652	7.2597E-8	1	0	2.22616
1369	-56.5	19.5	59.77	958.971	8.58621	3.51	3.6	33.97	7.2393E-8	1	0	2.21448
1370	-56.5	20.5	60.104	958.794	8.57446	3.51	3.6	34.304	7.22E-8	1	0	2.20225
1371	-56.5	21.5	60.452	958.629	8.5635	3.51	3.6	34.652	7.202E-8	1	0	2.18949
1372	-56.5	22.5	60.815	958.477	8.55345	3.51	3.6	35.015	7.1856E-8	1	0	2.17621
1373	-56.5	23.5	61.192	958.34	8.5444	3.51	3.6	35.392	7.1708E-8	1	0	2.16245
1374	-56.5	24.5	61.583	958.22	8.53647	3.51	3.6	35.783	7.1578E-8	1	0	2.14821
1375	-56.5	25.5	61.988	958.118	8.52972	3.51	3.6	36.188	7.1468E-8	1	0	2.13353
1376	-56.5	26.5	62.406	958.035	8.52424	3.51	3.6	36.606	7.1379E-8	1	0	2.11843
1377	-56.5	27.5	62.837	957.972	8.52008	3.51	3.6	37.037	7.1311E-8	1	0	2.10294
1378	-56.5	28.5	63.281	957.93	8.51728	3.51	3.6	37.481	7.1266E-8	1	0	2.08709
1379	-56.5	29.5	63.738	957.908	8.51588	3.51	3.6	37.938	7.1243E-8	1	0	2.07092
1380	-55.5	-29.5	62.853	964.228	8.50168	3.51	3.6	37.053	7.0821E-8	1	0	2.11304
1381	-55.5	-28.5	62.39	964.251	8.50323	3.51	3.6	36.59	7.0846E-8	1	0	2.13041
1382	-55.5	-27.5	61.939	964.297	8.50633	3.51	3.6	36.139	7.0897E-8	1	0	2.14742
1383	-55.5	-26.5	61.502	964.365	8.51095	3.51	3.6	35.702	7.0972E-8	1	0	2.16404
1384	-55.5	-25.5	61.078	964.454	8.51703	3.51	3.6	35.278	7.107E-8	1	0	2.18025
1385	-55.5	-24.5	60.667	964.564	8.52451	3.51	3.6	34.867	7.1192E-8	1	0	2.196
1386	-55.5	-23.5	60.27	964.693	8.53331	3.51	3.6	34.47	7.1335E-8	1	0	2.21128
1387	-55.5	-22.5	59.887	964.841	8.54334	3.51	3.6	34.087	7.1499E-8	1	0	2.22605
1388	-55.5	-21.5	59.519	965.004	8.55449	3.51	3.6	33.719	7.1681E-8	1	0	2.24029
1389	-55.5	-20.5	59.165	965.183	8.56665	3.51	3.6	33.365	7.1879E-8	1	0	2.25397
1390	-55.5	-19.5	58.826	965.374	8.57969	3.51	3.6	33.026	7.2093E-8	1	0	2.26708
1391	-55.5	-18.5	58.502	965.576	8.59347	3.51	3.6	32.702	7.2318E-8	1	0	2.2796
1392	-55.5	-17.5	58.194	965.786	8.60783	3.51	3.6	32.394	7.2554E-8	1	0	2.29152
1393	-55.5	-16.5	57.901	966.003	8.62263	3.51	3.6	32.101	7.2797E-8	1	0	2.30281
1394	-55.5	-15.5	57.624	966.223	8.63771	3.51	3.6	31.824	7.3045E-8	1	0	2.31348
1395	-55.5	-14.5	57.363	966.445	8.65289	3.51	3.6	31.563	7.3296E-8	1	0	2.32351
1396	-55.5	-13.5	57.118	966.666	8.66802	3.51	3.6	31.318	7.3546E-8	1	0	2.33288
1397	-55.5	-12.5	56.89	966.883	8.68293	3.51	3.6	31.09	7.3792E-8	1	0	2.34161
1398	-55.5	-11.5	56.679	967.095	8.69745	3.51	3.6	30.879	7.4033E-8	1	0	2.34967
1399	-55.5	-10.5	56.485	967.298	8.71143	3.51	3.6	30.685	7.4265E-8	1	0	2.35707
1400	-55.5	-9.5	56.307	967.491	8.72469	3.51	3.6	30.507	7.4485E-8	1	0	2.3638
1401	-55.5	-8.5	56.147	967.671	8.7371	3.51	3.6	30.347	7.4691E-8	1	0	2.36986
1402	-55.5	-7.5	56.004	967.837	8.74852	3.51	3.6	30.204	7.4882E-8	1	0	2.37525
1403	-55.5	-6.5	55.879	967.987	8.75882	3.51	3.6	30.079	7.5053E-8	1	0	2.37997
1404	-55.5	-5.5	55.772	968.118	8.76787	3.51	3.6	29.972	7.5205E-8	1	0	2.38401
1405	-55.5	-4.5	55.682	968.23	8.77558	3.51	3.6	29.882	7.5333E-8	1	0	2.38739
1406	-55.5	-3.5	55.61	968.321	8.78185	3.51	3.6	29.81	7.5438E-8	1	0	2.39008
1407	-55.5	-2.5	55.556	968.39	8.78662	3.51	3.6	29.756	7.5518E-8	1	0	2.39211
1408	-55.5	-1.5	55.52	968.436	8.78983	3.51	3.6	29.72	7.5572E-8	1	0	2.39345
1409	-55.5	-0.5	55.502	968.46	8.79145	3.51	3.6	29.702	7.5599E-8	1	0	2.39413
1410	-55.5	0.5	55.502	968.46	8.79145	3.51	3.6	29.702	7.5599E-8	1	0	2.39413
1411	-55.5	1.5	55.52	968.436	8.78983	3.51	3.6	29.72	7.5572E-8	1	0	2.39345
1412	-55.5	2.5	55.556	968.39	8.78662	3.51	3.6	29.756	7.5518E-8	1	0	2.39211
1413	-55.5	3.5	55.61	968.321	8.78185	3.51	3.6	29.81	7.5438E-8	1	0	2.39008
1414	-55.5	4.5	55.682	968.23	8.77558	3.51	3.6	29.882	7.5333E-8	1	0	2.38739
1415	-55.5	5.5	55.772	968.118	8.76787	3.51	3.6	29.972	7.5205E-8	1	0	2.38401
1416	-55.5	6.5	55.879	967.987	8.75882	3.51	3.6	30.079	7.5053E-8	1	0	2.37997
1417	-55.5	7.5	56.004	967.837	8.74852	3.51	3.6	30.204	7.4882E-8	1	0	2.37525
1418	-55.5	8.5	56.147	967.671	8.7371	3.51	3.6	30.347	7.4691E-8	1	0	2.36986
1419	-55.5	9.5	56.307	967.491	8.72469	3.51	3.6	30.507	7.4485E-8	1	0	2.3638
1420	-55.5	10.5	56.485	967.298	8.71143	3.51	3.6	30.685	7.4265E-8	1	0	2.35707
1421	-55.5	11.5	56.679	967.095	8.69745	3.51	3.6	30.879	7.4033E-8	1	0	2.34967
1422	-55.5	12.5	56.89	966.883	8.68293	3.51	3.6	31.09	7.3792E-8	1	0	2.34161
1423	-55.5	13.5	57.118	966.666	8.66802	3.51	3.6	31.318	7.3546E-8	1	0	2.33288
1424	-55.5	14.5	57.363	966.445	8.65289	3.51	3.6	31.563	7.3296E-8	1	0	2.32351
1425	-55.5	15.5	57.624	966.223	8.63771	3.51	3.6	31.824	7.3045E-8	1	0	2.31348
1426	-55.5	16.5	57.901	966.003	8.62263	3.51	3.6	32.101	7.2797E-8	1	0	2.30281
1427	-55.5	17.5	58.194	965.786	8.60783	3.51	3.6	32.394	7.2554E-8	1	0	2.29152
1428	-55.5	18.5	58.502	965.576	8.59347	3.51	3.6	32.702	7.2318E-8	1	0	2.2796
1429	-55.5	19.5	58.826	965.374	8.57969	3.51	3.6	33.026	7.2093E-8	1	0	2.26708
1430	-55.5	20.5	59.165	965.183	8.56665	3.51	3.6	33.365	7.1879E-8	1	0	2.25397
1431	-55.5	21.5	59.519	965.004	8.55449	3.51	3.6	33.719	7.1681E-8	1	0	2.24029
1432	-55.5	22.5	59.887	964.841	8.54334	3.51	3.6	34.087	7.1499E-8	1	0	2.22605
1433	-55.5	23.5	60.27	964.693	8.53331	3.51	3.6	34.47	7.1335E-8	1	0	2.21128
1434	-55.5	24.5	60.667	964.564	8.52451	3.51	3.6	34.867	7.1192E-8	1	0	2.196
1435	-55.5	25.5	61.078	964.454	8.51703	3.51	3.6	35.278	7.107E-8	1	0	2.18025
1436	-55.5	26.5	61.502	964.365	8.51095	3.51	3.6	35.702	7.0972E-8	1	0	2.16404
1437	-55.5	27.5	61.939	964.297	8.50633	3.51	3.6	36.139	7.0897E-8	1	0	2.14742
1438	-55.5	28.5	62.39	964.251	8.50323	3.51	3.6	36.59	7.0846E-8	1	0	2.13041
1439	-55.5	29.5	62.853	964.228	8.50168	3.51	3.6	37.053	7.0821E-8	1	0	2.11304
1440	-54.5	-29.5	61.972	970.322	8.48594	3.51	3.6	36.172	7.0382E-8	1	0	2.15726
1441	-54.5	-28.5	61.502	970.347	8.48766	3.51	3.6	35.702	7.041E-8	1	0	2.17592
1442	-54.5	-27.5	61.045	970.396	8.4911	3.51	3.6	35.245	7.0465E-8	1	0	2.1942
1443	-54.5	-26.5	60.601	970.469	8.49622	3.51	3.6	34.801	7.0548E-8	1	0	2.21207
1444	-54.5	-25.5	60.171	970.565	8.50296	3.51	3.6	34.371	7.0657E-8	1	0	2.22948
1445	-54.5	-24.5	59.754	970.684	8.51125	3.51	3.6	33.954	7.0792E-8	1	0	2.24641
1446	-54.5	-23.5	59.351	970.823	8.52101	3.51	3.6	33.551	7.095E-8	1	0	2.26282
1447	-54.5	-22.5	58.962	970.982	8.53213	3.51	3.6	33.162	7.1131E-8	1	0	2.27869
1448	-54.5	-21.5	58.588	971.158	8.54451	3.51	3.6	32.788	7.1332E-8	1	0	2.29398
1449	-54.5	-20.5	58.228	971.351	8.558	3.51	3.6	32.428	7.1552E-8	1	0	2.30867
1450	-54.5	-19.5	57.884	971.557	8.57246	3.51	3.6	32.084	7.1788E-8	1	0	2.32275
1451	-54.5	-18.5	57.554	971.774	8.58775	3.51	3.6	31.754	7.2038E-8	1	0	2.33619
1452	-54.5	-17.5	57.241	972.001	8.60369	3.51	3.6	31.441	7.2299E-8	1	0	2.34897
1453	-54.5	-16.5	56.943	972.234	8.62012	3.51	3.6	31.143	7.2568E-8	1	0	2.36109
1454	-54.5	-15.5	56.661	972.472	8.63686	3.51	3.6	30.861	7.2843E-8	1	0	2.37253
1455	-54.5	-14.5	56.396	972.711	8.65373	3.51	3.6	30.596	7.312E-8	1	0	2.38328
1456	-54.5	-13.5	56.147	972.949	8.67054	3.51	3.6	30.347	7.3398E-8	1	0	2.39334
1457	-54.5	-12.5	55.915	973.183	8.6871	3.51	3.6	30.115	7.3671E-8	1	0	2.40269
1458	-54.5	-11.5	55.7	973.411	8.70324	3.51	3.6	29.9	7.3938E-8	1	0	2.41133
1459	-54.5	-10.5	55.502	973.631	8.71877	3.51	3.6	29.702	7.4195E-8	1	0	2.41926
1460	-54.5	-9.5	55.322	973.839	8.73351	3.51	3.6	29.522	7.444E-8	1	0	2.42647
1461	-54.5	-8.5	55.159	974.033	8.74731	3.51	3.6	29.359	7.467E-8	1	0	2.43297
1462	-54.5	-7.5	55.014	974.212	8.76001	3.51	3.6	29.214	7.4881E-8	1	0	2.43874
1463	-54.5	-6.5	54.886	974.373	8.77146	3.51	3.6	29.086	7.5072E-8	1	0	2.44379
1464	-54.5	-5.5	54.777	974.515	8.78153	3.51	3.6	28.977	7.524E-8	1	0	2.44812
1465	-54.5	-4.5	54.685	974.636	8.7901	3.51	3.6	28.885	7.5383E-8	1	0	2.45173
1466	-54.5	-3.5	54.612	974.734	8.79708	3.51	3.6	28.812	7.55E-8	1	0	2.45462
1467	-54.5	-2.5	54.557	974.808	8.80239	3.51	3.6	28.757	7.5589E-8	1	0	2.45679
1468	-54.5	-1.5	54.521	974.859	8.80597	3.51	3.6	28.721	7.5649E-8	1	0	2.45823
1469	-54.5	-0.5	54.502	974.884	8.80776	3.51	3.6	28.702	7.5679E-8	1	0	2.45895
1470	-54.5	0.5	54.502	974.884	8.80776	3.51	3.6	28.702	7.5679E-8	1	0	2.45895
1471	-54.5	1.5	54.521	974.859	8.80597	3.51	3.6	28.721	7.5649E-8	1	0	2.45823
1472	-54.5	2.5	54.557	974.808	8.80239	3.51	3.6	28.757	7.5589E-8	1	0	2.45679
1473	-54.5	3.5	54.612	974.734	8.79708	3.51	3.6	28.812	7.55E-8	1	0	2.45462
1474	-54.5	4.5	54.685	974.636	8.7901	3.51	3.6	28.885	7.5383E-8	1	0	2.45173
1475	-54.5	5.5	54.777	974.515	8.78153	3.51	3.6	28.977	7.524E-8	1	0	2.44812
1476	-54.5	6.5	54.886	974.373	8.77146	3.51	3.6	29.086	7.5072E-8	1	0	2.44379
1477	-54.5	7.5	55.014	974.212	8.76001	3.51	3.6	29.214	7.4881E-8	1	0	2.43874
1478	-54.5	8.5	55.159	974.033	8.74731	3.51	3.6	29.359	7.467E-8	1	0	2.43297
1479	-54.5	9.5	55.322	973.839	8.73351	3.51	3.6	29.522	7.444E-8	1	0	2.42647
1480	-54.5	10.5	55.502	973.631	8.71877	3.51	3.6	29.702	7.4195E-8	1	0	2.41926
1481	-54.5	11.5	55.7	973.411	8.70324	3.51	3.6	29.9	7.3938E-8	1	0	2.41133
1482	-54.5	12.5	55.915	973.183	8.6871	3.51	3.6	30.115	7.3671E-8	1	0	2.40269
1483	-54.5	13.5	56.147	972.949	8.67054	3.51	3.6	30.347	7.3398E-8	1	0	2.39334
1484	-54.5	14.5	56.396	972.711	8.65373	3.51	3.6	30.596	7.312E-8	1	0	2.38328
1485	-54.5	15.5	56.661	972.472	8.63686	3.51	3.6	30.861	7.2843E-8	1	0	2.37253
1486	-54.5	16.5	56.943	972.234	8.62012	3.51	3.6	31.143	7.2568E-8	1	0	2.36109
1487	-54.5	17.5	57.241	972.001	8.60369	3.51	3.6	31.441	7.2299E-8	1	0	2.34897
1488	-54.5	18.5	57.554	971.774	8.58775	3.51	3.6	31.754	7.2038E-8	1	0	2.33619
1489	-54.5	19.5	57.884	971.557	8.57246	3.51	3.6	32.084	7.1788E-8	1	0	2.32275
1490	-54.5	20.5	58.228	971.351	8.558	3.51	3.6	32.428	7.1552E-8	1	0	2.30867
1491	-54.5	21.5	58.588	971.158	8.54451	3.51	3.6	32.788	7.1332E-8	1	0	2.29398
1492	-54.5	22.5	58.962	970.982	8.53213	3.51	3.6	33.162	7.1131E-8	1	0	2.27869
1493	-54.5	23.5	59.351	970.823	8.52101	3.51	3.6	33.551	7.095E-8	1	0	2.26282
1494	-54.5	24.5	59.754	970.684	8.51125	3.51	3.6	33.954	7.0792E-8	1	0	2.24641
1495	-54.5	25.5	60.171	970.565	8.50296	3.51	3.6	34.371	7.0657E-8	1	0	2.22948
1496	-54.5	26.5	60.601	970.469	8.49622	3.51	3.6	34.801	7.0548E-8	1	0	2.21207
1497	-54.5	27.5	61.045	970.396	8.4911	3.51	3.6	35.245	7.0465E-8	1	0	2.1942
1498	-54.5	28.5	61.502	970.347	8.48766	3.51	3.6	35.702	7.041E-8	1	0	2.17592
1499	-54.5	29.5	61.972	970.322	8.48594	3.51	3.6	36.172	7.0382E-8	1	0	2.15726
1500	-53.5	-29.5	61.094	976.191	8.46851	3.51	3.6	35.294	6.9923E-8	1	0	2.20376
1501	-53.5	-28.5	60.618	976.218	8.47041	3.51	3.6	34.818	6.9954E-8	1	0	2.22384
1502	-53.5	-27.5	60.154	976.271	8.47423	3.51	3.6	34.354	7.0015E-8	1	0	2.24351
1503	-53.5	-26.5	59.703	976.349	8.4799	3.51	3.6	33.903	7.0107E-8	1	0	2.26274
1504	-53.5	-25.5	59.266	976.453	8.48737	3.51	3.6	33.466	7.0227E-8	1	0	2.28147
1505	-53.5	-24.5	58.843	976.581	8.49656	3.51	3.6	33.043	7.0376E-8	1	0	2.29969
1506	-53.5	-23.5	58.434	976.731	8.50738	3.51	3.6	32.634	7.0551E-8	1	0	2.31734
1507	-53.5	-22.5	58.039	976.902	8.51971	3.51	3.6	32.239	7.075E-8	1	0	2.3344
1508	-53.5	-21.5	57.658	977.092	8.53343	3.51	3.6	31.858	7.0973E-8	1	0	2.35085
1509	-53.5	-20.5	57.293	977.299	8.5484	3.51	3.6	31.493	7.1216E-8	1	0	2.36665
1510	-53.5	-19.5	56.943	977.52	8.56444	3.51	3.6	31.143	7.1477E-8	1	0	2.38178
1511	-53.5	-18.5	56.608	977.755	8.5814	3.51	3.6	30.808	7.1753E-8	1	0	2.39623
1512	-53.5	-17.5	56.289	977.999	8.5991	3.51	3.6	30.489	7.2042E-8	1	0	2.40997
1513	-53.5	-16.5	55.987	978.25	8.61734	3.51	3.6	30.187	7.2341E-8	1	0	2.42299
1514	-53.5	-15.5	55.7	978.506	8.63593	3.51	3.6	29.9	7.2645E-8	1	0	2.43528
1515	-53.5	-14.5	55.43	978.763	8.65466	3.51	3.6	29.63	7.2953E-8	1	0	2.44682
1516	-53.5	-13.5	55.177	979.02	8.67332	3.51	3.6	29.377	7.326E-8	1	0	2.45762
1517	-53.5	-12.5	54.941	979.272	8.69173	3.51	3.6	29.141	7.3564E-8	1	0	2.46766
1518	-53.5	-11.5	54.722	979.518	8.70966	3.51	3.6	28.922	7.386E-8	1	0	2.47694
1519	-53.5	-10.5	54.521	979.754	8.72692	3.51	3.6	28.721	7.4146E-8	1	0	2.48545
1520	-53.5	-9.5	54.337	979.978	8.74331	3.51	3.6	28.537	7.4418E-8	1	0	2.49319
1521	-53.5	-8.5	54.171	980.188	8.75866	3.51	3.6	28.371	7.4673E-8	1	0	2.50016
1522	-53.5	-7.5	54.023	980.381	8.77278	3.51	3.6	28.223	7.4908E-8	1	0	2.50635
1523	-53.5	-6.5	53.893	980.554	8.78551	3.51	3.6	28.093	7.512E-8	1	0	2.51177
1524	-53.5	-5.5	53.782	980.707	8.79672	3.51	3.6	27.982	7.5307E-8	1	0	2.51642
1525	-53.5	-4.5	53.689	980.837	8.80626	3.51	3.6	27.889	7.5466E-8	1	0	2.52029
1526	-53.5	-3.5	53.614	980.943	8.81402	3.51	3.6	27.814	7.5596E-8	1	0	2.52339
1527	-53.5	-2.5	53.558	981.023	8.81993	3.51	3.6	27.758	7.5695E-8	1	0	2.52571
1528	-53.5	-1.5	53.521	981.077	8.82391	3.51	3.6	27.721	7.5762E-8	1	0	2.52726
1529	-53.5	-0.5	53.502	981.104	8.82591	3.51	3.6	27.702	7.5795E-8	1	0	2.52804
1530	-53.5	0.5	53.502	981.104	8.82591	3.51	3.6	27.702	7.5795E-8	1	0	2.52804
1531	-53.5	1.5	53.521	981.077	8.82391	3.51	3.6	27.721	7.5762E-8	1	0	2.52726
1532	-53.5	2.5	53.558	981.023	8.81993	3.51	3.6	27.758	7.5695E-8	1	0	2.52571
1533	-53.5	3.5	53.614	980.943	8.81402	3.51	3.6	27.814	7.5596E-8	1	0	2.52339
1534	-53.5	4.5	53.689	980.837	8.80626	3.51	3.6	27.889	7.5466E-8	1	0	2.52029
1535	-53.5	5.5	53.782	980.707	8.79672	3.51	3.6	27.982	7.5307E-8	1	0	2.51642
1536	-53.5	6.5	53.893	980.554	8.78551	3.51	3.6	28.093	7.512E-8	1	0	2.51177
1537	-53.5	7.5	54.023	980.381	8.77278	3.51	3.6	28.223	7.4908E-8	1	0	2.50635
1538	-53.5	8.5	54.171	980.188	8.75866	3.51	3.6	28.371	7.4673E-8	1	0	2.50016
1539	-53.5	9.5	54.337	979.978	8.74331	3.51	3.6	28.537	7.4418E-8	1	0	2.49319
1540	-53.5	10.5	54.521	979.754	8.72692	3.51	3.6	28.721	7.4146E-8	1	0	2.48545
1541	-53.5	11.5	54.722	979.518	8.70966	3.51	3.6	28.922	7.386E-8	1	0	2.47694
1542	-53.5	12.5	54.941	979.272	8.69173	3.51	3.6	29.141	7.3564E-8	1	0	2.46766
1543	-53.5	13.5	55.177	979.02	8.67332	3.51	3.6	29.377	7.326E-8	1	0	2.45762
1544	-53.5	14.5	55.43	978.763	8.65466	3.51	3.6	29.63	7.2953E-8	1	0	2.44682
1545	-53.5	15.5	55.7	978.506	8.63593	3.51	3.6	29.9	7.2645E-8	1	0	2.43528
1546	-53.5	16.5	55.987	978.25	8.61734	3.51	3.6	30.187	7.2341E-8	1	0	2.42299
1547	-53.5	17.5	56.289	977.999	8.5991	3.51	3.6	30.489	7.2042E-8	1	0	2.40997
1548	-53.5	18.5	56.608	977.755	8.5814	3.51	3.6	30.808	7.1753E-8	1	0	2.39623
1549	-53.5	19.5	56.943	977.52	8.56444	3.51	3.6	31.143	7.1477E-8	1	0	2.38178
1550	-53.5	20.5	57.293	977.299	8.5484	3.51	3.6	31.493	7.1216E-8	1	0	2.36665
1551	-53.5	21.5	57.658	977.092	8.53343	3.51	3.6	31.858	7.0973E-8	1	0	2.35085
1552	-53.5	22.5	58.039	976.902	8.51971	3.51	3.6	32.239	7.075E-8	1	0	2.3344
1553	-53.5	23.5	58.434	976.731	8.50738	3.51	3.6	32.634	7.0551E-8	1	0	2.31734
1554	-53.5	24.5	58.843	976.581	8.49656	3.51	3.6	33.043	7.0376E-8	1	0	2.29969
1555	-53.5	25.5	59.266	976.453	8.48737	3.51	3.6	33.466	7.0227E-8	1	0	2.28147
1556	-53.5	26.5	59.703	976.349	8.4799	3.51	3.6	33.903	7.0107E-8	1	0	2.26274
1557	-53.5	27.5	60.154	976.271	8.47423	3.51	3.6	34.354	7.0015E-8	1	0	2.24351
1558	-53.5	28.5	60.618	976.218	8.47041	3.51	3.6	34.818	6.9954E-8	1	0	2.22384
1559	-53.5	29.5	61.094	976.191	8.46851	3.51	3.6	35.294	6.9923E-8	1	0	2.20376
1560	-52.5	-29.5	60.22	981.837	8.4492	3.51	3.6	34.42	6.9442E-8	1	0	2.25276
1561	-52.5	-28.5	59.737	981.865	8.45131	3.51	3.6	33.937	6.9476E-8	1	0	2.2744
1562	-52.5	-27.5	59.266	981.922	8.45553	3.51	3.6	33.466	6.9544E-8	1	0	2.2956
1563	-52.5	-26.5	58.809	982.007	8.46182	3.51	3.6	33.009	6.9645E-8	1	0	2.31631
1564	-52.5	-25.5	58.365	982.118	8.47009	3.51	3.6	32.565	6.9778E-8	1	0	2.3365
1565	-52.5	-24.5	57.935	982.256	8.48028	3.51	3.6	32.135	6.9942E-8	1	0	2.35612
1566	-52.5	-23.5	57.52	982.417	8.49227	3.51	3.6	31.72	7.0135E-8	1	0	2.37514
1567	-52.5	-22.5	57.118	982.601	8.50595	3.51	3.6	31.318	7.0356E-8	1	0	2.39352
1568	-52.5	-21.5	56.732	982.805	8.52116	3.51	3.6	30.932	7.0601E-8	1	0	2.41123
1569	-52.5	-20.5	56.36	983.028	8.53775	3.51	3.6	30.56	7.087E-8	1	0	2.42824
1570	-52.5	-19.5	56.004	983.266	8.55555	3.51	3.6	30.204	7.1159E-8	1	0	2.44453
1571	-52.5	-18.5	55.664	983.518	8.57437	3.51	3.6	29.864	7.1465E-8	1	0	2.46008
1572	-52.5	-17.5	55.34	983.781	8.594	3.51	3.6	29.54	7.1785E-8	1	0	2.47487
1573	-52.5	-16.5	55.032	984.051	8.61425	3.51	3.6	29.232	7.2115E-8	1	0	2.48888
1574	-52.5	-15.5	54.74	984.326	8.63488	3.51	3.6	28.94	7.2453E-8	1	0	2.50211
1575	-52.5	-14.5	54.466	984.603	8.65568	3.51	3.6	28.666	7.2794E-8	1	0	2.51453
1576	-52.5	-13.5	54.208	984.879	8.67642	3.51	3.6	28.408	7.3135E-8	1	0	2.52614
1577	-52.5	-12.5	53.968	985.151	8.69687	3.51	3.6	28.168	7.3471E-8	1	0	2.53694
1578	-52.5	-11.5	53.745	985.415	8.71679	3.51	3.6	27.945	7.38E-8	1	0	2.54692
1579	-52.5	-10.5	53.54	985.67	8.73598	3.51	3.6	27.74	7.4118E-8	1	0	2.55607
1580	-52.5	-9.5	53.353	985.911	8.75421	3.51	3.6	27.553	7.442E-8	1	0	2.56439
1581	-52.5	-8.5	53.184	986.137	8.77127	3.51	3.6	27.384	7.4703E-8	1	0	2.57188
1582	-52.5	-7.5	53.033	986.344	8.78698	3.51	3.6	27.233	7.4965E-8	1	0	2.57854
1583	-52.5	-6.5	52.901	986.531	8.80114	3.51	3.6	27.101	7.5201E-8	1	0	2.58437
1584	-52.5	-5.5	52.787	986.696	8.8136	3.51	3.6	26.987	7.5409E-8	1	0	2.58936
1585	-52.5	-4.5	52.693	986.835	8.82422	3.51	3.6	26.893	7.5586E-8	1	0	2.59353
1586	-52.5	-3.5	52.617	986.949	8.83287	3.51	3.6	26.817	7.5731E-8	1	0	2.59686
1587	-52.5	-2.5	52.559	987.036	8.83944	3.51	3.6	26.759	7.5841E-8	1	0	2.59935
1588	-52.5	-1.5	52.521	987.094	8.84387	3.51	3.6	26.721	7.5915E-8	1	0	2.60102
1589	-52.5	-0.5	52.502	987.123	8.84609	3.51	3.6	26.702	7.5952E-8	1	0	2.60185
1590	-52.5	0.5	52.502	987.123	8.84609	3.51	3.6	26.702	7.5952E-8	1	0	2.60185
1591	-52.5	1.5	52.521	987.094	8.84387	3.51	3.6	26.721	7.5915E-8	1	0	2.60102
1592	-52.5	2.5	52.559	987.036	8.83944	3.51	3.6	26.759	7.5841E-8	1	0	2.59935
1593	-52.5	3.5	52.617	986.949	8.83287	3.51	3.6	26.817	7.5731E-8	1	0	2.59686
1594	-52.5	4.5	52.693	986.835	8.82422	3.51	3.6	26.893	7.5586E-8	1	0	2.59353
1595	-52.5	5.5	52.787	986.696	8.8136	3.51	3.6	26.987	7.5409E-8	1	0	2.58936
1596	-52.5	6.5	52.901	986.531	8.80114	3.51	3.6	27.101	7.5201E-8	1	0	2.58437
1597	-52.5	7.5	53.033	986.344	8.78698	3.51	3.6	27.233	7.4965E-8	1	0	2.57854
1598	-52.5	8.5	53.184	986.137	8.77127	3.51	3.6	27.384	7.4703E-8	1	0	2.57188
1599	-52.5	9.5	53.353	985.911	8.75421	3.51	3.6	27.553	7.442E-8	1	0	2.56439
1600	-52.5	10.5	53.54	985.67	8.73598	3.51	3.6	27.74	7.4118E-8	1	0	2.55607
1601	-52.5	11.5	53.745	985.415	8.71679	3.51	3.6	27.945	7.38E-8	1	0	2.54692
1602	-52.5	12.5	53.968	985.151	8.69687	3.51	3.6	28.168	7.3471E-8	1	0	2.53694
1603	-52.5	13.5	54.208	984.879	8.67642	3.51	3.6	28.408	7.3135E-8	1	0	2.52614
1604	-52.5	14.5	54.466	984.603	8.65568	3.51	3.6	28.666	7.2794E-8	1	0	2.51453
1605	-52.5	15.5	54.74	984.326	8.63488	3.51	3.6	28.94	7.2453E-8	1	0	2.50211
1606	-52.5	16.5	55.032	984.051	8.61425	3.51	3.6	29.232	7.2115E-8	1	0	2.48888
1607	-52.5	17.5	55.34	983.781	8.594	3.51	3.6	29.54	7.1785E-8	1	0	2.47487
1608	-52.5	18.5	55.664	983.518	8.57437	3.51	3.6	29.864	7.1465E-8	1	0	2.46008
1609	-52.5	19.5	56.004	983.266	8.55555	3.51	3.6	30.204	7.1159E-8	1	0	2.44453
1610	-52.5	20.5	56.36	983.028	8.53775	3.51	3.6	30.56	7.087E-8	1	0	2.42824
1611	-52.5	21.5	56.732	982.805	8.52116	3.51	3.6	30.932	7.0601E-8	1	0	2.41123
1612	-52.5	22.5	57.118	982.601	8.50595	3.51	3.6	31.318	7.0356E-8	1	0	2.39352
1613	-52.5	23.5	57.52	982.417	8.49227	3.51	3.6	31.72	7.0135E-8	1	0	2.37514
1614	-52.5	24.5	57.935	982.256	8.48028	3.51	3.6	32.135	6.9942E-8	1	0	2.35612
1615	-52.5	25.5	58.365	982.118	8.47009	3.51	3.6	32.565	6.9778E-8	1	0	2.3365
1616	-52.5	26.5	58.809	982.007	8.46182	3.51	3.6	33.009	6.9645E-8	1	0	2.31631
1617	-52.5	27.5	59.266	981.922	8.45553	3.51	3.6	33.466	6.9544E-8	1	0	2.2956
1618	-52.5	28.5	59.737	981.865	8.45131	3.51	3.6	33.937	6.9476E-8	1	0	2.2744
1619	-52.5	29.5	60.22	981.837	8.4492	3.51	3.6	34.42	6.9442E-8	1	0	2.25276
1620	-51.5	-29.5	59.351	987.259	8.42782	3.51	3.6	33.551	6.8936E-8	1	0	2.30452
1621	-51.5	-28.5	58.86	987.29	8.43015	3.51	3.6	33.06	6.8973E-8	1	0	2.32787
1622	-51.5	-27.5	58.382	987.351	8.43483	3.51	3.6	32.582	6.9048E-8	1	0	2.35074
1623	-51.5	-26.5	57.918	987.442	8.44179	3.51	3.6	32.118	6.9159E-8	1	0	2.37309
1624	-51.5	-25.5	57.467	987.562	8.45096	3.51	3.6	31.667	6.9306E-8	1	0	2.39488
1625	-51.5	-24.5	57.031	987.709	8.46225	3.51	3.6	31.231	6.9487E-8	1	0	2.41605
1626	-51.5	-23.5	56.608	987.883	8.47553	3.51	3.6	30.808	6.97E-8	1	0	2.43656
1627	-51.5	-22.5	56.201	988.08	8.49069	3.51	3.6	30.401	6.9944E-8	1	0	2.45639
1628	-51.5	-21.5	55.808	988.3	8.50755	3.51	3.6	30.008	7.0216E-8	1	0	2.47549
1629	-51.5	-20.5	55.43	988.539	8.52595	3.51	3.6	29.63	7.0513E-8	1	0	2.49384
1630	-51.5	-19.5	55.068	988.795	8.54569	3.51	3.6	29.268	7.0832E-8	1	0	2.5114
1631	-51.5	-18.5	54.722	989.066	8.56656	3.51	3.6	28.922	7.117E-8	1	0	2.52817
1632	-51.5	-17.5	54.392	989.348	8.58835	3.51	3.6	28.592	7.1524E-8	1	0	2.54411
1633	-51.5	-16.5	54.079	989.638	8.61082	3.51	3.6	28.279	7.189E-8	1	0	2.55921
1634	-51.5	-15.5	53.782	989.934	8.63373	3.51	3.6	27.982	7.2265E-8	1	0	2.57346
1635	-51.5	-14.5	53.502	990.232	8.65682	3.51	3.6	27.702	7.2643E-8	1	0	2.58685
1636	-51.5	-13.5	53.24	990.529	8.67986	3.51	3.6	27.44	7.3021E-8	1	0	2.59937
1637	-51.5	-12.5	52.995	990.821	8.70257	3.51	3.6	27.195	7.3395E-8	1	0	2.611
1638	-51.5	-11.5	52.768	991.105	8.72472	3.51	3.6	26.968	7.376E-8	1	0	2.62175
1639	-51.5	-10.5	52.559	991.378	8.74605	3.51	3.6	26.759	7.4113E-8	1	0	2.63161
1640	-51.5	-9.5	52.369	991.638	8.76632	3.51	3.6	26.569	7.4448E-8	1	0	2.64057
1641	-51.5	-8.5	52.197	991.881	8.78529	3.51	3.6	26.397	7.4763E-8	1	0	2.64865
1642	-51.5	-7.5	52.043	992.104	8.80276	3.51	3.6	26.243	7.5054E-8	1	0	2.65582
1643	-51.5	-6.5	51.909	992.305	8.81852	3.51	3.6	26.109	7.5317E-8	1	0	2.6621
1644	-51.5	-5.5	51.793	992.482	8.83239	3.51	3.6	25.993	7.5548E-8	1	0	2.66748
1645	-51.5	-4.5	51.696	992.632	8.84421	3.51	3.6	25.896	7.5746E-8	1	0	2.67197
1646	-51.5	-3.5	51.619	992.755	8.85383	3.51	3.6	25.819	7.5907E-8	1	0	2.67555
1647	-51.5	-2.5	51.561	992.848	8.86115	3.51	3.6	25.761	7.6029E-8	1	0	2.67824
1648	-51.5	-1.5	51.522	992.911	8.86608	3.51	3.6	25.722	7.6112E-8	1	0	2.68004
1649	-51.5	-0.5	51.502	992.942	8.86856	3.51	3.6	25.702	7.6154E-8	1	0	2.68093
1650	-51.5	0.5	51.502	992.942	8.86856	3.51	3.6	25.702	7.6154E-8	1	0	2.68093
1651	-51.5	1.5	51.522	992.911	8.86608	3.51	3.6	25.722	7.6112E-8	1	0	2.68004
1652	-51.5	2.5	51.561	992.848	8.86115	3.51	3.6	25.761	7.6029E-8	1	0	2.67824
1653	-51.5	3.5	51.619	992.755	8.85383	3.51	3.6	25.819	7.5907E-8	1	0	2.67555
1654	-51.5	4.5	51.696	992.632	8.84421	3.51	3.6	25.896	7.5746E-8	1	0	2.67197
1655	-51.5	5.5	51.793	992.482	8.83239	3.51	3.6	25.993	7.5548E-8	1	0	2.66748
1656	-51.5	6.5	51.909	992.305	8.81852	3.51	3.6	26.109	7.5317E-8	1	0	2.6621
1657	-51.5	7.5	52.043	992.104	8.80276	3.51	3.6	26.243	7.5054E-8	1	0	2.65582
1658	-51.5	8.5	52.197	991.881	8.78529	3.51	3.6	26.397	7.4763E-8	1	0	2.64865
1659	-51.5	9.5	52.369	991.638	8.76632	3.51	3.6	26.569	7.4448E-8	1	0	2.64057
1660	-51.5	10.5	52.559	991.378	8.74605	3.51	3.6	26.759	7.4113E-8	1	0	2.63161
1661	-51.5	11.5	52.768	991.105	8.72472	3.51	3.6	26.968	7.376E-8	1	0	2.62175
1662	-51.5	12.5	52.995	990.821	8.70257	3.51	3.6	27.195	7.3395E-8	1	0	2.611
1663	-51.5	13.5	53.24	990.529	8.67986	3.51	3.6	27.44	7.3021E-8	1	0	2.59937
1664	-51.5	14.5	53.502	990.232	8.65682	3.51	3.6	27.702	7.2643E-8	1	0	2.58685
1665	-51.5	15.5	53.782	989.934	8.63373	3.51	3.6	27.982	7.2265E-8	1	0	2.57346
1666	-51.5	16.5	54.079	989.638	8.61082	3.51	3.6	28.279	7.189E-8	1	0	2.55921
1667	-51.5	17.5	54.392	989.348	8.58835	3.51	3.6	28.592	7.1524E-8	1	0	2.54411
1668	-51.5	18.5	54.722	989.066	8.56656	3.51	3.6	28.922	7.117E-8	1	0	2.52817
1669	-51.5	19.5	55.068	988.795	8.54569	3.51	3.6	29.268	7.0832E-8	1	0	2.5114
1670	-51.5	20.5	55.43	988.539	8.52595	3.51	3.6	29.63	7.0513E-8	1	0	2.49384
1671	-51.5	21.5	55.808	988.3	8.50755	3.51	3.6	30.008	7.0216E-8	1	0	2.47549
1672	-51.5	22.5	56.201	988.08	8.49069	3.51	3.6	30.401	6.9944E-8	1	0	2.45639
1673	-51.5	23.5	56.608	987.883	8.47553	3.51	3.6	30.808	6.97E-8	1	0	2.43656
1674	-51.5	24.5	57.031	987.709	8.46225	3.51	3.6	31.231	6.9487E-8	1	0	2.41605
1675	-51.5	25.5	57.467	987.562	8.45096	3.51	3.6	31.667	6.9306E-8	1	0	2.39488
1676	-51.5	26.5	57.918	987.442	8.44179	3.51	3.6	32.118	6.9159E-8	1	0	2.37309
1677	-51.5	27.5	58.382	987.351	8.43483	3.51	3.6	32.582	6.9048E-8	1	0	2.35074
1678	-51.5	28.5	58.86	987.29	8.43015	3.51	3.6	33.06	6.8973E-8	1	0	2.32787
1679	-51.5	29.5	59.351	987.259	8.42782	3.51	3.6	33.551	6.8936E-8	1	0	2.30452
1680	-50.5	-29.5	58.485	992.46	8.40415	3.51	3.6	32.685	6.8401E-8	1	0	2.35931
1681	-50.5	-28.5	57.987	992.493	8.40672	3.51	3.6	32.187	6.8442E-8	1	0	2.38453
1682	-50.5	-27.5	57.502	992.559	8.41191	3.51	3.6	31.702	6.8524E-8	1	0	2.40925
1683	-50.5	-26.5	57.031	992.656	8.41961	3.51	3.6	31.231	6.8647E-8	1	0	2.4334
1684	-50.5	-25.5	56.573	992.785	8.42977	3.51	3.6	30.773	6.8809E-8	1	0	2.45694
1685	-50.5	-24.5	56.129	992.943	8.44227	3.51	3.6	30.329	6.9009E-8	1	0	2.47982
1686	-50.5	-23.5	55.7	993.129	8.45699	3.51	3.6	29.9	6.9244E-8	1	0	2.50198
1687	-50.5	-22.5	55.286	993.341	8.47378	3.51	3.6	29.486	6.9513E-8	1	0	2.5234
1688	-50.5	-21.5	54.886	993.576	8.49247	3.51	3.6	29.086	6.9813E-8	1	0	2.54404
1689	-50.5	-20.5	54.502	993.833	8.51287	3.51	3.6	28.702	7.0141E-8	1	0	2.56386
1690	-50.5	-19.5	54.134	994.108	8.53475	3.51	3.6	28.334	7.0495E-8	1	0	2.58283
1691	-50.5	-18.5	53.782	994.399	8.5579	3.51	3.6	27.982	7.0869E-8	1	0	2.60094
1692	-50.5	-17.5	53.446	994.702	8.58208	3.51	3.6	27.646	7.1261E-8	1	0	2.61815
1693	-50.5	-16.5	53.127	995.013	8.60701	3.51	3.6	27.327	7.1666E-8	1	0	2.63446
1694	-50.5	-15.5	52.825	995.331	8.63244	3.51	3.6	27.025	7.2081E-8	1	0	2.64985
1695	-50.5	-14.5	52.54	995.651	8.65809	3.51	3.6	26.74	7.25E-8	1	0	2.66431
1696	-50.5	-13.5	52.273	995.969	8.68367	3.51	3.6	26.473	7.2919E-8	1	0	2.67782
1697	-50.5	-12.5	52.024	996.283	8.70891	3.51	3.6	26.224	7.3334E-8	1	0	2.69038
1698	-50.5	-11.5	51.793	996.588	8.73353	3.51	3.6	25.993	7.374E-8	1	0	2.70199
1699	-50.5	-10.5	51.58	996.882	8.75724	3.51	3.6	25.78	7.4132E-8	1	0	2.71263
1700	-50.5	-9.5	51.386	997.161	8.77978	3.51	3.6	25.586	7.4505E-8	1	0	2.72232
1701	-50.5	-8.5	51.21	997.421	8.80089	3.51	3.6	25.41	7.4856E-8	1	0	2.73103
1702	-50.5	-7.5	51.054	997.661	8.82032	3.51	3.6	25.254	7.5179E-8	1	0	2.73878
1703	-50.5	-6.5	50.917	997.877	8.83786	3.51	3.6	25.117	7.5472E-8	1	0	2.74556
1704	-50.5	-5.5	50.799	998.067	8.8533	3.51	3.6	24.999	7.573E-8	1	0	2.75138
1705	-50.5	-4.5	50.7	998.229	8.86645	3.51	3.6	24.9	7.595E-8	1	0	2.75622
1706	-50.5	-3.5	50.621	998.36	8.87716	3.51	3.6	24.821	7.6129E-8	1	0	2.7601
1707	-50.5	-2.5	50.562	998.46	8.88531	3.51	3.6	24.762	7.6266E-8	1	0	2.763
1708	-50.5	-1.5	50.522	998.528	8.8908	3.51	3.6	24.722	7.6358E-8	1	0	2.76494
1709	-50.5	-0.5	50.502	998.562	8.89356	3.51	3.6	24.702	7.6404E-8	1	0	2.76591
1710	-50.5	0.5	50.502	998.562	8.89356	3.51	3.6	24.702	7.6404E-8	1	0	2.76591
1711	-50.5	1.5	50.522	998.528	8.8908	3.51	3.6	24.722	7.6358E-8	1	0	2.76494
1712	-50.5	2.5	50.562	998.46	8.88531	3.51	3.6	24.762	7.6266E-8	1	0	2.763
1713	-50.5	3.5	50.621	998.36	8.87716	3.51	3.6	24.821	7.6129E-8	1	0	2.7601
1714	-50.5	4.5	50.7	998.229	8.86645	3.51	3.6	24.9	7.595E-8	1	0	2.75622
1715	-50.5	5.5	50.799	998.067	8.8533	3.51	3.6	24.999	7.573E-8	1	0	2.75138
1716	-50.5	6.5	50.917	997.877	8.83786	3.51	3.6	25.117	7.5472E-8	1	0	2.74556
1717	-50.5	7.5	51.054	997.661	8.82032	3.51	3.6	25.254	7.5179E-8	1	0	2.73878
1718	-50.5	8.5	51.21	997.421	8.80089	3.51	3.6	25.41	7.4856E-8	1	0	2.73103
1719	-50.5	9.5	51.386	997.161	8.77978	3.51	3.6	25.586	7.4505E-8	1	0	2.72232
1720	-50.5	10.5	51.58	996.882	8.75724	3.51	3.6	25.78	7.4132E-8	1	0	2.71263
1721	-50.5	11.5	51.793	996.588	8.73353	3.51	3.6	25.993	7.374E-8	1	0	2.70199
1722	-50.5	12.5	52.024	996.283	8.70891	3.51	3.6	26.224	7.3334E-8	1	0	2.69038
1723	-50.5	13.5	52.273	995.969	8.68367	3.51	3.6	26.473	7.2919E-8	1	0	2.67782
1724	-50.5	14.5	52.54	995.651	8.65809	3.51	3.6	26.74	7.25E-8	1	0	2.66431
1725	-50.5	15.5	52.825	995.331	8.63244	3.51	3.6	27.025	7.2081E-8	1	0	2.64985
1726	-50.5	16.5	53.127	995.013	8.60701	3.51	3.6	27.327	7.1666E-8	1	0	2.63446
1727	-50.5	17.5	53.446	994.702	8.58208	3.51	3.6	27.646	7.1261E-8	1	0	2.61815
1728	-50.5	18.5	53.782	994.399	8.5579	3.51	3.6	27.982	7.0869E-8	1	0	2.60094
1729	-50.5	19.5	54.134	994.108	8.53475	3.51	3.6	28.334	7.0495E-8	1	0	2.58283
1730	-50.5	20.5	54.502	993.833	8.51287	3.51	3.6	28.702	7.0141E-8	1	0	2.56386
1731	-50.5	21.5	54.886	993.576	8.49247	3.51	3.6	29.086	6.9813E-8	1	0	2.54404
1732	-50.5	22.5	55.286	993.341	8.47378	3.51	3.6	29.486	6.9513E-8	1	0	2.5234
1733	-50.5	23.5	55.7	993.129	8.45699	3.51	3.6	29.9	6.9244E-8	1	0	2.50198
1734	-50.5	24.5	56.129	992.943	8.44227	3.51	3.6	30.329	6.9009E-8	1	0	2.47982
1735	-50.5	25.5	56.573	992.785	8.42977	3.51	3.6	30.773	6.8809E-8	1	0	2.45694
1736	-50.5	26.5	57.031	992.656	8.41961	3.51	3.6	31.231	6.8647E-8	1	0	2.4334
1737	-50.5	27.5	57.502	992.559	8.41191	3.51	3.6	31.702	6.8524E-8	1	0	2.40925
1738	-50.5	28.5	57.987	992.493	8.40672	3.51	3.6	32.187	6.8442E-8	1	0	2.38453
1739	-50.5	29.5	58.485	992.46	8.40415	3.51	3.6	32.685	6.8401E-8	1	0	2.35931
1740	-49.5	-29.5	57.624	997.44	8.37795	3.51	3.6	31.824	6.7834E-8	1	0	2.41743
1741	-49.5	-28.5	57.118	997.476	8.38079	3.51	3.6	31.318	6.7879E-8	1	0	2.44473
1742	-49.5	-27.5	56.626	997.546	8.38653	3.51	3.6	30.826	6.797E-8	1	0	2.47147
1743	-49.5	-26.5	56.147	997.651	8.39506	3.51	3.6	30.347	6.8105E-8	1	0	2.49761
1744	-49.5	-25.5	55.682	997.788	8.4063	3.51	3.6	29.882	6.8284E-8	1	0	2.52309
1745	-49.5	-24.5	55.231	997.958	8.42015	3.51	3.6	29.431	6.8504E-8	1	0	2.54784
1746	-49.5	-23.5	54.795	998.157	8.43645	3.51	3.6	28.995	6.8764E-8	1	0	2.57183
1747	-49.5	-22.5	54.374	998.384	8.45505	3.51	3.6	28.574	6.9061E-8	1	0	2.59501
1748	-49.5	-21.5	53.968	998.636	8.47576	3.51	3.6	28.168	6.9392E-8	1	0	2.61735
1749	-49.5	-20.5	53.577	998.912	8.49836	3.51	3.6	27.777	6.9755E-8	1	0	2.63879
1750	-49.5	-19.5	53.202	999.206	8.52263	3.51	3.6	27.402	7.0145E-8	1	0	2.65932
1751	-49.5	-18.5	52.844	999.518	8.5483	3.51	3.6	27.044	7.0559E-8	1	0	2.67892
1752	-49.5	-17.5	52.502	999.843	8.57512	3.51	3.6	26.702	7.0993E-8	1	0	2.69755
1753	-49.5	-16.5	52.178	1000.177	8.60279	3.51	3.6	26.378	7.1442E-8	1	0	2.71519
1754	-49.5	-15.5	51.87	1000.518	8.63101	3.51	3.6	26.07	7.1901E-8	1	0	2.73185
1755	-49.5	-14.5	51.58	1000.861	8.65949	3.51	3.6	25.78	7.2366E-8	1	0	2.74749
1756	-49.5	-13.5	51.308	1001.202	8.68791	3.51	3.6	25.508	7.2831E-8	1	0	2.76211
1757	-49.5	-12.5	51.054	1001.539	8.71596	3.51	3.6	25.254	7.3292E-8	1	0	2.77571
1758	-49.5	-11.5	50.818	1001.866	8.74331	3.51	3.6	25.018	7.3743E-8	1	0	2.78827
1759	-49.5	-10.5	50.601	1002.181	8.76968	3.51	3.6	24.801	7.4178E-8	1	0	2.79979
1760	-49.5	-9.5	50.403	1002.48	8.79474	3.51	3.6	24.603	7.4593E-8	1	0	2.81028
1761	-49.5	-8.5	50.224	1002.76	8.81823	3.51	3.6	24.424	7.4984E-8	1	0	2.81972
1762	-49.5	-7.5	50.065	1003.017	8.83986	3.51	3.6	24.265	7.5344E-8	1	0	2.82811
1763	-49.5	-6.5	49.925	1003.249	8.85938	3.51	3.6	24.125	7.567E-8	1	0	2.83545
1764	-49.5	-5.5	49.805	1003.453	8.87656	3.51	3.6	24.005	7.5957E-8	1	0	2.84175
1765	-49.5	-4.5	49.704	1003.626	8.89121	3.51	3.6	23.904	7.6202E-8	1	0	2.847
1766	-49.5	-3.5	49.624	1003.767	8.90314	3.51	3.6	23.824	7.6402E-8	1	0	2.8512
1767	-49.5	-2.5	49.563	1003.875	8.91221	3.51	3.6	23.763	7.6555E-8	1	0	2.85435
1768	-49.5	-1.5	49.523	1003.947	8.91833	3.51	3.6	23.723	7.6657E-8	1	0	2.85645
1769	-49.5	-0.5	49.503	1003.983	8.9214	3.51	3.6	23.703	7.6709E-8	1	0	2.8575
1770	-49.5	0.5	49.503	1003.983	8.9214	3.51	3.6	23.703	7.6709E-8	1	0	2.8575
1771	-49.5	1.5	49.523	1003.947	8.91833	3.51	3.6	23.723	7.6657E-8	1	0	2.85645
1772	-49.5	2.5	49.563	1003.875	8.91221	3.51	3.6	23.763	7.6555E-8	1	0	2.85435
1773	-49.5	3.5	49.624	1003.767	8.90314	3.51	3.6	23.824	7.6402E-8	1	0	2.8512
1774	-49.5	4.5	49.704	1003.626	8.89121	3.51	3.6	23.904	7.6202E-8	1	0	2.847
1775	-49.5	5.5	49.805	1003.453	8.87656	3.51	3.6	24.005	7.5957E-8	1	0	2.84175
1776	-49.5	6.5	49.925	1003.249	8.85938	3.51	3.6	24.125	7.567E-8	1	0	2.83545
1777	-49.5	7.5	50.065	1003.017	8.83986	3.51	3.6	24.265	7.5344E-8	1	0	2.82811
1778	-49.5	8.5	50.224	1002.76	8.81823	3.51	3.6	24.424	7.4984E-8	1	0	2.81972
1779	-49.5	9.5	50.403	1002.48	8.79474	3.51	3.6	24.603	7.4593E-8	1	0	2.81028
1780	-49.5	10.5	50.601	1002.181	8.76968	3.51	3.6	24.801	7.4178E-8	1	0	2.79979
1781	-49.5	11.5	50.818	1001.866	8.74331	3.51	3.6	25.018	7.3743E-8	1	0	2.78827
1782	-49.5	12.5	51.054	1001.539	8.71596	3.51	3.6	25.254	7.3292E-8	1	0	2.77571
1783	-49.5	13.5	51.308	1001.202	8.68791	3.51	3.6	25.508	7.2831E-8	1	0	2.76211
1784	-49.5	14.5	51.58	1000.861	8.65949	3.51	3.6	25.78	7.2366E-8	1	0	2.74749
1785	-49.5	15.5	51.87	1000.518	8.63101	3.51	3.6	26.07	7.1901E-8	1	0	2.73185
1786	-49.5	16.5	52.178	1000.177	8.60279	3.51	3.6	26.378	7.1442E-8	1	0	2.71519
1787	-49.5	17.5	52.502	999.843	8.57512	3.51	3.6	26.702	7.0993E-8	1	0	2.69755
1788	-49.5	18.5	52.844	999.518	8.5483	3.51	3.6	27.044	7.0559E-8	1	0	2.67892
1789	-49.5	19.5	53.202	999.206	8.52263	3.51	3.6	27.402	7.0145E-8	1	0	2.65932
1790	-49.5	20.5	53.577	998.912	8.49836	3.51	3.6	27.777	6.9755E-8	1	0	2.63879
1791	-49.5	21.5	53.968	998.636	8.47576	3.51	3.6	28.168	6.9392E-8	1	0	2.61735
1792	-49.5	22.5	54.374	998.384	8.45505	3.51	3.6	28.574	6.9061E-8	1	0	2.59501
1793	-49.5	23.5	54.795	998.157	8.43645	3.51	3.6	28.995	6.8764E-8	1	0	2.57183
1794	-49.5	24.5	55.231	997.958	8.42015	3.51	3.6	29.431	6.8504E-8	1	0	2.54784
1795	-49.5	25.5	55.682	997.788	8.4063	3.51	3.6	29.882	6.8284E-8	1	0	2.52309
1796	-49.5	26.5	56.147	997.651	8.39506	3.51	3.6	30.347	6.8105E-8	1	0	2.49761
1797	-49.5	27.5	56.626	997.546	8.38653	3.51	3.6	30.826	6.797E-8	1	0	2.47147
1798	-49.5	28.5	57.118	997.476	8.38079	3.51	3.6	31.318	6.7879E-8	1	0	2.44473
1799	-49.5	29.5	57.624	997.44	8.37795	3.51	3.6	31.824	6.7834E-8	1	0	2.41743
1800	-48.5	-29.5	56.767	1002.201	8.34895	3.51	3.6	30.967	6.7231E-8	1	0	2.47922
1801	-48.5	-28.5	56.254	1002.239	8.3521	3.51	3.6	30.454	6.7281E-8	1	0	2.50881
1802	-48.5	-27.5	55.754	1002.314	8.35845	3.51	3.6	29.954	6.7381E-8	1	0	2.5378
1803	-48.5	-26.5	55.268	1002.426	8.36789	3.51	3.6	29.468	6.753E-8	1	0	2.56614
1804	-48.5	-25.5	54.795	1002.573	8.38033	3.51	3.6	28.995	6.7727E-8	1	0	2.59375
1805	-48.5	-24.5	54.337	1002.754	8.39566	3.51	3.6	28.537	6.7969E-8	1	0	2.62059
1806	-48.5	-23.5	53.893	1002.968	8.41371	3.51	3.6	28.093	6.8256E-8	1	0	2.6466
1807	-48.5	-22.5	53.465	1003.211	8.43431	3.51	3.6	27.665	6.8584E-8	1	0	2.67173
1808	-48.5	-21.5	53.052	1003.481	8.45725	3.51	3.6	27.252	6.8949E-8	1	0	2.69594
1809	-48.5	-20.5	52.655	1003.775	8.48229	3.51	3.6	26.855	6.935E-8	1	0	2.7192
1810	-48.5	-19.5	52.273	1004.091	8.50919	3.51	3.6	26.473	6.9781E-8	1	0	2.74146
1811	-48.5	-18.5	51.909	1004.425	8.53765	3.51	3.6	26.109	7.0239E-8	1	0	2.7627
1812	-48.5	-17.5	51.561	1004.772	8.5674	3.51	3.6	25.761	7.0719E-8	1	0	2.7829
1813	-48.5	-16.5	51.23	1005.131	8.5981	3.51	3.6	25.43	7.1216E-8	1	0	2.80204
1814	-48.5	-15.5	50.917	1005.495	8.62943	3.51	3.6	25.117	7.1725E-8	1	0	2.8201
1815	-48.5	-14.5	50.621	1005.863	8.66105	3.51	3.6	24.821	7.224E-8	1	0	2.83707
1816	-48.5	-13.5	50.344	1006.228	8.69262	3.51	3.6	24.544	7.2757E-8	1	0	2.85293
1817	-48.5	-12.5	50.085	1006.589	8.72378	3.51	3.6	24.285	7.3268E-8	1	0	2.86769
1818	-48.5	-11.5	49.845	1006.94	8.75419	3.51	3.6	24.045	7.3769E-8	1	0	2.88132
1819	-48.5	-10.5	49.624	1007.277	8.78351	3.51	3.6	23.824	7.4254E-8	1	0	2.89383
1820	-48.5	-9.5	49.422	1007.598	8.81139	3.51	3.6	23.622	7.4716E-8	1	0	2.90522
1821	-48.5	-8.5	49.239	1007.897	8.83752	3.51	3.6	23.439	7.515E-8	1	0	2.91547
1822	-48.5	-7.5	49.076	1008.173	8.86159	3.51	3.6	23.276	7.5551E-8	1	0	2.92459
1823	-48.5	-6.5	48.934	1008.421	8.88333	3.51	3.6	23.134	7.5914E-8	1	0	2.93257
1824	-48.5	-5.5	48.811	1008.64	8.90246	3.51	3.6	23.011	7.6235E-8	1	0	2.93942
1825	-48.5	-4.5	48.708	1008.826	8.91877	3.51	3.6	22.908	7.6509E-8	1	0	2.94513
1826	-48.5	-3.5	48.626	1008.977	8.93206	3.51	3.6	22.826	7.6732E-8	1	0	2.94969
1827	-48.5	-2.5	48.564	1009.092	8.94218	3.51	3.6	22.764	7.6902E-8	1	0	2.95312
1828	-48.5	-1.5	48.523	1009.169	8.94899	3.51	3.6	22.723	7.7017E-8	1	0	2.9554
1829	-48.5	-0.5	48.503	1009.208	8.95241	3.51	3.6	22.703	7.7074E-8	1	0	2.95655
1830	-48.5	0.5	48.503	1009.208	8.95241	3.51	3.6	22.703	7.7074E-8	1	0	2.95655
1831	-48.5	1.5	48.523	1009.169	8.94899	3.51	3.6	22.723	7.7017E-8	1	0	2.9554
1832	-48.5	2.5	48.564	1009.092	8.94218	3.51	3.6	22.764	7.6902E-8	1	0	2.95312
1833	-48.5	3.5	48.626	1008.977	8.93206	3.51	3.6	22.826	7.6732E-8	1	0	2.94969
1834	-48.5	4.5	48.708	1008.826	8.91877	3.51	3.6	22.908	7.6509E-8	1	0	2.94513
1835	-48.5	5.5	48.811	1008.64	8.90246	3.51	3.6	23.011	7.6235E-8	1	0	2.93942
1836	-48.5	6.5	48.934	1008.421	8.88333	3.51	3.6	23.134	7.5914E-8	1	0	2.93257
1837	-48.5	7.5	49.076	1008.173	8.86159	3.51	3.6	23.276	7.5551E-8	1	0	2.92459
1838	-48.5	8.5	49.239	1007.897	8.83752	3.51	3.6	23.439	7.515E-8	1	0	2.91547
1839	-48.5	9.5	49.422	1007.598	8.81139	3.51	3.6	23.622	7.4716E-8	1	0	2.90522
1840	-48.5	10.5	49.624	1007.277	8.78351	3.51	3.6	23.824	7.4254E-8	1	0	2.89383
1841	-48.5	11.5	49.845	1006.94	8.75419	3.51	3.6	24.045	7.3769E-8	1	0	2.88132
1842	-48.5	12.5	50.085	1006.589	8.72378	3.51	3.6	24.285	7.3268E-8	1	0	2.86769
1843	-48.5	13.5	50.344	1006.228	8.69262	3.51	3.6	24.544	7.2757E-8	1	0	2.85293
1844	-48.5	14.5	50.621	1005.863	8.66105	3.51	3.6	24.821	7.224E-8	1	0	2.83707
1845	-48.5	15.5	50.917	1005.495	8.62943	3.51	3.6	25.117	7.1725E-8	1	0	2.8201
1846	-48.5	16.5	51.23	1005.131	8.5981	3.51	3.6	25.43	7.1216E-8	1	0	2.80204
1847	-48.5	17.5	51.561	1004.772	8.5674	3.51	3.6	25.761	7.0719E-8	1	0	2.7829
1848	-48.5	18.5	51.909	1004.425	8.53765	3.51	3.6	26.109	7.0239E-8	1	0	2.7627
1849	-48.5	19.5	52.273	1004.091	8.50919	3.51	3.6	26.473	6.9781E-8	1	0	2.74146
1850	-48.5	20.5	52.655	1003.775	8.48229	3.51	3.6	26.855	6.935E-8	1	0	2.7192
1851	-48.5	21.5	53.052	1003.481	8.45725	3.51	3.6	27.252	6.8949E-8	1	0	2.69594
1852	-48.5	22.5	53.465	1003.211	8.43431	3.51	3.6	27.665	6.8584E-8	1	0	2.67173
1853	-48.5	23.5	53.893	1002.968	8.41371	3.51	3.6	28.093	6.8256E-8	1	0	2.6466
1854	-48.5	24.5	54.337	1002.754	8.39566	3.51	3.6	28.537	6.7969E-8	1	0	2.62059
1855	-48.5	25.5	54.795	1002.573	8.38033	3.51	3.6	28.995	6.7727E-8	1	0	2.59375
1856	-48.5	26.5	55.268	1002.426	8.36789	3.51	3.6	29.468	6.753E-8	1	0	2.56614
1857	-48.5	27.5	55.754	1002.314	8.35845	3.51	3.6	29.954	6.7381E-8	1	0	2.5378
1858	-48.5	28.5	56.254	1002.239	8.3521	3.51	3.6	30.454	6.7281E-8	1	0	2.50881
1859	-48.5	29.5	56.767	1002.201	8.34895	3.51	3.6	30.967	6.7231E-8	1	0	2.47922
1860	-47.5	-29.5	55.915	1006.743	8.31689	3.51	3.6	30.115	6.6589E-8	1	0	2.54509
1861	-47.5	-28.5	55.394	1006.783	8.32036	3.51	3.6	29.594	6.6643E-8	1	0	2.57721
1862	-47.5	-27.5	54.886	1006.863	8.32738	3.51	3.6	29.086	6.6753E-8	1	0	2.60869
1863	-47.5	-26.5	54.392	1006.983	8.33782	3.51	3.6	28.592	6.6918E-8	1	0	2.63945
1864	-47.5	-25.5	53.912	1007.141	8.35159	3.51	3.6	28.112	6.7134E-8	1	0	2.66944
1865	-47.5	-24.5	53.446	1007.334	8.36855	3.51	3.6	27.646	6.7402E-8	1	0	2.69859
1866	-47.5	-23.5	52.995	1007.562	8.38853	3.51	3.6	27.195	6.7718E-8	1	0	2.72684
1867	-47.5	-22.5	52.559	1007.822	8.41133	3.51	3.6	26.759	6.8079E-8	1	0	2.75414
1868	-47.5	-21.5	52.139	1008.111	8.43674	3.51	3.6	26.339	6.8482E-8	1	0	2.78044
1869	-47.5	-20.5	51.735	1008.426	8.46448	3.51	3.6	25.935	6.8924E-8	1	0	2.8057
1870	-47.5	-19.5	51.347	1008.763	8.49429	3.51	3.6	25.547	6.9401E-8	1	0	2.82989
1871	-47.5	-18.5	50.975	1009.12	8.52585	3.51	3.6	25.175	6.9907E-8	1	0	2.85297
1872	-47.5	-17.5	50.621	1009.492	8.55883	3.51	3.6	24.821	7.0438E-8	1	0	2.87493
1873	-47.5	-16.5	50.284	1009.875	8.59289	3.51	3.6	24.484	7.0988E-8	1	0	2.89573
1874	-47.5	-15.5	49.965	1010.265	8.62766	3.51	3.6	24.165	7.1552E-8	1	0	2.91537
1875	-47.5	-14.5	49.664	1010.658	8.66278	3.51	3.6	23.864	7.2124E-8	1	0	2.93383
1876	-47.5	-13.5	49.381	1011.049	8.69784	3.51	3.6	23.581	7.2697E-8	1	0	2.95109
1877	-47.5	-12.5	49.117	1011.434	8.73248	3.51	3.6	23.317	7.3265E-8	1	0	2.96715
1878	-47.5	-11.5	48.872	1011.81	8.76629	3.51	3.6	23.072	7.3822E-8	1	0	2.98199
1879	-47.5	-10.5	48.647	1012.171	8.79889	3.51	3.6	22.847	7.4361E-8	1	0	2.99562
1880	-47.5	-9.5	48.441	1012.514	8.82991	3.51	3.6	22.641	7.4875E-8	1	0	3.00803
1881	-47.5	-8.5	48.255	1012.834	8.85899	3.51	3.6	22.455	7.5359E-8	1	0	3.0192
1882	-47.5	-7.5	48.088	1013.129	8.88579	3.51	3.6	22.288	7.5807E-8	1	0	3.02915
1883	-47.5	-6.5	47.943	1013.395	8.90999	3.51	3.6	22.143	7.6212E-8	1	0	3.03786
1884	-47.5	-5.5	47.817	1013.629	8.93131	3.51	3.6	22.017	7.6569E-8	1	0	3.04533
1885	-47.5	-4.5	47.713	1013.828	8.94948	3.51	3.6	21.913	7.6875E-8	1	0	3.05156
1886	-47.5	-3.5	47.629	1013.99	8.96429	3.51	3.6	21.829	7.7124E-8	1	0	3.05655
1887	-47.5	-2.5	47.566	1014.113	8.97556	3.51	3.6	21.766	7.7314E-8	1	0	3.06029
1888	-47.5	-1.5	47.524	1014.196	8.98315	3.51	3.6	21.724	7.7442E-8	1	0	3.06279
1889	-47.5	-0.5	47.503	1014.237	8.98697	3.51	3.6	21.703	7.7507E-8	1	0	3.06403
1890	-47.5	0.5	47.503	1014.237	8.98697	3.51	3.6	21.703	7.7507E-8	1	0	3.06403
1891	-47.5	1.5	47.524	1014.196	8.98315	3.51	3.6	21.724	7.7442E-8	1	0	3.06279
1892	-47.5	2.5	47.566	1014.113	8.97556	3.51	3.6	21.766	7.7314E-8	1	0	3.06029
1893	-47.5	3.5	47.629	1013.99	8.96429	3.51	3.6	21.829	7.7124E-8	1	0	3.05655
1894	-47.5	4.5	47.713	1013.828	8.94948	3.51	3.6	21.913	7.6875E-8	1	0	3.05156
1895	-47.5	5.5	47.817	1013.629	8.93131	3.51	3.6	22.017	7.6569E-8	1	0	3.04533
1896	-47.5	6.5	47.943	1013.395	8.90999	3.51	3.6	22.143	7.6212E-8	1	0	3.03786
1897	-47.5	7.5	48.088	1013.129	8.88579	3.51	3.6	22.288	7.5807E-8	1	0	3.02915
1898	-47.5	8.5	48.255	1012.834	8.85899	3.51	3.6	22.455	7.5359E-8	1	0	3.0192
1899	-47.5	9.5	48.441	1012.514	8.82991	3.51	3.6	22.641	7.4875E-8	1	0	3.00803
1900	-47.5	10.5	48.647	1012.171	8.79889	3.51	3.6	22.847	7.4361E-8	1	0	2.99562
1901	-47.5	11.5	48.872	1011.81	8.76629	3.51	3.6	23.072	7.3822E-8	1	0	2.98199
1902	-47.5	12.5	49.117	1011.434	8.73248	3.51	3.6	23.317	7.3265E-8	1	0	2.96715
1903	-47.5	13.5	49.381	1011.049	8.69784	3.51	3.6	23.581	7.2697E-8	1	0	2.95109
1904	-47.5	14.5	49.664	1010.658	8.66278	3.51	3.6	23.864	7.2124E-8	1	0	2.93383
1905	-47.5	15.5	49.965	1010.265	8.62766	3.51	3.6	24.165	7.1552E-8	1	0	2.91537
1906	-47.5	16.5	50.284	1009.875	8.59289	3.51	3.6	24.484	7.0988E-8	1	0	2.89573
1907	-47.5	17.5	50.621	1009.492	8.55883	3.51	3.6	24.821	7.0438E-8	1	0	2.87493
1908	-47.5	18.5	50.975	1009.12	8.52585	3.51	3.6	25.175	6.9907E-8	1	0	2.85297
1909	-47.5	19.5	51.347	1008.763	8.49429	3.51	3.6	25.547	6.9401E-8	1	0	2.82989
1910	-47.5	20.5	51.735	1008.426	8.46448	3.51	3.6	25.935	6.8924E-8	1	0	2.8057
1911	-47.5	21.5	52.139	1008.111	8.43674	3.51	3.6	26.339	6.8482E-8	1	0	2.78044
1912	-47.5	22.5	52.559	1007.822	8.41133	3.51	3.6	26.759	6.8079E-8	1	0	2.75414
1913	-47.5	23.5	52.995	1007.562	8.38853	3.51	3.6	27.195	6.7718E-8	1	0	2.72684
1914	-47.5	24.5	53.446	1007.334	8.36855	3.51	3.6	27.646	6.7402E-8	1	0	2.69859
1915	-47.5	25.5	53.912	1007.141	8.35159	3.51	3.6	28.112	6.7134E-8	1	0	2.66944
1916	-47.5	26.5	54.392	1006.983	8.33782	3.51	3.6	28.592	6.6918E-8	1	0	2.63945
1917	-47.5	27.5	54.886	1006.863	8.32738	3.51	3.6	29.086	6.6753E-8	1	0	2.60869
1918	-47.5	28.5	55.394	1006.783	8.32036	3.51	3.6	29.594	6.6643E-8	1	0	2.57721
1919	-47.5	29.5	55.915	1006.743	8.31689	3.51	3.6	30.115	6.6589E-8	1	0	2.54509
1920	-46.5	-29.5	55.068	1011.067	8.28143	3.51	3.6	29.268	6.5902E-8	1	0	2.61546
1921	-46.5	-28.5	54.539	1011.11	8.28526	3.51	3.6	28.739	6.5962E-8	1	0	2.65039
1922	-46.5	-27.5	54.023	1011.196	8.29303	3.51	3.6	28.223	6.6084E-8	1	0	2.68462
1923	-46.5	-26.5	53.521	1011.324	8.30457	3.51	3.6	27.721	6.6264E-8	1	0	2.71809
1924	-46.5	-25.5	53.033	1011.492	8.3198	3.51	3.6	27.233	6.6503E-8	1	0	2.75072
1925	-46.5	-24.5	52.559	1011.699	8.33856	3.51	3.6	26.759	6.6797E-8	1	0	2.78244
1926	-46.5	-23.5	52.101	1011.942	8.36066	3.51	3.6	26.301	6.7145E-8	1	0	2.81318
1927	-46.5	-22.5	51.658	1012.219	8.3859	3.51	3.6	25.858	6.7543E-8	1	0	2.84289
1928	-46.5	-21.5	51.23	1012.528	8.41403	3.51	3.6	25.43	6.7988E-8	1	0	2.87152
1929	-46.5	-20.5	50.818	1012.864	8.44475	3.51	3.6	25.018	6.8476E-8	1	0	2.89903
1930	-46.5	-19.5	50.423	1013.224	8.47778	3.51	3.6	24.623	6.9002E-8	1	0	2.92537
1931	-46.5	-18.5	50.045	1013.605	8.51275	3.51	3.6	24.245	6.9561E-8	1	0	2.95052
1932	-46.5	-17.5	49.684	1014.002	8.54933	3.51	3.6	23.884	7.0149E-8	1	0	2.97444
1933	-46.5	-16.5	49.341	1014.411	8.58711	3.51	3.6	23.541	7.0758E-8	1	0	2.99712
1934	-46.5	-15.5	49.015	1014.827	8.62571	3.51	3.6	23.215	7.1383E-8	1	0	3.01854
1935	-46.5	-14.5	48.708	1015.247	8.6647	3.51	3.6	22.908	7.2017E-8	1	0	3.03867
1936	-46.5	-13.5	48.42	1015.665	8.70365	3.51	3.6	22.62	7.2653E-8	1	0	3.05751
1937	-46.5	-12.5	48.151	1016.076	8.74214	3.51	3.6	22.351	7.3284E-8	1	0	3.07505
1938	-46.5	-11.5	47.901	1016.477	8.77973	3.51	3.6	22.101	7.3904E-8	1	0	3.09127
1939	-46.5	-10.5	47.671	1016.863	8.81599	3.51	3.6	21.871	7.4503E-8	1	0	3.10617
1940	-46.5	-9.5	47.461	1017.229	8.85051	3.51	3.6	21.661	7.5076E-8	1	0	3.11974
1941	-46.5	-8.5	47.27	1017.572	8.88289	3.51	3.6	21.47	7.5616E-8	1	0	3.13197
1942	-46.5	-7.5	47.101	1017.887	8.91273	3.51	3.6	21.301	7.6114E-8	1	0	3.14287
1943	-46.5	-6.5	46.952	1018.171	8.93969	3.51	3.6	21.152	7.6566E-8	1	0	3.15241
1944	-46.5	-5.5	46.824	1018.42	8.96344	3.51	3.6	21.024	7.6966E-8	1	0	3.1606
1945	-46.5	-4.5	46.717	1018.633	8.98369	3.51	3.6	20.917	7.7307E-8	1	0	3.16744
1946	-46.5	-3.5	46.632	1018.806	9.0002	3.51	3.6	20.832	7.7586E-8	1	0	3.17291
1947	-46.5	-2.5	46.567	1018.937	9.01277	3.51	3.6	20.767	7.7798E-8	1	0	3.17702
1948	-46.5	-1.5	46.524	1019.026	9.02123	3.51	3.6	20.724	7.7941E-8	1	0	3.17976
1949	-46.5	-0.5	46.503	1019.07	9.02549	3.51	3.6	20.703	7.8014E-8	1	0	3.18113
1950	-46.5	0.5	46.503	1019.07	9.02549	3.51	3.6	20.703	7.8014E-8	1	0	3.18113
1951	-46.5	1.5	46.524	1019.026	9.02123	3.51	3.6	20.724	7.7941E-8	1	0	3.17976
1952	-46.5	2.5	46.567	1018.937	9.01277	3.51	3.6	20.767	7.7798E-8	1	0	3.17702
1953	-46.5	3.5	46.632	1018.806	9.0002	3.51	3.6	20.832	7.7586E-8	1	0	3.17291
1954	-46.5	4.5	46.717	1018.633	8.98369	3.51	3.6	20.917	7.7307E-8	1	0	3.16744
1955	-46.5	5.5	46.824	1018.42	8.96344	3.51	3.6	21.024	7.6966E-8	1	0	3.1606
1956	-46.5	6.5	46.952	1018.171	8.93969	3.51	3.6	21.152	7.6566E-8	1	0	3.15241
1957	-46.5	7.5	47.101	1017.887	8.91273	3.51	3.6	21.301	7.6114E-8	1	0	3.14287
1958	-46.5	8.5	47.27	1017.572	8.88289	3.51	3.6	21.47	7.5616E-8	1	0	3.13197
1959	-46.5	9.5	47.461	1017.229	8.85051	3.51	3.6	21.661	7.5076E-8	1	0	3.11974
1960	-46.5	10.5	47.671	1016.863	8.81599	3.51	3.6	21.871	7.4503E-8	1	0	3.10617
1961	-46.5	11.5	47.901	1016.477	8.77973	3.51	3.6	22.101	7.3904E-8	1	0	3.09127
1962	-46.5	12.5	48.151	1016.076	8.74214	3.51	3.6	22.351	7.3284E-8	1	0	3.07505
1963	-46.5	13.5	48.42	1015.665	8.70365	3.51	3.6	22.62	7.2653E-8	1	0	3.05751
1964	-46.5	14.5	48.708	1015.247	8.6647	3.51	3.6	22.908	7.2017E-8	1	0	3.03867
1965	-46.5	15.5	49.015	1014.827	8.62571	3.51	3.6	23.215	7.1383E-8	1	0	3.01854
1966	-46.5	16.5	49.341	1014.411	8.58711	3.51	3.6	23.541	7.0758E-8	1	0	2.99712
1967	-46.5	17.5	49.684	1014.002	8.54933	3.51	3.6	23.884	7.0149E-8	1	0	2.97444
1968	-46.5	18.5	50.045	1013.605	8.51275	3.51	3.6	24.245	6.9561E-8	1	0	2.95052
1969	-46.5	19.5	50.423	1013.224	8.47778	3.51	3.6	24.623	6.9002E-8	1	0	2.92537
1970	-46.5	20.5	50.818	1012.864	8.44475	3.51	3.6	25.018	6.8476E-8	1	0	2.89903
1971	-46.5	21.5	51.23	1012.528	8.41403	3.51	3.6	25.43	6.7988E-8	1	0	2.87152
1972	-46.5	22.5	51.658	1012.219	8.3859	3.51	3.6	25.858	6.7543E-8	1	0	2.84289
1973	-46.5	23.5	52.101	1011.942	8.36066	3.51	3.6	26.301	6.7145E-8	1	0	2.81318
1974	-46.5	24.5	52.559	1011.699	8.33856	3.51	3.6	26.759	6.6797E-8	1	0	2.78244
1975	-46.5	25.5	53.033	1011.492	8.3198	3.51	3.6	27.233	6.6503E-8	1	0	2.75072
1976	-46.5	26.5	53.521	1011.324	8.30457	3.51	3.6	27.721	6.6264E-8	1	0	2.71809
1977	-46.5	27.5	54.023	1011.196	8.29303	3.51	3.6	28.223	6.6084E-8	1	0	2.68462
1978	-46.5	28.5	54.539	1011.11	8.28526	3.51	3.6	28.739	6.5962E-8	1	0	2.65039
1979	-46.5	29.5	55.068	1011.067	8.28143	3.51	3.6	29.268	6.5902E-8	1	0	2.61546
1980	-45.5	-29.5	54.226	1015.176	8.24224	3.51	3.6	28.426	6.5168E-8	1	0	2.69082
1981	-45.5	-28.5	53.689	1015.222	8.24647	3.51	3.6	27.889	6.5233E-8	1	0	2.72888
1982	-45.5	-27.5	53.165	1015.313	8.25505	3.51	3.6	27.365	6.5366E-8	1	0	2.76618
1983	-45.5	-26.5	52.655	1015.449	8.26781	3.51	3.6	26.855	6.5565E-8	1	0	2.80266
1984	-45.5	-25.5	52.158	1015.628	8.28464	3.51	3.6	26.358	6.5827E-8	1	0	2.83823
1985	-45.5	-24.5	51.677	1015.849	8.30538	3.51	3.6	25.877	6.6151E-8	1	0	2.87281
1986	-45.5	-23.5	51.21	1016.108	8.32983	3.51	3.6	25.41	6.6534E-8	1	0	2.90634
1987	-45.5	-22.5	50.759	1016.404	8.35776	3.51	3.6	24.959	6.6972E-8	1	0	2.93875
1988	-45.5	-21.5	50.324	1016.732	8.38888	3.51	3.6	24.524	6.7463E-8	1	0	2.96999
1989	-45.5	-20.5	49.905	1017.091	8.4229	3.51	3.6	24.105	6.8001E-8	1	0	3.00001
1990	-45.5	-19.5	49.503	1017.475	8.45948	3.51	3.6	23.703	6.8582E-8	1	0	3.02877
1991	-45.5	-18.5	49.117	1017.881	8.49824	3.51	3.6	23.317	6.92E-8	1	0	3.05624
1992	-45.5	-17.5	48.749	1018.304	8.53879	3.51	3.6	22.949	6.9849E-8	1	0	3.08239
1993	-45.5	-16.5	48.399	1018.74	8.5807	3.51	3.6	22.599	7.0524E-8	1	0	3.10718
1994	-45.5	-15.5	48.068	1019.184	8.62353	3.51	3.6	22.268	7.1216E-8	1	0	3.13061
1995	-45.5	-14.5	47.755	1019.631	8.66682	3.51	3.6	21.955	7.1919E-8	1	0	3.15265
1996	-45.5	-13.5	47.461	1020.077	8.7101	3.51	3.6	21.661	7.2626E-8	1	0	3.17329
1997	-45.5	-12.5	47.186	1020.516	8.75288	3.51	3.6	21.386	7.3327E-8	1	0	3.19251
1998	-45.5	-11.5	46.931	1020.943	8.79468	3.51	3.6	21.131	7.4016E-8	1	0	3.21031
1999	-45.5	-10.5	46.696	1021.354	8.83502	3.51	3.6	20.896	7.4684E-8	1	0	3.22667
2000	-45.5	-9.5	46.481	1021.745	8.87345	3.51	3.6	20.681	7.5322E-8	1	0	3.24159
2001	-45.5	-8.5	46.287	1022.11	8.90949	3.51	3.6	20.487	7.5924E-8	1	0	3.25504
2002	-45.5	-7.5	46.114	1022.446	8.94274	3.51	3.6	20.314	7.6481E-8	1	0	3.26703
2003	-45.5	-6.5	45.962	1022.749	8.97278	3.51	3.6	20.162	7.6985E-8	1	0	3.27755
2004	-45.5	-5.5	45.831	1023.015	8.99925	3.51	3.6	20.031	7.7432E-8	1	0	3.28658
2005	-45.5	-4.5	45.722	1023.242	9.02183	3.51	3.6	19.922	7.7813E-8	1	0	3.29411
2006	-45.5	-3.5	45.634	1023.426	9.04025	3.51	3.6	19.834	7.8125E-8	1	0	3.30016
2007	-45.5	-2.5	45.569	1023.566	9.05426	3.51	3.6	19.769	7.8363E-8	1	0	3.30469
2008	-45.5	-1.5	45.525	1023.661	9.0637	3.51	3.6	19.725	7.8523E-8	1	0	3.30772
2009	-45.5	-0.5	45.503	1023.708	9.06845	3.51	3.6	19.703	7.8604E-8	1	0	3.30923
2010	-45.5	0.5	45.503	1023.708	9.06845	3.51	3.6	19.703	7.8604E-8	1	0	3.30923
2011	-45.5	1.5	45.525	1023.661	9.0637	3.51	3.6	19.725	7.8523E-8	1	0	3.30772
2012	-45.5	2.5	45.569	1023.566	9.05426	3.51	3.6	19.769	7.8363E-8	1	0	3.30469
2013	-45.5	3.5	45.634	1023.426	9.04025	3.51	3.6	19.834	7.8125E-8	1	0	3.30016
2014	-45.5	4.5	45.722	1023.242	9.02183	3.51	3.6	19.922	7.7813E-8	1	0	3.29411
2015	-45.5	5.5	45.831	1023.015	8.99925	3.51	3.6	20.031	7.7432E-8	1	0	3.28658
2016	-45.5	6.5	45.962	1022.749	8.97278	3.51	3.6	20.162	7.6985E-8	1	0	3.27755
2017	-45.5	7.5	46.114	1022.446	8.94274	3.51	3.6	20.314	7.6481E-8	1	0	3.26703
2018	-45.5	8.5	46.287	1022.11	8.90949	3.51	3.6	20.487	7.5924E-8	1	0	3.25504
2019	-45.5	9.5	46.481	1021.745	8.87345	3.51	3.6	20.681	7.5322E-8	1	0	3.24159
2020	-45.5	10.5	46.696	1021.354	8.83502	3.51	3.6	20.896	7.4684E-8	1	0	3.22667
2021	-45.5	11.5	46.931	1020.943	8.79468	3.51	3.6	21.131	7.4016E-8	1	0	3.21031
2022	-45.5	12.5	47.186	1020.516	8.75288	3.51	3.6	21.386	7.3327E-8	1	0	3.19251
2023	-45.5	13.5	47.461	1020.077	8.7101	3.51	3.6	21.661	7.2626E-8	1	0	3.17329
2024	-45.5	14.5	47.755	1019.631	8.66682	3.51	3.6	21.955	7.1919E-8	1	0	3.15265
2025	-45.5	15.5	48.068	1019.184	8.62353	3.51	3.6	22.268	7.1216E-8	1	0	3.13061
2026	-45.5	16.5	48.399	1018.74	8.5807	3.51	3.6	22.599	7.0524E-8	1	0	3.10718
2027	-45.5	17.5	48.749	1018.304	8.53879	3.51	3.6	22.949	6.9849E-8	1	0	3.08239
2028	-45.5	18.5	49.117	1017.881	8.49824	3.51	3.6	23.317	6.92E-8	1	0	3.05624
2029	-45.5	19.5	49.503	1017.475	8.45948	3.51	3.6	23.703	6.8582E-8	1	0	3.02877
2030	-45.5	20.5	49.905	1017.091	8.4229	3.51	3.6	24.105	6.8001E-8	1	0	3.00001
2031	-45.5	21.5	50.324	1016.732	8.38888	3.51	3.6	24.524	6.7463E-8	1	0	2.96999
2032	-45.5	22.5	50.759	1016.404	8.35776	3.51	3.6	24.959	6.6972E-8	1	0	2.93875
2033	-45.5	23.5	51.21	1016.108	8.32983	3.51	3.6	25.41	6.6534E-8	1	0	2.90634
2034	-45.5	24.5	51.677	1015.849	8.30538	3.51	3.6	25.877	6.6151E-8	1	0	2.87281
2035	-45.5	25.5	52.158	1015.628	8.28464	3.51	3.6	26.358	6.5827E-8	1	0	2.83823
2036	-45.5	26.5	52.655	1015.449	8.26781	3.51	3.6	26.855	6.5565E-8	1	0	2.80266
2037	-45.5	27.5	53.165	1015.313	8.25505	3.51	3.6	27.365	6.5366E-8	1	0	2.76618
2038	-45.5	28.5	53.689	1015.222	8.24647	3.51	3.6	27.889	6.5233E-8	1	0	2.72888
2039	-45.5	29.5	54.226	1015.176	8.24224	3.51	3.6	28.426	6.5168E-8	1	0	2.69082
2040	-44.5	-29.5	53.39	1019.07	8.19896	3.51	3.6	27.59	6.4379E-8	1	0	2.77175
2041	-44.5	-28.5	52.844	1019.119	8.20362	3.51	3.6	27.044	6.4451E-8	1	0	2.81329
2042	-44.5	-27.5	52.312	1019.217	8.21309	3.51	3.6	26.512	6.4597E-8	1	0	2.85401
2043	-44.5	-26.5	51.793	1019.361	8.22719	3.51	3.6	25.993	6.4815E-8	1	0	2.89385
2044	-44.5	-25.5	51.288	1019.552	8.24579	3.51	3.6	25.488	6.5104E-8	1	0	2.9327
2045	-44.5	-24.5	50.799	1019.786	8.26871	3.51	3.6	24.999	6.5459E-8	1	0	2.97049
2046	-44.5	-23.5	50.324	1020.062	8.29574	3.51	3.6	24.524	6.588E-8	1	0	3.00714
2047	-44.5	-22.5	49.865	1020.377	8.32662	3.51	3.6	24.065	6.6363E-8	1	0	3.04258
2048	-44.5	-21.5	49.422	1020.726	8.36105	3.51	3.6	23.622	6.6903E-8	1	0	3.07675
2049	-44.5	-20.5	48.995	1021.108	8.39871	3.51	3.6	23.195	6.7496E-8	1	0	3.10961
2050	-44.5	-19.5	48.585	1021.516	8.43921	3.51	3.6	22.785	6.8137E-8	1	0	3.1411
2051	-44.5	-18.5	48.192	1021.948	8.48215	3.51	3.6	22.392	6.882E-8	1	0	3.17119
2052	-44.5	-17.5	47.817	1022.399	8.5271	3.51	3.6	22.017	6.9538E-8	1	0	3.19986
2053	-44.5	-16.5	47.461	1022.863	8.57359	3.51	3.6	21.661	7.0284E-8	1	0	3.22706
2054	-44.5	-15.5	47.122	1023.335	8.62112	3.51	3.6	21.322	7.1052E-8	1	0	3.25278
2055	-44.5	-14.5	46.803	1023.811	8.66918	3.51	3.6	21.003	7.1832E-8	1	0	3.277
2056	-44.5	-13.5	46.503	1024.286	8.71726	3.51	3.6	20.703	7.2616E-8	1	0	3.29971
2057	-44.5	-12.5	46.222	1024.753	8.76481	3.51	3.6	20.422	7.3396E-8	1	0	3.32087
2058	-44.5	-11.5	45.962	1025.208	8.8113	3.51	3.6	20.162	7.4162E-8	1	0	3.34049
2059	-44.5	-10.5	45.722	1025.645	8.8562	3.51	3.6	19.922	7.4906E-8	1	0	3.35855
2060	-44.5	-9.5	45.503	1026.061	8.89897	3.51	3.6	19.703	7.5618E-8	1	0	3.37502
2061	-44.5	-8.5	45.305	1026.45	8.93913	3.51	3.6	19.505	7.629E-8	1	0	3.3899
2062	-44.5	-7.5	45.128	1026.807	8.97617	3.51	3.6	19.328	7.6912E-8	1	0	3.40317
2063	-44.5	-6.5	44.972	1027.129	9.00966	3.51	3.6	19.172	7.7476E-8	1	0	3.41483
2064	-44.5	-5.5	44.839	1027.413	9.03918	3.51	3.6	19.039	7.7975E-8	1	0	3.42484
2065	-44.5	-4.5	44.727	1027.654	9.06437	3.51	3.6	18.927	7.8402E-8	1	0	3.43321
2066	-44.5	-3.5	44.637	1027.85	9.08491	3.51	3.6	18.837	7.8752E-8	1	0	3.43992
2067	-44.5	-2.5	44.57	1027.999	9.10055	3.51	3.6	18.77	7.9018E-8	1	0	3.44497
2068	-44.5	-1.5	44.525	1028.1	9.11109	3.51	3.6	18.725	7.9198E-8	1	0	3.44833
2069	-44.5	-0.5	44.503	1028.15	9.11639	3.51	3.6	18.703	7.9288E-8	1	0	3.45002
2070	-44.5	0.5	44.503	1028.15	9.11639	3.51	3.6	18.703	7.9288E-8	1	0	3.45002
2071	-44.5	1.5	44.525	1028.1	9.11109	3.51	3.6	18.725	7.9198E-8	1	0	3.44833
2072	-44.5	2.5	44.57	1027.999	9.10055	3.51	3.6	18.77	7.9018E-8	1	0	3.44497
2073	-44.5	3.5	44.637	1027.85	9.08491	3.51	3.6	18.837	7.8752E-8	1	0	3.43992
2074	-44.5	4.5	44.727	1027.654	9.06437	3.51	3.6	18.927	7.8402E-8	1	0	3.43321
2075	-44.5	5.5	44.839	1027.413	9.03918	3.51	3.6	19.039	7.7975E-8	1	0	3.42484
2076	-44.5	6.5	44.972	1027.129	9.00966	3.51	3.6	19.172	7.7476E-8	1	0	3.41483
2077	-44.5	7.5	45.128	1026.807	8.97617	3.51	3.6	19.328	7.6912E-8	1	0	3.40317
2078	-44.5	8.5	45.305	1026.45	8.93913	3.51	3.6	19.505	7.629E-8	1	0	3.3899
2079	-44.5	9.5	45.503	1026.061	8.89897	3.51	3.6	19.703	7.5618E-8	1	0	3.37502
2080	-44.5	10.5	45.722	1025.645	8.8562	3.51	3.6	19.922	7.4906E-8	1	0	3.35855
2081	-44.5	11.5	45.962	1025.208	8.8113	3.51	3.6	20.162	7.4162E-8	1	0	3.34049
2082	-44.5	12.5	46.222	1024.753	8.76481	3.51	3.6	20.422	7.3396E-8	1	0	3.32087
2083	-44.5	13.5	46.503	1024.286	8.71726	3.51	3.6	20.703	7.2616E-8	1	0	3.29971
2084	-44.5	14.5	46.803	1023.811	8.66918	3.51	3.6	21.003	7.1832E-8	1	0	3.277
2085	-44.5	15.5	47.122	1023.335	8.62112	3.51	3.6	21.322	7.1052E-8	1	0	3.25278
2086	-44.5	16.5	47.461	1022.863	8.57359	3.51	3.6	21.661	7.0284E-8	1	0	3.22706
2087	-44.5	17.5	47.817	1022.399	8.5271	3.51	3.6	22.017	6.9538E-8	1	0	3.19986
2088	-44.5	18.5	48.192	1021.948	8.48215	3.51	3.6	22.392	6.882E-8	1	0	3.17119
2089	-44.5	19.5	48.585	1021.516	8.43921	3.51	3.6	22.785	6.8137E-8	1	0	3.1411
2090	-44.5	20.5	48.995	1021.108	8.39871	3.51	3.6	23.195	6.7496E-8	1	0	3.10961
2091	-44.5	21.5	49.422	1020.726	8.36105	3.51	3.6	23.622	6.6903E-8	1	0	3.07675
2092	-44.5	22.5	49.865	1020.377	8.32662	3.51	3.6	24.065	6.6363E-8	1	0	3.04258
2093	-44.5	23.5	50.324	1020.062	8.29574	3.51	3.6	24.524	6.588E-8	1	0	3.00714
2094	-44.5	24.5	50.799	1019.786	8.26871	3.51	3.6	24.999	6.5459E-8	1	0	2.97049
2095	-44.5	25.5	51.288	1019.552	8.24579	3.51	3.6	25.488	6.5104E-8	1	0	2.9327
2096	-44.5	26.5	51.793	1019.361	8.22719	3.51	3.6	25.993	6.4815E-8	1	0	2.89385
2097	-44.5	27.5	52.312	1019.217	8.21309	3.51	3.6	26.512	6.4597E-8	1	0	2.85401
2098	-44.5	28.5	52.844	1019.119	8.20362	3.51	3.6	27.044	6.4451E-8	1	0	2.81329
2099	-44.5	29.5	53.39	1019.07	8.19896	3.51	3.6	27.59	6.4379E-8	1	0	2.77175
2100	-43.5	-29.5	52.559	1022.753	8.15117	3.51	3.6	26.759	6.3532E-8	1	0	2.85888
2101	-43.5	-28.5	52.005	1022.804	8.1563	3.51	3.6	26.205	6.3611E-8	1	0	2.90431
2102	-43.5	-27.5	51.464	1022.908	8.16676	3.51	3.6	25.664	6.3771E-8	1	0	2.94886
2103	-43.5	-26.5	50.936	1023.061	8.18233	3.51	3.6	25.136	6.401E-8	1	0	2.99246
2104	-43.5	-25.5	50.423	1023.264	8.20286	3.51	3.6	24.623	6.4327E-8	1	0	3.03499
2105	-43.5	-24.5	49.925	1023.513	8.22818	3.51	3.6	24.125	6.4717E-8	1	0	3.07638
2106	-43.5	-23.5	49.442	1023.806	8.25804	3.51	3.6	23.642	6.518E-8	1	0	3.11654
2107	-43.5	-22.5	48.974	1024.14	8.29218	3.51	3.6	23.174	6.5711E-8	1	0	3.15539
2108	-43.5	-21.5	48.523	1024.511	8.33026	3.51	3.6	22.723	6.6305E-8	1	0	3.19288
2109	-43.5	-20.5	48.088	1024.916	8.37192	3.51	3.6	22.288	6.6959E-8	1	0	3.22894
2110	-43.5	-19.5	47.671	1025.35	8.41676	3.51	3.6	21.871	6.7665E-8	1	0	3.26352
2111	-43.5	-18.5	47.27	1025.809	8.46433	3.51	3.6	21.47	6.8419E-8	1	0	3.2966
2112	-43.5	-17.5	46.888	1026.288	8.51414	3.51	3.6	21.088	6.9213E-8	1	0	3.32813
2113	-43.5	-16.5	46.524	1026.781	8.56569	3.51	3.6	20.724	7.0039E-8	1	0	3.35809
2114	-43.5	-15.5	46.179	1027.283	8.61843	3.51	3.6	20.379	7.0889E-8	1	0	3.38645
2115	-43.5	-14.5	45.853	1027.788	8.6718	3.51	3.6	20.053	7.1754E-8	1	0	3.41319
2116	-43.5	-13.5	45.547	1028.292	8.72522	3.51	3.6	19.747	7.2626E-8	1	0	3.43828
2117	-43.5	-12.5	45.26	1028.788	8.77808	3.51	3.6	19.46	7.3493E-8	1	0	3.4617
2118	-43.5	-11.5	44.994	1029.272	8.8298	3.51	3.6	19.194	7.4346E-8	1	0	3.48344
2119	-43.5	-10.5	44.749	1029.737	8.87977	3.51	3.6	18.949	7.5175E-8	1	0	3.50348
2120	-43.5	-9.5	44.525	1030.178	8.9274	3.51	3.6	18.725	7.597E-8	1	0	3.52179
2121	-43.5	-8.5	44.323	1030.591	8.97214	3.51	3.6	18.523	7.672E-8	1	0	3.53835
2122	-43.5	-7.5	44.142	1030.97	9.01343	3.51	3.6	18.342	7.7415E-8	1	0	3.55314
2123	-43.5	-6.5	43.983	1031.312	9.05078	3.51	3.6	18.183	7.8047E-8	1	0	3.56615
2124	-43.5	-5.5	43.846	1031.613	9.08372	3.51	3.6	18.046	7.8606E-8	1	0	3.57734
2125	-43.5	-4.5	43.732	1031.869	9.11183	3.51	3.6	17.932	7.9084E-8	1	0	3.5867
2126	-43.5	-3.5	43.641	1032.078	9.13476	3.51	3.6	17.841	7.9476E-8	1	0	3.59421
2127	-43.5	-2.5	43.572	1032.236	9.15222	3.51	3.6	17.772	7.9775E-8	1	0	3.59986
2128	-43.5	-1.5	43.526	1032.343	9.16399	3.51	3.6	17.726	7.9976E-8	1	0	3.60364
2129	-43.5	-0.5	43.503	1032.396	9.16991	3.51	3.6	17.703	8.0078E-8	1	0	3.60553
2130	-43.5	0.5	43.503	1032.396	9.16991	3.51	3.6	17.703	8.0078E-8	1	0	3.60553
2131	-43.5	1.5	43.526	1032.343	9.16399	3.51	3.6	17.726	7.9976E-8	1	0	3.60364
2132	-43.5	2.5	43.572	1032.236	9.15222	3.51	3.6	17.772	7.9775E-8	1	0	3.59986
2133	-43.5	3.5	43.641	1032.078	9.13476	3.51	3.6	17.841	7.9476E-8	1	0	3.59421
2134	-43.5	4.5	43.732	1031.869	9.11183	3.51	3.6	17.932	7.9084E-8	1	0	3.5867
2135	-43.5	5.5	43.846	1031.613	9.08372	3.51	3.6	18.046	7.8606E-8	1	0	3.57734
2136	-43.5	6.5	43.983	1031.312	9.05078	3.51	3.6	18.183	7.8047E-8	1	0	3.56615
2137	-43.5	7.5	44.142	1030.97	9.01343	3.51	3.6	18.342	7.7415E-8	1	0	3.55314
2138	-43.5	8.5	44.323	1030.591	8.97214	3.51	3.6	18.523	7.672E-8	1	0	3.53835
2139	-43.5	9.5	44.525	1030.178	8.9274	3.51	3.6	18.725	7.597E-8	1	0	3.52179
2140	-43.5	10.5	44.749	1029.737	8.87977	3.51	3.6	18.949	7.5175E-8	1	0	3.50348
2141	-43.5	11.5	44.994	1029.272	8.8298	3.51	3.6	19.194	7.4346E-8	1	0	3.48344
2142	-43.5	12.5	45.26	1028.788	8.77808	3.51	3.6	19.46	7.3493E-8	1	0	3.4617
2143	-43.5	13.5	45.547	1028.292	8.72522	3.51	3.6	19.747	7.2626E-8	1	0	3.43828
2144	-43.5	14.5	45.853	1027.788	8.6718	3.51	3.6	20.053	7.1754E-8	1	0	3.41319
2145	-43.5	15.5	46.179	1027.283	8.61843	3.51	3.6	20.379	7.0889E-8	1	0	3.38645
2146	-43.5	16.5	46.524	1026.781	8.56569	3.51	3.6	20.724	7.0039E-8	1	0	3.35809
2147	-43.5	17.5	46.888	1026.288	8.51414	3.51	3.6	21.088	6.9213E-8	1	0	3.32813
2148	-43.5	18.5	47.27	1025.809	8.46433	3.51	3.6	21.47	6.8419E-8	1	0	3.2966
2149	-43.5	19.5	47.671	1025.35	8.41676	3.51	3.6	21.871	6.7665E-8	1	0	3.26352
2150	-43.5	20.5	48.088	1024.916	8.37192	3.51	3.6	22.288	6.6959E-8	1	0	3.22894
2151	-43.5	21.5	48.523	1024.511	8.33026	3.51	3.6	22.723	6.6305E-8	1	0	3.19288
2152	-43.5	22.5	48.974	1024.14	8.29218	3.51	3.6	23.174	6.5711E-8	1	0	3.15539
2153	-43.5	23.5	49.442	1023.806	8.25804	3.51	3.6	23.642	6.518E-8	1	0	3.11654
2154	-43.5	24.5	49.925	1023.513	8.22818	3.51	3.6	24.125	6.4717E-8	1	0	3.07638
2155	-43.5	25.5	50.423	1023.264	8.20286	3.51	3.6	24.623	6.4327E-8	1	0	3.03499
2156	-43.5	26.5	50.936	1023.061	8.18233	3.51	3.6	25.136	6.401E-8	1	0	2.99246
2157	-43.5	27.5	51.464	1022.908	8.16676	3.51	3.6	25.664	6.3771E-8	1	0	2.94886
2158	-43.5	28.5	52.005	1022.804	8.1563	3.51	3.6	26.205	6.3611E-8	1	0	2.90431
2159	-43.5	29.5	52.559	1022.753	8.15117	3.51	3.6	26.759	6.3532E-8	1	0	2.85888
2160	-42.5	-29.5	51.735	1026.224	8.09844	3.51	3.6	25.935	6.2621E-8	1	0	2.95294
2161	-42.5	-28.5	51.171	1026.279	8.10409	3.51	3.6	25.371	6.2707E-8	1	0	3.00273
2162	-42.5	-27.5	50.621	1026.389	8.11563	3.51	3.6	24.821	6.2883E-8	1	0	3.05157
2163	-42.5	-26.5	50.085	1026.552	8.1328	3.51	3.6	24.285	6.3145E-8	1	0	3.09939
2164	-42.5	-25.5	49.563	1026.766	8.15546	3.51	3.6	23.763	6.3491E-8	1	0	3.14608
2165	-42.5	-24.5	49.056	1027.03	8.18341	3.51	3.6	23.256	6.392E-8	1	0	3.19152
2166	-42.5	-23.5	48.564	1027.341	8.21639	3.51	3.6	22.764	6.4428E-8	1	0	3.23564
2167	-42.5	-22.5	48.088	1027.695	8.25411	3.51	3.6	22.288	6.5011E-8	1	0	3.27835
2168	-42.5	-21.5	47.629	1028.089	8.2962	3.51	3.6	21.829	6.5665E-8	1	0	3.31959
2169	-42.5	-20.5	47.186	1028.518	8.34228	3.51	3.6	21.386	6.6384E-8	1	0	3.35929
2170	-42.5	-19.5	46.76	1028.979	8.3919	3.51	3.6	20.96	6.7163E-8	1	0	3.39741
2171	-42.5	-18.5	46.352	1029.465	8.44457	3.51	3.6	20.552	6.7995E-8	1	0	3.4339
2172	-42.5	-17.5	45.962	1029.972	8.49977	3.51	3.6	20.162	6.8872E-8	1	0	3.46873
2173	-42.5	-16.5	45.591	1030.495	8.55693	3.51	3.6	19.791	6.9786E-8	1	0	3.50187
2174	-42.5	-15.5	45.238	1031.027	8.61545	3.51	3.6	19.438	7.0728E-8	1	0	3.53327
2175	-42.5	-14.5	44.905	1031.563	8.67471	3.51	3.6	19.105	7.1688E-8	1	0	3.56293
2176	-42.5	-13.5	44.593	1032.097	8.73406	3.51	3.6	18.793	7.2656E-8	1	0	3.59081
2177	-42.5	-12.5	44.3	1032.623	8.79284	3.51	3.6	18.5	7.362E-8	1	0	3.61688
2178	-42.5	-11.5	44.028	1033.135	8.85038	3.51	3.6	18.228	7.4571E-8	1	0	3.64112
2179	-42.5	-10.5	43.778	1033.628	8.90601	3.51	3.6	17.978	7.5496E-8	1	0	3.66351
2180	-42.5	-9.5	43.549	1034.095	8.95907	3.51	3.6	17.749	7.6383E-8	1	0	3.684
2181	-42.5	-8.5	43.342	1034.532	9.00894	3.51	3.6	17.542	7.7221E-8	1	0	3.70257
2182	-42.5	-7.5	43.157	1034.935	9.05499	3.51	3.6	17.357	7.7999E-8	1	0	3.71919
2183	-42.5	-6.5	42.994	1035.297	9.09666	3.51	3.6	17.194	7.8707E-8	1	0	3.73382
2184	-42.5	-5.5	42.854	1035.616	9.13342	3.51	3.6	17.054	7.9333E-8	1	0	3.74643
2185	-42.5	-4.5	42.738	1035.887	9.16481	3.51	3.6	16.938	7.987E-8	1	0	3.75699
2186	-42.5	-3.5	42.644	1036.107	9.19043	3.51	3.6	16.844	8.031E-8	1	0	3.76548
2187	-42.5	-2.5	42.573	1036.275	9.20993	3.51	3.6	16.773	8.0646E-8	1	0	3.77187
2188	-42.5	-1.5	42.526	1036.388	9.22308	3.51	3.6	16.726	8.0872E-8	1	0	3.77614
2189	-42.5	-0.5	42.503	1036.445	9.2297	3.51	3.6	16.703	8.0986E-8	1	0	3.77828
2190	-42.5	0.5	42.503	1036.445	9.2297	3.51	3.6	16.703	8.0986E-8	1	0	3.77828
2191	-42.5	1.5	42.526	1036.388	9.22308	3.51	3.6	16.726	8.0872E-8	1	0	3.77614
2192	-42.5	2.5	42.573	1036.275	9.20993	3.51	3.6	16.773	8.0646E-8	1	0	3.77187
2193	-42.5	3.5	42.644	1036.107	9.19043	3.51	3.6	16.844	8.031E-8	1	0	3.76548
2194	-42.5	4.5	42.738	1035.887	9.16481	3.51	3.6	16.938	7.987E-8	1	0	3.75699
2195	-42.5	5.5	42.854	1035.616	9.13342	3.51	3.6	17.054	7.9333E-8	1	0	3.74643
2196	-42.5	6.5	42.994	1035.297	9.09666	3.51	3.6	17.194	7.8707E-8	1	0	3.73382
2197	-42.5	7.5	43.157	1034.935	9.05499	3.51	3.6	17.357	7.7999E-8	1	0	3.71919
2198	-42.5	8.5	43.342	1034.532	9.00894	3.51	3.6	17.542	7.7221E-8	1	0	3.70257
2199	-42.5	9.5	43.549	1034.095	8.95907	3.51	3.6	17.749	7.6383E-8	1	0	3.684
2200	-42.5	10.5	43.778	1033.628	8.90601	3.51	3.6	17.978	7.5496E-8	1	0	3.66351
2201	-42.5	11.5	44.028	1033.135	8.85038	3.51	3.6	18.228	7.4571E-8	1	0	3.64112
2202	-42.5	12.5	44.3	1032.623	8.79284	3.51	3.6	18.5	7.362E-8	1	0	3.61688
2203	-42.5	13.5	44.593	1032.097	8.73406	3.51	3.6	18.793	7.2656E-8	1	0	3.59081
2204	-42.5	14.5	44.905	1031.563	8.67471	3.51	3.6	19.105	7.1688E-8	1	0	3.56293
2205	-42.5	15.5	45.238	1031.027	8.61545	3.51	3.6	19.438	7.0728E-8	1	0	3.53327
2206	-42.5	16.5	45.591	1030.495	8.55693	3.51	3.6	19.791	6.9786E-8	1	0	3.50187
2207	-42.5	17.5	45.962	1029.972	8.49977	3.51	3.6	20.162	6.8872E-8	1	0	3.46873
2208	-42.5	18.5	46.352	1029.465	8.44457	3.51	3.6	20.552	6.7995E-8	1	0	3.4339
2209	-42.5	19.5	46.76	1028.979	8.3919	3.51	3.6	20.96	6.7163E-8	1	0	3.39741
2210	-42.5	20.5	47.186	1028.518	8.34228	3.51	3.6	21.386	6.6384E-8	1	0	3.35929
2211	-42.5	21.5	47.629	1028.089	8.2962	3.51	3.6	21.829	6.5665E-8	1	0	3.31959
2212	-42.5	22.5	48.088	1027.695	8.25411	3.51	3.6	22.288	6.5011E-8	1	0	3.27835
2213	-42.5	23.5	48.564	1027.341	8.21639	3.51	3.6	22.764	6.4428E-8	1	0	3.23564
2214	-42.5	24.5	49.056	1027.03	8.18341	3.51	3.6	23.256	6.392E-8	1	0	3.19152
2215	-42.5	25.5	49.563	1026.766	8.15546	3.51	3.6	23.763	6.3491E-8	1	0	3.14608
2216	-42.5	26.5	50.085	1026.552	8.1328	3.51	3.6	24.285	6.3145E-8	1	0	3.09939
2217	-42.5	27.5	50.621	1026.389	8.11563	3.51	3.6	24.821	6.2883E-8	1	0	3.05157
2218	-42.5	28.5	51.171	1026.279	8.10409	3.51	3.6	25.371	6.2707E-8	1	0	3.00273
2219	-42.5	29.5	51.735	1026.224	8.09844	3.51	3.6	25.935	6.2621E-8	1	0	2.95294
2220	-41.5	-29.5	50.917	1029.488	8.04031	3.51	3.6	25.117	6.164E-8	1	0	3.05476
2221	-41.5	-28.5	50.344	1029.546	8.04652	3.51	3.6	24.544	6.1734E-8	1	0	3.10946
2222	-41.5	-27.5	49.785	1029.662	8.05923	3.51	3.6	23.985	6.1926E-8	1	0	3.16313
2223	-41.5	-26.5	49.239	1029.834	8.07817	3.51	3.6	23.439	6.2213E-8	1	0	3.21571
2224	-41.5	-25.5	48.708	1030.061	8.10316	3.51	3.6	22.908	6.2592E-8	1	0	3.26707
2225	-41.5	-24.5	48.192	1030.341	8.13399	3.51	3.6	22.392	6.3062E-8	1	0	3.31711
2226	-41.5	-23.5	47.692	1030.669	8.1704	3.51	3.6	21.892	6.3619E-8	1	0	3.36572
2227	-41.5	-22.5	47.207	1031.044	8.21204	3.51	3.6	21.407	6.4259E-8	1	0	3.41281
2228	-41.5	-21.5	46.739	1031.461	8.25855	3.51	3.6	20.939	6.4977E-8	1	0	3.45833
2229	-41.5	-20.5	46.287	1031.915	8.30949	3.51	3.6	20.487	6.5769E-8	1	0	3.5022
2230	-41.5	-19.5	45.853	1032.402	8.36438	3.51	3.6	20.053	6.6627E-8	1	0	3.54437
2231	-41.5	-18.5	45.437	1032.917	8.42269	3.51	3.6	19.637	6.7544E-8	1	0	3.58479
2232	-41.5	-17.5	45.039	1033.453	8.48384	3.51	3.6	19.239	6.8513E-8	1	0	3.62343
2233	-41.5	-16.5	44.66	1034.006	8.54721	3.51	3.6	18.86	6.9524E-8	1	0	3.66026
2234	-41.5	-15.5	44.3	1034.569	8.61214	3.51	3.6	18.5	7.0567E-8	1	0	3.69523
2235	-41.5	-14.5	43.96	1035.136	8.67793	3.51	3.6	18.16	7.1633E-8	1	0	3.72831
2236	-41.5	-13.5	43.641	1035.7	8.74388	3.51	3.6	17.841	7.2708E-8	1	0	3.75948
2237	-41.5	-12.5	43.342	1036.257	8.80925	3.51	3.6	17.542	7.3782E-8	1	0	3.78869
2238	-41.5	-11.5	43.064	1036.798	8.87328	3.51	3.6	17.264	7.4841E-8	1	0	3.81592
2239	-41.5	-10.5	42.808	1037.319	8.93523	3.51	3.6	17.008	7.5873E-8	1	0	3.84111
2240	-41.5	-9.5	42.573	1037.813	8.99437	3.51	3.6	16.773	7.6864E-8	1	0	3.86424
2241	-41.5	-8.5	42.362	1038.275	9.04997	3.51	3.6	16.562	7.7802E-8	1	0	3.88524
2242	-41.5	-7.5	42.172	1038.699	9.10135	3.51	3.6	16.372	7.8674E-8	1	0	3.90407
2243	-41.5	-6.5	42.006	1039.082	9.14787	3.51	3.6	16.206	7.9468E-8	1	0	3.92069
2244	-41.5	-5.5	41.863	1039.418	9.18893	3.51	3.6	16.063	8.0171E-8	1	0	3.93504
2245	-41.5	-4.5	41.743	1039.705	9.224	3.51	3.6	15.943	8.0774E-8	1	0	3.94709
2246	-41.5	-3.5	41.647	1039.938	9.25263	3.51	3.6	15.847	8.1268E-8	1	0	3.95678
2247	-41.5	-2.5	41.575	1040.115	9.27443	3.51	3.6	15.775	8.1646E-8	1	0	3.96408
2248	-41.5	-1.5	41.527	1040.234	9.28914	3.51	3.6	15.727	8.1901E-8	1	0	3.96896
2249	-41.5	-0.5	41.503	1040.294	9.29654	3.51	3.6	15.703	8.2029E-8	1	0	3.97141
2250	-41.5	0.5	41.503	1040.294	9.29654	3.51	3.6	15.703	8.2029E-8	1	0	3.97141
2251	-41.5	1.5	41.527	1040.234	9.28914	3.51	3.6	15.727	8.1901E-8	1	0	3.96896
2252	-41.5	2.5	41.575	1040.115	9.27443	3.51	3.6	15.775	8.1646E-8	1	0	3.96408
2253	-41.5	3.5	41.647	1039.938	9.25263	3.51	3.6	15.847	8.1268E-8	1	0	3.95678
2254	-41.5	4.5	41.743	1039.705	9.224	3.51	3.6	15.943	8.0774E-8	1	0	3.94709
2255	-41.5	5.5	41.863	1039.418	9.18893	3.51	3.6	16.063	8.0171E-8	1	0	3.93504
2256	-41.5	6.5	42.006	1039.082	9.14787	3.51	3.6	16.206	7.9468E-8	1	0	3.92069
2257	-41.5	7.5	42.172	1038.699	9.10135	3.51	3.6	16.372	7.8674E-8	1	0	3.90407
2258	-41.5	8.5	42.362	1038.275	9.04997	3.51	3.6	16.562	7.7802E-8	1	0	3.88524
2259	-41.5	9.5	42.573	1037.813	8.99437	3.51	3.6	16.773	7.6864E-8	1	0	3.86424
2260	-41.5	10.5	42.808	1037.319	8.93523	3.51	3.6	17.008	7.5873E-8	1	0	3.84111
2261	-41.5	11.5	43.064	1036.798	8.87328	3.51	3.6	17.264	7.4841E-8	1	0	3.81592
2262	-41.5	12.5	43.342	1036.257	8.80925	3.51	3.6	17.542	7.3782E-8	1	0	3.78869
2263	-41.5	13.5	43.641	1035.7	8.74388	3.51	3.6	17.841	7.2708E-8	1	0	3.75948
2264	-41.5	14.5	43.96	1035.136	8.67793	3.51	3.6	18.16	7.1633E-8	1	0	3.72831
2265	-41.5	15.5	44.3	1034.569	8.61214	3.51	3.6	18.5	7.0567E-8	1	0	3.69523
2266	-41.5	16.5	44.66	1034.006	8.54721	3.51	3.6	18.86	6.9524E-8	1	0	3.66026
2267	-41.5	17.5	45.039	1033.453	8.48384	3.51	3.6	19.239	6.8513E-8	1	0	3.62343
2268	-41.5	18.5	45.437	1032.917	8.42269	3.51	3.6	19.637	6.7544E-8	1	0	3.58479
2269	-41.5	19.5	45.853	1032.402	8.36438	3.51	3.6	20.053	6.6627E-8	1	0	3.54437
2270	-41.5	20.5	46.287	1031.915	8.30949	3.51	3.6	20.487	6.5769E-8	1	0	3.5022
2271	-41.5	21.5	46.739	1031.461	8.25855	3.51	3.6	20.939	6.4977E-8	1	0	3.45833
2272	-41.5	22.5	47.207	1031.044	8.21204	3.51	3.6	21.407	6.4259E-8	1	0	3.41281
2273	-41.5	23.5	47.692	1030.669	8.1704	3.51	3.6	21.892	6.3619E-8	1	0	3.36572
2274	-41.5	24.5	48.192	1030.341	8.13399	3.51	3.6	22.392	6.3062E-8	1	0	3.31711
2275	-41.5	25.5	48.708	1030.061	8.10316	3.51	3.6	22.908	6.2592E-8	1	0	3.26707
2276	-41.5	26.5	49.239	1029.834	8.07817	3.51	3.6	23.439	6.2213E-8	1	0	3.21571
2277	-41.5	27.5	49.785	1029.662	8.05923	3.51	3.6	23.985	6.1926E-8	1	0	3.16313
2278	-41.5	28.5	50.344	1029.546	8.04652	3.51	3.6	24.544	6.1734E-8	1	0	3.10946
2279	-41.5	29.5	50.917	1029.488	8.04031	3.51	3.6	25.117	6.164E-8	1	0	3.05476
2280	-40.5	-29.5	50.105	1032.546	7.97626	3.51	3.6	24.305	6.0583E-8	1	0	3.16531
2281	-40.5	-28.5	49.523	1032.607	7.98307	3.51	3.6	23.723	6.0685E-8	1	0	3.22554
2282	-40.5	-27.5	48.954	1032.73	7.99708	3.51	3.6	23.154	6.0895E-8	1	0	3.28467
2283	-40.5	-26.5	48.399	1032.912	8.01794	3.51	3.6	22.599	6.1209E-8	1	0	3.34263
2284	-40.5	-25.5	47.859	1033.152	8.04548	3.51	3.6	22.059	6.1624E-8	1	0	3.3993
2285	-40.5	-24.5	47.334	1033.446	8.07947	3.51	3.6	21.534	6.2138E-8	1	0	3.45454
2286	-40.5	-23.5	46.824	1033.794	8.11963	3.51	3.6	21.024	6.2748E-8	1	0	3.50826
2287	-40.5	-22.5	46.33	1034.189	8.16558	3.51	3.6	20.53	6.3449E-8	1	0	3.56037
2288	-40.5	-21.5	45.853	1034.629	8.21694	3.51	3.6	20.053	6.4238E-8	1	0	3.61079
2289	-40.5	-20.5	45.393	1035.109	8.27323	3.51	3.6	19.593	6.5108E-8	1	0	3.65945
2290	-40.5	-19.5	44.95	1035.623	8.33393	3.51	3.6	19.15	6.6052E-8	1	0	3.7063
2291	-40.5	-18.5	44.525	1036.166	8.39846	3.51	3.6	18.725	6.7064E-8	1	0	3.75129
2292	-40.5	-17.5	44.119	1036.733	8.46618	3.51	3.6	18.319	6.8133E-8	1	0	3.79437
2293	-40.5	-16.5	43.732	1037.316	8.53642	3.51	3.6	17.932	6.9251E-8	1	0	3.83552
2294	-40.5	-15.5	43.365	1037.91	8.60845	3.51	3.6	17.565	7.0407E-8	1	0	3.87469
2295	-40.5	-14.5	43.017	1038.508	8.68151	3.51	3.6	17.217	7.1589E-8	1	0	3.91184
2296	-40.5	-13.5	42.691	1039.103	8.7548	3.51	3.6	16.891	7.2784E-8	1	0	3.94693
2297	-40.5	-12.5	42.385	1039.69	8.8275	3.51	3.6	16.585	7.398E-8	1	0	3.97991
2298	-40.5	-11.5	42.101	1040.26	8.89877	3.51	3.6	16.301	7.5161E-8	1	0	4.01074
2299	-40.5	-10.5	41.839	1040.809	8.96779	3.51	3.6	16.039	7.6314E-8	1	0	4.03935
2300	-40.5	-9.5	41.599	1041.33	9.03372	3.51	3.6	15.799	7.7423E-8	1	0	4.06569
2301	-40.5	-8.5	41.382	1041.816	9.09575	3.51	3.6	15.582	7.8473E-8	1	0	4.08968
2302	-40.5	-7.5	41.189	1042.263	9.15311	3.51	3.6	15.389	7.9451E-8	1	0	4.11125
2303	-40.5	-6.5	41.018	1042.666	9.20507	3.51	3.6	15.218	8.0342E-8	1	0	4.13034
2304	-40.5	-5.5	40.872	1043.02	9.25095	3.51	3.6	15.072	8.1133E-8	1	0	4.14686
2305	-40.5	-4.5	40.749	1043.321	9.29016	3.51	3.6	14.949	8.1811E-8	1	0	4.16075
2306	-40.5	-3.5	40.651	1043.566	9.32218	3.51	3.6	14.851	8.2368E-8	1	0	4.17195
2307	-40.5	-2.5	40.577	1043.753	9.34657	3.51	3.6	14.777	8.2793E-8	1	0	4.1804
2308	-40.5	-1.5	40.528	1043.878	9.36303	3.51	3.6	14.728	8.308E-8	1	0	4.18606
2309	-40.5	-0.5	40.503	1043.941	9.37131	3.51	3.6	14.703	8.3225E-8	1	0	4.18889
2310	-40.5	0.5	40.503	1043.941	9.37131	3.51	3.6	14.703	8.3225E-8	1	0	4.18889
2311	-40.5	1.5	40.528	1043.878	9.36303	3.51	3.6	14.728	8.308E-8	1	0	4.18606
2312	-40.5	2.5	40.577	1043.753	9.34657	3.51	3.6	14.777	8.2793E-8	1	0	4.1804
2313	-40.5	3.5	40.651	1043.566	9.32218	3.51	3.6	14.851	8.2368E-8	1	0	4.17195
2314	-40.5	4.5	40.749	1043.321	9.29016	3.51	3.6	14.949	8.1811E-8	1	0	4.16075
2315	-40.5	5.5	40.872	1043.02	9.25095	3.51	3.6	15.072	8.1133E-8	1	0	4.14686
2316	-40.5	6.5	41.018	1042.666	9.20507	3.51	3.6	15.218	8.0342E-8	1	0	4.13034
2317	-40.5	7.5	41.189	1042.263	9.15311	3.51	3.6	15.389	7.9451E-8	1	0	4.11125
2318	-40.5	8.5	41.382	1041.816	9.09575	3.51	3.6	15.582	7.8473E-8	1	0	4.08968
2319	-40.5	9.5	41.599	1041.33	9.03372	3.51	3.6	15.799	7.7423E-8	1	0	4.06569
2320	-40.5	10.5	41.839	1040.809	8.96779	3.51	3.6	16.039	7.6314E-8	1	0	4.03935
2321	-40.5	11.5	42.101	1040.26	8.89877	3.51	3.6	16.301	7.5161E-8	1	0	4.01074
2322	-40.5	12.5	42.385	1039.69	8.8275	3.51	3.6	16.585	7.398E-8	1	0	3.97991
2323	-40.5	13.5	42.691	1039.103	8.7548	3.51	3.6	16.891	7.2784E-8	1	0	3.94693
2324	-40.5	14.5	43.017	1038.508	8.68151	3.51	3.6	17.217	7.1589E-8	1	0	3.91184
2325	-40.5	15.5	43.365	1037.91	8.60845	3.51	3.6	17.565	7.0407E-8	1	0	3.87469
2326	-40.5	16.5	43.732	1037.316	8.53642	3.51	3.6	17.932	6.9251E-8	1	0	3.83552
2327	-40.5	17.5	44.119	1036.733	8.46618	3.51	3.6	18.319	6.8133E-8	1	0	3.79437
2328	-40.5	18.5	44.525	1036.166	8.39846	3.51	3.6	18.725	6.7064E-8	1	0	3.75129
2329	-40.5	19.5	44.95	1035.623	8.33393	3.51	3.6	19.15	6.6052E-8	1	0	3.7063
2330	-40.5	20.5	45.393	1035.109	8.27323	3.51	3.6	19.593	6.5108E-8	1	0	3.65945
2331	-40.5	21.5	45.853	1034.629	8.21694	3.51	3.6	20.053	6.4238E-8	1	0	3.61079
2332	-40.5	22.5	46.33	1034.189	8.16558	3.51	3.6	20.53	6.3449E-8	1	0	3.56037
2333	-40.5	23.5	46.824	1033.794	8.11963	3.51	3.6	21.024	6.2748E-8	1	0	3.50826
2334	-40.5	24.5	47.334	1033.446	8.07947	3.51	3.6	21.534	6.2138E-8	1	0	3.45454
2335	-40.5	25.5	47.859	1033.152	8.04548	3.51	3.6	22.059	6.1624E-8	1	0	3.3993
2336	-40.5	26.5	48.399	1032.912	8.01794	3.51	3.6	22.599	6.1209E-8	1	0	3.34263
2337	-40.5	27.5	48.954	1032.73	7.99708	3.51	3.6	23.154	6.0895E-8	1	0	3.28467
2338	-40.5	28.5	49.523	1032.607	7.98307	3.51	3.6	23.723	6.0685E-8	1	0	3.22554
2339	-40.5	29.5	50.105	1032.546	7.97626	3.51	3.6	24.305	6.0583E-8	1	0	3.16531
2340	-39.5	-29.5	49.3	1035.401	7.90575	3.51	3.6	23.5	5.9445E-8	1	0	3.28571
2341	-39.5	-28.5	48.708	1035.466	7.91322	3.51	3.6	22.908	5.9556E-8	1	0	3.35219
2342	-39.5	-27.5	48.13	1035.595	7.92863	3.51	3.6	22.33	5.9785E-8	1	0	3.4175
2343	-39.5	-26.5	47.566	1035.787	7.9516	3.51	3.6	21.766	6.0127E-8	1	0	3.48157
2344	-39.5	-25.5	47.016	1036.04	7.98193	3.51	3.6	21.216	6.058E-8	1	0	3.54427
2345	-39.5	-24.5	46.481	1036.351	8.01937	3.51	3.6	20.681	6.1141E-8	1	0	3.60546
2346	-39.5	-23.5	45.962	1036.716	8.06363	3.51	3.6	20.162	6.1808E-8	1	0	3.66504
2347	-39.5	-22.5	45.459	1037.133	8.11431	3.51	3.6	19.659	6.2577E-8	1	0	3.7229
2348	-39.5	-21.5	44.972	1037.597	8.17099	3.51	3.6	19.172	6.3441E-8	1	0	3.77897
2349	-39.5	-20.5	44.503	1038.102	8.23316	3.51	3.6	18.703	6.4397E-8	1	0	3.83317
2350	-39.5	-19.5	44.051	1038.643	8.30025	3.51	3.6	18.251	6.5435E-8	1	0	3.88547
2351	-39.5	-18.5	43.618	1039.215	8.37163	3.51	3.6	17.818	6.655E-8	1	0	3.93579
2352	-39.5	-17.5	43.203	1039.811	8.44661	3.51	3.6	17.403	6.773E-8	1	0	3.98411
2353	-39.5	-16.5	42.808	1040.425	8.52446	3.51	3.6	17.008	6.8966E-8	1	0	4.03037
2354	-39.5	-15.5	42.432	1041.05	8.60436	3.51	3.6	16.632	7.0246E-8	1	0	4.07454
2355	-39.5	-14.5	42.077	1041.679	8.68548	3.51	3.6	16.277	7.1558E-8	1	0	4.11657
2356	-39.5	-13.5	41.743	1042.306	8.76693	3.51	3.6	15.943	7.2887E-8	1	0	4.1564
2357	-39.5	-12.5	41.431	1042.922	8.8478	3.51	3.6	15.631	7.4218E-8	1	0	4.19397
2358	-39.5	-11.5	41.14	1043.522	8.92717	3.51	3.6	15.34	7.5536E-8	1	0	4.22921
2359	-39.5	-10.5	40.872	1044.098	9.00408	3.51	3.6	15.072	7.6825E-8	1	0	4.26203
2360	-39.5	-9.5	40.626	1044.645	9.07761	3.51	3.6	14.826	7.8067E-8	1	0	4.29236
2361	-39.5	-8.5	40.404	1045.155	9.14685	3.51	3.6	14.604	7.9245E-8	1	0	4.32008
2362	-39.5	-7.5	40.206	1045.624	9.21092	3.51	3.6	14.406	8.0343E-8	1	0	4.34509
2363	-39.5	-6.5	40.031	1046.047	9.26899	3.51	3.6	14.231	8.1344E-8	1	0	4.36728
2364	-39.5	-5.5	39.881	1046.418	9.3203	3.51	3.6	14.081	8.2234E-8	1	0	4.38655
2365	-39.5	-4.5	39.756	1046.733	9.36417	3.51	3.6	13.956	8.2999E-8	1	0	4.4028
2366	-39.5	-3.5	39.655	1046.99	9.40001	3.51	3.6	13.855	8.3627E-8	1	0	4.41592
2367	-39.5	-2.5	39.579	1047.185	9.42732	3.51	3.6	13.779	8.4106E-8	1	0	4.42584
2368	-39.5	-1.5	39.528	1047.316	9.44575	3.51	3.6	13.728	8.4431E-8	1	0	4.43249
2369	-39.5	-0.5	39.503	1047.382	9.45502	3.51	3.6	13.703	8.4594E-8	1	0	4.43583
2370	-39.5	0.5	39.503	1047.382	9.45502	3.51	3.6	13.703	8.4594E-8	1	0	4.43583
2371	-39.5	1.5	39.528	1047.316	9.44575	3.51	3.6	13.728	8.4431E-8	1	0	4.43249
2372	-39.5	2.5	39.579	1047.185	9.42732	3.51	3.6	13.779	8.4106E-8	1	0	4.42584
2373	-39.5	3.5	39.655	1046.99	9.40001	3.51	3.6	13.855	8.3627E-8	1	0	4.41592
2374	-39.5	4.5	39.756	1046.733	9.36417	3.51	3.6	13.956	8.2999E-8	1	0	4.4028
2375	-39.5	5.5	39.881	1046.418	9.3203	3.51	3.6	14.081	8.2234E-8	1	0	4.38655
2376	-39.5	6.5	40.031	1046.047	9.26899	3.51	3.6	14.231	8.1344E-8	1	0	4.36728
2377	-39.5	7.5	40.206	1045.624	9.21092	3.51	3.6	14.406	8.0343E-8	1	0	4.34509
2378	-39.5	8.5	40.404	1045.155	9.14685	3.51	3.6	14.604	7.9245E-8	1	0	4.32008
2379	-39.5	9.5	40.626	1044.645	9.07761	3.51	3.6	14.826	7.8067E-8	1	0	4.29236
2380	-39.5	10.5	40.872	1044.098	9.00408	3.51	3.6	15.072	7.6825E-8	1	0	4.26203
2381	-39.5	11.5	41.14	1043.522	8.92717	3.51	3.6	15.34	7.5536E-8	1	0	4.22921
2382	-39.5	12.5	41.431	1042.922	8.8478	3.51	3.6	15.631	7.4218E-8	1	0	4.19397
2383	-39.5	13.5	41.743	1042.306	8.76693	3.51	3.6	15.943	7.2887E-8	1	0	4.1564
2384	-39.5	14.5	42.077	1041.679	8.68548	3.51	3.6	16.277	7.1558E-8	1	0	4.11657
2385	-39.5	15.5	42.432	1041.05	8.60436	3.51	3.6	16.632	7.0246E-8	1	0	4.07454
2386	-39.5	16.5	42.808	1040.425	8.52446	3.51	3.6	17.008	6.8966E-8	1	0	4.03037
2387	-39.5	17.5	43.203	1039.811	8.44661	3.51	3.6	17.403	6.773E-8	1	0	3.98411
2388	-39.5	18.5	43.618	1039.215	8.37163	3.51	3.6	17.818	6.655E-8	1	0	3.93579
2389	-39.5	19.5	44.051	1038.643	8.30025	3.51	3.6	18.251	6.5435E-8	1	0	3.88547
2390	-39.5	20.5	44.503	1038.102	8.23316	3.51	3.6	18.703	6.4397E-8	1	0	3.83317
2391	-39.5	21.5	44.972	1037.597	8.17099	3.51	3.6	19.172	6.3441E-8	1	0	3.77897
2392	-39.5	22.5	45.459	1037.133	8.11431	3.51	3.6	19.659	6.2577E-8	1	0	3.7229
2393	-39.5	23.5	45.962	1036.716	8.06363	3.51	3.6	20.162	6.1808E-8	1	0	3.66504
2394	-39.5	24.5	46.481	1036.351	8.01937	3.51	3.6	20.681	6.1141E-8	1	0	3.60546
2395	-39.5	25.5	47.016	1036.04	7.98193	3.51	3.6	21.216	6.058E-8	1	0	3.54427
2396	-39.5	26.5	47.566	1035.787	7.9516	3.51	3.6	21.766	6.0127E-8	1	0	3.48157
2397	-39.5	27.5	48.13	1035.595	7.92863	3.51	3.6	22.33	5.9785E-8	1	0	3.4175
2398	-39.5	28.5	48.708	1035.466	7.91322	3.51	3.6	22.908	5.9556E-8	1	0	3.35219
2399	-39.5	29.5	49.3	1035.401	7.90575	3.51	3.6	23.5	5.9445E-8	1	0	3.28571
2400	-38.5	-29.5	48.503	1038.058	7.8282	3.51	3.6	22.703	5.8219E-8	1	0	3.41723
2401	-38.5	-28.5	47.901	1038.126	7.83639	3.51	3.6	22.101	5.8339E-8	1	0	3.49081
2402	-38.5	-27.5	47.313	1038.262	7.85333	3.51	3.6	21.513	5.8588E-8	1	0	3.56315
2403	-38.5	-26.5	46.739	1038.463	7.87858	3.51	3.6	20.939	5.896E-8	1	0	3.63419
2404	-38.5	-25.5	46.179	1038.729	7.91195	3.51	3.6	20.379	5.9454E-8	1	0	3.70379
2405	-38.5	-24.5	45.634	1039.056	7.95317	3.51	3.6	19.834	6.0067E-8	1	0	3.7718
2406	-38.5	-23.5	45.105	1039.44	8.0019	3.51	3.6	19.305	6.0795E-8	1	0	3.8381
2407	-38.5	-22.5	44.593	1039.878	8.05776	3.51	3.6	18.793	6.1636E-8	1	0	3.90261
2408	-38.5	-21.5	44.096	1040.366	8.12027	3.51	3.6	18.296	6.2583E-8	1	0	3.96523
2409	-38.5	-20.5	43.618	1040.896	8.18888	3.51	3.6	17.818	6.363E-8	1	0	4.02591
2410	-38.5	-19.5	43.157	1041.465	8.263	3.51	3.6	17.357	6.4772E-8	1	0	4.08458
2411	-38.5	-18.5	42.714	1042.066	8.34193	3.51	3.6	16.914	6.5998E-8	1	0	4.14121
2412	-38.5	-17.5	42.291	1042.692	8.42493	3.51	3.6	16.491	6.73E-8	1	0	4.19574
2413	-38.5	-16.5	41.887	1043.336	8.51118	3.51	3.6	16.087	6.8666E-8	1	0	4.24813
2414	-38.5	-15.5	41.503	1043.992	8.59981	3.51	3.6	15.703	7.0084E-8	1	0	4.29833
2415	-38.5	-14.5	41.14	1044.652	8.68988	3.51	3.6	15.34	7.154E-8	1	0	4.34628
2416	-38.5	-13.5	40.798	1045.308	8.78042	3.51	3.6	14.998	7.3018E-8	1	0	4.39191
2417	-38.5	-12.5	40.478	1045.954	8.8704	3.51	3.6	14.678	7.4502E-8	1	0	4.43514
2418	-38.5	-11.5	40.181	1046.582	8.95879	3.51	3.6	14.381	7.5974E-8	1	0	4.47586
2419	-38.5	-10.5	39.906	1047.185	9.04454	3.51	3.6	14.106	7.7415E-8	1	0	4.51396
2420	-38.5	-9.5	39.655	1047.756	9.1266	3.51	3.6	13.855	7.8807E-8	1	0	4.54931
2421	-38.5	-8.5	39.427	1048.29	9.20393	3.51	3.6	13.627	8.013E-8	1	0	4.58177
2422	-38.5	-7.5	39.224	1048.78	9.27554	3.51	3.6	13.424	8.1364E-8	1	0	4.61117
2423	-38.5	-6.5	39.045	1049.221	9.34049	3.51	3.6	13.245	8.2492E-8	1	0	4.63737
2424	-38.5	-5.5	38.891	1049.608	9.39791	3.51	3.6	13.091	8.3496E-8	1	0	4.66019
2425	-38.5	-4.5	38.762	1049.937	9.44704	3.51	3.6	12.962	8.4359E-8	1	0	4.67949
2426	-38.5	-3.5	38.659	1050.205	9.48718	3.51	3.6	12.859	8.5068E-8	1	0	4.69512
2427	-38.5	-2.5	38.581	1050.408	9.51779	3.51	3.6	12.781	8.561E-8	1	0	4.70696
2428	-38.5	-1.5	38.529	1050.544	9.53844	3.51	3.6	12.729	8.5977E-8	1	0	4.71492
2429	-38.5	-0.5	38.503	1050.613	9.54884	3.51	3.6	12.703	8.6162E-8	1	0	4.71891
2430	-38.5	0.5	38.503	1050.613	9.54884	3.51	3.6	12.703	8.6162E-8	1	0	4.71891
2431	-38.5	1.5	38.529	1050.544	9.53844	3.51	3.6	12.729	8.5977E-8	1	0	4.71492
2432	-38.5	2.5	38.581	1050.408	9.51779	3.51	3.6	12.781	8.561E-8	1	0	4.70696
2433	-38.5	3.5	38.659	1050.205	9.48718	3.51	3.6	12.859	8.5068E-8	1	0	4.69512
2434	-38.5	4.5	38.762	1049.937	9.44704	3.51	3.6	12.962	8.4359E-8	1	0	4.67949
2435	-38.5	5.5	38.891	1049.608	9.39791	3.51	3.6	13.091	8.3496E-8	1	0	4.66019
2436	-38.5	6.5	39.045	1049.221	9.34049	3.51	3.6	13.245	8.2492E-8	1	0	4.63737
2437	-38.5	7.5	39.224	1048.78	9.27554	3.51	3.6	13.424	8.1364E-8	1	0	4.61117
2438	-38.5	8.5	39.427	1048.29	9.20393	3.51	3.6	13.627	8.013E-8	1	0	4.58177
2439	-38.5	9.5	39.655	1047.756	9.1266	3.51	3.6	13.855	7.8807E-8	1	0	4.54931
2440	-38.5	10.5	39.906	1047.185	9.04454	3.51	3.6	14.106	7.7415E-8	1	0	4.51396
2441	-38.5	11.5	40.181	1046.582	8.95879	3.51	3.6	14.381	7.5974E-8	1	0	4.47586
2442	-38.5	12.5	40.478	1045.954	8.8704	3.51	3.6	14.678	7.4502E-8	1	0	4.43514
2443	-38.5	13.5	40.798	1045.308	8.78042	3.51	3.6	14.998	7.3018E-8	1	0	4.39191
2444	-38.5	14.5	41.14	1044.652	8.68988	3.51	3.6	15.34	7.154E-8	1	0	4.34628
2445	-38.5	15.5	41.503	1043.992	8.59981	3.51	3.6	15.703	7.0084E-8	1	0	4.29833
2446	-38.5	16.5	41.887	1043.336	8.51118	3.51	3.6	16.087	6.8666E-8	1	0	4.24813
2447	-38.5	17.5	42.291	1042.692	8.42493	3.51	3.6	16.491	6.73E-8	1	0	4.19574
2448	-38.5	18.5	42.714	1042.066	8.34193	3.51	3.6	16.914	6.5998E-8	1	0	4.14121
2449	-38.5	19.5	43.157	1041.465	8.263	3.51	3.6	17.357	6.4772E-8	1	0	4.08458
2450	-38.5	20.5	43.618	1040.896	8.18888	3.51	3.6	17.818	6.363E-8	1	0	4.02591
2451	-38.5	21.5	44.096	1040.366	8.12027	3.51	3.6	18.296	6.2583E-8	1	0	3.96523
2452	-38.5	22.5	44.593	1039.878	8.05776	3.51	3.6	18.793	6.1636E-8	1	0	3.90261
2453	-38.5	23.5	45.105	1039.44	8.0019	3.51	3.6	19.305	6.0795E-8	1	0	3.8381
2454	-38.5	24.5	45.634	1039.056	7.95317	3.51	3.6	19.834	6.0067E-8	1	0	3.7718
2455	-38.5	25.5	46.179	1038.729	7.91195	3.51	3.6	20.379	5.9454E-8	1	0	3.70379
2456	-38.5	26.5	46.739	1038.463	7.87858	3.51	3.6	20.939	5.896E-8	1	0	3.63419
2457	-38.5	27.5	47.313	1038.262	7.85333	3.51	3.6	21.513	5.8588E-8	1	0	3.56315
2458	-38.5	28.5	47.901	1038.126	7.83639	3.51	3.6	22.101	5.8339E-8	1	0	3.49081
2459	-38.5	29.5	48.503	1038.058	7.8282	3.51	3.6	22.703	5.8219E-8	1	0	3.41723
2460	-37.5	-29.5	47.713	1040.519	7.74301	3.51	3.6	21.913	5.6899E-8	1	0	3.56137
2461	-37.5	-28.5	47.101	1040.591	7.75196	3.51	3.6	21.301	5.7029E-8	1	0	3.64305
2462	-37.5	-27.5	46.503	1040.733	7.77057	3.51	3.6	20.703	5.7299E-8	1	0	3.72341
2463	-37.5	-26.5	45.918	1040.945	7.79831	3.51	3.6	20.118	5.7704E-8	1	0	3.80243
2464	-37.5	-25.5	45.349	1041.223	7.83498	3.51	3.6	19.549	5.8241E-8	1	0	3.87995
2465	-37.5	-24.5	44.794	1041.566	7.8803	3.51	3.6	18.994	5.8908E-8	1	0	3.95581
2466	-37.5	-23.5	44.255	1041.969	7.93392	3.51	3.6	18.455	5.9702E-8	1	0	4.02991
2467	-37.5	-22.5	43.732	1042.429	7.99543	3.51	3.6	17.932	6.062E-8	1	0	4.10214
2468	-37.5	-21.5	43.226	1042.939	8.06431	3.51	3.6	17.426	6.1655E-8	1	0	4.17242
2469	-37.5	-20.5	42.738	1043.496	8.14	3.51	3.6	16.938	6.2803E-8	1	0	4.24071
2470	-37.5	-19.5	42.267	1044.092	8.22183	3.51	3.6	16.467	6.4056E-8	1	0	4.30694
2471	-37.5	-18.5	41.815	1044.721	8.30908	3.51	3.6	16.015	6.5405E-8	1	0	4.37107
2472	-37.5	-17.5	41.382	1045.376	8.40092	3.51	3.6	15.582	6.6841E-8	1	0	4.43306
2473	-37.5	-16.5	40.97	1046.05	8.49646	3.51	3.6	15.17	6.835E-8	1	0	4.49286
2474	-37.5	-15.5	40.577	1046.736	8.59476	3.51	3.6	14.777	6.992E-8	1	0	4.55043
2475	-37.5	-14.5	40.206	1047.425	8.69477	3.51	3.6	14.406	7.1536E-8	1	0	4.60567
2476	-37.5	-13.5	39.856	1048.111	8.79541	3.51	3.6	14.056	7.318E-8	1	0	4.65851
2477	-37.5	-12.5	39.528	1048.784	8.89556	3.51	3.6	13.728	7.4834E-8	1	0	4.70882
2478	-37.5	-11.5	39.224	1049.439	8.99404	3.51	3.6	13.424	7.6479E-8	1	0	4.75648
2479	-37.5	-10.5	38.942	1050.067	9.08968	3.51	3.6	13.142	7.8093E-8	1	0	4.80131
2480	-37.5	-9.5	38.685	1050.662	9.1813	3.51	3.6	12.885	7.9655E-8	1	0	4.84312
2481	-37.5	-8.5	38.451	1051.218	9.26772	3.51	3.6	12.651	8.1143E-8	1	0	4.8817
2482	-37.5	-7.5	38.243	1051.727	9.34781	3.51	3.6	12.443	8.2533E-8	1	0	4.91684
2483	-37.5	-6.5	38.059	1052.185	9.42052	3.51	3.6	12.259	8.3806E-8	1	0	4.94828
2484	-37.5	-5.5	37.901	1052.586	9.48484	3.51	3.6	12.101	8.494E-8	1	0	4.97579
2485	-37.5	-4.5	37.769	1052.927	9.5399	3.51	3.6	11.969	8.5916E-8	1	0	4.99913
2486	-37.5	-3.5	37.663	1053.204	9.58491	3.51	3.6	11.863	8.6718E-8	1	0	5.0181
2487	-37.5	-2.5	37.583	1053.415	9.61924	3.51	3.6	11.783	8.7333E-8	1	0	5.03251
2488	-37.5	-1.5	37.53	1053.556	9.64241	3.51	3.6	11.73	8.7749E-8	1	0	5.0422
2489	-37.5	-0.5	37.503	1053.627	9.65407	3.51	3.6	11.703	8.7959E-8	1	0	5.04707
2490	-37.5	0.5	37.503	1053.627	9.65407	3.51	3.6	11.703	8.7959E-8	1	0	5.04707
2491	-37.5	1.5	37.53	1053.556	9.64241	3.51	3.6	11.73	8.7749E-8	1	0	5.0422
2492	-37.5	2.5	37.583	1053.415	9.61924	3.51	3.6	11.783	8.7333E-8	1	0	5.03251
2493	-37.5	3.5	37.663	1053.204	9.58491	3.51	3.6	11.863	8.6718E-8	1	0	5.0181
2494	-37.5	4.5	37.769	1052.927	9.5399	3.51	3.6	11.969	8.5916E-8	1	0	4.99913
2495	-37.5	5.5	37.901	1052.586	9.48484	3.51	3.6	12.101	8.494E-8	1	0	4.97579
2496	-37.5	6.5	38.059	1052.185	9.42052	3.51	3.6	12.259	8.3806E-8	1	0	4.94828
2497	-37.5	7.5	38.243	1051.727	9.34781	3.51	3.6	12.443	8.2533E-8	1	0	4.91684
2498	-37.5	8.5	38.451	1051.218	9.26772	3.51	3.6	12.651	8.1143E-8	1	0	4.8817
2499	-37.5	9.5	38.685	1050.662	9.1813	3.51	3.6	12.885	7.9655E-8	1	0	4.84312
2500	-37.5	10.5	38.942	1050.067	9.08968	3.51	3.6	13.142	7.8093E-8	1	0	4.80131
2501	-37.5	11.5	39.224	1049.439	8.99404	3.51	3.6	13.424	7.6479E-8	1	0	4.75648
2502	-37.5	12.5	39.528	1048.784	8.89556	3.51	3.6	13.728	7.4834E-8	1	0	4.70882
2503	-37.5	13.5	39.856	1048.111	8.79541	3.51	3.6	14.056	7.318E-8	1	0	4.65851
2504	-37.5	14.5	40.206	1047.425	8.69477	3.51	3.6	14.406	7.1536E-8	1	0	4.60567
2505	-37.5	15.5	40.577	1046.736	8.59476	3.51	3.6	14.777	6.992E-8	1	0	4.55043
2506	-37.5	16.5	40.97	1046.05	8.49646	3.51	3.6	15.17	6.835E-8	1	0	4.49286
2507	-37.5	17.5	41.382	1045.376	8.40092	3.51	3.6	15.582	6.6841E-8	1	0	4.43306
2508	-37.5	18.5	41.815	1044.721	8.30908	3.51	3.6	16.015	6.5405E-8	1	0	4.37107
2509	-37.5	19.5	42.267	1044.092	8.22183	3.51	3.6	16.467	6.4056E-8	1	0	4.30694
2510	-37.5	20.5	42.738	1043.496	8.14	3.51	3.6	16.938	6.2803E-8	1	0	4.24071
2511	-37.5	21.5	43.226	1042.939	8.06431	3.51	3.6	17.426	6.1655E-8	1	0	4.17242
2512	-37.5	22.5	43.732	1042.429	7.99543	3.51	3.6	17.932	6.062E-8	1	0	4.10214
2513	-37.5	23.5	44.255	1041.969	7.93392	3.51	3.6	18.455	5.9702E-8	1	0	4.02991
2514	-37.5	24.5	44.794	1041.566	7.8803	3.51	3.6	18.994	5.8908E-8	1	0	3.95581
2515	-37.5	25.5	45.349	1041.223	7.83498	3.51	3.6	19.549	5.8241E-8	1	0	3.87995
2516	-37.5	26.5	45.918	1040.945	7.79831	3.51	3.6	20.118	5.7704E-8	1	0	3.80243
2517	-37.5	27.5	46.503	1040.733	7.77057	3.51	3.6	20.703	5.7299E-8	1	0	3.72341
2518	-37.5	28.5	47.101	1040.591	7.75196	3.51	3.6	21.301	5.7029E-8	1	0	3.64305
2519	-37.5	29.5	47.713	1040.519	7.74301	3.51	3.6	21.913	5.6899E-8	1	0	3.56137
2520	-36.5	-29.5	46.931	1042.79	7.64952	3.51	3.6	21.131	5.548E-8	1	0	3.7199
2521	-36.5	-28.5	46.309	1042.865	7.65929	3.51	3.6	20.509	5.562E-8	1	0	3.81084
2522	-36.5	-27.5	45.7	1043.014	7.6797	3.51	3.6	19.9	5.5913E-8	1	0	3.9004
2523	-36.5	-26.5	45.105	1043.235	7.71014	3.51	3.6	19.305	5.6352E-8	1	0	3.98859
2524	-36.5	-25.5	44.525	1043.527	7.75039	3.51	3.6	18.725	5.6935E-8	1	0	4.07524
2525	-36.5	-24.5	43.96	1043.885	7.80017	3.51	3.6	18.16	5.7659E-8	1	0	4.16021
2526	-36.5	-23.5	43.411	1044.307	7.85912	3.51	3.6	17.611	5.8524E-8	1	0	4.24338
2527	-36.5	-22.5	42.878	1044.787	7.92678	3.51	3.6	17.078	5.9524E-8	1	0	4.32465
2528	-36.5	-21.5	42.362	1045.321	8.00263	3.51	3.6	16.562	6.0654E-8	1	0	4.40396
2529	-36.5	-20.5	41.863	1045.903	8.08606	3.51	3.6	16.063	6.191E-8	1	0	4.48126
2530	-36.5	-19.5	41.382	1046.525	8.17636	3.51	3.6	15.582	6.3284E-8	1	0	4.55651
2531	-36.5	-18.5	40.921	1047.182	8.27274	3.51	3.6	15.121	6.4767E-8	1	0	4.62969
2532	-36.5	-17.5	40.478	1047.866	8.37432	3.51	3.6	14.678	6.6347E-8	1	0	4.70075
2533	-36.5	-16.5	40.056	1048.569	8.48014	3.51	3.6	14.256	6.8014E-8	1	0	4.76964
2534	-36.5	-15.5	39.655	1049.283	8.58914	3.51	3.6	13.855	6.9753E-8	1	0	4.83632
2535	-36.5	-14.5	39.275	1050.001	8.70018	3.51	3.6	13.475	7.1546E-8	1	0	4.90068
2536	-36.5	-13.5	38.917	1050.713	8.81208	3.51	3.6	13.117	7.3376E-8	1	0	4.96262
2537	-36.5	-12.5	38.581	1051.414	8.92357	3.51	3.6	12.781	7.5222E-8	1	0	5.02197
2538	-36.5	-11.5	38.269	1052.093	9.03334	3.51	3.6	12.469	7.7062E-8	1	0	5.07855
2539	-36.5	-10.5	37.98	1052.744	9.14007	3.51	3.6	12.18	7.8871E-8	1	0	5.13212
2540	-36.5	-9.5	37.716	1053.36	9.24242	3.51	3.6	11.916	8.0626E-8	1	0	5.1824
2541	-36.5	-8.5	37.477	1053.934	9.33907	3.51	3.6	11.677	8.2301E-8	1	0	5.22908
2542	-36.5	-7.5	37.263	1054.46	9.42873	3.51	3.6	11.463	8.387E-8	1	0	5.27184
2543	-36.5	-6.5	37.074	1054.933	9.51019	3.51	3.6	11.274	8.5308E-8	1	0	5.31031
2544	-36.5	-5.5	36.912	1055.346	9.58231	3.51	3.6	11.112	8.6592E-8	1	0	5.34414
2545	-36.5	-4.5	36.776	1055.697	9.64407	3.51	3.6	10.976	8.7699E-8	1	0	5.37298
2546	-36.5	-3.5	36.667	1055.982	9.69459	3.51	3.6	10.867	8.8609E-8	1	0	5.39649
2547	-36.5	-2.5	36.586	1056.199	9.73314	3.51	3.6	10.786	8.9307E-8	1	0	5.41441
2548	-36.5	-1.5	36.531	1056.344	9.75915	3.51	3.6	10.731	8.9779E-8	1	0	5.42648
2549	-36.5	-0.5	36.503	1056.417	9.77226	3.51	3.6	10.703	9.0018E-8	1	0	5.43256
2550	-36.5	0.5	36.503	1056.417	9.77226	3.51	3.6	10.703	9.0018E-8	1	0	5.43256
2551	-36.5	1.5	36.531	1056.344	9.75915	3.51	3.6	10.731	8.9779E-8	1	0	5.42648
2552	-36.5	2.5	36.586	1056.199	9.73314	3.51	3.6	10.786	8.9307E-8	1	0	5.41441
2553	-36.5	3.5	36.667	1055.982	9.69459	3.51	3.6	10.867	8.8609E-8	1	0	5.39649
2554	-36.5	4.5	36.776	1055.697	9.64407	3.51	3.6	10.976	8.7699E-8	1	0	5.37298
2555	-36.5	5.5	36.912	1055.346	9.58231	3.51	3.6	11.112	8.6592E-8	1	0	5.34414
2556	-36.5	6.5	37.074	1054.933	9.51019	3.51	3.6	11.274	8.5308E-8	1	0	5.31031
2557	-36.5	7.5	37.263	1054.46	9.42873	3.51	3.6	11.463	8.387E-8	1	0	5.27184
2558	-36.5	8.5	37.477	1053.934	9.33907	3.51	3.6	11.677	8.2301E-8	1	0	5.22908
2559	-36.5	9.5	37.716	1053.36	9.24242	3.51	3.6	11.916	8.0626E-8	1	0	5.1824
2560	-36.5	10.5	37.98	1052.744	9.14007	3.51	3.6	12.18	7.8871E-8	1	0	5.13212
2561	-36.5	11.5	38.269	1052.093	9.03334	3.51	3.6	12.469	7.7062E-8	1	0	5.07855
2562	-36.5	12.5	38.581	1051.414	8.92357	3.51	3.6	12.781	7.5222E-8	1	0	5.02197
2563	-36.5	13.5	38.917	1050.713	8.81208	3.51	3.6	13.117	7.3376E-8	1	0	4.96262
2564	-36.5	14.5	39.275	1050.001	8.70018	3.51	3.6	13.475	7.1546E-8	1	0	4.90068
2565	-36.5	15.5	39.655	1049.283	8.58914	3.51	3.6	13.855	6.9753E-8	1	0	4.83632
2566	-36.5	16.5	40.056	1048.569	8.48014	3.51	3.6	14.256	6.8014E-8	1	0	4.76964
2567	-36.5	17.5	40.478	1047.866	8.37432	3.51	3.6	14.678	6.6347E-8	1	0	4.70075
2568	-36.5	18.5	40.921	1047.182	8.27274	3.51	3.6	15.121	6.4767E-8	1	0	4.62969
2569	-36.5	19.5	41.382	1046.525	8.17636	3.51	3.6	15.582	6.3284E-8	1	0	4.55651
2570	-36.5	20.5	41.863	1045.903	8.08606	3.51	3.6	16.063	6.191E-8	1	0	4.48126
2571	-36.5	21.5	42.362	1045.321	8.00263	3.51	3.6	16.562	6.0654E-8	1	0	4.40396
2572	-36.5	22.5	42.878	1044.787	7.92678	3.51	3.6	17.078	5.9524E-8	1	0	4.32465
2573	-36.5	23.5	43.411	1044.307	7.85912	3.51	3.6	17.611	5.8524E-8	1	0	4.24338
2574	-36.5	24.5	43.96	1043.885	7.80017	3.51	3.6	18.16	5.7659E-8	1	0	4.16021
2575	-36.5	25.5	44.525	1043.527	7.75039	3.51	3.6	18.725	5.6935E-8	1	0	4.07524
2576	-36.5	26.5	45.105	1043.235	7.71014	3.51	3.6	19.305	5.6352E-8	1	0	3.98859
2577	-36.5	27.5	45.7	1043.014	7.6797	3.51	3.6	19.9	5.5913E-8	1	0	3.9004
2578	-36.5	28.5	46.309	1042.865	7.65929	3.51	3.6	20.509	5.562E-8	1	0	3.81084
2579	-36.5	29.5	46.931	1042.79	7.64952	3.51	3.6	21.131	5.548E-8	1	0	3.7199
2580	-35.5	-29.5	46.157	1044.875	7.54706	3.51	3.6	20.357	5.3955E-8	1	0	3.89486
2581	-35.5	-28.5	45.525	1044.953	7.5577	3.51	3.6	19.725	5.4106E-8	1	0	3.99644
2582	-35.5	-27.5	44.905	1045.108	7.58006	3.51	3.6	19.105	5.4423E-8	1	0	4.09659
2583	-35.5	-26.5	44.3	1045.34	7.61341	3.51	3.6	18.5	5.4897E-8	1	0	4.19539
2584	-35.5	-25.5	43.709	1045.644	7.65755	3.51	3.6	17.909	5.5529E-8	1	0	4.29265
2585	-35.5	-24.5	43.134	1046.018	7.71217	3.51	3.6	17.334	5.6314E-8	1	0	4.38823
2586	-35.5	-23.5	42.573	1046.458	7.77689	3.51	3.6	16.773	5.7253E-8	1	0	4.48202
2587	-35.5	-22.5	42.03	1046.959	7.85125	3.51	3.6	16.23	5.8341E-8	1	0	4.57396
2588	-35.5	-21.5	41.503	1047.516	7.93469	3.51	3.6	15.703	5.9573E-8	1	0	4.66399
2589	-35.5	-20.5	40.994	1048.121	8.02657	3.51	3.6	15.194	6.0945E-8	1	0	4.75208
2590	-35.5	-19.5	40.503	1048.77	8.12615	3.51	3.6	14.703	6.2449E-8	1	0	4.83823
2591	-35.5	-18.5	40.031	1049.453	8.23256	3.51	3.6	14.231	6.4077E-8	1	0	4.92242
2592	-35.5	-17.5	39.579	1050.164	8.34488	3.51	3.6	13.779	6.5817E-8	1	0	5.00464
2593	-35.5	-16.5	39.147	1050.894	8.46203	3.51	3.6	13.347	6.7657E-8	1	0	5.08485
2594	-35.5	-15.5	38.736	1051.635	8.58289	3.51	3.6	12.936	6.9581E-8	1	0	5.16298
2595	-35.5	-14.5	38.347	1052.379	8.70619	3.51	3.6	12.547	7.1572E-8	1	0	5.23894
2596	-35.5	-13.5	37.98	1053.117	8.83062	3.51	3.6	12.18	7.3609E-8	1	0	5.31257
2597	-35.5	-12.5	37.636	1053.841	8.95477	3.51	3.6	11.836	7.567E-8	1	0	5.38367
2598	-35.5	-11.5	37.316	1054.542	9.07718	3.51	3.6	11.516	7.773E-8	1	0	5.45196
2599	-35.5	-10.5	37.02	1055.213	9.19635	3.51	3.6	11.22	7.9761E-8	1	0	5.51711
2600	-35.5	-9.5	36.749	1055.847	9.31077	3.51	3.6	10.949	8.1736E-8	1	0	5.57874
2601	-35.5	-8.5	36.503	1056.436	9.41895	3.51	3.6	10.703	8.3626E-8	1	0	5.63638
2602	-35.5	-7.5	36.284	1056.975	9.51941	3.51	3.6	10.484	8.5399E-8	1	0	5.68953
2603	-35.5	-6.5	36.09	1057.459	9.61076	3.51	3.6	10.29	8.7028E-8	1	0	5.73766
2604	-35.5	-5.5	35.924	1057.882	9.6917	3.51	3.6	10.124	8.8484E-8	1	0	5.78023
2605	-35.5	-4.5	35.784	1058.24	9.76106	3.51	3.6	9.984	8.9741E-8	1	0	5.81671
2606	-35.5	-3.5	35.672	1058.53	9.81783	3.51	3.6	9.872	9.0777E-8	1	0	5.84659
2607	-35.5	-2.5	35.588	1058.75	9.86116	3.51	3.6	9.788	9.1571E-8	1	0	5.86943
2608	-35.5	-1.5	35.532	1058.898	9.8904	3.51	3.6	9.732	9.211E-8	1	0	5.88487
2609	-35.5	-0.5	35.504	1058.972	9.90514	3.51	3.6	9.704	9.2381E-8	1	0	5.89265
2610	-35.5	0.5	35.504	1058.972	9.90514	3.51	3.6	9.704	9.2381E-8	1	0	5.89265
2611	-35.5	1.5	35.532	1058.898	9.8904	3.51	3.6	9.732	9.211E-8	1	0	5.88487
2612	-35.5	2.5	35.588	1058.75	9.86116	3.51	3.6	9.788	9.1571E-8	1	0	5.86943
2613	-35.5	3.5	35.672	1058.53	9.81783	3.51	3.6	9.872	9.0777E-8	1	0	5.84659
2614	-35.5	4.5	35.784	1058.24	9.76106	3.51	3.6	9.984	8.9741E-8	1	0	5.81671
2615	-35.5	5.5	35.924	1057.882	9.6917	3.51	3.6	10.124	8.8484E-8	1	0	5.78023
2616	-35.5	6.5	36.09	1057.459	9.61076	3.51	3.6	10.29	8.7028E-8	1	0	5.73766
2617	-35.5	7.5	36.284	1056.975	9.51941	3.51	3.6	10.484	8.5399E-8	1	0	5.68953
2618	-35.5	8.5	36.503	1056.436	9.41895	3.51	3.6	10.703	8.3626E-8	1	0	5.63638
2619	-35.5	9.5	36.749	1055.847	9.31077	3.51	3.6	10.949	8.1736E-8	1	0	5.57874
2620	-35.5	10.5	37.02	1055.213	9.19635	3.51	3.6	11.22	7.9761E-8	1	0	5.51711
2621	-35.5	11.5	37.316	1054.542	9.07718	3.51	3.6	11.516	7.773E-8	1	0	5.45196
2622	-35.5	12.5	37.636	1053.841	8.95477	3.51	3.6	11.836	7.567E-8	1	0	5.38367
2623	-35.5	13.5	37.98	1053.117	8.83062	3.51	3.6	12.18	7.3609E-8	1	0	5.31257
2624	-35.5	14.5	38.347	1052.379	8.70619	3.51	3.6	12.547	7.1572E-8	1	0	5.23894
2625	-35.5	15.5	38.736	1051.635	8.58289	3.51	3.6	12.936	6.9581E-8	1	0	5.16298
2626	-35.5	16.5	39.147	1050.894	8.46203	3.51	3.6	13.347	6.7657E-8	1	0	5.08485
2627	-35.5	17.5	39.579	1050.164	8.34488	3.51	3.6	13.779	6.5817E-8	1	0	5.00464
2628	-35.5	18.5	40.031	1049.453	8.23256	3.51	3.6	14.231	6.4077E-8	1	0	4.92242
2629	-35.5	19.5	40.503	1048.77	8.12615	3.51	3.6	14.703	6.2449E-8	1	0	4.83823
2630	-35.5	20.5	40.994	1048.121	8.02657	3.51	3.6	15.194	6.0945E-8	1	0	4.75208
2631	-35.5	21.5	41.503	1047.516	7.93469	3.51	3.6	15.703	5.9573E-8	1	0	4.66399
2632	-35.5	22.5	42.03	1046.959	7.85125	3.51	3.6	16.23	5.8341E-8	1	0	4.57396
2633	-35.5	23.5	42.573	1046.458	7.77689	3.51	3.6	16.773	5.7253E-8	1	0	4.48202
2634	-35.5	24.5	43.134	1046.018	7.71217	3.51	3.6	17.334	5.6314E-8	1	0	4.38823
2635	-35.5	25.5	43.709	1045.644	7.65755	3.51	3.6	17.909	5.5529E-8	1	0	4.29265
2636	-35.5	26.5	44.3	1045.34	7.61341	3.51	3.6	18.5	5.4897E-8	1	0	4.19539
2637	-35.5	27.5	44.905	1045.108	7.58006	3.51	3.6	19.105	5.4423E-8	1	0	4.09659
2638	-35.5	28.5	45.525	1044.953	7.5577	3.51	3.6	19.725	5.4106E-8	1	0	3.99644
2639	-35.5	29.5	46.157	1044.875	7.54706	3.51	3.6	20.357	5.3955E-8	1	0	3.89486
2640	-34.5	-29.5	45.393	1046.779	7.43493	3.51	3.6	19.593	5.2322E-8	1	0	4.08867
2641	-34.5	-28.5	44.749	1046.861	7.4465	3.51	3.6	18.949	5.2483E-8	1	0	4.20254
2642	-34.5	-27.5	44.119	1047.023	7.47095	3.51	3.6	18.319	5.2824E-8	1	0	4.31495
2643	-34.5	-26.5	43.503	1047.263	7.50745	3.51	3.6	17.703	5.3336E-8	1	0	4.42606
2644	-34.5	-25.5	42.901	1047.58	7.55577	3.51	3.6	17.101	5.4018E-8	1	0	4.5357
2645	-34.5	-24.5	42.314	1047.97	7.61561	3.51	3.6	16.514	5.4868E-8	1	0	4.64374
2646	-34.5	-23.5	41.743	1048.427	7.68659	3.51	3.6	15.943	5.5884E-8	1	0	4.75008
2647	-34.5	-22.5	41.189	1048.948	7.76822	3.51	3.6	15.389	5.7065E-8	1	0	4.8547
2648	-34.5	-21.5	40.651	1049.527	7.85992	3.51	3.6	14.851	5.8406E-8	1	0	4.95757
2649	-34.5	-20.5	40.131	1050.156	7.96103	3.51	3.6	14.331	5.9902E-8	1	0	5.05873
2650	-34.5	-19.5	39.63	1050.829	8.07075	3.51	3.6	13.83	6.1546E-8	1	0	5.15818
2651	-34.5	-18.5	39.147	1051.537	8.18817	3.51	3.6	13.347	6.3331E-8	1	0	5.25598
2652	-34.5	-17.5	38.685	1052.274	8.31229	3.51	3.6	12.885	6.5245E-8	1	0	5.35213
2653	-34.5	-16.5	38.243	1053.029	8.44196	3.51	3.6	12.443	6.7275E-8	1	0	5.44662
2654	-34.5	-15.5	37.822	1053.795	8.57594	3.51	3.6	12.022	6.9405E-8	1	0	5.53941
2655	-34.5	-14.5	37.423	1054.562	8.71286	3.51	3.6	11.623	7.1615E-8	1	0	5.63038
2656	-34.5	-13.5	37.047	1055.321	8.85124	3.51	3.6	11.247	7.3884E-8	1	0	5.71933
2657	-34.5	-12.5	36.695	1056.065	8.98954	3.51	3.6	10.895	7.6187E-8	1	0	5.806
2658	-34.5	-11.5	36.366	1056.784	9.12611	3.51	3.6	10.566	7.8495E-8	1	0	5.89002
2659	-34.5	-10.5	36.062	1057.471	9.25926	3.51	3.6	10.262	8.0778E-8	1	0	5.97091
2660	-34.5	-9.5	35.784	1058.117	9.38727	3.51	3.6	9.984	8.3004E-8	1	0	6.0481
2661	-34.5	-8.5	35.532	1058.718	9.50845	3.51	3.6	9.732	8.5139E-8	1	0	6.12093
2662	-34.5	-7.5	35.306	1059.265	9.62112	3.51	3.6	9.506	8.7148E-8	1	0	6.18864
2663	-34.5	-6.5	35.107	1059.755	9.72368	3.51	3.6	9.307	8.8998E-8	1	0	6.25042
2664	-34.5	-5.5	34.936	1060.183	9.81463	3.51	3.6	9.136	9.0654E-8	1	0	6.30544
2665	-34.5	-4.5	34.792	1060.544	9.89263	3.51	3.6	8.992	9.2086E-8	1	0	6.35287
2666	-34.5	-3.5	34.677	1060.837	9.95648	3.51	3.6	8.877	9.3267E-8	1	0	6.39192
2667	-34.5	-2.5	34.59	1061.058	10.00524	3.51	3.6	8.79	9.4174E-8	1	0	6.4219
2668	-34.5	-1.5	34.533	1061.206	10.03816	3.51	3.6	8.733	9.4788E-8	1	0	6.44222
2669	-34.5	-0.5	34.504	1061.28	10.05474	3.51	3.6	8.704	9.5099E-8	1	0	6.45249
2670	-34.5	0.5	34.504	1061.28	10.05474	3.51	3.6	8.704	9.5099E-8	1	0	6.45249
2671	-34.5	1.5	34.533	1061.206	10.03816	3.51	3.6	8.733	9.4788E-8	1	0	6.44222
2672	-34.5	2.5	34.59	1061.058	10.00524	3.51	3.6	8.79	9.4174E-8	1	0	6.4219
2673	-34.5	3.5	34.677	1060.837	9.95648	3.51	3.6	8.877	9.3267E-8	1	0	6.39192
2674	-34.5	4.5	34.792	1060.544	9.89263	3.51	3.6	8.992	9.2086E-8	1	0	6.35287
2675	-34.5	5.5	34.936	1060.183	9.81463	3.51	3.6	9.136	9.0654E-8	1	0	6.30544
2676	-34.5	6.5	35.107	1059.755	9.72368	3.51	3.6	9.307	8.8998E-8	1	0	6.25042
2677	-34.5	7.5	35.306	1059.265	9.62112	3.51	3.6	9.506	8.7148E-8	1	0	6.18864
2678	-34.5	8.5	35.532	1058.718	9.50845	3.51	3.6	9.732	8.5139E-8	1	0	6.12093
2679	-34.5	9.5	35.784	1058.117	9.38727	3.51	3.6	9.984	8.3004E-8	1	0	6.0481
2680	-34.5	10.5	36.062	1057.471	9.25926	3.51	3.6	10.262	8.0778E-8	1	0	5.97091
2681	-34.5	11.5	36.366	1056.784	9.12611	3.51	3.6	10.566	7.8495E-8	1	0	5.89002
2682	-34.5	12.5	36.695	1056.065	8.98954	3.51	3.6	10.895	7.6187E-8	1	0	5.806
2683	-34.5	13.5	37.047	1055.321	8.85124	3.51	3.6	11.247	7.3884E-8	1	0	5.71933
2684	-34.5	14.5	37.423	1054.562	8.71286	3.51	3.6	11.623	7.1615E-8	1	0	5.63038
2685	-34.5	15.5	37.822	1053.795	8.57594	3.51	3.6	12.022	6.9405E-8	1	0	5.53941
2686	-34.5	16.5	38.243	1053.029	8.44196	3.51	3.6	12.443	6.7275E-8	1	0	5.44662
2687	-34.5	17.5	38.685	1052.274	8.31229	3.51	3.6	12.885	6.5245E-8	1	0	5.35213
2688	-34.5	18.5	39.147	1051.537	8.18817	3.51	3.6	13.347	6.3331E-8	1	0	5.25598
2689	-34.5	19.5	39.63	1050.829	8.07075	3.51	3.6	13.83	6.1546E-8	1	0	5.15818
2690	-34.5	20.5	40.131	1050.156	7.96103	3.51	3.6	14.331	5.9902E-8	1	0	5.05873
2691	-34.5	21.5	40.651	1049.527	7.85992	3.51	3.6	14.851	5.8406E-8	1	0	4.95757
2692	-34.5	22.5	41.189	1048.948	7.76822	3.51	3.6	15.389	5.7065E-8	1	0	4.8547
2693	-34.5	23.5	41.743	1048.427	7.68659	3.51	3.6	15.943	5.5884E-8	1	0	4.75008
2694	-34.5	24.5	42.314	1047.97	7.61561	3.51	3.6	16.514	5.4868E-8	1	0	4.64374
2695	-34.5	25.5	42.901	1047.58	7.55577	3.51	3.6	17.101	5.4018E-8	1	0	4.5357
2696	-34.5	26.5	43.503	1047.263	7.50745	3.51	3.6	17.703	5.3336E-8	1	0	4.42606
2697	-34.5	27.5	44.119	1047.023	7.47095	3.51	3.6	18.319	5.2824E-8	1	0	4.31495
2698	-34.5	28.5	44.749	1046.861	7.4465	3.51	3.6	18.949	5.2483E-8	1	0	4.20254
2699	-34.5	29.5	45.393	1046.779	7.43493	3.51	3.6	19.593	5.2322E-8	1	0	4.08867
2700	-33.5	-29.5	44.637	1048.51	7.31241	3.51	3.6	18.837	5.0574E-8	1	0	4.30422
2701	-33.5	-28.5	43.983	1048.595	7.32495	3.51	3.6	18.183	5.0746E-8	1	0	4.43233
2702	-33.5	-27.5	43.342	1048.763	7.35166	3.51	3.6	17.542	5.1113E-8	1	0	4.559
2703	-33.5	-26.5	42.714	1049.013	7.39153	3.51	3.6	16.914	5.1663E-8	1	0	4.6845
2704	-33.5	-25.5	42.101	1049.342	7.44436	3.51	3.6	16.301	5.2397E-8	1	0	4.80868
2705	-33.5	-24.5	41.503	1049.746	7.50983	3.51	3.6	15.703	5.3313E-8	1	0	4.93143
2706	-33.5	-23.5	40.921	1050.221	7.58756	3.51	3.6	15.121	5.4412E-8	1	0	5.05272
2707	-33.5	-22.5	40.355	1050.761	7.67705	3.51	3.6	14.555	5.569E-8	1	0	5.17255
2708	-33.5	-21.5	39.806	1051.361	7.77773	3.51	3.6	14.006	5.7146E-8	1	0	5.29098
2709	-33.5	-20.5	39.275	1052.012	7.88887	3.51	3.6	13.475	5.8774E-8	1	0	5.4081
2710	-33.5	-19.5	38.762	1052.707	8.00966	3.51	3.6	12.962	6.057E-8	1	0	5.52402
2711	-33.5	-18.5	38.269	1053.439	8.13914	3.51	3.6	12.469	6.2524E-8	1	0	5.63885
2712	-33.5	-17.5	37.796	1054.199	8.27623	3.51	3.6	11.996	6.4627E-8	1	0	5.75267
2713	-33.5	-16.5	37.343	1054.976	8.41971	3.51	3.6	11.543	6.6865E-8	1	0	5.86553
2714	-33.5	-15.5	36.912	1055.763	8.56821	3.51	3.6	11.112	6.9221E-8	1	0	5.97741
2715	-33.5	-14.5	36.503	1056.55	8.72024	3.51	3.6	10.703	7.1675E-8	1	0	6.08819
2716	-33.5	-13.5	36.118	1057.327	8.87419	3.51	3.6	10.318	7.4204E-8	1	0	6.19767
2717	-33.5	-12.5	35.756	1058.086	9.0283	3.51	3.6	9.956	7.6778E-8	1	0	6.30548
2718	-33.5	-11.5	35.419	1058.817	9.18075	3.51	3.6	9.619	7.9368E-8	1	0	6.41113
2719	-33.5	-10.5	35.107	1059.514	9.32962	3.51	3.6	9.307	8.1939E-8	1	0	6.51396
2720	-33.5	-9.5	34.821	1060.168	9.47297	3.51	3.6	9.021	8.4452E-8	1	0	6.61313
2721	-33.5	-8.5	34.562	1060.772	9.60885	3.51	3.6	8.762	8.687E-8	1	0	6.70764
2722	-33.5	-7.5	34.329	1061.322	9.73535	3.51	3.6	8.529	8.9151E-8	1	0	6.79637
2723	-33.5	-6.5	34.125	1061.813	9.85063	3.51	3.6	8.325	9.1256E-8	1	0	6.87806
2724	-33.5	-5.5	33.948	1062.239	9.95297	3.51	3.6	8.148	9.3145E-8	1	0	6.9514
2725	-33.5	-4.5	33.801	1062.598	10.04078	3.51	3.6	8.001	9.4781E-8	1	0	7.01508
2726	-33.5	-3.5	33.682	1062.888	10.11271	3.51	3.6	7.882	9.6132E-8	1	0	7.06785
2727	-33.5	-2.5	33.593	1063.107	10.16764	3.51	3.6	7.793	9.717E-8	1	0	7.10855
2728	-33.5	-1.5	33.534	1063.253	10.20473	3.51	3.6	7.734	9.7874E-8	1	0	7.13626
2729	-33.5	-0.5	33.504	1063.326	10.22342	3.51	3.6	7.704	9.823E-8	1	0	7.15028
2730	-33.5	0.5	33.504	1063.326	10.22342	3.51	3.6	7.704	9.823E-8	1	0	7.15028
2731	-33.5	1.5	33.534	1063.253	10.20473	3.51	3.6	7.734	9.7874E-8	1	0	7.13626
2732	-33.5	2.5	33.593	1063.107	10.16764	3.51	3.6	7.793	9.717E-8	1	0	7.10855
2733	-33.5	3.5	33.682	1062.888	10.11271	3.51	3.6	7.882	9.6132E-8	1	0	7.06785
2734	-33.5	4.5	33.801	1062.598	10.04078	3.51	3.6	8.001	9.4781E-8	1	0	7.01508
2735	-33.5	5.5	33.948	1062.239	9.95297	3.51	3.6	8.148	9.3145E-8	1	0	6.9514
2736	-33.5	6.5	34.125	1061.813	9.85063	3.51	3.6	8.325	9.1256E-8	1	0	6.87806
2737	-33.5	7.5	34.329	1061.322	9.73535	3.51	3.6	8.529	8.9151E-8	1	0	6.79637
2738	-33.5	8.5	34.562	1060.772	9.60885	3.51	3.6	8.762	8.687E-8	1	0	6.70764
2739	-33.5	9.5	34.821	1060.168	9.47297	3.51	3.6	9.021	8.4452E-8	1	0	6.61313
2740	-33.5	10.5	35.107	1059.514	9.32962	3.51	3.6	9.307	8.1939E-8	1	0	6.51396
2741	-33.5	11.5	35.419	1058.817	9.18075	3.51	3.6	9.619	7.9368E-8	1	0	6.41113
2742	-33.5	12.5	35.756	1058.086	9.0283	3.51	3.6	9.956	7.6778E-8	1	0	6.30548
2743	-33.5	13.5	36.118	1057.327	8.87419	3.51	3.6	10.318	7.4204E-8	1	0	6.19767
2744	-33.5	14.5	36.503	1056.55	8.72024	3.51	3.6	10.703	7.1675E-8	1	0	6.08819
2745	-33.5	15.5	36.912	1055.763	8.56821	3.51	3.6	11.112	6.9221E-8	1	0	5.97741
2746	-33.5	16.5	37.343	1054.976	8.41971	3.51	3.6	11.543	6.6865E-8	1	0	5.86553
2747	-33.5	17.5	37.796	1054.199	8.27623	3.51	3.6	11.996	6.4627E-8	1	0	5.75267
2748	-33.5	18.5	38.269	1053.439	8.13914	3.51	3.6	12.469	6.2524E-8	1	0	5.63885
2749	-33.5	19.5	38.762	1052.707	8.00966	3.51	3.6	12.962	6.057E-8	1	0	5.52402
2750	-33.5	20.5	39.275	1052.012	7.88887	3.51	3.6	13.475	5.8774E-8	1	0	5.4081
2751	-33.5	21.5	39.806	1051.361	7.77773	3.51	3.6	14.006	5.7146E-8	1	0	5.29098
2752	-33.5	22.5	40.355	1050.761	7.67705	3.51	3.6	14.555	5.569E-8	1	0	5.17255
2753	-33.5	23.5	40.921	1050.221	7.58756	3.51	3.6	15.121	5.4412E-8	1	0	5.05272
2754	-33.5	24.5	41.503	1049.746	7.50983	3.51	3.6	15.703	5.3313E-8	1	0	4.93143
2755	-33.5	25.5	42.101	1049.342	7.44436	3.51	3.6	16.301	5.2397E-8	1	0	4.80868
2756	-33.5	26.5	42.714	1049.013	7.39153	3.51	3.6	16.914	5.1663E-8	1	0	4.6845
2757	-33.5	27.5	43.342	1048.763	7.35166	3.51	3.6	17.542	5.1113E-8	1	0	4.559
2758	-33.5	28.5	43.983	1048.595	7.32495	3.51	3.6	18.183	5.0746E-8	1	0	4.43233
2759	-33.5	29.5	44.637	1048.51	7.31241	3.51	3.6	18.837	5.0574E-8	1	0	4.30422
2760	-32.5	-29.5	43.892	1050.074	7.17877	3.51	3.6	18.092	4.871E-8	1	0	4.54493
2761	-32.5	-28.5	43.226	1050.162	7.19234	3.51	3.6	17.426	4.8892E-8	1	0	4.68964
2762	-32.5	-27.5	42.573	1050.336	7.22144	3.51	3.6	16.773	4.9285E-8	1	0	4.83298
2763	-32.5	-26.5	41.934	1050.595	7.26493	3.51	3.6	16.134	4.9875E-8	1	0	4.9754
2764	-32.5	-25.5	41.31	1050.936	7.32258	3.51	3.6	15.51	5.0662E-8	1	0	5.11677
2765	-32.5	-24.5	40.7	1051.354	7.3941	3.51	3.6	14.9	5.1647E-8	1	0	5.25704
2766	-32.5	-23.5	40.106	1051.846	7.47909	3.51	3.6	14.306	5.2831E-8	1	0	5.39626
2767	-32.5	-22.5	39.528	1052.404	7.57708	3.51	3.6	13.728	5.4211E-8	1	0	5.53452
2768	-32.5	-21.5	38.968	1053.023	7.68746	3.51	3.6	13.168	5.5787E-8	1	0	5.67199
2769	-32.5	-20.5	38.425	1053.695	7.8095	3.51	3.6	12.625	5.7556E-8	1	0	5.8089
2770	-32.5	-19.5	37.901	1054.411	7.94236	3.51	3.6	12.101	5.9513E-8	1	0	5.94547
2771	-32.5	-18.5	37.397	1055.164	8.08503	3.51	3.6	11.597	6.165E-8	1	0	6.08196
2772	-32.5	-17.5	36.912	1055.943	8.23636	3.51	3.6	11.112	6.3958E-8	1	0	6.21859
2773	-32.5	-16.5	36.449	1056.74	8.39504	3.51	3.6	10.649	6.6424E-8	1	0	6.3555
2774	-32.5	-15.5	36.007	1057.544	8.55961	3.51	3.6	10.207	6.903E-8	1	0	6.49276
2775	-32.5	-14.5	35.588	1058.345	8.72843	3.51	3.6	9.788	7.1755E-8	1	0	6.63032
2776	-32.5	-13.5	35.192	1059.134	8.89972	3.51	3.6	9.392	7.4574E-8	1	0	6.76796
2777	-32.5	-12.5	34.821	1059.902	9.07153	3.51	3.6	9.021	7.7455E-8	1	0	6.90523
2778	-32.5	-11.5	34.475	1060.639	9.24181	3.51	3.6	8.675	8.0365E-8	1	0	7.04149
2779	-32.5	-10.5	34.154	1061.338	9.4084	3.51	3.6	8.354	8.3263E-8	1	0	7.17582
2780	-32.5	-9.5	33.86	1061.991	9.56907	3.51	3.6	8.06	8.6107E-8	1	0	7.30701
2781	-32.5	-8.5	33.593	1062.593	9.7216	3.51	3.6	7.793	8.8851E-8	1	0	7.43359
2782	-32.5	-7.5	33.354	1063.137	9.8638	3.51	3.6	7.554	9.1448E-8	1	0	7.55379
2783	-32.5	-6.5	33.144	1063.619	9.99357	3.51	3.6	7.344	9.3851E-8	1	0	7.66564
2784	-32.5	-5.5	32.962	1064.037	10.10889	3.51	3.6	7.162	9.6012E-8	1	0	7.76704
2785	-32.5	-4.5	32.81	1064.387	10.20791	3.51	3.6	7.01	9.7887E-8	1	0	7.85587
2786	-32.5	-3.5	32.688	1064.668	10.28902	3.51	3.6	6.888	9.9437E-8	1	0	7.93004
2787	-32.5	-2.5	32.596	1064.879	10.35097	3.51	3.6	6.796	1.0063E-7	1	0	7.98762
2788	-32.5	-1.5	32.535	1065.02	10.39281	3.51	3.6	6.735	1.0144E-7	1	0	8.02698
2789	-32.5	-0.5	32.504	1065.091	10.4139	3.51	3.6	6.704	1.0185E-7	1	0	8.04695
2790	-32.5	0.5	32.504	1065.091	10.4139	3.51	3.6	6.704	1.0185E-7	1	0	8.04695
2791	-32.5	1.5	32.535	1065.02	10.39281	3.51	3.6	6.735	1.0144E-7	1	0	8.02698
2792	-32.5	2.5	32.596	1064.879	10.35097	3.51	3.6	6.796	1.0063E-7	1	0	7.98762
2793	-32.5	3.5	32.688	1064.668	10.28902	3.51	3.6	6.888	9.9437E-8	1	0	7.93004
2794	-32.5	4.5	32.81	1064.387	10.20791	3.51	3.6	7.01	9.7887E-8	1	0	7.85587
2795	-32.5	5.5	32.962	1064.037	10.10889	3.51	3.6	7.162	9.6012E-8	1	0	7.76704
2796	-32.5	6.5	33.144	1063.619	9.99357	3.51	3.6	7.344	9.3851E-8	1	0	7.66564
2797	-32.5	7.5	33.354	1063.137	9.8638	3.51	3.6	7.554	9.1448E-8	1	0	7.55379
2798	-32.5	8.5	33.593	1062.593	9.7216	3.51	3.6	7.793	8.8851E-8	1	0	7.43359
2799	-32.5	9.5	33.86	1061.991	9.56907	3.51	3.6	8.06	8.6107E-8	1	0	7.30701
2800	-32.5	10.5	34.154	1061.338	9.4084	3.51	3.6	8.354	8.3263E-8	1	0	7.17582
2801	-32.5	11.5	34.475	1060.639	9.24181	3.51	3.6	8.675	8.0365E-8	1	0	7.04149
2802	-32.5	12.5	34.821	1059.902	9.07153	3.51	3.6	9.021	7.7455E-8	1	0	6.90523
2803	-32.5	13.5	35.192	1059.134	8.89972	3.51	3.6	9.392	7.4574E-8	1	0	6.76796
2804	-32.5	14.5	35.588	1058.345	8.72843	3.51	3.6	9.788	7.1755E-8	1	0	6.63032
2805	-32.5	15.5	36.007	1057.544	8.55961	3.51	3.6	10.207	6.903E-8	1	0	6.49276
2806	-32.5	16.5	36.449	1056.74	8.39504	3.51	3.6	10.649	6.6424E-8	1	0	6.3555
2807	-32.5	17.5	36.912	1055.943	8.23636	3.51	3.6	11.112	6.3958E-8	1	0	6.21859
2808	-32.5	18.5	37.397	1055.164	8.08503	3.51	3.6	11.597	6.165E-8	1	0	6.08196
2809	-32.5	19.5	37.901	1054.411	7.94236	3.51	3.6	12.101	5.9513E-8	1	0	5.94547
2810	-32.5	20.5	38.425	1053.695	7.8095	3.51	3.6	12.625	5.7556E-8	1	0	5.8089
2811	-32.5	21.5	38.968	1053.023	7.68746	3.51	3.6	13.168	5.5787E-8	1	0	5.67199
2812	-32.5	22.5	39.528	1052.404	7.57708	3.51	3.6	13.728	5.4211E-8	1	0	5.53452
2813	-32.5	23.5	40.106	1051.846	7.47909	3.51	3.6	14.306	5.2831E-8	1	0	5.39626
2814	-32.5	24.5	40.7	1051.354	7.3941	3.51	3.6	14.9	5.1647E-8	1	0	5.25704
2815	-32.5	25.5	41.31	1050.936	7.32258	3.51	3.6	15.51	5.0662E-8	1	0	5.11677
2816	-32.5	26.5	41.934	1050.595	7.26493	3.51	3.6	16.134	4.9875E-8	1	0	4.9754
2817	-32.5	27.5	42.573	1050.336	7.22144	3.51	3.6	16.773	4.9285E-8	1	0	4.83298
2818	-32.5	28.5	43.226	1050.162	7.19234	3.51	3.6	17.426	4.8892E-8	1	0	4.68964
2819	-32.5	29.5	43.892	1050.074	7.17877	3.51	3.6	18.092	4.871E-8	1	0	4.54493
2820	-31.5	-29.5	43.157	1051.479	7.03329	3.51	3.6	17.357	4.6727E-8	1	0	4.81489
2821	-31.5	-28.5	42.479	1051.57	7.04792	3.51	3.6	16.679	4.692E-8	1	0	4.97906
2822	-31.5	-27.5	41.815	1051.75	7.07958	3.51	3.6	16.015	4.7339E-8	1	0	5.14202
2823	-31.5	-26.5	41.164	1052.018	7.12691	3.51	3.6	15.364	4.7969E-8	1	0	5.30445
2824	-31.5	-25.5	40.528	1052.369	7.18971	3.51	3.6	14.728	4.881E-8	1	0	5.46629
2825	-31.5	-24.5	39.906	1052.801	7.26768	3.51	3.6	14.106	4.9866E-8	1	0	5.6276
2826	-31.5	-23.5	39.3	1053.308	7.36047	3.51	3.6	13.5	5.1136E-8	1	0	5.78853
2827	-31.5	-22.5	38.71	1053.884	7.46759	3.51	3.6	12.91	5.2622E-8	1	0	5.94936
2828	-31.5	-21.5	38.138	1054.52	7.58844	3.51	3.6	12.338	5.4325E-8	1	0	6.11043
2829	-31.5	-20.5	37.583	1055.211	7.7223	3.51	3.6	11.783	5.6241E-8	1	0	6.27217
2830	-31.5	-19.5	37.047	1055.946	7.86827	3.51	3.6	11.247	5.8369E-8	1	0	6.43506
2831	-31.5	-18.5	36.531	1056.717	8.02534	3.51	3.6	10.731	6.0703E-8	1	0	6.59958
2832	-31.5	-17.5	36.035	1057.513	8.19228	3.51	3.6	10.235	6.3233E-8	1	0	6.76619
2833	-31.5	-16.5	35.56	1058.324	8.3677	3.51	3.6	9.76	6.5947E-8	1	0	6.93528
2834	-31.5	-15.5	35.107	1059.14	8.55004	3.51	3.6	9.307	6.8828E-8	1	0	7.1071
2835	-31.5	-14.5	34.677	1059.95	8.7375	3.51	3.6	8.877	7.1855E-8	1	0	7.28176
2836	-31.5	-13.5	34.271	1060.745	8.92813	3.51	3.6	8.471	7.4999E-8	1	0	7.45911
2837	-31.5	-12.5	33.89	1061.514	9.11978	3.51	3.6	8.09	7.8227E-8	1	0	7.63869
2838	-31.5	-11.5	33.534	1062.248	9.31011	3.51	3.6	7.734	8.1501E-8	1	0	7.81969
2839	-31.5	-10.5	33.204	1062.94	9.49669	3.51	3.6	7.404	8.4775E-8	1	0	8.0009
2840	-31.5	-9.5	32.901	1063.582	9.67696	3.51	3.6	7.101	8.8E-8	1	0	8.18059
2841	-31.5	-8.5	32.627	1064.17	9.84838	3.51	3.6	6.827	9.1122E-8	1	0	8.35654
2842	-31.5	-7.5	32.381	1064.697	10.00843	3.51	3.6	6.581	9.4087E-8	1	0	8.52601
2843	-31.5	-6.5	32.164	1065.161	10.15473	3.51	3.6	6.364	9.6838E-8	1	0	8.68577
2844	-31.5	-5.5	31.977	1065.56	10.28495	3.51	3.6	6.177	9.932E-8	1	0	8.83233
2845	-31.5	-4.5	31.82	1065.892	10.39679	3.51	3.6	6.02	1.0148E-7	1	0	8.96217
2846	-31.5	-3.5	31.694	1066.156	10.48838	3.51	3.6	5.894	1.0326E-7	1	0	9.07166
2847	-31.5	-2.5	31.599	1066.354	10.55831	3.51	3.6	5.799	1.0463E-7	1	0	9.15731
2848	-31.5	-1.5	31.536	1066.485	10.60555	3.51	3.6	5.736	1.0557E-7	1	0	9.21619
2849	-31.5	-0.5	31.504	1066.55	10.62937	3.51	3.6	5.704	1.0604E-7	1	1	9.24617
2850	-31.5	0.5	31.504	1066.55	10.62937	3.51	3.6	5.704	1.0604E-7	1	1	9.24617
2851	-31.5	1.5	31.536	1066.485	10.60555	3.51	3.6	5.736	1.0557E-7	1	0	9.21619
2852	-31.5	2.5	31.599	1066.354	10.55831	3.51	3.6	5.799	1.0463E-7	1	0	9.15731
2853	-31.5	3.5	31.694	1066.156	10.48838	3.51	3.6	5.894	1.0326E-7	1	0	9.07166
2854	-31.5	4.5	31.82	1065.892	10.39679	3.51	3.6	6.02	1.0148E-7	1	0	8.96217
2855	-31.5	5.5	31.977	1065.56	10.28495	3.51	3.6	6.177	9.932E-8	1	0	8.83233
2856	-31.5	6.5	32.164	1065.161	10.15473	3.51	3.6	6.364	9.6838E-8	1	0	8.68577
2857	-31.5	7.5	32.381	1064.697	10.00843	3.51	3.6	6.581	9.4087E-8	1	0	8.52601
2858	-31.5	8.5	32.627	1064.17	9.84838	3.51	3.6	6.827	9.1122E-8	1	0	8.35654
2859	-31.5	9.5	32.901	1063.582	9.67696	3.51	3.6	7.101	8.8E-8	1	0	8.18059
2860	-31.5	10.5	33.204	1062.94	9.49669	3.51	3.6	7.404	8.4775E-8	1	0	8.0009
2861	-31.5	11.5	33.534	1062.248	9.31011	3.51	3.6	7.734	8.1501E-8	1	0	7.81969
2862	-31.5	12.5	33.89	1061.514	9.11978	3.51	3.6	8.09	7.8227E-8	1	0	7.63869
2863	-31.5	13.5	34.271	1060.745	8.92813	3.51	3.6	8.471	7.4999E-8	1	0	7.45911
2864	-31.5	14.5	34.677	1059.95	8.7375	3.51	3.6	8.877	7.1855E-8	1	0	7.28176
2865	-31.5	15.5	35.107	1059.14	8.55004	3.51	3.6	9.307	6.8828E-8	1	0	7.1071
2866	-31.5	16.5	35.56	1058.324	8.3677	3.51	3.6	9.76	6.5947E-8	1	0	6.93528
2867	-31.5	17.5	36.035	1057.513	8.19228	3.51	3.6	10.235	6.3233E-8	1	0	6.76619
2868	-31.5	18.5	36.531	1056.717	8.02534	3.51	3.6	10.731	6.0703E-8	1	0	6.59958
2869	-31.5	19.5	37.047	1055.946	7.86827	3.51	3.6	11.247	5.8369E-8	1	0	6.43506
2870	-31.5	20.5	37.583	1055.211	7.7223	3.51	3.6	11.783	5.6241E-8	1	0	6.27217
2871	-31.5	21.5	38.138	1054.52	7.58844	3.51	3.6	12.338	5.4325E-8	1	0	6.11043
2872	-31.5	22.5	38.71	1053.884	7.46759	3.51	3.6	12.91	5.2622E-8	1	0	5.94936
2873	-31.5	23.5	39.3	1053.308	7.36047	3.51	3.6	13.5	5.1136E-8	1	0	5.78853
2874	-31.5	24.5	39.906	1052.801	7.26768	3.51	3.6	14.106	4.9866E-8	1	0	5.6276
2875	-31.5	25.5	40.528	1052.369	7.18971	3.51	3.6	14.728	4.881E-8	1	0	5.46629
2876	-31.5	26.5	41.164	1052.018	7.12691	3.51	3.6	15.364	4.7969E-8	1	0	5.30445
2877	-31.5	27.5	41.815	1051.75	7.07958	3.51	3.6	16.015	4.7339E-8	1	0	5.14202
2878	-31.5	28.5	42.479	1051.57	7.04792	3.51	3.6	16.679	4.692E-8	1	0	4.97906
2879	-31.5	29.5	43.157	1051.479	7.03329	3.51	3.6	17.357	4.6727E-8	1	0	4.81489
2880	-30.5	-29.5	42.432	1052.734	6.87527	3.51	3.6	16.632	4.4627E-8	1	0	5.11905
2881	-30.5	-28.5	41.743	1052.827	6.89099	3.51	3.6	15.943	4.483E-8	1	0	5.30614
2882	-30.5	-27.5	41.067	1053.013	6.92535	3.51	3.6	15.267	4.5275E-8	1	0	5.49232
2883	-30.5	-26.5	40.404	1053.289	6.97675	3.51	3.6	14.604	4.5944E-8	1	0	5.67859
2884	-30.5	-25.5	39.756	1053.651	7.04501	3.51	3.6	13.956	4.684E-8	1	0	5.865
2885	-30.5	-24.5	39.122	1054.096	7.12986	3.51	3.6	13.322	4.7966E-8	1	0	6.05179
2886	-30.5	-23.5	38.503	1054.617	7.23097	3.51	3.6	12.703	4.9325E-8	1	0	6.2393
2887	-30.5	-22.5	37.901	1055.208	7.34787	3.51	3.6	12.101	5.092E-8	1	0	6.42808
2888	-30.5	-21.5	37.316	1055.862	7.47999	3.51	3.6	11.516	5.2752E-8	1	0	6.61878
2889	-30.5	-20.5	36.749	1056.569	7.62659	3.51	3.6	10.949	5.4824E-8	1	0	6.81218
2890	-30.5	-19.5	36.201	1057.32	7.7868	3.51	3.6	10.401	5.7133E-8	1	0	7.00917
2891	-30.5	-18.5	35.672	1058.105	7.95955	3.51	3.6	9.872	5.9676E-8	1	0	7.21065
2892	-30.5	-17.5	35.164	1058.914	8.14357	3.51	3.6	9.364	6.2446E-8	1	0	7.41756
2893	-30.5	-16.5	34.677	1059.735	8.33741	3.51	3.6	8.877	6.5431E-8	1	0	7.63072
2894	-30.5	-15.5	34.213	1060.557	8.53937	3.51	3.6	8.413	6.8615E-8	1	0	7.85084
2895	-30.5	-14.5	33.771	1061.369	8.74754	3.51	3.6	7.971	7.1976E-8	1	0	8.07842
2896	-30.5	-13.5	33.354	1062.16	8.95976	3.51	3.6	7.554	7.5485E-8	1	0	8.3136
2897	-30.5	-12.5	32.962	1062.92	9.17364	3.51	3.6	7.162	7.9106E-8	1	0	8.55612
2898	-30.5	-11.5	32.596	1063.641	9.38657	3.51	3.6	6.796	8.2795E-8	1	0	8.80514
2899	-30.5	-10.5	32.257	1064.314	9.59576	3.51	3.6	6.457	8.6502E-8	1	0	9.05915
2900	-30.5	-9.5	31.945	1064.933	9.79828	3.51	3.6	6.145	9.0168E-8	1	0	9.31582
2901	-30.5	-8.5	31.662	1065.492	9.99116	3.51	3.6	5.862	9.373E-8	1	0	9.57185
2902	-30.5	-7.5	31.409	1065.989	10.17151	3.51	3.6	5.609	9.7124E-8	1	0	9.82292
2903	-30.5	-6.5	31.185	1066.422	10.33674	3.51	3.6	5.385	1.0029E-7	1	0	10.06353
2904	-30.5	-5.5	30.992	1066.79	10.48419	3.51	3.6	5.192	1.0315E-7	1	0	10.28757
2905	-30.5	-4.5	30.83	1067.091	10.61076	3.51	3.6	5.03	1.0564E-7	1	0	10.48904
2906	-30.5	-3.5	30.7	1067.328	10.71426	3.51	3.6	4.9	1.077E-7	1	1	10.66122
2907	-30.5	-2.5	30.602	1067.503	10.79323	3.51	3.6	4.802	1.0929E-7	1	1	10.79733
2908	-30.5	-1.5	30.537	1067.618	10.84661	3.51	3.6	4.737	1.1037E-7	1	1	10.89154
2909	-30.5	-0.5	30.504	1067.675	10.87355	3.51	3.6	4.704	1.1091E-7	1	1	10.9397
2910	-30.5	0.5	30.504	1067.675	10.87355	3.51	3.6	4.704	1.1091E-7	1	1	10.9397
2911	-30.5	1.5	30.537	1067.618	10.84661	3.51	3.6	4.737	1.1037E-7	1	1	10.89154
2912	-30.5	2.5	30.602	1067.503	10.79323	3.51	3.6	4.802	1.0929E-7	1	1	10.79733
2913	-30.5	3.5	30.7	1067.328	10.71426	3.51	3.6	4.9	1.077E-7	1	1	10.66122
2914	-30.5	4.5	30.83	1067.091	10.61076	3.51	3.6	5.03	1.0564E-7	1	0	10.48904
2915	-30.5	5.5	30.992	1066.79	10.48419	3.51	3.6	5.192	1.0315E-7	1	0	10.28757
2916	-30.5	6.5	31.185	1066.422	10.33674	3.51	3.6	5.385	1.0029E-7	1	0	10.06353
2917	-30.5	7.5	31.409	1065.989	10.17151	3.51	3.6	5.609	9.7124E-8	1	0	9.82292
2918	-30.5	8.5	31.662	1065.492	9.99116	3.51	3.6	5.862	9.373E-8	1	0	9.57185
2919	-30.5	9.5	31.945	1064.933	9.79828	3.51	3.6	6.145	9.0168E-8	1	0	9.31582
2920	-30.5	10.5	32.257	1064.314	9.59576	3.51	3.6	6.457	8.6502E-8	1	0	9.05915
2921	-30.5	11.5	32.596	1063.641	9.38657	3.51	3.6	6.796	8.2795E-8	1	0	8.80514
2922	-30.5	12.5	32.962	1062.92	9.17364	3.51	3.6	7.162	7.9106E-8	1	0	8.55612
2923	-30.5	13.5	33.354	1062.16	8.95976	3.51	3.6	7.554	7.5485E-8	1	0	8.3136
2924	-30.5	14.5	33.771	1061.369	8.74754	3.51	3.6	7.971	7.1976E-8	1	0	8.07842
2925	-30.5	15.5	34.213	1060.557	8.53937	3.51	3.6	8.413	6.8615E-8	1	0	7.85084
2926	-30.5	16.5	34.677	1059.735	8.33741	3.51	3.6	8.877	6.5431E-8	1	0	7.63072
2927	-30.5	17.5	35.164	1058.914	8.14357	3.51	3.6	9.364	6.2446E-8	1	0	7.41756
2928	-30.5	18.5	35.672	1058.105	7.95955	3.51	3.6	9.872	5.9676E-8	1	0	7.21065
2929	-30.5	19.5	36.201	1057.32	7.7868	3.51	3.6	10.401	5.7133E-8	1	0	7.00917
2930	-30.5	20.5	36.749	1056.569	7.62659	3.51	3.6	10.949	5.4824E-8	1	0	6.81218
2931	-30.5	21.5	37.316	1055.862	7.47999	3.51	3.6	11.516	5.2752E-8	1	0	6.61878
2932	-30.5	22.5	37.901	1055.208	7.34787	3.51	3.6	12.101	5.092E-8	1	0	6.42808
2933	-30.5	23.5	38.503	1054.617	7.23097	3.51	3.6	12.703	4.9325E-8	1	0	6.2393
2934	-30.5	24.5	39.122	1054.096	7.12986	3.51	3.6	13.322	4.7966E-8	1	0	6.05179
2935	-30.5	25.5	39.756	1053.651	7.04501	3.51	3.6	13.956	4.684E-8	1	0	5.865
2936	-30.5	26.5	40.404	1053.289	6.97675	3.51	3.6	14.604	4.5944E-8	1	0	5.67859
2937	-30.5	27.5	41.067	1053.013	6.92535	3.51	3.6	15.267	4.5275E-8	1	0	5.49232
2938	-30.5	28.5	41.743	1052.827	6.89099	3.51	3.6	15.943	4.483E-8	1	0	5.30614
2939	-30.5	29.5	42.432	1052.734	6.87527	3.51	3.6	16.632	4.4627E-8	1	0	5.11905
2940	-29.5	-29.5	41.719	1053.847	6.70403	3.51	3.6	15.919	4.2412E-8	1	0	5.46338
2941	-29.5	-28.5	41.018	1053.943	6.72087	3.51	3.6	15.218	4.2623E-8	1	0	5.67768
2942	-29.5	-27.5	40.33	1054.134	6.75806	3.51	3.6	14.53	4.3093E-8	1	0	5.89151
2943	-29.5	-26.5	39.655	1054.418	6.81374	3.51	3.6	13.855	4.3801E-8	1	0	6.10638
2944	-29.5	-25.5	38.994	1054.791	6.88776	3.51	3.6	13.194	4.475E-8	1	0	6.32254
2945	-29.5	-24.5	38.347	1055.247	6.97989	3.51	3.6	12.547	4.5947E-8	1	0	6.54047
2946	-29.5	-23.5	37.716	1055.782	7.08983	3.51	3.6	11.916	4.7395E-8	1	0	6.76088
2947	-29.5	-22.5	37.101	1056.387	7.21717	3.51	3.6	11.301	4.91E-8	1	0	6.98472
2948	-29.5	-21.5	36.503	1057.056	7.36136	3.51	3.6	10.703	5.1066E-8	1	0	7.21315
2949	-29.5	-20.5	35.924	1057.777	7.5217	3.51	3.6	10.124	5.3299E-8	1	0	7.44759
2950	-29.5	-19.5	35.362	1058.541	7.69731	3.51	3.6	9.562	5.5798E-8	1	0	7.68959
2951	-29.5	-18.5	34.821	1059.337	7.8871	3.51	3.6	9.021	5.8564E-8	1	0	7.94088
2952	-29.5	-17.5	34.3	1060.154	8.08978	3.51	3.6	8.5	6.1591E-8	1	0	8.20325
2953	-29.5	-16.5	33.801	1060.978	8.30383	3.51	3.6	8.001	6.487E-8	1	0	8.47844
2954	-29.5	-15.5	33.324	1061.799	8.52748	3.51	3.6	7.524	6.8388E-8	1	0	8.76814
2955	-29.5	-14.5	32.871	1062.604	8.75865	3.51	3.6	7.071	7.2121E-8	1	0	9.0738
2956	-29.5	-13.5	32.442	1063.382	8.99496	3.51	3.6	6.642	7.6039E-8	1	0	9.39653
2957	-29.5	-12.5	32.039	1064.122	9.23379	3.51	3.6	6.239	8.0106E-8	1	0	9.73679
2958	-29.5	-11.5	31.662	1064.816	9.47226	3.51	3.6	5.862	8.4271E-8	1	0	10.09425
2959	-29.5	-10.5	31.313	1065.456	9.70711	3.51	3.6	5.513	8.8478E-8	1	0	10.46758
2960	-29.5	-9.5	30.992	1066.035	9.93492	3.51	3.6	5.192	9.2656E-8	1	0	10.85401
2961	-29.5	-8.5	30.7	1066.549	10.15225	3.51	3.6	4.9	9.6733E-8	1	0	11.24891
2962	-29.5	-7.5	30.438	1066.997	10.35558	3.51	20	4.638	1.0063E-7	1	0	11.60681
2963	-29.5	-6.5	30.208	1067.383	10.5425	3.51	20	4.408	1.0428E-7	1	0	11.99814
2964	-29.5	-5.5	30.008	1067.702	10.71034	3.51	20	4.208	1.0761E-7	1	1	12.36937
2965	-29.5	-4.5	29.841	1067.957	10.85391	3.51	20	4.041	1.105E-7	0	0	12.7104
2966	-29.5	-3.5	29.707	1068.152	10.97077	3.51	20	3.907	1.1288E-7	0	0	13.0074
2967	-29.5	-2.5	29.606	1068.292	11.05988	3.51	20	3.806	1.1472E-7	0	0	13.24554
2968	-29.5	-1.5	29.538	1068.383	11.12026	3.51	20	3.738	1.1597E-7	0	0	13.41195
2969	-29.5	-0.5	29.504	1068.428	11.15085	3.51	20	3.704	1.166E-7	0	0	13.49747
2970	-29.5	0.5	29.504	1068.428	11.15085	3.51	20	3.704	1.166E-7	0	0	13.49747
2971	-29.5	1.5	29.538	1068.383	11.12026	3.51	20	3.738	1.1597E-7	0	0	13.41195
2972	-29.5	2.5	29.606	1068.292	11.05988	3.51	20	3.806	1.1472E-7	0	0	13.24554
2973	-29.5	3.5	29.707	1068.152	10.97077	3.51	20	3.907	1.1288E-7	0	0	13.0074
2974	-29.5	4.5	29.841	1067.957	10.85391	3.51	20	4.041	1.105E-7	0	0	12.7104
2975	-29.5	5.5	30.008	1067.702	10.71034	3.51	20	4.208	1.0761E-7	1	1	12.36937
2976	-29.5	6.5	30.208	1067.383	10.5425	3.51	20	4.408	1.0428E-7	1	0	11.99814
2977	-29.5	7.5	30.438	1066.997	10.35558	3.51	20	4.638	1.0063E-7	1	0	11.60681
2978	-29.5	8.5	30.7	1066.549	10.15225	3.51	3.6	4.9	9.6733E-8	1	0	11.24891
2979	-29.5	9.5	30.992	1066.035	9.93492	3.51	3.6	5.192	9.2656E-8	1	0	10.85401
2980	-29.5	10.5	31.313	1065.456	9.70711	3.51	3.6	5.513	8.8478E-8	1	0	10.46758
2981	-29.5	11.5	31.662	1064.816	9.47226	3.51	3.6	5.862	8.4271E-8	1	0	10.09425
2982	-29.5	12.5	32.039	1064.122	9.23379	3.51	3.6	6.239	8.0106E-8	1	0	9.73679
2983	-29.5	13.5	32.442	1063.382	8.99496	3.51	3.6	6.642	7.6039E-8	1	0	9.39653
2984	-29.5	14.5	32.871	1062.604	8.75865	3.51	3.6	7.071	7.2121E-8	1	0	9.0738
2985	-29.5	15.5	33.324	1061.799	8.52748	3.51	3.6	7.524	6.8388E-8	1	0	8.76814
2986	-29.5	16.5	33.801	1060.978	8.30383	3.51	3.6	8.001	6.487E-8	1	0	8.47844
2987	-29.5	17.5	34.3	1060.154	8.08978	3.51	3.6	8.5	6.1591E-8	1	0	8.20325
2988	-29.5	18.5	34.821	1059.337	7.8871	3.51	3.6	9.021	5.8564E-8	1	0	7.94088
2989	-29.5	19.5	35.362	1058.541	7.69731	3.51	3.6	9.562	5.5798E-8	1	0	7.68959
2990	-29.5	20.5	35.924	1057.777	7.5217	3.51	3.6	10.124	5.3299E-8	1	0	7.44759
2991	-29.5	21.5	36.503	1057.056	7.36136	3.51	3.6	10.703	5.1066E-8	1	0	7.21315
2992	-29.5	22.5	37.101	1056.387	7.21717	3.51	3.6	11.301	4.91E-8	1	0	6.98472
2993	-29.5	23.5	37.716	1055.782	7.08983	3.51	3.6	11.916	4.7395E-8	1	0	6.76088
2994	-29.5	24.5	38.347	1055.247	6.97989	3.51	3.6	12.547	4.5947E-8	1	0	6.54047
2995	-29.5	25.5	38.994	1054.791	6.88776	3.51	3.6	13.194	4.475E-8	1	0	6.32254
2996	-29.5	26.5	39.655	1054.418	6.81374	3.51	3.6	13.855	4.3801E-8	1	0	6.10638
2997	-29.5	27.5	40.33	1054.134	6.75806	3.51	3.6	14.53	4.3093E-8	1	0	5.89151
2998	-29.5	28.5	41.018	1053.943	6.72087	3.51	3.6	15.218	4.2623E-8	1	0	5.67768
2999	-29.5	29.5	41.719	1053.847	6.70403	3.51	3.6	15.919	4.2412E-8	1	0	5.46338
3000	-28.5	-29.5	41.018	1054.829	6.51897	3.51	3.6	15.218	4.0086E-8	1	0	5.8552
3001	-28.5	-28.5	40.305	1054.928	6.53692	3.51	3.6	14.505	4.0305E-8	1	0	6.10195
3002	-28.5	-27.5	39.604	1055.124	6.57708	3.51	3.6	13.804	4.0799E-8	1	0	6.34897
3003	-28.5	-26.5	38.917	1055.416	6.63723	3.51	3.6	13.117	4.1543E-8	1	0	6.59843
3004	-28.5	-25.5	38.243	1055.798	6.71729	3.51	3.6	12.443	4.2544E-8	1	0	6.85092
3005	-28.5	-24.5	37.583	1056.266	6.81707	3.51	3.6	11.783	4.3809E-8	1	0	7.10734
3006	-28.5	-23.5	36.939	1056.813	6.93634	3.51	3.6	11.139	4.5345E-8	1	0	7.36894
3007	-28.5	-22.5	36.311	1057.431	7.07476	3.51	3.6	10.511	4.716E-8	1	0	7.63737
3008	-28.5	-21.5	35.7	1058.112	7.23184	3.51	3.6	9.9	4.9263E-8	1	0	7.91465
3009	-28.5	-20.5	35.107	1058.845	7.40692	3.51	3.6	9.307	5.1661E-8	1	0	8.20323
3010	-28.5	-19.5	34.533	1059.619	7.59914	3.51	3.6	8.733	5.4359E-8	1	0	8.50594
3011	-28.5	-18.5	33.978	1060.422	7.80742	3.51	3.6	8.178	5.736E-8	1	0	8.82597
3012	-28.5	-17.5	33.444	1061.241	8.03043	3.51	3.6	7.644	6.0662E-8	1	0	9.1668
3013	-28.5	-16.5	32.932	1062.063	8.26663	3.51	3.6	7.132	6.426E-8	1	0	9.5321
3014	-28.5	-15.5	32.442	1062.874	8.5142	3.51	3.6	6.642	6.8143E-8	1	0	9.92566
3015	-28.5	-14.5	31.977	1063.662	8.77091	3.51	3.6	6.177	7.229E-8	1	0	10.35134
3016	-28.5	-13.5	31.536	1064.415	9.03411	3.51	3.6	5.736	7.6669E-8	1	0	10.8129
3017	-28.5	-12.5	31.121	1065.121	9.30098	3.51	3.6	5.321	8.1241E-8	1	0	11.31336
3018	-28.5	-11.5	30.733	1065.771	9.56839	3.51	3.6	4.933	8.5955E-8	1	0	11.85471
3019	-28.5	-10.5	30.373	1066.358	9.83249	3.51	20	4.573	9.0743E-8	1	0	12.39754
3020	-28.5	-9.5	30.042	1066.88	10.08915	3.51	20	4.242	9.5521E-8	1	0	13.02505
3021	-28.5	-8.5	29.741	1067.325	10.3346	3.51	20	3.941	1.0021E-7	0	0	13.68724
3022	-28.5	-7.5	29.47	1067.69	10.56344	3.51	20	3.67	1.0468E-7	0	0	14.37652
3023	-28.5	-6.5	29.232	1067.976	10.77485	3.51	20	3.432	1.0889E-7	0	0	15.0738
3024	-28.5	-5.5	29.026	1068.194	10.96841	3.51	20	3.226	1.1283E-7	0	0	15.75315
3025	-28.5	-4.5	28.853	1068.355	11.13144	3.51	20	3.053	1.162E-7	0	0	16.40066
3026	-28.5	-3.5	28.714	1068.469	11.26276	3.51	20	2.914	1.1895E-7	0	0	16.98224
3027	-28.5	-2.5	28.609	1068.545	11.36299	3.51	20	2.809	1.2108E-7	0	0	17.45938
3028	-28.5	-1.5	28.539	1068.591	11.43146	3.51	20	2.739	1.2254E-7	0	0	17.79808
3029	-28.5	-0.5	28.504	1068.613	11.46649	3.51	20	2.704	1.2329E-7	0	0	17.97369
3030	-28.5	0.5	28.504	1068.613	11.46649	3.51	20	2.704	1.2329E-7	0	0	17.97369
3031	-28.5	1.5	28.539	1068.591	11.43146	3.51	20	2.739	1.2254E-7	0	0	17.79808
3032	-28.5	2.5	28.609	1068.545	11.36299	3.51	20	2.809	1.2108E-7	0	0	17.45938
3033	-28.5	3.5	28.714	1068.469	11.26276	3.51	20	2.914	1.1895E-7	0	0	16.98224
3034	-28.5	4.5	28.853	1068.355	11.13144	3.51	20	3.053	1.162E-7	0	0	16.40066
3035	-28.5	5.5	29.026	1068.194	10.96841	3.51	20	3.226	1.1283E-7	0	0	15.75315
3036	-28.5	6.5	29.232	1067.976	10.77485	3.51	20	3.432	1.0889E-7	0	0	15.0738
3037	-28.5	7.5	29.47	1067.69	10.56344	3.51	20	3.67	1.0468E-7	0	0	14.37652
3038	-28.5	8.5	29.741	1067.325	10.3346	3.51	20	3.941	1.0021E-7	0	0	13.68724
3039	-28.5	9.5	30.042	1066.88	10.08915	3.51	20	4.242	9.5521E-8	1	0	13.02505
3040	-28.5	10.5	30.373	1066.358	9.83249	3.51	20	4.573	9.0743E-8	1	0	12.39754
3041	-28.5	11.5	30.733	1065.771	9.56839	3.51	3.6	4.933	8.5955E-8	1	0	11.85471
3042	-28.5	12.5	31.121	1065.121	9.30098	3.51	3.6	5.321	8.1241E-8	1	0	11.31336
3043	-28.5	13.5	31.536	1064.415	9.03411	3.51	3.6	5.736	7.6669E-8	1	0	10.8129
3044	-28.5	14.5	31.977	1063.662	8.77091	3.51	3.6	6.177	7.229E-8	1	0	10.35134
3045	-28.5	15.5	32.442	1062.874	8.5142	3.51	3.6	6.642	6.8143E-8	1	0	9.92566
3046	-28.5	16.5	32.932	1062.063	8.26663	3.51	3.6	7.132	6.426E-8	1	0	9.5321
3047	-28.5	17.5	33.444	1061.241	8.03043	3.51	3.6	7.644	6.0662E-8	1	0	9.1668
3048	-28.5	18.5	33.978	1060.422	7.80742	3.51	3.6	8.178	5.736E-8	1	0	8.82597
3049	-28.5	19.5	34.533	1059.619	7.59914	3.51	3.6	8.733	5.4359E-8	1	0	8.50594
3050	-28.5	20.5	35.107	1058.845	7.40692	3.51	3.6	9.307	5.1661E-8	1	0	8.20323
3051	-28.5	21.5	35.7	1058.112	7.23184	3.51	3.6	9.9	4.9263E-8	1	0	7.91465
3052	-28.5	22.5	36.311	1057.431	7.07476	3.51	3.6	10.511	4.716E-8	1	0	7.63737
3053	-28.5	23.5	36.939	1056.813	6.93634	3.51	3.6	11.139	4.5345E-8	1	0	7.36894
3054	-28.5	24.5	37.583	1056.266	6.81707	3.51	3.6	11.783	4.3809E-8	1	0	7.10734
3055	-28.5	25.5	38.243	1055.798	6.71729	3.51	3.6	12.443	4.2544E-8	1	0	6.85092
3056	-28.5	26.5	38.917	1055.416	6.63723	3.51	3.6	13.117	4.1543E-8	1	0	6.59843
3057	-28.5	27.5	39.604	1055.124	6.57708	3.51	3.6	13.804	4.0799E-8	1	0	6.34897
3058	-28.5	28.5	40.305	1054.928	6.53692	3.51	3.6	14.505	4.0305E-8	1	0	6.10195
3059	-28.5	29.5	41.018	1054.829	6.51897	3.51	3.6	15.218	4.0086E-8	1	0	5.8552
3060	-27.5	-29.5	40.33	1055.692	6.31956	3.51	3.6	14.53	3.7657E-8	1	0	6.30345
3061	-27.5	-28.5	39.604	1055.793	6.33862	3.51	3.6	13.804	3.7883E-8	1	0	6.58921
3062	-27.5	-27.5	38.891	1055.994	6.38183	3.51	3.6	13.091	3.8398E-8	1	0	6.87633
3063	-27.5	-26.5	38.19	1056.293	6.44663	3.51	3.6	12.39	3.9177E-8	1	0	7.168
3064	-27.5	-25.5	37.503	1056.684	6.53295	3.51	3.6	11.703	4.0226E-8	1	0	7.46529
3065	-27.5	-24.5	36.831	1057.162	6.64073	3.51	3.6	11.031	4.1556E-8	1	0	7.7698
3066	-27.5	-23.5	36.173	1057.721	6.76979	3.51	3.6	10.373	4.3176E-8	1	0	8.08367
3067	-27.5	-22.5	35.532	1058.351	6.9199	3.51	3.6	9.732	4.51E-8	1	0	8.40969
3068	-27.5	-21.5	34.907	1059.043	7.09067	3.51	3.6	9.107	4.734E-8	1	0	8.75133
3069	-27.5	-20.5	34.3	1059.786	7.28151	3.51	3.6	8.5	4.9906E-8	1	0	9.11285
3070	-27.5	-19.5	33.712	1060.566	7.49162	3.51	3.6	7.912	5.281E-8	1	0	9.49935
3071	-27.5	-18.5	33.144	1061.371	7.71989	3.51	3.6	7.344	5.6058E-8	1	0	9.91687
3072	-27.5	-17.5	32.596	1062.187	7.96498	3.51	3.6	6.796	5.9653E-8	1	0	10.37233
3073	-27.5	-16.5	32.07	1062.998	8.22537	3.51	3.6	6.27	6.3595E-8	1	0	10.87348
3074	-27.5	-15.5	31.567	1063.791	8.49933	3.51	3.6	5.767	6.7879E-8	1	0	11.42891
3075	-27.5	-14.5	31.089	1064.551	8.78448	3.51	3.6	5.289	7.2486E-8	1	0	12.04857
3076	-27.5	-13.5	30.635	1065.263	9.07764	3.51	20	4.835	7.7381E-8	1	0	12.69779
3077	-27.5	-12.5	30.208	1065.92	9.37591	3.51	20	4.408	8.2527E-8	1	0	13.48548
3078	-27.5	-11.5	29.808	1066.505	9.67636	3.51	20	4.008	8.7878E-8	0	0	14.3704
3079	-27.5	-10.5	29.436	1066.999	9.97404	3.51	20	3.636	9.3349E-8	0	0	15.36507
3080	-27.5	-9.5	29.095	1067.393	10.26355	3.51	20	3.295	9.883E-8	0	0	16.48004
3081	-27.5	-8.5	28.784	1067.697	10.54262	3.51	20	2.984	1.0426E-7	0	0	17.7158
3082	-27.5	-7.5	28.504	1067.919	10.79794	3.51	20	2.704	1.0936E-7	0	0	19.08281
3083	-27.5	-6.5	28.258	1068.068	11.03458	3.51	20	2.458	1.142E-7	0	0	20.54703
3084	-27.5	-5.5	28.045	1068.153	11.26674	3.51	20	2.245	1.1905E-7	0	0	22.03384
3085	-27.5	-4.5	27.866	1068.19	11.45042	3.51	20	2.066	1.2297E-7	0	0	23.55682
3086	-27.5	-3.5	27.722	1068.197	11.59556	3.51	20	1.922	1.261E-7	0	0	25.00325
3087	-27.5	-2.5	27.613	1068.188	11.70758	3.51	20	1.813	1.2855E-7	0	0	26.24412
3088	-27.5	-1.5	27.541	1068.176	11.78588	3.51	20	1.741	1.3028E-7	0	0	27.15536
3089	-27.5	-0.5	27.505	1068.167	11.82695	3.51	20	1.705	1.3119E-7	0	0	27.63763
3090	-27.5	0.5	27.505	1068.167	11.82695	3.51	20	1.705	1.3119E-7	0	0	27.63763
3091	-27.5	1.5	27.541	1068.176	11.78588	3.51	20	1.741	1.3028E-7	0	0	27.15536
3092	-27.5	2.5	27.613	1068.188	11.70758	3.51	20	1.813	1.2855E-7	0	0	26.24412
3093	-27.5	3.5	27.722	1068.197	11.59556	3.51	20	1.922	1.261E-7	0	0	25.00325
3094	-27.5	4.5	27.866	1068.19	11.45042	3.51	20	2.066	1.2297E-7	0	0	23.55682
3095	-27.5	5.5	28.045	1068.153	11.26674	3.51	20	2.245	1.1905E-7	0	0	22.03384
3096	-27.5	6.5	28.258	1068.068	11.03458	3.51	20	2.458	1.142E-7	0	0	20.54703
3097	-27.5	7.5	28.504	1067.919	10.79794	3.51	20	2.704	1.0936E-7	0	0	19.08281
3098	-27.5	8.5	28.784	1067.697	10.54262	3.51	20	2.984	1.0426E-7	0	0	17.7158
3099	-27.5	9.5	29.095	1067.393	10.26355	3.51	20	3.295	9.883E-8	0	0	16.48004
3100	-27.5	10.5	29.436	1066.999	9.97404	3.51	20	3.636	9.3349E-8	0	0	15.36507
3101	-27.5	11.5	29.808	1066.505	9.67636	3.51	20	4.008	8.7878E-8	0	0	14.3704
3102	-27.5	12.5	30.208	1065.92	9.37591	3.51	20	4.408	8.2527E-8	1	0	13.48548
3103	-27.5	13.5	30.635	1065.263	9.07764	3.51	20	4.835	7.7381E-8	1	0	12.69779
3104	-27.5	14.5	31.089	1064.551	8.78448	3.51	3.6	5.289	7.2486E-8	1	0	12.04857
3105	-27.5	15.5	31.567	1063.791	8.49933	3.51	3.6	5.767	6.7879E-8	1	0	11.42891
3106	-27.5	16.5	32.07	1062.998	8.22537	3.51	3.6	6.27	6.3595E-8	1	0	10.87348
3107	-27.5	17.5	32.596	1062.187	7.96498	3.51	3.6	6.796	5.9653E-8	1	0	10.37233
3108	-27.5	18.5	33.144	1061.371	7.71989	3.51	3.6	7.344	5.6058E-8	1	0	9.91687
3109	-27.5	19.5	33.712	1060.566	7.49162	3.51	3.6	7.912	5.281E-8	1	0	9.49935
3110	-27.5	20.5	34.3	1059.786	7.28151	3.51	3.6	8.5	4.9906E-8	1	0	9.11285
3111	-27.5	21.5	34.907	1059.043	7.09067	3.51	3.6	9.107	4.734E-8	1	0	8.75133
3112	-27.5	22.5	35.532	1058.351	6.9199	3.51	3.6	9.732	4.51E-8	1	0	8.40969
3113	-27.5	23.5	36.173	1057.721	6.76979	3.51	3.6	10.373	4.3176E-8	1	0	8.08367
3114	-27.5	24.5	36.831	1057.162	6.64073	3.51	3.6	11.031	4.1556E-8	1	0	7.7698
3115	-27.5	25.5	37.503	1056.684	6.53295	3.51	3.6	11.703	4.0226E-8	1	0	7.46529
3116	-27.5	26.5	38.19	1056.293	6.44663	3.51	3.6	12.39	3.9177E-8	1	0	7.168
3117	-27.5	27.5	38.891	1055.994	6.38183	3.51	3.6	13.091	3.8398E-8	1	0	6.87633
3118	-27.5	28.5	39.604	1055.793	6.33862	3.51	3.6	13.804	3.7883E-8	1	0	6.58921
3119	-27.5	29.5	40.33	1055.692	6.31956	3.51	3.6	14.53	3.7657E-8	1	0	6.30345
3120	-26.5	-29.5	39.655	1056.445	6.10542	3.51	3.6	13.855	3.5137E-8	1	0	6.8192
3121	-26.5	-28.5	38.917	1056.549	6.12554	3.51	3.6	13.117	3.5367E-8	1	0	7.15217
3122	-26.5	-27.5	38.19	1056.755	6.17188	3.51	3.6	12.39	3.5901E-8	1	0	7.48816
3123	-26.5	-26.5	37.477	1057.061	6.24143	3.51	3.6	11.677	3.671E-8	1	0	7.83178
3124	-26.5	-25.5	36.776	1057.461	6.33422	3.51	3.6	10.976	3.7803E-8	1	0	8.18492
3125	-26.5	-24.5	36.09	1057.949	6.45026	3.51	3.6	10.29	3.9193E-8	1	0	8.55026
3126	-26.5	-23.5	35.419	1058.519	6.58952	3.51	3.6	9.619	4.0894E-8	1	0	8.93142
3127	-26.5	-22.5	34.763	1059.16	6.75188	3.51	3.6	8.963	4.2922E-8	1	0	9.33308
3128	-26.5	-21.5	34.125	1059.861	6.93711	3.51	3.6	8.325	4.5295E-8	1	0	9.7612
3129	-26.5	-20.5	33.504	1060.611	7.14475	3.51	3.6	7.704	4.8032E-8	1	0	10.22324
3130	-26.5	-19.5	32.901	1061.395	7.37407	3.51	3.6	7.101	5.1148E-8	1	0	10.72856
3131	-26.5	-18.5	32.319	1062.198	7.62394	3.51	3.6	6.519	5.4654E-8	1	0	11.2888
3132	-26.5	-17.5	31.757	1063.005	7.89291	3.51	3.6	5.957	5.8558E-8	1	0	11.91823
3133	-26.5	-16.5	31.217	1063.798	8.17955	3.51	3.6	5.417	6.2867E-8	1	0	12.63378
3134	-26.5	-15.5	30.7	1064.561	8.48258	3.51	3.6	4.9	6.7589E-8	1	0	13.45549
3135	-26.5	-14.5	30.208	1065.28	8.79966	3.51	20	4.408	7.2714E-8	1	0	14.366
3136	-26.5	-13.5	29.741	1065.933	9.12602	3.51	20	3.941	7.8186E-8	0	0	15.49384
3137	-26.5	-12.5	29.3	1066.485	9.45899	3.51	20	3.5	8.3975E-8	0	0	16.8289
3138	-26.5	-11.5	28.888	1066.927	9.79781	3.51	20	3.088	9.0082E-8	0	0	18.41688
3139	-26.5	-10.5	28.504	1067.261	10.13474	3.51	20	2.704	9.637E-8	0	0	20.32782
3140	-26.5	-9.5	28.151	1067.486	10.45974	3.51	20	2.351	1.0264E-7	0	0	22.65248
3141	-26.5	-8.5	27.83	1067.61	10.78571	3.51	20	2.03	1.0913E-7	0	0	25.44671
3142	-26.5	-7.5	27.541	1067.65	11.06242	3.51	20	1.741	1.148E-7	0	0	28.92702
3143	-26.5	-6.5	27.286	1067.624	11.33665	3.51	20	1.486	1.2056E-7	0	0	33.07768
3144	-26.5	-5.5	27.065	1067.531	11.65477	3.51	20	1.265	1.2743E-7	0	0	37.78951
3145	-26.5	-4.5	26.879	1067.405	11.8505	3.51	20	1.079	1.3175E-7	0	0	43.54589
3146	-26.5	-3.5	26.73	1067.272	12.00295	3.51	20	1	1.3517E-7	0	0	46.40262
3147	-26.5	-2.5	26.618	1067.152	12.12209	3.51	20	1	1.3788E-7	0	0	45.94503
3148	-26.5	-1.5	26.542	1067.063	12.20299	3.51	20	1	1.3973E-7	0	1	45.63928
3149	-26.5	-0.5	26.505	1067.014	12.24281	3.51	20	1	1.4065E-7	0	1	45.49023
3150	-26.5	0.5	26.505	1067.014	12.24281	3.51	20	1	1.4065E-7	0	1	45.49023
3151	-26.5	1.5	26.542	1067.063	12.20299	3.51	20	1	1.3973E-7	0	1	45.63928
3152	-26.5	2.5	26.618	1067.152	12.12209	3.51	20	1	1.3788E-7	0	0	45.94503
3153	-26.5	3.5	26.73	1067.272	12.00295	3.51	20	1	1.3517E-7	0	0	46.40262
3154	-26.5	4.5	26.879	1067.405	11.8505	3.51	20	1.079	1.3175E-7	0	0	43.54589
3155	-26.5	5.5	27.065	1067.531	11.65477	3.51	20	1.265	1.2743E-7	0	0	37.78951
3156	-26.5	6.5	27.286	1067.624	11.33665	3.51	20	1.486	1.2056E-7	0	0	33.07768
3157	-26.5	7.5	27.541	1067.65	11.06242	3.51	20	1.741	1.148E-7	0	0	28.92702
3158	-26.5	8.5	27.83	1067.61	10.78571	3.51	20	2.03	1.0913E-7	0	0	25.44671
3159	-26.5	9.5	28.151	1067.486	10.45974	3.51	20	2.351	1.0264E-7	0	0	22.65248
3160	-26.5	10.5	28.504	1067.261	10.13474	3.51	20	2.704	9.637E-8	0	0	20.32782
3161	-26.5	11.5	28.888	1066.927	9.79781	3.51	20	3.088	9.0082E-8	0	0	18.41688
3162	-26.5	12.5	29.3	1066.485	9.45899	3.51	20	3.5	8.3975E-8	0	0	16.8289
3163	-26.5	13.5	29.741	1065.933	9.12602	3.51	20	3.941	7.8186E-8	0	0	15.49384
3164	-26.5	14.5	30.208	1065.28	8.79966	3.51	20	4.408	7.2714E-8	1	0	14.366
3165	-26.5	15.5	30.7	1064.561	8.48258	3.51	3.6	4.9	6.7589E-8	1	0	13.45549
3166	-26.5	16.5	31.217	1063.798	8.17955	3.51	3.6	5.417	6.2867E-8	1	0	12.63378
3167	-26.5	17.5	31.757	1063.005	7.89291	3.51	3.6	5.957	5.8558E-8	1	0	11.91823
3168	-26.5	18.5	32.319	1062.198	7.62394	3.51	3.6	6.519	5.4654E-8	1	0	11.2888
3169	-26.5	19.5	32.901	1061.395	7.37407	3.51	3.6	7.101	5.1148E-8	1	0	10.72856
3170	-26.5	20.5	33.504	1060.611	7.14475	3.51	3.6	7.704	4.8032E-8	1	0	10.22324
3171	-26.5	21.5	34.125	1059.861	6.93711	3.51	3.6	8.325	4.5295E-8	1	0	9.7612
3172	-26.5	22.5	34.763	1059.16	6.75188	3.51	3.6	8.963	4.2922E-8	1	0	9.33308
3173	-26.5	23.5	35.419	1058.519	6.58952	3.51	3.6	9.619	4.0894E-8	1	0	8.93142
3174	-26.5	24.5	36.09	1057.949	6.45026	3.51	3.6	10.29	3.9193E-8	1	0	8.55026
3175	-26.5	25.5	36.776	1057.461	6.33422	3.51	3.6	10.976	3.7803E-8	1	0	8.18492
3176	-26.5	26.5	37.477	1057.061	6.24143	3.51	3.6	11.677	3.671E-8	1	0	7.83178
3177	-26.5	27.5	38.19	1056.755	6.17188	3.51	3.6	12.39	3.5901E-8	1	0	7.48816
3178	-26.5	28.5	38.917	1056.549	6.12554	3.51	3.6	13.117	3.5367E-8	1	0	7.15217
3179	-26.5	29.5	39.655	1056.445	6.10542	3.51	3.6	13.855	3.5137E-8	1	0	6.8192
3180	-25.5	-29.5	38.994	1057.102	5.87628	3.51	3.6	13.194	3.254E-8	1	0	7.41621
3181	-25.5	-28.5	38.243	1057.209	5.8974	3.51	3.6	12.443	3.2773E-8	1	0	7.80678
3182	-25.5	-27.5	37.503	1057.42	5.94691	3.51	3.6	11.703	3.3322E-8	1	0	8.20282
3183	-25.5	-26.5	36.776	1057.732	6.02128	3.51	3.6	10.976	3.4156E-8	1	0	8.61101
3184	-25.5	-25.5	36.062	1058.141	6.12066	3.51	3.6	10.262	3.5287E-8	1	0	9.03453
3185	-25.5	-24.5	35.362	1058.64	6.24517	3.51	3.6	9.562	3.6729E-8	1	0	9.47787
3186	-25.5	-23.5	34.677	1059.22	6.39493	3.51	3.6	8.877	3.8502E-8	1	0	9.94705
3187	-25.5	-22.5	34.007	1059.871	6.57002	3.51	3.6	8.207	4.0628E-8	1	0	10.44998
3188	-25.5	-21.5	33.354	1060.581	6.77042	3.51	3.6	7.554	4.3131E-8	1	0	10.99692
3189	-25.5	-20.5	32.718	1061.336	6.9959	3.51	3.6	6.918	4.6037E-8	1	0	11.60118
3190	-25.5	-19.5	32.101	1062.121	7.24587	3.51	3.6	6.301	4.9369E-8	1	0	12.28022
3191	-25.5	-18.5	31.504	1062.918	7.5191	3.51	3.6	5.704	5.3145E-8	1	0	13.05727
3192	-25.5	-17.5	30.927	1063.709	7.81377	3.51	3.6	5.127	5.7372E-8	1	0	13.96319
3193	-25.5	-16.5	30.373	1064.476	8.12835	3.51	20	4.573	6.2064E-8	1	0	14.98883
3194	-25.5	-15.5	29.841	1065.198	8.4633	3.51	20	4.041	6.7264E-8	0	0	16.28811
3195	-25.5	-14.5	29.334	1065.829	8.81747	3.51	20	3.534	7.2991E-8	0	0	17.87602
3196	-25.5	-13.5	28.853	1066.344	9.18011	3.51	20	3.053	7.9101E-8	0	0	19.87563
3197	-25.5	-12.5	28.399	1066.736	9.54914	3.51	20	2.599	8.5574E-8	0	0	22.44577
3198	-25.5	-11.5	27.973	1067	9.93464	3.51	20	2.173	9.2613E-8	0	0	25.80059
3199	-25.5	-10.5	27.577	1067.134	10.32103	3.51	20	1.777	9.9951E-8	0	0	30.36771
3200	-25.5	-9.5	27.212	1067.148	10.72366	3.51	20	1.412	1.079E-7	0	0	36.78074
3201	-25.5	-8.5	26.879	1067.038	11.18272	3.51	20	1.079	1.1734E-7	0	0	46.14153
3202	-25.5	-7.5	26.58	1066.844	11.44413	3.51	20	1	1.229E-7	0	0	48.66266
3203	-25.48	-6.521	26.301	1066.586	11.81661	3.51	20	1	1.3105E-7	0	0	47.12533
3204	-25.6	-5.523	26.189	1066.428	11.8962	3.51	20	1	1.3283E-7	0	0	46.80796
3205	-25.699	-4.525	26.095	1066.283	12.03804	3.51	20	1	1.3602E-7	0	0	46.2546
3206	-25.778	-3.526	26.018	1066.155	12.20196	3.51	20	1	1.3976E-7	0	1	45.63158
3207	-25.837	-2.525	25.96	1066.05	12.34132	3.51	20	1	1.4298E-7	0	1	45.11499
3208	-25.877	-1.52	25.921	1065.976	12.43853	3.51	20	1	1.4524E-7	0	1	44.76146
3209	-25.897	-0.508	25.902	1065.937	12.48786	3.51	20	1	1.464E-7	0	1	44.58415
3210	-25.897	0.508	25.902	1065.937	12.48786	3.51	20	1	1.464E-7	0	1	44.58415
3211	-25.877	1.52	25.921	1065.976	12.43853	3.51	20	1	1.4524E-7	0	1	44.76146
3212	-25.837	2.525	25.96	1066.05	12.34132	3.51	20	1	1.4298E-7	0	1	45.11499
3213	-25.778	3.526	26.018	1066.155	12.20196	3.51	20	1	1.3976E-7	0	1	45.63158
3214	-25.699	4.525	26.095	1066.283	12.03804	3.51	20	1	1.3602E-7	0	0	46.2546
3215	-25.6	5.523	26.189	1066.428	11.8962	3.51	20	1	1.3283E-7	0	0	46.80796
3216	-25.48	6.521	26.301	1066.586	11.81661	3.51	20	1	1.3105E-7	0	0	47.12533
3217	-25.5	7.5	26.58	1066.844	11.44413	3.51	20	1	1.229E-7	0	0	48.66266
3218	-25.5	8.5	26.879	1067.038	11.18272	3.51	20	1.079	1.1734E-7	0	0	46.14153
3219	-25.5	9.5	27.212	1067.148	10.72366	3.51	20	1.412	1.079E-7	0	0	36.78074
3220	-25.5	10.5	27.577	1067.134	10.32103	3.51	20	1.777	9.9951E-8	0	0	30.36771
3221	-25.5	11.5	27.973	1067	9.93464	3.51	20	2.173	9.2613E-8	0	0	25.80059
3222	-25.5	12.5	28.399	1066.736	9.54914	3.51	20	2.599	8.5574E-8	0	0	22.44577
3223	-25.5	13.5	28.853	1066.344	9.18011	3.51	20	3.053	7.9101E-8	0	0	19.87563
3224	-25.5	14.5	29.334	1065.829	8.81747	3.51	20	3.534	7.2991E-8	0	0	17.87602
3225	-25.5	15.5	29.841	1065.198	8.4633	3.51	20	4.041	6.7264E-8	0	0	16.28811
3226	-25.5	16.5	30.373	1064.476	8.12835	3.51	20	4.573	6.2064E-8	1	0	14.98883
3227	-25.5	17.5	30.927	1063.709	7.81377	3.51	3.6	5.127	5.7372E-8	1	0	13.96319
3228	-25.5	18.5	31.504	1062.918	7.5191	3.51	3.6	5.704	5.3145E-8	1	0	13.05727
3229	-25.5	19.5	32.101	1062.121	7.24587	3.51	3.6	6.301	4.9369E-8	1	0	12.28022
3230	-25.5	20.5	32.718	1061.336	6.9959	3.51	3.6	6.918	4.6037E-8	1	0	11.60118
3231	-25.5	21.5	33.354	1060.581	6.77042	3.51	3.6	7.554	4.3131E-8	1	0	10.99692
3232	-25.5	22.5	34.007	1059.871	6.57002	3.51	3.6	8.207	4.0628E-8	1	0	10.44998
3233	-25.5	23.5	34.677	1059.22	6.39493	3.51	3.6	8.877	3.8502E-8	1	0	9.94705
3234	-25.5	24.5	35.362	1058.64	6.24517	3.51	3.6	9.562	3.6729E-8	1	0	9.47787
3235	-25.5	25.5	36.062	1058.141	6.12066	3.51	3.6	10.262	3.5287E-8	1	0	9.03453
3236	-25.5	26.5	36.776	1057.732	6.02128	3.51	3.6	10.976	3.4156E-8	1	0	8.61101
3237	-25.5	27.5	37.503	1057.42	5.94691	3.51	3.6	11.703	3.3322E-8	1	0	8.20282
3238	-25.5	28.5	38.243	1057.209	5.8974	3.51	3.6	12.443	3.2773E-8	1	0	7.80678
3239	-25.5	29.5	38.994	1057.102	5.87628	3.51	3.6	13.194	3.254E-8	1	0	7.41621
3240	-24.5	-29.5	38.347	1057.675	5.6321	3.51	3.6	12.547	2.9884E-8	1	0	8.11176
3241	-24.5	-28.5	37.583	1057.784	5.65413	3.51	3.6	11.783	3.0117E-8	1	0	8.57317
3242	-24.5	-27.5	36.831	1058.001	5.70679	3.51	3.6	11.031	3.0678E-8	1	0	9.04366
3243	-24.5	-26.5	36.09	1058.32	5.786	3.51	3.6	10.29	3.1531E-8	1	0	9.53294
3244	-24.5	-25.5	35.362	1058.738	5.89199	3.51	3.6	9.562	3.2691E-8	1	0	10.04629
3245	-24.5	-24.5	34.648	1059.247	6.02507	3.51	3.6	8.848	3.4177E-8	1	0	10.5911
3246	-24.5	-23.5	33.948	1059.838	6.18553	3.51	3.6	8.148	3.6013E-8	1	0	11.17746
3247	-24.5	-22.5	33.264	1060.499	6.37368	3.51	3.6	7.464	3.8226E-8	1	0	11.81886
3248	-24.5	-21.5	32.596	1061.217	6.58982	3.51	3.6	6.796	4.085E-8	1	0	12.53331
3249	-24.5	-20.5	31.945	1061.977	6.83413	3.51	3.6	6.145	4.3921E-8	1	0	13.34502
3250	-24.5	-19.5	31.313	1062.76	7.10638	3.51	3.6	5.513	4.7474E-8	1	0	14.28741
3251	-24.5	-18.5	30.7	1063.548	7.40525	3.51	3.6	4.9	5.1533E-8	1	0	15.4086
3252	-24.5	-17.5	30.108	1064.32	7.72756	3.51	20	4.308	5.6098E-8	1	0	16.73159
3253	-24.5	-16.5	29.538	1065.036	8.07027	3.51	20	3.738	6.1166E-8	0	0	18.46343
3254	-24.5	-15.5	28.991	1065.645	8.43911	3.51	20	3.191	6.6867E-8	0	0	20.68074
3255	-24.5	-14.5	28.469	1066.133	8.8415	3.51	20	2.669	7.338E-8	0	0	23.59993
3256	-24.5	-13.5	27.973	1066.482	9.24276	3.51	20	2.173	8.018E-8	0	0	27.72793
3257	-24.5	-12.5	27.505	1066.681	9.63914	3.51	20	1.705	8.7197E-8	0	0	33.89651
3258	-24.5	-11.5	27.065	1066.726	10.17848	3.51	20	1.265	9.7226E-8	0	0	43.26083
3259	-24.5	-10.5	26.655	1066.612	10.69512	3.51	20	1	1.0735E-7	0	0	52.06727
3260	-24.486	-9.533	26.276	1066.362	11.15152	3.51	20	1	1.1672E-7	0	0	49.93283
3261	-24.671	-8.545	26.109	1066.174	11.2444	3.51	20	1	1.1868E-7	0	0	49.51777
3262	-24.83	-7.58	25.961	1065.992	11.65886	3.51	20	1	1.276E-7	0	0	47.75506
3263	-24.83	7.58	25.961	1065.992	11.65886	3.51	20	1	1.276E-7	0	0	47.75506
3264	-24.671	8.545	26.109	1066.174	11.2444	3.51	20	1	1.1868E-7	0	0	49.51777
3265	-24.486	9.533	26.276	1066.362	11.15152	3.51	20	1	1.1672E-7	0	0	49.93283
3266	-24.5	10.5	26.655	1066.612	10.69512	3.51	20	1	1.0735E-7	0	0	52.06727
3267	-24.5	11.5	27.065	1066.726	10.17848	3.51	20	1.265	9.7226E-8	0	0	43.26083
3268	-24.5	12.5	27.505	1066.681	9.63914	3.51	20	1.705	8.7197E-8	0	0	33.89651
3269	-24.5	13.5	27.973	1066.482	9.24276	3.51	20	2.173	8.018E-8	0	0	27.72793
3270	-24.5	14.5	28.469	1066.133	8.8415	3.51	20	2.669	7.338E-8	0	0	23.59993
3271	-24.5	15.5	28.991	1065.645	8.43911	3.51	20	3.191	6.6867E-8	0	0	20.68074
3272	-24.5	16.5	29.538	1065.036	8.07027	3.51	20	3.738	6.1166E-8	0	0	18.46343
3273	-24.5	17.5	30.108	1064.32	7.72756	3.51	20	4.308	5.6098E-8	1	0	16.73159
3274	-24.5	18.5	30.7	1063.548	7.40525	3.51	3.6	4.9	5.1533E-8	1	0	15.4086
3275	-24.5	19.5	31.313	1062.76	7.10638	3.51	3.6	5.513	4.7474E-8	1	0	14.28741
3276	-24.5	20.5	31.945	1061.977	6.83413	3.51	3.6	6.145	4.3921E-8	1	0	13.34502
3277	-24.5	21.5	32.596	1061.217	6.58982	3.51	3.6	6.796	4.085E-8	1	0	12.53331
3278	-24.5	22.5	33.264	1060.499	6.37368	3.51	3.6	7.464	3.8226E-8	1	0	11.81886
3279	-24.5	23.5	33.948	1059.838	6.18553	3.51	3.6	8.148	3.6013E-8	1	0	11.17746
3280	-24.5	24.5	34.648	1059.247	6.02507	3.51	3.6	8.848	3.4177E-8	1	0	10.5911
3281	-24.5	25.5	35.362	1058.738	5.89199	3.51	3.6	9.562	3.2691E-8	1	0	10.04629
3282	-24.5	26.5	36.09	1058.32	5.786	3.51	3.6	10.29	3.1531E-8	1	0	9.53294
3283	-24.5	27.5	36.831	1058.001	5.70679	3.51	3.6	11.031	3.0678E-8	1	0	9.04366
3284	-24.5	28.5	37.583	1057.784	5.65413	3.51	3.6	11.783	3.0117E-8	1	0	8.57317
3285	-24.5	29.5	38.347	1057.675	5.6321	3.51	3.6	12.547	2.9884E-8	1	0	8.11176
3286	-23.5	-29.5	37.716	1058.177	5.37306	3.51	3.6	11.916	2.7193E-8	1	0	8.92765
3287	-23.5	-28.5	36.939	1058.289	5.39587	3.51	3.6	11.139	2.7423E-8	1	0	9.47695
3288	-23.5	-27.5	36.173	1058.511	5.45162	3.51	3.6	10.373	2.799E-8	1	0	10.04064
3289	-23.5	-26.5	35.419	1058.838	5.53559	3.51	3.6	9.619	2.8855E-8	1	0	10.63289
3290	-23.5	-25.5	34.677	1059.266	5.64816	3.51	3.6	8.877	3.0035E-8	1	0	11.26237
3291	-23.5	-24.5	33.948	1059.786	5.78978	3.51	3.6	8.148	3.1553E-8	1	0	11.94129
3292	-23.5	-23.5	33.234	1060.389	5.96098	3.51	3.6	7.434	3.3437E-8	1	0	12.68671
3293	-23.5	-22.5	32.535	1061.06	6.16233	3.51	3.6	6.735	3.5724E-8	1	0	13.52211
3294	-23.5	-21.5	31.851	1061.787	6.39452	3.51	3.6	6.051	3.8455E-8	1	0	14.47996
3295	-23.5	-20.5	31.185	1062.551	6.65841	3.51	3.6	5.385	4.1681E-8	1	0	15.60572
3296	-23.5	-19.5	30.537	1063.333	6.95484	3.51	20	4.737	4.546E-8	1	0	16.9067
3297	-23.5	-18.5	29.908	1064.109	7.28299	3.51	20	4.108	4.9834E-8	0	0	18.61425
3298	-23.5	-17.5	29.3	1064.819	7.63636	3.51	20	3.5	5.477E-8	0	0	20.83587
3299	-23.5	-16.5	28.714	1065.419	8.00242	3.51	20	2.914	6.0132E-8	0	0	23.88079
3300	-23.5	-15.5	28.151	1065.889	8.3998	3.51	20	2.351	6.6239E-8	0	0	28.19513
3301	-23.5	-14.5	27.613	1066.212	8.88492	3.51	20	1.813	7.41E-8	0	0	34.56257
3302	-23.5	-13.5	27.102	1066.367	9.42345	3.51	20	1.302	8.335E-8	0	0	45.39717
3303	-23.5	-12.5	26.618	1066.336	10.10591	3.51	20	1	9.5861E-8	0	0	55.09871
3304	-23.535	-11.546	26.215	1066.151	10.59096	3.51	20	1	1.0529E-7	0	0	52.57259
3305	-23.763	-10.585	26.014	1065.983	10.78833	3.51	20	1	1.0926E-7	0	0	51.60834
3306	-23.763	10.585	26.014	1065.983	10.78833	3.51	20	1	1.0926E-7	0	0	51.60834
3307	-23.535	11.546	26.215	1066.151	10.59096	3.51	20	1	1.0529E-7	0	0	52.57259
3308	-23.5	12.5	26.618	1066.336	10.10591	3.51	20	1	9.5861E-8	0	0	55.09871
3309	-23.5	13.5	27.102	1066.367	9.42345	3.51	20	1.302	8.335E-8	0	0	45.39717
3310	-23.5	14.5	27.613	1066.212	8.88492	3.51	20	1.813	7.41E-8	0	0	34.56257
3311	-23.5	15.5	28.151	1065.889	8.3998	3.51	20	2.351	6.6239E-8	0	0	28.19513
3312	-23.5	16.5	28.714	1065.419	8.00242	3.51	20	2.914	6.0132E-8	0	0	23.88079
3313	-23.5	17.5	29.3	1064.819	7.63636	3.51	20	3.5	5.477E-8	0	0	20.83587
3314	-23.5	18.5	29.908	1064.109	7.28299	3.51	20	4.108	4.9834E-8	0	0	18.61425
3315	-23.5	19.5	30.537	1063.333	6.95484	3.51	20	4.737	4.546E-8	1	0	16.9067
3316	-23.5	20.5	31.185	1062.551	6.65841	3.51	3.6	5.385	4.1681E-8	1	0	15.60572
3317	-23.5	21.5	31.851	1061.787	6.39452	3.51	3.6	6.051	3.8455E-8	1	0	14.47996
3318	-23.5	22.5	32.535	1061.06	6.16233	3.51	3.6	6.735	3.5724E-8	1	0	13.52211
3319	-23.5	23.5	33.234	1060.389	5.96098	3.51	3.6	7.434	3.3437E-8	1	0	12.68671
3320	-23.5	24.5	33.948	1059.786	5.78978	3.51	3.6	8.148	3.1553E-8	1	0	11.94129
3321	-23.5	25.5	34.677	1059.266	5.64816	3.51	3.6	8.877	3.0035E-8	1	0	11.26237
3322	-23.5	26.5	35.419	1058.838	5.53559	3.51	3.6	9.619	2.8855E-8	1	0	10.63289
3323	-23.5	27.5	36.173	1058.511	5.45162	3.51	3.6	10.373	2.799E-8	1	0	10.04064
3324	-23.5	28.5	36.939	1058.289	5.39587	3.51	3.6	11.139	2.7423E-8	1	0	9.47695
3325	-23.5	29.5	37.716	1058.177	5.37306	3.51	3.6	11.916	2.7193E-8	1	0	8.92765
3326	-22.5	-29.5	37.101	1058.621	5.09964	3.51	3.6	11.301	2.4491E-8	1	0	9.89171
3327	-22.5	-28.5	36.311	1058.735	5.12307	3.51	3.6	10.511	2.4715E-8	1	0	10.55106
3328	-22.5	-27.5	35.532	1058.963	5.18178	3.51	3.6	9.732	2.5283E-8	1	0	11.23259
3329	-22.5	-26.5	34.763	1059.3	5.27035	3.51	3.6	8.963	2.6151E-8	1	0	11.95717
3330	-22.5	-25.5	34.007	1059.739	5.38932	3.51	3.6	8.207	2.7339E-8	1	0	12.73889
3331	-22.5	-24.5	33.264	1060.271	5.53935	3.51	3.6	7.464	2.8876E-8	1	0	13.59812
3332	-22.5	-23.5	32.535	1060.887	5.72118	3.51	3.6	6.735	3.0795E-8	1	0	14.56405
3333	-22.5	-22.5	31.82	1061.572	5.93559	3.51	3.6	6.02	3.3137E-8	1	0	15.67872
3334	-22.5	-21.5	31.121	1062.309	6.18364	3.51	3.6	5.321	3.5952E-8	1	0	17.00311
3335	-22.5	-20.5	30.438	1063.079	6.46711	3.51	20	4.638	3.9311E-8	1	0	18.56525
3336	-22.5	-19.5	29.774	1063.855	6.78938	3.51	20	3.974	4.3312E-8	0	0	20.63841
3337	-22.5	-18.5	29.129	1064.566	7.1538	3.51	20	3.329	4.8072E-8	0	0	23.38174
3338	-22.5	-17.5	28.504	1065.172	7.55036	3.51	20	2.704	5.3536E-8	0	0	27.26983
3339	-22.5	-16.5	27.902	1065.644	7.92202	3.51	20	2.102	5.8924E-8	0	0	33.44429
3340	-22.5	-15.5	27.322	1065.958	8.29952	3.51	20	1.522	6.4664E-8	0	0	44.07477
3341	-22.5	-14.5	26.768	1066.092	9.08438	3.51	20	1	7.7469E-8	0	0	61.29037
3342	-22.476	-13.55	26.245	1066.015	9.72534	3.51	20	1	8.8789E-8	0	0	57.24973
3343	-22.754	-12.607	26.013	1065.898	9.84456	3.51	20	1	9.0984E-8	0	0	56.55457
3344	-22.754	12.607	26.013	1065.898	9.84456	3.51	20	1	9.0984E-8	0	0	56.55457
3345	-22.476	13.55	26.245	1066.015	9.72534	3.51	20	1	8.8789E-8	0	0	57.24973
3346	-22.5	14.5	26.768	1066.092	9.08438	3.51	20	1	7.7469E-8	0	0	61.29037
3347	-22.5	15.5	27.322	1065.958	8.29952	3.51	20	1.522	6.4664E-8	0	0	44.07477
3348	-22.5	16.5	27.902	1065.644	7.92202	3.51	20	2.102	5.8924E-8	0	0	33.44429
3349	-22.5	17.5	28.504	1065.172	7.55036	3.51	20	2.704	5.3536E-8	0	0	27.26983
3350	-22.5	18.5	29.129	1064.566	7.1538	3.51	20	3.329	4.8072E-8	0	0	23.38174
3351	-22.5	19.5	29.774	1063.855	6.78938	3.51	20	3.974	4.3312E-8	0	0	20.63841
3352	-22.5	20.5	30.438	1063.079	6.46711	3.51	20	4.638	3.9311E-8	1	0	18.56525
3353	-22.5	21.5	31.121	1062.309	6.18364	3.51	3.6	5.321	3.5952E-8	1	0	17.00311
3354	-22.5	22.5	31.82	1061.572	5.93559	3.51	3.6	6.02	3.3137E-8	1	0	15.67872
3355	-22.5	23.5	32.535	1060.887	5.72118	3.51	3.6	6.735	3.0795E-8	1	0	14.56405
3356	-22.5	24.5	33.264	1060.271	5.53935	3.51	3.6	7.464	2.8876E-8	1	0	13.59812
3357	-22.5	25.5	34.007	1059.739	5.38932	3.51	3.6	8.207	2.7339E-8	1	0	12.73889
3358	-22.5	26.5	34.763	1059.3	5.27035	3.51	3.6	8.963	2.6151E-8	1	0	11.95717
3359	-22.5	27.5	35.532	1058.963	5.18178	3.51	3.6	9.732	2.5283E-8	1	0	11.23259
3360	-22.5	28.5	36.311	1058.735	5.12307	3.51	3.6	10.511	2.4715E-8	1	0	10.55106
3361	-22.5	29.5	37.101	1058.621	5.09964	3.51	3.6	11.301	2.4491E-8	1	0	9.89171
3362	-21.5	-29.5	36.503	1059.018	4.81265	3.51	3.6	10.703	2.1808E-8	1	0	11.03969
3363	-21.5	-28.5	35.7	1059.136	4.83647	3.51	3.6	9.9	2.2024E-8	1	0	11.83818
3364	-21.5	-27.5	34.907	1059.371	4.89795	3.51	3.6	9.107	2.2585E-8	1	0	12.67035
3365	-21.5	-26.5	34.125	1059.718	4.99086	3.51	3.6	8.325	2.3446E-8	1	0	13.56713
3366	-21.5	-25.5	33.354	1060.17	5.11595	3.51	3.6	7.554	2.4632E-8	1	0	14.55152
3367	-21.5	-24.5	32.596	1060.717	5.27414	3.51	3.6	6.796	2.6172E-8	1	0	15.65762
3368	-21.5	-23.5	31.851	1061.349	5.46639	3.51	3.6	6.051	2.8107E-8	1	0	16.93636
3369	-21.5	-22.5	31.121	1062.05	5.69358	3.51	3.6	5.321	3.0483E-8	1	0	18.46523
3370	-21.5	-21.5	30.406	1062.801	5.95661	3.51	20	4.606	3.3354E-8	1	0	20.29834
3371	-21.5	-20.5	29.707	1063.573	6.25754	3.51	20	3.907	3.6797E-8	0	0	22.77552
3372	-21.5	-19.5	29.026	1064.289	6.60395	3.51	20	3.226	4.0971E-8	0	0	26.13568
3373	-21.5	-18.5	28.364	1064.911	7.01592	3.51	20	2.564	4.623E-8	0	0	30.95404
3374	-21.5	-17.5	27.722	1065.411	7.50839	3.51	20	1.922	5.2937E-8	0	0	38.58367
3375	-21.5	-16.5	27.102	1065.748	7.95068	3.51	20	1.302	5.9348E-8	0	0	53.79717
3376	-21.5	-15.5	26.505	1065.893	8.81924	3.51	20	1	7.3019E-8	0	0	63.12948
3377	-21.639	-14.585	26.096	1065.873	9.62408	3.51	20	1	8.6955E-8	0	0	57.8498
3378	-21.639	14.585	26.096	1065.873	9.62408	3.51	20	1	8.6955E-8	0	0	57.8498
3379	-21.5	15.5	26.505	1065.893	8.81924	3.51	20	1	7.3019E-8	0	0	63.12948
3380	-21.5	16.5	27.102	1065.748	7.95068	3.51	20	1.302	5.9348E-8	0	0	53.79717
3381	-21.5	17.5	27.722	1065.411	7.50839	3.51	20	1.922	5.2937E-8	0	0	38.58367
3382	-21.5	18.5	28.364	1064.911	7.01592	3.51	20	2.564	4.623E-8	0	0	30.95404
3383	-21.5	19.5	29.026	1064.289	6.60395	3.51	20	3.226	4.0971E-8	0	0	26.13568
3384	-21.5	20.5	29.707	1063.573	6.25754	3.51	20	3.907	3.6797E-8	0	0	22.77552
3385	-21.5	21.5	30.406	1062.801	5.95661	3.51	20	4.606	3.3354E-8	1	0	20.29834
3386	-21.5	22.5	31.121	1062.05	5.69358	3.51	3.6	5.321	3.0483E-8	1	0	18.46523
3387	-21.5	23.5	31.851	1061.349	5.46639	3.51	3.6	6.051	2.8107E-8	1	0	16.93636
3388	-21.5	24.5	32.596	1060.717	5.27414	3.51	3.6	6.796	2.6172E-8	1	0	15.65762
3389	-21.5	25.5	33.354	1060.17	5.11595	3.51	3.6	7.554	2.4632E-8	1	0	14.55152
3390	-21.5	26.5	34.125	1059.718	4.99086	3.51	3.6	8.325	2.3446E-8	1	0	13.56713
3391	-21.5	27.5	34.907	1059.371	4.89795	3.51	3.6	9.107	2.2585E-8	1	0	12.67035
3392	-21.5	28.5	35.7	1059.136	4.83647	3.51	3.6	9.9	2.2024E-8	1	0	11.83818
3393	-21.5	29.5	36.503	1059.018	4.81265	3.51	3.6	10.703	2.1808E-8	1	0	11.03969
3394	-20.5	-29.5	35.924	1059.381	4.51325	3.51	3.6	10.124	1.9176E-8	1	0	12.418
3395	-20.5	-28.5	35.107	1059.503	4.53722	3.51	3.6	9.307	1.9379E-8	1	0	13.39424
3396	-20.5	-27.5	34.3	1059.746	4.60117	3.51	3.6	8.5	1.9928E-8	1	0	14.42123
3397	-20.5	-26.5	33.504	1060.105	4.69802	3.51	3.6	7.704	2.0772E-8	1	0	15.54524
3398	-20.5	-25.5	32.718	1060.573	4.8288	3.51	3.6	6.918	2.194E-8	1	0	16.80392
3399	-20.5	-24.5	31.945	1061.139	4.9948	3.51	3.6	6.145	2.3469E-8	1	0	18.25493
3400	-20.5	-23.5	31.185	1061.791	5.19734	3.51	3.6	5.385	2.5404E-8	1	0	19.98846
3401	-20.5	-22.5	30.438	1062.513	5.43732	3.51	20	4.638	2.7795E-8	1	0	22.07791
3402	-20.5	-21.5	29.707	1063.277	5.7144	3.51	20	3.907	3.069E-8	0	0	24.93819
3403	-20.5	-20.5	28.991	1063.999	6.02713	3.51	20	3.191	3.4131E-8	0	0	28.94358
3404	-20.5	-19.5	28.293	1064.639	6.38147	3.51	20	2.493	3.8251E-8	0	0	34.99187
3405	-20.5	-18.5	27.613	1065.172	6.83585	3.51	20	1.813	4.3883E-8	0	0	44.90978
3406	-20.5	-17.5	26.954	1065.567	7.48224	3.51	20	1.154	5.2565E-8	0	0	64.49413
3407	-20.391	-16.559	26.268	1065.759	7.98807	3.51	20	1	5.9907E-8	0	0	69.69561
3408	-20.749	-15.666	25.998	1065.769	7.82978	3.51	20	1	5.7557E-8	0	0	71.10478
3409	-20.749	15.666	25.998	1065.769	7.82978	3.51	20	1	5.7557E-8	0	0	71.10478
3410	-20.391	16.559	26.268	1065.759	7.98807	3.51	20	1	5.9907E-8	0	0	69.69561
3411	-20.5	17.5	26.954	1065.567	7.48224	3.51	20	1.154	5.2565E-8	0	0	64.49413
3412	-20.5	18.5	27.613	1065.172	6.83585	3.51	20	1.813	4.3883E-8	0	0	44.90978
3413	-20.5	19.5	28.293	1064.639	6.38147	3.51	20	2.493	3.8251E-8	0	0	34.99187
3414	-20.5	20.5	28.991	1063.999	6.02713	3.51	20	3.191	3.4131E-8	0	0	28.94358
3415	-20.5	21.5	29.707	1063.277	5.7144	3.51	20	3.907	3.069E-8	0	0	24.93819
3416	-20.5	22.5	30.438	1062.513	5.43732	3.51	20	4.638	2.7795E-8	1	0	22.07791
3417	-20.5	23.5	31.185	1061.791	5.19734	3.51	3.6	5.385	2.5404E-8	1	0	19.98846
3418	-20.5	24.5	31.945	1061.139	4.9948	3.51	3.6	6.145	2.3469E-8	1	0	18.25493
3419	-20.5	25.5	32.718	1060.573	4.8288	3.51	3.6	6.918	2.194E-8	1	0	16.80392
3420	-20.5	26.5	33.504	1060.105	4.69802	3.51	3.6	7.704	2.0772E-8	1	0	15.54524
3421	-20.5	27.5	34.3	1059.746	4.60117	3.51	3.6	8.5	1.9928E-8	1	0	14.42123
3422	-20.5	28.5	35.107	1059.503	4.53722	3.51	3.6	9.307	1.9379E-8	1	0	13.39424
3423	-20.5	29.5	35.924	1059.381	4.51325	3.51	3.6	10.124	1.9176E-8	1	0	12.418
3424	-19.5	-29.5	35.362	1059.721	4.20305	3.51	3.6	9.562	1.6628E-8	1	0	14.08739
3425	-19.5	-28.5	34.533	1059.848	4.22686	3.51	3.6	8.733	1.6816E-8	1	0	15.29321
3426	-19.5	-27.5	33.712	1060.101	4.29287	3.51	3.6	7.912	1.7344E-8	1	0	16.57535
3427	-19.5	-26.5	32.901	1060.474	4.39308	3.51	3.6	7.101	1.816E-8	1	0	18.00379
3428	-19.5	-25.5	32.101	1060.96	4.5289	3.51	3.6	6.301	1.9296E-8	1	0	19.6408
3429	-19.5	-24.5	31.313	1061.549	4.70217	3.51	3.6	5.513	2.0796E-8	1	0	21.58511
3430	-19.5	-23.5	30.537	1062.227	4.91499	3.51	20	4.737	2.2714E-8	1	0	23.91602
3431	-19.5	-22.5	29.774	1062.973	5.16902	3.51	20	3.974	2.5115E-8	0	0	27.10135
3432	-19.5	-21.5	29.026	1063.703	5.46266	3.51	20	3.226	2.8041E-8	0	0	31.5909
3433	-19.5	-20.5	28.293	1064.368	5.78311	3.51	20	2.493	3.1418E-8	0	0	38.60949
3434	-19.5	-19.5	27.577	1064.936	6.09468	3.51	20	1.777	3.4886E-8	0	0	51.3946
3435	-19.5	-18.5	26.879	1065.378	6.43345	3.51	20	1.079	3.8865E-8	0	0	80.16675
3436	-19.443	-17.574	26.208	1065.672	7.64116	3.51	20	1	5.4819E-8	0	0	72.85797
3437	-19.443	17.574	26.208	1065.672	7.64116	3.51	20	1	5.4819E-8	0	0	72.85797
3438	-19.5	18.5	26.879	1065.378	6.43345	3.51	20	1.079	3.8865E-8	0	0	80.16675
3439	-19.5	19.5	27.577	1064.936	6.09468	3.51	20	1.777	3.4886E-8	0	0	51.3946
3440	-19.5	20.5	28.293	1064.368	5.78311	3.51	20	2.493	3.1418E-8	0	0	38.60949
3441	-19.5	21.5	29.026	1063.703	5.46266	3.51	20	3.226	2.8041E-8	0	0	31.5909
3442	-19.5	22.5	29.774	1062.973	5.16902	3.51	20	3.974	2.5115E-8	0	0	27.10135
3443	-19.5	23.5	30.537	1062.227	4.91499	3.51	20	4.737	2.2714E-8	1	0	23.91602
3444	-19.5	24.5	31.313	1061.549	4.70217	3.51	3.6	5.513	2.0796E-8	1	0	21.58511
3445	-19.5	25.5	32.101	1060.96	4.5289	3.51	3.6	6.301	1.9296E-8	1	0	19.6408
3446	-19.5	26.5	32.901	1060.474	4.39308	3.51	3.6	7.101	1.816E-8	1	0	18.00379
3447	-19.5	27.5	33.712	1060.101	4.29287	3.51	3.6	7.912	1.7344E-8	1	0	16.57535
3448	-19.5	28.5	34.533	1059.848	4.22686	3.51	3.6	8.733	1.6816E-8	1	0	15.29321
3449	-19.5	29.5	35.362	1059.721	4.20305	3.51	3.6	9.562	1.6628E-8	1	0	14.08739
3450	-18.5	-29.5	34.821	1060.048	3.8841	3.51	3.6	9.021	1.4199E-8	1	0	16.12822
3451	-18.5	-28.5	33.978	1060.181	3.9074	3.51	3.6	8.178	1.4369E-8	1	0	17.634
3452	-18.5	-27.5	33.144	1060.445	3.97493	3.51	3.6	7.344	1.4868E-8	1	0	19.2548
3453	-18.5	-26.5	32.319	1060.835	4.07771	3.51	3.6	6.519	1.5644E-8	1	0	21.09797
3454	-18.5	-25.5	31.504	1061.344	4.21754	3.51	3.6	5.704	1.6732E-8	1	0	23.26826
3455	-18.5	-24.5	30.7	1061.961	4.39698	3.51	3.6	4.9	1.8181E-8	1	0	25.93897
3456	-18.5	-23.5	29.908	1062.671	4.61958	3.51	20	4.108	2.0062E-8	0	0	29.33447
3457	-18.5	-22.5	29.129	1063.4	4.89018	3.51	20	3.329	2.2474E-8	0	0	34.19378
3458	-18.5	-21.5	28.364	1064.091	5.21306	3.51	20	2.564	2.5533E-8	0	0	41.64948
3459	-18.5	-20.5	27.613	1064.713	5.57428	3.51	20	1.813	2.9186E-8	0	0	55.06673
3460	-18.5	-19.5	26.879	1065.219	5.82922	3.51	20	1.079	3.1909E-8	0	0	88.47253
3461	-18.545	-18.545	26.227	1065.538	7.1986	3.51	20	1	4.8656E-8	0	0	77.3343
3462	-18.545	18.545	26.227	1065.538	7.1986	3.51	20	1	4.8656E-8	0	0	77.3343
3463	-18.5	19.5	26.879	1065.219	5.82922	3.51	20	1.079	3.1909E-8	0	0	88.47253
3464	-18.5	20.5	27.613	1064.713	5.57428	3.51	20	1.813	2.9186E-8	0	0	55.06673
3465	-18.5	21.5	28.364	1064.091	5.21306	3.51	20	2.564	2.5533E-8	0	0	41.64948
3466	-18.5	22.5	29.129	1063.4	4.89018	3.51	20	3.329	2.2474E-8	0	0	34.19378
3467	-18.5	23.5	29.908	1062.671	4.61958	3.51	20	4.108	2.0062E-8	0	0	29.33447
3468	-18.5	24.5	30.7	1061.961	4.39698	3.51	3.6	4.9	1.8181E-8	1	0	25.93897
3469	-18.5	25.5	31.504	1061.344	4.21754	3.51	3.6	5.704	1.6732E-8	1	0	23.26826
3470	-18.5	26.5	32.319	1060.835	4.07771	3.51	3.6	6.519	1.5644E-8	1	0	21.09797
3471	-18.5	27.5	33.144	1060.445	3.97493	3.51	3.6	7.344	1.4868E-8	1	0	19.2548
3472	-18.5	28.5	33.978	1060.181	3.9074	3.51	3.6	8.178	1.4369E-8	1	0	17.634
3473	-18.5	29.5	34.821	1060.048	3.8841	3.51	3.6	9.021	1.4199E-8	1	0	16.12822
3474	-17.5	-29.5	34.3	1060.369	3.55896	3.51	3.6	8.5	1.1919E-8	1	0	18.64776
3475	-17.5	-28.5	33.444	1060.509	3.58137	3.51	3.6	7.644	1.2069E-8	1	0	20.55016
3476	-17.5	-27.5	32.596	1060.787	3.64975	3.51	3.6	6.796	1.2533E-8	1	0	22.62676
3477	-17.5	-26.5	31.757	1061.197	3.75408	3.51	3.6	5.957	1.3257E-8	1	0	25.04497
3478	-17.5	-25.5	30.927	1061.733	3.89648	3.51	3.6	5.127	1.4279E-8	1	0	27.98519
3479	-17.5	-24.5	30.108	1062.384	4.07998	3.51	20	4.308	1.5651E-8	1	0	31.67283
3480	-17.5	-23.5	29.3	1063.098	4.30928	3.51	20	3.5	1.7454E-8	0	0	36.905
3481	-17.5	-22.5	28.504	1063.796	4.59413	3.51	20	2.704	1.9832E-8	0	0	44.80018
3482	-17.5	-21.5	27.722	1064.459	4.96212	3.51	20	1.922	2.313E-8	0	0	58.36703
3483	-17.5	-20.5	26.954	1065.065	5.4565	3.51	20	1.154	2.7961E-8	0	0	88.42532
3484	-17.574	-19.443	26.208	1065.529	6.32437	3.51	20	1	3.7556E-8	0	0	88.02417
3485	-17.574	19.443	26.208	1065.529	6.32437	3.51	20	1	3.7556E-8	0	0	88.02417
3486	-17.5	20.5	26.954	1065.065	5.4565	3.51	20	1.154	2.7961E-8	0	0	88.42532
3487	-17.5	21.5	27.722	1064.459	4.96212	3.51	20	1.922	2.313E-8	0	0	58.36703
3488	-17.5	22.5	28.504	1063.796	4.59413	3.51	20	2.704	1.9832E-8	0	0	44.80018
3489	-17.5	23.5	29.3	1063.098	4.30928	3.51	20	3.5	1.7454E-8	0	0	36.905
3490	-17.5	24.5	30.108	1062.384	4.07998	3.51	20	4.308	1.5651E-8	1	0	31.67283
3491	-17.5	25.5	30.927	1061.733	3.89648	3.51	3.6	5.127	1.4279E-8	1	0	27.98519
3492	-17.5	26.5	31.757	1061.197	3.75408	3.51	3.6	5.957	1.3257E-8	1	0	25.04497
3493	-17.5	27.5	32.596	1060.787	3.64975	3.51	3.6	6.796	1.2533E-8	1	0	22.62676
3494	-17.5	28.5	33.444	1060.509	3.58137	3.51	3.6	7.644	1.2069E-8	1	0	20.55016
3495	-17.5	29.5	34.3	1060.369	3.55896	3.51	3.6	8.5	1.1919E-8	1	0	18.64776
3496	-16.5	-29.5	33.801	1060.693	3.23063	3.51	3.6	8.001	9.8201E-9	1	0	21.79072
3497	-16.5	-28.5	32.932	1060.84	3.25174	3.51	3.6	7.132	9.9483E-9	1	0	24.22406
3498	-16.5	-27.5	32.07	1061.133	3.32025	3.51	3.6	6.27	1.0371E-8	1	0	26.92285
3499	-16.5	-26.5	31.217	1061.567	3.42502	3.51	3.6	5.417	1.1033E-8	1	0	30.15247
3500	-16.5	-25.5	30.373	1062.135	3.56842	3.51	20	4.573	1.1974E-8	1	0	34.12009
3501	-16.5	-24.5	29.538	1062.81	3.75331	3.51	20	3.738	1.3243E-8	0	0	39.67491
3502	-16.5	-23.5	28.714	1063.499	3.98272	3.51	20	2.914	1.4907E-8	0	0	47.9576
3503	-16.5	-22.5	27.902	1064.173	4.26018	3.51	20	2.102	1.7051E-8	0	0	62.16579
3504	-16.5	-21.5	27.102	1064.811	4.65821	3.51	20	1.302	2.038E-8	0	0	91.79748
3505	-16.559	-20.391	26.268	1065.457	5.20756	3.51	20	1	2.5464E-8	0	0	106.89971
3506	-16.559	20.391	26.268	1065.457	5.20756	3.51	20	1	2.5464E-8	0	0	106.89971
3507	-16.5	21.5	27.102	1064.811	4.65821	3.51	20	1.302	2.038E-8	0	0	91.79748
3508	-16.5	22.5	27.902	1064.173	4.26018	3.51	20	2.102	1.7051E-8	0	0	62.16579
3509	-16.5	23.5	28.714	1063.499	3.98272	3.51	20	2.914	1.4907E-8	0	0	47.9576
3510	-16.5	24.5	29.538	1062.81	3.75331	3.51	20	3.738	1.3243E-8	0	0	39.67491
3511	-16.5	25.5	30.373	1062.135	3.56842	3.51	20	4.573	1.1974E-8	1	0	34.12009
3512	-16.5	26.5	31.217	1061.567	3.42502	3.51	3.6	5.417	1.1033E-8	1	0	30.15247
3513	-16.5	27.5	32.07	1061.133	3.32025	3.51	3.6	6.27	1.0371E-8	1	0	26.92285
3514	-16.5	28.5	32.932	1060.84	3.25174	3.51	3.6	7.132	9.9483E-9	1	0	24.22406
3515	-16.5	29.5	33.801	1060.693	3.23063	3.51	3.6	8.001	9.8201E-9	1	0	21.79072
3516	-15.5	-29.5	33.324	1061.022	2.90254	3.51	3.6	7.524	7.9257E-9	1	0	25.75444
3517	-15.5	-28.5	32.442	1061.179	2.92198	3.51	3.6	6.642	8.0317E-9	1	0	28.90771
3518	-15.5	-27.5	31.567	1061.489	2.9898	3.51	3.6	5.767	8.4077E-9	1	0	32.46849
3519	-15.5	-26.5	30.7	1061.95	3.0939	3.51	3.6	4.9	9.0016E-9	1	0	36.86373
3520	-15.5	-25.5	29.841	1062.553	3.23709	3.51	20	4.041	9.8516E-9	0	0	42.55345
3521	-15.5	-24.5	28.991	1063.216	3.4226	3.51	20	3.191	1.101E-8	0	0	50.95795
3522	-15.5	-23.5	28.151	1063.887	3.65175	3.51	20	2.351	1.253E-8	0	0	64.81862
3523	-15.5	-22.5	27.322	1064.547	3.91242	3.51	20	1.522	1.4379E-8	0	0	93.46018
3524	-15.5	-21.5	26.505	1065.16	4.53794	3.51	20	1	1.9339E-8	0	0	122.66373
3525	-15.666	-20.749	25.998	1065.612	4.26597	3.51	20	1	1.7087E-8	0	0	130.50023
3526	-15.666	20.749	25.998	1065.612	4.26597	3.51	20	1	1.7087E-8	0	0	130.50023
3527	-15.5	21.5	26.505	1065.16	4.53794	3.51	20	1	1.9339E-8	0	0	122.66373
3528	-15.5	22.5	27.322	1064.547	3.91242	3.51	20	1.522	1.4379E-8	0	0	93.46018
3529	-15.5	23.5	28.151	1063.887	3.65175	3.51	20	2.351	1.253E-8	0	0	64.81862
3530	-15.5	24.5	28.991	1063.216	3.4226	3.51	20	3.191	1.101E-8	0	0	50.95795
3531	-15.5	25.5	29.841	1062.553	3.23709	3.51	20	4.041	9.8516E-9	0	0	42.55345
3532	-15.5	26.5	30.7	1061.95	3.0939	3.51	3.6	4.9	9.0016E-9	1	0	36.86373
3533	-15.5	27.5	31.567	1061.489	2.9898	3.51	3.6	5.767	8.4077E-9	1	0	32.46849
3534	-15.5	28.5	32.442	1061.179	2.92198	3.51	3.6	6.642	8.0317E-9	1	0	28.90771
3535	-15.5	29.5	33.324	1061.022	2.90254	3.51	3.6	7.524	7.9257E-9	1	0	25.75444
3536	-14.5	-29.5	32.871	1061.36	2.57848	3.51	3.6	7.071	6.2538E-9	1	0	30.81106
3537	-14.5	-28.5	31.977	1061.526	2.59586	3.51	3.6	6.177	6.3379E-9	1	0	34.95378
3538	-14.5	-27.5	31.089	1061.856	2.66206	3.51	3.6	5.289	6.6644E-9	1	0	39.72827
3539	-14.5	-26.5	30.208	1062.348	2.76418	3.51	20	4.408	7.184E-9	1	0	45.69623
3540	-14.5	-25.5	29.334	1062.962	2.90581	3.51	20	3.534	7.937E-9	0	0	54.19996
3541	-14.5	-24.5	28.469	1063.608	3.0926	3.51	20	2.669	8.9876E-9	0	0	67.4229
3542	-14.5	-23.5	27.613	1064.274	3.33424	3.51	20	1.813	1.0444E-8	0	0	92.05089
3543	-14.5	-22.5	26.768	1064.945	3.70441	3.51	20	1	1.2888E-8	0	0	150.25538
3544	-14.585	-21.639	26.096	1065.483	4.3025	3.51	20	1	1.7382E-8	0	0	129.38772
3545	-14.585	21.639	26.096	1065.483	4.3025	3.51	20	1	1.7382E-8	0	0	129.38772
3546	-14.5	22.5	26.768	1064.945	3.70441	3.51	20	1	1.2888E-8	0	0	150.25538
3547	-14.5	23.5	27.613	1064.274	3.33424	3.51	20	1.813	1.0444E-8	0	0	92.05089
3548	-14.5	24.5	28.469	1063.608	3.0926	3.51	20	2.669	8.9876E-9	0	0	67.4229
3549	-14.5	25.5	29.334	1062.962	2.90581	3.51	20	3.534	7.937E-9	0	0	54.19996
3550	-14.5	26.5	30.208	1062.348	2.76418	3.51	20	4.408	7.184E-9	1	0	45.69623
3551	-14.5	27.5	31.089	1061.856	2.66206	3.51	3.6	5.289	6.6644E-9	1	0	39.72827
3552	-14.5	28.5	31.977	1061.526	2.59586	3.51	3.6	6.177	6.3379E-9	1	0	34.95378
3553	-14.5	29.5	32.871	1061.36	2.57848	3.51	3.6	7.071	6.2538E-9	1	0	30.81106
3554	-13.5	-29.5	32.442	1061.706	2.26248	3.51	3.6	6.642	4.8142E-9	1	0	37.3398
3555	-13.5	-28.5	31.536	1061.883	2.27745	3.51	3.6	5.736	4.8777E-9	1	0	42.86125
3556	-13.5	-27.5	30.635	1062.234	2.341	3.51	20	4.835	5.153E-9	1	0	49.19614
3557	-13.5	-26.5	29.741	1062.755	2.43939	3.51	20	3.941	5.594E-9	0	0	57.91278
3558	-13.5	-25.5	28.853	1063.352	2.57652	3.51	20	3.053	6.239E-9	0	0	70.75751
3559	-13.5	-24.5	27.973	1063.988	2.75851	3.51	20	2.173	7.1495E-9	0	0	92.84166
3560	-13.5	-23.5	27.102	1064.656	3.02995	3.51	20	1.302	8.6233E-9	0	0	141.12257
3561	-13.55	-22.476	26.245	1065.361	3.41272	3.51	20	1	1.0936E-8	0	0	163.11671
3562	-13.55	22.476	26.245	1065.361	3.41272	3.51	20	1	1.0936E-8	0	0	163.11671
3563	-13.5	23.5	27.102	1064.656	3.02995	3.51	20	1.302	8.6233E-9	0	0	141.12257
3564	-13.5	24.5	27.973	1063.988	2.75851	3.51	20	2.173	7.1495E-9	0	0	92.84166
3565	-13.5	25.5	28.853	1063.352	2.57652	3.51	20	3.053	6.239E-9	0	0	70.75751
3566	-13.5	26.5	29.741	1062.755	2.43939	3.51	20	3.941	5.594E-9	0	0	57.91278
3567	-13.5	27.5	30.635	1062.234	2.341	3.51	20	4.835	5.153E-9	1	0	49.19614
3568	-13.5	28.5	31.536	1061.883	2.27745	3.51	3.6	5.736	4.8777E-9	1	0	42.86125
3569	-13.5	29.5	32.442	1061.706	2.26248	3.51	3.6	6.642	4.8142E-9	1	0	37.3398
3570	-12.5	-29.5	32.039	1062.059	1.95869	3.51	3.6	6.239	3.6076E-9	1	0	45.87466
3571	-12.5	-28.5	31.121	1062.246	1.97098	3.51	3.6	5.321	3.6527E-9	1	0	53.34349
3572	-12.5	-27.5	30.208	1062.621	2.03089	3.51	20	4.408	3.8775E-9	1	0	62.20045
3573	-12.5	-26.5	29.3	1063.144	2.12392	3.51	20	3.5	4.24E-9	0	0	74.87855
3574	-12.5	-25.5	28.399	1063.725	2.25384	3.51	20	2.599	4.7734E-9	0	0	95.01897
3575	-12.5	-24.5	27.505	1064.356	2.42486	3.51	20	1.705	5.5237E-9	0	0	134.65607
3576	-12.5	-23.5	26.618	1065.027	2.74963	3.51	20	1	7.1004E-9	0	0	202.43428
3577	-12.607	-22.754	26.013	1065.558	2.83517	3.51	20	1	7.5473E-9	0	0	196.35587
3578	-12.607	22.754	26.013	1065.558	2.83517	3.51	20	1	7.5473E-9	0	0	196.35587
3579	-12.5	23.5	26.618	1065.027	2.74963	3.51	20	1	7.1004E-9	0	0	202.43428
3580	-12.5	24.5	27.505	1064.356	2.42486	3.51	20	1.705	5.5237E-9	0	0	134.65607
3581	-12.5	25.5	28.399	1063.725	2.25384	3.51	20	2.599	4.7734E-9	0	0	95.01897
3582	-12.5	26.5	29.3	1063.144	2.12392	3.51	20	3.5	4.24E-9	0	0	74.87855
3583	-12.5	27.5	30.208	1062.621	2.03089	3.51	20	4.408	3.8775E-9	1	0	62.20045
3584	-12.5	28.5	31.121	1062.246	1.97098	3.51	3.6	5.321	3.6527E-9	1	0	53.34349
3585	-12.5	29.5	32.039	1062.059	1.95869	3.51	3.6	6.239	3.6076E-9	1	0	45.87466
3586	-11.5	-29.5	31.662	1062.413	1.67116	3.51	3.6	5.862	2.6258E-9	1	0	57.17573
3587	-11.5	-28.5	30.733	1062.612	1.68063	3.51	3.6	4.933	2.6554E-9	1	0	67.43249
3588	-11.5	-27.5	29.808	1063.008	1.73599	3.51	20	4.008	2.8327E-9	0	0	80.02217
3589	-11.5	-26.5	28.888	1063.512	1.82246	3.51	20	3.088	3.1213E-9	0	0	98.91737
3590	-11.5	-25.5	27.973	1064.08	1.94443	3.51	20	2.173	3.5522E-9	0	0	131.71523
3591	-11.5	-24.5	27.065	1064.71	2.13013	3.51	20	1.265	4.2619E-9	0	0	206.5985
3592	-11.546	-23.535	26.215	1065.374	2.38818	3.51	20	1	5.3555E-9	0	0	233.09542
3593	-11.546	23.535	26.215	1065.374	2.38818	3.51	20	1	5.3555E-9	0	0	233.09542
3594	-11.5	24.5	27.065	1064.71	2.13013	3.51	20	1.265	4.2619E-9	0	0	206.5985
3595	-11.5	25.5	27.973	1064.08	1.94443	3.51	20	2.173	3.5522E-9	0	0	131.71523
3596	-11.5	26.5	28.888	1063.512	1.82246	3.51	20	3.088	3.1213E-9	0	0	98.91737
3597	-11.5	27.5	29.808	1063.008	1.73599	3.51	20	4.008	2.8327E-9	0	0	80.02217
3598	-11.5	28.5	30.733	1062.612	1.68063	3.51	3.6	4.933	2.6554E-9	1	0	67.43249
3599	-11.5	29.5	31.662	1062.413	1.67116	3.51	3.6	5.862	2.6258E-9	1	0	57.17573
3600	-10.5	-29.5	31.313	1062.765	1.40361	3.51	3.6	5.513	1.852E-9	1	0	72.33641
3601	-10.5	-28.5	30.373	1062.974	1.41021	3.51	20	4.573	1.8693E-9	1	0	86.35855
3602	-10.5	-27.5	29.436	1063.374	1.46017	3.51	20	3.636	2.0038E-9	0	0	104.84869
3603	-10.5	-26.5	28.504	1063.856	1.53866	3.51	20	2.704	2.2245E-9	0	0	133.76671
3604	-10.5	-25.5	27.577	1064.412	1.65057	3.51	20	1.777	2.5593E-9	0	0	189.74579
3605	-10.5	-24.5	26.655	1065.043	1.83671	3.51	20	1	3.1682E-9	0	0	303.05431
3606	-10.585	-23.763	26.014	1065.553	1.95425	3.51	20	1	3.5859E-9	0	0	284.86695
3607	-10.585	23.763	26.014	1065.553	1.95425	3.51	20	1	3.5859E-9	0	0	284.86695
3608	-10.5	24.5	26.655	1065.043	1.83671	3.51	20	1	3.1682E-9	0	0	303.05431
3609	-10.5	25.5	27.577	1064.412	1.65057	3.51	20	1.777	2.5593E-9	0	0	189.74579
3610	-10.5	26.5	28.504	1063.856	1.53866	3.51	20	2.704	2.2245E-9	0	0	133.76671
3611	-10.5	27.5	29.436	1063.374	1.46017	3.51	20	3.636	2.0038E-9	0	0	104.84869
3612	-10.5	28.5	30.373	1062.974	1.41021	3.51	20	4.573	1.8693E-9	1	0	86.35855
3613	-10.5	29.5	31.313	1062.765	1.40361	3.51	3.6	5.513	1.852E-9	1	0	72.33641
3614	-9.5	-29.5	30.992	1063.108	1.15923	3.51	3.6	5.192	1.2631E-9	1	0	92.94419
3615	-9.5	-28.5	30.042	1063.329	1.16306	3.51	20	4.242	1.2713E-9	1	0	112.87577
3616	-9.5	-27.5	29.095	1063.709	1.20691	3.51	20	3.295	1.3688E-9	0	0	140.00156
3617	-9.5	-26.5	28.151	1064.171	1.27602	3.51	20	2.351	1.5297E-9	0	0	185.51464
3618	-9.5	-25.5	27.212	1064.716	1.38385	3.51	20	1.412	1.7988E-9	0	0	284.82548
3619	-9.533	-24.486	26.276	1065.352	1.53457	3.51	20	1	2.2113E-9	0	0	362.75293
3620	-9.533	24.486	26.276	1065.352	1.53457	3.51	20	1	2.2113E-9	0	0	362.75293
3621	-9.5	25.5	27.212	1064.716	1.38385	3.51	20	1.412	1.7988E-9	0	0	284.82548
3622	-9.5	26.5	28.151	1064.171	1.27602	3.51	20	2.351	1.5297E-9	0	0	185.51464
3623	-9.5	27.5	29.095	1063.709	1.20691	3.51	20	3.295	1.3688E-9	0	0	140.00156
3624	-9.5	28.5	30.042	1063.329	1.16306	3.51	20	4.242	1.2713E-9	1	0	112.87577
3625	-9.5	29.5	30.992	1063.108	1.15923	3.51	3.6	5.192	1.2631E-9	1	0	92.94419
3626	-8.5	-29.5	30.7	1063.433	0.94046	3.51	3.6	4.9	8.3122E-10	1	0	121.32403
3627	-8.5	-28.5	29.741	1063.661	0.94179	3.51	20	3.941	8.3348E-10	0	0	150.04125
3628	-8.5	-27.5	28.784	1064.013	0.97915	3.51	20	2.984	9.0079E-10	0	0	190.55141
3629	-8.5	-26.5	27.83	1064.454	1.03849	3.51	20	2.03	1.0131E-9	0	0	264.0568
3630	-8.5	-25.5	26.879	1064.986	1.1387	3.51	20	1.079	1.2178E-9	0	0	452.87901
3631	-8.545	-24.671	26.109	1065.507	1.19782	3.51	20	1	1.3472E-9	0	0	464.75565
3632	-8.545	24.671	26.109	1065.507	1.19782	3.51	20	1	1.3472E-9	0	0	464.75565
3633	-8.5	25.5	26.879	1064.986	1.1387	3.51	20	1.079	1.2178E-9	0	0	452.87901
3634	-8.5	26.5	27.83	1064.454	1.03849	3.51	20	2.03	1.0131E-9	0	0	264.0568
3635	-8.5	27.5	28.784	1064.013	0.97915	3.51	20	2.984	9.0079E-10	0	0	190.55141
3636	-8.5	28.5	29.741	1063.661	0.94179	3.51	20	3.941	8.3348E-10	0	0	150.04125
3637	-8.5	29.5	30.7	1063.433	0.94046	3.51	3.6	4.9	8.3122E-10	1	0	121.32403
3638	-7.5	-29.5	30.438	1063.735	0.74878	3.51	20	4.638	5.2684E-10	1	0	160.37588
3639	-7.5	-28.5	29.47	1063.959	0.74806	3.51	20	3.67	5.2578E-10	0	0	202.80199
3640	-7.5	-27.5	28.504	1064.283	0.77875	3.51	20	2.704	5.6973E-10	0	0	264.32751
3641	-7.5	-26.5	27.541	1064.702	0.82661	3.51	20	1.741	6.418E-10	0	0	386.80613
3642	-7.5	-25.5	26.58	1065.214	0.90675	3.51	20	1	7.7211E-10	0	0	613.89103
3643	-7.58	-24.83	25.961	1065.615	0.95584	3.51	20	1	8.5782E-10	0	0	582.42825
3644	-7.58	24.83	25.961	1065.615	0.95584	3.51	20	1	8.5782E-10	0	0	582.42825
3645	-7.5	25.5	26.58	1065.214	0.90675	3.51	20	1	7.7211E-10	0	0	613.89103
3646	-7.5	26.5	27.541	1064.702	0.82661	3.51	20	1.741	6.418E-10	0	0	386.80613
3647	-7.5	27.5	28.504	1064.283	0.77875	3.51	20	2.704	5.6973E-10	0	0	264.32751
3648	-7.5	28.5	29.47	1063.959	0.74806	3.51	20	3.67	5.2578E-10	0	0	202.80199
3649	-7.5	29.5	30.438	1063.735	0.74878	3.51	20	4.638	5.2684E-10	1	0	160.37588
3650	-6.5	-29.5	30.208	1064.013	0.58455	3.51	20	4.408	3.2104E-10	1	0	216.18709
3651	-6.5	-28.5	29.232	1064.215	0.58246	3.51	20	3.432	3.1872E-10	0	0	278.557
3652	-6.5	-27.5	28.258	1064.515	0.60733	3.51	20	2.458	3.4648E-10	0	0	372.95057
3653	-6.5	-26.5	27.286	1064.911	0.6484	3.51	20	1.486	3.9486E-10	0	0	577.89433
3654	-6.521	-25.48	26.301	1065.412	0.70649	3.51	20	1	4.6868E-10	0	0	787.94764
3655	-6.521	25.48	26.301	1065.412	0.70649	3.51	20	1	4.6868E-10	0	0	787.94764
3656	-6.5	26.5	27.286	1064.911	0.6484	3.51	20	1.486	3.9486E-10	0	0	577.89433
3657	-6.5	27.5	28.258	1064.515	0.60733	3.51	20	2.458	3.4648E-10	0	0	372.95057
3658	-6.5	28.5	29.232	1064.215	0.58246	3.51	20	3.432	3.1872E-10	0	0	278.557
3659	-6.5	29.5	30.208	1064.013	0.58455	3.51	20	4.408	3.2104E-10	1	0	216.18709
3660	-5.5	-29.5	30.008	1064.254	0.44695	3.51	20	4.208	1.8767E-10	1	0	296.12386
3661	-5.5	-28.5	29.026	1064.432	0.44419	3.51	20	3.226	1.8535E-10	0	0	388.58547
3662	-5.5	-27.5	28.045	1064.709	0.46434	3.51	20	2.245	2.0252E-10	0	0	534.11004
3663	-5.5	-26.5	27.065	1065.083	0.49835	3.51	20	1.265	2.3323E-10	0	0	883.1719
3664	-5.523	-25.6	26.189	1065.508	0.52367	3.51	20	1	2.5749E-10	0	0	1063.05665
3665	-5.523	25.6	26.189	1065.508	0.52367	3.51	20	1	2.5749E-10	0	0	1063.05665
3666	-5.5	26.5	27.065	1065.083	0.49835	3.51	20	1.265	2.3323E-10	0	0	883.1719
3667	-5.5	27.5	28.045	1064.709	0.46434	3.51	20	2.245	2.0252E-10	0	0	534.11004
3668	-5.5	28.5	29.026	1064.432	0.44419	3.51	20	3.226	1.8535E-10	0	0	388.58547
3669	-5.5	29.5	30.008	1064.254	0.44695	3.51	20	4.208	1.8767E-10	1	0	296.12386
3670	-4.5	-29.5	29.841	1064.452	0.33415	3.51	20	4.041	1.0489E-10	0	0	412.45783
3671	-4.5	-28.5	28.853	1064.608	0.33138	3.51	20	3.053	1.0315E-10	0	0	550.33972
3672	-4.5	-27.5	27.866	1064.864	0.3475	3.51	20	2.066	1.1342E-10	0	0	775.48643
3673	-4.5	-26.5	26.879	1065.217	0.373	3.51	20	1.079	1.3065E-10	0	0	1382.65464
3674	-4.525	-25.699	26.095	1065.575	0.38762	3.51	20	1	1.4107E-10	0	0	1436.2188
3675	-4.525	25.699	26.095	1065.575	0.38762	3.51	20	1	1.4107E-10	0	0	1436.2188
3676	-4.5	26.5	26.879	1065.217	0.373	3.51	20	1.079	1.3065E-10	0	0	1382.65464
3677	-4.5	27.5	27.866	1064.864	0.3475	3.51	20	2.066	1.1342E-10	0	0	775.48643
3678	-4.5	28.5	28.853	1064.608	0.33138	3.51	20	3.053	1.0315E-10	0	0	550.33972
3679	-4.5	29.5	29.841	1064.452	0.33415	3.51	20	4.041	1.0489E-10	0	0	412.45783
3680	-3.5	-29.5	29.707	1064.606	0.24355	3.51	20	3.907	5.5717E-11	0	0	585.34297
3681	-3.5	-28.5	28.714	1064.744	0.24163	3.51	20	2.914	5.4839E-11	0	0	790.74734
3682	-3.5	-27.5	27.722	1064.982	0.25546	3.51	20	1.922	6.1288E-11	0	0	1133.91481
3683	-3.5	-26.5	26.73	1065.315	0.27496	3.51	20	1	7.0995E-11	0	0	2024.5144
3684	-3.526	-25.778	26.018	1065.621	0.28556	3.51	20	1	7.656E-11	0	0	1949.57808
3685	-3.526	25.778	26.018	1065.621	0.28556	3.51	20	1	7.656E-11	0	0	1949.57808
3686	-3.5	26.5	26.73	1065.315	0.27496	3.51	20	1	7.0995E-11	0	0	2024.5144
3687	-3.5	27.5	27.722	1064.982	0.25546	3.51	20	1.922	6.1288E-11	0	0	1133.91481
3688	-3.5	28.5	28.714	1064.744	0.24163	3.51	20	2.914	5.4839E-11	0	0	790.74734
3689	-3.5	29.5	29.707	1064.606	0.24355	3.51	20	3.907	5.5717E-11	0	0	585.34297
3690	-2.5	-29.5	29.606	1064.714	0.17193	3.51	20	3.806	2.7766E-11	0	0	851.18257
3691	-2.5	-28.5	28.609	1064.838	0.17187	3.51	20	2.809	2.7743E-11	0	0	1153.14107
3692	-2.5	-27.5	27.613	1065.063	0.1856	3.51	20	1.813	3.2351E-11	0	0	1654.02522
3693	-2.5	-26.5	26.618	1065.383	0.20167	3.51	20	1	3.819E-11	0	0	2760.32566
3694	-2.525	-25.837	25.96	1065.652	0.21002	3.51	20	1	4.1414E-11	0	0	2650.74926
3695	-2.525	25.837	25.96	1065.652	0.21002	3.51	20	1	4.1414E-11	0	0	2650.74926
3696	-2.5	26.5	26.618	1065.383	0.20167	3.51	20	1	3.819E-11	0	0	2760.32566
3697	-2.5	27.5	27.613	1065.063	0.1856	3.51	20	1.813	3.2351E-11	0	0	1654.02522
3698	-2.5	28.5	28.609	1064.838	0.17187	3.51	20	2.809	2.7743E-11	0	0	1153.14107
3699	-2.5	29.5	29.606	1064.714	0.17193	3.51	20	3.806	2.7766E-11	0	0	851.18257
3700	-1.5	-29.5	29.538	1064.774	0.11582	3.51	20	3.738	1.2599E-11	0	0	1286.42358
3701	-1.5	-28.5	28.539	1064.89	0.11885	3.51	20	2.739	1.3267E-11	0	0	1710.09773
3702	-1.5	-27.5	27.541	1065.11	0.13503	3.51	20	1.741	1.7122E-11	0	0	2368.23172
3703	-1.5	-26.5	26.542	1065.424	0.14966	3.51	20	1	2.1031E-11	0	0	3719.72431
3704	-1.52	-25.877	25.921	1065.671	0.15617	3.51	20	1	2.2898E-11	0	0	3564.84433
3705	-1.52	25.877	25.921	1065.671	0.15617	3.51	20	1	2.2898E-11	0	0	3564.84433
3706	-1.5	26.5	26.542	1065.424	0.14966	3.51	20	1	2.1031E-11	0	0	3719.72431
3707	-1.5	27.5	27.541	1065.11	0.13503	3.51	20	1.741	1.7122E-11	0	0	2368.23172
3708	-1.5	28.5	28.539	1064.89	0.11885	3.51	20	2.739	1.3267E-11	0	0	1710.09773
3709	-1.5	29.5	29.538	1064.774	0.11582	3.51	20	3.738	1.2599E-11	0	0	1286.42358
3710	-0.5	-29.5	29.504	1064.783	0.0722	3.51	20	3.704	4.8962E-12	0	0	2082.46266
3711	-0.5	-28.5	28.504	1064.898	0.08023	3.51	20	2.704	6.0457E-12	0	0	2566.09396
3712	-0.5	-27.5	27.505	1065.123	0.10169	3.51	20	1.705	9.7117E-12	0	0	3211.5493
3713	-0.5	-26.5	26.505	1065.443	0.11577	3.51	20	1	1.2585E-11	0	0	4808.41585
3714	-0.508	-25.897	25.902	1065.68	0.11912	3.51	20	1	1.3322E-11	0	0	4673.76416
3715	-0.508	25.897	25.902	1065.68	0.11912	3.51	20	1	1.3322E-11	0	0	4673.76416
3716	-0.5	26.5	26.505	1065.443	0.11577	3.51	20	1	1.2585E-11	0	0	4808.41585
3717	-0.5	27.5	27.505	1065.123	0.10169	3.51	20	1.705	9.7117E-12	0	0	3211.5493
3718	-0.5	28.5	28.504	1064.898	0.08023	3.51	20	2.704	6.0457E-12	0	0	2566.09396
3719	-0.5	29.5	29.504	1064.783	0.0722	3.51	20	3.704	4.8962E-12	0	0	2082.46266
3720	0.499	-29.497	29.501	1064.697	0.0968	1.26	20	3.701	3.1597E-12	0	0	1556.29877
3721	0.5	-28.5	28.504	1064.821	0.09477	1.26	20	2.704	3.0279E-12	0	0	2173.96068
3722	0.5	-27.5	27.505	1065.08	0.10163	1.26	20	1.705	3.4819E-12	0	0	3214.47045
3723	0.5	-26.5	26.505	1065.454	0.09207	1.6149	20	1	3.6618E-12	0	0	6046.9396
3724	0.508	-25.897	25.902	1065.69	0.05693	2.8421	20	1	2.4636E-12	0	0	9779.85077
3725	0.508	25.897	25.902	1065.69	0.05693	2.8421	20	1	2.4636E-12	0	0	9779.85077
3726	0.5	26.5	26.505	1065.454	0.09207	1.6149	20	1	3.6618E-12	0	0	6046.9396
3727	0.5	27.5	27.505	1065.08	0.10163	1.26	20	1.705	3.4819E-12	0	0	3214.47045
3728	0.5	28.5	28.504	1064.821	0.09477	1.26	20	2.704	3.0279E-12	0	0	2173.96068
3729	0.499	29.497	29.501	1064.697	0.0968	1.26	20	3.701	3.1597E-12	0	0	1556.29877
3730	1.496	-29.481	29.519	1064.61	0.06736	1.26	20	3.719	1.5299E-12	0	0	2226.29707
3731	1.5	-28.5	28.539	1064.739	0.06501	1.26	20	2.739	1.425E-12	0	0	3128.48614
3732	1.5	-27.5	27.541	1065.022	0.06707	1.26	20	1.741	1.5164E-12	0	0	4769.20503
3733	1.5	-26.5	26.542	1065.43	0.05779	1.5741	20	1	1.4063E-12	0	0	9633.79488
3734	1.52	-25.877	25.921	1065.683	0.03482	2.7622	20	1	8.9586E-13	0	0	15988.38933
3735	1.52	25.877	25.921	1065.683	0.03482	2.7622	20	1	8.9586E-13	0	0	15988.38933
3736	1.5	26.5	26.542	1065.43	0.05779	1.5741	20	1	1.4063E-12	0	0	9633.79488
3737	1.5	27.5	27.541	1065.022	0.06707	1.26	20	1.741	1.5164E-12	0	0	4769.20503
3738	1.5	28.5	28.539	1064.739	0.06501	1.26	20	2.739	1.425E-12	0	0	3128.48614
3739	1.496	29.481	29.519	1064.61	0.06736	1.26	20	3.719	1.5299E-12	0	0	2226.29707
3740	2.492	-29.447	29.553	1064.55	0.04646	1.26	20	3.753	7.2772E-13	0	0	3198.72773
3741	2.5	-28.5	28.609	1064.672	0.04401	1.26	20	2.809	6.5305E-13	0	0	4506.38111
3742	2.5	-27.5	27.613	1064.961	0.04412	1.26	20	1.813	6.5629E-13	0	0	6959.79472
3743	2.5	-26.5	26.618	1065.384	0.03824	1.5039	20	1	5.8821E-13	0	0	14559.75386
3744	2.525	-25.837	25.96	1065.666	0.02277	2.6242	20	1	3.6406E-13	0	0	24446.12923
3745	2.525	25.837	25.96	1065.666	0.02277	2.6242	20	1	3.6406E-13	0	0	24446.12923
3746	2.5	26.5	26.618	1065.384	0.03824	1.5039	20	1	5.8821E-13	0	0	14559.75386
3747	2.5	27.5	27.613	1064.961	0.04412	1.26	20	1.813	6.5629E-13	0	0	6959.79472
3748	2.5	28.5	28.609	1064.672	0.04401	1.26	20	2.809	6.5305E-13	0	0	4506.38111
3749	2.492	29.447	29.553	1064.55	0.04646	1.26	20	3.753	7.2772E-13	0	0	3198.72773
3750	3.488	-29.398	29.604	1064.507	0.03185	1.26	20	3.804	3.4202E-13	0	0	4603.55681
3751	3.5	-28.5	28.714	1064.613	0.02969	1.26	20	2.914	2.9713E-13	0	0	6441.32747
3752	3.5	-27.5	27.722	1064.893	0.02912	1.26	20	1.922	2.8583E-13	0	0	9951.54513
3753	3.5	-26.5	26.73	1065.32	0.02595	1.422	20	1	2.5611E-13	0	0	21456.01687
3754	3.526	-25.778	26.018	1065.641	0.01541	2.4543	20	1	1.5597E-13	0	0	36119.78848
3755	3.526	25.778	26.018	1065.641	0.01541	2.4543	20	1	1.5597E-13	0	0	36119.78848
3756	3.5	26.5	26.73	1065.32	0.02595	1.422	20	1	2.5611E-13	0	0	21456.01687
3757	3.5	27.5	27.722	1064.893	0.02912	1.26	20	1.922	2.8583E-13	0	0	9951.54513
3758	3.5	28.5	28.714	1064.613	0.02969	1.26	20	2.914	2.9713E-13	0	0	6441.32747
3759	3.488	29.398	29.604	1064.507	0.03185	1.26	20	3.804	3.4202E-13	0	0	4603.55681
3760	4.481	-29.331	29.671	1064.476	0.02181	1.26	20	3.871	1.6041E-13	0	0	6605.16079
3761	4.5	-28.5	28.853	1064.559	0.02003	1.26	20	3.053	1.3532E-13	0	0	9111.48251
3762	4.5	-27.5	27.866	1064.821	0.01932	1.26	20	2.066	1.2585E-13	0	0	13953.59584
3763	4.5	-26.5	26.879	1065.239	0.01773	1.3468	20	1.079	1.133E-13	0	0	29086.41948
3764	4.525	-25.699	26.095	1065.603	0.01064	2.2731	20	1	6.8817E-14	0	0	52331.33074
3765	4.525	25.699	26.095	1065.603	0.01064	2.2731	20	1	6.8817E-14	0	0	52331.33074
3766	4.5	26.5	26.879	1065.239	0.01773	1.3468	20	1.079	1.133E-13	0	0	29086.41948
3767	4.5	27.5	27.866	1064.821	0.01932	1.26	20	2.066	1.2585E-13	0	0	13953.59584
3768	4.5	28.5	28.853	1064.559	0.02003	1.26	20	3.053	1.3532E-13	0	0	9111.48251
3769	4.481	29.331	29.671	1064.476	0.02181	1.26	20	3.871	1.6041E-13	0	0	6605.16079
3770	5.468	-29.248	29.755	1064.455	0.01507	1.26	20	3.955	7.6621E-14	0	0	9356.29373
3771	5.5	-28.5	29.026	1064.511	0.01353	1.26	20	3.226	6.1714E-14	0	0	12771.42948
3772	5.5	-27.5	28.045	1064.745	0.0129	1.26	20	2.245	5.6134E-14	0	0	19230.57342
3773	5.5	-26.5	27.065	1065.142	0.01205	1.2927	20	1.265	5.0252E-14	0	0	36519.27226
3774	5.523	-25.6	26.189	1065.551	0.00744	2.096	20	1	3.1001E-14	0	0	74870.41047
3775	5.523	25.6	26.189	1065.551	0.00744	2.096	20	1	3.1001E-14	0	0	74870.41047
3776	5.5	26.5	27.065	1065.142	0.01205	1.2927	20	1.265	5.0252E-14	0	0	36519.27226
3777	5.5	27.5	28.045	1064.745	0.0129	1.26	20	2.245	5.6134E-14	0	0	19230.57342
3778	5.5	28.5	29.026	1064.511	0.01353	1.26	20	3.226	6.1714E-14	0	0	12771.42948
3779	5.468	29.248	29.755	1064.455	0.01507	1.26	20	3.955	7.6621E-14	0	0	9356.29373
3780	6.435	-29.15	29.852	1064.441	0.01098	1.26	20	4.052	4.0674E-14	0	0	12534.87275
3781	6.5	-28.5	29.232	1064.469	0.00905	1.26	20	3.432	2.7626E-14	0	0	17946.37387
3782	6.5	-27.5	28.258	1064.67	0.00866	1.26	20	2.458	2.5295E-14	0	0	26166.74682
3783	6.5	-26.5	27.286	1065.034	0.00809	1.2658	20	1.486	2.2187E-14	0	0	46306.30986
3784	6.521	-25.48	26.301	1065.487	0.00522	1.9349	20	1	1.4129E-14	0	0	106555.7266
3785	6.521	25.48	26.301	1065.487	0.00522	1.9349	20	1	1.4129E-14	0	0	106555.7266
3786	6.5	26.5	27.286	1065.034	0.00809	1.2658	20	1.486	2.2187E-14	0	0	46306.30986
3787	6.5	27.5	28.258	1064.67	0.00866	1.26	20	2.458	2.5295E-14	0	0	26166.74682
3788	6.5	28.5	29.232	1064.469	0.00905	1.26	20	3.432	2.7626E-14	0	0	17946.37387
3789	6.435	29.15	29.852	1064.441	0.01098	1.26	20	4.052	4.0674E-14	0	0	12534.87275
3790	7.229	-29.058	29.943	1064.431	0.00344	1.26	20	4.143	3.9878E-15	0	0	39153.01808
3791	7.495	-28.493	29.463	1064.438	0.00596	1.26	20	3.663	1.1991E-14	0	0	25529.61088
3792	7.5	-27.5	28.504	1064.596	0.00585	1.26	20	2.704	1.1526E-14	0	0	35235.68962
3793	7.5	-26.5	27.541	1064.918	0.00542	1.2601	20	1.741	9.8984E-15	0	0	59031.74616
3794	7.5	-25.5	26.58	1065.368	0.00429	1.5379	20	1	7.5593E-15	0	0	129875.44976
3795	7.58	-24.83	25.961	1065.66	0.00262	2.632	20	1	4.824E-15	0	0	212684.72027
3796	7.58	24.83	25.961	1065.66	0.00262	2.632	20	1	4.824E-15	0	0	212684.72027
3797	7.5	25.5	26.58	1065.368	0.00429	1.5379	20	1	7.5593E-15	0	0	129875.44976
3798	7.5	26.5	27.541	1064.918	0.00542	1.2601	20	1.741	9.8984E-15	0	0	59031.74616
3799	7.5	27.5	28.504	1064.596	0.00585	1.26	20	2.704	1.1526E-14	0	0	35235.68962
3800	7.495	28.493	29.463	1064.438	0.00596	1.26	20	3.663	1.1991E-14	0	0	25529.61088
3801	7.229	29.058	29.943	1064.431	0.00344	1.26	20	4.143	3.9878E-15	0	0	39153.01808
3802	8.468	-28.389	29.625	1064.42	0.00473	1.26	20	3.825	7.5397E-15	0	0	30831.62631
3803	8.5	-27.5	28.784	1064.524	0.00397	1.26	20	2.984	5.3069E-15	0	0	47076.74869
3804	8.5	-26.5	27.83	1064.798	0.00362	1.26	20	2.03	4.4271E-15	0	0	75712.46656
3805	8.5	-25.5	26.879	1065.219	0.00318	1.3467	20	1.079	3.6372E-15	0	0	162331.31864
3806	8.545	-24.671	26.109	1065.594	0.00185	2.2473	20	1	2.0516E-15	0	0	301357.91441
3807	8.545	24.671	26.109	1065.594	0.00185	2.2473	20	1	2.0516E-15	0	0	301357.91441
3808	8.5	25.5	26.879	1065.219	0.00318	1.3467	20	1.079	3.6372E-15	0	0	162331.31864
3809	8.5	26.5	27.83	1064.798	0.00362	1.26	20	2.03	4.4271E-15	0	0	75712.46656
3810	8.5	27.5	28.784	1064.524	0.00397	1.26	20	2.984	5.3069E-15	0	0	47076.74869
3811	8.468	28.389	29.625	1064.42	0.00473	1.26	20	3.825	7.5397E-15	0	0	30831.62631
3812	9.439	-28.237	29.773	1064.41	0.00336	1.26	20	3.973	3.8129E-15	0	0	41748.43078
3813	9.5	-27.5	29.095	1064.463	0.0027	1.26	20	3.295	2.4532E-15	0	0	62722.15827
3814	9.5	-26.5	28.151	1064.682	0.00245	1.26	20	2.351	2.0304E-15	0	0	96529.71381
3815	9.5	-25.5	27.212	1065.055	0.00221	1.2717	20	1.412	1.664E-15	0	0	178286.95499
3816	9.533	-24.486	26.276	1065.5	0.00135	1.9696	20	1	9.6673E-16	0	0	410994.56316
3817	9.533	24.486	26.276	1065.5	0.00135	1.9696	20	1	9.6673E-16	0	0	410994.56316
3818	9.5	25.5	27.212	1065.055	0.00221	1.2717	20	1.412	1.664E-15	0	0	178286.95499
3819	9.5	26.5	28.151	1064.682	0.00245	1.26	20	2.351	2.0304E-15	0	0	96529.71381
3820	9.5	27.5	29.095	1064.463	0.0027	1.26	20	3.295	2.4532E-15	0	0	62722.15827
3821	9.439	28.237	29.773	1064.41	0.00336	1.26	20	3.973	3.8129E-15	0	0	41748.43078
3822	10.259	-28.095	29.91	1064.406	0.00275	1.26	20	4.11	2.5553E-15	0	0	49311.55267
3823	10.496	-27.495	29.43	1064.42	0.00181	1.26	20	3.63	1.1048E-15	0	0	84853.09864
3824	10.5	-26.5	28.504	1064.578	0.00167	1.26	20	2.704	9.4558E-16	0	0	123016.52097
3825	10.5	-25.5	27.577	1064.889	0.00149	1.2601	20	1.777	7.5351E-16	0	0	209589.48721
3826	10.5	-24.5	26.655	1065.324	0.00118	1.4741	20	1	5.4952E-16	0	0	471612.26927
3827	10.585	-23.763	26.014	1065.636	0.0007	2.478	20	1	3.2545E-16	0	0	794515.63876
3828	10.585	23.763	26.014	1065.636	0.0007	2.478	20	1	3.2545E-16	0	0	794515.63876
3829	10.5	24.5	26.655	1065.324	0.00118	1.4741	20	1	5.4952E-16	0	0	471612.26927
3830	10.5	25.5	27.577	1064.889	0.00149	1.2601	20	1.777	7.5351E-16	0	0	209589.48721
3831	10.5	26.5	28.504	1064.578	0.00167	1.26	20	2.704	9.4558E-16	0	0	123016.52097
3832	10.496	27.495	29.43	1064.42	0.00181	1.26	20	3.63	1.1048E-15	0	0	84853.09864
3833	10.259	28.095	29.91	1064.406	0.00275	1.26	20	4.11	2.5553E-15	0	0	49311.55267
3834	11.451	-27.363	29.663	1064.4	0.00144	1.26	20	3.863	7.0035E-16	0	0	100182.29251
3835	11.5	-26.5	28.888	1064.488	0.00115	1.26	20	3.088	4.4664E-16	0	0	156821.31761
3836	11.5	-25.5	27.973	1064.733	0.00101	1.26	20	2.173	3.4635E-16	0	0	252850.68763
3837	11.5	-24.5	27.065	1065.118	0.00088	1.2929	20	1.265	2.6979E-16	0	0	498450.90267
3838	11.546	-23.535	26.215	1065.532	0.00052	2.0609	20	1	1.4809E-16	0	0	1074143.64089
3839	11.546	23.535	26.215	1065.532	0.00052	2.0609	20	1	1.4809E-16	0	0	1074143.64089
3840	11.5	24.5	27.065	1065.118	0.00088	1.2929	20	1.265	2.6979E-16	0	0	498450.90267
3841	11.5	25.5	27.973	1064.733	0.00101	1.26	20	2.173	3.4635E-16	0	0	252850.68763
3842	11.5	26.5	28.888	1064.488	0.00115	1.26	20	3.088	4.4664E-16	0	0	156821.31761
3843	11.451	27.363	29.663	1064.4	0.00144	1.26	20	3.863	7.0035E-16	0	0	100182.29251
3844	12.358	-27.167	29.846	1064.394	0.00109	1.26	20	4.046	4.0306E-16	0	0	126096.52001
3845	12.5	-26.5	29.3	1064.422	0.00079	1.26	20	3.5	2.1001E-16	0	0	201824.63269
3846	12.5	-25.5	28.399	1064.597	0.0007	1.26	20	2.599	1.6464E-16	0	0	306748.64214
3847	12.5	-24.5	27.505	1064.912	0.00061	1.2604	20	1.705	1.2467E-16	0	0	537269.03709
3848	12.5	-23.5	26.618	1065.334	0.00047	1.5049	20	1	8.7214E-17	0	0	1196101.69416
3849	12.607	-22.754	26.013	1065.64	0.00027	2.4876	20	1	4.7067E-17	0	0	2093278.42207
3850	12.607	22.754	26.013	1065.64	0.00027	2.4876	20	1	4.7067E-17	0	0	2093278.42207
3851	12.5	23.5	26.618	1065.334	0.00047	1.5049	20	1	8.7214E-17	0	0	1196101.69416
3852	12.5	24.5	27.505	1064.912	0.00061	1.2604	20	1.705	1.2467E-16	0	0	537269.03709
3853	12.5	25.5	28.399	1064.597	0.0007	1.26	20	2.599	1.6464E-16	0	0	306748.64214
3854	12.5	26.5	29.3	1064.422	0.00079	1.26	20	3.5	2.1001E-16	0	0	201824.63269
3855	12.358	27.167	29.846	1064.394	0.00109	1.26	20	4.046	4.0306E-16	0	0	126096.52001
3856	13.026	-27.012	29.989	1064.391	0.0006	1.26	20	4.189	1.202E-16	0	0	223088.22488
3857	13.448	-26.407	29.634	1064.392	0.00061	1.26	20	3.834	1.2447E-16	0	0	239434.33513
3858	13.5	-25.5	28.853	1064.487	0.00048	1.26	20	3.053	7.8795E-17	0	0	377588.93792
3859	13.5	-24.5	27.973	1064.726	0.00042	1.26	20	2.173	5.8439E-17	0	0	615560.55996
3860	13.5	-23.5	27.102	1065.095	0.00036	1.2863	20	1.302	4.3697E-17	0	0	1200352.645
3861	13.55	-22.476	26.245	1065.518	0.0002	2.0178	20	1	2.211E-17	0	0	2750708.62092
3862	13.55	22.476	26.245	1065.518	0.0002	2.0178	20	1	2.211E-17	0	0	2750708.62092
3863	13.5	23.5	27.102	1065.095	0.00036	1.2863	20	1.302	4.3697E-17	0	0	1200352.645
3864	13.5	24.5	27.973	1064.726	0.00042	1.26	20	2.173	5.8439E-17	0	0	615560.55996
3865	13.5	25.5	28.853	1064.487	0.00048	1.26	20	3.053	7.8795E-17	0	0	377588.93792
3866	13.448	26.407	29.634	1064.392	0.00061	1.26	20	3.834	1.2447E-16	0	0	239434.33513
3867	13.026	27.012	29.989	1064.391	0.0006	1.26	20	4.189	1.202E-16	0	0	223088.22488
3868	14.325	-26.179	29.842	1064.383	0.00047	1.26	20	4.042	7.5548E-17	0	0	291582.89555
3869	14.5	-25.5	29.334	1064.411	0.00034	1.26	20	3.534	3.8662E-17	0	0	465893.16423
3870	14.5	-24.5	28.469	1064.571	0.00029	1.26	20	2.669	2.8619E-17	0	0	716389.49751
3871	14.5	-23.5	27.613	1064.86	0.00025	1.26	20	1.813	2.0615E-17	0	0	1241833.07857
3872	14.5	-22.5	26.768	1065.259	0.00019	1.3996	20	1	1.3934E-17	0	0	2885842.81691
3873	14.585	-21.639	26.096	1065.585	0.00011	2.2862	20	1	7.7635E-18	0	0	4941132.00238
3874	14.585	21.639	26.096	1065.585	0.00011	2.2862	20	1	7.7635E-18	0	0	4941132.00238
3875	14.5	22.5	26.768	1065.259	0.00019	1.3996	20	1	1.3934E-17	0	0	2885842.81691
3876	14.5	23.5	27.613	1064.86	0.00025	1.26	20	1.813	2.0615E-17	0	0	1241833.07857
3877	14.5	24.5	28.469	1064.571	0.00029	1.26	20	2.669	2.8619E-17	0	0	716389.49751
3878	14.5	25.5	29.334	1064.411	0.00034	1.26	20	3.534	3.8662E-17	0	0	465893.16423
3879	14.325	26.179	29.842	1064.383	0.00047	1.26	20	4.042	7.5548E-17	0	0	291582.89555
3880	15.426	-25.364	29.687	1064.38	0.00027	1.26	20	3.887	2.3841E-17	0	0	539657.51451
3881	15.5	-24.5	28.991	1064.455	0.0002	1.26	20	3.191	1.4145E-17	0	0	852654.75278
3882	15.5	-23.5	28.151	1064.659	0.00017	1.26	20	2.351	9.8881E-18	0	0	1383226.93652
3883	15.5	-22.5	27.322	1064.982	0.00014	1.265	20	1.522	6.8761E-18	0	0	2566342.24109
3884	15.5	-21.5	26.505	1065.371	0.0001	1.619	20	1	4.4038E-18	0	0	5520974.73608
3885	15.666	-20.749	25.998	1065.655	0.00005	2.5386	20	1	2.017E-18	0	0	10215176.1747
3886	15.666	20.749	25.998	1065.655	0.00005	2.5386	20	1	2.017E-18	0	0	10215176.1747
3887	15.5	21.5	26.505	1065.371	0.0001	1.619	20	1	4.4038E-18	0	0	5520974.73608
3888	15.5	22.5	27.322	1064.982	0.00014	1.265	20	1.522	6.8761E-18	0	0	2566342.24109
3889	15.5	23.5	28.151	1064.659	0.00017	1.26	20	2.351	9.8881E-18	0	0	1383226.93652
3890	15.5	24.5	28.991	1064.455	0.0002	1.26	20	3.191	1.4145E-17	0	0	852654.75278
3891	15.426	25.364	29.687	1064.38	0.00027	1.26	20	3.887	2.3841E-17	0	0	539657.51451
3892	16.195	-25.126	29.893	1064.372	0.00018	1.26	20	4.093	1.047E-17	0	0	773421.97214
3893	16.478	-24.475	29.505	1064.389	0.00015	1.26	20	3.705	7.3942E-18	0	0	1016436.51712
3894	16.5	-23.5	28.714	1064.506	0.00012	1.26	20	2.914	4.9651E-18	0	0	1575742.69369
3895	16.5	-22.5	27.902	1064.741	0.0001	1.26	20	2.102	3.3848E-18	0	0	2644757.17841
3896	16.5	-21.5	27.102	1065.087	0.00008	1.2865	20	1.302	2.3428E-18	0	0	5184377.16936
3897	16.559	-20.391	26.268	1065.512	0.00004	1.99	20	1	1.0128E-18	0	0	12763219.02549
3898	16.559	20.391	26.268	1065.512	0.00004	1.99	20	1	1.0128E-18	0	0	12763219.02549
3899	16.5	21.5	27.102	1065.087	0.00008	1.2865	20	1.302	2.3428E-18	0	0	5184377.16936
3900	16.5	22.5	27.902	1064.741	0.0001	1.26	20	2.102	3.3848E-18	0	0	2644757.17841
3901	16.5	23.5	28.714	1064.506	0.00012	1.26	20	2.914	4.9651E-18	0	0	1575742.69369
3902	16.478	24.475	29.505	1064.389	0.00015	1.26	20	3.705	7.3942E-18	0	0	1016436.51712
3903	16.195	25.126	29.893	1064.372	0.00018	1.26	20	4.093	1.047E-17	0	0	773421.97214
3904	17.336	-24.241	29.802	1064.37	0.00012	1.26	20	4.002	4.7114E-18	0	0	1179131.43123
3905	17.5	-23.5	29.3	1064.404	0.00009	1.26	20	3.5	2.6584E-18	0	0	1793867.48341
3906	17.5	-22.5	28.504	1064.553	0.00007	1.26	20	2.704	1.765E-18	0	0	2847322.9583
3907	17.5	-21.5	27.722	1064.811	0.00006	1.26	20	1.922	1.1851E-18	0	0	4887317.4513
3908	17.5	-20.5	26.954	1065.171	0.00005	1.3203	20	1.154	7.4948E-19	0	0	10476296.85852
3909	17.574	-19.443	26.208	1065.516	0.00002	2.081	20	1	3.3702E-19	0	0	22626141.39375
3910	17.574	19.443	26.208	1065.516	0.00002	2.081	20	1	3.3702E-19	0	0	22626141.39375
3911	17.5	20.5	26.954	1065.171	0.00005	1.3203	20	1.154	7.4948E-19	0	0	10476296.85852
3912	17.5	21.5	27.722	1064.811	0.00006	1.26	20	1.922	1.1851E-18	0	0	4887317.4513
3913	17.5	22.5	28.504	1064.553	0.00007	1.26	20	2.704	1.765E-18	0	0	2847322.9583
3914	17.5	23.5	29.3	1064.404	0.00009	1.26	20	3.5	2.6584E-18	0	0	1793867.48341
3915	17.336	24.241	29.802	1064.37	0.00012	1.26	20	4.002	4.7114E-18	0	0	1179131.43123
3916	18.394	-23.349	29.723	1064.368	0.00007	1.26	20	3.923	1.5442E-18	0	0	2100722.4228
3917	18.5	-22.5	29.129	1064.424	0.00005	1.26	20	3.329	9.2768E-19	0	0	3192270.74498
3918	18.5	-21.5	28.364	1064.587	0.00004	1.26	20	2.564	5.9628E-19	0	0	5167027.26699
3919	18.5	-20.5	27.613	1064.845	0.00003	1.2601	20	1.813	3.7663E-19	0	0	9187550.69979
3920	18.5	-19.5	26.879	1065.17	0.00002	1.3461	20	1.079	2.1099E-19	0	0	21309030.95745
3921	18.545	-18.545	26.227	1065.432	0.00002	2.0183	20	1	1.2947E-19	0	0	35949807.51681
3922	18.545	18.545	26.227	1065.432	0.00002	2.0183	20	1	1.2947E-19	0	0	35949807.51681
3923	18.5	19.5	26.879	1065.17	0.00002	1.3461	20	1.079	2.1099E-19	0	0	21309030.95745
3924	18.5	20.5	27.613	1064.845	0.00003	1.2601	20	1.813	3.7663E-19	0	0	9187550.69979
3925	18.5	21.5	28.364	1064.587	0.00004	1.26	20	2.564	5.9628E-19	0	0	5167027.26699
3926	18.5	22.5	29.129	1064.424	0.00005	1.26	20	3.329	9.2768E-19	0	0	3192270.74498
3927	18.394	23.349	29.723	1064.368	0.00007	1.26	20	3.923	1.5442E-18	0	0	2100722.4228
3928	19.087	-23.072	29.944	1064.36	0.00005	1.26	20	4.144	8.4396E-19	0	0	2690892.76389
3929	19.422	-22.412	29.657	1064.367	0.00004	1.26	20	3.857	5.1214E-19	0	0	3710354.15704
3930	19.5	-21.5	29.026	1064.436	0.00003	1.26	20	3.226	3.181E-19	0	0	5625289.81829
3931	19.5	-20.5	28.293	1064.601	0.00002	1.26	20	2.493	1.9572E-19	0	0	9273717.98733
3932	19.5	-19.5	27.577	1064.849	0.00002	1.2602	20	1.777	1.1917E-19	0	0	16666768.47245
3933	19.5	-18.5	26.879	1065.17	0.00001	1.3461	20	1.079	7.1966E-20	0	0	36486747.6106
3934	19.443	-17.574	26.208	1065.516	0.00001	2.081	20	1	4.3533E-20	0	0	62955214.58401
3935	19.443	17.574	26.208	1065.516	0.00001	2.081	20	1	4.3533E-20	0	0	62955214.58401
3936	19.5	18.5	26.879	1065.17	0.00001	1.3461	20	1.079	7.1966E-20	0	0	36486747.6106
3937	19.5	19.5	27.577	1064.849	0.00002	1.2602	20	1.777	1.1917E-19	0	0	16666768.47245
3938	19.5	20.5	28.293	1064.601	0.00002	1.26	20	2.493	1.9572E-19	0	0	9273717.98733
3939	19.5	21.5	29.026	1064.436	0.00003	1.26	20	3.226	3.181E-19	0	0	5625289.81829
3940	19.422	22.412	29.657	1064.367	0.00004	1.26	20	3.857	5.1214E-19	0	0	3710354.15704
3941	19.087	23.072	29.944	1064.36	0.00005	1.26	20	4.144	8.4396E-19	0	0	2690892.76389
3942	20.132	-22.121	29.91	1064.355	0.00003	1.26	20	4.11	3.0108E-19	0	0	4542017.12643
3943	20.438	-21.436	29.617	1064.367	0.00002	1.26	20	3.817	1.7808E-19	0	0	6357116.73371
3944	20.5	-20.5	28.991	1064.44	0.00002	1.26	20	3.191	1.0933E-19	0	0	9698725.75038
3945	20.5	-19.5	28.293	1064.601	0.00001	1.26	20	2.493	6.616E-20	0	0	15950471.11293
3946	20.5	-18.5	27.613	1064.845	0.00001	1.2601	20	1.813	4.0864E-20	0	0	27892187.37087
3947	20.5	-17.5	26.954	1065.171	0.00001	1.3203	20	1.154	2.4916E-20	0	0	57458439.07259
3948	20.391	-16.559	26.268	1065.512	0	1.99	20	1	1.0784E-20	0	0	123691662.40895
3949	20.749	-15.666	25.998	1065.655	0	2.5386	20	1	3.5835E-21	0	0	242348889.45716
3950	20.749	15.666	25.998	1065.655	0	2.5386	20	1	3.5835E-21	0	0	242348889.45716
3951	20.391	16.559	26.268	1065.512	0	1.99	20	1	1.0784E-20	0	0	123691662.40895
3952	20.5	17.5	26.954	1065.171	0.00001	1.3203	20	1.154	2.4916E-20	0	0	57458439.07259
3953	20.5	18.5	27.613	1064.845	0.00001	1.2601	20	1.813	4.0864E-20	0	0	27892187.37087
3954	20.5	19.5	28.293	1064.601	0.00001	1.26	20	2.493	6.616E-20	0	0	15950471.11293
3955	20.5	20.5	28.991	1064.44	0.00002	1.26	20	3.191	1.0933E-19	0	0	9698725.75038
3956	20.438	21.436	29.617	1064.367	0.00002	1.26	20	3.817	1.7808E-19	0	0	6357116.73371
3957	20.132	22.121	29.91	1064.355	0.00003	1.26	20	4.11	3.0108E-19	0	0	4542017.12643
3958	21.142	-21.142	29.899	1064.353	0.00002	1.26	20	4.099	1.0606E-19	0	0	7673527.46105
3959	21.436	-20.438	29.617	1064.367	0.00001	1.26	20	3.817	6.3014E-20	0	0	10686910.55026
3960	21.5	-19.5	29.026	1064.436	0.00001	1.26	20	3.226	3.8533E-20	0	0	16162612.98472
3961	21.5	-18.5	28.364	1064.587	0.00001	1.26	20	2.564	2.291E-20	0	0	26360753.92824
3962	21.5	-17.5	27.722	1064.811	0.00001	1.26	20	1.922	1.3497E-20	0	0	45796655.85572
3963	21.5	-16.5	27.102	1065.087	0	1.2865	20	1.302	7.4989E-21	0	0	91636290.76562
3964	21.5	-15.5	26.505	1065.371	0	1.619	20	1	3.7032E-21	0	0	190388568.04738
3965	21.639	-14.585	26.096	1065.585	0	2.2862	20	1	1.5075E-21	0	0	354587954.30525
3966	21.639	14.585	26.096	1065.585	0	2.2862	20	1	1.5075E-21	0	0	354587954.30525
3967	21.5	15.5	26.505	1065.371	0	1.619	20	1	3.7032E-21	0	0	190388568.04738
3968	21.5	16.5	27.102	1065.087	0	1.2865	20	1.302	7.4989E-21	0	0	91636290.76562
3969	21.5	17.5	27.722	1064.811	0.00001	1.26	20	1.922	1.3497E-20	0	0	45796655.85572
3970	21.5	18.5	28.364	1064.587	0.00001	1.26	20	2.564	2.291E-20	0	0	26360753.92824
3971	21.5	19.5	29.026	1064.436	0.00001	1.26	20	3.226	3.8533E-20	0	0	16162612.98472
3972	21.436	20.438	29.617	1064.367	0.00001	1.26	20	3.817	6.3014E-20	0	0	10686910.55026
3973	21.142	21.142	29.899	1064.353	0.00002	1.26	20	4.099	1.0606E-19	0	0	7673527.46105
3974	22.121	-20.132	29.91	1064.355	0.00001	1.26	20	4.11	3.7431E-20	0	0	12881626.07072
3975	22.412	-19.422	29.657	1064.367	0.00001	1.26	20	3.857	2.2603E-20	0	0	17661640.24487
3976	22.5	-18.5	29.129	1064.424	0.00001	1.26	20	3.329	1.3792E-20	0	0	26181061.71822
3977	22.5	-17.5	28.504	1064.553	0	1.26	20	2.704	7.7985E-21	0	0	42835915.31839
3978	22.5	-16.5	27.902	1064.741	0	1.26	20	2.102	4.3235E-21	0	0	74000004.17485
3979	22.5	-15.5	27.322	1064.981	0	1.265	20	1.522	2.248E-21	0	0	141933554.34718
3980	22.5	-14.5	26.768	1065.258	0	1.3996	20	1	1.0675E-21	0	0	329702915.39339
3981	22.476	-13.55	26.245	1065.518	0	2.0178	20	1	3.7212E-22	0	0	670493469.42189
3982	22.754	-12.607	26.013	1065.64	0	2.4876	20	1	1.1363E-22	0	0	1347195904.36118
3983	22.754	12.607	26.013	1065.64	0	2.4876	20	1	1.1363E-22	0	0	1347195904.3611
3984	22.476	13.55	26.245	1065.518	0	2.0178	20	1	3.7212E-22	0	0	670493469.42186
3985	22.5	14.5	26.768	1065.258	0	1.3996	20	1	1.0675E-21	0	0	329702915.39339
3986	22.5	15.5	27.322	1064.981	0	1.265	20	1.522	2.248E-21	0	0	141933554.34717
3987	22.5	16.5	27.902	1064.741	0	1.26	20	2.102	4.3235E-21	0	0	74000004.17485
3988	22.5	17.5	28.504	1064.553	0	1.26	20	2.704	7.7985E-21	0	0	42835915.31839
3989	22.5	18.5	29.129	1064.424	0.00001	1.26	20	3.329	1.3792E-20	0	0	26181061.71822
3990	22.412	19.422	29.657	1064.367	0.00001	1.26	20	3.857	2.2603E-20	0	0	17661640.24487
3991	22.121	20.132	29.91	1064.355	0.00001	1.26	20	4.11	3.7431E-20	0	0	12881626.07072
3992	23.072	-19.087	29.944	1064.36	0.00001	1.26	20	4.144	1.3484E-20	0	0	21288690.44655
3993	23.349	-18.394	29.723	1064.368	0	1.26	20	3.923	8.2297E-21	0	0	28775497.75437
3994	23.5	-17.5	29.3	1064.404	0	1.26	20	3.5	4.9751E-21	0	0	41466519.25772
3995	23.5	-16.5	28.714	1064.506	0	1.26	20	2.914	2.6693E-21	0	0	67959572.11749
3996	23.5	-15.5	28.151	1064.659	0	1.26	20	2.351	1.3971E-21	0	0	116367061.77539
3997	23.5	-14.5	27.613	1064.86	0	1.26	20	1.813	6.7176E-22	0	0	217541797.60511
3998	23.5	-13.5	27.102	1065.095	0	1.2863	20	1.302	2.998E-22	0	0	458269833.17445
3999	23.5	-12.5	26.618	1065.334	0	1.5049	20	1	1.0865E-22	0	0	1071638355.47796
4000	23.535	-11.546	26.215	1065.532	0	2.0609	20	1	3.0622E-23	0	0	2362177328.07669
4001	23.763	-10.585	26.014	1065.636	0	2.478	20	1	9.6879E-24	0	0	4605038394.88879
4002	23.763	10.585	26.014	1065.636	0	2.478	20	1	9.6879E-24	0	0	4605038394.88832
4003	23.535	11.546	26.215	1065.532	0	2.0609	20	1	3.0622E-23	0	0	2362177328.07662
4004	23.5	12.5	26.618	1065.334	0	1.5049	20	1	1.0865E-22	0	0	1071638355.47787
4005	23.5	13.5	27.102	1065.095	0	1.2863	20	1.302	2.998E-22	0	0	458269833.17441
4006	23.5	14.5	27.613	1064.86	0	1.26	20	1.813	6.7176E-22	0	0	217541797.6051
4007	23.5	15.5	28.151	1064.659	0	1.26	20	2.351	1.3971E-21	0	0	116367061.77539
4008	23.5	16.5	28.714	1064.506	0	1.26	20	2.914	2.6693E-21	0	0	67959572.11749
4009	23.5	17.5	29.3	1064.404	0	1.26	20	3.5	4.9751E-21	0	0	41466519.25772
4010	23.349	18.394	29.723	1064.368	0	1.26	20	3.923	8.2297E-21	0	0	28775497.75437
4011	23.072	19.087	29.944	1064.36	0.00001	1.26	20	4.144	1.3484E-20	0	0	21288690.44655
4012	24.241	-17.336	29.802	1064.37	0	1.26	20	4.002	2.7138E-21	0	0	49130441.72191
4013	24.475	-16.478	29.505	1064.389	0	1.26	20	3.705	1.6526E-21	0	0	67988616.46545
4014	24.5	-15.5	28.991	1064.455	0	1.26	20	3.191	9.1271E-22	0	0	106148884.61374
4015	24.5	-14.5	28.469	1064.571	0	1.26	20	2.669	4.5103E-22	0	0	180457288.54686
4016	24.5	-13.5	27.973	1064.725	0	1.26	20	2.173	1.9391E-22	0	0	337925649.92109
4017	24.5	-12.5	27.505	1064.911	0	1.2604	20	1.705	7.6409E-23	0	0	686291040.41658
4018	24.5	-11.5	27.065	1065.117	0	1.2929	20	1.265	2.5773E-23	0	0	1612689607.98872
4019	24.5	-10.5	26.655	1065.323	0	1.4741	20	1	1.0245E-23	0	0	3453956581.37775
4020	24.486	-9.533	26.276	1065.499	0	1.9696	20	1	5.5959E-24	0	0	5401990325.6896
4021	24.671	-8.545	26.109	1065.593	0	2.2473	20	1	6.1389E-24	0	0	5509152304.27685
4022	24.83	-7.58	25.961	1065.66	0	2.632	20	1	9.2496E-24	0	0	4857140828.54079
4023	24.83	7.58	25.961	1065.66	0	2.632	20	1	9.2496E-24	0	0	4857140828.54094
4024	24.671	8.545	26.109	1065.593	0	2.2473	20	1	6.1389E-24	0	0	5509152304.27663
4025	24.486	9.533	26.276	1065.499	0	1.9696	20	1	5.5959E-24	0	0	5401990325.68878
4026	24.5	10.5	26.655	1065.323	0	1.4741	20	1	1.0245E-23	0	0	3453956581.37748
4027	24.5	11.5	27.065	1065.117	0	1.2929	20	1.265	2.5773E-23	0	0	1612689607.98858
4028	24.5	12.5	27.505	1064.911	0	1.2604	20	1.705	7.6409E-23	0	0	686291040.41647
4029	24.5	13.5	27.973	1064.725	0	1.26	20	2.173	1.9391E-22	0	0	337925649.92108
4030	24.5	14.5	28.469	1064.571	0	1.26	20	2.669	4.5103E-22	0	0	180457288.54685
4031	24.5	15.5	28.991	1064.455	0	1.26	20	3.191	9.1271E-22	0	0	106148884.61374
4032	24.475	16.478	29.505	1064.389	0	1.26	20	3.705	1.6526E-21	0	0	67988616.46546
4033	24.241	17.336	29.802	1064.37	0	1.26	20	4.002	2.7138E-21	0	0	49130441.72191
4034	25.126	-16.195	29.893	1064.371	0	1.26	20	4.093	7.931E-22	0	0	88863971.80383
4035	25.364	-15.426	29.687	1064.38	0	1.26	20	3.887	6.106E-22	0	0	106636004.15846
4036	25.5	-14.5	29.334	1064.41	0	1.26	20	3.534	3.1882E-22	0	0	162239876.43829
4037	25.5	-13.5	28.853	1064.486	0	1.26	20	3.053	1.3703E-22	0	0	286329231.25775
4038	25.5	-12.5	28.399	1064.595	0	1.26	20	2.599	4.857E-23	0	0	564763134.73377
4039	25.5	-11.5	27.973	1064.731	0	1.26	20	2.173	1.6153E-23	0	0	1170825426.26502
4040	25.5	-10.5	27.577	1064.887	0	1.2601	20	1.777	6.1599E-24	0	0	2318067345.37299
4041	25.5	-9.5	27.212	1065.052	0	1.2717	20	1.412	5.7571E-24	0	0	3031076802.11025
4042	25.5	-8.5	26.879	1065.216	0	1.3467	20	1.079	9.1919E-24	0	0	3229133970.6427
4043	25.5	-7.5	26.58	1065.365	0	1.5379	20	1	1.2521E-23	0	0	3191111501.98624
4044	25.48	-6.521	26.301	1065.484	0	1.9349	20	1	1.3694E-23	0	0	3422664103.29964
4045	25.6	-5.523	26.189	1065.548	0	2.096	20	1	1.4293E-23	0	0	3486812083.69837
4046	25.699	-4.525	26.095	1065.6	0	2.2731	20	1	1.2371E-23	0	0	3903124809.91506
4047	25.778	-3.526	26.018	1065.637	0	2.4543	20	1	8.7168E-24	0	0	4831497786.94296
4048	25.837	-2.525	25.96	1065.663	0	2.6242	20	1	5.1967E-24	0	0	6470448970.65937
4049	25.877	-1.52	25.921	1065.679	0	2.7622	20	1	2.887E-24	0	0	8906317675.86541
4050	25.897	-0.508	25.902	1065.687	0	2.8421	20	1	1.8677E-24	0	0	11232067873.9738
4051	25.897	0.508	25.902	1065.687	0	2.8421	20	1	1.8677E-24	0	0	11232067873.9737
4052	25.877	1.52	25.921	1065.679	0	2.7622	20	1	2.887E-24	0	0	8906317675.8652
4053	25.837	2.525	25.96	1065.663	0	2.6242	20	1	5.1967E-24	0	0	6470448970.65932
4054	25.778	3.526	26.018	1065.637	0	2.4543	20	1	8.7168E-24	0	0	4831497786.943
4055	25.699	4.525	26.095	1065.6	0	2.2731	20	1	1.2371E-23	0	0	3903124809.91502
4056	25.6	5.523	26.189	1065.548	0	2.096	20	1	1.4293E-23	0	0	3486812083.69834
4057	25.48	6.521	26.301	1065.484	0	1.9349	20	1	1.3694E-23	0	0	3422664103.29963
4058	25.5	7.5	26.58	1065.365	0	1.5379	20	1	1.2521E-23	0	0	3191111501.98623
4059	25.5	8.5	26.879	1065.216	0	1.3467	20	1.079	9.1919E-24	0	0	3229133970.64259
4060	25.5	9.5	27.212	1065.052	0	1.2717	20	1.412	5.7571E-24	0	0	3031076802.1098
4061	25.5	10.5	27.577	1064.887	0	1.2601	20	1.777	6.1599E-24	0	0	2318067345.37282
4062	25.5	11.5	27.973	1064.731	0	1.26	20	2.173	1.6153E-23	0	0	1170825426.26501
4063	25.5	12.5	28.399	1064.595	0	1.26	20	2.599	4.857E-23	0	0	564763134.73373
4064	25.5	13.5	28.853	1064.486	0	1.26	20	3.053	1.3703E-22	0	0	286329231.25775
4065	25.5	14.5	29.334	1064.41	0	1.26	20	3.534	3.1882E-22	0	0	162239876.43828
4066	25.364	15.426	29.687	1064.38	0	1.26	20	3.887	6.106E-22	0	0	106636004.15844
4067	25.126	16.195	29.893	1064.371	0	1.26	20	4.093	7.931E-22	0	0	88863971.80383
4068	26.179	-14.325	29.842	1064.382	0	1.26	20	4.042	1.5123E-22	0	0	206089486.85518
4069	26.407	-13.448	29.634	1064.39	0	1.26	20	3.834	8.3104E-23	0	0	293033080.74048
4070	26.5	-12.5	29.3	1064.42	0	1.26	20	3.5	3.3187E-23	0	0	507708665.97012
4071	26.5	-11.5	28.888	1064.485	0	1.26	20	3.088	6.8026E-24	0	0	1270703154.51718
4072	26.5	-10.5	28.504	1064.574	0	1.26	20	2.704	2.0492E-24	0	0	2642509987.47919
4073	26.5	-9.5	28.151	1064.677	0	1.26	20	2.351	3.916E-24	0	0	2198018903.64752
4074	26.5	-8.5	27.83	1064.792	0	1.26	20	2.03	6.97E-24	0	0	1908135454.49867
4075	26.5	-7.5	27.541	1064.911	0	1.2601	20	1.741	1.2257E-23	0	0	1677518463.0241
4076	26.5	-6.5	27.286	1065.024	0	1.2658	20	1.486	1.5847E-23	0	0	1732635523.52993
4077	26.5	-5.5	27.065	1065.13	0	1.2927	20	1.265	1.8027E-23	0	0	1928138684.0163
4078	26.5	-4.5	26.879	1065.224	0	1.3468	20	1.079	1.5981E-23	0	0	2449092815.23931
4079	26.5	-3.5	26.73	1065.301	0	1.422	20	1	1.1895E-23	0	0	3148376596.66506
4080	26.5	-2.5	26.618	1065.36	0	1.5039	20	1	7.4961E-24	0	0	4078525172.77201
4081	26.5	-1.5	26.542	1065.4	0	1.5741	20	1	4.3411E-24	0	0	5483165110.20542
4082	26.5	-0.5	26.505	1065.42	0	1.6149	20	1	2.8999E-24	0	0	6794986606.80897
4083	26.5	0.5	26.505	1065.42	0	1.6149	20	1	2.8999E-24	0	0	6794986606.80891
4084	26.5	1.5	26.542	1065.4	0	1.5741	20	1	4.3411E-24	0	0	5483165110.20541
4085	26.5	2.5	26.618	1065.36	0	1.5039	20	1	7.4961E-24	0	0	4078525172.77197
4086	26.5	3.5	26.73	1065.301	0	1.422	20	1	1.1895E-23	0	0	3148376596.66509
4087	26.5	4.5	26.879	1065.224	0	1.3468	20	1.079	1.5981E-23	0	0	2449092815.23929
4088	26.5	5.5	27.065	1065.13	0	1.2927	20	1.265	1.8027E-23	0	0	1928138684.01629
4089	26.5	6.5	27.286	1065.024	0	1.2658	20	1.486	1.5847E-23	0	0	1732635523.52992
4090	26.5	7.5	27.541	1064.911	0	1.2601	20	1.741	1.2257E-23	0	0	1677518463.02411
4091	26.5	8.5	27.83	1064.792	0	1.26	20	2.03	6.97E-24	0	0	1908135454.49868
4092	26.5	9.5	28.151	1064.677	0	1.26	20	2.351	3.916E-24	0	0	2198018903.64772
4093	26.5	10.5	28.504	1064.574	0	1.26	20	2.704	2.0492E-24	0	0	2642509987.47899
4094	26.5	11.5	28.888	1064.485	0	1.26	20	3.088	6.8026E-24	0	0	1270703154.51708
4095	26.5	12.5	29.3	1064.42	0	1.26	20	3.5	3.3187E-23	0	0	507708665.97011
4096	26.407	13.448	29.634	1064.39	0	1.26	20	3.834	8.3104E-23	0	0	293033080.74046
4097	26.179	14.325	29.842	1064.382	0	1.26	20	4.042	1.5123E-22	0	0	206089486.85518
4098	27.012	-13.026	29.989	1064.389	0	1.26	20	4.189	3.7416E-23	0	0	399843831.67652
4099	27.167	-12.358	29.846	1064.391	0	1.26	20	4.046	9.3122E-24	0	0	829591134.64335
4100	27.363	-11.451	29.663	1064.396	0	1.26	20	3.863	2.2182E-24	0	0	1780100588.60558
4101	27.495	-10.496	29.43	1064.415	0	1.26	20	3.63	3.8756E-25	0	0	4530426474.16798
4102	27.5	-9.5	29.095	1064.456	0	1.26	20	3.295	1.9724E-24	0	0	2212017617.9823
4103	27.5	-8.5	28.784	1064.514	0	1.26	20	2.984	4.8906E-24	0	0	1550769699.47611
4104	27.5	-7.5	28.504	1064.583	0	1.26	20	2.704	7.2164E-24	0	0	1408164247.78217
4105	27.5	-6.5	28.258	1064.652	0	1.26	20	2.458	1.0073E-23	0	0	1311283334.30754
4106	27.5	-5.5	28.045	1064.721	0	1.26	20	2.245	1.0938E-23	0	0	1377611386.33621
4107	27.5	-4.5	27.866	1064.788	0	1.26	20	2.066	1.0981E-23	0	0	1493817022.23682
4108	27.5	-3.5	27.722	1064.847	0	1.26	20	1.922	8.9231E-24	0	0	1781097350.22894
4109	27.5	-2.5	27.613	1064.896	0	1.26	20	1.813	6.1611E-24	0	0	2271517052.39493
4110	27.5	-1.5	27.541	1064.93	0	1.26	20	1.741	3.8126E-24	0	0	3007771405.57296
4111	27.5	-0.5	27.505	1064.948	0	1.26	20	1.705	2.4277E-24	0	0	3849617740.33056
4112	27.5	0.5	27.505	1064.948	0	1.26	20	1.705	2.4277E-24	0	0	3849617740.3305
4113	27.5	1.5	27.541	1064.93	0	1.26	20	1.741	3.8126E-24	0	0	3007771405.57292
4114	27.5	2.5	27.613	1064.896	0	1.26	20	1.813	6.1611E-24	0	0	2271517052.3949
4115	27.5	3.5	27.722	1064.847	0	1.26	20	1.922	8.9231E-24	0	0	1781097350.22893
4116	27.5	4.5	27.866	1064.788	0	1.26	20	2.066	1.0981E-23	0	0	1493817022.2368
4117	27.5	5.5	28.045	1064.721	0	1.26	20	2.245	1.0938E-23	0	0	1377611386.33618
4118	27.5	6.5	28.258	1064.652	0	1.26	20	2.458	1.0073E-23	0	0	1311283334.30751
4119	27.5	7.5	28.504	1064.583	0	1.26	20	2.704	7.2164E-24	0	0	1408164247.78223
4120	27.5	8.5	28.784	1064.514	0	1.26	20	2.984	4.8906E-24	0	0	1550769699.47626
4121	27.5	9.5	29.095	1064.456	0	1.26	20	3.295	1.9724E-24	0	0	2212017617.98324
4122	27.495	10.496	29.43	1064.415	0	1.26	20	3.63	3.8756E-25	0	0	4530426474.16528
4123	27.363	11.451	29.663	1064.396	0	1.26	20	3.863	2.2182E-24	0	0	1780100588.60513
4124	27.167	12.358	29.846	1064.391	0	1.26	20	4.046	9.3122E-24	0	0	829591134.64331
4125	27.012	13.026	29.989	1064.389	0	1.26	20	4.189	3.7416E-23	0	0	399843831.67655
4126	28.095	-10.259	29.91	1064.4	0	1.26	20	4.11	9.5534E-25	0	0	2550282978.27711
4127	28.237	-9.439	29.773	1064.402	0	1.26	20	3.973	2.8902E-24	0	0	1516349657.15721
4128	28.389	-8.468	29.625	1064.408	0	1.26	20	3.825	5.5573E-24	0	0	1135639224.79494
4129	28.493	-7.495	29.463	1064.421	0	1.26	20	3.663	4.131E-24	0	0	1375446581.86363
4130	28.5	-6.5	29.232	1064.445	0	1.26	20	3.432	3.1112E-24	0	0	1691086729.64382
4131	28.5	-5.5	29.026	1064.477	0	1.26	20	3.226	4.4923E-24	0	0	1496902224.80224
4132	28.5	-4.5	28.853	1064.511	0	1.26	20	3.053	5.1485E-24	0	0	1477169405.91599
4133	28.5	-3.5	28.714	1064.544	0	1.26	20	2.914	5.238E-24	0	0	1534145191.38578
4134	28.5	-2.5	28.609	1064.572	0	1.26	20	2.809	3.8836E-24	0	0	1847915985.75195
4135	28.5	-1.5	28.539	1064.592	0	1.26	20	2.739	2.1785E-24	0	0	2530211094.59291
4136	28.5	-0.5	28.504	1064.603	0	1.26	20	2.704	1.1116E-24	0	0	3587934698.95389
4137	28.5	0.5	28.504	1064.603	0	1.26	20	2.704	1.1116E-24	0	0	3587934698.95377
4138	28.5	1.5	28.539	1064.592	0	1.26	20	2.739	2.1785E-24	0	0	2530211094.59288
4139	28.5	2.5	28.609	1064.572	0	1.26	20	2.809	3.8836E-24	0	0	1847915985.75199
4140	28.5	3.5	28.714	1064.544	0	1.26	20	2.914	5.238E-24	0	0	1534145191.38577
4141	28.5	4.5	28.853	1064.511	0	1.26	20	3.053	5.1485E-24	0	0	1477169405.91595
4142	28.5	5.5	29.026	1064.477	0	1.26	20	3.226	4.4923E-24	0	0	1496902224.80223
4143	28.5	6.5	29.232	1064.445	0	1.26	20	3.432	3.1112E-24	0	0	1691086729.64372
4144	28.493	7.495	29.463	1064.421	0	1.26	20	3.663	4.131E-24	0	0	1375446581.86343
4145	28.389	8.468	29.625	1064.408	0	1.26	20	3.825	5.5573E-24	0	0	1135639224.795
4146	28.237	9.439	29.773	1064.402	0	1.26	20	3.973	2.8902E-24	0	0	1516349657.15751
4147	28.095	10.259	29.91	1064.4	0	1.26	20	4.11	9.5534E-25	0	0	2550282978.27903
4148	29.058	-7.229	29.943	1064.413	0	1.26	20	4.143	3.1804E-24	0	0	1386409154.85694
4149	29.15	-6.435	29.852	1064.414	0	1.26	20	4.052	6.2347E-25	0	0	3201624319.71185
4150	29.248	-5.468	29.755	1064.417	0	1.26	20	3.955	2.7781E-24	0	0	1553826276.8228
4151	29.331	-4.481	29.671	1064.421	0	1.26	20	3.871	3.6895E-24	0	0	1377271331.62522
4152	29.398	-3.488	29.604	1064.425	0	1.26	20	3.804	3.6706E-24	0	0	1405231266.06901
4153	29.447	-2.492	29.553	1064.43	0	1.26	20	3.753	3.0547E-24	0	0	1561244056.95439
4154	29.481	-1.496	29.519	1064.434	0	1.26	20	3.719	1.4937E-24	0	0	2253126547.48962
4155	29.497	-0.499	29.501	1064.436	0	1.26	20	3.701	5.8435E-25	0	0	3618851892.75549
4156	29.497	0.499	29.501	1064.436	0	1.26	20	3.701	5.8435E-25	0	0	3618851892.75506
4157	29.481	1.496	29.519	1064.434	0	1.26	20	3.719	1.4937E-24	0	0	2253126547.48983
4158	29.447	2.492	29.553	1064.43	0	1.26	20	3.753	3.0547E-24	0	0	1561244056.9544
4159	29.398	3.488	29.604	1064.425	0	1.26	20	3.804	3.6706E-24	0	0	1405231266.06897
4160	29.331	4.481	29.671	1064.421	0	1.26	20	3.871	3.6895E-24	0	0	1377271331.62521
4161	29.248	5.468	29.755	1064.417	0	1.26	20	3.955	2.7781E-24	0	0	1553826276.82291
4162	29.15	6.435	29.852	1064.414	0	1.26	20	4.052	6.2347E-25	0	0	3201624319.71137
4163	29.058	7.229	29.943	1064.413	0	1.26	20	4.143	3.1804E-24	0	0	1386409154.85637
