格	x	z	r	T	J重构	厚	保温mm	L	proxy	区(0盘1舌)	前12	裕度
480	-99.291	-29.5	103.581	463.436	9.42495	3.51	2.3	1	1.0499E-7	1	0	50.58054
481	-99.291	-28.5	103.301	463.436	9.42498	3.51	2.3	1	1.05E-7	1	0	50.58036
482	-99.291	-27.5	103.029	463.436	9.42505	3.51	2.3	1	1.05E-7	1	0	50.58
483	-99.291	-26.5	102.767	463.436	9.42515	3.51	2.3	1	1.05E-7	1	0	50.57946
484	-99.291	-25.5	102.514	463.437	9.42528	3.51	2.3	1	1.05E-7	1	0	50.57876
485	-99.291	-24.5	102.269	463.437	9.42544	3.51	2.3	1	1.0501E-7	1	0	50.5779
486	-99.291	-23.5	102.034	463.438	9.42563	3.51	2.3	1	1.0501E-7	1	0	50.57688
487	-99.291	-22.5	101.809	463.438	9.42585	3.51	2.3	1	1.0501E-7	1	0	50.57572
488	-99.291	-21.5	101.592	463.439	9.42609	3.51	2.3	1	1.0502E-7	1	0	50.57444
489	-99.291	-20.5	101.386	463.44	9.42635	3.51	2.3	1	1.0503E-7	1	0	50.57304
490	-99.291	-19.5	101.188	463.44	9.42663	3.51	2.3	1	1.0503E-7	1	0	50.57154
491	-99.291	-18.5	101	463.441	9.42693	3.51	2.3	1	1.0504E-7	1	0	50.56996
492	-99.291	-17.5	100.822	463.442	9.42724	3.51	2.3	1	1.0505E-7	1	0	50.56832
493	-99.291	-16.5	100.653	463.443	9.42756	3.51	2.3	1	1.0505E-7	1	0	50.56663
494	-99.291	-15.5	100.494	463.444	9.42788	3.51	2.3	1	1.0506E-7	1	0	50.56491
495	-99.291	-14.5	100.345	463.444	9.4282	3.51	2.3	1	1.0507E-7	1	0	50.56318
496	-99.291	-13.5	100.205	463.445	9.42852	3.51	2.3	1	1.0507E-7	1	0	50.56146
497	-99.291	-12.5	100.075	463.446	9.42884	3.51	2.3	1	1.0508E-7	1	0	50.55977
498	-99.291	-11.5	99.955	463.447	9.42915	3.51	2.3	1	1.0509E-7	1	0	50.55812
499	-99.291	-10.5	99.845	463.448	9.42945	3.51	2.3	1	1.0509E-7	1	0	50.55655
500	-99.291	-9.5	99.745	463.448	9.42973	3.51	2.3	1	1.051E-7	1	0	50.55505
501	-99.291	-8.5	99.655	463.449	9.42999	3.51	2.3	1	1.0511E-7	1	0	50.55365
502	-99.291	-7.5	99.574	463.45	9.43023	3.51	2.3	1	1.0511E-7	1	0	50.55236
503	-99.291	-6.5	99.504	463.45	9.43045	3.51	2.3	1	1.0512E-7	1	0	50.55121
504	-99.291	-5.5	99.444	463.451	9.43064	3.51	2.3	1	1.0512E-7	1	0	50.55019
505	-99.291	-4.5	99.393	463.451	9.4308	3.51	2.3	1	1.0512E-7	1	0	50.54933
506	-99.291	-3.5	99.353	463.452	9.43093	3.51	2.3	1	1.0513E-7	1	0	50.54862
507	-99.291	-2.5	99.323	463.452	9.43103	3.51	2.3	1	1.0513E-7	1	0	50.54809
508	-99.291	-1.5	99.303	463.452	9.4311	3.51	2.3	1	1.0513E-7	1	0	50.54773
509	-99.291	-0.5	99.293	463.452	9.43113	3.51	2.3	1	1.0513E-7	1	0	50.54755
510	-99.291	0.5	99.293	463.452	9.43113	3.51	2.3	1	1.0513E-7	1	0	50.54755
511	-99.291	1.5	99.303	463.452	9.4311	3.51	2.3	1	1.0513E-7	1	0	50.54773
512	-99.291	2.5	99.323	463.452	9.43103	3.51	2.3	1	1.0513E-7	1	0	50.54809
513	-99.291	3.5	99.353	463.452	9.43093	3.51	2.3	1	1.0513E-7	1	0	50.54862
514	-99.291	4.5	99.393	463.451	9.4308	3.51	2.3	1	1.0512E-7	1	0	50.54933
515	-99.291	5.5	99.444	463.451	9.43064	3.51	2.3	1	1.0512E-7	1	0	50.55019
516	-99.291	6.5	99.504	463.45	9.43045	3.51	2.3	1	1.0512E-7	1	0	50.55121
517	-99.291	7.5	99.574	463.45	9.43023	3.51	2.3	1	1.0511E-7	1	0	50.55236
518	-99.291	8.5	99.655	463.449	9.42999	3.51	2.3	1	1.0511E-7	1	0	50.55365
519	-99.291	9.5	99.745	463.448	9.42973	3.51	2.3	1	1.051E-7	1	0	50.55505
520	-99.291	10.5	99.845	463.448	9.42945	3.51	2.3	1	1.0509E-7	1	0	50.55655
521	-99.291	11.5	99.955	463.447	9.42915	3.51	2.3	1	1.0509E-7	1	0	50.55812
522	-99.291	12.5	100.075	463.446	9.42884	3.51	2.3	1	1.0508E-7	1	0	50.55977
523	-99.291	13.5	100.205	463.445	9.42852	3.51	2.3	1	1.0507E-7	1	0	50.56146
524	-99.291	14.5	100.345	463.444	9.4282	3.51	2.3	1	1.0507E-7	1	0	50.56318
525	-99.291	15.5	100.494	463.444	9.42788	3.51	2.3	1	1.0506E-7	1	0	50.56491
526	-99.291	16.5	100.653	463.443	9.42756	3.51	2.3	1	1.0505E-7	1	0	50.56663
527	-99.291	17.5	100.822	463.442	9.42724	3.51	2.3	1	1.0505E-7	1	0	50.56832
528	-99.291	18.5	101	463.441	9.42693	3.51	2.3	1	1.0504E-7	1	0	50.56996
529	-99.291	19.5	101.188	463.44	9.42663	3.51	2.3	1	1.0503E-7	1	0	50.57154
530	-99.291	20.5	101.386	463.44	9.42635	3.51	2.3	1	1.0503E-7	1	0	50.57304
531	-99.291	21.5	101.592	463.439	9.42609	3.51	2.3	1	1.0502E-7	1	0	50.57444
532	-99.291	22.5	101.809	463.438	9.42585	3.51	2.3	1	1.0501E-7	1	0	50.57572
533	-99.291	23.5	102.034	463.438	9.42563	3.51	2.3	1	1.0501E-7	1	0	50.57688
534	-99.291	24.5	102.269	463.437	9.42544	3.51	2.3	1	1.0501E-7	1	0	50.5779
535	-99.291	25.5	102.514	463.437	9.42528	3.51	2.3	1	1.05E-7	1	0	50.57876
536	-99.291	26.5	102.767	463.436	9.42515	3.51	2.3	1	1.05E-7	1	0	50.57946
537	-99.291	27.5	103.029	463.436	9.42505	3.51	2.3	1	1.05E-7	1	0	50.58
538	-99.291	28.5	103.301	463.436	9.42498	3.51	2.3	1	1.05E-7	1	0	50.58036
539	-99.291	29.5	103.581	463.436	9.42495	3.51	2.3	1	1.0499E-7	1	0	50.58054
540	-95.833	-29.5	100.271	526.404	9.42454	3.51	2.3	4.167	1.0273E-7	1	0	12.34942
541	-95.833	-28.5	99.981	526.404	9.42458	3.51	2.3	4.167	1.0273E-7	1	0	12.34937
542	-95.833	-27.5	99.7	526.405	9.42465	3.51	2.3	4.167	1.0273E-7	1	0	12.34928
543	-95.833	-26.5	99.429	526.407	9.42477	3.51	2.3	4.167	1.0273E-7	1	0	12.34913
544	-95.833	-25.5	99.167	526.409	9.42492	3.51	2.3	4.167	1.0274E-7	1	0	12.34894
545	-95.833	-24.5	98.915	526.411	9.4251	3.51	2.3	4.167	1.0274E-7	1	0	12.34871
546	-95.833	-23.5	98.672	526.414	9.42532	3.51	2.3	4.167	1.0274E-7	1	0	12.34844
547	-95.833	-22.5	98.439	526.417	9.42556	3.51	2.3	4.167	1.0275E-7	1	0	12.34812
548	-95.833	-21.5	98.215	526.421	9.42583	3.51	2.3	4.167	1.0276E-7	1	0	12.34778
549	-95.833	-20.5	98.001	526.425	9.42613	3.51	2.3	4.167	1.0276E-7	1	0	12.3474
550	-95.833	-19.5	97.797	526.429	9.42645	3.51	2.3	4.167	1.0277E-7	1	0	12.347
551	-95.833	-18.5	97.602	526.433	9.42678	3.51	2.3	4.167	1.0278E-7	1	0	12.34657
552	-95.833	-17.5	97.418	526.438	9.42713	3.51	2.3	4.167	1.0278E-7	1	0	12.34613
553	-95.833	-16.5	97.243	526.443	9.42749	3.51	2.3	4.167	1.0279E-7	1	0	12.34567
554	-95.833	-15.5	97.078	526.448	9.42786	3.51	2.3	4.167	1.028E-7	1	0	12.34521
555	-95.833	-14.5	96.924	526.452	9.42822	3.51	2.3	4.167	1.0281E-7	1	0	12.34475
556	-95.833	-13.5	96.779	526.457	9.42859	3.51	2.3	4.167	1.0281E-7	1	0	12.34428
557	-95.833	-12.5	96.645	526.462	9.42895	3.51	2.3	4.167	1.0282E-7	1	0	12.34383
558	-95.833	-11.5	96.52	526.467	9.4293	3.51	2.3	4.167	1.0283E-7	1	0	12.34338
559	-95.833	-10.5	96.406	526.471	9.42963	3.51	2.3	4.167	1.0284E-7	1	0	12.34296
560	-95.833	-9.5	96.303	526.475	9.42995	3.51	2.3	4.167	1.0284E-7	1	0	12.34255
561	-95.833	-8.5	96.209	526.479	9.43025	3.51	2.3	4.167	1.0285E-7	1	0	12.34218
562	-95.833	-7.5	96.126	526.483	9.43052	3.51	2.3	4.167	1.0286E-7	1	0	12.34183
563	-95.833	-6.5	96.053	526.486	9.43076	3.51	2.3	4.167	1.0286E-7	1	0	12.34152
564	-95.833	-5.5	95.991	526.489	9.43098	3.51	2.3	4.167	1.0287E-7	1	0	12.34125
565	-95.833	-4.5	95.938	526.491	9.43116	3.51	2.3	4.167	1.0287E-7	1	0	12.34101
566	-95.833	-3.5	95.897	526.493	9.43131	3.51	2.3	4.167	1.0287E-7	1	0	12.34082
567	-95.833	-2.5	95.865	526.495	9.43143	3.51	2.3	4.167	1.0287E-7	1	0	12.34068
568	-95.833	-1.5	95.845	526.496	9.4315	3.51	2.3	4.167	1.0288E-7	1	0	12.34058
569	-95.833	-0.5	95.834	526.496	9.43154	3.51	2.3	4.167	1.0288E-7	1	0	12.34054
570	-95.833	0.5	95.834	526.496	9.43154	3.51	2.3	4.167	1.0288E-7	1	0	12.34054
571	-95.833	1.5	95.845	526.496	9.4315	3.51	2.3	4.167	1.0288E-7	1	0	12.34058
572	-95.833	2.5	95.865	526.495	9.43143	3.51	2.3	4.167	1.0287E-7	1	0	12.34068
573	-95.833	3.5	95.897	526.493	9.43131	3.51	2.3	4.167	1.0287E-7	1	0	12.34082
574	-95.833	4.5	95.938	526.491	9.43116	3.51	2.3	4.167	1.0287E-7	1	0	12.34101
575	-95.833	5.5	95.991	526.489	9.43098	3.51	2.3	4.167	1.0287E-7	1	0	12.34125
576	-95.833	6.5	96.053	526.486	9.43076	3.51	2.3	4.167	1.0286E-7	1	0	12.34152
577	-95.833	7.5	96.126	526.483	9.43052	3.51	2.3	4.167	1.0286E-7	1	0	12.34183
578	-95.833	8.5	96.209	526.479	9.43025	3.51	2.3	4.167	1.0285E-7	1	0	12.34218
579	-95.833	9.5	96.303	526.475	9.42995	3.51	2.3	4.167	1.0284E-7	1	0	12.34255
580	-95.833	10.5	96.406	526.471	9.42963	3.51	2.3	4.167	1.0284E-7	1	0	12.34296
581	-95.833	11.5	96.52	526.467	9.4293	3.51	2.3	4.167	1.0283E-7	1	0	12.34338
582	-95.833	12.5	96.645	526.462	9.42895	3.51	2.3	4.167	1.0282E-7	1	0	12.34383
583	-95.833	13.5	96.779	526.457	9.42859	3.51	2.3	4.167	1.0281E-7	1	0	12.34428
584	-95.833	14.5	96.924	526.452	9.42822	3.51	2.3	4.167	1.0281E-7	1	0	12.34475
585	-95.833	15.5	97.078	526.448	9.42786	3.51	2.3	4.167	1.028E-7	1	0	12.34521
586	-95.833	16.5	97.243	526.443	9.42749	3.51	2.3	4.167	1.0279E-7	1	0	12.34567
587	-95.833	17.5	97.418	526.438	9.42713	3.51	2.3	4.167	1.0278E-7	1	0	12.34613
588	-95.833	18.5	97.602	526.433	9.42678	3.51	2.3	4.167	1.0278E-7	1	0	12.34657
589	-95.833	19.5	97.797	526.429	9.42645	3.51	2.3	4.167	1.0277E-7	1	0	12.347
590	-95.833	20.5	98.001	526.425	9.42613	3.51	2.3	4.167	1.0276E-7	1	0	12.3474
591	-95.833	21.5	98.215	526.421	9.42583	3.51	2.3	4.167	1.0276E-7	1	0	12.34778
592	-95.833	22.5	98.439	526.417	9.42556	3.51	2.3	4.167	1.0275E-7	1	0	12.34812
593	-95.833	23.5	98.672	526.414	9.42532	3.51	2.3	4.167	1.0274E-7	1	0	12.34844
594	-95.833	24.5	98.915	526.411	9.4251	3.51	2.3	4.167	1.0274E-7	1	0	12.34871
595	-95.833	25.5	99.167	526.409	9.42492	3.51	2.3	4.167	1.0274E-7	1	0	12.34894
596	-95.833	26.5	99.429	526.407	9.42477	3.51	2.3	4.167	1.0273E-7	1	0	12.34913
597	-95.833	27.5	99.7	526.405	9.42465	3.51	2.3	4.167	1.0273E-7	1	0	12.34928
598	-95.833	28.5	99.981	526.404	9.42458	3.51	2.3	4.167	1.0273E-7	1	0	12.34937
599	-95.833	29.5	100.271	526.404	9.42454	3.51	2.3	4.167	1.0273E-7	1	0	12.34942
600	-90.333	-29.5	95.028	619.444	9.42312	3.51	2.3	9.667	9.9362E-8	1	0	5.50981
601	-90.333	-28.5	94.722	619.445	9.42317	3.51	2.3	9.667	9.9363E-8	1	0	5.50978
602	-90.333	-27.5	94.426	619.448	9.42328	3.51	2.3	9.667	9.9365E-8	1	0	5.50972
603	-90.333	-26.5	94.14	619.451	9.42344	3.51	2.3	9.667	9.9369E-8	1	0	5.50963
604	-90.333	-25.5	93.863	619.456	9.42365	3.51	2.3	9.667	9.9373E-8	1	0	5.50952
605	-90.333	-24.5	93.596	619.462	9.4239	3.51	2.3	9.667	9.9378E-8	1	0	5.50937
606	-90.333	-23.5	93.34	619.469	9.42421	3.51	2.3	9.667	9.9384E-8	1	0	5.50921
607	-90.333	-22.5	93.093	619.477	9.42455	3.51	2.3	9.667	9.9391E-8	1	0	5.50902
608	-90.333	-21.5	92.856	619.486	9.42494	3.51	2.3	9.667	9.9399E-8	1	0	5.50881
609	-90.333	-20.5	92.63	619.496	9.42535	3.51	2.3	9.667	9.9407E-8	1	0	5.50858
610	-90.333	-19.5	92.414	619.506	9.4258	3.51	2.3	9.667	9.9416E-8	1	0	5.50833
611	-90.333	-18.5	92.208	619.517	9.42627	3.51	2.3	9.667	9.9426E-8	1	0	5.50807
612	-90.333	-17.5	92.012	619.528	9.42676	3.51	2.3	9.667	9.9436E-8	1	0	5.5078
613	-90.333	-16.5	91.827	619.54	9.42727	3.51	2.3	9.667	9.9446E-8	1	0	5.50753
614	-90.333	-15.5	91.653	619.552	9.42778	3.51	2.3	9.667	9.9457E-8	1	0	5.50724
615	-90.333	-14.5	91.489	619.564	9.4283	3.51	2.3	9.667	9.9467E-8	1	0	5.50696
616	-90.333	-13.5	91.336	619.576	9.42881	3.51	2.3	9.667	9.9477E-8	1	0	5.50668
617	-90.333	-12.5	91.194	619.588	9.42932	3.51	2.3	9.667	9.9488E-8	1	0	5.5064
618	-90.333	-11.5	91.062	619.599	9.42981	3.51	2.3	9.667	9.9498E-8	1	0	5.50613
619	-90.333	-10.5	90.941	619.61	9.43028	3.51	2.3	9.667	9.9507E-8	1	0	5.50587
620	-90.333	-9.5	90.831	619.62	9.43073	3.51	2.3	9.667	9.9516E-8	1	0	5.50563
621	-90.333	-8.5	90.732	619.63	9.43114	3.51	2.3	9.667	9.9525E-8	1	0	5.5054
622	-90.333	-7.5	90.644	619.639	9.43153	3.51	2.3	9.667	9.9532E-8	1	0	5.50519
623	-90.333	-6.5	90.566	619.647	9.43187	3.51	2.3	9.667	9.9539E-8	1	0	5.505
624	-90.333	-5.5	90.5	619.654	9.43218	3.51	2.3	9.667	9.9546E-8	1	0	5.50483
625	-90.333	-4.5	90.445	619.66	9.43244	3.51	2.3	9.667	9.9551E-8	1	0	5.50469
626	-90.333	-3.5	90.401	619.665	9.43265	3.51	2.3	9.667	9.9555E-8	1	0	5.50457
627	-90.333	-2.5	90.367	619.668	9.43281	3.51	2.3	9.667	9.9558E-8	1	0	5.50449
628	-90.333	-1.5	90.345	619.671	9.43291	3.51	2.3	9.667	9.9561E-8	1	0	5.50443
629	-90.333	-0.5	90.334	619.672	9.43297	3.51	2.3	9.667	9.9562E-8	1	0	5.5044
630	-90.333	0.5	90.334	619.672	9.43297	3.51	2.3	9.667	9.9562E-8	1	0	5.5044
631	-90.333	1.5	90.345	619.671	9.43291	3.51	2.3	9.667	9.9561E-8	1	0	5.50443
632	-90.333	2.5	90.367	619.668	9.43281	3.51	2.3	9.667	9.9558E-8	1	0	5.50449
633	-90.333	3.5	90.401	619.665	9.43265	3.51	2.3	9.667	9.9555E-8	1	0	5.50457
634	-90.333	4.5	90.445	619.66	9.43244	3.51	2.3	9.667	9.9551E-8	1	0	5.50469
635	-90.333	5.5	90.5	619.654	9.43218	3.51	2.3	9.667	9.9546E-8	1	0	5.50483
636	-90.333	6.5	90.566	619.647	9.43187	3.51	2.3	9.667	9.9539E-8	1	0	5.505
637	-90.333	7.5	90.644	619.639	9.43153	3.51	2.3	9.667	9.9532E-8	1	0	5.50519
638	-90.333	8.5	90.732	619.63	9.43114	3.51	2.3	9.667	9.9525E-8	1	0	5.5054
639	-90.333	9.5	90.831	619.62	9.43073	3.51	2.3	9.667	9.9516E-8	1	0	5.50563
640	-90.333	10.5	90.941	619.61	9.43028	3.51	2.3	9.667	9.9507E-8	1	0	5.50587
641	-90.333	11.5	91.062	619.599	9.42981	3.51	2.3	9.667	9.9498E-8	1	0	5.50613
642	-90.333	12.5	91.194	619.588	9.42932	3.51	2.3	9.667	9.9488E-8	1	0	5.5064
643	-90.333	13.5	91.336	619.576	9.42881	3.51	2.3	9.667	9.9477E-8	1	0	5.50668
644	-90.333	14.5	91.489	619.564	9.4283	3.51	2.3	9.667	9.9467E-8	1	0	5.50696
645	-90.333	15.5	91.653	619.552	9.42778	3.51	2.3	9.667	9.9457E-8	1	0	5.50724
646	-90.333	16.5	91.827	619.54	9.42727	3.51	2.3	9.667	9.9446E-8	1	0	5.50753
647	-90.333	17.5	92.012	619.528	9.42676	3.51	2.3	9.667	9.9436E-8	1	0	5.5078
648	-90.333	18.5	92.208	619.517	9.42627	3.51	2.3	9.667	9.9426E-8	1	0	5.50807
649	-90.333	19.5	92.414	619.506	9.4258	3.51	2.3	9.667	9.9416E-8	1	0	5.50833
650	-90.333	20.5	92.63	619.496	9.42535	3.51	2.3	9.667	9.9407E-8	1	0	5.50858
651	-90.333	21.5	92.856	619.486	9.42494	3.51	2.3	9.667	9.9399E-8	1	0	5.50881
652	-90.333	22.5	93.093	619.477	9.42455	3.51	2.3	9.667	9.9391E-8	1	0	5.50902
653	-90.333	23.5	93.34	619.469	9.42421	3.51	2.3	9.667	9.9384E-8	1	0	5.50921
654	-90.333	24.5	93.596	619.462	9.4239	3.51	2.3	9.667	9.9378E-8	1	0	5.50937
655	-90.333	25.5	93.863	619.456	9.42365	3.51	2.3	9.667	9.9373E-8	1	0	5.50952
656	-90.333	26.5	94.14	619.451	9.42344	3.51	2.3	9.667	9.9369E-8	1	0	5.50963
657	-90.333	27.5	94.426	619.448	9.42328	3.51	2.3	9.667	9.9365E-8	1	0	5.50972
658	-90.333	28.5	94.722	619.445	9.42317	3.51	2.3	9.667	9.9363E-8	1	0	5.50978
659	-90.333	29.5	95.028	619.444	9.42312	3.51	2.3	9.667	9.9362E-8	1	0	5.50981
660	-84.833	-29.5	89.816	703.289	9.42006	3.51	2.3	15.167	9.6294E-8	1	0	3.67518
661	-84.833	-28.5	89.492	703.291	9.42015	3.51	2.3	15.167	9.6296E-8	1	0	3.67515
662	-84.833	-27.5	89.179	703.296	9.42032	3.51	2.3	15.167	9.63E-8	1	0	3.67509
663	-84.833	-26.5	88.876	703.302	9.42058	3.51	2.3	15.167	9.6305E-8	1	0	3.675
664	-84.833	-25.5	88.583	703.311	9.42092	3.51	2.3	15.167	9.6311E-8	1	0	3.67487
665	-84.833	-24.5	88.3	703.322	9.42134	3.51	2.3	15.167	9.6319E-8	1	0	3.67472
666	-84.833	-23.5	88.028	703.335	9.42183	3.51	2.3	15.167	9.6329E-8	1	0	3.67455
667	-84.833	-22.5	87.766	703.349	9.42239	3.51	2.3	15.167	9.634E-8	1	0	3.67435
668	-84.833	-21.5	87.515	703.365	9.42301	3.51	2.3	15.167	9.6352E-8	1	0	3.67412
669	-84.833	-20.5	87.275	703.383	9.42369	3.51	2.3	15.167	9.6365E-8	1	0	3.67388
670	-84.833	-19.5	87.045	703.402	9.42441	3.51	2.3	15.167	9.6379E-8	1	0	3.67362
671	-84.833	-18.5	86.827	703.421	9.42518	3.51	2.3	15.167	9.6394E-8	1	0	3.67334
672	-84.833	-17.5	86.619	703.442	9.42597	3.51	2.3	15.167	9.641E-8	1	0	3.67306
673	-84.833	-16.5	86.423	703.463	9.42679	3.51	2.3	15.167	9.6426E-8	1	0	3.67276
674	-84.833	-15.5	86.237	703.485	9.42762	3.51	2.3	15.167	9.6442E-8	1	0	3.67246
675	-84.833	-14.5	86.063	703.506	9.42846	3.51	2.3	15.167	9.6458E-8	1	0	3.67216
676	-84.833	-13.5	85.9	703.528	9.42929	3.51	2.3	15.167	9.6475E-8	1	0	3.67186
677	-84.833	-12.5	85.749	703.549	9.43011	3.51	2.3	15.167	9.6491E-8	1	0	3.67157
678	-84.833	-11.5	85.609	703.57	9.4309	3.51	2.3	15.167	9.6506E-8	1	0	3.67128
679	-84.833	-10.5	85.48	703.59	9.43167	3.51	2.3	15.167	9.6521E-8	1	0	3.67101
680	-84.833	-9.5	85.363	703.608	9.43239	3.51	2.3	15.167	9.6535E-8	1	0	3.67075
681	-84.833	-8.5	85.258	703.626	9.43307	3.51	2.3	15.167	9.6548E-8	1	0	3.6705
682	-84.833	-7.5	85.164	703.642	9.43369	3.51	2.3	15.167	9.6561E-8	1	0	3.67028
683	-84.833	-6.5	85.081	703.656	9.43425	3.51	2.3	15.167	9.6572E-8	1	0	3.67008
684	-84.833	-5.5	85.011	703.669	9.43475	3.51	2.3	15.167	9.6581E-8	1	0	3.6699
685	-84.833	-4.5	84.952	703.68	9.43516	3.51	2.3	15.167	9.6589E-8	1	0	3.66975
686	-84.833	-3.5	84.905	703.689	9.4355	3.51	2.3	15.167	9.6596E-8	1	0	3.66963
687	-84.833	-2.5	84.87	703.696	9.43576	3.51	2.3	15.167	9.6601E-8	1	0	3.66954
688	-84.833	-1.5	84.846	703.7	9.43594	3.51	2.3	15.167	9.6605E-8	1	0	3.66947
689	-84.833	-0.5	84.834	703.702	9.43603	3.51	2.3	15.167	9.6606E-8	1	0	3.66944
690	-84.833	0.5	84.834	703.702	9.43603	3.51	2.3	15.167	9.6606E-8	1	0	3.66944
691	-84.833	1.5	84.846	703.7	9.43594	3.51	2.3	15.167	9.6605E-8	1	0	3.66947
692	-84.833	2.5	84.87	703.696	9.43576	3.51	2.3	15.167	9.6601E-8	1	0	3.66954
693	-84.833	3.5	84.905	703.689	9.4355	3.51	2.3	15.167	9.6596E-8	1	0	3.66963
694	-84.833	4.5	84.952	703.68	9.43516	3.51	2.3	15.167	9.6589E-8	1	0	3.66975
695	-84.833	5.5	85.011	703.669	9.43475	3.51	2.3	15.167	9.6581E-8	1	0	3.6699
696	-84.833	6.5	85.081	703.656	9.43425	3.51	2.3	15.167	9.6572E-8	1	0	3.67008
697	-84.833	7.5	85.164	703.642	9.43369	3.51	2.3	15.167	9.6561E-8	1	0	3.67028
698	-84.833	8.5	85.258	703.626	9.43307	3.51	2.3	15.167	9.6548E-8	1	0	3.6705
699	-84.833	9.5	85.363	703.608	9.43239	3.51	2.3	15.167	9.6535E-8	1	0	3.67075
700	-84.833	10.5	85.48	703.59	9.43167	3.51	2.3	15.167	9.6521E-8	1	0	3.67101
701	-84.833	11.5	85.609	703.57	9.4309	3.51	2.3	15.167	9.6506E-8	1	0	3.67128
702	-84.833	12.5	85.749	703.549	9.43011	3.51	2.3	15.167	9.6491E-8	1	0	3.67157
703	-84.833	13.5	85.9	703.528	9.42929	3.51	2.3	15.167	9.6475E-8	1	0	3.67186
704	-84.833	14.5	86.063	703.506	9.42846	3.51	2.3	15.167	9.6458E-8	1	0	3.67216
705	-84.833	15.5	86.237	703.485	9.42762	3.51	2.3	15.167	9.6442E-8	1	0	3.67246
706	-84.833	16.5	86.423	703.463	9.42679	3.51	2.3	15.167	9.6426E-8	1	0	3.67276
707	-84.833	17.5	86.619	703.442	9.42597	3.51	2.3	15.167	9.641E-8	1	0	3.67306
708	-84.833	18.5	86.827	703.421	9.42518	3.51	2.3	15.167	9.6394E-8	1	0	3.67334
709	-84.833	19.5	87.045	703.402	9.42441	3.51	2.3	15.167	9.6379E-8	1	0	3.67362
710	-84.833	20.5	87.275	703.383	9.42369	3.51	2.3	15.167	9.6365E-8	1	0	3.67388
711	-84.833	21.5	87.515	703.365	9.42301	3.51	2.3	15.167	9.6352E-8	1	0	3.67412
712	-84.833	22.5	87.766	703.349	9.42239	3.51	2.3	15.167	9.634E-8	1	0	3.67435
713	-84.833	23.5	88.028	703.335	9.42183	3.51	2.3	15.167	9.6329E-8	1	0	3.67455
714	-84.833	24.5	88.3	703.322	9.42134	3.51	2.3	15.167	9.6319E-8	1	0	3.67472
715	-84.833	25.5	88.583	703.311	9.42092	3.51	2.3	15.167	9.6311E-8	1	0	3.67487
716	-84.833	26.5	88.876	703.302	9.42058	3.51	2.3	15.167	9.6305E-8	1	0	3.675
717	-84.833	27.5	89.179	703.296	9.42032	3.51	2.3	15.167	9.63E-8	1	0	3.67509
718	-84.833	28.5	89.492	703.291	9.42015	3.51	2.3	15.167	9.6296E-8	1	0	3.67515
719	-84.833	29.5	89.816	703.289	9.42006	3.51	2.3	15.167	9.6294E-8	1	0	3.67518
720	-79.333	-29.5	84.64	778.129	9.41437	3.51	2.3	20.667	9.3501E-8	1	0	2.85803
721	-79.333	-28.5	84.297	778.133	9.41452	3.51	2.3	20.667	9.3504E-8	1	0	2.85799
722	-79.333	-27.5	83.964	778.14	9.41481	3.51	2.3	20.667	9.3509E-8	1	0	2.85791
723	-79.333	-26.5	83.642	778.151	9.41526	3.51	2.3	20.667	9.3518E-8	1	0	2.85778
724	-79.333	-25.5	83.33	778.166	9.41584	3.51	2.3	20.667	9.3529E-8	1	0	2.85762
725	-79.333	-24.5	83.03	778.184	9.41656	3.51	2.3	20.667	9.3542E-8	1	0	2.85742
726	-79.333	-23.5	82.74	778.206	9.4174	3.51	2.3	20.667	9.3558E-8	1	0	2.85719
727	-79.333	-22.5	82.462	778.23	9.41836	3.51	2.3	20.667	9.3576E-8	1	0	2.85693
728	-79.333	-21.5	82.195	778.257	9.41942	3.51	2.3	20.667	9.3596E-8	1	0	2.85663
729	-79.333	-20.5	81.939	778.286	9.42058	3.51	2.3	20.667	9.3618E-8	1	0	2.85631
730	-79.333	-19.5	81.694	778.317	9.42182	3.51	2.3	20.667	9.3642E-8	1	0	2.85597
731	-79.333	-18.5	81.461	778.35	9.42313	3.51	2.3	20.667	9.3667E-8	1	0	2.8556
732	-79.333	-17.5	81.24	778.385	9.42449	3.51	2.3	20.667	9.3693E-8	1	0	2.85523
733	-79.333	-16.5	81.031	778.42	9.42589	3.51	2.3	20.667	9.3719E-8	1	0	2.85484
734	-79.333	-15.5	80.833	778.456	9.42732	3.51	2.3	20.667	9.3746E-8	1	0	2.85445
735	-79.333	-14.5	80.647	778.492	9.42875	3.51	2.3	20.667	9.3774E-8	1	0	2.85405
736	-79.333	-13.5	80.473	778.528	9.43018	3.51	2.3	20.667	9.3801E-8	1	0	2.85366
737	-79.333	-12.5	80.312	778.564	9.43159	3.51	2.3	20.667	9.3827E-8	1	0	2.85327
738	-79.333	-11.5	80.162	778.598	9.43295	3.51	2.3	20.667	9.3853E-8	1	0	2.85289
739	-79.333	-10.5	80.025	778.631	9.43426	3.51	2.3	20.667	9.3878E-8	1	0	2.85253
740	-79.333	-9.5	79.9	778.663	9.4355	3.51	2.3	20.667	9.3902E-8	1	0	2.85219
741	-79.333	-8.5	79.787	778.692	9.43667	3.51	2.3	20.667	9.3924E-8	1	0	2.85187
742	-79.333	-7.5	79.687	778.719	9.43773	3.51	2.3	20.667	9.3944E-8	1	0	2.85157
743	-79.333	-6.5	79.599	778.743	9.43869	3.51	2.3	20.667	9.3962E-8	1	0	2.85131
744	-79.333	-5.5	79.523	778.765	9.43954	3.51	2.3	20.667	9.3978E-8	1	0	2.85107
745	-79.333	-4.5	79.46	778.783	9.44026	3.51	2.3	20.667	9.3992E-8	1	0	2.85088
746	-79.333	-3.5	79.41	778.798	9.44084	3.51	2.3	20.667	9.4003E-8	1	0	2.85071
747	-79.333	-2.5	79.372	778.809	9.44129	3.51	2.3	20.667	9.4012E-8	1	0	2.85059
748	-79.333	-1.5	79.347	778.816	9.44158	3.51	2.3	20.667	9.4017E-8	1	0	2.85051
749	-79.333	-0.5	79.334	778.82	9.44173	3.51	2.3	20.667	9.402E-8	1	0	2.85047
750	-79.333	0.5	79.334	778.82	9.44173	3.51	2.3	20.667	9.402E-8	1	0	2.85047
751	-79.333	1.5	79.347	778.816	9.44158	3.51	2.3	20.667	9.4017E-8	1	0	2.85051
752	-79.333	2.5	79.372	778.809	9.44129	3.51	2.3	20.667	9.4012E-8	1	0	2.85059
753	-79.333	3.5	79.41	778.798	9.44084	3.51	2.3	20.667	9.4003E-8	1	0	2.85071
754	-79.333	4.5	79.46	778.783	9.44026	3.51	2.3	20.667	9.3992E-8	1	0	2.85088
755	-79.333	5.5	79.523	778.765	9.43954	3.51	2.3	20.667	9.3978E-8	1	0	2.85107
756	-79.333	6.5	79.599	778.743	9.43869	3.51	2.3	20.667	9.3962E-8	1	0	2.85131
757	-79.333	7.5	79.687	778.719	9.43773	3.51	2.3	20.667	9.3944E-8	1	0	2.85157
758	-79.333	8.5	79.787	778.692	9.43667	3.51	2.3	20.667	9.3924E-8	1	0	2.85187
759	-79.333	9.5	79.9	778.663	9.4355	3.51	2.3	20.667	9.3902E-8	1	0	2.85219
760	-79.333	10.5	80.025	778.631	9.43426	3.51	2.3	20.667	9.3878E-8	1	0	2.85253
761	-79.333	11.5	80.162	778.598	9.43295	3.51	2.3	20.667	9.3853E-8	1	0	2.85289
762	-79.333	12.5	80.312	778.564	9.43159	3.51	2.3	20.667	9.3827E-8	1	0	2.85327
763	-79.333	13.5	80.473	778.528	9.43018	3.51	2.3	20.667	9.3801E-8	1	0	2.85366
764	-79.333	14.5	80.647	778.492	9.42875	3.51	2.3	20.667	9.3774E-8	1	0	2.85405
765	-79.333	15.5	80.833	778.456	9.42732	3.51	2.3	20.667	9.3746E-8	1	0	2.85445
766	-79.333	16.5	81.031	778.42	9.42589	3.51	2.3	20.667	9.3719E-8	1	0	2.85484
767	-79.333	17.5	81.24	778.385	9.42449	3.51	2.3	20.667	9.3693E-8	1	0	2.85523
768	-79.333	18.5	81.461	778.35	9.42313	3.51	2.3	20.667	9.3667E-8	1	0	2.8556
769	-79.333	19.5	81.694	778.317	9.42182	3.51	2.3	20.667	9.3642E-8	1	0	2.85597
770	-79.333	20.5	81.939	778.286	9.42058	3.51	2.3	20.667	9.3618E-8	1	0	2.85631
771	-79.333	21.5	82.195	778.257	9.41942	3.51	2.3	20.667	9.3596E-8	1	0	2.85663
772	-79.333	22.5	82.462	778.23	9.41836	3.51	2.3	20.667	9.3576E-8	1	0	2.85693
773	-79.333	23.5	82.74	778.206	9.4174	3.51	2.3	20.667	9.3558E-8	1	0	2.85719
774	-79.333	24.5	83.03	778.184	9.41656	3.51	2.3	20.667	9.3542E-8	1	0	2.85742
775	-79.333	25.5	83.33	778.166	9.41584	3.51	2.3	20.667	9.3529E-8	1	0	2.85762
776	-79.333	26.5	83.642	778.151	9.41526	3.51	2.3	20.667	9.3518E-8	1	0	2.85778
777	-79.333	27.5	83.964	778.14	9.41481	3.51	2.3	20.667	9.3509E-8	1	0	2.85791
778	-79.333	28.5	84.297	778.133	9.41452	3.51	2.3	20.667	9.3504E-8	1	0	2.85799
779	-79.333	29.5	84.64	778.129	9.41437	3.51	2.3	20.667	9.3501E-8	1	0	2.85803
780	-74.169	-29.5	79.821	840.567	9.40511	3.51	2.3	25.831	9.1087E-8	1	0	2.44076
781	-74.169	-28.5	79.457	840.573	9.40536	3.51	2.3	25.831	9.1092E-8	1	0	2.4407
782	-74.169	-27.5	79.103	840.585	9.40586	3.51	2.3	25.831	9.1101E-8	1	0	2.44059
783	-74.169	-26.5	78.761	840.603	9.4066	3.51	2.3	25.831	9.1115E-8	1	0	2.44041
784	-74.169	-25.5	78.431	840.626	9.40757	3.51	2.3	25.831	9.1133E-8	1	0	2.44018
785	-74.169	-24.5	78.111	840.655	9.40877	3.51	2.3	25.831	9.1155E-8	1	0	2.4399
786	-74.169	-23.5	77.803	840.689	9.41019	3.51	2.3	25.831	9.1182E-8	1	0	2.43957
787	-74.169	-22.5	77.507	840.727	9.41179	3.51	2.3	25.831	9.1211E-8	1	0	2.43919
788	-74.169	-21.5	77.223	840.77	9.41358	3.51	2.3	25.831	9.1244E-8	1	0	2.43877
789	-74.169	-20.5	76.95	840.817	9.41552	3.51	2.3	25.831	9.128E-8	1	0	2.43832
790	-74.169	-19.5	76.69	840.866	9.4176	3.51	2.3	25.831	9.1319E-8	1	0	2.43783
791	-74.169	-18.5	76.442	840.919	9.4198	3.51	2.3	25.831	9.136E-8	1	0	2.43732
792	-74.169	-17.5	76.206	840.974	9.42209	3.51	2.3	25.831	9.1402E-8	1	0	2.43678
793	-74.169	-16.5	75.983	841.03	9.42444	3.51	2.3	25.831	9.1446E-8	1	0	2.43623
794	-74.169	-15.5	75.772	841.087	9.42683	3.51	2.3	25.831	9.149E-8	1	0	2.43567
795	-74.169	-14.5	75.574	841.145	9.42924	3.51	2.3	25.831	9.1535E-8	1	0	2.43511
796	-74.169	-13.5	75.388	841.202	9.43163	3.51	2.3	25.831	9.1579E-8	1	0	2.43455
797	-74.169	-12.5	75.215	841.258	9.43399	3.51	2.3	25.831	9.1623E-8	1	0	2.434
798	-74.169	-11.5	75.056	841.313	9.43628	3.51	2.3	25.831	9.1666E-8	1	0	2.43346
799	-74.169	-10.5	74.909	841.366	9.43848	3.51	2.3	25.831	9.1706E-8	1	0	2.43295
800	-74.169	-9.5	74.775	841.416	9.44057	3.51	2.3	25.831	9.1745E-8	1	0	2.43246
801	-74.169	-8.5	74.655	841.462	9.44252	3.51	2.3	25.831	9.1781E-8	1	0	2.43201
802	-74.169	-7.5	74.548	841.505	9.44431	3.51	2.3	25.831	9.1815E-8	1	0	2.43159
803	-74.169	-6.5	74.454	841.544	9.44593	3.51	2.3	25.831	9.1845E-8	1	0	2.43121
804	-74.169	-5.5	74.373	841.577	9.44735	3.51	2.3	25.831	9.1871E-8	1	0	2.43088
805	-74.169	-4.5	74.306	841.606	9.44855	3.51	2.3	25.831	9.1894E-8	1	0	2.4306
806	-74.169	-3.5	74.252	841.63	9.44953	3.51	2.3	25.831	9.1912E-8	1	0	2.43037
807	-74.169	-2.5	74.212	841.648	9.45028	3.51	2.3	25.831	9.1926E-8	1	0	2.4302
808	-74.169	-1.5	74.185	841.66	9.45078	3.51	2.3	25.831	9.1935E-8	1	0	2.43008
809	-74.169	-0.5	74.171	841.666	9.45103	3.51	2.3	25.831	9.194E-8	1	0	2.43002
810	-74.169	0.5	74.171	841.666	9.45103	3.51	2.3	25.831	9.194E-8	1	0	2.43002
811	-74.169	1.5	74.185	841.66	9.45078	3.51	2.3	25.831	9.1935E-8	1	0	2.43008
812	-74.169	2.5	74.212	841.648	9.45028	3.51	2.3	25.831	9.1926E-8	1	0	2.4302
813	-74.169	3.5	74.252	841.63	9.44953	3.51	2.3	25.831	9.1912E-8	1	0	2.43037
814	-74.169	4.5	74.306	841.606	9.44855	3.51	2.3	25.831	9.1894E-8	1	0	2.4306
815	-74.169	5.5	74.373	841.577	9.44735	3.51	2.3	25.831	9.1871E-8	1	0	2.43088
816	-74.169	6.5	74.454	841.544	9.44593	3.51	2.3	25.831	9.1845E-8	1	0	2.43121
817	-74.169	7.5	74.548	841.505	9.44431	3.51	2.3	25.831	9.1815E-8	1	0	2.43159
818	-74.169	8.5	74.655	841.462	9.44252	3.51	2.3	25.831	9.1781E-8	1	0	2.43201
819	-74.169	9.5	74.775	841.416	9.44057	3.51	2.3	25.831	9.1745E-8	1	0	2.43246
820	-74.169	10.5	74.909	841.366	9.43848	3.51	2.3	25.831	9.1706E-8	1	0	2.43295
821	-74.169	11.5	75.056	841.313	9.43628	3.51	2.3	25.831	9.1666E-8	1	0	2.43346
822	-74.169	12.5	75.215	841.258	9.43399	3.51	2.3	25.831	9.1623E-8	1	0	2.434
823	-74.169	13.5	75.388	841.202	9.43163	3.51	2.3	25.831	9.1579E-8	1	0	2.43455
824	-74.169	14.5	75.574	841.145	9.42924	3.51	2.3	25.831	9.1535E-8	1	0	2.43511
825	-74.169	15.5	75.772	841.087	9.42683	3.51	2.3	25.831	9.149E-8	1	0	2.43567
826	-74.169	16.5	75.983	841.03	9.42444	3.51	2.3	25.831	9.1446E-8	1	0	2.43623
827	-74.169	17.5	76.206	840.974	9.42209	3.51	2.3	25.831	9.1402E-8	1	0	2.43678
828	-74.169	18.5	76.442	840.919	9.4198	3.51	2.3	25.831	9.136E-8	1	0	2.43732
829	-74.169	19.5	76.69	840.866	9.4176	3.51	2.3	25.831	9.1319E-8	1	0	2.43783
830	-74.169	20.5	76.95	840.817	9.41552	3.51	2.3	25.831	9.128E-8	1	0	2.43832
831	-74.169	21.5	77.223	840.77	9.41358	3.51	2.3	25.831	9.1244E-8	1	0	2.43877
832	-74.169	22.5	77.507	840.727	9.41179	3.51	2.3	25.831	9.1211E-8	1	0	2.43919
833	-74.169	23.5	77.803	840.689	9.41019	3.51	2.3	25.831	9.1182E-8	1	0	2.43957
834	-74.169	24.5	78.111	840.655	9.40877	3.51	2.3	25.831	9.1155E-8	1	0	2.4399
835	-74.169	25.5	78.431	840.626	9.40757	3.51	2.3	25.831	9.1133E-8	1	0	2.44018
836	-74.169	26.5	78.761	840.603	9.4066	3.51	2.3	25.831	9.1115E-8	1	0	2.44041
837	-74.169	27.5	79.103	840.585	9.40586	3.51	2.3	25.831	9.1101E-8	1	0	2.44059
838	-74.169	28.5	79.457	840.573	9.40536	3.51	2.3	25.831	9.1092E-8	1	0	2.4407
839	-74.169	29.5	79.821	840.567	9.40511	3.51	2.3	25.831	9.1087E-8	1	0	2.44076
840	-69.9	-29.5	75.87	886.666	9.39276	3.51	2.3	30.1	8.9207E-8	1	0	2.22513
841	-69.9	-28.5	75.486	886.675	9.39314	3.51	2.3	30.1	8.9214E-8	1	0	2.22505
842	-69.9	-27.5	75.115	886.692	9.39391	3.51	2.3	30.1	8.9228E-8	1	0	2.22489
843	-69.9	-26.5	74.754	886.718	9.39505	3.51	2.3	30.1	8.9249E-8	1	0	2.22464
844	-69.9	-25.5	74.406	886.752	9.39655	3.51	2.3	30.1	8.9276E-8	1	0	2.22432
845	-69.9	-24.5	74.069	886.794	9.3984	3.51	2.3	30.1	8.9309E-8	1	0	2.22393
846	-69.9	-23.5	73.744	886.843	9.40057	3.51	2.3	30.1	8.9349E-8	1	0	2.22347
847	-69.9	-22.5	73.432	886.899	9.40304	3.51	2.3	30.1	8.9394E-8	1	0	2.22294
848	-69.9	-21.5	73.131	886.961	9.40579	3.51	2.3	30.1	8.9444E-8	1	0	2.22236
849	-69.9	-20.5	72.844	887.029	9.40878	3.51	2.3	30.1	8.9498E-8	1	0	2.22172
850	-69.9	-19.5	72.569	887.101	9.41198	3.51	2.3	30.1	8.9557E-8	1	0	2.22104
851	-69.9	-18.5	72.306	887.178	9.41536	3.51	2.3	30.1	8.9618E-8	1	0	2.22032
852	-69.9	-17.5	72.057	887.257	9.41888	3.51	2.3	30.1	8.9682E-8	1	0	2.21957
853	-69.9	-16.5	71.821	887.339	9.4225	3.51	2.3	30.1	8.9749E-8	1	0	2.2188
854	-69.9	-15.5	71.597	887.423	9.42618	3.51	2.3	30.1	8.9816E-8	1	0	2.21802
855	-69.9	-14.5	71.388	887.506	9.42989	3.51	2.3	30.1	8.9883E-8	1	0	2.21724
856	-69.9	-13.5	71.191	887.59	9.43357	3.51	2.3	30.1	8.9951E-8	1	0	2.21646
857	-69.9	-12.5	71.008	887.672	9.4372	3.51	2.3	30.1	9.0017E-8	1	0	2.21569
858	-69.9	-11.5	70.839	887.751	9.44073	3.51	2.3	30.1	9.0081E-8	1	0	2.21494
859	-69.9	-10.5	70.684	887.828	9.44412	3.51	2.3	30.1	9.0143E-8	1	0	2.21423
860	-69.9	-9.5	70.542	887.901	9.44734	3.51	2.3	30.1	9.0202E-8	1	0	2.21355
861	-69.9	-8.5	70.414	887.969	9.45034	3.51	2.3	30.1	9.0257E-8	1	0	2.21291
862	-69.9	-7.5	70.301	888.031	9.4531	3.51	2.3	30.1	9.0308E-8	1	0	2.21233
863	-69.9	-6.5	70.201	888.087	9.45559	3.51	2.3	30.1	9.0353E-8	1	0	2.21181
864	-69.9	-5.5	70.116	888.136	9.45778	3.51	2.3	30.1	9.0393E-8	1	0	2.21135
865	-69.9	-4.5	70.044	888.178	9.45964	3.51	2.3	30.1	9.0427E-8	1	0	2.21095
866	-69.9	-3.5	69.987	888.213	9.46115	3.51	2.3	30.1	9.0455E-8	1	0	2.21064
867	-69.9	-2.5	69.944	888.238	9.4623	3.51	2.3	30.1	9.0476E-8	1	0	2.21039
868	-69.9	-1.5	69.916	888.256	9.46307	3.51	2.3	30.1	9.049E-8	1	0	2.21023
869	-69.9	-0.5	69.901	888.265	9.46346	3.51	2.3	30.1	9.0497E-8	1	0	2.21015
870	-69.9	0.5	69.901	888.265	9.46346	3.51	2.3	30.1	9.0497E-8	1	0	2.21015
871	-69.9	1.5	69.916	888.256	9.46307	3.51	2.3	30.1	9.049E-8	1	0	2.21023
872	-69.9	2.5	69.944	888.238	9.4623	3.51	2.3	30.1	9.0476E-8	1	0	2.21039
873	-69.9	3.5	69.987	888.213	9.46115	3.51	2.3	30.1	9.0455E-8	1	0	2.21064
874	-69.9	4.5	70.044	888.178	9.45964	3.51	2.3	30.1	9.0427E-8	1	0	2.21095
875	-69.9	5.5	70.116	888.136	9.45778	3.51	2.3	30.1	9.0393E-8	1	0	2.21135
876	-69.9	6.5	70.201	888.087	9.45559	3.51	2.3	30.1	9.0353E-8	1	0	2.21181
877	-69.9	7.5	70.301	888.031	9.4531	3.51	2.3	30.1	9.0308E-8	1	0	2.21233
878	-69.9	8.5	70.414	887.969	9.45034	3.51	2.3	30.1	9.0257E-8	1	0	2.21291
879	-69.9	9.5	70.542	887.901	9.44734	3.51	2.3	30.1	9.0202E-8	1	0	2.21355
880	-69.9	10.5	70.684	887.828	9.44412	3.51	2.3	30.1	9.0143E-8	1	0	2.21423
881	-69.9	11.5	70.839	887.751	9.44073	3.51	2.3	30.1	9.0081E-8	1	0	2.21494
882	-69.9	12.5	71.008	887.672	9.4372	3.51	2.3	30.1	9.0017E-8	1	0	2.21569
883	-69.9	13.5	71.191	887.59	9.43357	3.51	2.3	30.1	8.9951E-8	1	0	2.21646
884	-69.9	14.5	71.388	887.506	9.42989	3.51	2.3	30.1	8.9883E-8	1	0	2.21724
885	-69.9	15.5	71.597	887.423	9.42618	3.51	2.3	30.1	8.9816E-8	1	0	2.21802
886	-69.9	16.5	71.821	887.339	9.4225	3.51	2.3	30.1	8.9749E-8	1	0	2.2188
887	-69.9	17.5	72.057	887.257	9.41888	3.51	2.3	30.1	8.9682E-8	1	0	2.21957
888	-69.9	18.5	72.306	887.178	9.41536	3.51	2.3	30.1	8.9618E-8	1	0	2.22032
889	-69.9	19.5	72.569	887.101	9.41198	3.51	2.3	30.1	8.9557E-8	1	0	2.22104
890	-69.9	20.5	72.844	887.029	9.40878	3.51	2.3	30.1	8.9498E-8	1	0	2.22172
891	-69.9	21.5	73.131	886.961	9.40579	3.51	2.3	30.1	8.9444E-8	1	0	2.22236
892	-69.9	22.5	73.432	886.899	9.40304	3.51	2.3	30.1	8.9394E-8	1	0	2.22294
893	-69.9	23.5	73.744	886.843	9.40057	3.51	2.3	30.1	8.9349E-8	1	0	2.22347
894	-69.9	24.5	74.069	886.794	9.3984	3.51	2.3	30.1	8.9309E-8	1	0	2.22393
895	-69.9	25.5	74.406	886.752	9.39655	3.51	2.3	30.1	8.9276E-8	1	0	2.22432
896	-69.9	26.5	74.754	886.718	9.39505	3.51	2.3	30.1	8.9249E-8	1	0	2.22464
897	-69.9	27.5	75.115	886.692	9.39391	3.51	2.3	30.1	8.9228E-8	1	0	2.22489
898	-69.9	28.5	75.486	886.675	9.39314	3.51	2.3	30.1	8.9214E-8	1	0	2.22505
899	-69.9	29.5	75.87	886.666	9.39276	3.51	2.3	30.1	8.9207E-8	1	0	2.22513
900	-66.615	-29.5	72.855	918.741	9.37865	3.51	2.3	33.385	8.78E-8	1	0	2.10838
901	-66.615	-28.5	72.456	918.753	9.37919	3.51	2.3	33.385	8.781E-8	1	0	2.10827
902	-66.615	-27.5	72.068	918.776	9.38026	3.51	2.3	33.385	8.7829E-8	1	0	2.10805
903	-66.615	-26.5	71.693	918.81	9.38185	3.51	2.3	33.385	8.7858E-8	1	0	2.10773
904	-66.615	-25.5	71.329	918.855	9.38396	3.51	2.3	33.385	8.7896E-8	1	0	2.1073
905	-66.615	-24.5	70.978	918.91	9.38654	3.51	2.3	33.385	8.7942E-8	1	0	2.10678
906	-66.615	-23.5	70.639	918.975	9.38958	3.51	2.3	33.385	8.7997E-8	1	0	2.10617
907	-66.615	-22.5	70.312	919.049	9.39303	3.51	2.3	33.385	8.8059E-8	1	0	2.10547
908	-66.615	-21.5	69.999	919.131	9.39688	3.51	2.3	33.385	8.8128E-8	1	0	2.1047
909	-66.615	-20.5	69.698	919.221	9.40106	3.51	2.3	33.385	8.8203E-8	1	0	2.10385
910	-66.615	-19.5	69.41	919.317	9.40555	3.51	2.3	33.385	8.8284E-8	1	0	2.10295
911	-66.615	-18.5	69.136	919.418	9.41028	3.51	2.3	33.385	8.8369E-8	1	0	2.102
912	-66.615	-17.5	68.875	919.523	9.41521	3.51	2.3	33.385	8.8458E-8	1	0	2.10101
913	-66.615	-16.5	68.628	919.632	9.42028	3.51	2.3	33.385	8.855E-8	1	0	2.09999
914	-66.615	-15.5	68.395	919.742	9.42544	3.51	2.3	33.385	8.8643E-8	1	0	2.09895
915	-66.615	-14.5	68.175	919.853	9.43063	3.51	2.3	33.385	8.8736E-8	1	0	2.09791
916	-66.615	-13.5	67.969	919.963	9.4358	3.51	2.3	33.385	8.883E-8	1	0	2.09688
917	-66.615	-12.5	67.778	920.072	9.44088	3.51	2.3	33.385	8.8921E-8	1	0	2.09586
918	-66.615	-11.5	67.6	920.177	9.44583	3.51	2.3	33.385	8.9011E-8	1	0	2.09488
919	-66.615	-10.5	67.437	920.279	9.45058	3.51	2.3	33.385	8.9097E-8	1	0	2.09393
920	-66.615	-9.5	67.289	920.375	9.45509	3.51	2.3	33.385	8.9178E-8	1	0	2.09303
921	-66.615	-8.5	67.155	920.465	9.4593	3.51	2.3	33.385	8.9255E-8	1	0	2.09219
922	-66.615	-7.5	67.036	920.548	9.46318	3.51	2.3	33.385	8.9325E-8	1	0	2.09142
923	-66.615	-6.5	66.931	920.622	9.46666	3.51	2.3	33.385	8.9388E-8	1	0	2.09073
924	-66.615	-5.5	66.842	920.687	9.46973	3.51	2.3	33.385	8.9443E-8	1	0	2.09012
925	-66.615	-4.5	66.767	920.743	9.47234	3.51	2.3	33.385	8.9491E-8	1	0	2.0896
926	-66.615	-3.5	66.707	920.788	9.47446	3.51	2.3	33.385	8.9529E-8	1	0	2.08918
927	-66.615	-2.5	66.662	920.823	9.47607	3.51	2.3	33.385	8.9558E-8	1	0	2.08886
928	-66.615	-1.5	66.632	920.846	9.47716	3.51	2.3	33.385	8.9578E-8	1	0	2.08864
929	-66.615	-0.5	66.617	920.857	9.4777	3.51	2.3	33.385	8.9588E-8	1	0	2.08854
930	-66.615	0.5	66.617	920.857	9.4777	3.51	2.3	33.385	8.9588E-8	1	0	2.08854
931	-66.615	1.5	66.632	920.846	9.47716	3.51	2.3	33.385	8.9578E-8	1	0	2.08864
932	-66.615	2.5	66.662	920.823	9.47607	3.51	2.3	33.385	8.9558E-8	1	0	2.08886
933	-66.615	3.5	66.707	920.788	9.47446	3.51	2.3	33.385	8.9529E-8	1	0	2.08918
934	-66.615	4.5	66.767	920.743	9.47234	3.51	2.3	33.385	8.9491E-8	1	0	2.0896
935	-66.615	5.5	66.842	920.687	9.46973	3.51	2.3	33.385	8.9443E-8	1	0	2.09012
936	-66.615	6.5	66.931	920.622	9.46666	3.51	2.3	33.385	8.9388E-8	1	0	2.09073
937	-66.615	7.5	67.036	920.548	9.46318	3.51	2.3	33.385	8.9325E-8	1	0	2.09142
938	-66.615	8.5	67.155	920.465	9.4593	3.51	2.3	33.385	8.9255E-8	1	0	2.09219
939	-66.615	9.5	67.289	920.375	9.45509	3.51	2.3	33.385	8.9178E-8	1	0	2.09303
940	-66.615	10.5	67.437	920.279	9.45058	3.51	2.3	33.385	8.9097E-8	1	0	2.09393
941	-66.615	11.5	67.6	920.177	9.44583	3.51	2.3	33.385	8.9011E-8	1	0	2.09488
942	-66.615	12.5	67.778	920.072	9.44088	3.51	2.3	33.385	8.8921E-8	1	0	2.09586
943	-66.615	13.5	67.969	919.963	9.4358	3.51	2.3	33.385	8.883E-8	1	0	2.09688
944	-66.615	14.5	68.175	919.853	9.43063	3.51	2.3	33.385	8.8736E-8	1	0	2.09791
945	-66.615	15.5	68.395	919.742	9.42544	3.51	2.3	33.385	8.8643E-8	1	0	2.09895
946	-66.615	16.5	68.628	919.632	9.42028	3.51	2.3	33.385	8.855E-8	1	0	2.09999
947	-66.615	17.5	68.875	919.523	9.41521	3.51	2.3	33.385	8.8458E-8	1	0	2.10101
948	-66.615	18.5	69.136	919.418	9.41028	3.51	2.3	33.385	8.8369E-8	1	0	2.102
949	-66.615	19.5	69.41	919.317	9.40555	3.51	2.3	33.385	8.8284E-8	1	0	2.10295
950	-66.615	20.5	69.698	919.221	9.40106	3.51	2.3	33.385	8.8203E-8	1	0	2.10385
951	-66.615	21.5	69.999	919.131	9.39688	3.51	2.3	33.385	8.8128E-8	1	0	2.1047
952	-66.615	22.5	70.312	919.049	9.39303	3.51	2.3	33.385	8.8059E-8	1	0	2.10547
953	-66.615	23.5	70.639	918.975	9.38958	3.51	2.3	33.385	8.7997E-8	1	0	2.10617
954	-66.615	24.5	70.978	918.91	9.38654	3.51	2.3	33.385	8.7942E-8	1	0	2.10678
955	-66.615	25.5	71.329	918.855	9.38396	3.51	2.3	33.385	8.7896E-8	1	0	2.1073
956	-66.615	26.5	71.693	918.81	9.38185	3.51	2.3	33.385	8.7858E-8	1	0	2.10773
957	-66.615	27.5	72.068	918.776	9.38026	3.51	2.3	33.385	8.7829E-8	1	0	2.10805
958	-66.615	28.5	72.456	918.753	9.37919	3.51	2.3	33.385	8.781E-8	1	0	2.10827
959	-66.615	29.5	72.855	918.741	9.37865	3.51	2.3	33.385	8.78E-8	1	0	2.10838
960	-64.089	-29.5	70.552	941.459	9.36394	3.51	2.3	35.912	8.6721E-8	1	0	2.03933
961	-64.089	-28.5	70.14	941.474	9.36464	3.51	2.3	35.912	8.6733E-8	1	0	2.03919
962	-64.089	-27.5	69.739	941.502	9.36603	3.51	2.3	35.912	8.6758E-8	1	0	2.03892
963	-64.089	-26.5	69.351	941.544	9.3681	3.51	2.3	35.912	8.6795E-8	1	0	2.03852
964	-64.089	-25.5	68.975	941.6	9.37082	3.51	2.3	35.912	8.6844E-8	1	0	2.03798
965	-64.089	-24.5	68.612	941.668	9.37417	3.51	2.3	35.912	8.6903E-8	1	0	2.03733
966	-64.089	-23.5	68.261	941.748	9.37811	3.51	2.3	35.912	8.6973E-8	1	0	2.03655
967	-64.089	-22.5	67.923	941.839	9.3826	3.51	2.3	35.912	8.7053E-8	1	0	2.03568
968	-64.089	-21.5	67.599	941.941	9.38759	3.51	2.3	35.912	8.7142E-8	1	0	2.0347
969	-64.089	-20.5	67.287	942.051	9.39302	3.51	2.3	35.912	8.7239E-8	1	0	2.03364
970	-64.089	-19.5	66.989	942.17	9.39884	3.51	2.3	35.912	8.7343E-8	1	0	2.03251
971	-64.089	-18.5	66.705	942.295	9.40498	3.51	2.3	35.912	8.7453E-8	1	0	2.03131
972	-64.089	-17.5	66.435	942.425	9.41138	3.51	2.3	35.912	8.7567E-8	1	0	2.03007
973	-64.089	-16.5	66.178	942.559	9.41796	3.51	2.3	35.912	8.7685E-8	1	0	2.02879
974	-64.089	-15.5	65.936	942.695	9.42466	3.51	2.3	35.912	8.7805E-8	1	0	2.02749
975	-64.089	-14.5	65.708	942.832	9.43141	3.51	2.3	35.912	8.7926E-8	1	0	2.02619
976	-64.089	-13.5	65.495	942.968	9.43812	3.51	2.3	35.912	8.8046E-8	1	0	2.02489
977	-64.089	-12.5	65.296	943.102	9.44472	3.51	2.3	35.912	8.8165E-8	1	0	2.02361
978	-64.089	-11.5	65.112	943.233	9.45115	3.51	2.3	35.912	8.828E-8	1	0	2.02237
979	-64.089	-10.5	64.943	943.358	9.45733	3.51	2.3	35.912	8.8391E-8	1	0	2.02119
980	-64.089	-9.5	64.789	943.477	9.46319	3.51	2.3	35.912	8.8496E-8	1	0	2.02006
981	-64.089	-8.5	64.65	943.588	9.46867	3.51	2.3	35.912	8.8595E-8	1	0	2.01901
982	-64.089	-7.5	64.526	943.69	9.4737	3.51	2.3	35.912	8.8685E-8	1	0	2.01804
983	-64.089	-6.5	64.417	943.782	9.47824	3.51	2.3	35.912	8.8767E-8	1	0	2.01717
984	-64.089	-5.5	64.324	943.863	9.48222	3.51	2.3	35.912	8.8839E-8	1	0	2.01641
985	-64.089	-4.5	64.246	943.932	9.48562	3.51	2.3	35.912	8.89E-8	1	0	2.01576
986	-64.089	-3.5	64.184	943.988	9.48838	3.51	2.3	35.912	8.8949E-8	1	0	2.01523
987	-64.089	-2.5	64.137	944.03	9.49048	3.51	2.3	35.912	8.8987E-8	1	0	2.01483
988	-64.089	-1.5	64.106	944.059	9.49189	3.51	2.3	35.912	8.9013E-8	1	0	2.01456
989	-64.089	-0.5	64.09	944.073	9.4926	3.51	2.3	35.912	8.9025E-8	1	0	2.01442
990	-64.089	0.5	64.09	944.073	9.4926	3.51	2.3	35.912	8.9025E-8	1	0	2.01442
991	-64.089	1.5	64.106	944.059	9.49189	3.51	2.3	35.912	8.9013E-8	1	0	2.01456
992	-64.089	2.5	64.137	944.03	9.49048	3.51	2.3	35.912	8.8987E-8	1	0	2.01483
993	-64.089	3.5	64.184	943.988	9.48838	3.51	2.3	35.912	8.8949E-8	1	0	2.01523
994	-64.089	4.5	64.246	943.932	9.48562	3.51	2.3	35.912	8.89E-8	1	0	2.01576
995	-64.089	5.5	64.324	943.863	9.48222	3.51	2.3	35.912	8.8839E-8	1	0	2.01641
996	-64.089	6.5	64.417	943.782	9.47824	3.51	2.3	35.912	8.8767E-8	1	0	2.01717
997	-64.089	7.5	64.526	943.69	9.4737	3.51	2.3	35.912	8.8685E-8	1	0	2.01804
998	-64.089	8.5	64.65	943.588	9.46867	3.51	2.3	35.912	8.8595E-8	1	0	2.01901
999	-64.089	9.5	64.789	943.477	9.46319	3.51	2.3	35.912	8.8496E-8	1	0	2.02006
1000	-64.089	10.5	64.943	943.358	9.45733	3.51	2.3	35.912	8.8391E-8	1	0	2.02119
1001	-64.089	11.5	65.112	943.233	9.45115	3.51	2.3	35.912	8.828E-8	1	0	2.02237
1002	-64.089	12.5	65.296	943.102	9.44472	3.51	2.3	35.912	8.8165E-8	1	0	2.02361
1003	-64.089	13.5	65.495	942.968	9.43812	3.51	2.3	35.912	8.8046E-8	1	0	2.02489
1004	-64.089	14.5	65.708	942.832	9.43141	3.51	2.3	35.912	8.7926E-8	1	0	2.02619
1005	-64.089	15.5	65.936	942.695	9.42466	3.51	2.3	35.912	8.7805E-8	1	0	2.02749
1006	-64.089	16.5	66.178	942.559	9.41796	3.51	2.3	35.912	8.7685E-8	1	0	2.02879
1007	-64.089	17.5	66.435	942.425	9.41138	3.51	2.3	35.912	8.7567E-8	1	0	2.03007
1008	-64.089	18.5	66.705	942.295	9.40498	3.51	2.3	35.912	8.7453E-8	1	0	2.03131
1009	-64.089	19.5	66.989	942.17	9.39884	3.51	2.3	35.912	8.7343E-8	1	0	2.03251
1010	-64.089	20.5	67.287	942.051	9.39302	3.51	2.3	35.912	8.7239E-8	1	0	2.03364
1011	-64.089	21.5	67.599	941.941	9.38759	3.51	2.3	35.912	8.7142E-8	1	0	2.0347
1012	-64.089	22.5	67.923	941.839	9.3826	3.51	2.3	35.912	8.7053E-8	1	0	2.03568
1013	-64.089	23.5	68.261	941.748	9.37811	3.51	2.3	35.912	8.6973E-8	1	0	2.03655
1014	-64.089	24.5	68.612	941.668	9.37417	3.51	2.3	35.912	8.6903E-8	1	0	2.03733
1015	-64.089	25.5	68.975	941.6	9.37082	3.51	2.3	35.912	8.6844E-8	1	0	2.03798
1016	-64.089	26.5	69.351	941.544	9.3681	3.51	2.3	35.912	8.6795E-8	1	0	2.03852
1017	-64.089	27.5	69.739	941.502	9.36603	3.51	2.3	35.912	8.6758E-8	1	0	2.03892
1018	-64.089	28.5	70.14	941.474	9.36464	3.51	2.3	35.912	8.6733E-8	1	0	2.03919
1019	-64.089	29.5	70.552	941.459	9.36394	3.51	2.3	35.912	8.6721E-8	1	0	2.03933
1020	-62.145	-29.5	68.791	957.799	9.34964	3.51	2.3	37.855	8.588E-8	1	0	1.99595
1021	-62.145	-28.5	68.368	957.815	9.35049	3.51	2.3	37.855	8.5895E-8	1	0	1.99579
1022	-62.145	-27.5	67.958	957.849	9.3522	3.51	2.3	37.855	8.5925E-8	1	0	1.99546
1023	-62.145	-26.5	67.559	957.898	9.35472	3.51	2.3	37.855	8.597E-8	1	0	1.99497
1024	-62.145	-25.5	67.173	957.963	9.35805	3.51	2.3	37.855	8.6029E-8	1	0	1.99433
1025	-62.145	-24.5	66.8	958.043	9.36215	3.51	2.3	37.855	8.6101E-8	1	0	1.99354
1026	-62.145	-23.5	66.44	958.137	9.36697	3.51	2.3	37.855	8.6186E-8	1	0	1.99262
1027	-62.145	-22.5	66.093	958.244	9.37245	3.51	2.3	37.855	8.6284E-8	1	0	1.99157
1028	-62.145	-21.5	65.759	958.363	9.37855	3.51	2.3	37.855	8.6392E-8	1	0	1.9904
1029	-62.145	-20.5	65.439	958.493	9.38519	3.51	2.3	37.855	8.651E-8	1	0	1.98913
1030	-62.145	-19.5	65.133	958.632	9.39231	3.51	2.3	37.855	8.6636E-8	1	0	1.98777
1031	-62.145	-18.5	64.84	958.778	9.39982	3.51	2.3	37.855	8.6769E-8	1	0	1.98634
1032	-62.145	-17.5	64.562	958.931	9.40765	3.51	2.3	37.855	8.6908E-8	1	0	1.98485
1033	-62.145	-16.5	64.298	959.088	9.41571	3.51	2.3	37.855	8.7052E-8	1	0	1.98331
1034	-62.145	-15.5	64.049	959.247	9.42391	3.51	2.3	37.855	8.7198E-8	1	0	1.98176
1035	-62.145	-14.5	63.814	959.408	9.43216	3.51	2.3	37.855	8.7345E-8	1	0	1.98019
1036	-62.145	-13.5	63.594	959.568	9.44038	3.51	2.3	37.794	8.7491E-8	1	0	1.9805
1037	-62.145	-12.5	63.39	959.725	9.44846	3.51	2.3	37.59	8.7635E-8	1	0	1.98529
1038	-62.145	-11.5	63.2	959.878	9.45633	3.51	2.3	37.4	8.7776E-8	1	0	1.98972
1039	-62.145	-10.5	63.026	960.026	9.4639	3.51	2.3	37.226	8.7911E-8	1	0	1.99378
1040	-62.145	-9.5	62.867	960.165	9.47108	3.51	2.3	37.067	8.804E-8	1	0	1.99748
1041	-62.145	-8.5	62.724	960.296	9.47779	3.51	2.3	36.924	8.816E-8	1	0	2.00082
1042	-62.145	-7.5	62.596	960.415	9.48396	3.51	2.3	36.796	8.827E-8	1	0	2.00379
1043	-62.145	-6.5	62.484	960.523	9.48952	3.51	2.3	36.684	8.837E-8	1	0	2.00638
1044	-62.145	-5.5	62.388	960.618	9.4944	3.51	2.3	36.588	8.8457E-8	1	0	2.00861
1045	-62.145	-4.5	62.308	960.699	9.49856	3.51	2.3	36.508	8.8532E-8	1	0	2.01047
1046	-62.145	-3.5	62.243	960.765	9.50194	3.51	2.3	36.443	8.8592E-8	1	0	2.01195
1047	-62.145	-2.5	62.195	960.814	9.50451	3.51	2.3	36.395	8.8639E-8	1	0	2.01307
1048	-62.145	-1.5	62.163	960.848	9.50625	3.51	2.3	36.363	8.867E-8	1	0	2.01381
1049	-62.145	-0.5	62.147	960.865	9.50712	3.51	2.3	36.347	8.8685E-8	1	0	2.01418
1050	-62.145	0.5	62.147	960.865	9.50712	3.51	2.3	36.347	8.8685E-8	1	0	2.01418
1051	-62.145	1.5	62.163	960.848	9.50625	3.51	2.3	36.363	8.867E-8	1	0	2.01381
1052	-62.145	2.5	62.195	960.814	9.50451	3.51	2.3	36.395	8.8639E-8	1	0	2.01307
1053	-62.145	3.5	62.243	960.765	9.50194	3.51	2.3	36.443	8.8592E-8	1	0	2.01195
1054	-62.145	4.5	62.308	960.699	9.49856	3.51	2.3	36.508	8.8532E-8	1	0	2.01047
1055	-62.145	5.5	62.388	960.618	9.4944	3.51	2.3	36.588	8.8457E-8	1	0	2.00861
1056	-62.145	6.5	62.484	960.523	9.48952	3.51	2.3	36.684	8.837E-8	1	0	2.00638
1057	-62.145	7.5	62.596	960.415	9.48396	3.51	2.3	36.796	8.827E-8	1	0	2.00379
1058	-62.145	8.5	62.724	960.296	9.47779	3.51	2.3	36.924	8.816E-8	1	0	2.00082
1059	-62.145	9.5	62.867	960.165	9.47108	3.51	2.3	37.067	8.804E-8	1	0	1.99748
1060	-62.145	10.5	63.026	960.026	9.4639	3.51	2.3	37.226	8.7911E-8	1	0	1.99378
1061	-62.145	11.5	63.2	959.878	9.45633	3.51	2.3	37.4	8.7776E-8	1	0	1.98972
1062	-62.145	12.5	63.39	959.725	9.44846	3.51	2.3	37.59	8.7635E-8	1	0	1.98529
1063	-62.145	13.5	63.594	959.568	9.44038	3.51	2.3	37.794	8.7491E-8	1	0	1.9805
1064	-62.145	14.5	63.814	959.408	9.43216	3.51	2.3	37.855	8.7345E-8	1	0	1.98019
1065	-62.145	15.5	64.049	959.247	9.42391	3.51	2.3	37.855	8.7198E-8	1	0	1.98176
1066	-62.145	16.5	64.298	959.088	9.41571	3.51	2.3	37.855	8.7052E-8	1	0	1.98331
1067	-62.145	17.5	64.562	958.931	9.40765	3.51	2.3	37.855	8.6908E-8	1	0	1.98485
1068	-62.145	18.5	64.84	958.778	9.39982	3.51	2.3	37.855	8.6769E-8	1	0	1.98634
1069	-62.145	19.5	65.133	958.632	9.39231	3.51	2.3	37.855	8.6636E-8	1	0	1.98777
1070	-62.145	20.5	65.439	958.493	9.38519	3.51	2.3	37.855	8.651E-8	1	0	1.98913
1071	-62.145	21.5	65.759	958.363	9.37855	3.51	2.3	37.855	8.6392E-8	1	0	1.9904
1072	-62.145	22.5	66.093	958.244	9.37245	3.51	2.3	37.855	8.6284E-8	1	0	1.99157
1073	-62.145	23.5	66.44	958.137	9.36697	3.51	2.3	37.855	8.6186E-8	1	0	1.99262
1074	-62.145	24.5	66.8	958.043	9.36215	3.51	2.3	37.855	8.6101E-8	1	0	1.99354
1075	-62.145	25.5	67.173	957.963	9.35805	3.51	2.3	37.855	8.6029E-8	1	0	1.99433
1076	-62.145	26.5	67.559	957.898	9.35472	3.51	2.3	37.855	8.597E-8	1	0	1.99497
1077	-62.145	27.5	67.958	957.849	9.3522	3.51	2.3	37.855	8.5925E-8	1	0	1.99546
1078	-62.145	28.5	68.368	957.815	9.35049	3.51	2.3	37.855	8.5895E-8	1	0	1.99579
1079	-62.145	29.5	68.791	957.799	9.34964	3.51	2.3	37.855	8.588E-8	1	0	1.99595
1080	-60.65	-29.5	67.444	969.705	9.33648	3.51	2.3	39.35	8.5219E-8	1	0	1.96747
1081	-60.65	-28.5	67.012	969.723	9.33747	3.51	2.3	39.35	8.5237E-8	1	0	1.96728
1082	-60.65	-27.5	66.593	969.761	9.33946	3.51	2.3	39.35	8.5272E-8	1	0	1.9669
1083	-60.65	-26.5	66.187	969.817	9.34241	3.51	2.3	39.35	8.5324E-8	1	0	1.96634
1084	-60.65	-25.5	65.793	969.89	9.3463	3.51	2.3	39.35	8.5392E-8	1	0	1.9656
1085	-60.65	-24.5	65.412	969.98	9.35108	3.51	2.3	39.35	8.5476E-8	1	0	1.96469
1086	-60.65	-23.5	65.044	970.086	9.3567	3.51	2.3	39.244	8.5575E-8	1	0	1.96662
1087	-60.65	-22.5	64.689	970.207	9.36311	3.51	2.3	38.889	8.5688E-8	1	0	1.97553
1088	-60.65	-21.5	64.348	970.341	9.37023	3.51	2.3	38.548	8.5814E-8	1	0	1.98412
1089	-60.65	-20.5	64.021	970.488	9.37798	3.51	2.3	38.221	8.5951E-8	1	0	1.99237
1090	-60.65	-19.5	63.708	970.644	9.38629	3.51	2.3	37.908	8.6098E-8	1	0	2.00027
1091	-60.65	-18.5	63.409	970.809	9.39507	3.51	2.3	37.609	8.6253E-8	1	0	2.00782
1092	-60.65	-17.5	63.124	970.982	9.40421	3.51	2.3	37.324	8.6415E-8	1	0	2.015
1093	-60.65	-16.5	62.854	971.159	9.41363	3.51	2.3	37.054	8.6581E-8	1	0	2.02181
1094	-60.65	-15.5	62.599	971.339	9.42321	3.51	2.3	36.799	8.6751E-8	1	0	2.02824
1095	-60.65	-14.5	62.359	971.52	9.43286	3.51	2.3	36.559	8.6923E-8	1	0	2.03428
1096	-60.65	-13.5	62.134	971.701	9.44246	3.51	2.3	36.334	8.7093E-8	1	0	2.03994
1097	-60.65	-12.5	61.925	971.879	9.45191	3.51	2.3	36.125	8.7261E-8	1	0	2.0452
1098	-60.65	-11.5	61.731	972.051	9.46112	3.51	2.3	35.931	8.7425E-8	1	0	2.05006
1099	-60.65	-10.5	61.552	972.217	9.46996	3.51	2.3	35.752	8.7583E-8	1	0	2.05453
1100	-60.65	-9.5	61.39	972.375	9.47836	3.51	2.3	35.59	8.7732E-8	1	0	2.05859
1101	-60.65	-8.5	61.243	972.522	9.48621	3.51	2.3	35.443	8.7872E-8	1	0	2.06224
1102	-60.65	-7.5	61.112	972.658	9.49343	3.51	2.3	35.312	8.8001E-8	1	0	2.0655
1103	-60.65	-6.5	60.997	972.78	9.49993	3.51	2.3	35.197	8.8117E-8	1	0	2.06834
1104	-60.65	-5.5	60.899	972.887	9.50565	3.51	2.3	35.099	8.8219E-8	1	0	2.07079
1105	-60.65	-4.5	60.817	972.978	9.51051	3.51	2.3	35.017	8.8306E-8	1	0	2.07282
1106	-60.65	-3.5	60.751	973.052	9.51447	3.51	2.3	34.951	8.8377E-8	1	0	2.07445
1107	-60.65	-2.5	60.702	973.108	9.51748	3.51	2.3	34.902	8.8431E-8	1	0	2.07567
1108	-60.65	-1.5	60.669	973.146	9.51951	3.51	2.3	34.869	8.8467E-8	1	0	2.07648
1109	-60.65	-0.5	60.652	973.165	9.52052	3.51	2.3	34.852	8.8486E-8	1	0	2.07689
1110	-60.65	0.5	60.652	973.165	9.52052	3.51	2.3	34.852	8.8486E-8	1	0	2.07689
1111	-60.65	1.5	60.669	973.146	9.51951	3.51	2.3	34.869	8.8467E-8	1	0	2.07648
1112	-60.65	2.5	60.702	973.108	9.51748	3.51	2.3	34.902	8.8431E-8	1	0	2.07567
1113	-60.65	3.5	60.751	973.052	9.51447	3.51	2.3	34.951	8.8377E-8	1	0	2.07445
1114	-60.65	4.5	60.817	972.978	9.51051	3.51	2.3	35.017	8.8306E-8	1	0	2.07282
1115	-60.65	5.5	60.899	972.887	9.50565	3.51	2.3	35.099	8.8219E-8	1	0	2.07079
1116	-60.65	6.5	60.997	972.78	9.49993	3.51	2.3	35.197	8.8117E-8	1	0	2.06834
1117	-60.65	7.5	61.112	972.658	9.49343	3.51	2.3	35.312	8.8001E-8	1	0	2.0655
1118	-60.65	8.5	61.243	972.522	9.48621	3.51	2.3	35.443	8.7872E-8	1	0	2.06224
1119	-60.65	9.5	61.39	972.375	9.47836	3.51	2.3	35.59	8.7732E-8	1	0	2.05859
1120	-60.65	10.5	61.552	972.217	9.46996	3.51	2.3	35.752	8.7583E-8	1	0	2.05453
1121	-60.65	11.5	61.731	972.051	9.46112	3.51	2.3	35.931	8.7425E-8	1	0	2.05006
1122	-60.65	12.5	61.925	971.879	9.45191	3.51	2.3	36.125	8.7261E-8	1	0	2.0452
1123	-60.65	13.5	62.134	971.701	9.44246	3.51	2.3	36.334	8.7093E-8	1	0	2.03994
1124	-60.65	14.5	62.359	971.52	9.43286	3.51	2.3	36.559	8.6923E-8	1	0	2.03428
1125	-60.65	15.5	62.599	971.339	9.42321	3.51	2.3	36.799	8.6751E-8	1	0	2.02824
1126	-60.65	16.5	62.854	971.159	9.41363	3.51	2.3	37.054	8.6581E-8	1	0	2.02181
1127	-60.65	17.5	63.124	970.982	9.40421	3.51	2.3	37.324	8.6415E-8	1	0	2.015
1128	-60.65	18.5	63.409	970.809	9.39507	3.51	2.3	37.609	8.6253E-8	1	0	2.00782
1129	-60.65	19.5	63.708	970.644	9.38629	3.51	2.3	37.908	8.6098E-8	1	0	2.00027
1130	-60.65	20.5	64.021	970.488	9.37798	3.51	2.3	38.221	8.5951E-8	1	0	1.99237
1131	-60.65	21.5	64.348	970.341	9.37023	3.51	2.3	38.548	8.5814E-8	1	0	1.98412
1132	-60.65	22.5	64.689	970.207	9.36311	3.51	2.3	38.889	8.5688E-8	1	0	1.97553
1133	-60.65	23.5	65.044	970.086	9.3567	3.51	2.3	39.244	8.5575E-8	1	0	1.96662
1134	-60.65	24.5	65.412	969.98	9.35108	3.51	2.3	39.35	8.5476E-8	1	0	1.96469
1135	-60.65	25.5	65.793	969.89	9.3463	3.51	2.3	39.35	8.5392E-8	1	0	1.9656
1136	-60.65	26.5	66.187	969.817	9.34241	3.51	2.3	39.35	8.5324E-8	1	0	1.96634
1137	-60.65	27.5	66.593	969.761	9.33946	3.51	2.3	39.35	8.5272E-8	1	0	1.9669
1138	-60.65	28.5	67.012	969.723	9.33747	3.51	2.3	39.35	8.5237E-8	1	0	1.96728
1139	-60.65	29.5	67.444	969.705	9.33648	3.51	2.3	39.35	8.5219E-8	1	0	1.96747
1140	-59.5	-29.5	66.412	978.475	9.32485	3.51	2.3	40.5	8.4699E-8	1	0	1.94814
1141	-59.5	-28.5	65.973	978.495	9.32597	3.51	2.3	40.173	8.4719E-8	1	0	1.95658
1142	-59.5	-27.5	65.548	978.536	9.32821	3.51	2.3	39.748	8.4758E-8	1	0	1.9677
1143	-59.5	-26.5	65.134	978.597	9.33153	3.51	2.3	39.334	8.4816E-8	1	0	1.97856
1144	-59.5	-25.5	64.734	978.678	9.33591	3.51	2.3	38.934	8.4893E-8	1	0	1.98914
1145	-59.5	-24.5	64.347	978.777	9.34129	3.51	2.3	38.547	8.4988E-8	1	0	1.99941
1146	-59.5	-23.5	63.973	978.893	9.34763	3.51	2.3	38.173	8.5099E-8	1	0	2.00937
1147	-59.5	-22.5	63.612	979.025	9.35485	3.51	2.3	37.812	8.5226E-8	1	0	2.01898
1148	-59.5	-21.5	63.265	979.172	9.36287	3.51	2.3	37.465	8.5367E-8	1	0	2.02825
1149	-59.5	-20.5	62.933	979.333	9.37161	3.51	2.3	37.133	8.552E-8	1	0	2.03715
1150	-59.5	-19.5	62.614	979.504	9.38098	3.51	2.3	36.814	8.5685E-8	1	0	2.04568
1151	-59.5	-18.5	62.31	979.686	9.39087	3.51	2.3	36.51	8.586E-8	1	0	2.05382
1152	-59.5	-17.5	62.02	979.874	9.40118	3.51	2.3	36.22	8.6042E-8	1	0	2.06156
1153	-59.5	-16.5	61.745	980.068	9.41179	3.51	2.3	35.945	8.6229E-8	1	0	2.0689
1154	-59.5	-15.5	61.486	980.266	9.4226	3.51	2.3	35.686	8.642E-8	1	0	2.07583
1155	-59.5	-14.5	61.241	980.465	9.43347	3.51	2.3	35.441	8.6613E-8	1	0	2.08234
1156	-59.5	-13.5	61.012	980.663	9.4443	3.51	2.3	35.212	8.6804E-8	1	0	2.08843
1157	-59.5	-12.5	60.799	980.858	9.45497	3.51	2.3	34.999	8.6994E-8	1	0	2.09409
1158	-59.5	-11.5	60.601	981.047	9.46535	3.51	2.3	34.801	8.7178E-8	1	0	2.09932
1159	-59.5	-10.5	60.419	981.229	9.47533	3.51	2.3	34.619	8.7355E-8	1	0	2.10412
1160	-59.5	-9.5	60.254	981.402	9.48481	3.51	2.3	34.454	8.7524E-8	1	0	2.10849
1161	-59.5	-8.5	60.104	981.564	9.49367	3.51	2.3	34.304	8.7681E-8	1	0	2.11242
1162	-59.5	-7.5	59.971	981.712	9.50181	3.51	2.3	34.171	8.7827E-8	1	0	2.11592
1163	-59.5	-6.5	59.854	981.846	9.50915	3.51	2.3	34.054	8.7957E-8	1	0	2.11898
1164	-59.5	-5.5	59.754	981.963	9.5156	3.51	2.3	33.954	8.8073E-8	1	0	2.1216
1165	-59.5	-4.5	59.67	982.063	9.5211	3.51	2.3	33.87	8.8171E-8	1	0	2.12379
1166	-59.5	-3.5	59.603	982.145	9.52557	3.51	2.3	33.803	8.825E-8	1	0	2.12554
1167	-59.5	-2.5	59.552	982.206	9.52896	3.51	2.3	33.752	8.8311E-8	1	0	2.12685
1168	-59.5	-1.5	59.519	982.248	9.53125	3.51	2.3	33.719	8.8352E-8	1	0	2.12773
1169	-59.5	-0.5	59.502	982.269	9.5324	3.51	2.3	33.702	8.8373E-8	1	0	2.12816
1170	-59.5	0.5	59.502	982.269	9.5324	3.51	2.3	33.702	8.8373E-8	1	0	2.12816
1171	-59.5	1.5	59.519	982.248	9.53125	3.51	2.3	33.719	8.8352E-8	1	0	2.12773
1172	-59.5	2.5	59.552	982.206	9.52896	3.51	2.3	33.752	8.8311E-8	1	0	2.12685
1173	-59.5	3.5	59.603	982.145	9.52557	3.51	2.3	33.803	8.825E-8	1	0	2.12554
1174	-59.5	4.5	59.67	982.063	9.5211	3.51	2.3	33.87	8.8171E-8	1	0	2.12379
1175	-59.5	5.5	59.754	981.963	9.5156	3.51	2.3	33.954	8.8073E-8	1	0	2.1216
1176	-59.5	6.5	59.854	981.846	9.50915	3.51	2.3	34.054	8.7957E-8	1	0	2.11898
1177	-59.5	7.5	59.971	981.712	9.50181	3.51	2.3	34.171	8.7827E-8	1	0	2.11592
1178	-59.5	8.5	60.104	981.564	9.49367	3.51	2.3	34.304	8.7681E-8	1	0	2.11242
1179	-59.5	9.5	60.254	981.402	9.48481	3.51	2.3	34.454	8.7524E-8	1	0	2.10849
1180	-59.5	10.5	60.419	981.229	9.47533	3.51	2.3	34.619	8.7355E-8	1	0	2.10412
1181	-59.5	11.5	60.601	981.047	9.46535	3.51	2.3	34.801	8.7178E-8	1	0	2.09932
1182	-59.5	12.5	60.799	980.858	9.45497	3.51	2.3	34.999	8.6994E-8	1	0	2.09409
1183	-59.5	13.5	61.012	980.663	9.4443	3.51	2.3	35.212	8.6804E-8	1	0	2.08843
1184	-59.5	14.5	61.241	980.465	9.43347	3.51	2.3	35.441	8.6613E-8	1	0	2.08234
1185	-59.5	15.5	61.486	980.266	9.4226	3.51	2.3	35.686	8.642E-8	1	0	2.07583
1186	-59.5	16.5	61.745	980.068	9.41179	3.51	2.3	35.945	8.6229E-8	1	0	2.0689
1187	-59.5	17.5	62.02	979.874	9.40118	3.51	2.3	36.22	8.6042E-8	1	0	2.06156
1188	-59.5	18.5	62.31	979.686	9.39087	3.51	2.3	36.51	8.586E-8	1	0	2.05382
1189	-59.5	19.5	62.614	979.504	9.38098	3.51	2.3	36.814	8.5685E-8	1	0	2.04568
1190	-59.5	20.5	62.933	979.333	9.37161	3.51	2.3	37.133	8.552E-8	1	0	2.03715
1191	-59.5	21.5	63.265	979.172	9.36287	3.51	2.3	37.465	8.5367E-8	1	0	2.02825
1192	-59.5	22.5	63.612	979.025	9.35485	3.51	2.3	37.812	8.5226E-8	1	0	2.01898
1193	-59.5	23.5	63.973	978.893	9.34763	3.51	2.3	38.173	8.5099E-8	1	0	2.00937
1194	-59.5	24.5	64.347	978.777	9.34129	3.51	2.3	38.547	8.4988E-8	1	0	1.99941
1195	-59.5	25.5	64.734	978.678	9.33591	3.51	2.3	38.934	8.4893E-8	1	0	1.98914
1196	-59.5	26.5	65.134	978.597	9.33153	3.51	2.3	39.334	8.4816E-8	1	0	1.97856
1197	-59.5	27.5	65.548	978.536	9.32821	3.51	2.3	39.748	8.4758E-8	1	0	1.9677
1198	-59.5	28.5	65.973	978.495	9.32597	3.51	2.3	40.173	8.4719E-8	1	0	1.95658
1199	-59.5	29.5	66.412	978.475	9.32485	3.51	2.3	40.5	8.4699E-8	1	0	1.94814
1200	-58.5	-29.5	65.517	985.817	9.31347	3.51	2.3	39.717	8.4236E-8	1	0	1.97958
1201	-58.5	-28.5	65.073	985.839	9.31471	3.51	2.3	39.273	8.4257E-8	1	0	1.99175
1202	-58.5	-27.5	64.641	985.884	9.31719	3.51	2.3	38.841	8.4301E-8	1	0	2.00366
1203	-58.5	-26.5	64.222	985.95	9.32088	3.51	2.3	38.422	8.4365E-8	1	0	2.01529
1204	-58.5	-25.5	63.816	986.036	9.32574	3.51	2.3	38.016	8.445E-8	1	0	2.02661
1205	-58.5	-24.5	63.423	986.143	9.33172	3.51	2.3	37.623	8.4555E-8	1	0	2.03761
1206	-58.5	-23.5	63.044	986.269	9.33875	3.51	2.3	37.244	8.4678E-8	1	0	2.04827
1207	-58.5	-22.5	62.678	986.412	9.34676	3.51	2.3	36.878	8.4818E-8	1	0	2.05856
1208	-58.5	-21.5	62.326	986.571	9.35566	3.51	2.3	36.526	8.4974E-8	1	0	2.06847
1209	-58.5	-20.5	61.988	986.745	9.36537	3.51	2.3	36.188	8.5144E-8	1	0	2.07799
1210	-58.5	-19.5	61.664	986.93	9.37577	3.51	2.3	35.864	8.5327E-8	1	0	2.08711
1211	-58.5	-18.5	61.356	987.126	9.38675	3.51	2.3	35.556	8.552E-8	1	0	2.09581
1212	-58.5	-17.5	61.061	987.33	9.3982	3.51	2.3	35.261	8.5721E-8	1	0	2.10408
1213	-58.5	-16.5	60.782	987.54	9.40999	3.51	2.3	34.982	8.5929E-8	1	0	2.11192
1214	-58.5	-15.5	60.519	987.754	9.42199	3.51	2.3	34.719	8.6141E-8	1	0	2.11932
1215	-58.5	-14.5	60.27	987.969	9.43407	3.51	2.3	34.47	8.6354E-8	1	0	2.12627
1216	-58.5	-13.5	60.037	988.183	9.44611	3.51	2.3	34.237	8.6567E-8	1	0	2.13277
1217	-58.5	-12.5	59.821	988.394	9.45796	3.51	2.3	34.021	8.6777E-8	1	0	2.13881
1218	-58.5	-11.5	59.62	988.599	9.4695	3.51	2.3	33.82	8.6981E-8	1	0	2.1444
1219	-58.5	-10.5	59.435	988.796	9.48059	3.51	2.3	33.635	8.7178E-8	1	0	2.14952
1220	-58.5	-9.5	59.266	988.983	9.49113	3.51	2.3	33.466	8.7365E-8	1	0	2.15417
1221	-58.5	-8.5	59.114	989.158	9.50098	3.51	2.3	33.314	8.754E-8	1	0	2.15836
1222	-58.5	-7.5	58.979	989.318	9.51003	3.51	2.3	33.179	8.7701E-8	1	0	2.16209
1223	-58.5	-6.5	58.86	989.463	9.5182	3.51	2.3	33.06	8.7846E-8	1	0	2.16535
1224	-58.5	-5.5	58.758	989.59	9.52537	3.51	2.3	32.958	8.7974E-8	1	0	2.16815
1225	-58.5	-4.5	58.673	989.699	9.53148	3.51	2.3	32.873	8.8083E-8	1	0	2.17047
1226	-58.5	-3.5	58.605	989.787	9.53645	3.51	2.3	32.805	8.8172E-8	1	0	2.17234
1227	-58.5	-2.5	58.553	989.854	9.54023	3.51	2.3	32.753	8.8239E-8	1	0	2.17373
1228	-58.5	-1.5	58.519	989.899	9.54278	3.51	2.3	32.719	8.8285E-8	1	0	2.17466
1229	-58.5	-0.5	58.502	989.921	9.54406	3.51	2.3	32.702	8.8307E-8	1	0	2.17513
1230	-58.5	0.5	58.502	989.921	9.54406	3.51	2.3	32.702	8.8307E-8	1	0	2.17513
1231	-58.5	1.5	58.519	989.899	9.54278	3.51	2.3	32.719	8.8285E-8	1	0	2.17466
1232	-58.5	2.5	58.553	989.854	9.54023	3.51	2.3	32.753	8.8239E-8	1	0	2.17373
1233	-58.5	3.5	58.605	989.787	9.53645	3.51	2.3	32.805	8.8172E-8	1	0	2.17234
1234	-58.5	4.5	58.673	989.699	9.53148	3.51	2.3	32.873	8.8083E-8	1	0	2.17047
1235	-58.5	5.5	58.758	989.59	9.52537	3.51	2.3	32.958	8.7974E-8	1	0	2.16815
1236	-58.5	6.5	58.86	989.463	9.5182	3.51	2.3	33.06	8.7846E-8	1	0	2.16535
1237	-58.5	7.5	58.979	989.318	9.51003	3.51	2.3	33.179	8.7701E-8	1	0	2.16209
1238	-58.5	8.5	59.114	989.158	9.50098	3.51	2.3	33.314	8.754E-8	1	0	2.15836
1239	-58.5	9.5	59.266	988.983	9.49113	3.51	2.3	33.466	8.7365E-8	1	0	2.15417
1240	-58.5	10.5	59.435	988.796	9.48059	3.51	2.3	33.635	8.7178E-8	1	0	2.14952
1241	-58.5	11.5	59.62	988.599	9.4695	3.51	2.3	33.82	8.6981E-8	1	0	2.1444
1242	-58.5	12.5	59.821	988.394	9.45796	3.51	2.3	34.021	8.6777E-8	1	0	2.13881
1243	-58.5	13.5	60.037	988.183	9.44611	3.51	2.3	34.237	8.6567E-8	1	0	2.13277
1244	-58.5	14.5	60.27	987.969	9.43407	3.51	2.3	34.47	8.6354E-8	1	0	2.12627
1245	-58.5	15.5	60.519	987.754	9.42199	3.51	2.3	34.719	8.6141E-8	1	0	2.11932
1246	-58.5	16.5	60.782	987.54	9.40999	3.51	2.3	34.982	8.5929E-8	1	0	2.11192
1247	-58.5	17.5	61.061	987.33	9.3982	3.51	2.3	35.261	8.5721E-8	1	0	2.10408
1248	-58.5	18.5	61.356	987.126	9.38675	3.51	2.3	35.556	8.552E-8	1	0	2.09581
1249	-58.5	19.5	61.664	986.93	9.37577	3.51	2.3	35.864	8.5327E-8	1	0	2.08711
1250	-58.5	20.5	61.988	986.745	9.36537	3.51	2.3	36.188	8.5144E-8	1	0	2.07799
1251	-58.5	21.5	62.326	986.571	9.35566	3.51	2.3	36.526	8.4974E-8	1	0	2.06847
1252	-58.5	22.5	62.678	986.412	9.34676	3.51	2.3	36.878	8.4818E-8	1	0	2.05856
1253	-58.5	23.5	63.044	986.269	9.33875	3.51	2.3	37.244	8.4678E-8	1	0	2.04827
1254	-58.5	24.5	63.423	986.143	9.33172	3.51	2.3	37.623	8.4555E-8	1	0	2.03761
1255	-58.5	25.5	63.816	986.036	9.32574	3.51	2.3	38.016	8.445E-8	1	0	2.02661
1256	-58.5	26.5	64.222	985.95	9.32088	3.51	2.3	38.422	8.4365E-8	1	0	2.01529
1257	-58.5	27.5	64.641	985.884	9.31719	3.51	2.3	38.841	8.4301E-8	1	0	2.00366
1258	-58.5	28.5	65.073	985.839	9.31471	3.51	2.3	39.273	8.4257E-8	1	0	1.99175
1259	-58.5	29.5	65.517	985.817	9.31347	3.51	2.3	39.717	8.4236E-8	1	0	1.97958
1260	-57.5	-29.5	64.626	992.911	9.30086	3.51	2.3	38.826	8.376E-8	1	0	2.01531
1261	-57.5	-28.5	64.176	992.935	9.30223	3.51	2.3	38.376	8.3784E-8	1	0	2.02837
1262	-57.5	-27.5	63.738	992.983	9.30499	3.51	2.3	37.938	8.3832E-8	1	0	2.04114
1263	-57.5	-26.5	63.313	993.055	9.30908	3.51	2.3	37.513	8.3903E-8	1	0	2.05361
1264	-57.5	-25.5	62.901	993.148	9.31447	3.51	2.3	37.101	8.3997E-8	1	0	2.06575
1265	-57.5	-24.5	62.502	993.264	9.3211	3.51	2.3	36.702	8.4113E-8	1	0	2.07753
1266	-57.5	-23.5	62.117	993.4	9.3289	3.51	2.3	36.317	8.4249E-8	1	0	2.08895
1267	-57.5	-22.5	61.745	993.554	9.33779	3.51	2.3	35.945	8.4404E-8	1	0	2.09998
1268	-57.5	-21.5	61.388	993.726	9.34767	3.51	2.3	35.588	8.4577E-8	1	0	2.1106
1269	-57.5	-20.5	61.045	993.914	9.35844	3.51	2.3	35.245	8.4765E-8	1	0	2.12079
1270	-57.5	-19.5	60.717	994.114	9.36999	3.51	2.3	34.917	8.4967E-8	1	0	2.13055
1271	-57.5	-18.5	60.403	994.326	9.38218	3.51	2.3	34.603	8.5181E-8	1	0	2.13986
1272	-57.5	-17.5	60.104	994.547	9.39489	3.51	2.3	34.304	8.5404E-8	1	0	2.14872
1273	-57.5	-16.5	59.821	994.774	9.40798	3.51	2.3	34.021	8.5634E-8	1	0	2.1571
1274	-57.5	-15.5	59.552	995.005	9.42131	3.51	2.3	33.752	8.5869E-8	1	0	2.16501
1275	-57.5	-14.5	59.3	995.237	9.43474	3.51	2.3	33.5	8.6105E-8	1	0	2.17244
1276	-57.5	-13.5	59.064	995.469	9.44811	3.51	2.3	33.264	8.6341E-8	1	0	2.17939
1277	-57.5	-12.5	58.843	995.697	9.46128	3.51	2.3	33.043	8.6574E-8	1	0	2.18584
1278	-57.5	-11.5	58.639	995.918	9.4741	3.51	2.3	32.839	8.68E-8	1	0	2.1918
1279	-57.5	-10.5	58.451	996.131	9.48644	3.51	2.3	32.651	8.7019E-8	1	0	2.19727
1280	-57.5	-9.5	58.279	996.334	9.49814	3.51	2.3	32.479	8.7226E-8	1	0	2.20224
1281	-57.5	-8.5	58.125	996.523	9.50909	3.51	2.3	32.325	8.7421E-8	1	0	2.20671
1282	-57.5	-7.5	57.987	996.696	9.51917	3.51	2.3	32.187	8.76E-8	1	0	2.21069
1283	-57.5	-6.5	57.866	996.853	9.52824	3.51	2.3	32.066	8.7761E-8	1	0	2.21417
1284	-57.5	-5.5	57.762	996.99	9.53622	3.51	2.3	31.962	8.7903E-8	1	0	2.21715
1285	-57.5	-4.5	57.676	997.107	9.54302	3.51	2.3	31.876	8.8024E-8	1	0	2.21963
1286	-57.5	-3.5	57.606	997.203	9.54855	3.51	2.3	31.806	8.8123E-8	1	0	2.22162
1287	-57.5	-2.5	57.554	997.275	9.55275	3.51	2.3	31.754	8.8198E-8	1	0	2.22311
1288	-57.5	-1.5	57.52	997.324	9.55558	3.51	2.3	31.72	8.8248E-8	1	0	2.2241
1289	-57.5	-0.5	57.502	997.348	9.55701	3.51	2.3	31.702	8.8273E-8	1	0	2.2246
1290	-57.5	0.5	57.502	997.348	9.55701	3.51	2.3	31.702	8.8273E-8	1	0	2.2246
1291	-57.5	1.5	57.52	997.324	9.55558	3.51	2.3	31.72	8.8248E-8	1	0	2.2241
1292	-57.5	2.5	57.554	997.275	9.55275	3.51	2.3	31.754	8.8198E-8	1	0	2.22311
1293	-57.5	3.5	57.606	997.203	9.54855	3.51	2.3	31.806	8.8123E-8	1	0	2.22162
1294	-57.5	4.5	57.676	997.107	9.54302	3.51	2.3	31.876	8.8024E-8	1	0	2.21963
1295	-57.5	5.5	57.762	996.99	9.53622	3.51	2.3	31.962	8.7903E-8	1	0	2.21715
1296	-57.5	6.5	57.866	996.853	9.52824	3.51	2.3	32.066	8.7761E-8	1	0	2.21417
1297	-57.5	7.5	57.987	996.696	9.51917	3.51	2.3	32.187	8.76E-8	1	0	2.21069
1298	-57.5	8.5	58.125	996.523	9.50909	3.51	2.3	32.325	8.7421E-8	1	0	2.20671
1299	-57.5	9.5	58.279	996.334	9.49814	3.51	2.3	32.479	8.7226E-8	1	0	2.20224
1300	-57.5	10.5	58.451	996.131	9.48644	3.51	2.3	32.651	8.7019E-8	1	0	2.19727
1301	-57.5	11.5	58.639	995.918	9.4741	3.51	2.3	32.839	8.68E-8	1	0	2.1918
1302	-57.5	12.5	58.843	995.697	9.46128	3.51	2.3	33.043	8.6574E-8	1	0	2.18584
1303	-57.5	13.5	59.064	995.469	9.44811	3.51	2.3	33.264	8.6341E-8	1	0	2.17939
1304	-57.5	14.5	59.3	995.237	9.43474	3.51	2.3	33.5	8.6105E-8	1	0	2.17244
1305	-57.5	15.5	59.552	995.005	9.42131	3.51	2.3	33.752	8.5869E-8	1	0	2.16501
1306	-57.5	16.5	59.821	994.774	9.40798	3.51	2.3	34.021	8.5634E-8	1	0	2.1571
1307	-57.5	17.5	60.104	994.547	9.39489	3.51	2.3	34.304	8.5404E-8	1	0	2.14872
1308	-57.5	18.5	60.403	994.326	9.38218	3.51	2.3	34.603	8.5181E-8	1	0	2.13986
1309	-57.5	19.5	60.717	994.114	9.36999	3.51	2.3	34.917	8.4967E-8	1	0	2.13055
1310	-57.5	20.5	61.045	993.914	9.35844	3.51	2.3	35.245	8.4765E-8	1	0	2.12079
1311	-57.5	21.5	61.388	993.726	9.34767	3.51	2.3	35.588	8.4577E-8	1	0	2.1106
1312	-57.5	22.5	61.745	993.554	9.33779	3.51	2.3	35.945	8.4404E-8	1	0	2.09998
1313	-57.5	23.5	62.117	993.4	9.3289	3.51	2.3	36.317	8.4249E-8	1	0	2.08895
1314	-57.5	24.5	62.502	993.264	9.3211	3.51	2.3	36.702	8.4113E-8	1	0	2.07753
1315	-57.5	25.5	62.901	993.148	9.31447	3.51	2.3	37.101	8.3997E-8	1	0	2.06575
1316	-57.5	26.5	63.313	993.055	9.30908	3.51	2.3	37.513	8.3903E-8	1	0	2.05361
1317	-57.5	27.5	63.738	992.983	9.30499	3.51	2.3	37.938	8.3832E-8	1	0	2.04114
1318	-57.5	28.5	64.176	992.935	9.30223	3.51	2.3	38.376	8.3784E-8	1	0	2.02837
1319	-57.5	29.5	64.626	992.911	9.30086	3.51	2.3	38.826	8.376E-8	1	0	2.01531
1320	-56.5	-29.5	63.738	999.759	9.28688	3.51	2.3	37.938	8.327E-8	1	0	2.05256
1321	-56.5	-28.5	63.281	999.785	9.28841	3.51	2.3	37.481	8.3296E-8	1	0	2.06658
1322	-56.5	-27.5	62.837	999.837	9.29146	3.51	2.3	37.037	8.3349E-8	1	0	2.08029
1323	-56.5	-26.5	62.406	999.914	9.296	3.51	2.3	36.606	8.3428E-8	1	0	2.09368
1324	-56.5	-25.5	61.988	1000.015	9.30198	3.51	2.3	36.188	8.3532E-8	1	0	2.10671
1325	-56.5	-24.5	61.583	1000.14	9.30933	3.51	2.3	35.783	8.366E-8	1	0	2.11936
1326	-56.5	-23.5	61.192	1000.287	9.31799	3.51	2.3	35.392	8.381E-8	1	0	2.13161
1327	-56.5	-22.5	60.815	1000.454	9.32785	3.51	2.3	35.015	8.3982E-8	1	0	2.14343
1328	-56.5	-21.5	60.452	1000.639	9.33881	3.51	2.3	34.652	8.4173E-8	1	0	2.15482
1329	-56.5	-20.5	60.104	1000.842	9.35076	3.51	2.3	34.304	8.4381E-8	1	0	2.16575
1330	-56.5	-19.5	59.77	1001.058	9.36358	3.51	2.3	33.97	8.4605E-8	1	0	2.17621
1331	-56.5	-18.5	59.452	1001.287	9.37711	3.51	2.3	33.652	8.4842E-8	1	0	2.18619
1332	-56.5	-17.5	59.148	1001.525	9.39122	3.51	2.3	33.348	8.5089E-8	1	0	2.19567
1333	-56.5	-16.5	58.86	1001.771	9.40576	3.51	2.3	33.06	8.5344E-8	1	0	2.20465
1334	-56.5	-15.5	58.588	1002.02	9.42057	3.51	2.3	32.788	8.5604E-8	1	0	2.21312
1335	-56.5	-14.5	58.331	1002.272	9.43548	3.51	2.3	32.531	8.5866E-8	1	0	2.22107
1336	-56.5	-13.5	58.09	1002.522	9.45033	3.51	2.3	32.29	8.6127E-8	1	0	2.2285
1337	-56.5	-12.5	57.866	1002.768	9.46496	3.51	2.3	32.066	8.6385E-8	1	0	2.23541
1338	-56.5	-11.5	57.658	1003.007	9.47921	3.51	2.3	31.858	8.6637E-8	1	0	2.24178
1339	-56.5	-10.5	57.467	1003.238	9.49292	3.51	2.3	31.667	8.6879E-8	1	0	2.24763
1340	-56.5	-9.5	57.293	1003.456	9.50594	3.51	2.3	31.493	8.711E-8	1	0	2.25294
1341	-56.5	-8.5	57.136	1003.66	9.51811	3.51	2.3	31.336	8.7326E-8	1	0	2.25772
1342	-56.5	-7.5	56.996	1003.848	9.52931	3.51	2.3	31.196	8.7524E-8	1	0	2.26197
1343	-56.5	-6.5	56.873	1004.017	9.53941	3.51	2.3	31.073	8.7704E-8	1	0	2.26569
1344	-56.5	-5.5	56.767	1004.166	9.54828	3.51	2.3	30.967	8.7861E-8	1	0	2.26887
1345	-56.5	-4.5	56.679	1004.293	9.55584	3.51	2.3	30.879	8.7996E-8	1	0	2.27152
1346	-56.5	-3.5	56.608	1004.396	9.56199	3.51	2.3	30.808	8.8105E-8	1	0	2.27365
1347	-56.5	-2.5	56.555	1004.474	9.56667	3.51	2.3	30.755	8.8189E-8	1	0	2.27524
1348	-56.5	-1.5	56.52	1004.526	9.56982	3.51	2.3	30.72	8.8245E-8	1	0	2.2763
1349	-56.5	-0.5	56.502	1004.553	9.5714	3.51	2.3	30.702	8.8273E-8	1	0	2.27683
1350	-56.5	0.5	56.502	1004.553	9.5714	3.51	2.3	30.702	8.8273E-8	1	0	2.27683
1351	-56.5	1.5	56.52	1004.526	9.56982	3.51	2.3	30.72	8.8245E-8	1	0	2.2763
1352	-56.5	2.5	56.555	1004.474	9.56667	3.51	2.3	30.755	8.8189E-8	1	0	2.27524
1353	-56.5	3.5	56.608	1004.396	9.56199	3.51	2.3	30.808	8.8105E-8	1	0	2.27365
1354	-56.5	4.5	56.679	1004.293	9.55584	3.51	2.3	30.879	8.7996E-8	1	0	2.27152
1355	-56.5	5.5	56.767	1004.166	9.54828	3.51	2.3	30.967	8.7861E-8	1	0	2.26887
1356	-56.5	6.5	56.873	1004.017	9.53941	3.51	2.3	31.073	8.7704E-8	1	0	2.26569
1357	-56.5	7.5	56.996	1003.848	9.52931	3.51	2.3	31.196	8.7524E-8	1	0	2.26197
1358	-56.5	8.5	57.136	1003.66	9.51811	3.51	2.3	31.336	8.7326E-8	1	0	2.25772
1359	-56.5	9.5	57.293	1003.456	9.50594	3.51	2.3	31.493	8.711E-8	1	0	2.25294
1360	-56.5	10.5	57.467	1003.238	9.49292	3.51	2.3	31.667	8.6879E-8	1	0	2.24763
1361	-56.5	11.5	57.658	1003.007	9.47921	3.51	2.3	31.858	8.6637E-8	1	0	2.24178
1362	-56.5	12.5	57.866	1002.768	9.46496	3.51	2.3	32.066	8.6385E-8	1	0	2.23541
1363	-56.5	13.5	58.09	1002.522	9.45033	3.51	2.3	32.29	8.6127E-8	1	0	2.2285
1364	-56.5	14.5	58.331	1002.272	9.43548	3.51	2.3	32.531	8.5866E-8	1	0	2.22107
1365	-56.5	15.5	58.588	1002.02	9.42057	3.51	2.3	32.788	8.5604E-8	1	0	2.21312
1366	-56.5	16.5	58.86	1001.771	9.40576	3.51	2.3	33.06	8.5344E-8	1	0	2.20465
1367	-56.5	17.5	59.148	1001.525	9.39122	3.51	2.3	33.348	8.5089E-8	1	0	2.19567
1368	-56.5	18.5	59.452	1001.287	9.37711	3.51	2.3	33.652	8.4842E-8	1	0	2.18619
1369	-56.5	19.5	59.77	1001.058	9.36358	3.51	2.3	33.97	8.4605E-8	1	0	2.17621
1370	-56.5	20.5	60.104	1000.842	9.35076	3.51	2.3	34.304	8.4381E-8	1	0	2.16575
1371	-56.5	21.5	60.452	1000.639	9.33881	3.51	2.3	34.652	8.4173E-8	1	0	2.15482
1372	-56.5	22.5	60.815	1000.454	9.32785	3.51	2.3	35.015	8.3982E-8	1	0	2.14343
1373	-56.5	23.5	61.192	1000.287	9.31799	3.51	2.3	35.392	8.381E-8	1	0	2.13161
1374	-56.5	24.5	61.583	1000.14	9.30933	3.51	2.3	35.783	8.366E-8	1	0	2.11936
1375	-56.5	25.5	61.988	1000.015	9.30198	3.51	2.3	36.188	8.3532E-8	1	0	2.10671
1376	-56.5	26.5	62.406	999.914	9.296	3.51	2.3	36.606	8.3428E-8	1	0	2.09368
1377	-56.5	27.5	62.837	999.837	9.29146	3.51	2.3	37.037	8.3349E-8	1	0	2.08029
1378	-56.5	28.5	63.281	999.785	9.28841	3.51	2.3	37.481	8.3296E-8	1	0	2.06658
1379	-56.5	29.5	63.738	999.759	9.28688	3.51	2.3	37.938	8.327E-8	1	0	2.05256
1380	-55.5	-29.5	62.853	1006.363	9.27139	3.51	2.3	37.053	8.2763E-8	1	0	2.09148
1381	-55.5	-28.5	62.39	1006.391	9.27308	3.51	2.3	36.59	8.2793E-8	1	0	2.10655
1382	-55.5	-27.5	61.939	1006.447	9.27647	3.51	2.3	36.139	8.2851E-8	1	0	2.12129
1383	-55.5	-26.5	61.502	1006.53	9.2815	3.51	2.3	35.702	8.2938E-8	1	0	2.13568
1384	-55.5	-25.5	61.078	1006.639	9.28813	3.51	2.3	35.278	8.3053E-8	1	0	2.14968
1385	-55.5	-24.5	60.667	1006.774	9.29629	3.51	2.3	34.867	8.3194E-8	1	0	2.16327
1386	-55.5	-23.5	60.27	1006.932	9.30589	3.51	2.3	34.47	8.336E-8	1	0	2.17643
1387	-55.5	-22.5	59.887	1007.112	9.31682	3.51	2.3	34.087	8.355E-8	1	0	2.18913
1388	-55.5	-21.5	59.519	1007.313	9.32899	3.51	2.3	33.719	8.3761E-8	1	0	2.20136
1389	-55.5	-20.5	59.165	1007.531	9.34225	3.51	2.3	33.365	8.3992E-8	1	0	2.2131
1390	-55.5	-19.5	58.826	1007.765	9.35647	3.51	2.3	33.026	8.424E-8	1	0	2.22432
1391	-55.5	-18.5	58.502	1008.011	9.37149	3.51	2.3	32.702	8.4502E-8	1	0	2.23503
1392	-55.5	-17.5	58.194	1008.269	9.38716	3.51	2.3	32.394	8.4775E-8	1	0	2.2452
1393	-55.5	-16.5	57.901	1008.533	9.4033	3.51	2.3	32.101	8.5058E-8	1	0	2.25483
1394	-55.5	-15.5	57.624	1008.803	9.41974	3.51	2.3	31.824	8.5346E-8	1	0	2.26391
1395	-55.5	-14.5	57.363	1009.074	9.4363	3.51	2.3	31.563	8.5636E-8	1	0	2.27243
1396	-55.5	-13.5	57.118	1009.344	9.4528	3.51	2.3	31.318	8.5926E-8	1	0	2.28039
1397	-55.5	-12.5	56.89	1009.61	9.46906	3.51	2.3	31.09	8.6212E-8	1	0	2.28779
1398	-55.5	-11.5	56.679	1009.869	9.48489	3.51	2.3	30.879	8.6492E-8	1	0	2.29462
1399	-55.5	-10.5	56.485	1010.117	9.50013	3.51	2.3	30.685	8.6761E-8	1	0	2.30087
1400	-55.5	-9.5	56.307	1010.353	9.5146	3.51	2.3	30.507	8.7017E-8	1	0	2.30656
1401	-55.5	-8.5	56.147	1010.574	9.52813	3.51	2.3	30.347	8.7256E-8	1	0	2.31168
1402	-55.5	-7.5	56.004	1010.777	9.54058	3.51	2.3	30.204	8.7477E-8	1	0	2.31623
1403	-55.5	-6.5	55.879	1010.959	9.55181	3.51	2.3	30.079	8.7676E-8	1	0	2.3202
1404	-55.5	-5.5	55.772	1011.12	9.56168	3.51	2.3	29.972	8.7852E-8	1	0	2.32361
1405	-55.5	-4.5	55.682	1011.257	9.57009	3.51	2.3	29.882	8.8001E-8	1	0	2.32645
1406	-55.5	-3.5	55.61	1011.368	9.57693	3.51	2.3	29.81	8.8123E-8	1	0	2.32872
1407	-55.5	-2.5	55.556	1011.452	9.58213	3.51	2.3	29.756	8.8216E-8	1	0	2.33042
1408	-55.5	-1.5	55.52	1011.509	9.58564	3.51	2.3	29.72	8.8278E-8	1	0	2.33155
1409	-55.5	-0.5	55.502	1011.538	9.5874	3.51	2.3	29.702	8.8309E-8	1	0	2.33212
1410	-55.5	0.5	55.502	1011.538	9.5874	3.51	2.3	29.702	8.8309E-8	1	0	2.33212
1411	-55.5	1.5	55.52	1011.509	9.58564	3.51	2.3	29.72	8.8278E-8	1	0	2.33155
1412	-55.5	2.5	55.556	1011.452	9.58213	3.51	2.3	29.756	8.8216E-8	1	0	2.33042
1413	-55.5	3.5	55.61	1011.368	9.57693	3.51	2.3	29.81	8.8123E-8	1	0	2.32872
1414	-55.5	4.5	55.682	1011.257	9.57009	3.51	2.3	29.882	8.8001E-8	1	0	2.32645
1415	-55.5	5.5	55.772	1011.12	9.56168	3.51	2.3	29.972	8.7852E-8	1	0	2.32361
1416	-55.5	6.5	55.879	1010.959	9.55181	3.51	2.3	30.079	8.7676E-8	1	0	2.3202
1417	-55.5	7.5	56.004	1010.777	9.54058	3.51	2.3	30.204	8.7477E-8	1	0	2.31623
1418	-55.5	8.5	56.147	1010.574	9.52813	3.51	2.3	30.347	8.7256E-8	1	0	2.31168
1419	-55.5	9.5	56.307	1010.353	9.5146	3.51	2.3	30.507	8.7017E-8	1	0	2.30656
1420	-55.5	10.5	56.485	1010.117	9.50013	3.51	2.3	30.685	8.6761E-8	1	0	2.30087
1421	-55.5	11.5	56.679	1009.869	9.48489	3.51	2.3	30.879	8.6492E-8	1	0	2.29462
1422	-55.5	12.5	56.89	1009.61	9.46906	3.51	2.3	31.09	8.6212E-8	1	0	2.28779
1423	-55.5	13.5	57.118	1009.344	9.4528	3.51	2.3	31.318	8.5926E-8	1	0	2.28039
1424	-55.5	14.5	57.363	1009.074	9.4363	3.51	2.3	31.563	8.5636E-8	1	0	2.27243
1425	-55.5	15.5	57.624	1008.803	9.41974	3.51	2.3	31.824	8.5346E-8	1	0	2.26391
1426	-55.5	16.5	57.901	1008.533	9.4033	3.51	2.3	32.101	8.5058E-8	1	0	2.25483
1427	-55.5	17.5	58.194	1008.269	9.38716	3.51	2.3	32.394	8.4775E-8	1	0	2.2452
1428	-55.5	18.5	58.502	1008.011	9.37149	3.51	2.3	32.702	8.4502E-8	1	0	2.23503
1429	-55.5	19.5	58.826	1007.765	9.35647	3.51	2.3	33.026	8.424E-8	1	0	2.22432
1430	-55.5	20.5	59.165	1007.531	9.34225	3.51	2.3	33.365	8.3992E-8	1	0	2.2131
1431	-55.5	21.5	59.519	1007.313	9.32899	3.51	2.3	33.719	8.3761E-8	1	0	2.20136
1432	-55.5	22.5	59.887	1007.112	9.31682	3.51	2.3	34.087	8.355E-8	1	0	2.18913
1433	-55.5	23.5	60.27	1006.932	9.30589	3.51	2.3	34.47	8.336E-8	1	0	2.17643
1434	-55.5	24.5	60.667	1006.774	9.29629	3.51	2.3	34.867	8.3194E-8	1	0	2.16327
1435	-55.5	25.5	61.078	1006.639	9.28813	3.51	2.3	35.278	8.3053E-8	1	0	2.14968
1436	-55.5	26.5	61.502	1006.53	9.2815	3.51	2.3	35.702	8.2938E-8	1	0	2.13568
1437	-55.5	27.5	61.939	1006.447	9.27647	3.51	2.3	36.139	8.2851E-8	1	0	2.12129
1438	-55.5	28.5	62.39	1006.391	9.27308	3.51	2.3	36.59	8.2793E-8	1	0	2.10655
1439	-55.5	29.5	62.853	1006.363	9.27139	3.51	2.3	37.053	8.2763E-8	1	0	2.09148
1440	-54.5	-29.5	61.972	1012.723	9.25423	3.51	2.3	36.172	8.2237E-8	1	0	2.13224
1441	-54.5	-28.5	61.502	1012.754	9.2561	3.51	2.3	35.702	8.227E-8	1	0	2.14846
1442	-54.5	-27.5	61.045	1012.814	9.25986	3.51	2.3	35.245	8.2334E-8	1	0	2.16432
1443	-54.5	-26.5	60.601	1012.903	9.26544	3.51	2.3	34.801	8.243E-8	1	0	2.1798
1444	-54.5	-25.5	60.171	1013.021	9.27279	3.51	2.3	34.371	8.2557E-8	1	0	2.19487
1445	-54.5	-24.5	59.754	1013.166	9.28183	3.51	2.3	33.954	8.2713E-8	1	0	2.20949
1446	-54.5	-23.5	59.351	1013.337	9.29247	3.51	2.3	33.551	8.2897E-8	1	0	2.22365
1447	-54.5	-22.5	58.962	1013.531	9.3046	3.51	2.3	33.162	8.3107E-8	1	0	2.23731
1448	-54.5	-21.5	58.588	1013.747	9.3181	3.51	2.3	32.788	8.334E-8	1	0	2.25046
1449	-54.5	-20.5	58.228	1013.983	9.33281	3.51	2.3	32.428	8.3596E-8	1	0	2.26307
1450	-54.5	-19.5	57.884	1014.235	9.34858	3.51	2.3	32.084	8.387E-8	1	0	2.27514
1451	-54.5	-18.5	57.554	1014.501	9.36525	3.51	2.3	31.754	8.4159E-8	1	0	2.28664
1452	-54.5	-17.5	57.241	1014.778	9.38264	3.51	2.3	31.441	8.4462E-8	1	0	2.29757
1453	-54.5	-16.5	56.943	1015.064	9.40056	3.51	2.3	31.143	8.4775E-8	1	0	2.30791
1454	-54.5	-15.5	56.661	1015.355	9.41882	3.51	2.3	30.861	8.5094E-8	1	0	2.31766
1455	-54.5	-14.5	56.396	1015.647	9.43721	3.51	2.3	30.596	8.5416E-8	1	0	2.3268
1456	-54.5	-13.5	56.147	1015.939	9.45554	3.51	2.3	30.347	8.5738E-8	1	0	2.33535
1457	-54.5	-12.5	55.915	1016.225	9.4736	3.51	2.3	30.115	8.6056E-8	1	0	2.34328
1458	-54.5	-11.5	55.7	1016.504	9.4912	3.51	2.3	29.9	8.6365E-8	1	0	2.35061
1459	-54.5	-10.5	55.502	1016.773	9.50813	3.51	2.3	29.702	8.6664E-8	1	0	2.35732
1460	-54.5	-9.5	55.322	1017.027	9.52422	3.51	2.3	29.522	8.6948E-8	1	0	2.36342
1461	-54.5	-8.5	55.159	1017.265	9.53927	3.51	2.3	29.359	8.7214E-8	1	0	2.36891
1462	-54.5	-7.5	55.014	1017.484	9.55311	3.51	2.3	29.214	8.746E-8	1	0	2.37378
1463	-54.5	-6.5	54.886	1017.682	9.5656	3.51	2.3	29.086	8.7681E-8	1	0	2.37804
1464	-54.5	-5.5	54.777	1017.855	9.57658	3.51	2.3	28.977	8.7876E-8	1	0	2.38169
1465	-54.5	-4.5	54.685	1018.002	9.58593	3.51	2.3	28.885	8.8042E-8	1	0	2.38473
1466	-54.5	-3.5	54.612	1018.122	9.59354	3.51	2.3	28.812	8.8178E-8	1	0	2.38716
1467	-54.5	-2.5	54.557	1018.214	9.59933	3.51	2.3	28.757	8.8281E-8	1	0	2.38899
1468	-54.5	-1.5	54.521	1018.275	9.60323	3.51	2.3	28.721	8.835E-8	1	0	2.3902
1469	-54.5	-0.5	54.502	1018.306	9.60519	3.51	2.3	28.702	8.8385E-8	1	0	2.39081
1470	-54.5	0.5	54.502	1018.306	9.60519	3.51	2.3	28.702	8.8385E-8	1	0	2.39081
1471	-54.5	1.5	54.521	1018.275	9.60323	3.51	2.3	28.721	8.835E-8	1	0	2.3902
1472	-54.5	2.5	54.557	1018.214	9.59933	3.51	2.3	28.757	8.8281E-8	1	0	2.38899
1473	-54.5	3.5	54.612	1018.122	9.59354	3.51	2.3	28.812	8.8178E-8	1	0	2.38716
1474	-54.5	4.5	54.685	1018.002	9.58593	3.51	2.3	28.885	8.8042E-8	1	0	2.38473
1475	-54.5	5.5	54.777	1017.855	9.57658	3.51	2.3	28.977	8.7876E-8	1	0	2.38169
1476	-54.5	6.5	54.886	1017.682	9.5656	3.51	2.3	29.086	8.7681E-8	1	0	2.37804
1477	-54.5	7.5	55.014	1017.484	9.55311	3.51	2.3	29.214	8.746E-8	1	0	2.37378
1478	-54.5	8.5	55.159	1017.265	9.53927	3.51	2.3	29.359	8.7214E-8	1	0	2.36891
1479	-54.5	9.5	55.322	1017.027	9.52422	3.51	2.3	29.522	8.6948E-8	1	0	2.36342
1480	-54.5	10.5	55.502	1016.773	9.50813	3.51	2.3	29.702	8.6664E-8	1	0	2.35732
1481	-54.5	11.5	55.7	1016.504	9.4912	3.51	2.3	29.9	8.6365E-8	1	0	2.35061
1482	-54.5	12.5	55.915	1016.225	9.4736	3.51	2.3	30.115	8.6056E-8	1	0	2.34328
1483	-54.5	13.5	56.147	1015.939	9.45554	3.51	2.3	30.347	8.5738E-8	1	0	2.33535
1484	-54.5	14.5	56.396	1015.647	9.43721	3.51	2.3	30.596	8.5416E-8	1	0	2.3268
1485	-54.5	15.5	56.661	1015.355	9.41882	3.51	2.3	30.861	8.5094E-8	1	0	2.31766
1486	-54.5	16.5	56.943	1015.064	9.40056	3.51	2.3	31.143	8.4775E-8	1	0	2.30791
1487	-54.5	17.5	57.241	1014.778	9.38264	3.51	2.3	31.441	8.4462E-8	1	0	2.29757
1488	-54.5	18.5	57.554	1014.501	9.36525	3.51	2.3	31.754	8.4159E-8	1	0	2.28664
1489	-54.5	19.5	57.884	1014.235	9.34858	3.51	2.3	32.084	8.387E-8	1	0	2.27514
1490	-54.5	20.5	58.228	1013.983	9.33281	3.51	2.3	32.428	8.3596E-8	1	0	2.26307
1491	-54.5	21.5	58.588	1013.747	9.3181	3.51	2.3	32.788	8.334E-8	1	0	2.25046
1492	-54.5	22.5	58.962	1013.531	9.3046	3.51	2.3	33.162	8.3107E-8	1	0	2.23731
1493	-54.5	23.5	59.351	1013.337	9.29247	3.51	2.3	33.551	8.2897E-8	1	0	2.22365
1494	-54.5	24.5	59.754	1013.166	9.28183	3.51	2.3	33.954	8.2713E-8	1	0	2.20949
1495	-54.5	25.5	60.171	1013.021	9.27279	3.51	2.3	34.371	8.2557E-8	1	0	2.19487
1496	-54.5	26.5	60.601	1012.903	9.26544	3.51	2.3	34.801	8.243E-8	1	0	2.1798
1497	-54.5	27.5	61.045	1012.814	9.25986	3.51	2.3	35.245	8.2334E-8	1	0	2.16432
1498	-54.5	28.5	61.502	1012.754	9.2561	3.51	2.3	35.702	8.227E-8	1	0	2.14846
1499	-54.5	29.5	61.972	1012.723	9.25423	3.51	2.3	36.172	8.2237E-8	1	0	2.13224
1500	-53.5	-29.5	61.094	1018.842	9.23522	3.51	2.3	35.294	8.1689E-8	1	0	2.17502
1501	-53.5	-28.5	60.618	1018.875	9.2373	3.51	2.3	34.818	8.1725E-8	1	0	2.1925
1502	-53.5	-27.5	60.154	1018.94	9.24145	3.51	2.3	34.354	8.1796E-8	1	0	2.20959
1503	-53.5	-26.5	59.703	1019.036	9.24764	3.51	2.3	33.903	8.1902E-8	1	0	2.22628
1504	-53.5	-25.5	59.266	1019.163	9.25578	3.51	2.3	33.466	8.2042E-8	1	0	2.24251
1505	-53.5	-24.5	58.843	1019.32	9.26581	3.51	2.3	33.043	8.2215E-8	1	0	2.25827
1506	-53.5	-23.5	58.434	1019.503	9.27761	3.51	2.3	32.634	8.2418E-8	1	0	2.27351
1507	-53.5	-22.5	58.039	1019.713	9.29106	3.51	2.3	32.239	8.265E-8	1	0	2.28823
1508	-53.5	-21.5	57.658	1019.946	9.30602	3.51	2.3	31.858	8.2908E-8	1	0	2.30238
1509	-53.5	-20.5	57.293	1020.199	9.32234	3.51	2.3	31.493	8.319E-8	1	0	2.31596
1510	-53.5	-19.5	56.943	1020.471	9.33984	3.51	2.3	31.143	8.3493E-8	1	0	2.32895
1511	-53.5	-18.5	56.608	1020.758	9.35834	3.51	2.3	30.808	8.3814E-8	1	0	2.34133
1512	-53.5	-17.5	56.289	1021.057	9.37763	3.51	2.3	30.489	8.4149E-8	1	0	2.35308
1513	-53.5	-16.5	55.987	1021.364	9.39752	3.51	2.3	30.187	8.4496E-8	1	0	2.3642
1514	-53.5	-15.5	55.7	1021.678	9.41779	3.51	2.3	29.9	8.4849E-8	1	0	2.37469
1515	-53.5	-14.5	55.43	1021.993	9.43822	3.51	2.3	29.63	8.5207E-8	1	0	2.38452
1516	-53.5	-13.5	55.177	1022.307	9.45858	3.51	2.3	29.377	8.5563E-8	1	0	2.3937
1517	-53.5	-12.5	54.941	1022.616	9.47865	3.51	2.3	29.141	8.5916E-8	1	0	2.40223
1518	-53.5	-11.5	54.722	1022.917	9.4982	3.51	2.3	28.922	8.6259E-8	1	0	2.4101
1519	-53.5	-10.5	54.521	1023.206	9.51702	3.51	2.3	28.721	8.6591E-8	1	0	2.41731
1520	-53.5	-9.5	54.337	1023.481	9.5349	3.51	2.3	28.537	8.6907E-8	1	0	2.42387
1521	-53.5	-8.5	54.171	1023.738	9.55164	3.51	2.3	28.371	8.7203E-8	1	0	2.42976
1522	-53.5	-7.5	54.023	1023.974	9.56704	3.51	2.3	28.223	8.7475E-8	1	0	2.435
1523	-53.5	-6.5	53.893	1024.186	9.58092	3.51	2.3	28.093	8.7721E-8	1	0	2.43957
1524	-53.5	-5.5	53.782	1024.373	9.59314	3.51	2.3	27.982	8.7938E-8	1	0	2.44349
1525	-53.5	-4.5	53.689	1024.532	9.60354	3.51	2.3	27.889	8.8123E-8	1	0	2.44676
1526	-53.5	-3.5	53.614	1024.662	9.61202	3.51	2.3	27.814	8.8274E-8	1	0	2.44937
1527	-53.5	-2.5	53.558	1024.76	9.61846	3.51	2.3	27.758	8.8389E-8	1	0	2.45132
1528	-53.5	-1.5	53.521	1024.826	9.62279	3.51	2.3	27.721	8.8466E-8	1	0	2.45263
1529	-53.5	-0.5	53.502	1024.86	9.62498	3.51	2.3	27.702	8.8505E-8	1	0	2.45328
1530	-53.5	0.5	53.502	1024.86	9.62498	3.51	2.3	27.702	8.8505E-8	1	0	2.45328
1531	-53.5	1.5	53.521	1024.826	9.62279	3.51	2.3	27.721	8.8466E-8	1	0	2.45263
1532	-53.5	2.5	53.558	1024.76	9.61846	3.51	2.3	27.758	8.8389E-8	1	0	2.45132
1533	-53.5	3.5	53.614	1024.662	9.61202	3.51	2.3	27.814	8.8274E-8	1	0	2.44937
1534	-53.5	4.5	53.689	1024.532	9.60354	3.51	2.3	27.889	8.8123E-8	1	0	2.44676
1535	-53.5	5.5	53.782	1024.373	9.59314	3.51	2.3	27.982	8.7938E-8	1	0	2.44349
1536	-53.5	6.5	53.893	1024.186	9.58092	3.51	2.3	28.093	8.7721E-8	1	0	2.43957
1537	-53.5	7.5	54.023	1023.974	9.56704	3.51	2.3	28.223	8.7475E-8	1	0	2.435
1538	-53.5	8.5	54.171	1023.738	9.55164	3.51	2.3	28.371	8.7203E-8	1	0	2.42976
1539	-53.5	9.5	54.337	1023.481	9.5349	3.51	2.3	28.537	8.6907E-8	1	0	2.42387
1540	-53.5	10.5	54.521	1023.206	9.51702	3.51	2.3	28.721	8.6591E-8	1	0	2.41731
1541	-53.5	11.5	54.722	1022.917	9.4982	3.51	2.3	28.922	8.6259E-8	1	0	2.4101
1542	-53.5	12.5	54.941	1022.616	9.47865	3.51	2.3	29.141	8.5916E-8	1	0	2.40223
1543	-53.5	13.5	55.177	1022.307	9.45858	3.51	2.3	29.377	8.5563E-8	1	0	2.3937
1544	-53.5	14.5	55.43	1021.993	9.43822	3.51	2.3	29.63	8.5207E-8	1	0	2.38452
1545	-53.5	15.5	55.7	1021.678	9.41779	3.51	2.3	29.9	8.4849E-8	1	0	2.37469
1546	-53.5	16.5	55.987	1021.364	9.39752	3.51	2.3	30.187	8.4496E-8	1	0	2.3642
1547	-53.5	17.5	56.289	1021.057	9.37763	3.51	2.3	30.489	8.4149E-8	1	0	2.35308
1548	-53.5	18.5	56.608	1020.758	9.35834	3.51	2.3	30.808	8.3814E-8	1	0	2.34133
1549	-53.5	19.5	56.943	1020.471	9.33984	3.51	2.3	31.143	8.3493E-8	1	0	2.32895
1550	-53.5	20.5	57.293	1020.199	9.32234	3.51	2.3	31.493	8.319E-8	1	0	2.31596
1551	-53.5	21.5	57.658	1019.946	9.30602	3.51	2.3	31.858	8.2908E-8	1	0	2.30238
1552	-53.5	22.5	58.039	1019.713	9.29106	3.51	2.3	32.239	8.265E-8	1	0	2.28823
1553	-53.5	23.5	58.434	1019.503	9.27761	3.51	2.3	32.634	8.2418E-8	1	0	2.27351
1554	-53.5	24.5	58.843	1019.32	9.26581	3.51	2.3	33.043	8.2215E-8	1	0	2.25827
1555	-53.5	25.5	59.266	1019.163	9.25578	3.51	2.3	33.466	8.2042E-8	1	0	2.24251
1556	-53.5	26.5	59.703	1019.036	9.24764	3.51	2.3	33.903	8.1902E-8	1	0	2.22628
1557	-53.5	27.5	60.154	1018.94	9.24145	3.51	2.3	34.354	8.1796E-8	1	0	2.20959
1558	-53.5	28.5	60.618	1018.875	9.2373	3.51	2.3	34.818	8.1725E-8	1	0	2.1925
1559	-53.5	29.5	61.094	1018.842	9.23522	3.51	2.3	35.294	8.1689E-8	1	0	2.17502
1560	-52.5	-29.5	60.22	1024.722	9.21417	3.51	2.3	34.42	8.1116E-8	1	0	2.22002
1561	-52.5	-28.5	59.737	1024.757	9.21646	3.51	2.3	33.937	8.1155E-8	1	0	2.23889
1562	-52.5	-27.5	59.266	1024.827	9.22107	3.51	2.3	33.466	8.1234E-8	1	0	2.25734
1563	-52.5	-26.5	58.809	1024.931	9.22792	3.51	2.3	33.009	8.1351E-8	1	0	2.27534
1564	-52.5	-25.5	58.365	1025.067	9.23695	3.51	2.3	32.565	8.1505E-8	1	0	2.29286
1565	-52.5	-24.5	57.935	1025.235	9.24806	3.51	2.3	32.135	8.1696E-8	1	0	2.30986
1566	-52.5	-23.5	57.52	1025.433	9.26113	3.51	2.3	31.72	8.192E-8	1	0	2.32631
1567	-52.5	-22.5	57.118	1025.659	9.27604	3.51	2.3	31.318	8.2176E-8	1	0	2.34218
1568	-52.5	-21.5	56.732	1025.909	9.29263	3.51	2.3	30.932	8.2462E-8	1	0	2.35744
1569	-52.5	-20.5	56.36	1026.182	9.31073	3.51	2.3	30.56	8.2774E-8	1	0	2.37208
1570	-52.5	-19.5	56.004	1026.474	9.33014	3.51	2.3	30.204	8.3109E-8	1	0	2.38608
1571	-52.5	-18.5	55.664	1026.783	9.35066	3.51	2.3	29.864	8.3464E-8	1	0	2.39942
1572	-52.5	-17.5	55.34	1027.105	9.37208	3.51	2.3	29.54	8.3835E-8	1	0	2.41209
1573	-52.5	-16.5	55.032	1027.436	9.39415	3.51	2.3	29.232	8.4219E-8	1	0	2.42407
1574	-52.5	-15.5	54.74	1027.774	9.41666	3.51	2.3	28.94	8.4611E-8	1	0	2.43536
1575	-52.5	-14.5	54.466	1028.113	9.43934	3.51	2.3	28.666	8.5007E-8	1	0	2.44595
1576	-52.5	-13.5	54.208	1028.451	9.46195	3.51	2.3	28.408	8.5402E-8	1	0	2.45584
1577	-52.5	-12.5	53.968	1028.784	9.48425	3.51	2.3	28.168	8.5793E-8	1	0	2.46503
1578	-52.5	-11.5	53.745	1029.108	9.50598	3.51	2.3	27.945	8.6175E-8	1	0	2.4735
1579	-52.5	-10.5	53.54	1029.42	9.52691	3.51	2.3	27.74	8.6543E-8	1	0	2.48126
1580	-52.5	-9.5	53.353	1029.716	9.54678	3.51	2.3	27.553	8.6894E-8	1	0	2.48832
1581	-52.5	-8.5	53.184	1029.992	9.56539	3.51	2.3	27.384	8.7223E-8	1	0	2.49466
1582	-52.5	-7.5	53.033	1030.247	9.58252	3.51	2.3	27.233	8.7526E-8	1	0	2.50029
1583	-52.5	-6.5	52.901	1030.476	9.59797	3.51	2.3	27.101	8.78E-8	1	0	2.50522
1584	-52.5	-5.5	52.787	1030.677	9.61156	3.51	2.3	26.987	8.8041E-8	1	0	2.50944
1585	-52.5	-4.5	52.693	1030.849	9.62314	3.51	2.3	26.893	8.8247E-8	1	0	2.51295
1586	-52.5	-3.5	52.617	1030.988	9.63256	3.51	2.3	26.817	8.8415E-8	1	0	2.51576
1587	-52.5	-2.5	52.559	1031.094	9.63973	3.51	2.3	26.759	8.8543E-8	1	0	2.51787
1588	-52.5	-1.5	52.521	1031.166	9.64456	3.51	2.3	26.721	8.8629E-8	1	0	2.51927
1589	-52.5	-0.5	52.502	1031.201	9.64699	3.51	2.3	26.702	8.8672E-8	1	0	2.51997
1590	-52.5	0.5	52.502	1031.201	9.64699	3.51	2.3	26.702	8.8672E-8	1	0	2.51997
1591	-52.5	1.5	52.521	1031.166	9.64456	3.51	2.3	26.721	8.8629E-8	1	0	2.51927
1592	-52.5	2.5	52.559	1031.094	9.63973	3.51	2.3	26.759	8.8543E-8	1	0	2.51787
1593	-52.5	3.5	52.617	1030.988	9.63256	3.51	2.3	26.817	8.8415E-8	1	0	2.51576
1594	-52.5	4.5	52.693	1030.849	9.62314	3.51	2.3	26.893	8.8247E-8	1	0	2.51295
1595	-52.5	5.5	52.787	1030.677	9.61156	3.51	2.3	26.987	8.8041E-8	1	0	2.50944
1596	-52.5	6.5	52.901	1030.476	9.59797	3.51	2.3	27.101	8.78E-8	1	0	2.50522
1597	-52.5	7.5	53.033	1030.247	9.58252	3.51	2.3	27.233	8.7526E-8	1	0	2.50029
1598	-52.5	8.5	53.184	1029.992	9.56539	3.51	2.3	27.384	8.7223E-8	1	0	2.49466
1599	-52.5	9.5	53.353	1029.716	9.54678	3.51	2.3	27.553	8.6894E-8	1	0	2.48832
1600	-52.5	10.5	53.54	1029.42	9.52691	3.51	2.3	27.74	8.6543E-8	1	0	2.48126
1601	-52.5	11.5	53.745	1029.108	9.50598	3.51	2.3	27.945	8.6175E-8	1	0	2.4735
1602	-52.5	12.5	53.968	1028.784	9.48425	3.51	2.3	28.168	8.5793E-8	1	0	2.46503
1603	-52.5	13.5	54.208	1028.451	9.46195	3.51	2.3	28.408	8.5402E-8	1	0	2.45584
1604	-52.5	14.5	54.466	1028.113	9.43934	3.51	2.3	28.666	8.5007E-8	1	0	2.44595
1605	-52.5	15.5	54.74	1027.774	9.41666	3.51	2.3	28.94	8.4611E-8	1	0	2.43536
1606	-52.5	16.5	55.032	1027.436	9.39415	3.51	2.3	29.232	8.4219E-8	1	0	2.42407
1607	-52.5	17.5	55.34	1027.105	9.37208	3.51	2.3	29.54	8.3835E-8	1	0	2.41209
1608	-52.5	18.5	55.664	1026.783	9.35066	3.51	2.3	29.864	8.3464E-8	1	0	2.39942
1609	-52.5	19.5	56.004	1026.474	9.33014	3.51	2.3	30.204	8.3109E-8	1	0	2.38608
1610	-52.5	20.5	56.36	1026.182	9.31073	3.51	2.3	30.56	8.2774E-8	1	0	2.37208
1611	-52.5	21.5	56.732	1025.909	9.29263	3.51	2.3	30.932	8.2462E-8	1	0	2.35744
1612	-52.5	22.5	57.118	1025.659	9.27604	3.51	2.3	31.318	8.2176E-8	1	0	2.34218
1613	-52.5	23.5	57.52	1025.433	9.26113	3.51	2.3	31.72	8.192E-8	1	0	2.32631
1614	-52.5	24.5	57.935	1025.235	9.24806	3.51	2.3	32.135	8.1696E-8	1	0	2.30986
1615	-52.5	25.5	58.365	1025.067	9.23695	3.51	2.3	32.565	8.1505E-8	1	0	2.29286
1616	-52.5	26.5	58.809	1024.931	9.22792	3.51	2.3	33.009	8.1351E-8	1	0	2.27534
1617	-52.5	27.5	59.266	1024.827	9.22107	3.51	2.3	33.466	8.1234E-8	1	0	2.25734
1618	-52.5	28.5	59.737	1024.757	9.21646	3.51	2.3	33.937	8.1155E-8	1	0	2.23889
1619	-52.5	29.5	60.22	1024.722	9.21417	3.51	2.3	34.42	8.1116E-8	1	0	2.22002
1620	-51.5	-29.5	59.351	1030.363	9.19085	3.51	2.3	33.551	8.0513E-8	1	0	2.26749
1621	-51.5	-28.5	58.86	1030.401	9.19339	3.51	2.3	33.06	8.0556E-8	1	0	2.28788
1622	-51.5	-27.5	58.382	1030.476	9.19849	3.51	2.3	32.582	8.0643E-8	1	0	2.30782
1623	-51.5	-26.5	57.918	1030.587	9.20608	3.51	2.3	32.118	8.0773E-8	1	0	2.32727
1624	-51.5	-25.5	57.467	1030.734	9.21608	3.51	2.3	31.667	8.0943E-8	1	0	2.3462
1625	-51.5	-24.5	57.031	1030.915	9.22839	3.51	2.3	31.231	8.1153E-8	1	0	2.36457
1626	-51.5	-23.5	56.608	1031.128	9.24288	3.51	2.3	30.808	8.1401E-8	1	0	2.38234
1627	-51.5	-22.5	56.201	1031.37	9.25941	3.51	2.3	30.401	8.1684E-8	1	0	2.39948
1628	-51.5	-21.5	55.808	1031.639	9.2778	3.51	2.3	30.008	8.2E-8	1	0	2.41597
1629	-51.5	-20.5	55.43	1031.933	9.29786	3.51	2.3	29.63	8.2344E-8	1	0	2.43179
1630	-51.5	-19.5	55.068	1032.247	9.31939	3.51	2.3	29.268	8.2715E-8	1	0	2.4469
1631	-51.5	-18.5	54.722	1032.579	9.34215	3.51	2.3	28.922	8.3108E-8	1	0	2.4613
1632	-51.5	-17.5	54.392	1032.926	9.36591	3.51	2.3	28.592	8.3519E-8	1	0	2.47498
1633	-51.5	-16.5	54.079	1033.282	9.39041	3.51	2.3	28.279	8.3944E-8	1	0	2.48791
1634	-51.5	-15.5	53.782	1033.645	9.41539	3.51	2.3	27.982	8.4378E-8	1	0	2.5001
1635	-51.5	-14.5	53.502	1034.01	9.44058	3.51	2.3	27.702	8.4817E-8	1	0	2.51153
1636	-51.5	-13.5	53.24	1034.374	9.4657	3.51	2.3	27.44	8.5256E-8	1	0	2.5222
1637	-51.5	-12.5	52.995	1034.732	9.49048	3.51	2.3	27.195	8.569E-8	1	0	2.5321
1638	-51.5	-11.5	52.768	1035.081	9.51463	3.51	2.3	26.968	8.6114E-8	1	0	2.54125
1639	-51.5	-10.5	52.559	1035.416	9.53789	3.51	2.3	26.759	8.6523E-8	1	0	2.54962
1640	-51.5	-9.5	52.369	1035.735	9.55999	3.51	2.3	26.569	8.6912E-8	1	0	2.55723
1641	-51.5	-8.5	52.197	1036.032	9.58068	3.51	2.3	26.397	8.7278E-8	1	0	2.56408
1642	-51.5	-7.5	52.043	1036.306	9.59974	3.51	2.3	26.243	8.7615E-8	1	0	2.57015
1643	-51.5	-6.5	51.909	1036.553	9.61692	3.51	2.3	26.109	8.792E-8	1	0	2.57547
1644	-51.5	-5.5	51.793	1036.769	9.63205	3.51	2.3	25.993	8.8189E-8	1	0	2.58002
1645	-51.5	-4.5	51.696	1036.954	9.64493	3.51	2.3	25.896	8.8418E-8	1	0	2.58381
1646	-51.5	-3.5	51.619	1037.104	9.65543	3.51	2.3	25.819	8.8605E-8	1	0	2.58684
1647	-51.5	-2.5	51.561	1037.218	9.66341	3.51	2.3	25.761	8.8747E-8	1	0	2.58912
1648	-51.5	-1.5	51.522	1037.295	9.66878	3.51	2.3	25.722	8.8843E-8	1	0	2.59063
1649	-51.5	-0.5	51.502	1037.334	9.67148	3.51	2.3	25.702	8.8891E-8	1	0	2.59139
1650	-51.5	0.5	51.502	1037.334	9.67148	3.51	2.3	25.702	8.8891E-8	1	0	2.59139
1651	-51.5	1.5	51.522	1037.295	9.66878	3.51	2.3	25.722	8.8843E-8	1	0	2.59063
1652	-51.5	2.5	51.561	1037.218	9.66341	3.51	2.3	25.761	8.8747E-8	1	0	2.58912
1653	-51.5	3.5	51.619	1037.104	9.65543	3.51	2.3	25.819	8.8605E-8	1	0	2.58684
1654	-51.5	4.5	51.696	1036.954	9.64493	3.51	2.3	25.896	8.8418E-8	1	0	2.58381
1655	-51.5	5.5	51.793	1036.769	9.63205	3.51	2.3	25.993	8.8189E-8	1	0	2.58002
1656	-51.5	6.5	51.909	1036.553	9.61692	3.51	2.3	26.109	8.792E-8	1	0	2.57547
1657	-51.5	7.5	52.043	1036.306	9.59974	3.51	2.3	26.243	8.7615E-8	1	0	2.57015
1658	-51.5	8.5	52.197	1036.032	9.58068	3.51	2.3	26.397	8.7278E-8	1	0	2.56408
1659	-51.5	9.5	52.369	1035.735	9.55999	3.51	2.3	26.569	8.6912E-8	1	0	2.55723
1660	-51.5	10.5	52.559	1035.416	9.53789	3.51	2.3	26.759	8.6523E-8	1	0	2.54962
1661	-51.5	11.5	52.768	1035.081	9.51463	3.51	2.3	26.968	8.6114E-8	1	0	2.54125
1662	-51.5	12.5	52.995	1034.732	9.49048	3.51	2.3	27.195	8.569E-8	1	0	2.5321
1663	-51.5	13.5	53.24	1034.374	9.4657	3.51	2.3	27.44	8.5256E-8	1	0	2.5222
1664	-51.5	14.5	53.502	1034.01	9.44058	3.51	2.3	27.702	8.4817E-8	1	0	2.51153
1665	-51.5	15.5	53.782	1033.645	9.41539	3.51	2.3	27.982	8.4378E-8	1	0	2.5001
1666	-51.5	16.5	54.079	1033.282	9.39041	3.51	2.3	28.279	8.3944E-8	1	0	2.48791
1667	-51.5	17.5	54.392	1032.926	9.36591	3.51	2.3	28.592	8.3519E-8	1	0	2.47498
1668	-51.5	18.5	54.722	1032.579	9.34215	3.51	2.3	28.922	8.3108E-8	1	0	2.4613
1669	-51.5	19.5	55.068	1032.247	9.31939	3.51	2.3	29.268	8.2715E-8	1	0	2.4469
1670	-51.5	20.5	55.43	1031.933	9.29786	3.51	2.3	29.63	8.2344E-8	1	0	2.43179
1671	-51.5	21.5	55.808	1031.639	9.2778	3.51	2.3	30.008	8.2E-8	1	0	2.41597
1672	-51.5	22.5	56.201	1031.37	9.25941	3.51	2.3	30.401	8.1684E-8	1	0	2.39948
1673	-51.5	23.5	56.608	1031.128	9.24288	3.51	2.3	30.808	8.1401E-8	1	0	2.38234
1674	-51.5	24.5	57.031	1030.915	9.22839	3.51	2.3	31.231	8.1153E-8	1	0	2.36457
1675	-51.5	25.5	57.467	1030.734	9.21608	3.51	2.3	31.667	8.0943E-8	1	0	2.3462
1676	-51.5	26.5	57.918	1030.587	9.20608	3.51	2.3	32.118	8.0773E-8	1	0	2.32727
1677	-51.5	27.5	58.382	1030.476	9.19849	3.51	2.3	32.582	8.0643E-8	1	0	2.30782
1678	-51.5	28.5	58.86	1030.401	9.19339	3.51	2.3	33.06	8.0556E-8	1	0	2.28788
1679	-51.5	29.5	59.351	1030.363	9.19085	3.51	2.3	33.551	8.0513E-8	1	0	2.26749
1680	-50.5	-29.5	58.485	1035.768	9.16503	3.51	2.3	32.685	7.9878E-8	1	0	2.31767
1681	-50.5	-28.5	57.987	1035.808	9.16784	3.51	2.3	32.187	7.9926E-8	1	0	2.33974
1682	-50.5	-27.5	57.502	1035.889	9.17349	3.51	2.3	31.702	8.0022E-8	1	0	2.36132
1683	-50.5	-26.5	57.031	1036.009	9.1819	3.51	2.3	31.231	8.0164E-8	1	0	2.38238
1684	-50.5	-25.5	56.573	1036.166	9.19297	3.51	2.3	30.773	8.0353E-8	1	0	2.40287
1685	-50.5	-24.5	56.129	1036.361	9.2066	3.51	2.3	30.329	8.0584E-8	1	0	2.42274
1686	-50.5	-23.5	55.7	1036.589	9.22266	3.51	2.3	29.9	8.0858E-8	1	0	2.44197
1687	-50.5	-22.5	55.286	1036.849	9.24097	3.51	2.3	29.486	8.117E-8	1	0	2.46052
1688	-50.5	-21.5	54.886	1037.138	9.26135	3.51	2.3	29.086	8.1519E-8	1	0	2.47836
1689	-50.5	-20.5	54.502	1037.454	9.28359	3.51	2.3	28.702	8.19E-8	1	0	2.49547
1690	-50.5	-19.5	54.134	1037.791	9.30746	3.51	2.3	28.334	8.231E-8	1	0	2.51182
1691	-50.5	-18.5	53.782	1038.148	9.33271	3.51	2.3	27.982	8.2744E-8	1	0	2.5274
1692	-50.5	-17.5	53.446	1038.52	9.35907	3.51	2.3	27.646	8.3199E-8	1	0	2.54219
1693	-50.5	-16.5	53.127	1038.903	9.38626	3.51	2.3	27.327	8.367E-8	1	0	2.55617
1694	-50.5	-15.5	52.825	1039.293	9.41399	3.51	2.3	27.025	8.4151E-8	1	0	2.56935
1695	-50.5	-14.5	52.54	1039.686	9.44196	3.51	2.3	26.74	8.4638E-8	1	0	2.58171
1696	-50.5	-13.5	52.273	1040.077	9.46986	3.51	2.3	26.473	8.5124E-8	1	0	2.59325
1697	-50.5	-12.5	52.024	1040.462	9.49739	3.51	2.3	26.224	8.5606E-8	1	0	2.60397
1698	-50.5	-11.5	51.793	1040.837	9.52423	3.51	2.3	25.993	8.6077E-8	1	0	2.61385
1699	-50.5	-10.5	51.58	1041.197	9.55009	3.51	2.3	25.78	8.6531E-8	1	0	2.62291
1700	-50.5	-9.5	51.386	1041.539	9.57467	3.51	2.3	25.586	8.6965E-8	1	0	2.63114
1701	-50.5	-8.5	51.21	1041.859	9.59769	3.51	2.3	25.41	8.7372E-8	1	0	2.63855
1702	-50.5	-7.5	51.054	1042.153	9.61888	3.51	2.3	25.254	8.7747E-8	1	0	2.64512
1703	-50.5	-6.5	50.917	1042.419	9.63801	3.51	2.3	25.117	8.8086E-8	1	0	2.65087
1704	-50.5	-5.5	50.799	1042.652	9.65484	3.51	2.3	24.999	8.8385E-8	1	0	2.6558
1705	-50.5	-4.5	50.7	1042.85	9.66919	3.51	2.3	24.9	8.8641E-8	1	0	2.6599
1706	-50.5	-3.5	50.621	1043.012	9.68087	3.51	2.3	24.821	8.8849E-8	1	0	2.66318
1707	-50.5	-2.5	50.562	1043.134	9.68976	3.51	2.3	24.762	8.9008E-8	1	0	2.66564
1708	-50.5	-1.5	50.522	1043.217	9.69574	3.51	2.3	24.722	8.9114E-8	1	0	2.66728
1709	-50.5	-0.5	50.502	1043.259	9.69875	3.51	2.3	24.702	8.9168E-8	1	0	2.6681
1710	-50.5	0.5	50.502	1043.259	9.69875	3.51	2.3	24.702	8.9168E-8	1	0	2.6681
1711	-50.5	1.5	50.522	1043.217	9.69574	3.51	2.3	24.722	8.9114E-8	1	0	2.66728
1712	-50.5	2.5	50.562	1043.134	9.68976	3.51	2.3	24.762	8.9008E-8	1	0	2.66564
1713	-50.5	3.5	50.621	1043.012	9.68087	3.51	2.3	24.821	8.8849E-8	1	0	2.66318
1714	-50.5	4.5	50.7	1042.85	9.66919	3.51	2.3	24.9	8.8641E-8	1	0	2.6599
1715	-50.5	5.5	50.799	1042.652	9.65484	3.51	2.3	24.999	8.8385E-8	1	0	2.6558
1716	-50.5	6.5	50.917	1042.419	9.63801	3.51	2.3	25.117	8.8086E-8	1	0	2.65087
1717	-50.5	7.5	51.054	1042.153	9.61888	3.51	2.3	25.254	8.7747E-8	1	0	2.64512
1718	-50.5	8.5	51.21	1041.859	9.59769	3.51	2.3	25.41	8.7372E-8	1	0	2.63855
1719	-50.5	9.5	51.386	1041.539	9.57467	3.51	2.3	25.586	8.6965E-8	1	0	2.63114
1720	-50.5	10.5	51.58	1041.197	9.55009	3.51	2.3	25.78	8.6531E-8	1	0	2.62291
1721	-50.5	11.5	51.793	1040.837	9.52423	3.51	2.3	25.993	8.6077E-8	1	0	2.61385
1722	-50.5	12.5	52.024	1040.462	9.49739	3.51	2.3	26.224	8.5606E-8	1	0	2.60397
1723	-50.5	13.5	52.273	1040.077	9.46986	3.51	2.3	26.473	8.5124E-8	1	0	2.59325
1724	-50.5	14.5	52.54	1039.686	9.44196	3.51	2.3	26.74	8.4638E-8	1	0	2.58171
1725	-50.5	15.5	52.825	1039.293	9.41399	3.51	2.3	27.025	8.4151E-8	1	0	2.56935
1726	-50.5	16.5	53.127	1038.903	9.38626	3.51	2.3	27.327	8.367E-8	1	0	2.55617
1727	-50.5	17.5	53.446	1038.52	9.35907	3.51	2.3	27.646	8.3199E-8	1	0	2.54219
1728	-50.5	18.5	53.782	1038.148	9.33271	3.51	2.3	27.982	8.2744E-8	1	0	2.5274
1729	-50.5	19.5	54.134	1037.791	9.30746	3.51	2.3	28.334	8.231E-8	1	0	2.51182
1730	-50.5	20.5	54.502	1037.454	9.28359	3.51	2.3	28.702	8.19E-8	1	0	2.49547
1731	-50.5	21.5	54.886	1037.138	9.26135	3.51	2.3	29.086	8.1519E-8	1	0	2.47836
1732	-50.5	22.5	55.286	1036.849	9.24097	3.51	2.3	29.486	8.117E-8	1	0	2.46052
1733	-50.5	23.5	55.7	1036.589	9.22266	3.51	2.3	29.9	8.0858E-8	1	0	2.44197
1734	-50.5	24.5	56.129	1036.361	9.2066	3.51	2.3	30.329	8.0584E-8	1	0	2.42274
1735	-50.5	25.5	56.573	1036.166	9.19297	3.51	2.3	30.773	8.0353E-8	1	0	2.40287
1736	-50.5	26.5	57.031	1036.009	9.1819	3.51	2.3	31.231	8.0164E-8	1	0	2.38238
1737	-50.5	27.5	57.502	1035.889	9.17349	3.51	2.3	31.702	8.0022E-8	1	0	2.36132
1738	-50.5	28.5	57.987	1035.808	9.16784	3.51	2.3	32.187	7.9926E-8	1	0	2.33974
1739	-50.5	29.5	58.485	1035.768	9.16503	3.51	2.3	32.685	7.9878E-8	1	0	2.31767
1740	-49.5	-29.5	57.624	1040.937	9.13646	3.51	2.3	31.824	7.9207E-8	1	0	2.37086
1741	-49.5	-28.5	57.118	1040.981	9.13956	3.51	2.3	31.318	7.9259E-8	1	0	2.39478
1742	-49.5	-27.5	56.626	1041.067	9.14582	3.51	2.3	30.826	7.9365E-8	1	0	2.41818
1743	-49.5	-26.5	56.147	1041.196	9.15512	3.51	2.3	30.347	7.9522E-8	1	0	2.441
1744	-49.5	-25.5	55.682	1041.365	9.16738	3.51	2.3	29.882	7.9729E-8	1	0	2.46321
1745	-49.5	-24.5	55.231	1041.573	9.18248	3.51	2.3	29.431	7.9985E-8	1	0	2.48476
1746	-49.5	-23.5	54.795	1041.818	9.20026	3.51	2.3	28.995	8.0287E-8	1	0	2.50561
1747	-49.5	-22.5	54.374	1042.097	9.22054	3.51	2.3	28.574	8.0632E-8	1	0	2.52571
1748	-49.5	-21.5	53.968	1042.408	9.24313	3.51	2.3	28.168	8.1016E-8	1	0	2.54505
1749	-49.5	-20.5	53.577	1042.746	9.26778	3.51	2.3	27.777	8.1437E-8	1	0	2.56359
1750	-49.5	-19.5	53.202	1043.109	9.29424	3.51	2.3	27.402	8.1891E-8	1	0	2.58131
1751	-49.5	-18.5	52.844	1043.491	9.32224	3.51	2.3	27.044	8.2371E-8	1	0	2.59819
1752	-49.5	-17.5	52.502	1043.891	9.35148	3.51	2.3	26.702	8.2875E-8	1	0	2.61422
1753	-49.5	-16.5	52.178	1044.302	9.38165	3.51	2.3	26.378	8.3396E-8	1	0	2.62938
1754	-49.5	-15.5	51.87	1044.72	9.41244	3.51	2.3	26.07	8.3929E-8	1	0	2.64367
1755	-49.5	-14.5	51.58	1045.142	9.44349	3.51	2.3	25.78	8.4469E-8	1	0	2.65706
1756	-49.5	-13.5	51.308	1045.561	9.47449	3.51	2.3	25.508	8.5009E-8	1	0	2.66957
1757	-49.5	-12.5	51.054	1045.975	9.50507	3.51	2.3	25.254	8.5543E-8	1	0	2.68119
1758	-49.5	-11.5	50.818	1046.377	9.53491	3.51	2.3	25.018	8.6066E-8	1	0	2.69191
1759	-49.5	-10.5	50.601	1046.764	9.56365	3.51	2.3	24.801	8.6572E-8	1	0	2.70174
1760	-49.5	-9.5	50.403	1047.132	9.59099	3.51	2.3	24.603	8.7054E-8	1	0	2.71067
1761	-49.5	-8.5	50.224	1047.475	9.6166	3.51	2.3	24.424	8.7507E-8	1	0	2.7187
1762	-49.5	-7.5	50.065	1047.791	9.64019	3.51	2.3	24.265	8.7925E-8	1	0	2.72584
1763	-49.5	-6.5	49.925	1048.076	9.66148	3.51	2.3	24.125	8.8303E-8	1	0	2.73208
1764	-49.5	-5.5	49.805	1048.326	9.68022	3.51	2.3	24.005	8.8636E-8	1	0	2.73743
1765	-49.5	-4.5	49.704	1048.539	9.69619	3.51	2.3	23.904	8.8921E-8	1	0	2.74188
1766	-49.5	-3.5	49.624	1048.713	9.7092	3.51	2.3	23.824	8.9153E-8	1	0	2.74544
1767	-49.5	-2.5	49.563	1048.845	9.7191	3.51	2.3	23.763	8.933E-8	1	0	2.74811
1768	-49.5	-1.5	49.523	1048.934	9.72576	3.51	2.3	23.723	8.9449E-8	1	0	2.7499
1769	-49.5	-0.5	49.503	1048.978	9.72911	3.51	2.3	23.703	8.9509E-8	1	0	2.75079
1770	-49.5	0.5	49.503	1048.978	9.72911	3.51	2.3	23.703	8.9509E-8	1	0	2.75079
1771	-49.5	1.5	49.523	1048.934	9.72576	3.51	2.3	23.723	8.9449E-8	1	0	2.7499
1772	-49.5	2.5	49.563	1048.845	9.7191	3.51	2.3	23.763	8.933E-8	1	0	2.74811
1773	-49.5	3.5	49.624	1048.713	9.7092	3.51	2.3	23.824	8.9153E-8	1	0	2.74544
1774	-49.5	4.5	49.704	1048.539	9.69619	3.51	2.3	23.904	8.8921E-8	1	0	2.74188
1775	-49.5	5.5	49.805	1048.326	9.68022	3.51	2.3	24.005	8.8636E-8	1	0	2.73743
1776	-49.5	6.5	49.925	1048.076	9.66148	3.51	2.3	24.125	8.8303E-8	1	0	2.73208
1777	-49.5	7.5	50.065	1047.791	9.64019	3.51	2.3	24.265	8.7925E-8	1	0	2.72584
1778	-49.5	8.5	50.224	1047.475	9.6166	3.51	2.3	24.424	8.7507E-8	1	0	2.7187
1779	-49.5	9.5	50.403	1047.132	9.59099	3.51	2.3	24.603	8.7054E-8	1	0	2.71067
1780	-49.5	10.5	50.601	1046.764	9.56365	3.51	2.3	24.801	8.6572E-8	1	0	2.70174
1781	-49.5	11.5	50.818	1046.377	9.53491	3.51	2.3	25.018	8.6066E-8	1	0	2.69191
1782	-49.5	12.5	51.054	1045.975	9.50507	3.51	2.3	25.254	8.5543E-8	1	0	2.68119
1783	-49.5	13.5	51.308	1045.561	9.47449	3.51	2.3	25.508	8.5009E-8	1	0	2.66957
1784	-49.5	14.5	51.58	1045.142	9.44349	3.51	2.3	25.78	8.4469E-8	1	0	2.65706
1785	-49.5	15.5	51.87	1044.72	9.41244	3.51	2.3	26.07	8.3929E-8	1	0	2.64367
1786	-49.5	16.5	52.178	1044.302	9.38165	3.51	2.3	26.378	8.3396E-8	1	0	2.62938
1787	-49.5	17.5	52.502	1043.891	9.35148	3.51	2.3	26.702	8.2875E-8	1	0	2.61422
1788	-49.5	18.5	52.844	1043.491	9.32224	3.51	2.3	27.044	8.2371E-8	1	0	2.59819
1789	-49.5	19.5	53.202	1043.109	9.29424	3.51	2.3	27.402	8.1891E-8	1	0	2.58131
1790	-49.5	20.5	53.577	1042.746	9.26778	3.51	2.3	27.777	8.1437E-8	1	0	2.56359
1791	-49.5	21.5	53.968	1042.408	9.24313	3.51	2.3	28.168	8.1016E-8	1	0	2.54505
1792	-49.5	22.5	54.374	1042.097	9.22054	3.51	2.3	28.574	8.0632E-8	1	0	2.52571
1793	-49.5	23.5	54.795	1041.818	9.20026	3.51	2.3	28.995	8.0287E-8	1	0	2.50561
1794	-49.5	24.5	55.231	1041.573	9.18248	3.51	2.3	29.431	7.9985E-8	1	0	2.48476
1795	-49.5	25.5	55.682	1041.365	9.16738	3.51	2.3	29.882	7.9729E-8	1	0	2.46321
1796	-49.5	26.5	56.147	1041.196	9.15512	3.51	2.3	30.347	7.9522E-8	1	0	2.441
1797	-49.5	27.5	56.626	1041.067	9.14582	3.51	2.3	30.826	7.9365E-8	1	0	2.41818
1798	-49.5	28.5	57.118	1040.981	9.13956	3.51	2.3	31.318	7.9259E-8	1	0	2.39478
1799	-49.5	29.5	57.624	1040.937	9.13646	3.51	2.3	31.824	7.9207E-8	1	0	2.37086
1800	-48.5	-29.5	56.767	1045.874	9.10484	3.51	2.3	30.967	7.8494E-8	1	0	2.42737
1801	-48.5	-28.5	56.254	1045.92	9.10827	3.51	2.3	30.454	7.8552E-8	1	0	2.45335
1802	-48.5	-27.5	55.754	1046.013	9.11519	3.51	2.3	29.954	7.8668E-8	1	0	2.47875
1803	-48.5	-26.5	55.268	1046.151	9.12549	3.51	2.3	29.468	7.8842E-8	1	0	2.50354
1804	-48.5	-25.5	54.795	1046.332	9.13906	3.51	2.3	28.995	7.907E-8	1	0	2.52766
1805	-48.5	-24.5	54.337	1046.555	9.15577	3.51	2.3	28.537	7.9352E-8	1	0	2.55106
1806	-48.5	-23.5	53.893	1046.818	9.17546	3.51	2.3	28.093	7.9685E-8	1	0	2.57369
1807	-48.5	-22.5	53.465	1047.117	9.19792	3.51	2.3	27.665	8.0065E-8	1	0	2.59553
1808	-48.5	-21.5	53.052	1047.449	9.22294	3.51	2.3	27.252	8.049E-8	1	0	2.61653
1809	-48.5	-20.5	52.655	1047.812	9.25025	3.51	2.3	26.855	8.0955E-8	1	0	2.63666
1810	-48.5	-19.5	52.273	1048.2	9.27958	3.51	2.3	26.473	8.1455E-8	1	0	2.65591
1811	-48.5	-18.5	51.909	1048.611	9.31062	3.51	2.3	26.109	8.1987E-8	1	0	2.67425
1812	-48.5	-17.5	51.561	1049.038	9.34306	3.51	2.3	25.761	8.2544E-8	1	0	2.69166
1813	-48.5	-16.5	51.23	1049.479	9.37654	3.51	2.3	25.43	8.3121E-8	1	0	2.70813
1814	-48.5	-15.5	50.917	1049.928	9.41071	3.51	2.3	25.117	8.3712E-8	1	0	2.72365
1815	-48.5	-14.5	50.621	1050.38	9.44519	3.51	2.3	24.821	8.431E-8	1	0	2.73821
1816	-48.5	-13.5	50.344	1050.83	9.47962	3.51	2.3	24.544	8.491E-8	1	0	2.75181
1817	-48.5	-12.5	50.085	1051.273	9.5136	3.51	2.3	24.285	8.5503E-8	1	0	2.76444
1818	-48.5	-11.5	49.845	1051.704	9.54677	3.51	2.3	24.045	8.6085E-8	1	0	2.7761
1819	-48.5	-10.5	49.624	1052.12	9.57874	3.51	2.3	23.824	8.6647E-8	1	0	2.78679
1820	-48.5	-9.5	49.422	1052.514	9.60915	3.51	2.3	23.622	8.7183E-8	1	0	2.79651
1821	-48.5	-8.5	49.239	1052.882	9.63764	3.51	2.3	23.439	8.7687E-8	1	0	2.80525
1822	-48.5	-7.5	49.076	1053.221	9.66389	3.51	2.3	23.276	8.8153E-8	1	0	2.81303
1823	-48.5	-6.5	48.934	1053.526	9.68759	3.51	2.3	23.134	8.8574E-8	1	0	2.81983
1824	-48.5	-5.5	48.811	1053.795	9.70846	3.51	2.3	23.011	8.8946E-8	1	0	2.82565
1825	-48.5	-4.5	48.708	1054.024	9.72625	3.51	2.3	22.908	8.9263E-8	1	0	2.83051
1826	-48.5	-3.5	48.626	1054.21	9.74074	3.51	2.3	22.826	8.9523E-8	1	0	2.8344
1827	-48.5	-2.5	48.564	1054.351	9.75177	3.51	2.3	22.764	8.972E-8	1	0	2.83731
1828	-48.5	-1.5	48.523	1054.446	9.7592	3.51	2.3	22.723	8.9853E-8	1	0	2.83925
1829	-48.5	-0.5	48.503	1054.494	9.76293	3.51	2.3	22.703	8.992E-8	1	0	2.84022
1830	-48.5	0.5	48.503	1054.494	9.76293	3.51	2.3	22.703	8.992E-8	1	0	2.84022
1831	-48.5	1.5	48.523	1054.446	9.7592	3.51	2.3	22.723	8.9853E-8	1	0	2.83925
1832	-48.5	2.5	48.564	1054.351	9.75177	3.51	2.3	22.764	8.972E-8	1	0	2.83731
1833	-48.5	3.5	48.626	1054.21	9.74074	3.51	2.3	22.826	8.9523E-8	1	0	2.8344
1834	-48.5	4.5	48.708	1054.024	9.72625	3.51	2.3	22.908	8.9263E-8	1	0	2.83051
1835	-48.5	5.5	48.811	1053.795	9.70846	3.51	2.3	23.011	8.8946E-8	1	0	2.82565
1836	-48.5	6.5	48.934	1053.526	9.68759	3.51	2.3	23.134	8.8574E-8	1	0	2.81983
1837	-48.5	7.5	49.076	1053.221	9.66389	3.51	2.3	23.276	8.8153E-8	1	0	2.81303
1838	-48.5	8.5	49.239	1052.882	9.63764	3.51	2.3	23.439	8.7687E-8	1	0	2.80525
1839	-48.5	9.5	49.422	1052.514	9.60915	3.51	2.3	23.622	8.7183E-8	1	0	2.79651
1840	-48.5	10.5	49.624	1052.12	9.57874	3.51	2.3	23.824	8.6647E-8	1	0	2.78679
1841	-48.5	11.5	49.845	1051.704	9.54677	3.51	2.3	24.045	8.6085E-8	1	0	2.7761
1842	-48.5	12.5	50.085	1051.273	9.5136	3.51	2.3	24.285	8.5503E-8	1	0	2.76444
1843	-48.5	13.5	50.344	1050.83	9.47962	3.51	2.3	24.544	8.491E-8	1	0	2.75181
1844	-48.5	14.5	50.621	1050.38	9.44519	3.51	2.3	24.821	8.431E-8	1	0	2.73821
1845	-48.5	15.5	50.917	1049.928	9.41071	3.51	2.3	25.117	8.3712E-8	1	0	2.72365
1846	-48.5	16.5	51.23	1049.479	9.37654	3.51	2.3	25.43	8.3121E-8	1	0	2.70813
1847	-48.5	17.5	51.561	1049.038	9.34306	3.51	2.3	25.761	8.2544E-8	1	0	2.69166
1848	-48.5	18.5	51.909	1048.611	9.31062	3.51	2.3	26.109	8.1987E-8	1	0	2.67425
1849	-48.5	19.5	52.273	1048.2	9.27958	3.51	2.3	26.473	8.1455E-8	1	0	2.65591
1850	-48.5	20.5	52.655	1047.812	9.25025	3.51	2.3	26.855	8.0955E-8	1	0	2.63666
1851	-48.5	21.5	53.052	1047.449	9.22294	3.51	2.3	27.252	8.049E-8	1	0	2.61653
1852	-48.5	22.5	53.465	1047.117	9.19792	3.51	2.3	27.665	8.0065E-8	1	0	2.59553
1853	-48.5	23.5	53.893	1046.818	9.17546	3.51	2.3	28.093	7.9685E-8	1	0	2.57369
1854	-48.5	24.5	54.337	1046.555	9.15577	3.51	2.3	28.537	7.9352E-8	1	0	2.55106
1855	-48.5	25.5	54.795	1046.332	9.13906	3.51	2.3	28.995	7.907E-8	1	0	2.52766
1856	-48.5	26.5	55.268	1046.151	9.12549	3.51	2.3	29.468	7.8842E-8	1	0	2.50354
1857	-48.5	27.5	55.754	1046.013	9.11519	3.51	2.3	29.954	7.8668E-8	1	0	2.47875
1858	-48.5	28.5	56.254	1045.92	9.10827	3.51	2.3	30.454	7.8552E-8	1	0	2.45335
1859	-48.5	29.5	56.767	1045.874	9.10484	3.51	2.3	30.967	7.8494E-8	1	0	2.42737
1860	-47.5	-29.5	55.915	1050.579	9.06987	3.51	2.3	30.115	7.7736E-8	1	0	2.48758
1861	-47.5	-28.5	55.394	1050.629	9.07366	3.51	2.3	29.594	7.78E-8	1	0	2.51583
1862	-47.5	-27.5	54.886	1050.728	9.08131	3.51	2.3	29.086	7.7928E-8	1	0	2.54346
1863	-47.5	-26.5	54.392	1050.875	9.0927	3.51	2.3	28.592	7.8118E-8	1	0	2.57042
1864	-47.5	-25.5	53.912	1051.069	9.10772	3.51	2.3	28.112	7.837E-8	1	0	2.59666
1865	-47.5	-24.5	53.446	1051.308	9.12621	3.51	2.3	27.646	7.8681E-8	1	0	2.62212
1866	-47.5	-23.5	52.995	1051.589	9.148	3.51	2.3	27.195	7.9047E-8	1	0	2.64675
1867	-47.5	-22.5	52.559	1051.909	9.17287	3.51	2.3	26.759	7.9467E-8	1	0	2.67051
1868	-47.5	-21.5	52.139	1052.265	9.20057	3.51	2.3	26.339	7.9935E-8	1	0	2.69336
1869	-47.5	-20.5	51.735	1052.653	9.23083	3.51	2.3	25.935	8.0449E-8	1	0	2.71528
1870	-47.5	-19.5	51.347	1053.069	9.26333	3.51	2.3	25.547	8.1002E-8	1	0	2.73623
1871	-47.5	-18.5	50.975	1053.508	9.29775	3.51	2.3	25.175	8.1589E-8	1	0	2.75619
1872	-47.5	-17.5	50.621	1053.966	9.33372	3.51	2.3	24.821	8.2206E-8	1	0	2.77515
1873	-47.5	-16.5	50.284	1054.437	9.37086	3.51	2.3	24.484	8.2845E-8	1	0	2.79309
1874	-47.5	-15.5	49.965	1054.918	9.40878	3.51	2.3	24.165	8.3499E-8	1	0	2.81
1875	-47.5	-14.5	49.664	1055.402	9.44708	3.51	2.3	23.864	8.4163E-8	1	0	2.82587
1876	-47.5	-13.5	49.381	1055.883	9.48532	3.51	2.3	23.581	8.4828E-8	1	0	2.8407
1877	-47.5	-12.5	49.117	1056.358	9.52309	3.51	2.3	23.317	8.5488E-8	1	0	2.85448
1878	-47.5	-11.5	48.872	1056.82	9.55996	3.51	2.3	23.072	8.6134E-8	1	0	2.86721
1879	-47.5	-10.5	48.647	1057.265	9.59551	3.51	2.3	22.847	8.6759E-8	1	0	2.87888
1880	-47.5	-9.5	48.441	1057.687	9.62934	3.51	2.3	22.641	8.7356E-8	1	0	2.8895
1881	-47.5	-8.5	48.255	1058.081	9.66105	3.51	2.3	22.455	8.7918E-8	1	0	2.89905
1882	-47.5	-7.5	48.088	1058.444	9.69028	3.51	2.3	22.288	8.8437E-8	1	0	2.90755
1883	-47.5	-6.5	47.943	1058.772	9.71667	3.51	2.3	22.143	8.8907E-8	1	0	2.91499
1884	-47.5	-5.5	47.817	1059.059	9.73992	3.51	2.3	22.017	8.9322E-8	1	0	2.92137
1885	-47.5	-4.5	47.713	1059.304	9.75974	3.51	2.3	21.913	8.9676E-8	1	0	2.92669
1886	-47.5	-3.5	47.629	1059.503	9.77589	3.51	2.3	21.829	8.9965E-8	1	0	2.93094
1887	-47.5	-2.5	47.566	1059.655	9.78818	3.51	2.3	21.766	9.0186E-8	1	0	2.93414
1888	-47.5	-1.5	47.524	1059.757	9.79645	3.51	2.3	21.724	9.0335E-8	1	0	2.93626
1889	-47.5	-0.5	47.503	1059.808	9.80062	3.51	2.3	21.703	9.0409E-8	1	0	2.93733
1890	-47.5	0.5	47.503	1059.808	9.80062	3.51	2.3	21.703	9.0409E-8	1	0	2.93733
1891	-47.5	1.5	47.524	1059.757	9.79645	3.51	2.3	21.724	9.0335E-8	1	0	2.93626
1892	-47.5	2.5	47.566	1059.655	9.78818	3.51	2.3	21.766	9.0186E-8	1	0	2.93414
1893	-47.5	3.5	47.629	1059.503	9.77589	3.51	2.3	21.829	8.9965E-8	1	0	2.93094
1894	-47.5	4.5	47.713	1059.304	9.75974	3.51	2.3	21.913	8.9676E-8	1	0	2.92669
1895	-47.5	5.5	47.817	1059.059	9.73992	3.51	2.3	22.017	8.9322E-8	1	0	2.92137
1896	-47.5	6.5	47.943	1058.772	9.71667	3.51	2.3	22.143	8.8907E-8	1	0	2.91499
1897	-47.5	7.5	48.088	1058.444	9.69028	3.51	2.3	22.288	8.8437E-8	1	0	2.90755
1898	-47.5	8.5	48.255	1058.081	9.66105	3.51	2.3	22.455	8.7918E-8	1	0	2.89905
1899	-47.5	9.5	48.441	1057.687	9.62934	3.51	2.3	22.641	8.7356E-8	1	0	2.8895
1900	-47.5	10.5	48.647	1057.265	9.59551	3.51	2.3	22.847	8.6759E-8	1	0	2.87888
1901	-47.5	11.5	48.872	1056.82	9.55996	3.51	2.3	23.072	8.6134E-8	1	0	2.86721
1902	-47.5	12.5	49.117	1056.358	9.52309	3.51	2.3	23.317	8.5488E-8	1	0	2.85448
1903	-47.5	13.5	49.381	1055.883	9.48532	3.51	2.3	23.581	8.4828E-8	1	0	2.8407
1904	-47.5	14.5	49.664	1055.402	9.44708	3.51	2.3	23.864	8.4163E-8	1	0	2.82587
1905	-47.5	15.5	49.965	1054.918	9.40878	3.51	2.3	24.165	8.3499E-8	1	0	2.81
1906	-47.5	16.5	50.284	1054.437	9.37086	3.51	2.3	24.484	8.2845E-8	1	0	2.79309
1907	-47.5	17.5	50.621	1053.966	9.33372	3.51	2.3	24.821	8.2206E-8	1	0	2.77515
1908	-47.5	18.5	50.975	1053.508	9.29775	3.51	2.3	25.175	8.1589E-8	1	0	2.75619
1909	-47.5	19.5	51.347	1053.069	9.26333	3.51	2.3	25.547	8.1002E-8	1	0	2.73623
1910	-47.5	20.5	51.735	1052.653	9.23083	3.51	2.3	25.935	8.0449E-8	1	0	2.71528
1911	-47.5	21.5	52.139	1052.265	9.20057	3.51	2.3	26.339	7.9935E-8	1	0	2.69336
1912	-47.5	22.5	52.559	1051.909	9.17287	3.51	2.3	26.759	7.9467E-8	1	0	2.67051
1913	-47.5	23.5	52.995	1051.589	9.148	3.51	2.3	27.195	7.9047E-8	1	0	2.64675
1914	-47.5	24.5	53.446	1051.308	9.12621	3.51	2.3	27.646	7.8681E-8	1	0	2.62212
1915	-47.5	25.5	53.912	1051.069	9.10772	3.51	2.3	28.112	7.837E-8	1	0	2.59666
1916	-47.5	26.5	54.392	1050.875	9.0927	3.51	2.3	28.592	7.8118E-8	1	0	2.57042
1917	-47.5	27.5	54.886	1050.728	9.08131	3.51	2.3	29.086	7.7928E-8	1	0	2.54346
1918	-47.5	28.5	55.394	1050.629	9.07366	3.51	2.3	29.594	7.78E-8	1	0	2.51583
1919	-47.5	29.5	55.915	1050.579	9.06987	3.51	2.3	30.115	7.7736E-8	1	0	2.48758
1920	-46.5	-29.5	55.068	1055.054	9.0312	3.51	2.3	29.268	7.6928E-8	1	0	2.55189
1921	-46.5	-28.5	54.539	1055.107	9.03538	3.51	2.3	28.739	7.6997E-8	1	0	2.58267
1922	-46.5	-27.5	54.023	1055.213	9.04385	3.51	2.3	28.223	7.7138E-8	1	0	2.61277
1923	-46.5	-26.5	53.521	1055.371	9.05644	3.51	2.3	27.721	7.7348E-8	1	0	2.64216
1924	-46.5	-25.5	53.033	1055.578	9.07305	3.51	2.3	27.233	7.7625E-8	1	0	2.67075
1925	-46.5	-24.5	52.559	1055.833	9.0935	3.51	2.3	26.759	7.7967E-8	1	0	2.6985
1926	-46.5	-23.5	52.101	1056.133	9.11761	3.51	2.3	26.301	7.8371E-8	1	0	2.72536
1927	-46.5	-22.5	51.658	1056.476	9.14513	3.51	2.3	25.858	7.8833E-8	1	0	2.75127
1928	-46.5	-21.5	51.23	1056.856	9.1758	3.51	2.3	25.43	7.935E-8	1	0	2.77619
1929	-46.5	-20.5	50.818	1057.271	9.20931	3.51	2.3	25.018	7.9916E-8	1	0	2.8001
1930	-46.5	-19.5	50.423	1057.715	9.24532	3.51	2.3	24.623	8.0527E-8	1	0	2.82296
1931	-46.5	-18.5	50.045	1058.185	9.28347	3.51	2.3	24.245	8.1176E-8	1	0	2.84475
1932	-46.5	-17.5	49.684	1058.674	9.32336	3.51	2.3	23.884	8.1858E-8	1	0	2.86546
1933	-46.5	-16.5	49.341	1059.178	9.36456	3.51	2.3	23.541	8.2566E-8	1	0	2.88506
1934	-46.5	-15.5	49.015	1059.692	9.40665	3.51	2.3	23.215	8.3291E-8	1	0	2.90354
1935	-46.5	-14.5	48.708	1060.209	9.44917	3.51	2.3	22.908	8.4027E-8	1	0	2.9209
1936	-46.5	-13.5	48.42	1060.724	9.49165	3.51	2.3	22.62	8.4766E-8	1	0	2.93712
1937	-46.5	-12.5	48.151	1061.232	9.53362	3.51	2.3	22.351	8.5498E-8	1	0	2.95221
1938	-46.5	-11.5	47.901	1061.726	9.57462	3.51	2.3	22.101	8.6217E-8	1	0	2.96615
1939	-46.5	-10.5	47.671	1062.201	9.61416	3.51	2.3	21.871	8.6913E-8	1	0	2.97895
1940	-46.5	-9.5	47.461	1062.653	9.65181	3.51	2.3	21.661	8.7578E-8	1	0	2.99059
1941	-46.5	-8.5	47.27	1063.075	9.68711	3.51	2.3	21.47	8.8204E-8	1	0	3.00109
1942	-46.5	-7.5	47.101	1063.463	9.71966	3.51	2.3	21.301	8.8783E-8	1	0	3.01043
1943	-46.5	-6.5	46.952	1063.813	9.74906	3.51	2.3	21.152	8.9307E-8	1	0	3.01861
1944	-46.5	-5.5	46.824	1064.12	9.77496	3.51	2.3	21.024	8.977E-8	1	0	3.02562
1945	-46.5	-4.5	46.717	1064.382	9.79705	3.51	2.3	20.917	9.0166E-8	1	0	3.03147
1946	-46.5	-3.5	46.632	1064.595	9.81505	3.51	2.3	20.832	9.049E-8	1	0	3.03616
1947	-46.5	-2.5	46.567	1064.757	9.82875	3.51	2.3	20.767	9.0736E-8	1	0	3.03968
1948	-46.5	-1.5	46.524	1064.866	9.83798	3.51	2.3	20.724	9.0903E-8	1	0	3.04202
1949	-46.5	-0.5	46.503	1064.921	9.84263	3.51	2.3	20.703	9.0986E-8	1	0	3.04319
1950	-46.5	0.5	46.503	1064.921	9.84263	3.51	2.3	20.703	9.0986E-8	1	0	3.04319
1951	-46.5	1.5	46.524	1064.866	9.83798	3.51	2.3	20.724	9.0903E-8	1	0	3.04202
1952	-46.5	2.5	46.567	1064.757	9.82875	3.51	2.3	20.767	9.0736E-8	1	0	3.03968
1953	-46.5	3.5	46.632	1064.595	9.81505	3.51	2.3	20.832	9.049E-8	1	0	3.03616
1954	-46.5	4.5	46.717	1064.382	9.79705	3.51	2.3	20.917	9.0166E-8	1	0	3.03147
1955	-46.5	5.5	46.824	1064.12	9.77496	3.51	2.3	21.024	8.977E-8	1	0	3.02562
1956	-46.5	6.5	46.952	1063.813	9.74906	3.51	2.3	21.152	8.9307E-8	1	0	3.01861
1957	-46.5	7.5	47.101	1063.463	9.71966	3.51	2.3	21.301	8.8783E-8	1	0	3.01043
1958	-46.5	8.5	47.27	1063.075	9.68711	3.51	2.3	21.47	8.8204E-8	1	0	3.00109
1959	-46.5	9.5	47.461	1062.653	9.65181	3.51	2.3	21.661	8.7578E-8	1	0	2.99059
1960	-46.5	10.5	47.671	1062.201	9.61416	3.51	2.3	21.871	8.6913E-8	1	0	2.97895
1961	-46.5	11.5	47.901	1061.726	9.57462	3.51	2.3	22.101	8.6217E-8	1	0	2.96615
1962	-46.5	12.5	48.151	1061.232	9.53362	3.51	2.3	22.351	8.5498E-8	1	0	2.95221
1963	-46.5	13.5	48.42	1060.724	9.49165	3.51	2.3	22.62	8.4766E-8	1	0	2.93712
1964	-46.5	14.5	48.708	1060.209	9.44917	3.51	2.3	22.908	8.4027E-8	1	0	2.9209
1965	-46.5	15.5	49.015	1059.692	9.40665	3.51	2.3	23.215	8.3291E-8	1	0	2.90354
1966	-46.5	16.5	49.341	1059.178	9.36456	3.51	2.3	23.541	8.2566E-8	1	0	2.88506
1967	-46.5	17.5	49.684	1058.674	9.32336	3.51	2.3	23.884	8.1858E-8	1	0	2.86546
1968	-46.5	18.5	50.045	1058.185	9.28347	3.51	2.3	24.245	8.1176E-8	1	0	2.84475
1969	-46.5	19.5	50.423	1057.715	9.24532	3.51	2.3	24.623	8.0527E-8	1	0	2.82296
1970	-46.5	20.5	50.818	1057.271	9.20931	3.51	2.3	25.018	7.9916E-8	1	0	2.8001
1971	-46.5	21.5	51.23	1056.856	9.1758	3.51	2.3	25.43	7.935E-8	1	0	2.77619
1972	-46.5	22.5	51.658	1056.476	9.14513	3.51	2.3	25.858	7.8833E-8	1	0	2.75127
1973	-46.5	23.5	52.101	1056.133	9.11761	3.51	2.3	26.301	7.8371E-8	1	0	2.72536
1974	-46.5	24.5	52.559	1055.833	9.0935	3.51	2.3	26.759	7.7967E-8	1	0	2.6985
1975	-46.5	25.5	53.033	1055.578	9.07305	3.51	2.3	27.233	7.7625E-8	1	0	2.67075
1976	-46.5	26.5	53.521	1055.371	9.05644	3.51	2.3	27.721	7.7348E-8	1	0	2.64216
1977	-46.5	27.5	54.023	1055.213	9.04385	3.51	2.3	28.223	7.7138E-8	1	0	2.61277
1978	-46.5	28.5	54.539	1055.107	9.03538	3.51	2.3	28.739	7.6997E-8	1	0	2.58267
1979	-46.5	29.5	55.068	1055.054	9.0312	3.51	2.3	29.268	7.6928E-8	1	0	2.55189
1980	-45.5	-29.5	54.226	1059.302	8.98847	3.51	2.3	28.426	7.6063E-8	1	0	2.62077
1981	-45.5	-28.5	53.689	1059.359	8.99308	3.51	2.3	27.889	7.6139E-8	1	0	2.65436
1982	-45.5	-27.5	53.165	1059.472	9.00243	3.51	2.3	27.365	7.6294E-8	1	0	2.68722
1983	-45.5	-26.5	52.655	1059.64	9.01635	3.51	2.3	26.855	7.6524E-8	1	0	2.71931
1984	-45.5	-25.5	52.158	1059.861	9.03471	3.51	2.3	26.358	7.6829E-8	1	0	2.75054
1985	-45.5	-24.5	51.677	1060.133	9.05732	3.51	2.3	25.877	7.7205E-8	1	0	2.78086
1986	-45.5	-23.5	51.21	1060.454	9.08399	3.51	2.3	25.41	7.765E-8	1	0	2.8102
1987	-45.5	-22.5	50.759	1060.819	9.11444	3.51	2.3	24.959	7.8159E-8	1	0	2.83851
1988	-45.5	-21.5	50.324	1061.225	9.14838	3.51	2.3	24.524	7.8728E-8	1	0	2.86577
1989	-45.5	-20.5	49.905	1061.667	9.18548	3.51	2.3	24.105	7.9353E-8	1	0	2.89191
1990	-45.5	-19.5	49.503	1062.141	9.22537	3.51	2.3	23.703	8.0028E-8	1	0	2.91693
1991	-45.5	-18.5	49.117	1062.643	9.26764	3.51	2.3	23.317	8.0745E-8	1	0	2.94078
1992	-45.5	-17.5	48.749	1063.165	9.31186	3.51	2.3	22.949	8.1499E-8	1	0	2.96346
1993	-45.5	-16.5	48.399	1063.704	9.35757	3.51	2.3	22.599	8.2282E-8	1	0	2.98494
1994	-45.5	-15.5	48.068	1064.252	9.40428	3.51	2.3	22.268	8.3086E-8	1	0	3.00521
1995	-45.5	-14.5	47.755	1064.804	9.45149	3.51	2.3	21.955	8.3903E-8	1	0	3.02426
1996	-45.5	-13.5	47.461	1065.354	9.49868	3.51	2.3	21.661	8.4723E-8	1	0	3.04208
1997	-45.5	-12.5	47.186	1065.896	9.54533	3.51	2.3	21.386	8.5537E-8	1	0	3.05867
1998	-45.5	-11.5	46.931	1066.423	9.59092	3.51	2.3	21.131	8.6336E-8	1	0	3.07401
1999	-45.5	-10.5	46.696	1066.931	9.63492	3.51	2.3	20.896	8.7111E-8	1	0	3.08811
2000	-45.5	-9.5	46.481	1067.412	9.67682	3.51	2.3	20.681	8.7852E-8	1	0	3.10095
2001	-45.5	-8.5	46.287	1067.863	9.71613	3.51	2.3	20.487	8.855E-8	1	0	3.11253
2002	-45.5	-7.5	46.114	1068.277	9.75238	3.51	2.3	20.314	8.9197E-8	1	0	3.12284
2003	-45.5	-6.5	45.962	1068.651	9.78514	3.51	2.3	20.162	8.9782E-8	1	0	3.13188
2004	-45.5	-5.5	45.831	1068.979	9.81401	3.51	2.3	20.031	9.03E-8	1	0	3.13965
2005	-45.5	-4.5	45.722	1069.259	9.83864	3.51	2.3	19.922	9.0743E-8	1	0	3.14613
2006	-45.5	-3.5	45.634	1069.486	9.85872	3.51	2.3	19.834	9.1105E-8	1	0	3.15132
2007	-45.5	-2.5	45.569	1069.659	9.874	3.51	2.3	19.769	9.1381E-8	1	0	3.15522
2008	-45.5	-1.5	45.525	1069.776	9.8843	3.51	2.3	19.725	9.1567E-8	1	0	3.15782
2009	-45.5	-0.5	45.503	1069.834	9.88948	3.51	2.3	19.703	9.1661E-8	1	0	3.15912
2010	-45.5	0.5	45.503	1069.834	9.88948	3.51	2.3	19.703	9.1661E-8	1	0	3.15912
2011	-45.5	1.5	45.525	1069.776	9.8843	3.51	2.3	19.725	9.1567E-8	1	0	3.15782
2012	-45.5	2.5	45.569	1069.659	9.874	3.51	2.3	19.769	9.1381E-8	1	0	3.15522
2013	-45.5	3.5	45.634	1069.486	9.85872	3.51	2.3	19.834	9.1105E-8	1	0	3.15132
2014	-45.5	4.5	45.722	1069.259	9.83864	3.51	2.3	19.922	9.0743E-8	1	0	3.14613
2015	-45.5	5.5	45.831	1068.979	9.81401	3.51	2.3	20.031	9.03E-8	1	0	3.13965
2016	-45.5	6.5	45.962	1068.651	9.78514	3.51	2.3	20.162	8.9782E-8	1	0	3.13188
2017	-45.5	7.5	46.114	1068.277	9.75238	3.51	2.3	20.314	8.9197E-8	1	0	3.12284
2018	-45.5	8.5	46.287	1067.863	9.71613	3.51	2.3	20.487	8.855E-8	1	0	3.11253
2019	-45.5	9.5	46.481	1067.412	9.67682	3.51	2.3	20.681	8.7852E-8	1	0	3.10095
2020	-45.5	10.5	46.696	1066.931	9.63492	3.51	2.3	20.896	8.7111E-8	1	0	3.08811
2021	-45.5	11.5	46.931	1066.423	9.59092	3.51	2.3	21.131	8.6336E-8	1	0	3.07401
2022	-45.5	12.5	47.186	1065.896	9.54533	3.51	2.3	21.386	8.5537E-8	1	0	3.05867
2023	-45.5	13.5	47.461	1065.354	9.49868	3.51	2.3	21.661	8.4723E-8	1	0	3.04208
2024	-45.5	14.5	47.755	1064.804	9.45149	3.51	2.3	21.955	8.3903E-8	1	0	3.02426
2025	-45.5	15.5	48.068	1064.252	9.40428	3.51	2.3	22.268	8.3086E-8	1	0	3.00521
2026	-45.5	16.5	48.399	1063.704	9.35757	3.51	2.3	22.599	8.2282E-8	1	0	2.98494
2027	-45.5	17.5	48.749	1063.165	9.31186	3.51	2.3	22.949	8.1499E-8	1	0	2.96346
2028	-45.5	18.5	49.117	1062.643	9.26764	3.51	2.3	23.317	8.0745E-8	1	0	2.94078
2029	-45.5	19.5	49.503	1062.141	9.22537	3.51	2.3	23.703	8.0028E-8	1	0	2.91693
2030	-45.5	20.5	49.905	1061.667	9.18548	3.51	2.3	24.105	7.9353E-8	1	0	2.89191
2031	-45.5	21.5	50.324	1061.225	9.14838	3.51	2.3	24.524	7.8728E-8	1	0	2.86577
2032	-45.5	22.5	50.759	1060.819	9.11444	3.51	2.3	24.959	7.8159E-8	1	0	2.83851
2033	-45.5	23.5	51.21	1060.454	9.08399	3.51	2.3	25.41	7.765E-8	1	0	2.8102
2034	-45.5	24.5	51.677	1060.133	9.05732	3.51	2.3	25.877	7.7205E-8	1	0	2.78086
2035	-45.5	25.5	52.158	1059.861	9.03471	3.51	2.3	26.358	7.6829E-8	1	0	2.75054
2036	-45.5	26.5	52.655	1059.64	9.01635	3.51	2.3	26.855	7.6524E-8	1	0	2.71931
2037	-45.5	27.5	53.165	1059.472	9.00243	3.51	2.3	27.365	7.6294E-8	1	0	2.68722
2038	-45.5	28.5	53.689	1059.359	8.99308	3.51	2.3	27.889	7.6139E-8	1	0	2.65436
2039	-45.5	29.5	54.226	1059.302	8.98847	3.51	2.3	28.426	7.6063E-8	1	0	2.62077
2040	-44.5	-29.5	53.39	1063.324	8.94126	3.51	2.3	27.59	7.5136E-8	1	0	2.69474
2041	-44.5	-28.5	52.844	1063.385	8.94635	3.51	2.3	27.044	7.522E-8	1	0	2.73147
2042	-44.5	-27.5	52.312	1063.505	8.95668	3.51	2.3	26.512	7.539E-8	1	0	2.76742
2043	-44.5	-26.5	51.793	1063.684	8.97205	3.51	2.3	25.993	7.5643E-8	1	0	2.80253
2044	-44.5	-25.5	51.288	1063.92	8.99233	3.51	2.3	25.488	7.5978E-8	1	0	2.83671
2045	-44.5	-24.5	50.799	1064.21	9.01733	3.51	2.3	24.999	7.6391E-8	1	0	2.8699
2046	-44.5	-23.5	50.324	1064.551	9.0468	3.51	2.3	24.524	7.688E-8	1	0	2.90203
2047	-44.5	-22.5	49.865	1064.94	9.08048	3.51	2.3	24.065	7.744E-8	1	0	2.93306
2048	-44.5	-21.5	49.422	1065.373	9.11803	3.51	2.3	23.622	7.8068E-8	1	0	2.96293
2049	-44.5	-20.5	48.995	1065.844	9.1591	3.51	2.3	23.195	7.8757E-8	1	0	2.99161
2050	-44.5	-19.5	48.585	1066.35	9.20327	3.51	2.3	22.785	7.9501E-8	1	0	3.01906
2051	-44.5	-18.5	48.192	1066.884	9.2501	3.51	2.3	22.392	8.0293E-8	1	0	3.04526
2052	-44.5	-17.5	47.817	1067.441	9.29912	3.51	2.3	22.017	8.1127E-8	1	0	3.07018
2053	-44.5	-16.5	47.461	1068.015	9.34981	3.51	2.3	21.661	8.1994E-8	1	0	3.0938
2054	-44.5	-15.5	47.122	1068.599	9.40164	3.51	2.3	21.322	8.2885E-8	1	0	3.11612
2055	-44.5	-14.5	46.803	1069.187	9.45406	3.51	2.3	21.003	8.379E-8	1	0	3.13711
2056	-44.5	-13.5	46.503	1069.773	9.50649	3.51	2.3	20.703	8.4701E-8	1	0	3.15678
2057	-44.5	-12.5	46.222	1070.351	9.55835	3.51	2.3	20.422	8.5606E-8	1	0	3.1751
2058	-44.5	-11.5	45.962	1070.913	9.60905	3.51	2.3	20.162	8.6496E-8	1	0	3.19207
2059	-44.5	-10.5	45.722	1071.454	9.65801	3.51	2.3	19.922	8.7359E-8	1	0	3.20767
2060	-44.5	-9.5	45.503	1071.967	9.70466	3.51	2.3	19.703	8.8185E-8	1	0	3.22191
2061	-44.5	-8.5	45.305	1072.447	9.74844	3.51	2.3	19.505	8.8965E-8	1	0	3.23476
2062	-44.5	-7.5	45.128	1072.889	9.78884	3.51	2.3	19.328	8.9686E-8	1	0	3.24623
2063	-44.5	-6.5	44.972	1073.287	9.82536	3.51	2.3	19.172	9.0341E-8	1	0	3.25629
2064	-44.5	-5.5	44.839	1073.637	9.85756	3.51	2.3	19.039	9.0921E-8	1	0	3.26494
2065	-44.5	-4.5	44.727	1073.935	9.88503	3.51	2.3	18.927	9.1416E-8	1	0	3.27216
2066	-44.5	-3.5	44.637	1074.177	9.90743	3.51	2.3	18.837	9.1822E-8	1	0	3.27795
2067	-44.5	-2.5	44.57	1074.361	9.92448	3.51	2.3	18.77	9.2131E-8	1	0	3.28231
2068	-44.5	-1.5	44.525	1074.485	9.93598	3.51	2.3	18.725	9.2339E-8	1	0	3.28521
2069	-44.5	-0.5	44.503	1074.548	9.94176	3.51	2.3	18.703	9.2444E-8	1	0	3.28667
2070	-44.5	0.5	44.503	1074.548	9.94176	3.51	2.3	18.703	9.2444E-8	1	0	3.28667
2071	-44.5	1.5	44.525	1074.485	9.93598	3.51	2.3	18.725	9.2339E-8	1	0	3.28521
2072	-44.5	2.5	44.57	1074.361	9.92448	3.51	2.3	18.77	9.2131E-8	1	0	3.28231
2073	-44.5	3.5	44.637	1074.177	9.90743	3.51	2.3	18.837	9.1822E-8	1	0	3.27795
2074	-44.5	4.5	44.727	1073.935	9.88503	3.51	2.3	18.927	9.1416E-8	1	0	3.27216
2075	-44.5	5.5	44.839	1073.637	9.85756	3.51	2.3	19.039	9.0921E-8	1	0	3.26494
2076	-44.5	6.5	44.972	1073.287	9.82536	3.51	2.3	19.172	9.0341E-8	1	0	3.25629
2077	-44.5	7.5	45.128	1072.889	9.78884	3.51	2.3	19.328	8.9686E-8	1	0	3.24623
2078	-44.5	8.5	45.305	1072.447	9.74844	3.51	2.3	19.505	8.8965E-8	1	0	3.23476
2079	-44.5	9.5	45.503	1071.967	9.70466	3.51	2.3	19.703	8.8185E-8	1	0	3.22191
2080	-44.5	10.5	45.722	1071.454	9.65801	3.51	2.3	19.922	8.7359E-8	1	0	3.20767
2081	-44.5	11.5	45.962	1070.913	9.60905	3.51	2.3	20.162	8.6496E-8	1	0	3.19207
2082	-44.5	12.5	46.222	1070.351	9.55835	3.51	2.3	20.422	8.5606E-8	1	0	3.1751
2083	-44.5	13.5	46.503	1069.773	9.50649	3.51	2.3	20.703	8.4701E-8	1	0	3.15678
2084	-44.5	14.5	46.803	1069.187	9.45406	3.51	2.3	21.003	8.379E-8	1	0	3.13711
2085	-44.5	15.5	47.122	1068.599	9.40164	3.51	2.3	21.322	8.2885E-8	1	0	3.11612
2086	-44.5	16.5	47.461	1068.015	9.34981	3.51	2.3	21.661	8.1994E-8	1	0	3.0938
2087	-44.5	17.5	47.817	1067.441	9.29912	3.51	2.3	22.017	8.1127E-8	1	0	3.07018
2088	-44.5	18.5	48.192	1066.884	9.2501	3.51	2.3	22.392	8.0293E-8	1	0	3.04526
2089	-44.5	19.5	48.585	1066.35	9.20327	3.51	2.3	22.785	7.9501E-8	1	0	3.01906
2090	-44.5	20.5	48.995	1065.844	9.1591	3.51	2.3	23.195	7.8757E-8	1	0	2.99161
2091	-44.5	21.5	49.422	1065.373	9.11803	3.51	2.3	23.622	7.8068E-8	1	0	2.96293
2092	-44.5	22.5	49.865	1064.94	9.08048	3.51	2.3	24.065	7.744E-8	1	0	2.93306
2093	-44.5	23.5	50.324	1064.551	9.0468	3.51	2.3	24.524	7.688E-8	1	0	2.90203
2094	-44.5	24.5	50.799	1064.21	9.01733	3.51	2.3	24.999	7.6391E-8	1	0	2.8699
2095	-44.5	25.5	51.288	1063.92	8.99233	3.51	2.3	25.488	7.5978E-8	1	0	2.83671
2096	-44.5	26.5	51.793	1063.684	8.97205	3.51	2.3	25.993	7.5643E-8	1	0	2.80253
2097	-44.5	27.5	52.312	1063.505	8.95668	3.51	2.3	26.512	7.539E-8	1	0	2.76742
2098	-44.5	28.5	52.844	1063.385	8.94635	3.51	2.3	27.044	7.522E-8	1	0	2.73147
2099	-44.5	29.5	53.39	1063.324	8.94126	3.51	2.3	27.59	7.5136E-8	1	0	2.69474
2100	-43.5	-29.5	52.559	1067.124	8.88915	3.51	2.3	26.759	7.4142E-8	1	0	2.7744
2101	-43.5	-28.5	52.005	1067.188	8.89475	3.51	2.3	26.205	7.4233E-8	1	0	2.81466
2102	-43.5	-27.5	51.464	1067.316	8.90615	3.51	2.3	25.664	7.4419E-8	1	0	2.85406
2103	-43.5	-26.5	50.936	1067.507	8.92313	3.51	2.3	25.136	7.4697E-8	1	0	2.89255
2104	-43.5	-25.5	50.423	1067.757	8.94552	3.51	2.3	24.623	7.5065E-8	1	0	2.93005
2105	-43.5	-24.5	49.925	1068.066	8.97313	3.51	2.3	24.125	7.5519E-8	1	0	2.96647
2106	-43.5	-23.5	49.442	1068.429	9.0057	3.51	2.3	23.642	7.6056E-8	1	0	3.00176
2107	-43.5	-22.5	48.974	1068.843	9.04292	3.51	2.3	23.174	7.6672E-8	1	0	3.03584
2108	-43.5	-21.5	48.523	1069.303	9.08445	3.51	2.3	22.723	7.7363E-8	1	0	3.06868
2109	-43.5	-20.5	48.088	1069.805	9.12989	3.51	2.3	22.288	7.8122E-8	1	0	3.10023
2110	-43.5	-19.5	47.671	1070.342	9.17878	3.51	2.3	21.871	7.8942E-8	1	0	3.13045
2111	-43.5	-18.5	47.27	1070.91	9.23066	3.51	2.3	21.47	7.9818E-8	1	0	3.15931
2112	-43.5	-17.5	46.888	1071.503	9.28498	3.51	2.3	21.088	8.0739E-8	1	0	3.1868
2113	-43.5	-16.5	46.524	1072.113	9.3412	3.51	2.3	20.724	8.1699E-8	1	0	3.21289
2114	-43.5	-15.5	46.179	1072.735	9.39872	3.51	2.3	20.379	8.2686E-8	1	0	3.23757
2115	-43.5	-14.5	45.853	1073.361	9.45692	3.51	2.3	20.053	8.369E-8	1	0	3.26081
2116	-43.5	-13.5	45.547	1073.984	9.51517	3.51	2.3	19.747	8.4702E-8	1	0	3.28262
2117	-43.5	-12.5	45.26	1074.598	9.57282	3.51	2.3	19.46	8.5708E-8	1	0	3.30296
2118	-43.5	-11.5	44.994	1075.196	9.62922	3.51	2.3	19.194	8.6699E-8	1	0	3.32183
2119	-43.5	-10.5	44.749	1075.772	9.68371	3.51	2.3	18.949	8.7661E-8	1	0	3.33922
2120	-43.5	-9.5	44.525	1076.318	9.73566	3.51	2.3	18.725	8.8583E-8	1	0	3.35511
2121	-43.5	-8.5	44.323	1076.828	9.78445	3.51	2.3	18.523	8.9454E-8	1	0	3.36947
2122	-43.5	-7.5	44.142	1077.298	9.82948	3.51	2.3	18.342	9.0261E-8	1	0	3.38231
2123	-43.5	-6.5	43.983	1077.721	9.87021	3.51	2.3	18.183	9.0994E-8	1	0	3.39358
2124	-43.5	-5.5	43.846	1078.093	9.90612	3.51	2.3	18.046	9.1642E-8	1	0	3.40329
2125	-43.5	-4.5	43.732	1078.409	9.93678	3.51	2.3	17.932	9.2198E-8	1	0	3.41141
2126	-43.5	-3.5	43.641	1078.667	9.96179	3.51	2.3	17.841	9.2652E-8	1	0	3.41793
2127	-43.5	-2.5	43.572	1078.863	9.98083	3.51	2.3	17.772	9.2999E-8	1	0	3.42283
2128	-43.5	-1.5	43.526	1078.995	9.99367	3.51	2.3	17.726	9.3233E-8	1	0	3.4261
2129	-43.5	-0.5	43.503	1079.061	10.00012	3.51	2.3	17.703	9.3351E-8	1	0	3.42774
2130	-43.5	0.5	43.503	1079.061	10.00012	3.51	2.3	17.703	9.3351E-8	1	0	3.42774
2131	-43.5	1.5	43.526	1078.995	9.99367	3.51	2.3	17.726	9.3233E-8	1	0	3.4261
2132	-43.5	2.5	43.572	1078.863	9.98083	3.51	2.3	17.772	9.2999E-8	1	0	3.42283
2133	-43.5	3.5	43.641	1078.667	9.96179	3.51	2.3	17.841	9.2652E-8	1	0	3.41793
2134	-43.5	4.5	43.732	1078.409	9.93678	3.51	2.3	17.932	9.2198E-8	1	0	3.41141
2135	-43.5	5.5	43.846	1078.093	9.90612	3.51	2.3	18.046	9.1642E-8	1	0	3.40329
2136	-43.5	6.5	43.983	1077.721	9.87021	3.51	2.3	18.183	9.0994E-8	1	0	3.39358
2137	-43.5	7.5	44.142	1077.298	9.82948	3.51	2.3	18.342	9.0261E-8	1	0	3.38231
2138	-43.5	8.5	44.323	1076.828	9.78445	3.51	2.3	18.523	8.9454E-8	1	0	3.36947
2139	-43.5	9.5	44.525	1076.318	9.73566	3.51	2.3	18.725	8.8583E-8	1	0	3.35511
2140	-43.5	10.5	44.749	1075.772	9.68371	3.51	2.3	18.949	8.7661E-8	1	0	3.33922
2141	-43.5	11.5	44.994	1075.196	9.62922	3.51	2.3	19.194	8.6699E-8	1	0	3.32183
2142	-43.5	12.5	45.26	1074.598	9.57282	3.51	2.3	19.46	8.5708E-8	1	0	3.30296
2143	-43.5	13.5	45.547	1073.984	9.51517	3.51	2.3	19.747	8.4702E-8	1	0	3.28262
2144	-43.5	14.5	45.853	1073.361	9.45692	3.51	2.3	20.053	8.369E-8	1	0	3.26081
2145	-43.5	15.5	46.179	1072.735	9.39872	3.51	2.3	20.379	8.2686E-8	1	0	3.23757
2146	-43.5	16.5	46.524	1072.113	9.3412	3.51	2.3	20.724	8.1699E-8	1	0	3.21289
2147	-43.5	17.5	46.888	1071.503	9.28498	3.51	2.3	21.088	8.0739E-8	1	0	3.1868
2148	-43.5	18.5	47.27	1070.91	9.23066	3.51	2.3	21.47	7.9818E-8	1	0	3.15931
2149	-43.5	19.5	47.671	1070.342	9.17878	3.51	2.3	21.871	7.8942E-8	1	0	3.13045
2150	-43.5	20.5	48.088	1069.805	9.12989	3.51	2.3	22.288	7.8122E-8	1	0	3.10023
2151	-43.5	21.5	48.523	1069.303	9.08445	3.51	2.3	22.723	7.7363E-8	1	0	3.06868
2152	-43.5	22.5	48.974	1068.843	9.04292	3.51	2.3	23.174	7.6672E-8	1	0	3.03584
2153	-43.5	23.5	49.442	1068.429	9.0057	3.51	2.3	23.642	7.6056E-8	1	0	3.00176
2154	-43.5	24.5	49.925	1068.066	8.97313	3.51	2.3	24.125	7.5519E-8	1	0	2.96647
2155	-43.5	25.5	50.423	1067.757	8.94552	3.51	2.3	24.623	7.5065E-8	1	0	2.93005
2156	-43.5	26.5	50.936	1067.507	8.92313	3.51	2.3	25.136	7.4697E-8	1	0	2.89255
2157	-43.5	27.5	51.464	1067.316	8.90615	3.51	2.3	25.664	7.4419E-8	1	0	2.85406
2158	-43.5	28.5	52.005	1067.188	8.89475	3.51	2.3	26.205	7.4233E-8	1	0	2.81466
2159	-43.5	29.5	52.559	1067.124	8.88915	3.51	2.3	26.759	7.4142E-8	1	0	2.7744
2160	-42.5	-29.5	51.735	1070.703	8.83165	3.51	2.3	25.935	7.3073E-8	1	0	2.86045
2161	-42.5	-28.5	51.171	1070.771	8.83781	3.51	2.3	25.371	7.3173E-8	1	0	2.90465
2162	-42.5	-27.5	50.621	1070.907	8.85039	3.51	2.3	24.821	7.3377E-8	1	0	2.94793
2163	-42.5	-26.5	50.085	1071.109	8.86912	3.51	2.3	24.285	7.3681E-8	1	0	2.99024
2164	-42.5	-25.5	49.563	1071.376	8.89383	3.51	2.3	23.763	7.4084E-8	1	0	3.03147
2165	-42.5	-24.5	49.056	1071.703	8.92431	3.51	2.3	23.256	7.4582E-8	1	0	3.07154
2166	-42.5	-23.5	48.564	1072.089	8.96028	3.51	2.3	22.764	7.5172E-8	1	0	3.11039
2167	-42.5	-22.5	48.088	1072.528	9.00141	3.51	2.3	22.288	7.5849E-8	1	0	3.14795
2168	-42.5	-21.5	47.629	1073.017	9.04731	3.51	2.3	21.829	7.6609E-8	1	0	3.18416
2169	-42.5	-20.5	47.186	1073.55	9.09756	3.51	2.3	21.386	7.7444E-8	1	0	3.21897
2170	-42.5	-19.5	46.76	1074.121	9.15167	3.51	2.3	20.96	7.8349E-8	1	0	3.25236
2171	-42.5	-18.5	46.352	1074.724	9.20912	3.51	2.3	20.552	7.9315E-8	1	0	3.2843
2172	-42.5	-17.5	45.962	1075.353	9.26931	3.51	2.3	20.162	8.0334E-8	1	0	3.31474
2173	-42.5	-16.5	45.591	1076.001	9.33164	3.51	2.3	19.791	8.1395E-8	1	0	3.34369
2174	-42.5	-15.5	45.238	1076.661	9.39546	3.51	2.3	19.438	8.2488E-8	1	0	3.3711
2175	-42.5	-14.5	44.905	1077.326	9.46009	3.51	2.3	19.105	8.3603E-8	1	0	3.39697
2176	-42.5	-13.5	44.593	1077.988	9.52481	3.51	2.3	18.793	8.4727E-8	1	0	3.42129
2177	-42.5	-12.5	44.3	1078.64	9.58891	3.51	2.3	18.5	8.5847E-8	1	0	3.44402
2178	-42.5	-11.5	44.028	1079.274	9.65166	3.51	2.3	18.228	8.695E-8	1	0	3.46514
2179	-42.5	-10.5	43.778	1079.885	9.71233	3.51	2.3	17.978	8.8023E-8	1	0	3.48465
2180	-42.5	-9.5	43.549	1080.464	9.7702	3.51	2.3	17.749	8.9053E-8	1	0	3.50251
2181	-42.5	-8.5	43.342	1081.006	9.82458	3.51	2.3	17.542	9.0026E-8	1	0	3.51869
2182	-42.5	-7.5	43.157	1081.504	9.8748	3.51	2.3	17.357	9.0929E-8	1	0	3.53317
2183	-42.5	-6.5	42.994	1081.953	9.92024	3.51	2.3	17.194	9.175E-8	1	0	3.54592
2184	-42.5	-5.5	42.854	1082.347	9.96033	3.51	2.3	17.054	9.2478E-8	1	0	3.55692
2185	-42.5	-4.5	42.738	1082.683	9.99456	3.51	2.3	16.938	9.3101E-8	1	0	3.56613
2186	-42.5	-3.5	42.644	1082.956	10.0225	3.51	2.3	16.844	9.3611E-8	1	0	3.57353
2187	-42.5	-2.5	42.573	1083.164	10.04377	3.51	2.3	16.773	9.4E-8	1	0	3.5791
2188	-42.5	-1.5	42.526	1083.304	10.05811	3.51	2.3	16.726	9.4263E-8	1	0	3.58283
2189	-42.5	-0.5	42.503	1083.374	10.06533	3.51	2.3	16.703	9.4396E-8	1	0	3.58469
2190	-42.5	0.5	42.503	1083.374	10.06533	3.51	2.3	16.703	9.4396E-8	1	0	3.58469
2191	-42.5	1.5	42.526	1083.304	10.05811	3.51	2.3	16.726	9.4263E-8	1	0	3.58283
2192	-42.5	2.5	42.573	1083.164	10.04377	3.51	2.3	16.773	9.4E-8	1	0	3.5791
2193	-42.5	3.5	42.644	1082.956	10.0225	3.51	2.3	16.844	9.3611E-8	1	0	3.57353
2194	-42.5	4.5	42.738	1082.683	9.99456	3.51	2.3	16.938	9.3101E-8	1	0	3.56613
2195	-42.5	5.5	42.854	1082.347	9.96033	3.51	2.3	17.054	9.2478E-8	1	0	3.55692
2196	-42.5	6.5	42.994	1081.953	9.92024	3.51	2.3	17.194	9.175E-8	1	0	3.54592
2197	-42.5	7.5	43.157	1081.504	9.8748	3.51	2.3	17.357	9.0929E-8	1	0	3.53317
2198	-42.5	8.5	43.342	1081.006	9.82458	3.51	2.3	17.542	9.0026E-8	1	0	3.51869
2199	-42.5	9.5	43.549	1080.464	9.7702	3.51	2.3	17.749	8.9053E-8	1	0	3.50251
2200	-42.5	10.5	43.778	1079.885	9.71233	3.51	2.3	17.978	8.8023E-8	1	0	3.48465
2201	-42.5	11.5	44.028	1079.274	9.65166	3.51	2.3	18.228	8.695E-8	1	0	3.46514
2202	-42.5	12.5	44.3	1078.64	9.58891	3.51	2.3	18.5	8.5847E-8	1	0	3.44402
2203	-42.5	13.5	44.593	1077.988	9.52481	3.51	2.3	18.793	8.4727E-8	1	0	3.42129
2204	-42.5	14.5	44.905	1077.326	9.46009	3.51	2.3	19.105	8.3603E-8	1	0	3.39697
2205	-42.5	15.5	45.238	1076.661	9.39546	3.51	2.3	19.438	8.2488E-8	1	0	3.3711
2206	-42.5	16.5	45.591	1076.001	9.33164	3.51	2.3	19.791	8.1395E-8	1	0	3.34369
2207	-42.5	17.5	45.962	1075.353	9.26931	3.51	2.3	20.162	8.0334E-8	1	0	3.31474
2208	-42.5	18.5	46.352	1074.724	9.20912	3.51	2.3	20.552	7.9315E-8	1	0	3.2843
2209	-42.5	19.5	46.76	1074.121	9.15167	3.51	2.3	20.96	7.8349E-8	1	0	3.25236
2210	-42.5	20.5	47.186	1073.55	9.09756	3.51	2.3	21.386	7.7444E-8	1	0	3.21897
2211	-42.5	21.5	47.629	1073.017	9.04731	3.51	2.3	21.829	7.6609E-8	1	0	3.18416
2212	-42.5	22.5	48.088	1072.528	9.00141	3.51	2.3	22.288	7.5849E-8	1	0	3.14795
2213	-42.5	23.5	48.564	1072.089	8.96028	3.51	2.3	22.764	7.5172E-8	1	0	3.11039
2214	-42.5	24.5	49.056	1071.703	8.92431	3.51	2.3	23.256	7.4582E-8	1	0	3.07154
2215	-42.5	25.5	49.563	1071.376	8.89383	3.51	2.3	23.763	7.4084E-8	1	0	3.03147
2216	-42.5	26.5	50.085	1071.109	8.86912	3.51	2.3	24.285	7.3681E-8	1	0	2.99024
2217	-42.5	27.5	50.621	1070.907	8.85039	3.51	2.3	24.821	7.3377E-8	1	0	2.94793
2218	-42.5	28.5	51.171	1070.771	8.83781	3.51	2.3	25.371	7.3173E-8	1	0	2.90465
2219	-42.5	29.5	51.735	1070.703	8.83165	3.51	2.3	25.935	7.3073E-8	1	0	2.86045
2220	-41.5	-29.5	50.917	1074.064	8.76825	3.51	2.3	25.117	7.1923E-8	1	0	2.95365
2221	-41.5	-28.5	50.344	1074.137	8.77502	3.51	2.3	24.544	7.2032E-8	1	0	3.0023
2222	-41.5	-27.5	49.785	1074.281	8.78889	3.51	2.3	23.985	7.2255E-8	1	0	3.04996
2223	-41.5	-26.5	49.239	1074.495	8.80954	3.51	2.3	23.439	7.2589E-8	1	0	3.09656
2224	-41.5	-25.5	48.708	1074.777	8.83679	3.51	2.3	22.908	7.303E-8	1	0	3.14202
2225	-41.5	-24.5	48.192	1075.125	8.87042	3.51	2.3	22.392	7.3575E-8	1	0	3.18624
2226	-41.5	-23.5	47.692	1075.534	8.91012	3.51	2.3	21.892	7.4222E-8	1	0	3.22913
2227	-41.5	-22.5	47.207	1075.999	8.95553	3.51	2.3	21.407	7.4966E-8	1	0	3.27064
2228	-41.5	-21.5	46.739	1076.517	9.00625	3.51	2.3	20.939	7.58E-8	1	0	3.3107
2229	-41.5	-20.5	46.287	1077.082	9.0618	3.51	2.3	20.487	7.672E-8	1	0	3.34927
2230	-41.5	-19.5	45.853	1077.687	9.12167	3.51	2.3	20.053	7.7716E-8	1	0	3.38631
2231	-41.5	-18.5	45.437	1078.327	9.18525	3.51	2.3	19.637	7.8782E-8	1	0	3.42178
2232	-41.5	-17.5	45.039	1078.994	9.25194	3.51	2.3	19.239	7.9907E-8	1	0	3.45566
2233	-41.5	-16.5	44.66	1079.68	9.32104	3.51	2.3	18.86	8.1081E-8	1	0	3.48793
2234	-41.5	-15.5	44.3	1080.379	9.39185	3.51	2.3	18.5	8.2293E-8	1	0	3.51856
2235	-41.5	-14.5	43.96	1081.083	9.4636	3.51	2.3	18.16	8.3529E-8	1	0	3.54753
2236	-41.5	-13.5	43.641	1081.785	9.53552	3.51	2.3	17.841	8.4778E-8	1	0	3.57481
2237	-41.5	-12.5	43.342	1082.475	9.60681	3.51	2.3	17.542	8.6025E-8	1	0	3.60038
2238	-41.5	-11.5	43.064	1083.147	9.67663	3.51	2.3	17.264	8.7254E-8	1	0	3.62422
2239	-41.5	-10.5	42.808	1083.793	9.7442	3.51	2.3	17.008	8.8452E-8	1	0	3.64627
2240	-41.5	-9.5	42.573	1084.406	9.80869	3.51	2.3	16.773	8.9603E-8	1	0	3.66652
2241	-41.5	-8.5	42.362	1084.98	9.86933	3.51	2.3	16.562	9.0692E-8	1	0	3.68491
2242	-41.5	-7.5	42.172	1085.507	9.92536	3.51	2.3	16.372	9.1704E-8	1	0	3.70141
2243	-41.5	-6.5	42.006	1085.981	9.97609	3.51	2.3	16.206	9.2624E-8	1	0	3.71597
2244	-41.5	-5.5	41.863	1086.399	10.02086	3.51	2.3	16.063	9.3441E-8	1	0	3.72855
2245	-41.5	-4.5	41.743	1086.754	10.05911	3.51	2.3	15.943	9.4141E-8	1	0	3.73911
2246	-41.5	-3.5	41.647	1087.042	10.09033	3.51	2.3	15.847	9.4714E-8	1	0	3.74761
2247	-41.5	-2.5	41.575	1087.262	10.11411	3.51	2.3	15.775	9.5152E-8	1	0	3.75401
2248	-41.5	-1.5	41.527	1087.41	10.13014	3.51	2.3	15.727	9.5448E-8	1	0	3.75829
2249	-41.5	-0.5	41.503	1087.484	10.13821	3.51	2.3	15.703	9.5597E-8	1	0	3.76044
2250	-41.5	0.5	41.503	1087.484	10.13821	3.51	2.3	15.703	9.5597E-8	1	0	3.76044
2251	-41.5	1.5	41.527	1087.41	10.13014	3.51	2.3	15.727	9.5448E-8	1	0	3.75829
2252	-41.5	2.5	41.575	1087.262	10.11411	3.51	2.3	15.775	9.5152E-8	1	0	3.75401
2253	-41.5	3.5	41.647	1087.042	10.09033	3.51	2.3	15.847	9.4714E-8	1	0	3.74761
2254	-41.5	4.5	41.743	1086.754	10.05911	3.51	2.3	15.943	9.4141E-8	1	0	3.73911
2255	-41.5	5.5	41.863	1086.399	10.02086	3.51	2.3	16.063	9.3441E-8	1	0	3.72855
2256	-41.5	6.5	42.006	1085.981	9.97609	3.51	2.3	16.206	9.2624E-8	1	0	3.71597
2257	-41.5	7.5	42.172	1085.507	9.92536	3.51	2.3	16.372	9.1704E-8	1	0	3.70141
2258	-41.5	8.5	42.362	1084.98	9.86933	3.51	2.3	16.562	9.0692E-8	1	0	3.68491
2259	-41.5	9.5	42.573	1084.406	9.80869	3.51	2.3	16.773	8.9603E-8	1	0	3.66652
2260	-41.5	10.5	42.808	1083.793	9.7442	3.51	2.3	17.008	8.8452E-8	1	0	3.64627
2261	-41.5	11.5	43.064	1083.147	9.67663	3.51	2.3	17.264	8.7254E-8	1	0	3.62422
2262	-41.5	12.5	43.342	1082.475	9.60681	3.51	2.3	17.542	8.6025E-8	1	0	3.60038
2263	-41.5	13.5	43.641	1081.785	9.53552	3.51	2.3	17.841	8.4778E-8	1	0	3.57481
2264	-41.5	14.5	43.96	1081.083	9.4636	3.51	2.3	18.16	8.3529E-8	1	0	3.54753
2265	-41.5	15.5	44.3	1080.379	9.39185	3.51	2.3	18.5	8.2293E-8	1	0	3.51856
2266	-41.5	16.5	44.66	1079.68	9.32104	3.51	2.3	18.86	8.1081E-8	1	0	3.48793
2267	-41.5	17.5	45.039	1078.994	9.25194	3.51	2.3	19.239	7.9907E-8	1	0	3.45566
2268	-41.5	18.5	45.437	1078.327	9.18525	3.51	2.3	19.637	7.8782E-8	1	0	3.42178
2269	-41.5	19.5	45.853	1077.687	9.12167	3.51	2.3	20.053	7.7716E-8	1	0	3.38631
2270	-41.5	20.5	46.287	1077.082	9.0618	3.51	2.3	20.487	7.672E-8	1	0	3.34927
2271	-41.5	21.5	46.739	1076.517	9.00625	3.51	2.3	20.939	7.58E-8	1	0	3.3107
2272	-41.5	22.5	47.207	1075.999	8.95553	3.51	2.3	21.407	7.4966E-8	1	0	3.27064
2273	-41.5	23.5	47.692	1075.534	8.91012	3.51	2.3	21.892	7.4222E-8	1	0	3.22913
2274	-41.5	24.5	48.192	1075.125	8.87042	3.51	2.3	22.392	7.3575E-8	1	0	3.18624
2275	-41.5	25.5	48.708	1074.777	8.83679	3.51	2.3	22.908	7.303E-8	1	0	3.14202
2276	-41.5	26.5	49.239	1074.495	8.80954	3.51	2.3	23.439	7.2589E-8	1	0	3.09656
2277	-41.5	27.5	49.785	1074.281	8.78889	3.51	2.3	23.985	7.2255E-8	1	0	3.04996
2278	-41.5	28.5	50.344	1074.137	8.77502	3.51	2.3	24.544	7.2032E-8	1	0	3.0023
2279	-41.5	29.5	50.917	1074.064	8.76825	3.51	2.3	25.117	7.1923E-8	1	0	2.95365
2280	-40.5	-29.5	50.105	1077.212	8.6984	3.51	2.3	24.305	7.0686E-8	1	0	3.05492
2281	-40.5	-28.5	49.523	1077.288	8.70584	3.51	2.3	23.723	7.0804E-8	1	0	3.10859
2282	-40.5	-27.5	48.954	1077.441	8.72111	3.51	2.3	23.154	7.1048E-8	1	0	3.16119
2283	-40.5	-26.5	48.399	1077.668	8.74386	3.51	2.3	22.599	7.1412E-8	1	0	3.21268
2284	-40.5	-25.5	47.859	1077.966	8.77389	3.51	2.3	22.059	7.1895E-8	1	0	3.26293
2285	-40.5	-24.5	47.334	1078.334	8.81096	3.51	2.3	21.534	7.2492E-8	1	0	3.31186
2286	-40.5	-23.5	46.824	1078.766	8.85475	3.51	2.3	21.024	7.3201E-8	1	0	3.35937
2287	-40.5	-22.5	46.33	1079.259	8.90487	3.51	2.3	20.53	7.4016E-8	1	0	3.4054
2288	-40.5	-21.5	45.853	1079.807	8.96088	3.51	2.3	20.053	7.4932E-8	1	0	3.44989
2289	-40.5	-20.5	45.393	1080.404	9.02226	3.51	2.3	19.593	7.5943E-8	1	0	3.49278
2290	-40.5	-19.5	44.95	1081.045	9.08846	3.51	2.3	19.15	7.704E-8	1	0	3.53405
2291	-40.5	-18.5	44.525	1081.721	9.15883	3.51	2.3	18.725	7.8214E-8	1	0	3.57364
2292	-40.5	-17.5	44.119	1082.426	9.23268	3.51	2.3	18.319	7.9457E-8	1	0	3.61155
2293	-40.5	-16.5	43.732	1083.152	9.30928	3.51	2.3	17.932	8.0755E-8	1	0	3.64773
2294	-40.5	-15.5	43.365	1083.891	9.38783	3.51	2.3	17.565	8.2097E-8	1	0	3.68216
2295	-40.5	-14.5	43.017	1084.635	9.4675	3.51	2.3	17.217	8.347E-8	1	0	3.71481
2296	-40.5	-13.5	42.691	1085.376	9.54743	3.51	2.3	16.891	8.4858E-8	1	0	3.74566
2297	-40.5	-12.5	42.385	1086.105	9.62671	3.51	2.3	16.585	8.6246E-8	1	0	3.77466
2298	-40.5	-11.5	42.101	1086.815	9.70444	3.51	2.3	16.301	8.7617E-8	1	0	3.80176
2299	-40.5	-10.5	41.839	1087.497	9.7797	3.51	2.3	16.039	8.8955E-8	1	0	3.82693
2300	-40.5	-9.5	41.599	1088.144	9.8516	3.51	2.3	15.799	9.0242E-8	1	0	3.85011
2301	-40.5	-8.5	41.382	1088.749	9.91925	3.51	2.3	15.582	9.1462E-8	1	0	3.87123
2302	-40.5	-7.5	41.189	1089.305	9.9818	3.51	2.3	15.389	9.2597E-8	1	0	3.89023
2303	-40.5	-6.5	41.018	1089.806	10.03846	3.51	2.3	15.218	9.3631E-8	1	0	3.90704
2304	-40.5	-5.5	40.872	1090.245	10.0885	3.51	2.3	15.072	9.4548E-8	1	0	3.92161
2305	-40.5	-4.5	40.749	1090.62	10.13126	3.51	2.3	14.949	9.5336E-8	1	0	3.93386
2306	-40.5	-3.5	40.651	1090.924	10.16618	3.51	2.3	14.851	9.5982E-8	1	0	3.94374
2307	-40.5	-2.5	40.577	1091.155	10.19278	3.51	2.3	14.777	9.6475E-8	1	0	3.9512
2308	-40.5	-1.5	40.528	1091.311	10.21072	3.51	2.3	14.728	9.6808E-8	1	0	3.95619
2309	-40.5	-0.5	40.503	1091.389	10.21975	3.51	2.3	14.703	9.6976E-8	1	0	3.9587
2310	-40.5	0.5	40.503	1091.389	10.21975	3.51	2.3	14.703	9.6976E-8	1	0	3.9587
2311	-40.5	1.5	40.528	1091.311	10.21072	3.51	2.3	14.728	9.6808E-8	1	0	3.95619
2312	-40.5	2.5	40.577	1091.155	10.19278	3.51	2.3	14.777	9.6475E-8	1	0	3.9512
2313	-40.5	3.5	40.651	1090.924	10.16618	3.51	2.3	14.851	9.5982E-8	1	0	3.94374
2314	-40.5	4.5	40.749	1090.62	10.13126	3.51	2.3	14.949	9.5336E-8	1	0	3.93386
2315	-40.5	5.5	40.872	1090.245	10.0885	3.51	2.3	15.072	9.4548E-8	1	0	3.92161
2316	-40.5	6.5	41.018	1089.806	10.03846	3.51	2.3	15.218	9.3631E-8	1	0	3.90704
2317	-40.5	7.5	41.189	1089.305	9.9818	3.51	2.3	15.389	9.2597E-8	1	0	3.89023
2318	-40.5	8.5	41.382	1088.749	9.91925	3.51	2.3	15.582	9.1462E-8	1	0	3.87123
2319	-40.5	9.5	41.599	1088.144	9.8516	3.51	2.3	15.799	9.0242E-8	1	0	3.85011
2320	-40.5	10.5	41.839	1087.497	9.7797	3.51	2.3	16.039	8.8955E-8	1	0	3.82693
2321	-40.5	11.5	42.101	1086.815	9.70444	3.51	2.3	16.301	8.7617E-8	1	0	3.80176
2322	-40.5	12.5	42.385	1086.105	9.62671	3.51	2.3	16.585	8.6246E-8	1	0	3.77466
2323	-40.5	13.5	42.691	1085.376	9.54743	3.51	2.3	16.891	8.4858E-8	1	0	3.74566
2324	-40.5	14.5	43.017	1084.635	9.4675	3.51	2.3	17.217	8.347E-8	1	0	3.71481
2325	-40.5	15.5	43.365	1083.891	9.38783	3.51	2.3	17.565	8.2097E-8	1	0	3.68216
2326	-40.5	16.5	43.732	1083.152	9.30928	3.51	2.3	17.932	8.0755E-8	1	0	3.64773
2327	-40.5	17.5	44.119	1082.426	9.23268	3.51	2.3	18.319	7.9457E-8	1	0	3.61155
2328	-40.5	18.5	44.525	1081.721	9.15883	3.51	2.3	18.725	7.8214E-8	1	0	3.57364
2329	-40.5	19.5	44.95	1081.045	9.08846	3.51	2.3	19.15	7.704E-8	1	0	3.53405
2330	-40.5	20.5	45.393	1080.404	9.02226	3.51	2.3	19.593	7.5943E-8	1	0	3.49278
2331	-40.5	21.5	45.853	1079.807	8.96088	3.51	2.3	20.053	7.4932E-8	1	0	3.44989
2332	-40.5	22.5	46.33	1079.259	8.90487	3.51	2.3	20.53	7.4016E-8	1	0	3.4054
2333	-40.5	23.5	46.824	1078.766	8.85475	3.51	2.3	21.024	7.3201E-8	1	0	3.35937
2334	-40.5	24.5	47.334	1078.334	8.81096	3.51	2.3	21.534	7.2492E-8	1	0	3.31186
2335	-40.5	25.5	47.859	1077.966	8.77389	3.51	2.3	22.059	7.1895E-8	1	0	3.26293
2336	-40.5	26.5	48.399	1077.668	8.74386	3.51	2.3	22.599	7.1412E-8	1	0	3.21268
2337	-40.5	27.5	48.954	1077.441	8.72111	3.51	2.3	23.154	7.1048E-8	1	0	3.16119
2338	-40.5	28.5	49.523	1077.288	8.70584	3.51	2.3	23.723	7.0804E-8	1	0	3.10859
2339	-40.5	29.5	50.105	1077.212	8.6984	3.51	2.3	24.305	7.0686E-8	1	0	3.05492
2340	-39.5	-29.5	49.3	1080.148	8.62151	3.51	2.3	23.5	6.9354E-8	1	0	3.16529
2341	-39.5	-28.5	48.708	1080.229	8.62966	3.51	2.3	22.908	6.9482E-8	1	0	3.22465
2342	-39.5	-27.5	48.13	1080.39	8.64647	3.51	2.3	22.33	6.9748E-8	1	0	3.28286
2343	-39.5	-26.5	47.566	1080.63	8.67151	3.51	2.3	21.766	7.0146E-8	1	0	3.33989
2344	-39.5	-25.5	47.016	1080.945	8.70458	3.51	2.3	21.216	7.0672E-8	1	0	3.39562
2345	-39.5	-24.5	46.481	1081.333	8.74542	3.51	2.3	20.681	7.1325E-8	1	0	3.44993
2346	-39.5	-23.5	45.962	1081.79	8.79368	3.51	2.3	20.162	7.21E-8	1	0	3.50274
2347	-39.5	-22.5	45.459	1082.311	8.84895	3.51	2.3	19.659	7.2993E-8	1	0	3.55398
2348	-39.5	-21.5	44.972	1082.889	8.91076	3.51	2.3	19.172	7.3997E-8	1	0	3.60358
2349	-39.5	-20.5	44.503	1083.52	8.97856	3.51	2.3	18.703	7.5107E-8	1	0	3.6515
2350	-39.5	-19.5	44.051	1084.195	9.05172	3.51	2.3	18.251	7.6314E-8	1	0	3.69769
2351	-39.5	-18.5	43.618	1084.909	9.12957	3.51	2.3	17.818	7.7608E-8	1	0	3.74213
2352	-39.5	-17.5	43.203	1085.653	9.21134	3.51	2.3	17.403	7.8979E-8	1	0	3.78477
2353	-39.5	-16.5	42.808	1086.419	9.29623	3.51	2.3	17.008	8.0415E-8	1	0	3.8256
2354	-39.5	-15.5	42.432	1087.198	9.38337	3.51	2.3	16.632	8.1902E-8	1	0	3.86458
2355	-39.5	-14.5	42.077	1087.982	9.47183	3.51	2.3	16.277	8.3425E-8	1	0	3.90167
2356	-39.5	-13.5	41.743	1088.763	9.56066	3.51	2.3	15.943	8.4968E-8	1	0	3.93684
2357	-39.5	-12.5	41.431	1089.531	9.64885	3.51	2.3	15.631	8.6514E-8	1	0	3.97002
2358	-39.5	-11.5	41.14	1090.279	9.7354	3.51	2.3	15.34	8.8045E-8	1	0	4.00116
2359	-39.5	-10.5	40.872	1090.997	9.81928	3.51	2.3	15.072	8.954E-8	1	0	4.03018
2360	-39.5	-9.5	40.626	1091.677	9.89947	3.51	2.3	14.826	9.0982E-8	1	0	4.057
2361	-39.5	-8.5	40.404	1092.313	9.97498	3.51	2.3	14.604	9.2349E-8	1	0	4.08154
2362	-39.5	-7.5	40.206	1092.897	10.04484	3.51	2.3	14.406	9.3624E-8	1	0	4.1037
2363	-39.5	-6.5	40.031	1093.423	10.10817	3.51	2.3	14.231	9.4786E-8	1	0	4.12337
2364	-39.5	-5.5	39.881	1093.885	10.16413	3.51	2.3	14.081	9.582E-8	1	0	4.14046
2365	-39.5	-4.5	39.756	1094.278	10.21197	3.51	2.3	13.956	9.6707E-8	1	0	4.15488
2366	-39.5	-3.5	39.655	1094.597	10.25105	3.51	2.3	13.855	9.7435E-8	1	0	4.16653
2367	-39.5	-2.5	39.579	1094.84	10.28084	3.51	2.3	13.779	9.7992E-8	1	0	4.17534
2368	-39.5	-1.5	39.528	1095.003	10.30093	3.51	2.3	13.728	9.8368E-8	1	0	4.18125
2369	-39.5	-0.5	39.503	1095.085	10.31105	3.51	2.3	13.703	9.8558E-8	1	0	4.18421
2370	-39.5	0.5	39.503	1095.085	10.31105	3.51	2.3	13.703	9.8558E-8	1	0	4.18421
2371	-39.5	1.5	39.528	1095.003	10.30093	3.51	2.3	13.728	9.8368E-8	1	0	4.18125
2372	-39.5	2.5	39.579	1094.84	10.28084	3.51	2.3	13.779	9.7992E-8	1	0	4.17534
2373	-39.5	3.5	39.655	1094.597	10.25105	3.51	2.3	13.855	9.7435E-8	1	0	4.16653
2374	-39.5	4.5	39.756	1094.278	10.21197	3.51	2.3	13.956	9.6707E-8	1	0	4.15488
2375	-39.5	5.5	39.881	1093.885	10.16413	3.51	2.3	14.081	9.582E-8	1	0	4.14046
2376	-39.5	6.5	40.031	1093.423	10.10817	3.51	2.3	14.231	9.4786E-8	1	0	4.12337
2377	-39.5	7.5	40.206	1092.897	10.04484	3.51	2.3	14.406	9.3624E-8	1	0	4.1037
2378	-39.5	8.5	40.404	1092.313	9.97498	3.51	2.3	14.604	9.2349E-8	1	0	4.08154
2379	-39.5	9.5	40.626	1091.677	9.89947	3.51	2.3	14.826	9.0982E-8	1	0	4.057
2380	-39.5	10.5	40.872	1090.997	9.81928	3.51	2.3	15.072	8.954E-8	1	0	4.03018
2381	-39.5	11.5	41.14	1090.279	9.7354	3.51	2.3	15.34	8.8045E-8	1	0	4.00116
2382	-39.5	12.5	41.431	1089.531	9.64885	3.51	2.3	15.631	8.6514E-8	1	0	3.97002
2383	-39.5	13.5	41.743	1088.763	9.56066	3.51	2.3	15.943	8.4968E-8	1	0	3.93684
2384	-39.5	14.5	42.077	1087.982	9.47183	3.51	2.3	16.277	8.3425E-8	1	0	3.90167
2385	-39.5	15.5	42.432	1087.198	9.38337	3.51	2.3	16.632	8.1902E-8	1	0	3.86458
2386	-39.5	16.5	42.808	1086.419	9.29623	3.51	2.3	17.008	8.0415E-8	1	0	3.8256
2387	-39.5	17.5	43.203	1085.653	9.21134	3.51	2.3	17.403	7.8979E-8	1	0	3.78477
2388	-39.5	18.5	43.618	1084.909	9.12957	3.51	2.3	17.818	7.7608E-8	1	0	3.74213
2389	-39.5	19.5	44.051	1084.195	9.05172	3.51	2.3	18.251	7.6314E-8	1	0	3.69769
2390	-39.5	20.5	44.503	1083.52	8.97856	3.51	2.3	18.703	7.5107E-8	1	0	3.6515
2391	-39.5	21.5	44.972	1082.889	8.91076	3.51	2.3	19.172	7.3997E-8	1	0	3.60358
2392	-39.5	22.5	45.459	1082.311	8.84895	3.51	2.3	19.659	7.2993E-8	1	0	3.55398
2393	-39.5	23.5	45.962	1081.79	8.79368	3.51	2.3	20.162	7.21E-8	1	0	3.50274
2394	-39.5	24.5	46.481	1081.333	8.74542	3.51	2.3	20.681	7.1325E-8	1	0	3.44993
2395	-39.5	25.5	47.016	1080.945	8.70458	3.51	2.3	21.216	7.0672E-8	1	0	3.39562
2396	-39.5	26.5	47.566	1080.63	8.67151	3.51	2.3	21.766	7.0146E-8	1	0	3.33989
2397	-39.5	27.5	48.13	1080.39	8.64647	3.51	2.3	22.33	6.9748E-8	1	0	3.28286
2398	-39.5	28.5	48.708	1080.229	8.62966	3.51	2.3	22.908	6.9482E-8	1	0	3.22465
2399	-39.5	29.5	49.3	1080.148	8.62151	3.51	2.3	23.5	6.9354E-8	1	0	3.16529
2400	-38.5	-29.5	48.503	1082.879	8.53694	3.51	2.3	22.703	6.7919E-8	1	0	3.28597
2401	-38.5	-28.5	47.901	1082.964	8.54587	3.51	2.3	22.101	6.8059E-8	1	0	3.3518
2402	-38.5	-27.5	47.313	1083.134	8.56435	3.51	2.3	21.513	6.8349E-8	1	0	3.4164
2403	-38.5	-26.5	46.739	1083.386	8.59188	3.51	2.3	20.939	6.8781E-8	1	0	3.47976
2404	-38.5	-25.5	46.179	1083.719	8.62827	3.51	2.3	20.379	6.9355E-8	1	0	3.54175
2405	-38.5	-24.5	45.634	1084.128	8.67322	3.51	2.3	19.834	7.0067E-8	1	0	3.60225
2406	-38.5	-23.5	45.105	1084.609	8.72637	3.51	2.3	19.305	7.0914E-8	1	0	3.66117
2407	-38.5	-22.5	44.593	1085.157	8.78728	3.51	2.3	18.793	7.189E-8	1	0	3.71844
2408	-38.5	-21.5	44.096	1085.767	8.85545	3.51	2.3	18.296	7.299E-8	1	0	3.77399
2409	-38.5	-20.5	43.618	1086.431	8.93028	3.51	2.3	17.818	7.4208E-8	1	0	3.82778
2410	-38.5	-19.5	43.157	1087.143	9.0111	3.51	2.3	17.357	7.5534E-8	1	0	3.87977
2411	-38.5	-18.5	42.714	1087.894	9.09718	3.51	2.3	16.914	7.6959E-8	1	0	3.92993
2412	-38.5	-17.5	42.291	1088.677	9.1877	3.51	2.3	16.491	7.8471E-8	1	0	3.97823
2413	-38.5	-16.5	41.887	1089.482	9.28176	3.51	2.3	16.087	8.0058E-8	1	0	4.02464
2414	-38.5	-15.5	41.503	1090.302	9.37841	3.51	2.3	15.703	8.1705E-8	1	0	4.06912
2415	-38.5	-14.5	41.14	1091.126	9.47663	3.51	2.3	15.34	8.3396E-8	1	0	4.11162
2416	-38.5	-13.5	40.798	1091.946	9.57537	3.51	2.3	14.998	8.5112E-8	1	0	4.15209
2417	-38.5	-12.5	40.478	1092.753	9.6735	3.51	2.3	14.678	8.6835E-8	1	0	4.19046
2418	-38.5	-11.5	40.181	1093.537	9.76989	3.51	2.3	14.381	8.8544E-8	1	0	4.22662
2419	-38.5	-10.5	39.906	1094.29	9.86341	3.51	2.3	14.106	9.0218E-8	1	0	4.26049
2420	-38.5	-9.5	39.655	1095.003	9.95289	3.51	2.3	13.855	9.1833E-8	1	0	4.29193
2421	-38.5	-8.5	39.427	1095.669	10.03722	3.51	2.3	13.627	9.3369E-8	1	0	4.32083
2422	-38.5	-7.5	39.224	1096.281	10.11531	3.51	2.3	13.424	9.4802E-8	1	0	4.34703
2423	-38.5	-6.5	39.045	1096.831	10.18614	3.51	2.3	13.245	9.6112E-8	1	0	4.37039
2424	-38.5	-5.5	38.891	1097.314	10.24877	3.51	2.3	13.091	9.7277E-8	1	0	4.39076
2425	-38.5	-4.5	38.762	1097.724	10.30234	3.51	2.3	12.962	9.8279E-8	1	0	4.40799
2426	-38.5	-3.5	38.659	1098.058	10.34612	3.51	2.3	12.859	9.9101E-8	1	0	4.42196
2427	-38.5	-2.5	38.581	1098.311	10.3795	3.51	2.3	12.781	9.9731E-8	1	0	4.43254
2428	-38.5	-1.5	38.529	1098.481	10.40202	3.51	2.3	12.729	1.0016E-7	1	0	4.43965
2429	-38.5	-0.5	38.503	1098.567	10.41336	3.51	2.3	12.703	1.0037E-7	1	0	4.44322
2430	-38.5	0.5	38.503	1098.567	10.41336	3.51	2.3	12.703	1.0037E-7	1	0	4.44322
2431	-38.5	1.5	38.529	1098.481	10.40202	3.51	2.3	12.729	1.0016E-7	1	0	4.43965
2432	-38.5	2.5	38.581	1098.311	10.3795	3.51	2.3	12.781	9.9731E-8	1	0	4.43254
2433	-38.5	3.5	38.659	1098.058	10.34612	3.51	2.3	12.859	9.9101E-8	1	0	4.42196
2434	-38.5	4.5	38.762	1097.724	10.30234	3.51	2.3	12.962	9.8279E-8	1	0	4.40799
2435	-38.5	5.5	38.891	1097.314	10.24877	3.51	2.3	13.091	9.7277E-8	1	0	4.39076
2436	-38.5	6.5	39.045	1096.831	10.18614	3.51	2.3	13.245	9.6112E-8	1	0	4.37039
2437	-38.5	7.5	39.224	1096.281	10.11531	3.51	2.3	13.424	9.4802E-8	1	0	4.34703
2438	-38.5	8.5	39.427	1095.669	10.03722	3.51	2.3	13.627	9.3369E-8	1	0	4.32083
2439	-38.5	9.5	39.655	1095.003	9.95289	3.51	2.3	13.855	9.1833E-8	1	0	4.29193
2440	-38.5	10.5	39.906	1094.29	9.86341	3.51	2.3	14.106	9.0218E-8	1	0	4.26049
2441	-38.5	11.5	40.181	1093.537	9.76989	3.51	2.3	14.381	8.8544E-8	1	0	4.22662
2442	-38.5	12.5	40.478	1092.753	9.6735	3.51	2.3	14.678	8.6835E-8	1	0	4.19046
2443	-38.5	13.5	40.798	1091.946	9.57537	3.51	2.3	14.998	8.5112E-8	1	0	4.15209
2444	-38.5	14.5	41.14	1091.126	9.47663	3.51	2.3	15.34	8.3396E-8	1	0	4.11162
2445	-38.5	15.5	41.503	1090.302	9.37841	3.51	2.3	15.703	8.1705E-8	1	0	4.06912
2446	-38.5	16.5	41.887	1089.482	9.28176	3.51	2.3	16.087	8.0058E-8	1	0	4.02464
2447	-38.5	17.5	42.291	1088.677	9.1877	3.51	2.3	16.491	7.8471E-8	1	0	3.97823
2448	-38.5	18.5	42.714	1087.894	9.09718	3.51	2.3	16.914	7.6959E-8	1	0	3.92993
2449	-38.5	19.5	43.157	1087.143	9.0111	3.51	2.3	17.357	7.5534E-8	1	0	3.87977
2450	-38.5	20.5	43.618	1086.431	8.93028	3.51	2.3	17.818	7.4208E-8	1	0	3.82778
2451	-38.5	21.5	44.096	1085.767	8.85545	3.51	2.3	18.296	7.299E-8	1	0	3.77399
2452	-38.5	22.5	44.593	1085.157	8.78728	3.51	2.3	18.793	7.189E-8	1	0	3.71844
2453	-38.5	23.5	45.105	1084.609	8.72637	3.51	2.3	19.305	7.0914E-8	1	0	3.66117
2454	-38.5	24.5	45.634	1084.128	8.67322	3.51	2.3	19.834	7.0067E-8	1	0	3.60225
2455	-38.5	25.5	46.179	1083.719	8.62827	3.51	2.3	20.379	6.9355E-8	1	0	3.54175
2456	-38.5	26.5	46.739	1083.386	8.59188	3.51	2.3	20.939	6.8781E-8	1	0	3.47976
2457	-38.5	27.5	47.313	1083.134	8.56435	3.51	2.3	21.513	6.8349E-8	1	0	3.4164
2458	-38.5	28.5	47.901	1082.964	8.54587	3.51	2.3	22.101	6.8059E-8	1	0	3.3518
2459	-38.5	29.5	48.503	1082.879	8.53694	3.51	2.3	22.703	6.7919E-8	1	0	3.28597
2460	-37.5	-29.5	47.713	1085.407	8.44404	3.51	2.3	21.913	6.6376E-8	1	0	3.41836
2461	-37.5	-28.5	47.101	1085.497	8.4538	3.51	2.3	21.301	6.6527E-8	1	0	3.49157
2462	-37.5	-27.5	46.503	1085.676	8.47409	3.51	2.3	20.703	6.6842E-8	1	0	3.56348
2463	-37.5	-26.5	45.918	1085.941	8.50434	3.51	2.3	20.118	6.7312E-8	1	0	3.6341
2464	-37.5	-25.5	45.349	1086.291	8.54433	3.51	2.3	19.549	6.7936E-8	1	0	3.70329
2465	-37.5	-24.5	44.794	1086.721	8.59375	3.51	2.3	18.994	6.8712E-8	1	0	3.77093
2466	-37.5	-23.5	44.255	1087.227	8.65223	3.51	2.3	18.455	6.9635E-8	1	0	3.83694
2467	-37.5	-22.5	43.732	1087.803	8.7193	3.51	2.3	17.932	7.0701E-8	1	0	3.90122
2468	-37.5	-21.5	43.226	1088.444	8.79443	3.51	2.3	17.426	7.1904E-8	1	0	3.96375
2469	-37.5	-20.5	42.738	1089.142	8.87697	3.51	2.3	16.938	7.3238E-8	1	0	4.02446
2470	-37.5	-19.5	42.267	1089.889	8.96621	3.51	2.3	16.467	7.4694E-8	1	0	4.08333
2471	-37.5	-18.5	41.815	1090.678	9.06135	3.51	2.3	16.015	7.6261E-8	1	0	4.14034
2472	-37.5	-17.5	41.382	1091.5	9.16151	3.51	2.3	15.582	7.7929E-8	1	0	4.19545
2473	-37.5	-16.5	40.97	1092.345	9.2657	3.51	2.3	15.17	7.9682E-8	1	0	4.24864
2474	-37.5	-15.5	40.577	1093.204	9.3729	3.51	2.3	14.777	8.1506E-8	1	0	4.29985
2475	-37.5	-14.5	40.206	1094.068	9.48196	3.51	2.3	14.406	8.3383E-8	1	0	4.34904
2476	-37.5	-13.5	39.856	1094.926	9.59172	3.51	2.3	14.056	8.5292E-8	1	0	4.39613
2477	-37.5	-12.5	39.528	1095.77	9.70093	3.51	2.3	13.728	8.7214E-8	1	0	4.441
2478	-37.5	-11.5	39.224	1096.59	9.80833	3.51	2.3	13.424	8.9124E-8	1	0	4.48355
2479	-37.5	-10.5	38.942	1097.376	9.91263	3.51	2.3	13.142	9.0998E-8	1	0	4.52361
2480	-37.5	-9.5	38.685	1098.121	10.01254	3.51	2.3	12.885	9.2811E-8	1	0	4.56101
2481	-37.5	-8.5	38.451	1098.815	10.10678	3.51	2.3	12.651	9.4538E-8	1	0	4.59556
2482	-37.5	-7.5	38.243	1099.452	10.19413	3.51	2.3	12.443	9.6153E-8	1	0	4.62705
2483	-37.5	-6.5	38.059	1100.024	10.27342	3.51	2.3	12.259	9.763E-8	1	0	4.65526
2484	-37.5	-5.5	37.901	1100.526	10.34357	3.51	2.3	12.101	9.8946E-8	1	0	4.67996
2485	-37.5	-4.5	37.769	1100.953	10.40361	3.51	2.3	11.969	1.0008E-7	1	0	4.70093
2486	-37.5	-3.5	37.663	1101.299	10.4527	3.51	2.3	11.863	1.0101E-7	1	0	4.71799
2487	-37.5	-2.5	37.583	1101.562	10.49014	3.51	2.3	11.783	1.0172E-7	1	0	4.73095
2488	-37.5	-1.5	37.53	1101.739	10.5154	3.51	2.3	11.73	1.0221E-7	1	0	4.73967
2489	-37.5	-0.5	37.503	1101.827	10.52812	3.51	2.3	11.703	1.0245E-7	1	0	4.74405
2490	-37.5	0.5	37.503	1101.827	10.52812	3.51	2.3	11.703	1.0245E-7	1	0	4.74405
2491	-37.5	1.5	37.53	1101.739	10.5154	3.51	2.3	11.73	1.0221E-7	1	0	4.73967
2492	-37.5	2.5	37.583	1101.562	10.49014	3.51	2.3	11.783	1.0172E-7	1	0	4.73095
2493	-37.5	3.5	37.663	1101.299	10.4527	3.51	2.3	11.863	1.0101E-7	1	0	4.71799
2494	-37.5	4.5	37.769	1100.953	10.40361	3.51	2.3	11.969	1.0008E-7	1	0	4.70093
2495	-37.5	5.5	37.901	1100.526	10.34357	3.51	2.3	12.101	9.8946E-8	1	0	4.67996
2496	-37.5	6.5	38.059	1100.024	10.27342	3.51	2.3	12.259	9.763E-8	1	0	4.65526
2497	-37.5	7.5	38.243	1099.452	10.19413	3.51	2.3	12.443	9.6153E-8	1	0	4.62705
2498	-37.5	8.5	38.451	1098.815	10.10678	3.51	2.3	12.651	9.4538E-8	1	0	4.59556
2499	-37.5	9.5	38.685	1098.121	10.01254	3.51	2.3	12.885	9.2811E-8	1	0	4.56101
2500	-37.5	10.5	38.942	1097.376	9.91263	3.51	2.3	13.142	9.0998E-8	1	0	4.52361
2501	-37.5	11.5	39.224	1096.59	9.80833	3.51	2.3	13.424	8.9124E-8	1	0	4.48355
2502	-37.5	12.5	39.528	1095.77	9.70093	3.51	2.3	13.728	8.7214E-8	1	0	4.441
2503	-37.5	13.5	39.856	1094.926	9.59172	3.51	2.3	14.056	8.5292E-8	1	0	4.39613
2504	-37.5	14.5	40.206	1094.068	9.48196	3.51	2.3	14.406	8.3383E-8	1	0	4.34904
2505	-37.5	15.5	40.577	1093.204	9.3729	3.51	2.3	14.777	8.1506E-8	1	0	4.29985
2506	-37.5	16.5	40.97	1092.345	9.2657	3.51	2.3	15.17	7.9682E-8	1	0	4.24864
2507	-37.5	17.5	41.382	1091.5	9.16151	3.51	2.3	15.582	7.7929E-8	1	0	4.19545
2508	-37.5	18.5	41.815	1090.678	9.06135	3.51	2.3	16.015	7.6261E-8	1	0	4.14034
2509	-37.5	19.5	42.267	1089.889	8.96621	3.51	2.3	16.467	7.4694E-8	1	0	4.08333
2510	-37.5	20.5	42.738	1089.142	8.87697	3.51	2.3	16.938	7.3238E-8	1	0	4.02446
2511	-37.5	21.5	43.226	1088.444	8.79443	3.51	2.3	17.426	7.1904E-8	1	0	3.96375
2512	-37.5	22.5	43.732	1087.803	8.7193	3.51	2.3	17.932	7.0701E-8	1	0	3.90122
2513	-37.5	23.5	44.255	1087.227	8.65223	3.51	2.3	18.455	6.9635E-8	1	0	3.83694
2514	-37.5	24.5	44.794	1086.721	8.59375	3.51	2.3	18.994	6.8712E-8	1	0	3.77093
2515	-37.5	25.5	45.349	1086.291	8.54433	3.51	2.3	19.549	6.7936E-8	1	0	3.70329
2516	-37.5	26.5	45.918	1085.941	8.50434	3.51	2.3	20.118	6.7312E-8	1	0	3.6341
2517	-37.5	27.5	46.503	1085.676	8.47409	3.51	2.3	20.703	6.6842E-8	1	0	3.56348
2518	-37.5	28.5	47.101	1085.497	8.4538	3.51	2.3	21.301	6.6527E-8	1	0	3.49157
2519	-37.5	29.5	47.713	1085.407	8.44404	3.51	2.3	21.913	6.6376E-8	1	0	3.41836
2520	-36.5	-29.5	46.931	1087.739	8.34208	3.51	2.3	21.131	6.4718E-8	1	0	3.56409
2521	-36.5	-28.5	46.309	1087.834	8.35274	3.51	2.3	20.509	6.488E-8	1	0	3.64576
2522	-36.5	-27.5	45.7	1088.021	8.37499	3.51	2.3	19.9	6.5221E-8	1	0	3.72607
2523	-36.5	-26.5	45.105	1088.3	8.40819	3.51	2.3	19.305	6.5731E-8	1	0	3.80505
2524	-36.5	-25.5	44.525	1088.667	8.45209	3.51	2.3	18.725	6.6409E-8	1	0	3.88257
2525	-36.5	-24.5	43.96	1089.118	8.50637	3.51	2.3	18.16	6.7252E-8	1	0	3.9585
2526	-36.5	-23.5	43.411	1089.649	8.57065	3.51	2.3	17.611	6.8256E-8	1	0	4.03276
2527	-36.5	-22.5	42.878	1090.254	8.64444	3.51	2.3	17.078	6.9418E-8	1	0	4.10529
2528	-36.5	-21.5	42.362	1090.925	8.72716	3.51	2.3	16.562	7.0732E-8	1	0	4.17604
2529	-36.5	-20.5	41.863	1091.657	8.81814	3.51	2.3	16.063	7.2192E-8	1	0	4.24498
2530	-36.5	-19.5	41.382	1092.44	8.91662	3.51	2.3	15.582	7.3788E-8	1	0	4.3121
2531	-36.5	-18.5	40.921	1093.265	9.02172	3.51	2.3	15.121	7.5511E-8	1	0	4.37737
2532	-36.5	-17.5	40.478	1094.125	9.1325	3.51	2.3	14.678	7.7348E-8	1	0	4.44078
2533	-36.5	-16.5	40.056	1095.009	9.2479	3.51	2.3	14.256	7.9284E-8	1	0	4.50231
2534	-36.5	-15.5	39.655	1095.907	9.36677	3.51	2.3	13.855	8.1304E-8	1	0	4.56189
2535	-36.5	-14.5	39.275	1096.808	9.48787	3.51	2.3	13.475	8.3387E-8	1	0	4.61946
2536	-36.5	-13.5	38.917	1097.704	9.6099	3.51	2.3	13.117	8.5512E-8	1	0	4.67492
2537	-36.5	-12.5	38.581	1098.583	9.73148	3.51	2.3	12.781	8.7656E-8	1	0	4.72813
2538	-36.5	-11.5	38.269	1099.436	9.85119	3.51	2.3	12.469	8.9793E-8	1	0	4.7789
2539	-36.5	-10.5	37.98	1100.253	9.96758	3.51	2.3	12.18	9.1894E-8	1	0	4.82703
2540	-36.5	-9.5	37.716	1101.026	10.0792	3.51	2.3	11.916	9.3932E-8	1	0	4.87226
2541	-36.5	-8.5	37.477	1101.746	10.1846	3.51	2.3	11.677	9.5877E-8	1	0	4.91431
2542	-36.5	-7.5	37.263	1102.406	10.28238	3.51	2.3	11.463	9.7698E-8	1	0	4.95286
2543	-36.5	-6.5	37.074	1102.998	10.37121	3.51	2.3	11.274	9.9368E-8	1	0	4.98758
2544	-36.5	-5.5	36.912	1103.517	10.44986	3.51	2.3	11.112	1.0086E-7	1	0	5.01813
2545	-36.5	-4.5	36.776	1103.957	10.51721	3.51	2.3	10.976	1.0214E-7	1	0	5.0442
2546	-36.5	-3.5	36.667	1104.314	10.57231	3.51	2.3	10.867	1.032E-7	1	0	5.06547
2547	-36.5	-2.5	36.586	1104.585	10.61434	3.51	2.3	10.786	1.0401E-7	1	0	5.08168
2548	-36.5	-1.5	36.531	1104.767	10.64272	3.51	2.3	10.731	1.0456E-7	1	0	5.09261
2549	-36.5	-0.5	36.503	1104.858	10.657	3.51	2.3	10.703	1.0483E-7	1	0	5.09812
2550	-36.5	0.5	36.503	1104.858	10.657	3.51	2.3	10.703	1.0483E-7	1	0	5.09812
2551	-36.5	1.5	36.531	1104.767	10.64272	3.51	2.3	10.731	1.0456E-7	1	0	5.09261
2552	-36.5	2.5	36.586	1104.585	10.61434	3.51	2.3	10.786	1.0401E-7	1	0	5.08168
2553	-36.5	3.5	36.667	1104.314	10.57231	3.51	2.3	10.867	1.032E-7	1	0	5.06547
2554	-36.5	4.5	36.776	1103.957	10.51721	3.51	2.3	10.976	1.0214E-7	1	0	5.0442
2555	-36.5	5.5	36.912	1103.517	10.44986	3.51	2.3	11.112	1.0086E-7	1	0	5.01813
2556	-36.5	6.5	37.074	1102.998	10.37121	3.51	2.3	11.274	9.9368E-8	1	0	4.98758
2557	-36.5	7.5	37.263	1102.406	10.28238	3.51	2.3	11.463	9.7698E-8	1	0	4.95286
2558	-36.5	8.5	37.477	1101.746	10.1846	3.51	2.3	11.677	9.5877E-8	1	0	4.91431
2559	-36.5	9.5	37.716	1101.026	10.0792	3.51	2.3	11.916	9.3932E-8	1	0	4.87226
2560	-36.5	10.5	37.98	1100.253	9.96758	3.51	2.3	12.18	9.1894E-8	1	0	4.82703
2561	-36.5	11.5	38.269	1099.436	9.85119	3.51	2.3	12.469	8.9793E-8	1	0	4.7789
2562	-36.5	12.5	38.581	1098.583	9.73148	3.51	2.3	12.781	8.7656E-8	1	0	4.72813
2563	-36.5	13.5	38.917	1097.704	9.6099	3.51	2.3	13.117	8.5512E-8	1	0	4.67492
2564	-36.5	14.5	39.275	1096.808	9.48787	3.51	2.3	13.475	8.3387E-8	1	0	4.61946
2565	-36.5	15.5	39.655	1095.907	9.36677	3.51	2.3	13.855	8.1304E-8	1	0	4.56189
2566	-36.5	16.5	40.056	1095.009	9.2479	3.51	2.3	14.256	7.9284E-8	1	0	4.50231
2567	-36.5	17.5	40.478	1094.125	9.1325	3.51	2.3	14.678	7.7348E-8	1	0	4.44078
2568	-36.5	18.5	40.921	1093.265	9.02172	3.51	2.3	15.121	7.5511E-8	1	0	4.37737
2569	-36.5	19.5	41.382	1092.44	8.91662	3.51	2.3	15.582	7.3788E-8	1	0	4.3121
2570	-36.5	20.5	41.863	1091.657	8.81814	3.51	2.3	16.063	7.2192E-8	1	0	4.24498
2571	-36.5	21.5	42.362	1090.925	8.72716	3.51	2.3	16.562	7.0732E-8	1	0	4.17604
2572	-36.5	22.5	42.878	1090.254	8.64444	3.51	2.3	17.078	6.9418E-8	1	0	4.10529
2573	-36.5	23.5	43.411	1089.649	8.57065	3.51	2.3	17.611	6.8256E-8	1	0	4.03276
2574	-36.5	24.5	43.96	1089.118	8.50637	3.51	2.3	18.16	6.7252E-8	1	0	3.9585
2575	-36.5	25.5	44.525	1088.667	8.45209	3.51	2.3	18.725	6.6409E-8	1	0	3.88257
2576	-36.5	26.5	45.105	1088.3	8.40819	3.51	2.3	19.305	6.5731E-8	1	0	3.80505
2577	-36.5	27.5	45.7	1088.021	8.37499	3.51	2.3	19.9	6.5221E-8	1	0	3.72607
2578	-36.5	28.5	46.309	1087.834	8.35274	3.51	2.3	20.509	6.488E-8	1	0	3.64576
2579	-36.5	29.5	46.931	1087.739	8.34208	3.51	2.3	21.131	6.4718E-8	1	0	3.56409
2580	-35.5	-29.5	46.157	1089.881	8.23035	3.51	2.3	20.357	6.2937E-8	1	0	3.7251
2581	-35.5	-28.5	45.525	1089.98	8.24195	3.51	2.3	19.725	6.3112E-8	1	0	3.8165
2582	-35.5	-27.5	44.905	1090.176	8.26633	3.51	2.3	19.105	6.348E-8	1	0	3.90648
2583	-35.5	-26.5	44.3	1090.468	8.30271	3.51	2.3	18.5	6.4032E-8	1	0	3.99514
2584	-35.5	-25.5	43.709	1090.852	8.35084	3.51	2.3	17.909	6.4766E-8	1	0	4.08233
2585	-35.5	-24.5	43.134	1091.325	8.4104	3.51	2.3	17.334	6.568E-8	1	0	4.16795
2586	-35.5	-23.5	42.573	1091.88	8.48098	3.51	2.3	16.773	6.677E-8	1	0	4.25192
2587	-35.5	-22.5	42.03	1092.513	8.56207	3.51	2.3	16.23	6.8035E-8	1	0	4.33418
2588	-35.5	-21.5	41.503	1093.215	8.65307	3.51	2.3	15.703	6.9467E-8	1	0	4.41473
2589	-35.5	-20.5	40.994	1093.98	8.75327	3.51	2.3	15.194	7.1062E-8	1	0	4.49354
2590	-35.5	-19.5	40.503	1094.798	8.86186	3.51	2.3	14.703	7.281E-8	1	0	4.57063
2591	-35.5	-18.5	40.031	1095.66	8.97791	3.51	2.3	14.231	7.4701E-8	1	0	4.64601
2592	-35.5	-17.5	39.579	1096.556	9.10039	3.51	2.3	13.779	7.6724E-8	1	0	4.71967
2593	-35.5	-16.5	39.147	1097.477	9.22816	3.51	2.3	13.347	7.8861E-8	1	0	4.79159
2594	-35.5	-15.5	38.736	1098.412	9.35995	3.51	2.3	12.936	8.1097E-8	1	0	4.86172
2595	-35.5	-14.5	38.347	1099.349	9.49442	3.51	2.3	12.547	8.341E-8	1	0	4.92998
2596	-35.5	-13.5	37.98	1100.279	9.63012	3.51	2.3	12.18	8.5776E-8	1	0	4.99623
2597	-35.5	-12.5	37.636	1101.191	9.7655	3.51	2.3	11.836	8.817E-8	1	0	5.06028
2598	-35.5	-11.5	37.316	1102.074	9.899	3.51	2.3	11.516	9.0562E-8	1	0	5.12189
2599	-35.5	-10.5	37.02	1102.919	10.02896	3.51	2.3	11.22	9.2921E-8	1	0	5.18075
2600	-35.5	-9.5	36.749	1103.717	10.15374	3.51	2.3	10.949	9.5215E-8	1	0	5.23648
2601	-35.5	-8.5	36.503	1104.459	10.27171	3.51	2.3	10.703	9.7408E-8	1	0	5.28868
2602	-35.5	-7.5	36.284	1105.137	10.38126	3.51	2.3	10.484	9.9468E-8	1	0	5.33687
2603	-35.5	-6.5	36.09	1105.745	10.48088	3.51	2.3	10.29	1.0136E-7	1	0	5.38055
2604	-35.5	-5.5	35.924	1106.277	10.56915	3.51	2.3	10.124	1.0305E-7	1	0	5.41922
2605	-35.5	-4.5	35.784	1106.727	10.6448	3.51	2.3	9.984	1.0451E-7	1	0	5.45238
2606	-35.5	-3.5	35.672	1107.092	10.7067	3.51	2.3	9.872	1.0571E-7	1	0	5.47956
2607	-35.5	-2.5	35.588	1107.368	10.75395	3.51	2.3	9.788	1.0663E-7	1	0	5.50034
2608	-35.5	-1.5	35.532	1107.554	10.78585	3.51	2.3	9.732	1.0726E-7	1	0	5.5144
2609	-35.5	-0.5	35.504	1107.647	10.80192	3.51	2.3	9.704	1.0757E-7	1	0	5.52149
2610	-35.5	0.5	35.504	1107.647	10.80192	3.51	2.3	9.704	1.0757E-7	1	0	5.52149
2611	-35.5	1.5	35.532	1107.554	10.78585	3.51	2.3	9.732	1.0726E-7	1	0	5.5144
2612	-35.5	2.5	35.588	1107.368	10.75395	3.51	2.3	9.788	1.0663E-7	1	0	5.50034
2613	-35.5	3.5	35.672	1107.092	10.7067	3.51	2.3	9.872	1.0571E-7	1	0	5.47956
2614	-35.5	4.5	35.784	1106.727	10.6448	3.51	2.3	9.984	1.0451E-7	1	0	5.45238
2615	-35.5	5.5	35.924	1106.277	10.56915	3.51	2.3	10.124	1.0305E-7	1	0	5.41922
2616	-35.5	6.5	36.09	1105.745	10.48088	3.51	2.3	10.29	1.0136E-7	1	0	5.38055
2617	-35.5	7.5	36.284	1105.137	10.38126	3.51	2.3	10.484	9.9468E-8	1	0	5.33687
2618	-35.5	8.5	36.503	1104.459	10.27171	3.51	2.3	10.703	9.7408E-8	1	0	5.28868
2619	-35.5	9.5	36.749	1103.717	10.15374	3.51	2.3	10.949	9.5215E-8	1	0	5.23648
2620	-35.5	10.5	37.02	1102.919	10.02896	3.51	2.3	11.22	9.2921E-8	1	0	5.18075
2621	-35.5	11.5	37.316	1102.074	9.899	3.51	2.3	11.516	9.0562E-8	1	0	5.12189
2622	-35.5	12.5	37.636	1101.191	9.7655	3.51	2.3	11.836	8.817E-8	1	0	5.06028
2623	-35.5	13.5	37.98	1100.279	9.63012	3.51	2.3	12.18	8.5776E-8	1	0	4.99623
2624	-35.5	14.5	38.347	1099.349	9.49442	3.51	2.3	12.547	8.341E-8	1	0	4.92998
2625	-35.5	15.5	38.736	1098.412	9.35995	3.51	2.3	12.936	8.1097E-8	1	0	4.86172
2626	-35.5	16.5	39.147	1097.477	9.22816	3.51	2.3	13.347	7.8861E-8	1	0	4.79159
2627	-35.5	17.5	39.579	1096.556	9.10039	3.51	2.3	13.779	7.6724E-8	1	0	4.71967
2628	-35.5	18.5	40.031	1095.66	8.97791	3.51	2.3	14.231	7.4701E-8	1	0	4.64601
2629	-35.5	19.5	40.503	1094.798	8.86186	3.51	2.3	14.703	7.281E-8	1	0	4.57063
2630	-35.5	20.5	40.994	1093.98	8.75327	3.51	2.3	15.194	7.1062E-8	1	0	4.49354
2631	-35.5	21.5	41.503	1093.215	8.65307	3.51	2.3	15.703	6.9467E-8	1	0	4.41473
2632	-35.5	22.5	42.03	1092.513	8.56207	3.51	2.3	16.23	6.8035E-8	1	0	4.33418
2633	-35.5	23.5	42.573	1091.88	8.48098	3.51	2.3	16.773	6.677E-8	1	0	4.25192
2634	-35.5	24.5	43.134	1091.325	8.4104	3.51	2.3	17.334	6.568E-8	1	0	4.16795
2635	-35.5	25.5	43.709	1090.852	8.35084	3.51	2.3	17.909	6.4766E-8	1	0	4.08233
2636	-35.5	26.5	44.3	1090.468	8.30271	3.51	2.3	18.5	6.4032E-8	1	0	3.99514
2637	-35.5	27.5	44.905	1090.176	8.26633	3.51	2.3	19.105	6.348E-8	1	0	3.90648
2638	-35.5	28.5	45.525	1089.98	8.24195	3.51	2.3	19.725	6.3112E-8	1	0	3.8165
2639	-35.5	29.5	46.157	1089.881	8.23035	3.51	2.3	20.357	6.2937E-8	1	0	3.7251
2640	-34.5	-29.5	45.393	1091.838	8.10806	3.51	2.3	19.593	6.1029E-8	1	0	3.90364
2641	-34.5	-28.5	44.749	1091.941	8.12068	3.51	2.3	18.949	6.1216E-8	1	0	4.00628
2642	-34.5	-27.5	44.119	1092.147	8.14735	3.51	2.3	18.319	6.1613E-8	1	0	4.10747
2643	-34.5	-26.5	43.503	1092.452	8.18715	3.51	2.3	17.703	6.2209E-8	1	0	4.20739
2644	-34.5	-25.5	42.901	1092.853	8.23985	3.51	2.3	17.101	6.3001E-8	1	0	4.3059
2645	-34.5	-24.5	42.314	1093.347	8.30511	3.51	2.3	16.514	6.3989E-8	1	0	4.4029
2646	-34.5	-23.5	41.743	1093.927	8.38251	3.51	2.3	15.943	6.5171E-8	1	0	4.49835
2647	-34.5	-22.5	41.189	1094.587	8.47153	3.51	2.3	15.389	6.6543E-8	1	0	4.59221
2648	-34.5	-21.5	40.651	1095.32	8.57154	3.51	2.3	14.851	6.8102E-8	1	0	4.68452
2649	-34.5	-20.5	40.131	1096.116	8.68179	3.51	2.3	14.331	6.9841E-8	1	0	4.7753
2650	-34.5	-19.5	39.63	1096.968	8.80144	3.51	2.3	13.83	7.1753E-8	1	0	4.86461
2651	-34.5	-18.5	39.147	1097.866	8.9295	3.51	2.3	13.347	7.3827E-8	1	0	4.95249
2652	-34.5	-17.5	38.685	1098.798	9.06485	3.51	2.3	12.885	7.6051E-8	1	0	5.03897
2653	-34.5	-16.5	38.243	1099.754	9.20627	3.51	2.3	12.443	7.841E-8	1	0	5.12406
2654	-34.5	-15.5	37.822	1100.723	9.35238	3.51	2.3	12.022	8.0884E-8	1	0	5.20771
2655	-34.5	-14.5	37.423	1101.693	9.50169	3.51	2.3	11.623	8.3452E-8	1	0	5.28983
2656	-34.5	-13.5	37.047	1102.654	9.65261	3.51	2.3	11.247	8.6088E-8	1	0	5.37025
2657	-34.5	-12.5	36.695	1103.594	9.80342	3.51	2.3	10.895	8.8763E-8	1	0	5.44872
2658	-34.5	-11.5	36.366	1104.503	9.95235	3.51	2.3	10.566	9.1444E-8	1	0	5.5249
2659	-34.5	-10.5	36.062	1105.371	10.09756	3.51	2.3	10.262	9.4096E-8	1	0	5.59835
2660	-34.5	-9.5	35.784	1106.188	10.23717	3.51	2.3	9.984	9.6681E-8	1	0	5.66853
2661	-34.5	-8.5	35.532	1106.946	10.36931	3.51	2.3	9.732	9.916E-8	1	0	5.73482
2662	-34.5	-7.5	35.306	1107.638	10.49218	3.51	2.3	9.506	1.0149E-7	1	0	5.79653
2663	-34.5	-6.5	35.107	1108.256	10.60403	3.51	2.3	9.307	1.0364E-7	1	0	5.85289
2664	-34.5	-5.5	34.936	1108.796	10.70322	3.51	2.3	9.136	1.0556E-7	1	0	5.90313
2665	-34.5	-4.5	34.792	1109.252	10.78827	3.51	2.3	8.992	1.0723E-7	1	0	5.94646
2666	-34.5	-3.5	34.677	1109.621	10.85791	3.51	2.3	8.877	1.086E-7	1	0	5.98217
2667	-34.5	-2.5	34.59	1109.9	10.91108	3.51	2.3	8.79	1.0965E-7	1	0	6.00959
2668	-34.5	-1.5	34.533	1110.086	10.94698	3.51	2.3	8.733	1.1036E-7	1	0	6.02819
2669	-34.5	-0.5	34.504	1110.18	10.96506	3.51	2.3	8.704	1.1072E-7	1	0	6.03759
2670	-34.5	0.5	34.504	1110.18	10.96506	3.51	2.3	8.704	1.1072E-7	1	0	6.03759
2671	-34.5	1.5	34.533	1110.086	10.94698	3.51	2.3	8.733	1.1036E-7	1	0	6.02819
2672	-34.5	2.5	34.59	1109.9	10.91108	3.51	2.3	8.79	1.0965E-7	1	0	6.00959
2673	-34.5	3.5	34.677	1109.621	10.85791	3.51	2.3	8.877	1.086E-7	1	0	5.98217
2674	-34.5	4.5	34.792	1109.252	10.78827	3.51	2.3	8.992	1.0723E-7	1	0	5.94646
2675	-34.5	5.5	34.936	1108.796	10.70322	3.51	2.3	9.136	1.0556E-7	1	0	5.90313
2676	-34.5	6.5	35.107	1108.256	10.60403	3.51	2.3	9.307	1.0364E-7	1	0	5.85289
2677	-34.5	7.5	35.306	1107.638	10.49218	3.51	2.3	9.506	1.0149E-7	1	0	5.79653
2678	-34.5	8.5	35.532	1106.946	10.36931	3.51	2.3	9.732	9.916E-8	1	0	5.73482
2679	-34.5	9.5	35.784	1106.188	10.23717	3.51	2.3	9.984	9.6681E-8	1	0	5.66853
2680	-34.5	10.5	36.062	1105.371	10.09756	3.51	2.3	10.262	9.4096E-8	1	0	5.59835
2681	-34.5	11.5	36.366	1104.503	9.95235	3.51	2.3	10.566	9.1444E-8	1	0	5.5249
2682	-34.5	12.5	36.695	1103.594	9.80342	3.51	2.3	10.895	8.8763E-8	1	0	5.44872
2683	-34.5	13.5	37.047	1102.654	9.65261	3.51	2.3	11.247	8.6088E-8	1	0	5.37025
2684	-34.5	14.5	37.423	1101.693	9.50169	3.51	2.3	11.623	8.3452E-8	1	0	5.28983
2685	-34.5	15.5	37.822	1100.723	9.35238	3.51	2.3	12.022	8.0884E-8	1	0	5.20771
2686	-34.5	16.5	38.243	1099.754	9.20627	3.51	2.3	12.443	7.841E-8	1	0	5.12406
2687	-34.5	17.5	38.685	1098.798	9.06485	3.51	2.3	12.885	7.6051E-8	1	0	5.03897
2688	-34.5	18.5	39.147	1097.866	8.9295	3.51	2.3	13.347	7.3827E-8	1	0	4.95249
2689	-34.5	19.5	39.63	1096.968	8.80144	3.51	2.3	13.83	7.1753E-8	1	0	4.86461
2690	-34.5	20.5	40.131	1096.116	8.68179	3.51	2.3	14.331	6.9841E-8	1	0	4.7753
2691	-34.5	21.5	40.651	1095.32	8.57154	3.51	2.3	14.851	6.8102E-8	1	0	4.68452
2692	-34.5	22.5	41.189	1094.587	8.47153	3.51	2.3	15.389	6.6543E-8	1	0	4.59221
2693	-34.5	23.5	41.743	1093.927	8.38251	3.51	2.3	15.943	6.5171E-8	1	0	4.49835
2694	-34.5	24.5	42.314	1093.347	8.30511	3.51	2.3	16.514	6.3989E-8	1	0	4.4029
2695	-34.5	25.5	42.901	1092.853	8.23985	3.51	2.3	17.101	6.3001E-8	1	0	4.3059
2696	-34.5	26.5	43.503	1092.452	8.18715	3.51	2.3	17.703	6.2209E-8	1	0	4.20739
2697	-34.5	27.5	44.119	1092.147	8.14735	3.51	2.3	18.319	6.1613E-8	1	0	4.10747
2698	-34.5	28.5	44.749	1091.941	8.12068	3.51	2.3	18.949	6.1216E-8	1	0	4.00628
2699	-34.5	29.5	45.393	1091.838	8.10806	3.51	2.3	19.593	6.1029E-8	1	0	3.90364
2700	-33.5	-29.5	44.637	1093.619	7.97445	3.51	2.3	18.837	5.8988E-8	1	0	4.1024
2701	-33.5	-28.5	43.983	1093.726	7.98813	3.51	2.3	18.183	5.9188E-8	1	0	4.2181
2702	-33.5	-27.5	43.342	1093.94	8.01725	3.51	2.3	17.542	5.9615E-8	1	0	4.33234
2703	-33.5	-26.5	42.714	1094.258	8.06074	3.51	2.3	16.914	6.0255E-8	1	0	4.44543
2704	-33.5	-25.5	42.101	1094.677	8.11834	3.51	2.3	16.301	6.1108E-8	1	0	4.55725
2705	-33.5	-24.5	41.503	1095.191	8.18974	3.51	2.3	15.703	6.2174E-8	1	0	4.66773
2706	-33.5	-23.5	40.921	1095.796	8.27451	3.51	2.3	15.121	6.3451E-8	1	0	4.77685
2707	-33.5	-22.5	40.355	1096.483	8.37211	3.51	2.3	14.555	6.4937E-8	1	0	4.88466
2708	-33.5	-21.5	39.806	1097.245	8.4819	3.51	2.3	14.006	6.6629E-8	1	0	4.99125
2709	-33.5	-20.5	39.275	1098.073	8.6031	3.51	2.3	13.475	6.8522E-8	1	0	5.0967
2710	-33.5	-19.5	38.762	1098.958	8.73483	3.51	2.3	12.962	7.0609E-8	1	0	5.20115
2711	-33.5	-18.5	38.269	1099.888	8.87603	3.51	2.3	12.469	7.2881E-8	1	0	5.30472
2712	-33.5	-17.5	37.796	1100.853	9.02553	3.51	2.3	11.996	7.5325E-8	1	0	5.4075
2713	-33.5	-16.5	37.343	1101.842	9.182	3.51	2.3	11.543	7.7926E-8	1	0	5.50954
2714	-33.5	-15.5	36.912	1102.842	9.34395	3.51	2.3	11.112	8.0664E-8	1	0	5.61085
2715	-33.5	-14.5	36.503	1103.841	9.50975	3.51	2.3	10.703	8.3515E-8	1	0	5.71131
2716	-33.5	-13.5	36.118	1104.828	9.67763	3.51	2.3	10.318	8.6453E-8	1	0	5.81074
2717	-33.5	-12.5	35.756	1105.792	9.84569	3.51	2.3	9.956	8.9444E-8	1	0	5.90882
2718	-33.5	-11.5	35.419	1106.72	10.01194	3.51	2.3	9.619	9.2452E-8	1	0	6.00506
2719	-33.5	-10.5	35.107	1107.604	10.17429	3.51	2.3	9.307	9.5438E-8	1	0	6.09887
2720	-33.5	-9.5	34.821	1108.434	10.33062	3.51	2.3	9.021	9.8358E-8	1	0	6.18946
2721	-33.5	-8.5	34.562	1109.202	10.4788	3.51	2.3	8.762	1.0117E-7	1	0	6.27591
2722	-33.5	-7.5	34.329	1109.899	10.61675	3.51	2.3	8.529	1.0381E-7	1	0	6.35715
2723	-33.5	-6.5	34.125	1110.521	10.74248	3.51	2.3	8.325	1.0626E-7	1	0	6.43202
2724	-33.5	-5.5	33.948	1111.062	10.85408	3.51	2.3	8.148	1.0845E-7	1	0	6.49929
2725	-33.5	-4.5	33.801	1111.517	10.94984	3.51	2.3	8.001	1.1035E-7	1	0	6.55774
2726	-33.5	-3.5	33.682	1111.884	11.02828	3.51	2.3	7.882	1.1192E-7	1	0	6.6062
2727	-33.5	-2.5	33.593	1112.161	11.08818	3.51	2.3	7.793	1.1313E-7	1	0	6.6436
2728	-33.5	-1.5	33.534	1112.346	11.12863	3.51	2.3	7.734	1.1394E-7	1	0	6.66906
2729	-33.5	-0.5	33.504	1112.439	11.14901	3.51	2.3	7.704	1.1436E-7	1	0	6.68196
2730	-33.5	0.5	33.504	1112.439	11.14901	3.51	2.3	7.704	1.1436E-7	1	0	6.68196
2731	-33.5	1.5	33.534	1112.346	11.12863	3.51	2.3	7.734	1.1394E-7	1	0	6.66906
2732	-33.5	2.5	33.593	1112.161	11.08818	3.51	2.3	7.793	1.1313E-7	1	0	6.6436
2733	-33.5	3.5	33.682	1111.884	11.02828	3.51	2.3	7.882	1.1192E-7	1	0	6.6062
2734	-33.5	4.5	33.801	1111.517	10.94984	3.51	2.3	8.001	1.1035E-7	1	0	6.55774
2735	-33.5	5.5	33.948	1111.062	10.85408	3.51	2.3	8.148	1.0845E-7	1	0	6.49929
2736	-33.5	6.5	34.125	1110.521	10.74248	3.51	2.3	8.325	1.0626E-7	1	0	6.43202
2737	-33.5	7.5	34.329	1109.899	10.61675	3.51	2.3	8.529	1.0381E-7	1	0	6.35715
2738	-33.5	8.5	34.562	1109.202	10.4788	3.51	2.3	8.762	1.0117E-7	1	0	6.27591
2739	-33.5	9.5	34.821	1108.434	10.33062	3.51	2.3	9.021	9.8358E-8	1	0	6.18946
2740	-33.5	10.5	35.107	1107.604	10.17429	3.51	2.3	9.307	9.5438E-8	1	0	6.09887
2741	-33.5	11.5	35.419	1106.72	10.01194	3.51	2.3	9.619	9.2452E-8	1	0	6.00506
2742	-33.5	12.5	35.756	1105.792	9.84569	3.51	2.3	9.956	8.9444E-8	1	0	5.90882
2743	-33.5	13.5	36.118	1104.828	9.67763	3.51	2.3	10.318	8.6453E-8	1	0	5.81074
2744	-33.5	14.5	36.503	1103.841	9.50975	3.51	2.3	10.703	8.3515E-8	1	0	5.71131
2745	-33.5	15.5	36.912	1102.842	9.34395	3.51	2.3	11.112	8.0664E-8	1	0	5.61085
2746	-33.5	16.5	37.343	1101.842	9.182	3.51	2.3	11.543	7.7926E-8	1	0	5.50954
2747	-33.5	17.5	37.796	1100.853	9.02553	3.51	2.3	11.996	7.5325E-8	1	0	5.4075
2748	-33.5	18.5	38.269	1099.888	8.87603	3.51	2.3	12.469	7.2881E-8	1	0	5.30472
2749	-33.5	19.5	38.762	1098.958	8.73483	3.51	2.3	12.962	7.0609E-8	1	0	5.20115
2750	-33.5	20.5	39.275	1098.073	8.6031	3.51	2.3	13.475	6.8522E-8	1	0	5.0967
2751	-33.5	21.5	39.806	1097.245	8.4819	3.51	2.3	14.006	6.6629E-8	1	0	4.99125
2752	-33.5	22.5	40.355	1096.483	8.37211	3.51	2.3	14.555	6.4937E-8	1	0	4.88466
2753	-33.5	23.5	40.921	1095.796	8.27451	3.51	2.3	15.121	6.3451E-8	1	0	4.77685
2754	-33.5	24.5	41.503	1095.191	8.18974	3.51	2.3	15.703	6.2174E-8	1	0	4.66773
2755	-33.5	25.5	42.101	1094.677	8.11834	3.51	2.3	16.301	6.1108E-8	1	0	4.55725
2756	-33.5	26.5	42.714	1094.258	8.06074	3.51	2.3	16.914	6.0255E-8	1	0	4.44543
2757	-33.5	27.5	43.342	1093.94	8.01725	3.51	2.3	17.542	5.9615E-8	1	0	4.33234
2758	-33.5	28.5	43.983	1093.726	7.98813	3.51	2.3	18.183	5.9188E-8	1	0	4.2181
2759	-33.5	29.5	44.637	1093.619	7.97445	3.51	2.3	18.837	5.8988E-8	1	0	4.1024
2760	-32.5	-29.5	43.892	1095.231	7.82871	3.51	2.3	18.092	5.6812E-8	1	0	4.32457
2761	-32.5	-28.5	43.226	1095.343	7.84351	3.51	2.3	17.426	5.7024E-8	1	0	4.4555
2762	-32.5	-27.5	42.573	1095.565	7.87525	3.51	2.3	16.773	5.7481E-8	1	0	4.58503
2763	-32.5	-26.5	41.934	1095.896	7.92267	3.51	2.3	16.134	5.8167E-8	1	0	4.71363
2764	-32.5	-25.5	41.31	1096.332	7.98554	3.51	2.3	15.51	5.9083E-8	1	0	4.8412
2765	-32.5	-24.5	40.7	1096.866	8.06353	3.51	2.3	14.9	6.0228E-8	1	0	4.96774
2766	-32.5	-23.5	40.106	1097.494	8.15622	3.51	2.3	14.306	6.1604E-8	1	0	5.09332
2767	-32.5	-22.5	39.528	1098.208	8.26308	3.51	2.3	13.728	6.3209E-8	1	0	5.21806
2768	-32.5	-21.5	38.968	1098.998	8.38345	3.51	2.3	13.168	6.5042E-8	1	0	5.34215
2769	-32.5	-20.5	38.425	1099.857	8.51655	3.51	2.3	12.625	6.7098E-8	1	0	5.46581
2770	-32.5	-19.5	37.901	1100.772	8.66143	3.51	2.3	12.101	6.9373E-8	1	0	5.5893
2771	-32.5	-18.5	37.397	1101.734	8.81702	3.51	2.3	11.597	7.1857E-8	1	0	5.71286
2772	-32.5	-17.5	36.912	1102.729	8.98205	3.51	2.3	11.112	7.454E-8	1	0	5.8367
2773	-32.5	-16.5	36.449	1103.746	9.1551	3.51	2.3	10.649	7.7406E-8	1	0	5.961
2774	-32.5	-15.5	36.007	1104.773	9.33457	3.51	2.3	10.207	8.0434E-8	1	0	6.08581
2775	-32.5	-14.5	35.588	1105.796	9.51868	3.51	2.3	9.788	8.3601E-8	1	0	6.2111
2776	-32.5	-13.5	35.192	1106.804	9.70547	3.51	2.3	9.392	8.6876E-8	1	0	6.33665
2777	-32.5	-12.5	34.821	1107.783	9.89284	3.51	2.3	9.021	9.0224E-8	1	0	6.46207
2778	-32.5	-11.5	34.475	1108.724	10.07854	3.51	2.3	8.675	9.3604E-8	1	0	6.58674
2779	-32.5	-10.5	34.154	1109.616	10.2602	3.51	2.3	8.354	9.6971E-8	1	0	6.70982
2780	-32.5	-9.5	33.86	1110.449	10.43542	3.51	2.3	8.06	1.0027E-7	1	0	6.83018
2781	-32.5	-8.5	33.593	1111.216	10.60176	3.51	2.3	7.793	1.0346E-7	1	0	6.94644
2782	-32.5	-7.5	33.354	1111.91	10.75683	3.51	2.3	7.554	1.0648E-7	1	0	7.05695
2783	-32.5	-6.5	33.144	1112.526	10.89835	3.51	2.3	7.344	1.0927E-7	1	0	7.15987
2784	-32.5	-5.5	32.962	1113.058	11.02412	3.51	2.3	7.162	1.1178E-7	1	0	7.25324
2785	-32.5	-4.5	32.81	1113.505	11.1321	3.51	2.3	7.01	1.1396E-7	1	0	7.33509
2786	-32.5	-3.5	32.688	1113.863	11.22056	3.51	2.3	6.888	1.1576E-7	1	0	7.40346
2787	-32.5	-2.5	32.596	1114.132	11.28812	3.51	2.3	6.796	1.1714E-7	1	0	7.45656
2788	-32.5	-1.5	32.535	1114.312	11.33374	3.51	2.3	6.735	1.1808E-7	1	0	7.49286
2789	-32.5	-0.5	32.504	1114.401	11.35674	3.51	2.3	6.704	1.1856E-7	1	0	7.51129
2790	-32.5	0.5	32.504	1114.401	11.35674	3.51	2.3	6.704	1.1856E-7	1	0	7.51129
2791	-32.5	1.5	32.535	1114.312	11.33374	3.51	2.3	6.735	1.1808E-7	1	0	7.49286
2792	-32.5	2.5	32.596	1114.132	11.28812	3.51	2.3	6.796	1.1714E-7	1	0	7.45656
2793	-32.5	3.5	32.688	1113.863	11.22056	3.51	2.3	6.888	1.1576E-7	1	0	7.40346
2794	-32.5	4.5	32.81	1113.505	11.1321	3.51	2.3	7.01	1.1396E-7	1	0	7.33509
2795	-32.5	5.5	32.962	1113.058	11.02412	3.51	2.3	7.162	1.1178E-7	1	0	7.25324
2796	-32.5	6.5	33.144	1112.526	10.89835	3.51	2.3	7.344	1.0927E-7	1	0	7.15987
2797	-32.5	7.5	33.354	1111.91	10.75683	3.51	2.3	7.554	1.0648E-7	1	0	7.05695
2798	-32.5	8.5	33.593	1111.216	10.60176	3.51	2.3	7.793	1.0346E-7	1	0	6.94644
2799	-32.5	9.5	33.86	1110.449	10.43542	3.51	2.3	8.06	1.0027E-7	1	0	6.83018
2800	-32.5	10.5	34.154	1109.616	10.2602	3.51	2.3	8.354	9.6971E-8	1	0	6.70982
2801	-32.5	11.5	34.475	1108.724	10.07854	3.51	2.3	8.675	9.3604E-8	1	0	6.58674
2802	-32.5	12.5	34.821	1107.783	9.89284	3.51	2.3	9.021	9.0224E-8	1	0	6.46207
2803	-32.5	13.5	35.192	1106.804	9.70547	3.51	2.3	9.392	8.6876E-8	1	0	6.33665
2804	-32.5	14.5	35.588	1105.796	9.51868	3.51	2.3	9.788	8.3601E-8	1	0	6.2111
2805	-32.5	15.5	36.007	1104.773	9.33457	3.51	2.3	10.207	8.0434E-8	1	0	6.08581
2806	-32.5	16.5	36.449	1103.746	9.1551	3.51	2.3	10.649	7.7406E-8	1	0	5.961
2807	-32.5	17.5	36.912	1102.729	8.98205	3.51	2.3	11.112	7.454E-8	1	0	5.8367
2808	-32.5	18.5	37.397	1101.734	8.81702	3.51	2.3	11.597	7.1857E-8	1	0	5.71286
2809	-32.5	19.5	37.901	1100.772	8.66143	3.51	2.3	12.101	6.9373E-8	1	0	5.5893
2810	-32.5	20.5	38.425	1099.857	8.51655	3.51	2.3	12.625	6.7098E-8	1	0	5.46581
2811	-32.5	21.5	38.968	1098.998	8.38345	3.51	2.3	13.168	6.5042E-8	1	0	5.34215
2812	-32.5	22.5	39.528	1098.208	8.26308	3.51	2.3	13.728	6.3209E-8	1	0	5.21806
2813	-32.5	23.5	40.106	1097.494	8.15622	3.51	2.3	14.306	6.1604E-8	1	0	5.09332
2814	-32.5	24.5	40.7	1096.866	8.06353	3.51	2.3	14.9	6.0228E-8	1	0	4.96774
2815	-32.5	25.5	41.31	1096.332	7.98554	3.51	2.3	15.51	5.9083E-8	1	0	4.8412
2816	-32.5	26.5	41.934	1095.896	7.92267	3.51	2.3	16.134	5.8167E-8	1	0	4.71363
2817	-32.5	27.5	42.573	1095.565	7.87525	3.51	2.3	16.773	5.7481E-8	1	0	4.58503
2818	-32.5	28.5	43.226	1095.343	7.84351	3.51	2.3	17.426	5.7024E-8	1	0	4.4555
2819	-32.5	29.5	43.892	1095.231	7.82871	3.51	2.3	18.092	5.6812E-8	1	0	4.32457
2820	-31.5	-29.5	43.157	1096.683	7.67006	3.51	2.3	17.357	5.4498E-8	1	0	4.57398
2821	-31.5	-28.5	42.479	1096.799	7.68602	3.51	2.3	16.679	5.4722E-8	1	0	4.72278
2822	-31.5	-27.5	41.815	1097.03	7.72054	3.51	2.3	16.015	5.521E-8	1	0	4.87031
2823	-31.5	-26.5	41.164	1097.374	7.77216	3.51	2.3	15.364	5.5942E-8	1	0	5.01727
2824	-31.5	-25.5	40.528	1097.826	7.84064	3.51	2.3	14.728	5.6921E-8	1	0	5.16363
2825	-31.5	-24.5	39.906	1098.38	7.92568	3.51	2.3	14.106	5.8148E-8	1	0	5.30949
2826	-31.5	-23.5	39.3	1099.031	8.02687	3.51	2.3	13.5	5.9625E-8	1	0	5.45503
2827	-31.5	-22.5	38.71	1099.77	8.14368	3.51	2.3	12.91	6.1354E-8	1	0	5.60053
2828	-31.5	-21.5	38.138	1100.588	8.27548	3.51	2.3	12.338	6.3333E-8	1	0	5.74635
2829	-31.5	-20.5	37.583	1101.475	8.42145	3.51	2.3	11.783	6.5562E-8	1	0	5.89292
2830	-31.5	-19.5	37.047	1102.419	8.58064	3.51	2.3	11.247	6.8036E-8	1	0	6.0407
2831	-31.5	-18.5	36.531	1103.409	8.75192	3.51	2.3	10.731	7.0748E-8	1	0	6.19017
2832	-31.5	-17.5	36.035	1104.431	8.93398	3.51	2.3	10.235	7.3689E-8	1	0	6.34177
2833	-31.5	-16.5	35.56	1105.473	9.12529	3.51	2.3	9.76	7.6844E-8	1	0	6.49587
2834	-31.5	-15.5	35.107	1106.521	9.32413	3.51	2.3	9.307	8.0193E-8	1	0	6.65273
2835	-31.5	-14.5	34.677	1107.561	9.52857	3.51	2.3	8.877	8.371E-8	1	0	6.81244
2836	-31.5	-13.5	34.271	1108.582	9.73646	3.51	2.3	8.471	8.7363E-8	1	0	6.97487
2837	-31.5	-12.5	33.89	1109.569	9.94545	3.51	2.3	8.09	9.1115E-8	1	0	7.13959
2838	-31.5	-11.5	33.534	1110.512	10.15302	3.51	2.3	7.734	9.4918E-8	1	0	7.30586
2839	-31.5	-10.5	33.204	1111.401	10.35649	3.51	2.3	7.404	9.8722E-8	1	0	7.47252
2840	-31.5	-9.5	32.901	1112.226	10.55308	3.51	2.3	7.101	1.0247E-7	1	0	7.63798
2841	-31.5	-8.5	32.627	1112.98	10.74002	3.51	2.3	6.827	1.061E-7	1	0	7.80016
2842	-31.5	-7.5	32.381	1113.658	10.91456	3.51	2.3	6.581	1.0954E-7	1	0	7.9565
2843	-31.5	-6.5	32.164	1114.255	11.07411	3.51	2.3	6.364	1.1274E-7	1	0	8.10398
2844	-31.5	-5.5	31.977	1114.767	11.21611	3.51	2.3	6.177	1.1562E-7	1	0	8.23937
2845	-31.5	-4.5	31.82	1115.194	11.33808	3.51	2.3	6.02	1.1813E-7	1	0	8.35937
2846	-31.5	-3.5	31.694	1115.533	11.43796	3.51	2.3	5.894	1.202E-7	1	0	8.4606
2847	-31.5	-2.5	31.599	1115.787	11.51423	3.51	2.3	5.799	1.2179E-7	1	0	8.53982
2848	-31.5	-1.5	31.536	1115.955	11.56574	3.51	2.3	5.736	1.2288E-7	1	0	8.59428
2849	-31.5	-0.5	31.504	1116.039	11.59171	3.51	2.3	5.704	1.2342E-7	1	1	8.62202
2850	-31.5	0.5	31.504	1116.039	11.59171	3.51	2.3	5.704	1.2342E-7	1	1	8.62202
2851	-31.5	1.5	31.536	1115.955	11.56574	3.51	2.3	5.736	1.2288E-7	1	0	8.59428
2852	-31.5	2.5	31.599	1115.787	11.51423	3.51	2.3	5.799	1.2179E-7	1	0	8.53982
2853	-31.5	3.5	31.694	1115.533	11.43796	3.51	2.3	5.894	1.202E-7	1	0	8.4606
2854	-31.5	4.5	31.82	1115.194	11.33808	3.51	2.3	6.02	1.1813E-7	1	0	8.35937
2855	-31.5	5.5	31.977	1114.767	11.21611	3.51	2.3	6.177	1.1562E-7	1	0	8.23937
2856	-31.5	6.5	32.164	1114.255	11.07411	3.51	2.3	6.364	1.1274E-7	1	0	8.10398
2857	-31.5	7.5	32.381	1113.658	10.91456	3.51	2.3	6.581	1.0954E-7	1	0	7.9565
2858	-31.5	8.5	32.627	1112.98	10.74002	3.51	2.3	6.827	1.061E-7	1	0	7.80016
2859	-31.5	9.5	32.901	1112.226	10.55308	3.51	2.3	7.101	1.0247E-7	1	0	7.63798
2860	-31.5	10.5	33.204	1111.401	10.35649	3.51	2.3	7.404	9.8722E-8	1	0	7.47252
2861	-31.5	11.5	33.534	1110.512	10.15302	3.51	2.3	7.734	9.4918E-8	1	0	7.30586
2862	-31.5	12.5	33.89	1109.569	9.94545	3.51	2.3	8.09	9.1115E-8	1	0	7.13959
2863	-31.5	13.5	34.271	1108.582	9.73646	3.51	2.3	8.471	8.7363E-8	1	0	6.97487
2864	-31.5	14.5	34.677	1107.561	9.52857	3.51	2.3	8.877	8.371E-8	1	0	6.81244
2865	-31.5	15.5	35.107	1106.521	9.32413	3.51	2.3	9.307	8.0193E-8	1	0	6.65273
2866	-31.5	16.5	35.56	1105.473	9.12529	3.51	2.3	9.76	7.6844E-8	1	0	6.49587
2867	-31.5	17.5	36.035	1104.431	8.93398	3.51	2.3	10.235	7.3689E-8	1	0	6.34177
2868	-31.5	18.5	36.531	1103.409	8.75192	3.51	2.3	10.731	7.0748E-8	1	0	6.19017
2869	-31.5	19.5	37.047	1102.419	8.58064	3.51	2.3	11.247	6.8036E-8	1	0	6.0407
2870	-31.5	20.5	37.583	1101.475	8.42145	3.51	2.3	11.783	6.5562E-8	1	0	5.89292
2871	-31.5	21.5	38.138	1100.588	8.27548	3.51	2.3	12.338	6.3333E-8	1	0	5.74635
2872	-31.5	22.5	38.71	1099.77	8.14368	3.51	2.3	12.91	6.1354E-8	1	0	5.60053
2873	-31.5	23.5	39.3	1099.031	8.02687	3.51	2.3	13.5	5.9625E-8	1	0	5.45503
2874	-31.5	24.5	39.906	1098.38	7.92568	3.51	2.3	14.106	5.8148E-8	1	0	5.30949
2875	-31.5	25.5	40.528	1097.826	7.84064	3.51	2.3	14.728	5.6921E-8	1	0	5.16363
2876	-31.5	26.5	41.164	1097.374	7.77216	3.51	2.3	15.364	5.5942E-8	1	0	5.01727
2877	-31.5	27.5	41.815	1097.03	7.72054	3.51	2.3	16.015	5.521E-8	1	0	4.87031
2878	-31.5	28.5	42.479	1096.799	7.68602	3.51	2.3	16.679	5.4722E-8	1	0	4.72278
2879	-31.5	29.5	43.157	1096.683	7.67006	3.51	2.3	17.357	5.4498E-8	1	0	4.57398
2880	-30.5	-29.5	42.432	1097.985	7.49773	3.51	2.3	16.632	5.2047E-8	1	0	4.85524
2881	-30.5	-28.5	41.743	1098.105	7.51488	3.51	2.3	15.943	5.2283E-8	1	0	5.02512
2882	-30.5	-27.5	41.067	1098.345	7.55235	3.51	2.3	15.267	5.28E-8	1	0	5.19398
2883	-30.5	-26.5	40.404	1098.701	7.6084	3.51	2.3	14.604	5.3578E-8	1	0	5.36283
2884	-30.5	-25.5	39.756	1099.169	7.68284	3.51	2.3	13.956	5.4621E-8	1	0	5.53178
2885	-30.5	-24.5	39.122	1099.743	7.77537	3.51	2.3	13.322	5.593E-8	1	0	5.70106
2886	-30.5	-23.5	38.503	1100.417	7.88563	3.51	2.3	12.703	5.7511E-8	1	0	5.87106
2887	-30.5	-22.5	37.901	1101.18	8.01312	3.51	2.3	12.101	5.9366E-8	1	0	6.04231
2888	-30.5	-21.5	37.316	1102.024	8.1572	3.51	2.3	11.516	6.1497E-8	1	0	6.21546
2889	-30.5	-20.5	36.749	1102.937	8.31708	3.51	2.3	10.949	6.3906E-8	1	0	6.39127
2890	-30.5	-19.5	36.201	1103.908	8.49179	3.51	2.3	10.401	6.6591E-8	1	0	6.57058
2891	-30.5	-18.5	35.672	1104.922	8.68018	3.51	2.3	9.872	6.9547E-8	1	0	6.75427
2892	-30.5	-17.5	35.164	1105.967	8.88086	3.51	2.3	9.364	7.2767E-8	1	0	6.94321
2893	-30.5	-16.5	34.677	1107.028	9.09225	3.51	2.3	8.877	7.6237E-8	1	0	7.13819
2894	-30.5	-15.5	34.213	1108.091	9.3125	3.51	2.3	8.413	7.9938E-8	1	0	7.33988
2895	-30.5	-14.5	33.771	1109.141	9.53952	3.51	2.3	7.971	8.3844E-8	1	0	7.54874
2896	-30.5	-13.5	33.354	1110.165	9.77095	3.51	2.3	7.554	8.7922E-8	1	0	7.76491
2897	-30.5	-12.5	32.962	1111.149	10.00419	3.51	2.3	7.162	9.213E-8	1	0	7.98815
2898	-30.5	-11.5	32.596	1112.082	10.2364	3.51	2.3	6.796	9.6417E-8	1	0	8.21765
2899	-30.5	-10.5	32.257	1112.954	10.46453	3.51	2.3	6.457	1.0072E-7	1	0	8.45202
2900	-30.5	-9.5	31.945	1113.756	10.68538	3.51	2.3	6.145	1.0498E-7	1	0	8.68908
2901	-30.5	-8.5	31.662	1114.481	10.89572	3.51	2.3	5.862	1.0912E-7	1	0	8.92575
2902	-30.5	-7.5	31.409	1115.126	11.0924	3.51	2.3	5.609	1.1307E-7	1	0	9.158
2903	-30.5	-6.5	31.185	1115.688	11.27259	3.51	2.3	5.385	1.1674E-7	1	0	9.3807
2904	-30.5	-5.5	30.992	1116.165	11.43339	3.51	2.3	5.192	1.2007E-7	1	0	9.58817
2905	-30.5	-4.5	30.83	1116.557	11.57143	3.51	2.3	5.03	1.2296E-7	1	0	9.77481
2906	-30.5	-3.5	30.7	1116.865	11.68429	3.51	2.3	4.9	1.2536E-7	1	1	9.93436
2907	-30.5	-2.5	30.602	1117.092	11.77041	3.51	2.3	4.802	1.272E-7	1	1	10.06052
2908	-30.5	-1.5	30.537	1117.241	11.82863	3.51	2.3	4.737	1.2845E-7	1	1	10.14785
2909	-30.5	-0.5	30.504	1117.315	11.85801	3.51	2.3	4.704	1.2909E-7	1	1	10.1925
2910	-30.5	0.5	30.504	1117.315	11.85801	3.51	2.3	4.704	1.2909E-7	1	1	10.1925
2911	-30.5	1.5	30.537	1117.241	11.82863	3.51	2.3	4.737	1.2845E-7	1	1	10.14785
2912	-30.5	2.5	30.602	1117.092	11.77041	3.51	2.3	4.802	1.272E-7	1	1	10.06052
2913	-30.5	3.5	30.7	1116.865	11.68429	3.51	2.3	4.9	1.2536E-7	1	1	9.93436
2914	-30.5	4.5	30.83	1116.557	11.57143	3.51	2.3	5.03	1.2296E-7	1	0	9.77481
2915	-30.5	5.5	30.992	1116.165	11.43339	3.51	2.3	5.192	1.2007E-7	1	0	9.58817
2916	-30.5	6.5	31.185	1115.688	11.27259	3.51	2.3	5.385	1.1674E-7	1	0	9.3807
2917	-30.5	7.5	31.409	1115.126	11.0924	3.51	2.3	5.609	1.1307E-7	1	0	9.158
2918	-30.5	8.5	31.662	1114.481	10.89572	3.51	2.3	5.862	1.0912E-7	1	0	8.92575
2919	-30.5	9.5	31.945	1113.756	10.68538	3.51	2.3	6.145	1.0498E-7	1	0	8.68908
2920	-30.5	10.5	32.257	1112.954	10.46453	3.51	2.3	6.457	1.0072E-7	1	0	8.45202
2921	-30.5	11.5	32.596	1112.082	10.2364	3.51	2.3	6.796	9.6417E-8	1	0	8.21765
2922	-30.5	12.5	32.962	1111.149	10.00419	3.51	2.3	7.162	9.213E-8	1	0	7.98815
2923	-30.5	13.5	33.354	1110.165	9.77095	3.51	2.3	7.554	8.7922E-8	1	0	7.76491
2924	-30.5	14.5	33.771	1109.141	9.53952	3.51	2.3	7.971	8.3844E-8	1	0	7.54874
2925	-30.5	15.5	34.213	1108.091	9.3125	3.51	2.3	8.413	7.9938E-8	1	0	7.33988
2926	-30.5	16.5	34.677	1107.028	9.09225	3.51	2.3	8.877	7.6237E-8	1	0	7.13819
2927	-30.5	17.5	35.164	1105.967	8.88086	3.51	2.3	9.364	7.2767E-8	1	0	6.94321
2928	-30.5	18.5	35.672	1104.922	8.68018	3.51	2.3	9.872	6.9547E-8	1	0	6.75427
2929	-30.5	19.5	36.201	1103.908	8.49179	3.51	2.3	10.401	6.6591E-8	1	0	6.57058
2930	-30.5	20.5	36.749	1102.937	8.31708	3.51	2.3	10.949	6.3906E-8	1	0	6.39127
2931	-30.5	21.5	37.316	1102.024	8.1572	3.51	2.3	11.516	6.1497E-8	1	0	6.21546
2932	-30.5	22.5	37.901	1101.18	8.01312	3.51	2.3	12.101	5.9366E-8	1	0	6.04231
2933	-30.5	23.5	38.503	1100.417	7.88563	3.51	2.3	12.703	5.7511E-8	1	0	5.87106
2934	-30.5	24.5	39.122	1099.743	7.77537	3.51	2.3	13.322	5.593E-8	1	0	5.70106
2935	-30.5	25.5	39.756	1099.169	7.68284	3.51	2.3	13.956	5.4621E-8	1	0	5.53178
2936	-30.5	26.5	40.404	1098.701	7.6084	3.51	2.3	14.604	5.3578E-8	1	0	5.36283
2937	-30.5	27.5	41.067	1098.345	7.55235	3.51	2.3	15.267	5.28E-8	1	0	5.19398
2938	-30.5	28.5	41.743	1098.105	7.51488	3.51	2.3	15.943	5.2283E-8	1	0	5.02512
2939	-30.5	29.5	42.432	1097.985	7.49773	3.51	2.3	16.632	5.2047E-8	1	0	4.85524
2940	-29.5	-29.5	41.719	1099.147	7.31099	3.51	2.3	15.919	4.9462E-8	1	0	5.17393
2941	-29.5	-28.5	41.018	1099.272	7.32935	3.51	2.3	15.218	4.9708E-8	1	0	5.36882
2942	-29.5	-27.5	40.33	1099.52	7.36992	3.51	2.3	14.53	5.0254E-8	1	0	5.56312
2943	-29.5	-26.5	39.655	1099.889	7.43064	3.51	2.3	13.855	5.1077E-8	1	0	5.75828
2944	-29.5	-25.5	38.994	1100.373	7.51136	3.51	2.3	13.194	5.2182E-8	1	0	5.95459
2945	-29.5	-24.5	38.347	1100.966	7.61183	3.51	2.3	12.547	5.3574E-8	1	0	6.15255
2946	-29.5	-23.5	37.716	1101.661	7.73172	3.51	2.3	11.916	5.5258E-8	1	0	6.35287
2947	-29.5	-22.5	37.101	1102.448	7.87059	3.51	2.3	11.301	5.7241E-8	1	0	6.55647
2948	-29.5	-21.5	36.503	1103.316	8.02784	3.51	2.3	10.703	5.9528E-8	1	0	6.76447
2949	-29.5	-20.5	35.924	1104.254	8.20269	3.51	2.3	10.124	6.2124E-8	1	0	6.97823
2950	-29.5	-19.5	35.362	1105.248	8.3942	3.51	2.3	9.562	6.5031E-8	1	0	7.19922
2951	-29.5	-18.5	34.821	1106.284	8.60117	3.51	2.3	9.021	6.8246E-8	1	0	7.42907
2952	-29.5	-17.5	34.3	1107.347	8.8222	3.51	2.3	8.5	7.1766E-8	1	0	7.66945
2953	-29.5	-16.5	33.801	1108.421	9.05563	3.51	2.3	8.001	7.5578E-8	1	0	7.92203
2954	-29.5	-15.5	33.324	1109.491	9.29953	3.51	2.3	7.524	7.9667E-8	1	0	8.18834
2955	-29.5	-14.5	32.871	1110.541	9.55162	3.51	2.3	7.071	8.4006E-8	1	0	8.46977
2956	-29.5	-13.5	32.442	1111.557	9.80933	3.51	2.3	6.642	8.856E-8	1	0	8.76732
2957	-29.5	-12.5	32.039	1112.524	10.06979	3.51	2.3	6.239	9.3286E-8	1	0	9.08144
2958	-29.5	-11.5	31.662	1113.432	10.32985	3.51	2.3	5.862	9.8128E-8	1	0	9.4118
2959	-29.5	-10.5	31.313	1114.269	10.58596	3.51	2.3	5.513	1.0302E-7	1	0	9.75715
2960	-29.5	-9.5	30.992	1115.029	10.83439	3.51	2.3	5.192	1.0787E-7	1	0	10.11492
2961	-29.5	-8.5	30.7	1115.704	11.0714	3.51	2.3	4.9	1.1261E-7	1	0	10.48077
2962	-29.5	-7.5	30.438	1116.294	11.29314	3.51	20	4.638	1.1714E-7	1	0	10.79219
2963	-29.5	-6.5	30.208	1116.803	11.49698	3.51	20	4.408	1.2137E-7	1	0	11.15642
2964	-29.5	-5.5	30.008	1117.225	11.68002	3.51	20	4.208	1.2525E-7	1	1	11.50192
2965	-29.5	-4.5	29.841	1117.562	11.83658	3.51	20	4.041	1.2861E-7	0	0	11.81929
2966	-29.5	-3.5	29.707	1117.821	11.96403	3.51	20	3.907	1.3138E-7	0	0	12.09567
2967	-29.5	-2.5	29.606	1118.008	12.06121	3.51	20	3.806	1.3351E-7	0	0	12.31727
2968	-29.5	-1.5	29.538	1118.128	12.12705	3.51	20	3.738	1.3496E-7	0	0	12.47212
2969	-29.5	-0.5	29.504	1118.187	12.16041	3.51	20	3.704	1.357E-7	0	0	12.55169
2970	-29.5	0.5	29.504	1118.187	12.16041	3.51	20	3.704	1.357E-7	0	0	12.55169
2971	-29.5	1.5	29.538	1118.128	12.12705	3.51	20	3.738	1.3496E-7	0	0	12.47212
2972	-29.5	2.5	29.606	1118.008	12.06121	3.51	20	3.806	1.3351E-7	0	0	12.31727
2973	-29.5	3.5	29.707	1117.821	11.96403	3.51	20	3.907	1.3138E-7	0	0	12.09567
2974	-29.5	4.5	29.841	1117.562	11.83658	3.51	20	4.041	1.2861E-7	0	0	11.81929
2975	-29.5	5.5	30.008	1117.225	11.68002	3.51	20	4.208	1.2525E-7	1	1	11.50192
2976	-29.5	6.5	30.208	1116.803	11.49698	3.51	20	4.408	1.2137E-7	1	0	11.15642
2977	-29.5	7.5	30.438	1116.294	11.29314	3.51	20	4.638	1.1714E-7	1	0	10.79219
2978	-29.5	8.5	30.7	1115.704	11.0714	3.51	2.3	4.9	1.1261E-7	1	0	10.48077
2979	-29.5	9.5	30.992	1115.029	10.83439	3.51	2.3	5.192	1.0787E-7	1	0	10.11492
2980	-29.5	10.5	31.313	1114.269	10.58596	3.51	2.3	5.513	1.0302E-7	1	0	9.75715
2981	-29.5	11.5	31.662	1113.432	10.32985	3.51	2.3	5.862	9.8128E-8	1	0	9.4118
2982	-29.5	12.5	32.039	1112.524	10.06979	3.51	2.3	6.239	9.3286E-8	1	0	9.08144
2983	-29.5	13.5	32.442	1111.557	9.80933	3.51	2.3	6.642	8.856E-8	1	0	8.76732
2984	-29.5	14.5	32.871	1110.541	9.55162	3.51	2.3	7.071	8.4006E-8	1	0	8.46977
2985	-29.5	15.5	33.324	1109.491	9.29953	3.51	2.3	7.524	7.9667E-8	1	0	8.18834
2986	-29.5	16.5	33.801	1108.421	9.05563	3.51	2.3	8.001	7.5578E-8	1	0	7.92203
2987	-29.5	17.5	34.3	1107.347	8.8222	3.51	2.3	8.5	7.1766E-8	1	0	7.66945
2988	-29.5	18.5	34.821	1106.284	8.60117	3.51	2.3	9.021	6.8246E-8	1	0	7.42907
2989	-29.5	19.5	35.362	1105.248	8.3942	3.51	2.3	9.562	6.5031E-8	1	0	7.19922
2990	-29.5	20.5	35.924	1104.254	8.20269	3.51	2.3	10.124	6.2124E-8	1	0	6.97823
2991	-29.5	21.5	36.503	1103.316	8.02784	3.51	2.3	10.703	5.9528E-8	1	0	6.76447
2992	-29.5	22.5	37.101	1102.448	7.87059	3.51	2.3	11.301	5.7241E-8	1	0	6.55647
2993	-29.5	23.5	37.716	1101.661	7.73172	3.51	2.3	11.916	5.5258E-8	1	0	6.35287
2994	-29.5	24.5	38.347	1100.966	7.61183	3.51	2.3	12.547	5.3574E-8	1	0	6.15255
2995	-29.5	25.5	38.994	1100.373	7.51136	3.51	2.3	13.194	5.2182E-8	1	0	5.95459
2996	-29.5	26.5	39.655	1099.889	7.43064	3.51	2.3	13.855	5.1077E-8	1	0	5.75828
2997	-29.5	27.5	40.33	1099.52	7.36992	3.51	2.3	14.53	5.0254E-8	1	0	5.56312
2998	-29.5	28.5	41.018	1099.272	7.32935	3.51	2.3	15.218	4.9708E-8	1	0	5.36882
2999	-29.5	29.5	41.719	1099.147	7.31099	3.51	2.3	15.919	4.9462E-8	1	0	5.17393
3000	-28.5	-29.5	41.018	1100.182	7.10917	3.51	2.3	15.218	4.6748E-8	1	0	5.53686
3001	-28.5	-28.5	40.305	1100.311	7.12875	3.51	2.3	14.505	4.7003E-8	1	0	5.76163
3002	-28.5	-27.5	39.604	1100.568	7.17254	3.51	2.3	13.804	4.7577E-8	1	0	5.98646
3003	-28.5	-26.5	38.917	1100.948	7.23815	3.51	2.3	13.117	4.8443E-8	1	0	6.21347
3004	-28.5	-25.5	38.243	1101.448	7.32545	3.51	2.3	12.443	4.9608E-8	1	0	6.44325
3005	-28.5	-24.5	37.583	1102.06	7.43426	3.51	2.3	11.783	5.1079E-8	1	0	6.67669
3006	-28.5	-23.5	36.939	1102.776	7.56434	3.51	2.3	11.139	5.2865E-8	1	0	6.91502
3007	-28.5	-22.5	36.311	1103.585	7.71529	3.51	2.3	10.511	5.4977E-8	1	0	7.15981
3008	-28.5	-21.5	35.7	1104.477	7.88658	3.51	2.3	9.9	5.7423E-8	1	0	7.41299
3009	-28.5	-20.5	35.107	1105.437	8.07752	3.51	2.3	9.307	6.0212E-8	1	0	7.67688
3010	-28.5	-19.5	34.533	1106.452	8.28714	3.51	2.3	8.733	6.3349E-8	1	0	7.95413
3011	-28.5	-18.5	33.978	1107.506	8.51427	3.51	2.3	8.178	6.6839E-8	1	0	8.24775
3012	-28.5	-17.5	33.444	1108.581	8.75747	3.51	2.3	7.644	7.0678E-8	1	0	8.56098
3013	-28.5	-16.5	32.932	1109.661	9.01506	3.51	2.3	7.132	7.4862E-8	1	0	8.89726
3014	-28.5	-15.5	32.442	1110.729	9.28504	3.51	2.3	6.642	7.9375E-8	1	0	9.2601
3015	-28.5	-14.5	31.977	1111.768	9.565	3.51	2.3	6.177	8.4196E-8	1	0	9.65311
3016	-28.5	-13.5	31.536	1112.762	9.85203	3.51	2.3	5.736	8.9286E-8	1	0	10.07976
3017	-28.5	-12.5	31.121	1113.697	10.14306	3.51	2.3	5.321	9.46E-8	1	0	10.54287
3018	-28.5	-11.5	30.733	1114.559	10.43468	3.51	2.3	4.933	1.0008E-7	1	0	11.04427
3019	-28.5	-10.5	30.373	1115.341	10.72269	3.51	20	4.573	1.0564E-7	1	0	11.52635
3020	-28.5	-9.5	30.042	1116.038	11.00259	3.51	20	4.242	1.112E-7	1	0	12.11032
3021	-28.5	-8.5	29.741	1116.634	11.27026	3.51	20	3.941	1.1664E-7	0	0	12.72652
3022	-28.5	-7.5	29.47	1117.123	11.51982	3.51	20	3.67	1.2184E-7	0	0	13.36785
3023	-28.5	-6.5	29.232	1117.506	11.75037	3.51	20	3.432	1.2674E-7	0	0	14.01657
3024	-28.5	-5.5	29.026	1117.799	11.96145	3.51	20	3.226	1.3132E-7	0	0	14.64856
3025	-28.5	-4.5	28.853	1118.015	12.13924	3.51	20	3.053	1.3524E-7	0	0	15.25089
3026	-28.5	-3.5	28.714	1118.169	12.28245	3.51	20	2.914	1.3844E-7	0	0	15.79185
3027	-28.5	-2.5	28.609	1118.273	12.39175	3.51	20	2.809	1.4091E-7	0	0	16.23566
3028	-28.5	-1.5	28.539	1118.336	12.46643	3.51	20	2.739	1.4261E-7	0	0	16.55069
3029	-28.5	-0.5	28.504	1118.365	12.50463	3.51	20	2.704	1.4348E-7	0	0	16.71402
3030	-28.5	0.5	28.504	1118.365	12.50463	3.51	20	2.704	1.4348E-7	0	0	16.71402
3031	-28.5	1.5	28.539	1118.336	12.46643	3.51	20	2.739	1.4261E-7	0	0	16.55069
3032	-28.5	2.5	28.609	1118.273	12.39175	3.51	20	2.809	1.4091E-7	0	0	16.23566
3033	-28.5	3.5	28.714	1118.169	12.28245	3.51	20	2.914	1.3844E-7	0	0	15.79185
3034	-28.5	4.5	28.853	1118.015	12.13924	3.51	20	3.053	1.3524E-7	0	0	15.25089
3035	-28.5	5.5	29.026	1117.799	11.96145	3.51	20	3.226	1.3132E-7	0	0	14.64856
3036	-28.5	6.5	29.232	1117.506	11.75037	3.51	20	3.432	1.2674E-7	0	0	14.01657
3037	-28.5	7.5	29.47	1117.123	11.51982	3.51	20	3.67	1.2184E-7	0	0	13.36785
3038	-28.5	8.5	29.741	1116.634	11.27026	3.51	20	3.941	1.1664E-7	0	0	12.72652
3039	-28.5	9.5	30.042	1116.038	11.00259	3.51	20	4.242	1.112E-7	1	0	12.11032
3040	-28.5	10.5	30.373	1115.341	10.72269	3.51	20	4.573	1.0564E-7	1	0	11.52635
3041	-28.5	11.5	30.733	1114.559	10.43468	3.51	2.3	4.933	1.0008E-7	1	0	11.04427
3042	-28.5	12.5	31.121	1113.697	10.14306	3.51	2.3	5.321	9.46E-8	1	0	10.54287
3043	-28.5	13.5	31.536	1112.762	9.85203	3.51	2.3	5.736	8.9286E-8	1	0	10.07976
3044	-28.5	14.5	31.977	1111.768	9.565	3.51	2.3	6.177	8.4196E-8	1	0	9.65311
3045	-28.5	15.5	32.442	1110.729	9.28504	3.51	2.3	6.642	7.9375E-8	1	0	9.2601
3046	-28.5	16.5	32.932	1109.661	9.01506	3.51	2.3	7.132	7.4862E-8	1	0	8.89726
3047	-28.5	17.5	33.444	1108.581	8.75747	3.51	2.3	7.644	7.0678E-8	1	0	8.56098
3048	-28.5	18.5	33.978	1107.506	8.51427	3.51	2.3	8.178	6.6839E-8	1	0	8.24775
3049	-28.5	19.5	34.533	1106.452	8.28714	3.51	2.3	8.733	6.3349E-8	1	0	7.95413
3050	-28.5	20.5	35.107	1105.437	8.07752	3.51	2.3	9.307	6.0212E-8	1	0	7.67688
3051	-28.5	21.5	35.7	1104.477	7.88658	3.51	2.3	9.9	5.7423E-8	1	0	7.41299
3052	-28.5	22.5	36.311	1103.585	7.71529	3.51	2.3	10.511	5.4977E-8	1	0	7.15981
3053	-28.5	23.5	36.939	1102.776	7.56434	3.51	2.3	11.139	5.2865E-8	1	0	6.91502
3054	-28.5	24.5	37.583	1102.06	7.43426	3.51	2.3	11.783	5.1079E-8	1	0	6.67669
3055	-28.5	25.5	38.243	1101.448	7.32545	3.51	2.3	12.443	4.9608E-8	1	0	6.44325
3056	-28.5	26.5	38.917	1100.948	7.23815	3.51	2.3	13.117	4.8443E-8	1	0	6.21347
3057	-28.5	27.5	39.604	1100.568	7.17254	3.51	2.3	13.804	4.7577E-8	1	0	5.98646
3058	-28.5	28.5	40.305	1100.311	7.12875	3.51	2.3	14.505	4.7003E-8	1	0	5.76163
3059	-28.5	29.5	41.018	1100.182	7.10917	3.51	2.3	15.218	4.6748E-8	1	0	5.53686
3060	-27.5	-29.5	40.33	1101.101	6.89171	3.51	2.3	14.53	4.3914E-8	1	0	5.95235
3061	-27.5	-28.5	39.604	1101.235	6.9125	3.51	2.3	13.804	4.4177E-8	1	0	6.21307
3062	-27.5	-27.5	38.891	1101.5	6.95962	3.51	2.3	13.091	4.4776E-8	1	0	6.47485
3063	-27.5	-26.5	38.19	1101.893	7.03028	3.51	2.3	12.39	4.5682E-8	1	0	6.74075
3064	-27.5	-25.5	37.503	1102.408	7.12443	3.51	2.3	11.703	4.6903E-8	1	0	7.01184
3065	-27.5	-24.5	36.831	1103.038	7.24196	3.51	2.3	11.031	4.845E-8	1	0	7.28966
3066	-27.5	-23.5	36.173	1103.775	7.38271	3.51	2.3	10.373	5.0335E-8	1	0	7.57627
3067	-27.5	-22.5	35.532	1104.606	7.54641	3.51	2.3	9.732	5.2573E-8	1	0	7.87432
3068	-27.5	-21.5	34.907	1105.52	7.73263	3.51	2.3	9.107	5.5178E-8	1	0	8.1871
3069	-27.5	-20.5	34.3	1106.501	7.94076	3.51	2.3	8.5	5.8163E-8	1	0	8.51859
3070	-27.5	-19.5	33.712	1107.534	8.16988	3.51	2.3	7.912	6.154E-8	1	0	8.87358
3071	-27.5	-18.5	33.144	1108.6	8.41882	3.51	2.3	7.344	6.5317E-8	1	0	9.25771
3072	-27.5	-17.5	32.596	1109.682	8.6861	3.51	2.3	6.796	6.9497E-8	1	0	9.67743
3073	-27.5	-16.5	32.07	1110.761	8.97007	3.51	2.3	6.27	7.4081E-8	1	0	10.13996
3074	-27.5	-15.5	31.567	1111.817	9.26883	3.51	2.3	5.767	7.9061E-8	1	0	10.65329
3075	-27.5	-14.5	31.089	1112.833	9.57979	3.51	2.3	5.289	8.4417E-8	1	0	11.22667
3076	-27.5	-13.5	30.635	1113.788	9.8995	3.51	20	4.835	9.0108E-8	1	0	11.80397
3077	-27.5	-12.5	30.208	1114.673	10.22477	3.51	20	4.408	9.6089E-8	1	0	12.53696
3078	-27.5	-11.5	29.808	1115.464	10.55243	3.51	20	4.008	1.0231E-7	0	0	13.36038
3079	-27.5	-10.5	29.436	1116.134	10.87706	3.51	20	3.636	1.0867E-7	0	0	14.28579
3080	-27.5	-9.5	29.095	1116.67	11.19278	3.51	20	3.295	1.1504E-7	0	0	15.32302
3081	-27.5	-8.5	28.784	1117.085	11.49711	3.51	20	2.984	1.2136E-7	0	0	16.4725
3082	-27.5	-7.5	28.504	1117.391	11.77555	3.51	20	2.704	1.2729E-7	0	0	17.74394
3083	-27.5	-6.5	28.258	1117.598	12.03361	3.51	20	2.458	1.3292E-7	0	0	19.10571
3084	-27.5	-5.5	28.045	1117.721	12.28679	3.51	20	2.245	1.3857E-7	0	0	20.48842
3085	-27.5	-4.5	27.866	1117.78	12.48711	3.51	20	2.066	1.4312E-7	0	0	21.90468
3086	-27.5	-3.5	27.722	1117.797	12.64538	3.51	20	1.922	1.4677E-7	0	0	23.24971
3087	-27.5	-2.5	27.613	1117.792	12.76755	3.51	20	1.813	1.4962E-7	0	0	24.40356
3088	-27.5	-1.5	27.541	1117.78	12.85293	3.51	20	1.741	1.5163E-7	0	0	25.25088
3089	-27.5	-0.5	27.505	1117.771	12.89773	3.51	20	1.705	1.5269E-7	0	0	25.69931
3090	-27.5	0.5	27.505	1117.771	12.89773	3.51	20	1.705	1.5269E-7	0	0	25.69931
3091	-27.5	1.5	27.541	1117.78	12.85293	3.51	20	1.741	1.5163E-7	0	0	25.25088
3092	-27.5	2.5	27.613	1117.792	12.76755	3.51	20	1.813	1.4962E-7	0	0	24.40356
3093	-27.5	3.5	27.722	1117.797	12.64538	3.51	20	1.922	1.4677E-7	0	0	23.24971
3094	-27.5	4.5	27.866	1117.78	12.48711	3.51	20	2.066	1.4312E-7	0	0	21.90468
3095	-27.5	5.5	28.045	1117.721	12.28679	3.51	20	2.245	1.3857E-7	0	0	20.48842
3096	-27.5	6.5	28.258	1117.598	12.03361	3.51	20	2.458	1.3292E-7	0	0	19.10571
3097	-27.5	7.5	28.504	1117.391	11.77555	3.51	20	2.704	1.2729E-7	0	0	17.74394
3098	-27.5	8.5	28.784	1117.085	11.49711	3.51	20	2.984	1.2136E-7	0	0	16.4725
3099	-27.5	9.5	29.095	1116.67	11.19278	3.51	20	3.295	1.1504E-7	0	0	15.32302
3100	-27.5	10.5	29.436	1116.134	10.87706	3.51	20	3.636	1.0867E-7	0	0	14.28579
3101	-27.5	11.5	29.808	1115.464	10.55243	3.51	20	4.008	1.0231E-7	0	0	13.36038
3102	-27.5	12.5	30.208	1114.673	10.22477	3.51	20	4.408	9.6089E-8	1	0	12.53696
3103	-27.5	13.5	30.635	1113.788	9.8995	3.51	20	4.835	9.0108E-8	1	0	11.80397
3104	-27.5	14.5	31.089	1112.833	9.57979	3.51	2.3	5.289	8.4417E-8	1	0	11.22667
3105	-27.5	15.5	31.567	1111.817	9.26883	3.51	2.3	5.767	7.9061E-8	1	0	10.65329
3106	-27.5	16.5	32.07	1110.761	8.97007	3.51	2.3	6.27	7.4081E-8	1	0	10.13996
3107	-27.5	17.5	32.596	1109.682	8.6861	3.51	2.3	6.796	6.9497E-8	1	0	9.67743
3108	-27.5	18.5	33.144	1108.6	8.41882	3.51	2.3	7.344	6.5317E-8	1	0	9.25771
3109	-27.5	19.5	33.712	1107.534	8.16988	3.51	2.3	7.912	6.154E-8	1	0	8.87358
3110	-27.5	20.5	34.3	1106.501	7.94076	3.51	2.3	8.5	5.8163E-8	1	0	8.51859
3111	-27.5	21.5	34.907	1105.52	7.73263	3.51	2.3	9.107	5.5178E-8	1	0	8.1871
3112	-27.5	22.5	35.532	1104.606	7.54641	3.51	2.3	9.732	5.2573E-8	1	0	7.87432
3113	-27.5	23.5	36.173	1103.775	7.38271	3.51	2.3	10.373	5.0335E-8	1	0	7.57627
3114	-27.5	24.5	36.831	1103.038	7.24196	3.51	2.3	11.031	4.845E-8	1	0	7.28966
3115	-27.5	25.5	37.503	1102.408	7.12443	3.51	2.3	11.703	4.6903E-8	1	0	7.01184
3116	-27.5	26.5	38.19	1101.893	7.03028	3.51	2.3	12.39	4.5682E-8	1	0	6.74075
3117	-27.5	27.5	38.891	1101.5	6.95962	3.51	2.3	13.091	4.4776E-8	1	0	6.47485
3118	-27.5	28.5	39.604	1101.235	6.9125	3.51	2.3	13.804	4.4177E-8	1	0	6.21307
3119	-27.5	29.5	40.33	1101.101	6.89171	3.51	2.3	14.53	4.3914E-8	1	0	5.95235
3120	-26.5	-29.5	39.655	1101.918	6.65818	3.51	2.3	13.855	4.0974E-8	1	0	6.43074
3121	-26.5	-28.5	38.917	1102.055	6.68013	3.51	2.3	13.117	4.1242E-8	1	0	6.73499
3122	-26.5	-27.5	38.19	1102.329	6.73066	3.51	2.3	12.39	4.1863E-8	1	0	7.04183
3123	-26.5	-26.5	37.477	1102.734	6.80651	3.51	2.3	11.677	4.2804E-8	1	0	7.35564
3124	-26.5	-25.5	36.776	1103.265	6.9077	3.51	2.3	10.976	4.4076E-8	1	0	7.67827
3125	-26.5	-24.5	36.09	1103.915	7.03425	3.51	2.3	10.29	4.5693E-8	1	0	8.01229
3126	-26.5	-23.5	35.419	1104.672	7.18611	3.51	2.3	9.619	4.7671E-8	1	0	8.36113
3127	-26.5	-22.5	34.763	1105.525	7.36318	3.51	2.3	8.963	5.0031E-8	1	0	8.72922
3128	-26.5	-21.5	34.125	1106.459	7.56517	3.51	2.3	8.325	5.2792E-8	1	0	9.12213
3129	-26.5	-20.5	33.504	1107.46	7.79162	3.51	2.3	7.704	5.5975E-8	1	0	9.54686
3130	-26.5	-19.5	32.901	1108.508	8.0417	3.51	2.3	7.101	5.9599E-8	1	0	10.01216
3131	-26.5	-18.5	32.319	1109.584	8.31419	3.51	2.3	6.519	6.3676E-8	1	0	10.52887
3132	-26.5	-17.5	31.757	1110.667	8.60751	3.51	2.3	5.957	6.8216E-8	1	0	11.11026
3133	-26.5	-16.5	31.217	1111.736	8.9201	3.51	2.3	5.417	7.3226E-8	1	0	11.77212
3134	-26.5	-15.5	30.7	1112.769	9.25057	3.51	2.3	4.9	7.8717E-8	1	0	12.53305
3135	-26.5	-14.5	30.208	1113.747	9.59635	3.51	20	4.408	8.4675E-8	1	0	13.35444
3136	-26.5	-13.5	29.741	1114.64	9.95226	3.51	20	3.941	9.1037E-8	0	0	14.40377
3137	-26.5	-12.5	29.3	1115.398	10.31537	3.51	20	3.5	9.7768E-8	0	0	15.64576
3138	-26.5	-11.5	28.888	1116.009	10.68487	3.51	20	3.088	1.0487E-7	0	0	17.12284
3139	-26.5	-10.5	28.504	1116.473	11.05231	3.51	20	2.704	1.1218E-7	0	0	18.90016
3140	-26.5	-9.5	28.151	1116.794	11.40673	3.51	20	2.351	1.1948E-7	0	0	21.06207
3141	-26.5	-8.5	27.83	1116.98	11.76221	3.51	20	2.03	1.2703E-7	0	0	23.66048
3142	-26.5	-7.5	27.541	1117.053	12.06397	3.51	20	1.741	1.3363E-7	0	0	26.89669
3143	-26.5	-6.5	27.286	1117.038	12.36303	3.51	20	1.486	1.4033E-7	0	0	30.75607
3144	-26.5	-5.5	27.065	1116.934	12.70996	3.51	20	1.265	1.4833E-7	0	0	35.13703
3145	-26.5	-4.5	26.879	1116.786	12.92341	3.51	20	1.079	1.5336E-7	0	0	40.48905
3146	-26.5	-3.5	26.73	1116.626	13.08965	3.51	20	1	1.5734E-7	0	0	43.14487
3147	-26.5	-2.5	26.618	1116.48	13.21958	3.51	20	1	1.6049E-7	0	0	42.71907
3148	-26.5	-1.5	26.542	1116.37	13.30781	3.51	20	1	1.6265E-7	0	1	42.43453
3149	-26.5	-0.5	26.505	1116.311	13.35123	3.51	20	1	1.6372E-7	0	1	42.2958
3150	-26.5	0.5	26.505	1116.311	13.35123	3.51	20	1	1.6372E-7	0	1	42.2958
3151	-26.5	1.5	26.542	1116.37	13.30781	3.51	20	1	1.6265E-7	0	1	42.43453
3152	-26.5	2.5	26.618	1116.48	13.21958	3.51	20	1	1.6049E-7	0	0	42.71907
3153	-26.5	3.5	26.73	1116.626	13.08965	3.51	20	1	1.5734E-7	0	0	43.14487
3154	-26.5	4.5	26.879	1116.786	12.92341	3.51	20	1.079	1.5336E-7	0	0	40.48905
3155	-26.5	5.5	27.065	1116.934	12.70996	3.51	20	1.265	1.4833E-7	0	0	35.13703
3156	-26.5	6.5	27.286	1117.038	12.36303	3.51	20	1.486	1.4033E-7	0	0	30.75607
3157	-26.5	7.5	27.541	1117.053	12.06397	3.51	20	1.741	1.3363E-7	0	0	26.89669
3158	-26.5	8.5	27.83	1116.98	11.76221	3.51	20	2.03	1.2703E-7	0	0	23.66048
3159	-26.5	9.5	28.151	1116.794	11.40673	3.51	20	2.351	1.1948E-7	0	0	21.06207
3160	-26.5	10.5	28.504	1116.473	11.05231	3.51	20	2.704	1.1218E-7	0	0	18.90016
3161	-26.5	11.5	28.888	1116.009	10.68487	3.51	20	3.088	1.0487E-7	0	0	17.12284
3162	-26.5	12.5	29.3	1115.398	10.31537	3.51	20	3.5	9.7768E-8	0	0	15.64576
3163	-26.5	13.5	29.741	1114.64	9.95226	3.51	20	3.941	9.1037E-8	0	0	14.40377
3164	-26.5	14.5	30.208	1113.747	9.59635	3.51	20	4.408	8.4675E-8	1	0	13.35444
3165	-26.5	15.5	30.7	1112.769	9.25057	3.51	2.3	4.9	7.8717E-8	1	0	12.53305
3166	-26.5	16.5	31.217	1111.736	8.9201	3.51	2.3	5.417	7.3226E-8	1	0	11.77212
3167	-26.5	17.5	31.757	1110.667	8.60751	3.51	2.3	5.957	6.8216E-8	1	0	11.11026
3168	-26.5	18.5	32.319	1109.584	8.31419	3.51	2.3	6.519	6.3676E-8	1	0	10.52887
3169	-26.5	19.5	32.901	1108.508	8.0417	3.51	2.3	7.101	5.9599E-8	1	0	10.01216
3170	-26.5	20.5	33.504	1107.46	7.79162	3.51	2.3	7.704	5.5975E-8	1	0	9.54686
3171	-26.5	21.5	34.125	1106.459	7.56517	3.51	2.3	8.325	5.2792E-8	1	0	9.12213
3172	-26.5	22.5	34.763	1105.525	7.36318	3.51	2.3	8.963	5.0031E-8	1	0	8.72922
3173	-26.5	23.5	35.419	1104.672	7.18611	3.51	2.3	9.619	4.7671E-8	1	0	8.36113
3174	-26.5	24.5	36.09	1103.915	7.03425	3.51	2.3	10.29	4.5693E-8	1	0	8.01229
3175	-26.5	25.5	36.776	1103.265	6.9077	3.51	2.3	10.976	4.4076E-8	1	0	7.67827
3176	-26.5	26.5	37.477	1102.734	6.80651	3.51	2.3	11.677	4.2804E-8	1	0	7.35564
3177	-26.5	27.5	38.19	1102.329	6.73066	3.51	2.3	12.39	4.1863E-8	1	0	7.04183
3178	-26.5	28.5	38.917	1102.055	6.68013	3.51	2.3	13.117	4.1242E-8	1	0	6.73499
3179	-26.5	29.5	39.655	1101.918	6.65818	3.51	2.3	13.855	4.0974E-8	1	0	6.43074
3180	-25.5	-29.5	38.994	1102.645	6.4083	3.51	2.3	13.194	3.7944E-8	1	0	6.98484
3181	-25.5	-28.5	38.243	1102.787	6.43133	3.51	2.3	12.443	3.8215E-8	1	0	7.34225
3182	-25.5	-27.5	37.503	1103.07	6.48532	3.51	2.3	11.703	3.8854E-8	1	0	7.70448
3183	-25.5	-26.5	36.776	1103.488	6.56643	3.51	2.3	10.976	3.9825E-8	1	0	8.0779
3184	-25.5	-25.5	36.062	1104.035	6.6748	3.51	2.3	10.262	4.114E-8	1	0	8.46555
3185	-25.5	-24.5	35.362	1104.704	6.81058	3.51	2.3	9.562	4.2819E-8	1	0	8.8717
3186	-25.5	-23.5	34.677	1105.482	6.97391	3.51	2.3	8.877	4.4882E-8	1	0	9.30201
3187	-25.5	-22.5	34.007	1106.357	7.16485	3.51	2.3	8.207	4.7355E-8	1	0	9.76393
3188	-25.5	-21.5	33.354	1107.312	7.38339	3.51	2.3	7.554	5.0267E-8	1	0	10.26704
3189	-25.5	-20.5	32.718	1108.331	7.62928	3.51	2.3	6.918	5.3647E-8	1	0	10.82379
3190	-25.5	-19.5	32.101	1109.393	7.90188	3.51	2.3	6.301	5.7522E-8	1	0	11.45044
3191	-25.5	-18.5	31.504	1110.475	8.19986	3.51	2.3	5.704	6.1913E-8	1	0	12.16862
3192	-25.5	-17.5	30.927	1111.554	8.5212	3.51	2.3	5.127	6.6829E-8	1	0	13.00705
3193	-25.5	-16.5	30.373	1112.605	8.86426	3.51	20	4.573	7.2285E-8	1	0	13.93206
3194	-25.5	-15.5	29.841	1113.601	9.22953	3.51	20	4.041	7.833E-8	0	0	15.14083
3195	-25.5	-14.5	29.334	1114.476	9.61577	3.51	20	3.534	8.4991E-8	0	0	16.61796
3196	-25.5	-13.5	28.853	1115.194	10.01124	3.51	20	3.053	9.2097E-8	0	0	18.47784
3197	-25.5	-12.5	28.399	1115.748	10.41369	3.51	20	2.599	9.9626E-8	0	0	20.86811
3198	-25.5	-11.5	27.973	1116.131	10.83409	3.51	20	2.173	1.0781E-7	0	0	23.98787
3199	-25.5	-10.5	27.577	1116.344	11.25546	3.51	20	1.777	1.1635E-7	0	0	28.23467
3200	-25.5	-9.5	27.212	1116.396	11.69454	3.51	20	1.412	1.256E-7	0	0	34.19753
3201	-25.5	-8.5	26.879	1116.286	12.19517	3.51	20	1.079	1.3659E-7	0	0	42.9008
3202	-25.5	-7.5	26.58	1116.063	12.48024	3.51	20	1	1.4307E-7	0	0	45.24444
3203	-25.48	-6.521	26.301	1115.754	12.88645	3.51	20	1	1.5256E-7	0	0	43.81441
3204	-25.6	-5.523	26.189	1115.563	12.97325	3.51	20	1	1.5463E-7	0	0	43.51891
3205	-25.699	-4.525	26.095	1115.387	13.12792	3.51	20	1	1.5835E-7	0	0	43.00402
3206	-25.778	-3.526	26.018	1115.23	13.30668	3.51	20	1	1.627E-7	0	1	42.4244
3207	-25.837	-2.525	25.96	1115.1	13.45866	3.51	20	1	1.6645E-7	0	1	41.94381
3208	-25.877	-1.52	25.921	1115.008	13.56467	3.51	20	1	1.6909E-7	0	1	41.61491
3209	-25.897	-0.508	25.902	1114.959	13.61847	3.51	20	1	1.7044E-7	0	1	41.44994
3210	-25.897	0.508	25.902	1114.959	13.61847	3.51	20	1	1.7044E-7	0	1	41.44994
3211	-25.877	1.52	25.921	1115.008	13.56467	3.51	20	1	1.6909E-7	0	1	41.61491
3212	-25.837	2.525	25.96	1115.1	13.45866	3.51	20	1	1.6645E-7	0	1	41.94381
3213	-25.778	3.526	26.018	1115.23	13.30668	3.51	20	1	1.627E-7	0	1	42.4244
3214	-25.699	4.525	26.095	1115.387	13.12792	3.51	20	1	1.5835E-7	0	0	43.00402
3215	-25.6	5.523	26.189	1115.563	12.97325	3.51	20	1	1.5463E-7	0	0	43.51891
3216	-25.48	6.521	26.301	1115.754	12.88645	3.51	20	1	1.5256E-7	0	0	43.81441
3217	-25.5	7.5	26.58	1116.063	12.48024	3.51	20	1	1.4307E-7	0	0	45.24444
3218	-25.5	8.5	26.879	1116.286	12.19517	3.51	20	1.079	1.3659E-7	0	0	42.9008
3219	-25.5	9.5	27.212	1116.396	11.69454	3.51	20	1.412	1.256E-7	0	0	34.19753
3220	-25.5	10.5	27.577	1116.344	11.25546	3.51	20	1.777	1.1635E-7	0	0	28.23467
3221	-25.5	11.5	27.973	1116.131	10.83409	3.51	20	2.173	1.0781E-7	0	0	23.98787
3222	-25.5	12.5	28.399	1115.748	10.41369	3.51	20	2.599	9.9626E-8	0	0	20.86811
3223	-25.5	13.5	28.853	1115.194	10.01124	3.51	20	3.053	9.2097E-8	0	0	18.47784
3224	-25.5	14.5	29.334	1114.476	9.61577	3.51	20	3.534	8.4991E-8	0	0	16.61796
3225	-25.5	15.5	29.841	1113.601	9.22953	3.51	20	4.041	7.833E-8	0	0	15.14083
3226	-25.5	16.5	30.373	1112.605	8.86426	3.51	20	4.573	7.2285E-8	1	0	13.93206
3227	-25.5	17.5	30.927	1111.554	8.5212	3.51	2.3	5.127	6.6829E-8	1	0	13.00705
3228	-25.5	18.5	31.504	1110.475	8.19986	3.51	2.3	5.704	6.1913E-8	1	0	12.16862
3229	-25.5	19.5	32.101	1109.393	7.90188	3.51	2.3	6.301	5.7522E-8	1	0	11.45044
3230	-25.5	20.5	32.718	1108.331	7.62928	3.51	2.3	6.918	5.3647E-8	1	0	10.82379
3231	-25.5	21.5	33.354	1107.312	7.38339	3.51	2.3	7.554	5.0267E-8	1	0	10.26704
3232	-25.5	22.5	34.007	1106.357	7.16485	3.51	2.3	8.207	4.7355E-8	1	0	9.76393
3233	-25.5	23.5	34.677	1105.482	6.97391	3.51	2.3	8.877	4.4882E-8	1	0	9.30201
3234	-25.5	24.5	35.362	1104.704	6.81058	3.51	2.3	9.562	4.2819E-8	1	0	8.8717
3235	-25.5	25.5	36.062	1104.035	6.6748	3.51	2.3	10.262	4.114E-8	1	0	8.46555
3236	-25.5	26.5	36.776	1103.488	6.56643	3.51	2.3	10.976	3.9825E-8	1	0	8.0779
3237	-25.5	27.5	37.503	1103.07	6.48532	3.51	2.3	11.703	3.8854E-8	1	0	7.70448
3238	-25.5	28.5	38.243	1102.787	6.43133	3.51	2.3	12.443	3.8215E-8	1	0	7.34225
3239	-25.5	29.5	38.994	1102.645	6.4083	3.51	2.3	13.194	3.7944E-8	1	0	6.98484
3240	-24.5	-29.5	38.347	1103.297	6.14201	3.51	2.3	12.547	3.4846E-8	1	0	7.63074
3241	-24.5	-28.5	37.583	1103.444	6.16604	3.51	2.3	11.783	3.5117E-8	1	0	8.05356
3242	-24.5	-27.5	36.831	1103.735	6.22346	3.51	2.3	11.031	3.5769E-8	1	0	8.48453
3243	-24.5	-26.5	36.09	1104.167	6.30984	3.51	2.3	10.29	3.6762E-8	1	0	8.93286
3244	-24.5	-25.5	35.362	1104.732	6.42544	3.51	2.3	9.562	3.8112E-8	1	0	9.40356
3245	-24.5	-24.5	34.648	1105.421	6.57056	3.51	2.3	8.848	3.9841E-8	1	0	9.90362
3246	-24.5	-23.5	33.948	1106.222	6.74555	3.51	2.3	8.148	4.1977E-8	1	0	10.44249
3247	-24.5	-22.5	33.264	1107.119	6.95074	3.51	2.3	7.464	4.4552E-8	1	0	11.03281
3248	-24.5	-21.5	32.596	1108.097	7.18644	3.51	2.3	6.796	4.7604E-8	1	0	11.69139
3249	-24.5	-20.5	31.945	1109.134	7.45287	3.51	2.3	6.145	5.1176E-8	1	0	12.4408
3250	-24.5	-19.5	31.313	1110.208	7.74977	3.51	2.3	5.513	5.5309E-8	1	0	13.31216
3251	-24.5	-18.5	30.7	1111.294	8.0757	3.51	2.3	4.9	6.003E-8	1	0	14.35023
3252	-24.5	-17.5	30.108	1112.365	8.42719	3.51	20	4.308	6.5339E-8	1	0	15.55151
3253	-24.5	-16.5	29.538	1113.365	8.80093	3.51	20	3.738	7.1232E-8	0	0	17.16248
3254	-24.5	-15.5	28.991	1114.221	9.20316	3.51	20	3.191	7.7862E-8	0	0	19.22481
3255	-24.5	-14.5	28.469	1114.914	9.64198	3.51	20	2.669	8.5438E-8	0	0	21.93966
3256	-24.5	-13.5	27.973	1115.422	10.07956	3.51	20	2.173	9.3349E-8	0	0	25.77834
3257	-24.5	-12.5	27.505	1115.732	10.51184	3.51	20	1.705	1.0151E-7	0	0	31.51411
3258	-24.5	-11.5	27.065	1115.84	11.1	3.51	20	1.265	1.1319E-7	0	0	40.22088
3259	-24.5	-10.5	26.655	1115.738	11.66342	3.51	20	1	1.2497E-7	0	0	48.40858
3260	-24.486	-9.533	26.276	1115.458	12.16114	3.51	20	1	1.3588E-7	0	0	46.42366
3261	-24.671	-8.545	26.109	1115.239	12.26243	3.51	20	1	1.3817E-7	0	0	46.03733
3262	-24.83	-7.58	25.961	1115.021	12.71441	3.51	20	1	1.4856E-7	0	0	44.39803
3263	-24.83	7.58	25.961	1115.021	12.71441	3.51	20	1	1.4856E-7	0	0	44.39803
3264	-24.671	8.545	26.109	1115.239	12.26243	3.51	20	1	1.3817E-7	0	0	46.03733
3265	-24.486	9.533	26.276	1115.458	12.16114	3.51	20	1	1.3588E-7	0	0	46.42366
3266	-24.5	10.5	26.655	1115.738	11.66342	3.51	20	1	1.2497E-7	0	0	48.40858
3267	-24.5	11.5	27.065	1115.84	11.1	3.51	20	1.265	1.1319E-7	0	0	40.22088
3268	-24.5	12.5	27.505	1115.732	10.51184	3.51	20	1.705	1.0151E-7	0	0	31.51411
3269	-24.5	13.5	27.973	1115.422	10.07956	3.51	20	2.173	9.3349E-8	0	0	25.77834
3270	-24.5	14.5	28.469	1114.914	9.64198	3.51	20	2.669	8.5438E-8	0	0	21.93966
3271	-24.5	15.5	28.991	1114.221	9.20316	3.51	20	3.191	7.7862E-8	0	0	19.22481
3272	-24.5	16.5	29.538	1113.365	8.80093	3.51	20	3.738	7.1232E-8	0	0	17.16248
3273	-24.5	17.5	30.108	1112.365	8.42719	3.51	20	4.308	6.5339E-8	1	0	15.55151
3274	-24.5	18.5	30.7	1111.294	8.0757	3.51	2.3	4.9	6.003E-8	1	0	14.35023
3275	-24.5	19.5	31.313	1110.208	7.74977	3.51	2.3	5.513	5.5309E-8	1	0	13.31216
3276	-24.5	20.5	31.945	1109.134	7.45287	3.51	2.3	6.145	5.1176E-8	1	0	12.4408
3277	-24.5	21.5	32.596	1108.097	7.18644	3.51	2.3	6.796	4.7604E-8	1	0	11.69139
3278	-24.5	22.5	33.264	1107.119	6.95074	3.51	2.3	7.464	4.4552E-8	1	0	11.03281
3279	-24.5	23.5	33.948	1106.222	6.74555	3.51	2.3	8.148	4.1977E-8	1	0	10.44249
3280	-24.5	24.5	34.648	1105.421	6.57056	3.51	2.3	8.848	3.9841E-8	1	0	9.90362
3281	-24.5	25.5	35.362	1104.732	6.42544	3.51	2.3	9.562	3.8112E-8	1	0	9.40356
3282	-24.5	26.5	36.09	1104.167	6.30984	3.51	2.3	10.29	3.6762E-8	1	0	8.93286
3283	-24.5	27.5	36.831	1103.735	6.22346	3.51	2.3	11.031	3.5769E-8	1	0	8.48453
3284	-24.5	28.5	37.583	1103.444	6.16604	3.51	2.3	11.783	3.5117E-8	1	0	8.05356
3285	-24.5	29.5	38.347	1103.297	6.14201	3.51	2.3	12.547	3.4846E-8	1	0	7.63074
3286	-23.5	-29.5	37.716	1103.887	5.85952	3.51	2.3	11.916	3.1706E-8	1	0	8.38877
3287	-23.5	-28.5	36.939	1104.039	5.8844	3.51	2.3	11.139	3.1974E-8	1	0	8.89278
3288	-23.5	-27.5	36.173	1104.341	5.94519	3.51	2.3	10.373	3.2634E-8	1	0	9.40985
3289	-23.5	-26.5	35.419	1104.788	6.03676	3.51	2.3	9.619	3.364E-8	1	0	9.95338
3290	-23.5	-25.5	34.677	1105.372	6.15952	3.51	2.3	8.877	3.5013E-8	1	0	10.53153
3291	-23.5	-24.5	33.948	1106.083	6.31397	3.51	2.3	8.148	3.678E-8	1	0	11.1558
3292	-23.5	-23.5	33.234	1106.908	6.50066	3.51	2.3	7.434	3.8973E-8	1	0	11.84212
3293	-23.5	-22.5	32.535	1107.83	6.72024	3.51	2.3	6.735	4.1633E-8	1	0	12.61246
3294	-23.5	-21.5	31.851	1108.832	6.97345	3.51	2.3	6.051	4.481E-8	1	0	13.49705
3295	-23.5	-20.5	31.185	1109.889	7.26125	3.51	2.3	5.385	4.8562E-8	1	0	14.53825
3296	-23.5	-19.5	30.537	1110.977	7.58451	3.51	20	4.737	5.2957E-8	1	0	15.71253
3297	-23.5	-18.5	29.908	1112.066	7.94236	3.51	20	4.108	5.8045E-8	0	0	17.30088
3298	-23.5	-17.5	29.3	1113.068	8.32774	3.51	20	3.5	6.3786E-8	0	0	19.36723
3299	-23.5	-16.5	28.714	1113.92	8.72693	3.51	20	2.914	7.0022E-8	0	0	22.199
3300	-23.5	-15.5	28.151	1114.6	9.16029	3.51	20	2.351	7.7126E-8	0	0	26.21097
3301	-23.5	-14.5	27.613	1115.086	9.68933	3.51	20	1.813	8.6273E-8	0	0	32.1317
3302	-23.5	-13.5	27.102	1115.351	10.27662	3.51	20	1.302	9.7037E-8	0	0	42.20547
3303	-23.5	-12.5	26.618	1115.371	11.02087	3.51	20	1	1.116E-7	0	0	51.22561
3304	-23.535	-11.546	26.215	1115.186	11.54983	3.51	20	1	1.2258E-7	0	0	48.87703
3305	-23.763	-10.585	26.014	1114.999	11.76507	3.51	20	1	1.272E-7	0	0	47.98027
3306	-23.763	10.585	26.014	1114.999	11.76507	3.51	20	1	1.272E-7	0	0	47.98027
3307	-23.535	11.546	26.215	1115.186	11.54983	3.51	20	1	1.2258E-7	0	0	48.87703
3308	-23.5	12.5	26.618	1115.371	11.02087	3.51	20	1	1.116E-7	0	0	51.22561
3309	-23.5	13.5	27.102	1115.351	10.27662	3.51	20	1.302	9.7037E-8	0	0	42.20547
3310	-23.5	14.5	27.613	1115.086	9.68933	3.51	20	1.813	8.6273E-8	0	0	32.1317
3311	-23.5	15.5	28.151	1114.6	9.16029	3.51	20	2.351	7.7126E-8	0	0	26.21097
3312	-23.5	16.5	28.714	1113.92	8.72693	3.51	20	2.914	7.0022E-8	0	0	22.199
3313	-23.5	17.5	29.3	1113.068	8.32774	3.51	20	3.5	6.3786E-8	0	0	19.36723
3314	-23.5	18.5	29.908	1112.066	7.94236	3.51	20	4.108	5.8045E-8	0	0	17.30088
3315	-23.5	19.5	30.537	1110.977	7.58451	3.51	20	4.737	5.2957E-8	1	0	15.71253
3316	-23.5	20.5	31.185	1109.889	7.26125	3.51	2.3	5.385	4.8562E-8	1	0	14.53825
3317	-23.5	21.5	31.851	1108.832	6.97345	3.51	2.3	6.051	4.481E-8	1	0	13.49705
3318	-23.5	22.5	32.535	1107.83	6.72024	3.51	2.3	6.735	4.1633E-8	1	0	12.61246
3319	-23.5	23.5	33.234	1106.908	6.50066	3.51	2.3	7.434	3.8973E-8	1	0	11.84212
3320	-23.5	24.5	33.948	1106.083	6.31397	3.51	2.3	8.148	3.678E-8	1	0	11.1558
3321	-23.5	25.5	34.677	1105.372	6.15952	3.51	2.3	8.877	3.5013E-8	1	0	10.53153
3322	-23.5	26.5	35.419	1104.788	6.03676	3.51	2.3	9.619	3.364E-8	1	0	9.95338
3323	-23.5	27.5	36.173	1104.341	5.94519	3.51	2.3	10.373	3.2634E-8	1	0	9.40985
3324	-23.5	28.5	36.939	1104.039	5.8844	3.51	2.3	11.139	3.1974E-8	1	0	8.89278
3325	-23.5	29.5	37.716	1103.887	5.85952	3.51	2.3	11.916	3.1706E-8	1	0	8.38877
3326	-22.5	-29.5	37.101	1104.43	5.56135	3.51	2.3	11.301	2.8555E-8	1	0	9.28481
3327	-22.5	-28.5	36.311	1104.588	5.58689	3.51	2.3	10.511	2.8816E-8	1	0	9.89055
3328	-22.5	-27.5	35.532	1104.901	5.65093	3.51	2.3	9.732	2.9476E-8	1	0	10.51656
3329	-22.5	-26.5	34.763	1105.364	5.74751	3.51	2.3	8.963	3.0486E-8	1	0	11.18251
3330	-22.5	-25.5	34.007	1105.969	5.87725	3.51	2.3	8.207	3.1869E-8	1	0	11.90163
3331	-22.5	-24.5	33.264	1106.705	6.04086	3.51	2.3	7.464	3.3658E-8	1	0	12.69299
3332	-22.5	-23.5	32.535	1107.557	6.23915	3.51	2.3	6.735	3.589E-8	1	0	13.58388
3333	-22.5	-22.5	31.82	1108.509	6.47298	3.51	2.3	6.02	3.8614E-8	1	0	14.61348
3334	-22.5	-21.5	31.121	1109.538	6.74348	3.51	2.3	5.321	4.189E-8	1	0	15.83858
3335	-22.5	-20.5	30.438	1110.619	7.05262	3.51	20	4.638	4.5797E-8	1	0	17.25338
3336	-22.5	-19.5	29.774	1111.718	7.40407	3.51	20	3.974	5.0451E-8	0	0	19.18164
3337	-22.5	-18.5	29.129	1112.729	7.80148	3.51	20	3.329	5.5988E-8	0	0	21.73305
3338	-22.5	-17.5	28.504	1113.599	8.23395	3.51	20	2.704	6.2343E-8	0	0	25.34875
3339	-22.5	-16.5	27.902	1114.291	8.63925	3.51	20	2.102	6.8611E-8	0	0	31.09007
3340	-22.5	-15.5	27.322	1114.774	9.05093	3.51	20	1.522	7.5289E-8	0	0	40.97409
3341	-22.5	-14.5	26.768	1115.025	9.90685	3.51	20	1	9.0193E-8	0	0	56.98033
3342	-22.476	-13.55	26.245	1115.002	10.60584	3.51	20	1	1.0337E-7	0	0	53.22463
3343	-22.754	-12.607	26.013	1114.889	10.73585	3.51	20	1	1.0593E-7	0	0	52.57838
3344	-22.754	12.607	26.013	1114.889	10.73585	3.51	20	1	1.0593E-7	0	0	52.57838
3345	-22.476	13.55	26.245	1115.002	10.60584	3.51	20	1	1.0337E-7	0	0	53.22463
3346	-22.5	14.5	26.768	1115.025	9.90685	3.51	20	1	9.0193E-8	0	0	56.98033
3347	-22.5	15.5	27.322	1114.774	9.05093	3.51	20	1.522	7.5289E-8	0	0	40.97409
3348	-22.5	16.5	27.902	1114.291	8.63925	3.51	20	2.102	6.8611E-8	0	0	31.09007
3349	-22.5	17.5	28.504	1113.599	8.23395	3.51	20	2.704	6.2343E-8	0	0	25.34875
3350	-22.5	18.5	29.129	1112.729	7.80148	3.51	20	3.329	5.5988E-8	0	0	21.73305
3351	-22.5	19.5	29.774	1111.718	7.40407	3.51	20	3.974	5.0451E-8	0	0	19.18164
3352	-22.5	20.5	30.438	1110.619	7.05262	3.51	20	4.638	4.5797E-8	1	0	17.25338
3353	-22.5	21.5	31.121	1109.538	6.74348	3.51	2.3	5.321	4.189E-8	1	0	15.83858
3354	-22.5	22.5	31.82	1108.509	6.47298	3.51	2.3	6.02	3.8614E-8	1	0	14.61348
3355	-22.5	23.5	32.535	1107.557	6.23915	3.51	2.3	6.735	3.589E-8	1	0	13.58388
3356	-22.5	24.5	33.264	1106.705	6.04086	3.51	2.3	7.464	3.3658E-8	1	0	12.69299
3357	-22.5	25.5	34.007	1105.969	5.87725	3.51	2.3	8.207	3.1869E-8	1	0	11.90163
3358	-22.5	26.5	34.763	1105.364	5.74751	3.51	2.3	8.963	3.0486E-8	1	0	11.18251
3359	-22.5	27.5	35.532	1104.901	5.65093	3.51	2.3	9.732	2.9476E-8	1	0	10.51656
3360	-22.5	28.5	36.311	1104.588	5.58689	3.51	2.3	10.511	2.8816E-8	1	0	9.89055
3361	-22.5	29.5	37.101	1104.43	5.56135	3.51	2.3	11.301	2.8555E-8	1	0	9.28481
3362	-21.5	-29.5	36.503	1104.938	5.24837	3.51	2.3	10.703	2.5425E-8	1	0	10.35218
3363	-21.5	-28.5	35.7	1105.102	5.27435	3.51	2.3	9.9	2.5676E-8	1	0	11.08661
3364	-21.5	-27.5	34.907	1105.428	5.3414	3.51	2.3	9.107	2.6329E-8	1	0	11.85196
3365	-21.5	-26.5	34.125	1105.91	5.44271	3.51	2.3	8.325	2.7332E-8	1	0	12.67731
3366	-21.5	-25.5	33.354	1106.539	5.57913	3.51	2.3	7.554	2.8711E-8	1	0	13.58419
3367	-21.5	-24.5	32.596	1107.304	5.75164	3.51	2.3	6.796	3.0504E-8	1	0	14.60449
3368	-21.5	-23.5	31.851	1108.189	5.9613	3.51	2.3	6.051	3.2755E-8	1	0	15.7857
3369	-21.5	-22.5	31.121	1109.174	6.20906	3.51	2.3	5.321	3.5519E-8	1	0	17.20001
3370	-21.5	-21.5	30.406	1110.237	6.4959	3.51	20	4.606	3.8859E-8	1	0	18.86341
3371	-21.5	-20.5	29.707	1111.337	6.82408	3.51	20	3.907	4.2864E-8	0	0	21.16726
3372	-21.5	-19.5	29.026	1112.362	7.20185	3.51	20	3.226	4.7719E-8	0	0	24.29212
3373	-21.5	-18.5	28.364	1113.261	7.65111	3.51	20	2.564	5.3838E-8	0	0	28.77272
3374	-21.5	-17.5	27.722	1113.999	8.18817	3.51	20	1.922	6.1641E-8	0	0	35.86699
3375	-21.5	-16.5	27.102	1114.522	8.67051	3.51	20	1.302	6.9101E-8	0	0	50.01181
3376	-21.5	-15.5	26.505	1114.792	9.6177	3.51	20	1	8.5013E-8	0	0	58.6895
3377	-21.639	-14.585	26.096	1114.835	10.49541	3.51	20	1	1.0124E-7	0	0	53.78211
3378	-21.639	14.585	26.096	1114.835	10.49541	3.51	20	1	1.0124E-7	0	0	53.78211
3379	-21.5	15.5	26.505	1114.792	9.6177	3.51	20	1	8.5013E-8	0	0	58.6895
3380	-21.5	16.5	27.102	1114.522	8.67051	3.51	20	1.302	6.9101E-8	0	0	50.01181
3381	-21.5	17.5	27.722	1113.999	8.18817	3.51	20	1.922	6.1641E-8	0	0	35.86699
3382	-21.5	18.5	28.364	1113.261	7.65111	3.51	20	2.564	5.3838E-8	0	0	28.77272
3383	-21.5	19.5	29.026	1112.362	7.20185	3.51	20	3.226	4.7719E-8	0	0	24.29212
3384	-21.5	20.5	29.707	1111.337	6.82408	3.51	20	3.907	4.2864E-8	0	0	21.16726
3385	-21.5	21.5	30.406	1110.237	6.4959	3.51	20	4.606	3.8859E-8	1	0	18.86341
3386	-21.5	22.5	31.121	1109.174	6.20906	3.51	2.3	5.321	3.5519E-8	1	0	17.20001
3387	-21.5	23.5	31.851	1108.189	5.9613	3.51	2.3	6.051	3.2755E-8	1	0	15.7857
3388	-21.5	24.5	32.596	1107.304	5.75164	3.51	2.3	6.796	3.0504E-8	1	0	14.60449
3389	-21.5	25.5	33.354	1106.539	5.57913	3.51	2.3	7.554	2.8711E-8	1	0	13.58419
3390	-21.5	26.5	34.125	1105.91	5.44271	3.51	2.3	8.325	2.7332E-8	1	0	12.67731
3391	-21.5	27.5	34.907	1105.428	5.3414	3.51	2.3	9.107	2.6329E-8	1	0	11.85196
3392	-21.5	28.5	35.7	1105.102	5.27435	3.51	2.3	9.9	2.5676E-8	1	0	11.08661
3393	-21.5	29.5	36.503	1104.938	5.24837	3.51	2.3	10.703	2.5425E-8	1	0	10.35218
3394	-20.5	-29.5	35.924	1105.425	4.92186	3.51	2.3	10.124	2.2356E-8	1	0	11.63407
3395	-20.5	-28.5	35.107	1105.596	4.948	3.51	2.3	9.307	2.2592E-8	1	0	12.53298
3396	-20.5	-27.5	34.3	1105.936	5.01775	3.51	2.3	8.5	2.323E-8	1	0	13.47863
3397	-20.5	-26.5	33.504	1106.44	5.12336	3.51	2.3	7.704	2.4213E-8	1	0	14.51443
3398	-20.5	-25.5	32.718	1107.097	5.26598	3.51	2.3	6.918	2.5572E-8	1	0	15.6756
3399	-20.5	-24.5	31.945	1107.895	5.44701	3.51	2.3	6.145	2.7351E-8	1	0	17.0159
3400	-20.5	-23.5	31.185	1108.818	5.66789	3.51	2.3	5.385	2.9602E-8	1	0	18.61941
3401	-20.5	-22.5	30.438	1109.846	5.92959	3.51	20	4.638	3.2384E-8	1	0	20.51657
3402	-20.5	-21.5	29.707	1110.94	6.23177	3.51	20	3.907	3.5752E-8	0	0	23.17654
3403	-20.5	-20.5	28.991	1111.978	6.57281	3.51	20	3.191	3.9754E-8	0	0	26.90121
3404	-20.5	-19.5	28.293	1112.908	6.95923	3.51	20	2.493	4.4548E-8	0	0	32.5252
3405	-20.5	-18.5	27.613	1113.696	7.45475	3.51	20	1.813	5.11E-8	0	0	41.74683
3406	-20.5	-17.5	26.954	1114.308	8.15966	3.51	20	1.154	6.1204E-8	0	0	59.95543
3407	-20.391	-16.559	26.268	1114.663	8.71128	3.51	20	1	6.9748E-8	0	0	64.79389
3408	-20.749	-15.666	25.998	1114.726	8.53866	3.51	20	1	6.701E-8	0	0	66.10491
3409	-20.749	15.666	25.998	1114.726	8.53866	3.51	20	1	6.701E-8	0	0	66.10491
3410	-20.391	16.559	26.268	1114.663	8.71128	3.51	20	1	6.9748E-8	0	0	64.79389
3411	-20.5	17.5	26.954	1114.308	8.15966	3.51	20	1.154	6.1204E-8	0	0	59.95543
3412	-20.5	18.5	27.613	1113.696	7.45475	3.51	20	1.813	5.11E-8	0	0	41.74683
3413	-20.5	19.5	28.293	1112.908	6.95923	3.51	20	2.493	4.4548E-8	0	0	32.5252
3414	-20.5	20.5	28.991	1111.978	6.57281	3.51	20	3.191	3.9754E-8	0	0	26.90121
3415	-20.5	21.5	29.707	1110.94	6.23177	3.51	20	3.907	3.5752E-8	0	0	23.17654
3416	-20.5	22.5	30.438	1109.846	5.92959	3.51	20	4.638	3.2384E-8	1	0	20.51657
3417	-20.5	23.5	31.185	1108.818	5.66789	3.51	2.3	5.385	2.9602E-8	1	0	18.61941
3418	-20.5	24.5	31.945	1107.895	5.44701	3.51	2.3	6.145	2.7351E-8	1	0	17.0159
3419	-20.5	25.5	32.718	1107.097	5.26598	3.51	2.3	6.918	2.5572E-8	1	0	15.6756
3420	-20.5	26.5	33.504	1106.44	5.12336	3.51	2.3	7.704	2.4213E-8	1	0	14.51443
3421	-20.5	27.5	34.3	1105.936	5.01775	3.51	2.3	8.5	2.323E-8	1	0	13.47863
3422	-20.5	28.5	35.107	1105.596	4.948	3.51	2.3	9.307	2.2592E-8	1	0	12.53298
3423	-20.5	29.5	35.924	1105.425	4.92186	3.51	2.3	10.124	2.2356E-8	1	0	11.63407
3424	-19.5	-29.5	35.362	1105.9	4.58358	3.51	2.3	9.562	1.9384E-8	1	0	13.18707
3425	-19.5	-28.5	34.533	1106.08	4.60954	3.51	2.3	8.733	1.9603E-8	1	0	14.2985
3426	-19.5	-27.5	33.712	1106.437	4.68153	3.51	2.3	7.912	2.0217E-8	1	0	15.48042
3427	-19.5	-26.5	32.901	1106.965	4.79081	3.51	2.3	7.101	2.1167E-8	1	0	16.79832
3428	-19.5	-25.5	32.101	1107.655	4.93893	3.51	2.3	6.301	2.2489E-8	1	0	18.31037
3429	-19.5	-24.5	31.313	1108.493	5.12788	3.51	2.3	5.513	2.4234E-8	1	0	20.10858
3430	-19.5	-23.5	30.537	1109.463	5.35998	3.51	20	4.737	2.6466E-8	1	0	22.22409
3431	-19.5	-22.5	29.774	1110.536	5.63701	3.51	20	3.974	2.9259E-8	0	0	25.18616
3432	-19.5	-21.5	29.026	1111.588	5.95723	3.51	20	3.226	3.2662E-8	0	0	29.36091
3433	-19.5	-20.5	28.293	1112.553	6.30669	3.51	20	2.493	3.6591E-8	0	0	35.88692
3434	-19.5	-19.5	27.577	1113.39	6.64648	3.51	20	1.777	4.0625E-8	0	0	47.77394
3435	-19.5	-18.5	26.879	1114.062	7.01591	3.51	20	1.079	4.5253E-8	0	0	74.52386
3436	-19.443	-17.574	26.208	1114.553	8.33297	3.51	20	1	6.3825E-8	0	0	67.73336
3437	-19.443	17.574	26.208	1114.553	8.33297	3.51	20	1	6.3825E-8	0	0	67.73336
3438	-19.5	18.5	26.879	1114.062	7.01591	3.51	20	1.079	4.5253E-8	0	0	74.52386
3439	-19.5	19.5	27.577	1113.39	6.64648	3.51	20	1.777	4.0625E-8	0	0	47.77394
3440	-19.5	20.5	28.293	1112.553	6.30669	3.51	20	2.493	3.6591E-8	0	0	35.88692
3441	-19.5	21.5	29.026	1111.588	5.95723	3.51	20	3.226	3.2662E-8	0	0	29.36091
3442	-19.5	22.5	29.774	1110.536	5.63701	3.51	20	3.974	2.9259E-8	0	0	25.18616
3443	-19.5	23.5	30.537	1109.463	5.35998	3.51	20	4.737	2.6466E-8	1	0	22.22409
3444	-19.5	24.5	31.313	1108.493	5.12788	3.51	2.3	5.513	2.4234E-8	1	0	20.10858
3445	-19.5	25.5	32.101	1107.655	4.93893	3.51	2.3	6.301	2.2489E-8	1	0	18.31037
3446	-19.5	26.5	32.901	1106.965	4.79081	3.51	2.3	7.101	2.1167E-8	1	0	16.79832
3447	-19.5	27.5	33.712	1106.437	4.68153	3.51	2.3	7.912	2.0217E-8	1	0	15.48042
3448	-19.5	28.5	34.533	1106.08	4.60954	3.51	2.3	8.733	1.9603E-8	1	0	14.2985
3449	-19.5	29.5	35.362	1105.9	4.58358	3.51	2.3	9.562	1.9384E-8	1	0	13.18707
3450	-18.5	-29.5	34.821	1106.375	4.23576	3.51	2.3	9.021	1.655E-8	1	0	15.08596
3451	-18.5	-28.5	33.978	1106.565	4.26117	3.51	2.3	8.178	1.6748E-8	1	0	16.4752
3452	-18.5	-27.5	33.144	1106.941	4.33481	3.51	2.3	7.344	1.7329E-8	1	0	17.97085
3453	-18.5	-26.5	32.319	1107.497	4.44689	3.51	2.3	6.519	1.8233E-8	1	0	19.67326
3454	-18.5	-25.5	31.504	1108.224	4.59938	3.51	2.3	5.704	1.9498E-8	1	0	21.68013
3455	-18.5	-24.5	30.7	1109.11	4.79507	3.51	2.3	4.9	2.1184E-8	1	0	24.15287
3456	-18.5	-23.5	29.908	1110.135	5.03782	3.51	20	4.108	2.3373E-8	0	0	27.26073
3457	-18.5	-22.5	29.129	1111.189	5.33292	3.51	20	3.329	2.618E-8	0	0	31.77919
3458	-18.5	-21.5	28.364	1112.19	5.68503	3.51	20	2.564	2.9738E-8	0	0	38.71158
3459	-18.5	-20.5	27.613	1113.101	6.07895	3.51	20	1.813	3.3988E-8	0	0	51.18639
3460	-18.5	-19.5	26.879	1113.858	6.35698	3.51	20	1.079	3.7156E-8	0	0	82.24388
3461	-18.545	-18.545	26.227	1114.354	7.85034	3.51	20	1	5.6651E-8	0	0	71.89348
3462	-18.545	18.545	26.227	1114.354	7.85034	3.51	20	1	5.6651E-8	0	0	71.89348
3463	-18.5	19.5	26.879	1113.858	6.35698	3.51	20	1.079	3.7156E-8	0	0	82.24388
3464	-18.5	20.5	27.613	1113.101	6.07895	3.51	20	1.813	3.3988E-8	0	0	51.18639
3465	-18.5	21.5	28.364	1112.19	5.68503	3.51	20	2.564	2.9738E-8	0	0	38.71158
3466	-18.5	22.5	29.129	1111.189	5.33292	3.51	20	3.329	2.618E-8	0	0	31.77919
3467	-18.5	23.5	29.908	1110.135	5.03782	3.51	20	4.108	2.3373E-8	0	0	27.26073
3468	-18.5	24.5	30.7	1109.11	4.79507	3.51	2.3	4.9	2.1184E-8	1	0	24.15287
3469	-18.5	25.5	31.504	1108.224	4.59938	3.51	2.3	5.704	1.9498E-8	1	0	21.68013
3470	-18.5	26.5	32.319	1107.497	4.44689	3.51	2.3	6.519	1.8233E-8	1	0	19.67326
3471	-18.5	27.5	33.144	1106.941	4.33481	3.51	2.3	7.344	1.7329E-8	1	0	17.97085
3472	-18.5	28.5	33.978	1106.565	4.26117	3.51	2.3	8.178	1.6748E-8	1	0	16.4752
3473	-18.5	29.5	34.821	1106.375	4.23576	3.51	2.3	9.021	1.655E-8	1	0	15.08596
3474	-17.5	-29.5	34.3	1106.857	3.88118	3.51	2.3	8.5	1.3893E-8	1	0	17.43062
3475	-17.5	-28.5	33.444	1107.057	3.90561	3.51	2.3	7.644	1.4067E-8	1	0	19.18733
3476	-17.5	-27.5	32.596	1107.455	3.98019	3.51	2.3	6.796	1.4607E-8	1	0	21.1054
3477	-17.5	-26.5	31.757	1108.044	4.09396	3.51	2.3	5.957	1.545E-8	1	0	23.34119
3478	-17.5	-25.5	30.927	1108.815	4.24926	3.51	2.3	5.127	1.6638E-8	1	0	26.06276
3479	-17.5	-24.5	30.108	1109.756	4.44937	3.51	20	4.308	1.8235E-8	1	0	29.43309
3480	-17.5	-23.5	29.3	1110.79	4.69942	3.51	20	3.5	2.0333E-8	0	0	34.29805
3481	-17.5	-22.5	28.504	1111.802	5.01007	3.51	20	2.704	2.3099E-8	0	0	41.63894
3482	-17.5	-21.5	27.722	1112.768	5.41138	3.51	20	1.922	2.6937E-8	0	0	54.25289
3483	-17.5	-20.5	26.954	1113.662	5.95052	3.51	20	1.154	3.2559E-8	0	0	82.199
3484	-17.574	-19.443	26.208	1114.371	6.89696	3.51	20	1	4.3726E-8	0	0	81.83186
3485	-17.574	19.443	26.208	1114.371	6.89696	3.51	20	1	4.3726E-8	0	0	81.83186
3486	-17.5	20.5	26.954	1113.662	5.95052	3.51	20	1.154	3.2559E-8	0	0	82.199
3487	-17.5	21.5	27.722	1112.768	5.41138	3.51	20	1.922	2.6937E-8	0	0	54.25289
3488	-17.5	22.5	28.504	1111.802	5.01007	3.51	20	2.704	2.3099E-8	0	0	41.63894
3489	-17.5	23.5	29.3	1110.79	4.69942	3.51	20	3.5	2.0333E-8	0	0	34.29805
3490	-17.5	24.5	30.108	1109.756	4.44937	3.51	20	4.308	1.8235E-8	1	0	29.43309
3491	-17.5	25.5	30.927	1108.815	4.24926	3.51	2.3	5.127	1.6638E-8	1	0	26.06276
3492	-17.5	26.5	31.757	1108.044	4.09396	3.51	2.3	5.957	1.545E-8	1	0	23.34119
3493	-17.5	27.5	32.596	1107.455	3.98019	3.51	2.3	6.796	1.4607E-8	1	0	21.1054
3494	-17.5	28.5	33.444	1107.057	3.90561	3.51	2.3	7.644	1.4067E-8	1	0	19.18733
3495	-17.5	29.5	34.3	1106.857	3.88118	3.51	2.3	8.5	1.3893E-8	1	0	17.43062
3496	-16.5	-29.5	33.801	1107.351	3.52312	3.51	2.3	8.001	1.1445E-8	1	0	20.35576
3497	-16.5	-28.5	32.932	1107.563	3.54615	3.51	2.3	7.132	1.1594E-8	1	0	22.60456
3498	-16.5	-27.5	32.07	1107.985	3.62085	3.51	2.3	6.27	1.2085E-8	1	0	25.09951
3499	-16.5	-26.5	31.217	1108.611	3.73512	3.51	2.3	5.417	1.2857E-8	1	0	28.08818
3500	-16.5	-25.5	30.373	1109.432	3.89149	3.51	20	4.573	1.3951E-8	1	0	31.70672
3501	-16.5	-24.5	29.538	1110.412	4.09312	3.51	20	3.738	1.5427E-8	0	0	36.87143
3502	-16.5	-23.5	28.714	1111.409	4.3433	3.51	20	2.914	1.7363E-8	0	0	44.5724
3503	-16.5	-22.5	27.902	1112.387	4.64588	3.51	20	2.102	1.9858E-8	0	0	57.78235
3504	-16.5	-21.5	27.102	1113.319	5.07995	3.51	20	1.302	2.3733E-8	0	0	85.33151
3505	-16.559	-20.391	26.268	1114.279	5.67903	3.51	20	1	2.9648E-8	0	0	99.37896
3506	-16.559	20.391	26.268	1114.279	5.67903	3.51	20	1	2.9648E-8	0	0	99.37896
3507	-16.5	21.5	27.102	1113.319	5.07995	3.51	20	1.302	2.3733E-8	0	0	85.33151
3508	-16.5	22.5	27.902	1112.387	4.64588	3.51	20	2.102	1.9858E-8	0	0	57.78235
3509	-16.5	23.5	28.714	1111.409	4.3433	3.51	20	2.914	1.7363E-8	0	0	44.5724
3510	-16.5	24.5	29.538	1110.412	4.09312	3.51	20	3.738	1.5427E-8	0	0	36.87143
3511	-16.5	25.5	30.373	1109.432	3.89149	3.51	20	4.573	1.3951E-8	1	0	31.70672
3512	-16.5	26.5	31.217	1108.611	3.73512	3.51	2.3	5.417	1.2857E-8	1	0	28.08818
3513	-16.5	27.5	32.07	1107.985	3.62085	3.51	2.3	6.27	1.2085E-8	1	0	25.09951
3514	-16.5	28.5	32.932	1107.563	3.54615	3.51	2.3	7.132	1.1594E-8	1	0	22.60456
3515	-16.5	29.5	33.801	1107.351	3.52312	3.51	2.3	8.001	1.1445E-8	1	0	20.35576
3516	-15.5	-29.5	33.324	1107.86	3.16533	3.51	2.3	7.524	9.2364E-9	1	0	24.04506
3517	-15.5	-28.5	32.442	1108.085	3.18652	3.51	2.3	6.642	9.3596E-9	1	0	26.96136
3518	-15.5	-27.5	31.567	1108.534	3.26048	3.51	2.3	5.767	9.7972E-9	1	0	30.25578
3519	-15.5	-26.5	30.7	1109.201	3.37401	3.51	2.3	4.9	1.0488E-8	1	0	34.32639
3520	-15.5	-25.5	29.841	1110.076	3.53016	3.51	20	4.041	1.1477E-8	0	0	39.54583
3521	-15.5	-24.5	28.991	1111.036	3.73247	3.51	20	3.191	1.2825E-8	0	0	47.35986
3522	-15.5	-23.5	28.151	1112.006	3.98237	3.51	20	2.351	1.4593E-8	0	0	60.24656
3523	-15.5	-22.5	27.322	1112.962	4.26664	3.51	20	1.522	1.6744E-8	0	0	86.87481
3524	-15.5	-21.5	26.505	1113.857	4.94879	3.51	20	1	2.2517E-8	0	0	114.02973
3525	-15.666	-20.749	25.998	1114.526	4.6522	3.51	20	1	1.9894E-8	0	0	121.32233
3526	-15.666	20.749	25.998	1114.526	4.6522	3.51	20	1	1.9894E-8	0	0	121.32233
3527	-15.5	21.5	26.505	1113.857	4.94879	3.51	20	1	2.2517E-8	0	0	114.02973
3528	-15.5	22.5	27.322	1112.962	4.26664	3.51	20	1.522	1.6744E-8	0	0	86.87481
3529	-15.5	23.5	28.151	1112.006	3.98237	3.51	20	2.351	1.4593E-8	0	0	60.24656
3530	-15.5	24.5	28.991	1111.036	3.73247	3.51	20	3.191	1.2825E-8	0	0	47.35986
3531	-15.5	25.5	29.841	1110.076	3.53016	3.51	20	4.041	1.1477E-8	0	0	39.54583
3532	-15.5	26.5	30.7	1109.201	3.37401	3.51	2.3	4.9	1.0488E-8	1	0	34.32639
3533	-15.5	27.5	31.567	1108.534	3.26048	3.51	2.3	5.767	9.7972E-9	1	0	30.25578
3534	-15.5	28.5	32.442	1108.085	3.18652	3.51	2.3	6.642	9.3596E-9	1	0	26.96136
3535	-15.5	29.5	33.324	1107.86	3.16533	3.51	2.3	7.524	9.2364E-9	1	0	24.04506
3536	-14.5	-29.5	32.871	1108.384	2.81192	3.51	2.3	7.071	7.2874E-9	1	0	28.75183
3537	-14.5	-28.5	31.977	1108.624	2.83088	3.51	2.3	6.177	7.3852E-9	1	0	32.58579
3538	-14.5	-27.5	31.089	1109.102	2.90308	3.51	2.3	5.289	7.7651E-9	1	0	37.00629
3539	-14.5	-26.5	30.208	1109.815	3.01444	3.51	20	4.408	8.3696E-9	1	0	42.46602
3540	-14.5	-25.5	29.334	1110.705	3.1689	3.51	20	3.534	9.2457E-9	0	0	50.37203
3541	-14.5	-24.5	28.469	1111.636	3.37259	3.51	20	2.669	1.0468E-8	0	0	62.66566
3542	-14.5	-23.5	27.613	1112.594	3.63611	3.51	20	1.813	1.2163E-8	0	0	85.5626
3543	-14.5	-22.5	26.768	1113.561	4.03979	3.51	20	1	1.5007E-8	0	0	139.67594
3544	-14.585	-21.639	26.096	1114.341	4.69203	3.51	20	1	2.0237E-8	0	0	120.28608
3545	-14.585	21.639	26.096	1114.341	4.69203	3.51	20	1	2.0237E-8	0	0	120.28608
3546	-14.5	22.5	26.768	1113.561	4.03979	3.51	20	1	1.5007E-8	0	0	139.67594
3547	-14.5	23.5	27.613	1112.594	3.63611	3.51	20	1.813	1.2163E-8	0	0	85.5626
3548	-14.5	24.5	28.469	1111.636	3.37259	3.51	20	2.669	1.0468E-8	0	0	62.66566
3549	-14.5	25.5	29.334	1110.705	3.1689	3.51	20	3.534	9.2457E-9	0	0	50.37203
3550	-14.5	26.5	30.208	1109.815	3.01444	3.51	20	4.408	8.3696E-9	1	0	42.46602
3551	-14.5	27.5	31.089	1109.102	2.90308	3.51	2.3	5.289	7.7651E-9	1	0	37.00629
3552	-14.5	28.5	31.977	1108.624	2.83088	3.51	2.3	6.177	7.3852E-9	1	0	32.58579
3553	-14.5	29.5	32.871	1108.384	2.81192	3.51	2.3	7.071	7.2874E-9	1	0	28.75183
3554	-13.5	-29.5	32.442	1108.92	2.46732	3.51	2.3	6.642	5.6094E-9	1	0	34.82904
3555	-13.5	-28.5	31.536	1109.175	2.48364	3.51	2.3	5.736	5.6832E-9	1	0	39.94206
3556	-13.5	-27.5	30.635	1109.684	2.55295	3.51	20	4.835	6.0035E-9	1	0	45.71864
3557	-13.5	-26.5	29.741	1110.44	2.66024	3.51	20	3.941	6.5165E-9	0	0	53.82201
3558	-13.5	-25.5	28.853	1111.3	2.80979	3.51	20	3.053	7.267E-9	0	0	65.76371
3559	-13.5	-24.5	27.973	1112.211	3.00825	3.51	20	2.173	8.3265E-9	0	0	86.29541
3560	-13.5	-23.5	27.102	1113.165	3.30427	3.51	20	1.302	1.0042E-8	0	0	131.18222
3561	-13.55	-22.476	26.245	1114.173	3.72169	3.51	20	1	1.2733E-8	0	0	151.64038
3562	-13.55	22.476	26.245	1114.173	3.72169	3.51	20	1	1.2733E-8	0	0	151.64038
3563	-13.5	23.5	27.102	1113.165	3.30427	3.51	20	1.302	1.0042E-8	0	0	131.18222
3564	-13.5	24.5	27.973	1112.211	3.00825	3.51	20	2.173	8.3265E-9	0	0	86.29541
3565	-13.5	25.5	28.853	1111.3	2.80979	3.51	20	3.053	7.267E-9	0	0	65.76371
3566	-13.5	26.5	29.741	1110.44	2.66024	3.51	20	3.941	6.5165E-9	0	0	53.82201
3567	-13.5	27.5	30.635	1109.684	2.55295	3.51	20	4.835	6.0035E-9	1	0	45.71864
3568	-13.5	28.5	31.536	1109.175	2.48364	3.51	2.3	5.736	5.6832E-9	1	0	39.94206
3569	-13.5	29.5	32.442	1108.92	2.46732	3.51	2.3	6.642	5.6094E-9	1	0	34.82904
3570	-12.5	-29.5	32.039	1109.464	2.13602	3.51	2.3	6.239	4.2031E-9	1	0	42.7737
3571	-12.5	-28.5	31.121	1109.735	2.14943	3.51	2.3	5.321	4.2555E-9	1	0	49.69379
3572	-12.5	-27.5	30.208	1110.278	2.21476	3.51	20	4.408	4.5171E-9	1	0	57.80676
3573	-12.5	-26.5	29.3	1111.034	2.31621	3.51	20	3.5	4.9387E-9	0	0	69.59308
3574	-12.5	-25.5	28.399	1111.864	2.4579	3.51	20	2.599	5.5594E-9	0	0	88.31734
3575	-12.5	-24.5	27.505	1112.759	2.64439	3.51	20	1.705	6.4326E-9	0	0	125.16761
3576	-12.5	-23.5	26.618	1113.709	2.99857	3.51	20	1	8.2676E-9	0	0	188.18452
3577	-12.607	-22.754	26.013	1114.459	3.09186	3.51	20	1	8.7871E-9	0	0	182.54574
3578	-12.607	22.754	26.013	1114.459	3.09186	3.51	20	1	8.7871E-9	0	0	182.54574
3579	-12.5	23.5	26.618	1113.709	2.99857	3.51	20	1	8.2676E-9	0	0	188.18452
3580	-12.5	24.5	27.505	1112.759	2.64439	3.51	20	1.705	6.4326E-9	0	0	125.16761
3581	-12.5	25.5	28.399	1111.864	2.4579	3.51	20	2.599	5.5594E-9	0	0	88.31734
3582	-12.5	26.5	29.3	1111.034	2.31621	3.51	20	3.5	4.9387E-9	0	0	69.59308
3583	-12.5	27.5	30.208	1110.278	2.21476	3.51	20	4.408	4.5171E-9	1	0	57.80676
3584	-12.5	28.5	31.121	1109.735	2.14943	3.51	2.3	5.321	4.2555E-9	1	0	49.69379
3585	-12.5	29.5	32.039	1109.464	2.13602	3.51	2.3	6.239	4.2031E-9	1	0	42.7737
3586	-11.5	-29.5	31.662	1110.007	1.82246	3.51	2.3	5.862	3.0589E-9	1	0	53.29323
3587	-11.5	-28.5	30.733	1110.294	1.83278	3.51	2.3	4.933	3.0933E-9	1	0	62.80097
3588	-11.5	-27.5	29.808	1110.867	1.89316	3.51	20	4.008	3.2996E-9	0	0	74.37349
3589	-11.5	-26.5	28.888	1111.588	1.98746	3.51	20	3.088	3.6354E-9	0	0	91.93959
3590	-11.5	-25.5	27.973	1112.392	2.12047	3.51	20	2.173	4.1368E-9	0	0	122.43115
3591	-11.5	-24.5	27.065	1113.277	2.32299	3.51	20	1.265	4.9628E-9	0	0	192.04937
3592	-11.546	-23.535	26.215	1114.206	2.6044	3.51	20	1	6.2355E-9	0	0	216.69687
3593	-11.546	23.535	26.215	1114.206	2.6044	3.51	20	1	6.2355E-9	0	0	216.69687
3594	-11.5	24.5	27.065	1113.277	2.32299	3.51	20	1.265	4.9628E-9	0	0	192.04937
3595	-11.5	25.5	27.973	1112.392	2.12047	3.51	20	2.173	4.1368E-9	0	0	122.43115
3596	-11.5	26.5	28.888	1111.588	1.98746	3.51	20	3.088	3.6354E-9	0	0	91.93959
3597	-11.5	27.5	29.808	1110.867	1.89316	3.51	20	4.008	3.2996E-9	0	0	74.37349
3598	-11.5	28.5	30.733	1110.294	1.83278	3.51	2.3	4.933	3.0933E-9	1	0	62.80097
3599	-11.5	29.5	31.662	1110.007	1.82246	3.51	2.3	5.862	3.0589E-9	1	0	53.29323
3600	-10.5	-29.5	31.313	1110.543	1.53069	3.51	2.3	5.513	2.1574E-9	1	0	67.40525
3601	-10.5	-28.5	30.373	1110.845	1.53788	3.51	20	4.573	2.1774E-9	1	0	80.2636
3602	-10.5	-27.5	29.436	1111.421	1.59237	3.51	20	3.636	2.3339E-9	0	0	97.45231
3603	-10.5	-26.5	28.504	1112.102	1.67796	3.51	20	2.704	2.5907E-9	0	0	124.33621
3604	-10.5	-25.5	27.577	1112.88	1.8	3.51	20	1.777	2.9803E-9	0	0	176.37882
3605	-10.5	-24.5	26.655	1113.755	2.003	3.51	20	1	3.6889E-9	0	0	281.72412
3606	-10.585	-23.763	26.014	1114.459	2.13118	3.51	20	1	4.1749E-9	0	0	264.83197
3607	-10.585	23.763	26.014	1114.459	2.13118	3.51	20	1	4.1749E-9	0	0	264.83197
3608	-10.5	24.5	26.655	1113.755	2.003	3.51	20	1	3.6889E-9	0	0	281.72412
3609	-10.5	25.5	27.577	1112.88	1.8	3.51	20	1.777	2.9803E-9	0	0	176.37882
3610	-10.5	26.5	28.504	1112.102	1.67796	3.51	20	2.704	2.5907E-9	0	0	124.33621
3611	-10.5	27.5	29.436	1111.421	1.59237	3.51	20	3.636	2.3339E-9	0	0	97.45231
3612	-10.5	28.5	30.373	1110.845	1.53788	3.51	20	4.573	2.1774E-9	1	0	80.2636
3613	-10.5	29.5	31.313	1110.543	1.53069	3.51	2.3	5.513	2.1574E-9	1	0	67.40525
3614	-9.5	-29.5	30.992	1111.061	1.26419	3.51	2.3	5.192	1.4712E-9	1	0	86.5872
3615	-9.5	-28.5	30.042	1111.381	1.26836	3.51	20	4.242	1.4807E-9	1	0	104.91423
3616	-9.5	-27.5	29.095	1111.921	1.31618	3.51	20	3.295	1.5941E-9	0	0	130.13107
3617	-9.5	-26.5	28.151	1112.567	1.39154	3.51	20	2.351	1.7814E-9	0	0	172.44284
3618	-9.5	-25.5	27.212	1113.318	1.50914	3.51	20	1.412	2.0945E-9	0	0	264.77026
3619	-9.533	-24.486	26.276	1114.188	1.67351	3.51	20	1	2.5746E-9	0	0	337.23321
3620	-9.533	24.486	26.276	1114.188	1.67351	3.51	20	1	2.5746E-9	0	0	337.23321
3621	-9.5	25.5	27.212	1113.318	1.50914	3.51	20	1.412	2.0945E-9	0	0	264.77026
3622	-9.5	26.5	28.151	1112.567	1.39154	3.51	20	2.351	1.7814E-9	0	0	172.44284
3623	-9.5	27.5	29.095	1111.921	1.31618	3.51	20	3.295	1.5941E-9	0	0	130.13107
3624	-9.5	28.5	30.042	1111.381	1.26836	3.51	20	4.242	1.4807E-9	1	0	104.91423
3625	-9.5	29.5	30.992	1111.061	1.26419	3.51	2.3	5.192	1.4712E-9	1	0	86.5872
3626	-8.5	-29.5	30.7	1111.549	1.02561	3.51	2.3	4.9	9.6811E-10	1	0	113.00278
3627	-8.5	-28.5	29.741	1111.877	1.02706	3.51	20	3.941	9.7071E-10	0	0	139.46434
3628	-8.5	-27.5	28.784	1112.372	1.0678	3.51	20	2.984	1.049E-9	0	0	177.12391
3629	-8.5	-26.5	27.83	1112.979	1.13251	3.51	20	2.03	1.1797E-9	0	0	245.45932
3630	-8.5	-25.5	26.879	1113.701	1.24179	3.51	20	1.079	1.4179E-9	0	0	421.00401
3631	-8.545	-24.671	26.109	1114.402	1.30627	3.51	20	1	1.5685E-9	0	0	432.06765
3632	-8.545	24.671	26.109	1114.402	1.30627	3.51	20	1	1.5685E-9	0	0	432.06765
3633	-8.5	25.5	26.879	1113.701	1.24179	3.51	20	1.079	1.4179E-9	0	0	421.00401
3634	-8.5	26.5	27.83	1112.979	1.13251	3.51	20	2.03	1.1797E-9	0	0	245.45932
3635	-8.5	27.5	28.784	1112.372	1.0678	3.51	20	2.984	1.049E-9	0	0	177.12391
3636	-8.5	28.5	29.741	1111.877	1.02706	3.51	20	3.941	9.7071E-10	0	0	139.46434
3637	-8.5	29.5	30.7	1111.549	1.02561	3.51	2.3	4.9	9.6811E-10	1	0	113.00278
3638	-7.5	-29.5	30.438	1112.001	0.81657	3.51	20	4.638	6.1356E-10	1	0	149.07434
3639	-7.5	-28.5	29.47	1112.32	0.81578	3.51	20	3.67	6.123E-10	0	0	188.51302
3640	-7.5	-27.5	28.504	1112.767	0.84926	3.51	20	2.704	6.6345E-10	0	0	245.70954
3641	-7.5	-26.5	27.541	1113.334	0.90145	3.51	20	1.741	7.4732E-10	0	0	359.574
3642	-7.5	-25.5	26.58	1114.018	0.98885	3.51	20	1	8.9898E-10	0	0	570.69832
3643	-7.58	-24.83	25.961	1114.549	1.04238	3.51	20	1	9.9872E-10	0	0	541.47009
3644	-7.58	24.83	25.961	1114.549	1.04238	3.51	20	1	9.9872E-10	0	0	541.47009
3645	-7.5	25.5	26.58	1114.018	0.98885	3.51	20	1	8.9898E-10	0	0	570.69832
3646	-7.5	26.5	27.541	1113.334	0.90145	3.51	20	1.741	7.4732E-10	0	0	359.574
3647	-7.5	27.5	28.504	1112.767	0.84926	3.51	20	2.704	6.6345E-10	0	0	245.70954
3648	-7.5	28.5	29.47	1112.32	0.81578	3.51	20	3.67	6.123E-10	0	0	188.51302
3649	-7.5	29.5	30.438	1112.001	0.81657	3.51	20	4.638	6.1356E-10	1	0	149.07434
3650	-6.5	-29.5	30.208	1112.414	0.63747	3.51	20	4.408	3.7386E-10	1	0	200.95973
3651	-6.5	-28.5	29.232	1112.698	0.63519	3.51	20	3.432	3.7115E-10	0	0	258.93888
3652	-6.5	-27.5	28.258	1113.105	0.66231	3.51	20	2.458	4.0345E-10	0	0	346.69151
3653	-6.5	-26.5	27.286	1113.631	0.7071	3.51	20	1.486	4.5976E-10	0	0	537.222
3654	-6.521	-25.48	26.301	1114.287	0.77046	3.51	20	1	5.4568E-10	0	0	732.52389
3655	-6.521	25.48	26.301	1114.287	0.77046	3.51	20	1	5.4568E-10	0	0	732.52389
3656	-6.5	26.5	27.286	1113.631	0.7071	3.51	20	1.486	4.5976E-10	0	0	537.222
3657	-6.5	27.5	28.258	1113.105	0.66231	3.51	20	2.458	4.0345E-10	0	0	346.69151
3658	-6.5	28.5	29.232	1112.698	0.63519	3.51	20	3.432	3.7115E-10	0	0	258.93888
3659	-6.5	29.5	30.208	1112.414	0.63747	3.51	20	4.408	3.7386E-10	1	0	200.95973
3660	-5.5	-29.5	30.008	1112.772	0.48742	3.51	20	4.208	2.1854E-10	1	0	275.27454
3661	-5.5	-28.5	29.026	1113.017	0.4844	3.51	20	3.226	2.1582E-10	0	0	361.22808
3662	-5.5	-27.5	28.045	1113.384	0.50638	3.51	20	2.245	2.3582E-10	0	0	496.51539
3663	-5.5	-26.5	27.065	1113.872	0.54347	3.51	20	1.265	2.7156E-10	0	0	821.02965
3664	-5.523	-25.6	26.189	1114.418	0.57108	3.51	20	1	2.9979E-10	0	0	988.29187
3665	-5.523	25.6	26.189	1114.418	0.57108	3.51	20	1	2.9979E-10	0	0	988.29187
3666	-5.5	26.5	27.065	1113.872	0.54347	3.51	20	1.265	2.7156E-10	0	0	821.02965
3667	-5.5	27.5	28.045	1113.384	0.50638	3.51	20	2.245	2.3582E-10	0	0	496.51539
3668	-5.5	28.5	29.026	1113.017	0.4844	3.51	20	3.226	2.1582E-10	0	0	361.22808
3669	-5.5	29.5	30.008	1112.772	0.48742	3.51	20	4.208	2.1854E-10	1	0	275.27454
3670	-4.5	-29.5	29.841	1113.067	0.3644	3.51	20	4.041	1.2213E-10	0	0	383.42753
3671	-4.5	-28.5	28.853	1113.276	0.36138	3.51	20	3.053	1.2011E-10	0	0	511.60571
3672	-4.5	-27.5	27.866	1113.607	0.37897	3.51	20	2.066	1.3206E-10	0	0	720.91513
3673	-4.5	-26.5	26.879	1114.056	0.40677	3.51	20	1.079	1.5212E-10	0	0	1285.3857
3674	-4.525	-25.699	26.095	1114.507	0.42271	3.51	20	1	1.6424E-10	0	0	1335.21825
3675	-4.525	25.699	26.095	1114.507	0.42271	3.51	20	1	1.6424E-10	0	0	1335.21825
3676	-4.5	26.5	26.879	1114.056	0.40677	3.51	20	1.079	1.5212E-10	0	0	1285.3857
3677	-4.5	27.5	27.866	1113.607	0.37897	3.51	20	2.066	1.3206E-10	0	0	720.91513
3678	-4.5	28.5	28.853	1113.276	0.36138	3.51	20	3.053	1.2011E-10	0	0	511.60571
3679	-4.5	29.5	29.841	1113.067	0.3644	3.51	20	4.041	1.2213E-10	0	0	383.42753
3680	-3.5	-29.5	29.707	1113.298	0.2656	3.51	20	3.907	6.4876E-11	0	0	544.15541
3681	-3.5	-28.5	28.714	1113.476	0.26351	3.51	20	2.914	6.3852E-11	0	0	735.10566
3682	-3.5	-27.5	27.722	1113.776	0.27859	3.51	20	1.922	7.136E-11	0	0	1054.13545
3683	-3.5	-26.5	26.73	1114.191	0.29986	3.51	20	1	8.2658E-11	0	0	1882.11055
3684	-3.526	-25.778	26.018	1114.567	0.31141	3.51	20	1	8.9135E-11	0	0	1812.48374
3685	-3.526	25.778	26.018	1114.567	0.31141	3.51	20	1	8.9135E-11	0	0	1812.48374
3686	-3.5	26.5	26.73	1114.191	0.29986	3.51	20	1	8.2658E-11	0	0	1882.11055
3687	-3.5	27.5	27.722	1113.776	0.27859	3.51	20	1.922	7.136E-11	0	0	1054.13545
3688	-3.5	28.5	28.714	1113.476	0.26351	3.51	20	2.914	6.3852E-11	0	0	735.10566
3689	-3.5	29.5	29.707	1113.298	0.2656	3.51	20	3.907	6.4876E-11	0	0	544.15541
3690	-2.5	-29.5	29.606	1113.463	0.1875	3.51	20	3.806	3.233E-11	0	0	791.30131
3691	-2.5	-28.5	28.609	1113.618	0.18743	3.51	20	2.809	3.2302E-11	0	0	1072.01298
3692	-2.5	-27.5	27.613	1113.895	0.2024	3.51	20	1.813	3.7666E-11	0	0	1537.66778
3693	-2.5	-26.5	26.618	1114.283	0.21993	3.51	20	1	4.4464E-11	0	0	2566.18367
3694	-2.525	-25.837	25.96	1114.607	0.22904	3.51	20	1	4.8216E-11	0	0	2464.35496
3695	-2.525	25.837	25.96	1114.607	0.22904	3.51	20	1	4.8216E-11	0	0	2464.35496
3696	-2.5	26.5	26.618	1114.283	0.21993	3.51	20	1	4.4464E-11	0	0	2566.18367
3697	-2.5	27.5	27.613	1113.895	0.2024	3.51	20	1.813	3.7666E-11	0	0	1537.66778
3698	-2.5	28.5	28.609	1113.618	0.18743	3.51	20	2.809	3.2302E-11	0	0	1072.01298
3699	-2.5	29.5	29.606	1113.463	0.1875	3.51	20	3.806	3.233E-11	0	0	791.30131
3700	-1.5	-29.5	29.538	1113.562	0.12631	3.51	20	3.738	1.467E-11	0	0	1195.93532
3701	-1.5	-28.5	28.539	1113.704	0.12961	3.51	20	2.739	1.5447E-11	0	0	1589.79947
3702	-1.5	-27.5	27.541	1113.967	0.14725	3.51	20	1.741	1.9935E-11	0	0	2201.6462
3703	-1.5	-26.5	26.542	1114.34	0.16321	3.51	20	1	2.4485E-11	0	0	3458.12081
3704	-1.52	-25.877	25.921	1114.631	0.17031	3.51	20	1	2.6659E-11	0	0	3314.17794
3705	-1.52	25.877	25.921	1114.631	0.17031	3.51	20	1	2.6659E-11	0	0	3314.17794
3706	-1.5	26.5	26.542	1114.34	0.16321	3.51	20	1	2.4485E-11	0	0	3458.12081
3707	-1.5	27.5	27.541	1113.967	0.14725	3.51	20	1.741	1.9935E-11	0	0	2201.6462
3708	-1.5	28.5	28.539	1113.704	0.12961	3.51	20	2.739	1.5447E-11	0	0	1589.79947
3709	-1.5	29.5	29.538	1113.562	0.12631	3.51	20	3.738	1.467E-11	0	0	1195.93532
3710	-0.5	-29.5	29.504	1113.594	0.07874	3.51	20	3.704	5.7008E-12	0	0	1935.9918
3711	-0.5	-28.5	28.504	1113.731	0.0875	3.51	20	2.704	7.0391E-12	0	0	2385.59193
3712	-0.5	-27.5	27.505	1113.995	0.1109	3.51	20	1.705	1.1307E-11	0	0	2985.65509
3713	-0.5	-26.5	26.505	1114.368	0.12625	3.51	20	1	1.4653E-11	0	0	4470.25781
3714	-0.508	-25.897	25.902	1114.642	0.1299	3.51	20	1	1.5509E-11	0	0	4345.12581
3715	-0.508	25.897	25.902	1114.642	0.1299	3.51	20	1	1.5509E-11	0	0	4345.12581
3716	-0.5	26.5	26.505	1114.368	0.12625	3.51	20	1	1.4653E-11	0	0	4470.25781
3717	-0.5	27.5	27.505	1113.995	0.1109	3.51	20	1.705	1.1307E-11	0	0	2985.65509
3718	-0.5	28.5	28.504	1113.731	0.0875	3.51	20	2.704	7.0391E-12	0	0	2385.59193
3719	-0.5	29.5	29.504	1113.594	0.07874	3.51	20	3.704	5.7008E-12	0	0	1935.9918
3720	0.499	-29.497	29.501	1113.521	0.10557	1.26	20	3.701	3.6789E-12	0	0	1446.91031
3721	0.5	-28.5	28.504	1113.664	0.10335	1.26	20	2.704	3.5254E-12	0	0	2021.09951
3722	0.5	-27.5	27.505	1113.962	0.11083	1.26	20	1.705	4.0539E-12	0	0	2988.40926
3723	0.5	-26.5	26.505	1114.388	0.1004	1.6149	20	1	4.2632E-12	0	0	5621.70799
3724	0.508	-25.897	25.902	1114.655	0.06208	2.8421	20	1	2.8682E-12	0	0	9092.18596
3725	0.508	25.897	25.902	1114.655	0.06208	2.8421	20	1	2.8682E-12	0	0	9092.18596
3726	0.5	26.5	26.505	1114.388	0.1004	1.6149	20	1	4.2632E-12	0	0	5621.70799
3727	0.5	27.5	27.505	1113.962	0.11083	1.26	20	1.705	4.0539E-12	0	0	2988.40926
3728	0.5	28.5	28.504	1113.664	0.10335	1.26	20	2.704	3.5254E-12	0	0	2021.09951
3729	0.499	29.497	29.501	1113.521	0.10557	1.26	20	3.701	3.6789E-12	0	0	1446.91031
3730	1.496	-29.481	29.519	1113.447	0.07346	1.26	20	3.719	1.7813E-12	0	0	2069.82425
3731	1.5	-28.5	28.539	1113.593	0.0709	1.26	20	2.739	1.6591E-12	0	0	2908.51853
3732	1.5	-27.5	27.541	1113.911	0.07314	1.26	20	1.741	1.7656E-12	0	0	4433.8165
3733	1.5	-26.5	26.542	1114.367	0.06302	1.5741	20	1	1.6372E-12	0	0	8956.33627
3734	1.52	-25.877	25.921	1114.647	0.03797	2.7622	20	1	1.043E-12	0	0	14864.17429
3735	1.52	25.877	25.921	1114.647	0.03797	2.7622	20	1	1.043E-12	0	0	14864.17429
3736	1.5	26.5	26.542	1114.367	0.06302	1.5741	20	1	1.6372E-12	0	0	8956.33627
3737	1.5	27.5	27.541	1113.911	0.07314	1.26	20	1.741	1.7656E-12	0	0	4433.8165
3738	1.5	28.5	28.539	1113.593	0.0709	1.26	20	2.739	1.6591E-12	0	0	2908.51853
3739	1.496	29.481	29.519	1113.447	0.07346	1.26	20	3.719	1.7813E-12	0	0	2069.82425
3740	2.492	-29.447	29.553	1113.395	0.05066	1.26	20	3.753	8.4729E-13	0	0	2973.91945
3741	2.5	-28.5	28.609	1113.532	0.04799	1.26	20	2.809	7.6035E-13	0	0	4189.54699
3742	2.5	-27.5	27.613	1113.852	0.04812	1.26	20	1.813	7.6411E-13	0	0	6470.36781
3743	2.5	-26.5	26.618	1114.319	0.0417	1.5039	20	1	6.8483E-13	0	0	13535.89226
3744	2.525	-25.837	25.96	1114.63	0.02484	2.6242	20	1	4.2385E-13	0	0	22727.20682
3745	2.525	25.837	25.96	1114.63	0.02484	2.6242	20	1	4.2385E-13	0	0	22727.20682
3746	2.5	26.5	26.618	1114.319	0.0417	1.5039	20	1	6.8483E-13	0	0	13535.89226
3747	2.5	27.5	27.613	1113.852	0.04812	1.26	20	1.813	7.6411E-13	0	0	6470.36781
3748	2.5	28.5	28.609	1113.532	0.04799	1.26	20	2.809	7.6035E-13	0	0	4189.54699
3749	2.492	29.447	29.553	1113.395	0.05066	1.26	20	3.753	8.4729E-13	0	0	2973.91945
3750	3.488	-29.398	29.604	1113.358	0.03473	1.26	20	3.804	3.9821E-13	0	0	4280.03176
3751	3.5	-28.5	28.714	1113.476	0.03237	1.26	20	2.914	3.4595E-13	0	0	5988.4746
3752	3.5	-27.5	27.722	1113.784	0.03175	1.26	20	1.922	3.3279E-13	0	0	9251.74893
3753	3.5	-26.5	26.73	1114.252	0.0283	1.422	20	1	2.9818E-13	0	0	19947.18014
3754	3.526	-25.778	26.018	1114.602	0.01681	2.4543	20	1	1.8158E-13	0	0	33580.01959
3755	3.526	25.778	26.018	1114.602	0.01681	2.4543	20	1	1.8158E-13	0	0	33580.01959
3756	3.5	26.5	26.73	1114.252	0.0283	1.422	20	1	2.9818E-13	0	0	19947.18014
3757	3.5	27.5	27.722	1113.784	0.03175	1.26	20	1.922	3.3279E-13	0	0	9251.74893
3758	3.5	28.5	28.714	1113.476	0.03237	1.26	20	2.914	3.4595E-13	0	0	5988.4746
3759	3.488	29.398	29.604	1113.358	0.03473	1.26	20	3.804	3.9821E-13	0	0	4280.03176
3760	4.481	-29.331	29.671	1113.332	0.02379	1.26	20	3.871	1.8677E-13	0	0	6140.99208
3761	4.5	-28.5	28.853	1113.423	0.02185	1.26	20	3.053	1.5755E-13	0	0	8470.94519
3762	4.5	-27.5	27.866	1113.709	0.02107	1.26	20	2.066	1.4653E-13	0	0	12972.40185
3763	4.5	-26.5	26.879	1114.165	0.01934	1.3468	20	1.079	1.3192E-13	0	0	27040.97431
3764	4.525	-25.699	26.095	1114.561	0.0116	2.2731	20	1	8.012E-14	0	0	48651.60703
3765	4.525	25.699	26.095	1114.561	0.0116	2.2731	20	1	8.012E-14	0	0	48651.60703
3766	4.5	26.5	26.879	1114.165	0.01934	1.3468	20	1.079	1.3192E-13	0	0	27040.97431
3767	4.5	27.5	27.866	1113.709	0.02107	1.26	20	2.066	1.4653E-13	0	0	12972.40185
3768	4.5	28.5	28.853	1113.423	0.02185	1.26	20	3.053	1.5755E-13	0	0	8470.94519
3769	4.481	29.331	29.671	1113.332	0.02379	1.26	20	3.871	1.8677E-13	0	0	6140.99208
3770	5.468	-29.248	29.755	1113.313	0.01644	1.26	20	3.955	8.9211E-14	0	0	8698.82974
3771	5.5	-28.5	29.026	1113.374	0.01475	1.26	20	3.226	7.1853E-14	0	0	11873.66523
3772	5.5	-27.5	28.045	1113.63	0.01407	1.26	20	2.245	6.5356E-14	0	0	17878.3623
3773	5.5	-26.5	27.065	1114.061	0.01315	1.2927	20	1.265	5.8506E-14	0	0	33951.13361
3774	5.523	-25.6	26.189	1114.506	0.00811	2.096	20	1	3.6093E-14	0	0	69605.75453
3775	5.523	25.6	26.189	1114.506	0.00811	2.096	20	1	3.6093E-14	0	0	69605.75453
3776	5.5	26.5	27.065	1114.061	0.01315	1.2927	20	1.265	5.8506E-14	0	0	33951.13361
3777	5.5	27.5	28.045	1113.63	0.01407	1.26	20	2.245	6.5356E-14	0	0	17878.3623
3778	5.5	28.5	29.026	1113.374	0.01475	1.26	20	3.226	7.1853E-14	0	0	11873.66523
3779	5.468	29.248	29.755	1113.313	0.01644	1.26	20	3.955	8.9211E-14	0	0	8698.82974
3780	6.435	-29.15	29.852	1113.3	0.01198	1.26	20	4.052	4.7357E-14	0	0	11654.10608
3781	6.5	-28.5	29.232	1113.332	0.00987	1.26	20	3.432	3.2165E-14	0	0	16684.95717
3782	6.5	-27.5	28.258	1113.55	0.00945	1.26	20	2.458	2.9451E-14	0	0	24326.90991
3783	6.5	-26.5	27.286	1113.945	0.00883	1.2658	20	1.486	2.5831E-14	0	0	43049.95312
3784	6.521	-25.48	26.301	1114.436	0.0057	1.9349	20	1	1.645E-14	0	0	99062.91398
3785	6.521	25.48	26.301	1114.436	0.0057	1.9349	20	1	1.645E-14	0	0	99062.91398
3786	6.5	26.5	27.286	1113.945	0.00883	1.2658	20	1.486	2.5831E-14	0	0	43049.95312
3787	6.5	27.5	28.258	1113.55	0.00945	1.26	20	2.458	2.9451E-14	0	0	24326.90991
3788	6.5	28.5	29.232	1113.332	0.00987	1.26	20	3.432	3.2165E-14	0	0	16684.95717
3789	6.435	29.15	29.852	1113.3	0.01198	1.26	20	4.052	4.7357E-14	0	0	11654.10608
3790	7.229	-29.058	29.943	1113.292	0.00375	1.26	20	4.143	4.643E-15	0	0	36402.07907
3791	7.495	-28.493	29.463	1113.3	0.0065	1.26	20	3.663	1.3961E-14	0	0	23735.38808
3792	7.5	-27.5	28.504	1113.471	0.00638	1.26	20	2.704	1.3419E-14	0	0	32758.37247
3793	7.5	-26.5	27.541	1113.821	0.00591	1.2601	20	1.741	1.1524E-14	0	0	54880.59953
3794	7.5	-25.5	26.58	1114.308	0.00467	1.5379	20	1	8.8009E-15	0	0	120742.56141
3795	7.58	-24.83	25.961	1114.624	0.00285	2.632	20	1	5.6163E-15	0	0	197729.86845
3796	7.58	24.83	25.961	1114.624	0.00285	2.632	20	1	5.6163E-15	0	0	197729.86845
3797	7.5	25.5	26.58	1114.308	0.00467	1.5379	20	1	8.8009E-15	0	0	120742.56141
3798	7.5	26.5	27.541	1113.821	0.00591	1.2601	20	1.741	1.1524E-14	0	0	54880.59953
3799	7.5	27.5	28.504	1113.471	0.00638	1.26	20	2.704	1.3419E-14	0	0	32758.37247
3800	7.495	28.493	29.463	1113.3	0.0065	1.26	20	3.663	1.3961E-14	0	0	23735.38808
3801	7.229	29.058	29.943	1113.292	0.00375	1.26	20	4.143	4.643E-15	0	0	36402.07907
3802	8.468	-28.389	29.625	1113.281	0.00516	1.26	20	3.825	8.7785E-15	0	0	28664.96515
3803	8.5	-27.5	28.784	1113.395	0.00433	1.26	20	2.984	6.1789E-15	0	0	43767.23067
3804	8.5	-26.5	27.83	1113.691	0.00395	1.26	20	2.03	5.1544E-15	0	0	70388.52479
3805	8.5	-25.5	26.879	1114.147	0.00346	1.3467	20	1.079	4.2347E-15	0	0	150915.74345
3806	8.545	-24.671	26.109	1114.552	0.00201	2.2473	20	1	2.3886E-15	0	0	280167.66182
3807	8.545	24.671	26.109	1114.552	0.00201	2.2473	20	1	2.3886E-15	0	0	280167.66182
3808	8.5	25.5	26.879	1114.147	0.00346	1.3467	20	1.079	4.2347E-15	0	0	150915.74345
3809	8.5	26.5	27.83	1113.691	0.00395	1.26	20	2.03	5.1544E-15	0	0	70388.52479
3810	8.5	27.5	28.784	1113.395	0.00433	1.26	20	2.984	6.1789E-15	0	0	43767.23067
3811	8.468	28.389	29.625	1113.281	0.00516	1.26	20	3.825	8.7785E-15	0	0	28664.96515
3812	9.439	-28.237	29.773	1113.272	0.00367	1.26	20	3.973	4.4393E-15	0	0	38814.84766
3813	9.5	-27.5	29.095	1113.329	0.00294	1.26	20	3.295	2.8563E-15	0	0	58313.30067
3814	9.5	-26.5	28.151	1113.566	0.00268	1.26	20	2.351	2.364E-15	0	0	89742.37338
3815	9.5	-25.5	27.212	1113.97	0.00241	1.2717	20	1.412	1.9374E-15	0	0	165749.41834
3816	9.533	-24.486	26.276	1114.45	0.00148	1.9696	20	1	1.1255E-15	0	0	382094.30652
3817	9.533	24.486	26.276	1114.45	0.00148	1.9696	20	1	1.1255E-15	0	0	382094.30652
3818	9.5	25.5	27.212	1113.97	0.00241	1.2717	20	1.412	1.9374E-15	0	0	165749.41834
3819	9.5	26.5	28.151	1113.566	0.00268	1.26	20	2.351	2.364E-15	0	0	89742.37338
3820	9.5	27.5	29.095	1113.329	0.00294	1.26	20	3.295	2.8563E-15	0	0	58313.30067
3821	9.439	28.237	29.773	1113.272	0.00367	1.26	20	3.973	4.4393E-15	0	0	38814.84766
3822	10.259	-28.095	29.91	1113.268	0.003	1.26	20	4.11	2.9751E-15	0	0	45846.80278
3823	10.496	-27.495	29.43	1113.283	0.00197	1.26	20	3.63	1.2863E-15	0	0	78889.54278
3824	10.5	-26.5	28.504	1113.454	0.00183	1.26	20	2.704	1.1009E-15	0	0	114367.6139
3825	10.5	-25.5	27.577	1113.791	0.00163	1.2601	20	1.777	8.7729E-16	0	0	194851.09489
3826	10.5	-24.5	26.655	1114.26	0.00129	1.4741	20	1	6.3978E-16	0	0	438447.94745
3827	10.585	-23.763	26.014	1114.598	0.00076	2.478	20	1	3.7891E-16	0	0	738649.20173
3828	10.585	23.763	26.014	1114.598	0.00076	2.478	20	1	3.7891E-16	0	0	738649.20173
3829	10.5	24.5	26.655	1114.26	0.00129	1.4741	20	1	6.3978E-16	0	0	438447.94745
3830	10.5	25.5	27.577	1113.791	0.00163	1.2601	20	1.777	8.7729E-16	0	0	194851.09489
3831	10.5	26.5	28.504	1113.454	0.00183	1.26	20	2.704	1.1009E-15	0	0	114367.6139
3832	10.496	27.495	29.43	1113.283	0.00197	1.26	20	3.63	1.2863E-15	0	0	78889.54278
3833	10.259	28.095	29.91	1113.268	0.003	1.26	20	4.11	2.9751E-15	0	0	45846.80278
3834	11.451	-27.363	29.663	1113.262	0.00157	1.26	20	3.863	8.1542E-16	0	0	93142.23529
3835	11.5	-26.5	28.888	1113.357	0.00126	1.26	20	3.088	5.2002E-16	0	0	145797.13786
3836	11.5	-25.5	27.973	1113.622	0.00111	1.26	20	2.173	4.0325E-16	0	0	235071.19915
3837	11.5	-24.5	27.065	1114.038	0.00096	1.2929	20	1.265	3.141E-16	0	0	463398.49297
3838	11.546	-23.535	26.215	1114.486	0.00057	2.0609	20	1	1.7242E-16	0	0	998612.91799
3839	11.546	23.535	26.215	1114.486	0.00057	2.0609	20	1	1.7242E-16	0	0	998612.91799
3840	11.5	24.5	27.065	1114.038	0.00096	1.2929	20	1.265	3.141E-16	0	0	463398.49297
3841	11.5	25.5	27.973	1113.622	0.00111	1.26	20	2.173	4.0325E-16	0	0	235071.19915
3842	11.5	26.5	28.888	1113.357	0.00126	1.26	20	3.088	5.2002E-16	0	0	145797.13786
3843	11.451	27.363	29.663	1113.262	0.00157	1.26	20	3.863	8.1542E-16	0	0	93142.23529
3844	12.358	-27.167	29.846	1113.255	0.00119	1.26	20	4.046	4.6929E-16	0	0	117236.32717
3845	12.5	-26.5	29.3	1113.286	0.00086	1.26	20	3.5	2.4452E-16	0	0	187639.30078
3846	12.5	-25.5	28.399	1113.475	0.00076	1.26	20	2.599	1.9169E-16	0	0	285181.41502
3847	12.5	-24.5	27.505	1113.816	0.00066	1.2604	20	1.705	1.4516E-16	0	0	499487.77832
3848	12.5	-23.5	26.618	1114.272	0.00051	1.5049	20	1	1.0154E-16	0	0	1111990.68438
3849	12.607	-22.754	26.013	1114.602	0.00029	2.4876	20	1	5.4797E-17	0	0	1946089.57843
3850	12.607	22.754	26.013	1114.602	0.00029	2.4876	20	1	5.4797E-17	0	0	1946089.57843
3851	12.5	23.5	26.618	1114.272	0.00051	1.5049	20	1	1.0154E-16	0	0	1111990.68438
3852	12.5	24.5	27.505	1113.816	0.00066	1.2604	20	1.705	1.4516E-16	0	0	499487.77832
3853	12.5	25.5	28.399	1113.475	0.00076	1.26	20	2.599	1.9169E-16	0	0	285181.41502
3854	12.5	26.5	29.3	1113.286	0.00086	1.26	20	3.5	2.4452E-16	0	0	187639.30078
3855	12.358	27.167	29.846	1113.255	0.00119	1.26	20	4.046	4.6929E-16	0	0	117236.32717
3856	13.026	-27.012	29.989	1113.253	0.00065	1.26	20	4.189	1.3994E-16	0	0	207414.22184
3857	13.448	-26.407	29.634	1113.254	0.00066	1.26	20	3.834	1.4493E-16	0	0	222608.40319
3858	13.5	-25.5	28.853	1113.357	0.00053	1.26	20	3.053	9.1741E-17	0	0	351044.9226
3859	13.5	-24.5	27.973	1113.614	0.00045	1.26	20	2.173	6.804E-17	0	0	572276.64531
3860	13.5	-23.5	27.102	1114.014	0.00039	1.2863	20	1.302	5.0875E-17	0	0	1115940.59249
3861	13.55	-22.476	26.245	1114.47	0.00022	2.0178	20	1	2.5741E-17	0	0	2557285.83991
3862	13.55	22.476	26.245	1114.47	0.00022	2.0178	20	1	2.5741E-17	0	0	2557285.83991
3863	13.5	23.5	27.102	1114.014	0.00039	1.2863	20	1.302	5.0875E-17	0	0	1115940.59249
3864	13.5	24.5	27.973	1113.614	0.00045	1.26	20	2.173	6.804E-17	0	0	572276.64531
3865	13.5	25.5	28.853	1113.357	0.00053	1.26	20	3.053	9.1741E-17	0	0	351044.9226
3866	13.448	26.407	29.634	1113.254	0.00066	1.26	20	3.834	1.4493E-16	0	0	222608.40319
3867	13.026	27.012	29.989	1113.253	0.00065	1.26	20	4.189	1.3994E-16	0	0	207414.22184
3868	14.325	-26.179	29.842	1113.244	0.00052	1.26	20	4.042	8.7961E-17	0	0	271094.66965
3869	14.5	-25.5	29.334	1113.274	0.00037	1.26	20	3.534	4.5014E-17	0	0	433148.13203
3870	14.5	-24.5	28.469	1113.448	0.00032	1.26	20	2.669	3.3321E-17	0	0	666021.72374
3871	14.5	-23.5	27.613	1113.76	0.00027	1.26	20	1.813	2.4001E-17	0	0	1154507.09691
3872	14.5	-22.5	26.768	1114.19	0.00021	1.3996	20	1	1.6223E-17	0	0	2682903.09811
3873	14.585	-21.639	26.096	1114.543	0.00012	2.2862	20	1	9.0386E-18	0	0	4593690.7102
3874	14.585	21.639	26.096	1114.543	0.00012	2.2862	20	1	9.0386E-18	0	0	4593690.7102
3875	14.5	22.5	26.768	1114.19	0.00021	1.3996	20	1	1.6223E-17	0	0	2682903.09811
3876	14.5	23.5	27.613	1113.76	0.00027	1.26	20	1.813	2.4001E-17	0	0	1154507.09691
3877	14.5	24.5	28.469	1113.448	0.00032	1.26	20	2.669	3.3321E-17	0	0	666021.72374
3878	14.5	25.5	29.334	1113.274	0.00037	1.26	20	3.534	4.5014E-17	0	0	433148.13203
3879	14.325	26.179	29.842	1113.244	0.00052	1.26	20	4.042	8.7961E-17	0	0	271094.66965
3880	15.426	-25.364	29.687	1113.241	0.00029	1.26	20	3.887	2.7758E-17	0	0	501734.79622
3881	15.5	-24.5	28.991	1113.322	0.00022	1.26	20	3.191	1.6469E-17	0	0	792717.33956
3882	15.5	-23.5	28.151	1113.543	0.00019	1.26	20	2.351	1.1513E-17	0	0	1285967.05056
3883	15.5	-22.5	27.322	1113.891	0.00016	1.265	20	1.522	8.0056E-18	0	0	2385871.38686
3884	15.5	-21.5	26.505	1114.311	0.00011	1.619	20	1	5.1271E-18	0	0	5132737.96654
3885	15.666	-20.749	25.998	1114.618	0.00006	2.5386	20	1	2.3482E-18	0	0	9496899.40127
3886	15.666	20.749	25.998	1114.618	0.00006	2.5386	20	1	2.3482E-18	0	0	9496899.40127
3887	15.5	21.5	26.505	1114.311	0.00011	1.619	20	1	5.1271E-18	0	0	5132737.96654
3888	15.5	22.5	27.322	1113.891	0.00016	1.265	20	1.522	8.0056E-18	0	0	2385871.38686
3889	15.5	23.5	28.151	1113.543	0.00019	1.26	20	2.351	1.1513E-17	0	0	1285967.05056
3890	15.5	24.5	28.991	1113.322	0.00022	1.26	20	3.191	1.6469E-17	0	0	792717.33956
3891	15.426	25.364	29.687	1113.241	0.00029	1.26	20	3.887	2.7758E-17	0	0	501734.79622
3892	16.195	-25.126	29.893	1113.232	0.00019	1.26	20	4.093	1.219E-17	0	0	719078.53443
3893	16.478	-24.475	29.505	1113.251	0.00016	1.26	20	3.705	8.609E-18	0	0	945002.75441
3894	16.5	-23.5	28.714	1113.377	0.00013	1.26	20	2.914	5.7808E-18	0	0	1464964.17181
3895	16.5	-22.5	27.902	1113.632	0.00011	1.26	20	2.102	3.9409E-18	0	0	2458784.75238
3896	16.5	-21.5	27.102	1114.005	0.00009	1.2865	20	1.302	2.7277E-18	0	0	4819796.80751
3897	16.559	-20.391	26.268	1114.464	0.00005	1.99	20	1	1.1792E-18	0	0	11865740.81903
3898	16.559	20.391	26.268	1114.464	0.00005	1.99	20	1	1.1792E-18	0	0	11865740.81903
3899	16.5	21.5	27.102	1114.005	0.00009	1.2865	20	1.302	2.7277E-18	0	0	4819796.80751
3900	16.5	22.5	27.902	1113.632	0.00011	1.26	20	2.102	3.9409E-18	0	0	2458784.75238
3901	16.5	23.5	28.714	1113.377	0.00013	1.26	20	2.914	5.7808E-18	0	0	1464964.17181
3902	16.478	24.475	29.505	1113.251	0.00016	1.26	20	3.705	8.609E-18	0	0	945002.75441
3903	16.195	25.126	29.893	1113.232	0.00019	1.26	20	4.093	1.219E-17	0	0	719078.53443
3904	17.336	-24.241	29.802	1113.23	0.00013	1.26	20	4.002	5.4855E-18	0	0	1096276.89804
3905	17.5	-23.5	29.3	1113.267	0.0001	1.26	20	3.5	3.0951E-18	0	0	1667784.14082
3906	17.5	-22.5	28.504	1113.429	0.00008	1.26	20	2.704	2.055E-18	0	0	2647135.50506
3907	17.5	-21.5	27.722	1113.707	0.00006	1.26	20	1.922	1.3798E-18	0	0	4543644.44002
3908	17.5	-20.5	26.954	1114.096	0.00005	1.3203	20	1.154	8.726E-19	0	0	9739574.50011
3909	17.574	-19.443	26.208	1114.468	0.00003	2.081	20	1	3.9238E-19	0	0	21035125.78464
3910	17.574	19.443	26.208	1114.468	0.00003	2.081	20	1	3.9238E-19	0	0	21035125.78464
3911	17.5	20.5	26.954	1114.096	0.00005	1.3203	20	1.154	8.726E-19	0	0	9739574.50011
3912	17.5	21.5	27.722	1113.707	0.00006	1.26	20	1.922	1.3798E-18	0	0	4543644.44002
3913	17.5	22.5	28.504	1113.429	0.00008	1.26	20	2.704	2.055E-18	0	0	2647135.50506
3914	17.5	23.5	29.3	1113.267	0.0001	1.26	20	3.5	3.0951E-18	0	0	1667784.14082
3915	17.336	24.241	29.802	1113.23	0.00013	1.26	20	4.002	5.4855E-18	0	0	1096276.89804
3916	18.394	-23.349	29.723	1113.229	0.00007	1.26	20	3.923	1.7979E-18	0	0	1953103.3292
3917	18.5	-22.5	29.129	1113.289	0.00006	1.26	20	3.329	1.0801E-18	0	0	2967882.13058
3918	18.5	-21.5	28.364	1113.465	0.00005	1.26	20	2.564	6.9425E-19	0	0	4803732.59517
3919	18.5	-20.5	27.613	1113.744	0.00004	1.2601	20	1.813	4.385E-19	0	0	8541476.85555
3920	18.5	-19.5	26.879	1114.095	0.00003	1.3461	20	1.079	2.4565E-19	0	0	19810500.19216
3921	18.545	-18.545	26.227	1114.377	0.00002	2.0183	20	1	1.5074E-19	0	0	33421831.70448
3922	18.545	18.545	26.227	1114.377	0.00002	2.0183	20	1	1.5074E-19	0	0	33421831.70448
3923	18.5	19.5	26.879	1114.095	0.00003	1.3461	20	1.079	2.4565E-19	0	0	19810500.19216
3924	18.5	20.5	27.613	1113.744	0.00004	1.2601	20	1.813	4.385E-19	0	0	8541476.85555
3925	18.5	21.5	28.364	1113.465	0.00005	1.26	20	2.564	6.9425E-19	0	0	4803732.59517
3926	18.5	22.5	29.129	1113.289	0.00006	1.26	20	3.329	1.0801E-18	0	0	2967882.13058
3927	18.394	23.349	29.723	1113.229	0.00007	1.26	20	3.923	1.7979E-18	0	0	1953103.3292
3928	19.087	-23.072	29.944	1113.22	0.00005	1.26	20	4.144	9.8262E-19	0	0	2501825.90579
3929	19.422	-22.412	29.657	1113.228	0.00004	1.26	20	3.857	5.9629E-19	0	0	3449615.37975
3930	19.5	-21.5	29.026	1113.302	0.00003	1.26	20	3.226	3.7037E-19	0	0	5229863.6329
3931	19.5	-20.5	28.293	1113.48	0.00003	1.26	20	2.493	2.2788E-19	0	0	8621667.28904
3932	19.5	-19.5	27.577	1113.748	0.00002	1.2602	20	1.777	1.3874E-19	0	0	15494742.16046
3933	19.5	-18.5	26.879	1114.095	0.00002	1.3461	20	1.079	8.3787E-20	0	0	33920863.05085
3934	19.443	-17.574	26.208	1114.468	0.00001	2.081	20	1	5.0683E-20	0	0	58528355.98146
3935	19.443	17.574	26.208	1114.468	0.00001	2.081	20	1	5.0683E-20	0	0	58528355.98146
3936	19.5	18.5	26.879	1114.095	0.00002	1.3461	20	1.079	8.3787E-20	0	0	33920863.05085
3937	19.5	19.5	27.577	1113.748	0.00002	1.2602	20	1.777	1.3874E-19	0	0	15494742.16046
3938	19.5	20.5	28.293	1113.48	0.00003	1.26	20	2.493	2.2788E-19	0	0	8621667.28904
3939	19.5	21.5	29.026	1113.302	0.00003	1.26	20	3.226	3.7037E-19	0	0	5229863.6329
3940	19.422	22.412	29.657	1113.228	0.00004	1.26	20	3.857	5.9629E-19	0	0	3449615.37975
3941	19.087	23.072	29.944	1113.22	0.00005	1.26	20	4.144	9.8262E-19	0	0	2501825.90579
3942	20.132	-22.121	29.91	1113.214	0.00003	1.26	20	4.11	3.5055E-19	0	0	4222879.9785
3943	20.438	-21.436	29.617	1113.227	0.00003	1.26	20	3.817	2.0734E-19	0	0	5910371.31601
3944	20.5	-20.5	28.991	1113.306	0.00002	1.26	20	3.191	1.2729E-19	0	0	9016949.85819
3945	20.5	-19.5	28.293	1113.48	0.00002	1.26	20	2.493	7.703E-20	0	0	14828966.69489
3946	20.5	-18.5	27.613	1113.744	0.00001	1.2601	20	1.813	4.7577E-20	0	0	25930792.76779
3947	20.5	-17.5	26.954	1114.096	0.00001	1.3203	20	1.154	2.9008E-20	0	0	53417801.7669
3948	20.391	-16.559	26.268	1114.464	0	1.99	20	1	1.2555E-20	0	0	114993968.66947
3949	20.749	-15.666	25.998	1114.618	0	2.5386	20	1	4.1721E-21	0	0	225308206.61065
3950	20.749	15.666	25.998	1114.618	0	2.5386	20	1	4.1721E-21	0	0	225308206.61064
3951	20.391	16.559	26.268	1114.464	0	1.99	20	1	1.2555E-20	0	0	114993968.66947
3952	20.5	17.5	26.954	1114.096	0.00001	1.3203	20	1.154	2.9008E-20	0	0	53417801.7669
3953	20.5	18.5	27.613	1113.744	0.00001	1.2601	20	1.813	4.7577E-20	0	0	25930792.7678
3954	20.5	19.5	28.293	1113.48	0.00002	1.26	20	2.493	7.703E-20	0	0	14828966.69489
3955	20.5	20.5	28.991	1113.306	0.00002	1.26	20	3.191	1.2729E-19	0	0	9016949.85819
3956	20.438	21.436	29.617	1113.227	0.00003	1.26	20	3.817	2.0734E-19	0	0	5910371.31601
3957	20.132	22.121	29.91	1113.214	0.00003	1.26	20	4.11	3.5055E-19	0	0	4222879.9785
3958	21.142	-21.142	29.899	1113.212	0.00002	1.26	20	4.099	1.2349E-19	0	0	7134356.06221
3959	21.436	-20.438	29.617	1113.227	0.00001	1.26	20	3.817	7.3367E-20	0	0	9935889.53814
3960	21.5	-19.5	29.026	1113.302	0.00001	1.26	20	3.226	4.4864E-20	0	0	15026472.37516
3961	21.5	-18.5	28.364	1113.465	0.00001	1.26	20	2.564	2.6674E-20	0	0	24507324.37585
3962	21.5	-17.5	27.722	1113.707	0.00001	1.26	20	1.922	1.5714E-20	0	0	42576264.71092
3963	21.5	-16.5	27.102	1114.005	0.00001	1.2865	20	1.302	8.7307E-21	0	0	85192162.69649
3964	21.5	-15.5	26.505	1114.311	0	1.619	20	1	4.3114E-21	0	0	177000381.45353
3965	21.639	-14.585	26.096	1114.543	0	2.2862	20	1	1.7551E-21	0	0	329654701.24641
3966	21.639	14.585	26.096	1114.543	0	2.2862	20	1	1.7551E-21	0	0	329654701.24641
3967	21.5	15.5	26.505	1114.311	0	1.619	20	1	4.3114E-21	0	0	177000381.45353
3968	21.5	16.5	27.102	1114.005	0.00001	1.2865	20	1.302	8.7307E-21	0	0	85192162.69649
3969	21.5	17.5	27.722	1113.707	0.00001	1.26	20	1.922	1.5714E-20	0	0	42576264.71092
3970	21.5	18.5	28.364	1113.465	0.00001	1.26	20	2.564	2.6674E-20	0	0	24507324.37585
3971	21.5	19.5	29.026	1113.302	0.00001	1.26	20	3.226	4.4864E-20	0	0	15026472.37517
3972	21.436	20.438	29.617	1113.227	0.00001	1.26	20	3.817	7.3367E-20	0	0	9935889.53814
3973	21.142	21.142	29.899	1113.212	0.00002	1.26	20	4.099	1.2349E-19	0	0	7134356.06221
3974	22.121	-20.132	29.91	1113.214	0.00001	1.26	20	4.11	4.3581E-20	0	0	11976520.44057
3975	22.412	-19.422	29.657	1113.228	0.00001	1.26	20	3.857	2.6316E-20	0	0	16420498.81905
3976	22.5	-18.5	29.129	1113.289	0.00001	1.26	20	3.329	1.6058E-20	0	0	24340763.0047
3977	22.5	-17.5	28.504	1113.428	0.00001	1.26	20	2.704	9.0797E-21	0	0	39824240.08754
3978	22.5	-16.5	27.902	1113.632	0	1.26	20	2.102	5.0338E-21	0	0	68796517.43734
3979	22.5	-15.5	27.322	1113.891	0	1.265	20	1.522	2.6173E-21	0	0	131952474.37242
3980	22.5	-14.5	26.768	1114.19	0	1.3996	20	1	1.2429E-21	0	0	306517379.86649
3981	22.476	-13.55	26.245	1114.47	0	2.0178	20	1	4.3324E-22	0	0	623346089.30024
3982	22.754	-12.607	26.013	1114.602	0	2.4876	20	1	1.323E-22	0	0	1252467845.80326
3983	22.754	12.607	26.013	1114.602	0	2.4876	20	1	1.323E-22	0	0	1252467845.80319
3984	22.476	13.55	26.245	1114.47	0	2.0178	20	1	4.3324E-22	0	0	623346089.30022
3985	22.5	14.5	26.768	1114.19	0	1.3996	20	1	1.2429E-21	0	0	306517379.86648
3986	22.5	15.5	27.322	1113.891	0	1.265	20	1.522	2.6173E-21	0	0	131952474.37241
3987	22.5	16.5	27.902	1113.632	0	1.26	20	2.102	5.0338E-21	0	0	68796517.43734
3988	22.5	17.5	28.504	1113.428	0.00001	1.26	20	2.704	9.0797E-21	0	0	39824240.08754
3989	22.5	18.5	29.129	1113.289	0.00001	1.26	20	3.329	1.6058E-20	0	0	24340763.0047
3990	22.412	19.422	29.657	1113.228	0.00001	1.26	20	3.857	2.6316E-20	0	0	16420498.81905
3991	22.121	20.132	29.91	1113.214	0.00001	1.26	20	4.11	4.3581E-20	0	0	11976520.44057
3992	23.072	-19.087	29.944	1113.22	0.00001	1.26	20	4.144	1.5699E-20	0	0	19792909.72319
3993	23.349	-18.394	29.723	1113.228	0.00001	1.26	20	3.923	9.5819E-21	0	0	26753425.52331
3994	23.5	-17.5	29.3	1113.267	0	1.26	20	3.5	5.7925E-21	0	0	38552013.75493
3995	23.5	-16.5	28.714	1113.377	0	1.26	20	2.914	3.1078E-21	0	0	63181850.65771
3996	23.5	-15.5	28.151	1113.542	0	1.26	20	2.351	1.6267E-21	0	0	108184857.81732
3997	23.5	-14.5	27.613	1113.759	0	1.26	20	1.813	7.8212E-22	0	0	202244212.75006
3998	23.5	-13.5	27.102	1114.013	0	1.2863	20	1.302	3.4904E-22	0	0	426043062.94405
3999	23.5	-12.5	26.618	1114.272	0	1.5049	20	1	1.2649E-22	0	0	996279739.91885
4000	23.535	-11.546	26.215	1114.486	0	2.0609	20	1	3.5651E-23	0	0	2196075763.55211
4001	23.763	-10.585	26.014	1114.598	0	2.478	20	1	1.1279E-23	0	0	4281234743.93498
4002	23.763	10.585	26.014	1114.598	0	2.478	20	1	1.1279E-23	0	0	4281234743.93454
4003	23.535	11.546	26.215	1114.486	0	2.0609	20	1	3.5651E-23	0	0	2196075763.55204
4004	23.5	12.5	26.618	1114.272	0	1.5049	20	1	1.2649E-22	0	0	996279739.91876
4005	23.5	13.5	27.102	1114.013	0	1.2863	20	1.302	3.4904E-22	0	0	426043062.94401
4006	23.5	14.5	27.613	1113.759	0	1.26	20	1.813	7.8212E-22	0	0	202244212.75005
4007	23.5	15.5	28.151	1113.542	0	1.26	20	2.351	1.6267E-21	0	0	108184857.81732
4008	23.5	16.5	28.714	1113.377	0	1.26	20	2.914	3.1078E-21	0	0	63181850.6577
4009	23.5	17.5	29.3	1113.267	0	1.26	20	3.5	5.7925E-21	0	0	38552013.75493
4010	23.349	18.394	29.723	1113.228	0.00001	1.26	20	3.923	9.5819E-21	0	0	26753425.52331
4011	23.072	19.087	29.944	1113.22	0.00001	1.26	20	4.144	1.5699E-20	0	0	19792909.72319
4012	24.241	-17.336	29.802	1113.23	0	1.26	20	4.002	3.1597E-21	0	0	45678172.53353
4013	24.475	-16.478	29.505	1113.251	0	1.26	20	3.705	1.9242E-21	0	0	63210470.98329
4014	24.5	-15.5	28.991	1113.322	0	1.26	20	3.191	1.0627E-21	0	0	98687145.14719
4015	24.5	-14.5	28.469	1113.447	0	1.26	20	2.669	5.2513E-22	0	0	167769737.31837
4016	24.5	-13.5	27.973	1113.614	0	1.26	20	2.173	2.2577E-22	0	0	314163993.66821
4017	24.5	-12.5	27.505	1113.815	0	1.2604	20	1.705	8.8961E-23	0	0	638030439.89138
4018	24.5	-11.5	27.065	1114.037	0	1.2929	20	1.265	3.0006E-23	0	0	1499280990.92975
4019	24.5	-10.5	26.655	1114.26	0	1.4741	20	1	1.1928E-23	0	0	3211070464.36898
4020	24.486	-9.533	26.276	1114.45	0	1.9696	20	1	6.515E-24	0	0	5022134087.8351
4021	24.671	-8.545	26.109	1114.552	0	2.2473	20	1	7.1471E-24	0	0	5121771435.87495
4022	24.83	-7.58	25.961	1114.624	0	2.632	20	1	1.0769E-23	0	0	4515612755.09896
4023	24.83	7.58	25.961	1114.624	0	2.632	20	1	1.0769E-23	0	0	4515612755.09909
4024	24.671	8.545	26.109	1114.552	0	2.2473	20	1	7.1471E-24	0	0	5121771435.87475
4025	24.486	9.533	26.276	1114.45	0	1.9696	20	1	6.515E-24	0	0	5022134087.83434
4026	24.5	10.5	26.655	1114.26	0	1.4741	20	1	1.1928E-23	0	0	3211070464.36873
4027	24.5	11.5	27.065	1114.037	0	1.2929	20	1.265	3.0006E-23	0	0	1499280990.92963
4028	24.5	12.5	27.505	1113.815	0	1.2604	20	1.705	8.8961E-23	0	0	638030439.89128
4029	24.5	13.5	27.973	1113.614	0	1.26	20	2.173	2.2577E-22	0	0	314163993.6682
4030	24.5	14.5	28.469	1113.447	0	1.26	20	2.669	5.2513E-22	0	0	167769737.31836
4031	24.5	15.5	28.991	1113.322	0	1.26	20	3.191	1.0627E-21	0	0	98687145.14718
4032	24.475	16.478	29.505	1113.251	0	1.26	20	3.705	1.9242E-21	0	0	63210470.98329
4033	24.241	17.336	29.802	1113.23	0	1.26	20	4.002	3.1597E-21	0	0	45678172.53353
4034	25.126	-16.195	29.893	1113.232	0	1.26	20	4.093	9.2341E-22	0	0	82620068.12766
4035	25.364	-15.426	29.687	1113.241	0	1.26	20	3.887	7.1092E-22	0	0	99142500.5342
4036	25.5	-14.5	29.334	1113.274	0	1.26	20	3.534	3.712E-22	0	0	150836946.51623
4037	25.5	-13.5	28.853	1113.356	0	1.26	20	3.053	1.5954E-22	0	0	266200669.75835
4038	25.5	-12.5	28.399	1113.474	0	1.26	20	2.599	5.655E-23	0	0	525055170.92084
4039	25.5	-11.5	27.973	1113.62	0	1.26	20	2.173	1.8807E-23	0	0	1088497572.26865
4040	25.5	-10.5	27.577	1113.789	0	1.2601	20	1.777	7.1718E-24	0	0	2155060400.672
4041	25.5	-9.5	27.212	1113.968	0	1.2717	20	1.412	6.7028E-24	0	0	2817925027.14328
4042	25.5	-8.5	26.879	1114.145	0	1.3467	20	1.079	1.0702E-23	0	0	3002052937.9873
4043	25.5	-7.5	26.58	1114.306	0	1.5379	20	1	1.4578E-23	0	0	2966711755.05457
4044	25.48	-6.521	26.301	1114.434	0	1.9349	20	1	1.5944E-23	0	0	3181988714.14214
4045	25.6	-5.523	26.189	1114.503	0	2.096	20	1	1.6641E-23	0	0	3241630652.46207
4046	25.699	-4.525	26.095	1114.559	0	2.2731	20	1	1.4403E-23	0	0	3628673660.89591
4047	25.778	-3.526	26.018	1114.599	0	2.4543	20	1	1.0148E-23	0	0	4491770919.96364
4048	25.837	-2.525	25.96	1114.627	0	2.6242	20	1	6.0502E-24	0	0	6015482287.9448
4049	25.877	-1.52	25.921	1114.644	0	2.7622	20	1	3.3612E-24	0	0	8280076462.63785
4050	25.897	-0.508	25.902	1114.653	0	2.8421	20	1	2.1745E-24	0	0	10442294649.6616
4051	25.897	0.508	25.902	1114.653	0	2.8421	20	1	2.1745E-24	0	0	10442294649.6615
4052	25.877	1.52	25.921	1114.644	0	2.7622	20	1	3.3612E-24	0	0	8280076462.63766
4053	25.837	2.525	25.96	1114.627	0	2.6242	20	1	6.0502E-24	0	0	6015482287.94475
4054	25.778	3.526	26.018	1114.599	0	2.4543	20	1	1.0148E-23	0	0	4491770919.96368
4055	25.699	4.525	26.095	1114.559	0	2.2731	20	1	1.4403E-23	0	0	3628673660.89587
4056	25.6	5.523	26.189	1114.503	0	2.096	20	1	1.6641E-23	0	0	3241630652.46204
4057	25.48	6.521	26.301	1114.434	0	1.9349	20	1	1.5944E-23	0	0	3181988714.14213
4058	25.5	7.5	26.58	1114.306	0	1.5379	20	1	1.4578E-23	0	0	2966711755.05456
4059	25.5	8.5	26.879	1114.145	0	1.3467	20	1.079	1.0702E-23	0	0	3002052937.98719
4060	25.5	9.5	27.212	1113.968	0	1.2717	20	1.412	6.7028E-24	0	0	2817925027.14286
4061	25.5	10.5	27.577	1113.789	0	1.2601	20	1.777	7.1718E-24	0	0	2155060400.67184
4062	25.5	11.5	27.973	1113.62	0	1.26	20	2.173	1.8807E-23	0	0	1088497572.26863
4063	25.5	12.5	28.399	1113.474	0	1.26	20	2.599	5.655E-23	0	0	525055170.9208
4064	25.5	13.5	28.853	1113.356	0	1.26	20	3.053	1.5954E-22	0	0	266200669.75835
4065	25.5	14.5	29.334	1113.274	0	1.26	20	3.534	3.712E-22	0	0	150836946.51622
4066	25.364	15.426	29.687	1113.241	0	1.26	20	3.887	7.1092E-22	0	0	99142500.53418
4067	25.126	16.195	29.893	1113.232	0	1.26	20	4.093	9.2341E-22	0	0	82620068.12767
4068	26.179	-14.325	29.842	1113.243	0	1.26	20	4.042	1.7608E-22	0	0	191608509.86404
4069	26.407	-13.448	29.634	1113.252	0	1.26	20	3.834	9.6758E-23	0	0	272440586.50115
4070	26.5	-12.5	29.3	1113.285	0	1.26	20	3.5	3.864E-23	0	0	472024186.93369
4071	26.5	-11.5	28.888	1113.355	0	1.26	20	3.088	7.9203E-24	0	0	1181375780.40657
4072	26.5	-10.5	28.504	1113.451	0	1.26	20	2.704	2.3859E-24	0	0	2456723777.03543
4073	26.5	-9.5	28.151	1113.562	0	1.26	20	2.351	4.5593E-24	0	0	2043468975.72197
4074	26.5	-8.5	27.83	1113.686	0	1.26	20	2.03	8.115E-24	0	0	1773959858.05088
4075	26.5	-7.5	27.541	1113.814	0	1.2601	20	1.741	1.4271E-23	0	0	1559554927.31113
4076	26.5	-6.5	27.286	1113.937	0	1.2658	20	1.486	1.8451E-23	0	0	1610793654.665
4077	26.5	-5.5	27.065	1114.051	0	1.2927	20	1.265	2.0988E-23	0	0	1792547471.60854
4078	26.5	-4.5	26.879	1114.152	0	1.3468	20	1.079	1.8607E-23	0	0	2276866718.24483
4079	26.5	-3.5	26.73	1114.236	0	1.422	20	1	1.3848E-23	0	0	2926977995.20935
4080	26.5	-2.5	26.618	1114.3	0	1.5039	20	1	8.7273E-24	0	0	3791722145.05312
4081	26.5	-1.5	26.542	1114.343	0	1.5741	20	1	5.0541E-24	0	0	5097591808.80448
4082	26.5	-0.5	26.505	1114.365	0	1.6149	20	1	3.3762E-24	0	0	6317169392.46766
4083	26.5	0.5	26.505	1114.365	0	1.6149	20	1	3.3762E-24	0	0	6317169392.46761
4084	26.5	1.5	26.542	1114.343	0	1.5741	20	1	5.0541E-24	0	0	5097591808.80447
4085	26.5	2.5	26.618	1114.3	0	1.5039	20	1	8.7273E-24	0	0	3791722145.05309
4086	26.5	3.5	26.73	1114.236	0	1.422	20	1	1.3848E-23	0	0	2926977995.20938
4087	26.5	4.5	26.879	1114.152	0	1.3468	20	1.079	1.8607E-23	0	0	2276866718.24481
4088	26.5	5.5	27.065	1114.051	0	1.2927	20	1.265	2.0988E-23	0	0	1792547471.60853
4089	26.5	6.5	27.286	1113.937	0	1.2658	20	1.486	1.8451E-23	0	0	1610793654.66499
4090	26.5	7.5	27.541	1113.814	0	1.2601	20	1.741	1.4271E-23	0	0	1559554927.31114
4091	26.5	8.5	27.83	1113.686	0	1.26	20	2.03	8.115E-24	0	0	1773959858.05089
4092	26.5	9.5	28.151	1113.562	0	1.26	20	2.351	4.5593E-24	0	0	2043468975.72217
4093	26.5	10.5	28.504	1113.451	0	1.26	20	2.704	2.3859E-24	0	0	2456723777.03525
4094	26.5	11.5	28.888	1113.355	0	1.26	20	3.088	7.9203E-24	0	0	1181375780.40647
4095	26.5	12.5	29.3	1113.285	0	1.26	20	3.5	3.864E-23	0	0	472024186.93368
4096	26.407	13.448	29.634	1113.252	0	1.26	20	3.834	9.6758E-23	0	0	272440586.50113
4097	26.179	14.325	29.842	1113.243	0	1.26	20	4.042	1.7608E-22	0	0	191608509.86405
4098	27.012	-13.026	29.989	1113.251	0	1.26	20	4.189	4.3564E-23	0	0	371751149.97651
4099	27.167	-12.358	29.846	1113.253	0	1.26	20	4.046	1.0842E-23	0	0	771299862.34479
4100	27.363	-11.451	29.663	1113.259	0	1.26	20	3.863	2.5827E-24	0	0	1655008784.72287
4101	27.495	-10.496	29.43	1113.279	0	1.26	20	3.63	4.5123E-25	0	0	4212024770.29809
4102	27.5	-9.5	29.095	1113.323	0	1.26	20	3.295	2.2965E-24	0	0	2056531404.71872
4103	27.5	-8.5	28.784	1113.387	0	1.26	20	2.984	5.6941E-24	0	0	1441750452.70965
4104	27.5	-7.5	28.504	1113.46	0	1.26	20	2.704	8.402E-24	0	0	1309161132.719
4105	27.5	-6.5	28.258	1113.535	0	1.26	20	2.458	1.1727E-23	0	0	1219085300.98606
4106	27.5	-5.5	28.045	1113.61	0	1.26	20	2.245	1.2735E-23	0	0	1280745053.09859
4107	27.5	-4.5	27.866	1113.682	0	1.26	20	2.066	1.2785E-23	0	0	1388776303.31023
4108	27.5	-3.5	27.722	1113.746	0	1.26	20	1.922	1.0389E-23	0	0	1655853356.48816
4109	27.5	-2.5	27.613	1113.799	0	1.26	20	1.813	7.1732E-24	0	0	2111785555.523
4110	27.5	-1.5	27.541	1113.836	0	1.26	20	1.741	4.4389E-24	0	0	2796265626.69834
4111	27.5	-0.5	27.505	1113.855	0	1.26	20	1.705	2.8265E-24	0	0	3578912765.65659
4112	27.5	0.5	27.505	1113.855	0	1.26	20	1.705	2.8265E-24	0	0	3578912765.65653
4113	27.5	1.5	27.541	1113.836	0	1.26	20	1.741	4.4389E-24	0	0	2796265626.6983
4114	27.5	2.5	27.613	1113.799	0	1.26	20	1.813	7.1732E-24	0	0	2111785555.52297
4115	27.5	3.5	27.722	1113.746	0	1.26	20	1.922	1.0389E-23	0	0	1655853356.48815
4116	27.5	4.5	27.866	1113.682	0	1.26	20	2.066	1.2785E-23	0	0	1388776303.31021
4117	27.5	5.5	28.045	1113.61	0	1.26	20	2.245	1.2735E-23	0	0	1280745053.09856
4118	27.5	6.5	28.258	1113.535	0	1.26	20	2.458	1.1727E-23	0	0	1219085300.98604
4119	27.5	7.5	28.504	1113.46	0	1.26	20	2.704	8.402E-24	0	0	1309161132.71906
4120	27.5	8.5	28.784	1113.387	0	1.26	20	2.984	5.6941E-24	0	0	1441750452.70978
4121	27.5	9.5	29.095	1113.323	0	1.26	20	3.295	2.2965E-24	0	0	2056531404.71959
4122	27.495	10.496	29.43	1113.279	0	1.26	20	3.63	4.5123E-25	0	0	4212024770.29557
4123	27.363	11.451	29.663	1113.259	0	1.26	20	3.863	2.5827E-24	0	0	1655008784.72246
4124	27.167	12.358	29.846	1113.253	0	1.26	20	4.046	1.0842E-23	0	0	771299862.34475
4125	27.012	13.026	29.989	1113.251	0	1.26	20	4.189	4.3564E-23	0	0	371751149.97653
4126	28.095	-10.259	29.91	1113.263	0	1.26	20	4.11	1.1123E-24	0	0	2371094483.03512
4127	28.237	-9.439	29.773	1113.265	0	1.26	20	3.973	3.3651E-24	0	0	1409799145.20278
4128	28.389	-8.468	29.625	1113.272	0	1.26	20	3.825	6.4704E-24	0	0	1055833882.47162
4129	28.493	-7.495	29.463	1113.286	0	1.26	20	3.663	4.8097E-24	0	0	1278781054.30463
4130	28.5	-6.5	29.232	1113.312	0	1.26	20	3.432	3.6224E-24	0	0	1572225095.14444
4131	28.5	-5.5	29.026	1113.346	0	1.26	20	3.226	5.2304E-24	0	0	1391679957.0388
4132	28.5	-4.5	28.853	1113.383	0	1.26	20	3.053	5.9943E-24	0	0	1373327296.44177
4133	28.5	-3.5	28.714	1113.418	0	1.26	20	2.914	6.0986E-24	0	0	1426292552.6326
4134	28.5	-2.5	28.609	1113.448	0	1.26	20	2.809	4.5216E-24	0	0	1718000438.35503
4135	28.5	-1.5	28.539	1113.47	0	1.26	20	2.739	2.5364E-24	0	0	2352323859.52301
4136	28.5	-0.5	28.504	1113.482	0	1.26	20	2.704	1.2942E-24	0	0	3335681352.14494
4137	28.5	0.5	28.504	1113.482	0	1.26	20	2.704	1.2942E-24	0	0	3335681352.14484
4138	28.5	1.5	28.539	1113.47	0	1.26	20	2.739	2.5364E-24	0	0	2352323859.52298
4139	28.5	2.5	28.609	1113.448	0	1.26	20	2.809	4.5216E-24	0	0	1718000438.35507
4140	28.5	3.5	28.714	1113.418	0	1.26	20	2.914	6.0986E-24	0	0	1426292552.63259
4141	28.5	4.5	28.853	1113.383	0	1.26	20	3.053	5.9943E-24	0	0	1373327296.44173
4142	28.5	5.5	29.026	1113.346	0	1.26	20	3.226	5.2304E-24	0	0	1391679957.03879
4143	28.5	6.5	29.232	1113.312	0	1.26	20	3.432	3.6224E-24	0	0	1572225095.14434
4144	28.493	7.495	29.463	1113.286	0	1.26	20	3.663	4.8097E-24	0	0	1278781054.30445
4145	28.389	8.468	29.625	1113.272	0	1.26	20	3.825	6.4704E-24	0	0	1055833882.47167
4146	28.237	9.439	29.773	1113.265	0	1.26	20	3.973	3.3651E-24	0	0	1409799145.20307
4147	28.095	10.259	29.91	1113.263	0	1.26	20	4.11	1.1123E-24	0	0	2371094483.0369
4148	29.058	-7.229	29.943	1113.276	0	1.26	20	4.143	3.7029E-24	0	0	1288999396.04881
4149	29.15	-6.435	29.852	1113.278	0	1.26	20	4.052	7.2591E-25	0	0	2976664621.64058
4150	29.248	-5.468	29.755	1113.281	0	1.26	20	3.955	3.2346E-24	0	0	1444641778.45233
4151	29.331	-4.481	29.671	1113.285	0	1.26	20	3.871	4.2956E-24	0	0	1280488573.91577
4152	29.398	-3.488	29.604	1113.29	0	1.26	20	3.804	4.2737E-24	0	0	1306480179.78726
4153	29.447	-2.492	29.553	1113.295	0	1.26	20	3.753	3.5566E-24	0	0	1451526456.45531
4154	29.481	-1.496	29.519	1113.299	0	1.26	20	3.719	1.7391E-24	0	0	2094783658.05822
4155	29.497	-0.499	29.501	1113.301	0	1.26	20	3.701	6.8036E-25	0	0	3364527810.58397
4156	29.497	0.499	29.501	1113.301	0	1.26	20	3.701	6.8036E-25	0	0	3364527810.58357
4157	29.481	1.496	29.519	1113.299	0	1.26	20	3.719	1.7391E-24	0	0	2094783658.05842
4158	29.447	2.492	29.553	1113.295	0	1.26	20	3.753	3.5566E-24	0	0	1451526456.45532
4159	29.398	3.488	29.604	1113.29	0	1.26	20	3.804	4.2737E-24	0	0	1306480179.78723
4160	29.331	4.481	29.671	1113.285	0	1.26	20	3.871	4.2956E-24	0	0	1280488573.91577
4161	29.248	5.468	29.755	1113.281	0	1.26	20	3.955	3.2346E-24	0	0	1444641778.45244
4162	29.15	6.435	29.852	1113.278	0	1.26	20	4.052	7.2591E-25	0	0	2976664621.64013
4163	29.058	7.229	29.943	1113.276	0	1.26	20	4.143	3.7029E-24	0	0	1288999396.04829
