格	x	z	r	T	J重构	厚	保温mm	L	proxy	区(0盘1舌)	前12	裕度
480	-99.291	-29.5	103.581	464.542	9.9607	2.03	5.1	1	6.7797E-8	1	0	47.87347
481	-99.291	-28.5	103.301	464.542	9.96074	2.03	5.1	1	6.7798E-8	1	0	47.8733
482	-99.291	-27.5	103.029	464.542	9.96081	2.03	5.1	1	6.7799E-8	1	0	47.87296
483	-99.291	-26.5	102.767	464.542	9.96091	2.03	5.1	1	6.78E-8	1	0	47.87245
484	-99.291	-25.5	102.514	464.543	9.96105	2.03	5.1	1	6.7802E-8	1	0	47.87179
485	-99.291	-24.5	102.269	464.543	9.96122	2.03	5.1	1	6.7804E-8	1	0	47.87097
486	-99.291	-23.5	102.034	464.544	9.96143	2.03	5.1	1	6.7807E-8	1	0	47.87001
487	-99.291	-22.5	101.809	464.544	9.96165	2.03	5.1	1	6.781E-8	1	0	47.86891
488	-99.291	-21.5	101.592	464.545	9.96191	2.03	5.1	1	6.7814E-8	1	0	47.8677
489	-99.291	-20.5	101.386	464.546	9.96219	2.03	5.1	1	6.7817E-8	1	0	47.86638
490	-99.291	-19.5	101.188	464.547	9.96248	2.03	5.1	1	6.7822E-8	1	0	47.86496
491	-99.291	-18.5	101	464.547	9.9628	2.03	5.1	1	6.7826E-8	1	0	47.86347
492	-99.291	-17.5	100.822	464.548	9.96312	2.03	5.1	1	6.783E-8	1	0	47.86191
493	-99.291	-16.5	100.653	464.549	9.96346	2.03	5.1	1	6.7835E-8	1	0	47.86031
494	-99.291	-15.5	100.494	464.55	9.9638	2.03	5.1	1	6.7839E-8	1	0	47.85868
495	-99.291	-14.5	100.345	464.551	9.96414	2.03	5.1	1	6.7844E-8	1	0	47.85705
496	-99.291	-13.5	100.205	464.552	9.96448	2.03	5.1	1	6.7849E-8	1	0	47.85542
497	-99.291	-12.5	100.075	464.553	9.96482	2.03	5.1	1	6.7853E-8	1	0	47.85382
498	-99.291	-11.5	99.955	464.554	9.96514	2.03	5.1	1	6.7858E-8	1	0	47.85227
499	-99.291	-10.5	99.845	464.555	9.96546	2.03	5.1	1	6.7862E-8	1	0	47.85078
500	-99.291	-9.5	99.745	464.556	9.96575	2.03	5.1	1	6.7866E-8	1	0	47.84936
501	-99.291	-8.5	99.655	464.556	9.96603	2.03	5.1	1	6.787E-8	1	0	47.84804
502	-99.291	-7.5	99.574	464.557	9.96629	2.03	5.1	1	6.7873E-8	1	0	47.84682
503	-99.291	-6.5	99.504	464.558	9.96651	2.03	5.1	1	6.7876E-8	1	0	47.84573
504	-99.291	-5.5	99.444	464.558	9.96672	2.03	5.1	1	6.7879E-8	1	0	47.84477
505	-99.291	-4.5	99.393	464.559	9.96689	2.03	5.1	1	6.7881E-8	1	0	47.84395
506	-99.291	-3.5	99.353	464.559	9.96703	2.03	5.1	1	6.7883E-8	1	0	47.84328
507	-99.291	-2.5	99.323	464.559	9.96713	2.03	5.1	1	6.7885E-8	1	0	47.84278
508	-99.291	-1.5	99.303	464.56	9.9672	2.03	5.1	1	6.7886E-8	1	0	47.84244
509	-99.291	-0.5	99.293	464.56	9.96724	2.03	5.1	1	6.7886E-8	1	0	47.84227
510	-99.291	0.5	99.293	464.56	9.96724	2.03	5.1	1	6.7886E-8	1	0	47.84227
511	-99.291	1.5	99.303	464.56	9.9672	2.03	5.1	1	6.7886E-8	1	0	47.84244
512	-99.291	2.5	99.323	464.559	9.96713	2.03	5.1	1	6.7885E-8	1	0	47.84278
513	-99.291	3.5	99.353	464.559	9.96703	2.03	5.1	1	6.7883E-8	1	0	47.84328
514	-99.291	4.5	99.393	464.559	9.96689	2.03	5.1	1	6.7881E-8	1	0	47.84395
515	-99.291	5.5	99.444	464.558	9.96672	2.03	5.1	1	6.7879E-8	1	0	47.84477
516	-99.291	6.5	99.504	464.558	9.96651	2.03	5.1	1	6.7876E-8	1	0	47.84573
517	-99.291	7.5	99.574	464.557	9.96629	2.03	5.1	1	6.7873E-8	1	0	47.84682
518	-99.291	8.5	99.655	464.556	9.96603	2.03	5.1	1	6.787E-8	1	0	47.84804
519	-99.291	9.5	99.745	464.556	9.96575	2.03	5.1	1	6.7866E-8	1	0	47.84936
520	-99.291	10.5	99.845	464.555	9.96546	2.03	5.1	1	6.7862E-8	1	0	47.85078
521	-99.291	11.5	99.955	464.554	9.96514	2.03	5.1	1	6.7858E-8	1	0	47.85227
522	-99.291	12.5	100.075	464.553	9.96482	2.03	5.1	1	6.7853E-8	1	0	47.85382
523	-99.291	13.5	100.205	464.552	9.96448	2.03	5.1	1	6.7849E-8	1	0	47.85542
524	-99.291	14.5	100.345	464.551	9.96414	2.03	5.1	1	6.7844E-8	1	0	47.85705
525	-99.291	15.5	100.494	464.55	9.9638	2.03	5.1	1	6.7839E-8	1	0	47.85868
526	-99.291	16.5	100.653	464.549	9.96346	2.03	5.1	1	6.7835E-8	1	0	47.86031
527	-99.291	17.5	100.822	464.548	9.96312	2.03	5.1	1	6.783E-8	1	0	47.86191
528	-99.291	18.5	101	464.547	9.9628	2.03	5.1	1	6.7826E-8	1	0	47.86347
529	-99.291	19.5	101.188	464.547	9.96248	2.03	5.1	1	6.7822E-8	1	0	47.86496
530	-99.291	20.5	101.386	464.546	9.96219	2.03	5.1	1	6.7817E-8	1	0	47.86638
531	-99.291	21.5	101.592	464.545	9.96191	2.03	5.1	1	6.7814E-8	1	0	47.8677
532	-99.291	22.5	101.809	464.544	9.96165	2.03	5.1	1	6.781E-8	1	0	47.86891
533	-99.291	23.5	102.034	464.544	9.96143	2.03	5.1	1	6.7807E-8	1	0	47.87001
534	-99.291	24.5	102.269	464.543	9.96122	2.03	5.1	1	6.7804E-8	1	0	47.87097
535	-99.291	25.5	102.514	464.543	9.96105	2.03	5.1	1	6.7802E-8	1	0	47.87179
536	-99.291	26.5	102.767	464.542	9.96091	2.03	5.1	1	6.78E-8	1	0	47.87245
537	-99.291	27.5	103.029	464.542	9.96081	2.03	5.1	1	6.7799E-8	1	0	47.87296
538	-99.291	28.5	103.301	464.542	9.96074	2.03	5.1	1	6.7798E-8	1	0	47.8733
539	-99.291	29.5	103.581	464.542	9.9607	2.03	5.1	1	6.7797E-8	1	0	47.87347
540	-95.833	-29.5	100.271	532.607	9.96027	2.03	5.1	4.167	6.6215E-8	1	0	11.70632
541	-95.833	-28.5	99.981	532.607	9.96031	2.03	5.1	4.167	6.6216E-8	1	0	11.70628
542	-95.833	-27.5	99.7	532.608	9.96039	2.03	5.1	4.167	6.6217E-8	1	0	11.70619
543	-95.833	-26.5	99.429	532.61	9.96051	2.03	5.1	4.167	6.6218E-8	1	0	11.70605
544	-95.833	-25.5	99.167	532.612	9.96067	2.03	5.1	4.167	6.622E-8	1	0	11.70587
545	-95.833	-24.5	98.915	532.615	9.96086	2.03	5.1	4.167	6.6223E-8	1	0	11.70565
546	-95.833	-23.5	98.672	532.618	9.96109	2.03	5.1	4.167	6.6226E-8	1	0	11.70539
547	-95.833	-22.5	98.439	532.622	9.96135	2.03	5.1	4.167	6.6229E-8	1	0	11.7051
548	-95.833	-21.5	98.215	532.626	9.96164	2.03	5.1	4.167	6.6233E-8	1	0	11.70477
549	-95.833	-20.5	98.001	532.63	9.96195	2.03	5.1	4.167	6.6237E-8	1	0	11.70442
550	-95.833	-19.5	97.797	532.635	9.96229	2.03	5.1	4.167	6.6241E-8	1	0	11.70403
551	-95.833	-18.5	97.602	532.64	9.96264	2.03	5.1	4.167	6.6246E-8	1	0	11.70363
552	-95.833	-17.5	97.418	532.645	9.96301	2.03	5.1	4.167	6.6251E-8	1	0	11.70322
553	-95.833	-16.5	97.243	532.65	9.96339	2.03	5.1	4.167	6.6256E-8	1	0	11.70278
554	-95.833	-15.5	97.078	532.656	9.96378	2.03	5.1	4.167	6.6261E-8	1	0	11.70235
555	-95.833	-14.5	96.924	532.661	9.96416	2.03	5.1	4.167	6.6266E-8	1	0	11.70191
556	-95.833	-13.5	96.779	532.667	9.96455	2.03	5.1	4.167	6.6271E-8	1	0	11.70147
557	-95.833	-12.5	96.645	532.672	9.96493	2.03	5.1	4.167	6.6276E-8	1	0	11.70104
558	-95.833	-11.5	96.52	532.677	9.9653	2.03	5.1	4.167	6.628E-8	1	0	11.70062
559	-95.833	-10.5	96.406	532.682	9.96565	2.03	5.1	4.167	6.6285E-8	1	0	11.70022
560	-95.833	-9.5	96.303	532.687	9.96599	2.03	5.1	4.167	6.6289E-8	1	0	11.69984
561	-95.833	-8.5	96.209	532.691	9.9663	2.03	5.1	4.167	6.6293E-8	1	0	11.69948
562	-95.833	-7.5	96.126	532.695	9.96659	2.03	5.1	4.167	6.6297E-8	1	0	11.69916
563	-95.833	-6.5	96.053	532.699	9.96685	2.03	5.1	4.167	6.6301E-8	1	0	11.69886
564	-95.833	-5.5	95.991	532.702	9.96708	2.03	5.1	4.167	6.6303E-8	1	0	11.6986
565	-95.833	-4.5	95.938	532.705	9.96727	2.03	5.1	4.167	6.6306E-8	1	0	11.69839
566	-95.833	-3.5	95.897	532.707	9.96743	2.03	5.1	4.167	6.6308E-8	1	0	11.69821
567	-95.833	-2.5	95.865	532.709	9.96755	2.03	5.1	4.167	6.631E-8	1	0	11.69807
568	-95.833	-1.5	95.845	532.71	9.96763	2.03	5.1	4.167	6.6311E-8	1	0	11.69798
569	-95.833	-0.5	95.834	532.71	9.96767	2.03	5.1	4.167	6.6311E-8	1	0	11.69793
570	-95.833	0.5	95.834	532.71	9.96767	2.03	5.1	4.167	6.6311E-8	1	0	11.69793
571	-95.833	1.5	95.845	532.71	9.96763	2.03	5.1	4.167	6.6311E-8	1	0	11.69798
572	-95.833	2.5	95.865	532.709	9.96755	2.03	5.1	4.167	6.631E-8	1	0	11.69807
573	-95.833	3.5	95.897	532.707	9.96743	2.03	5.1	4.167	6.6308E-8	1	0	11.69821
574	-95.833	4.5	95.938	532.705	9.96727	2.03	5.1	4.167	6.6306E-8	1	0	11.69839
575	-95.833	5.5	95.991	532.702	9.96708	2.03	5.1	4.167	6.6303E-8	1	0	11.6986
576	-95.833	6.5	96.053	532.699	9.96685	2.03	5.1	4.167	6.6301E-8	1	0	11.69886
577	-95.833	7.5	96.126	532.695	9.96659	2.03	5.1	4.167	6.6297E-8	1	0	11.69916
578	-95.833	8.5	96.209	532.691	9.9663	2.03	5.1	4.167	6.6293E-8	1	0	11.69948
579	-95.833	9.5	96.303	532.687	9.96599	2.03	5.1	4.167	6.6289E-8	1	0	11.69984
580	-95.833	10.5	96.406	532.682	9.96565	2.03	5.1	4.167	6.6285E-8	1	0	11.70022
581	-95.833	11.5	96.52	532.677	9.9653	2.03	5.1	4.167	6.628E-8	1	0	11.70062
582	-95.833	12.5	96.645	532.672	9.96493	2.03	5.1	4.167	6.6276E-8	1	0	11.70104
583	-95.833	13.5	96.779	532.667	9.96455	2.03	5.1	4.167	6.6271E-8	1	0	11.70147
584	-95.833	14.5	96.924	532.661	9.96416	2.03	5.1	4.167	6.6266E-8	1	0	11.70191
585	-95.833	15.5	97.078	532.656	9.96378	2.03	5.1	4.167	6.6261E-8	1	0	11.70235
586	-95.833	16.5	97.243	532.65	9.96339	2.03	5.1	4.167	6.6256E-8	1	0	11.70278
587	-95.833	17.5	97.418	532.645	9.96301	2.03	5.1	4.167	6.6251E-8	1	0	11.70322
588	-95.833	18.5	97.602	532.64	9.96264	2.03	5.1	4.167	6.6246E-8	1	0	11.70363
589	-95.833	19.5	97.797	532.635	9.96229	2.03	5.1	4.167	6.6241E-8	1	0	11.70403
590	-95.833	20.5	98.001	532.63	9.96195	2.03	5.1	4.167	6.6237E-8	1	0	11.70442
591	-95.833	21.5	98.215	532.626	9.96164	2.03	5.1	4.167	6.6233E-8	1	0	11.70477
592	-95.833	22.5	98.439	532.622	9.96135	2.03	5.1	4.167	6.6229E-8	1	0	11.7051
593	-95.833	23.5	98.672	532.618	9.96109	2.03	5.1	4.167	6.6226E-8	1	0	11.70539
594	-95.833	24.5	98.915	532.615	9.96086	2.03	5.1	4.167	6.6223E-8	1	0	11.70565
595	-95.833	25.5	99.167	532.612	9.96067	2.03	5.1	4.167	6.622E-8	1	0	11.70587
596	-95.833	26.5	99.429	532.61	9.96051	2.03	5.1	4.167	6.6218E-8	1	0	11.70605
597	-95.833	27.5	99.7	532.608	9.96039	2.03	5.1	4.167	6.6217E-8	1	0	11.70619
598	-95.833	28.5	99.981	532.607	9.96031	2.03	5.1	4.167	6.6216E-8	1	0	11.70628
599	-95.833	29.5	100.271	532.607	9.96027	2.03	5.1	4.167	6.6215E-8	1	0	11.70632
600	-90.333	-29.5	95.028	633.012	9.95877	2.03	5.1	9.667	6.3871E-8	1	0	5.23944
601	-90.333	-28.5	94.722	633.014	9.95882	2.03	5.1	9.667	6.3871E-8	1	0	5.23941
602	-90.333	-27.5	94.426	633.017	9.95894	2.03	5.1	9.667	6.3873E-8	1	0	5.23936
603	-90.333	-26.5	94.14	633.021	9.95911	2.03	5.1	9.667	6.3875E-8	1	0	5.23927
604	-90.333	-25.5	93.863	633.026	9.95933	2.03	5.1	9.667	6.3877E-8	1	0	5.23916
605	-90.333	-24.5	93.596	633.033	9.9596	2.03	5.1	9.667	6.3881E-8	1	0	5.23903
606	-90.333	-23.5	93.34	633.041	9.95992	2.03	5.1	9.667	6.3885E-8	1	0	5.23887
607	-90.333	-22.5	93.093	633.05	9.96028	2.03	5.1	9.667	6.3889E-8	1	0	5.23869
608	-90.333	-21.5	92.856	633.06	9.96069	2.03	5.1	9.667	6.3894E-8	1	0	5.23849
609	-90.333	-20.5	92.63	633.071	9.96113	2.03	5.1	9.667	6.39E-8	1	0	5.23828
610	-90.333	-19.5	92.414	633.082	9.9616	2.03	5.1	9.667	6.3905E-8	1	0	5.23805
611	-90.333	-18.5	92.208	633.095	9.9621	2.03	5.1	9.667	6.3911E-8	1	0	5.2378
612	-90.333	-17.5	92.012	633.107	9.96262	2.03	5.1	9.667	6.3918E-8	1	0	5.23755
613	-90.333	-16.5	91.827	633.12	9.96315	2.03	5.1	9.667	6.3924E-8	1	0	5.23729
614	-90.333	-15.5	91.653	633.134	9.9637	2.03	5.1	9.667	6.3931E-8	1	0	5.23702
615	-90.333	-14.5	91.489	633.147	9.96424	2.03	5.1	9.667	6.3938E-8	1	0	5.23675
616	-90.333	-13.5	91.336	633.161	9.96478	2.03	5.1	9.667	6.3944E-8	1	0	5.23649
617	-90.333	-12.5	91.194	633.174	9.96532	2.03	5.1	9.667	6.3951E-8	1	0	5.23622
618	-90.333	-11.5	91.062	633.187	9.96584	2.03	5.1	9.667	6.3957E-8	1	0	5.23597
619	-90.333	-10.5	90.941	633.199	9.96634	2.03	5.1	9.667	6.3963E-8	1	0	5.23572
620	-90.333	-9.5	90.831	633.21	9.96681	2.03	5.1	9.667	6.3969E-8	1	0	5.23549
621	-90.333	-8.5	90.732	633.221	9.96725	2.03	5.1	9.667	6.3975E-8	1	0	5.23528
622	-90.333	-7.5	90.644	633.231	9.96766	2.03	5.1	9.667	6.398E-8	1	0	5.23508
623	-90.333	-6.5	90.566	633.24	9.96802	2.03	5.1	9.667	6.3984E-8	1	0	5.2349
624	-90.333	-5.5	90.5	633.248	9.96834	2.03	5.1	9.667	6.3988E-8	1	0	5.23474
625	-90.333	-4.5	90.445	633.255	9.96862	2.03	5.1	9.667	6.3991E-8	1	0	5.23461
626	-90.333	-3.5	90.401	633.26	9.96884	2.03	5.1	9.667	6.3994E-8	1	0	5.2345
627	-90.333	-2.5	90.367	633.265	9.96901	2.03	5.1	9.667	6.3996E-8	1	0	5.23442
628	-90.333	-1.5	90.345	633.267	9.96912	2.03	5.1	9.667	6.3997E-8	1	0	5.23436
629	-90.333	-0.5	90.334	633.269	9.96918	2.03	5.1	9.667	6.3998E-8	1	0	5.23433
630	-90.333	0.5	90.334	633.269	9.96918	2.03	5.1	9.667	6.3998E-8	1	0	5.23433
631	-90.333	1.5	90.345	633.267	9.96912	2.03	5.1	9.667	6.3997E-8	1	0	5.23436
632	-90.333	2.5	90.367	633.265	9.96901	2.03	5.1	9.667	6.3996E-8	1	0	5.23442
633	-90.333	3.5	90.401	633.26	9.96884	2.03	5.1	9.667	6.3994E-8	1	0	5.2345
634	-90.333	4.5	90.445	633.255	9.96862	2.03	5.1	9.667	6.3991E-8	1	0	5.23461
635	-90.333	5.5	90.5	633.248	9.96834	2.03	5.1	9.667	6.3988E-8	1	0	5.23474
636	-90.333	6.5	90.566	633.24	9.96802	2.03	5.1	9.667	6.3984E-8	1	0	5.2349
637	-90.333	7.5	90.644	633.231	9.96766	2.03	5.1	9.667	6.398E-8	1	0	5.23508
638	-90.333	8.5	90.732	633.221	9.96725	2.03	5.1	9.667	6.3975E-8	1	0	5.23528
639	-90.333	9.5	90.831	633.21	9.96681	2.03	5.1	9.667	6.3969E-8	1	0	5.23549
640	-90.333	10.5	90.941	633.199	9.96634	2.03	5.1	9.667	6.3963E-8	1	0	5.23572
641	-90.333	11.5	91.062	633.187	9.96584	2.03	5.1	9.667	6.3957E-8	1	0	5.23597
642	-90.333	12.5	91.194	633.174	9.96532	2.03	5.1	9.667	6.3951E-8	1	0	5.23622
643	-90.333	13.5	91.336	633.161	9.96478	2.03	5.1	9.667	6.3944E-8	1	0	5.23649
644	-90.333	14.5	91.489	633.147	9.96424	2.03	5.1	9.667	6.3938E-8	1	0	5.23675
645	-90.333	15.5	91.653	633.134	9.9637	2.03	5.1	9.667	6.3931E-8	1	0	5.23702
646	-90.333	16.5	91.827	633.12	9.96315	2.03	5.1	9.667	6.3924E-8	1	0	5.23729
647	-90.333	17.5	92.012	633.107	9.96262	2.03	5.1	9.667	6.3918E-8	1	0	5.23755
648	-90.333	18.5	92.208	633.095	9.9621	2.03	5.1	9.667	6.3911E-8	1	0	5.2378
649	-90.333	19.5	92.414	633.082	9.9616	2.03	5.1	9.667	6.3905E-8	1	0	5.23805
650	-90.333	20.5	92.63	633.071	9.96113	2.03	5.1	9.667	6.39E-8	1	0	5.23828
651	-90.333	21.5	92.856	633.06	9.96069	2.03	5.1	9.667	6.3894E-8	1	0	5.23849
652	-90.333	22.5	93.093	633.05	9.96028	2.03	5.1	9.667	6.3889E-8	1	0	5.23869
653	-90.333	23.5	93.34	633.041	9.95992	2.03	5.1	9.667	6.3885E-8	1	0	5.23887
654	-90.333	24.5	93.596	633.033	9.9596	2.03	5.1	9.667	6.3881E-8	1	0	5.23903
655	-90.333	25.5	93.863	633.026	9.95933	2.03	5.1	9.667	6.3877E-8	1	0	5.23916
656	-90.333	26.5	94.14	633.021	9.95911	2.03	5.1	9.667	6.3875E-8	1	0	5.23927
657	-90.333	27.5	94.426	633.017	9.95894	2.03	5.1	9.667	6.3873E-8	1	0	5.23936
658	-90.333	28.5	94.722	633.014	9.95882	2.03	5.1	9.667	6.3871E-8	1	0	5.23941
659	-90.333	29.5	95.028	633.012	9.95877	2.03	5.1	9.667	6.3871E-8	1	0	5.23944
660	-84.833	-29.5	89.816	723.228	9.95554	2.03	5.1	15.167	6.1742E-8	1	0	3.50799
661	-84.833	-28.5	89.492	723.23	9.95563	2.03	5.1	15.167	6.1743E-8	1	0	3.50796
662	-84.833	-27.5	89.179	723.235	9.95581	2.03	5.1	15.167	6.1745E-8	1	0	3.5079
663	-84.833	-26.5	88.876	723.243	9.95609	2.03	5.1	15.167	6.1748E-8	1	0	3.50781
664	-84.833	-25.5	88.583	723.253	9.95645	2.03	5.1	15.167	6.1752E-8	1	0	3.5077
665	-84.833	-24.5	88.3	723.265	9.95689	2.03	5.1	15.167	6.1758E-8	1	0	3.50756
666	-84.833	-23.5	88.028	723.279	9.95741	2.03	5.1	15.167	6.1764E-8	1	0	3.50739
667	-84.833	-22.5	87.766	723.295	9.958	2.03	5.1	15.167	6.1771E-8	1	0	3.5072
668	-84.833	-21.5	87.515	723.313	9.95866	2.03	5.1	15.167	6.1778E-8	1	0	3.50699
669	-84.833	-20.5	87.275	723.333	9.95937	2.03	5.1	15.167	6.1787E-8	1	0	3.50676
670	-84.833	-19.5	87.045	723.354	9.96014	2.03	5.1	15.167	6.1796E-8	1	0	3.50651
671	-84.833	-18.5	86.827	723.376	9.96094	2.03	5.1	15.167	6.1805E-8	1	0	3.50625
672	-84.833	-17.5	86.619	723.399	9.96178	2.03	5.1	15.167	6.1815E-8	1	0	3.50598
673	-84.833	-16.5	86.423	723.423	9.96265	2.03	5.1	15.167	6.1825E-8	1	0	3.5057
674	-84.833	-15.5	86.237	723.447	9.96353	2.03	5.1	15.167	6.1836E-8	1	0	3.50542
675	-84.833	-14.5	86.063	723.471	9.96441	2.03	5.1	15.167	6.1846E-8	1	0	3.50513
676	-84.833	-13.5	85.9	723.496	9.96529	2.03	5.1	15.167	6.1857E-8	1	0	3.50485
677	-84.833	-12.5	85.749	723.519	9.96616	2.03	5.1	15.167	6.1867E-8	1	0	3.50457
678	-84.833	-11.5	85.609	723.542	9.967	2.03	5.1	15.167	6.1877E-8	1	0	3.5043
679	-84.833	-10.5	85.48	723.565	9.9678	2.03	5.1	15.167	6.1886E-8	1	0	3.50404
680	-84.833	-9.5	85.363	723.586	9.96857	2.03	5.1	15.167	6.1895E-8	1	0	3.50379
681	-84.833	-8.5	85.258	723.605	9.96929	2.03	5.1	15.167	6.1904E-8	1	0	3.50356
682	-84.833	-7.5	85.164	723.623	9.96994	2.03	5.1	15.167	6.1911E-8	1	0	3.50335
683	-84.833	-6.5	85.081	723.64	9.97054	2.03	5.1	15.167	6.1918E-8	1	0	3.50316
684	-84.833	-5.5	85.011	723.654	9.97106	2.03	5.1	15.167	6.1925E-8	1	0	3.50299
685	-84.833	-4.5	84.952	723.666	9.9715	2.03	5.1	15.167	6.193E-8	1	0	3.50285
686	-84.833	-3.5	84.905	723.676	9.97186	2.03	5.1	15.167	6.1934E-8	1	0	3.50273
687	-84.833	-2.5	84.87	723.683	9.97213	2.03	5.1	15.167	6.1937E-8	1	0	3.50265
688	-84.833	-1.5	84.846	723.688	9.97232	2.03	5.1	15.167	6.1939E-8	1	0	3.50259
689	-84.833	-0.5	84.834	723.691	9.97241	2.03	5.1	15.167	6.194E-8	1	0	3.50256
690	-84.833	0.5	84.834	723.691	9.97241	2.03	5.1	15.167	6.194E-8	1	0	3.50256
691	-84.833	1.5	84.846	723.688	9.97232	2.03	5.1	15.167	6.1939E-8	1	0	3.50259
692	-84.833	2.5	84.87	723.683	9.97213	2.03	5.1	15.167	6.1937E-8	1	0	3.50265
693	-84.833	3.5	84.905	723.676	9.97186	2.03	5.1	15.167	6.1934E-8	1	0	3.50273
694	-84.833	4.5	84.952	723.666	9.9715	2.03	5.1	15.167	6.193E-8	1	0	3.50285
695	-84.833	5.5	85.011	723.654	9.97106	2.03	5.1	15.167	6.1925E-8	1	0	3.50299
696	-84.833	6.5	85.081	723.64	9.97054	2.03	5.1	15.167	6.1918E-8	1	0	3.50316
697	-84.833	7.5	85.164	723.623	9.96994	2.03	5.1	15.167	6.1911E-8	1	0	3.50335
698	-84.833	8.5	85.258	723.605	9.96929	2.03	5.1	15.167	6.1904E-8	1	0	3.50356
699	-84.833	9.5	85.363	723.586	9.96857	2.03	5.1	15.167	6.1895E-8	1	0	3.50379
700	-84.833	10.5	85.48	723.565	9.9678	2.03	5.1	15.167	6.1886E-8	1	0	3.50404
701	-84.833	11.5	85.609	723.542	9.967	2.03	5.1	15.167	6.1877E-8	1	0	3.5043
702	-84.833	12.5	85.749	723.519	9.96616	2.03	5.1	15.167	6.1867E-8	1	0	3.50457
703	-84.833	13.5	85.9	723.496	9.96529	2.03	5.1	15.167	6.1857E-8	1	0	3.50485
704	-84.833	14.5	86.063	723.471	9.96441	2.03	5.1	15.167	6.1846E-8	1	0	3.50513
705	-84.833	15.5	86.237	723.447	9.96353	2.03	5.1	15.167	6.1836E-8	1	0	3.50542
706	-84.833	16.5	86.423	723.423	9.96265	2.03	5.1	15.167	6.1825E-8	1	0	3.5057
707	-84.833	17.5	86.619	723.399	9.96178	2.03	5.1	15.167	6.1815E-8	1	0	3.50598
708	-84.833	18.5	86.827	723.376	9.96094	2.03	5.1	15.167	6.1805E-8	1	0	3.50625
709	-84.833	19.5	87.045	723.354	9.96014	2.03	5.1	15.167	6.1796E-8	1	0	3.50651
710	-84.833	20.5	87.275	723.333	9.95937	2.03	5.1	15.167	6.1787E-8	1	0	3.50676
711	-84.833	21.5	87.515	723.313	9.95866	2.03	5.1	15.167	6.1778E-8	1	0	3.50699
712	-84.833	22.5	87.766	723.295	9.958	2.03	5.1	15.167	6.1771E-8	1	0	3.5072
713	-84.833	23.5	88.028	723.279	9.95741	2.03	5.1	15.167	6.1764E-8	1	0	3.50739
714	-84.833	24.5	88.3	723.265	9.95689	2.03	5.1	15.167	6.1758E-8	1	0	3.50756
715	-84.833	25.5	88.583	723.253	9.95645	2.03	5.1	15.167	6.1752E-8	1	0	3.5077
716	-84.833	26.5	88.876	723.243	9.95609	2.03	5.1	15.167	6.1748E-8	1	0	3.50781
717	-84.833	27.5	89.179	723.235	9.95581	2.03	5.1	15.167	6.1745E-8	1	0	3.5079
718	-84.833	28.5	89.492	723.23	9.95563	2.03	5.1	15.167	6.1743E-8	1	0	3.50796
719	-84.833	29.5	89.816	723.228	9.95554	2.03	5.1	15.167	6.1742E-8	1	0	3.50799
720	-79.333	-29.5	84.64	803.482	9.94952	2.03	5.1	20.667	5.9813E-8	1	0	2.73844
721	-79.333	-28.5	84.297	803.486	9.94968	2.03	5.1	20.667	5.9814E-8	1	0	2.7384
722	-79.333	-27.5	83.964	803.494	9.94999	2.03	5.1	20.667	5.9818E-8	1	0	2.73832
723	-79.333	-26.5	83.642	803.507	9.95046	2.03	5.1	20.667	5.9823E-8	1	0	2.7382
724	-79.333	-25.5	83.33	803.523	9.95108	2.03	5.1	20.667	5.983E-8	1	0	2.73805
725	-79.333	-24.5	83.03	803.544	9.95183	2.03	5.1	20.667	5.9839E-8	1	0	2.73786
726	-79.333	-23.5	82.74	803.568	9.95272	2.03	5.1	20.667	5.9849E-8	1	0	2.73764
727	-79.333	-22.5	82.462	803.595	9.95373	2.03	5.1	20.667	5.9861E-8	1	0	2.73739
728	-79.333	-21.5	82.195	803.625	9.95486	2.03	5.1	20.667	5.9873E-8	1	0	2.73711
729	-79.333	-20.5	81.939	803.657	9.95608	2.03	5.1	20.667	5.9887E-8	1	0	2.7368
730	-79.333	-19.5	81.694	803.693	9.9574	2.03	5.1	20.667	5.9902E-8	1	0	2.73648
731	-79.333	-18.5	81.461	803.73	9.95878	2.03	5.1	20.667	5.9918E-8	1	0	2.73613
732	-79.333	-17.5	81.24	803.768	9.96022	2.03	5.1	20.667	5.9935E-8	1	0	2.73577
733	-79.333	-16.5	81.031	803.808	9.9617	2.03	5.1	20.667	5.9952E-8	1	0	2.73541
734	-79.333	-15.5	80.833	803.848	9.96321	2.03	5.1	20.667	5.9969E-8	1	0	2.73503
735	-79.333	-14.5	80.647	803.889	9.96473	2.03	5.1	20.667	5.9986E-8	1	0	2.73465
736	-79.333	-13.5	80.473	803.929	9.96623	2.03	5.1	20.667	6.0003E-8	1	0	2.73428
737	-79.333	-12.5	80.312	803.969	9.96772	2.03	5.1	20.667	6.002E-8	1	0	2.73391
738	-79.333	-11.5	80.162	804.007	9.96916	2.03	5.1	20.667	6.0037E-8	1	0	2.73355
739	-79.333	-10.5	80.025	804.044	9.97054	2.03	5.1	20.667	6.0053E-8	1	0	2.73321
740	-79.333	-9.5	79.9	804.079	9.97186	2.03	5.1	20.667	6.0068E-8	1	0	2.73288
741	-79.333	-8.5	79.787	804.112	9.97309	2.03	5.1	20.667	6.0082E-8	1	0	2.73258
742	-79.333	-7.5	79.687	804.142	9.97421	2.03	5.1	20.667	6.0094E-8	1	0	2.7323
743	-79.333	-6.5	79.599	804.169	9.97523	2.03	5.1	20.667	6.0106E-8	1	0	2.73205
744	-79.333	-5.5	79.523	804.193	9.97612	2.03	5.1	20.667	6.0116E-8	1	0	2.73183
745	-79.333	-4.5	79.46	804.214	9.97688	2.03	5.1	20.667	6.0125E-8	1	0	2.73164
746	-79.333	-3.5	79.41	804.23	9.9775	2.03	5.1	20.667	6.0132E-8	1	0	2.73148
747	-79.333	-2.5	79.372	804.243	9.97797	2.03	5.1	20.667	6.0137E-8	1	0	2.73137
748	-79.333	-1.5	79.347	804.251	9.97828	2.03	5.1	20.667	6.0141E-8	1	0	2.73129
749	-79.333	-0.5	79.334	804.255	9.97844	2.03	5.1	20.667	6.0143E-8	1	0	2.73125
750	-79.333	0.5	79.334	804.255	9.97844	2.03	5.1	20.667	6.0143E-8	1	0	2.73125
751	-79.333	1.5	79.347	804.251	9.97828	2.03	5.1	20.667	6.0141E-8	1	0	2.73129
752	-79.333	2.5	79.372	804.243	9.97797	2.03	5.1	20.667	6.0137E-8	1	0	2.73137
753	-79.333	3.5	79.41	804.23	9.9775	2.03	5.1	20.667	6.0132E-8	1	0	2.73148
754	-79.333	4.5	79.46	804.214	9.97688	2.03	5.1	20.667	6.0125E-8	1	0	2.73164
755	-79.333	5.5	79.523	804.193	9.97612	2.03	5.1	20.667	6.0116E-8	1	0	2.73183
756	-79.333	6.5	79.599	804.169	9.97523	2.03	5.1	20.667	6.0106E-8	1	0	2.73205
757	-79.333	7.5	79.687	804.142	9.97421	2.03	5.1	20.667	6.0094E-8	1	0	2.7323
758	-79.333	8.5	79.787	804.112	9.97309	2.03	5.1	20.667	6.0082E-8	1	0	2.73258
759	-79.333	9.5	79.9	804.079	9.97186	2.03	5.1	20.667	6.0068E-8	1	0	2.73288
760	-79.333	10.5	80.025	804.044	9.97054	2.03	5.1	20.667	6.0053E-8	1	0	2.73321
761	-79.333	11.5	80.162	804.007	9.96916	2.03	5.1	20.667	6.0037E-8	1	0	2.73355
762	-79.333	12.5	80.312	803.969	9.96772	2.03	5.1	20.667	6.002E-8	1	0	2.73391
763	-79.333	13.5	80.473	803.929	9.96623	2.03	5.1	20.667	6.0003E-8	1	0	2.73428
764	-79.333	14.5	80.647	803.889	9.96473	2.03	5.1	20.667	5.9986E-8	1	0	2.73465
765	-79.333	15.5	80.833	803.848	9.96321	2.03	5.1	20.667	5.9969E-8	1	0	2.73503
766	-79.333	16.5	81.031	803.808	9.9617	2.03	5.1	20.667	5.9952E-8	1	0	2.73541
767	-79.333	17.5	81.24	803.768	9.96022	2.03	5.1	20.667	5.9935E-8	1	0	2.73577
768	-79.333	18.5	81.461	803.73	9.95878	2.03	5.1	20.667	5.9918E-8	1	0	2.73613
769	-79.333	19.5	81.694	803.693	9.9574	2.03	5.1	20.667	5.9902E-8	1	0	2.73648
770	-79.333	20.5	81.939	803.657	9.95608	2.03	5.1	20.667	5.9887E-8	1	0	2.7368
771	-79.333	21.5	82.195	803.625	9.95486	2.03	5.1	20.667	5.9873E-8	1	0	2.73711
772	-79.333	22.5	82.462	803.595	9.95373	2.03	5.1	20.667	5.9861E-8	1	0	2.73739
773	-79.333	23.5	82.74	803.568	9.95272	2.03	5.1	20.667	5.9849E-8	1	0	2.73764
774	-79.333	24.5	83.03	803.544	9.95183	2.03	5.1	20.667	5.9839E-8	1	0	2.73786
775	-79.333	25.5	83.33	803.523	9.95108	2.03	5.1	20.667	5.983E-8	1	0	2.73805
776	-79.333	26.5	83.642	803.507	9.95046	2.03	5.1	20.667	5.9823E-8	1	0	2.7382
777	-79.333	27.5	83.964	803.494	9.94999	2.03	5.1	20.667	5.9818E-8	1	0	2.73832
778	-79.333	28.5	84.297	803.486	9.94968	2.03	5.1	20.667	5.9814E-8	1	0	2.7384
779	-79.333	29.5	84.64	803.482	9.94952	2.03	5.1	20.667	5.9813E-8	1	0	2.73844
780	-74.169	-29.5	79.821	870.197	9.93973	2.03	5.1	25.831	5.8156E-8	1	0	2.34603
781	-74.169	-28.5	79.457	870.204	9.94	2.03	5.1	25.831	5.8159E-8	1	0	2.34598
782	-74.169	-27.5	79.103	870.217	9.94052	2.03	5.1	25.831	5.8165E-8	1	0	2.34586
783	-74.169	-26.5	78.761	870.237	9.94131	2.03	5.1	25.831	5.8174E-8	1	0	2.3457
784	-74.169	-25.5	78.431	870.263	9.94234	2.03	5.1	25.831	5.8185E-8	1	0	2.34548
785	-74.169	-24.5	78.111	870.295	9.94361	2.03	5.1	25.831	5.8199E-8	1	0	2.34521
786	-74.169	-23.5	77.803	870.333	9.9451	2.03	5.1	25.831	5.8216E-8	1	0	2.34489
787	-74.169	-22.5	77.507	870.376	9.9468	2.03	5.1	25.831	5.8235E-8	1	0	2.34453
788	-74.169	-21.5	77.223	870.424	9.94869	2.03	5.1	25.831	5.8256E-8	1	0	2.34413
789	-74.169	-20.5	76.95	870.476	9.95074	2.03	5.1	25.831	5.8279E-8	1	0	2.3437
790	-74.169	-19.5	76.69	870.531	9.95294	2.03	5.1	25.831	5.8303E-8	1	0	2.34323
791	-74.169	-18.5	76.442	870.59	9.95526	2.03	5.1	25.831	5.8329E-8	1	0	2.34274
792	-74.169	-17.5	76.206	870.651	9.95768	2.03	5.1	25.831	5.8356E-8	1	0	2.34223
793	-74.169	-16.5	75.983	870.714	9.96016	2.03	5.1	25.831	5.8384E-8	1	0	2.34171
794	-74.169	-15.5	75.772	870.778	9.96269	2.03	5.1	25.831	5.8412E-8	1	0	2.34117
795	-74.169	-14.5	75.574	870.842	9.96524	2.03	5.1	25.831	5.844E-8	1	0	2.34063
796	-74.169	-13.5	75.388	870.906	9.96777	2.03	5.1	25.831	5.8468E-8	1	0	2.3401
797	-74.169	-12.5	75.215	870.969	9.97026	2.03	5.1	25.831	5.8496E-8	1	0	2.33957
798	-74.169	-11.5	75.056	871.03	9.97268	2.03	5.1	25.831	5.8523E-8	1	0	2.33906
799	-74.169	-10.5	74.909	871.089	9.97501	2.03	5.1	25.831	5.8549E-8	1	0	2.33857
800	-74.169	-9.5	74.775	871.145	9.97721	2.03	5.1	25.831	5.8574E-8	1	0	2.33811
801	-74.169	-8.5	74.655	871.197	9.97927	2.03	5.1	25.831	5.8597E-8	1	0	2.33767
802	-74.169	-7.5	74.548	871.244	9.98117	2.03	5.1	25.831	5.8618E-8	1	0	2.33727
803	-74.169	-6.5	74.454	871.288	9.98287	2.03	5.1	25.831	5.8637E-8	1	0	2.33692
804	-74.169	-5.5	74.373	871.325	9.98437	2.03	5.1	25.831	5.8653E-8	1	0	2.3366
805	-74.169	-4.5	74.306	871.358	9.98565	2.03	5.1	25.831	5.8668E-8	1	0	2.33633
806	-74.169	-3.5	74.252	871.384	9.98669	2.03	5.1	25.831	5.8679E-8	1	0	2.33611
807	-74.169	-2.5	74.212	871.404	9.98747	2.03	5.1	25.831	5.8688E-8	1	0	2.33595
808	-74.169	-1.5	74.185	871.417	9.988	2.03	5.1	25.831	5.8694E-8	1	0	2.33584
809	-74.169	-0.5	74.171	871.424	9.98827	2.03	5.1	25.831	5.8697E-8	1	0	2.33578
810	-74.169	0.5	74.171	871.424	9.98827	2.03	5.1	25.831	5.8697E-8	1	0	2.33578
811	-74.169	1.5	74.185	871.417	9.988	2.03	5.1	25.831	5.8694E-8	1	0	2.33584
812	-74.169	2.5	74.212	871.404	9.98747	2.03	5.1	25.831	5.8688E-8	1	0	2.33595
813	-74.169	3.5	74.252	871.384	9.98669	2.03	5.1	25.831	5.8679E-8	1	0	2.33611
814	-74.169	4.5	74.306	871.358	9.98565	2.03	5.1	25.831	5.8668E-8	1	0	2.33633
815	-74.169	5.5	74.373	871.325	9.98437	2.03	5.1	25.831	5.8653E-8	1	0	2.3366
816	-74.169	6.5	74.454	871.288	9.98287	2.03	5.1	25.831	5.8637E-8	1	0	2.33692
817	-74.169	7.5	74.548	871.244	9.98117	2.03	5.1	25.831	5.8618E-8	1	0	2.33727
818	-74.169	8.5	74.655	871.197	9.97927	2.03	5.1	25.831	5.8597E-8	1	0	2.33767
819	-74.169	9.5	74.775	871.145	9.97721	2.03	5.1	25.831	5.8574E-8	1	0	2.33811
820	-74.169	10.5	74.909	871.089	9.97501	2.03	5.1	25.831	5.8549E-8	1	0	2.33857
821	-74.169	11.5	75.056	871.03	9.97268	2.03	5.1	25.831	5.8523E-8	1	0	2.33906
822	-74.169	12.5	75.215	870.969	9.97026	2.03	5.1	25.831	5.8496E-8	1	0	2.33957
823	-74.169	13.5	75.388	870.906	9.96777	2.03	5.1	25.831	5.8468E-8	1	0	2.3401
824	-74.169	14.5	75.574	870.842	9.96524	2.03	5.1	25.831	5.844E-8	1	0	2.34063
825	-74.169	15.5	75.772	870.778	9.96269	2.03	5.1	25.831	5.8412E-8	1	0	2.34117
826	-74.169	16.5	75.983	870.714	9.96016	2.03	5.1	25.831	5.8384E-8	1	0	2.34171
827	-74.169	17.5	76.206	870.651	9.95768	2.03	5.1	25.831	5.8356E-8	1	0	2.34223
828	-74.169	18.5	76.442	870.59	9.95526	2.03	5.1	25.831	5.8329E-8	1	0	2.34274
829	-74.169	19.5	76.69	870.531	9.95294	2.03	5.1	25.831	5.8303E-8	1	0	2.34323
830	-74.169	20.5	76.95	870.476	9.95074	2.03	5.1	25.831	5.8279E-8	1	0	2.3437
831	-74.169	21.5	77.223	870.424	9.94869	2.03	5.1	25.831	5.8256E-8	1	0	2.34413
832	-74.169	22.5	77.507	870.376	9.9468	2.03	5.1	25.831	5.8235E-8	1	0	2.34453
833	-74.169	23.5	77.803	870.333	9.9451	2.03	5.1	25.831	5.8216E-8	1	0	2.34489
834	-74.169	24.5	78.111	870.295	9.94361	2.03	5.1	25.831	5.8199E-8	1	0	2.34521
835	-74.169	25.5	78.431	870.263	9.94234	2.03	5.1	25.831	5.8185E-8	1	0	2.34548
836	-74.169	26.5	78.761	870.237	9.94131	2.03	5.1	25.831	5.8174E-8	1	0	2.3457
837	-74.169	27.5	79.103	870.217	9.94052	2.03	5.1	25.831	5.8165E-8	1	0	2.34586
838	-74.169	28.5	79.457	870.204	9.94	2.03	5.1	25.831	5.8159E-8	1	0	2.34598
839	-74.169	29.5	79.821	870.197	9.93973	2.03	5.1	25.831	5.8156E-8	1	0	2.34603
840	-69.9	-29.5	75.87	919.265	9.92668	2.03	5.1	30.1	5.6875E-8	1	0	2.14323
841	-69.9	-28.5	75.486	919.275	9.92709	2.03	5.1	30.1	5.6879E-8	1	0	2.14315
842	-69.9	-27.5	75.115	919.294	9.9279	2.03	5.1	30.1	5.6888E-8	1	0	2.143
843	-69.9	-26.5	74.754	919.323	9.92911	2.03	5.1	30.1	5.6901E-8	1	0	2.14276
844	-69.9	-25.5	74.406	919.361	9.93069	2.03	5.1	30.1	5.6919E-8	1	0	2.14246
845	-69.9	-24.5	74.069	919.408	9.93264	2.03	5.1	30.1	5.694E-8	1	0	2.14208
846	-69.9	-23.5	73.744	919.462	9.93494	2.03	5.1	30.1	5.6965E-8	1	0	2.14164
847	-69.9	-22.5	73.432	919.525	9.93755	2.03	5.1	30.1	5.6993E-8	1	0	2.14113
848	-69.9	-21.5	73.131	919.594	9.94045	2.03	5.1	30.1	5.7025E-8	1	0	2.14057
849	-69.9	-20.5	72.844	919.67	9.94361	2.03	5.1	30.1	5.706E-8	1	0	2.13996
850	-69.9	-19.5	72.569	919.75	9.947	2.03	5.1	30.1	5.7097E-8	1	0	2.13931
851	-69.9	-18.5	72.306	919.836	9.95057	2.03	5.1	30.1	5.7136E-8	1	0	2.13862
852	-69.9	-17.5	72.057	919.924	9.95429	2.03	5.1	30.1	5.7176E-8	1	0	2.13791
853	-69.9	-16.5	71.821	920.016	9.95811	2.03	5.1	30.1	5.7218E-8	1	0	2.13717
854	-69.9	-15.5	71.597	920.109	9.96201	2.03	5.1	30.1	5.7261E-8	1	0	2.13642
855	-69.9	-14.5	71.388	920.202	9.96592	2.03	5.1	30.1	5.7304E-8	1	0	2.13567
856	-69.9	-13.5	71.191	920.295	9.96982	2.03	5.1	30.1	5.7346E-8	1	0	2.13492
857	-69.9	-12.5	71.008	920.386	9.97365	2.03	5.1	30.1	5.7388E-8	1	0	2.13419
858	-69.9	-11.5	70.839	920.475	9.97738	2.03	5.1	30.1	5.7429E-8	1	0	2.13347
859	-69.9	-10.5	70.684	920.561	9.98097	2.03	5.1	30.1	5.7468E-8	1	0	2.13278
860	-69.9	-9.5	70.542	920.642	9.98436	2.03	5.1	30.1	5.7506E-8	1	0	2.13213
861	-69.9	-8.5	70.414	920.717	9.98754	2.03	5.1	30.1	5.7541E-8	1	0	2.13153
862	-69.9	-7.5	70.301	920.787	9.99046	2.03	5.1	30.1	5.7573E-8	1	0	2.13097
863	-69.9	-6.5	70.201	920.85	9.99309	2.03	5.1	30.1	5.7601E-8	1	0	2.13047
864	-69.9	-5.5	70.116	920.905	9.9954	2.03	5.1	30.1	5.7627E-8	1	0	2.13003
865	-69.9	-4.5	70.044	920.951	9.99736	2.03	5.1	30.1	5.7648E-8	1	0	2.12965
866	-69.9	-3.5	69.987	920.99	9.99896	2.03	5.1	30.1	5.7666E-8	1	0	2.12935
867	-69.9	-2.5	69.944	921.018	10.00018	2.03	5.1	30.1	5.7679E-8	1	0	2.12911
868	-69.9	-1.5	69.916	921.038	10.001	2.03	5.1	30.1	5.7688E-8	1	0	2.12896
869	-69.9	-0.5	69.901	921.048	10.00141	2.03	5.1	30.1	5.7693E-8	1	0	2.12888
870	-69.9	0.5	69.901	921.048	10.00141	2.03	5.1	30.1	5.7693E-8	1	0	2.12888
871	-69.9	1.5	69.916	921.038	10.001	2.03	5.1	30.1	5.7688E-8	1	0	2.12896
872	-69.9	2.5	69.944	921.018	10.00018	2.03	5.1	30.1	5.7679E-8	1	0	2.12911
873	-69.9	3.5	69.987	920.99	9.99896	2.03	5.1	30.1	5.7666E-8	1	0	2.12935
874	-69.9	4.5	70.044	920.951	9.99736	2.03	5.1	30.1	5.7648E-8	1	0	2.12965
875	-69.9	5.5	70.116	920.905	9.9954	2.03	5.1	30.1	5.7627E-8	1	0	2.13003
876	-69.9	6.5	70.201	920.85	9.99309	2.03	5.1	30.1	5.7601E-8	1	0	2.13047
877	-69.9	7.5	70.301	920.787	9.99046	2.03	5.1	30.1	5.7573E-8	1	0	2.13097
878	-69.9	8.5	70.414	920.717	9.98754	2.03	5.1	30.1	5.7541E-8	1	0	2.13153
879	-69.9	9.5	70.542	920.642	9.98436	2.03	5.1	30.1	5.7506E-8	1	0	2.13213
880	-69.9	10.5	70.684	920.561	9.98097	2.03	5.1	30.1	5.7468E-8	1	0	2.13278
881	-69.9	11.5	70.839	920.475	9.97738	2.03	5.1	30.1	5.7429E-8	1	0	2.13347
882	-69.9	12.5	71.008	920.386	9.97365	2.03	5.1	30.1	5.7388E-8	1	0	2.13419
883	-69.9	13.5	71.191	920.295	9.96982	2.03	5.1	30.1	5.7346E-8	1	0	2.13492
884	-69.9	14.5	71.388	920.202	9.96592	2.03	5.1	30.1	5.7304E-8	1	0	2.13567
885	-69.9	15.5	71.597	920.109	9.96201	2.03	5.1	30.1	5.7261E-8	1	0	2.13642
886	-69.9	16.5	71.821	920.016	9.95811	2.03	5.1	30.1	5.7218E-8	1	0	2.13717
887	-69.9	17.5	72.057	919.924	9.95429	2.03	5.1	30.1	5.7176E-8	1	0	2.13791
888	-69.9	18.5	72.306	919.836	9.95057	2.03	5.1	30.1	5.7136E-8	1	0	2.13862
889	-69.9	19.5	72.569	919.75	9.947	2.03	5.1	30.1	5.7097E-8	1	0	2.13931
890	-69.9	20.5	72.844	919.67	9.94361	2.03	5.1	30.1	5.706E-8	1	0	2.13996
891	-69.9	21.5	73.131	919.594	9.94045	2.03	5.1	30.1	5.7025E-8	1	0	2.14057
892	-69.9	22.5	73.432	919.525	9.93755	2.03	5.1	30.1	5.6993E-8	1	0	2.14113
893	-69.9	23.5	73.744	919.462	9.93494	2.03	5.1	30.1	5.6965E-8	1	0	2.14164
894	-69.9	24.5	74.069	919.408	9.93264	2.03	5.1	30.1	5.694E-8	1	0	2.14208
895	-69.9	25.5	74.406	919.361	9.93069	2.03	5.1	30.1	5.6919E-8	1	0	2.14246
896	-69.9	26.5	74.754	919.323	9.92911	2.03	5.1	30.1	5.6901E-8	1	0	2.14276
897	-69.9	27.5	75.115	919.294	9.9279	2.03	5.1	30.1	5.6888E-8	1	0	2.143
898	-69.9	28.5	75.486	919.275	9.92709	2.03	5.1	30.1	5.6879E-8	1	0	2.14315
899	-69.9	29.5	75.87	919.265	9.92668	2.03	5.1	30.1	5.6875E-8	1	0	2.14323
900	-66.615	-29.5	72.855	953.27	9.91177	2.03	5.1	33.385	5.5924E-8	1	0	2.03326
901	-66.615	-28.5	72.456	953.283	9.91234	2.03	5.1	33.385	5.593E-8	1	0	2.03315
902	-66.615	-27.5	72.068	953.309	9.91347	2.03	5.1	33.385	5.5943E-8	1	0	2.03295
903	-66.615	-26.5	71.693	953.347	9.91516	2.03	5.1	33.385	5.5961E-8	1	0	2.03264
904	-66.615	-25.5	71.329	953.397	9.91738	2.03	5.1	33.385	5.5985E-8	1	0	2.03223
905	-66.615	-24.5	70.978	953.458	9.92011	2.03	5.1	33.385	5.6014E-8	1	0	2.03173
906	-66.615	-23.5	70.639	953.531	9.92332	2.03	5.1	33.385	5.6049E-8	1	0	2.03114
907	-66.615	-22.5	70.312	953.613	9.92697	2.03	5.1	33.385	5.6088E-8	1	0	2.03047
908	-66.615	-21.5	69.999	953.705	9.93104	2.03	5.1	33.385	5.6132E-8	1	0	2.02972
909	-66.615	-20.5	69.698	953.804	9.93546	2.03	5.1	33.385	5.618E-8	1	0	2.02891
910	-66.615	-19.5	69.41	953.911	9.9402	2.03	5.1	33.385	5.6231E-8	1	0	2.02805
911	-66.615	-18.5	69.136	954.024	9.9452	2.03	5.1	33.385	5.6285E-8	1	0	2.02713
912	-66.615	-17.5	68.875	954.141	9.95041	2.03	5.1	33.385	5.6341E-8	1	0	2.02618
913	-66.615	-16.5	68.628	954.262	9.95577	2.03	5.1	33.385	5.6399E-8	1	0	2.0252
914	-66.615	-15.5	68.395	954.385	9.96122	2.03	5.1	33.385	5.6458E-8	1	0	2.02421
915	-66.615	-14.5	68.175	954.508	9.96671	2.03	5.1	33.385	5.6517E-8	1	0	2.02321
916	-66.615	-13.5	67.969	954.631	9.97217	2.03	5.1	33.385	5.6576E-8	1	0	2.02222
917	-66.615	-12.5	67.778	954.752	9.97754	2.03	5.1	33.385	5.6634E-8	1	0	2.02124
918	-66.615	-11.5	67.6	954.869	9.98277	2.03	5.1	33.385	5.6691E-8	1	0	2.02029
919	-66.615	-10.5	67.437	954.982	9.98779	2.03	5.1	33.385	5.6745E-8	1	0	2.01938
920	-66.615	-9.5	67.289	955.089	9.99256	2.03	5.1	33.385	5.6797E-8	1	0	2.01852
921	-66.615	-8.5	67.155	955.189	9.99701	2.03	5.1	33.385	5.6845E-8	1	0	2.01772
922	-66.615	-7.5	67.036	955.281	10.0011	2.03	5.1	33.385	5.689E-8	1	0	2.01698
923	-66.615	-6.5	66.931	955.364	10.00479	2.03	5.1	33.385	5.693E-8	1	0	2.01631
924	-66.615	-5.5	66.842	955.437	10.00803	2.03	5.1	33.385	5.6965E-8	1	0	2.01573
925	-66.615	-4.5	66.767	955.499	10.01079	2.03	5.1	33.385	5.6995E-8	1	0	2.01523
926	-66.615	-3.5	66.707	955.549	10.01303	2.03	5.1	33.385	5.7019E-8	1	0	2.01482
927	-66.615	-2.5	66.662	955.588	10.01473	2.03	5.1	33.385	5.7038E-8	1	0	2.01452
928	-66.615	-1.5	66.632	955.613	10.01588	2.03	5.1	33.385	5.705E-8	1	0	2.01431
929	-66.615	-0.5	66.617	955.626	10.01646	2.03	5.1	33.385	5.7057E-8	1	0	2.01421
930	-66.615	0.5	66.617	955.626	10.01646	2.03	5.1	33.385	5.7057E-8	1	0	2.01421
931	-66.615	1.5	66.632	955.613	10.01588	2.03	5.1	33.385	5.705E-8	1	0	2.01431
932	-66.615	2.5	66.662	955.588	10.01473	2.03	5.1	33.385	5.7038E-8	1	0	2.01452
933	-66.615	3.5	66.707	955.549	10.01303	2.03	5.1	33.385	5.7019E-8	1	0	2.01482
934	-66.615	4.5	66.767	955.499	10.01079	2.03	5.1	33.385	5.6995E-8	1	0	2.01523
935	-66.615	5.5	66.842	955.437	10.00803	2.03	5.1	33.385	5.6965E-8	1	0	2.01573
936	-66.615	6.5	66.931	955.364	10.00479	2.03	5.1	33.385	5.693E-8	1	0	2.01631
937	-66.615	7.5	67.036	955.281	10.0011	2.03	5.1	33.385	5.689E-8	1	0	2.01698
938	-66.615	8.5	67.155	955.189	9.99701	2.03	5.1	33.385	5.6845E-8	1	0	2.01772
939	-66.615	9.5	67.289	955.089	9.99256	2.03	5.1	33.385	5.6797E-8	1	0	2.01852
940	-66.615	10.5	67.437	954.982	9.98779	2.03	5.1	33.385	5.6745E-8	1	0	2.01938
941	-66.615	11.5	67.6	954.869	9.98277	2.03	5.1	33.385	5.6691E-8	1	0	2.02029
942	-66.615	12.5	67.778	954.752	9.97754	2.03	5.1	33.385	5.6634E-8	1	0	2.02124
943	-66.615	13.5	67.969	954.631	9.97217	2.03	5.1	33.385	5.6576E-8	1	0	2.02222
944	-66.615	14.5	68.175	954.508	9.96671	2.03	5.1	33.385	5.6517E-8	1	0	2.02321
945	-66.615	15.5	68.395	954.385	9.96122	2.03	5.1	33.385	5.6458E-8	1	0	2.02421
946	-66.615	16.5	68.628	954.262	9.95577	2.03	5.1	33.385	5.6399E-8	1	0	2.0252
947	-66.615	17.5	68.875	954.141	9.95041	2.03	5.1	33.385	5.6341E-8	1	0	2.02618
948	-66.615	18.5	69.136	954.024	9.9452	2.03	5.1	33.385	5.6285E-8	1	0	2.02713
949	-66.615	19.5	69.41	953.911	9.9402	2.03	5.1	33.385	5.6231E-8	1	0	2.02805
950	-66.615	20.5	69.698	953.804	9.93546	2.03	5.1	33.385	5.618E-8	1	0	2.02891
951	-66.615	21.5	69.999	953.705	9.93104	2.03	5.1	33.385	5.6132E-8	1	0	2.02972
952	-66.615	22.5	70.312	953.613	9.92697	2.03	5.1	33.385	5.6088E-8	1	0	2.03047
953	-66.615	23.5	70.639	953.531	9.92332	2.03	5.1	33.385	5.6049E-8	1	0	2.03114
954	-66.615	24.5	70.978	953.458	9.92011	2.03	5.1	33.385	5.6014E-8	1	0	2.03173
955	-66.615	25.5	71.329	953.397	9.91738	2.03	5.1	33.385	5.5985E-8	1	0	2.03223
956	-66.615	26.5	71.693	953.347	9.91516	2.03	5.1	33.385	5.5961E-8	1	0	2.03264
957	-66.615	27.5	72.068	953.309	9.91347	2.03	5.1	33.385	5.5943E-8	1	0	2.03295
958	-66.615	28.5	72.456	953.283	9.91234	2.03	5.1	33.385	5.593E-8	1	0	2.03315
959	-66.615	29.5	72.855	953.27	9.91177	2.03	5.1	33.385	5.5924E-8	1	0	2.03326
960	-64.089	-29.5	70.552	977.268	9.89622	2.03	5.1	35.912	5.52E-8	1	0	1.96808
961	-64.089	-28.5	70.14	977.284	9.89696	2.03	5.1	35.912	5.5208E-8	1	0	1.96795
962	-64.089	-27.5	69.739	977.316	9.89843	2.03	5.1	35.912	5.5224E-8	1	0	1.96768
963	-64.089	-26.5	69.351	977.362	9.90062	2.03	5.1	35.912	5.5247E-8	1	0	1.96729
964	-64.089	-25.5	68.975	977.424	9.9035	2.03	5.1	35.912	5.5278E-8	1	0	1.96678
965	-64.089	-24.5	68.612	977.5	9.90704	2.03	5.1	35.912	5.5316E-8	1	0	1.96615
966	-64.089	-23.5	68.261	977.589	9.9112	2.03	5.1	35.912	5.536E-8	1	0	1.96541
967	-64.089	-22.5	67.923	977.691	9.91595	2.03	5.1	35.912	5.5411E-8	1	0	1.96456
968	-64.089	-21.5	67.599	977.804	9.92122	2.03	5.1	35.912	5.5467E-8	1	0	1.96363
969	-64.089	-20.5	67.287	977.926	9.92696	2.03	5.1	35.912	5.5529E-8	1	0	1.96261
970	-64.089	-19.5	66.989	978.058	9.93311	2.03	5.1	35.912	5.5594E-8	1	0	1.96152
971	-64.089	-18.5	66.705	978.197	9.9396	2.03	5.1	35.912	5.5664E-8	1	0	1.96037
972	-64.089	-17.5	66.435	978.342	9.94636	2.03	5.1	35.912	5.5736E-8	1	0	1.95917
973	-64.089	-16.5	66.178	978.49	9.95332	2.03	5.1	35.912	5.5811E-8	1	0	1.95794
974	-64.089	-15.5	65.936	978.642	9.9604	2.03	5.1	35.912	5.5887E-8	1	0	1.95669
975	-64.089	-14.5	65.708	978.794	9.96753	2.03	5.1	35.912	5.5963E-8	1	0	1.95544
976	-64.089	-13.5	65.495	978.946	9.97462	2.03	5.1	35.912	5.6039E-8	1	0	1.95419
977	-64.089	-12.5	65.296	979.095	9.9816	2.03	5.1	35.912	5.6114E-8	1	0	1.95296
978	-64.089	-11.5	65.112	979.24	9.98839	2.03	5.1	35.912	5.6187E-8	1	0	1.95177
979	-64.089	-10.5	64.943	979.379	9.99492	2.03	5.1	35.912	5.6258E-8	1	0	1.95063
980	-64.089	-9.5	64.789	979.511	10.00112	2.03	5.1	35.912	5.6324E-8	1	0	1.94954
981	-64.089	-8.5	64.65	979.635	10.00691	2.03	5.1	35.912	5.6387E-8	1	0	1.94853
982	-64.089	-7.5	64.526	979.748	10.01223	2.03	5.1	35.912	5.6444E-8	1	0	1.9476
983	-64.089	-6.5	64.417	979.851	10.01702	2.03	5.1	35.912	5.6496E-8	1	0	1.94677
984	-64.089	-5.5	64.324	979.941	10.02123	2.03	5.1	35.912	5.6541E-8	1	0	1.94603
985	-64.089	-4.5	64.246	980.017	10.02482	2.03	5.1	35.912	5.658E-8	1	0	1.94541
986	-64.089	-3.5	64.184	980.079	10.02774	2.03	5.1	35.912	5.6611E-8	1	0	1.9449
987	-64.089	-2.5	64.137	980.126	10.02995	2.03	5.1	35.912	5.6635E-8	1	0	1.94451
988	-64.089	-1.5	64.106	980.158	10.03145	2.03	5.1	35.912	5.6651E-8	1	0	1.94425
989	-64.089	-0.5	64.09	980.174	10.0322	2.03	5.1	35.912	5.6659E-8	1	0	1.94412
990	-64.089	0.5	64.09	980.174	10.0322	2.03	5.1	35.912	5.6659E-8	1	0	1.94412
991	-64.089	1.5	64.106	980.158	10.03145	2.03	5.1	35.912	5.6651E-8	1	0	1.94425
992	-64.089	2.5	64.137	980.126	10.02995	2.03	5.1	35.912	5.6635E-8	1	0	1.94451
993	-64.089	3.5	64.184	980.079	10.02774	2.03	5.1	35.912	5.6611E-8	1	0	1.9449
994	-64.089	4.5	64.246	980.017	10.02482	2.03	5.1	35.912	5.658E-8	1	0	1.94541
995	-64.089	5.5	64.324	979.941	10.02123	2.03	5.1	35.912	5.6541E-8	1	0	1.94603
996	-64.089	6.5	64.417	979.851	10.01702	2.03	5.1	35.912	5.6496E-8	1	0	1.94677
997	-64.089	7.5	64.526	979.748	10.01223	2.03	5.1	35.912	5.6444E-8	1	0	1.9476
998	-64.089	8.5	64.65	979.635	10.00691	2.03	5.1	35.912	5.6387E-8	1	0	1.94853
999	-64.089	9.5	64.789	979.511	10.00112	2.03	5.1	35.912	5.6324E-8	1	0	1.94954
1000	-64.089	10.5	64.943	979.379	9.99492	2.03	5.1	35.912	5.6258E-8	1	0	1.95063
1001	-64.089	11.5	65.112	979.24	9.98839	2.03	5.1	35.912	5.6187E-8	1	0	1.95177
1002	-64.089	12.5	65.296	979.095	9.9816	2.03	5.1	35.912	5.6114E-8	1	0	1.95296
1003	-64.089	13.5	65.495	978.946	9.97462	2.03	5.1	35.912	5.6039E-8	1	0	1.95419
1004	-64.089	14.5	65.708	978.794	9.96753	2.03	5.1	35.912	5.5963E-8	1	0	1.95544
1005	-64.089	15.5	65.936	978.642	9.9604	2.03	5.1	35.912	5.5887E-8	1	0	1.95669
1006	-64.089	16.5	66.178	978.49	9.95332	2.03	5.1	35.912	5.5811E-8	1	0	1.95794
1007	-64.089	17.5	66.435	978.342	9.94636	2.03	5.1	35.912	5.5736E-8	1	0	1.95917
1008	-64.089	18.5	66.705	978.197	9.9396	2.03	5.1	35.912	5.5664E-8	1	0	1.96037
1009	-64.089	19.5	66.989	978.058	9.93311	2.03	5.1	35.912	5.5594E-8	1	0	1.96152
1010	-64.089	20.5	67.287	977.926	9.92696	2.03	5.1	35.912	5.5529E-8	1	0	1.96261
1011	-64.089	21.5	67.599	977.804	9.92122	2.03	5.1	35.912	5.5467E-8	1	0	1.96363
1012	-64.089	22.5	67.923	977.691	9.91595	2.03	5.1	35.912	5.5411E-8	1	0	1.96456
1013	-64.089	23.5	68.261	977.589	9.9112	2.03	5.1	35.912	5.536E-8	1	0	1.96541
1014	-64.089	24.5	68.612	977.5	9.90704	2.03	5.1	35.912	5.5316E-8	1	0	1.96615
1015	-64.089	25.5	68.975	977.424	9.9035	2.03	5.1	35.912	5.5278E-8	1	0	1.96678
1016	-64.089	26.5	69.351	977.362	9.90062	2.03	5.1	35.912	5.5247E-8	1	0	1.96729
1017	-64.089	27.5	69.739	977.316	9.89843	2.03	5.1	35.912	5.5224E-8	1	0	1.96768
1018	-64.089	28.5	70.14	977.284	9.89696	2.03	5.1	35.912	5.5208E-8	1	0	1.96795
1019	-64.089	29.5	70.552	977.268	9.89622	2.03	5.1	35.912	5.52E-8	1	0	1.96808
1020	-62.145	-29.5	68.791	994.473	9.88112	2.03	5.1	37.855	5.464E-8	1	0	1.92702
1021	-62.145	-28.5	68.368	994.491	9.88202	2.03	5.1	37.855	5.4649E-8	1	0	1.92687
1022	-62.145	-27.5	67.958	994.528	9.88381	2.03	5.1	37.855	5.4668E-8	1	0	1.92655
1023	-62.145	-26.5	67.559	994.583	9.88649	2.03	5.1	37.855	5.4697E-8	1	0	1.92608
1024	-62.145	-25.5	67.173	994.655	9.89001	2.03	5.1	37.855	5.4734E-8	1	0	1.92547
1025	-62.145	-24.5	66.8	994.744	9.89433	2.03	5.1	37.855	5.478E-8	1	0	1.92471
1026	-62.145	-23.5	66.44	994.849	9.89943	2.03	5.1	37.855	5.4834E-8	1	0	1.92382
1027	-62.145	-22.5	66.093	994.968	9.90522	2.03	5.1	37.855	5.4895E-8	1	0	1.92281
1028	-62.145	-21.5	65.759	995.1	9.91167	2.03	5.1	37.855	5.4964E-8	1	0	1.92168
1029	-62.145	-20.5	65.439	995.244	9.91869	2.03	5.1	37.855	5.5038E-8	1	0	1.92046
1030	-62.145	-19.5	65.133	995.398	9.92621	2.03	5.1	37.855	5.5118E-8	1	0	1.91915
1031	-62.145	-18.5	64.84	995.56	9.93415	2.03	5.1	37.855	5.5203E-8	1	0	1.91777
1032	-62.145	-17.5	64.562	995.73	9.94242	2.03	5.1	37.855	5.5291E-8	1	0	1.91633
1033	-62.145	-16.5	64.298	995.904	9.95094	2.03	5.1	37.855	5.5382E-8	1	0	1.91486
1034	-62.145	-15.5	64.049	996.082	9.9596	2.03	5.1	37.855	5.5474E-8	1	0	1.91336
1035	-62.145	-14.5	63.814	996.26	9.96833	2.03	5.1	37.855	5.5567E-8	1	0	1.91186
1036	-62.145	-13.5	63.594	996.438	9.97701	2.03	5.1	37.794	5.566E-8	1	0	1.91212
1037	-62.145	-12.5	63.39	996.612	9.98555	2.03	5.1	37.59	5.5751E-8	1	0	1.91662
1038	-62.145	-11.5	63.2	996.782	9.99387	2.03	5.1	37.4	5.584E-8	1	0	1.92079
1039	-62.145	-10.5	63.026	996.946	10.00187	2.03	5.1	37.226	5.5926E-8	1	0	1.92462
1040	-62.145	-9.5	62.867	997.101	10.00945	2.03	5.1	37.067	5.6007E-8	1	0	1.9281
1041	-62.145	-8.5	62.724	997.246	10.01655	2.03	5.1	36.924	5.6083E-8	1	0	1.93123
1042	-62.145	-7.5	62.596	997.379	10.02307	2.03	5.1	36.796	5.6153E-8	1	0	1.93402
1043	-62.145	-6.5	62.484	997.499	10.02894	2.03	5.1	36.684	5.6216E-8	1	0	1.93646
1044	-62.145	-5.5	62.388	997.604	10.0341	2.03	5.1	36.588	5.6271E-8	1	0	1.93856
1045	-62.145	-4.5	62.308	997.694	10.0385	2.03	5.1	36.508	5.6318E-8	1	0	1.9403
1046	-62.145	-3.5	62.243	997.766	10.04207	2.03	5.1	36.443	5.6357E-8	1	0	1.9417
1047	-62.145	-2.5	62.195	997.822	10.04479	2.03	5.1	36.395	5.6386E-8	1	0	1.94275
1048	-62.145	-1.5	62.163	997.859	10.04662	2.03	5.1	36.363	5.6406E-8	1	0	1.94345
1049	-62.145	-0.5	62.147	997.878	10.04754	2.03	5.1	36.347	5.6416E-8	1	0	1.94379
1050	-62.145	0.5	62.147	997.878	10.04754	2.03	5.1	36.347	5.6416E-8	1	0	1.94379
1051	-62.145	1.5	62.163	997.859	10.04662	2.03	5.1	36.363	5.6406E-8	1	0	1.94345
1052	-62.145	2.5	62.195	997.822	10.04479	2.03	5.1	36.395	5.6386E-8	1	0	1.94275
1053	-62.145	3.5	62.243	997.766	10.04207	2.03	5.1	36.443	5.6357E-8	1	0	1.9417
1054	-62.145	4.5	62.308	997.694	10.0385	2.03	5.1	36.508	5.6318E-8	1	0	1.9403
1055	-62.145	5.5	62.388	997.604	10.0341	2.03	5.1	36.588	5.6271E-8	1	0	1.93856
1056	-62.145	6.5	62.484	997.499	10.02894	2.03	5.1	36.684	5.6216E-8	1	0	1.93646
1057	-62.145	7.5	62.596	997.379	10.02307	2.03	5.1	36.796	5.6153E-8	1	0	1.93402
1058	-62.145	8.5	62.724	997.246	10.01655	2.03	5.1	36.924	5.6083E-8	1	0	1.93123
1059	-62.145	9.5	62.867	997.101	10.00945	2.03	5.1	37.067	5.6007E-8	1	0	1.9281
1060	-62.145	10.5	63.026	996.946	10.00187	2.03	5.1	37.226	5.5926E-8	1	0	1.92462
1061	-62.145	11.5	63.2	996.782	9.99387	2.03	5.1	37.4	5.584E-8	1	0	1.92079
1062	-62.145	12.5	63.39	996.612	9.98555	2.03	5.1	37.59	5.5751E-8	1	0	1.91662
1063	-62.145	13.5	63.594	996.438	9.97701	2.03	5.1	37.794	5.566E-8	1	0	1.91212
1064	-62.145	14.5	63.814	996.26	9.96833	2.03	5.1	37.855	5.5567E-8	1	0	1.91186
1065	-62.145	15.5	64.049	996.082	9.9596	2.03	5.1	37.855	5.5474E-8	1	0	1.91336
1066	-62.145	16.5	64.298	995.904	9.95094	2.03	5.1	37.855	5.5382E-8	1	0	1.91486
1067	-62.145	17.5	64.562	995.73	9.94242	2.03	5.1	37.855	5.5291E-8	1	0	1.91633
1068	-62.145	18.5	64.84	995.56	9.93415	2.03	5.1	37.855	5.5203E-8	1	0	1.91777
1069	-62.145	19.5	65.133	995.398	9.92621	2.03	5.1	37.855	5.5118E-8	1	0	1.91915
1070	-62.145	20.5	65.439	995.244	9.91869	2.03	5.1	37.855	5.5038E-8	1	0	1.92046
1071	-62.145	21.5	65.759	995.1	9.91167	2.03	5.1	37.855	5.4964E-8	1	0	1.92168
1072	-62.145	22.5	66.093	994.968	9.90522	2.03	5.1	37.855	5.4895E-8	1	0	1.92281
1073	-62.145	23.5	66.44	994.849	9.89943	2.03	5.1	37.855	5.4834E-8	1	0	1.92382
1074	-62.145	24.5	66.8	994.744	9.89433	2.03	5.1	37.855	5.478E-8	1	0	1.92471
1075	-62.145	25.5	67.173	994.655	9.89001	2.03	5.1	37.855	5.4734E-8	1	0	1.92547
1076	-62.145	26.5	67.559	994.583	9.88649	2.03	5.1	37.855	5.4697E-8	1	0	1.92608
1077	-62.145	27.5	67.958	994.528	9.88381	2.03	5.1	37.855	5.4668E-8	1	0	1.92655
1078	-62.145	28.5	68.368	994.491	9.88202	2.03	5.1	37.855	5.4649E-8	1	0	1.92687
1079	-62.145	29.5	68.791	994.473	9.88112	2.03	5.1	37.855	5.464E-8	1	0	1.92702
1080	-60.65	-29.5	67.444	1006.974	9.8672	2.03	5.1	39.35	5.4202E-8	1	0	1.90001
1081	-60.65	-28.5	67.012	1006.995	9.86825	2.03	5.1	39.35	5.4213E-8	1	0	1.89982
1082	-60.65	-27.5	66.593	1007.037	9.87035	2.03	5.1	39.35	5.4235E-8	1	0	1.89946
1083	-60.65	-26.5	66.187	1007.099	9.87347	2.03	5.1	39.35	5.4268E-8	1	0	1.89892
1084	-60.65	-25.5	65.793	1007.18	9.87758	2.03	5.1	39.35	5.4311E-8	1	0	1.89821
1085	-60.65	-24.5	65.412	1007.28	9.88263	2.03	5.1	39.35	5.4365E-8	1	0	1.89733
1086	-60.65	-23.5	65.044	1007.398	9.88858	2.03	5.1	39.244	5.4427E-8	1	0	1.89914
1087	-60.65	-22.5	64.689	1007.532	9.89535	2.03	5.1	38.889	5.4499E-8	1	0	1.90755
1088	-60.65	-21.5	64.348	1007.681	9.90287	2.03	5.1	38.548	5.4578E-8	1	0	1.91565
1089	-60.65	-20.5	64.021	1007.843	9.91107	2.03	5.1	38.221	5.4665E-8	1	0	1.92343
1090	-60.65	-19.5	63.708	1008.017	9.91985	2.03	5.1	37.908	5.4758E-8	1	0	1.93089
1091	-60.65	-18.5	63.409	1008.2	9.92913	2.03	5.1	37.609	5.4856E-8	1	0	1.93801
1092	-60.65	-17.5	63.124	1008.391	9.93879	2.03	5.1	37.324	5.4958E-8	1	0	1.94478
1093	-60.65	-16.5	62.854	1008.588	9.94874	2.03	5.1	37.054	5.5064E-8	1	0	1.9512
1094	-60.65	-15.5	62.599	1008.788	9.95887	2.03	5.1	36.799	5.5172E-8	1	0	1.95726
1095	-60.65	-14.5	62.359	1008.989	9.96906	2.03	5.1	36.559	5.528E-8	1	0	1.96295
1096	-60.65	-13.5	62.134	1009.189	9.97921	2.03	5.1	36.334	5.5388E-8	1	0	1.96828
1097	-60.65	-12.5	61.925	1009.386	9.9892	2.03	5.1	36.125	5.5494E-8	1	0	1.97323
1098	-60.65	-11.5	61.731	1009.578	9.99893	2.03	5.1	35.931	5.5598E-8	1	0	1.97781
1099	-60.65	-10.5	61.552	1009.762	10.00828	2.03	5.1	35.752	5.5698E-8	1	0	1.98202
1100	-60.65	-9.5	61.39	1009.937	10.01715	2.03	5.1	35.59	5.5792E-8	1	0	1.98584
1101	-60.65	-8.5	61.243	1010.1	10.02545	2.03	5.1	35.443	5.5881E-8	1	0	1.98928
1102	-60.65	-7.5	61.112	1010.251	10.03307	2.03	5.1	35.312	5.5962E-8	1	0	1.99234
1103	-60.65	-6.5	60.997	1010.386	10.03995	2.03	5.1	35.197	5.6036E-8	1	0	1.99502
1104	-60.65	-5.5	60.899	1010.505	10.04599	2.03	5.1	35.099	5.6101E-8	1	0	1.99732
1105	-60.65	-4.5	60.817	1010.606	10.05113	2.03	5.1	35.017	5.6156E-8	1	0	1.99923
1106	-60.65	-3.5	60.751	1010.688	10.05531	2.03	5.1	34.951	5.6201E-8	1	0	2.00077
1107	-60.65	-2.5	60.702	1010.751	10.05849	2.03	5.1	34.902	5.6235E-8	1	0	2.00192
1108	-60.65	-1.5	60.669	1010.793	10.06064	2.03	5.1	34.869	5.6258E-8	1	0	2.00268
1109	-60.65	-0.5	60.652	1010.814	10.06171	2.03	5.1	34.852	5.6269E-8	1	0	2.00306
1110	-60.65	0.5	60.652	1010.814	10.06171	2.03	5.1	34.852	5.6269E-8	1	0	2.00306
1111	-60.65	1.5	60.669	1010.793	10.06064	2.03	5.1	34.869	5.6258E-8	1	0	2.00268
1112	-60.65	2.5	60.702	1010.751	10.05849	2.03	5.1	34.902	5.6235E-8	1	0	2.00192
1113	-60.65	3.5	60.751	1010.688	10.05531	2.03	5.1	34.951	5.6201E-8	1	0	2.00077
1114	-60.65	4.5	60.817	1010.606	10.05113	2.03	5.1	35.017	5.6156E-8	1	0	1.99923
1115	-60.65	5.5	60.899	1010.505	10.04599	2.03	5.1	35.099	5.6101E-8	1	0	1.99732
1116	-60.65	6.5	60.997	1010.386	10.03995	2.03	5.1	35.197	5.6036E-8	1	0	1.99502
1117	-60.65	7.5	61.112	1010.251	10.03307	2.03	5.1	35.312	5.5962E-8	1	0	1.99234
1118	-60.65	8.5	61.243	1010.1	10.02545	2.03	5.1	35.443	5.5881E-8	1	0	1.98928
1119	-60.65	9.5	61.39	1009.937	10.01715	2.03	5.1	35.59	5.5792E-8	1	0	1.98584
1120	-60.65	10.5	61.552	1009.762	10.00828	2.03	5.1	35.752	5.5698E-8	1	0	1.98202
1121	-60.65	11.5	61.731	1009.578	9.99893	2.03	5.1	35.931	5.5598E-8	1	0	1.97781
1122	-60.65	12.5	61.925	1009.386	9.9892	2.03	5.1	36.125	5.5494E-8	1	0	1.97323
1123	-60.65	13.5	62.134	1009.189	9.97921	2.03	5.1	36.334	5.5388E-8	1	0	1.96828
1124	-60.65	14.5	62.359	1008.989	9.96906	2.03	5.1	36.559	5.528E-8	1	0	1.96295
1125	-60.65	15.5	62.599	1008.788	9.95887	2.03	5.1	36.799	5.5172E-8	1	0	1.95726
1126	-60.65	16.5	62.854	1008.588	9.94874	2.03	5.1	37.054	5.5064E-8	1	0	1.9512
1127	-60.65	17.5	63.124	1008.391	9.93879	2.03	5.1	37.324	5.4958E-8	1	0	1.94478
1128	-60.65	18.5	63.409	1008.2	9.92913	2.03	5.1	37.609	5.4856E-8	1	0	1.93801
1129	-60.65	19.5	63.708	1008.017	9.91985	2.03	5.1	37.908	5.4758E-8	1	0	1.93089
1130	-60.65	20.5	64.021	1007.843	9.91107	2.03	5.1	38.221	5.4665E-8	1	0	1.92343
1131	-60.65	21.5	64.348	1007.681	9.90287	2.03	5.1	38.548	5.4578E-8	1	0	1.91565
1132	-60.65	22.5	64.689	1007.532	9.89535	2.03	5.1	38.889	5.4499E-8	1	0	1.90755
1133	-60.65	23.5	65.044	1007.398	9.88858	2.03	5.1	39.244	5.4427E-8	1	0	1.89914
1134	-60.65	24.5	65.412	1007.28	9.88263	2.03	5.1	39.35	5.4365E-8	1	0	1.89733
1135	-60.65	25.5	65.793	1007.18	9.87758	2.03	5.1	39.35	5.4311E-8	1	0	1.89821
1136	-60.65	26.5	66.187	1007.099	9.87347	2.03	5.1	39.35	5.4268E-8	1	0	1.89892
1137	-60.65	27.5	66.593	1007.037	9.87035	2.03	5.1	39.35	5.4235E-8	1	0	1.89946
1138	-60.65	28.5	67.012	1006.995	9.86825	2.03	5.1	39.35	5.4213E-8	1	0	1.89982
1139	-60.65	29.5	67.444	1006.974	9.8672	2.03	5.1	39.35	5.4202E-8	1	0	1.90001
1140	-59.5	-29.5	66.412	1016.162	9.85491	2.03	5.1	40.5	5.3859E-8	1	0	1.88163
1141	-59.5	-28.5	65.973	1016.184	9.8561	2.03	5.1	40.173	5.3871E-8	1	0	1.88962
1142	-59.5	-27.5	65.548	1016.23	9.85846	2.03	5.1	39.748	5.3896E-8	1	0	1.90013
1143	-59.5	-26.5	65.134	1016.298	9.86198	2.03	5.1	39.334	5.3933E-8	1	0	1.9104
1144	-59.5	-25.5	64.734	1016.387	9.8666	2.03	5.1	38.934	5.3981E-8	1	0	1.9204
1145	-59.5	-24.5	64.347	1016.496	9.87229	2.03	5.1	38.547	5.4041E-8	1	0	1.93011
1146	-59.5	-23.5	63.973	1016.625	9.87899	2.03	5.1	38.173	5.4112E-8	1	0	1.93951
1147	-59.5	-22.5	63.612	1016.772	9.88662	2.03	5.1	37.812	5.4192E-8	1	0	1.9486
1148	-59.5	-21.5	63.265	1016.935	9.89509	2.03	5.1	37.465	5.4281E-8	1	0	1.95735
1149	-59.5	-20.5	62.933	1017.113	9.90433	2.03	5.1	37.133	5.4378E-8	1	0	1.96576
1150	-59.5	-19.5	62.614	1017.303	9.91423	2.03	5.1	36.814	5.4483E-8	1	0	1.9738
1151	-59.5	-18.5	62.31	1017.504	9.92468	2.03	5.1	36.51	5.4593E-8	1	0	1.98149
1152	-59.5	-17.5	62.02	1017.713	9.93558	2.03	5.1	36.22	5.4708E-8	1	0	1.98879
1153	-59.5	-16.5	61.745	1017.928	9.9468	2.03	5.1	35.945	5.4827E-8	1	0	1.99572
1154	-59.5	-15.5	61.486	1018.148	9.95822	2.03	5.1	35.686	5.4948E-8	1	0	2.00225
1155	-59.5	-14.5	61.241	1018.368	9.96971	2.03	5.1	35.441	5.5069E-8	1	0	2.00839
1156	-59.5	-13.5	61.012	1018.587	9.98116	2.03	5.1	35.212	5.5191E-8	1	0	2.01413
1157	-59.5	-12.5	60.799	1018.803	9.99243	2.03	5.1	34.999	5.5311E-8	1	0	2.01947
1158	-59.5	-11.5	60.601	1019.013	10.0034	2.03	5.1	34.801	5.5427E-8	1	0	2.0244
1159	-59.5	-10.5	60.419	1019.215	10.01395	2.03	5.1	34.619	5.5539E-8	1	0	2.02892
1160	-59.5	-9.5	60.254	1019.407	10.02396	2.03	5.1	34.454	5.5646E-8	1	0	2.03304
1161	-59.5	-8.5	60.104	1019.586	10.03333	2.03	5.1	34.304	5.5746E-8	1	0	2.03674
1162	-59.5	-7.5	59.971	1019.75	10.04193	2.03	5.1	34.171	5.5838E-8	1	0	2.04004
1163	-59.5	-6.5	59.854	1019.899	10.04969	2.03	5.1	34.054	5.5921E-8	1	0	2.04292
1164	-59.5	-5.5	59.754	1020.029	10.05651	2.03	5.1	33.954	5.5993E-8	1	0	2.04539
1165	-59.5	-4.5	59.67	1020.14	10.06232	2.03	5.1	33.87	5.6055E-8	1	0	2.04745
1166	-59.5	-3.5	59.603	1020.23	10.06704	2.03	5.1	33.803	5.6106E-8	1	0	2.04909
1167	-59.5	-2.5	59.552	1020.298	10.07063	2.03	5.1	33.752	5.6144E-8	1	0	2.05033
1168	-59.5	-1.5	59.519	1020.344	10.07305	2.03	5.1	33.719	5.617E-8	1	0	2.05115
1169	-59.5	-0.5	59.502	1020.368	10.07426	2.03	5.1	33.702	5.6183E-8	1	0	2.05156
1170	-59.5	0.5	59.502	1020.368	10.07426	2.03	5.1	33.702	5.6183E-8	1	0	2.05156
1171	-59.5	1.5	59.519	1020.344	10.07305	2.03	5.1	33.719	5.617E-8	1	0	2.05115
1172	-59.5	2.5	59.552	1020.298	10.07063	2.03	5.1	33.752	5.6144E-8	1	0	2.05033
1173	-59.5	3.5	59.603	1020.23	10.06704	2.03	5.1	33.803	5.6106E-8	1	0	2.04909
1174	-59.5	4.5	59.67	1020.14	10.06232	2.03	5.1	33.87	5.6055E-8	1	0	2.04745
1175	-59.5	5.5	59.754	1020.029	10.05651	2.03	5.1	33.954	5.5993E-8	1	0	2.04539
1176	-59.5	6.5	59.854	1019.899	10.04969	2.03	5.1	34.054	5.5921E-8	1	0	2.04292
1177	-59.5	7.5	59.971	1019.75	10.04193	2.03	5.1	34.171	5.5838E-8	1	0	2.04004
1178	-59.5	8.5	60.104	1019.586	10.03333	2.03	5.1	34.304	5.5746E-8	1	0	2.03674
1179	-59.5	9.5	60.254	1019.407	10.02396	2.03	5.1	34.454	5.5646E-8	1	0	2.03304
1180	-59.5	10.5	60.419	1019.215	10.01395	2.03	5.1	34.619	5.5539E-8	1	0	2.02892
1181	-59.5	11.5	60.601	1019.013	10.0034	2.03	5.1	34.801	5.5427E-8	1	0	2.0244
1182	-59.5	12.5	60.799	1018.803	9.99243	2.03	5.1	34.999	5.5311E-8	1	0	2.01947
1183	-59.5	13.5	61.012	1018.587	9.98116	2.03	5.1	35.212	5.5191E-8	1	0	2.01413
1184	-59.5	14.5	61.241	1018.368	9.96971	2.03	5.1	35.441	5.5069E-8	1	0	2.00839
1185	-59.5	15.5	61.486	1018.148	9.95822	2.03	5.1	35.686	5.4948E-8	1	0	2.00225
1186	-59.5	16.5	61.745	1017.928	9.9468	2.03	5.1	35.945	5.4827E-8	1	0	1.99572
1187	-59.5	17.5	62.02	1017.713	9.93558	2.03	5.1	36.22	5.4708E-8	1	0	1.98879
1188	-59.5	18.5	62.31	1017.504	9.92468	2.03	5.1	36.51	5.4593E-8	1	0	1.98149
1189	-59.5	19.5	62.614	1017.303	9.91423	2.03	5.1	36.814	5.4483E-8	1	0	1.9738
1190	-59.5	20.5	62.933	1017.113	9.90433	2.03	5.1	37.133	5.4378E-8	1	0	1.96576
1191	-59.5	21.5	63.265	1016.935	9.89509	2.03	5.1	37.465	5.4281E-8	1	0	1.95735
1192	-59.5	22.5	63.612	1016.772	9.88662	2.03	5.1	37.812	5.4192E-8	1	0	1.9486
1193	-59.5	23.5	63.973	1016.625	9.87899	2.03	5.1	38.173	5.4112E-8	1	0	1.93951
1194	-59.5	24.5	64.347	1016.496	9.87229	2.03	5.1	38.547	5.4041E-8	1	0	1.93011
1195	-59.5	25.5	64.734	1016.387	9.8666	2.03	5.1	38.934	5.3981E-8	1	0	1.9204
1196	-59.5	26.5	65.134	1016.298	9.86198	2.03	5.1	39.334	5.3933E-8	1	0	1.9104
1197	-59.5	27.5	65.548	1016.23	9.85846	2.03	5.1	39.748	5.3896E-8	1	0	1.90013
1198	-59.5	28.5	65.973	1016.184	9.8561	2.03	5.1	40.173	5.3871E-8	1	0	1.88962
1199	-59.5	29.5	66.412	1016.162	9.85491	2.03	5.1	40.5	5.3859E-8	1	0	1.88163
1200	-58.5	-29.5	65.517	1023.836	9.84289	2.03	5.1	39.717	5.3554E-8	1	0	1.9113
1201	-58.5	-28.5	65.073	1023.86	9.8442	2.03	5.1	39.273	5.3567E-8	1	0	1.92282
1202	-58.5	-27.5	64.641	1023.909	9.84682	2.03	5.1	38.841	5.3595E-8	1	0	1.93409
1203	-58.5	-26.5	64.222	1023.983	9.85072	2.03	5.1	38.422	5.3636E-8	1	0	1.94509
1204	-58.5	-25.5	63.816	1024.079	9.85586	2.03	5.1	38.016	5.3689E-8	1	0	1.9558
1205	-58.5	-24.5	63.423	1024.197	9.86217	2.03	5.1	37.623	5.3756E-8	1	0	1.9662
1206	-58.5	-23.5	63.044	1024.337	9.8696	2.03	5.1	37.244	5.3833E-8	1	0	1.97628
1207	-58.5	-22.5	62.678	1024.495	9.87807	2.03	5.1	36.878	5.3922E-8	1	0	1.98601
1208	-58.5	-21.5	62.326	1024.671	9.88748	2.03	5.1	36.526	5.4021E-8	1	0	1.99538
1209	-58.5	-20.5	61.988	1024.863	9.89773	2.03	5.1	36.188	5.4129E-8	1	0	2.00437
1210	-58.5	-19.5	61.664	1025.069	9.90872	2.03	5.1	35.864	5.4244E-8	1	0	2.01298
1211	-58.5	-18.5	61.356	1025.286	9.92033	2.03	5.1	35.556	5.4366E-8	1	0	2.0212
1212	-58.5	-17.5	61.061	1025.512	9.93243	2.03	5.1	35.261	5.4494E-8	1	0	2.02901
1213	-58.5	-16.5	60.782	1025.745	9.94489	2.03	5.1	34.982	5.4625E-8	1	0	2.03641
1214	-58.5	-15.5	60.519	1025.982	9.95757	2.03	5.1	34.719	5.4759E-8	1	0	2.04339
1215	-58.5	-14.5	60.27	1026.22	9.97035	2.03	5.1	34.47	5.4894E-8	1	0	2.04995
1216	-58.5	-13.5	60.037	1026.457	9.98306	2.03	5.1	34.237	5.5029E-8	1	0	2.05608
1217	-58.5	-12.5	59.821	1026.69	9.99559	2.03	5.1	34.021	5.5162E-8	1	0	2.06178
1218	-58.5	-11.5	59.62	1026.917	10.00778	2.03	5.1	33.82	5.5291E-8	1	0	2.06705
1219	-58.5	-10.5	59.435	1027.136	10.01951	2.03	5.1	33.635	5.5416E-8	1	0	2.07187
1220	-58.5	-9.5	59.266	1027.343	10.03064	2.03	5.1	33.466	5.5534E-8	1	0	2.07626
1221	-58.5	-8.5	59.114	1027.536	10.04105	2.03	5.1	33.314	5.5645E-8	1	0	2.08022
1222	-58.5	-7.5	58.979	1027.714	10.05062	2.03	5.1	33.179	5.5747E-8	1	0	2.08373
1223	-58.5	-6.5	58.86	1027.875	10.05925	2.03	5.1	33.06	5.5839E-8	1	0	2.0868
1224	-58.5	-5.5	58.758	1028.015	10.06683	2.03	5.1	32.958	5.5919E-8	1	0	2.08943
1225	-58.5	-4.5	58.673	1028.135	10.07329	2.03	5.1	32.873	5.5988E-8	1	0	2.09163
1226	-58.5	-3.5	58.605	1028.233	10.07855	2.03	5.1	32.805	5.6044E-8	1	0	2.09338
1227	-58.5	-2.5	58.553	1028.307	10.08254	2.03	5.1	32.753	5.6087E-8	1	0	2.0947
1228	-58.5	-1.5	58.519	1028.357	10.08523	2.03	5.1	32.719	5.6116E-8	1	0	2.09558
1229	-58.5	-0.5	58.502	1028.382	10.08658	2.03	5.1	32.702	5.613E-8	1	0	2.09601
1230	-58.5	0.5	58.502	1028.382	10.08658	2.03	5.1	32.702	5.613E-8	1	0	2.09601
1231	-58.5	1.5	58.519	1028.357	10.08523	2.03	5.1	32.719	5.6116E-8	1	0	2.09558
1232	-58.5	2.5	58.553	1028.307	10.08254	2.03	5.1	32.753	5.6087E-8	1	0	2.0947
1233	-58.5	3.5	58.605	1028.233	10.07855	2.03	5.1	32.805	5.6044E-8	1	0	2.09338
1234	-58.5	4.5	58.673	1028.135	10.07329	2.03	5.1	32.873	5.5988E-8	1	0	2.09163
1235	-58.5	5.5	58.758	1028.015	10.06683	2.03	5.1	32.958	5.5919E-8	1	0	2.08943
1236	-58.5	6.5	58.86	1027.875	10.05925	2.03	5.1	33.06	5.5839E-8	1	0	2.0868
1237	-58.5	7.5	58.979	1027.714	10.05062	2.03	5.1	33.179	5.5747E-8	1	0	2.08373
1238	-58.5	8.5	59.114	1027.536	10.04105	2.03	5.1	33.314	5.5645E-8	1	0	2.08022
1239	-58.5	9.5	59.266	1027.343	10.03064	2.03	5.1	33.466	5.5534E-8	1	0	2.07626
1240	-58.5	10.5	59.435	1027.136	10.01951	2.03	5.1	33.635	5.5416E-8	1	0	2.07187
1241	-58.5	11.5	59.62	1026.917	10.00778	2.03	5.1	33.82	5.5291E-8	1	0	2.06705
1242	-58.5	12.5	59.821	1026.69	9.99559	2.03	5.1	34.021	5.5162E-8	1	0	2.06178
1243	-58.5	13.5	60.037	1026.457	9.98306	2.03	5.1	34.237	5.5029E-8	1	0	2.05608
1244	-58.5	14.5	60.27	1026.22	9.97035	2.03	5.1	34.47	5.4894E-8	1	0	2.04995
1245	-58.5	15.5	60.519	1025.982	9.95757	2.03	5.1	34.719	5.4759E-8	1	0	2.04339
1246	-58.5	16.5	60.782	1025.745	9.94489	2.03	5.1	34.982	5.4625E-8	1	0	2.03641
1247	-58.5	17.5	61.061	1025.512	9.93243	2.03	5.1	35.261	5.4494E-8	1	0	2.02901
1248	-58.5	18.5	61.356	1025.286	9.92033	2.03	5.1	35.556	5.4366E-8	1	0	2.0212
1249	-58.5	19.5	61.664	1025.069	9.90872	2.03	5.1	35.864	5.4244E-8	1	0	2.01298
1250	-58.5	20.5	61.988	1024.863	9.89773	2.03	5.1	36.188	5.4129E-8	1	0	2.00437
1251	-58.5	21.5	62.326	1024.671	9.88748	2.03	5.1	36.526	5.4021E-8	1	0	1.99538
1252	-58.5	22.5	62.678	1024.495	9.87807	2.03	5.1	36.878	5.3922E-8	1	0	1.98601
1253	-58.5	23.5	63.044	1024.337	9.8696	2.03	5.1	37.244	5.3833E-8	1	0	1.97628
1254	-58.5	24.5	63.423	1024.197	9.86217	2.03	5.1	37.623	5.3756E-8	1	0	1.9662
1255	-58.5	25.5	63.816	1024.079	9.85586	2.03	5.1	38.016	5.3689E-8	1	0	1.9558
1256	-58.5	26.5	64.222	1023.983	9.85072	2.03	5.1	38.422	5.3636E-8	1	0	1.94509
1257	-58.5	27.5	64.641	1023.909	9.84682	2.03	5.1	38.841	5.3595E-8	1	0	1.93409
1258	-58.5	28.5	65.073	1023.86	9.8442	2.03	5.1	39.273	5.3567E-8	1	0	1.92282
1259	-58.5	29.5	65.517	1023.836	9.84289	2.03	5.1	39.717	5.3554E-8	1	0	1.9113
1260	-57.5	-29.5	64.626	1031.236	9.82956	2.03	5.1	38.826	5.3242E-8	1	0	1.94505
1261	-57.5	-28.5	64.176	1031.262	9.83101	2.03	5.1	38.376	5.3257E-8	1	0	1.95741
1262	-57.5	-27.5	63.738	1031.315	9.83392	2.03	5.1	37.938	5.3287E-8	1	0	1.9695
1263	-57.5	-26.5	63.313	1031.394	9.83825	2.03	5.1	37.513	5.3332E-8	1	0	1.98131
1264	-57.5	-25.5	62.901	1031.498	9.84394	2.03	5.1	37.101	5.3392E-8	1	0	1.9928
1265	-57.5	-24.5	62.502	1031.626	9.85095	2.03	5.1	36.702	5.3465E-8	1	0	2.00395
1266	-57.5	-23.5	62.117	1031.777	9.8592	2.03	5.1	36.317	5.3551E-8	1	0	2.01475
1267	-57.5	-22.5	61.745	1031.948	9.86859	2.03	5.1	35.945	5.3649E-8	1	0	2.02518
1268	-57.5	-21.5	61.388	1032.138	9.87903	2.03	5.1	35.588	5.3759E-8	1	0	2.03522
1269	-57.5	-20.5	61.045	1032.345	9.89042	2.03	5.1	35.245	5.3878E-8	1	0	2.04486
1270	-57.5	-19.5	60.717	1032.567	9.90262	2.03	5.1	34.917	5.4006E-8	1	0	2.05409
1271	-57.5	-18.5	60.403	1032.802	9.9155	2.03	5.1	34.603	5.4141E-8	1	0	2.06288
1272	-57.5	-17.5	60.104	1033.046	9.92894	2.03	5.1	34.304	5.4282E-8	1	0	2.07125
1273	-57.5	-16.5	59.821	1033.297	9.94277	2.03	5.1	34.021	5.4428E-8	1	0	2.07917
1274	-57.5	-15.5	59.552	1033.553	9.95686	2.03	5.1	33.752	5.4576E-8	1	0	2.08664
1275	-57.5	-14.5	59.3	1033.81	9.97105	2.03	5.1	33.5	5.4726E-8	1	0	2.09365
1276	-57.5	-13.5	59.064	1034.067	9.98518	2.03	5.1	33.264	5.4875E-8	1	0	2.10021
1277	-57.5	-12.5	58.843	1034.319	9.9991	2.03	5.1	33.043	5.5022E-8	1	0	2.1063
1278	-57.5	-11.5	58.639	1034.564	10.01265	2.03	5.1	32.839	5.5166E-8	1	0	2.11193
1279	-57.5	-10.5	58.451	1034.8	10.02569	2.03	5.1	32.651	5.5304E-8	1	0	2.11709
1280	-57.5	-9.5	58.279	1035.024	10.03806	2.03	5.1	32.479	5.5435E-8	1	0	2.12178
1281	-57.5	-8.5	58.125	1035.233	10.04963	2.03	5.1	32.325	5.5558E-8	1	0	2.126
1282	-57.5	-7.5	57.987	1035.425	10.06028	2.03	5.1	32.187	5.5672E-8	1	0	2.12975
1283	-57.5	-6.5	57.866	1035.598	10.06987	2.03	5.1	32.066	5.5774E-8	1	0	2.13303
1284	-57.5	-5.5	57.762	1035.751	10.0783	2.03	5.1	31.962	5.5864E-8	1	0	2.13584
1285	-57.5	-4.5	57.676	1035.88	10.08548	2.03	5.1	31.876	5.594E-8	1	0	2.13818
1286	-57.5	-3.5	57.606	1035.986	10.09133	2.03	5.1	31.806	5.6002E-8	1	0	2.14005
1287	-57.5	-2.5	57.554	1036.066	10.09577	2.03	5.1	31.754	5.605E-8	1	0	2.14146
1288	-57.5	-1.5	57.52	1036.12	10.09876	2.03	5.1	31.72	5.6082E-8	1	0	2.14239
1289	-57.5	-0.5	57.502	1036.147	10.10027	2.03	5.1	31.702	5.6098E-8	1	0	2.14286
1290	-57.5	0.5	57.502	1036.147	10.10027	2.03	5.1	31.702	5.6098E-8	1	0	2.14286
1291	-57.5	1.5	57.52	1036.12	10.09876	2.03	5.1	31.72	5.6082E-8	1	0	2.14239
1292	-57.5	2.5	57.554	1036.066	10.09577	2.03	5.1	31.754	5.605E-8	1	0	2.14146
1293	-57.5	3.5	57.606	1035.986	10.09133	2.03	5.1	31.806	5.6002E-8	1	0	2.14005
1294	-57.5	4.5	57.676	1035.88	10.08548	2.03	5.1	31.876	5.594E-8	1	0	2.13818
1295	-57.5	5.5	57.762	1035.751	10.0783	2.03	5.1	31.962	5.5864E-8	1	0	2.13584
1296	-57.5	6.5	57.866	1035.598	10.06987	2.03	5.1	32.066	5.5774E-8	1	0	2.13303
1297	-57.5	7.5	57.987	1035.425	10.06028	2.03	5.1	32.187	5.5672E-8	1	0	2.12975
1298	-57.5	8.5	58.125	1035.233	10.04963	2.03	5.1	32.325	5.5558E-8	1	0	2.126
1299	-57.5	9.5	58.279	1035.024	10.03806	2.03	5.1	32.479	5.5435E-8	1	0	2.12178
1300	-57.5	10.5	58.451	1034.8	10.02569	2.03	5.1	32.651	5.5304E-8	1	0	2.11709
1301	-57.5	11.5	58.639	1034.564	10.01265	2.03	5.1	32.839	5.5166E-8	1	0	2.11193
1302	-57.5	12.5	58.843	1034.319	9.9991	2.03	5.1	33.043	5.5022E-8	1	0	2.1063
1303	-57.5	13.5	59.064	1034.067	9.98518	2.03	5.1	33.264	5.4875E-8	1	0	2.10021
1304	-57.5	14.5	59.3	1033.81	9.97105	2.03	5.1	33.5	5.4726E-8	1	0	2.09365
1305	-57.5	15.5	59.552	1033.553	9.95686	2.03	5.1	33.752	5.4576E-8	1	0	2.08664
1306	-57.5	16.5	59.821	1033.297	9.94277	2.03	5.1	34.021	5.4428E-8	1	0	2.07917
1307	-57.5	17.5	60.104	1033.046	9.92894	2.03	5.1	34.304	5.4282E-8	1	0	2.07125
1308	-57.5	18.5	60.403	1032.802	9.9155	2.03	5.1	34.603	5.4141E-8	1	0	2.06288
1309	-57.5	19.5	60.717	1032.567	9.90262	2.03	5.1	34.917	5.4006E-8	1	0	2.05409
1310	-57.5	20.5	61.045	1032.345	9.89042	2.03	5.1	35.245	5.3878E-8	1	0	2.04486
1311	-57.5	21.5	61.388	1032.138	9.87903	2.03	5.1	35.588	5.3759E-8	1	0	2.03522
1312	-57.5	22.5	61.745	1031.948	9.86859	2.03	5.1	35.945	5.3649E-8	1	0	2.02518
1313	-57.5	23.5	62.117	1031.777	9.8592	2.03	5.1	36.317	5.3551E-8	1	0	2.01475
1314	-57.5	24.5	62.502	1031.626	9.85095	2.03	5.1	36.702	5.3465E-8	1	0	2.00395
1315	-57.5	25.5	62.901	1031.498	9.84394	2.03	5.1	37.101	5.3392E-8	1	0	1.9928
1316	-57.5	26.5	63.313	1031.394	9.83825	2.03	5.1	37.513	5.3332E-8	1	0	1.98131
1317	-57.5	27.5	63.738	1031.315	9.83392	2.03	5.1	37.938	5.3287E-8	1	0	1.9695
1318	-57.5	28.5	64.176	1031.262	9.83101	2.03	5.1	38.376	5.3257E-8	1	0	1.95741
1319	-57.5	29.5	64.626	1031.236	9.82956	2.03	5.1	38.826	5.3242E-8	1	0	1.94505
1320	-56.5	-29.5	63.738	1038.364	9.81479	2.03	5.1	37.938	5.2922E-8	1	0	1.98025
1321	-56.5	-28.5	63.281	1038.392	9.8164	2.03	5.1	37.481	5.2938E-8	1	0	1.99353
1322	-56.5	-27.5	62.837	1038.45	9.81962	2.03	5.1	37.037	5.2972E-8	1	0	2.00652
1323	-56.5	-26.5	62.406	1038.535	9.82442	2.03	5.1	36.606	5.3022E-8	1	0	2.0192
1324	-56.5	-25.5	61.988	1038.647	9.83074	2.03	5.1	36.188	5.3087E-8	1	0	2.03154
1325	-56.5	-24.5	61.583	1038.785	9.83851	2.03	5.1	35.783	5.3168E-8	1	0	2.04352
1326	-56.5	-23.5	61.192	1038.947	9.84766	2.03	5.1	35.392	5.3264E-8	1	0	2.05511
1327	-56.5	-22.5	60.815	1039.132	9.85808	2.03	5.1	35.015	5.3372E-8	1	0	2.06631
1328	-56.5	-21.5	60.452	1039.337	9.86967	2.03	5.1	34.652	5.3493E-8	1	0	2.07708
1329	-56.5	-20.5	60.104	1039.561	9.8823	2.03	5.1	34.304	5.3625E-8	1	0	2.08742
1330	-56.5	-19.5	59.77	1039.801	9.89584	2.03	5.1	33.97	5.3766E-8	1	0	2.09731
1331	-56.5	-18.5	59.452	1040.054	9.91015	2.03	5.1	33.652	5.3916E-8	1	0	2.10675
1332	-56.5	-17.5	59.148	1040.317	9.92506	2.03	5.1	33.348	5.4073E-8	1	0	2.11571
1333	-56.5	-16.5	58.86	1040.588	9.94043	2.03	5.1	33.06	5.4234E-8	1	0	2.1242
1334	-56.5	-15.5	58.588	1040.864	9.95607	2.03	5.1	32.788	5.4398E-8	1	0	2.1322
1335	-56.5	-14.5	58.331	1041.142	9.97183	2.03	5.1	32.531	5.4564E-8	1	0	2.13972
1336	-56.5	-13.5	58.09	1041.419	9.98753	2.03	5.1	32.29	5.473E-8	1	0	2.14673
1337	-56.5	-12.5	57.866	1041.691	10.00299	2.03	5.1	32.066	5.4893E-8	1	0	2.15325
1338	-56.5	-11.5	57.658	1041.956	10.01805	2.03	5.1	31.858	5.5052E-8	1	0	2.15928
1339	-56.5	-10.5	57.467	1042.211	10.03254	2.03	5.1	31.667	5.5206E-8	1	0	2.1648
1340	-56.5	-9.5	57.293	1042.452	10.0463	2.03	5.1	31.493	5.5351E-8	1	0	2.16981
1341	-56.5	-8.5	57.136	1042.678	10.05916	2.03	5.1	31.336	5.5488E-8	1	0	2.17433
1342	-56.5	-7.5	56.996	1042.886	10.071	2.03	5.1	31.196	5.5614E-8	1	0	2.17834
1343	-56.5	-6.5	56.873	1043.073	10.08167	2.03	5.1	31.073	5.5727E-8	1	0	2.18184
1344	-56.5	-5.5	56.767	1043.237	10.09105	2.03	5.1	30.967	5.5827E-8	1	0	2.18485
1345	-56.5	-4.5	56.679	1043.377	10.09903	2.03	5.1	30.879	5.5912E-8	1	0	2.18735
1346	-56.5	-3.5	56.608	1043.491	10.10554	2.03	5.1	30.808	5.5981E-8	1	0	2.18935
1347	-56.5	-2.5	56.555	1043.577	10.11048	2.03	5.1	30.755	5.6034E-8	1	0	2.19085
1348	-56.5	-1.5	56.52	1043.636	10.1138	2.03	5.1	30.72	5.6069E-8	1	0	2.19185
1349	-56.5	-0.5	56.502	1043.665	10.11548	2.03	5.1	30.702	5.6087E-8	1	0	2.19235
1350	-56.5	0.5	56.502	1043.665	10.11548	2.03	5.1	30.702	5.6087E-8	1	0	2.19235
1351	-56.5	1.5	56.52	1043.636	10.1138	2.03	5.1	30.72	5.6069E-8	1	0	2.19185
1352	-56.5	2.5	56.555	1043.577	10.11048	2.03	5.1	30.755	5.6034E-8	1	0	2.19085
1353	-56.5	3.5	56.608	1043.491	10.10554	2.03	5.1	30.808	5.5981E-8	1	0	2.18935
1354	-56.5	4.5	56.679	1043.377	10.09903	2.03	5.1	30.879	5.5912E-8	1	0	2.18735
1355	-56.5	5.5	56.767	1043.237	10.09105	2.03	5.1	30.967	5.5827E-8	1	0	2.18485
1356	-56.5	6.5	56.873	1043.073	10.08167	2.03	5.1	31.073	5.5727E-8	1	0	2.18184
1357	-56.5	7.5	56.996	1042.886	10.071	2.03	5.1	31.196	5.5614E-8	1	0	2.17834
1358	-56.5	8.5	57.136	1042.678	10.05916	2.03	5.1	31.336	5.5488E-8	1	0	2.17433
1359	-56.5	9.5	57.293	1042.452	10.0463	2.03	5.1	31.493	5.5351E-8	1	0	2.16981
1360	-56.5	10.5	57.467	1042.211	10.03254	2.03	5.1	31.667	5.5206E-8	1	0	2.1648
1361	-56.5	11.5	57.658	1041.956	10.01805	2.03	5.1	31.858	5.5052E-8	1	0	2.15928
1362	-56.5	12.5	57.866	1041.691	10.00299	2.03	5.1	32.066	5.4893E-8	1	0	2.15325
1363	-56.5	13.5	58.09	1041.419	9.98753	2.03	5.1	32.29	5.473E-8	1	0	2.14673
1364	-56.5	14.5	58.331	1041.142	9.97183	2.03	5.1	32.531	5.4564E-8	1	0	2.13972
1365	-56.5	15.5	58.588	1040.864	9.95607	2.03	5.1	32.788	5.4398E-8	1	0	2.1322
1366	-56.5	16.5	58.86	1040.588	9.94043	2.03	5.1	33.06	5.4234E-8	1	0	2.1242
1367	-56.5	17.5	59.148	1040.317	9.92506	2.03	5.1	33.348	5.4073E-8	1	0	2.11571
1368	-56.5	18.5	59.452	1040.054	9.91015	2.03	5.1	33.652	5.3916E-8	1	0	2.10675
1369	-56.5	19.5	59.77	1039.801	9.89584	2.03	5.1	33.97	5.3766E-8	1	0	2.09731
1370	-56.5	20.5	60.104	1039.561	9.8823	2.03	5.1	34.304	5.3625E-8	1	0	2.08742
1371	-56.5	21.5	60.452	1039.337	9.86967	2.03	5.1	34.652	5.3493E-8	1	0	2.07708
1372	-56.5	22.5	60.815	1039.132	9.85808	2.03	5.1	35.015	5.3372E-8	1	0	2.06631
1373	-56.5	23.5	61.192	1038.947	9.84766	2.03	5.1	35.392	5.3264E-8	1	0	2.05511
1374	-56.5	24.5	61.583	1038.785	9.83851	2.03	5.1	35.783	5.3168E-8	1	0	2.04352
1375	-56.5	25.5	61.988	1038.647	9.83074	2.03	5.1	36.188	5.3087E-8	1	0	2.03154
1376	-56.5	26.5	62.406	1038.535	9.82442	2.03	5.1	36.606	5.3022E-8	1	0	2.0192
1377	-56.5	27.5	62.837	1038.45	9.81962	2.03	5.1	37.037	5.2972E-8	1	0	2.00652
1378	-56.5	28.5	63.281	1038.392	9.8164	2.03	5.1	37.481	5.2938E-8	1	0	1.99353
1379	-56.5	29.5	63.738	1038.364	9.81479	2.03	5.1	37.938	5.2922E-8	1	0	1.98025
1380	-55.5	-29.5	62.853	1045.221	9.79842	2.03	5.1	37.053	5.2592E-8	1	0	2.01705
1381	-55.5	-28.5	62.39	1045.252	9.8002	2.03	5.1	36.59	5.261E-8	1	0	2.03134
1382	-55.5	-27.5	61.939	1045.314	9.80378	2.03	5.1	36.139	5.2647E-8	1	0	2.04531
1383	-55.5	-26.5	61.502	1045.406	9.8091	2.03	5.1	35.702	5.2702E-8	1	0	2.05894
1384	-55.5	-25.5	61.078	1045.527	9.81611	2.03	5.1	35.278	5.2775E-8	1	0	2.07221
1385	-55.5	-24.5	60.667	1045.675	9.82473	2.03	5.1	34.867	5.2864E-8	1	0	2.08509
1386	-55.5	-23.5	60.27	1045.85	9.83487	2.03	5.1	34.47	5.2969E-8	1	0	2.09755
1387	-55.5	-22.5	59.887	1046.05	9.84643	2.03	5.1	34.087	5.3089E-8	1	0	2.10958
1388	-55.5	-21.5	59.519	1046.271	9.85929	2.03	5.1	33.719	5.3223E-8	1	0	2.12116
1389	-55.5	-20.5	59.165	1046.512	9.8733	2.03	5.1	33.365	5.3369E-8	1	0	2.13226
1390	-55.5	-19.5	58.826	1046.77	9.88833	2.03	5.1	33.026	5.3526E-8	1	0	2.14289
1391	-55.5	-18.5	58.502	1047.043	9.90421	2.03	5.1	32.702	5.3692E-8	1	0	2.15301
1392	-55.5	-17.5	58.194	1047.327	9.92076	2.03	5.1	32.394	5.3865E-8	1	0	2.16264
1393	-55.5	-16.5	57.901	1047.62	9.93782	2.03	5.1	32.101	5.4043E-8	1	0	2.17174
1394	-55.5	-15.5	57.624	1047.918	9.9552	2.03	5.1	31.824	5.4226E-8	1	0	2.18033
1395	-55.5	-14.5	57.363	1048.217	9.9727	2.03	5.1	31.563	5.4409E-8	1	0	2.18839
1396	-55.5	-13.5	57.118	1048.516	9.99014	2.03	5.1	31.318	5.4593E-8	1	0	2.19591
1397	-55.5	-12.5	56.89	1048.809	10.00732	2.03	5.1	31.09	5.4774E-8	1	0	2.2029
1398	-55.5	-11.5	56.679	1049.095	10.02405	2.03	5.1	30.879	5.4951E-8	1	0	2.20935
1399	-55.5	-10.5	56.485	1049.37	10.04016	2.03	5.1	30.685	5.5121E-8	1	0	2.21527
1400	-55.5	-9.5	56.307	1049.631	10.05545	2.03	5.1	30.507	5.5283E-8	1	0	2.22064
1401	-55.5	-8.5	56.147	1049.874	10.06975	2.03	5.1	30.347	5.5434E-8	1	0	2.22548
1402	-55.5	-7.5	56.004	1050.098	10.08291	2.03	5.1	30.204	5.5574E-8	1	0	2.22977
1403	-55.5	-6.5	55.879	1050.3	10.09478	2.03	5.1	30.079	5.57E-8	1	0	2.23353
1404	-55.5	-5.5	55.772	1050.478	10.10521	2.03	5.1	29.972	5.5811E-8	1	0	2.23674
1405	-55.5	-4.5	55.682	1050.629	10.11409	2.03	5.1	29.882	5.5906E-8	1	0	2.23942
1406	-55.5	-3.5	55.61	1050.752	10.12133	2.03	5.1	29.81	5.5983E-8	1	0	2.24156
1407	-55.5	-2.5	55.556	1050.845	10.12682	2.03	5.1	29.756	5.6041E-8	1	0	2.24317
1408	-55.5	-1.5	55.52	1050.908	10.13053	2.03	5.1	29.72	5.6081E-8	1	0	2.24424
1409	-55.5	-0.5	55.502	1050.939	10.13239	2.03	5.1	29.702	5.6101E-8	1	0	2.24478
1410	-55.5	0.5	55.502	1050.939	10.13239	2.03	5.1	29.702	5.6101E-8	1	0	2.24478
1411	-55.5	1.5	55.52	1050.908	10.13053	2.03	5.1	29.72	5.6081E-8	1	0	2.24424
1412	-55.5	2.5	55.556	1050.845	10.12682	2.03	5.1	29.756	5.6041E-8	1	0	2.24317
1413	-55.5	3.5	55.61	1050.752	10.12133	2.03	5.1	29.81	5.5983E-8	1	0	2.24156
1414	-55.5	4.5	55.682	1050.629	10.11409	2.03	5.1	29.882	5.5906E-8	1	0	2.23942
1415	-55.5	5.5	55.772	1050.478	10.10521	2.03	5.1	29.972	5.5811E-8	1	0	2.23674
1416	-55.5	6.5	55.879	1050.3	10.09478	2.03	5.1	30.079	5.57E-8	1	0	2.23353
1417	-55.5	7.5	56.004	1050.098	10.08291	2.03	5.1	30.204	5.5574E-8	1	0	2.22977
1418	-55.5	8.5	56.147	1049.874	10.06975	2.03	5.1	30.347	5.5434E-8	1	0	2.22548
1419	-55.5	9.5	56.307	1049.631	10.05545	2.03	5.1	30.507	5.5283E-8	1	0	2.22064
1420	-55.5	10.5	56.485	1049.37	10.04016	2.03	5.1	30.685	5.5121E-8	1	0	2.21527
1421	-55.5	11.5	56.679	1049.095	10.02405	2.03	5.1	30.879	5.4951E-8	1	0	2.20935
1422	-55.5	12.5	56.89	1048.809	10.00732	2.03	5.1	31.09	5.4774E-8	1	0	2.2029
1423	-55.5	13.5	57.118	1048.516	9.99014	2.03	5.1	31.318	5.4593E-8	1	0	2.19591
1424	-55.5	14.5	57.363	1048.217	9.9727	2.03	5.1	31.563	5.4409E-8	1	0	2.18839
1425	-55.5	15.5	57.624	1047.918	9.9552	2.03	5.1	31.824	5.4226E-8	1	0	2.18033
1426	-55.5	16.5	57.901	1047.62	9.93782	2.03	5.1	32.101	5.4043E-8	1	0	2.17174
1427	-55.5	17.5	58.194	1047.327	9.92076	2.03	5.1	32.394	5.3865E-8	1	0	2.16264
1428	-55.5	18.5	58.502	1047.043	9.90421	2.03	5.1	32.702	5.3692E-8	1	0	2.15301
1429	-55.5	19.5	58.826	1046.77	9.88833	2.03	5.1	33.026	5.3526E-8	1	0	2.14289
1430	-55.5	20.5	59.165	1046.512	9.8733	2.03	5.1	33.365	5.3369E-8	1	0	2.13226
1431	-55.5	21.5	59.519	1046.271	9.85929	2.03	5.1	33.719	5.3223E-8	1	0	2.12116
1432	-55.5	22.5	59.887	1046.05	9.84643	2.03	5.1	34.087	5.3089E-8	1	0	2.10958
1433	-55.5	23.5	60.27	1045.85	9.83487	2.03	5.1	34.47	5.2969E-8	1	0	2.09755
1434	-55.5	24.5	60.667	1045.675	9.82473	2.03	5.1	34.867	5.2864E-8	1	0	2.08509
1435	-55.5	25.5	61.078	1045.527	9.81611	2.03	5.1	35.278	5.2775E-8	1	0	2.07221
1436	-55.5	26.5	61.502	1045.406	9.8091	2.03	5.1	35.702	5.2702E-8	1	0	2.05894
1437	-55.5	27.5	61.939	1045.314	9.80378	2.03	5.1	36.139	5.2647E-8	1	0	2.04531
1438	-55.5	28.5	62.39	1045.252	9.8002	2.03	5.1	36.59	5.261E-8	1	0	2.03134
1439	-55.5	29.5	62.853	1045.221	9.79842	2.03	5.1	37.053	5.2592E-8	1	0	2.01705
1440	-54.5	-29.5	61.972	1051.81	9.78028	2.03	5.1	36.172	5.225E-8	1	0	2.05561
1441	-54.5	-28.5	61.502	1051.844	9.78226	2.03	5.1	35.702	5.227E-8	1	0	2.07099
1442	-54.5	-27.5	61.045	1051.91	9.78623	2.03	5.1	35.245	5.2311E-8	1	0	2.08604
1443	-54.5	-26.5	60.601	1052.009	9.79212	2.03	5.1	34.801	5.2372E-8	1	0	2.10072
1444	-54.5	-25.5	60.171	1052.139	9.79989	2.03	5.1	34.371	5.2452E-8	1	0	2.11501
1445	-54.5	-24.5	59.754	1052.299	9.80945	2.03	5.1	33.954	5.2551E-8	1	0	2.12887
1446	-54.5	-23.5	59.351	1052.488	9.8207	2.03	5.1	33.551	5.2667E-8	1	0	2.14228
1447	-54.5	-22.5	58.962	1052.702	9.83352	2.03	5.1	33.162	5.28E-8	1	0	2.15523
1448	-54.5	-21.5	58.588	1052.941	9.84778	2.03	5.1	32.788	5.2948E-8	1	0	2.16768
1449	-54.5	-20.5	58.228	1053.201	9.86332	2.03	5.1	32.428	5.3109E-8	1	0	2.17963
1450	-54.5	-19.5	57.884	1053.479	9.88	2.03	5.1	32.084	5.3283E-8	1	0	2.19105
1451	-54.5	-18.5	57.554	1053.773	9.89762	2.03	5.1	31.754	5.3466E-8	1	0	2.20194
1452	-54.5	-17.5	57.241	1054.079	9.91599	2.03	5.1	31.441	5.3658E-8	1	0	2.21228
1453	-54.5	-16.5	56.943	1054.395	9.93493	2.03	5.1	31.143	5.3856E-8	1	0	2.22207
1454	-54.5	-15.5	56.661	1054.715	9.95422	2.03	5.1	30.861	5.4058E-8	1	0	2.23129
1455	-54.5	-14.5	56.396	1055.038	9.97366	2.03	5.1	30.596	5.4262E-8	1	0	2.23994
1456	-54.5	-13.5	56.147	1055.36	9.99303	2.03	5.1	30.347	5.4465E-8	1	0	2.24802
1457	-54.5	-12.5	55.915	1055.676	10.01212	2.03	5.1	30.115	5.4666E-8	1	0	2.25553
1458	-54.5	-11.5	55.7	1055.985	10.03072	2.03	5.1	29.9	5.4862E-8	1	0	2.26245
1459	-54.5	-10.5	55.502	1056.281	10.04862	2.03	5.1	29.702	5.5051E-8	1	0	2.2688
1460	-54.5	-9.5	55.322	1056.562	10.06561	2.03	5.1	29.522	5.5231E-8	1	0	2.27457
1461	-54.5	-8.5	55.159	1056.824	10.08152	2.03	5.1	29.359	5.5399E-8	1	0	2.27975
1462	-54.5	-7.5	55.014	1057.066	10.09615	2.03	5.1	29.214	5.5554E-8	1	0	2.28436
1463	-54.5	-6.5	54.886	1057.284	10.10935	2.03	5.1	29.086	5.5694E-8	1	0	2.28839
1464	-54.5	-5.5	54.777	1057.475	10.12095	2.03	5.1	28.977	5.5818E-8	1	0	2.29184
1465	-54.5	-4.5	54.685	1057.638	10.13083	2.03	5.1	28.885	5.5923E-8	1	0	2.29471
1466	-54.5	-3.5	54.612	1057.77	10.13888	2.03	5.1	28.812	5.6009E-8	1	0	2.29701
1467	-54.5	-2.5	54.557	1057.871	10.145	2.03	5.1	28.757	5.6074E-8	1	0	2.29873
1468	-54.5	-1.5	54.521	1057.939	10.14912	2.03	5.1	28.721	5.6118E-8	1	0	2.29988
1469	-54.5	-0.5	54.502	1057.973	10.15119	2.03	5.1	28.702	5.614E-8	1	0	2.30045
1470	-54.5	0.5	54.502	1057.973	10.15119	2.03	5.1	28.702	5.614E-8	1	0	2.30045
1471	-54.5	1.5	54.521	1057.939	10.14912	2.03	5.1	28.721	5.6118E-8	1	0	2.29988
1472	-54.5	2.5	54.557	1057.871	10.145	2.03	5.1	28.757	5.6074E-8	1	0	2.29873
1473	-54.5	3.5	54.612	1057.77	10.13888	2.03	5.1	28.812	5.6009E-8	1	0	2.29701
1474	-54.5	4.5	54.685	1057.638	10.13083	2.03	5.1	28.885	5.5923E-8	1	0	2.29471
1475	-54.5	5.5	54.777	1057.475	10.12095	2.03	5.1	28.977	5.5818E-8	1	0	2.29184
1476	-54.5	6.5	54.886	1057.284	10.10935	2.03	5.1	29.086	5.5694E-8	1	0	2.28839
1477	-54.5	7.5	55.014	1057.066	10.09615	2.03	5.1	29.214	5.5554E-8	1	0	2.28436
1478	-54.5	8.5	55.159	1056.824	10.08152	2.03	5.1	29.359	5.5399E-8	1	0	2.27975
1479	-54.5	9.5	55.322	1056.562	10.06561	2.03	5.1	29.522	5.5231E-8	1	0	2.27457
1480	-54.5	10.5	55.502	1056.281	10.04862	2.03	5.1	29.702	5.5051E-8	1	0	2.2688
1481	-54.5	11.5	55.7	1055.985	10.03072	2.03	5.1	29.9	5.4862E-8	1	0	2.26245
1482	-54.5	12.5	55.915	1055.676	10.01212	2.03	5.1	30.115	5.4666E-8	1	0	2.25553
1483	-54.5	13.5	56.147	1055.36	9.99303	2.03	5.1	30.347	5.4465E-8	1	0	2.24802
1484	-54.5	14.5	56.396	1055.038	9.97366	2.03	5.1	30.596	5.4262E-8	1	0	2.23994
1485	-54.5	15.5	56.661	1054.715	9.95422	2.03	5.1	30.861	5.4058E-8	1	0	2.23129
1486	-54.5	16.5	56.943	1054.395	9.93493	2.03	5.1	31.143	5.3856E-8	1	0	2.22207
1487	-54.5	17.5	57.241	1054.079	9.91599	2.03	5.1	31.441	5.3658E-8	1	0	2.21228
1488	-54.5	18.5	57.554	1053.773	9.89762	2.03	5.1	31.754	5.3466E-8	1	0	2.20194
1489	-54.5	19.5	57.884	1053.479	9.88	2.03	5.1	32.084	5.3283E-8	1	0	2.19105
1490	-54.5	20.5	58.228	1053.201	9.86332	2.03	5.1	32.428	5.3109E-8	1	0	2.17963
1491	-54.5	21.5	58.588	1052.941	9.84778	2.03	5.1	32.788	5.2948E-8	1	0	2.16768
1492	-54.5	22.5	58.962	1052.702	9.83352	2.03	5.1	33.162	5.28E-8	1	0	2.15523
1493	-54.5	23.5	59.351	1052.488	9.8207	2.03	5.1	33.551	5.2667E-8	1	0	2.14228
1494	-54.5	24.5	59.754	1052.299	9.80945	2.03	5.1	33.954	5.2551E-8	1	0	2.12887
1495	-54.5	25.5	60.171	1052.139	9.79989	2.03	5.1	34.371	5.2452E-8	1	0	2.11501
1496	-54.5	26.5	60.601	1052.009	9.79212	2.03	5.1	34.801	5.2372E-8	1	0	2.10072
1497	-54.5	27.5	61.045	1051.91	9.78623	2.03	5.1	35.245	5.2311E-8	1	0	2.08604
1498	-54.5	28.5	61.502	1051.844	9.78226	2.03	5.1	35.702	5.227E-8	1	0	2.07099
1499	-54.5	29.5	61.972	1051.81	9.78028	2.03	5.1	36.172	5.225E-8	1	0	2.05561
1500	-53.5	-29.5	61.094	1058.132	9.76019	2.03	5.1	35.294	5.1895E-8	1	0	2.0961
1501	-53.5	-28.5	60.618	1058.168	9.76238	2.03	5.1	34.818	5.1917E-8	1	0	2.11269
1502	-53.5	-27.5	60.154	1058.24	9.76678	2.03	5.1	34.354	5.1963E-8	1	0	2.12892
1503	-53.5	-26.5	59.703	1058.346	9.77331	2.03	5.1	33.903	5.203E-8	1	0	2.14475
1504	-53.5	-25.5	59.266	1058.486	9.78192	2.03	5.1	33.466	5.2118E-8	1	0	2.16015
1505	-53.5	-24.5	58.843	1058.659	9.79252	2.03	5.1	33.043	5.2227E-8	1	0	2.17509
1506	-53.5	-23.5	58.434	1058.861	9.80499	2.03	5.1	32.634	5.2356E-8	1	0	2.18955
1507	-53.5	-22.5	58.039	1059.092	9.8192	2.03	5.1	32.239	5.2503E-8	1	0	2.20349
1508	-53.5	-21.5	57.658	1059.349	9.83502	2.03	5.1	31.858	5.2666E-8	1	0	2.21691
1509	-53.5	-20.5	57.293	1059.629	9.85226	2.03	5.1	31.493	5.2845E-8	1	0	2.22978
1510	-53.5	-19.5	56.943	1059.928	9.87076	2.03	5.1	31.143	5.3036E-8	1	0	2.24208
1511	-53.5	-18.5	56.608	1060.245	9.8903	2.03	5.1	30.808	5.3239E-8	1	0	2.2538
1512	-53.5	-17.5	56.289	1060.574	9.9107	2.03	5.1	30.489	5.3452E-8	1	0	2.26494
1513	-53.5	-16.5	55.987	1060.914	9.93172	2.03	5.1	30.187	5.3671E-8	1	0	2.27547
1514	-53.5	-15.5	55.7	1061.259	9.95314	2.03	5.1	29.9	5.3895E-8	1	0	2.28539
1515	-53.5	-14.5	55.43	1061.607	9.97473	2.03	5.1	29.63	5.4121E-8	1	0	2.2947
1516	-53.5	-13.5	55.177	1061.953	9.99624	2.03	5.1	29.377	5.4346E-8	1	0	2.30339
1517	-53.5	-12.5	54.941	1062.294	10.01745	2.03	5.1	29.141	5.4569E-8	1	0	2.31147
1518	-53.5	-11.5	54.722	1062.626	10.03812	2.03	5.1	28.922	5.4787E-8	1	0	2.31891
1519	-53.5	-10.5	54.521	1062.945	10.05801	2.03	5.1	28.721	5.4997E-8	1	0	2.32574
1520	-53.5	-9.5	54.337	1063.248	10.07691	2.03	5.1	28.537	5.5196E-8	1	0	2.33193
1521	-53.5	-8.5	54.171	1063.531	10.09459	2.03	5.1	28.371	5.5383E-8	1	0	2.33751
1522	-53.5	-7.5	54.023	1063.791	10.11087	2.03	5.1	28.223	5.5556E-8	1	0	2.34246
1523	-53.5	-6.5	53.893	1064.025	10.12554	2.03	5.1	28.093	5.5712E-8	1	0	2.34679
1524	-53.5	-5.5	53.782	1064.232	10.13846	2.03	5.1	27.982	5.5849E-8	1	0	2.3505
1525	-53.5	-4.5	53.689	1064.407	10.14945	2.03	5.1	27.889	5.5966E-8	1	0	2.35359
1526	-53.5	-3.5	53.614	1064.55	10.1584	2.03	5.1	27.814	5.6061E-8	1	0	2.35605
1527	-53.5	-2.5	53.558	1064.658	10.16521	2.03	5.1	27.758	5.6134E-8	1	0	2.3579
1528	-53.5	-1.5	53.521	1064.731	10.1698	2.03	5.1	27.721	5.6183E-8	1	0	2.35914
1529	-53.5	-0.5	53.502	1064.768	10.1721	2.03	5.1	27.702	5.6207E-8	1	0	2.35975
1530	-53.5	0.5	53.502	1064.768	10.1721	2.03	5.1	27.702	5.6207E-8	1	0	2.35975
1531	-53.5	1.5	53.521	1064.731	10.1698	2.03	5.1	27.721	5.6183E-8	1	0	2.35914
1532	-53.5	2.5	53.558	1064.658	10.16521	2.03	5.1	27.758	5.6134E-8	1	0	2.3579
1533	-53.5	3.5	53.614	1064.55	10.1584	2.03	5.1	27.814	5.6061E-8	1	0	2.35605
1534	-53.5	4.5	53.689	1064.407	10.14945	2.03	5.1	27.889	5.5966E-8	1	0	2.35359
1535	-53.5	5.5	53.782	1064.232	10.13846	2.03	5.1	27.982	5.5849E-8	1	0	2.3505
1536	-53.5	6.5	53.893	1064.025	10.12554	2.03	5.1	28.093	5.5712E-8	1	0	2.34679
1537	-53.5	7.5	54.023	1063.791	10.11087	2.03	5.1	28.223	5.5556E-8	1	0	2.34246
1538	-53.5	8.5	54.171	1063.531	10.09459	2.03	5.1	28.371	5.5383E-8	1	0	2.33751
1539	-53.5	9.5	54.337	1063.248	10.07691	2.03	5.1	28.537	5.5196E-8	1	0	2.33193
1540	-53.5	10.5	54.521	1062.945	10.05801	2.03	5.1	28.721	5.4997E-8	1	0	2.32574
1541	-53.5	11.5	54.722	1062.626	10.03812	2.03	5.1	28.922	5.4787E-8	1	0	2.31891
1542	-53.5	12.5	54.941	1062.294	10.01745	2.03	5.1	29.141	5.4569E-8	1	0	2.31147
1543	-53.5	13.5	55.177	1061.953	9.99624	2.03	5.1	29.377	5.4346E-8	1	0	2.30339
1544	-53.5	14.5	55.43	1061.607	9.97473	2.03	5.1	29.63	5.4121E-8	1	0	2.2947
1545	-53.5	15.5	55.7	1061.259	9.95314	2.03	5.1	29.9	5.3895E-8	1	0	2.28539
1546	-53.5	16.5	55.987	1060.914	9.93172	2.03	5.1	30.187	5.3671E-8	1	0	2.27547
1547	-53.5	17.5	56.289	1060.574	9.9107	2.03	5.1	30.489	5.3452E-8	1	0	2.26494
1548	-53.5	18.5	56.608	1060.245	9.8903	2.03	5.1	30.808	5.3239E-8	1	0	2.2538
1549	-53.5	19.5	56.943	1059.928	9.87076	2.03	5.1	31.143	5.3036E-8	1	0	2.24208
1550	-53.5	20.5	57.293	1059.629	9.85226	2.03	5.1	31.493	5.2845E-8	1	0	2.22978
1551	-53.5	21.5	57.658	1059.349	9.83502	2.03	5.1	31.858	5.2666E-8	1	0	2.21691
1552	-53.5	22.5	58.039	1059.092	9.8192	2.03	5.1	32.239	5.2503E-8	1	0	2.20349
1553	-53.5	23.5	58.434	1058.861	9.80499	2.03	5.1	32.634	5.2356E-8	1	0	2.18955
1554	-53.5	24.5	58.843	1058.659	9.79252	2.03	5.1	33.043	5.2227E-8	1	0	2.17509
1555	-53.5	25.5	59.266	1058.486	9.78192	2.03	5.1	33.466	5.2118E-8	1	0	2.16015
1556	-53.5	26.5	59.703	1058.346	9.77331	2.03	5.1	33.903	5.203E-8	1	0	2.14475
1557	-53.5	27.5	60.154	1058.24	9.76678	2.03	5.1	34.354	5.1963E-8	1	0	2.12892
1558	-53.5	28.5	60.618	1058.168	9.76238	2.03	5.1	34.818	5.1917E-8	1	0	2.11269
1559	-53.5	29.5	61.094	1058.132	9.76019	2.03	5.1	35.294	5.1895E-8	1	0	2.0961
1560	-52.5	-29.5	60.22	1064.189	9.73794	2.03	5.1	34.42	5.1524E-8	1	0	2.13873
1561	-52.5	-28.5	59.737	1064.228	9.74036	2.03	5.1	33.937	5.1549E-8	1	0	2.15665
1562	-52.5	-27.5	59.266	1064.305	9.74523	2.03	5.1	33.466	5.1599E-8	1	0	2.17416
1563	-52.5	-26.5	58.809	1064.419	9.75247	2.03	5.1	33.009	5.1673E-8	1	0	2.19125
1564	-52.5	-25.5	58.365	1064.57	9.76201	2.03	5.1	32.565	5.1771E-8	1	0	2.20788
1565	-52.5	-24.5	57.935	1064.755	9.77376	2.03	5.1	32.135	5.1892E-8	1	0	2.22401
1566	-52.5	-23.5	57.52	1064.973	9.78758	2.03	5.1	31.72	5.2034E-8	1	0	2.23961
1567	-52.5	-22.5	57.118	1065.221	9.80333	2.03	5.1	31.318	5.2196E-8	1	0	2.25466
1568	-52.5	-21.5	56.732	1065.497	9.82087	2.03	5.1	30.932	5.2376E-8	1	0	2.26914
1569	-52.5	-20.5	56.36	1065.798	9.83999	2.03	5.1	30.56	5.2574E-8	1	0	2.28302
1570	-52.5	-19.5	56.004	1066.12	9.86051	2.03	5.1	30.204	5.2786E-8	1	0	2.29629
1571	-52.5	-18.5	55.664	1066.461	9.88219	2.03	5.1	29.864	5.301E-8	1	0	2.30893
1572	-52.5	-17.5	55.34	1066.815	9.90483	2.03	5.1	29.54	5.3245E-8	1	0	2.32094
1573	-52.5	-16.5	55.032	1067.18	9.92816	2.03	5.1	29.232	5.3488E-8	1	0	2.33229
1574	-52.5	-15.5	54.74	1067.552	9.95194	2.03	5.1	28.94	5.3736E-8	1	0	2.34299
1575	-52.5	-14.5	54.466	1067.926	9.97591	2.03	5.1	28.666	5.3987E-8	1	0	2.35302
1576	-52.5	-13.5	54.208	1068.298	9.99981	2.03	5.1	28.408	5.4237E-8	1	0	2.36239
1577	-52.5	-12.5	53.968	1068.665	10.02338	2.03	5.1	28.168	5.4484E-8	1	0	2.37108
1578	-52.5	-11.5	53.745	1069.022	10.04634	2.03	5.1	27.945	5.4726E-8	1	0	2.3791
1579	-52.5	-10.5	53.54	1069.365	10.06846	2.03	5.1	27.74	5.4959E-8	1	0	2.38645
1580	-52.5	-9.5	53.353	1069.691	10.08946	2.03	5.1	27.553	5.5181E-8	1	0	2.39313
1581	-52.5	-8.5	53.184	1069.996	10.10913	2.03	5.1	27.384	5.5389E-8	1	0	2.39914
1582	-52.5	-7.5	53.033	1070.276	10.12723	2.03	5.1	27.233	5.5581E-8	1	0	2.40447
1583	-52.5	-6.5	52.901	1070.528	10.14356	2.03	5.1	27.101	5.5754E-8	1	0	2.40913
1584	-52.5	-5.5	52.787	1070.75	10.15792	2.03	5.1	26.987	5.5907E-8	1	0	2.41313
1585	-52.5	-4.5	52.693	1070.939	10.17016	2.03	5.1	26.893	5.6037E-8	1	0	2.41645
1586	-52.5	-3.5	52.617	1071.092	10.18012	2.03	5.1	26.817	5.6143E-8	1	0	2.41911
1587	-52.5	-2.5	52.559	1071.209	10.1877	2.03	5.1	26.759	5.6224E-8	1	0	2.4211
1588	-52.5	-1.5	52.521	1071.288	10.1928	2.03	5.1	26.721	5.6278E-8	1	0	2.42243
1589	-52.5	-0.5	52.502	1071.327	10.19536	2.03	5.1	26.702	5.6305E-8	1	0	2.42309
1590	-52.5	0.5	52.502	1071.327	10.19536	2.03	5.1	26.702	5.6305E-8	1	0	2.42309
1591	-52.5	1.5	52.521	1071.288	10.1928	2.03	5.1	26.721	5.6278E-8	1	0	2.42243
1592	-52.5	2.5	52.559	1071.209	10.1877	2.03	5.1	26.759	5.6224E-8	1	0	2.4211
1593	-52.5	3.5	52.617	1071.092	10.18012	2.03	5.1	26.817	5.6143E-8	1	0	2.41911
1594	-52.5	4.5	52.693	1070.939	10.17016	2.03	5.1	26.893	5.6037E-8	1	0	2.41645
1595	-52.5	5.5	52.787	1070.75	10.15792	2.03	5.1	26.987	5.5907E-8	1	0	2.41313
1596	-52.5	6.5	52.901	1070.528	10.14356	2.03	5.1	27.101	5.5754E-8	1	0	2.40913
1597	-52.5	7.5	53.033	1070.276	10.12723	2.03	5.1	27.233	5.5581E-8	1	0	2.40447
1598	-52.5	8.5	53.184	1069.996	10.10913	2.03	5.1	27.384	5.5389E-8	1	0	2.39914
1599	-52.5	9.5	53.353	1069.691	10.08946	2.03	5.1	27.553	5.5181E-8	1	0	2.39313
1600	-52.5	10.5	53.54	1069.365	10.06846	2.03	5.1	27.74	5.4959E-8	1	0	2.38645
1601	-52.5	11.5	53.745	1069.022	10.04634	2.03	5.1	27.945	5.4726E-8	1	0	2.3791
1602	-52.5	12.5	53.968	1068.665	10.02338	2.03	5.1	28.168	5.4484E-8	1	0	2.37108
1603	-52.5	13.5	54.208	1068.298	9.99981	2.03	5.1	28.408	5.4237E-8	1	0	2.36239
1604	-52.5	14.5	54.466	1067.926	9.97591	2.03	5.1	28.666	5.3987E-8	1	0	2.35302
1605	-52.5	15.5	54.74	1067.552	9.95194	2.03	5.1	28.94	5.3736E-8	1	0	2.34299
1606	-52.5	16.5	55.032	1067.18	9.92816	2.03	5.1	29.232	5.3488E-8	1	0	2.33229
1607	-52.5	17.5	55.34	1066.815	9.90483	2.03	5.1	29.54	5.3245E-8	1	0	2.32094
1608	-52.5	18.5	55.664	1066.461	9.88219	2.03	5.1	29.864	5.301E-8	1	0	2.30893
1609	-52.5	19.5	56.004	1066.12	9.86051	2.03	5.1	30.204	5.2786E-8	1	0	2.29629
1610	-52.5	20.5	56.36	1065.798	9.83999	2.03	5.1	30.56	5.2574E-8	1	0	2.28302
1611	-52.5	21.5	56.732	1065.497	9.82087	2.03	5.1	30.932	5.2376E-8	1	0	2.26914
1612	-52.5	22.5	57.118	1065.221	9.80333	2.03	5.1	31.318	5.2196E-8	1	0	2.25466
1613	-52.5	23.5	57.52	1064.973	9.78758	2.03	5.1	31.72	5.2034E-8	1	0	2.23961
1614	-52.5	24.5	57.935	1064.755	9.77376	2.03	5.1	32.135	5.1892E-8	1	0	2.22401
1615	-52.5	25.5	58.365	1064.57	9.76201	2.03	5.1	32.565	5.1771E-8	1	0	2.20788
1616	-52.5	26.5	58.809	1064.419	9.75247	2.03	5.1	33.009	5.1673E-8	1	0	2.19125
1617	-52.5	27.5	59.266	1064.305	9.74523	2.03	5.1	33.466	5.1599E-8	1	0	2.17416
1618	-52.5	28.5	59.737	1064.228	9.74036	2.03	5.1	33.937	5.1549E-8	1	0	2.15665
1619	-52.5	29.5	60.22	1064.189	9.73794	2.03	5.1	34.42	5.1524E-8	1	0	2.13873
1620	-51.5	-29.5	59.351	1069.983	9.71329	2.03	5.1	33.551	5.1136E-8	1	0	2.18372
1621	-51.5	-28.5	58.86	1070.024	9.71598	2.03	5.1	33.06	5.1164E-8	1	0	2.20309
1622	-51.5	-27.5	58.382	1070.107	9.72137	2.03	5.1	32.582	5.1219E-8	1	0	2.22203
1623	-51.5	-26.5	57.918	1070.23	9.72939	2.03	5.1	32.118	5.1301E-8	1	0	2.2405
1624	-51.5	-25.5	57.467	1070.391	9.73996	2.03	5.1	31.667	5.1408E-8	1	0	2.25848
1625	-51.5	-24.5	57.031	1070.59	9.75297	2.03	5.1	31.231	5.1541E-8	1	0	2.27591
1626	-51.5	-23.5	56.608	1070.825	9.76829	2.03	5.1	30.808	5.1698E-8	1	0	2.29278
1627	-51.5	-22.5	56.201	1071.091	9.78575	2.03	5.1	30.401	5.1877E-8	1	0	2.30905
1628	-51.5	-21.5	55.808	1071.388	9.80519	2.03	5.1	30.008	5.2077E-8	1	0	2.32469
1629	-51.5	-20.5	55.43	1071.711	9.82639	2.03	5.1	29.63	5.2295E-8	1	0	2.33969
1630	-51.5	-19.5	55.068	1072.057	9.84914	2.03	5.1	29.268	5.253E-8	1	0	2.35403
1631	-51.5	-18.5	54.722	1072.422	9.8732	2.03	5.1	28.922	5.2778E-8	1	0	2.36769
1632	-51.5	-17.5	54.392	1072.803	9.89831	2.03	5.1	28.592	5.3038E-8	1	0	2.38065
1633	-51.5	-16.5	54.079	1073.195	9.9242	2.03	5.1	28.279	5.3307E-8	1	0	2.39291
1634	-51.5	-15.5	53.782	1073.595	9.95061	2.03	5.1	27.982	5.3582E-8	1	0	2.40446
1635	-51.5	-14.5	53.502	1073.997	9.97723	2.03	5.1	27.702	5.386E-8	1	0	2.4153
1636	-51.5	-13.5	53.24	1074.397	10.00377	2.03	5.1	27.44	5.4137E-8	1	0	2.42541
1637	-51.5	-12.5	52.995	1074.791	10.02995	2.03	5.1	27.195	5.4412E-8	1	0	2.4348
1638	-51.5	-11.5	52.768	1075.175	10.05548	2.03	5.1	26.968	5.468E-8	1	0	2.44346
1639	-51.5	-10.5	52.559	1075.544	10.08006	2.03	5.1	26.759	5.4939E-8	1	0	2.45139
1640	-51.5	-9.5	52.369	1075.894	10.10342	2.03	5.1	26.569	5.5186E-8	1	0	2.4586
1641	-51.5	-8.5	52.197	1076.221	10.12529	2.03	5.1	26.397	5.5417E-8	1	0	2.46509
1642	-51.5	-7.5	52.043	1076.522	10.14543	2.03	5.1	26.243	5.563E-8	1	0	2.47084
1643	-51.5	-6.5	51.909	1076.794	10.16359	2.03	5.1	26.109	5.5823E-8	1	0	2.47588
1644	-51.5	-5.5	51.793	1077.032	10.17957	2.03	5.1	25.993	5.5993E-8	1	0	2.48019
1645	-51.5	-4.5	51.696	1077.235	10.19319	2.03	5.1	25.896	5.6138E-8	1	0	2.48378
1646	-51.5	-3.5	51.619	1077.4	10.20428	2.03	5.1	25.819	5.6256E-8	1	0	2.48665
1647	-51.5	-2.5	51.561	1077.526	10.21272	2.03	5.1	25.761	5.6346E-8	1	0	2.4888
1648	-51.5	-1.5	51.522	1077.61	10.2184	2.03	5.1	25.722	5.6407E-8	1	0	2.49024
1649	-51.5	-0.5	51.502	1077.653	10.22125	2.03	5.1	25.702	5.6438E-8	1	0	2.49095
1650	-51.5	0.5	51.502	1077.653	10.22125	2.03	5.1	25.702	5.6438E-8	1	0	2.49095
1651	-51.5	1.5	51.522	1077.61	10.2184	2.03	5.1	25.722	5.6407E-8	1	0	2.49024
1652	-51.5	2.5	51.561	1077.526	10.21272	2.03	5.1	25.761	5.6346E-8	1	0	2.4888
1653	-51.5	3.5	51.619	1077.4	10.20428	2.03	5.1	25.819	5.6256E-8	1	0	2.48665
1654	-51.5	4.5	51.696	1077.235	10.19319	2.03	5.1	25.896	5.6138E-8	1	0	2.48378
1655	-51.5	5.5	51.793	1077.032	10.17957	2.03	5.1	25.993	5.5993E-8	1	0	2.48019
1656	-51.5	6.5	51.909	1076.794	10.16359	2.03	5.1	26.109	5.5823E-8	1	0	2.47588
1657	-51.5	7.5	52.043	1076.522	10.14543	2.03	5.1	26.243	5.563E-8	1	0	2.47084
1658	-51.5	8.5	52.197	1076.221	10.12529	2.03	5.1	26.397	5.5417E-8	1	0	2.46509
1659	-51.5	9.5	52.369	1075.894	10.10342	2.03	5.1	26.569	5.5186E-8	1	0	2.4586
1660	-51.5	10.5	52.559	1075.544	10.08006	2.03	5.1	26.759	5.4939E-8	1	0	2.45139
1661	-51.5	11.5	52.768	1075.175	10.05548	2.03	5.1	26.968	5.468E-8	1	0	2.44346
1662	-51.5	12.5	52.995	1074.791	10.02995	2.03	5.1	27.195	5.4412E-8	1	0	2.4348
1663	-51.5	13.5	53.24	1074.397	10.00377	2.03	5.1	27.44	5.4137E-8	1	0	2.42541
1664	-51.5	14.5	53.502	1073.997	9.97723	2.03	5.1	27.702	5.386E-8	1	0	2.4153
1665	-51.5	15.5	53.782	1073.595	9.95061	2.03	5.1	27.982	5.3582E-8	1	0	2.40446
1666	-51.5	16.5	54.079	1073.195	9.9242	2.03	5.1	28.279	5.3307E-8	1	0	2.39291
1667	-51.5	17.5	54.392	1072.803	9.89831	2.03	5.1	28.592	5.3038E-8	1	0	2.38065
1668	-51.5	18.5	54.722	1072.422	9.8732	2.03	5.1	28.922	5.2778E-8	1	0	2.36769
1669	-51.5	19.5	55.068	1072.057	9.84914	2.03	5.1	29.268	5.253E-8	1	0	2.35403
1670	-51.5	20.5	55.43	1071.711	9.82639	2.03	5.1	29.63	5.2295E-8	1	0	2.33969
1671	-51.5	21.5	55.808	1071.388	9.80519	2.03	5.1	30.008	5.2077E-8	1	0	2.32469
1672	-51.5	22.5	56.201	1071.091	9.78575	2.03	5.1	30.401	5.1877E-8	1	0	2.30905
1673	-51.5	23.5	56.608	1070.825	9.76829	2.03	5.1	30.808	5.1698E-8	1	0	2.29278
1674	-51.5	24.5	57.031	1070.59	9.75297	2.03	5.1	31.231	5.1541E-8	1	0	2.27591
1675	-51.5	25.5	57.467	1070.391	9.73996	2.03	5.1	31.667	5.1408E-8	1	0	2.25848
1676	-51.5	26.5	57.918	1070.23	9.72939	2.03	5.1	32.118	5.1301E-8	1	0	2.2405
1677	-51.5	27.5	58.382	1070.107	9.72137	2.03	5.1	32.582	5.1219E-8	1	0	2.22203
1678	-51.5	28.5	58.86	1070.024	9.71598	2.03	5.1	33.06	5.1164E-8	1	0	2.20309
1679	-51.5	29.5	59.351	1069.983	9.71329	2.03	5.1	33.551	5.1136E-8	1	0	2.18372
1680	-50.5	-29.5	58.485	1075.515	9.68601	2.03	5.1	32.685	5.0728E-8	1	0	2.2313
1681	-50.5	-28.5	57.987	1075.559	9.68898	2.03	5.1	32.187	5.0758E-8	1	0	2.25227
1682	-50.5	-27.5	57.502	1075.648	9.69495	2.03	5.1	31.702	5.0819E-8	1	0	2.27278
1683	-50.5	-26.5	57.031	1075.779	9.70383	2.03	5.1	31.231	5.0909E-8	1	0	2.29279
1684	-50.5	-25.5	56.573	1075.953	9.71554	2.03	5.1	30.773	5.1028E-8	1	0	2.31225
1685	-50.5	-24.5	56.129	1076.166	9.72995	2.03	5.1	30.329	5.1175E-8	1	0	2.33113
1686	-50.5	-23.5	55.7	1076.418	9.74691	2.03	5.1	29.9	5.1348E-8	1	0	2.34939
1687	-50.5	-22.5	55.286	1076.704	9.76627	2.03	5.1	29.486	5.1546E-8	1	0	2.36701
1688	-50.5	-21.5	54.886	1077.022	9.78781	2.03	5.1	29.086	5.1766E-8	1	0	2.38394
1689	-50.5	-20.5	54.502	1077.368	9.81131	2.03	5.1	28.702	5.2008E-8	1	0	2.40018
1690	-50.5	-19.5	54.134	1077.74	9.83654	2.03	5.1	28.334	5.2267E-8	1	0	2.41569
1691	-50.5	-18.5	53.782	1078.132	9.86322	2.03	5.1	27.982	5.2542E-8	1	0	2.43047
1692	-50.5	-17.5	53.446	1078.541	9.89108	2.03	5.1	27.646	5.283E-8	1	0	2.4445
1693	-50.5	-16.5	53.127	1078.962	9.91982	2.03	5.1	27.327	5.3128E-8	1	0	2.45777
1694	-50.5	-15.5	52.825	1079.39	9.94912	2.03	5.1	27.025	5.3432E-8	1	0	2.47027
1695	-50.5	-14.5	52.54	1079.822	9.97868	2.03	5.1	26.74	5.374E-8	1	0	2.48199
1696	-50.5	-13.5	52.273	1080.251	10.00817	2.03	5.1	26.473	5.4048E-8	1	0	2.49293
1697	-50.5	-12.5	52.024	1080.674	10.03726	2.03	5.1	26.224	5.4353E-8	1	0	2.50309
1698	-50.5	-11.5	51.793	1081.086	10.06563	2.03	5.1	25.993	5.4651E-8	1	0	2.51247
1699	-50.5	-10.5	51.58	1081.482	10.09296	2.03	5.1	25.78	5.4939E-8	1	0	2.52105
1700	-50.5	-9.5	51.386	1081.858	10.11893	2.03	5.1	25.586	5.5213E-8	1	0	2.52886
1701	-50.5	-8.5	51.21	1082.21	10.14326	2.03	5.1	25.41	5.547E-8	1	0	2.53588
1702	-50.5	-7.5	51.054	1082.533	10.16566	2.03	5.1	25.254	5.5708E-8	1	0	2.54211
1703	-50.5	-6.5	50.917	1082.824	10.18588	2.03	5.1	25.117	5.5922E-8	1	0	2.54756
1704	-50.5	-5.5	50.799	1083.081	10.20367	2.03	5.1	24.999	5.6112E-8	1	0	2.55223
1705	-50.5	-4.5	50.7	1083.299	10.21883	2.03	5.1	24.9	5.6273E-8	1	0	2.55612
1706	-50.5	-3.5	50.621	1083.476	10.23117	2.03	5.1	24.821	5.6405E-8	1	0	2.55923
1707	-50.5	-2.5	50.562	1083.611	10.24057	2.03	5.1	24.762	5.6505E-8	1	0	2.56156
1708	-50.5	-1.5	50.522	1083.702	10.24689	2.03	5.1	24.722	5.6573E-8	1	0	2.56311
1709	-50.5	-0.5	50.502	1083.747	10.25007	2.03	5.1	24.702	5.6607E-8	1	0	2.56389
1710	-50.5	0.5	50.502	1083.747	10.25007	2.03	5.1	24.702	5.6607E-8	1	0	2.56389
1711	-50.5	1.5	50.522	1083.702	10.24689	2.03	5.1	24.722	5.6573E-8	1	0	2.56311
1712	-50.5	2.5	50.562	1083.611	10.24057	2.03	5.1	24.762	5.6505E-8	1	0	2.56156
1713	-50.5	3.5	50.621	1083.476	10.23117	2.03	5.1	24.821	5.6405E-8	1	0	2.55923
1714	-50.5	4.5	50.7	1083.299	10.21883	2.03	5.1	24.9	5.6273E-8	1	0	2.55612
1715	-50.5	5.5	50.799	1083.081	10.20367	2.03	5.1	24.999	5.6112E-8	1	0	2.55223
1716	-50.5	6.5	50.917	1082.824	10.18588	2.03	5.1	25.117	5.5922E-8	1	0	2.54756
1717	-50.5	7.5	51.054	1082.533	10.16566	2.03	5.1	25.254	5.5708E-8	1	0	2.54211
1718	-50.5	8.5	51.21	1082.21	10.14326	2.03	5.1	25.41	5.547E-8	1	0	2.53588
1719	-50.5	9.5	51.386	1081.858	10.11893	2.03	5.1	25.586	5.5213E-8	1	0	2.52886
1720	-50.5	10.5	51.58	1081.482	10.09296	2.03	5.1	25.78	5.4939E-8	1	0	2.52105
1721	-50.5	11.5	51.793	1081.086	10.06563	2.03	5.1	25.993	5.4651E-8	1	0	2.51247
1722	-50.5	12.5	52.024	1080.674	10.03726	2.03	5.1	26.224	5.4353E-8	1	0	2.50309
1723	-50.5	13.5	52.273	1080.251	10.00817	2.03	5.1	26.473	5.4048E-8	1	0	2.49293
1724	-50.5	14.5	52.54	1079.822	9.97868	2.03	5.1	26.74	5.374E-8	1	0	2.48199
1725	-50.5	15.5	52.825	1079.39	9.94912	2.03	5.1	27.025	5.3432E-8	1	0	2.47027
1726	-50.5	16.5	53.127	1078.962	9.91982	2.03	5.1	27.327	5.3128E-8	1	0	2.45777
1727	-50.5	17.5	53.446	1078.541	9.89108	2.03	5.1	27.646	5.283E-8	1	0	2.4445
1728	-50.5	18.5	53.782	1078.132	9.86322	2.03	5.1	27.982	5.2542E-8	1	0	2.43047
1729	-50.5	19.5	54.134	1077.74	9.83654	2.03	5.1	28.334	5.2267E-8	1	0	2.41569
1730	-50.5	20.5	54.502	1077.368	9.81131	2.03	5.1	28.702	5.2008E-8	1	0	2.40018
1731	-50.5	21.5	54.886	1077.022	9.78781	2.03	5.1	29.086	5.1766E-8	1	0	2.38394
1732	-50.5	22.5	55.286	1076.704	9.76627	2.03	5.1	29.486	5.1546E-8	1	0	2.36701
1733	-50.5	23.5	55.7	1076.418	9.74691	2.03	5.1	29.9	5.1348E-8	1	0	2.34939
1734	-50.5	24.5	56.129	1076.166	9.72995	2.03	5.1	30.329	5.1175E-8	1	0	2.33113
1735	-50.5	25.5	56.573	1075.953	9.71554	2.03	5.1	30.773	5.1028E-8	1	0	2.31225
1736	-50.5	26.5	57.031	1075.779	9.70383	2.03	5.1	31.231	5.0909E-8	1	0	2.29279
1737	-50.5	27.5	57.502	1075.648	9.69495	2.03	5.1	31.702	5.0819E-8	1	0	2.27278
1738	-50.5	28.5	57.987	1075.559	9.68898	2.03	5.1	32.187	5.0758E-8	1	0	2.25227
1739	-50.5	29.5	58.485	1075.515	9.68601	2.03	5.1	32.685	5.0728E-8	1	0	2.2313
1740	-49.5	-29.5	57.624	1080.786	9.65581	2.03	5.1	31.824	5.0298E-8	1	0	2.28176
1741	-49.5	-28.5	57.118	1080.834	9.65909	2.03	5.1	31.318	5.0331E-8	1	0	2.3045
1742	-49.5	-27.5	56.626	1080.929	9.6657	2.03	5.1	30.826	5.0398E-8	1	0	2.32675
1743	-49.5	-26.5	56.147	1081.07	9.67554	2.03	5.1	30.347	5.0497E-8	1	0	2.34845
1744	-49.5	-25.5	55.682	1081.256	9.6885	2.03	5.1	29.882	5.0629E-8	1	0	2.36956
1745	-49.5	-24.5	55.231	1081.485	9.70445	2.03	5.1	29.431	5.079E-8	1	0	2.39003
1746	-49.5	-23.5	54.795	1081.754	9.72324	2.03	5.1	28.995	5.0981E-8	1	0	2.40983
1747	-49.5	-22.5	54.374	1082.06	9.74468	2.03	5.1	28.574	5.12E-8	1	0	2.42893
1748	-49.5	-21.5	53.968	1082.401	9.76855	2.03	5.1	28.168	5.1443E-8	1	0	2.4473
1749	-49.5	-20.5	53.577	1082.773	9.7946	2.03	5.1	27.777	5.171E-8	1	0	2.4649
1750	-49.5	-19.5	53.202	1083.171	9.82256	2.03	5.1	27.402	5.1996E-8	1	0	2.48173
1751	-49.5	-18.5	52.844	1083.591	9.85215	2.03	5.1	27.044	5.2301E-8	1	0	2.49775
1752	-49.5	-17.5	52.502	1084.029	9.88306	2.03	5.1	26.702	5.2619E-8	1	0	2.51297
1753	-49.5	-16.5	52.178	1084.48	9.91495	2.03	5.1	26.378	5.2949E-8	1	0	2.52736
1754	-49.5	-15.5	51.87	1084.94	9.94748	2.03	5.1	26.07	5.3286E-8	1	0	2.54091
1755	-49.5	-14.5	51.58	1085.402	9.9803	2.03	5.1	25.78	5.3628E-8	1	0	2.55363
1756	-49.5	-13.5	51.308	1085.863	10.01306	2.03	5.1	25.508	5.397E-8	1	0	2.5655
1757	-49.5	-12.5	51.054	1086.317	10.04538	2.03	5.1	25.254	5.4308E-8	1	0	2.57652
1758	-49.5	-11.5	50.818	1086.758	10.07691	2.03	5.1	25.018	5.4639E-8	1	0	2.58669
1759	-49.5	-10.5	50.601	1087.183	10.10729	2.03	5.1	24.801	5.4959E-8	1	0	2.59601
1760	-49.5	-9.5	50.403	1087.586	10.13618	2.03	5.1	24.603	5.5264E-8	1	0	2.60448
1761	-49.5	-8.5	50.224	1087.963	10.16325	2.03	5.1	24.424	5.555E-8	1	0	2.6121
1762	-49.5	-7.5	50.065	1088.31	10.18818	2.03	5.1	24.265	5.5815E-8	1	0	2.61887
1763	-49.5	-6.5	49.925	1088.622	10.21068	2.03	5.1	24.125	5.6054E-8	1	0	2.62479
1764	-49.5	-5.5	49.805	1088.897	10.23048	2.03	5.1	24.005	5.6265E-8	1	0	2.62986
1765	-49.5	-4.5	49.704	1089.131	10.24736	2.03	5.1	23.904	5.6445E-8	1	0	2.63409
1766	-49.5	-3.5	49.624	1089.321	10.26111	2.03	5.1	23.824	5.6592E-8	1	0	2.63747
1767	-49.5	-2.5	49.563	1089.466	10.27157	2.03	5.1	23.763	5.6704E-8	1	0	2.64
1768	-49.5	-1.5	49.523	1089.563	10.27861	2.03	5.1	23.723	5.6779E-8	1	0	2.64169
1769	-49.5	-0.5	49.503	1089.612	10.28216	2.03	5.1	23.703	5.6817E-8	1	0	2.64254
1770	-49.5	0.5	49.503	1089.612	10.28216	2.03	5.1	23.703	5.6817E-8	1	0	2.64254
1771	-49.5	1.5	49.523	1089.563	10.27861	2.03	5.1	23.723	5.6779E-8	1	0	2.64169
1772	-49.5	2.5	49.563	1089.466	10.27157	2.03	5.1	23.763	5.6704E-8	1	0	2.64
1773	-49.5	3.5	49.624	1089.321	10.26111	2.03	5.1	23.824	5.6592E-8	1	0	2.63747
1774	-49.5	4.5	49.704	1089.131	10.24736	2.03	5.1	23.904	5.6445E-8	1	0	2.63409
1775	-49.5	5.5	49.805	1088.897	10.23048	2.03	5.1	24.005	5.6265E-8	1	0	2.62986
1776	-49.5	6.5	49.925	1088.622	10.21068	2.03	5.1	24.125	5.6054E-8	1	0	2.62479
1777	-49.5	7.5	50.065	1088.31	10.18818	2.03	5.1	24.265	5.5815E-8	1	0	2.61887
1778	-49.5	8.5	50.224	1087.963	10.16325	2.03	5.1	24.424	5.555E-8	1	0	2.6121
1779	-49.5	9.5	50.403	1087.586	10.13618	2.03	5.1	24.603	5.5264E-8	1	0	2.60448
1780	-49.5	10.5	50.601	1087.183	10.10729	2.03	5.1	24.801	5.4959E-8	1	0	2.59601
1781	-49.5	11.5	50.818	1086.758	10.07691	2.03	5.1	25.018	5.4639E-8	1	0	2.58669
1782	-49.5	12.5	51.054	1086.317	10.04538	2.03	5.1	25.254	5.4308E-8	1	0	2.57652
1783	-49.5	13.5	51.308	1085.863	10.01306	2.03	5.1	25.508	5.397E-8	1	0	2.5655
1784	-49.5	14.5	51.58	1085.402	9.9803	2.03	5.1	25.78	5.3628E-8	1	0	2.55363
1785	-49.5	15.5	51.87	1084.94	9.94748	2.03	5.1	26.07	5.3286E-8	1	0	2.54091
1786	-49.5	16.5	52.178	1084.48	9.91495	2.03	5.1	26.378	5.2949E-8	1	0	2.52736
1787	-49.5	17.5	52.502	1084.029	9.88306	2.03	5.1	26.702	5.2619E-8	1	0	2.51297
1788	-49.5	18.5	52.844	1083.591	9.85215	2.03	5.1	27.044	5.2301E-8	1	0	2.49775
1789	-49.5	19.5	53.202	1083.171	9.82256	2.03	5.1	27.402	5.1996E-8	1	0	2.48173
1790	-49.5	20.5	53.577	1082.773	9.7946	2.03	5.1	27.777	5.171E-8	1	0	2.4649
1791	-49.5	21.5	53.968	1082.401	9.76855	2.03	5.1	28.168	5.1443E-8	1	0	2.4473
1792	-49.5	22.5	54.374	1082.06	9.74468	2.03	5.1	28.574	5.12E-8	1	0	2.42893
1793	-49.5	23.5	54.795	1081.754	9.72324	2.03	5.1	28.995	5.0981E-8	1	0	2.40983
1794	-49.5	24.5	55.231	1081.485	9.70445	2.03	5.1	29.431	5.079E-8	1	0	2.39003
1795	-49.5	25.5	55.682	1081.256	9.6885	2.03	5.1	29.882	5.0629E-8	1	0	2.36956
1796	-49.5	26.5	56.147	1081.07	9.67554	2.03	5.1	30.347	5.0497E-8	1	0	2.34845
1797	-49.5	27.5	56.626	1080.929	9.6657	2.03	5.1	30.826	5.0398E-8	1	0	2.32675
1798	-49.5	28.5	57.118	1080.834	9.65909	2.03	5.1	31.318	5.0331E-8	1	0	2.3045
1799	-49.5	29.5	57.624	1080.786	9.65581	2.03	5.1	31.824	5.0298E-8	1	0	2.28176
1800	-48.5	-29.5	56.767	1085.8	9.6224	2.03	5.1	30.967	4.9842E-8	1	0	2.3354
1801	-48.5	-28.5	56.254	1085.851	9.62602	2.03	5.1	30.454	4.9878E-8	1	0	2.36011
1802	-48.5	-27.5	55.754	1085.953	9.63334	2.03	5.1	29.954	4.9952E-8	1	0	2.38427
1803	-48.5	-26.5	55.268	1086.104	9.64422	2.03	5.1	29.468	5.0062E-8	1	0	2.40784
1804	-48.5	-25.5	54.795	1086.303	9.65856	2.03	5.1	28.995	5.0206E-8	1	0	2.43077
1805	-48.5	-24.5	54.337	1086.548	9.67622	2.03	5.1	28.537	5.0385E-8	1	0	2.45302
1806	-48.5	-23.5	53.893	1086.836	9.69703	2.03	5.1	28.093	5.0595E-8	1	0	2.47453
1807	-48.5	-22.5	53.465	1087.164	9.72077	2.03	5.1	27.665	5.0836E-8	1	0	2.49528
1808	-48.5	-21.5	53.052	1087.528	9.74721	2.03	5.1	27.252	5.1105E-8	1	0	2.51524
1809	-48.5	-20.5	52.655	1087.926	9.77607	2.03	5.1	26.855	5.1399E-8	1	0	2.53437
1810	-48.5	-19.5	52.273	1088.352	9.80707	2.03	5.1	26.473	5.1716E-8	1	0	2.55265
1811	-48.5	-18.5	51.909	1088.802	9.83988	2.03	5.1	26.109	5.2053E-8	1	0	2.57006
1812	-48.5	-17.5	51.561	1089.271	9.87416	2.03	5.1	25.761	5.2405E-8	1	0	2.5866
1813	-48.5	-16.5	51.23	1089.754	9.90954	2.03	5.1	25.43	5.277E-8	1	0	2.60224
1814	-48.5	-15.5	50.917	1090.246	9.94565	2.03	5.1	25.117	5.3144E-8	1	0	2.61698
1815	-48.5	-14.5	50.621	1090.741	9.9821	2.03	5.1	24.821	5.3523E-8	1	0	2.6308
1816	-48.5	-13.5	50.344	1091.234	10.01848	2.03	5.1	24.544	5.3902E-8	1	0	2.64372
1817	-48.5	-12.5	50.085	1091.72	10.0544	2.03	5.1	24.285	5.4278E-8	1	0	2.65571
1818	-48.5	-11.5	49.845	1092.193	10.08945	2.03	5.1	24.045	5.4646E-8	1	0	2.66678
1819	-48.5	-10.5	49.624	1092.648	10.12323	2.03	5.1	23.824	5.5002E-8	1	0	2.67693
1820	-48.5	-9.5	49.422	1093.079	10.15537	2.03	5.1	23.622	5.5341E-8	1	0	2.68615
1821	-48.5	-8.5	49.239	1093.483	10.18549	2.03	5.1	23.439	5.566E-8	1	0	2.69445
1822	-48.5	-7.5	49.076	1093.854	10.21323	2.03	5.1	23.276	5.5954E-8	1	0	2.70183
1823	-48.5	-6.5	48.934	1094.189	10.23828	2.03	5.1	23.134	5.6221E-8	1	0	2.70829
1824	-48.5	-5.5	48.811	1094.483	10.26033	2.03	5.1	23.011	5.6456E-8	1	0	2.71382
1825	-48.5	-4.5	48.708	1094.734	10.27913	2.03	5.1	22.908	5.6657E-8	1	0	2.71843
1826	-48.5	-3.5	48.626	1094.937	10.29445	2.03	5.1	22.826	5.6821E-8	1	0	2.72212
1827	-48.5	-2.5	48.564	1095.092	10.3061	2.03	5.1	22.764	5.6946E-8	1	0	2.72488
1828	-48.5	-1.5	48.523	1095.197	10.31395	2.03	5.1	22.723	5.703E-8	1	0	2.72673
1829	-48.5	-0.5	48.503	1095.249	10.3179	2.03	5.1	22.703	5.7073E-8	1	0	2.72765
1830	-48.5	0.5	48.503	1095.249	10.3179	2.03	5.1	22.703	5.7073E-8	1	0	2.72765
1831	-48.5	1.5	48.523	1095.197	10.31395	2.03	5.1	22.723	5.703E-8	1	0	2.72673
1832	-48.5	2.5	48.564	1095.092	10.3061	2.03	5.1	22.764	5.6946E-8	1	0	2.72488
1833	-48.5	3.5	48.626	1094.937	10.29445	2.03	5.1	22.826	5.6821E-8	1	0	2.72212
1834	-48.5	4.5	48.708	1094.734	10.27913	2.03	5.1	22.908	5.6657E-8	1	0	2.71843
1835	-48.5	5.5	48.811	1094.483	10.26033	2.03	5.1	23.011	5.6456E-8	1	0	2.71382
1836	-48.5	6.5	48.934	1094.189	10.23828	2.03	5.1	23.134	5.6221E-8	1	0	2.70829
1837	-48.5	7.5	49.076	1093.854	10.21323	2.03	5.1	23.276	5.5954E-8	1	0	2.70183
1838	-48.5	8.5	49.239	1093.483	10.18549	2.03	5.1	23.439	5.566E-8	1	0	2.69445
1839	-48.5	9.5	49.422	1093.079	10.15537	2.03	5.1	23.622	5.5341E-8	1	0	2.68615
1840	-48.5	10.5	49.624	1092.648	10.12323	2.03	5.1	23.824	5.5002E-8	1	0	2.67693
1841	-48.5	11.5	49.845	1092.193	10.08945	2.03	5.1	24.045	5.4646E-8	1	0	2.66678
1842	-48.5	12.5	50.085	1091.72	10.0544	2.03	5.1	24.285	5.4278E-8	1	0	2.65571
1843	-48.5	13.5	50.344	1091.234	10.01848	2.03	5.1	24.544	5.3902E-8	1	0	2.64372
1844	-48.5	14.5	50.621	1090.741	9.9821	2.03	5.1	24.821	5.3523E-8	1	0	2.6308
1845	-48.5	15.5	50.917	1090.246	9.94565	2.03	5.1	25.117	5.3144E-8	1	0	2.61698
1846	-48.5	16.5	51.23	1089.754	9.90954	2.03	5.1	25.43	5.277E-8	1	0	2.60224
1847	-48.5	17.5	51.561	1089.271	9.87416	2.03	5.1	25.761	5.2405E-8	1	0	2.5866
1848	-48.5	18.5	51.909	1088.802	9.83988	2.03	5.1	26.109	5.2053E-8	1	0	2.57006
1849	-48.5	19.5	52.273	1088.352	9.80707	2.03	5.1	26.473	5.1716E-8	1	0	2.55265
1850	-48.5	20.5	52.655	1087.926	9.77607	2.03	5.1	26.855	5.1399E-8	1	0	2.53437
1851	-48.5	21.5	53.052	1087.528	9.74721	2.03	5.1	27.252	5.1105E-8	1	0	2.51524
1852	-48.5	22.5	53.465	1087.164	9.72077	2.03	5.1	27.665	5.0836E-8	1	0	2.49528
1853	-48.5	23.5	53.893	1086.836	9.69703	2.03	5.1	28.093	5.0595E-8	1	0	2.47453
1854	-48.5	24.5	54.337	1086.548	9.67622	2.03	5.1	28.537	5.0385E-8	1	0	2.45302
1855	-48.5	25.5	54.795	1086.303	9.65856	2.03	5.1	28.995	5.0206E-8	1	0	2.43077
1856	-48.5	26.5	55.268	1086.104	9.64422	2.03	5.1	29.468	5.0062E-8	1	0	2.40784
1857	-48.5	27.5	55.754	1085.953	9.63334	2.03	5.1	29.954	4.9952E-8	1	0	2.38427
1858	-48.5	28.5	56.254	1085.851	9.62602	2.03	5.1	30.454	4.9878E-8	1	0	2.36011
1859	-48.5	29.5	56.767	1085.8	9.6224	2.03	5.1	30.967	4.9842E-8	1	0	2.3354
1860	-47.5	-29.5	55.915	1090.558	9.58544	2.03	5.1	30.115	4.9358E-8	1	0	2.39258
1861	-47.5	-28.5	55.394	1090.613	9.58944	2.03	5.1	29.594	4.9398E-8	1	0	2.41946
1862	-47.5	-27.5	54.886	1090.722	9.59753	2.03	5.1	29.086	4.9479E-8	1	0	2.44575
1863	-47.5	-26.5	54.392	1090.883	9.60957	2.03	5.1	28.592	4.96E-8	1	0	2.4714
1864	-47.5	-25.5	53.912	1091.095	9.62544	2.03	5.1	28.112	4.9759E-8	1	0	2.49636
1865	-47.5	-24.5	53.446	1091.357	9.64498	2.03	5.1	27.646	4.9955E-8	1	0	2.52057
1866	-47.5	-23.5	52.995	1091.665	9.66801	2.03	5.1	27.195	5.0188E-8	1	0	2.54399
1867	-47.5	-22.5	52.559	1092.015	9.69429	2.03	5.1	26.759	5.0453E-8	1	0	2.56658
1868	-47.5	-21.5	52.139	1092.405	9.72357	2.03	5.1	26.339	5.075E-8	1	0	2.5883
1869	-47.5	-20.5	51.735	1092.83	9.75555	2.03	5.1	25.935	5.1075E-8	1	0	2.60913
1870	-47.5	-19.5	51.347	1093.285	9.7899	2.03	5.1	25.547	5.1425E-8	1	0	2.62904
1871	-47.5	-18.5	50.975	1093.766	9.82627	2.03	5.1	25.175	5.1797E-8	1	0	2.64801
1872	-47.5	-17.5	50.621	1094.267	9.86429	2.03	5.1	24.821	5.2187E-8	1	0	2.66603
1873	-47.5	-16.5	50.284	1094.784	9.90354	2.03	5.1	24.484	5.2591E-8	1	0	2.68307
1874	-47.5	-15.5	49.965	1095.31	9.94362	2.03	5.1	24.165	5.3006E-8	1	0	2.69914
1875	-47.5	-14.5	49.664	1095.839	9.98409	2.03	5.1	23.864	5.3426E-8	1	0	2.71422
1876	-47.5	-13.5	49.381	1096.366	10.0245	2.03	5.1	23.581	5.3847E-8	1	0	2.72831
1877	-47.5	-12.5	49.117	1096.886	10.06442	2.03	5.1	23.317	5.4264E-8	1	0	2.7414
1878	-47.5	-11.5	48.872	1097.391	10.10338	2.03	5.1	23.072	5.4673E-8	1	0	2.75349
1879	-47.5	-10.5	48.647	1097.878	10.14096	2.03	5.1	22.847	5.5069E-8	1	0	2.76458
1880	-47.5	-9.5	48.441	1098.339	10.17671	2.03	5.1	22.641	5.5447E-8	1	0	2.77466
1881	-47.5	-8.5	48.255	1098.771	10.21023	2.03	5.1	22.455	5.5802E-8	1	0	2.78374
1882	-47.5	-7.5	48.088	1099.168	10.24112	2.03	5.1	22.288	5.613E-8	1	0	2.79182
1883	-47.5	-6.5	47.943	1099.526	10.26901	2.03	5.1	22.143	5.6428E-8	1	0	2.79888
1884	-47.5	-5.5	47.817	1099.84	10.29358	2.03	5.1	22.017	5.669E-8	1	0	2.80494
1885	-47.5	-4.5	47.713	1100.108	10.31452	2.03	5.1	21.913	5.6914E-8	1	0	2.80999
1886	-47.5	-3.5	47.629	1100.326	10.33159	2.03	5.1	21.829	5.7098E-8	1	0	2.81404
1887	-47.5	-2.5	47.566	1100.492	10.34458	2.03	5.1	21.766	5.7237E-8	1	0	2.81707
1888	-47.5	-1.5	47.524	1100.603	10.35333	2.03	5.1	21.724	5.7331E-8	1	0	2.81909
1889	-47.5	-0.5	47.503	1100.659	10.35773	2.03	5.1	21.703	5.7378E-8	1	0	2.8201
1890	-47.5	0.5	47.503	1100.659	10.35773	2.03	5.1	21.703	5.7378E-8	1	0	2.8201
1891	-47.5	1.5	47.524	1100.603	10.35333	2.03	5.1	21.724	5.7331E-8	1	0	2.81909
1892	-47.5	2.5	47.566	1100.492	10.34458	2.03	5.1	21.766	5.7237E-8	1	0	2.81707
1893	-47.5	3.5	47.629	1100.326	10.33159	2.03	5.1	21.829	5.7098E-8	1	0	2.81404
1894	-47.5	4.5	47.713	1100.108	10.31452	2.03	5.1	21.913	5.6914E-8	1	0	2.80999
1895	-47.5	5.5	47.817	1099.84	10.29358	2.03	5.1	22.017	5.669E-8	1	0	2.80494
1896	-47.5	6.5	47.943	1099.526	10.26901	2.03	5.1	22.143	5.6428E-8	1	0	2.79888
1897	-47.5	7.5	48.088	1099.168	10.24112	2.03	5.1	22.288	5.613E-8	1	0	2.79182
1898	-47.5	8.5	48.255	1098.771	10.21023	2.03	5.1	22.455	5.5802E-8	1	0	2.78374
1899	-47.5	9.5	48.441	1098.339	10.17671	2.03	5.1	22.641	5.5447E-8	1	0	2.77466
1900	-47.5	10.5	48.647	1097.878	10.14096	2.03	5.1	22.847	5.5069E-8	1	0	2.76458
1901	-47.5	11.5	48.872	1097.391	10.10338	2.03	5.1	23.072	5.4673E-8	1	0	2.75349
1902	-47.5	12.5	49.117	1096.886	10.06442	2.03	5.1	23.317	5.4264E-8	1	0	2.7414
1903	-47.5	13.5	49.381	1096.366	10.0245	2.03	5.1	23.581	5.3847E-8	1	0	2.72831
1904	-47.5	14.5	49.664	1095.839	9.98409	2.03	5.1	23.864	5.3426E-8	1	0	2.71422
1905	-47.5	15.5	49.965	1095.31	9.94362	2.03	5.1	24.165	5.3006E-8	1	0	2.69914
1906	-47.5	16.5	50.284	1094.784	9.90354	2.03	5.1	24.484	5.2591E-8	1	0	2.68307
1907	-47.5	17.5	50.621	1094.267	9.86429	2.03	5.1	24.821	5.2187E-8	1	0	2.66603
1908	-47.5	18.5	50.975	1093.766	9.82627	2.03	5.1	25.175	5.1797E-8	1	0	2.64801
1909	-47.5	19.5	51.347	1093.285	9.7899	2.03	5.1	25.547	5.1425E-8	1	0	2.62904
1910	-47.5	20.5	51.735	1092.83	9.75555	2.03	5.1	25.935	5.1075E-8	1	0	2.60913
1911	-47.5	21.5	52.139	1092.405	9.72357	2.03	5.1	26.339	5.075E-8	1	0	2.5883
1912	-47.5	22.5	52.559	1092.015	9.69429	2.03	5.1	26.759	5.0453E-8	1	0	2.56658
1913	-47.5	23.5	52.995	1091.665	9.66801	2.03	5.1	27.195	5.0188E-8	1	0	2.54399
1914	-47.5	24.5	53.446	1091.357	9.64498	2.03	5.1	27.646	4.9955E-8	1	0	2.52057
1915	-47.5	25.5	53.912	1091.095	9.62544	2.03	5.1	28.112	4.9759E-8	1	0	2.49636
1916	-47.5	26.5	54.392	1090.883	9.60957	2.03	5.1	28.592	4.96E-8	1	0	2.4714
1917	-47.5	27.5	54.886	1090.722	9.59753	2.03	5.1	29.086	4.9479E-8	1	0	2.44575
1918	-47.5	28.5	55.394	1090.613	9.58944	2.03	5.1	29.594	4.9398E-8	1	0	2.41946
1919	-47.5	29.5	55.915	1090.558	9.58544	2.03	5.1	30.115	4.9358E-8	1	0	2.39258
1920	-46.5	-29.5	55.068	1095.063	9.54457	2.03	5.1	29.268	4.8842E-8	1	0	2.45368
1921	-46.5	-28.5	54.539	1095.121	9.54899	2.03	5.1	28.739	4.8886E-8	1	0	2.48298
1922	-46.5	-27.5	54.023	1095.237	9.55794	2.03	5.1	28.223	4.8975E-8	1	0	2.51163
1923	-46.5	-26.5	53.521	1095.409	9.57125	2.03	5.1	27.721	4.9108E-8	1	0	2.5396
1924	-46.5	-25.5	53.033	1095.636	9.5888	2.03	5.1	27.233	4.9283E-8	1	0	2.56681
1925	-46.5	-24.5	52.559	1095.915	9.61041	2.03	5.1	26.759	4.95E-8	1	0	2.59321
1926	-46.5	-23.5	52.101	1096.243	9.63589	2.03	5.1	26.301	4.9755E-8	1	0	2.61875
1927	-46.5	-22.5	51.658	1096.617	9.66498	2.03	5.1	25.858	5.0048E-8	1	0	2.6434
1928	-46.5	-21.5	51.23	1097.033	9.69739	2.03	5.1	25.43	5.0375E-8	1	0	2.6671
1929	-46.5	-20.5	50.818	1097.486	9.73281	2.03	5.1	25.018	5.0734E-8	1	0	2.68984
1930	-46.5	-19.5	50.423	1097.972	9.77087	2.03	5.1	24.623	5.1121E-8	1	0	2.71157
1931	-46.5	-18.5	50.045	1098.486	9.81118	2.03	5.1	24.245	5.1532E-8	1	0	2.73229
1932	-46.5	-17.5	49.684	1099.021	9.85333	2.03	5.1	23.884	5.1963E-8	1	0	2.75198
1933	-46.5	-16.5	49.341	1099.572	9.89688	2.03	5.1	23.541	5.2411E-8	1	0	2.77061
1934	-46.5	-15.5	49.015	1100.133	9.94136	2.03	5.1	23.215	5.287E-8	1	0	2.78818
1935	-46.5	-14.5	48.708	1100.698	9.9863	2.03	5.1	22.908	5.3336E-8	1	0	2.80468
1936	-46.5	-13.5	48.42	1101.261	10.03119	2.03	5.1	22.62	5.3804E-8	1	0	2.8201
1937	-46.5	-12.5	48.151	1101.816	10.07555	2.03	5.1	22.351	5.4267E-8	1	0	2.83444
1938	-46.5	-11.5	47.901	1102.355	10.11888	2.03	5.1	22.101	5.4722E-8	1	0	2.8477
1939	-46.5	-10.5	47.671	1102.875	10.16067	2.03	5.1	21.871	5.5163E-8	1	0	2.85986
1940	-46.5	-9.5	47.461	1103.367	10.20046	2.03	5.1	21.661	5.5584E-8	1	0	2.87093
1941	-46.5	-8.5	47.27	1103.828	10.23777	2.03	5.1	21.47	5.598E-8	1	0	2.88091
1942	-46.5	-7.5	47.101	1104.252	10.27217	2.03	5.1	21.301	5.6346E-8	1	0	2.88978
1943	-46.5	-6.5	46.952	1104.634	10.30324	2.03	5.1	21.152	5.6678E-8	1	0	2.89756
1944	-46.5	-5.5	46.824	1104.97	10.33061	2.03	5.1	21.024	5.6971E-8	1	0	2.90423
1945	-46.5	-4.5	46.717	1105.256	10.35395	2.03	5.1	20.917	5.7222E-8	1	0	2.9098
1946	-46.5	-3.5	46.632	1105.488	10.37298	2.03	5.1	20.832	5.7426E-8	1	0	2.91425
1947	-46.5	-2.5	46.567	1105.665	10.38746	2.03	5.1	20.767	5.7582E-8	1	0	2.91759
1948	-46.5	-1.5	46.524	1105.784	10.39722	2.03	5.1	20.724	5.7688E-8	1	0	2.91982
1949	-46.5	-0.5	46.503	1105.844	10.40212	2.03	5.1	20.703	5.774E-8	1	0	2.92094
1950	-46.5	0.5	46.503	1105.844	10.40212	2.03	5.1	20.703	5.774E-8	1	0	2.92094
1951	-46.5	1.5	46.524	1105.784	10.39722	2.03	5.1	20.724	5.7688E-8	1	0	2.91982
1952	-46.5	2.5	46.567	1105.665	10.38746	2.03	5.1	20.767	5.7582E-8	1	0	2.91759
1953	-46.5	3.5	46.632	1105.488	10.37298	2.03	5.1	20.832	5.7426E-8	1	0	2.91425
1954	-46.5	4.5	46.717	1105.256	10.35395	2.03	5.1	20.917	5.7222E-8	1	0	2.9098
1955	-46.5	5.5	46.824	1104.97	10.33061	2.03	5.1	21.024	5.6971E-8	1	0	2.90423
1956	-46.5	6.5	46.952	1104.634	10.30324	2.03	5.1	21.152	5.6678E-8	1	0	2.89756
1957	-46.5	7.5	47.101	1104.252	10.27217	2.03	5.1	21.301	5.6346E-8	1	0	2.88978
1958	-46.5	8.5	47.27	1103.828	10.23777	2.03	5.1	21.47	5.598E-8	1	0	2.88091
1959	-46.5	9.5	47.461	1103.367	10.20046	2.03	5.1	21.661	5.5584E-8	1	0	2.87093
1960	-46.5	10.5	47.671	1102.875	10.16067	2.03	5.1	21.871	5.5163E-8	1	0	2.85986
1961	-46.5	11.5	47.901	1102.355	10.11888	2.03	5.1	22.101	5.4722E-8	1	0	2.8477
1962	-46.5	12.5	48.151	1101.816	10.07555	2.03	5.1	22.351	5.4267E-8	1	0	2.83444
1963	-46.5	13.5	48.42	1101.261	10.03119	2.03	5.1	22.62	5.3804E-8	1	0	2.8201
1964	-46.5	14.5	48.708	1100.698	9.9863	2.03	5.1	22.908	5.3336E-8	1	0	2.80468
1965	-46.5	15.5	49.015	1100.133	9.94136	2.03	5.1	23.215	5.287E-8	1	0	2.78818
1966	-46.5	16.5	49.341	1099.572	9.89688	2.03	5.1	23.541	5.2411E-8	1	0	2.77061
1967	-46.5	17.5	49.684	1099.021	9.85333	2.03	5.1	23.884	5.1963E-8	1	0	2.75198
1968	-46.5	18.5	50.045	1098.486	9.81118	2.03	5.1	24.245	5.1532E-8	1	0	2.73229
1969	-46.5	19.5	50.423	1097.972	9.77087	2.03	5.1	24.623	5.1121E-8	1	0	2.71157
1970	-46.5	20.5	50.818	1097.486	9.73281	2.03	5.1	25.018	5.0734E-8	1	0	2.68984
1971	-46.5	21.5	51.23	1097.033	9.69739	2.03	5.1	25.43	5.0375E-8	1	0	2.6671
1972	-46.5	22.5	51.658	1096.617	9.66498	2.03	5.1	25.858	5.0048E-8	1	0	2.6434
1973	-46.5	23.5	52.101	1096.243	9.63589	2.03	5.1	26.301	4.9755E-8	1	0	2.61875
1974	-46.5	24.5	52.559	1095.915	9.61041	2.03	5.1	26.759	4.95E-8	1	0	2.59321
1975	-46.5	25.5	53.033	1095.636	9.5888	2.03	5.1	27.233	4.9283E-8	1	0	2.56681
1976	-46.5	26.5	53.521	1095.409	9.57125	2.03	5.1	27.721	4.9108E-8	1	0	2.5396
1977	-46.5	27.5	54.023	1095.237	9.55794	2.03	5.1	28.223	4.8975E-8	1	0	2.51163
1978	-46.5	28.5	54.539	1095.121	9.54899	2.03	5.1	28.739	4.8886E-8	1	0	2.48298
1979	-46.5	29.5	55.068	1095.063	9.54457	2.03	5.1	29.268	4.8842E-8	1	0	2.45368
1980	-45.5	-29.5	54.226	1099.315	9.49941	2.03	5.1	28.426	4.8291E-8	1	0	2.51915
1981	-45.5	-28.5	53.689	1099.377	9.50429	2.03	5.1	27.889	4.834E-8	1	0	2.55114
1982	-45.5	-27.5	53.165	1099.5	9.51417	2.03	5.1	27.365	4.8438E-8	1	0	2.58243
1983	-45.5	-26.5	52.655	1099.684	9.52888	2.03	5.1	26.855	4.8584E-8	1	0	2.61298
1984	-45.5	-25.5	52.158	1099.926	9.54828	2.03	5.1	26.358	4.8776E-8	1	0	2.6427
1985	-45.5	-24.5	51.677	1100.223	9.57218	2.03	5.1	25.877	4.9015E-8	1	0	2.67156
1986	-45.5	-23.5	51.21	1100.573	9.60036	2.03	5.1	25.41	4.9296E-8	1	0	2.69948
1987	-45.5	-22.5	50.759	1100.971	9.63254	2.03	5.1	24.959	4.9618E-8	1	0	2.72642
1988	-45.5	-21.5	50.324	1101.414	9.66841	2.03	5.1	24.524	4.9979E-8	1	0	2.75235
1989	-45.5	-20.5	49.905	1101.898	9.70762	2.03	5.1	24.105	5.0375E-8	1	0	2.77723
1990	-45.5	-19.5	49.503	1102.415	9.74978	2.03	5.1	23.703	5.0802E-8	1	0	2.80102
1991	-45.5	-18.5	49.117	1102.962	9.79445	2.03	5.1	23.317	5.1256E-8	1	0	2.82371
1992	-45.5	-17.5	48.749	1103.533	9.84119	2.03	5.1	22.949	5.1733E-8	1	0	2.84528
1993	-45.5	-16.5	48.399	1104.12	9.88949	2.03	5.1	22.599	5.2229E-8	1	0	2.86571
1994	-45.5	-15.5	48.068	1104.718	9.93886	2.03	5.1	22.268	5.2738E-8	1	0	2.88499
1995	-45.5	-14.5	47.755	1105.32	9.98875	2.03	5.1	21.955	5.3255E-8	1	0	2.90311
1996	-45.5	-13.5	47.461	1105.92	10.03863	2.03	5.1	21.661	5.3774E-8	1	0	2.92006
1997	-45.5	-12.5	47.186	1106.511	10.08793	2.03	5.1	21.386	5.4289E-8	1	0	2.93584
1998	-45.5	-11.5	46.931	1107.086	10.13611	2.03	5.1	21.131	5.4795E-8	1	0	2.95043
1999	-45.5	-10.5	46.696	1107.64	10.18261	2.03	5.1	20.896	5.5286E-8	1	0	2.96384
2000	-45.5	-9.5	46.481	1108.165	10.22689	2.03	5.1	20.681	5.5755E-8	1	0	2.97606
2001	-45.5	-8.5	46.287	1108.656	10.26843	2.03	5.1	20.487	5.6197E-8	1	0	2.98707
2002	-45.5	-7.5	46.114	1109.107	10.30675	2.03	5.1	20.314	5.6606E-8	1	0	2.99688
2003	-45.5	-6.5	45.962	1109.514	10.34137	2.03	5.1	20.162	5.6976E-8	1	0	3.00549
2004	-45.5	-5.5	45.831	1109.872	10.37188	2.03	5.1	20.031	5.7304E-8	1	0	3.01287
2005	-45.5	-4.5	45.722	1110.177	10.39791	2.03	5.1	19.922	5.7584E-8	1	0	3.01904
2006	-45.5	-3.5	45.634	1110.425	10.41913	2.03	5.1	19.834	5.7813E-8	1	0	3.02398
2007	-45.5	-2.5	45.569	1110.613	10.43528	2.03	5.1	19.769	5.7988E-8	1	0	3.02769
2008	-45.5	-1.5	45.525	1110.74	10.44616	2.03	5.1	19.725	5.8106E-8	1	0	3.03016
2009	-45.5	-0.5	45.503	1110.804	10.45164	2.03	5.1	19.703	5.8165E-8	1	0	3.0314
2010	-45.5	0.5	45.503	1110.804	10.45164	2.03	5.1	19.703	5.8165E-8	1	0	3.0314
2011	-45.5	1.5	45.525	1110.74	10.44616	2.03	5.1	19.725	5.8106E-8	1	0	3.03016
2012	-45.5	2.5	45.569	1110.613	10.43528	2.03	5.1	19.769	5.7988E-8	1	0	3.02769
2013	-45.5	3.5	45.634	1110.425	10.41913	2.03	5.1	19.834	5.7813E-8	1	0	3.02398
2014	-45.5	4.5	45.722	1110.177	10.39791	2.03	5.1	19.922	5.7584E-8	1	0	3.01904
2015	-45.5	5.5	45.831	1109.872	10.37188	2.03	5.1	20.031	5.7304E-8	1	0	3.01287
2016	-45.5	6.5	45.962	1109.514	10.34137	2.03	5.1	20.162	5.6976E-8	1	0	3.00549
2017	-45.5	7.5	46.114	1109.107	10.30675	2.03	5.1	20.314	5.6606E-8	1	0	2.99688
2018	-45.5	8.5	46.287	1108.656	10.26843	2.03	5.1	20.487	5.6197E-8	1	0	2.98707
2019	-45.5	9.5	46.481	1108.165	10.22689	2.03	5.1	20.681	5.5755E-8	1	0	2.97606
2020	-45.5	10.5	46.696	1107.64	10.18261	2.03	5.1	20.896	5.5286E-8	1	0	2.96384
2021	-45.5	11.5	46.931	1107.086	10.13611	2.03	5.1	21.131	5.4795E-8	1	0	2.95043
2022	-45.5	12.5	47.186	1106.511	10.08793	2.03	5.1	21.386	5.4289E-8	1	0	2.93584
2023	-45.5	13.5	47.461	1105.92	10.03863	2.03	5.1	21.661	5.3774E-8	1	0	2.92006
2024	-45.5	14.5	47.755	1105.32	9.98875	2.03	5.1	21.955	5.3255E-8	1	0	2.90311
2025	-45.5	15.5	48.068	1104.718	9.93886	2.03	5.1	22.268	5.2738E-8	1	0	2.88499
2026	-45.5	16.5	48.399	1104.12	9.88949	2.03	5.1	22.599	5.2229E-8	1	0	2.86571
2027	-45.5	17.5	48.749	1103.533	9.84119	2.03	5.1	22.949	5.1733E-8	1	0	2.84528
2028	-45.5	18.5	49.117	1102.962	9.79445	2.03	5.1	23.317	5.1256E-8	1	0	2.82371
2029	-45.5	19.5	49.503	1102.415	9.74978	2.03	5.1	23.703	5.0802E-8	1	0	2.80102
2030	-45.5	20.5	49.905	1101.898	9.70762	2.03	5.1	24.105	5.0375E-8	1	0	2.77723
2031	-45.5	21.5	50.324	1101.414	9.66841	2.03	5.1	24.524	4.9979E-8	1	0	2.75235
2032	-45.5	22.5	50.759	1100.971	9.63254	2.03	5.1	24.959	4.9618E-8	1	0	2.72642
2033	-45.5	23.5	51.21	1100.573	9.60036	2.03	5.1	25.41	4.9296E-8	1	0	2.69948
2034	-45.5	24.5	51.677	1100.223	9.57218	2.03	5.1	25.877	4.9015E-8	1	0	2.67156
2035	-45.5	25.5	52.158	1099.926	9.54828	2.03	5.1	26.358	4.8776E-8	1	0	2.6427
2036	-45.5	26.5	52.655	1099.684	9.52888	2.03	5.1	26.855	4.8584E-8	1	0	2.61298
2037	-45.5	27.5	53.165	1099.5	9.51417	2.03	5.1	27.365	4.8438E-8	1	0	2.58243
2038	-45.5	28.5	53.689	1099.377	9.50429	2.03	5.1	27.889	4.834E-8	1	0	2.55114
2039	-45.5	29.5	54.226	1099.315	9.49941	2.03	5.1	28.426	4.8291E-8	1	0	2.51915
2040	-44.5	-29.5	53.39	1103.319	9.44952	2.03	5.1	27.59	4.7702E-8	1	0	2.58949
2041	-44.5	-28.5	52.844	1103.385	9.4549	2.03	5.1	27.044	4.7755E-8	1	0	2.62448
2042	-44.5	-27.5	52.312	1103.516	9.46581	2.03	5.1	26.512	4.7862E-8	1	0	2.65872
2043	-44.5	-26.5	51.793	1103.711	9.48206	2.03	5.1	25.993	4.8023E-8	1	0	2.69215
2044	-44.5	-25.5	51.288	1103.968	9.5035	2.03	5.1	25.488	4.8235E-8	1	0	2.7247
2045	-44.5	-24.5	50.799	1104.284	9.52991	2.03	5.1	24.999	4.8496E-8	1	0	2.7563
2046	-44.5	-23.5	50.324	1104.656	9.56106	2.03	5.1	24.524	4.8806E-8	1	0	2.78689
2047	-44.5	-22.5	49.865	1105.08	9.59665	2.03	5.1	24.065	4.9161E-8	1	0	2.81643
2048	-44.5	-21.5	49.422	1105.552	9.63634	2.03	5.1	23.622	4.9558E-8	1	0	2.84486
2049	-44.5	-20.5	48.995	1106.066	9.67974	2.03	5.1	23.195	4.9994E-8	1	0	2.87216
2050	-44.5	-19.5	48.585	1106.616	9.72642	2.03	5.1	22.785	5.0466E-8	1	0	2.89828
2051	-44.5	-18.5	48.192	1107.198	9.77591	2.03	5.1	22.392	5.0968E-8	1	0	2.92321
2052	-44.5	-17.5	47.817	1107.805	9.82772	2.03	5.1	22.017	5.1495E-8	1	0	2.94692
2053	-44.5	-16.5	47.461	1108.43	9.88129	2.03	5.1	21.661	5.2044E-8	1	0	2.96941
2054	-44.5	-15.5	47.122	1109.066	9.93607	2.03	5.1	21.322	5.2608E-8	1	0	2.99064
2055	-44.5	-14.5	46.803	1109.707	9.99147	2.03	5.1	21.003	5.3182E-8	1	0	3.01062
2056	-44.5	-13.5	46.503	1110.345	10.04688	2.03	5.1	20.703	5.3758E-8	1	0	3.02934
2057	-44.5	-12.5	46.222	1110.973	10.10169	2.03	5.1	20.422	5.4331E-8	1	0	3.04677
2058	-44.5	-11.5	45.962	1111.585	10.15527	2.03	5.1	20.162	5.4894E-8	1	0	3.06292
2059	-44.5	-10.5	45.722	1112.173	10.20701	2.03	5.1	19.922	5.5441E-8	1	0	3.07778
2060	-44.5	-9.5	45.503	1112.732	10.25631	2.03	5.1	19.703	5.5964E-8	1	0	3.09133
2061	-44.5	-8.5	45.305	1113.254	10.30259	2.03	5.1	19.505	5.6457E-8	1	0	3.10357
2062	-44.5	-7.5	45.128	1113.734	10.34528	2.03	5.1	19.328	5.6914E-8	1	0	3.11448
2063	-44.5	-6.5	44.972	1114.167	10.38388	2.03	5.1	19.172	5.7329E-8	1	0	3.12406
2064	-44.5	-5.5	44.839	1114.547	10.4179	2.03	5.1	19.039	5.7695E-8	1	0	3.13229
2065	-44.5	-4.5	44.727	1114.871	10.44693	2.03	5.1	18.927	5.8009E-8	1	0	3.13917
2066	-44.5	-3.5	44.637	1115.135	10.47061	2.03	5.1	18.837	5.8266E-8	1	0	3.14469
2067	-44.5	-2.5	44.57	1115.335	10.48863	2.03	5.1	18.77	5.8461E-8	1	0	3.14883
2068	-44.5	-1.5	44.525	1115.47	10.50078	2.03	5.1	18.725	5.8593E-8	1	0	3.1516
2069	-44.5	-0.5	44.503	1115.538	10.50689	2.03	5.1	18.703	5.866E-8	1	0	3.15298
2070	-44.5	0.5	44.503	1115.538	10.50689	2.03	5.1	18.703	5.866E-8	1	0	3.15298
2071	-44.5	1.5	44.525	1115.47	10.50078	2.03	5.1	18.725	5.8593E-8	1	0	3.1516
2072	-44.5	2.5	44.57	1115.335	10.48863	2.03	5.1	18.77	5.8461E-8	1	0	3.14883
2073	-44.5	3.5	44.637	1115.135	10.47061	2.03	5.1	18.837	5.8266E-8	1	0	3.14469
2074	-44.5	4.5	44.727	1114.871	10.44693	2.03	5.1	18.927	5.8009E-8	1	0	3.13917
2075	-44.5	5.5	44.839	1114.547	10.4179	2.03	5.1	19.039	5.7695E-8	1	0	3.13229
2076	-44.5	6.5	44.972	1114.167	10.38388	2.03	5.1	19.172	5.7329E-8	1	0	3.12406
2077	-44.5	7.5	45.128	1113.734	10.34528	2.03	5.1	19.328	5.6914E-8	1	0	3.11448
2078	-44.5	8.5	45.305	1113.254	10.30259	2.03	5.1	19.505	5.6457E-8	1	0	3.10357
2079	-44.5	9.5	45.503	1112.732	10.25631	2.03	5.1	19.703	5.5964E-8	1	0	3.09133
2080	-44.5	10.5	45.722	1112.173	10.20701	2.03	5.1	19.922	5.5441E-8	1	0	3.07778
2081	-44.5	11.5	45.962	1111.585	10.15527	2.03	5.1	20.162	5.4894E-8	1	0	3.06292
2082	-44.5	12.5	46.222	1110.973	10.10169	2.03	5.1	20.422	5.4331E-8	1	0	3.04677
2083	-44.5	13.5	46.503	1110.345	10.04688	2.03	5.1	20.703	5.3758E-8	1	0	3.02934
2084	-44.5	14.5	46.803	1109.707	9.99147	2.03	5.1	21.003	5.3182E-8	1	0	3.01062
2085	-44.5	15.5	47.122	1109.066	9.93607	2.03	5.1	21.322	5.2608E-8	1	0	2.99064
2086	-44.5	16.5	47.461	1108.43	9.88129	2.03	5.1	21.661	5.2044E-8	1	0	2.96941
2087	-44.5	17.5	47.817	1107.805	9.82772	2.03	5.1	22.017	5.1495E-8	1	0	2.94692
2088	-44.5	18.5	48.192	1107.198	9.77591	2.03	5.1	22.392	5.0968E-8	1	0	2.92321
2089	-44.5	19.5	48.585	1106.616	9.72642	2.03	5.1	22.785	5.0466E-8	1	0	2.89828
2090	-44.5	20.5	48.995	1106.066	9.67974	2.03	5.1	23.195	4.9994E-8	1	0	2.87216
2091	-44.5	21.5	49.422	1105.552	9.63634	2.03	5.1	23.622	4.9558E-8	1	0	2.84486
2092	-44.5	22.5	49.865	1105.08	9.59665	2.03	5.1	24.065	4.9161E-8	1	0	2.81643
2093	-44.5	23.5	50.324	1104.656	9.56106	2.03	5.1	24.524	4.8806E-8	1	0	2.78689
2094	-44.5	24.5	50.799	1104.284	9.52991	2.03	5.1	24.999	4.8496E-8	1	0	2.7563
2095	-44.5	25.5	51.288	1103.968	9.5035	2.03	5.1	25.488	4.8235E-8	1	0	2.7247
2096	-44.5	26.5	51.793	1103.711	9.48206	2.03	5.1	25.993	4.8023E-8	1	0	2.69215
2097	-44.5	27.5	52.312	1103.516	9.46581	2.03	5.1	26.512	4.7862E-8	1	0	2.65872
2098	-44.5	28.5	52.844	1103.385	9.4549	2.03	5.1	27.044	4.7755E-8	1	0	2.62448
2099	-44.5	29.5	53.39	1103.319	9.44952	2.03	5.1	27.59	4.7702E-8	1	0	2.58949
2100	-43.5	-29.5	52.559	1107.076	9.39445	2.03	5.1	26.759	4.707E-8	1	0	2.66527
2101	-43.5	-28.5	52.005	1107.146	9.40036	2.03	5.1	26.205	4.7128E-8	1	0	2.70363
2102	-43.5	-27.5	51.464	1107.285	9.41241	2.03	5.1	25.664	4.7246E-8	1	0	2.74117
2103	-43.5	-26.5	50.936	1107.492	9.43035	2.03	5.1	25.136	4.7422E-8	1	0	2.77784
2104	-43.5	-25.5	50.423	1107.765	9.45402	2.03	5.1	24.623	4.7655E-8	1	0	2.81356
2105	-43.5	-24.5	49.925	1108.101	9.4832	2.03	5.1	24.125	4.7942E-8	1	0	2.84825
2106	-43.5	-23.5	49.442	1108.496	9.51762	2.03	5.1	23.642	4.8282E-8	1	0	2.88185
2107	-43.5	-22.5	48.974	1108.947	9.55696	2.03	5.1	23.174	4.8673E-8	1	0	2.91431
2108	-43.5	-21.5	48.523	1109.447	9.60085	2.03	5.1	22.723	4.911E-8	1	0	2.94558
2109	-43.5	-20.5	48.088	1109.993	9.64887	2.03	5.1	22.288	4.9591E-8	1	0	2.97561
2110	-43.5	-19.5	47.671	1110.578	9.70054	2.03	5.1	21.871	5.011E-8	1	0	3.00439
2111	-43.5	-18.5	47.27	1111.196	9.75537	2.03	5.1	21.47	5.0665E-8	1	0	3.03187
2112	-43.5	-17.5	46.888	1111.84	9.81278	2.03	5.1	21.088	5.1248E-8	1	0	3.05804
2113	-43.5	-16.5	46.524	1112.503	9.87219	2.03	5.1	20.724	5.1856E-8	1	0	3.08288
2114	-43.5	-15.5	46.179	1113.179	9.93298	2.03	5.1	20.379	5.2481E-8	1	0	3.10638
2115	-43.5	-14.5	45.853	1113.859	9.99449	2.03	5.1	20.053	5.3117E-8	1	0	3.12851
2116	-43.5	-13.5	45.547	1114.536	10.05605	2.03	5.1	19.747	5.3757E-8	1	0	3.14927
2117	-43.5	-12.5	45.26	1115.203	10.11698	2.03	5.1	19.46	5.4395E-8	1	0	3.16864
2118	-43.5	-11.5	44.994	1115.852	10.17658	2.03	5.1	19.194	5.5022E-8	1	0	3.18662
2119	-43.5	-10.5	44.749	1116.477	10.23418	2.03	5.1	18.949	5.5631E-8	1	0	3.20318
2120	-43.5	-9.5	44.525	1117.07	10.28908	2.03	5.1	18.725	5.6215E-8	1	0	3.21831
2121	-43.5	-8.5	44.323	1117.624	10.34064	2.03	5.1	18.523	5.6766E-8	1	0	3.23199
2122	-43.5	-7.5	44.142	1118.133	10.38823	2.03	5.1	18.342	5.7277E-8	1	0	3.24422
2123	-43.5	-6.5	43.983	1118.592	10.43127	2.03	5.1	18.183	5.7741E-8	1	0	3.25496
2124	-43.5	-5.5	43.846	1118.995	10.46923	2.03	5.1	18.046	5.8151E-8	1	0	3.26421
2125	-43.5	-4.5	43.732	1119.339	10.50163	2.03	5.1	17.932	5.8503E-8	1	0	3.27195
2126	-43.5	-3.5	43.641	1119.618	10.52806	2.03	5.1	17.841	5.8791E-8	1	0	3.27816
2127	-43.5	-2.5	43.572	1119.831	10.54819	2.03	5.1	17.772	5.901E-8	1	0	3.28283
2128	-43.5	-1.5	43.526	1119.974	10.56175	2.03	5.1	17.726	5.9158E-8	1	0	3.28595
2129	-43.5	-0.5	43.503	1120.046	10.56857	2.03	5.1	17.703	5.9233E-8	1	0	3.28751
2130	-43.5	0.5	43.503	1120.046	10.56857	2.03	5.1	17.703	5.9233E-8	1	0	3.28751
2131	-43.5	1.5	43.526	1119.974	10.56175	2.03	5.1	17.726	5.9158E-8	1	0	3.28595
2132	-43.5	2.5	43.572	1119.831	10.54819	2.03	5.1	17.772	5.901E-8	1	0	3.28283
2133	-43.5	3.5	43.641	1119.618	10.52806	2.03	5.1	17.841	5.8791E-8	1	0	3.27816
2134	-43.5	4.5	43.732	1119.339	10.50163	2.03	5.1	17.932	5.8503E-8	1	0	3.27195
2135	-43.5	5.5	43.846	1118.995	10.46923	2.03	5.1	18.046	5.8151E-8	1	0	3.26421
2136	-43.5	6.5	43.983	1118.592	10.43127	2.03	5.1	18.183	5.7741E-8	1	0	3.25496
2137	-43.5	7.5	44.142	1118.133	10.38823	2.03	5.1	18.342	5.7277E-8	1	0	3.24422
2138	-43.5	8.5	44.323	1117.624	10.34064	2.03	5.1	18.523	5.6766E-8	1	0	3.23199
2139	-43.5	9.5	44.525	1117.07	10.28908	2.03	5.1	18.725	5.6215E-8	1	0	3.21831
2140	-43.5	10.5	44.749	1116.477	10.23418	2.03	5.1	18.949	5.5631E-8	1	0	3.20318
2141	-43.5	11.5	44.994	1115.852	10.17658	2.03	5.1	19.194	5.5022E-8	1	0	3.18662
2142	-43.5	12.5	45.26	1115.203	10.11698	2.03	5.1	19.46	5.4395E-8	1	0	3.16864
2143	-43.5	13.5	45.547	1114.536	10.05605	2.03	5.1	19.747	5.3757E-8	1	0	3.14927
2144	-43.5	14.5	45.853	1113.859	9.99449	2.03	5.1	20.053	5.3117E-8	1	0	3.12851
2145	-43.5	15.5	46.179	1113.179	9.93298	2.03	5.1	20.379	5.2481E-8	1	0	3.10638
2146	-43.5	16.5	46.524	1112.503	9.87219	2.03	5.1	20.724	5.1856E-8	1	0	3.08288
2147	-43.5	17.5	46.888	1111.84	9.81278	2.03	5.1	21.088	5.1248E-8	1	0	3.05804
2148	-43.5	18.5	47.27	1111.196	9.75537	2.03	5.1	21.47	5.0665E-8	1	0	3.03187
2149	-43.5	19.5	47.671	1110.578	9.70054	2.03	5.1	21.871	5.011E-8	1	0	3.00439
2150	-43.5	20.5	48.088	1109.993	9.64887	2.03	5.1	22.288	4.9591E-8	1	0	2.97561
2151	-43.5	21.5	48.523	1109.447	9.60085	2.03	5.1	22.723	4.911E-8	1	0	2.94558
2152	-43.5	22.5	48.974	1108.947	9.55696	2.03	5.1	23.174	4.8673E-8	1	0	2.91431
2153	-43.5	23.5	49.442	1108.496	9.51762	2.03	5.1	23.642	4.8282E-8	1	0	2.88185
2154	-43.5	24.5	49.925	1108.101	9.4832	2.03	5.1	24.125	4.7942E-8	1	0	2.84825
2155	-43.5	25.5	50.423	1107.765	9.45402	2.03	5.1	24.623	4.7655E-8	1	0	2.81356
2156	-43.5	26.5	50.936	1107.492	9.43035	2.03	5.1	25.136	4.7422E-8	1	0	2.77784
2157	-43.5	27.5	51.464	1107.285	9.41241	2.03	5.1	25.664	4.7246E-8	1	0	2.74117
2158	-43.5	28.5	52.005	1107.146	9.40036	2.03	5.1	26.205	4.7128E-8	1	0	2.70363
2159	-43.5	29.5	52.559	1107.076	9.39445	2.03	5.1	26.759	4.707E-8	1	0	2.66527
2160	-42.5	-29.5	51.735	1110.59	9.33368	2.03	5.1	25.935	4.6392E-8	1	0	2.74716
2161	-42.5	-28.5	51.171	1110.664	9.34019	2.03	5.1	25.371	4.6455E-8	1	0	2.78929
2162	-42.5	-27.5	50.621	1110.812	9.35348	2.03	5.1	24.821	4.6584E-8	1	0	2.83054
2163	-42.5	-26.5	50.085	1111.032	9.37328	2.03	5.1	24.285	4.6777E-8	1	0	2.87085
2164	-42.5	-25.5	49.563	1111.321	9.39939	2.03	5.1	23.763	4.7032E-8	1	0	2.91014
2165	-42.5	-24.5	49.056	1111.677	9.4316	2.03	5.1	23.256	4.7348E-8	1	0	2.94832
2166	-42.5	-23.5	48.564	1112.096	9.46962	2.03	5.1	22.764	4.7721E-8	1	0	2.98533
2167	-42.5	-22.5	48.088	1112.573	9.51308	2.03	5.1	22.288	4.815E-8	1	0	3.0211
2168	-42.5	-21.5	47.629	1113.103	9.5616	2.03	5.1	21.829	4.8631E-8	1	0	3.05559
2169	-42.5	-20.5	47.186	1113.682	9.61471	2.03	5.1	21.386	4.9161E-8	1	0	3.08876
2170	-42.5	-19.5	46.76	1114.302	9.67189	2.03	5.1	20.96	4.9734E-8	1	0	3.12056
2171	-42.5	-18.5	46.352	1114.956	9.7326	2.03	5.1	20.552	5.0345E-8	1	0	3.15098
2172	-42.5	-17.5	45.962	1115.639	9.79622	2.03	5.1	20.162	5.099E-8	1	0	3.17998
2173	-42.5	-16.5	45.591	1116.342	9.86209	2.03	5.1	19.791	5.1663E-8	1	0	3.20755
2174	-42.5	-15.5	45.238	1117.057	9.92954	2.03	5.1	19.438	5.2355E-8	1	0	3.23366
2175	-42.5	-14.5	44.905	1117.778	9.99784	2.03	5.1	19.105	5.3061E-8	1	0	3.25831
2176	-42.5	-13.5	44.593	1118.495	10.06624	2.03	5.1	18.793	5.3773E-8	1	0	3.28147
2177	-42.5	-12.5	44.3	1119.202	10.13399	2.03	5.1	18.5	5.4482E-8	1	0	3.30313
2178	-42.5	-11.5	44.028	1119.889	10.2003	2.03	5.1	18.228	5.518E-8	1	0	3.32326
2179	-42.5	-10.5	43.778	1120.55	10.26442	2.03	5.1	17.978	5.586E-8	1	0	3.34185
2180	-42.5	-9.5	43.549	1121.178	10.32558	2.03	5.1	17.749	5.6512E-8	1	0	3.35887
2181	-42.5	-8.5	43.342	1121.764	10.38305	2.03	5.1	17.542	5.7128E-8	1	0	3.3743
2182	-42.5	-7.5	43.157	1122.303	10.43612	2.03	5.1	17.357	5.77E-8	1	0	3.3881
2183	-42.5	-6.5	42.994	1122.789	10.48415	2.03	5.1	17.194	5.822E-8	1	0	3.40026
2184	-42.5	-5.5	42.854	1123.215	10.52652	2.03	5.1	17.054	5.868E-8	1	0	3.41074
2185	-42.5	-4.5	42.738	1123.578	10.5627	2.03	5.1	16.938	5.9075E-8	1	0	3.41952
2186	-42.5	-3.5	42.644	1123.874	10.59222	2.03	5.1	16.844	5.9398E-8	1	0	3.42658
2187	-42.5	-2.5	42.573	1124.098	10.6147	2.03	5.1	16.773	5.9644E-8	1	0	3.43189
2188	-42.5	-1.5	42.526	1124.25	10.62985	2.03	5.1	16.726	5.9811E-8	1	0	3.43544
2189	-42.5	-0.5	42.503	1124.326	10.63748	2.03	5.1	16.703	5.9895E-8	1	0	3.43722
2190	-42.5	0.5	42.503	1124.326	10.63748	2.03	5.1	16.703	5.9895E-8	1	0	3.43722
2191	-42.5	1.5	42.526	1124.25	10.62985	2.03	5.1	16.726	5.9811E-8	1	0	3.43544
2192	-42.5	2.5	42.573	1124.098	10.6147	2.03	5.1	16.773	5.9644E-8	1	0	3.43189
2193	-42.5	3.5	42.644	1123.874	10.59222	2.03	5.1	16.844	5.9398E-8	1	0	3.42658
2194	-42.5	4.5	42.738	1123.578	10.5627	2.03	5.1	16.938	5.9075E-8	1	0	3.41952
2195	-42.5	5.5	42.854	1123.215	10.52652	2.03	5.1	17.054	5.868E-8	1	0	3.41074
2196	-42.5	6.5	42.994	1122.789	10.48415	2.03	5.1	17.194	5.822E-8	1	0	3.40026
2197	-42.5	7.5	43.157	1122.303	10.43612	2.03	5.1	17.357	5.77E-8	1	0	3.3881
2198	-42.5	8.5	43.342	1121.764	10.38305	2.03	5.1	17.542	5.7128E-8	1	0	3.3743
2199	-42.5	9.5	43.549	1121.178	10.32558	2.03	5.1	17.749	5.6512E-8	1	0	3.35887
2200	-42.5	10.5	43.778	1120.55	10.26442	2.03	5.1	17.978	5.586E-8	1	0	3.34185
2201	-42.5	11.5	44.028	1119.889	10.2003	2.03	5.1	18.228	5.518E-8	1	0	3.32326
2202	-42.5	12.5	44.3	1119.202	10.13399	2.03	5.1	18.5	5.4482E-8	1	0	3.30313
2203	-42.5	13.5	44.593	1118.495	10.06624	2.03	5.1	18.793	5.3773E-8	1	0	3.28147
2204	-42.5	14.5	44.905	1117.778	9.99784	2.03	5.1	19.105	5.3061E-8	1	0	3.25831
2205	-42.5	15.5	45.238	1117.057	9.92954	2.03	5.1	19.438	5.2355E-8	1	0	3.23366
2206	-42.5	16.5	45.591	1116.342	9.86209	2.03	5.1	19.791	5.1663E-8	1	0	3.20755
2207	-42.5	17.5	45.962	1115.639	9.79622	2.03	5.1	20.162	5.099E-8	1	0	3.17998
2208	-42.5	18.5	46.352	1114.956	9.7326	2.03	5.1	20.552	5.0345E-8	1	0	3.15098
2209	-42.5	19.5	46.76	1114.302	9.67189	2.03	5.1	20.96	4.9734E-8	1	0	3.12056
2210	-42.5	20.5	47.186	1113.682	9.61471	2.03	5.1	21.386	4.9161E-8	1	0	3.08876
2211	-42.5	21.5	47.629	1113.103	9.5616	2.03	5.1	21.829	4.8631E-8	1	0	3.05559
2212	-42.5	22.5	48.088	1112.573	9.51308	2.03	5.1	22.288	4.815E-8	1	0	3.0211
2213	-42.5	23.5	48.564	1112.096	9.46962	2.03	5.1	22.764	4.7721E-8	1	0	2.98533
2214	-42.5	24.5	49.056	1111.677	9.4316	2.03	5.1	23.256	4.7348E-8	1	0	2.94832
2215	-42.5	25.5	49.563	1111.321	9.39939	2.03	5.1	23.763	4.7032E-8	1	0	2.91014
2216	-42.5	26.5	50.085	1111.032	9.37328	2.03	5.1	24.285	4.6777E-8	1	0	2.87085
2217	-42.5	27.5	50.621	1110.812	9.35348	2.03	5.1	24.821	4.6584E-8	1	0	2.83054
2218	-42.5	28.5	51.171	1110.664	9.34019	2.03	5.1	25.371	4.6455E-8	1	0	2.78929
2219	-42.5	29.5	51.735	1110.59	9.33368	2.03	5.1	25.935	4.6392E-8	1	0	2.74716
2220	-41.5	-29.5	50.917	1113.864	9.26667	2.03	5.1	25.117	4.5662E-8	1	0	2.83589
2221	-41.5	-28.5	50.344	1113.943	9.27383	2.03	5.1	24.544	4.5731E-8	1	0	2.88227
2222	-41.5	-27.5	49.785	1114.099	9.28848	2.03	5.1	23.985	4.5873E-8	1	0	2.9277
2223	-41.5	-26.5	49.239	1114.331	9.31031	2.03	5.1	23.439	4.6084E-8	1	0	2.97213
2224	-41.5	-25.5	48.708	1114.638	9.33911	2.03	5.1	22.908	4.6363E-8	1	0	3.01545
2225	-41.5	-24.5	48.192	1115.014	9.37465	2.03	5.1	22.392	4.6709E-8	1	0	3.05759
2226	-41.5	-23.5	47.692	1115.457	9.4166	2.03	5.1	21.892	4.7119E-8	1	0	3.09847
2227	-41.5	-22.5	47.207	1115.962	9.4646	2.03	5.1	21.407	4.759E-8	1	0	3.13802
2228	-41.5	-21.5	46.739	1116.523	9.5182	2.03	5.1	20.939	4.8119E-8	1	0	3.17619
2229	-41.5	-20.5	46.287	1117.135	9.57692	2.03	5.1	20.487	4.8701E-8	1	0	3.21294
2230	-41.5	-19.5	45.853	1117.791	9.64018	2.03	5.1	20.053	4.9332E-8	1	0	3.24823
2231	-41.5	-18.5	45.437	1118.483	9.70738	2.03	5.1	19.637	5.0007E-8	1	0	3.28204
2232	-41.5	-17.5	45.039	1119.205	9.77786	2.03	5.1	19.239	5.072E-8	1	0	3.31432
2233	-41.5	-16.5	44.66	1119.948	9.85089	2.03	5.1	18.86	5.1464E-8	1	0	3.34507
2234	-41.5	-15.5	44.3	1120.704	9.92572	2.03	5.1	18.5	5.2231E-8	1	0	3.37427
2235	-41.5	-14.5	43.96	1121.465	10.00156	2.03	5.1	18.16	5.3014E-8	1	0	3.40188
2236	-41.5	-13.5	43.641	1122.223	10.07756	2.03	5.1	17.841	5.3805E-8	1	0	3.42788
2237	-41.5	-12.5	43.342	1122.97	10.1529	2.03	5.1	17.542	5.4595E-8	1	0	3.45226
2238	-41.5	-11.5	43.064	1123.696	10.2267	2.03	5.1	17.264	5.5374E-8	1	0	3.47498
2239	-41.5	-10.5	42.808	1124.394	10.2981	2.03	5.1	17.008	5.6132E-8	1	0	3.49601
2240	-41.5	-9.5	42.573	1125.056	10.36626	2.03	5.1	16.773	5.6861E-8	1	0	3.51532
2241	-41.5	-8.5	42.362	1125.674	10.43034	2.03	5.1	16.562	5.7551E-8	1	0	3.53286
2242	-41.5	-7.5	42.172	1126.243	10.48956	2.03	5.1	16.372	5.8191E-8	1	0	3.54859
2243	-41.5	-6.5	42.006	1126.755	10.54317	2.03	5.1	16.206	5.8774E-8	1	0	3.56248
2244	-41.5	-5.5	41.863	1127.205	10.59049	2.03	5.1	16.063	5.9291E-8	1	0	3.57449
2245	-41.5	-4.5	41.743	1127.588	10.63091	2.03	5.1	15.943	5.9735E-8	1	0	3.58456
2246	-41.5	-3.5	41.647	1127.899	10.6639	2.03	5.1	15.847	6.0098E-8	1	0	3.59267
2247	-41.5	-2.5	41.575	1128.136	10.68904	2.03	5.1	15.775	6.0375E-8	1	0	3.59878
2248	-41.5	-1.5	41.527	1128.295	10.70598	2.03	5.1	15.727	6.0562E-8	1	0	3.60287
2249	-41.5	-0.5	41.503	1128.375	10.71451	2.03	5.1	15.703	6.0657E-8	1	0	3.60492
2250	-41.5	0.5	41.503	1128.375	10.71451	2.03	5.1	15.703	6.0657E-8	1	0	3.60492
2251	-41.5	1.5	41.527	1128.295	10.70598	2.03	5.1	15.727	6.0562E-8	1	0	3.60287
2252	-41.5	2.5	41.575	1128.136	10.68904	2.03	5.1	15.775	6.0375E-8	1	0	3.59878
2253	-41.5	3.5	41.647	1127.899	10.6639	2.03	5.1	15.847	6.0098E-8	1	0	3.59267
2254	-41.5	4.5	41.743	1127.588	10.63091	2.03	5.1	15.943	5.9735E-8	1	0	3.58456
2255	-41.5	5.5	41.863	1127.205	10.59049	2.03	5.1	16.063	5.9291E-8	1	0	3.57449
2256	-41.5	6.5	42.006	1126.755	10.54317	2.03	5.1	16.206	5.8774E-8	1	0	3.56248
2257	-41.5	7.5	42.172	1126.243	10.48956	2.03	5.1	16.372	5.8191E-8	1	0	3.54859
2258	-41.5	8.5	42.362	1125.674	10.43034	2.03	5.1	16.562	5.7551E-8	1	0	3.53286
2259	-41.5	9.5	42.573	1125.056	10.36626	2.03	5.1	16.773	5.6861E-8	1	0	3.51532
2260	-41.5	10.5	42.808	1124.394	10.2981	2.03	5.1	17.008	5.6132E-8	1	0	3.49601
2261	-41.5	11.5	43.064	1123.696	10.2267	2.03	5.1	17.264	5.5374E-8	1	0	3.47498
2262	-41.5	12.5	43.342	1122.97	10.1529	2.03	5.1	17.542	5.4595E-8	1	0	3.45226
2263	-41.5	13.5	43.641	1122.223	10.07756	2.03	5.1	17.841	5.3805E-8	1	0	3.42788
2264	-41.5	14.5	43.96	1121.465	10.00156	2.03	5.1	18.16	5.3014E-8	1	0	3.40188
2265	-41.5	15.5	44.3	1120.704	9.92572	2.03	5.1	18.5	5.2231E-8	1	0	3.37427
2266	-41.5	16.5	44.66	1119.948	9.85089	2.03	5.1	18.86	5.1464E-8	1	0	3.34507
2267	-41.5	17.5	45.039	1119.205	9.77786	2.03	5.1	19.239	5.072E-8	1	0	3.31432
2268	-41.5	18.5	45.437	1118.483	9.70738	2.03	5.1	19.637	5.0007E-8	1	0	3.28204
2269	-41.5	19.5	45.853	1117.791	9.64018	2.03	5.1	20.053	4.9332E-8	1	0	3.24823
2270	-41.5	20.5	46.287	1117.135	9.57692	2.03	5.1	20.487	4.8701E-8	1	0	3.21294
2271	-41.5	21.5	46.739	1116.523	9.5182	2.03	5.1	20.939	4.8119E-8	1	0	3.17619
2272	-41.5	22.5	47.207	1115.962	9.4646	2.03	5.1	21.407	4.759E-8	1	0	3.13802
2273	-41.5	23.5	47.692	1115.457	9.4166	2.03	5.1	21.892	4.7119E-8	1	0	3.09847
2274	-41.5	24.5	48.192	1115.014	9.37465	2.03	5.1	22.392	4.6709E-8	1	0	3.05759
2275	-41.5	25.5	48.708	1114.638	9.33911	2.03	5.1	22.908	4.6363E-8	1	0	3.01545
2276	-41.5	26.5	49.239	1114.331	9.31031	2.03	5.1	23.439	4.6084E-8	1	0	2.97213
2277	-41.5	27.5	49.785	1114.099	9.28848	2.03	5.1	23.985	4.5873E-8	1	0	2.9277
2278	-41.5	28.5	50.344	1113.943	9.27383	2.03	5.1	24.544	4.5731E-8	1	0	2.88227
2279	-41.5	29.5	50.917	1113.864	9.26667	2.03	5.1	25.117	4.5662E-8	1	0	2.83589
2280	-40.5	-29.5	50.105	1116.903	9.19285	2.03	5.1	24.305	4.4878E-8	1	0	2.93232
2281	-40.5	-28.5	49.523	1116.986	9.20071	2.03	5.1	23.723	4.4953E-8	1	0	2.98351
2282	-40.5	-27.5	48.954	1117.151	9.21685	2.03	5.1	23.154	4.5107E-8	1	0	3.03367
2283	-40.5	-26.5	48.399	1117.396	9.24089	2.03	5.1	22.599	4.5338E-8	1	0	3.08275
2284	-40.5	-25.5	47.859	1117.719	9.27264	2.03	5.1	22.059	4.5644E-8	1	0	3.13066
2285	-40.5	-24.5	47.334	1118.117	9.31182	2.03	5.1	21.534	4.6022E-8	1	0	3.17731
2286	-40.5	-23.5	46.824	1118.584	9.35809	2.03	5.1	21.024	4.6471E-8	1	0	3.2226
2287	-40.5	-22.5	46.33	1119.117	9.41106	2.03	5.1	20.53	4.6988E-8	1	0	3.26647
2288	-40.5	-21.5	45.853	1119.71	9.47025	2.03	5.1	20.053	4.7568E-8	1	0	3.30888
2289	-40.5	-20.5	45.393	1120.355	9.53513	2.03	5.1	19.593	4.8208E-8	1	0	3.34977
2290	-40.5	-19.5	44.95	1121.047	9.60508	2.03	5.1	19.15	4.8904E-8	1	0	3.3891
2291	-40.5	-18.5	44.525	1121.778	9.67945	2.03	5.1	18.725	4.9648E-8	1	0	3.42684
2292	-40.5	-17.5	44.119	1122.539	9.75751	2.03	5.1	18.319	5.0435E-8	1	0	3.46297
2293	-40.5	-16.5	43.732	1123.323	9.83846	2.03	5.1	17.932	5.1257E-8	1	0	3.49747
2294	-40.5	-15.5	43.365	1124.12	9.92148	2.03	5.1	17.565	5.2108E-8	1	0	3.5303
2295	-40.5	-14.5	43.017	1124.923	10.00568	2.03	5.1	17.217	5.2977E-8	1	0	3.56144
2296	-40.5	-13.5	42.691	1125.721	10.09014	2.03	5.1	16.891	5.3856E-8	1	0	3.59085
2297	-40.5	-12.5	42.385	1126.507	10.17393	2.03	5.1	16.585	5.4736E-8	1	0	3.61851
2298	-40.5	-11.5	42.101	1127.272	10.25608	2.03	5.1	16.301	5.5604E-8	1	0	3.64437
2299	-40.5	-10.5	41.839	1128.006	10.33562	2.03	5.1	16.039	5.6452E-8	1	0	3.66838
2300	-40.5	-9.5	41.599	1128.703	10.41161	2.03	5.1	15.799	5.7267E-8	1	0	3.69049
2301	-40.5	-8.5	41.382	1129.354	10.4831	2.03	5.1	15.582	5.804E-8	1	0	3.71064
2302	-40.5	-7.5	41.189	1129.951	10.54921	2.03	5.1	15.389	5.8759E-8	1	0	3.72878
2303	-40.5	-6.5	41.018	1130.489	10.60909	2.03	5.1	15.218	5.9413E-8	1	0	3.74483
2304	-40.5	-5.5	40.872	1130.962	10.66197	2.03	5.1	15.072	5.9995E-8	1	0	3.75873
2305	-40.5	-4.5	40.749	1131.364	10.70716	2.03	5.1	14.949	6.0494E-8	1	0	3.77042
2306	-40.5	-3.5	40.651	1131.691	10.74406	2.03	5.1	14.851	6.0902E-8	1	0	3.77985
2307	-40.5	-2.5	40.577	1131.94	10.77218	2.03	5.1	14.777	6.1215E-8	1	0	3.78697
2308	-40.5	-1.5	40.528	1132.107	10.79114	2.03	5.1	14.728	6.1426E-8	1	0	3.79174
2309	-40.5	-0.5	40.503	1132.191	10.80069	2.03	5.1	14.703	6.1532E-8	1	0	3.79413
2310	-40.5	0.5	40.503	1132.191	10.80069	2.03	5.1	14.703	6.1532E-8	1	0	3.79413
2311	-40.5	1.5	40.528	1132.107	10.79114	2.03	5.1	14.728	6.1426E-8	1	0	3.79174
2312	-40.5	2.5	40.577	1131.94	10.77218	2.03	5.1	14.777	6.1215E-8	1	0	3.78697
2313	-40.5	3.5	40.651	1131.691	10.74406	2.03	5.1	14.851	6.0902E-8	1	0	3.77985
2314	-40.5	4.5	40.749	1131.364	10.70716	2.03	5.1	14.949	6.0494E-8	1	0	3.77042
2315	-40.5	5.5	40.872	1130.962	10.66197	2.03	5.1	15.072	5.9995E-8	1	0	3.75873
2316	-40.5	6.5	41.018	1130.489	10.60909	2.03	5.1	15.218	5.9413E-8	1	0	3.74483
2317	-40.5	7.5	41.189	1129.951	10.54921	2.03	5.1	15.389	5.8759E-8	1	0	3.72878
2318	-40.5	8.5	41.382	1129.354	10.4831	2.03	5.1	15.582	5.804E-8	1	0	3.71064
2319	-40.5	9.5	41.599	1128.703	10.41161	2.03	5.1	15.799	5.7267E-8	1	0	3.69049
2320	-40.5	10.5	41.839	1128.006	10.33562	2.03	5.1	16.039	5.6452E-8	1	0	3.66838
2321	-40.5	11.5	42.101	1127.272	10.25608	2.03	5.1	16.301	5.5604E-8	1	0	3.64437
2322	-40.5	12.5	42.385	1126.507	10.17393	2.03	5.1	16.585	5.4736E-8	1	0	3.61851
2323	-40.5	13.5	42.691	1125.721	10.09014	2.03	5.1	16.891	5.3856E-8	1	0	3.59085
2324	-40.5	14.5	43.017	1124.923	10.00568	2.03	5.1	17.217	5.2977E-8	1	0	3.56144
2325	-40.5	15.5	43.365	1124.12	9.92148	2.03	5.1	17.565	5.2108E-8	1	0	3.5303
2326	-40.5	16.5	43.732	1123.323	9.83846	2.03	5.1	17.932	5.1257E-8	1	0	3.49747
2327	-40.5	17.5	44.119	1122.539	9.75751	2.03	5.1	18.319	5.0435E-8	1	0	3.46297
2328	-40.5	18.5	44.525	1121.778	9.67945	2.03	5.1	18.725	4.9648E-8	1	0	3.42684
2329	-40.5	19.5	44.95	1121.047	9.60508	2.03	5.1	19.15	4.8904E-8	1	0	3.3891
2330	-40.5	20.5	45.393	1120.355	9.53513	2.03	5.1	19.593	4.8208E-8	1	0	3.34977
2331	-40.5	21.5	45.853	1119.71	9.47025	2.03	5.1	20.053	4.7568E-8	1	0	3.30888
2332	-40.5	22.5	46.33	1119.117	9.41106	2.03	5.1	20.53	4.6988E-8	1	0	3.26647
2333	-40.5	23.5	46.824	1118.584	9.35809	2.03	5.1	21.024	4.6471E-8	1	0	3.2226
2334	-40.5	24.5	47.334	1118.117	9.31182	2.03	5.1	21.534	4.6022E-8	1	0	3.17731
2335	-40.5	25.5	47.859	1117.719	9.27264	2.03	5.1	22.059	4.5644E-8	1	0	3.13066
2336	-40.5	26.5	48.399	1117.396	9.24089	2.03	5.1	22.599	4.5338E-8	1	0	3.08275
2337	-40.5	27.5	48.954	1117.151	9.21685	2.03	5.1	23.154	4.5107E-8	1	0	3.03367
2338	-40.5	28.5	49.523	1116.986	9.20071	2.03	5.1	23.723	4.4953E-8	1	0	2.98351
2339	-40.5	29.5	50.105	1116.903	9.19285	2.03	5.1	24.305	4.4878E-8	1	0	2.93232
2340	-39.5	-29.5	49.3	1119.709	9.11159	2.03	5.1	23.5	4.4033E-8	1	0	3.03746
2341	-39.5	-28.5	48.708	1119.797	9.12021	2.03	5.1	22.908	4.4115E-8	1	0	3.09409
2342	-39.5	-27.5	48.13	1119.971	9.13797	2.03	5.1	22.33	4.4284E-8	1	0	3.14961
2343	-39.5	-26.5	47.566	1120.229	9.16443	2.03	5.1	21.766	4.4535E-8	1	0	3.204
2344	-39.5	-25.5	47.016	1120.57	9.19939	2.03	5.1	21.216	4.4869E-8	1	0	3.25713
2345	-39.5	-24.5	46.481	1120.989	9.24255	2.03	5.1	20.681	4.5283E-8	1	0	3.30892
2346	-39.5	-23.5	45.962	1121.482	9.29355	2.03	5.1	20.162	4.5774E-8	1	0	3.35928
2347	-39.5	-22.5	45.459	1122.043	9.35197	2.03	5.1	19.659	4.634E-8	1	0	3.40813
2348	-39.5	-21.5	44.972	1122.667	9.41729	2.03	5.1	19.172	4.6976E-8	1	0	3.45543
2349	-39.5	-20.5	44.503	1123.347	9.48894	2.03	5.1	18.703	4.768E-8	1	0	3.50112
2350	-39.5	-19.5	44.051	1124.075	9.56626	2.03	5.1	18.251	4.8444E-8	1	0	3.54516
2351	-39.5	-18.5	43.618	1124.844	9.64853	2.03	5.1	17.818	4.9264E-8	1	0	3.58754
2352	-39.5	-17.5	43.203	1125.645	9.73495	2.03	5.1	17.403	5.0133E-8	1	0	3.62821
2353	-39.5	-16.5	42.808	1126.469	9.82467	2.03	5.1	17.008	5.1043E-8	1	0	3.66715
2354	-39.5	-15.5	42.432	1127.307	9.91676	2.03	5.1	16.632	5.1985E-8	1	0	3.70433
2355	-39.5	-14.5	42.077	1128.151	10.01025	2.03	5.1	16.277	5.295E-8	1	0	3.73971
2356	-39.5	-13.5	41.743	1128.989	10.10413	2.03	5.1	15.943	5.3928E-8	1	0	3.77326
2357	-39.5	-12.5	41.431	1129.815	10.19734	2.03	5.1	15.631	5.4907E-8	1	0	3.80492
2358	-39.5	-11.5	41.14	1130.617	10.2888	2.03	5.1	15.34	5.5877E-8	1	0	3.83464
2359	-39.5	-10.5	40.872	1131.387	10.37745	2.03	5.1	15.072	5.6825E-8	1	0	3.86234
2360	-39.5	-9.5	40.626	1132.118	10.4622	2.03	5.1	14.826	5.7738E-8	1	0	3.88795
2361	-39.5	-8.5	40.404	1132.799	10.542	2.03	5.1	14.604	5.8604E-8	1	0	3.91137
2362	-39.5	-7.5	40.206	1133.425	10.61584	2.03	5.1	14.406	5.9412E-8	1	0	3.93253
2363	-39.5	-6.5	40.031	1133.989	10.68277	2.03	5.1	14.231	6.0148E-8	1	0	3.95131
2364	-39.5	-5.5	39.881	1134.483	10.7419	2.03	5.1	14.081	6.0803E-8	1	0	3.96764
2365	-39.5	-4.5	39.756	1134.903	10.79246	2.03	5.1	13.956	6.1365E-8	1	0	3.9814
2366	-39.5	-3.5	39.655	1135.245	10.83377	2.03	5.1	13.855	6.1826E-8	1	0	3.99253
2367	-39.5	-2.5	39.579	1135.505	10.86525	2.03	5.1	13.779	6.2179E-8	1	0	4.00095
2368	-39.5	-1.5	39.528	1135.679	10.88648	2.03	5.1	13.728	6.2417E-8	1	0	4.00659
2369	-39.5	-0.5	39.503	1135.767	10.89717	2.03	5.1	13.703	6.2538E-8	1	0	4.00942
2370	-39.5	0.5	39.503	1135.767	10.89717	2.03	5.1	13.703	6.2538E-8	1	0	4.00942
2371	-39.5	1.5	39.528	1135.679	10.88648	2.03	5.1	13.728	6.2417E-8	1	0	4.00659
2372	-39.5	2.5	39.579	1135.505	10.86525	2.03	5.1	13.779	6.2179E-8	1	0	4.00095
2373	-39.5	3.5	39.655	1135.245	10.83377	2.03	5.1	13.855	6.1826E-8	1	0	3.99253
2374	-39.5	4.5	39.756	1134.903	10.79246	2.03	5.1	13.956	6.1365E-8	1	0	3.9814
2375	-39.5	5.5	39.881	1134.483	10.7419	2.03	5.1	14.081	6.0803E-8	1	0	3.96764
2376	-39.5	6.5	40.031	1133.989	10.68277	2.03	5.1	14.231	6.0148E-8	1	0	3.95131
2377	-39.5	7.5	40.206	1133.425	10.61584	2.03	5.1	14.406	5.9412E-8	1	0	3.93253
2378	-39.5	8.5	40.404	1132.799	10.542	2.03	5.1	14.604	5.8604E-8	1	0	3.91137
2379	-39.5	9.5	40.626	1132.118	10.4622	2.03	5.1	14.826	5.7738E-8	1	0	3.88795
2380	-39.5	10.5	40.872	1131.387	10.37745	2.03	5.1	15.072	5.6825E-8	1	0	3.86234
2381	-39.5	11.5	41.14	1130.617	10.2888	2.03	5.1	15.34	5.5877E-8	1	0	3.83464
2382	-39.5	12.5	41.431	1129.815	10.19734	2.03	5.1	15.631	5.4907E-8	1	0	3.80492
2383	-39.5	13.5	41.743	1128.989	10.10413	2.03	5.1	15.943	5.3928E-8	1	0	3.77326
2384	-39.5	14.5	42.077	1128.151	10.01025	2.03	5.1	16.277	5.295E-8	1	0	3.73971
2385	-39.5	15.5	42.432	1127.307	9.91676	2.03	5.1	16.632	5.1985E-8	1	0	3.70433
2386	-39.5	16.5	42.808	1126.469	9.82467	2.03	5.1	17.008	5.1043E-8	1	0	3.66715
2387	-39.5	17.5	43.203	1125.645	9.73495	2.03	5.1	17.403	5.0133E-8	1	0	3.62821
2388	-39.5	18.5	43.618	1124.844	9.64853	2.03	5.1	17.818	4.9264E-8	1	0	3.58754
2389	-39.5	19.5	44.051	1124.075	9.56626	2.03	5.1	18.251	4.8444E-8	1	0	3.54516
2390	-39.5	20.5	44.503	1123.347	9.48894	2.03	5.1	18.703	4.768E-8	1	0	3.50112
2391	-39.5	21.5	44.972	1122.667	9.41729	2.03	5.1	19.172	4.6976E-8	1	0	3.45543
2392	-39.5	22.5	45.459	1122.043	9.35197	2.03	5.1	19.659	4.634E-8	1	0	3.40813
2393	-39.5	23.5	45.962	1121.482	9.29355	2.03	5.1	20.162	4.5774E-8	1	0	3.35928
2394	-39.5	24.5	46.481	1120.989	9.24255	2.03	5.1	20.681	4.5283E-8	1	0	3.30892
2395	-39.5	25.5	47.016	1120.57	9.19939	2.03	5.1	21.216	4.4869E-8	1	0	3.25713
2396	-39.5	26.5	47.566	1120.229	9.16443	2.03	5.1	21.766	4.4535E-8	1	0	3.204
2397	-39.5	27.5	48.13	1119.971	9.13797	2.03	5.1	22.33	4.4284E-8	1	0	3.14961
2398	-39.5	28.5	48.708	1119.797	9.12021	2.03	5.1	22.908	4.4115E-8	1	0	3.09409
2399	-39.5	29.5	49.3	1119.709	9.11159	2.03	5.1	23.5	4.4033E-8	1	0	3.03746
2400	-38.5	-29.5	48.503	1122.29	9.02222	2.03	5.1	22.703	4.3125E-8	1	0	3.15245
2401	-38.5	-28.5	47.901	1122.382	9.03165	2.03	5.1	22.101	4.3213E-8	1	0	3.21526
2402	-38.5	-27.5	47.313	1122.565	9.05118	2.03	5.1	21.513	4.3397E-8	1	0	3.27689
2403	-38.5	-26.5	46.739	1122.836	9.08028	2.03	5.1	20.939	4.3671E-8	1	0	3.33733
2404	-38.5	-25.5	46.179	1123.194	9.11874	2.03	5.1	20.379	4.4035E-8	1	0	3.39645
2405	-38.5	-24.5	45.634	1123.635	9.16624	2.03	5.1	19.834	4.4486E-8	1	0	3.45416
2406	-38.5	-23.5	45.105	1124.153	9.22241	2.03	5.1	19.305	4.5023E-8	1	0	3.51035
2407	-38.5	-22.5	44.593	1124.743	9.28679	2.03	5.1	18.793	4.5642E-8	1	0	3.56497
2408	-38.5	-21.5	44.096	1125.398	9.35883	2.03	5.1	18.296	4.6339E-8	1	0	3.61795
2409	-38.5	-20.5	43.618	1126.112	9.43791	2.03	5.1	17.818	4.7111E-8	1	0	3.66926
2410	-38.5	-19.5	43.157	1126.877	9.52333	2.03	5.1	17.357	4.7951E-8	1	0	3.71885
2411	-38.5	-18.5	42.714	1127.684	9.61431	2.03	5.1	16.914	4.8854E-8	1	0	3.7667
2412	-38.5	-17.5	42.291	1128.524	9.70997	2.03	5.1	16.491	4.9813E-8	1	0	3.81278
2413	-38.5	-16.5	41.887	1129.388	9.80937	2.03	5.1	16.087	5.0819E-8	1	0	3.85706
2414	-38.5	-15.5	41.503	1130.267	9.91152	2.03	5.1	15.703	5.1862E-8	1	0	3.8995
2415	-38.5	-14.5	41.14	1131.151	10.01533	2.03	5.1	15.34	5.2934E-8	1	0	3.94006
2416	-38.5	-13.5	40.798	1132.029	10.11967	2.03	5.1	14.998	5.4021E-8	1	0	3.97869
2417	-38.5	-12.5	40.478	1132.892	10.22338	2.03	5.1	14.678	5.5113E-8	1	0	4.01531
2418	-38.5	-11.5	40.181	1133.731	10.32526	2.03	5.1	14.381	5.6196E-8	1	0	4.04984
2419	-38.5	-10.5	39.906	1134.536	10.42408	2.03	5.1	14.106	5.7257E-8	1	0	4.08218
2420	-38.5	-9.5	39.655	1135.298	10.51865	2.03	5.1	13.855	5.8281E-8	1	0	4.11221
2421	-38.5	-8.5	39.427	1136.009	10.60778	2.03	5.1	13.627	5.9254E-8	1	0	4.13981
2422	-38.5	-7.5	39.224	1136.661	10.69031	2.03	5.1	13.424	6.0162E-8	1	0	4.16483
2423	-38.5	-6.5	39.045	1137.248	10.76517	2.03	5.1	13.245	6.0992E-8	1	0	4.18715
2424	-38.5	-5.5	38.891	1137.763	10.83135	2.03	5.1	13.091	6.173E-8	1	0	4.20661
2425	-38.5	-4.5	38.762	1138.2	10.88797	2.03	5.1	12.962	6.2365E-8	1	0	4.22307
2426	-38.5	-3.5	38.659	1138.555	10.93424	2.03	5.1	12.859	6.2886E-8	1	0	4.23642
2427	-38.5	-2.5	38.581	1138.825	10.96952	2.03	5.1	12.781	6.3285E-8	1	0	4.24653
2428	-38.5	-1.5	38.529	1139.006	10.99331	2.03	5.1	12.729	6.3555E-8	1	0	4.25332
2429	-38.5	-0.5	38.503	1139.097	11.0053	2.03	5.1	12.703	6.3691E-8	1	0	4.25674
2430	-38.5	0.5	38.503	1139.097	11.0053	2.03	5.1	12.703	6.3691E-8	1	0	4.25674
2431	-38.5	1.5	38.529	1139.006	10.99331	2.03	5.1	12.729	6.3555E-8	1	0	4.25332
2432	-38.5	2.5	38.581	1138.825	10.96952	2.03	5.1	12.781	6.3285E-8	1	0	4.24653
2433	-38.5	3.5	38.659	1138.555	10.93424	2.03	5.1	12.859	6.2886E-8	1	0	4.23642
2434	-38.5	4.5	38.762	1138.2	10.88797	2.03	5.1	12.962	6.2365E-8	1	0	4.22307
2435	-38.5	5.5	38.891	1137.763	10.83135	2.03	5.1	13.091	6.173E-8	1	0	4.20661
2436	-38.5	6.5	39.045	1137.248	10.76517	2.03	5.1	13.245	6.0992E-8	1	0	4.18715
2437	-38.5	7.5	39.224	1136.661	10.69031	2.03	5.1	13.424	6.0162E-8	1	0	4.16483
2438	-38.5	8.5	39.427	1136.009	10.60778	2.03	5.1	13.627	5.9254E-8	1	0	4.13981
2439	-38.5	9.5	39.655	1135.298	10.51865	2.03	5.1	13.855	5.8281E-8	1	0	4.11221
2440	-38.5	10.5	39.906	1134.536	10.42408	2.03	5.1	14.106	5.7257E-8	1	0	4.08218
2441	-38.5	11.5	40.181	1133.731	10.32526	2.03	5.1	14.381	5.6196E-8	1	0	4.04984
2442	-38.5	12.5	40.478	1132.892	10.22338	2.03	5.1	14.678	5.5113E-8	1	0	4.01531
2443	-38.5	13.5	40.798	1132.029	10.11967	2.03	5.1	14.998	5.4021E-8	1	0	3.97869
2444	-38.5	14.5	41.14	1131.151	10.01533	2.03	5.1	15.34	5.2934E-8	1	0	3.94006
2445	-38.5	15.5	41.503	1130.267	9.91152	2.03	5.1	15.703	5.1862E-8	1	0	3.8995
2446	-38.5	16.5	41.887	1129.388	9.80937	2.03	5.1	16.087	5.0819E-8	1	0	3.85706
2447	-38.5	17.5	42.291	1128.524	9.70997	2.03	5.1	16.491	4.9813E-8	1	0	3.81278
2448	-38.5	18.5	42.714	1127.684	9.61431	2.03	5.1	16.914	4.8854E-8	1	0	3.7667
2449	-38.5	19.5	43.157	1126.877	9.52333	2.03	5.1	17.357	4.7951E-8	1	0	3.71885
2450	-38.5	20.5	43.618	1126.112	9.43791	2.03	5.1	17.818	4.7111E-8	1	0	3.66926
2451	-38.5	21.5	44.096	1125.398	9.35883	2.03	5.1	18.296	4.6339E-8	1	0	3.61795
2452	-38.5	22.5	44.593	1124.743	9.28679	2.03	5.1	18.793	4.5642E-8	1	0	3.56497
2453	-38.5	23.5	45.105	1124.153	9.22241	2.03	5.1	19.305	4.5023E-8	1	0	3.51035
2454	-38.5	24.5	45.634	1123.635	9.16624	2.03	5.1	19.834	4.4486E-8	1	0	3.45416
2455	-38.5	25.5	46.179	1123.194	9.11874	2.03	5.1	20.379	4.4035E-8	1	0	3.39645
2456	-38.5	26.5	46.739	1122.836	9.08028	2.03	5.1	20.939	4.3671E-8	1	0	3.33733
2457	-38.5	27.5	47.313	1122.565	9.05118	2.03	5.1	21.513	4.3397E-8	1	0	3.27689
2458	-38.5	28.5	47.901	1122.382	9.03165	2.03	5.1	22.101	4.3213E-8	1	0	3.21526
2459	-38.5	29.5	48.503	1122.29	9.02222	2.03	5.1	22.703	4.3125E-8	1	0	3.15245
2460	-37.5	-29.5	47.713	1124.649	8.92403	2.03	5.1	21.913	4.2147E-8	1	0	3.27864
2461	-37.5	-28.5	47.101	1124.745	8.93435	2.03	5.1	21.301	4.2243E-8	1	0	3.3485
2462	-37.5	-27.5	46.503	1124.937	8.95579	2.03	5.1	20.703	4.2443E-8	1	0	3.41711
2463	-37.5	-26.5	45.918	1125.222	8.98776	2.03	5.1	20.118	4.2741E-8	1	0	3.48449
2464	-37.5	-25.5	45.349	1125.598	9.03002	2.03	5.1	19.549	4.3136E-8	1	0	3.5505
2465	-37.5	-24.5	44.794	1126.06	9.08226	2.03	5.1	18.994	4.3628E-8	1	0	3.61503
2466	-37.5	-23.5	44.255	1126.603	9.14406	2.03	5.1	18.455	4.4213E-8	1	0	3.67799
2467	-37.5	-22.5	43.732	1127.221	9.21495	2.03	5.1	17.932	4.4889E-8	1	0	3.73932
2468	-37.5	-21.5	43.226	1127.908	9.29434	2.03	5.1	17.426	4.5652E-8	1	0	3.79897
2469	-37.5	-20.5	42.738	1128.656	9.38157	2.03	5.1	16.938	4.6498E-8	1	0	3.85689
2470	-37.5	-19.5	42.267	1129.457	9.47589	2.03	5.1	16.467	4.7421E-8	1	0	3.91307
2471	-37.5	-18.5	41.815	1130.301	9.57644	2.03	5.1	16.015	4.8414E-8	1	0	3.96746
2472	-37.5	-17.5	41.382	1131.18	9.68229	2.03	5.1	15.582	4.9471E-8	1	0	4.02006
2473	-37.5	-16.5	40.97	1132.084	9.79241	2.03	5.1	15.17	5.0583E-8	1	0	4.07082
2474	-37.5	-15.5	40.577	1133.002	9.90569	2.03	5.1	14.777	5.1739E-8	1	0	4.11971
2475	-37.5	-14.5	40.206	1133.924	10.02096	2.03	5.1	14.406	5.2928E-8	1	0	4.16667
2476	-37.5	-13.5	39.856	1134.84	10.13695	2.03	5.1	14.056	5.4139E-8	1	0	4.21163
2477	-37.5	-12.5	39.528	1135.739	10.25237	2.03	5.1	13.728	5.5356E-8	1	0	4.25448
2478	-37.5	-11.5	39.224	1136.612	10.36588	2.03	5.1	13.424	5.6567E-8	1	0	4.29512
2479	-37.5	-10.5	38.942	1137.449	10.47611	2.03	5.1	13.142	5.7755E-8	1	0	4.33338
2480	-37.5	-9.5	38.685	1138.241	10.5817	2.03	5.1	12.885	5.8904E-8	1	0	4.36911
2481	-37.5	-8.5	38.451	1138.979	10.6813	2.03	5.1	12.651	5.9999E-8	1	0	4.40213
2482	-37.5	-7.5	38.243	1139.655	10.77361	2.03	5.1	12.443	6.1022E-8	1	0	4.43222
2483	-37.5	-6.5	38.059	1140.262	10.85741	2.03	5.1	12.259	6.1958E-8	1	0	4.45917
2484	-37.5	-5.5	37.901	1140.795	10.93154	2.03	5.1	12.101	6.2792E-8	1	0	4.48278
2485	-37.5	-4.5	37.769	1141.247	10.99499	2.03	5.1	11.969	6.3511E-8	1	0	4.50283
2486	-37.5	-3.5	37.663	1141.613	11.04687	2.03	5.1	11.863	6.4101E-8	1	0	4.51913
2487	-37.5	-2.5	37.583	1141.892	11.08644	2.03	5.1	11.783	6.4553E-8	1	0	4.53151
2488	-37.5	-1.5	37.53	1142.079	11.11314	2.03	5.1	11.73	6.4859E-8	1	0	4.53985
2489	-37.5	-0.5	37.503	1142.173	11.12659	2.03	5.1	11.703	6.5013E-8	1	0	4.54404
2490	-37.5	0.5	37.503	1142.173	11.12659	2.03	5.1	11.703	6.5013E-8	1	0	4.54404
2491	-37.5	1.5	37.53	1142.079	11.11314	2.03	5.1	11.73	6.4859E-8	1	0	4.53985
2492	-37.5	2.5	37.583	1141.892	11.08644	2.03	5.1	11.783	6.4553E-8	1	0	4.53151
2493	-37.5	3.5	37.663	1141.613	11.04687	2.03	5.1	11.863	6.4101E-8	1	0	4.51913
2494	-37.5	4.5	37.769	1141.247	10.99499	2.03	5.1	11.969	6.3511E-8	1	0	4.50283
2495	-37.5	5.5	37.901	1140.795	10.93154	2.03	5.1	12.101	6.2792E-8	1	0	4.48278
2496	-37.5	6.5	38.059	1140.262	10.85741	2.03	5.1	12.259	6.1958E-8	1	0	4.45917
2497	-37.5	7.5	38.243	1139.655	10.77361	2.03	5.1	12.443	6.1022E-8	1	0	4.43222
2498	-37.5	8.5	38.451	1138.979	10.6813	2.03	5.1	12.651	5.9999E-8	1	0	4.40213
2499	-37.5	9.5	38.685	1138.241	10.5817	2.03	5.1	12.885	5.8904E-8	1	0	4.36911
2500	-37.5	10.5	38.942	1137.449	10.47611	2.03	5.1	13.142	5.7755E-8	1	0	4.33338
2501	-37.5	11.5	39.224	1136.612	10.36588	2.03	5.1	13.424	5.6567E-8	1	0	4.29512
2502	-37.5	12.5	39.528	1135.739	10.25237	2.03	5.1	13.728	5.5356E-8	1	0	4.25448
2503	-37.5	13.5	39.856	1134.84	10.13695	2.03	5.1	14.056	5.4139E-8	1	0	4.21163
2504	-37.5	14.5	40.206	1133.924	10.02096	2.03	5.1	14.406	5.2928E-8	1	0	4.16667
2505	-37.5	15.5	40.577	1133.002	9.90569	2.03	5.1	14.777	5.1739E-8	1	0	4.11971
2506	-37.5	16.5	40.97	1132.084	9.79241	2.03	5.1	15.17	5.0583E-8	1	0	4.07082
2507	-37.5	17.5	41.382	1131.18	9.68229	2.03	5.1	15.582	4.9471E-8	1	0	4.02006
2508	-37.5	18.5	41.815	1130.301	9.57644	2.03	5.1	16.015	4.8414E-8	1	0	3.96746
2509	-37.5	19.5	42.267	1129.457	9.47589	2.03	5.1	16.467	4.7421E-8	1	0	3.91307
2510	-37.5	20.5	42.738	1128.656	9.38157	2.03	5.1	16.938	4.6498E-8	1	0	3.85689
2511	-37.5	21.5	43.226	1127.908	9.29434	2.03	5.1	17.426	4.5652E-8	1	0	3.79897
2512	-37.5	22.5	43.732	1127.221	9.21495	2.03	5.1	17.932	4.4889E-8	1	0	3.73932
2513	-37.5	23.5	44.255	1126.603	9.14406	2.03	5.1	18.455	4.4213E-8	1	0	3.67799
2514	-37.5	24.5	44.794	1126.06	9.08226	2.03	5.1	18.994	4.3628E-8	1	0	3.61503
2515	-37.5	25.5	45.349	1125.598	9.03002	2.03	5.1	19.549	4.3136E-8	1	0	3.5505
2516	-37.5	26.5	45.918	1125.222	8.98776	2.03	5.1	20.118	4.2741E-8	1	0	3.48449
2517	-37.5	27.5	46.503	1124.937	8.95579	2.03	5.1	20.703	4.2443E-8	1	0	3.41711
2518	-37.5	28.5	47.101	1124.745	8.93435	2.03	5.1	21.301	4.2243E-8	1	0	3.3485
2519	-37.5	29.5	47.713	1124.649	8.92403	2.03	5.1	21.913	4.2147E-8	1	0	3.27864
2520	-36.5	-29.5	46.931	1126.793	8.81628	2.03	5.1	21.131	4.1097E-8	1	0	3.41758
2521	-36.5	-28.5	46.309	1126.894	8.82754	2.03	5.1	20.509	4.12E-8	1	0	3.49552
2522	-36.5	-27.5	45.7	1127.095	8.85106	2.03	5.1	19.9	4.1416E-8	1	0	3.57216
2523	-36.5	-26.5	45.105	1127.394	8.88614	2.03	5.1	19.305	4.174E-8	1	0	3.64752
2524	-36.5	-25.5	44.525	1127.787	8.93254	2.03	5.1	18.725	4.2169E-8	1	0	3.72149
2525	-36.5	-24.5	43.96	1128.27	8.98991	2.03	5.1	18.16	4.2704E-8	1	0	3.79395
2526	-36.5	-23.5	43.411	1128.838	9.05785	2.03	5.1	17.611	4.3341E-8	1	0	3.86481
2527	-36.5	-22.5	42.878	1129.484	9.13583	2.03	5.1	17.078	4.4078E-8	1	0	3.93401
2528	-36.5	-21.5	42.362	1130.202	9.22325	2.03	5.1	16.562	4.4911E-8	1	0	4.00153
2529	-36.5	-20.5	41.863	1130.984	9.3194	2.03	5.1	16.063	4.5836E-8	1	0	4.06732
2530	-36.5	-19.5	41.382	1131.82	9.42347	2.03	5.1	15.582	4.6848E-8	1	0	4.13137
2531	-36.5	-18.5	40.921	1132.701	9.53456	2.03	5.1	15.121	4.7941E-8	1	0	4.19367
2532	-36.5	-17.5	40.478	1133.617	9.65163	2.03	5.1	14.678	4.9105E-8	1	0	4.25421
2533	-36.5	-16.5	40.056	1134.558	9.77359	2.03	5.1	14.256	5.0333E-8	1	0	4.31295
2534	-36.5	-15.5	39.655	1135.514	9.89921	2.03	5.1	13.855	5.1614E-8	1	0	4.36984
2535	-36.5	-14.5	39.275	1136.472	10.0272	2.03	5.1	13.475	5.2934E-8	1	0	4.42482
2536	-36.5	-13.5	38.917	1137.423	10.15616	2.03	5.1	13.117	5.4282E-8	1	0	4.47779
2537	-36.5	-12.5	38.581	1138.356	10.28466	2.03	5.1	12.781	5.5641E-8	1	0	4.52862
2538	-36.5	-11.5	38.269	1139.26	10.41117	2.03	5.1	12.469	5.6995E-8	1	0	4.57713
2539	-36.5	-10.5	37.98	1140.126	10.53418	2.03	5.1	12.18	5.8328E-8	1	0	4.62312
2540	-36.5	-9.5	37.716	1140.943	10.65214	2.03	5.1	11.916	5.962E-8	1	0	4.66634
2541	-36.5	-8.5	37.477	1141.704	10.76353	2.03	5.1	11.677	6.0853E-8	1	0	4.70652
2542	-36.5	-7.5	37.263	1142.4	10.86687	2.03	5.1	11.463	6.2007E-8	1	0	4.74337
2543	-36.5	-6.5	37.074	1143.025	10.96075	2.03	5.1	11.274	6.3066E-8	1	0	4.77655
2544	-36.5	-5.5	36.912	1143.571	11.04387	2.03	5.1	11.112	6.4011E-8	1	0	4.80576
2545	-36.5	-4.5	36.776	1144.034	11.11506	2.03	5.1	10.976	6.4825E-8	1	0	4.83068
2546	-36.5	-3.5	36.667	1144.41	11.17328	2.03	5.1	10.867	6.5495E-8	1	0	4.85102
2547	-36.5	-2.5	36.586	1144.695	11.21771	2.03	5.1	10.786	6.6009E-8	1	0	4.86652
2548	-36.5	-1.5	36.531	1144.886	11.24769	2.03	5.1	10.731	6.6356E-8	1	0	4.87697
2549	-36.5	-0.5	36.503	1144.982	11.26279	2.03	5.1	10.703	6.6532E-8	1	0	4.88223
2550	-36.5	0.5	36.503	1144.982	11.26279	2.03	5.1	10.703	6.6532E-8	1	0	4.88223
2551	-36.5	1.5	36.531	1144.886	11.24769	2.03	5.1	10.731	6.6356E-8	1	0	4.87697
2552	-36.5	2.5	36.586	1144.695	11.21771	2.03	5.1	10.786	6.6009E-8	1	0	4.86652
2553	-36.5	3.5	36.667	1144.41	11.17328	2.03	5.1	10.867	6.5495E-8	1	0	4.85102
2554	-36.5	4.5	36.776	1144.034	11.11506	2.03	5.1	10.976	6.4825E-8	1	0	4.83068
2555	-36.5	5.5	36.912	1143.571	11.04387	2.03	5.1	11.112	6.4011E-8	1	0	4.80576
2556	-36.5	6.5	37.074	1143.025	10.96075	2.03	5.1	11.274	6.3066E-8	1	0	4.77655
2557	-36.5	7.5	37.263	1142.4	10.86687	2.03	5.1	11.463	6.2007E-8	1	0	4.74337
2558	-36.5	8.5	37.477	1141.704	10.76353	2.03	5.1	11.677	6.0853E-8	1	0	4.70652
2559	-36.5	9.5	37.716	1140.943	10.65214	2.03	5.1	11.916	5.962E-8	1	0	4.66634
2560	-36.5	10.5	37.98	1140.126	10.53418	2.03	5.1	12.18	5.8328E-8	1	0	4.62312
2561	-36.5	11.5	38.269	1139.26	10.41117	2.03	5.1	12.469	5.6995E-8	1	0	4.57713
2562	-36.5	12.5	38.581	1138.356	10.28466	2.03	5.1	12.781	5.5641E-8	1	0	4.52862
2563	-36.5	13.5	38.917	1137.423	10.15616	2.03	5.1	13.117	5.4282E-8	1	0	4.47779
2564	-36.5	14.5	39.275	1136.472	10.0272	2.03	5.1	13.475	5.2934E-8	1	0	4.42482
2565	-36.5	15.5	39.655	1135.514	9.89921	2.03	5.1	13.855	5.1614E-8	1	0	4.36984
2566	-36.5	16.5	40.056	1134.558	9.77359	2.03	5.1	14.256	5.0333E-8	1	0	4.31295
2567	-36.5	17.5	40.478	1133.617	9.65163	2.03	5.1	14.678	4.9105E-8	1	0	4.25421
2568	-36.5	18.5	40.921	1132.701	9.53456	2.03	5.1	15.121	4.7941E-8	1	0	4.19367
2569	-36.5	19.5	41.382	1131.82	9.42347	2.03	5.1	15.582	4.6848E-8	1	0	4.13137
2570	-36.5	20.5	41.863	1130.984	9.3194	2.03	5.1	16.063	4.5836E-8	1	0	4.06732
2571	-36.5	21.5	42.362	1130.202	9.22325	2.03	5.1	16.562	4.4911E-8	1	0	4.00153
2572	-36.5	22.5	42.878	1129.484	9.13583	2.03	5.1	17.078	4.4078E-8	1	0	3.93401
2573	-36.5	23.5	43.411	1128.838	9.05785	2.03	5.1	17.611	4.3341E-8	1	0	3.86481
2574	-36.5	24.5	43.96	1128.27	8.98991	2.03	5.1	18.16	4.2704E-8	1	0	3.79395
2575	-36.5	25.5	44.525	1127.787	8.93254	2.03	5.1	18.725	4.2169E-8	1	0	3.72149
2576	-36.5	26.5	45.105	1127.394	8.88614	2.03	5.1	19.305	4.174E-8	1	0	3.64752
2577	-36.5	27.5	45.7	1127.095	8.85106	2.03	5.1	19.9	4.1416E-8	1	0	3.57216
2578	-36.5	28.5	46.309	1126.894	8.82754	2.03	5.1	20.509	4.12E-8	1	0	3.49552
2579	-36.5	29.5	46.931	1126.793	8.81628	2.03	5.1	21.131	4.1097E-8	1	0	3.41758
2580	-35.5	-29.5	46.157	1128.73	8.69819	2.03	5.1	20.357	3.9969E-8	1	0	3.57111
2581	-35.5	-28.5	45.525	1128.835	8.71046	2.03	5.1	19.725	4.008E-8	1	0	3.65835
2582	-35.5	-27.5	44.905	1129.045	8.73623	2.03	5.1	19.105	4.0314E-8	1	0	3.74423
2583	-35.5	-26.5	44.3	1129.357	8.77467	2.03	5.1	18.5	4.0664E-8	1	0	3.82885
2584	-35.5	-25.5	43.709	1129.767	8.82553	2.03	5.1	17.909	4.1129E-8	1	0	3.91206
2585	-35.5	-24.5	43.134	1130.271	8.88848	2.03	5.1	17.334	4.1709E-8	1	0	3.99378
2586	-35.5	-23.5	42.573	1130.864	8.96307	2.03	5.1	16.773	4.24E-8	1	0	4.07391
2587	-35.5	-22.5	42.03	1131.538	9.04878	2.03	5.1	16.23	4.3202E-8	1	0	4.15243
2588	-35.5	-21.5	41.503	1132.286	9.14495	2.03	5.1	15.703	4.4111E-8	1	0	4.2293
2589	-35.5	-20.5	40.994	1133.1	9.25085	2.03	5.1	15.194	4.5122E-8	1	0	4.30453
2590	-35.5	-19.5	40.503	1133.97	9.36561	2.03	5.1	14.703	4.6231E-8	1	0	4.37813
2591	-35.5	-18.5	40.031	1134.887	9.48825	2.03	5.1	14.231	4.743E-8	1	0	4.45009
2592	-35.5	-17.5	39.579	1135.839	9.6177	2.03	5.1	13.779	4.8713E-8	1	0	4.52042
2593	-35.5	-16.5	39.147	1136.815	9.75273	2.03	5.1	13.347	5.0068E-8	1	0	4.58911
2594	-35.5	-15.5	38.736	1137.805	9.89201	2.03	5.1	12.936	5.1486E-8	1	0	4.65609
2595	-35.5	-14.5	38.347	1138.797	10.03412	2.03	5.1	12.547	5.2953E-8	1	0	4.7213
2596	-35.5	-13.5	37.98	1139.78	10.17753	2.03	5.1	12.18	5.4453E-8	1	0	4.78459
2597	-35.5	-12.5	37.636	1140.742	10.32062	2.03	5.1	11.836	5.5971E-8	1	0	4.84579
2598	-35.5	-11.5	37.316	1141.672	10.4617	2.03	5.1	11.516	5.7488E-8	1	0	4.90467
2599	-35.5	-10.5	37.02	1142.562	10.59905	2.03	5.1	11.22	5.8984E-8	1	0	4.96092
2600	-35.5	-9.5	36.749	1143.4	10.73092	2.03	5.1	10.949	6.0439E-8	1	0	5.01419
2601	-35.5	-8.5	36.503	1144.178	10.85559	2.03	5.1	10.703	6.183E-8	1	0	5.06409
2602	-35.5	-7.5	36.284	1144.889	10.97138	2.03	5.1	10.484	6.3136E-8	1	0	5.11015
2603	-35.5	-6.5	36.09	1145.526	11.07666	2.03	5.1	10.29	6.4335E-8	1	0	5.15192
2604	-35.5	-5.5	35.924	1146.082	11.16995	2.03	5.1	10.124	6.5407E-8	1	0	5.18889
2605	-35.5	-4.5	35.784	1146.552	11.24989	2.03	5.1	9.984	6.6333E-8	1	0	5.22059
2606	-35.5	-3.5	35.672	1146.933	11.31532	2.03	5.1	9.872	6.7095E-8	1	0	5.24658
2607	-35.5	-2.5	35.588	1147.221	11.36525	2.03	5.1	9.788	6.768E-8	1	0	5.26646
2608	-35.5	-1.5	35.532	1147.415	11.39896	2.03	5.1	9.732	6.8076E-8	1	0	5.2799
2609	-35.5	-0.5	35.504	1147.512	11.41594	2.03	5.1	9.704	6.8276E-8	1	0	5.28668
2610	-35.5	0.5	35.504	1147.512	11.41594	2.03	5.1	9.704	6.8276E-8	1	0	5.28668
2611	-35.5	1.5	35.532	1147.415	11.39896	2.03	5.1	9.732	6.8076E-8	1	0	5.2799
2612	-35.5	2.5	35.588	1147.221	11.36525	2.03	5.1	9.788	6.768E-8	1	0	5.26646
2613	-35.5	3.5	35.672	1146.933	11.31532	2.03	5.1	9.872	6.7095E-8	1	0	5.24658
2614	-35.5	4.5	35.784	1146.552	11.24989	2.03	5.1	9.984	6.6333E-8	1	0	5.22059
2615	-35.5	5.5	35.924	1146.082	11.16995	2.03	5.1	10.124	6.5407E-8	1	0	5.18889
2616	-35.5	6.5	36.09	1145.526	11.07666	2.03	5.1	10.29	6.4335E-8	1	0	5.15192
2617	-35.5	7.5	36.284	1144.889	10.97138	2.03	5.1	10.484	6.3136E-8	1	0	5.11015
2618	-35.5	8.5	36.503	1144.178	10.85559	2.03	5.1	10.703	6.183E-8	1	0	5.06409
2619	-35.5	9.5	36.749	1143.4	10.73092	2.03	5.1	10.949	6.0439E-8	1	0	5.01419
2620	-35.5	10.5	37.02	1142.562	10.59905	2.03	5.1	11.22	5.8984E-8	1	0	4.96092
2621	-35.5	11.5	37.316	1141.672	10.4617	2.03	5.1	11.516	5.7488E-8	1	0	4.90467
2622	-35.5	12.5	37.636	1140.742	10.32062	2.03	5.1	11.836	5.5971E-8	1	0	4.84579
2623	-35.5	13.5	37.98	1139.78	10.17753	2.03	5.1	12.18	5.4453E-8	1	0	4.78459
2624	-35.5	14.5	38.347	1138.797	10.03412	2.03	5.1	12.547	5.2953E-8	1	0	4.7213
2625	-35.5	15.5	38.736	1137.805	9.89201	2.03	5.1	12.936	5.1486E-8	1	0	4.65609
2626	-35.5	16.5	39.147	1136.815	9.75273	2.03	5.1	13.347	5.0068E-8	1	0	4.58911
2627	-35.5	17.5	39.579	1135.839	9.6177	2.03	5.1	13.779	4.8713E-8	1	0	4.52042
2628	-35.5	18.5	40.031	1134.887	9.48825	2.03	5.1	14.231	4.743E-8	1	0	4.45009
2629	-35.5	19.5	40.503	1133.97	9.36561	2.03	5.1	14.703	4.6231E-8	1	0	4.37813
2630	-35.5	20.5	40.994	1133.1	9.25085	2.03	5.1	15.194	4.5122E-8	1	0	4.30453
2631	-35.5	21.5	41.503	1132.286	9.14495	2.03	5.1	15.703	4.4111E-8	1	0	4.2293
2632	-35.5	22.5	42.03	1131.538	9.04878	2.03	5.1	16.23	4.3202E-8	1	0	4.15243
2633	-35.5	23.5	42.573	1130.864	8.96307	2.03	5.1	16.773	4.24E-8	1	0	4.07391
2634	-35.5	24.5	43.134	1130.271	8.88848	2.03	5.1	17.334	4.1709E-8	1	0	3.99378
2635	-35.5	25.5	43.709	1129.767	8.82553	2.03	5.1	17.909	4.1129E-8	1	0	3.91206
2636	-35.5	26.5	44.3	1129.357	8.77467	2.03	5.1	18.5	4.0664E-8	1	0	3.82885
2637	-35.5	27.5	44.905	1129.045	8.73623	2.03	5.1	19.105	4.0314E-8	1	0	3.74423
2638	-35.5	28.5	45.525	1128.835	8.71046	2.03	5.1	19.725	4.008E-8	1	0	3.65835
2639	-35.5	29.5	46.157	1128.73	8.69819	2.03	5.1	20.357	3.9969E-8	1	0	3.57111
2640	-34.5	-29.5	45.393	1130.466	8.56896	2.03	5.1	19.593	3.876E-8	1	0	3.74139
2641	-34.5	-28.5	44.749	1130.576	8.58229	2.03	5.1	18.949	3.8879E-8	1	0	3.83938
2642	-34.5	-27.5	44.119	1130.795	8.61048	2.03	5.1	18.319	3.9131E-8	1	0	3.93597
2643	-34.5	-26.5	43.503	1131.119	8.65254	2.03	5.1	17.703	3.9509E-8	1	0	4.03135
2644	-34.5	-25.5	42.901	1131.547	8.70823	2.03	5.1	17.101	4.0012E-8	1	0	4.12538
2645	-34.5	-24.5	42.314	1132.071	8.7772	2.03	5.1	16.514	4.0638E-8	1	0	4.21797
2646	-34.5	-23.5	41.743	1132.688	8.859	2.03	5.1	15.943	4.1388E-8	1	0	4.30908
2647	-34.5	-22.5	41.189	1133.389	8.95308	2.03	5.1	15.389	4.2259E-8	1	0	4.39868
2648	-34.5	-21.5	40.651	1134.167	9.05878	2.03	5.1	14.851	4.3247E-8	1	0	4.4868
2649	-34.5	-20.5	40.131	1135.012	9.1753	2.03	5.1	14.331	4.4351E-8	1	0	4.57348
2650	-34.5	-19.5	39.63	1135.914	9.30176	2.03	5.1	13.83	4.5563E-8	1	0	4.65875
2651	-34.5	-18.5	39.147	1136.864	9.43709	2.03	5.1	13.347	4.6879E-8	1	0	4.74267
2652	-34.5	-17.5	38.685	1137.849	9.58014	2.03	5.1	12.885	4.829E-8	1	0	4.82527
2653	-34.5	-16.5	38.243	1138.858	9.72959	2.03	5.1	12.443	4.9786E-8	1	0	4.90654
2654	-34.5	-15.5	37.822	1139.879	9.884	2.03	5.1	12.022	5.1356E-8	1	0	4.98646
2655	-34.5	-14.5	37.423	1140.9	10.04181	2.03	5.1	11.623	5.2984E-8	1	0	5.06492
2656	-34.5	-13.5	37.047	1141.909	10.2013	2.03	5.1	11.247	5.4656E-8	1	0	5.14177
2657	-34.5	-12.5	36.695	1142.895	10.36069	2.03	5.1	10.895	5.6353E-8	1	0	5.21676
2658	-34.5	-11.5	36.366	1143.847	10.51809	2.03	5.1	10.566	5.8054E-8	1	0	5.28957
2659	-34.5	-10.5	36.062	1144.753	10.67155	2.03	5.1	10.262	5.9736E-8	1	0	5.35978
2660	-34.5	-9.5	35.784	1145.606	10.81909	2.03	5.1	9.984	6.1376E-8	1	0	5.42687
2661	-34.5	-8.5	35.532	1146.395	10.95875	2.03	5.1	9.732	6.2948E-8	1	0	5.49025
2662	-34.5	-7.5	35.306	1147.113	11.0886	2.03	5.1	9.506	6.4428E-8	1	0	5.54925
2663	-34.5	-6.5	35.107	1147.755	11.20681	2.03	5.1	9.307	6.5791E-8	1	0	5.60314
2664	-34.5	-5.5	34.936	1148.314	11.31163	2.03	5.1	9.136	6.701E-8	1	0	5.65117
2665	-34.5	-4.5	34.792	1148.785	11.40152	2.03	5.1	8.992	6.8065E-8	1	0	5.69261
2666	-34.5	-3.5	34.677	1149.166	11.47512	2.03	5.1	8.877	6.8935E-8	1	0	5.72676
2667	-34.5	-2.5	34.59	1149.454	11.53131	2.03	5.1	8.79	6.9603E-8	1	0	5.75298
2668	-34.5	-1.5	34.533	1149.647	11.56925	2.03	5.1	8.733	7.0056E-8	1	0	5.77077
2669	-34.5	-0.5	34.504	1149.743	11.58836	2.03	5.1	8.704	7.0284E-8	1	0	5.77975
2670	-34.5	0.5	34.504	1149.743	11.58836	2.03	5.1	8.704	7.0284E-8	1	0	5.77975
2671	-34.5	1.5	34.533	1149.647	11.56925	2.03	5.1	8.733	7.0056E-8	1	0	5.77077
2672	-34.5	2.5	34.59	1149.454	11.53131	2.03	5.1	8.79	6.9603E-8	1	0	5.75298
2673	-34.5	3.5	34.677	1149.166	11.47512	2.03	5.1	8.877	6.8935E-8	1	0	5.72676
2674	-34.5	4.5	34.792	1148.785	11.40152	2.03	5.1	8.992	6.8065E-8	1	0	5.69261
2675	-34.5	5.5	34.936	1148.314	11.31163	2.03	5.1	9.136	6.701E-8	1	0	5.65117
2676	-34.5	6.5	35.107	1147.755	11.20681	2.03	5.1	9.307	6.5791E-8	1	0	5.60314
2677	-34.5	7.5	35.306	1147.113	11.0886	2.03	5.1	9.506	6.4428E-8	1	0	5.54925
2678	-34.5	8.5	35.532	1146.395	10.95875	2.03	5.1	9.732	6.2948E-8	1	0	5.49025
2679	-34.5	9.5	35.784	1145.606	10.81909	2.03	5.1	9.984	6.1376E-8	1	0	5.42687
2680	-34.5	10.5	36.062	1144.753	10.67155	2.03	5.1	10.262	5.9736E-8	1	0	5.35978
2681	-34.5	11.5	36.366	1143.847	10.51809	2.03	5.1	10.566	5.8054E-8	1	0	5.28957
2682	-34.5	12.5	36.695	1142.895	10.36069	2.03	5.1	10.895	5.6353E-8	1	0	5.21676
2683	-34.5	13.5	37.047	1141.909	10.2013	2.03	5.1	11.247	5.4656E-8	1	0	5.14177
2684	-34.5	14.5	37.423	1140.9	10.04181	2.03	5.1	11.623	5.2984E-8	1	0	5.06492
2685	-34.5	15.5	37.822	1139.879	9.884	2.03	5.1	12.022	5.1356E-8	1	0	4.98646
2686	-34.5	16.5	38.243	1138.858	9.72959	2.03	5.1	12.443	4.9786E-8	1	0	4.90654
2687	-34.5	17.5	38.685	1137.849	9.58014	2.03	5.1	12.885	4.829E-8	1	0	4.82527
2688	-34.5	18.5	39.147	1136.864	9.43709	2.03	5.1	13.347	4.6879E-8	1	0	4.74267
2689	-34.5	19.5	39.63	1135.914	9.30176	2.03	5.1	13.83	4.5563E-8	1	0	4.65875
2690	-34.5	20.5	40.131	1135.012	9.1753	2.03	5.1	14.331	4.4351E-8	1	0	4.57348
2691	-34.5	21.5	40.651	1134.167	9.05878	2.03	5.1	14.851	4.3247E-8	1	0	4.4868
2692	-34.5	22.5	41.189	1133.389	8.95308	2.03	5.1	15.389	4.2259E-8	1	0	4.39868
2693	-34.5	23.5	41.743	1132.688	8.859	2.03	5.1	15.943	4.1388E-8	1	0	4.30908
2694	-34.5	24.5	42.314	1132.071	8.7772	2.03	5.1	16.514	4.0638E-8	1	0	4.21797
2695	-34.5	25.5	42.901	1131.547	8.70823	2.03	5.1	17.101	4.0012E-8	1	0	4.12538
2696	-34.5	26.5	43.503	1131.119	8.65254	2.03	5.1	17.703	3.9509E-8	1	0	4.03135
2697	-34.5	27.5	44.119	1130.795	8.61048	2.03	5.1	18.319	3.9131E-8	1	0	3.93597
2698	-34.5	28.5	44.749	1130.576	8.58229	2.03	5.1	18.949	3.8879E-8	1	0	3.83938
2699	-34.5	29.5	45.393	1130.466	8.56896	2.03	5.1	19.593	3.876E-8	1	0	3.74139
2700	-33.5	-29.5	44.637	1132.011	8.42775	2.03	5.1	18.837	3.7468E-8	1	0	3.93099
2701	-33.5	-28.5	43.983	1132.126	8.44221	2.03	5.1	18.183	3.7595E-8	1	0	4.04145
2702	-33.5	-27.5	43.342	1132.353	8.47298	2.03	5.1	17.542	3.7865E-8	1	0	4.15053
2703	-33.5	-26.5	42.714	1132.69	8.51894	2.03	5.1	16.914	3.8272E-8	1	0	4.25849
2704	-33.5	-25.5	42.101	1133.134	8.57982	2.03	5.1	16.301	3.8813E-8	1	0	4.36524
2705	-33.5	-24.5	41.503	1133.679	8.65528	2.03	5.1	15.703	3.9489E-8	1	0	4.47071
2706	-33.5	-23.5	40.921	1134.319	8.74487	2.03	5.1	15.121	4.0299E-8	1	0	4.57489
2707	-33.5	-22.5	40.355	1135.046	8.84801	2.03	5.1	14.555	4.1242E-8	1	0	4.67782
2708	-33.5	-21.5	39.806	1135.852	8.96404	2.03	5.1	14.006	4.2316E-8	1	0	4.77959
2709	-33.5	-20.5	39.275	1136.726	9.09214	2.03	5.1	13.475	4.3517E-8	1	0	4.88029
2710	-33.5	-19.5	38.762	1137.659	9.23135	2.03	5.1	12.962	4.4841E-8	1	0	4.98005
2711	-33.5	-18.5	38.269	1138.639	9.38058	2.03	5.1	12.469	4.6283E-8	1	0	5.07897
2712	-33.5	-17.5	37.796	1139.654	9.53858	2.03	5.1	11.996	4.7834E-8	1	0	5.17715
2713	-33.5	-16.5	37.343	1140.691	9.70394	2.03	5.1	11.543	4.9484E-8	1	0	5.27464
2714	-33.5	-15.5	36.912	1141.739	9.8751	2.03	5.1	11.112	5.1221E-8	1	0	5.37143
2715	-33.5	-14.5	36.503	1142.783	10.05032	2.03	5.1	10.703	5.303E-8	1	0	5.46744
2716	-33.5	-13.5	36.118	1143.813	10.22774	2.03	5.1	10.318	5.4894E-8	1	0	5.56247
2717	-33.5	-12.5	35.756	1144.816	10.40536	2.03	5.1	9.956	5.6791E-8	1	0	5.65621
2718	-33.5	-11.5	35.419	1145.78	10.58106	2.03	5.1	9.619	5.87E-8	1	0	5.74821
2719	-33.5	-10.5	35.107	1146.696	10.75264	2.03	5.1	9.307	6.0595E-8	1	0	5.83789
2720	-33.5	-9.5	34.821	1147.553	10.91786	2.03	5.1	9.021	6.2447E-8	1	0	5.9245
2721	-33.5	-8.5	34.562	1148.344	11.07446	2.03	5.1	8.762	6.4229E-8	1	0	6.00716
2722	-33.5	-7.5	34.329	1149.061	11.22026	2.03	5.1	8.529	6.591E-8	1	0	6.08484
2723	-33.5	-6.5	34.125	1149.699	11.35312	2.03	5.1	8.325	6.7461E-8	1	0	6.15642
2724	-33.5	-5.5	33.948	1150.252	11.47107	2.03	5.1	8.148	6.8853E-8	1	0	6.22075
2725	-33.5	-4.5	33.801	1150.717	11.57228	2.03	5.1	8.001	7.0059E-8	1	0	6.27664
2726	-33.5	-3.5	33.682	1151.091	11.65517	2.03	5.1	7.882	7.1054E-8	1	0	6.32298
2727	-33.5	-2.5	33.593	1151.373	11.71848	2.03	5.1	7.793	7.1819E-8	1	0	6.35874
2728	-33.5	-1.5	33.534	1151.561	11.76123	2.03	5.1	7.734	7.2338E-8	1	0	6.38309
2729	-33.5	-0.5	33.504	1151.655	11.78277	2.03	5.1	7.704	7.26E-8	1	0	6.39542
2730	-33.5	0.5	33.504	1151.655	11.78277	2.03	5.1	7.704	7.26E-8	1	0	6.39542
2731	-33.5	1.5	33.534	1151.561	11.76123	2.03	5.1	7.734	7.2338E-8	1	0	6.38309
2732	-33.5	2.5	33.593	1151.373	11.71848	2.03	5.1	7.793	7.1819E-8	1	0	6.35874
2733	-33.5	3.5	33.682	1151.091	11.65517	2.03	5.1	7.882	7.1054E-8	1	0	6.32298
2734	-33.5	4.5	33.801	1150.717	11.57228	2.03	5.1	8.001	7.0059E-8	1	0	6.27664
2735	-33.5	5.5	33.948	1150.252	11.47107	2.03	5.1	8.148	6.8853E-8	1	0	6.22075
2736	-33.5	6.5	34.125	1149.699	11.35312	2.03	5.1	8.325	6.7461E-8	1	0	6.15642
2737	-33.5	7.5	34.329	1149.061	11.22026	2.03	5.1	8.529	6.591E-8	1	0	6.08484
2738	-33.5	8.5	34.562	1148.344	11.07446	2.03	5.1	8.762	6.4229E-8	1	0	6.00716
2739	-33.5	9.5	34.821	1147.553	10.91786	2.03	5.1	9.021	6.2447E-8	1	0	5.9245
2740	-33.5	10.5	35.107	1146.696	10.75264	2.03	5.1	9.307	6.0595E-8	1	0	5.83789
2741	-33.5	11.5	35.419	1145.78	10.58106	2.03	5.1	9.619	5.87E-8	1	0	5.74821
2742	-33.5	12.5	35.756	1144.816	10.40536	2.03	5.1	9.956	5.6791E-8	1	0	5.65621
2743	-33.5	13.5	36.118	1143.813	10.22774	2.03	5.1	10.318	5.4894E-8	1	0	5.56247
2744	-33.5	14.5	36.503	1142.783	10.05032	2.03	5.1	10.703	5.303E-8	1	0	5.46744
2745	-33.5	15.5	36.912	1141.739	9.8751	2.03	5.1	11.112	5.1221E-8	1	0	5.37143
2746	-33.5	16.5	37.343	1140.691	9.70394	2.03	5.1	11.543	4.9484E-8	1	0	5.27464
2747	-33.5	17.5	37.796	1139.654	9.53858	2.03	5.1	11.996	4.7834E-8	1	0	5.17715
2748	-33.5	18.5	38.269	1138.639	9.38058	2.03	5.1	12.469	4.6283E-8	1	0	5.07897
2749	-33.5	19.5	38.762	1137.659	9.23135	2.03	5.1	12.962	4.4841E-8	1	0	4.98005
2750	-33.5	20.5	39.275	1136.726	9.09214	2.03	5.1	13.475	4.3517E-8	1	0	4.88029
2751	-33.5	21.5	39.806	1135.852	8.96404	2.03	5.1	14.006	4.2316E-8	1	0	4.77959
2752	-33.5	22.5	40.355	1135.046	8.84801	2.03	5.1	14.555	4.1242E-8	1	0	4.67782
2753	-33.5	23.5	40.921	1134.319	8.74487	2.03	5.1	15.121	4.0299E-8	1	0	4.57489
2754	-33.5	24.5	41.503	1133.679	8.65528	2.03	5.1	15.703	3.9489E-8	1	0	4.47071
2755	-33.5	25.5	42.101	1133.134	8.57982	2.03	5.1	16.301	3.8813E-8	1	0	4.36524
2756	-33.5	26.5	42.714	1132.69	8.51894	2.03	5.1	16.914	3.8272E-8	1	0	4.25849
2757	-33.5	27.5	43.342	1132.353	8.47298	2.03	5.1	17.542	3.7865E-8	1	0	4.15053
2758	-33.5	28.5	43.983	1132.126	8.44221	2.03	5.1	18.183	3.7595E-8	1	0	4.04145
2759	-33.5	29.5	44.637	1132.011	8.42775	2.03	5.1	18.837	3.7468E-8	1	0	3.93099
2760	-32.5	-29.5	43.892	1133.375	8.27373	2.03	5.1	18.092	3.6089E-8	1	0	4.14296
2761	-32.5	-28.5	43.226	1133.493	8.28937	2.03	5.1	17.426	3.6224E-8	1	0	4.26798
2762	-32.5	-27.5	42.573	1133.729	8.32291	2.03	5.1	16.773	3.6514E-8	1	0	4.39166
2763	-32.5	-26.5	41.934	1134.079	8.37303	2.03	5.1	16.134	3.6949E-8	1	0	4.51444
2764	-32.5	-25.5	41.31	1134.539	8.43947	2.03	5.1	15.51	3.753E-8	1	0	4.63624
2765	-32.5	-24.5	40.7	1135.103	8.5219	2.03	5.1	14.9	3.8257E-8	1	0	4.75707
2766	-32.5	-23.5	40.106	1135.765	8.61986	2.03	5.1	14.306	3.913E-8	1	0	4.87697
2767	-32.5	-22.5	39.528	1136.517	8.73279	2.03	5.1	13.728	4.0149E-8	1	0	4.99609
2768	-32.5	-21.5	38.968	1137.349	8.86	2.03	5.1	13.168	4.1312E-8	1	0	5.11459
2769	-32.5	-20.5	38.425	1138.251	9.00066	2.03	5.1	12.625	4.2617E-8	1	0	5.2327
2770	-32.5	-19.5	37.901	1139.212	9.15379	2.03	5.1	12.101	4.4061E-8	1	0	5.35065
2771	-32.5	-18.5	37.397	1140.219	9.31821	2.03	5.1	11.597	4.5637E-8	1	0	5.46868
2772	-32.5	-17.5	36.912	1141.26	9.49263	2.03	5.1	11.112	4.734E-8	1	0	5.58701
2773	-32.5	-16.5	36.449	1142.321	9.67552	2.03	5.1	10.649	4.9158E-8	1	0	5.70577
2774	-32.5	-15.5	36.007	1143.389	9.86519	2.03	5.1	10.207	5.108E-8	1	0	5.82505
2775	-32.5	-14.5	35.588	1144.451	10.05976	2.03	5.1	9.788	5.309E-8	1	0	5.94479
2776	-32.5	-13.5	35.192	1145.493	10.25717	2.03	5.1	9.392	5.5169E-8	1	0	6.06479
2777	-32.5	-12.5	34.821	1146.504	10.45519	2.03	5.1	9.021	5.7294E-8	1	0	6.18468
2778	-32.5	-11.5	34.475	1147.471	10.65144	2.03	5.1	8.675	5.9439E-8	1	0	6.30387
2779	-32.5	-10.5	34.154	1148.385	10.84344	2.03	5.1	8.354	6.1576E-8	1	0	6.42154
2780	-32.5	-9.5	33.86	1149.236	11.02861	2.03	5.1	8.06	6.3673E-8	1	0	6.53661
2781	-32.5	-8.5	33.593	1150.016	11.20441	2.03	5.1	7.793	6.5696E-8	1	0	6.64777
2782	-32.5	-7.5	33.354	1150.72	11.3683	2.03	5.1	7.554	6.7611E-8	1	0	6.75343
2783	-32.5	-6.5	33.144	1151.341	11.51786	2.03	5.1	7.344	6.9382E-8	1	0	6.85183
2784	-32.5	-5.5	32.962	1151.877	11.65077	2.03	5.1	7.162	7.0976E-8	1	0	6.94111
2785	-32.5	-4.5	32.81	1152.325	11.76489	2.03	5.1	7.01	7.2359E-8	1	0	7.01937
2786	-32.5	-3.5	32.688	1152.684	11.85838	2.03	5.1	6.888	7.3501E-8	1	0	7.08475
2787	-32.5	-2.5	32.596	1152.952	11.92978	2.03	5.1	6.796	7.438E-8	1	0	7.13552
2788	-32.5	-1.5	32.535	1153.131	11.978	2.03	5.1	6.735	7.4977E-8	1	0	7.17023
2789	-32.5	-0.5	32.504	1153.22	12.0023	2.03	5.1	6.704	7.5278E-8	1	0	7.18786
2790	-32.5	0.5	32.504	1153.22	12.0023	2.03	5.1	6.704	7.5278E-8	1	0	7.18786
2791	-32.5	1.5	32.535	1153.131	11.978	2.03	5.1	6.735	7.4977E-8	1	0	7.17023
2792	-32.5	2.5	32.596	1152.952	11.92978	2.03	5.1	6.796	7.438E-8	1	0	7.13552
2793	-32.5	3.5	32.688	1152.684	11.85838	2.03	5.1	6.888	7.3501E-8	1	0	7.08475
2794	-32.5	4.5	32.81	1152.325	11.76489	2.03	5.1	7.01	7.2359E-8	1	0	7.01937
2795	-32.5	5.5	32.962	1151.877	11.65077	2.03	5.1	7.162	7.0976E-8	1	0	6.94111
2796	-32.5	6.5	33.144	1151.341	11.51786	2.03	5.1	7.344	6.9382E-8	1	0	6.85183
2797	-32.5	7.5	33.354	1150.72	11.3683	2.03	5.1	7.554	6.7611E-8	1	0	6.75343
2798	-32.5	8.5	33.593	1150.016	11.20441	2.03	5.1	7.793	6.5696E-8	1	0	6.64777
2799	-32.5	9.5	33.86	1149.236	11.02861	2.03	5.1	8.06	6.3673E-8	1	0	6.53661
2800	-32.5	10.5	34.154	1148.385	10.84344	2.03	5.1	8.354	6.1576E-8	1	0	6.42154
2801	-32.5	11.5	34.475	1147.471	10.65144	2.03	5.1	8.675	5.9439E-8	1	0	6.30387
2802	-32.5	12.5	34.821	1146.504	10.45519	2.03	5.1	9.021	5.7294E-8	1	0	6.18468
2803	-32.5	13.5	35.192	1145.493	10.25717	2.03	5.1	9.392	5.5169E-8	1	0	6.06479
2804	-32.5	14.5	35.588	1144.451	10.05976	2.03	5.1	9.788	5.309E-8	1	0	5.94479
2805	-32.5	15.5	36.007	1143.389	9.86519	2.03	5.1	10.207	5.108E-8	1	0	5.82505
2806	-32.5	16.5	36.449	1142.321	9.67552	2.03	5.1	10.649	4.9158E-8	1	0	5.70577
2807	-32.5	17.5	36.912	1141.26	9.49263	2.03	5.1	11.112	4.734E-8	1	0	5.58701
2808	-32.5	18.5	37.397	1140.219	9.31821	2.03	5.1	11.597	4.5637E-8	1	0	5.46868
2809	-32.5	19.5	37.901	1139.212	9.15379	2.03	5.1	12.101	4.4061E-8	1	0	5.35065
2810	-32.5	20.5	38.425	1138.251	9.00066	2.03	5.1	12.625	4.2617E-8	1	0	5.2327
2811	-32.5	21.5	38.968	1137.349	8.86	2.03	5.1	13.168	4.1312E-8	1	0	5.11459
2812	-32.5	22.5	39.528	1136.517	8.73279	2.03	5.1	13.728	4.0149E-8	1	0	4.99609
2813	-32.5	23.5	40.106	1135.765	8.61986	2.03	5.1	14.306	3.913E-8	1	0	4.87697
2814	-32.5	24.5	40.7	1135.103	8.5219	2.03	5.1	14.9	3.8257E-8	1	0	4.75707
2815	-32.5	25.5	41.31	1134.539	8.43947	2.03	5.1	15.51	3.753E-8	1	0	4.63624
2816	-32.5	26.5	41.934	1134.079	8.37303	2.03	5.1	16.134	3.6949E-8	1	0	4.51444
2817	-32.5	27.5	42.573	1133.729	8.32291	2.03	5.1	16.773	3.6514E-8	1	0	4.39166
2818	-32.5	28.5	43.226	1133.493	8.28937	2.03	5.1	17.426	3.6224E-8	1	0	4.26798
2819	-32.5	29.5	43.892	1133.375	8.27373	2.03	5.1	18.092	3.6089E-8	1	0	4.14296
2820	-31.5	-29.5	43.157	1134.568	8.10606	2.03	5.1	17.357	3.4623E-8	1	0	4.38096
2821	-31.5	-28.5	42.479	1134.69	8.12292	2.03	5.1	16.679	3.4765E-8	1	0	4.52305
2822	-31.5	-27.5	41.815	1134.934	8.15941	2.03	5.1	16.015	3.5075E-8	1	0	4.66393
2823	-31.5	-26.5	41.164	1135.296	8.21396	2.03	5.1	15.364	3.5539E-8	1	0	4.80426
2824	-31.5	-25.5	40.528	1135.771	8.28633	2.03	5.1	14.728	3.6161E-8	1	0	4.94402
2825	-31.5	-24.5	39.906	1136.355	8.37621	2.03	5.1	14.106	3.694E-8	1	0	5.0833
2826	-31.5	-23.5	39.3	1137.038	8.48315	2.03	5.1	13.5	3.7878E-8	1	0	5.22228
2827	-31.5	-22.5	38.71	1137.813	8.6066	2.03	5.1	12.91	3.8975E-8	1	0	5.36123
2828	-31.5	-21.5	38.138	1138.67	8.74589	2.03	5.1	12.338	4.0231E-8	1	0	5.50051
2829	-31.5	-20.5	37.583	1139.597	8.90016	2.03	5.1	11.783	4.1646E-8	1	0	5.64051
2830	-31.5	-19.5	37.047	1140.582	9.0684	2.03	5.1	11.247	4.3216E-8	1	0	5.78169
2831	-31.5	-18.5	36.531	1141.613	9.24942	2.03	5.1	10.731	4.4938E-8	1	0	5.92449
2832	-31.5	-17.5	36.035	1142.674	9.44182	2.03	5.1	10.235	4.6805E-8	1	0	6.06935
2833	-31.5	-16.5	35.56	1143.753	9.64401	2.03	5.1	9.76	4.8808E-8	1	0	6.21662
2834	-31.5	-15.5	35.107	1144.835	9.85415	2.03	5.1	9.307	5.0933E-8	1	0	6.36653
2835	-31.5	-14.5	34.677	1145.905	10.07021	2.03	5.1	8.877	5.3166E-8	1	0	6.51918
2836	-31.5	-13.5	34.271	1146.95	10.28992	2.03	5.1	8.471	5.5485E-8	1	0	6.67444
2837	-31.5	-12.5	33.89	1147.958	10.51079	2.03	5.1	8.09	5.7867E-8	1	0	6.83191
2838	-31.5	-11.5	33.534	1148.916	10.73016	2.03	5.1	7.734	6.0282E-8	1	0	6.99086
2839	-31.5	-10.5	33.204	1149.814	10.94519	2.03	5.1	7.404	6.2697E-8	1	0	7.15019
2840	-31.5	-9.5	32.901	1150.644	11.15297	2.03	5.1	7.101	6.5076E-8	1	0	7.30838
2841	-31.5	-8.5	32.627	1151.398	11.35053	2.03	5.1	6.827	6.7379E-8	1	0	7.46343
2842	-31.5	-7.5	32.381	1152.072	11.53499	2.03	5.1	6.581	6.9566E-8	1	0	7.61291
2843	-31.5	-6.5	32.164	1152.663	11.70361	2.03	5.1	6.364	7.1596E-8	1	0	7.75391
2844	-31.5	-5.5	31.977	1153.167	11.85369	2.03	5.1	6.177	7.3427E-8	1	0	7.88335
2845	-31.5	-4.5	31.82	1153.584	11.98259	2.03	5.1	6.02	7.5019E-8	1	0	7.99808
2846	-31.5	-3.5	31.694	1153.915	12.08814	2.03	5.1	5.894	7.6335E-8	1	0	8.09486
2847	-31.5	-2.5	31.599	1154.161	12.16874	2.03	5.1	5.799	7.7348E-8	1	0	8.17061
2848	-31.5	-1.5	31.536	1154.324	12.22319	2.03	5.1	5.736	7.8036E-8	1	0	8.22267
2849	-31.5	-0.5	31.504	1154.405	12.25064	2.03	5.1	5.704	7.8384E-8	1	1	8.24919
2850	-31.5	0.5	31.504	1154.405	12.25064	2.03	5.1	5.704	7.8384E-8	1	1	8.24919
2851	-31.5	1.5	31.536	1154.324	12.22319	2.03	5.1	5.736	7.8036E-8	1	0	8.22267
2852	-31.5	2.5	31.599	1154.161	12.16874	2.03	5.1	5.799	7.7348E-8	1	0	8.17061
2853	-31.5	3.5	31.694	1153.915	12.08814	2.03	5.1	5.894	7.6335E-8	1	0	8.09486
2854	-31.5	4.5	31.82	1153.584	11.98259	2.03	5.1	6.02	7.5019E-8	1	0	7.99808
2855	-31.5	5.5	31.977	1153.167	11.85369	2.03	5.1	6.177	7.3427E-8	1	0	7.88335
2856	-31.5	6.5	32.164	1152.663	11.70361	2.03	5.1	6.364	7.1596E-8	1	0	7.75391
2857	-31.5	7.5	32.381	1152.072	11.53499	2.03	5.1	6.581	6.9566E-8	1	0	7.61291
2858	-31.5	8.5	32.627	1151.398	11.35053	2.03	5.1	6.827	6.7379E-8	1	0	7.46343
2859	-31.5	9.5	32.901	1150.644	11.15297	2.03	5.1	7.101	6.5076E-8	1	0	7.30838
2860	-31.5	10.5	33.204	1149.814	10.94519	2.03	5.1	7.404	6.2697E-8	1	0	7.15019
2861	-31.5	11.5	33.534	1148.916	10.73016	2.03	5.1	7.734	6.0282E-8	1	0	6.99086
2862	-31.5	12.5	33.89	1147.958	10.51079	2.03	5.1	8.09	5.7867E-8	1	0	6.83191
2863	-31.5	13.5	34.271	1146.95	10.28992	2.03	5.1	8.471	5.5485E-8	1	0	6.67444
2864	-31.5	14.5	34.677	1145.905	10.07021	2.03	5.1	8.877	5.3166E-8	1	0	6.51918
2865	-31.5	15.5	35.107	1144.835	9.85415	2.03	5.1	9.307	5.0933E-8	1	0	6.36653
2866	-31.5	16.5	35.56	1143.753	9.64401	2.03	5.1	9.76	4.8808E-8	1	0	6.21662
2867	-31.5	17.5	36.035	1142.674	9.44182	2.03	5.1	10.235	4.6805E-8	1	0	6.06935
2868	-31.5	18.5	36.531	1141.613	9.24942	2.03	5.1	10.731	4.4938E-8	1	0	5.92449
2869	-31.5	19.5	37.047	1140.582	9.0684	2.03	5.1	11.247	4.3216E-8	1	0	5.78169
2870	-31.5	20.5	37.583	1139.597	8.90016	2.03	5.1	11.783	4.1646E-8	1	0	5.64051
2871	-31.5	21.5	38.138	1138.67	8.74589	2.03	5.1	12.338	4.0231E-8	1	0	5.50051
2872	-31.5	22.5	38.71	1137.813	8.6066	2.03	5.1	12.91	3.8975E-8	1	0	5.36123
2873	-31.5	23.5	39.3	1137.038	8.48315	2.03	5.1	13.5	3.7878E-8	1	0	5.22228
2874	-31.5	24.5	39.906	1136.355	8.37621	2.03	5.1	14.106	3.694E-8	1	0	5.0833
2875	-31.5	25.5	40.528	1135.771	8.28633	2.03	5.1	14.728	3.6161E-8	1	0	4.94402
2876	-31.5	26.5	41.164	1135.296	8.21396	2.03	5.1	15.364	3.5539E-8	1	0	4.80426
2877	-31.5	27.5	41.815	1134.934	8.15941	2.03	5.1	16.015	3.5075E-8	1	0	4.66393
2878	-31.5	28.5	42.479	1134.69	8.12292	2.03	5.1	16.679	3.4765E-8	1	0	4.52305
2879	-31.5	29.5	43.157	1134.568	8.10606	2.03	5.1	17.357	3.4623E-8	1	0	4.38096
2880	-30.5	-29.5	42.432	1135.601	7.92393	2.03	5.1	16.632	3.3069E-8	1	0	4.64939
2881	-30.5	-28.5	41.743	1135.728	7.94206	2.03	5.1	15.943	3.3219E-8	1	0	4.81162
2882	-30.5	-27.5	41.067	1135.979	7.98166	2.03	5.1	15.267	3.3547E-8	1	0	4.97288
2883	-30.5	-26.5	40.404	1136.353	8.0409	2.03	5.1	14.604	3.4042E-8	1	0	5.13413
2884	-30.5	-25.5	39.756	1136.843	8.11956	2.03	5.1	13.956	3.4703E-8	1	0	5.29547
2885	-30.5	-24.5	39.122	1137.445	8.21736	2.03	5.1	13.322	3.5535E-8	1	0	5.45713
2886	-30.5	-23.5	38.503	1138.148	8.33389	2.03	5.1	12.703	3.6538E-8	1	0	5.61949
2887	-30.5	-22.5	37.901	1138.945	8.46862	2.03	5.1	12.101	3.7716E-8	1	0	5.78306
2888	-30.5	-21.5	37.316	1139.825	8.62089	2.03	5.1	11.516	3.9069E-8	1	0	5.94845
2889	-30.5	-20.5	36.749	1140.774	8.78986	2.03	5.1	10.949	4.0599E-8	1	0	6.1164
2890	-30.5	-19.5	36.201	1141.781	8.9745	2.03	5.1	10.401	4.2303E-8	1	0	6.28771
2891	-30.5	-18.5	35.672	1142.83	9.1736	2.03	5.1	9.872	4.4181E-8	1	0	6.46323
2892	-30.5	-17.5	35.164	1143.907	9.38569	2.03	5.1	9.364	4.6225E-8	1	0	6.64378
2893	-30.5	-16.5	34.677	1144.997	9.60909	2.03	5.1	8.877	4.8428E-8	1	0	6.83013
2894	-30.5	-15.5	34.213	1146.083	9.84186	2.03	5.1	8.413	5.0778E-8	1	0	7.0229
2895	-30.5	-14.5	33.771	1147.152	10.08179	2.03	5.1	7.971	5.3259E-8	1	0	7.22254
2896	-30.5	-13.5	33.354	1148.188	10.32637	2.03	5.1	7.554	5.5848E-8	1	0	7.42918
2897	-30.5	-12.5	32.962	1149.179	10.57287	2.03	5.1	7.162	5.8521E-8	1	0	7.64257
2898	-30.5	-11.5	32.596	1150.112	10.81828	2.03	5.1	6.796	6.1244E-8	1	0	7.86197
2899	-30.5	-10.5	32.257	1150.977	11.05938	2.03	5.1	6.457	6.3979E-8	1	0	8.08602
2900	-30.5	-9.5	31.945	1151.767	11.29278	2.03	5.1	6.145	6.6684E-8	1	0	8.31265
2901	-30.5	-8.5	31.662	1152.476	11.51508	2.03	5.1	5.862	6.9314E-8	1	0	8.5389
2902	-30.5	-7.5	31.409	1153.1	11.72294	2.03	5.1	5.609	7.1819E-8	1	0	8.76093
2903	-30.5	-6.5	31.185	1153.64	11.91337	2.03	5.1	5.385	7.4153E-8	1	0	8.97383
2904	-30.5	-5.5	30.992	1154.094	12.08331	2.03	5.1	5.192	7.6268E-8	1	0	9.17216
2905	-30.5	-4.5	30.83	1154.462	12.2292	2.03	5.1	5.03	7.8108E-8	1	0	9.35057
2906	-30.5	-3.5	30.7	1154.75	12.34847	2.03	5.1	4.9	7.9629E-8	1	1	9.5031
2907	-30.5	-2.5	30.602	1154.96	12.43949	2.03	5.1	4.802	8.0799E-8	1	1	9.62369
2908	-30.5	-1.5	30.537	1155.098	12.50102	2.03	5.1	4.737	8.1596E-8	1	1	9.70718
2909	-30.5	-0.5	30.504	1155.166	12.53207	2.03	5.1	4.704	8.1999E-8	1	1	9.74986
2910	-30.5	0.5	30.504	1155.166	12.53207	2.03	5.1	4.704	8.1999E-8	1	1	9.74986
2911	-30.5	1.5	30.537	1155.098	12.50102	2.03	5.1	4.737	8.1596E-8	1	1	9.70718
2912	-30.5	2.5	30.602	1154.96	12.43949	2.03	5.1	4.802	8.0799E-8	1	1	9.62369
2913	-30.5	3.5	30.7	1154.75	12.34847	2.03	5.1	4.9	7.9629E-8	1	1	9.5031
2914	-30.5	4.5	30.83	1154.462	12.2292	2.03	5.1	5.03	7.8108E-8	1	0	9.35057
2915	-30.5	5.5	30.992	1154.094	12.08331	2.03	5.1	5.192	7.6268E-8	1	0	9.17216
2916	-30.5	6.5	31.185	1153.64	11.91337	2.03	5.1	5.385	7.4153E-8	1	0	8.97383
2917	-30.5	7.5	31.409	1153.1	11.72294	2.03	5.1	5.609	7.1819E-8	1	0	8.76093
2918	-30.5	8.5	31.662	1152.476	11.51508	2.03	5.1	5.862	6.9314E-8	1	0	8.5389
2919	-30.5	9.5	31.945	1151.767	11.29278	2.03	5.1	6.145	6.6684E-8	1	0	8.31265
2920	-30.5	10.5	32.257	1150.977	11.05938	2.03	5.1	6.457	6.3979E-8	1	0	8.08602
2921	-30.5	11.5	32.596	1150.112	10.81828	2.03	5.1	6.796	6.1244E-8	1	0	7.86197
2922	-30.5	12.5	32.962	1149.179	10.57287	2.03	5.1	7.162	5.8521E-8	1	0	7.64257
2923	-30.5	13.5	33.354	1148.188	10.32637	2.03	5.1	7.554	5.5848E-8	1	0	7.42918
2924	-30.5	14.5	33.771	1147.152	10.08179	2.03	5.1	7.971	5.3259E-8	1	0	7.22254
2925	-30.5	15.5	34.213	1146.083	9.84186	2.03	5.1	8.413	5.0778E-8	1	0	7.0229
2926	-30.5	16.5	34.677	1144.997	9.60909	2.03	5.1	8.877	4.8428E-8	1	0	6.83013
2927	-30.5	17.5	35.164	1143.907	9.38569	2.03	5.1	9.364	4.6225E-8	1	0	6.64378
2928	-30.5	18.5	35.672	1142.83	9.1736	2.03	5.1	9.872	4.4181E-8	1	0	6.46323
2929	-30.5	19.5	36.201	1141.781	8.9745	2.03	5.1	10.401	4.2303E-8	1	0	6.28771
2930	-30.5	20.5	36.749	1140.774	8.78986	2.03	5.1	10.949	4.0599E-8	1	0	6.1164
2931	-30.5	21.5	37.316	1139.825	8.62089	2.03	5.1	11.516	3.9069E-8	1	0	5.94845
2932	-30.5	22.5	37.901	1138.945	8.46862	2.03	5.1	12.101	3.7716E-8	1	0	5.78306
2933	-30.5	23.5	38.503	1138.148	8.33389	2.03	5.1	12.703	3.6538E-8	1	0	5.61949
2934	-30.5	24.5	39.122	1137.445	8.21736	2.03	5.1	13.322	3.5535E-8	1	0	5.45713
2935	-30.5	25.5	39.756	1136.843	8.11956	2.03	5.1	13.956	3.4703E-8	1	0	5.29547
2936	-30.5	26.5	40.404	1136.353	8.0409	2.03	5.1	14.604	3.4042E-8	1	0	5.13413
2937	-30.5	27.5	41.067	1135.979	7.98166	2.03	5.1	15.267	3.3547E-8	1	0	4.97288
2938	-30.5	28.5	41.743	1135.728	7.94206	2.03	5.1	15.943	3.3219E-8	1	0	4.81162
2939	-30.5	29.5	42.432	1135.601	7.92393	2.03	5.1	16.632	3.3069E-8	1	0	4.64939
2940	-29.5	-29.5	41.719	1136.488	7.72657	2.03	5.1	15.919	3.143E-8	1	0	4.95357
2941	-29.5	-28.5	41.018	1136.619	7.74598	2.03	5.1	15.218	3.1587E-8	1	0	5.13971
2942	-29.5	-27.5	40.33	1136.878	7.78885	2.03	5.1	14.53	3.1934E-8	1	0	5.32526
2943	-29.5	-26.5	39.655	1137.263	7.85303	2.03	5.1	13.855	3.2456E-8	1	0	5.51165
2944	-29.5	-25.5	38.994	1137.768	7.93833	2.03	5.1	13.194	3.3158E-8	1	0	5.69914
2945	-29.5	-24.5	38.347	1138.386	8.04452	2.03	5.1	12.547	3.4042E-8	1	0	5.88821
2946	-29.5	-23.5	37.716	1139.109	8.17123	2.03	5.1	11.916	3.5111E-8	1	0	6.07954
2947	-29.5	-22.5	37.101	1139.926	8.31799	2.03	5.1	11.301	3.637E-8	1	0	6.27401
2948	-29.5	-21.5	36.503	1140.826	8.48417	2.03	5.1	10.703	3.7823E-8	1	0	6.47272
2949	-29.5	-20.5	35.924	1141.795	8.66897	2.03	5.1	10.124	3.9472E-8	1	0	6.67694
2950	-29.5	-19.5	35.362	1142.819	8.87136	2.03	5.1	9.562	4.1318E-8	1	0	6.8881
2951	-29.5	-18.5	34.821	1143.882	9.0901	2.03	5.1	9.021	4.336E-8	1	0	7.10774
2952	-29.5	-17.5	34.3	1144.969	9.3237	2.03	5.1	8.5	4.5595E-8	1	0	7.33746
2953	-29.5	-16.5	33.801	1146.061	9.57039	2.03	5.1	8.001	4.8016E-8	1	0	7.57886
2954	-29.5	-15.5	33.324	1147.143	9.82815	2.03	5.1	7.524	5.0613E-8	1	0	7.83341
2955	-29.5	-14.5	32.871	1148.198	10.09458	2.03	5.1	7.071	5.3369E-8	1	0	8.1024
2956	-29.5	-13.5	32.442	1149.211	10.36694	2.03	5.1	6.642	5.6262E-8	1	0	8.38683
2957	-29.5	-12.5	32.039	1150.168	10.6422	2.03	5.1	6.239	5.9265E-8	1	0	8.6871
2958	-29.5	-11.5	31.662	1151.056	10.91704	2.03	5.1	5.862	6.234E-8	1	0	9.00289
2959	-29.5	-10.5	31.313	1151.868	11.18771	2.03	5.1	5.513	6.5446E-8	1	0	9.33301
2960	-29.5	-9.5	30.992	1152.595	11.45026	2.03	5.1	5.192	6.8532E-8	1	0	9.675
2961	-29.5	-8.5	30.7	1153.232	11.70075	2.03	5.1	4.9	7.1543E-8	1	0	10.0247
2962	-29.5	-7.5	30.438	1153.78	11.93509	2.03	20	4.638	7.4419E-8	1	0	10.3307
2963	-29.5	-6.5	30.208	1154.245	12.15052	2.03	20	4.408	7.7114E-8	1	0	10.67831
2964	-29.5	-5.5	30.008	1154.624	12.34396	2.03	20	4.208	7.9575E-8	1	1	11.00809
2965	-29.5	-4.5	29.841	1154.921	12.50943	2.03	20	4.041	8.1712E-8	0	0	11.31107
2966	-29.5	-3.5	29.707	1155.144	12.64412	2.03	20	3.907	8.3473E-8	0	0	11.57494
2967	-29.5	-2.5	29.606	1155.303	12.74682	2.03	20	3.806	8.4828E-8	0	0	11.78653
2968	-29.5	-1.5	29.538	1155.404	12.81641	2.03	20	3.738	8.5753E-8	0	0	11.93438
2969	-29.5	-0.5	29.504	1155.453	12.85166	2.03	20	3.704	8.6223E-8	0	0	12.01036
2970	-29.5	0.5	29.504	1155.453	12.85166	2.03	20	3.704	8.6223E-8	0	0	12.01036
2971	-29.5	1.5	29.538	1155.404	12.81641	2.03	20	3.738	8.5753E-8	0	0	11.93438
2972	-29.5	2.5	29.606	1155.303	12.74682	2.03	20	3.806	8.4828E-8	0	0	11.78653
2973	-29.5	3.5	29.707	1155.144	12.64412	2.03	20	3.907	8.3473E-8	0	0	11.57494
2974	-29.5	4.5	29.841	1154.921	12.50943	2.03	20	4.041	8.1712E-8	0	0	11.31107
2975	-29.5	5.5	30.008	1154.624	12.34396	2.03	20	4.208	7.9575E-8	1	1	11.00809
2976	-29.5	6.5	30.208	1154.245	12.15052	2.03	20	4.408	7.7114E-8	1	0	10.67831
2977	-29.5	7.5	30.438	1153.78	11.93509	2.03	20	4.638	7.4419E-8	1	0	10.3307
2978	-29.5	8.5	30.7	1153.232	11.70075	2.03	5.1	4.9	7.1543E-8	1	0	10.0247
2979	-29.5	9.5	30.992	1152.595	11.45026	2.03	5.1	5.192	6.8532E-8	1	0	9.675
2980	-29.5	10.5	31.313	1151.868	11.18771	2.03	5.1	5.513	6.5446E-8	1	0	9.33301
2981	-29.5	11.5	31.662	1151.056	10.91704	2.03	5.1	5.862	6.234E-8	1	0	9.00289
2982	-29.5	12.5	32.039	1150.168	10.6422	2.03	5.1	6.239	5.9265E-8	1	0	8.6871
2983	-29.5	13.5	32.442	1149.211	10.36694	2.03	5.1	6.642	5.6262E-8	1	0	8.38683
2984	-29.5	14.5	32.871	1148.198	10.09458	2.03	5.1	7.071	5.3369E-8	1	0	8.1024
2985	-29.5	15.5	33.324	1147.143	9.82815	2.03	5.1	7.524	5.0613E-8	1	0	7.83341
2986	-29.5	16.5	33.801	1146.061	9.57039	2.03	5.1	8.001	4.8016E-8	1	0	7.57886
2987	-29.5	17.5	34.3	1144.969	9.3237	2.03	5.1	8.5	4.5595E-8	1	0	7.33746
2988	-29.5	18.5	34.821	1143.882	9.0901	2.03	5.1	9.021	4.336E-8	1	0	7.10774
2989	-29.5	19.5	35.362	1142.819	8.87136	2.03	5.1	9.562	4.1318E-8	1	0	6.8881
2990	-29.5	20.5	35.924	1141.795	8.66897	2.03	5.1	10.124	3.9472E-8	1	0	6.67694
2991	-29.5	21.5	36.503	1140.826	8.48417	2.03	5.1	10.703	3.7823E-8	1	0	6.47272
2992	-29.5	22.5	37.101	1139.926	8.31799	2.03	5.1	11.301	3.637E-8	1	0	6.27401
2993	-29.5	23.5	37.716	1139.109	8.17123	2.03	5.1	11.916	3.5111E-8	1	0	6.07954
2994	-29.5	24.5	38.347	1138.386	8.04452	2.03	5.1	12.547	3.4042E-8	1	0	5.88821
2995	-29.5	25.5	38.994	1137.768	7.93833	2.03	5.1	13.194	3.3158E-8	1	0	5.69914
2996	-29.5	26.5	39.655	1137.263	7.85303	2.03	5.1	13.855	3.2456E-8	1	0	5.51165
2997	-29.5	27.5	40.33	1136.878	7.78885	2.03	5.1	14.53	3.1934E-8	1	0	5.32526
2998	-29.5	28.5	41.018	1136.619	7.74598	2.03	5.1	15.218	3.1587E-8	1	0	5.13971
2999	-29.5	29.5	41.719	1136.488	7.72657	2.03	5.1	15.919	3.143E-8	1	0	4.95357
3000	-28.5	-29.5	41.018	1137.242	7.51329	2.03	5.1	15.218	2.9709E-8	1	0	5.30001
3001	-28.5	-28.5	40.305	1137.377	7.53398	2.03	5.1	14.505	2.9871E-8	1	0	5.5147
3002	-28.5	-27.5	39.604	1137.644	7.58026	2.03	5.1	13.804	3.0236E-8	1	0	5.72943
3003	-28.5	-26.5	38.917	1138.04	7.64959	2.03	5.1	13.117	3.0786E-8	1	0	5.94625
3004	-28.5	-25.5	38.243	1138.559	7.74186	2.03	5.1	12.443	3.1526E-8	1	0	6.16571
3005	-28.5	-24.5	37.583	1139.194	7.85686	2.03	5.1	11.783	3.246E-8	1	0	6.38868
3006	-28.5	-23.5	36.939	1139.935	7.99433	2.03	5.1	11.139	3.3595E-8	1	0	6.61633
3007	-28.5	-22.5	36.311	1140.771	8.15386	2.03	5.1	10.511	3.4936E-8	1	0	6.85018
3008	-28.5	-21.5	35.7	1141.689	8.33489	2.03	5.1	9.9	3.649E-8	1	0	7.09206
3009	-28.5	-20.5	35.107	1142.675	8.53668	2.03	5.1	9.307	3.8261E-8	1	0	7.3442
3010	-28.5	-19.5	34.533	1143.712	8.75822	2.03	5.1	8.733	4.0254E-8	1	0	7.60913
3011	-28.5	-18.5	33.978	1144.784	8.99826	2.03	5.1	8.178	4.2471E-8	1	0	7.88971
3012	-28.5	-17.5	33.444	1145.872	9.25529	2.03	5.1	7.644	4.491E-8	1	0	8.18907
3013	-28.5	-16.5	32.932	1146.958	9.52751	2.03	5.1	7.132	4.7568E-8	1	0	8.51047
3014	-28.5	-15.5	32.442	1148.024	9.81284	2.03	5.1	6.642	5.0436E-8	1	0	8.85727
3015	-28.5	-14.5	31.977	1149.051	10.10871	2.03	5.1	6.177	5.3498E-8	1	0	9.23291
3016	-28.5	-13.5	31.536	1150.024	10.41206	2.03	5.1	5.736	5.6733E-8	1	0	9.64072
3017	-28.5	-12.5	31.121	1150.927	10.71963	2.03	5.1	5.321	6.011E-8	1	0	10.08338
3018	-28.5	-11.5	30.733	1151.747	11.02783	2.03	5.1	4.933	6.3593E-8	1	0	10.56262
3019	-28.5	-10.5	30.373	1152.478	11.33221	2.03	20	4.573	6.713E-8	1	0	11.03203
3020	-28.5	-9.5	30.042	1153.116	11.62802	2.03	20	4.242	7.066E-8	1	0	11.58938
3021	-28.5	-8.5	29.741	1153.647	11.91091	2.03	20	3.941	7.4122E-8	0	0	12.17762
3022	-28.5	-7.5	29.47	1154.069	12.17466	2.03	20	3.67	7.7426E-8	0	0	12.78997
3023	-28.5	-6.5	29.232	1154.384	12.41831	2.03	20	3.432	8.0545E-8	0	0	13.40944
3024	-28.5	-5.5	29.026	1154.611	12.64139	2.03	20	3.226	8.3457E-8	0	0	14.013
3025	-28.5	-4.5	28.853	1154.767	12.82929	2.03	20	3.053	8.595E-8	0	0	14.58829
3026	-28.5	-3.5	28.714	1154.868	12.98064	2.03	20	2.914	8.7986E-8	0	0	15.105
3027	-28.5	-2.5	28.609	1154.93	13.09616	2.03	20	2.809	8.9556E-8	0	0	15.52894
3028	-28.5	-1.5	28.539	1154.963	13.17507	2.03	20	2.739	9.0638E-8	0	0	15.82986
3029	-28.5	-0.5	28.504	1154.978	13.21544	2.03	20	2.704	9.1193E-8	0	0	15.98588
3030	-28.5	0.5	28.504	1154.978	13.21544	2.03	20	2.704	9.1193E-8	0	0	15.98588
3031	-28.5	1.5	28.539	1154.963	13.17507	2.03	20	2.739	9.0638E-8	0	0	15.82986
3032	-28.5	2.5	28.609	1154.93	13.09616	2.03	20	2.809	8.9556E-8	0	0	15.52894
3033	-28.5	3.5	28.714	1154.868	12.98064	2.03	20	2.914	8.7986E-8	0	0	15.105
3034	-28.5	4.5	28.853	1154.767	12.82929	2.03	20	3.053	8.595E-8	0	0	14.58829
3035	-28.5	5.5	29.026	1154.611	12.64139	2.03	20	3.226	8.3457E-8	0	0	14.013
3036	-28.5	6.5	29.232	1154.384	12.41831	2.03	20	3.432	8.0545E-8	0	0	13.40944
3037	-28.5	7.5	29.47	1154.069	12.17466	2.03	20	3.67	7.7426E-8	0	0	12.78997
3038	-28.5	8.5	29.741	1153.647	11.91091	2.03	20	3.941	7.4122E-8	0	0	12.17762
3039	-28.5	9.5	30.042	1153.116	11.62802	2.03	20	4.242	7.066E-8	1	0	11.58938
3040	-28.5	10.5	30.373	1152.478	11.33221	2.03	20	4.573	6.713E-8	1	0	11.03203
3041	-28.5	11.5	30.733	1151.747	11.02783	2.03	5.1	4.933	6.3593E-8	1	0	10.56262
3042	-28.5	12.5	31.121	1150.927	10.71963	2.03	5.1	5.321	6.011E-8	1	0	10.08338
3043	-28.5	13.5	31.536	1150.024	10.41206	2.03	5.1	5.736	5.6733E-8	1	0	9.64072
3044	-28.5	14.5	31.977	1149.051	10.10871	2.03	5.1	6.177	5.3498E-8	1	0	9.23291
3045	-28.5	15.5	32.442	1148.024	9.81284	2.03	5.1	6.642	5.0436E-8	1	0	8.85727
3046	-28.5	16.5	32.932	1146.958	9.52751	2.03	5.1	7.132	4.7568E-8	1	0	8.51047
3047	-28.5	17.5	33.444	1145.872	9.25529	2.03	5.1	7.644	4.491E-8	1	0	8.18907
3048	-28.5	18.5	33.978	1144.784	8.99826	2.03	5.1	8.178	4.2471E-8	1	0	7.88971
3049	-28.5	19.5	34.533	1143.712	8.75822	2.03	5.1	8.733	4.0254E-8	1	0	7.60913
3050	-28.5	20.5	35.107	1142.675	8.53668	2.03	5.1	9.307	3.8261E-8	1	0	7.3442
3051	-28.5	21.5	35.7	1141.689	8.33489	2.03	5.1	9.9	3.649E-8	1	0	7.09206
3052	-28.5	22.5	36.311	1140.771	8.15386	2.03	5.1	10.511	3.4936E-8	1	0	6.85018
3053	-28.5	23.5	36.939	1139.935	7.99433	2.03	5.1	11.139	3.3595E-8	1	0	6.61633
3054	-28.5	24.5	37.583	1139.194	7.85686	2.03	5.1	11.783	3.246E-8	1	0	6.38868
3055	-28.5	25.5	38.243	1138.559	7.74186	2.03	5.1	12.443	3.1526E-8	1	0	6.16571
3056	-28.5	26.5	38.917	1138.04	7.64959	2.03	5.1	13.117	3.0786E-8	1	0	5.94625
3057	-28.5	27.5	39.604	1137.644	7.58026	2.03	5.1	13.804	3.0236E-8	1	0	5.72943
3058	-28.5	28.5	40.305	1137.377	7.53398	2.03	5.1	14.505	2.9871E-8	1	0	5.5147
3059	-28.5	29.5	41.018	1137.242	7.51329	2.03	5.1	15.218	2.9709E-8	1	0	5.30001
3060	-27.5	-29.5	40.33	1137.878	7.28347	2.03	5.1	14.53	2.7912E-8	1	0	5.69668
3061	-27.5	-28.5	39.604	1138.017	7.30544	2.03	5.1	13.804	2.8078E-8	1	0	5.94571
3062	-27.5	-27.5	38.891	1138.291	7.35524	2.03	5.1	13.091	2.8459E-8	1	0	6.19574
3063	-27.5	-26.5	38.19	1138.698	7.42991	2.03	5.1	12.39	2.9035E-8	1	0	6.44971
3064	-27.5	-25.5	37.503	1139.231	7.52941	2.03	5.1	11.703	2.981E-8	1	0	6.70864
3065	-27.5	-24.5	36.831	1139.882	7.65362	2.03	5.1	11.031	3.0793E-8	1	0	6.97402
3066	-27.5	-23.5	36.173	1140.641	7.80237	2.03	5.1	10.373	3.1991E-8	1	0	7.24781
3067	-27.5	-22.5	35.532	1141.494	7.97538	2.03	5.1	9.732	3.3413E-8	1	0	7.53255
3068	-27.5	-21.5	34.907	1142.429	8.17219	2.03	5.1	9.107	3.5068E-8	1	0	7.83138
3069	-27.5	-20.5	34.3	1143.429	8.39214	2.03	5.1	8.5	3.6964E-8	1	0	8.14812
3070	-27.5	-19.5	33.712	1144.476	8.63429	2.03	5.1	7.912	3.911E-8	1	0	8.48735
3071	-27.5	-18.5	33.144	1145.551	8.89738	2.03	5.1	7.344	4.151E-8	1	0	8.85444
3072	-27.5	-17.5	32.596	1146.634	9.17986	2.03	5.1	6.796	4.4166E-8	1	0	9.25557
3073	-27.5	-16.5	32.07	1147.704	9.47997	2.03	5.1	6.27	4.7079E-8	1	0	9.69763
3074	-27.5	-15.5	31.567	1148.741	9.79571	2.03	5.1	5.767	5.0244E-8	1	0	10.18825
3075	-27.5	-14.5	31.089	1149.724	10.12435	2.03	5.1	5.289	5.3648E-8	1	0	10.73627
3076	-27.5	-13.5	30.635	1150.635	10.46223	2.03	20	4.835	5.7265E-8	1	0	11.2979
3077	-27.5	-12.5	30.208	1151.462	10.80599	2.03	20	4.408	6.1068E-8	1	0	11.99733
3078	-27.5	-11.5	29.808	1152.184	11.15228	2.03	20	4.008	6.5023E-8	0	0	12.78329
3079	-27.5	-10.5	29.436	1152.774	11.49536	2.03	20	3.636	6.9067E-8	0	0	13.66682
3080	-27.5	-9.5	29.095	1153.222	11.82903	2.03	20	3.295	7.312E-8	0	0	14.65731
3081	-27.5	-8.5	28.784	1153.543	12.15066	2.03	20	2.984	7.714E-8	0	0	15.75516
3082	-27.5	-7.5	28.504	1153.751	12.44493	2.03	20	2.704	8.0914E-8	0	0	16.96965
3083	-27.5	-6.5	28.258	1153.861	12.71765	2.03	20	2.458	8.4495E-8	0	0	18.27053
3084	-27.5	-5.5	28.045	1153.889	12.98522	2.03	20	2.245	8.8087E-8	0	0	19.59143
3085	-27.5	-4.5	27.866	1153.86	13.19693	2.03	20	2.066	9.0983E-8	0	0	20.94449
3086	-27.5	-3.5	27.722	1153.802	13.3642	2.03	20	1.922	9.3307E-8	0	0	22.22955
3087	-27.5	-2.5	27.613	1153.738	13.49331	2.03	20	1.813	9.5121E-8	0	0	23.33197
3088	-27.5	-1.5	27.541	1153.684	13.58355	2.03	20	1.741	9.64E-8	0	0	24.14153
3089	-27.5	-0.5	27.505	1153.653	13.63089	2.03	20	1.705	9.7074E-8	0	0	24.56998
3090	-27.5	0.5	27.505	1153.653	13.63089	2.03	20	1.705	9.7074E-8	0	0	24.56998
3091	-27.5	1.5	27.541	1153.684	13.58355	2.03	20	1.741	9.64E-8	0	0	24.14153
3092	-27.5	2.5	27.613	1153.738	13.49331	2.03	20	1.813	9.5121E-8	0	0	23.33197
3093	-27.5	3.5	27.722	1153.802	13.3642	2.03	20	1.922	9.3307E-8	0	0	22.22955
3094	-27.5	4.5	27.866	1153.86	13.19693	2.03	20	2.066	9.0983E-8	0	0	20.94449
3095	-27.5	5.5	28.045	1153.889	12.98522	2.03	20	2.245	8.8087E-8	0	0	19.59143
3096	-27.5	6.5	28.258	1153.861	12.71765	2.03	20	2.458	8.4495E-8	0	0	18.27053
3097	-27.5	7.5	28.504	1153.751	12.44493	2.03	20	2.704	8.0914E-8	0	0	16.96965
3098	-27.5	8.5	28.784	1153.543	12.15066	2.03	20	2.984	7.714E-8	0	0	15.75516
3099	-27.5	9.5	29.095	1153.222	11.82903	2.03	20	3.295	7.312E-8	0	0	14.65731
3100	-27.5	10.5	29.436	1152.774	11.49536	2.03	20	3.636	6.9067E-8	0	0	13.66682
3101	-27.5	11.5	29.808	1152.184	11.15228	2.03	20	4.008	6.5023E-8	0	0	12.78329
3102	-27.5	12.5	30.208	1151.462	10.80599	2.03	20	4.408	6.1068E-8	1	0	11.99733
3103	-27.5	13.5	30.635	1150.635	10.46223	2.03	20	4.835	5.7265E-8	1	0	11.2979
3104	-27.5	14.5	31.089	1149.724	10.12435	2.03	5.1	5.289	5.3648E-8	1	0	10.73627
3105	-27.5	15.5	31.567	1148.741	9.79571	2.03	5.1	5.767	5.0244E-8	1	0	10.18825
3106	-27.5	16.5	32.07	1147.704	9.47997	2.03	5.1	6.27	4.7079E-8	1	0	9.69763
3107	-27.5	17.5	32.596	1146.634	9.17986	2.03	5.1	6.796	4.4166E-8	1	0	9.25557
3108	-27.5	18.5	33.144	1145.551	8.89738	2.03	5.1	7.344	4.151E-8	1	0	8.85444
3109	-27.5	19.5	33.712	1144.476	8.63429	2.03	5.1	7.912	3.911E-8	1	0	8.48735
3110	-27.5	20.5	34.3	1143.429	8.39214	2.03	5.1	8.5	3.6964E-8	1	0	8.14812
3111	-27.5	21.5	34.907	1142.429	8.17219	2.03	5.1	9.107	3.5068E-8	1	0	7.83138
3112	-27.5	22.5	35.532	1141.494	7.97538	2.03	5.1	9.732	3.3413E-8	1	0	7.53255
3113	-27.5	23.5	36.173	1140.641	7.80237	2.03	5.1	10.373	3.1991E-8	1	0	7.24781
3114	-27.5	24.5	36.831	1139.882	7.65362	2.03	5.1	11.031	3.0793E-8	1	0	6.97402
3115	-27.5	25.5	37.503	1139.231	7.52941	2.03	5.1	11.703	2.981E-8	1	0	6.70864
3116	-27.5	26.5	38.19	1138.698	7.42991	2.03	5.1	12.39	2.9035E-8	1	0	6.44971
3117	-27.5	27.5	38.891	1138.291	7.35524	2.03	5.1	13.091	2.8459E-8	1	0	6.19574
3118	-27.5	28.5	39.604	1138.017	7.30544	2.03	5.1	13.804	2.8078E-8	1	0	5.94571
3119	-27.5	29.5	40.33	1137.878	7.28347	2.03	5.1	14.53	2.7912E-8	1	0	5.69668
3120	-26.5	-29.5	39.655	1138.412	7.03666	2.03	5.1	13.855	2.6046E-8	1	0	6.15343
3121	-26.5	-28.5	38.917	1138.554	7.05985	2.03	5.1	13.117	2.6216E-8	1	0	6.44405
3122	-26.5	-27.5	38.19	1138.836	7.11326	2.03	5.1	12.39	2.6611E-8	1	0	6.73713
3123	-26.5	-26.5	37.477	1139.254	7.19342	2.03	5.1	11.677	2.7209E-8	1	0	7.03687
3124	-26.5	-25.5	36.776	1139.801	7.30036	2.03	5.1	10.976	2.8017E-8	1	0	7.34505
3125	-26.5	-24.5	36.09	1140.468	7.4341	2.03	5.1	10.29	2.9045E-8	1	0	7.66412
3126	-26.5	-23.5	35.419	1141.244	7.5946	2.03	5.1	9.619	3.0302E-8	1	0	7.99737
3127	-26.5	-22.5	34.763	1142.115	7.78173	2.03	5.1	8.963	3.1801E-8	1	0	8.34904
3128	-26.5	-21.5	34.125	1143.065	7.99521	2.03	5.1	8.325	3.3556E-8	1	0	8.72445
3129	-26.5	-20.5	33.504	1144.076	8.23452	2.03	5.1	7.704	3.5579E-8	1	0	9.1303
3130	-26.5	-19.5	32.901	1145.13	8.49882	2.03	5.1	7.101	3.7881E-8	1	0	9.57493
3131	-26.5	-18.5	32.319	1146.203	8.7868	2.03	5.1	6.519	4.0473E-8	1	0	10.06873
3132	-26.5	-17.5	31.757	1147.273	9.0968	2.03	5.1	5.957	4.3358E-8	1	0	10.62437
3133	-26.5	-16.5	31.217	1148.316	9.42716	2.03	5.1	5.417	4.6543E-8	1	0	11.2569
3134	-26.5	-15.5	30.7	1149.309	9.77641	2.03	5.1	4.9	5.0033E-8	1	0	11.98414
3135	-26.5	-14.5	30.208	1150.232	10.14185	2.03	20	4.408	5.3821E-8	1	0	12.77845
3136	-26.5	-13.5	29.741	1151.054	10.51799	2.03	20	3.941	5.7866E-8	0	0	13.78005
3137	-26.5	-12.5	29.3	1151.727	10.90174	2.03	20	3.5	6.2147E-8	0	0	14.96588
3138	-26.5	-11.5	28.888	1152.238	11.29224	2.03	20	3.088	6.6664E-8	0	0	16.37648
3139	-26.5	-10.5	28.504	1152.59	11.68057	2.03	20	2.704	7.1317E-8	0	0	18.07409
3140	-26.5	-9.5	28.151	1152.787	12.05514	2.03	20	2.351	7.5957E-8	0	0	20.13932
3141	-26.5	-8.5	27.83	1152.841	12.43082	2.03	20	2.03	8.0763E-8	0	0	22.62171
3142	-26.5	-7.5	27.541	1152.779	12.74974	2.03	20	1.741	8.4963E-8	0	0	25.71366
3143	-26.5	-6.5	27.286	1152.629	13.0658	2.03	20	1.486	8.9233E-8	0	0	29.40113
3144	-26.5	-5.5	27.065	1152.391	13.43245	2.03	20	1.265	9.4322E-8	0	0	33.58694
3145	-26.5	-4.5	26.879	1152.121	13.65803	2.03	20	1.079	9.7528E-8	0	0	38.70078
3146	-26.5	-3.5	26.73	1151.856	13.83373	2.03	20	1	1.0007E-7	0	0	41.23776
3147	-26.5	-2.5	26.618	1151.628	13.97104	2.03	20	1	1.0207E-7	0	0	40.82979
3148	-26.5	-1.5	26.542	1151.46	14.06428	2.03	20	1	1.0345E-7	0	1	40.55714
3149	-26.5	-0.5	26.505	1151.37	14.11017	2.03	20	1	1.0413E-7	0	1	40.4242
3150	-26.5	0.5	26.505	1151.37	14.11017	2.03	20	1	1.0413E-7	0	1	40.4242
3151	-26.5	1.5	26.542	1151.46	14.06428	2.03	20	1	1.0345E-7	0	1	40.55714
3152	-26.5	2.5	26.618	1151.628	13.97104	2.03	20	1	1.0207E-7	0	0	40.82979
3153	-26.5	3.5	26.73	1151.856	13.83373	2.03	20	1	1.0007E-7	0	0	41.23776
3154	-26.5	4.5	26.879	1152.121	13.65803	2.03	20	1.079	9.7528E-8	0	0	38.70078
3155	-26.5	5.5	27.065	1152.391	13.43245	2.03	20	1.265	9.4322E-8	0	0	33.58694
3156	-26.5	6.5	27.286	1152.629	13.0658	2.03	20	1.486	8.9233E-8	0	0	29.40113
3157	-26.5	7.5	27.541	1152.779	12.74974	2.03	20	1.741	8.4963E-8	0	0	25.71366
3158	-26.5	8.5	27.83	1152.841	12.43082	2.03	20	2.03	8.0763E-8	0	0	22.62171
3159	-26.5	9.5	28.151	1152.787	12.05514	2.03	20	2.351	7.5957E-8	0	0	20.13932
3160	-26.5	10.5	28.504	1152.59	11.68057	2.03	20	2.704	7.1317E-8	0	0	18.07409
3161	-26.5	11.5	28.888	1152.238	11.29224	2.03	20	3.088	6.6664E-8	0	0	16.37648
3162	-26.5	12.5	29.3	1151.727	10.90174	2.03	20	3.5	6.2147E-8	0	0	14.96588
3163	-26.5	13.5	29.741	1151.054	10.51799	2.03	20	3.941	5.7866E-8	0	0	13.78005
3164	-26.5	14.5	30.208	1150.232	10.14185	2.03	20	4.408	5.3821E-8	1	0	12.77845
3165	-26.5	15.5	30.7	1149.309	9.77641	2.03	5.1	4.9	5.0033E-8	1	0	11.98414
3166	-26.5	16.5	31.217	1148.316	9.42716	2.03	5.1	5.417	4.6543E-8	1	0	11.2569
3167	-26.5	17.5	31.757	1147.273	9.0968	2.03	5.1	5.957	4.3358E-8	1	0	10.62437
3168	-26.5	18.5	32.319	1146.203	8.7868	2.03	5.1	6.519	4.0473E-8	1	0	10.06873
3169	-26.5	19.5	32.901	1145.13	8.49882	2.03	5.1	7.101	3.7881E-8	1	0	9.57493
3170	-26.5	20.5	33.504	1144.076	8.23452	2.03	5.1	7.704	3.5579E-8	1	0	9.1303
3171	-26.5	21.5	34.125	1143.065	7.99521	2.03	5.1	8.325	3.3556E-8	1	0	8.72445
3172	-26.5	22.5	34.763	1142.115	7.78173	2.03	5.1	8.963	3.1801E-8	1	0	8.34904
3173	-26.5	23.5	35.419	1141.244	7.5946	2.03	5.1	9.619	3.0302E-8	1	0	7.99737
3174	-26.5	24.5	36.09	1140.468	7.4341	2.03	5.1	10.29	2.9045E-8	1	0	7.66412
3175	-26.5	25.5	36.776	1139.801	7.30036	2.03	5.1	10.976	2.8017E-8	1	0	7.34505
3176	-26.5	26.5	37.477	1139.254	7.19342	2.03	5.1	11.677	2.7209E-8	1	0	7.03687
3177	-26.5	27.5	38.19	1138.836	7.11326	2.03	5.1	12.39	2.6611E-8	1	0	6.73713
3178	-26.5	28.5	38.917	1138.554	7.05985	2.03	5.1	13.117	2.6216E-8	1	0	6.44405
3179	-26.5	29.5	39.655	1138.412	7.03666	2.03	5.1	13.855	2.6046E-8	1	0	6.15343
3180	-25.5	-29.5	38.994	1138.859	6.77257	2.03	5.1	13.194	2.4123E-8	1	0	6.68252
3181	-25.5	-28.5	38.243	1139.005	6.79692	2.03	5.1	12.443	2.4295E-8	1	0	7.02391
3182	-25.5	-27.5	37.503	1139.295	6.85397	2.03	5.1	11.703	2.4701E-8	1	0	7.36991
3183	-25.5	-26.5	36.776	1139.725	6.93969	2.03	5.1	10.976	2.5318E-8	1	0	7.7266
3184	-25.5	-25.5	36.062	1140.286	7.05423	2.03	5.1	10.262	2.6154E-8	1	0	8.0969
3185	-25.5	-24.5	35.362	1140.97	7.19773	2.03	5.1	9.562	2.7221E-8	1	0	8.48488
3186	-25.5	-23.5	34.677	1141.763	7.37033	2.03	5.1	8.877	2.8532E-8	1	0	8.89599
3187	-25.5	-22.5	34.007	1142.651	7.57213	2.03	5.1	8.207	3.0104E-8	1	0	9.33731
3188	-25.5	-21.5	33.354	1143.616	7.80309	2.03	5.1	7.554	3.1955E-8	1	0	9.81803
3189	-25.5	-20.5	32.718	1144.638	8.06296	2.03	5.1	6.918	3.4103E-8	1	0	10.35003
3190	-25.5	-19.5	32.101	1145.694	8.35106	2.03	5.1	6.301	3.6566E-8	1	0	10.94886
3191	-25.5	-18.5	31.504	1146.76	8.66597	2.03	5.1	5.704	3.9357E-8	1	0	11.63519
3192	-25.5	-17.5	30.927	1147.81	9.00558	2.03	5.1	5.127	4.2483E-8	1	0	12.43645
3193	-25.5	-16.5	30.373	1148.816	9.36815	2.03	20	4.573	4.5952E-8	1	0	13.33088
3194	-25.5	-15.5	29.841	1149.75	9.75418	2.03	20	4.041	4.9796E-8	0	0	14.48452
3195	-25.5	-14.5	29.334	1150.545	10.16237	2.03	20	3.534	5.4032E-8	0	0	15.89475
3196	-25.5	-13.5	28.853	1151.166	10.58032	2.03	20	3.053	5.8551E-8	0	0	17.6709
3197	-25.5	-12.5	28.399	1151.603	11.00565	2.03	20	2.599	6.3341E-8	0	0	19.95401
3198	-25.5	-11.5	27.973	1151.851	11.44994	2.03	20	2.173	6.8551E-8	0	0	22.93431
3199	-25.5	-10.5	27.577	1151.911	11.89527	2.03	20	1.777	7.3985E-8	0	0	26.99164
3200	-25.5	-9.5	27.212	1151.796	12.35931	2.03	20	1.412	7.9874E-8	0	0	32.68884
3201	-25.5	-8.5	26.879	1151.504	12.88839	2.03	20	1.079	8.687E-8	0	0	41.00456
3202	-25.5	-7.5	26.58	1151.098	13.18967	2.03	20	1	9.0996E-8	0	0	43.24201
3203	-25.48	-6.521	26.301	1150.598	13.61897	2.03	20	1	9.7037E-8	0	0	41.87294
3204	-25.6	-5.523	26.189	1150.315	13.7107	2.03	20	1	9.8361E-8	0	0	41.58941
3205	-25.699	-4.525	26.095	1150.064	13.87417	2.03	20	1	1.0073E-7	0	0	41.09646
3206	-25.778	-3.526	26.018	1149.845	14.06309	2.03	20	1	1.035E-7	0	1	40.54182
3207	-25.837	-2.525	25.96	1149.667	14.22371	2.03	20	1	1.0589E-7	0	1	40.08197
3208	-25.877	-1.52	25.921	1149.54	14.33575	2.03	20	1	1.0757E-7	0	1	39.76726
3209	-25.897	-0.508	25.902	1149.473	14.39261	2.03	20	1	1.0843E-7	0	1	39.60941
3210	-25.897	0.508	25.902	1149.473	14.39261	2.03	20	1	1.0843E-7	0	1	39.60941
3211	-25.877	1.52	25.921	1149.54	14.33575	2.03	20	1	1.0757E-7	0	1	39.76726
3212	-25.837	2.525	25.96	1149.667	14.22371	2.03	20	1	1.0589E-7	0	1	40.08197
3213	-25.778	3.526	26.018	1149.845	14.06309	2.03	20	1	1.035E-7	0	1	40.54182
3214	-25.699	4.525	26.095	1150.064	13.87417	2.03	20	1	1.0073E-7	0	0	41.09646
3215	-25.6	5.523	26.189	1150.315	13.7107	2.03	20	1	9.8361E-8	0	0	41.58941
3216	-25.48	6.521	26.301	1150.598	13.61897	2.03	20	1	9.7037E-8	0	0	41.87294
3217	-25.5	7.5	26.58	1151.098	13.18967	2.03	20	1	9.0996E-8	0	0	43.24201
3218	-25.5	8.5	26.879	1151.504	12.88839	2.03	20	1.079	8.687E-8	0	0	41.00456
3219	-25.5	9.5	27.212	1151.796	12.35931	2.03	20	1.412	7.9874E-8	0	0	32.68884
3220	-25.5	10.5	27.577	1151.911	11.89527	2.03	20	1.777	7.3985E-8	0	0	26.99164
3221	-25.5	11.5	27.973	1151.851	11.44994	2.03	20	2.173	6.8551E-8	0	0	22.93431
3222	-25.5	12.5	28.399	1151.603	11.00565	2.03	20	2.599	6.3341E-8	0	0	19.95401
3223	-25.5	13.5	28.853	1151.166	10.58032	2.03	20	3.053	5.8551E-8	0	0	17.6709
3224	-25.5	14.5	29.334	1150.545	10.16237	2.03	20	3.534	5.4032E-8	0	0	15.89475
3225	-25.5	15.5	29.841	1149.75	9.75418	2.03	20	4.041	4.9796E-8	0	0	14.48452
3226	-25.5	16.5	30.373	1148.816	9.36815	2.03	20	4.573	4.5952E-8	1	0	13.33088
3227	-25.5	17.5	30.927	1147.81	9.00558	2.03	5.1	5.127	4.2483E-8	1	0	12.43645
3228	-25.5	18.5	31.504	1146.76	8.66597	2.03	5.1	5.704	3.9357E-8	1	0	11.63519
3229	-25.5	19.5	32.101	1145.694	8.35106	2.03	5.1	6.301	3.6566E-8	1	0	10.94886
3230	-25.5	20.5	32.718	1144.638	8.06296	2.03	5.1	6.918	3.4103E-8	1	0	10.35003
3231	-25.5	21.5	33.354	1143.616	7.80309	2.03	5.1	7.554	3.1955E-8	1	0	9.81803
3232	-25.5	22.5	34.007	1142.651	7.57213	2.03	5.1	8.207	3.0104E-8	1	0	9.33731
3233	-25.5	23.5	34.677	1141.763	7.37033	2.03	5.1	8.877	2.8532E-8	1	0	8.89599
3234	-25.5	24.5	35.362	1140.97	7.19773	2.03	5.1	9.562	2.7221E-8	1	0	8.48488
3235	-25.5	25.5	36.062	1140.286	7.05423	2.03	5.1	10.262	2.6154E-8	1	0	8.0969
3236	-25.5	26.5	36.776	1139.725	6.93969	2.03	5.1	10.976	2.5318E-8	1	0	7.7266
3237	-25.5	27.5	37.503	1139.295	6.85397	2.03	5.1	11.703	2.4701E-8	1	0	7.36991
3238	-25.5	28.5	38.243	1139.005	6.79692	2.03	5.1	12.443	2.4295E-8	1	0	7.02391
3239	-25.5	29.5	38.994	1138.859	6.77257	2.03	5.1	13.194	2.4123E-8	1	0	6.68252
3240	-24.5	-29.5	38.347	1139.235	6.49114	2.03	5.1	12.547	2.2156E-8	1	0	7.2993
3241	-24.5	-28.5	37.583	1139.386	6.51654	2.03	5.1	11.783	2.2328E-8	1	0	7.70318
3242	-24.5	-27.5	36.831	1139.685	6.57723	2.03	5.1	11.031	2.2743E-8	1	0	8.11484
3243	-24.5	-26.5	36.09	1140.127	6.66852	2.03	5.1	10.29	2.3374E-8	1	0	8.5431
3244	-24.5	-25.5	35.362	1140.704	6.79068	2.03	5.1	9.562	2.4232E-8	1	0	8.99274
3245	-24.5	-24.5	34.648	1141.405	6.94406	2.03	5.1	8.848	2.5331E-8	1	0	9.47045
3246	-24.5	-23.5	33.948	1142.217	7.12899	2.03	5.1	8.148	2.6689E-8	1	0	9.98528
3247	-24.5	-22.5	33.264	1143.123	7.34585	2.03	5.1	7.464	2.8326E-8	1	0	10.5493
3248	-24.5	-21.5	32.596	1144.103	7.59495	2.03	5.1	6.796	3.0266E-8	1	0	11.17858
3249	-24.5	-20.5	31.945	1145.135	7.87652	2.03	5.1	6.145	3.2537E-8	1	0	11.89468
3250	-24.5	-19.5	31.313	1146.194	8.1903	2.03	5.1	5.513	3.5164E-8	1	0	12.72735
3251	-24.5	-18.5	30.7	1147.25	8.53475	2.03	5.1	4.9	3.8166E-8	1	0	13.71936
3252	-24.5	-17.5	30.108	1148.275	8.90623	2.03	20	4.308	4.1542E-8	1	0	14.87769
3253	-24.5	-16.5	29.538	1149.21	9.30121	2.03	20	3.738	4.5289E-8	0	0	16.41547
3254	-24.5	-15.5	28.991	1149.982	9.72631	2.03	20	3.191	4.9507E-8	0	0	18.38474
3255	-24.5	-14.5	28.469	1150.569	10.19007	2.03	20	2.669	5.4326E-8	0	0	20.9777
3256	-24.5	-13.5	27.973	1150.949	10.65253	2.03	20	2.173	5.9359E-8	0	0	24.64472
3257	-24.5	-12.5	27.505	1151.106	11.10938	2.03	20	1.705	6.4555E-8	0	0	30.12466
3258	-24.5	-11.5	27.065	1151.035	11.73097	2.03	20	1.265	7.1983E-8	0	0	38.44349
3259	-24.5	-10.5	26.655	1150.729	12.32642	2.03	20	1	7.9487E-8	0	0	46.26548
3260	-24.486	-9.533	26.276	1150.223	12.85243	2.03	20	1	8.6436E-8	0	0	44.36554
3261	-24.671	-8.545	26.109	1149.885	12.95948	2.03	20	1	8.7895E-8	0	0	43.9948
3262	-24.83	-7.58	25.961	1149.569	13.43715	2.03	20	1	9.4507E-8	0	0	42.42701
3263	-24.83	7.58	25.961	1149.569	13.43715	2.03	20	1	9.4507E-8	0	0	42.42701
3264	-24.671	8.545	26.109	1149.885	12.95948	2.03	20	1	8.7895E-8	0	0	43.9948
3265	-24.486	9.533	26.276	1150.223	12.85243	2.03	20	1	8.6436E-8	0	0	44.36554
3266	-24.5	10.5	26.655	1150.729	12.32642	2.03	20	1	7.9487E-8	0	0	46.26548
3267	-24.5	11.5	27.065	1151.035	11.73097	2.03	20	1.265	7.1983E-8	0	0	38.44349
3268	-24.5	12.5	27.505	1151.106	11.10938	2.03	20	1.705	6.4555E-8	0	0	30.12466
3269	-24.5	13.5	27.973	1150.949	10.65253	2.03	20	2.173	5.9359E-8	0	0	24.64472
3270	-24.5	14.5	28.469	1150.569	10.19007	2.03	20	2.669	5.4326E-8	0	0	20.9777
3271	-24.5	15.5	28.991	1149.982	9.72631	2.03	20	3.191	4.9507E-8	0	0	18.38474
3272	-24.5	16.5	29.538	1149.21	9.30121	2.03	20	3.738	4.5289E-8	0	0	16.41547
3273	-24.5	17.5	30.108	1148.275	8.90623	2.03	20	4.308	4.1542E-8	1	0	14.87769
3274	-24.5	18.5	30.7	1147.25	8.53475	2.03	5.1	4.9	3.8166E-8	1	0	13.71936
3275	-24.5	19.5	31.313	1146.194	8.1903	2.03	5.1	5.513	3.5164E-8	1	0	12.72735
3276	-24.5	20.5	31.945	1145.135	7.87652	2.03	5.1	6.145	3.2537E-8	1	0	11.89468
3277	-24.5	21.5	32.596	1144.103	7.59495	2.03	5.1	6.796	3.0266E-8	1	0	11.17858
3278	-24.5	22.5	33.264	1143.123	7.34585	2.03	5.1	7.464	2.8326E-8	1	0	10.5493
3279	-24.5	23.5	33.948	1142.217	7.12899	2.03	5.1	8.148	2.6689E-8	1	0	9.98528
3280	-24.5	24.5	34.648	1141.405	6.94406	2.03	5.1	8.848	2.5331E-8	1	0	9.47045
3281	-24.5	25.5	35.362	1140.704	6.79068	2.03	5.1	9.562	2.4232E-8	1	0	8.99274
3282	-24.5	26.5	36.09	1140.127	6.66852	2.03	5.1	10.29	2.3374E-8	1	0	8.5431
3283	-24.5	27.5	36.831	1139.685	6.57723	2.03	5.1	11.031	2.2743E-8	1	0	8.11484
3284	-24.5	28.5	37.583	1139.386	6.51654	2.03	5.1	11.783	2.2328E-8	1	0	7.70318
3285	-24.5	29.5	38.347	1139.235	6.49114	2.03	5.1	12.547	2.2156E-8	1	0	7.2993
3286	-23.5	-29.5	37.716	1139.558	6.1926	2.03	5.1	11.916	2.0162E-8	1	0	8.02319
3287	-23.5	-28.5	36.939	1139.714	6.21889	2.03	5.1	11.139	2.0332E-8	1	0	8.50464
3288	-23.5	-27.5	36.173	1140.023	6.28314	2.03	5.1	10.373	2.0751E-8	1	0	8.99855
3289	-23.5	-26.5	35.419	1140.478	6.37992	2.03	5.1	9.619	2.1391E-8	1	0	9.51776
3290	-23.5	-25.5	34.677	1141.073	6.50965	2.03	5.1	8.877	2.2264E-8	1	0	10.07005
3291	-23.5	-24.5	33.948	1141.794	6.67288	2.03	5.1	8.148	2.3387E-8	1	0	10.66644
3292	-23.5	-23.5	33.234	1142.627	6.87019	2.03	5.1	7.434	2.4782E-8	1	0	11.32215
3293	-23.5	-22.5	32.535	1143.553	7.10225	2.03	5.1	6.735	2.6473E-8	1	0	12.05818
3294	-23.5	-21.5	31.851	1144.551	7.36985	2.03	5.1	6.051	2.8493E-8	1	0	12.90342
3295	-23.5	-20.5	31.185	1145.595	7.67401	2.03	5.1	5.385	3.0879E-8	1	0	13.89835
3296	-23.5	-19.5	30.537	1146.656	8.01565	2.03	20	4.737	3.3674E-8	1	0	15.03308
3297	-23.5	-18.5	29.908	1147.7	8.39384	2.03	20	4.108	3.6909E-8	0	0	16.54877
3298	-23.5	-17.5	29.3	1148.64	8.80112	2.03	20	3.5	4.0561E-8	0	0	18.52146
3299	-23.5	-16.5	28.714	1149.411	9.223	2.03	20	2.914	4.4527E-8	0	0	21.2258
3300	-23.5	-15.5	28.151	1149.985	9.681	2.03	20	2.351	4.9047E-8	0	0	25.05808
3301	-23.5	-14.5	27.613	1150.336	10.24011	2.03	20	1.813	5.4867E-8	0	0	30.71436
3302	-23.5	-13.5	27.102	1150.437	10.86079	2.03	20	1.302	6.1717E-8	0	0	40.33922
3303	-23.5	-12.5	26.618	1150.262	11.64734	2.03	20	1	7.0985E-8	0	0	48.95634
3304	-23.535	-11.546	26.215	1149.865	12.20637	2.03	20	1	7.7977E-8	0	0	46.70894
3305	-23.763	-10.585	26.014	1149.559	12.43385	2.03	20	1	8.0921E-8	0	0	45.85037
3306	-23.763	10.585	26.014	1149.559	12.43385	2.03	20	1	8.0921E-8	0	0	45.85037
3307	-23.535	11.546	26.215	1149.865	12.20637	2.03	20	1	7.7977E-8	0	0	46.70894
3308	-23.5	12.5	26.618	1150.262	11.64734	2.03	20	1	7.0985E-8	0	0	48.95634
3309	-23.5	13.5	27.102	1150.437	10.86079	2.03	20	1.302	6.1717E-8	0	0	40.33922
3310	-23.5	14.5	27.613	1150.336	10.24011	2.03	20	1.813	5.4867E-8	0	0	30.71436
3311	-23.5	15.5	28.151	1149.985	9.681	2.03	20	2.351	4.9047E-8	0	0	25.05808
3312	-23.5	16.5	28.714	1149.411	9.223	2.03	20	2.914	4.4527E-8	0	0	21.2258
3313	-23.5	17.5	29.3	1148.64	8.80112	2.03	20	3.5	4.0561E-8	0	0	18.52146
3314	-23.5	18.5	29.908	1147.7	8.39384	2.03	20	4.108	3.6909E-8	0	0	16.54877
3315	-23.5	19.5	30.537	1146.656	8.01565	2.03	20	4.737	3.3674E-8	1	0	15.03308
3316	-23.5	20.5	31.185	1145.595	7.67401	2.03	5.1	5.385	3.0879E-8	1	0	13.89835
3317	-23.5	21.5	31.851	1144.551	7.36985	2.03	5.1	6.051	2.8493E-8	1	0	12.90342
3318	-23.5	22.5	32.535	1143.553	7.10225	2.03	5.1	6.735	2.6473E-8	1	0	12.05818
3319	-23.5	23.5	33.234	1142.627	6.87019	2.03	5.1	7.434	2.4782E-8	1	0	11.32215
3320	-23.5	24.5	33.948	1141.794	6.67288	2.03	5.1	8.148	2.3387E-8	1	0	10.66644
3321	-23.5	25.5	34.677	1141.073	6.50965	2.03	5.1	8.877	2.2264E-8	1	0	10.07005
3322	-23.5	26.5	35.419	1140.478	6.37992	2.03	5.1	9.619	2.1391E-8	1	0	9.51776
3323	-23.5	27.5	36.173	1140.023	6.28314	2.03	5.1	10.373	2.0751E-8	1	0	8.99855
3324	-23.5	28.5	36.939	1139.714	6.21889	2.03	5.1	11.139	2.0332E-8	1	0	8.50464
3325	-23.5	29.5	37.716	1139.558	6.1926	2.03	5.1	11.916	2.0162E-8	1	0	8.02319
3326	-22.5	-29.5	37.101	1139.845	5.87748	2.03	5.1	11.301	1.816E-8	1	0	8.87895
3327	-22.5	-28.5	36.311	1140.006	5.90447	2.03	5.1	10.511	1.8326E-8	1	0	9.45757
3328	-22.5	-27.5	35.532	1140.325	5.97215	2.03	5.1	9.732	1.8745E-8	1	0	10.05555
3329	-22.5	-26.5	34.763	1140.797	6.07422	2.03	5.1	8.963	1.9388E-8	1	0	10.69169
3330	-22.5	-25.5	34.007	1141.411	6.21134	2.03	5.1	8.207	2.0267E-8	1	0	11.37867
3331	-22.5	-24.5	33.264	1142.155	6.38425	2.03	5.1	7.464	2.1404E-8	1	0	12.1347
3332	-22.5	-23.5	32.535	1143.013	6.59381	2.03	5.1	6.735	2.2824E-8	1	0	12.98588
3333	-22.5	-22.5	31.82	1143.964	6.84094	2.03	5.1	6.02	2.4556E-8	1	0	13.96963
3334	-22.5	-21.5	31.121	1144.984	7.12681	2.03	5.1	5.321	2.664E-8	1	0	15.14024
3335	-22.5	-20.5	30.438	1146.043	7.45353	2.03	20	4.638	2.9124E-8	1	0	16.50543
3336	-22.5	-19.5	29.774	1147.104	7.82495	2.03	20	3.974	3.2084E-8	0	0	18.34561
3337	-22.5	-18.5	29.129	1148.061	8.24495	2.03	20	3.329	3.5605E-8	0	0	20.78148
3338	-22.5	-17.5	28.504	1148.857	8.702	2.03	20	2.704	3.9648E-8	0	0	24.23462
3339	-22.5	-16.5	27.902	1149.45	9.13034	2.03	20	2.102	4.3636E-8	0	0	29.71922
3340	-22.5	-15.5	27.322	1149.803	9.56542	2.03	20	1.522	4.7886E-8	0	0	39.1626
3341	-22.5	-14.5	26.768	1149.882	10.46999	2.03	20	1	5.7369E-8	0	0	54.45555
3342	-22.476	-13.55	26.245	1149.643	11.20872	2.03	20	1	6.5758E-8	0	0	50.86312
3343	-22.754	-12.607	26.013	1149.419	11.34612	2.03	20	1	6.7386E-8	0	0	50.24391
3344	-22.754	12.607	26.013	1149.419	11.34612	2.03	20	1	6.7386E-8	0	0	50.24391
3345	-22.476	13.55	26.245	1149.643	11.20872	2.03	20	1	6.5758E-8	0	0	50.86312
3346	-22.5	14.5	26.768	1149.882	10.46999	2.03	20	1	5.7369E-8	0	0	54.45555
3347	-22.5	15.5	27.322	1149.803	9.56542	2.03	20	1.522	4.7886E-8	0	0	39.1626
3348	-22.5	16.5	27.902	1149.45	9.13034	2.03	20	2.102	4.3636E-8	0	0	29.71922
3349	-22.5	17.5	28.504	1148.857	8.702	2.03	20	2.704	3.9648E-8	0	0	24.23462
3350	-22.5	18.5	29.129	1148.061	8.24495	2.03	20	3.329	3.5605E-8	0	0	20.78148
3351	-22.5	19.5	29.774	1147.104	7.82495	2.03	20	3.974	3.2084E-8	0	0	18.34561
3352	-22.5	20.5	30.438	1146.043	7.45353	2.03	20	4.638	2.9124E-8	1	0	16.50543
3353	-22.5	21.5	31.121	1144.984	7.12681	2.03	5.1	5.321	2.664E-8	1	0	15.14024
3354	-22.5	22.5	31.82	1143.964	6.84094	2.03	5.1	6.02	2.4556E-8	1	0	13.96963
3355	-22.5	23.5	32.535	1143.013	6.59381	2.03	5.1	6.735	2.2824E-8	1	0	12.98588
3356	-22.5	24.5	33.264	1142.155	6.38425	2.03	5.1	7.464	2.1404E-8	1	0	12.1347
3357	-22.5	25.5	34.007	1141.411	6.21134	2.03	5.1	8.207	2.0267E-8	1	0	11.37867
3358	-22.5	26.5	34.763	1140.797	6.07422	2.03	5.1	8.963	1.9388E-8	1	0	10.69169
3359	-22.5	27.5	35.532	1140.325	5.97215	2.03	5.1	9.732	1.8745E-8	1	0	10.05555
3360	-22.5	28.5	36.311	1140.006	5.90447	2.03	5.1	10.511	1.8326E-8	1	0	9.45757
3361	-22.5	29.5	37.101	1139.845	5.87748	2.03	5.1	11.301	1.816E-8	1	0	8.87895
3362	-21.5	-29.5	36.503	1140.11	5.5467	2.03	5.1	10.703	1.6171E-8	1	0	9.89837
3363	-21.5	-28.5	35.7	1140.277	5.57416	2.03	5.1	9.9	1.6331E-8	1	0	10.59992
3364	-21.5	-27.5	34.907	1140.609	5.64502	2.03	5.1	9.107	1.6746E-8	1	0	11.33101
3365	-21.5	-26.5	34.125	1141.099	5.7521	2.03	5.1	8.325	1.7384E-8	1	0	12.11943
3366	-21.5	-25.5	33.354	1141.737	5.89627	2.03	5.1	7.554	1.8261E-8	1	0	12.98579
3367	-21.5	-24.5	32.596	1142.509	6.07859	2.03	5.1	6.796	1.9401E-8	1	0	13.96056
3368	-21.5	-23.5	31.851	1143.397	6.30016	2.03	5.1	6.051	2.0833E-8	1	0	15.08912
3369	-21.5	-22.5	31.121	1144.379	6.56201	2.03	5.1	5.321	2.2591E-8	1	0	16.44046
3370	-21.5	-21.5	30.406	1145.427	6.86515	2.03	20	4.606	2.4714E-8	1	0	18.0442
3371	-21.5	-20.5	29.707	1146.499	7.21199	2.03	20	3.907	2.7262E-8	0	0	20.24291
3372	-21.5	-19.5	29.026	1147.481	7.61123	2.03	20	3.226	3.035E-8	0	0	23.22641
3373	-21.5	-18.5	28.364	1148.318	8.08604	2.03	20	2.564	3.4242E-8	0	0	27.50564
3374	-21.5	-17.5	27.722	1148.969	8.65363	2.03	20	1.922	3.9207E-8	0	0	34.28259
3375	-21.5	-16.5	27.102	1149.377	9.16338	2.03	20	1.302	4.3954E-8	0	0	47.79709
3376	-21.5	-15.5	26.505	1149.5	10.16441	2.03	20	1	5.4079E-8	0	0	56.08655
3377	-21.639	-14.585	26.096	1149.39	11.09201	2.03	20	1	6.4403E-8	0	0	51.39455
3378	-21.639	14.585	26.096	1149.39	11.09201	2.03	20	1	6.4403E-8	0	0	51.39455
3379	-21.5	15.5	26.505	1149.5	10.16441	2.03	20	1	5.4079E-8	0	0	56.08655
3380	-21.5	16.5	27.102	1149.377	9.16338	2.03	20	1.302	4.3954E-8	0	0	47.79709
3381	-21.5	17.5	27.722	1148.969	8.65363	2.03	20	1.922	3.9207E-8	0	0	34.28259
3382	-21.5	18.5	28.364	1148.318	8.08604	2.03	20	2.564	3.4242E-8	0	0	27.50564
3383	-21.5	19.5	29.026	1147.481	7.61123	2.03	20	3.226	3.035E-8	0	0	23.22641
3384	-21.5	20.5	29.707	1146.499	7.21199	2.03	20	3.907	2.7262E-8	0	0	20.24291
3385	-21.5	21.5	30.406	1145.427	6.86515	2.03	20	4.606	2.4714E-8	1	0	18.0442
3386	-21.5	22.5	31.121	1144.379	6.56201	2.03	5.1	5.321	2.2591E-8	1	0	16.44046
3387	-21.5	23.5	31.851	1143.397	6.30016	2.03	5.1	6.051	2.0833E-8	1	0	15.08912
3388	-21.5	24.5	32.596	1142.509	6.07859	2.03	5.1	6.796	1.9401E-8	1	0	13.96056
3389	-21.5	25.5	33.354	1141.737	5.89627	2.03	5.1	7.554	1.8261E-8	1	0	12.98579
3390	-21.5	26.5	34.125	1141.099	5.7521	2.03	5.1	8.325	1.7384E-8	1	0	12.11943
3391	-21.5	27.5	34.907	1140.609	5.64502	2.03	5.1	9.107	1.6746E-8	1	0	11.33101
3392	-21.5	28.5	35.7	1140.277	5.57416	2.03	5.1	9.9	1.6331E-8	1	0	10.59992
3393	-21.5	29.5	36.503	1140.11	5.5467	2.03	5.1	10.703	1.6171E-8	1	0	9.89837
3394	-20.5	-29.5	35.924	1140.369	5.20164	2.03	5.1	10.124	1.422E-8	1	0	11.12274
3395	-20.5	-28.5	35.107	1140.544	5.22926	2.03	5.1	9.307	1.4371E-8	1	0	11.98141
3396	-20.5	-27.5	34.3	1140.891	5.30297	2.03	5.1	8.5	1.4776E-8	1	0	12.88473
3397	-20.5	-26.5	33.504	1141.402	5.41459	2.03	5.1	7.704	1.5401E-8	1	0	13.87421
3398	-20.5	-25.5	32.718	1142.068	5.56532	2.03	5.1	6.918	1.6266E-8	1	0	14.98349
3399	-20.5	-24.5	31.945	1142.874	5.75664	2.03	5.1	6.145	1.7397E-8	1	0	16.264
3400	-20.5	-23.5	31.185	1143.799	5.99008	2.03	5.1	5.385	1.8829E-8	1	0	17.79605
3401	-20.5	-22.5	30.438	1144.821	6.26666	2.03	20	4.638	2.0599E-8	1	0	19.62457
3402	-20.5	-21.5	29.707	1145.898	6.58601	2.03	20	3.907	2.2741E-8	0	0	22.16312
3403	-20.5	-20.5	28.991	1146.909	6.94644	2.03	20	3.191	2.5286E-8	0	0	25.71937
3404	-20.5	-19.5	28.293	1147.793	7.35483	2.03	20	2.493	2.8336E-8	0	0	31.09084
3405	-20.5	-18.5	27.613	1148.513	7.87851	2.03	20	1.813	3.2504E-8	0	0	39.90023
3406	-20.5	-17.5	26.954	1149.021	8.62349	2.03	20	1.154	3.8933E-8	0	0	57.29712
3407	-20.391	-16.559	26.268	1149.215	9.20647	2.03	20	1	4.4371E-8	0	0	61.9174
3408	-20.749	-15.666	25.998	1149.202	9.02404	2.03	20	1	4.2631E-8	0	0	63.16887
3409	-20.749	15.666	25.998	1149.202	9.02404	2.03	20	1	4.2631E-8	0	0	63.16887
3410	-20.391	16.559	26.268	1149.215	9.20647	2.03	20	1	4.4371E-8	0	0	61.9174
3411	-20.5	17.5	26.954	1149.021	8.62349	2.03	20	1.154	3.8933E-8	0	0	57.29712
3412	-20.5	18.5	27.613	1148.513	7.87851	2.03	20	1.813	3.2504E-8	0	0	39.90023
3413	-20.5	19.5	28.293	1147.793	7.35483	2.03	20	2.493	2.8336E-8	0	0	31.09084
3414	-20.5	20.5	28.991	1146.909	6.94644	2.03	20	3.191	2.5286E-8	0	0	25.71937
3415	-20.5	21.5	29.707	1145.898	6.58601	2.03	20	3.907	2.2741E-8	0	0	22.16312
3416	-20.5	22.5	30.438	1144.821	6.26666	2.03	20	4.638	2.0599E-8	1	0	19.62457
3417	-20.5	23.5	31.185	1143.799	5.99008	2.03	5.1	5.385	1.8829E-8	1	0	17.79605
3418	-20.5	24.5	31.945	1142.874	5.75664	2.03	5.1	6.145	1.7397E-8	1	0	16.264
3419	-20.5	25.5	32.718	1142.068	5.56532	2.03	5.1	6.918	1.6266E-8	1	0	14.98349
3420	-20.5	26.5	33.504	1141.402	5.41459	2.03	5.1	7.704	1.5401E-8	1	0	13.87421
3421	-20.5	27.5	34.3	1140.891	5.30297	2.03	5.1	8.5	1.4776E-8	1	0	12.88473
3422	-20.5	28.5	35.107	1140.544	5.22926	2.03	5.1	9.307	1.4371E-8	1	0	11.98141
3423	-20.5	29.5	35.924	1140.369	5.20164	2.03	5.1	10.124	1.422E-8	1	0	11.12274
3424	-19.5	-29.5	35.362	1140.635	4.84412	2.03	5.1	9.562	1.2331E-8	1	0	12.60611
3425	-19.5	-28.5	34.533	1140.819	4.87157	2.03	5.1	8.733	1.247E-8	1	0	13.66779
3426	-19.5	-27.5	33.712	1141.183	4.94765	2.03	5.1	7.912	1.2861E-8	1	0	14.79681
3427	-19.5	-26.5	32.901	1141.72	5.06314	2.03	5.1	7.101	1.3465E-8	1	0	16.05578
3428	-19.5	-25.5	32.101	1142.42	5.21968	2.03	5.1	6.301	1.4306E-8	1	0	17.5003
3429	-19.5	-24.5	31.313	1143.267	5.41937	2.03	5.1	5.513	1.5416E-8	1	0	19.2183
3430	-19.5	-23.5	30.537	1144.24	5.66467	2.03	20	4.737	1.6836E-8	1	0	21.25742
3431	-19.5	-22.5	29.774	1145.308	5.95744	2.03	20	3.974	1.8612E-8	0	0	24.08408
3432	-19.5	-21.5	29.026	1146.348	6.29587	2.03	20	3.226	2.0777E-8	0	0	28.06986
3433	-19.5	-20.5	28.293	1147.29	6.66519	2.03	20	2.493	2.3276E-8	0	0	34.3028
3434	-19.5	-19.5	27.577	1148.085	7.02429	2.03	20	1.777	2.5843E-8	0	0	45.65884
3435	-19.5	-18.5	26.879	1148.687	7.41473	2.03	20	1.079	2.8788E-8	0	0	71.21726
3436	-19.443	-17.574	26.208	1149.066	8.80665	2.03	20	1	4.0604E-8	0	0	64.72564
3437	-19.443	17.574	26.208	1149.066	8.80665	2.03	20	1	4.0604E-8	0	0	64.72564
3438	-19.5	18.5	26.879	1148.687	7.41473	2.03	20	1.079	2.8788E-8	0	0	71.21726
3439	-19.5	19.5	27.577	1148.085	7.02429	2.03	20	1.777	2.5843E-8	0	0	45.65884
3440	-19.5	20.5	28.293	1147.29	6.66519	2.03	20	2.493	2.3276E-8	0	0	34.3028
3441	-19.5	21.5	29.026	1146.348	6.29587	2.03	20	3.226	2.0777E-8	0	0	28.06986
3442	-19.5	22.5	29.774	1145.308	5.95744	2.03	20	3.974	1.8612E-8	0	0	24.08408
3443	-19.5	23.5	30.537	1144.24	5.66467	2.03	20	4.737	1.6836E-8	1	0	21.25742
3444	-19.5	24.5	31.313	1143.267	5.41937	2.03	5.1	5.513	1.5416E-8	1	0	19.2183
3445	-19.5	25.5	32.101	1142.42	5.21968	2.03	5.1	6.301	1.4306E-8	1	0	17.5003
3446	-19.5	26.5	32.901	1141.72	5.06314	2.03	5.1	7.101	1.3465E-8	1	0	16.05578
3447	-19.5	27.5	33.712	1141.183	4.94765	2.03	5.1	7.912	1.2861E-8	1	0	14.79681
3448	-19.5	28.5	34.533	1140.819	4.87157	2.03	5.1	8.733	1.247E-8	1	0	13.66779
3449	-19.5	29.5	35.362	1140.635	4.84412	2.03	5.1	9.562	1.2331E-8	1	0	12.60611
3450	-18.5	-29.5	34.821	1140.92	4.47653	2.03	5.1	9.021	1.0529E-8	1	0	14.41995
3451	-18.5	-28.5	33.978	1141.114	4.50339	2.03	5.1	8.178	1.0655E-8	1	0	15.74699
3452	-18.5	-27.5	33.144	1141.499	4.58122	2.03	5.1	7.344	1.1025E-8	1	0	17.1757
3453	-18.5	-26.5	32.319	1142.067	4.69967	2.03	5.1	6.519	1.1599E-8	1	0	18.80201
3454	-18.5	-25.5	31.504	1142.807	4.86083	2.03	5.1	5.704	1.2404E-8	1	0	20.71928
3455	-18.5	-24.5	30.7	1143.703	5.06764	2.03	5.1	4.9	1.3477E-8	1	0	23.08175
3456	-18.5	-23.5	29.908	1144.734	5.32419	2.03	20	4.108	1.4869E-8	0	0	26.06771
3457	-18.5	-22.5	29.129	1145.792	5.63607	2.03	20	3.329	1.6655E-8	0	0	30.38125
3458	-18.5	-21.5	28.364	1146.79	6.00819	2.03	20	2.564	1.8918E-8	0	0	37.00183
3459	-18.5	-20.5	27.613	1147.686	6.42451	2.03	20	1.813	2.1622E-8	0	0	48.9189
3460	-18.5	-19.5	26.879	1148.409	6.71834	2.03	20	1.079	2.3637E-8	0	0	78.59304
3461	-18.545	-18.545	26.227	1148.86	8.29659	2.03	20	1	3.604E-8	0	0	68.70084
3462	-18.545	18.545	26.227	1148.86	8.29659	2.03	20	1	3.604E-8	0	0	68.70084
3463	-18.5	19.5	26.879	1148.409	6.71834	2.03	20	1.079	2.3637E-8	0	0	78.59304
3464	-18.5	20.5	27.613	1147.686	6.42451	2.03	20	1.813	2.1622E-8	0	0	48.9189
3465	-18.5	21.5	28.364	1146.79	6.00819	2.03	20	2.564	1.8918E-8	0	0	37.00183
3466	-18.5	22.5	29.129	1145.792	5.63607	2.03	20	3.329	1.6655E-8	0	0	30.38125
3467	-18.5	23.5	29.908	1144.734	5.32419	2.03	20	4.108	1.4869E-8	0	0	26.06771
3468	-18.5	24.5	30.7	1143.703	5.06764	2.03	5.1	4.9	1.3477E-8	1	0	23.08175
3469	-18.5	25.5	31.504	1142.807	4.86083	2.03	5.1	5.704	1.2404E-8	1	0	20.71928
3470	-18.5	26.5	32.319	1142.067	4.69967	2.03	5.1	6.519	1.1599E-8	1	0	18.80201
3471	-18.5	27.5	33.144	1141.499	4.58122	2.03	5.1	7.344	1.1025E-8	1	0	17.1757
3472	-18.5	28.5	33.978	1141.114	4.50339	2.03	5.1	8.178	1.0655E-8	1	0	15.74699
3473	-18.5	29.5	34.821	1140.92	4.47653	2.03	5.1	9.021	1.0529E-8	1	0	14.41995
3474	-17.5	-29.5	34.3	1141.233	4.1018	2.03	5.1	8.5	8.8391E-9	1	0	16.65966
3475	-17.5	-28.5	33.444	1141.439	4.12762	2.03	5.1	7.644	8.9499E-9	1	0	18.33772
3476	-17.5	-27.5	32.596	1141.847	4.20644	2.03	5.1	6.796	9.2933E-9	1	0	20.16997
3477	-17.5	-26.5	31.757	1142.451	4.32668	2.03	5.1	5.957	9.8296E-9	1	0	22.30583
3478	-17.5	-25.5	30.927	1143.239	4.4908	2.03	5.1	5.127	1.0586E-8	1	0	24.90593
3479	-17.5	-24.5	30.108	1144.196	4.70229	2.03	20	4.308	1.1601E-8	1	0	28.14564
3480	-17.5	-23.5	29.3	1145.245	4.96656	2.03	20	3.5	1.2936E-8	0	0	32.78946
3481	-17.5	-22.5	28.504	1146.273	5.29487	2.03	20	2.704	1.4696E-8	0	0	39.7996
3482	-17.5	-21.5	27.722	1147.249	5.71898	2.03	20	1.922	1.7137E-8	0	0	51.84883
3483	-17.5	-20.5	26.954	1148.141	6.28877	2.03	20	1.154	2.0714E-8	0	0	78.54899
3484	-17.574	-19.443	26.208	1148.824	7.28901	2.03	20	1	2.7818E-8	0	0	78.19669
3485	-17.574	19.443	26.208	1148.824	7.28901	2.03	20	1	2.7818E-8	0	0	78.19669
3486	-17.5	20.5	26.954	1148.141	6.28877	2.03	20	1.154	2.0714E-8	0	0	78.54899
3487	-17.5	21.5	27.722	1147.249	5.71898	2.03	20	1.922	1.7137E-8	0	0	51.84883
3488	-17.5	22.5	28.504	1146.273	5.29487	2.03	20	2.704	1.4696E-8	0	0	39.7996
3489	-17.5	23.5	29.3	1145.245	4.96656	2.03	20	3.5	1.2936E-8	0	0	32.78946
3490	-17.5	24.5	30.108	1144.196	4.70229	2.03	20	4.308	1.1601E-8	1	0	28.14564
3491	-17.5	25.5	30.927	1143.239	4.4908	2.03	5.1	5.127	1.0586E-8	1	0	24.90593
3492	-17.5	26.5	31.757	1142.451	4.32668	2.03	5.1	5.957	9.8296E-9	1	0	22.30583
3493	-17.5	27.5	32.596	1141.847	4.20644	2.03	5.1	6.796	9.2933E-9	1	0	20.16997
3494	-17.5	28.5	33.444	1141.439	4.12762	2.03	5.1	7.644	8.9499E-9	1	0	18.33772
3495	-17.5	29.5	34.3	1141.233	4.1018	2.03	5.1	8.5	8.8391E-9	1	0	16.65966
3496	-16.5	-29.5	33.801	1141.581	3.72338	2.03	5.1	8.001	7.2823E-9	1	0	19.45394
3497	-16.5	-28.5	32.932	1141.8	3.74772	2.03	5.1	7.132	7.3771E-9	1	0	21.60208
3498	-16.5	-27.5	32.07	1142.235	3.82668	2.03	5.1	6.27	7.6897E-9	1	0	23.98541
3499	-16.5	-26.5	31.217	1142.88	3.94743	2.03	5.1	5.417	8.1803E-9	1	0	26.84055
3500	-16.5	-25.5	30.373	1143.724	4.1127	2.03	20	4.573	8.8763E-9	1	0	30.32145
3501	-16.5	-24.5	29.538	1144.728	4.3258	2.03	20	3.738	9.8156E-9	0	0	35.25073
3502	-16.5	-23.5	28.714	1145.755	4.59019	2.03	20	2.914	1.1047E-8	0	0	42.60399
3503	-16.5	-22.5	27.902	1146.765	4.90998	2.03	20	2.102	1.2634E-8	0	0	55.22185
3504	-16.5	-21.5	27.102	1147.724	5.36872	2.03	20	1.302	1.5099E-8	0	0	81.54184
3505	-16.559	-20.391	26.268	1148.701	6.00185	2.03	20	1	1.8862E-8	0	0	94.96343
3506	-16.559	20.391	26.268	1148.701	6.00185	2.03	20	1	1.8862E-8	0	0	94.96343
3507	-16.5	21.5	27.102	1147.724	5.36872	2.03	20	1.302	1.5099E-8	0	0	81.54184
3508	-16.5	22.5	27.902	1146.765	4.90998	2.03	20	2.102	1.2634E-8	0	0	55.22185
3509	-16.5	23.5	28.714	1145.755	4.59019	2.03	20	2.914	1.1047E-8	0	0	42.60399
3510	-16.5	24.5	29.538	1144.728	4.3258	2.03	20	3.738	9.8156E-9	0	0	35.25073
3511	-16.5	25.5	30.373	1143.724	4.1127	2.03	20	4.573	8.8763E-9	1	0	30.32145
3512	-16.5	26.5	31.217	1142.88	3.94743	2.03	5.1	5.417	8.1803E-9	1	0	26.84055
3513	-16.5	27.5	32.07	1142.235	3.82668	2.03	5.1	6.27	7.6897E-9	1	0	23.98541
3514	-16.5	28.5	32.932	1141.8	3.74772	2.03	5.1	7.132	7.3771E-9	1	0	21.60208
3515	-16.5	29.5	33.801	1141.581	3.72338	2.03	5.1	8.001	7.2823E-9	1	0	19.45394
3516	-15.5	-29.5	33.324	1141.966	3.34525	2.03	5.1	7.524	5.8773E-9	1	0	22.9783
3517	-15.5	-28.5	32.442	1142.2	3.36766	2.03	5.1	6.642	5.9556E-9	1	0	25.76407
3518	-15.5	-27.5	31.567	1142.666	3.44582	2.03	5.1	5.767	6.234E-9	1	0	28.91116
3519	-15.5	-26.5	30.7	1143.358	3.5658	2.03	5.1	4.9	6.6737E-9	1	0	32.79994
3520	-15.5	-25.5	29.841	1144.263	3.73083	2.03	20	4.041	7.3028E-9	0	0	37.80984
3521	-15.5	-24.5	28.991	1145.262	3.94464	2.03	20	3.191	8.1601E-9	0	0	45.26993
3522	-15.5	-23.5	28.151	1146.281	4.20874	2.03	20	2.351	9.2852E-9	0	0	57.57776
3523	-15.5	-22.5	27.322	1147.289	4.50917	2.03	20	1.522	1.0653E-8	0	0	83.0168
3524	-15.5	-21.5	26.505	1148.232	5.2301	2.03	20	1	1.4326E-8	0	0	108.96161
3525	-15.666	-20.749	25.998	1148.936	4.91665	2.03	20	1	1.2656E-8	0	0	115.93149
3526	-15.666	20.749	25.998	1148.936	4.91665	2.03	20	1	1.2656E-8	0	0	115.93149
3527	-15.5	21.5	26.505	1148.232	5.2301	2.03	20	1	1.4326E-8	0	0	108.96161
3528	-15.5	22.5	27.322	1147.289	4.50917	2.03	20	1.522	1.0653E-8	0	0	83.0168
3529	-15.5	23.5	28.151	1146.281	4.20874	2.03	20	2.351	9.2852E-9	0	0	57.57776
3530	-15.5	24.5	28.991	1145.262	3.94464	2.03	20	3.191	8.1601E-9	0	0	45.26993
3531	-15.5	25.5	29.841	1144.263	3.73083	2.03	20	4.041	7.3028E-9	0	0	37.80984
3532	-15.5	26.5	30.7	1143.358	3.5658	2.03	5.1	4.9	6.6737E-9	1	0	32.79994
3533	-15.5	27.5	31.567	1142.666	3.44582	2.03	5.1	5.767	6.234E-9	1	0	28.91116
3534	-15.5	28.5	32.442	1142.2	3.36766	2.03	5.1	6.642	5.9556E-9	1	0	25.76407
3535	-15.5	29.5	33.324	1141.966	3.34525	2.03	5.1	7.524	5.8773E-9	1	0	22.9783
3536	-14.5	-29.5	32.871	1142.388	2.97176	2.03	5.1	7.071	4.6373E-9	1	0	27.47476
3537	-14.5	-28.5	31.977	1142.639	2.99179	2.03	5.1	6.177	4.6995E-9	1	0	31.13715
3538	-14.5	-27.5	31.089	1143.139	3.0681	2.03	5.1	5.289	4.9412E-9	1	0	35.36
3539	-14.5	-26.5	30.208	1143.884	3.18579	2.03	20	4.408	5.3258E-9	1	0	40.60566
3540	-14.5	-25.5	29.334	1144.816	3.34903	2.03	20	3.534	5.8831E-9	0	0	48.15216
3541	-14.5	-24.5	28.469	1145.806	3.5643	2.03	20	2.669	6.6608E-9	0	0	59.8918
3542	-14.5	-23.5	27.613	1146.835	3.84281	2.03	20	1.813	7.7388E-9	0	0	81.76404
3543	-14.5	-22.5	26.768	1147.881	4.26943	2.03	20	1	9.5481E-9	0	0	133.46568
3544	-14.585	-21.639	26.096	1148.728	4.95875	2.03	20	1	1.2875E-8	0	0	114.94044
3545	-14.585	21.639	26.096	1148.728	4.95875	2.03	20	1	1.2875E-8	0	0	114.94044
3546	-14.5	22.5	26.768	1147.881	4.26943	2.03	20	1	9.5481E-9	0	0	133.46568
3547	-14.5	23.5	27.613	1146.835	3.84281	2.03	20	1.813	7.7388E-9	0	0	81.76404
3548	-14.5	24.5	28.469	1145.806	3.5643	2.03	20	2.669	6.6608E-9	0	0	59.8918
3549	-14.5	25.5	29.334	1144.816	3.34903	2.03	20	3.534	5.8831E-9	0	0	48.15216
3550	-14.5	26.5	30.208	1143.884	3.18579	2.03	20	4.408	5.3258E-9	1	0	40.60566
3551	-14.5	27.5	31.089	1143.139	3.0681	2.03	5.1	5.289	4.9412E-9	1	0	35.36
3552	-14.5	28.5	31.977	1142.639	2.99179	2.03	5.1	6.177	4.6995E-9	1	0	31.13715
3553	-14.5	29.5	32.871	1142.388	2.97176	2.03	5.1	7.071	4.6373E-9	1	0	27.47476
3554	-13.5	-29.5	32.442	1142.844	2.60756	2.03	5.1	6.642	3.5696E-9	1	0	33.28057
3555	-13.5	-28.5	31.536	1143.113	2.62481	2.03	5.1	5.736	3.6165E-9	1	0	38.16482
3556	-13.5	-27.5	30.635	1143.65	2.69807	2.03	20	4.835	3.8203E-9	1	0	43.72168
3557	-13.5	-26.5	29.741	1144.446	2.81146	2.03	20	3.941	4.1467E-9	0	0	51.45503
3558	-13.5	-25.5	28.853	1145.365	2.96951	2.03	20	3.053	4.6241E-9	0	0	62.85652
3559	-13.5	-24.5	27.973	1146.357	3.17926	2.03	20	2.173	5.2981E-9	0	0	82.46685
3560	-13.5	-23.5	27.102	1147.407	3.4921	2.03	20	1.302	6.3891E-9	0	0	125.3502
3561	-13.55	-22.476	26.245	1148.528	3.93326	2.03	20	1	8.1013E-9	0	0	144.89981
3562	-13.55	22.476	26.245	1148.528	3.93326	2.03	20	1	8.1013E-9	0	0	144.89981
3563	-13.5	23.5	27.102	1147.407	3.4921	2.03	20	1.302	6.3891E-9	0	0	125.3502
3564	-13.5	24.5	27.973	1146.357	3.17926	2.03	20	2.173	5.2981E-9	0	0	82.46685
3565	-13.5	25.5	28.853	1145.365	2.96951	2.03	20	3.053	4.6241E-9	0	0	62.85652
3566	-13.5	26.5	29.741	1144.446	2.81146	2.03	20	3.941	4.1467E-9	0	0	51.45503
3567	-13.5	27.5	30.635	1143.65	2.69807	2.03	20	4.835	3.8203E-9	1	0	43.72168
3568	-13.5	28.5	31.536	1143.113	2.62481	2.03	5.1	5.736	3.6165E-9	1	0	38.16482
3569	-13.5	29.5	32.442	1142.844	2.60756	2.03	5.1	6.642	3.5696E-9	1	0	33.28057
3570	-12.5	-29.5	32.039	1143.329	2.25743	2.03	5.1	6.239	2.6748E-9	1	0	40.8706
3571	-12.5	-28.5	31.121	1143.617	2.2716	2.03	5.1	5.321	2.7081E-9	1	0	47.48115
3572	-12.5	-27.5	30.208	1144.194	2.34065	2.03	20	4.408	2.8745E-9	1	0	55.27211
3573	-12.5	-26.5	29.3	1145.002	2.44787	2.03	20	3.5	3.1428E-9	0	0	66.52285
3574	-12.5	-25.5	28.399	1145.91	2.59762	2.03	20	2.599	3.5376E-9	0	0	84.40374
3575	-12.5	-24.5	27.505	1146.908	2.79472	2.03	20	1.705	4.093E-9	0	0	119.60563
3576	-12.5	-23.5	26.618	1147.983	3.16903	2.03	20	1	5.2603E-9	0	0	179.81489
3577	-12.607	-22.754	26.013	1148.842	3.26762	2.03	20	1	5.5905E-9	0	0	174.43274
3578	-12.607	22.754	26.013	1148.842	3.26762	2.03	20	1	5.5905E-9	0	0	174.43274
3579	-12.5	23.5	26.618	1147.983	3.16903	2.03	20	1	5.2603E-9	0	0	179.81489
3580	-12.5	24.5	27.505	1146.908	2.79472	2.03	20	1.705	4.093E-9	0	0	119.60563
3581	-12.5	25.5	28.399	1145.91	2.59762	2.03	20	2.599	3.5376E-9	0	0	84.40374
3582	-12.5	26.5	29.3	1145.002	2.44787	2.03	20	3.5	3.1428E-9	0	0	66.52285
3583	-12.5	27.5	30.208	1144.194	2.34065	2.03	20	4.408	2.8745E-9	1	0	55.27211
3584	-12.5	28.5	31.121	1143.617	2.2716	2.03	5.1	5.321	2.7081E-9	1	0	47.48115
3585	-12.5	29.5	32.039	1143.329	2.25743	2.03	5.1	6.239	2.6748E-9	1	0	40.8706
3586	-11.5	-29.5	31.662	1143.831	1.92604	2.03	5.1	5.862	1.9467E-9	1	0	50.92079
3587	-11.5	-28.5	30.733	1144.138	1.93695	2.03	5.1	4.933	1.9685E-9	1	0	60.00336
3588	-11.5	-27.5	29.808	1144.752	2.00077	2.03	20	4.008	2.0998E-9	0	0	71.10209
3589	-11.5	-26.5	28.888	1145.541	2.10044	2.03	20	3.088	2.3134E-9	0	0	87.87331
3590	-11.5	-25.5	27.973	1146.444	2.24101	2.03	20	2.173	2.6323E-9	0	0	116.99616
3591	-11.5	-24.5	27.065	1147.458	2.45504	2.03	20	1.265	3.1577E-9	0	0	183.50697
3592	-11.546	-23.535	26.215	1148.538	2.75245	2.03	20	1	3.9672E-9	0	0	207.06255
3593	-11.546	23.535	26.215	1148.538	2.75245	2.03	20	1	3.9672E-9	0	0	207.06255
3594	-11.5	24.5	27.065	1147.458	2.45504	2.03	20	1.265	3.1577E-9	0	0	183.50697
3595	-11.5	25.5	27.973	1146.444	2.24101	2.03	20	2.173	2.6323E-9	0	0	116.99616
3596	-11.5	26.5	28.888	1145.541	2.10044	2.03	20	3.088	2.3134E-9	0	0	87.87331
3597	-11.5	27.5	29.808	1144.752	2.00077	2.03	20	4.008	2.0998E-9	0	0	71.10209
3598	-11.5	28.5	30.733	1144.138	1.93695	2.03	5.1	4.933	1.9685E-9	1	0	60.00336
3599	-11.5	29.5	31.662	1143.831	1.92604	2.03	5.1	5.862	1.9467E-9	1	0	50.92079
3600	-10.5	-29.5	31.313	1144.342	1.61768	2.03	5.1	5.513	1.3729E-9	1	0	64.40352
3601	-10.5	-28.5	30.373	1144.668	1.62528	2.03	20	4.573	1.3857E-9	1	0	76.74768
3602	-10.5	-27.5	29.436	1145.292	1.68288	2.03	20	3.636	1.4852E-9	0	0	93.15471
3603	-10.5	-26.5	28.504	1146.058	1.77335	2.03	20	2.704	1.6486E-9	0	0	118.82628
3604	-10.5	-25.5	27.577	1146.956	1.90233	2.03	20	1.777	1.8964E-9	0	0	168.53895
3605	-10.5	-24.5	26.655	1147.987	2.11687	2.03	20	1	2.3472E-9	0	0	269.18975
3606	-10.585	-23.763	26.014	1148.828	2.25234	2.03	20	1	2.6562E-9	0	0	253.05973
3607	-10.585	23.763	26.014	1148.828	2.25234	2.03	20	1	2.6562E-9	0	0	253.05973
3608	-10.5	24.5	26.655	1147.987	2.11687	2.03	20	1	2.3472E-9	0	0	269.18975
3609	-10.5	25.5	27.577	1146.956	1.90233	2.03	20	1.777	1.8964E-9	0	0	168.53895
3610	-10.5	26.5	28.504	1146.058	1.77335	2.03	20	2.704	1.6486E-9	0	0	118.82628
3611	-10.5	27.5	29.436	1145.292	1.68288	2.03	20	3.636	1.4852E-9	0	0	93.15471
3612	-10.5	28.5	30.373	1144.668	1.62528	2.03	20	4.573	1.3857E-9	1	0	76.74768
3613	-10.5	29.5	31.313	1144.342	1.61768	2.03	5.1	5.513	1.3729E-9	1	0	64.40352
3614	-9.5	-29.5	30.992	1144.848	1.33602	2.03	5.1	5.192	9.3624E-10	1	0	82.73063
3615	-9.5	-28.5	30.042	1145.194	1.34044	2.03	20	4.242	9.423E-10	1	0	100.30689
3616	-9.5	-27.5	29.095	1145.795	1.39099	2.03	20	3.295	1.0144E-9	0	0	124.38058
3617	-9.5	-26.5	28.151	1146.542	1.47065	2.03	20	2.351	1.1336E-9	0	0	164.78948
3618	-9.5	-25.5	27.212	1147.434	1.59495	2.03	20	1.412	1.3328E-9	0	0	252.99105
3619	-9.533	-24.486	26.276	1148.489	1.76866	2.03	20	1	1.6381E-9	0	0	322.23414
3620	-9.533	24.486	26.276	1148.489	1.76866	2.03	20	1	1.6381E-9	0	0	322.23414
3621	-9.5	25.5	27.212	1147.434	1.59495	2.03	20	1.412	1.3328E-9	0	0	252.99105
3622	-9.5	26.5	28.151	1146.542	1.47065	2.03	20	2.351	1.1336E-9	0	0	164.78948
3623	-9.5	27.5	29.095	1145.795	1.39099	2.03	20	3.295	1.0144E-9	0	0	124.38058
3624	-9.5	28.5	30.042	1145.194	1.34044	2.03	20	4.242	9.423E-10	1	0	100.30689
3625	-9.5	29.5	30.992	1144.848	1.33602	2.03	5.1	5.192	9.3624E-10	1	0	82.73063
3626	-8.5	-29.5	30.7	1145.334	1.08387	2.03	5.1	4.9	6.1606E-10	1	0	107.97002
3627	-8.5	-28.5	29.741	1145.693	1.08541	2.03	20	3.941	6.1771E-10	0	0	133.32771
3628	-8.5	-27.5	28.784	1146.259	1.12849	2.03	20	2.984	6.6755E-10	0	0	169.28421
3629	-8.5	-26.5	27.83	1146.984	1.1969	2.03	20	2.03	7.5069E-10	0	0	234.55234
3630	-8.5	-25.5	26.879	1147.868	1.31241	2.03	20	1.079	9.0223E-10	0	0	402.26228
3631	-8.545	-24.671	26.109	1148.744	1.38056	2.03	20	1	9.9797E-10	0	0	412.85106
3632	-8.545	24.671	26.109	1148.744	1.38056	2.03	20	1	9.9797E-10	0	0	412.85106
3633	-8.5	25.5	26.879	1147.868	1.31241	2.03	20	1.079	9.0223E-10	0	0	402.26228
3634	-8.5	26.5	27.83	1146.984	1.1969	2.03	20	2.03	7.5069E-10	0	0	234.55234
3635	-8.5	27.5	28.784	1146.259	1.12849	2.03	20	2.984	6.6755E-10	0	0	169.28421
3636	-8.5	28.5	29.741	1145.693	1.08541	2.03	20	3.941	6.1771E-10	0	0	133.32771
3637	-8.5	29.5	30.7	1145.334	1.08387	2.03	5.1	4.9	6.1606E-10	1	0	107.97002
3638	-7.5	-29.5	30.438	1145.791	0.86293	2.03	20	4.638	3.9042E-10	1	0	142.55395
3639	-7.5	-28.5	29.47	1146.145	0.86212	2.03	20	3.67	3.8962E-10	0	0	180.20669
3640	-7.5	-27.5	28.504	1146.676	0.89753	2.03	20	2.704	4.2219E-10	0	0	234.8206
3641	-7.5	-26.5	27.541	1147.375	0.95272	2.03	20	1.741	4.7556E-10	0	0	343.57992
3642	-7.5	-25.5	26.58	1148.241	1.0451	2.03	20	1	5.7204E-10	0	0	545.28687
3643	-7.58	-24.83	25.961	1148.925	1.10169	2.03	20	1	6.3546E-10	0	0	517.3823
3644	-7.58	24.83	25.961	1148.925	1.10169	2.03	20	1	6.3546E-10	0	0	517.3823
3645	-7.5	25.5	26.58	1148.241	1.0451	2.03	20	1	5.7204E-10	0	0	545.28687
3646	-7.5	26.5	27.541	1147.375	0.95272	2.03	20	1.741	4.7556E-10	0	0	343.57992
3647	-7.5	27.5	28.504	1146.676	0.89753	2.03	20	2.704	4.2219E-10	0	0	234.8206
3648	-7.5	28.5	29.47	1146.145	0.86212	2.03	20	3.67	3.8962E-10	0	0	180.20669
3649	-7.5	29.5	30.438	1145.791	0.86293	2.03	20	4.638	3.9042E-10	1	0	142.55395
3650	-6.5	-29.5	30.208	1146.212	0.67364	2.03	20	4.408	2.3787E-10	1	0	192.16262
3651	-6.5	-28.5	29.232	1146.538	0.67125	2.03	20	3.432	2.3616E-10	0	0	247.52109
3652	-6.5	-27.5	28.258	1147.038	0.69996	2.03	20	2.458	2.5673E-10	0	0	331.31241
3653	-6.5	-26.5	27.286	1147.711	0.74734	2.03	20	1.486	2.9258E-10	0	0	513.29955
3654	-6.521	-25.48	26.301	1148.571	0.81432	2.03	20	1	3.4724E-10	0	0	699.88934
3655	-6.521	25.48	26.301	1148.571	0.81432	2.03	20	1	3.4724E-10	0	0	699.88934
3656	-6.5	26.5	27.286	1147.711	0.74734	2.03	20	1.486	2.9258E-10	0	0	513.29955
3657	-6.5	27.5	28.258	1147.038	0.69996	2.03	20	2.458	2.5673E-10	0	0	331.31241
3658	-6.5	28.5	29.232	1146.538	0.67125	2.03	20	3.432	2.3616E-10	0	0	247.52109
3659	-6.5	29.5	30.208	1146.212	0.67364	2.03	20	4.408	2.3787E-10	1	0	192.16262
3660	-5.5	-29.5	30.008	1146.578	0.51503	2.03	20	4.208	1.3902E-10	1	0	263.22845
3661	-5.5	-28.5	29.026	1146.871	0.51187	2.03	20	3.226	1.3731E-10	0	0	345.30221
3662	-5.5	-27.5	28.045	1147.343	0.53517	2.03	20	2.245	1.5006E-10	0	0	474.47181
3663	-5.5	-26.5	27.065	1147.99	0.57443	2.03	20	1.265	1.7283E-10	0	0	784.40844
3664	-5.523	-25.6	26.189	1148.733	0.60365	2.03	20	1	1.908E-10	0	0	944.1865
3665	-5.523	25.6	26.189	1148.733	0.60365	2.03	20	1	1.908E-10	0	0	944.1865
3666	-5.5	26.5	27.065	1147.99	0.57443	2.03	20	1.265	1.7283E-10	0	0	784.40844
3667	-5.5	27.5	28.045	1147.343	0.53517	2.03	20	2.245	1.5006E-10	0	0	474.47181
3668	-5.5	28.5	29.026	1146.871	0.51187	2.03	20	3.226	1.3731E-10	0	0	345.30221
3669	-5.5	29.5	30.008	1146.578	0.51503	2.03	20	4.208	1.3902E-10	1	0	263.22845
3670	-4.5	-29.5	29.841	1146.88	0.38498	2.03	20	4.041	7.767E-11	0	0	366.68597
3671	-4.5	-28.5	28.853	1147.142	0.38183	2.03	20	3.053	7.6394E-11	0	0	489.08523
3672	-4.5	-27.5	27.866	1147.587	0.40051	2.03	20	2.066	8.4036E-11	0	0	688.88311
3673	-4.5	-26.5	26.879	1148.209	0.43	2.03	20	1.079	9.6838E-11	0	0	1227.87346
3674	-4.525	-25.699	26.095	1148.846	0.4469	2.03	20	1	1.0457E-10	0	0	1275.39557
3675	-4.525	25.699	26.095	1148.846	0.4469	2.03	20	1	1.0457E-10	0	0	1275.39557
3676	-4.5	26.5	26.879	1148.209	0.43	2.03	20	1.079	9.6838E-11	0	0	1227.87346
3677	-4.5	27.5	27.866	1147.587	0.40051	2.03	20	2.066	8.4036E-11	0	0	688.88311
3678	-4.5	28.5	28.853	1147.142	0.38183	2.03	20	3.053	7.6394E-11	0	0	489.08523
3679	-4.5	29.5	29.841	1146.88	0.38498	2.03	20	4.041	7.767E-11	0	0	366.68597
3680	-3.5	-29.5	29.707	1147.111	0.28052	2.03	20	3.907	4.1233E-11	0	0	520.52484
3681	-3.5	-28.5	28.714	1147.348	0.27835	2.03	20	2.914	4.0595E-11	0	0	702.88304
3682	-3.5	-27.5	27.722	1147.771	0.29443	2.03	20	1.922	4.5411E-11	0	0	1007.26231
3683	-3.5	-26.5	26.73	1148.371	0.31708	2.03	20	1	5.2651E-11	0	0	1797.36289
3684	-3.526	-25.778	26.018	1148.926	0.32937	2.03	20	1	5.68E-11	0	0	1730.54487
3685	-3.526	25.778	26.018	1148.926	0.32937	2.03	20	1	5.68E-11	0	0	1730.54487
3686	-3.5	26.5	26.73	1148.371	0.31708	2.03	20	1	5.2651E-11	0	0	1797.36289
3687	-3.5	27.5	27.722	1147.771	0.29443	2.03	20	1.922	4.5411E-11	0	0	1007.26231
3688	-3.5	28.5	28.714	1147.348	0.27835	2.03	20	2.914	4.0595E-11	0	0	702.88304
3689	-3.5	29.5	29.707	1147.111	0.28052	2.03	20	3.907	4.1233E-11	0	0	520.52484
3690	-2.5	-29.5	29.606	1147.266	0.19793	2.03	20	3.806	2.0527E-11	0	0	757.3098
3691	-2.5	-28.5	28.609	1147.487	0.19789	2.03	20	2.809	2.0517E-11	0	0	1025.47129
3692	-2.5	-27.5	27.613	1147.896	0.21391	2.03	20	1.813	2.3968E-11	0	0	1469.31431
3693	-2.5	-26.5	26.618	1148.482	0.23271	2.03	20	1	2.8359E-11	0	0	2449.04422
3694	-2.525	-25.837	25.96	1148.98	0.2425	2.03	20	1	3.0789E-11	0	0	2350.50349
3695	-2.525	25.837	25.96	1148.98	0.2425	2.03	20	1	3.0789E-11	0	0	2350.50349
3696	-2.5	26.5	26.618	1148.482	0.23271	2.03	20	1	2.8359E-11	0	0	2449.04422
3697	-2.5	27.5	27.613	1147.896	0.21391	2.03	20	1.813	2.3968E-11	0	0	1469.31431
3698	-2.5	28.5	28.609	1147.487	0.19789	2.03	20	2.809	2.0517E-11	0	0	1025.47129
3699	-2.5	29.5	29.606	1147.266	0.19793	2.03	20	3.806	2.0527E-11	0	0	757.3098
3700	-1.5	-29.5	29.538	1147.341	0.13321	2.03	20	3.738	9.2977E-12	0	0	1145.54321
3701	-1.5	-28.5	28.539	1147.554	0.13672	2.03	20	2.739	9.793E-12	0	0	1522.1877
3702	-1.5	-27.5	27.541	1147.962	0.15557	2.03	20	1.741	1.2677E-11	0	0	2104.42228
3703	-1.5	-26.5	26.542	1148.548	0.17294	2.03	20	1	1.5662E-11	0	0	3295.53552
3704	-1.52	-25.877	25.921	1149.013	0.18083	2.03	20	1	1.7121E-11	0	0	3152.09006
3705	-1.52	25.877	25.921	1149.013	0.18083	2.03	20	1	1.7121E-11	0	0	3152.09006
3706	-1.5	26.5	26.542	1148.548	0.17294	2.03	20	1	1.5662E-11	0	0	3295.53552
3707	-1.5	27.5	27.541	1147.962	0.15557	2.03	20	1.741	1.2677E-11	0	0	2104.42228
3708	-1.5	28.5	28.539	1147.554	0.13672	2.03	20	2.739	9.793E-12	0	0	1522.1877
3709	-1.5	29.5	29.538	1147.341	0.13321	2.03	20	3.738	9.2977E-12	0	0	1145.54321
3710	-0.5	-29.5	29.504	1147.329	0.08293	2.03	20	3.704	3.6034E-12	0	0	1856.88344
3711	-0.5	-28.5	28.504	1147.544	0.09212	2.03	20	2.704	4.4461E-12	0	0	2288.35318
3712	-0.5	-27.5	27.505	1147.965	0.11698	2.03	20	1.705	7.1675E-12	0	0	2858.36449
3713	-0.5	-26.5	26.505	1148.574	0.1342	2.03	20	1	9.4314E-12	0	0	4246.76124
3714	-0.508	-25.897	25.902	1149.028	0.13916	2.03	20	1	1.0138E-11	0	0	4096.17667
3715	-0.508	25.897	25.902	1149.028	0.13916	2.03	20	1	1.0138E-11	0	0	4096.17667
3716	-0.5	26.5	26.505	1148.574	0.1342	2.03	20	1	9.4314E-12	0	0	4246.76124
3717	-0.5	27.5	27.505	1147.965	0.11698	2.03	20	1.705	7.1675E-12	0	0	2858.36449
3718	-0.5	28.5	28.504	1147.544	0.09212	2.03	20	2.704	4.4461E-12	0	0	2288.35318
3719	-0.5	29.5	29.504	1147.329	0.08293	2.03	20	3.704	3.6034E-12	0	0	1856.88344
3720	0.499	-29.497	29.501	1147.126	0.11076	0.73	20	3.701	2.3115E-12	0	0	1394.57522
3721	0.5	-28.5	28.504	1147.358	0.10796	0.73	20	2.704	2.1961E-12	0	0	1954.93283
3722	0.5	-27.5	27.505	1147.841	0.11393	0.73	20	1.705	2.445E-12	0	0	2936.18956
3723	0.5	-26.5	26.505	1148.572	0.11392	0.8264	20	1	2.7663E-12	0	0	5003.81136
3724	0.508	-25.897	25.902	1149.048	0.06437	1.594	20	1	1.7033E-12	0	0	8855.67099
3725	0.508	25.897	25.902	1149.048	0.06437	1.594	20	1	1.7033E-12	0	0	8855.67099
3726	0.5	26.5	26.505	1148.572	0.11392	0.8264	20	1	2.7663E-12	0	0	5003.81136
3727	0.5	27.5	27.505	1147.841	0.11393	0.73	20	1.705	2.445E-12	0	0	2936.18956
3728	0.5	28.5	28.504	1147.358	0.10796	0.73	20	2.704	2.1961E-12	0	0	1954.93283
3729	0.499	29.497	29.501	1147.126	0.11076	0.73	20	3.701	2.3115E-12	0	0	1394.57522
3730	1.496	-29.481	29.519	1146.918	0.0772	0.73	20	3.719	1.123E-12	0	0	1991.57495
3731	1.5	-28.5	28.539	1147.16	0.07435	0.73	20	2.739	1.0415E-12	0	0	2802.51892
3732	1.5	-27.5	27.541	1147.693	0.07624	0.73	20	1.741	1.0949E-12	0	0	4296.27017
3733	1.5	-26.5	26.542	1148.506	0.07245	0.808	20	1	1.0942E-12	0	0	7867.07884
3734	1.52	-25.877	25.921	1149.031	0.04024	1.5338	20	1	6.4058E-13	0	0	14165.25575
3735	1.52	25.877	25.921	1149.031	0.04024	1.5338	20	1	6.4058E-13	0	0	14165.25575
3736	1.5	26.5	26.542	1148.506	0.07245	0.808	20	1	1.0942E-12	0	0	7867.07884
3737	1.5	27.5	27.541	1147.693	0.07624	0.73	20	1.741	1.0949E-12	0	0	4296.27017
3738	1.5	28.5	28.539	1147.16	0.07435	0.73	20	2.739	1.0415E-12	0	0	2802.51892
3739	1.496	29.481	29.519	1146.918	0.0772	0.73	20	3.719	1.123E-12	0	0	1991.57495
3740	2.492	-29.447	29.553	1146.771	0.05349	0.73	20	3.753	5.3918E-13	0	0	2848.25702
3741	2.5	-28.5	28.609	1147.003	0.05067	0.73	20	2.809	4.838E-13	0	0	4009.88896
3742	2.5	-27.5	27.613	1147.551	0.05067	0.73	20	1.813	4.8372E-13	0	0	6205.56376
3743	2.5	-26.5	26.618	1148.401	0.04812	0.7793	20	1	4.6541E-13	0	0	11846.44269
3744	2.525	-25.837	25.96	1148.996	0.02712	1.4318	20	1	2.7165E-13	0	0	21016.92632
3745	2.525	25.837	25.96	1148.996	0.02712	1.4318	20	1	2.7165E-13	0	0	21016.92632
3746	2.5	26.5	26.618	1148.401	0.04812	0.7793	20	1	4.6541E-13	0	0	11846.44269
3747	2.5	27.5	27.613	1147.551	0.05067	0.73	20	1.813	4.8372E-13	0	0	6205.56376
3748	2.5	28.5	28.609	1147.003	0.05067	0.73	20	2.809	4.838E-13	0	0	4009.88896
3749	2.492	29.447	29.553	1146.771	0.05349	0.73	20	3.753	5.3918E-13	0	0	2848.25702
3750	3.488	-29.398	29.604	1146.667	0.03691	0.73	20	3.804	2.5679E-13	0	0	4072.21804
3751	3.5	-28.5	28.714	1146.869	0.03446	0.73	20	2.914	2.2375E-13	0	0	5685.43364
3752	3.5	-27.5	27.722	1147.406	0.03379	0.73	20	1.922	2.1516E-13	0	0	8780.5378
3753	3.5	-26.5	26.73	1148.261	0.0324	0.7517	20	1	2.0358E-13	0	0	17591.87788
3754	3.526	-25.778	26.018	1148.938	0.01898	1.3105	20	1	1.2181E-13	0	0	30027.13433
3755	3.526	25.778	26.018	1148.938	0.01898	1.3105	20	1	1.2181E-13	0	0	30027.13433
3756	3.5	26.5	26.73	1148.261	0.0324	0.7517	20	1	2.0358E-13	0	0	17591.87788
3757	3.5	27.5	27.722	1147.406	0.03379	0.73	20	1.922	2.1516E-13	0	0	8780.5378
3758	3.5	28.5	28.714	1146.869	0.03446	0.73	20	2.914	2.2375E-13	0	0	5685.43364
3759	3.488	29.398	29.604	1146.667	0.03691	0.73	20	3.804	2.5679E-13	0	0	4072.21804
3760	4.481	-29.331	29.671	1146.593	0.02548	0.73	20	3.871	1.2232E-13	0	0	5798.00604
3761	4.5	-28.5	28.853	1146.752	0.02346	0.73	20	3.053	1.037E-13	0	0	7972.73693
3762	4.5	-27.5	27.866	1147.256	0.02268	0.73	20	2.066	9.6909E-14	0	0	12173.53622
3763	4.5	-26.5	26.879	1148.088	0.02176	0.7347	20	1.079	8.9729E-14	0	0	24272.22978
3764	4.525	-25.699	26.095	1148.852	0.01354	1.1891	20	1	5.6265E-14	0	0	42085.72204
3765	4.525	25.699	26.095	1148.852	0.01354	1.1891	20	1	5.6265E-14	0	0	42085.72204
3766	4.5	26.5	26.879	1148.088	0.02176	0.7347	20	1.079	8.9729E-14	0	0	24272.22978
3767	4.5	27.5	27.866	1147.256	0.02268	0.73	20	2.066	9.6909E-14	0	0	12173.53622
3768	4.5	28.5	28.853	1146.752	0.02346	0.73	20	3.053	1.037E-13	0	0	7972.73693
3769	4.481	29.331	29.671	1146.593	0.02548	0.73	20	3.871	1.2232E-13	0	0	5798.00604
3770	5.468	-29.248	29.755	1146.541	0.01775	0.73	20	3.955	5.936E-14	0	0	8148.81313
3771	5.5	-28.5	29.026	1146.649	0.01597	0.73	20	3.226	4.8087E-14	0	0	11084.25377
3772	5.5	-27.5	28.045	1147.104	0.0153	0.73	20	2.245	4.4112E-14	0	0	16608.82977
3773	5.5	-26.5	27.065	1147.887	0.0145	0.7301	20	1.265	3.9603E-14	0	0	31085.5557
3774	5.523	-25.6	26.189	1148.737	0.0097	1.0835	20	1	2.6315E-14	0	0	58742.52271
3775	5.523	25.6	26.189	1148.737	0.0097	1.0835	20	1	2.6315E-14	0	0	58742.52271
3776	5.5	26.5	27.065	1147.887	0.0145	0.7301	20	1.265	3.9603E-14	0	0	31085.5557
3777	5.5	27.5	28.045	1147.104	0.0153	0.73	20	2.245	4.4112E-14	0	0	16608.82977
3778	5.5	28.5	29.026	1146.649	0.01597	0.73	20	3.226	4.8087E-14	0	0	11084.25377
3779	5.468	29.248	29.755	1146.541	0.01775	0.73	20	3.955	5.936E-14	0	0	8148.81313
3780	6.435	-29.15	29.852	1146.506	0.01302	0.73	20	4.052	3.1967E-14	0	0	10840.03716
3781	6.5	-28.5	29.232	1146.561	0.01076	0.73	20	3.432	2.1834E-14	0	0	15467.81129
3782	6.5	-27.5	28.258	1146.951	0.01034	0.73	20	2.458	2.0136E-14	0	0	22456.57993
3783	6.5	-26.5	27.286	1147.666	0.00965	0.73	20	1.486	1.7552E-14	0	0	39756.52053
3784	6.521	-25.48	26.301	1148.598	0.00687	1.0044	20	1	1.2237E-14	0	0	82940.30262
3785	6.521	25.48	26.301	1148.598	0.00687	1.0044	20	1	1.2237E-14	0	0	82940.30262
3786	6.5	26.5	27.286	1147.666	0.00965	0.73	20	1.486	1.7552E-14	0	0	39756.52053
3787	6.5	27.5	28.258	1146.951	0.01034	0.73	20	2.458	2.0136E-14	0	0	22456.57993
3788	6.5	28.5	29.232	1146.561	0.01076	0.73	20	3.432	2.1834E-14	0	0	15467.81129
3789	6.435	29.15	29.852	1146.506	0.01302	0.73	20	4.052	3.1967E-14	0	0	10840.03716
3790	7.229	-29.058	29.943	1146.482	0.0041	0.73	20	4.143	3.1666E-15	0	0	33687.90454
3791	7.495	-28.493	29.463	1146.495	0.00714	0.73	20	3.663	9.598E-15	0	0	21868.85153
3792	7.5	-27.5	28.504	1146.801	0.00701	0.73	20	2.704	9.2518E-15	0	0	30118.4714
3793	7.5	-26.5	27.541	1147.43	0.00645	0.73	20	1.741	7.8398E-15	0	0	50770.92621
3794	7.5	-25.5	26.58	1148.351	0.0057	0.7929	20	1	6.6454E-15	0	0	100004.01226
3795	7.58	-24.83	25.961	1148.98	0.0033	1.4388	20	1	4.0528E-15	0	0	172481.88156
3796	7.58	24.83	25.961	1148.98	0.0033	1.4388	20	1	4.0528E-15	0	0	172481.88156
3797	7.5	25.5	26.58	1148.351	0.0057	0.7929	20	1	6.6454E-15	0	0	100004.01226
3798	7.5	26.5	27.541	1147.43	0.00645	0.73	20	1.741	7.8398E-15	0	0	50770.92621
3799	7.5	27.5	28.504	1146.801	0.00701	0.73	20	2.704	9.2518E-15	0	0	30118.4714
3800	7.495	28.493	29.463	1146.495	0.00714	0.73	20	3.663	9.598E-15	0	0	21868.85153
3801	7.229	29.058	29.943	1146.482	0.0041	0.73	20	4.143	3.1666E-15	0	0	33687.90454
3802	8.468	-28.389	29.625	1146.455	0.00569	0.73	20	3.825	6.1046E-15	0	0	26263.68786
3803	8.5	-27.5	28.784	1146.658	0.00479	0.73	20	2.984	4.328E-15	0	0	39929.94267
3804	8.5	-26.5	27.83	1147.191	0.00438	0.73	20	2.03	3.62E-15	0	0	64097.2529
3805	8.5	-25.5	26.879	1148.037	0.00404	0.7354	20	1.079	3.1024E-15	0	0	130598.2846
3806	8.545	-24.671	26.109	1148.831	0.00245	1.1741	20	1	1.8199E-15	0	0	232525.23872
3807	8.545	24.671	26.109	1148.831	0.00245	1.1741	20	1	1.8199E-15	0	0	232525.23872
3808	8.5	25.5	26.879	1148.037	0.00404	0.7354	20	1.079	3.1024E-15	0	0	130598.2846
3809	8.5	26.5	27.83	1147.191	0.00438	0.73	20	2.03	3.62E-15	0	0	64097.2529
3810	8.5	27.5	28.784	1146.658	0.00479	0.73	20	2.984	4.328E-15	0	0	39929.94267
3811	8.468	28.389	29.625	1146.455	0.00569	0.73	20	3.825	6.1046E-15	0	0	26263.68786
3812	9.439	-28.237	29.773	1146.433	0.00408	0.73	20	3.973	3.1347E-15	0	0	35296.88509
3813	9.5	-27.5	29.095	1146.536	0.00329	0.73	20	3.295	2.0347E-15	0	0	52766.31816
3814	9.5	-26.5	28.151	1146.965	0.00301	0.73	20	2.351	1.7041E-15	0	0	80676.78467
3815	9.5	-25.5	27.212	1147.701	0.00272	0.73	20	1.412	1.3961E-15	0	0	148283.97629
3816	9.533	-24.486	26.276	1148.625	0.00183	1.0209	20	1	8.8448E-16	0	0	311017.04741
3817	9.533	24.486	26.276	1148.625	0.00183	1.0209	20	1	8.8448E-16	0	0	311017.04741
3818	9.5	25.5	27.212	1147.701	0.00272	0.73	20	1.412	1.3961E-15	0	0	148283.97629
3819	9.5	26.5	28.151	1146.965	0.00301	0.73	20	2.351	1.7041E-15	0	0	80676.78467
3820	9.5	27.5	29.095	1146.536	0.00329	0.73	20	3.295	2.0347E-15	0	0	52766.31816
3821	9.439	28.237	29.773	1146.433	0.00408	0.73	20	3.973	3.1347E-15	0	0	35296.88509
3822	10.259	-28.095	29.91	1146.423	0.00336	0.73	20	4.11	2.1249E-15	0	0	41459.60315
3823	10.496	-27.495	29.43	1146.45	0.00222	0.73	20	3.63	9.2869E-16	0	0	70925.89683
3824	10.5	-26.5	28.504	1146.759	0.00206	0.73	20	2.704	7.9996E-16	0	0	102426.0367
3825	10.5	-25.5	27.577	1147.367	0.00183	0.73	20	1.777	6.28E-16	0	0	175728.41178
3826	10.5	-24.5	26.655	1148.253	0.00159	0.7693	20	1	5.0245E-16	0	0	358229.96543
3827	10.585	-23.763	26.014	1148.926	0.00093	1.3295	20	1	2.9395E-16	0	0	615665.43078
3828	10.585	23.763	26.014	1148.926	0.00093	1.3295	20	1	2.9395E-16	0	0	615665.43078
3829	10.5	24.5	26.655	1148.253	0.00159	0.7693	20	1	5.0245E-16	0	0	358229.96543
3830	10.5	25.5	27.577	1147.367	0.00183	0.73	20	1.777	6.28E-16	0	0	175728.41178
3831	10.5	26.5	28.504	1146.759	0.00206	0.73	20	2.704	7.9996E-16	0	0	102426.0367
3832	10.496	27.495	29.43	1146.45	0.00222	0.73	20	3.63	9.2869E-16	0	0	70925.89683
3833	10.259	28.095	29.91	1146.423	0.00336	0.73	20	4.11	2.1249E-15	0	0	41459.60315
3834	11.451	-27.363	29.663	1146.409	0.00178	0.73	20	3.863	5.9571E-16	0	0	83263.25923
3835	11.5	-26.5	28.888	1146.581	0.00143	0.73	20	3.088	3.8348E-16	0	0	129644.12753
3836	11.5	-25.5	27.973	1147.06	0.00126	0.73	20	2.173	2.9966E-16	0	0	208118.09957
3837	11.5	-24.5	27.065	1147.825	0.00112	0.7304	20	1.265	2.3793E-16	0	0	401133.04973
3838	11.546	-23.535	26.215	1148.696	0.00071	1.0673	20	1	1.4055E-16	0	0	797747.16754
3839	11.546	23.535	26.215	1148.696	0.00071	1.0673	20	1	1.4055E-16	0	0	797747.16754
3840	11.5	24.5	27.065	1147.825	0.00112	0.7304	20	1.265	2.3793E-16	0	0	401133.04973
3841	11.5	25.5	27.973	1147.06	0.00126	0.73	20	2.173	2.9966E-16	0	0	208118.09957
3842	11.5	26.5	28.888	1146.581	0.00143	0.73	20	3.088	3.8348E-16	0	0	129644.12753
3843	11.451	27.363	29.663	1146.409	0.00178	0.73	20	3.863	5.9571E-16	0	0	83263.25923
3844	12.358	-27.167	29.846	1146.395	0.00136	0.73	20	4.046	3.4699E-16	0	0	104191.1691
3845	12.5	-26.5	29.3	1146.451	0.00099	0.73	20	3.5	1.8289E-16	0	0	165723.94222
3846	12.5	-25.5	28.399	1146.793	0.00088	0.73	20	2.599	1.445E-16	0	0	250733.86779
3847	12.5	-24.5	27.505	1147.409	0.00076	0.73	20	1.705	1.0777E-16	0	0	442253.47475
3848	12.5	-23.5	26.618	1148.273	0.00064	0.7806	20	1	8.3205E-17	0	0	886746.25558
3849	12.607	-22.754	26.013	1148.935	0.00036	1.3373	20	1	4.4082E-17	0	0	1594451.73257
3850	12.607	22.754	26.013	1148.935	0.00036	1.3373	20	1	4.4082E-17	0	0	1594451.73257
3851	12.5	23.5	26.618	1148.273	0.00064	0.7806	20	1	8.3205E-17	0	0	886746.25558
3852	12.5	24.5	27.505	1147.409	0.00076	0.73	20	1.705	1.0777E-16	0	0	442253.47475
3853	12.5	25.5	28.399	1146.793	0.00088	0.73	20	2.599	1.445E-16	0	0	250733.86779
3854	12.5	26.5	29.3	1146.451	0.00099	0.73	20	3.5	1.8289E-16	0	0	165723.94222
3855	12.358	27.167	29.846	1146.395	0.00136	0.73	20	4.046	3.4699E-16	0	0	104191.1691
3856	13.026	-27.012	29.989	1146.389	0.00075	0.73	20	4.189	1.0491E-16	0	0	183092.1751
3857	13.448	-26.407	29.634	1146.391	0.00076	0.73	20	3.834	1.0971E-16	0	0	195483.37197
3858	13.5	-25.5	28.853	1146.577	0.00061	0.73	20	3.053	7.0146E-17	0	0	306548.12945
3859	13.5	-24.5	27.973	1147.044	0.00053	0.73	20	2.173	5.2421E-17	0	0	497588.11076
3860	13.5	-23.5	27.102	1147.777	0.00046	0.7303	20	1.302	3.9896E-17	0	0	951719.41949
3861	13.55	-22.476	26.245	1148.664	0.00028	1.0461	20	1	2.1851E-17	0	0	2003059.00276
3862	13.55	22.476	26.245	1148.664	0.00028	1.0461	20	1	2.1851E-17	0	0	2003059.00276
3863	13.5	23.5	27.102	1147.777	0.00046	0.7303	20	1.302	3.9896E-17	0	0	951719.41949
3864	13.5	24.5	27.973	1147.044	0.00053	0.73	20	2.173	5.2421E-17	0	0	497588.11076
3865	13.5	25.5	28.853	1146.577	0.00061	0.73	20	3.053	7.0146E-17	0	0	306548.12945
3866	13.448	26.407	29.634	1146.391	0.00076	0.73	20	3.834	1.0971E-16	0	0	195483.37197
3867	13.026	27.012	29.989	1146.389	0.00075	0.73	20	4.189	1.0491E-16	0	0	183092.1751
3868	14.325	-26.179	29.842	1146.372	0.0006	0.73	20	4.042	6.7304E-17	0	0	236836.28145
3869	14.5	-25.5	29.334	1146.427	0.00043	0.73	20	3.534	3.4861E-17	0	0	375972.73698
3870	14.5	-24.5	28.469	1146.741	0.00037	0.73	20	2.669	2.6028E-17	0	0	575279.25612
3871	14.5	-23.5	27.613	1147.306	0.00031	0.73	20	1.813	1.8563E-17	0	0	1001711.03536
3872	14.5	-22.5	26.768	1148.113	0.00026	0.7479	20	1	1.3501E-17	0	0	2154769.38655
3873	14.585	-21.639	26.096	1148.814	0.00016	1.2024	20	1	7.6898E-18	0	0	3619936.48172
3874	14.585	21.639	26.096	1148.814	0.00016	1.2024	20	1	7.6898E-18	0	0	3619936.48172
3875	14.5	22.5	26.768	1148.113	0.00026	0.7479	20	1	1.3501E-17	0	0	2154769.38655
3876	14.5	23.5	27.613	1147.306	0.00031	0.73	20	1.813	1.8563E-17	0	0	1001711.03536
3877	14.5	24.5	28.469	1146.741	0.00037	0.73	20	2.669	2.6028E-17	0	0	575279.25612
3878	14.5	25.5	29.334	1146.427	0.00043	0.73	20	3.534	3.4861E-17	0	0	375972.73698
3879	14.325	26.179	29.842	1146.372	0.0006	0.73	20	4.042	6.7304E-17	0	0	236836.28145
3880	15.426	-25.364	29.687	1146.366	0.00034	0.73	20	3.887	2.1763E-17	0	0	432967.20797
3881	15.5	-24.5	28.991	1146.513	0.00026	0.73	20	3.191	1.3039E-17	0	0	680363.64286
3882	15.5	-23.5	28.151	1146.912	0.00022	0.73	20	2.351	9.1886E-18	0	0	1098665.75303
3883	15.5	-22.5	27.322	1147.545	0.00018	0.73	20	1.522	6.3443E-18	0	0	2040838.16026
3884	15.5	-21.5	26.505	1148.35	0.00015	0.8286	20	1	4.5327E-18	0	0	3914353.8383
3885	15.666	-20.749	25.998	1148.967	0.00007	1.3745	20	1	1.9893E-18	0	0	7609584.44841
3886	15.666	20.749	25.998	1148.967	0.00007	1.3745	20	1	1.9893E-18	0	0	7609584.44841
3887	15.5	21.5	26.505	1148.35	0.00015	0.8286	20	1	4.5327E-18	0	0	3914353.8383
3888	15.5	22.5	27.322	1147.545	0.00018	0.73	20	1.522	6.3443E-18	0	0	2040838.16026
3889	15.5	23.5	28.151	1146.912	0.00022	0.73	20	2.351	9.1886E-18	0	0	1098665.75303
3890	15.5	24.5	28.991	1146.513	0.00026	0.73	20	3.191	1.3039E-17	0	0	680363.64286
3891	15.426	25.364	29.687	1146.366	0.00034	0.73	20	3.887	2.1763E-17	0	0	432967.20797
3892	16.195	-25.126	29.893	1146.349	0.00023	0.73	20	4.093	9.6571E-18	0	0	617424.27034
3893	16.478	-24.475	29.505	1146.383	0.00019	0.73	20	3.705	6.8985E-18	0	0	806502.742
3894	16.5	-23.5	28.714	1146.612	0.00016	0.73	20	2.914	4.6819E-18	0	0	1242879.41063
3895	16.5	-22.5	27.902	1147.074	0.00013	0.73	20	2.102	3.2119E-18	0	0	2078533.07113
3896	16.5	-21.5	27.102	1147.761	0.00011	0.7303	20	1.302	2.2693E-18	0	0	3990694.24055
3897	16.559	-20.391	26.268	1148.65	0.00006	1.0339	20	1	1.0664E-18	0	0	9014270.82961
3898	16.559	20.391	26.268	1148.65	0.00006	1.0339	20	1	1.0664E-18	0	0	9014270.82961
3899	16.5	21.5	27.102	1147.761	0.00011	0.7303	20	1.302	2.2693E-18	0	0	3990694.24055
3900	16.5	22.5	27.902	1147.074	0.00013	0.73	20	2.102	3.2119E-18	0	0	2078533.07113
3901	16.5	23.5	28.714	1146.612	0.00016	0.73	20	2.914	4.6819E-18	0	0	1242879.41063
3902	16.478	24.475	29.505	1146.383	0.00019	0.73	20	3.705	6.8985E-18	0	0	806502.742
3903	16.195	25.126	29.893	1146.349	0.00023	0.73	20	4.093	9.6571E-18	0	0	617424.27034
3904	17.336	-24.241	29.802	1146.345	0.00015	0.73	20	4.002	4.4443E-18	0	0	930712.28263
3905	17.5	-23.5	29.3	1146.412	0.00012	0.73	20	3.5	2.5353E-18	0	0	1407552.09437
3906	17.5	-22.5	28.504	1146.705	0.0001	0.73	20	2.704	1.7018E-18	0	0	2220696.73447
3907	17.5	-21.5	27.722	1147.211	0.00008	0.73	20	1.922	1.1437E-18	0	0	3808369.90707
3908	17.5	-20.5	26.954	1147.933	0.00006	0.7333	20	1.154	7.5225E-19	0	0	7835434.5004
3909	17.574	-19.443	26.208	1148.658	0.00004	1.0822	20	1	3.617E-19	0	0	15835081.39785
3910	17.574	19.443	26.208	1148.658	0.00004	1.0822	20	1	3.617E-19	0	0	15835081.39785
3911	17.5	20.5	26.954	1147.933	0.00006	0.7333	20	1.154	7.5225E-19	0	0	7835434.5004
3912	17.5	21.5	27.722	1147.211	0.00008	0.73	20	1.922	1.1437E-18	0	0	3808369.90707
3913	17.5	22.5	28.504	1146.705	0.0001	0.73	20	2.704	1.7018E-18	0	0	2220696.73447
3914	17.5	23.5	29.3	1146.412	0.00012	0.73	20	3.5	2.5353E-18	0	0	1407552.09437
3915	17.336	24.241	29.802	1146.345	0.00015	0.73	20	4.002	4.4443E-18	0	0	930712.28263
3916	18.394	-23.349	29.723	1146.341	0.00009	0.73	20	3.923	1.492E-18	0	0	1638259.25802
3917	18.5	-22.5	29.129	1146.45	0.00007	0.73	20	3.329	9.0452E-19	0	0	2476924.96725
3918	18.5	-21.5	28.364	1146.771	0.00006	0.73	20	2.564	5.8656E-19	0	0	3989369.33906
3919	18.5	-20.5	27.613	1147.275	0.00004	0.73	20	1.813	3.6913E-19	0	0	7103619.30121
3920	18.5	-19.5	26.879	1147.924	0.00003	0.7372	20	1.079	2.1644E-19	0	0	15653647.66244
3921	18.545	-18.545	26.227	1148.474	0.00002	1.036	20	1	1.3998E-19	0	0	24904920.17471
3922	18.545	18.545	26.227	1148.474	0.00002	1.036	20	1	1.3998E-19	0	0	24904920.17471
3923	18.5	19.5	26.879	1147.924	0.00003	0.7372	20	1.079	2.1644E-19	0	0	15653647.66244
3924	18.5	20.5	27.613	1147.275	0.00004	0.73	20	1.813	3.6913E-19	0	0	7103619.30121
3925	18.5	21.5	28.364	1146.771	0.00006	0.73	20	2.564	5.8656E-19	0	0	3989369.33906
3926	18.5	22.5	29.129	1146.45	0.00007	0.73	20	3.329	9.0452E-19	0	0	2476924.96725
3927	18.394	23.349	29.723	1146.341	0.00009	0.73	20	3.923	1.492E-18	0	0	1638259.25802
3928	19.087	-23.072	29.944	1146.326	0.00007	0.73	20	4.144	8.227E-19	0	0	2089649.80437
3929	19.422	-22.412	29.657	1146.339	0.00005	0.73	20	3.857	5.0528E-19	0	0	2863289.0723
3930	19.5	-21.5	29.026	1146.473	0.00004	0.73	20	3.226	3.1657E-19	0	0	4319974.1585
3931	19.5	-20.5	28.293	1146.795	0.00003	0.73	20	2.493	1.9637E-19	0	0	7089425.28064
3932	19.5	-19.5	27.577	1147.279	0.00003	0.73	20	1.777	1.1951E-19	0	0	12738743.40652
3933	19.5	-18.5	26.879	1147.924	0.00002	0.7372	20	1.079	7.61E-20	0	0	26399537.23309
3934	19.443	-17.574	26.208	1148.658	0.00001	1.0822	20	1	4.862E-20	0	0	43190220.36369
3935	19.443	17.574	26.208	1148.658	0.00001	1.0822	20	1	4.862E-20	0	0	43190220.36369
3936	19.5	18.5	26.879	1147.924	0.00002	0.7372	20	1.079	7.61E-20	0	0	26399537.23309
3937	19.5	19.5	27.577	1147.279	0.00003	0.73	20	1.777	1.1951E-19	0	0	12738743.40652
3938	19.5	20.5	28.293	1146.795	0.00003	0.73	20	2.493	1.9637E-19	0	0	7089425.28064
3939	19.5	21.5	29.026	1146.473	0.00004	0.73	20	3.226	3.1657E-19	0	0	4319974.1585
3940	19.422	22.412	29.657	1146.339	0.00005	0.73	20	3.857	5.0528E-19	0	0	2863289.0723
3941	19.087	23.072	29.944	1146.326	0.00007	0.73	20	4.144	8.227E-19	0	0	2089649.80437
3942	20.132	-22.121	29.91	1146.314	0.00004	0.73	20	4.11	2.9975E-19	0	0	3490089.73308
3943	20.438	-21.436	29.617	1146.337	0.00003	0.73	20	3.817	1.7928E-19	0	0	4856290.84146
3944	20.5	-20.5	28.991	1146.479	0.00002	0.73	20	3.191	1.1113E-19	0	0	7369502.11557
3945	20.5	-19.5	28.293	1146.795	0.00002	0.73	20	2.493	6.7988E-20	0	0	12048429.67228
3946	20.5	-18.5	27.613	1147.275	0.00001	0.73	20	1.813	4.2287E-20	0	0	20987648.66413
3947	20.5	-17.5	26.954	1147.933	0.00001	0.7333	20	1.154	2.6923E-20	0	0	41417026.67072
3948	20.391	-16.559	26.268	1148.65	0.00001	1.0339	20	1	1.2487E-20	0	0	83300338.0571
3949	20.749	-15.666	25.998	1148.967	0	1.3745	20	1	4.1524E-21	0	0	166554736.00647
3950	20.749	15.666	25.998	1148.967	0	1.3745	20	1	4.1524E-21	0	0	166554736.00648
3951	20.391	16.559	26.268	1148.65	0.00001	1.0339	20	1	1.2487E-20	0	0	83300338.05711
3952	20.5	17.5	26.954	1147.933	0.00001	0.7333	20	1.154	2.6923E-20	0	0	41417026.67072
3953	20.5	18.5	27.613	1147.275	0.00001	0.73	20	1.813	4.2287E-20	0	0	20987648.66413
3954	20.5	19.5	28.293	1146.795	0.00002	0.73	20	2.493	6.7988E-20	0	0	12048429.67228
3955	20.5	20.5	28.991	1146.479	0.00002	0.73	20	3.191	1.1113E-19	0	0	7369502.11557
3956	20.438	21.436	29.617	1146.337	0.00003	0.73	20	3.817	1.7928E-19	0	0	4856290.84146
3957	20.132	22.121	29.91	1146.314	0.00004	0.73	20	4.11	2.9975E-19	0	0	3490089.73308
3958	21.142	-21.142	29.899	1146.31	0.00002	0.73	20	4.099	1.0786E-19	0	0	5834014.23446
3959	21.436	-20.438	29.617	1146.337	0.00002	0.73	20	3.817	6.4784E-20	0	0	8078685.66933
3960	21.5	-19.5	29.026	1146.473	0.00001	0.73	20	3.226	4.0034E-20	0	0	12147975.59946
3961	21.5	-18.5	28.364	1146.77	0.00001	0.73	20	2.564	2.4097E-20	0	0	19682188.05001
3962	21.5	-17.5	27.722	1147.211	0.00001	0.73	20	1.922	1.4341E-20	0	0	34009182.33665
3963	21.5	-16.5	27.102	1147.761	0.00001	0.7303	20	1.302	8.1456E-21	0	0	66609401.67694
3964	21.5	-15.5	26.505	1148.35	0	0.8286	20	1	4.4738E-21	0	0	124594407.36787
3965	21.639	-14.585	26.096	1148.814	0	1.2024	20	1	1.8219E-21	0	0	235179997.87914
3966	21.639	14.585	26.096	1148.814	0	1.2024	20	1	1.8219E-21	0	0	235179997.87915
3967	21.5	15.5	26.505	1148.35	0	0.8286	20	1	4.4738E-21	0	0	124594407.36788
3968	21.5	16.5	27.102	1147.761	0.00001	0.7303	20	1.302	8.1456E-21	0	0	66609401.67694
3969	21.5	17.5	27.722	1147.211	0.00001	0.73	20	1.922	1.4341E-20	0	0	34009182.33665
3970	21.5	18.5	28.364	1146.77	0.00001	0.73	20	2.564	2.4097E-20	0	0	19682188.05001
3971	21.5	19.5	29.026	1146.473	0.00001	0.73	20	3.226	4.0034E-20	0	0	12147975.59946
3972	21.436	20.438	29.617	1146.337	0.00002	0.73	20	3.817	6.4784E-20	0	0	8078685.66933
3973	21.142	21.142	29.899	1146.31	0.00002	0.73	20	4.099	1.0786E-19	0	0	5834014.23446
3974	22.121	-20.132	29.91	1146.314	0.00001	0.73	20	4.11	3.8865E-20	0	0	9692400.06166
3975	22.412	-19.422	29.657	1146.339	0.00001	0.73	20	3.857	2.3706E-20	0	0	13219021.4202
3976	22.5	-18.5	29.129	1146.45	0.00001	0.73	20	3.329	1.4598E-20	0	0	19497216.46422
3977	22.5	-17.5	28.504	1146.705	0.00001	0.73	20	2.704	8.3495E-21	0	0	31703880.86312
3978	22.5	-16.5	27.902	1147.073	0	0.73	20	2.102	4.7071E-21	0	0	54294927.70448
3979	22.5	-15.5	27.322	1147.544	0	0.73	20	1.522	2.5083E-21	0	0	102638390.26337
3980	22.5	-14.5	26.768	1148.112	0	0.7479	20	1	1.3299E-21	0	0	217108608.13408
3981	22.476	-13.55	26.245	1148.664	0	1.0461	20	1	5.098E-22	0	0	414693796.70705
3982	22.754	-12.607	26.013	1148.935	0	1.3373	20	1	1.7974E-22	0	0	789622948.49105
3983	22.754	12.607	26.013	1148.935	0	1.3373	20	1	1.7974E-22	0	0	789622948.49115
3984	22.476	13.55	26.245	1148.664	0	1.0461	20	1	5.098E-22	0	0	414693796.70709
3985	22.5	14.5	26.768	1148.112	0	0.7479	20	1	1.3299E-21	0	0	217108608.1341
3986	22.5	15.5	27.322	1147.544	0	0.73	20	1.522	2.5083E-21	0	0	102638390.26338
3987	22.5	16.5	27.902	1147.073	0	0.73	20	2.102	4.7071E-21	0	0	54294927.70448
3988	22.5	17.5	28.504	1146.705	0.00001	0.73	20	2.704	8.3495E-21	0	0	31703880.86312
3989	22.5	18.5	29.129	1146.45	0.00001	0.73	20	3.329	1.4598E-20	0	0	19497216.46422
3990	22.412	19.422	29.657	1146.339	0.00001	0.73	20	3.857	2.3706E-20	0	0	13219021.4202
3991	22.121	20.132	29.91	1146.314	0.00001	0.73	20	4.11	3.8865E-20	0	0	9692400.06166
3992	23.072	-19.087	29.944	1146.325	0.00001	0.73	20	4.144	1.4246E-20	0	0	15879887.82953
3993	23.349	-18.394	29.723	1146.341	0.00001	0.73	20	3.923	8.7575E-21	0	0	21383126.49569
3994	23.5	-17.5	29.3	1146.411	0.00001	0.73	20	3.5	5.3293E-21	0	0	30700541.61455
3995	23.5	-16.5	28.714	1146.611	0	0.73	20	2.914	2.8917E-21	0	0	50010452.45446
3996	23.5	-15.5	28.151	1146.911	0	0.73	20	2.351	1.557E-21	0	0	84401703.51066
3997	23.5	-14.5	27.613	1147.305	0	0.73	20	1.813	7.9203E-22	0	0	153355464.31706
3998	23.5	-13.5	27.102	1147.776	0	0.7303	20	1.302	3.9668E-22	0	0	301823611.46857
3999	23.5	-12.5	26.618	1148.272	0	0.7806	20	1	1.8498E-22	0	0	594723351.89833
4000	23.535	-11.546	26.215	1148.696	0	1.0673	20	1	6.7433E-23	0	0	1151728311.43104
4001	23.763	-10.585	26.014	1148.926	0	1.3295	20	1	3.1371E-23	0	0	1884569793.82329
4002	23.763	10.585	26.014	1148.926	0	1.3295	20	1	3.1371E-23	0	0	1884569793.82355
4003	23.535	11.546	26.215	1148.696	0	1.0673	20	1	6.7433E-23	0	0	1151728311.43119
4004	23.5	12.5	26.618	1148.272	0	0.7806	20	1	1.8498E-22	0	0	594723351.89841
4005	23.5	13.5	27.102	1147.776	0	0.7303	20	1.302	3.9668E-22	0	0	301823611.46861
4006	23.5	14.5	27.613	1147.305	0	0.73	20	1.813	7.9203E-22	0	0	153355464.31708
4007	23.5	15.5	28.151	1146.911	0	0.73	20	2.351	1.557E-21	0	0	84401703.51067
4008	23.5	16.5	28.714	1146.611	0	0.73	20	2.914	2.8917E-21	0	0	50010452.45446
4009	23.5	17.5	29.3	1146.411	0.00001	0.73	20	3.5	5.3293E-21	0	0	30700541.61455
4010	23.349	18.394	29.723	1146.341	0.00001	0.73	20	3.923	8.7575E-21	0	0	21383126.4957
4011	23.072	19.087	29.944	1146.325	0.00001	0.73	20	4.144	1.4246E-20	0	0	15879887.82953
4012	24.241	-17.336	29.802	1146.344	0	0.73	20	4.002	2.8992E-21	0	0	36439958.84514
4013	24.475	-16.478	29.505	1146.382	0	0.73	20	3.705	1.7784E-21	0	0	50230819.78454
4014	24.5	-15.5	28.991	1146.511	0	0.73	20	3.191	9.902E-22	0	0	78072147.77396
4015	24.5	-14.5	28.469	1146.739	0	0.73	20	2.669	5.0924E-22	0	0	130057787.50545
4016	24.5	-13.5	27.973	1147.042	0	0.73	20	2.173	2.4166E-22	0	0	231750829.07372
4017	24.5	-12.5	27.505	1147.407	0	0.73	20	1.705	1.1559E-22	0	0	427017658.49751
4018	24.5	-11.5	27.065	1147.823	0	0.7304	20	1.265	5.8636E-23	0	0	808036136.47415
4019	24.5	-10.5	26.655	1148.25	0	0.7693	20	1	3.5543E-23	0	0	1346894150.86036
4020	24.486	-9.533	26.276	1148.623	0	1.0209	20	1	2.1869E-23	0	0	1977960466.32748
4021	24.671	-8.545	26.109	1148.83	0	1.1741	20	1	1.8582E-23	0	0	2301150197.04259
4022	24.83	-7.58	25.961	1148.979	0	1.4388	20	1	1.8135E-23	0	0	2578467480.82922
4023	24.83	7.58	25.961	1148.979	0	1.4388	20	1	1.8135E-23	0	0	2578467480.82936
4024	24.671	8.545	26.109	1148.83	0	1.1741	20	1	1.8582E-23	0	0	2301150197.04273
4025	24.486	9.533	26.276	1148.623	0	1.0209	20	1	2.1869E-23	0	0	1977960466.32765
4026	24.5	10.5	26.655	1148.25	0	0.7693	20	1	3.5543E-23	0	0	1346894150.8605
4027	24.5	11.5	27.065	1147.823	0	0.7304	20	1.265	5.8636E-23	0	0	808036136.47424
4028	24.5	12.5	27.505	1147.407	0	0.73	20	1.705	1.1559E-22	0	0	427017658.49757
4029	24.5	13.5	27.973	1147.042	0	0.73	20	2.173	2.4166E-22	0	0	231750829.07374
4030	24.5	14.5	28.469	1146.739	0	0.73	20	2.669	5.0924E-22	0	0	130057787.50546
4031	24.5	15.5	28.991	1146.511	0	0.73	20	3.191	9.902E-22	0	0	78072147.77397
4032	24.475	16.478	29.505	1146.382	0	0.73	20	3.705	1.7784E-21	0	0	50230819.78454
4033	24.241	17.336	29.802	1146.344	0	0.73	20	4.002	2.8992E-21	0	0	36439958.84514
4034	25.126	-16.195	29.893	1146.348	0	0.73	20	4.093	8.4144E-22	0	0	66144891.42807
4035	25.364	-15.426	29.687	1146.364	0	0.73	20	3.887	6.4929E-22	0	0	79267700.73399
4036	25.5	-14.5	29.334	1146.424	0	0.73	20	3.534	3.4215E-22	0	0	120009120.32385
4037	25.5	-13.5	28.853	1146.574	0	0.73	20	3.053	1.5624E-22	0	0	205399269.26009
4038	25.5	-12.5	28.399	1146.788	0	0.73	20	2.599	6.6191E-23	0	0	370469101.66457
4039	25.5	-11.5	27.973	1147.054	0	0.73	20	2.173	3.272E-23	0	0	629817993.61849
4040	25.5	-10.5	27.577	1147.361	0	0.73	20	1.777	2.206E-23	0	0	937596729.66509
4041	25.5	-9.5	27.212	1147.694	0	0.73	20	1.412	2.0682E-23	0	0	1218303478.13788
4042	25.5	-8.5	26.879	1148.029	0	0.7354	20	1.079	2.3779E-23	0	0	1491726984.66409
4043	25.5	-7.5	26.58	1148.343	0	0.7929	20	1	2.4253E-23	0	0	1655381307.84226
4044	25.48	-6.521	26.301	1148.591	0	1.0044	20	1	1.8954E-23	0	0	2107412165.27465
4045	25.6	-5.523	26.189	1148.729	0	1.0835	20	1	1.4684E-23	0	0	2486709402.67604
4046	25.699	-4.525	26.095	1148.843	0	1.1892	20	1	8.7178E-24	0	0	3381047973.20536
4047	25.778	-3.526	26.018	1148.929	0	1.3106	20	1	3.5207E-24	0	0	5585245579.28475
4048	25.837	-2.525	25.96	1148.986	0	1.4318	20	1	6.897E-25	0	0	13189851104.095
4049	25.877	-1.52	25.921	1149.021	0	1.5338	20	1	7.2704E-27	0	0	132962898138.159
4050	25.897	-0.508	25.902	1149.038	0	1.594	20	1	1.7045E-25	0	0	27994132393.1541
4051	25.897	0.508	25.902	1149.038	0	1.594	20	1	1.7045E-25	0	0	27994132393.1528
4052	25.877	1.52	25.921	1149.021	0	1.5338	20	1	7.2704E-27	0	0	132962898138.197
4053	25.837	2.525	25.96	1148.986	0	1.4318	20	1	6.897E-25	0	0	13189851104.0963
4054	25.778	3.526	26.018	1148.929	0	1.3106	20	1	3.5207E-24	0	0	5585245579.28502
4055	25.699	4.525	26.095	1148.843	0	1.1892	20	1	8.7178E-24	0	0	3381047973.20553
4056	25.6	5.523	26.189	1148.729	0	1.0835	20	1	1.4684E-23	0	0	2486709402.67617
4057	25.48	6.521	26.301	1148.591	0	1.0044	20	1	1.8954E-23	0	0	2107412165.27475
4058	25.5	7.5	26.58	1148.343	0	0.7929	20	1	2.4253E-23	0	0	1655381307.8423
4059	25.5	8.5	26.879	1148.029	0	0.7354	20	1.079	2.3779E-23	0	0	1491726984.66418
4060	25.5	9.5	27.212	1147.694	0	0.73	20	1.412	2.0682E-23	0	0	1218303478.13791
4061	25.5	10.5	27.577	1147.361	0	0.73	20	1.777	2.206E-23	0	0	937596729.6652
4062	25.5	11.5	27.973	1147.054	0	0.73	20	2.173	3.272E-23	0	0	629817993.61856
4063	25.5	12.5	28.399	1146.788	0	0.73	20	2.599	6.6191E-23	0	0	370469101.66459
4064	25.5	13.5	28.853	1146.574	0	0.73	20	3.053	1.5624E-22	0	0	205399269.26012
4065	25.5	14.5	29.334	1146.424	0	0.73	20	3.534	3.4215E-22	0	0	120009120.32386
4066	25.364	15.426	29.687	1146.364	0	0.73	20	3.887	6.4929E-22	0	0	79267700.734
4067	25.126	16.195	29.893	1146.348	0	0.73	20	4.093	8.4144E-22	0	0	66144891.42807
4068	26.179	-14.325	29.842	1146.369	0	0.73	20	4.042	1.6146E-22	0	0	152909518.31158
4069	26.407	-13.448	29.634	1146.386	0	0.73	20	3.834	8.8348E-23	0	0	217840760.99279
4070	26.5	-12.5	29.3	1146.445	0	0.73	20	3.5	4.0288E-23	0	0	353097648.20233
4071	26.5	-11.5	28.888	1146.573	0	0.73	20	3.088	1.4109E-23	0	0	675892522.25413
4072	26.5	-10.5	28.504	1146.748	0	0.73	20	2.704	9.0701E-24	0	0	961917877.05812
4073	26.5	-9.5	28.151	1146.952	0	0.73	20	2.351	1.1406E-23	0	0	986103683.33171
4074	26.5	-8.5	27.83	1147.174	0	0.73	20	2.03	1.3828E-23	0	0	1037070884.74125
4075	26.5	-7.5	27.541	1147.408	0	0.73	20	1.741	1.8245E-23	0	0	1052449889.98524
4076	26.5	-6.5	27.286	1147.639	0	0.73	20	1.486	1.8968E-23	0	0	1209362800.92015
4077	26.5	-5.5	27.065	1147.853	0	0.7301	20	1.265	1.6673E-23	0	0	1515025212.99002
4078	26.5	-4.5	26.879	1148.046	0	0.7347	20	1.079	1.1078E-23	0	0	2184434688.76654
4079	26.5	-3.5	26.73	1148.21	0	0.7517	20	1	5.2233E-24	0	0	3473023803.28754
4080	26.5	-2.5	26.618	1148.336	0	0.7793	20	1	1.5121E-24	0	0	6572129145.29542
4081	26.5	-1.5	26.542	1148.421	0	0.808	20	1	1.9217E-25	0	0	18772410158.6437
4082	26.5	-0.5	26.505	1148.464	0	0.8264	20	1	1.9718E-25	0	0	18742139498.9342
4083	26.5	0.5	26.505	1148.464	0	0.8264	20	1	1.9718E-25	0	0	18742139498.9338
4084	26.5	1.5	26.542	1148.421	0	0.808	20	1	1.9217E-25	0	0	18772410158.6445
4085	26.5	2.5	26.618	1148.336	0	0.7793	20	1	1.5121E-24	0	0	6572129145.29578
4086	26.5	3.5	26.73	1148.21	0	0.7517	20	1	5.2233E-24	0	0	3473023803.28768
4087	26.5	4.5	26.879	1148.046	0	0.7347	20	1.079	1.1078E-23	0	0	2184434688.76663
4088	26.5	5.5	27.065	1147.853	0	0.7301	20	1.265	1.6673E-23	0	0	1515025212.99012
4089	26.5	6.5	27.286	1147.639	0	0.73	20	1.486	1.8968E-23	0	0	1209362800.92021
4090	26.5	7.5	27.541	1147.408	0	0.73	20	1.741	1.8245E-23	0	0	1052449889.98529
4091	26.5	8.5	27.83	1147.174	0	0.73	20	2.03	1.3828E-23	0	0	1037070884.74127
4092	26.5	9.5	28.151	1146.952	0	0.73	20	2.351	1.1406E-23	0	0	986103683.33186
4093	26.5	10.5	28.504	1146.748	0	0.73	20	2.704	9.0701E-24	0	0	961917877.05831
4094	26.5	11.5	28.888	1146.573	0	0.73	20	3.088	1.4109E-23	0	0	675892522.25431
4095	26.5	12.5	29.3	1146.445	0	0.73	20	3.5	4.0288E-23	0	0	353097648.20235
4096	26.407	13.448	29.634	1146.386	0	0.73	20	3.834	8.8348E-23	0	0	217840760.9928
4097	26.179	14.325	29.842	1146.369	0	0.73	20	4.042	1.6146E-22	0	0	152909518.31161
4098	27.012	-13.026	29.989	1146.384	0	0.73	20	4.189	3.5475E-23	0	0	314860025.35389
4099	27.167	-12.358	29.846	1146.388	0	0.73	20	4.046	1.2226E-23	0	0	555062093.00047
4100	27.363	-11.451	29.663	1146.399	0	0.73	20	3.863	6.0071E-24	0	0	829160964.98548
4101	27.495	-10.496	29.43	1146.437	0	0.73	20	3.63	2.4722E-24	0	0	1374667259.13331
4102	27.5	-9.5	29.095	1146.517	0	0.73	20	3.295	2.9869E-24	0	0	1377179158.18244
4103	27.5	-8.5	28.784	1146.632	0	0.73	20	2.984	5.7556E-24	0	0	1094954149.63469
4104	27.5	-7.5	28.504	1146.766	0	0.73	20	2.704	8.4821E-24	0	0	994703214.58161
4105	27.5	-6.5	28.258	1146.904	0	0.73	20	2.458	1.1585E-23	0	0	936253660.03428
4106	27.5	-5.5	28.045	1147.039	0	0.73	20	2.245	1.1167E-23	0	0	1043855153.25143
4107	27.5	-4.5	27.866	1147.167	0	0.73	20	2.066	9.3251E-24	0	0	1240990240.41161
4108	27.5	-3.5	27.722	1147.282	0	0.73	20	1.922	5.9951E-24	0	0	1663401053.90528
4109	27.5	-2.5	27.613	1147.378	0	0.73	20	1.813	2.8613E-24	0	0	2551464496.31501
4110	27.5	-1.5	27.541	1147.447	0	0.73	20	1.741	1.032E-24	0	0	4425100614.34251
4111	27.5	-0.5	27.505	1147.483	0	0.73	20	1.705	2.0237E-25	0	0	10205725311.8599
4112	27.5	0.5	27.505	1147.483	0	0.73	20	1.705	2.0237E-25	0	0	10205725311.8605
4113	27.5	1.5	27.541	1147.447	0	0.73	20	1.741	1.032E-24	0	0	4425100614.34274
4114	27.5	2.5	27.613	1147.378	0	0.73	20	1.813	2.8613E-24	0	0	2551464496.31505
4115	27.5	3.5	27.722	1147.282	0	0.73	20	1.922	5.9951E-24	0	0	1663401053.90531
4116	27.5	4.5	27.866	1147.167	0	0.73	20	2.066	9.3251E-24	0	0	1240990240.4117
4117	27.5	5.5	28.045	1147.039	0	0.73	20	2.245	1.1167E-23	0	0	1043855153.25148
4118	27.5	6.5	28.258	1146.904	0	0.73	20	2.458	1.1585E-23	0	0	936253660.0343
4119	27.5	7.5	28.504	1146.766	0	0.73	20	2.704	8.4821E-24	0	0	994703214.58166
4120	27.5	8.5	28.784	1146.632	0	0.73	20	2.984	5.7556E-24	0	0	1094954149.63471
4121	27.5	9.5	29.095	1146.517	0	0.73	20	3.295	2.9869E-24	0	0	1377179158.18256
4122	27.495	10.496	29.43	1146.437	0	0.73	20	3.63	2.4722E-24	0	0	1374667259.13339
4123	27.363	11.451	29.663	1146.399	0	0.73	20	3.863	6.0071E-24	0	0	829160964.98568
4124	27.167	12.358	29.846	1146.388	0	0.73	20	4.046	1.2226E-23	0	0	555062093.00053
4125	27.012	13.026	29.989	1146.384	0	0.73	20	4.189	3.5475E-23	0	0	314860025.3539
4126	28.095	-10.259	29.91	1146.407	0	0.73	20	4.11	3.2003E-24	0	0	1068310761.32334
4127	28.237	-9.439	29.773	1146.411	0	0.73	20	3.973	1.2577E-25	0	0	5572406659.26708
4128	28.389	-8.468	29.625	1146.423	0	0.73	20	3.825	3.655E-24	0	0	1073337342.49388
4129	28.493	-7.495	29.463	1146.45	0	0.73	20	3.663	3.7182E-24	0	0	1111087165.6037
4130	28.5	-6.5	29.232	1146.497	0	0.73	20	3.432	4.9244E-24	0	0	1029947789.0089
4131	28.5	-5.5	29.026	1146.559	0	0.73	20	3.226	8.1164E-24	0	0	853175958.18711
4132	28.5	-4.5	28.853	1146.625	0	0.73	20	3.053	8.3759E-24	0	0	887131879.14506
4133	28.5	-3.5	28.714	1146.688	0	0.73	20	2.914	7.193E-24	0	0	1002734124.73771
4134	28.5	-2.5	28.609	1146.743	0	0.73	20	2.809	4.5111E-24	0	0	1313161736.478
4135	28.5	-1.5	28.539	1146.784	0	0.73	20	2.739	1.7346E-24	0	0	2171540459.80039
4136	28.5	-0.5	28.504	1146.805	0	0.73	20	2.704	2.6702E-25	0	0	5606231453.40039
4137	28.5	0.5	28.504	1146.805	0	0.73	20	2.704	2.6702E-25	0	0	5606231453.40113
4138	28.5	1.5	28.539	1146.784	0	0.73	20	2.739	1.7346E-24	0	0	2171540459.80044
4139	28.5	2.5	28.609	1146.743	0	0.73	20	2.809	4.5111E-24	0	0	1313161736.47802
4140	28.5	3.5	28.714	1146.688	0	0.73	20	2.914	7.193E-24	0	0	1002734124.73774
4141	28.5	4.5	28.853	1146.625	0	0.73	20	3.053	8.3759E-24	0	0	887131879.1451
4142	28.5	5.5	29.026	1146.559	0	0.73	20	3.226	8.1164E-24	0	0	853175958.18711
4143	28.5	6.5	29.232	1146.497	0	0.73	20	3.432	4.9244E-24	0	0	1029947789.00895
4144	28.493	7.495	29.463	1146.45	0	0.73	20	3.663	3.7182E-24	0	0	1111087165.6037
4145	28.389	8.468	29.625	1146.423	0	0.73	20	3.825	3.655E-24	0	0	1073337342.49387
4146	28.237	9.439	29.773	1146.411	0	0.73	20	3.973	1.2577E-25	0	0	5572406659.25508
4147	28.095	10.259	29.91	1146.407	0	0.73	20	4.11	3.2003E-24	0	0	1068310761.32292
4148	29.058	-7.229	29.943	1146.433	0	0.73	20	4.143	1.0807E-24	0	0	1823542503.69621
4149	29.15	-6.435	29.852	1146.437	0	0.73	20	4.052	5.3075E-24	0	0	841267757.22375
4150	29.248	-5.468	29.755	1146.441	0	0.73	20	3.955	7.3028E-24	0	0	734673548.48688
4151	29.331	-4.481	29.671	1146.447	0	0.73	20	3.871	8.952E-24	0	0	677748497.4258
4152	29.398	-3.488	29.604	1146.456	0	0.73	20	3.804	7.0542E-24	0	0	776948981.05538
4153	29.447	-2.492	29.553	1146.465	0	0.73	20	3.753	4.8123E-24	0	0	953369561.63364
4154	29.481	-1.496	29.519	1146.473	0	0.73	20	3.719	2.0452E-24	0	0	1475726023.20333
4155	29.497	-0.499	29.501	1146.477	0	0.73	20	3.701	1.9776E-25	0	0	4767633807.50154
4156	29.497	0.499	29.501	1146.477	0	0.73	20	3.701	1.9776E-25	0	0	4767633807.50234
4157	29.481	1.496	29.519	1146.473	0	0.73	20	3.719	2.0452E-24	0	0	1475726023.20337
4158	29.447	2.492	29.553	1146.465	0	0.73	20	3.753	4.8123E-24	0	0	953369561.63361
4159	29.398	3.488	29.604	1146.456	0	0.73	20	3.804	7.0542E-24	0	0	776948981.05538
4160	29.331	4.481	29.671	1146.447	0	0.73	20	3.871	8.952E-24	0	0	677748497.42581
4161	29.248	5.468	29.755	1146.441	0	0.73	20	3.955	7.3028E-24	0	0	734673548.48695
4162	29.15	6.435	29.852	1146.437	0	0.73	20	4.052	5.3075E-24	0	0	841267757.22388
4163	29.058	7.229	29.943	1146.433	0	0.73	20	4.143	1.0807E-24	0	0	1823542503.69645
