格	x	z	r	T	J重构	厚	保温mm	L	proxy	区(0盘1舌)	前12	裕度
480	-99.291	-29.5	103.581	461.881	8.40764	2.03	10.4	1	4.8348E-8	1	0	56.67781
481	-99.291	-28.5	103.301	461.881	8.40767	2.03	10.4	1	4.8348E-8	1	0	56.67761
482	-99.291	-27.5	103.029	461.881	8.40773	2.03	10.4	1	4.8349E-8	1	0	56.67721
483	-99.291	-26.5	102.767	461.881	8.40782	2.03	10.4	1	4.835E-8	1	0	56.67661
484	-99.291	-25.5	102.514	461.881	8.40793	2.03	10.4	1	4.8351E-8	1	0	56.67582
485	-99.291	-24.5	102.269	461.882	8.40808	2.03	10.4	1	4.8353E-8	1	0	56.67485
486	-99.291	-23.5	102.034	461.882	8.40825	2.03	10.4	1	4.8355E-8	1	0	56.67371
487	-99.291	-22.5	101.809	461.882	8.40844	2.03	10.4	1	4.8357E-8	1	0	56.67241
488	-99.291	-21.5	101.592	461.883	8.40866	2.03	10.4	1	4.8359E-8	1	0	56.67097
489	-99.291	-20.5	101.386	461.883	8.40889	2.03	10.4	1	4.8362E-8	1	0	56.6694
490	-99.291	-19.5	101.188	461.884	8.40914	2.03	10.4	1	4.8365E-8	1	0	56.66772
491	-99.291	-18.5	101	461.885	8.40941	2.03	10.4	1	4.8368E-8	1	0	56.66594
492	-99.291	-17.5	100.822	461.885	8.40968	2.03	10.4	1	4.8371E-8	1	0	56.6641
493	-99.291	-16.5	100.653	461.886	8.40996	2.03	10.4	1	4.8374E-8	1	0	56.6622
494	-99.291	-15.5	100.494	461.886	8.41025	2.03	10.4	1	4.8378E-8	1	0	56.66027
495	-99.291	-14.5	100.345	461.887	8.41054	2.03	10.4	1	4.8381E-8	1	0	56.65833
496	-99.291	-13.5	100.205	461.888	8.41083	2.03	10.4	1	4.8384E-8	1	0	56.6564
497	-99.291	-12.5	100.075	461.888	8.41111	2.03	10.4	1	4.8388E-8	1	0	56.65451
498	-99.291	-11.5	99.955	461.889	8.41139	2.03	10.4	1	4.8391E-8	1	0	56.65266
499	-99.291	-10.5	99.845	461.89	8.41165	2.03	10.4	1	4.8394E-8	1	0	56.65089
500	-99.291	-9.5	99.745	461.89	8.4119	2.03	10.4	1	4.8397E-8	1	0	56.64921
501	-99.291	-8.5	99.655	461.891	8.41214	2.03	10.4	1	4.8399E-8	1	0	56.64764
502	-99.291	-7.5	99.574	461.891	8.41235	2.03	10.4	1	4.8402E-8	1	0	56.6462
503	-99.291	-6.5	99.504	461.892	8.41255	2.03	10.4	1	4.8404E-8	1	0	56.6449
504	-99.291	-5.5	99.444	461.892	8.41272	2.03	10.4	1	4.8406E-8	1	0	56.64376
505	-99.291	-4.5	99.393	461.892	8.41286	2.03	10.4	1	4.8408E-8	1	0	56.64279
506	-99.291	-3.5	99.353	461.893	8.41298	2.03	10.4	1	4.8409E-8	1	0	56.642
507	-99.291	-2.5	99.323	461.893	8.41307	2.03	10.4	1	4.841E-8	1	0	56.6414
508	-99.291	-1.5	99.303	461.893	8.41313	2.03	10.4	1	4.8411E-8	1	0	56.641
509	-99.291	-0.5	99.293	461.893	8.41316	2.03	10.4	1	4.8411E-8	1	0	56.6408
510	-99.291	0.5	99.293	461.893	8.41316	2.03	10.4	1	4.8411E-8	1	0	56.6408
511	-99.291	1.5	99.303	461.893	8.41313	2.03	10.4	1	4.8411E-8	1	0	56.641
512	-99.291	2.5	99.323	461.893	8.41307	2.03	10.4	1	4.841E-8	1	0	56.6414
513	-99.291	3.5	99.353	461.893	8.41298	2.03	10.4	1	4.8409E-8	1	0	56.642
514	-99.291	4.5	99.393	461.892	8.41286	2.03	10.4	1	4.8408E-8	1	0	56.64279
515	-99.291	5.5	99.444	461.892	8.41272	2.03	10.4	1	4.8406E-8	1	0	56.64376
516	-99.291	6.5	99.504	461.892	8.41255	2.03	10.4	1	4.8404E-8	1	0	56.6449
517	-99.291	7.5	99.574	461.891	8.41235	2.03	10.4	1	4.8402E-8	1	0	56.6462
518	-99.291	8.5	99.655	461.891	8.41214	2.03	10.4	1	4.8399E-8	1	0	56.64764
519	-99.291	9.5	99.745	461.89	8.4119	2.03	10.4	1	4.8397E-8	1	0	56.64921
520	-99.291	10.5	99.845	461.89	8.41165	2.03	10.4	1	4.8394E-8	1	0	56.65089
521	-99.291	11.5	99.955	461.889	8.41139	2.03	10.4	1	4.8391E-8	1	0	56.65266
522	-99.291	12.5	100.075	461.888	8.41111	2.03	10.4	1	4.8388E-8	1	0	56.65451
523	-99.291	13.5	100.205	461.888	8.41083	2.03	10.4	1	4.8384E-8	1	0	56.6564
524	-99.291	14.5	100.345	461.887	8.41054	2.03	10.4	1	4.8381E-8	1	0	56.65833
525	-99.291	15.5	100.494	461.886	8.41025	2.03	10.4	1	4.8378E-8	1	0	56.66027
526	-99.291	16.5	100.653	461.886	8.40996	2.03	10.4	1	4.8374E-8	1	0	56.6622
527	-99.291	17.5	100.822	461.885	8.40968	2.03	10.4	1	4.8371E-8	1	0	56.6641
528	-99.291	18.5	101	461.885	8.40941	2.03	10.4	1	4.8368E-8	1	0	56.66594
529	-99.291	19.5	101.188	461.884	8.40914	2.03	10.4	1	4.8365E-8	1	0	56.66772
530	-99.291	20.5	101.386	461.883	8.40889	2.03	10.4	1	4.8362E-8	1	0	56.6694
531	-99.291	21.5	101.592	461.883	8.40866	2.03	10.4	1	4.8359E-8	1	0	56.67097
532	-99.291	22.5	101.809	461.882	8.40844	2.03	10.4	1	4.8357E-8	1	0	56.67241
533	-99.291	23.5	102.034	461.882	8.40825	2.03	10.4	1	4.8355E-8	1	0	56.67371
534	-99.291	24.5	102.269	461.882	8.40808	2.03	10.4	1	4.8353E-8	1	0	56.67485
535	-99.291	25.5	102.514	461.881	8.40793	2.03	10.4	1	4.8351E-8	1	0	56.67582
536	-99.291	26.5	102.767	461.881	8.40782	2.03	10.4	1	4.835E-8	1	0	56.67661
537	-99.291	27.5	103.029	461.881	8.40773	2.03	10.4	1	4.8349E-8	1	0	56.67721
538	-99.291	28.5	103.301	461.881	8.40767	2.03	10.4	1	4.8348E-8	1	0	56.67761
539	-99.291	29.5	103.581	461.881	8.40764	2.03	10.4	1	4.8348E-8	1	0	56.67781
540	-95.833	-29.5	100.271	517.787	8.40727	2.03	10.4	4.167	4.7421E-8	1	0	13.80559
541	-95.833	-28.5	99.981	517.787	8.40731	2.03	10.4	4.167	4.7421E-8	1	0	13.80553
542	-95.833	-27.5	99.7	517.788	8.40738	2.03	10.4	4.167	4.7422E-8	1	0	13.80543
543	-95.833	-26.5	99.429	517.789	8.40748	2.03	10.4	4.167	4.7423E-8	1	0	13.80526
544	-95.833	-25.5	99.167	517.791	8.40761	2.03	10.4	4.167	4.7425E-8	1	0	13.80505
545	-95.833	-24.5	98.915	517.792	8.40777	2.03	10.4	4.167	4.7427E-8	1	0	13.80479
546	-95.833	-23.5	98.672	517.795	8.40797	2.03	10.4	4.167	4.7429E-8	1	0	13.80448
547	-95.833	-22.5	98.439	517.797	8.40819	2.03	10.4	4.167	4.7431E-8	1	0	13.80413
548	-95.833	-21.5	98.215	517.8	8.40843	2.03	10.4	4.167	4.7434E-8	1	0	13.80374
549	-95.833	-20.5	98.001	517.803	8.40869	2.03	10.4	4.167	4.7437E-8	1	0	13.80331
550	-95.833	-19.5	97.797	517.806	8.40898	2.03	10.4	4.167	4.744E-8	1	0	13.80286
551	-95.833	-18.5	97.602	517.809	8.40928	2.03	10.4	4.167	4.7443E-8	1	0	13.80238
552	-95.833	-17.5	97.418	517.813	8.40959	2.03	10.4	4.167	4.7447E-8	1	0	13.80188
553	-95.833	-16.5	97.243	517.816	8.40991	2.03	10.4	4.167	4.745E-8	1	0	13.80137
554	-95.833	-15.5	97.078	517.82	8.41023	2.03	10.4	4.167	4.7454E-8	1	0	13.80085
555	-95.833	-14.5	96.924	517.824	8.41056	2.03	10.4	4.167	4.7457E-8	1	0	13.80032
556	-95.833	-13.5	96.779	517.828	8.41089	2.03	10.4	4.167	4.7461E-8	1	0	13.7998
557	-95.833	-12.5	96.645	517.831	8.41121	2.03	10.4	4.167	4.7465E-8	1	0	13.79929
558	-95.833	-11.5	96.52	517.835	8.41152	2.03	10.4	4.167	4.7468E-8	1	0	13.79879
559	-95.833	-10.5	96.406	517.838	8.41182	2.03	10.4	4.167	4.7471E-8	1	0	13.79831
560	-95.833	-9.5	96.303	517.841	8.4121	2.03	10.4	4.167	4.7475E-8	1	0	13.79785
561	-95.833	-8.5	96.209	517.844	8.41237	2.03	10.4	4.167	4.7478E-8	1	0	13.79743
562	-95.833	-7.5	96.126	517.847	8.41261	2.03	10.4	4.167	4.748E-8	1	0	13.79704
563	-95.833	-6.5	96.053	517.849	8.41283	2.03	10.4	4.167	4.7483E-8	1	0	13.79669
564	-95.833	-5.5	95.991	517.852	8.41302	2.03	10.4	4.167	4.7485E-8	1	0	13.79638
565	-95.833	-4.5	95.938	517.853	8.41318	2.03	10.4	4.167	4.7487E-8	1	0	13.79612
566	-95.833	-3.5	95.897	517.855	8.41332	2.03	10.4	4.167	4.7488E-8	1	0	13.7959
567	-95.833	-2.5	95.865	517.856	8.41342	2.03	10.4	4.167	4.7489E-8	1	0	13.79574
568	-95.833	-1.5	95.845	517.857	8.41349	2.03	10.4	4.167	4.749E-8	1	0	13.79563
569	-95.833	-0.5	95.834	517.857	8.41352	2.03	10.4	4.167	4.749E-8	1	0	13.79558
570	-95.833	0.5	95.834	517.857	8.41352	2.03	10.4	4.167	4.749E-8	1	0	13.79558
571	-95.833	1.5	95.845	517.857	8.41349	2.03	10.4	4.167	4.749E-8	1	0	13.79563
572	-95.833	2.5	95.865	517.856	8.41342	2.03	10.4	4.167	4.7489E-8	1	0	13.79574
573	-95.833	3.5	95.897	517.855	8.41332	2.03	10.4	4.167	4.7488E-8	1	0	13.7959
574	-95.833	4.5	95.938	517.853	8.41318	2.03	10.4	4.167	4.7487E-8	1	0	13.79612
575	-95.833	5.5	95.991	517.852	8.41302	2.03	10.4	4.167	4.7485E-8	1	0	13.79638
576	-95.833	6.5	96.053	517.849	8.41283	2.03	10.4	4.167	4.7483E-8	1	0	13.79669
577	-95.833	7.5	96.126	517.847	8.41261	2.03	10.4	4.167	4.748E-8	1	0	13.79704
578	-95.833	8.5	96.209	517.844	8.41237	2.03	10.4	4.167	4.7478E-8	1	0	13.79743
579	-95.833	9.5	96.303	517.841	8.4121	2.03	10.4	4.167	4.7475E-8	1	0	13.79785
580	-95.833	10.5	96.406	517.838	8.41182	2.03	10.4	4.167	4.7471E-8	1	0	13.79831
581	-95.833	11.5	96.52	517.835	8.41152	2.03	10.4	4.167	4.7468E-8	1	0	13.79879
582	-95.833	12.5	96.645	517.831	8.41121	2.03	10.4	4.167	4.7465E-8	1	0	13.79929
583	-95.833	13.5	96.779	517.828	8.41089	2.03	10.4	4.167	4.7461E-8	1	0	13.7998
584	-95.833	14.5	96.924	517.824	8.41056	2.03	10.4	4.167	4.7457E-8	1	0	13.80032
585	-95.833	15.5	97.078	517.82	8.41023	2.03	10.4	4.167	4.7454E-8	1	0	13.80085
586	-95.833	16.5	97.243	517.816	8.40991	2.03	10.4	4.167	4.745E-8	1	0	13.80137
587	-95.833	17.5	97.418	517.813	8.40959	2.03	10.4	4.167	4.7447E-8	1	0	13.80188
588	-95.833	18.5	97.602	517.809	8.40928	2.03	10.4	4.167	4.7443E-8	1	0	13.80238
589	-95.833	19.5	97.797	517.806	8.40898	2.03	10.4	4.167	4.744E-8	1	0	13.80286
590	-95.833	20.5	98.001	517.803	8.40869	2.03	10.4	4.167	4.7437E-8	1	0	13.80331
591	-95.833	21.5	98.215	517.8	8.40843	2.03	10.4	4.167	4.7434E-8	1	0	13.80374
592	-95.833	22.5	98.439	517.797	8.40819	2.03	10.4	4.167	4.7431E-8	1	0	13.80413
593	-95.833	23.5	98.672	517.795	8.40797	2.03	10.4	4.167	4.7429E-8	1	0	13.80448
594	-95.833	24.5	98.915	517.792	8.40777	2.03	10.4	4.167	4.7427E-8	1	0	13.80479
595	-95.833	25.5	99.167	517.791	8.40761	2.03	10.4	4.167	4.7425E-8	1	0	13.80505
596	-95.833	26.5	99.429	517.789	8.40748	2.03	10.4	4.167	4.7423E-8	1	0	13.80526
597	-95.833	27.5	99.7	517.788	8.40738	2.03	10.4	4.167	4.7422E-8	1	0	13.80543
598	-95.833	28.5	99.981	517.787	8.40731	2.03	10.4	4.167	4.7421E-8	1	0	13.80553
599	-95.833	29.5	100.271	517.787	8.40727	2.03	10.4	4.167	4.7421E-8	1	0	13.80559
600	-90.333	-29.5	95.028	600.974	8.406	2.03	10.4	9.667	4.6034E-8	1	0	6.11944
601	-90.333	-28.5	94.722	600.975	8.40605	2.03	10.4	9.667	4.6035E-8	1	0	6.11941
602	-90.333	-27.5	94.426	600.977	8.40615	2.03	10.4	9.667	4.6036E-8	1	0	6.11934
603	-90.333	-26.5	94.14	600.98	8.40629	2.03	10.4	9.667	4.6038E-8	1	0	6.11924
604	-90.333	-25.5	93.863	600.983	8.40648	2.03	10.4	9.667	4.604E-8	1	0	6.11911
605	-90.333	-24.5	93.596	600.988	8.40671	2.03	10.4	9.667	4.6042E-8	1	0	6.11895
606	-90.333	-23.5	93.34	600.993	8.40698	2.03	10.4	9.667	4.6045E-8	1	0	6.11876
607	-90.333	-22.5	93.093	600.999	8.40729	2.03	10.4	9.667	4.6048E-8	1	0	6.11855
608	-90.333	-21.5	92.856	601.006	8.40763	2.03	10.4	9.667	4.6052E-8	1	0	6.11831
609	-90.333	-20.5	92.63	601.013	8.408	2.03	10.4	9.667	4.6056E-8	1	0	6.11805
610	-90.333	-19.5	92.414	601.021	8.4084	2.03	10.4	9.667	4.606E-8	1	0	6.11777
611	-90.333	-18.5	92.208	601.03	8.40882	2.03	10.4	9.667	4.6064E-8	1	0	6.11748
612	-90.333	-17.5	92.012	601.038	8.40926	2.03	10.4	9.667	4.6069E-8	1	0	6.11718
613	-90.333	-16.5	91.827	601.047	8.40971	2.03	10.4	9.667	4.6074E-8	1	0	6.11686
614	-90.333	-15.5	91.653	601.056	8.41017	2.03	10.4	9.667	4.6079E-8	1	0	6.11655
615	-90.333	-14.5	91.489	601.065	8.41063	2.03	10.4	9.667	4.6084E-8	1	0	6.11622
616	-90.333	-13.5	91.336	601.075	8.41108	2.03	10.4	9.667	4.6088E-8	1	0	6.11591
617	-90.333	-12.5	91.194	601.083	8.41154	2.03	10.4	9.667	4.6093E-8	1	0	6.11559
618	-90.333	-11.5	91.062	601.092	8.41197	2.03	10.4	9.667	4.6098E-8	1	0	6.11529
619	-90.333	-10.5	90.941	601.1	8.41239	2.03	10.4	9.667	4.6102E-8	1	0	6.115
620	-90.333	-9.5	90.831	601.108	8.41279	2.03	10.4	9.667	4.6107E-8	1	0	6.11472
621	-90.333	-8.5	90.732	601.116	8.41317	2.03	10.4	9.667	4.6111E-8	1	0	6.11446
622	-90.333	-7.5	90.644	601.123	8.41351	2.03	10.4	9.667	4.6114E-8	1	0	6.11422
623	-90.333	-6.5	90.566	601.129	8.41382	2.03	10.4	9.667	4.6118E-8	1	0	6.11401
624	-90.333	-5.5	90.5	601.134	8.41409	2.03	10.4	9.667	4.612E-8	1	0	6.11382
625	-90.333	-4.5	90.445	601.139	8.41432	2.03	10.4	9.667	4.6123E-8	1	0	6.11366
626	-90.333	-3.5	90.401	601.142	8.41451	2.03	10.4	9.667	4.6125E-8	1	0	6.11353
627	-90.333	-2.5	90.367	601.145	8.41465	2.03	10.4	9.667	4.6126E-8	1	0	6.11343
628	-90.333	-1.5	90.345	601.147	8.41474	2.03	10.4	9.667	4.6127E-8	1	0	6.11336
629	-90.333	-0.5	90.334	601.148	8.41479	2.03	10.4	9.667	4.6128E-8	1	0	6.11333
630	-90.333	0.5	90.334	601.148	8.41479	2.03	10.4	9.667	4.6128E-8	1	0	6.11333
631	-90.333	1.5	90.345	601.147	8.41474	2.03	10.4	9.667	4.6127E-8	1	0	6.11336
632	-90.333	2.5	90.367	601.145	8.41465	2.03	10.4	9.667	4.6126E-8	1	0	6.11343
633	-90.333	3.5	90.401	601.142	8.41451	2.03	10.4	9.667	4.6125E-8	1	0	6.11353
634	-90.333	4.5	90.445	601.139	8.41432	2.03	10.4	9.667	4.6123E-8	1	0	6.11366
635	-90.333	5.5	90.5	601.134	8.41409	2.03	10.4	9.667	4.612E-8	1	0	6.11382
636	-90.333	6.5	90.566	601.129	8.41382	2.03	10.4	9.667	4.6118E-8	1	0	6.11401
637	-90.333	7.5	90.644	601.123	8.41351	2.03	10.4	9.667	4.6114E-8	1	0	6.11422
638	-90.333	8.5	90.732	601.116	8.41317	2.03	10.4	9.667	4.6111E-8	1	0	6.11446
639	-90.333	9.5	90.831	601.108	8.41279	2.03	10.4	9.667	4.6107E-8	1	0	6.11472
640	-90.333	10.5	90.941	601.1	8.41239	2.03	10.4	9.667	4.6102E-8	1	0	6.115
641	-90.333	11.5	91.062	601.092	8.41197	2.03	10.4	9.667	4.6098E-8	1	0	6.11529
642	-90.333	12.5	91.194	601.083	8.41154	2.03	10.4	9.667	4.6093E-8	1	0	6.11559
643	-90.333	13.5	91.336	601.075	8.41108	2.03	10.4	9.667	4.6088E-8	1	0	6.11591
644	-90.333	14.5	91.489	601.065	8.41063	2.03	10.4	9.667	4.6084E-8	1	0	6.11622
645	-90.333	15.5	91.653	601.056	8.41017	2.03	10.4	9.667	4.6079E-8	1	0	6.11655
646	-90.333	16.5	91.827	601.047	8.40971	2.03	10.4	9.667	4.6074E-8	1	0	6.11686
647	-90.333	17.5	92.012	601.038	8.40926	2.03	10.4	9.667	4.6069E-8	1	0	6.11718
648	-90.333	18.5	92.208	601.03	8.40882	2.03	10.4	9.667	4.6064E-8	1	0	6.11748
649	-90.333	19.5	92.414	601.021	8.4084	2.03	10.4	9.667	4.606E-8	1	0	6.11777
650	-90.333	20.5	92.63	601.013	8.408	2.03	10.4	9.667	4.6056E-8	1	0	6.11805
651	-90.333	21.5	92.856	601.006	8.40763	2.03	10.4	9.667	4.6052E-8	1	0	6.11831
652	-90.333	22.5	93.093	600.999	8.40729	2.03	10.4	9.667	4.6048E-8	1	0	6.11855
653	-90.333	23.5	93.34	600.993	8.40698	2.03	10.4	9.667	4.6045E-8	1	0	6.11876
654	-90.333	24.5	93.596	600.988	8.40671	2.03	10.4	9.667	4.6042E-8	1	0	6.11895
655	-90.333	25.5	93.863	600.983	8.40648	2.03	10.4	9.667	4.604E-8	1	0	6.11911
656	-90.333	26.5	94.14	600.98	8.40629	2.03	10.4	9.667	4.6038E-8	1	0	6.11924
657	-90.333	27.5	94.426	600.977	8.40615	2.03	10.4	9.667	4.6036E-8	1	0	6.11934
658	-90.333	28.5	94.722	600.975	8.40605	2.03	10.4	9.667	4.6035E-8	1	0	6.11941
659	-90.333	29.5	95.028	600.974	8.406	2.03	10.4	9.667	4.6034E-8	1	0	6.11944
660	-84.833	-29.5	89.816	676.697	8.40328	2.03	10.4	15.167	4.4756E-8	1	0	4.03541
661	-84.833	-28.5	89.492	676.699	8.40336	2.03	10.4	15.167	4.4757E-8	1	0	4.03538
662	-84.833	-27.5	89.179	676.702	8.40351	2.03	10.4	15.167	4.4759E-8	1	0	4.03531
663	-84.833	-26.5	88.876	676.707	8.40374	2.03	10.4	15.167	4.4761E-8	1	0	4.0352
664	-84.833	-25.5	88.583	676.714	8.40405	2.03	10.4	15.167	4.4764E-8	1	0	4.03506
665	-84.833	-24.5	88.3	676.722	8.40442	2.03	10.4	15.167	4.4768E-8	1	0	4.0349
666	-84.833	-23.5	88.028	676.732	8.40486	2.03	10.4	15.167	4.4773E-8	1	0	4.0347
667	-84.833	-22.5	87.766	676.743	8.40536	2.03	10.4	15.167	4.4778E-8	1	0	4.03447
668	-84.833	-21.5	87.515	676.755	8.40591	2.03	10.4	15.167	4.4783E-8	1	0	4.03422
669	-84.833	-20.5	87.275	676.769	8.40651	2.03	10.4	15.167	4.479E-8	1	0	4.03394
670	-84.833	-19.5	87.045	676.783	8.40716	2.03	10.4	15.167	4.4796E-8	1	0	4.03365
671	-84.833	-18.5	86.827	676.798	8.40784	2.03	10.4	15.167	4.4803E-8	1	0	4.03334
672	-84.833	-17.5	86.619	676.814	8.40855	2.03	10.4	15.167	4.4811E-8	1	0	4.03302
673	-84.833	-16.5	86.423	676.83	8.40928	2.03	10.4	15.167	4.4818E-8	1	0	4.03268
674	-84.833	-15.5	86.237	676.846	8.41002	2.03	10.4	15.167	4.4826E-8	1	0	4.03235
675	-84.833	-14.5	86.063	676.863	8.41077	2.03	10.4	15.167	4.4833E-8	1	0	4.03201
676	-84.833	-13.5	85.9	676.879	8.41151	2.03	10.4	15.167	4.4841E-8	1	0	4.03167
677	-84.833	-12.5	85.749	676.895	8.41224	2.03	10.4	15.167	4.4849E-8	1	0	4.03134
678	-84.833	-11.5	85.609	676.911	8.41295	2.03	10.4	15.167	4.4856E-8	1	0	4.03102
679	-84.833	-10.5	85.48	676.926	8.41363	2.03	10.4	15.167	4.4863E-8	1	0	4.03071
680	-84.833	-9.5	85.363	676.94	8.41428	2.03	10.4	15.167	4.487E-8	1	0	4.03041
681	-84.833	-8.5	85.258	676.953	8.41489	2.03	10.4	15.167	4.4876E-8	1	0	4.03014
682	-84.833	-7.5	85.164	676.966	8.41544	2.03	10.4	15.167	4.4882E-8	1	0	4.02989
683	-84.833	-6.5	85.081	676.977	8.41594	2.03	10.4	15.167	4.4887E-8	1	0	4.02966
684	-84.833	-5.5	85.011	676.986	8.41638	2.03	10.4	15.167	4.4891E-8	1	0	4.02946
685	-84.833	-4.5	84.952	676.995	8.41675	2.03	10.4	15.167	4.4895E-8	1	0	4.02929
686	-84.833	-3.5	84.905	677.001	8.41706	2.03	10.4	15.167	4.4898E-8	1	0	4.02915
687	-84.833	-2.5	84.87	677.006	8.41729	2.03	10.4	15.167	4.4901E-8	1	0	4.02905
688	-84.833	-1.5	84.846	677.01	8.41744	2.03	10.4	15.167	4.4902E-8	1	0	4.02898
689	-84.833	-0.5	84.834	677.012	8.41752	2.03	10.4	15.167	4.4903E-8	1	0	4.02894
690	-84.833	0.5	84.834	677.012	8.41752	2.03	10.4	15.167	4.4903E-8	1	0	4.02894
691	-84.833	1.5	84.846	677.01	8.41744	2.03	10.4	15.167	4.4902E-8	1	0	4.02898
692	-84.833	2.5	84.87	677.006	8.41729	2.03	10.4	15.167	4.4901E-8	1	0	4.02905
693	-84.833	3.5	84.905	677.001	8.41706	2.03	10.4	15.167	4.4898E-8	1	0	4.02915
694	-84.833	4.5	84.952	676.995	8.41675	2.03	10.4	15.167	4.4895E-8	1	0	4.02929
695	-84.833	5.5	85.011	676.986	8.41638	2.03	10.4	15.167	4.4891E-8	1	0	4.02946
696	-84.833	6.5	85.081	676.977	8.41594	2.03	10.4	15.167	4.4887E-8	1	0	4.02966
697	-84.833	7.5	85.164	676.966	8.41544	2.03	10.4	15.167	4.4882E-8	1	0	4.02989
698	-84.833	8.5	85.258	676.953	8.41489	2.03	10.4	15.167	4.4876E-8	1	0	4.03014
699	-84.833	9.5	85.363	676.94	8.41428	2.03	10.4	15.167	4.487E-8	1	0	4.03041
700	-84.833	10.5	85.48	676.926	8.41363	2.03	10.4	15.167	4.4863E-8	1	0	4.03071
701	-84.833	11.5	85.609	676.911	8.41295	2.03	10.4	15.167	4.4856E-8	1	0	4.03102
702	-84.833	12.5	85.749	676.895	8.41224	2.03	10.4	15.167	4.4849E-8	1	0	4.03134
703	-84.833	13.5	85.9	676.879	8.41151	2.03	10.4	15.167	4.4841E-8	1	0	4.03167
704	-84.833	14.5	86.063	676.863	8.41077	2.03	10.4	15.167	4.4833E-8	1	0	4.03201
705	-84.833	15.5	86.237	676.846	8.41002	2.03	10.4	15.167	4.4826E-8	1	0	4.03235
706	-84.833	16.5	86.423	676.83	8.40928	2.03	10.4	15.167	4.4818E-8	1	0	4.03268
707	-84.833	17.5	86.619	676.814	8.40855	2.03	10.4	15.167	4.4811E-8	1	0	4.03302
708	-84.833	18.5	86.827	676.798	8.40784	2.03	10.4	15.167	4.4803E-8	1	0	4.03334
709	-84.833	19.5	87.045	676.783	8.40716	2.03	10.4	15.167	4.4796E-8	1	0	4.03365
710	-84.833	20.5	87.275	676.769	8.40651	2.03	10.4	15.167	4.479E-8	1	0	4.03394
711	-84.833	21.5	87.515	676.755	8.40591	2.03	10.4	15.167	4.4783E-8	1	0	4.03422
712	-84.833	22.5	87.766	676.743	8.40536	2.03	10.4	15.167	4.4778E-8	1	0	4.03447
713	-84.833	23.5	88.028	676.732	8.40486	2.03	10.4	15.167	4.4773E-8	1	0	4.0347
714	-84.833	24.5	88.3	676.722	8.40442	2.03	10.4	15.167	4.4768E-8	1	0	4.0349
715	-84.833	25.5	88.583	676.714	8.40405	2.03	10.4	15.167	4.4764E-8	1	0	4.03506
716	-84.833	26.5	88.876	676.707	8.40374	2.03	10.4	15.167	4.4761E-8	1	0	4.0352
717	-84.833	27.5	89.179	676.702	8.40351	2.03	10.4	15.167	4.4759E-8	1	0	4.03531
718	-84.833	28.5	89.492	676.699	8.40336	2.03	10.4	15.167	4.4757E-8	1	0	4.03538
719	-84.833	29.5	89.816	676.697	8.40328	2.03	10.4	15.167	4.4756E-8	1	0	4.03541
720	-79.333	-29.5	84.64	744.974	8.3982	2.03	10.4	20.667	4.3578E-8	1	0	3.08511
721	-79.333	-28.5	84.297	744.977	8.39833	2.03	10.4	20.667	4.3579E-8	1	0	3.08506
722	-79.333	-27.5	83.964	744.983	8.3986	2.03	10.4	20.667	4.3582E-8	1	0	3.08497
723	-79.333	-26.5	83.642	744.991	8.39899	2.03	10.4	20.667	4.3586E-8	1	0	3.08483
724	-79.333	-25.5	83.33	745.003	8.39951	2.03	10.4	20.667	4.3591E-8	1	0	3.08465
725	-79.333	-24.5	83.03	745.016	8.40015	2.03	10.4	20.667	4.3598E-8	1	0	3.08443
726	-79.333	-23.5	82.74	745.032	8.4009	2.03	10.4	20.667	4.3605E-8	1	0	3.08417
727	-79.333	-22.5	82.462	745.051	8.40176	2.03	10.4	20.667	4.3614E-8	1	0	3.08388
728	-79.333	-21.5	82.195	745.071	8.40271	2.03	10.4	20.667	4.3623E-8	1	0	3.08355
729	-79.333	-20.5	81.939	745.093	8.40374	2.03	10.4	20.667	4.3634E-8	1	0	3.08319
730	-79.333	-19.5	81.694	745.117	8.40485	2.03	10.4	20.667	4.3645E-8	1	0	3.08281
731	-79.333	-18.5	81.461	745.142	8.40602	2.03	10.4	20.667	4.3656E-8	1	0	3.0824
732	-79.333	-17.5	81.24	745.168	8.40723	2.03	10.4	20.667	4.3669E-8	1	0	3.08198
733	-79.333	-16.5	81.031	745.195	8.40848	2.03	10.4	20.667	4.3681E-8	1	0	3.08155
734	-79.333	-15.5	80.833	745.223	8.40976	2.03	10.4	20.667	4.3694E-8	1	0	3.08111
735	-79.333	-14.5	80.647	745.25	8.41103	2.03	10.4	20.667	4.3707E-8	1	0	3.08066
736	-79.333	-13.5	80.473	745.278	8.41231	2.03	10.4	20.667	4.372E-8	1	0	3.08022
737	-79.333	-12.5	80.312	745.304	8.41356	2.03	10.4	20.667	4.3732E-8	1	0	3.07979
738	-79.333	-11.5	80.162	745.331	8.41478	2.03	10.4	20.667	4.3744E-8	1	0	3.07937
739	-79.333	-10.5	80.025	745.356	8.41595	2.03	10.4	20.667	4.3756E-8	1	0	3.07897
740	-79.333	-9.5	79.9	745.38	8.41706	2.03	10.4	20.667	4.3767E-8	1	0	3.07858
741	-79.333	-8.5	79.787	745.402	8.41809	2.03	10.4	20.667	4.3778E-8	1	0	3.07822
742	-79.333	-7.5	79.687	745.422	8.41904	2.03	10.4	20.667	4.3787E-8	1	0	3.0779
743	-79.333	-6.5	79.599	745.441	8.4199	2.03	10.4	20.667	4.3796E-8	1	0	3.0776
744	-79.333	-5.5	79.523	745.457	8.42066	2.03	10.4	20.667	4.3803E-8	1	0	3.07734
745	-79.333	-4.5	79.46	745.471	8.4213	2.03	10.4	20.667	4.381E-8	1	0	3.07712
746	-79.333	-3.5	79.41	745.482	8.42182	2.03	10.4	20.667	4.3815E-8	1	0	3.07694
747	-79.333	-2.5	79.372	745.49	8.42221	2.03	10.4	20.667	4.3819E-8	1	0	3.0768
748	-79.333	-1.5	79.347	745.496	8.42248	2.03	10.4	20.667	4.3822E-8	1	0	3.07671
749	-79.333	-0.5	79.334	745.499	8.42261	2.03	10.4	20.667	4.3823E-8	1	0	3.07666
750	-79.333	0.5	79.334	745.499	8.42261	2.03	10.4	20.667	4.3823E-8	1	0	3.07666
751	-79.333	1.5	79.347	745.496	8.42248	2.03	10.4	20.667	4.3822E-8	1	0	3.07671
752	-79.333	2.5	79.372	745.49	8.42221	2.03	10.4	20.667	4.3819E-8	1	0	3.0768
753	-79.333	3.5	79.41	745.482	8.42182	2.03	10.4	20.667	4.3815E-8	1	0	3.07694
754	-79.333	4.5	79.46	745.471	8.4213	2.03	10.4	20.667	4.381E-8	1	0	3.07712
755	-79.333	5.5	79.523	745.457	8.42066	2.03	10.4	20.667	4.3803E-8	1	0	3.07734
756	-79.333	6.5	79.599	745.441	8.4199	2.03	10.4	20.667	4.3796E-8	1	0	3.0776
757	-79.333	7.5	79.687	745.422	8.41904	2.03	10.4	20.667	4.3787E-8	1	0	3.0779
758	-79.333	8.5	79.787	745.402	8.41809	2.03	10.4	20.667	4.3778E-8	1	0	3.07822
759	-79.333	9.5	79.9	745.38	8.41706	2.03	10.4	20.667	4.3767E-8	1	0	3.07858
760	-79.333	10.5	80.025	745.356	8.41595	2.03	10.4	20.667	4.3756E-8	1	0	3.07897
761	-79.333	11.5	80.162	745.331	8.41478	2.03	10.4	20.667	4.3744E-8	1	0	3.07937
762	-79.333	12.5	80.312	745.304	8.41356	2.03	10.4	20.667	4.3732E-8	1	0	3.07979
763	-79.333	13.5	80.473	745.278	8.41231	2.03	10.4	20.667	4.372E-8	1	0	3.08022
764	-79.333	14.5	80.647	745.25	8.41103	2.03	10.4	20.667	4.3707E-8	1	0	3.08066
765	-79.333	15.5	80.833	745.223	8.40976	2.03	10.4	20.667	4.3694E-8	1	0	3.08111
766	-79.333	16.5	81.031	745.195	8.40848	2.03	10.4	20.667	4.3681E-8	1	0	3.08155
767	-79.333	17.5	81.24	745.168	8.40723	2.03	10.4	20.667	4.3669E-8	1	0	3.08198
768	-79.333	18.5	81.461	745.142	8.40602	2.03	10.4	20.667	4.3656E-8	1	0	3.0824
769	-79.333	19.5	81.694	745.117	8.40485	2.03	10.4	20.667	4.3645E-8	1	0	3.08281
770	-79.333	20.5	81.939	745.093	8.40374	2.03	10.4	20.667	4.3634E-8	1	0	3.08319
771	-79.333	21.5	82.195	745.071	8.40271	2.03	10.4	20.667	4.3623E-8	1	0	3.08355
772	-79.333	22.5	82.462	745.051	8.40176	2.03	10.4	20.667	4.3614E-8	1	0	3.08388
773	-79.333	23.5	82.74	745.032	8.4009	2.03	10.4	20.667	4.3605E-8	1	0	3.08417
774	-79.333	24.5	83.03	745.016	8.40015	2.03	10.4	20.667	4.3598E-8	1	0	3.08443
775	-79.333	25.5	83.33	745.003	8.39951	2.03	10.4	20.667	4.3591E-8	1	0	3.08465
776	-79.333	26.5	83.642	744.991	8.39899	2.03	10.4	20.667	4.3586E-8	1	0	3.08483
777	-79.333	27.5	83.964	744.983	8.3986	2.03	10.4	20.667	4.3582E-8	1	0	3.08497
778	-79.333	28.5	84.297	744.977	8.39833	2.03	10.4	20.667	4.3579E-8	1	0	3.08506
779	-79.333	29.5	84.64	744.974	8.3982	2.03	10.4	20.667	4.3578E-8	1	0	3.08511
780	-74.169	-29.5	79.821	802.431	8.38994	2.03	10.4	25.831	4.2548E-8	1	0	2.58113
781	-74.169	-28.5	79.457	802.436	8.39016	2.03	10.4	25.831	4.255E-8	1	0	2.58106
782	-74.169	-27.5	79.103	802.445	8.39061	2.03	10.4	25.831	4.2555E-8	1	0	2.58093
783	-74.169	-26.5	78.761	802.458	8.39127	2.03	10.4	25.831	4.2561E-8	1	0	2.58074
784	-74.169	-25.5	78.431	802.476	8.39214	2.03	10.4	25.831	4.257E-8	1	0	2.58049
785	-74.169	-24.5	78.111	802.498	8.39321	2.03	10.4	25.831	4.258E-8	1	0	2.58018
786	-74.169	-23.5	77.803	802.523	8.39447	2.03	10.4	25.831	4.2593E-8	1	0	2.57981
787	-74.169	-22.5	77.507	802.552	8.3959	2.03	10.4	25.831	4.2607E-8	1	0	2.5794
788	-74.169	-21.5	77.223	802.585	8.3975	2.03	10.4	25.831	4.2622E-8	1	0	2.57894
789	-74.169	-20.5	76.95	802.62	8.39923	2.03	10.4	25.831	4.2639E-8	1	0	2.57844
790	-74.169	-19.5	76.69	802.657	8.40109	2.03	10.4	25.831	4.2658E-8	1	0	2.5779
791	-74.169	-18.5	76.442	802.697	8.40305	2.03	10.4	25.831	4.2677E-8	1	0	2.57733
792	-74.169	-17.5	76.206	802.738	8.40509	2.03	10.4	25.831	4.2697E-8	1	0	2.57674
793	-74.169	-16.5	75.983	802.781	8.40719	2.03	10.4	25.831	4.2718E-8	1	0	2.57614
794	-74.169	-15.5	75.772	802.824	8.40932	2.03	10.4	25.831	4.2739E-8	1	0	2.57552
795	-74.169	-14.5	75.574	802.868	8.41147	2.03	10.4	25.831	4.276E-8	1	0	2.5749
796	-74.169	-13.5	75.388	802.911	8.4136	2.03	10.4	25.831	4.2781E-8	1	0	2.57428
797	-74.169	-12.5	75.215	802.954	8.4157	2.03	10.4	25.831	4.2801E-8	1	0	2.57368
798	-74.169	-11.5	75.056	802.995	8.41775	2.03	10.4	25.831	4.2821E-8	1	0	2.57309
799	-74.169	-10.5	74.909	803.035	8.41971	2.03	10.4	25.831	4.2841E-8	1	0	2.57252
800	-74.169	-9.5	74.775	803.073	8.42158	2.03	10.4	25.831	4.2859E-8	1	0	2.57199
801	-74.169	-8.5	74.655	803.108	8.42332	2.03	10.4	25.831	4.2876E-8	1	0	2.57148
802	-74.169	-7.5	74.548	803.14	8.42491	2.03	10.4	25.831	4.2892E-8	1	0	2.57102
803	-74.169	-6.5	74.454	803.169	8.42635	2.03	10.4	25.831	4.2906E-8	1	0	2.57061
804	-74.169	-5.5	74.373	803.195	8.42762	2.03	10.4	25.831	4.2919E-8	1	0	2.57025
805	-74.169	-4.5	74.306	803.217	8.4287	2.03	10.4	25.831	4.2929E-8	1	0	2.56994
806	-74.169	-3.5	74.252	803.235	8.42957	2.03	10.4	25.831	4.2938E-8	1	0	2.56969
807	-74.169	-2.5	74.212	803.248	8.43024	2.03	10.4	25.831	4.2944E-8	1	0	2.56949
808	-74.169	-1.5	74.185	803.257	8.43068	2.03	10.4	25.831	4.2949E-8	1	0	2.56937
809	-74.169	-0.5	74.171	803.262	8.43091	2.03	10.4	25.831	4.2951E-8	1	0	2.5693
810	-74.169	0.5	74.171	803.262	8.43091	2.03	10.4	25.831	4.2951E-8	1	0	2.5693
811	-74.169	1.5	74.185	803.257	8.43068	2.03	10.4	25.831	4.2949E-8	1	0	2.56937
812	-74.169	2.5	74.212	803.248	8.43024	2.03	10.4	25.831	4.2944E-8	1	0	2.56949
813	-74.169	3.5	74.252	803.235	8.42957	2.03	10.4	25.831	4.2938E-8	1	0	2.56969
814	-74.169	4.5	74.306	803.217	8.4287	2.03	10.4	25.831	4.2929E-8	1	0	2.56994
815	-74.169	5.5	74.373	803.195	8.42762	2.03	10.4	25.831	4.2919E-8	1	0	2.57025
816	-74.169	6.5	74.454	803.169	8.42635	2.03	10.4	25.831	4.2906E-8	1	0	2.57061
817	-74.169	7.5	74.548	803.14	8.42491	2.03	10.4	25.831	4.2892E-8	1	0	2.57102
818	-74.169	8.5	74.655	803.108	8.42332	2.03	10.4	25.831	4.2876E-8	1	0	2.57148
819	-74.169	9.5	74.775	803.073	8.42158	2.03	10.4	25.831	4.2859E-8	1	0	2.57199
820	-74.169	10.5	74.909	803.035	8.41971	2.03	10.4	25.831	4.2841E-8	1	0	2.57252
821	-74.169	11.5	75.056	802.995	8.41775	2.03	10.4	25.831	4.2821E-8	1	0	2.57309
822	-74.169	12.5	75.215	802.954	8.4157	2.03	10.4	25.831	4.2801E-8	1	0	2.57368
823	-74.169	13.5	75.388	802.911	8.4136	2.03	10.4	25.831	4.2781E-8	1	0	2.57428
824	-74.169	14.5	75.574	802.868	8.41147	2.03	10.4	25.831	4.276E-8	1	0	2.5749
825	-74.169	15.5	75.772	802.824	8.40932	2.03	10.4	25.831	4.2739E-8	1	0	2.57552
826	-74.169	16.5	75.983	802.781	8.40719	2.03	10.4	25.831	4.2718E-8	1	0	2.57614
827	-74.169	17.5	76.206	802.738	8.40509	2.03	10.4	25.831	4.2697E-8	1	0	2.57674
828	-74.169	18.5	76.442	802.697	8.40305	2.03	10.4	25.831	4.2677E-8	1	0	2.57733
829	-74.169	19.5	76.69	802.657	8.40109	2.03	10.4	25.831	4.2658E-8	1	0	2.5779
830	-74.169	20.5	76.95	802.62	8.39923	2.03	10.4	25.831	4.2639E-8	1	0	2.57844
831	-74.169	21.5	77.223	802.585	8.3975	2.03	10.4	25.831	4.2622E-8	1	0	2.57894
832	-74.169	22.5	77.507	802.552	8.3959	2.03	10.4	25.831	4.2607E-8	1	0	2.5794
833	-74.169	23.5	77.803	802.523	8.39447	2.03	10.4	25.831	4.2593E-8	1	0	2.57981
834	-74.169	24.5	78.111	802.498	8.39321	2.03	10.4	25.831	4.258E-8	1	0	2.58018
835	-74.169	25.5	78.431	802.476	8.39214	2.03	10.4	25.831	4.257E-8	1	0	2.58049
836	-74.169	26.5	78.761	802.458	8.39127	2.03	10.4	25.831	4.2561E-8	1	0	2.58074
837	-74.169	27.5	79.103	802.445	8.39061	2.03	10.4	25.831	4.2555E-8	1	0	2.58093
838	-74.169	28.5	79.457	802.436	8.39016	2.03	10.4	25.831	4.255E-8	1	0	2.58106
839	-74.169	29.5	79.821	802.431	8.38994	2.03	10.4	25.831	4.2548E-8	1	0	2.58113
840	-69.9	-29.5	75.87	845.129	8.37892	2.03	10.4	30.1	4.1737E-8	1	0	2.30811
841	-69.9	-28.5	75.486	845.135	8.37927	2.03	10.4	30.1	4.174E-8	1	0	2.30802
842	-69.9	-27.5	75.115	845.148	8.37995	2.03	10.4	30.1	4.1747E-8	1	0	2.30784
843	-69.9	-26.5	74.754	845.168	8.38097	2.03	10.4	30.1	4.1757E-8	1	0	2.30758
844	-69.9	-25.5	74.406	845.193	8.38231	2.03	10.4	30.1	4.1769E-8	1	0	2.30723
845	-69.9	-24.5	74.069	845.225	8.38395	2.03	10.4	30.1	4.1785E-8	1	0	2.3068
846	-69.9	-23.5	73.744	845.262	8.38589	2.03	10.4	30.1	4.1804E-8	1	0	2.3063
847	-69.9	-22.5	73.432	845.304	8.3881	2.03	10.4	30.1	4.1825E-8	1	0	2.30573
848	-69.9	-21.5	73.131	845.351	8.39055	2.03	10.4	30.1	4.1849E-8	1	0	2.3051
849	-69.9	-20.5	72.844	845.402	8.39321	2.03	10.4	30.1	4.1875E-8	1	0	2.30441
850	-69.9	-19.5	72.569	845.456	8.39607	2.03	10.4	30.1	4.1902E-8	1	0	2.30367
851	-69.9	-18.5	72.306	845.514	8.39908	2.03	10.4	30.1	4.1932E-8	1	0	2.30289
852	-69.9	-17.5	72.057	845.574	8.40222	2.03	10.4	30.1	4.1962E-8	1	0	2.30208
853	-69.9	-16.5	71.821	845.636	8.40545	2.03	10.4	30.1	4.1993E-8	1	0	2.30124
854	-69.9	-15.5	71.597	845.698	8.40874	2.03	10.4	30.1	4.2025E-8	1	0	2.3004
855	-69.9	-14.5	71.388	845.761	8.41205	2.03	10.4	30.1	4.2057E-8	1	0	2.29955
856	-69.9	-13.5	71.191	845.824	8.41533	2.03	10.4	30.1	4.2089E-8	1	0	2.2987
857	-69.9	-12.5	71.008	845.886	8.41857	2.03	10.4	30.1	4.212E-8	1	0	2.29787
858	-69.9	-11.5	70.839	845.946	8.42172	2.03	10.4	30.1	4.2151E-8	1	0	2.29706
859	-69.9	-10.5	70.684	846.004	8.42474	2.03	10.4	30.1	4.218E-8	1	0	2.29628
860	-69.9	-9.5	70.542	846.058	8.42761	2.03	10.4	30.1	4.2208E-8	1	0	2.29555
861	-69.9	-8.5	70.414	846.11	8.43029	2.03	10.4	30.1	4.2234E-8	1	0	2.29486
862	-69.9	-7.5	70.301	846.157	8.43276	2.03	10.4	30.1	4.2258E-8	1	0	2.29423
863	-69.9	-6.5	70.201	846.199	8.43498	2.03	10.4	30.1	4.2279E-8	1	0	2.29366
864	-69.9	-5.5	70.116	846.236	8.43693	2.03	10.4	30.1	4.2298E-8	1	0	2.29316
865	-69.9	-4.5	70.044	846.268	8.43858	2.03	10.4	30.1	4.2314E-8	1	0	2.29273
866	-69.9	-3.5	69.987	846.293	8.43993	2.03	10.4	30.1	4.2327E-8	1	0	2.29239
867	-69.9	-2.5	69.944	846.313	8.44096	2.03	10.4	30.1	4.2337E-8	1	0	2.29213
868	-69.9	-1.5	69.916	846.326	8.44165	2.03	10.4	30.1	4.2344E-8	1	0	2.29195
869	-69.9	-0.5	69.901	846.333	8.442	2.03	10.4	30.1	4.2348E-8	1	0	2.29186
870	-69.9	0.5	69.901	846.333	8.442	2.03	10.4	30.1	4.2348E-8	1	0	2.29186
871	-69.9	1.5	69.916	846.326	8.44165	2.03	10.4	30.1	4.2344E-8	1	0	2.29195
872	-69.9	2.5	69.944	846.313	8.44096	2.03	10.4	30.1	4.2337E-8	1	0	2.29213
873	-69.9	3.5	69.987	846.293	8.43993	2.03	10.4	30.1	4.2327E-8	1	0	2.29239
874	-69.9	4.5	70.044	846.268	8.43858	2.03	10.4	30.1	4.2314E-8	1	0	2.29273
875	-69.9	5.5	70.116	846.236	8.43693	2.03	10.4	30.1	4.2298E-8	1	0	2.29316
876	-69.9	6.5	70.201	846.199	8.43498	2.03	10.4	30.1	4.2279E-8	1	0	2.29366
877	-69.9	7.5	70.301	846.157	8.43276	2.03	10.4	30.1	4.2258E-8	1	0	2.29423
878	-69.9	8.5	70.414	846.11	8.43029	2.03	10.4	30.1	4.2234E-8	1	0	2.29486
879	-69.9	9.5	70.542	846.058	8.42761	2.03	10.4	30.1	4.2208E-8	1	0	2.29555
880	-69.9	10.5	70.684	846.004	8.42474	2.03	10.4	30.1	4.218E-8	1	0	2.29628
881	-69.9	11.5	70.839	845.946	8.42172	2.03	10.4	30.1	4.2151E-8	1	0	2.29706
882	-69.9	12.5	71.008	845.886	8.41857	2.03	10.4	30.1	4.212E-8	1	0	2.29787
883	-69.9	13.5	71.191	845.824	8.41533	2.03	10.4	30.1	4.2089E-8	1	0	2.2987
884	-69.9	14.5	71.388	845.761	8.41205	2.03	10.4	30.1	4.2057E-8	1	0	2.29955
885	-69.9	15.5	71.597	845.698	8.40874	2.03	10.4	30.1	4.2025E-8	1	0	2.3004
886	-69.9	16.5	71.821	845.636	8.40545	2.03	10.4	30.1	4.1993E-8	1	0	2.30124
887	-69.9	17.5	72.057	845.574	8.40222	2.03	10.4	30.1	4.1962E-8	1	0	2.30208
888	-69.9	18.5	72.306	845.514	8.39908	2.03	10.4	30.1	4.1932E-8	1	0	2.30289
889	-69.9	19.5	72.569	845.456	8.39607	2.03	10.4	30.1	4.1902E-8	1	0	2.30367
890	-69.9	20.5	72.844	845.402	8.39321	2.03	10.4	30.1	4.1875E-8	1	0	2.30441
891	-69.9	21.5	73.131	845.351	8.39055	2.03	10.4	30.1	4.1849E-8	1	0	2.3051
892	-69.9	22.5	73.432	845.304	8.3881	2.03	10.4	30.1	4.1825E-8	1	0	2.30573
893	-69.9	23.5	73.744	845.262	8.38589	2.03	10.4	30.1	4.1804E-8	1	0	2.3063
894	-69.9	24.5	74.069	845.225	8.38395	2.03	10.4	30.1	4.1785E-8	1	0	2.3068
895	-69.9	25.5	74.406	845.193	8.38231	2.03	10.4	30.1	4.1769E-8	1	0	2.30723
896	-69.9	26.5	74.754	845.168	8.38097	2.03	10.4	30.1	4.1757E-8	1	0	2.30758
897	-69.9	27.5	75.115	845.148	8.37995	2.03	10.4	30.1	4.1747E-8	1	0	2.30784
898	-69.9	28.5	75.486	845.135	8.37927	2.03	10.4	30.1	4.174E-8	1	0	2.30802
899	-69.9	29.5	75.87	845.129	8.37892	2.03	10.4	30.1	4.1737E-8	1	0	2.30811
900	-66.615	-29.5	72.855	874.984	8.36634	2.03	10.4	33.385	4.1124E-8	1	0	2.15312
901	-66.615	-28.5	72.456	874.993	8.36682	2.03	10.4	33.385	4.1128E-8	1	0	2.153
902	-66.615	-27.5	72.068	875.01	8.36777	2.03	10.4	33.385	4.1137E-8	1	0	2.15277
903	-66.615	-26.5	71.693	875.036	8.3692	2.03	10.4	33.385	4.1151E-8	1	0	2.15243
904	-66.615	-25.5	71.329	875.069	8.37107	2.03	10.4	33.385	4.1169E-8	1	0	2.15197
905	-66.615	-24.5	70.978	875.111	8.37337	2.03	10.4	33.385	4.1191E-8	1	0	2.15141
906	-66.615	-23.5	70.639	875.16	8.37608	2.03	10.4	33.385	4.1217E-8	1	0	2.15076
907	-66.615	-22.5	70.312	875.215	8.37917	2.03	10.4	33.385	4.1246E-8	1	0	2.15001
908	-66.615	-21.5	69.999	875.277	8.3826	2.03	10.4	33.385	4.1279E-8	1	0	2.14918
909	-66.615	-20.5	69.698	875.344	8.38633	2.03	10.4	33.385	4.1315E-8	1	0	2.14828
910	-66.615	-19.5	69.41	875.416	8.39033	2.03	10.4	33.385	4.1353E-8	1	0	2.14731
911	-66.615	-18.5	69.136	875.492	8.39455	2.03	10.4	33.385	4.1393E-8	1	0	2.1463
912	-66.615	-17.5	68.875	875.571	8.39895	2.03	10.4	33.385	4.1435E-8	1	0	2.14524
913	-66.615	-16.5	68.628	875.652	8.40347	2.03	10.4	33.385	4.1479E-8	1	0	2.14415
914	-66.615	-15.5	68.395	875.735	8.40808	2.03	10.4	33.385	4.1523E-8	1	0	2.14304
915	-66.615	-14.5	68.175	875.818	8.41271	2.03	10.4	33.385	4.1567E-8	1	0	2.14193
916	-66.615	-13.5	67.969	875.901	8.41732	2.03	10.4	33.385	4.1611E-8	1	0	2.14083
917	-66.615	-12.5	67.778	875.982	8.42185	2.03	10.4	33.385	4.1655E-8	1	0	2.13974
918	-66.615	-11.5	67.6	876.062	8.42626	2.03	10.4	33.385	4.1697E-8	1	0	2.13868
919	-66.615	-10.5	67.437	876.138	8.4305	2.03	10.4	33.385	4.1738E-8	1	0	2.13767
920	-66.615	-9.5	67.289	876.21	8.43453	2.03	10.4	33.385	4.1776E-8	1	0	2.13671
921	-66.615	-8.5	67.155	876.277	8.43829	2.03	10.4	33.385	4.1813E-8	1	0	2.13581
922	-66.615	-7.5	67.036	876.339	8.44174	2.03	10.4	33.385	4.1846E-8	1	0	2.13499
923	-66.615	-6.5	66.931	876.395	8.44485	2.03	10.4	33.385	4.1876E-8	1	0	2.13425
924	-66.615	-5.5	66.842	876.444	8.44759	2.03	10.4	33.385	4.1902E-8	1	0	2.1336
925	-66.615	-4.5	66.767	876.486	8.44991	2.03	10.4	33.385	4.1924E-8	1	0	2.13304
926	-66.615	-3.5	66.707	876.52	8.45181	2.03	10.4	33.385	4.1943E-8	1	0	2.13259
927	-66.615	-2.5	66.662	876.546	8.45325	2.03	10.4	33.385	4.1956E-8	1	0	2.13225
928	-66.615	-1.5	66.632	876.563	8.45421	2.03	10.4	33.385	4.1966E-8	1	0	2.13202
929	-66.615	-0.5	66.617	876.572	8.4547	2.03	10.4	33.385	4.197E-8	1	0	2.1319
930	-66.615	0.5	66.617	876.572	8.4547	2.03	10.4	33.385	4.197E-8	1	0	2.1319
931	-66.615	1.5	66.632	876.563	8.45421	2.03	10.4	33.385	4.1966E-8	1	0	2.13202
932	-66.615	2.5	66.662	876.546	8.45325	2.03	10.4	33.385	4.1956E-8	1	0	2.13225
933	-66.615	3.5	66.707	876.52	8.45181	2.03	10.4	33.385	4.1943E-8	1	0	2.13259
934	-66.615	4.5	66.767	876.486	8.44991	2.03	10.4	33.385	4.1924E-8	1	0	2.13304
935	-66.615	5.5	66.842	876.444	8.44759	2.03	10.4	33.385	4.1902E-8	1	0	2.1336
936	-66.615	6.5	66.931	876.395	8.44485	2.03	10.4	33.385	4.1876E-8	1	0	2.13425
937	-66.615	7.5	67.036	876.339	8.44174	2.03	10.4	33.385	4.1846E-8	1	0	2.13499
938	-66.615	8.5	67.155	876.277	8.43829	2.03	10.4	33.385	4.1813E-8	1	0	2.13581
939	-66.615	9.5	67.289	876.21	8.43453	2.03	10.4	33.385	4.1776E-8	1	0	2.13671
940	-66.615	10.5	67.437	876.138	8.4305	2.03	10.4	33.385	4.1738E-8	1	0	2.13767
941	-66.615	11.5	67.6	876.062	8.42626	2.03	10.4	33.385	4.1697E-8	1	0	2.13868
942	-66.615	12.5	67.778	875.982	8.42185	2.03	10.4	33.385	4.1655E-8	1	0	2.13974
943	-66.615	13.5	67.969	875.901	8.41732	2.03	10.4	33.385	4.1611E-8	1	0	2.14083
944	-66.615	14.5	68.175	875.818	8.41271	2.03	10.4	33.385	4.1567E-8	1	0	2.14193
945	-66.615	15.5	68.395	875.735	8.40808	2.03	10.4	33.385	4.1523E-8	1	0	2.14304
946	-66.615	16.5	68.628	875.652	8.40347	2.03	10.4	33.385	4.1479E-8	1	0	2.14415
947	-66.615	17.5	68.875	875.571	8.39895	2.03	10.4	33.385	4.1435E-8	1	0	2.14524
948	-66.615	18.5	69.136	875.492	8.39455	2.03	10.4	33.385	4.1393E-8	1	0	2.1463
949	-66.615	19.5	69.41	875.416	8.39033	2.03	10.4	33.385	4.1353E-8	1	0	2.14731
950	-66.615	20.5	69.698	875.344	8.38633	2.03	10.4	33.385	4.1315E-8	1	0	2.14828
951	-66.615	21.5	69.999	875.277	8.3826	2.03	10.4	33.385	4.1279E-8	1	0	2.14918
952	-66.615	22.5	70.312	875.215	8.37917	2.03	10.4	33.385	4.1246E-8	1	0	2.15001
953	-66.615	23.5	70.639	875.16	8.37608	2.03	10.4	33.385	4.1217E-8	1	0	2.15076
954	-66.615	24.5	70.978	875.111	8.37337	2.03	10.4	33.385	4.1191E-8	1	0	2.15141
955	-66.615	25.5	71.329	875.069	8.37107	2.03	10.4	33.385	4.1169E-8	1	0	2.15197
956	-66.615	26.5	71.693	875.036	8.3692	2.03	10.4	33.385	4.1151E-8	1	0	2.15243
957	-66.615	27.5	72.068	875.01	8.36777	2.03	10.4	33.385	4.1137E-8	1	0	2.15277
958	-66.615	28.5	72.456	874.993	8.36682	2.03	10.4	33.385	4.1128E-8	1	0	2.153
959	-66.615	29.5	72.855	874.984	8.36634	2.03	10.4	33.385	4.1124E-8	1	0	2.15312
960	-64.089	-29.5	70.552	896.196	8.35321	2.03	10.4	35.912	4.0649E-8	1	0	2.05743
961	-64.089	-28.5	70.14	896.206	8.35384	2.03	10.4	35.912	4.0655E-8	1	0	2.05728
962	-64.089	-27.5	69.739	896.228	8.35508	2.03	10.4	35.912	4.0667E-8	1	0	2.057
963	-64.089	-26.5	69.351	896.259	8.35692	2.03	10.4	35.912	4.0684E-8	1	0	2.05657
964	-64.089	-25.5	68.975	896.301	8.35935	2.03	10.4	35.912	4.0707E-8	1	0	2.056
965	-64.089	-24.5	68.612	896.352	8.36234	2.03	10.4	35.912	4.0736E-8	1	0	2.05531
966	-64.089	-23.5	68.261	896.411	8.36586	2.03	10.4	35.912	4.0769E-8	1	0	2.05449
967	-64.089	-22.5	67.923	896.48	8.36986	2.03	10.4	35.912	4.0807E-8	1	0	2.05357
968	-64.089	-21.5	67.599	896.556	8.37431	2.03	10.4	35.912	4.0849E-8	1	0	2.05254
969	-64.089	-20.5	67.287	896.638	8.37916	2.03	10.4	35.912	4.0895E-8	1	0	2.05142
970	-64.089	-19.5	66.989	896.727	8.38435	2.03	10.4	35.912	4.0944E-8	1	0	2.05022
971	-64.089	-18.5	66.705	896.82	8.38982	2.03	10.4	35.912	4.0996E-8	1	0	2.04896
972	-64.089	-17.5	66.435	896.917	8.39553	2.03	10.4	35.912	4.105E-8	1	0	2.04764
973	-64.089	-16.5	66.178	897.018	8.40141	2.03	10.4	35.912	4.1106E-8	1	0	2.04629
974	-64.089	-15.5	65.936	897.119	8.40738	2.03	10.4	35.912	4.1163E-8	1	0	2.04492
975	-64.089	-14.5	65.708	897.222	8.4134	2.03	10.4	35.912	4.122E-8	1	0	2.04354
976	-64.089	-13.5	65.495	897.324	8.41939	2.03	10.4	35.912	4.1277E-8	1	0	2.04217
977	-64.089	-12.5	65.296	897.424	8.42528	2.03	10.4	35.912	4.1333E-8	1	0	2.04082
978	-64.089	-11.5	65.112	897.521	8.43101	2.03	10.4	35.912	4.1388E-8	1	0	2.03951
979	-64.089	-10.5	64.943	897.615	8.43652	2.03	10.4	35.912	4.1441E-8	1	0	2.03826
980	-64.089	-9.5	64.789	897.704	8.44175	2.03	10.4	35.912	4.149E-8	1	0	2.03707
981	-64.089	-8.5	64.65	897.787	8.44664	2.03	10.4	35.912	4.1537E-8	1	0	2.03595
982	-64.089	-7.5	64.526	897.864	8.45113	2.03	10.4	35.912	4.158E-8	1	0	2.03493
983	-64.089	-6.5	64.417	897.932	8.45518	2.03	10.4	35.912	4.1619E-8	1	0	2.03401
984	-64.089	-5.5	64.324	897.993	8.45873	2.03	10.4	35.912	4.1653E-8	1	0	2.03321
985	-64.089	-4.5	64.246	898.044	8.46176	2.03	10.4	35.912	4.1682E-8	1	0	2.03252
986	-64.089	-3.5	64.184	898.086	8.46422	2.03	10.4	35.912	4.1705E-8	1	0	2.03196
987	-64.089	-2.5	64.137	898.118	8.46609	2.03	10.4	35.912	4.1723E-8	1	0	2.03154
988	-64.089	-1.5	64.106	898.139	8.46735	2.03	10.4	35.912	4.1735E-8	1	0	2.03126
989	-64.089	-0.5	64.09	898.15	8.46799	2.03	10.4	35.912	4.1741E-8	1	0	2.03111
990	-64.089	0.5	64.09	898.15	8.46799	2.03	10.4	35.912	4.1741E-8	1	0	2.03111
991	-64.089	1.5	64.106	898.139	8.46735	2.03	10.4	35.912	4.1735E-8	1	0	2.03126
992	-64.089	2.5	64.137	898.118	8.46609	2.03	10.4	35.912	4.1723E-8	1	0	2.03154
993	-64.089	3.5	64.184	898.086	8.46422	2.03	10.4	35.912	4.1705E-8	1	0	2.03196
994	-64.089	4.5	64.246	898.044	8.46176	2.03	10.4	35.912	4.1682E-8	1	0	2.03252
995	-64.089	5.5	64.324	897.993	8.45873	2.03	10.4	35.912	4.1653E-8	1	0	2.03321
996	-64.089	6.5	64.417	897.932	8.45518	2.03	10.4	35.912	4.1619E-8	1	0	2.03401
997	-64.089	7.5	64.526	897.864	8.45113	2.03	10.4	35.912	4.158E-8	1	0	2.03493
998	-64.089	8.5	64.65	897.787	8.44664	2.03	10.4	35.912	4.1537E-8	1	0	2.03595
999	-64.089	9.5	64.789	897.704	8.44175	2.03	10.4	35.912	4.149E-8	1	0	2.03707
1000	-64.089	10.5	64.943	897.615	8.43652	2.03	10.4	35.912	4.1441E-8	1	0	2.03826
1001	-64.089	11.5	65.112	897.521	8.43101	2.03	10.4	35.912	4.1388E-8	1	0	2.03951
1002	-64.089	12.5	65.296	897.424	8.42528	2.03	10.4	35.912	4.1333E-8	1	0	2.04082
1003	-64.089	13.5	65.495	897.324	8.41939	2.03	10.4	35.912	4.1277E-8	1	0	2.04217
1004	-64.089	14.5	65.708	897.222	8.4134	2.03	10.4	35.912	4.122E-8	1	0	2.04354
1005	-64.089	15.5	65.936	897.119	8.40738	2.03	10.4	35.912	4.1163E-8	1	0	2.04492
1006	-64.089	16.5	66.178	897.018	8.40141	2.03	10.4	35.912	4.1106E-8	1	0	2.04629
1007	-64.089	17.5	66.435	896.917	8.39553	2.03	10.4	35.912	4.105E-8	1	0	2.04764
1008	-64.089	18.5	66.705	896.82	8.38982	2.03	10.4	35.912	4.0996E-8	1	0	2.04896
1009	-64.089	19.5	66.989	896.727	8.38435	2.03	10.4	35.912	4.0944E-8	1	0	2.05022
1010	-64.089	20.5	67.287	896.638	8.37916	2.03	10.4	35.912	4.0895E-8	1	0	2.05142
1011	-64.089	21.5	67.599	896.556	8.37431	2.03	10.4	35.912	4.0849E-8	1	0	2.05254
1012	-64.089	22.5	67.923	896.48	8.36986	2.03	10.4	35.912	4.0807E-8	1	0	2.05357
1013	-64.089	23.5	68.261	896.411	8.36586	2.03	10.4	35.912	4.0769E-8	1	0	2.05449
1014	-64.089	24.5	68.612	896.352	8.36234	2.03	10.4	35.912	4.0736E-8	1	0	2.05531
1015	-64.089	25.5	68.975	896.301	8.35935	2.03	10.4	35.912	4.0707E-8	1	0	2.056
1016	-64.089	26.5	69.351	896.259	8.35692	2.03	10.4	35.912	4.0684E-8	1	0	2.05657
1017	-64.089	27.5	69.739	896.228	8.35508	2.03	10.4	35.912	4.0667E-8	1	0	2.057
1018	-64.089	28.5	70.14	896.206	8.35384	2.03	10.4	35.912	4.0655E-8	1	0	2.05728
1019	-64.089	29.5	70.552	896.196	8.35321	2.03	10.4	35.912	4.0649E-8	1	0	2.05743
1020	-62.145	-29.5	68.791	911.48	8.34046	2.03	10.4	37.855	4.0277E-8	1	0	1.99497
1021	-62.145	-28.5	68.368	911.493	8.34122	2.03	10.4	37.855	4.0284E-8	1	0	1.9948
1022	-62.145	-27.5	67.958	911.518	8.34274	2.03	10.4	37.855	4.0298E-8	1	0	1.99446
1023	-62.145	-26.5	67.559	911.554	8.345	2.03	10.4	37.855	4.032E-8	1	0	1.99395
1024	-62.145	-25.5	67.173	911.603	8.34797	2.03	10.4	37.855	4.0348E-8	1	0	1.99328
1025	-62.145	-24.5	66.8	911.663	8.35162	2.03	10.4	37.855	4.0382E-8	1	0	1.99245
1026	-62.145	-23.5	66.44	911.733	8.35592	2.03	10.4	37.855	4.0422E-8	1	0	1.99149
1027	-62.145	-22.5	66.093	911.812	8.36081	2.03	10.4	37.855	4.0468E-8	1	0	1.99039
1028	-62.145	-21.5	65.759	911.901	8.36625	2.03	10.4	37.855	4.052E-8	1	0	1.98916
1029	-62.145	-20.5	65.439	911.998	8.37218	2.03	10.4	37.855	4.0575E-8	1	0	1.98783
1030	-62.145	-19.5	65.133	912.101	8.37852	2.03	10.4	37.855	4.0635E-8	1	0	1.98641
1031	-62.145	-18.5	64.84	912.21	8.38523	2.03	10.4	37.855	4.0699E-8	1	0	1.98491
1032	-62.145	-17.5	64.562	912.324	8.39221	2.03	10.4	37.855	4.0764E-8	1	0	1.98335
1033	-62.145	-16.5	64.298	912.441	8.3994	2.03	10.4	37.855	4.0832E-8	1	0	1.98175
1034	-62.145	-15.5	64.049	912.56	8.40671	2.03	10.4	37.855	4.0902E-8	1	0	1.98012
1035	-62.145	-14.5	63.814	912.68	8.41407	2.03	10.4	37.855	4.0971E-8	1	0	1.97848
1036	-62.145	-13.5	63.594	912.799	8.4214	2.03	10.4	37.794	4.1041E-8	1	0	1.97913
1037	-62.145	-12.5	63.39	912.917	8.42862	2.03	10.4	37.59	4.1109E-8	1	0	1.98528
1038	-62.145	-11.5	63.2	913.031	8.43564	2.03	10.4	37.4	4.1176E-8	1	0	1.99097
1039	-62.145	-10.5	63.026	913.14	8.44239	2.03	10.4	37.226	4.124E-8	1	0	1.9962
1040	-62.145	-9.5	62.867	913.244	8.44879	2.03	10.4	37.067	4.1301E-8	1	0	2.00097
1041	-62.145	-8.5	62.724	913.342	8.45478	2.03	10.4	36.924	4.1358E-8	1	0	2.00527
1042	-62.145	-7.5	62.596	913.431	8.46028	2.03	10.4	36.796	4.141E-8	1	0	2.0091
1043	-62.145	-6.5	62.484	913.511	8.46524	2.03	10.4	36.684	4.1457E-8	1	0	2.01246
1044	-62.145	-5.5	62.388	913.582	8.4696	2.03	10.4	36.588	4.1499E-8	1	0	2.01534
1045	-62.145	-4.5	62.308	913.642	8.4733	2.03	10.4	36.508	4.1534E-8	1	0	2.01774
1046	-62.145	-3.5	62.243	913.691	8.47632	2.03	10.4	36.443	4.1563E-8	1	0	2.01967
1047	-62.145	-2.5	62.195	913.728	8.47862	2.03	10.4	36.395	4.1585E-8	1	0	2.02111
1048	-62.145	-1.5	62.163	913.753	8.48016	2.03	10.4	36.363	4.1599E-8	1	0	2.02207
1049	-62.145	-0.5	62.147	913.766	8.48094	2.03	10.4	36.347	4.1607E-8	1	0	2.02256
1050	-62.145	0.5	62.147	913.766	8.48094	2.03	10.4	36.347	4.1607E-8	1	0	2.02256
1051	-62.145	1.5	62.163	913.753	8.48016	2.03	10.4	36.363	4.1599E-8	1	0	2.02207
1052	-62.145	2.5	62.195	913.728	8.47862	2.03	10.4	36.395	4.1585E-8	1	0	2.02111
1053	-62.145	3.5	62.243	913.691	8.47632	2.03	10.4	36.443	4.1563E-8	1	0	2.01967
1054	-62.145	4.5	62.308	913.642	8.4733	2.03	10.4	36.508	4.1534E-8	1	0	2.01774
1055	-62.145	5.5	62.388	913.582	8.4696	2.03	10.4	36.588	4.1499E-8	1	0	2.01534
1056	-62.145	6.5	62.484	913.511	8.46524	2.03	10.4	36.684	4.1457E-8	1	0	2.01246
1057	-62.145	7.5	62.596	913.431	8.46028	2.03	10.4	36.796	4.141E-8	1	0	2.0091
1058	-62.145	8.5	62.724	913.342	8.45478	2.03	10.4	36.924	4.1358E-8	1	0	2.00527
1059	-62.145	9.5	62.867	913.244	8.44879	2.03	10.4	37.067	4.1301E-8	1	0	2.00097
1060	-62.145	10.5	63.026	913.14	8.44239	2.03	10.4	37.226	4.124E-8	1	0	1.9962
1061	-62.145	11.5	63.2	913.031	8.43564	2.03	10.4	37.4	4.1176E-8	1	0	1.99097
1062	-62.145	12.5	63.39	912.917	8.42862	2.03	10.4	37.59	4.1109E-8	1	0	1.98528
1063	-62.145	13.5	63.594	912.799	8.4214	2.03	10.4	37.794	4.1041E-8	1	0	1.97913
1064	-62.145	14.5	63.814	912.68	8.41407	2.03	10.4	37.855	4.0971E-8	1	0	1.97848
1065	-62.145	15.5	64.049	912.56	8.40671	2.03	10.4	37.855	4.0902E-8	1	0	1.98012
1066	-62.145	16.5	64.298	912.441	8.3994	2.03	10.4	37.855	4.0832E-8	1	0	1.98175
1067	-62.145	17.5	64.562	912.324	8.39221	2.03	10.4	37.855	4.0764E-8	1	0	1.98335
1068	-62.145	18.5	64.84	912.21	8.38523	2.03	10.4	37.855	4.0699E-8	1	0	1.98491
1069	-62.145	19.5	65.133	912.101	8.37852	2.03	10.4	37.855	4.0635E-8	1	0	1.98641
1070	-62.145	20.5	65.439	911.998	8.37218	2.03	10.4	37.855	4.0575E-8	1	0	1.98783
1071	-62.145	21.5	65.759	911.901	8.36625	2.03	10.4	37.855	4.052E-8	1	0	1.98916
1072	-62.145	22.5	66.093	911.812	8.36081	2.03	10.4	37.855	4.0468E-8	1	0	1.99039
1073	-62.145	23.5	66.44	911.733	8.35592	2.03	10.4	37.855	4.0422E-8	1	0	1.99149
1074	-62.145	24.5	66.8	911.663	8.35162	2.03	10.4	37.855	4.0382E-8	1	0	1.99245
1075	-62.145	25.5	67.173	911.603	8.34797	2.03	10.4	37.855	4.0348E-8	1	0	1.99328
1076	-62.145	26.5	67.559	911.554	8.345	2.03	10.4	37.855	4.032E-8	1	0	1.99395
1077	-62.145	27.5	67.958	911.518	8.34274	2.03	10.4	37.855	4.0298E-8	1	0	1.99446
1078	-62.145	28.5	68.368	911.493	8.34122	2.03	10.4	37.855	4.0284E-8	1	0	1.9948
1079	-62.145	29.5	68.791	911.48	8.34046	2.03	10.4	37.855	4.0277E-8	1	0	1.99497
1080	-60.65	-29.5	67.444	922.63	8.32872	2.03	10.4	39.35	3.9983E-8	1	0	1.95258
1081	-60.65	-28.5	67.012	922.644	8.32961	2.03	10.4	39.35	3.9991E-8	1	0	1.95238
1082	-60.65	-27.5	66.593	922.672	8.33138	2.03	10.4	39.35	4.0008E-8	1	0	1.95199
1083	-60.65	-26.5	66.187	922.713	8.33401	2.03	10.4	39.35	4.0033E-8	1	0	1.95141
1084	-60.65	-25.5	65.793	922.768	8.33748	2.03	10.4	39.35	4.0065E-8	1	0	1.95064
1085	-60.65	-24.5	65.412	922.835	8.34174	2.03	10.4	39.35	4.0105E-8	1	0	1.9497
1086	-60.65	-23.5	65.044	922.914	8.34676	2.03	10.4	39.244	4.0152E-8	1	0	1.95229
1087	-60.65	-22.5	64.689	923.004	8.35247	2.03	10.4	38.889	4.0205E-8	1	0	1.96351
1088	-60.65	-21.5	64.348	923.104	8.35882	2.03	10.4	38.548	4.0265E-8	1	0	1.97435
1089	-60.65	-20.5	64.021	923.212	8.36574	2.03	10.4	38.221	4.033E-8	1	0	1.98478
1090	-60.65	-19.5	63.708	923.329	8.37316	2.03	10.4	37.908	4.04E-8	1	0	1.99479
1091	-60.65	-18.5	63.409	923.452	8.38099	2.03	10.4	37.609	4.0473E-8	1	0	2.00437
1092	-60.65	-17.5	63.124	923.58	8.38914	2.03	10.4	37.324	4.055E-8	1	0	2.0135
1093	-60.65	-16.5	62.854	923.711	8.39754	2.03	10.4	37.054	4.0629E-8	1	0	2.02218
1094	-60.65	-15.5	62.599	923.845	8.40609	2.03	10.4	36.799	4.0709E-8	1	0	2.03038
1095	-60.65	-14.5	62.359	923.98	8.41469	2.03	10.4	36.559	4.0791E-8	1	0	2.03811
1096	-60.65	-13.5	62.134	924.114	8.42326	2.03	10.4	36.334	4.0871E-8	1	0	2.04535
1097	-60.65	-12.5	61.925	924.246	8.43169	2.03	10.4	36.125	4.0951E-8	1	0	2.05209
1098	-60.65	-11.5	61.731	924.375	8.4399	2.03	10.4	35.931	4.1029E-8	1	0	2.05834
1099	-60.65	-10.5	61.552	924.498	8.4478	2.03	10.4	35.752	4.1103E-8	1	0	2.06408
1100	-60.65	-9.5	61.39	924.616	8.45529	2.03	10.4	35.59	4.1174E-8	1	0	2.06931
1101	-60.65	-8.5	61.243	924.725	8.46229	2.03	10.4	35.443	4.1241E-8	1	0	2.07402
1102	-60.65	-7.5	61.112	924.826	8.46873	2.03	10.4	35.312	4.1302E-8	1	0	2.07822
1103	-60.65	-6.5	60.997	924.916	8.47453	2.03	10.4	35.197	4.1357E-8	1	0	2.0819
1104	-60.65	-5.5	60.899	924.996	8.47963	2.03	10.4	35.099	4.1405E-8	1	0	2.08506
1105	-60.65	-4.5	60.817	925.064	8.48397	2.03	10.4	35.017	4.1447E-8	1	0	2.08769
1106	-60.65	-3.5	60.751	925.119	8.4875	2.03	10.4	34.951	4.148E-8	1	0	2.0898
1107	-60.65	-2.5	60.702	925.161	8.49018	2.03	10.4	34.902	4.1506E-8	1	0	2.09138
1108	-60.65	-1.5	60.669	925.189	8.49199	2.03	10.4	34.869	4.1523E-8	1	0	2.09244
1109	-60.65	-0.5	60.652	925.203	8.4929	2.03	10.4	34.852	4.1532E-8	1	0	2.09297
1110	-60.65	0.5	60.652	925.203	8.4929	2.03	10.4	34.852	4.1532E-8	1	0	2.09297
1111	-60.65	1.5	60.669	925.189	8.49199	2.03	10.4	34.869	4.1523E-8	1	0	2.09244
1112	-60.65	2.5	60.702	925.161	8.49018	2.03	10.4	34.902	4.1506E-8	1	0	2.09138
1113	-60.65	3.5	60.751	925.119	8.4875	2.03	10.4	34.951	4.148E-8	1	0	2.0898
1114	-60.65	4.5	60.817	925.064	8.48397	2.03	10.4	35.017	4.1447E-8	1	0	2.08769
1115	-60.65	5.5	60.899	924.996	8.47963	2.03	10.4	35.099	4.1405E-8	1	0	2.08506
1116	-60.65	6.5	60.997	924.916	8.47453	2.03	10.4	35.197	4.1357E-8	1	0	2.0819
1117	-60.65	7.5	61.112	924.826	8.46873	2.03	10.4	35.312	4.1302E-8	1	0	2.07822
1118	-60.65	8.5	61.243	924.725	8.46229	2.03	10.4	35.443	4.1241E-8	1	0	2.07402
1119	-60.65	9.5	61.39	924.616	8.45529	2.03	10.4	35.59	4.1174E-8	1	0	2.06931
1120	-60.65	10.5	61.552	924.498	8.4478	2.03	10.4	35.752	4.1103E-8	1	0	2.06408
1121	-60.65	11.5	61.731	924.375	8.4399	2.03	10.4	35.931	4.1029E-8	1	0	2.05834
1122	-60.65	12.5	61.925	924.246	8.43169	2.03	10.4	36.125	4.0951E-8	1	0	2.05209
1123	-60.65	13.5	62.134	924.114	8.42326	2.03	10.4	36.334	4.0871E-8	1	0	2.04535
1124	-60.65	14.5	62.359	923.98	8.41469	2.03	10.4	36.559	4.0791E-8	1	0	2.03811
1125	-60.65	15.5	62.599	923.845	8.40609	2.03	10.4	36.799	4.0709E-8	1	0	2.03038
1126	-60.65	16.5	62.854	923.711	8.39754	2.03	10.4	37.054	4.0629E-8	1	0	2.02218
1127	-60.65	17.5	63.124	923.58	8.38914	2.03	10.4	37.324	4.055E-8	1	0	2.0135
1128	-60.65	18.5	63.409	923.452	8.38099	2.03	10.4	37.609	4.0473E-8	1	0	2.00437
1129	-60.65	19.5	63.708	923.329	8.37316	2.03	10.4	37.908	4.04E-8	1	0	1.99479
1130	-60.65	20.5	64.021	923.212	8.36574	2.03	10.4	38.221	4.033E-8	1	0	1.98478
1131	-60.65	21.5	64.348	923.104	8.35882	2.03	10.4	38.548	4.0265E-8	1	0	1.97435
1132	-60.65	22.5	64.689	923.004	8.35247	2.03	10.4	38.889	4.0205E-8	1	0	1.96351
1133	-60.65	23.5	65.044	922.914	8.34676	2.03	10.4	39.244	4.0152E-8	1	0	1.95229
1134	-60.65	24.5	65.412	922.835	8.34174	2.03	10.4	39.35	4.0105E-8	1	0	1.9497
1135	-60.65	25.5	65.793	922.768	8.33748	2.03	10.4	39.35	4.0065E-8	1	0	1.95064
1136	-60.65	26.5	66.187	922.713	8.33401	2.03	10.4	39.35	4.0033E-8	1	0	1.95141
1137	-60.65	27.5	66.593	922.672	8.33138	2.03	10.4	39.35	4.0008E-8	1	0	1.95199
1138	-60.65	28.5	67.012	922.644	8.32961	2.03	10.4	39.35	3.9991E-8	1	0	1.95238
1139	-60.65	29.5	67.444	922.63	8.32872	2.03	10.4	39.35	3.9983E-8	1	0	1.95258
1140	-59.5	-29.5	66.412	930.848	8.31835	2.03	10.4	40.5	3.9751E-8	1	0	1.92297
1141	-59.5	-28.5	65.973	930.864	8.31934	2.03	10.4	40.173	3.976E-8	1	0	1.93348
1142	-59.5	-27.5	65.548	930.894	8.32134	2.03	10.4	39.748	3.9779E-8	1	0	1.94734
1143	-59.5	-26.5	65.134	930.939	8.32431	2.03	10.4	39.334	3.9806E-8	1	0	1.9609
1144	-59.5	-25.5	64.734	930.999	8.32821	2.03	10.4	38.934	3.9843E-8	1	0	1.97413
1145	-59.5	-24.5	64.347	931.072	8.33302	2.03	10.4	38.547	3.9888E-8	1	0	1.987
1146	-59.5	-23.5	63.973	931.159	8.33867	2.03	10.4	38.173	3.994E-8	1	0	1.9995
1147	-59.5	-22.5	63.612	931.257	8.3451	2.03	10.4	37.812	4E-8	1	0	2.01159
1148	-59.5	-21.5	63.265	931.366	8.35226	2.03	10.4	37.465	4.0067E-8	1	0	2.02327
1149	-59.5	-20.5	62.933	931.485	8.36006	2.03	10.4	37.133	4.014E-8	1	0	2.03451
1150	-59.5	-19.5	62.614	931.612	8.36841	2.03	10.4	36.814	4.0218E-8	1	0	2.0453
1151	-59.5	-18.5	62.31	931.747	8.37724	2.03	10.4	36.51	4.0301E-8	1	0	2.05562
1152	-59.5	-17.5	62.02	931.887	8.38643	2.03	10.4	36.22	4.0387E-8	1	0	2.06545
1153	-59.5	-16.5	61.745	932.031	8.3959	2.03	10.4	35.945	4.0476E-8	1	0	2.07479
1154	-59.5	-15.5	61.486	932.177	8.40554	2.03	10.4	35.686	4.0567E-8	1	0	2.08363
1155	-59.5	-14.5	61.241	932.325	8.41524	2.03	10.4	35.441	4.0658E-8	1	0	2.09194
1156	-59.5	-13.5	61.012	932.472	8.4249	2.03	10.4	35.212	4.0749E-8	1	0	2.09973
1157	-59.5	-12.5	60.799	932.616	8.43442	2.03	10.4	34.999	4.0839E-8	1	0	2.10699
1158	-59.5	-11.5	60.601	932.757	8.44368	2.03	10.4	34.801	4.0926E-8	1	0	2.1137
1159	-59.5	-10.5	60.419	932.892	8.45259	2.03	10.4	34.619	4.101E-8	1	0	2.11988
1160	-59.5	-9.5	60.254	933.02	8.46104	2.03	10.4	34.454	4.109E-8	1	0	2.1255
1161	-59.5	-8.5	60.104	933.14	8.46894	2.03	10.4	34.304	4.1165E-8	1	0	2.13057
1162	-59.5	-7.5	59.971	933.25	8.47621	2.03	10.4	34.171	4.1234E-8	1	0	2.13508
1163	-59.5	-6.5	59.854	933.35	8.48275	2.03	10.4	34.054	4.1296E-8	1	0	2.13903
1164	-59.5	-5.5	59.754	933.437	8.48851	2.03	10.4	33.954	4.135E-8	1	0	2.14243
1165	-59.5	-4.5	59.67	933.511	8.49341	2.03	10.4	33.87	4.1397E-8	1	0	2.14526
1166	-59.5	-3.5	59.603	933.571	8.4974	2.03	10.4	33.803	4.1435E-8	1	0	2.14752
1167	-59.5	-2.5	59.552	933.617	8.50043	2.03	10.4	33.752	4.1463E-8	1	0	2.14922
1168	-59.5	-1.5	59.519	933.648	8.50247	2.03	10.4	33.719	4.1483E-8	1	0	2.15035
1169	-59.5	-0.5	59.502	933.664	8.50349	2.03	10.4	33.702	4.1493E-8	1	0	2.15092
1170	-59.5	0.5	59.502	933.664	8.50349	2.03	10.4	33.702	4.1493E-8	1	0	2.15092
1171	-59.5	1.5	59.519	933.648	8.50247	2.03	10.4	33.719	4.1483E-8	1	0	2.15035
1172	-59.5	2.5	59.552	933.617	8.50043	2.03	10.4	33.752	4.1463E-8	1	0	2.14922
1173	-59.5	3.5	59.603	933.571	8.4974	2.03	10.4	33.803	4.1435E-8	1	0	2.14752
1174	-59.5	4.5	59.67	933.511	8.49341	2.03	10.4	33.87	4.1397E-8	1	0	2.14526
1175	-59.5	5.5	59.754	933.437	8.48851	2.03	10.4	33.954	4.135E-8	1	0	2.14243
1176	-59.5	6.5	59.854	933.35	8.48275	2.03	10.4	34.054	4.1296E-8	1	0	2.13903
1177	-59.5	7.5	59.971	933.25	8.47621	2.03	10.4	34.171	4.1234E-8	1	0	2.13508
1178	-59.5	8.5	60.104	933.14	8.46894	2.03	10.4	34.304	4.1165E-8	1	0	2.13057
1179	-59.5	9.5	60.254	933.02	8.46104	2.03	10.4	34.454	4.109E-8	1	0	2.1255
1180	-59.5	10.5	60.419	932.892	8.45259	2.03	10.4	34.619	4.101E-8	1	0	2.11988
1181	-59.5	11.5	60.601	932.757	8.44368	2.03	10.4	34.801	4.0926E-8	1	0	2.1137
1182	-59.5	12.5	60.799	932.616	8.43442	2.03	10.4	34.999	4.0839E-8	1	0	2.10699
1183	-59.5	13.5	61.012	932.472	8.4249	2.03	10.4	35.212	4.0749E-8	1	0	2.09973
1184	-59.5	14.5	61.241	932.325	8.41524	2.03	10.4	35.441	4.0658E-8	1	0	2.09194
1185	-59.5	15.5	61.486	932.177	8.40554	2.03	10.4	35.686	4.0567E-8	1	0	2.08363
1186	-59.5	16.5	61.745	932.031	8.3959	2.03	10.4	35.945	4.0476E-8	1	0	2.07479
1187	-59.5	17.5	62.02	931.887	8.38643	2.03	10.4	36.22	4.0387E-8	1	0	2.06545
1188	-59.5	18.5	62.31	931.747	8.37724	2.03	10.4	36.51	4.0301E-8	1	0	2.05562
1189	-59.5	19.5	62.614	931.612	8.36841	2.03	10.4	36.814	4.0218E-8	1	0	2.0453
1190	-59.5	20.5	62.933	931.485	8.36006	2.03	10.4	37.133	4.014E-8	1	0	2.03451
1191	-59.5	21.5	63.265	931.366	8.35226	2.03	10.4	37.465	4.0067E-8	1	0	2.02327
1192	-59.5	22.5	63.612	931.257	8.3451	2.03	10.4	37.812	4E-8	1	0	2.01159
1193	-59.5	23.5	63.973	931.159	8.33867	2.03	10.4	38.173	3.994E-8	1	0	1.9995
1194	-59.5	24.5	64.347	931.072	8.33302	2.03	10.4	38.547	3.9888E-8	1	0	1.987
1195	-59.5	25.5	64.734	930.999	8.32821	2.03	10.4	38.934	3.9843E-8	1	0	1.97413
1196	-59.5	26.5	65.134	930.939	8.32431	2.03	10.4	39.334	3.9806E-8	1	0	1.9609
1197	-59.5	27.5	65.548	930.894	8.32134	2.03	10.4	39.748	3.9779E-8	1	0	1.94734
1198	-59.5	28.5	65.973	930.864	8.31934	2.03	10.4	40.173	3.976E-8	1	0	1.93348
1199	-59.5	29.5	66.412	930.848	8.31835	2.03	10.4	40.5	3.9751E-8	1	0	1.92297
1200	-58.5	-29.5	65.517	937.735	8.30819	2.03	10.4	39.717	3.9543E-8	1	0	1.95704
1201	-58.5	-28.5	65.073	937.752	8.3093	2.03	10.4	39.273	3.9553E-8	1	0	1.97215
1202	-58.5	-27.5	64.641	937.785	8.31151	2.03	10.4	38.841	3.9574E-8	1	0	1.98696
1203	-58.5	-26.5	64.222	937.833	8.31481	2.03	10.4	38.422	3.9604E-8	1	0	2.00145
1204	-58.5	-25.5	63.816	937.898	8.31914	2.03	10.4	38.016	3.9645E-8	1	0	2.01559
1205	-58.5	-24.5	63.423	937.977	8.32447	2.03	10.4	37.623	3.9694E-8	1	0	2.02935
1206	-58.5	-23.5	63.044	938.07	8.33074	2.03	10.4	37.244	3.9752E-8	1	0	2.0427
1207	-58.5	-22.5	62.678	938.176	8.33789	2.03	10.4	36.878	3.9819E-8	1	0	2.05563
1208	-58.5	-21.5	62.326	938.294	8.34583	2.03	10.4	36.526	3.9893E-8	1	0	2.06811
1209	-58.5	-20.5	61.988	938.422	8.35449	2.03	10.4	36.188	3.9974E-8	1	0	2.08011
1210	-58.5	-19.5	61.664	938.56	8.36377	2.03	10.4	35.864	4.006E-8	1	0	2.09164
1211	-58.5	-18.5	61.356	938.705	8.37356	2.03	10.4	35.556	4.0152E-8	1	0	2.10265
1212	-58.5	-17.5	61.061	938.856	8.38377	2.03	10.4	35.261	4.0247E-8	1	0	2.11315
1213	-58.5	-16.5	60.782	939.011	8.39429	2.03	10.4	34.982	4.0346E-8	1	0	2.12312
1214	-58.5	-15.5	60.519	939.17	8.405	2.03	10.4	34.719	4.0446E-8	1	0	2.13254
1215	-58.5	-14.5	60.27	939.329	8.41578	2.03	10.4	34.47	4.0547E-8	1	0	2.14141
1216	-58.5	-13.5	60.037	939.487	8.42651	2.03	10.4	34.237	4.0648E-8	1	0	2.14972
1217	-58.5	-12.5	59.821	939.643	8.43709	2.03	10.4	34.021	4.0748E-8	1	0	2.15746
1218	-58.5	-11.5	59.62	939.795	8.44738	2.03	10.4	33.82	4.0845E-8	1	0	2.16462
1219	-58.5	-10.5	59.435	939.941	8.45728	2.03	10.4	33.635	4.0938E-8	1	0	2.1712
1220	-58.5	-9.5	59.266	940.08	8.46667	2.03	10.4	33.466	4.1027E-8	1	0	2.17719
1221	-58.5	-8.5	59.114	940.209	8.47546	2.03	10.4	33.314	4.111E-8	1	0	2.18259
1222	-58.5	-7.5	58.979	940.328	8.48354	2.03	10.4	33.179	4.1186E-8	1	0	2.1874
1223	-58.5	-6.5	58.86	940.435	8.49082	2.03	10.4	33.06	4.1255E-8	1	0	2.19161
1224	-58.5	-5.5	58.758	940.529	8.49722	2.03	10.4	32.958	4.1316E-8	1	0	2.19523
1225	-58.5	-4.5	58.673	940.61	8.50267	2.03	10.4	32.873	4.1367E-8	1	0	2.19824
1226	-58.5	-3.5	58.605	940.675	8.50711	2.03	10.4	32.805	4.1409E-8	1	0	2.20065
1227	-58.5	-2.5	58.553	940.724	8.51048	2.03	10.4	32.753	4.1441E-8	1	0	2.20246
1228	-58.5	-1.5	58.519	940.758	8.51275	2.03	10.4	32.719	4.1463E-8	1	0	2.20367
1229	-58.5	-0.5	58.502	940.775	8.51389	2.03	10.4	32.702	4.1474E-8	1	0	2.20427
1230	-58.5	0.5	58.502	940.775	8.51389	2.03	10.4	32.702	4.1474E-8	1	0	2.20427
1231	-58.5	1.5	58.519	940.758	8.51275	2.03	10.4	32.719	4.1463E-8	1	0	2.20367
1232	-58.5	2.5	58.553	940.724	8.51048	2.03	10.4	32.753	4.1441E-8	1	0	2.20246
1233	-58.5	3.5	58.605	940.675	8.50711	2.03	10.4	32.805	4.1409E-8	1	0	2.20065
1234	-58.5	4.5	58.673	940.61	8.50267	2.03	10.4	32.873	4.1367E-8	1	0	2.19824
1235	-58.5	5.5	58.758	940.529	8.49722	2.03	10.4	32.958	4.1316E-8	1	0	2.19523
1236	-58.5	6.5	58.86	940.435	8.49082	2.03	10.4	33.06	4.1255E-8	1	0	2.19161
1237	-58.5	7.5	58.979	940.328	8.48354	2.03	10.4	33.179	4.1186E-8	1	0	2.1874
1238	-58.5	8.5	59.114	940.209	8.47546	2.03	10.4	33.314	4.111E-8	1	0	2.18259
1239	-58.5	9.5	59.266	940.08	8.46667	2.03	10.4	33.466	4.1027E-8	1	0	2.17719
1240	-58.5	10.5	59.435	939.941	8.45728	2.03	10.4	33.635	4.0938E-8	1	0	2.1712
1241	-58.5	11.5	59.62	939.795	8.44738	2.03	10.4	33.82	4.0845E-8	1	0	2.16462
1242	-58.5	12.5	59.821	939.643	8.43709	2.03	10.4	34.021	4.0748E-8	1	0	2.15746
1243	-58.5	13.5	60.037	939.487	8.42651	2.03	10.4	34.237	4.0648E-8	1	0	2.14972
1244	-58.5	14.5	60.27	939.329	8.41578	2.03	10.4	34.47	4.0547E-8	1	0	2.14141
1245	-58.5	15.5	60.519	939.17	8.405	2.03	10.4	34.719	4.0446E-8	1	0	2.13254
1246	-58.5	16.5	60.782	939.011	8.39429	2.03	10.4	34.982	4.0346E-8	1	0	2.12312
1247	-58.5	17.5	61.061	938.856	8.38377	2.03	10.4	35.261	4.0247E-8	1	0	2.11315
1248	-58.5	18.5	61.356	938.705	8.37356	2.03	10.4	35.556	4.0152E-8	1	0	2.10265
1249	-58.5	19.5	61.664	938.56	8.36377	2.03	10.4	35.864	4.006E-8	1	0	2.09164
1250	-58.5	20.5	61.988	938.422	8.35449	2.03	10.4	36.188	3.9974E-8	1	0	2.08011
1251	-58.5	21.5	62.326	938.294	8.34583	2.03	10.4	36.526	3.9893E-8	1	0	2.06811
1252	-58.5	22.5	62.678	938.176	8.33789	2.03	10.4	36.878	3.9819E-8	1	0	2.05563
1253	-58.5	23.5	63.044	938.07	8.33074	2.03	10.4	37.244	3.9752E-8	1	0	2.0427
1254	-58.5	24.5	63.423	937.977	8.32447	2.03	10.4	37.623	3.9694E-8	1	0	2.02935
1255	-58.5	25.5	63.816	937.898	8.31914	2.03	10.4	38.016	3.9645E-8	1	0	2.01559
1256	-58.5	26.5	64.222	937.833	8.31481	2.03	10.4	38.422	3.9604E-8	1	0	2.00145
1257	-58.5	27.5	64.641	937.785	8.31151	2.03	10.4	38.841	3.9574E-8	1	0	1.98696
1258	-58.5	28.5	65.073	937.752	8.3093	2.03	10.4	39.273	3.9553E-8	1	0	1.97215
1259	-58.5	29.5	65.517	937.735	8.30819	2.03	10.4	39.717	3.9543E-8	1	0	1.95704
1260	-57.5	-29.5	64.626	944.39	8.29694	2.03	10.4	38.826	3.9329E-8	1	0	1.99644
1261	-57.5	-28.5	64.176	944.407	8.29817	2.03	10.4	38.376	3.934E-8	1	0	2.01261
1262	-57.5	-27.5	63.738	944.443	8.30063	2.03	10.4	37.938	3.9363E-8	1	0	2.02847
1263	-57.5	-26.5	63.313	944.496	8.30428	2.03	10.4	37.513	3.9397E-8	1	0	2.04397
1264	-57.5	-25.5	62.901	944.565	8.30909	2.03	10.4	37.101	3.9441E-8	1	0	2.0591
1265	-57.5	-24.5	62.502	944.65	8.315	2.03	10.4	36.702	3.9496E-8	1	0	2.07382
1266	-57.5	-23.5	62.117	944.751	8.32196	2.03	10.4	36.317	3.9561E-8	1	0	2.0881
1267	-57.5	-22.5	61.745	944.865	8.32989	2.03	10.4	35.945	3.9634E-8	1	0	2.10193
1268	-57.5	-21.5	61.388	944.992	8.3387	2.03	10.4	35.588	3.9716E-8	1	0	2.11527
1269	-57.5	-20.5	61.045	945.13	8.34831	2.03	10.4	35.245	3.9805E-8	1	0	2.12811
1270	-57.5	-19.5	60.717	945.279	8.35861	2.03	10.4	34.917	3.9901E-8	1	0	2.14043
1271	-57.5	-18.5	60.403	945.435	8.36949	2.03	10.4	34.603	4.0003E-8	1	0	2.1522
1272	-57.5	-17.5	60.104	945.598	8.38083	2.03	10.4	34.304	4.0108E-8	1	0	2.16342
1273	-57.5	-16.5	59.821	945.766	8.39251	2.03	10.4	34.021	4.0218E-8	1	0	2.17407
1274	-57.5	-15.5	59.552	945.937	8.4044	2.03	10.4	33.752	4.0329E-8	1	0	2.18414
1275	-57.5	-14.5	59.3	946.109	8.41637	2.03	10.4	33.5	4.0441E-8	1	0	2.19361
1276	-57.5	-13.5	59.064	946.28	8.4283	2.03	10.4	33.264	4.0553E-8	1	0	2.20248
1277	-57.5	-12.5	58.843	946.448	8.44005	2.03	10.4	33.043	4.0663E-8	1	0	2.21074
1278	-57.5	-11.5	58.639	946.612	8.45149	2.03	10.4	32.839	4.0771E-8	1	0	2.21838
1279	-57.5	-10.5	58.451	946.769	8.46249	2.03	10.4	32.651	4.0874E-8	1	0	2.2254
1280	-57.5	-9.5	58.279	946.919	8.47293	2.03	10.4	32.479	4.0973E-8	1	0	2.2318
1281	-57.5	-8.5	58.125	947.058	8.4827	2.03	10.4	32.325	4.1065E-8	1	0	2.23756
1282	-57.5	-7.5	57.987	947.187	8.49169	2.03	10.4	32.187	4.115E-8	1	0	2.24269
1283	-57.5	-6.5	57.866	947.302	8.49978	2.03	10.4	32.066	4.1226E-8	1	0	2.24718
1284	-57.5	-5.5	57.762	947.404	8.5069	2.03	10.4	31.962	4.1294E-8	1	0	2.25103
1285	-57.5	-4.5	57.676	947.491	8.51297	2.03	10.4	31.876	4.1351E-8	1	0	2.25424
1286	-57.5	-3.5	57.606	947.561	8.5179	2.03	10.4	31.806	4.1398E-8	1	0	2.25681
1287	-57.5	-2.5	57.554	947.615	8.52165	2.03	10.4	31.754	4.1433E-8	1	0	2.25874
1288	-57.5	-1.5	57.52	947.651	8.52417	2.03	10.4	31.72	4.1457E-8	1	0	2.26002
1289	-57.5	-0.5	57.502	947.669	8.52544	2.03	10.4	31.702	4.1469E-8	1	0	2.26067
1290	-57.5	0.5	57.502	947.669	8.52544	2.03	10.4	31.702	4.1469E-8	1	0	2.26067
1291	-57.5	1.5	57.52	947.651	8.52417	2.03	10.4	31.72	4.1457E-8	1	0	2.26002
1292	-57.5	2.5	57.554	947.615	8.52165	2.03	10.4	31.754	4.1433E-8	1	0	2.25874
1293	-57.5	3.5	57.606	947.561	8.5179	2.03	10.4	31.806	4.1398E-8	1	0	2.25681
1294	-57.5	4.5	57.676	947.491	8.51297	2.03	10.4	31.876	4.1351E-8	1	0	2.25424
1295	-57.5	5.5	57.762	947.404	8.5069	2.03	10.4	31.962	4.1294E-8	1	0	2.25103
1296	-57.5	6.5	57.866	947.302	8.49978	2.03	10.4	32.066	4.1226E-8	1	0	2.24718
1297	-57.5	7.5	57.987	947.187	8.49169	2.03	10.4	32.187	4.115E-8	1	0	2.24269
1298	-57.5	8.5	58.125	947.058	8.4827	2.03	10.4	32.325	4.1065E-8	1	0	2.23756
1299	-57.5	9.5	58.279	946.919	8.47293	2.03	10.4	32.479	4.0973E-8	1	0	2.2318
1300	-57.5	10.5	58.451	946.769	8.46249	2.03	10.4	32.651	4.0874E-8	1	0	2.2254
1301	-57.5	11.5	58.639	946.612	8.45149	2.03	10.4	32.839	4.0771E-8	1	0	2.21838
1302	-57.5	12.5	58.843	946.448	8.44005	2.03	10.4	33.043	4.0663E-8	1	0	2.21074
1303	-57.5	13.5	59.064	946.28	8.4283	2.03	10.4	33.264	4.0553E-8	1	0	2.20248
1304	-57.5	14.5	59.3	946.109	8.41637	2.03	10.4	33.5	4.0441E-8	1	0	2.19361
1305	-57.5	15.5	59.552	945.937	8.4044	2.03	10.4	33.752	4.0329E-8	1	0	2.18414
1306	-57.5	16.5	59.821	945.766	8.39251	2.03	10.4	34.021	4.0218E-8	1	0	2.17407
1307	-57.5	17.5	60.104	945.598	8.38083	2.03	10.4	34.304	4.0108E-8	1	0	2.16342
1308	-57.5	18.5	60.403	945.435	8.36949	2.03	10.4	34.603	4.0003E-8	1	0	2.1522
1309	-57.5	19.5	60.717	945.279	8.35861	2.03	10.4	34.917	3.9901E-8	1	0	2.14043
1310	-57.5	20.5	61.045	945.13	8.34831	2.03	10.4	35.245	3.9805E-8	1	0	2.12811
1311	-57.5	21.5	61.388	944.992	8.3387	2.03	10.4	35.588	3.9716E-8	1	0	2.11527
1312	-57.5	22.5	61.745	944.865	8.32989	2.03	10.4	35.945	3.9634E-8	1	0	2.10193
1313	-57.5	23.5	62.117	944.751	8.32196	2.03	10.4	36.317	3.9561E-8	1	0	2.0881
1314	-57.5	24.5	62.502	944.65	8.315	2.03	10.4	36.702	3.9496E-8	1	0	2.07382
1315	-57.5	25.5	62.901	944.565	8.30909	2.03	10.4	37.101	3.9441E-8	1	0	2.0591
1316	-57.5	26.5	63.313	944.496	8.30428	2.03	10.4	37.513	3.9397E-8	1	0	2.04397
1317	-57.5	27.5	63.738	944.443	8.30063	2.03	10.4	37.938	3.9363E-8	1	0	2.02847
1318	-57.5	28.5	64.176	944.407	8.29817	2.03	10.4	38.376	3.934E-8	1	0	2.01261
1319	-57.5	29.5	64.626	944.39	8.29694	2.03	10.4	38.826	3.9329E-8	1	0	1.99644
1320	-56.5	-29.5	63.738	950.812	8.28447	2.03	10.4	37.938	3.9108E-8	1	0	2.03771
1321	-56.5	-28.5	63.281	950.832	8.28583	2.03	10.4	37.481	3.912E-8	1	0	2.05503
1322	-56.5	-27.5	62.837	950.87	8.28856	2.03	10.4	37.037	3.9146E-8	1	0	2.07201
1323	-56.5	-26.5	62.406	950.927	8.29261	2.03	10.4	36.606	3.9183E-8	1	0	2.08862
1324	-56.5	-25.5	61.988	951.001	8.29794	2.03	10.4	36.188	3.9232E-8	1	0	2.10483
1325	-56.5	-24.5	61.583	951.093	8.3045	2.03	10.4	35.783	3.9293E-8	1	0	2.12059
1326	-56.5	-23.5	61.192	951.201	8.31222	2.03	10.4	35.392	3.9364E-8	1	0	2.13589
1327	-56.5	-22.5	60.815	951.325	8.32102	2.03	10.4	35.015	3.9445E-8	1	0	2.15069
1328	-56.5	-21.5	60.452	951.461	8.3308	2.03	10.4	34.652	3.9536E-8	1	0	2.16498
1329	-56.5	-20.5	60.104	951.611	8.34146	2.03	10.4	34.304	3.9635E-8	1	0	2.17872
1330	-56.5	-19.5	59.77	951.77	8.35289	2.03	10.4	33.97	3.9741E-8	1	0	2.19191
1331	-56.5	-18.5	59.452	951.939	8.36497	2.03	10.4	33.652	3.9853E-8	1	0	2.20451
1332	-56.5	-17.5	59.148	952.115	8.37756	2.03	10.4	33.348	3.997E-8	1	0	2.21651
1333	-56.5	-16.5	58.86	952.295	8.39052	2.03	10.4	33.06	4.0091E-8	1	0	2.2279
1334	-56.5	-15.5	58.588	952.48	8.40373	2.03	10.4	32.788	4.0214E-8	1	0	2.23866
1335	-56.5	-14.5	58.331	952.665	8.41703	2.03	10.4	32.531	4.0339E-8	1	0	2.24879
1336	-56.5	-13.5	58.09	952.849	8.43028	2.03	10.4	32.29	4.0463E-8	1	0	2.25827
1337	-56.5	-12.5	57.866	953.031	8.44334	2.03	10.4	32.066	4.0585E-8	1	0	2.2671
1338	-56.5	-11.5	57.658	953.207	8.45605	2.03	10.4	31.858	4.0705E-8	1	0	2.27526
1339	-56.5	-10.5	57.467	953.377	8.46828	2.03	10.4	31.667	4.082E-8	1	0	2.28276
1340	-56.5	-9.5	57.293	953.538	8.47989	2.03	10.4	31.493	4.0929E-8	1	0	2.28959
1341	-56.5	-8.5	57.136	953.689	8.49075	2.03	10.4	31.336	4.1031E-8	1	0	2.29574
1342	-56.5	-7.5	56.996	953.827	8.50074	2.03	10.4	31.196	4.1126E-8	1	0	2.30122
1343	-56.5	-6.5	56.873	953.952	8.50974	2.03	10.4	31.073	4.1211E-8	1	0	2.30601
1344	-56.5	-5.5	56.767	954.062	8.51766	2.03	10.4	30.967	4.1285E-8	1	0	2.31012
1345	-56.5	-4.5	56.679	954.155	8.5244	2.03	10.4	30.879	4.1349E-8	1	0	2.31355
1346	-56.5	-3.5	56.608	954.231	8.52989	2.03	10.4	30.808	4.1401E-8	1	0	2.3163
1347	-56.5	-2.5	56.555	954.289	8.53406	2.03	10.4	30.755	4.1441E-8	1	0	2.31835
1348	-56.5	-1.5	56.52	954.328	8.53687	2.03	10.4	30.72	4.1467E-8	1	0	2.31973
1349	-56.5	-0.5	56.502	954.347	8.53828	2.03	10.4	30.702	4.1481E-8	1	0	2.32041
1350	-56.5	0.5	56.502	954.347	8.53828	2.03	10.4	30.702	4.1481E-8	1	0	2.32041
1351	-56.5	1.5	56.52	954.328	8.53687	2.03	10.4	30.72	4.1467E-8	1	0	2.31973
1352	-56.5	2.5	56.555	954.289	8.53406	2.03	10.4	30.755	4.1441E-8	1	0	2.31835
1353	-56.5	3.5	56.608	954.231	8.52989	2.03	10.4	30.808	4.1401E-8	1	0	2.3163
1354	-56.5	4.5	56.679	954.155	8.5244	2.03	10.4	30.879	4.1349E-8	1	0	2.31355
1355	-56.5	5.5	56.767	954.062	8.51766	2.03	10.4	30.967	4.1285E-8	1	0	2.31012
1356	-56.5	6.5	56.873	953.952	8.50974	2.03	10.4	31.073	4.1211E-8	1	0	2.30601
1357	-56.5	7.5	56.996	953.827	8.50074	2.03	10.4	31.196	4.1126E-8	1	0	2.30122
1358	-56.5	8.5	57.136	953.689	8.49075	2.03	10.4	31.336	4.1031E-8	1	0	2.29574
1359	-56.5	9.5	57.293	953.538	8.47989	2.03	10.4	31.493	4.0929E-8	1	0	2.28959
1360	-56.5	10.5	57.467	953.377	8.46828	2.03	10.4	31.667	4.082E-8	1	0	2.28276
1361	-56.5	11.5	57.658	953.207	8.45605	2.03	10.4	31.858	4.0705E-8	1	0	2.27526
1362	-56.5	12.5	57.866	953.031	8.44334	2.03	10.4	32.066	4.0585E-8	1	0	2.2671
1363	-56.5	13.5	58.09	952.849	8.43028	2.03	10.4	32.29	4.0463E-8	1	0	2.25827
1364	-56.5	14.5	58.331	952.665	8.41703	2.03	10.4	32.531	4.0339E-8	1	0	2.24879
1365	-56.5	15.5	58.588	952.48	8.40373	2.03	10.4	32.788	4.0214E-8	1	0	2.23866
1366	-56.5	16.5	58.86	952.295	8.39052	2.03	10.4	33.06	4.0091E-8	1	0	2.2279
1367	-56.5	17.5	59.148	952.115	8.37756	2.03	10.4	33.348	3.997E-8	1	0	2.21651
1368	-56.5	18.5	59.452	951.939	8.36497	2.03	10.4	33.652	3.9853E-8	1	0	2.20451
1369	-56.5	19.5	59.77	951.77	8.35289	2.03	10.4	33.97	3.9741E-8	1	0	2.19191
1370	-56.5	20.5	60.104	951.611	8.34146	2.03	10.4	34.304	3.9635E-8	1	0	2.17872
1371	-56.5	21.5	60.452	951.461	8.3308	2.03	10.4	34.652	3.9536E-8	1	0	2.16498
1372	-56.5	22.5	60.815	951.325	8.32102	2.03	10.4	35.015	3.9445E-8	1	0	2.15069
1373	-56.5	23.5	61.192	951.201	8.31222	2.03	10.4	35.392	3.9364E-8	1	0	2.13589
1374	-56.5	24.5	61.583	951.093	8.3045	2.03	10.4	35.783	3.9293E-8	1	0	2.12059
1375	-56.5	25.5	61.988	951.001	8.29794	2.03	10.4	36.188	3.9232E-8	1	0	2.10483
1376	-56.5	26.5	62.406	950.927	8.29261	2.03	10.4	36.606	3.9183E-8	1	0	2.08862
1377	-56.5	27.5	62.837	950.87	8.28856	2.03	10.4	37.037	3.9146E-8	1	0	2.07201
1378	-56.5	28.5	63.281	950.832	8.28583	2.03	10.4	37.481	3.912E-8	1	0	2.05503
1379	-56.5	29.5	63.738	950.812	8.28447	2.03	10.4	37.938	3.9108E-8	1	0	2.03771
1380	-55.5	-29.5	62.853	957.004	8.27066	2.03	10.4	37.053	3.8879E-8	1	0	2.08101
1381	-55.5	-28.5	62.39	957.025	8.27217	2.03	10.4	36.59	3.8893E-8	1	0	2.09958
1382	-55.5	-27.5	61.939	957.066	8.27519	2.03	10.4	36.139	3.892E-8	1	0	2.11779
1383	-55.5	-26.5	61.502	957.127	8.27968	2.03	10.4	35.702	3.8962E-8	1	0	2.1356
1384	-55.5	-25.5	61.078	957.207	8.28559	2.03	10.4	35.278	3.9016E-8	1	0	2.15298
1385	-55.5	-24.5	60.667	957.306	8.29287	2.03	10.4	34.867	3.9083E-8	1	0	2.16988
1386	-55.5	-23.5	60.27	957.423	8.30143	2.03	10.4	34.47	3.9162E-8	1	0	2.18629
1387	-55.5	-22.5	59.887	957.555	8.31119	2.03	10.4	34.087	3.9252E-8	1	0	2.20216
1388	-55.5	-21.5	59.519	957.703	8.32204	2.03	10.4	33.719	3.9352E-8	1	0	2.21747
1389	-55.5	-20.5	59.165	957.863	8.33387	2.03	10.4	33.365	3.9461E-8	1	0	2.2322
1390	-55.5	-19.5	58.826	958.035	8.34655	2.03	10.4	33.026	3.9579E-8	1	0	2.24632
1391	-55.5	-18.5	58.502	958.217	8.35995	2.03	10.4	32.702	3.9703E-8	1	0	2.25982
1392	-55.5	-17.5	58.194	958.406	8.37393	2.03	10.4	32.394	3.9833E-8	1	0	2.27268
1393	-55.5	-16.5	57.901	958.601	8.38832	2.03	10.4	32.101	3.9967E-8	1	0	2.28487
1394	-55.5	-15.5	57.624	958.799	8.40299	2.03	10.4	31.824	4.0103E-8	1	0	2.2964
1395	-55.5	-14.5	57.363	958.999	8.41776	2.03	10.4	31.563	4.0241E-8	1	0	2.30724
1396	-55.5	-13.5	57.118	959.197	8.43248	2.03	10.4	31.318	4.0379E-8	1	0	2.31739
1397	-55.5	-12.5	56.89	959.393	8.44699	2.03	10.4	31.09	4.0514E-8	1	0	2.32683
1398	-55.5	-11.5	56.679	959.583	8.46111	2.03	10.4	30.879	4.0647E-8	1	0	2.33557
1399	-55.5	-10.5	56.485	959.766	8.47471	2.03	10.4	30.685	4.0774E-8	1	0	2.34359
1400	-55.5	-9.5	56.307	959.94	8.48761	2.03	10.4	30.507	4.0896E-8	1	0	2.35089
1401	-55.5	-8.5	56.147	960.102	8.49969	2.03	10.4	30.347	4.101E-8	1	0	2.35747
1402	-55.5	-7.5	56.004	960.251	8.51079	2.03	10.4	30.204	4.1114E-8	1	0	2.36332
1403	-55.5	-6.5	55.879	960.386	8.52081	2.03	10.4	30.079	4.1209E-8	1	0	2.36844
1404	-55.5	-5.5	55.772	960.504	8.52961	2.03	10.4	29.972	4.1292E-8	1	0	2.37284
1405	-55.5	-4.5	55.682	960.604	8.53711	2.03	10.4	29.882	4.1363E-8	1	0	2.3765
1406	-55.5	-3.5	55.61	960.686	8.54322	2.03	10.4	29.81	4.1421E-8	1	0	2.37943
1407	-55.5	-2.5	55.556	960.748	8.54786	2.03	10.4	29.756	4.1465E-8	1	0	2.38163
1408	-55.5	-1.5	55.52	960.79	8.55098	2.03	10.4	29.72	4.1494E-8	1	0	2.3831
1409	-55.5	-0.5	55.502	960.811	8.55255	2.03	10.4	29.702	4.1509E-8	1	0	2.38383
1410	-55.5	0.5	55.502	960.811	8.55255	2.03	10.4	29.702	4.1509E-8	1	0	2.38383
1411	-55.5	1.5	55.52	960.79	8.55098	2.03	10.4	29.72	4.1494E-8	1	0	2.3831
1412	-55.5	2.5	55.556	960.748	8.54786	2.03	10.4	29.756	4.1465E-8	1	0	2.38163
1413	-55.5	3.5	55.61	960.686	8.54322	2.03	10.4	29.81	4.1421E-8	1	0	2.37943
1414	-55.5	4.5	55.682	960.604	8.53711	2.03	10.4	29.882	4.1363E-8	1	0	2.3765
1415	-55.5	5.5	55.772	960.504	8.52961	2.03	10.4	29.972	4.1292E-8	1	0	2.37284
1416	-55.5	6.5	55.879	960.386	8.52081	2.03	10.4	30.079	4.1209E-8	1	0	2.36844
1417	-55.5	7.5	56.004	960.251	8.51079	2.03	10.4	30.204	4.1114E-8	1	0	2.36332
1418	-55.5	8.5	56.147	960.102	8.49969	2.03	10.4	30.347	4.101E-8	1	0	2.35747
1419	-55.5	9.5	56.307	959.94	8.48761	2.03	10.4	30.507	4.0896E-8	1	0	2.35089
1420	-55.5	10.5	56.485	959.766	8.47471	2.03	10.4	30.685	4.0774E-8	1	0	2.34359
1421	-55.5	11.5	56.679	959.583	8.46111	2.03	10.4	30.879	4.0647E-8	1	0	2.33557
1422	-55.5	12.5	56.89	959.393	8.44699	2.03	10.4	31.09	4.0514E-8	1	0	2.32683
1423	-55.5	13.5	57.118	959.197	8.43248	2.03	10.4	31.318	4.0379E-8	1	0	2.31739
1424	-55.5	14.5	57.363	958.999	8.41776	2.03	10.4	31.563	4.0241E-8	1	0	2.30724
1425	-55.5	15.5	57.624	958.799	8.40299	2.03	10.4	31.824	4.0103E-8	1	0	2.2964
1426	-55.5	16.5	57.901	958.601	8.38832	2.03	10.4	32.101	3.9967E-8	1	0	2.28487
1427	-55.5	17.5	58.194	958.406	8.37393	2.03	10.4	32.394	3.9833E-8	1	0	2.27268
1428	-55.5	18.5	58.502	958.217	8.35995	2.03	10.4	32.702	3.9703E-8	1	0	2.25982
1429	-55.5	19.5	58.826	958.035	8.34655	2.03	10.4	33.026	3.9579E-8	1	0	2.24632
1430	-55.5	20.5	59.165	957.863	8.33387	2.03	10.4	33.365	3.9461E-8	1	0	2.2322
1431	-55.5	21.5	59.519	957.703	8.32204	2.03	10.4	33.719	3.9352E-8	1	0	2.21747
1432	-55.5	22.5	59.887	957.555	8.31119	2.03	10.4	34.087	3.9252E-8	1	0	2.20216
1433	-55.5	23.5	60.27	957.423	8.30143	2.03	10.4	34.47	3.9162E-8	1	0	2.18629
1434	-55.5	24.5	60.667	957.306	8.29287	2.03	10.4	34.867	3.9083E-8	1	0	2.16988
1435	-55.5	25.5	61.078	957.207	8.28559	2.03	10.4	35.278	3.9016E-8	1	0	2.15298
1436	-55.5	26.5	61.502	957.127	8.27968	2.03	10.4	35.702	3.8962E-8	1	0	2.1356
1437	-55.5	27.5	61.939	957.066	8.27519	2.03	10.4	36.139	3.892E-8	1	0	2.11779
1438	-55.5	28.5	62.39	957.025	8.27217	2.03	10.4	36.59	3.8893E-8	1	0	2.09958
1439	-55.5	29.5	62.853	957.004	8.27066	2.03	10.4	37.053	3.8879E-8	1	0	2.08101
1440	-54.5	-29.5	61.972	962.965	8.25535	2.03	10.4	36.172	3.864E-8	1	0	2.12651
1441	-54.5	-28.5	61.502	962.987	8.25702	2.03	10.4	35.702	3.8655E-8	1	0	2.14645
1442	-54.5	-27.5	61.045	963.031	8.26037	2.03	10.4	35.245	3.8686E-8	1	0	2.16601
1443	-54.5	-26.5	60.601	963.097	8.26535	2.03	10.4	34.801	3.8732E-8	1	0	2.18513
1444	-54.5	-25.5	60.171	963.184	8.2719	2.03	10.4	34.371	3.8792E-8	1	0	2.20379
1445	-54.5	-24.5	59.754	963.29	8.27997	2.03	10.4	33.954	3.8866E-8	1	0	2.22193
1446	-54.5	-23.5	59.351	963.415	8.28946	2.03	10.4	33.551	3.8953E-8	1	0	2.23954
1447	-54.5	-22.5	58.962	963.558	8.30028	2.03	10.4	33.162	3.9052E-8	1	0	2.25658
1448	-54.5	-21.5	58.588	963.716	8.31232	2.03	10.4	32.788	3.9163E-8	1	0	2.27301
1449	-54.5	-20.5	58.228	963.889	8.32544	2.03	10.4	32.428	3.9284E-8	1	0	2.28882
1450	-54.5	-19.5	57.884	964.074	8.33952	2.03	10.4	32.084	3.9414E-8	1	0	2.30397
1451	-54.5	-18.5	57.554	964.269	8.35439	2.03	10.4	31.754	3.9552E-8	1	0	2.31845
1452	-54.5	-17.5	57.241	964.473	8.3699	2.03	10.4	31.441	3.9695E-8	1	0	2.33223
1453	-54.5	-16.5	56.943	964.682	8.38588	2.03	10.4	31.143	3.9844E-8	1	0	2.34531
1454	-54.5	-15.5	56.661	964.896	8.40217	2.03	10.4	30.861	3.9995E-8	1	0	2.35766
1455	-54.5	-14.5	56.396	965.11	8.41858	2.03	10.4	30.596	4.0148E-8	1	0	2.36928
1456	-54.5	-13.5	56.147	965.324	8.43493	2.03	10.4	30.347	4.03E-8	1	0	2.38015
1457	-54.5	-12.5	55.915	965.535	8.45104	2.03	10.4	30.115	4.0451E-8	1	0	2.39027
1458	-54.5	-11.5	55.7	965.74	8.46674	2.03	10.4	29.9	4.0598E-8	1	0	2.39963
1459	-54.5	-10.5	55.502	965.936	8.48184	2.03	10.4	29.702	4.074E-8	1	0	2.40822
1460	-54.5	-9.5	55.322	966.123	8.49619	2.03	10.4	29.522	4.0874E-8	1	0	2.41604
1461	-54.5	-8.5	55.159	966.298	8.50962	2.03	10.4	29.359	4.1001E-8	1	0	2.42308
1462	-54.5	-7.5	55.014	966.459	8.52197	2.03	10.4	29.214	4.1117E-8	1	0	2.42935
1463	-54.5	-6.5	54.886	966.603	8.53311	2.03	10.4	29.086	4.1222E-8	1	0	2.43484
1464	-54.5	-5.5	54.777	966.731	8.5429	2.03	10.4	28.977	4.1315E-8	1	0	2.43954
1465	-54.5	-4.5	54.685	966.839	8.55124	2.03	10.4	28.885	4.1394E-8	1	0	2.44346
1466	-54.5	-3.5	54.612	966.927	8.55804	2.03	10.4	28.812	4.1458E-8	1	0	2.4466
1467	-54.5	-2.5	54.557	966.994	8.5632	2.03	10.4	28.757	4.1507E-8	1	0	2.44895
1468	-54.5	-1.5	54.521	967.039	8.56668	2.03	10.4	28.721	4.154E-8	1	0	2.45052
1469	-54.5	-0.5	54.502	967.062	8.56843	2.03	10.4	28.702	4.1556E-8	1	0	2.45131
1470	-54.5	0.5	54.502	967.062	8.56843	2.03	10.4	28.702	4.1556E-8	1	0	2.45131
1471	-54.5	1.5	54.521	967.039	8.56668	2.03	10.4	28.721	4.154E-8	1	0	2.45052
1472	-54.5	2.5	54.557	966.994	8.5632	2.03	10.4	28.757	4.1507E-8	1	0	2.44895
1473	-54.5	3.5	54.612	966.927	8.55804	2.03	10.4	28.812	4.1458E-8	1	0	2.4466
1474	-54.5	4.5	54.685	966.839	8.55124	2.03	10.4	28.885	4.1394E-8	1	0	2.44346
1475	-54.5	5.5	54.777	966.731	8.5429	2.03	10.4	28.977	4.1315E-8	1	0	2.43954
1476	-54.5	6.5	54.886	966.603	8.53311	2.03	10.4	29.086	4.1222E-8	1	0	2.43484
1477	-54.5	7.5	55.014	966.459	8.52197	2.03	10.4	29.214	4.1117E-8	1	0	2.42935
1478	-54.5	8.5	55.159	966.298	8.50962	2.03	10.4	29.359	4.1001E-8	1	0	2.42308
1479	-54.5	9.5	55.322	966.123	8.49619	2.03	10.4	29.522	4.0874E-8	1	0	2.41604
1480	-54.5	10.5	55.502	965.936	8.48184	2.03	10.4	29.702	4.074E-8	1	0	2.40822
1481	-54.5	11.5	55.7	965.74	8.46674	2.03	10.4	29.9	4.0598E-8	1	0	2.39963
1482	-54.5	12.5	55.915	965.535	8.45104	2.03	10.4	30.115	4.0451E-8	1	0	2.39027
1483	-54.5	13.5	56.147	965.324	8.43493	2.03	10.4	30.347	4.03E-8	1	0	2.38015
1484	-54.5	14.5	56.396	965.11	8.41858	2.03	10.4	30.596	4.0148E-8	1	0	2.36928
1485	-54.5	15.5	56.661	964.896	8.40217	2.03	10.4	30.861	3.9995E-8	1	0	2.35766
1486	-54.5	16.5	56.943	964.682	8.38588	2.03	10.4	31.143	3.9844E-8	1	0	2.34531
1487	-54.5	17.5	57.241	964.473	8.3699	2.03	10.4	31.441	3.9695E-8	1	0	2.33223
1488	-54.5	18.5	57.554	964.269	8.35439	2.03	10.4	31.754	3.9552E-8	1	0	2.31845
1489	-54.5	19.5	57.884	964.074	8.33952	2.03	10.4	32.084	3.9414E-8	1	0	2.30397
1490	-54.5	20.5	58.228	963.889	8.32544	2.03	10.4	32.428	3.9284E-8	1	0	2.28882
1491	-54.5	21.5	58.588	963.716	8.31232	2.03	10.4	32.788	3.9163E-8	1	0	2.27301
1492	-54.5	22.5	58.962	963.558	8.30028	2.03	10.4	33.162	3.9052E-8	1	0	2.25658
1493	-54.5	23.5	59.351	963.415	8.28946	2.03	10.4	33.551	3.8953E-8	1	0	2.23954
1494	-54.5	24.5	59.754	963.29	8.27997	2.03	10.4	33.954	3.8866E-8	1	0	2.22193
1495	-54.5	25.5	60.171	963.184	8.2719	2.03	10.4	34.371	3.8792E-8	1	0	2.20379
1496	-54.5	26.5	60.601	963.097	8.26535	2.03	10.4	34.801	3.8732E-8	1	0	2.18513
1497	-54.5	27.5	61.045	963.031	8.26037	2.03	10.4	35.245	3.8686E-8	1	0	2.16601
1498	-54.5	28.5	61.502	962.987	8.25702	2.03	10.4	35.702	3.8655E-8	1	0	2.14645
1499	-54.5	29.5	61.972	962.965	8.25535	2.03	10.4	36.172	3.864E-8	1	0	2.12651
1500	-53.5	-29.5	61.094	968.696	8.23839	2.03	10.4	35.294	3.8391E-8	1	0	2.17442
1501	-53.5	-28.5	60.618	968.72	8.24024	2.03	10.4	34.818	3.8408E-8	1	0	2.19586
1502	-53.5	-27.5	60.154	968.767	8.24395	2.03	10.4	34.354	3.8441E-8	1	0	2.21688
1503	-53.5	-26.5	59.703	968.838	8.24947	2.03	10.4	33.903	3.8492E-8	1	0	2.23744
1504	-53.5	-25.5	59.266	968.931	8.25673	2.03	10.4	33.466	3.8558E-8	1	0	2.2575
1505	-53.5	-24.5	58.843	969.045	8.26568	2.03	10.4	33.043	3.864E-8	1	0	2.27701
1506	-53.5	-23.5	58.434	969.179	8.2762	2.03	10.4	32.634	3.8736E-8	1	0	2.29593
1507	-53.5	-22.5	58.039	969.333	8.2882	2.03	10.4	32.239	3.8846E-8	1	0	2.31424
1508	-53.5	-21.5	57.658	969.503	8.30155	2.03	10.4	31.858	3.8969E-8	1	0	2.3319
1509	-53.5	-20.5	57.293	969.688	8.31611	2.03	10.4	31.493	3.9102E-8	1	0	2.34888
1510	-53.5	-19.5	56.943	969.887	8.33172	2.03	10.4	31.143	3.9246E-8	1	0	2.36515
1511	-53.5	-18.5	56.608	970.097	8.34822	2.03	10.4	30.808	3.9398E-8	1	0	2.3807
1512	-53.5	-17.5	56.289	970.316	8.36543	2.03	10.4	30.489	3.9557E-8	1	0	2.39551
1513	-53.5	-16.5	55.987	970.541	8.38318	2.03	10.4	30.187	3.9722E-8	1	0	2.40955
1514	-53.5	-15.5	55.7	970.771	8.40126	2.03	10.4	29.9	3.9889E-8	1	0	2.42281
1515	-53.5	-14.5	55.43	971.001	8.41948	2.03	10.4	29.63	4.0059E-8	1	0	2.43528
1516	-53.5	-13.5	55.177	971.231	8.43764	2.03	10.4	29.377	4.0228E-8	1	0	2.44695
1517	-53.5	-12.5	54.941	971.458	8.45554	2.03	10.4	29.141	4.0395E-8	1	0	2.4578
1518	-53.5	-11.5	54.722	971.678	8.47299	2.03	10.4	28.922	4.0558E-8	1	0	2.46784
1519	-53.5	-10.5	54.521	971.89	8.48978	2.03	10.4	28.721	4.0716E-8	1	0	2.47706
1520	-53.5	-9.5	54.337	972.091	8.50573	2.03	10.4	28.537	4.0865E-8	1	0	2.48544
1521	-53.5	-8.5	54.171	972.278	8.52066	2.03	10.4	28.371	4.1006E-8	1	0	2.493
1522	-53.5	-7.5	54.023	972.451	8.53439	2.03	10.4	28.223	4.1135E-8	1	0	2.49971
1523	-53.5	-6.5	53.893	972.607	8.54678	2.03	10.4	28.093	4.1252E-8	1	0	2.5056
1524	-53.5	-5.5	53.782	972.744	8.55768	2.03	10.4	27.982	4.1355E-8	1	0	2.51064
1525	-53.5	-4.5	53.689	972.86	8.56696	2.03	10.4	27.889	4.1443E-8	1	0	2.51484
1526	-53.5	-3.5	53.614	972.955	8.57452	2.03	10.4	27.814	4.1514E-8	1	0	2.51821
1527	-53.5	-2.5	53.558	973.027	8.58026	2.03	10.4	27.758	4.1569E-8	1	0	2.52073
1528	-53.5	-1.5	53.521	973.076	8.58413	2.03	10.4	27.721	4.1605E-8	1	0	2.52241
1529	-53.5	-0.5	53.502	973.1	8.58608	2.03	10.4	27.702	4.1624E-8	1	0	2.52325
1530	-53.5	0.5	53.502	973.1	8.58608	2.03	10.4	27.702	4.1624E-8	1	0	2.52325
1531	-53.5	1.5	53.521	973.076	8.58413	2.03	10.4	27.721	4.1605E-8	1	0	2.52241
1532	-53.5	2.5	53.558	973.027	8.58026	2.03	10.4	27.758	4.1569E-8	1	0	2.52073
1533	-53.5	3.5	53.614	972.955	8.57452	2.03	10.4	27.814	4.1514E-8	1	0	2.51821
1534	-53.5	4.5	53.689	972.86	8.56696	2.03	10.4	27.889	4.1443E-8	1	0	2.51484
1535	-53.5	5.5	53.782	972.744	8.55768	2.03	10.4	27.982	4.1355E-8	1	0	2.51064
1536	-53.5	6.5	53.893	972.607	8.54678	2.03	10.4	28.093	4.1252E-8	1	0	2.5056
1537	-53.5	7.5	54.023	972.451	8.53439	2.03	10.4	28.223	4.1135E-8	1	0	2.49971
1538	-53.5	8.5	54.171	972.278	8.52066	2.03	10.4	28.371	4.1006E-8	1	0	2.493
1539	-53.5	9.5	54.337	972.091	8.50573	2.03	10.4	28.537	4.0865E-8	1	0	2.48544
1540	-53.5	10.5	54.521	971.89	8.48978	2.03	10.4	28.721	4.0716E-8	1	0	2.47706
1541	-53.5	11.5	54.722	971.678	8.47299	2.03	10.4	28.922	4.0558E-8	1	0	2.46784
1542	-53.5	12.5	54.941	971.458	8.45554	2.03	10.4	29.141	4.0395E-8	1	0	2.4578
1543	-53.5	13.5	55.177	971.231	8.43764	2.03	10.4	29.377	4.0228E-8	1	0	2.44695
1544	-53.5	14.5	55.43	971.001	8.41948	2.03	10.4	29.63	4.0059E-8	1	0	2.43528
1545	-53.5	15.5	55.7	970.771	8.40126	2.03	10.4	29.9	3.9889E-8	1	0	2.42281
1546	-53.5	16.5	55.987	970.541	8.38318	2.03	10.4	30.187	3.9722E-8	1	0	2.40955
1547	-53.5	17.5	56.289	970.316	8.36543	2.03	10.4	30.489	3.9557E-8	1	0	2.39551
1548	-53.5	18.5	56.608	970.097	8.34822	2.03	10.4	30.808	3.9398E-8	1	0	2.3807
1549	-53.5	19.5	56.943	969.887	8.33172	2.03	10.4	31.143	3.9246E-8	1	0	2.36515
1550	-53.5	20.5	57.293	969.688	8.31611	2.03	10.4	31.493	3.9102E-8	1	0	2.34888
1551	-53.5	21.5	57.658	969.503	8.30155	2.03	10.4	31.858	3.8969E-8	1	0	2.3319
1552	-53.5	22.5	58.039	969.333	8.2882	2.03	10.4	32.239	3.8846E-8	1	0	2.31424
1553	-53.5	23.5	58.434	969.179	8.2762	2.03	10.4	32.634	3.8736E-8	1	0	2.29593
1554	-53.5	24.5	58.843	969.045	8.26568	2.03	10.4	33.043	3.864E-8	1	0	2.27701
1555	-53.5	25.5	59.266	968.931	8.25673	2.03	10.4	33.466	3.8558E-8	1	0	2.2575
1556	-53.5	26.5	59.703	968.838	8.24947	2.03	10.4	33.903	3.8492E-8	1	0	2.23744
1557	-53.5	27.5	60.154	968.767	8.24395	2.03	10.4	34.354	3.8441E-8	1	0	2.21688
1558	-53.5	28.5	60.618	968.72	8.24024	2.03	10.4	34.818	3.8408E-8	1	0	2.19586
1559	-53.5	29.5	61.094	968.696	8.23839	2.03	10.4	35.294	3.8391E-8	1	0	2.17442
1560	-52.5	-29.5	60.22	974.197	8.21961	2.03	10.4	34.42	3.8129E-8	1	0	2.22497
1561	-52.5	-28.5	59.737	974.223	8.22166	2.03	10.4	33.937	3.8148E-8	1	0	2.24805
1562	-52.5	-27.5	59.266	974.274	8.22577	2.03	10.4	33.466	3.8185E-8	1	0	2.27067
1563	-52.5	-26.5	58.809	974.349	8.23188	2.03	10.4	33.009	3.8241E-8	1	0	2.29281
1564	-52.5	-25.5	58.365	974.449	8.23993	2.03	10.4	32.565	3.8314E-8	1	0	2.31439
1565	-52.5	-24.5	57.935	974.572	8.24984	2.03	10.4	32.135	3.8404E-8	1	0	2.33539
1566	-52.5	-23.5	57.52	974.716	8.26151	2.03	10.4	31.72	3.8511E-8	1	0	2.35576
1567	-52.5	-22.5	57.118	974.881	8.27481	2.03	10.4	31.318	3.8632E-8	1	0	2.37546
1568	-52.5	-21.5	56.732	975.063	8.28961	2.03	10.4	30.932	3.8767E-8	1	0	2.39446
1569	-52.5	-20.5	56.36	975.262	8.30575	2.03	10.4	30.56	3.8915E-8	1	0	2.41273
1570	-52.5	-19.5	56.004	975.476	8.32307	2.03	10.4	30.204	3.9074E-8	1	0	2.43024
1571	-52.5	-18.5	55.664	975.701	8.34137	2.03	10.4	29.864	3.9243E-8	1	0	2.44696
1572	-52.5	-17.5	55.34	975.936	8.36047	2.03	10.4	29.54	3.9419E-8	1	0	2.46288
1573	-52.5	-16.5	55.032	976.178	8.38017	2.03	10.4	29.232	3.9601E-8	1	0	2.47798
1574	-52.5	-15.5	54.74	976.424	8.40024	2.03	10.4	28.94	3.9787E-8	1	0	2.49224
1575	-52.5	-14.5	54.466	976.672	8.42048	2.03	10.4	28.666	3.9974E-8	1	0	2.50564
1576	-52.5	-13.5	54.208	976.919	8.44065	2.03	10.4	28.408	4.0162E-8	1	0	2.51818
1577	-52.5	-12.5	53.968	977.162	8.46054	2.03	10.4	28.168	4.0348E-8	1	0	2.52985
1578	-52.5	-11.5	53.745	977.399	8.47993	2.03	10.4	27.945	4.0529E-8	1	0	2.54064
1579	-52.5	-10.5	53.54	977.626	8.49859	2.03	10.4	27.74	4.0703E-8	1	0	2.55054
1580	-52.5	-9.5	53.353	977.842	8.51632	2.03	10.4	27.553	4.087E-8	1	0	2.55955
1581	-52.5	-8.5	53.184	978.044	8.53292	2.03	10.4	27.384	4.1026E-8	1	0	2.56766
1582	-52.5	-7.5	53.033	978.229	8.5482	2.03	10.4	27.233	4.117E-8	1	0	2.57488
1583	-52.5	-6.5	52.901	978.397	8.56198	2.03	10.4	27.101	4.13E-8	1	0	2.58119
1584	-52.5	-5.5	52.787	978.544	8.57411	2.03	10.4	26.987	4.1414E-8	1	0	2.58661
1585	-52.5	-4.5	52.693	978.669	8.58444	2.03	10.4	26.893	4.1512E-8	1	0	2.59113
1586	-52.5	-3.5	52.617	978.771	8.59285	2.03	10.4	26.817	4.1592E-8	1	0	2.59474
1587	-52.5	-2.5	52.559	978.848	8.59924	2.03	10.4	26.759	4.1652E-8	1	0	2.59745
1588	-52.5	-1.5	52.521	978.9	8.60355	2.03	10.4	26.721	4.1693E-8	1	0	2.59925
1589	-52.5	-0.5	52.502	978.927	8.60571	2.03	10.4	26.702	4.1714E-8	1	0	2.60016
1590	-52.5	0.5	52.502	978.927	8.60571	2.03	10.4	26.702	4.1714E-8	1	0	2.60016
1591	-52.5	1.5	52.521	978.9	8.60355	2.03	10.4	26.721	4.1693E-8	1	0	2.59925
1592	-52.5	2.5	52.559	978.848	8.59924	2.03	10.4	26.759	4.1652E-8	1	0	2.59745
1593	-52.5	3.5	52.617	978.771	8.59285	2.03	10.4	26.817	4.1592E-8	1	0	2.59474
1594	-52.5	4.5	52.693	978.669	8.58444	2.03	10.4	26.893	4.1512E-8	1	0	2.59113
1595	-52.5	5.5	52.787	978.544	8.57411	2.03	10.4	26.987	4.1414E-8	1	0	2.58661
1596	-52.5	6.5	52.901	978.397	8.56198	2.03	10.4	27.101	4.13E-8	1	0	2.58119
1597	-52.5	7.5	53.033	978.229	8.5482	2.03	10.4	27.233	4.117E-8	1	0	2.57488
1598	-52.5	8.5	53.184	978.044	8.53292	2.03	10.4	27.384	4.1026E-8	1	0	2.56766
1599	-52.5	9.5	53.353	977.842	8.51632	2.03	10.4	27.553	4.087E-8	1	0	2.55955
1600	-52.5	10.5	53.54	977.626	8.49859	2.03	10.4	27.74	4.0703E-8	1	0	2.55054
1601	-52.5	11.5	53.745	977.399	8.47993	2.03	10.4	27.945	4.0529E-8	1	0	2.54064
1602	-52.5	12.5	53.968	977.162	8.46054	2.03	10.4	28.168	4.0348E-8	1	0	2.52985
1603	-52.5	13.5	54.208	976.919	8.44065	2.03	10.4	28.408	4.0162E-8	1	0	2.51818
1604	-52.5	14.5	54.466	976.672	8.42048	2.03	10.4	28.666	3.9974E-8	1	0	2.50564
1605	-52.5	15.5	54.74	976.424	8.40024	2.03	10.4	28.94	3.9787E-8	1	0	2.49224
1606	-52.5	16.5	55.032	976.178	8.38017	2.03	10.4	29.232	3.9601E-8	1	0	2.47798
1607	-52.5	17.5	55.34	975.936	8.36047	2.03	10.4	29.54	3.9419E-8	1	0	2.46288
1608	-52.5	18.5	55.664	975.701	8.34137	2.03	10.4	29.864	3.9243E-8	1	0	2.44696
1609	-52.5	19.5	56.004	975.476	8.32307	2.03	10.4	30.204	3.9074E-8	1	0	2.43024
1610	-52.5	20.5	56.36	975.262	8.30575	2.03	10.4	30.56	3.8915E-8	1	0	2.41273
1611	-52.5	21.5	56.732	975.063	8.28961	2.03	10.4	30.932	3.8767E-8	1	0	2.39446
1612	-52.5	22.5	57.118	974.881	8.27481	2.03	10.4	31.318	3.8632E-8	1	0	2.37546
1613	-52.5	23.5	57.52	974.716	8.26151	2.03	10.4	31.72	3.8511E-8	1	0	2.35576
1614	-52.5	24.5	57.935	974.572	8.24984	2.03	10.4	32.135	3.8404E-8	1	0	2.33539
1615	-52.5	25.5	58.365	974.449	8.23993	2.03	10.4	32.565	3.8314E-8	1	0	2.31439
1616	-52.5	26.5	58.809	974.349	8.23188	2.03	10.4	33.009	3.8241E-8	1	0	2.29281
1617	-52.5	27.5	59.266	974.274	8.22577	2.03	10.4	33.466	3.8185E-8	1	0	2.27067
1618	-52.5	28.5	59.737	974.223	8.22166	2.03	10.4	33.937	3.8148E-8	1	0	2.24805
1619	-52.5	29.5	60.22	974.197	8.21961	2.03	10.4	34.42	3.8129E-8	1	0	2.22497
1620	-51.5	-29.5	59.351	979.47	8.19881	2.03	10.4	33.551	3.7854E-8	1	0	2.2784
1621	-51.5	-28.5	58.86	979.497	8.20107	2.03	10.4	33.06	3.7874E-8	1	0	2.30327
1622	-51.5	-27.5	58.382	979.552	8.20562	2.03	10.4	32.582	3.7915E-8	1	0	2.32766
1623	-51.5	-26.5	57.918	979.633	8.2124	2.03	10.4	32.118	3.7977E-8	1	0	2.35152
1624	-51.5	-25.5	57.467	979.74	8.22132	2.03	10.4	31.667	3.8057E-8	1	0	2.37479
1625	-51.5	-24.5	57.031	979.871	8.2323	2.03	10.4	31.231	3.8157E-8	1	0	2.39742
1626	-51.5	-23.5	56.608	980.026	8.24522	2.03	10.4	30.808	3.8275E-8	1	0	2.41937
1627	-51.5	-22.5	56.201	980.202	8.25997	2.03	10.4	30.401	3.8409E-8	1	0	2.44061
1628	-51.5	-21.5	55.808	980.398	8.27637	2.03	10.4	30.008	3.8558E-8	1	0	2.46108
1629	-51.5	-20.5	55.43	980.612	8.29427	2.03	10.4	29.63	3.8722E-8	1	0	2.48076
1630	-51.5	-19.5	55.068	980.841	8.31347	2.03	10.4	29.268	3.8898E-8	1	0	2.49963
1631	-51.5	-18.5	54.722	981.082	8.33378	2.03	10.4	28.922	3.9084E-8	1	0	2.51764
1632	-51.5	-17.5	54.392	981.334	8.35497	2.03	10.4	28.592	3.9279E-8	1	0	2.53479
1633	-51.5	-16.5	54.079	981.593	8.37683	2.03	10.4	28.279	3.9481E-8	1	0	2.55105
1634	-51.5	-15.5	53.782	981.858	8.39912	2.03	10.4	27.982	3.9687E-8	1	0	2.5664
1635	-51.5	-14.5	53.502	982.123	8.42159	2.03	10.4	27.702	3.9895E-8	1	0	2.58083
1636	-51.5	-13.5	53.24	982.388	8.44399	2.03	10.4	27.44	4.0103E-8	1	0	2.59434
1637	-51.5	-12.5	52.995	982.649	8.46609	2.03	10.4	27.195	4.0309E-8	1	0	2.6069
1638	-51.5	-11.5	52.768	982.903	8.48764	2.03	10.4	26.968	4.051E-8	1	0	2.61851
1639	-51.5	-10.5	52.559	983.147	8.50839	2.03	10.4	26.759	4.0704E-8	1	0	2.62916
1640	-51.5	-9.5	52.369	983.378	8.5281	2.03	10.4	26.569	4.0889E-8	1	0	2.63886
1641	-51.5	-8.5	52.197	983.595	8.54657	2.03	10.4	26.397	4.1063E-8	1	0	2.6476
1642	-51.5	-7.5	52.043	983.794	8.56356	2.03	10.4	26.243	4.1223E-8	1	0	2.65536
1643	-51.5	-6.5	51.909	983.974	8.57889	2.03	10.4	26.109	4.1367E-8	1	0	2.66216
1644	-51.5	-5.5	51.793	984.132	8.59238	2.03	10.4	25.993	4.1495E-8	1	0	2.66799
1645	-51.5	-4.5	51.696	984.266	8.60388	2.03	10.4	25.896	4.1604E-8	1	0	2.67285
1646	-51.5	-3.5	51.619	984.375	8.61324	2.03	10.4	25.819	4.1692E-8	1	0	2.67674
1647	-51.5	-2.5	51.561	984.458	8.62036	2.03	10.4	25.761	4.176E-8	1	0	2.67966
1648	-51.5	-1.5	51.522	984.514	8.62515	2.03	10.4	25.722	4.1805E-8	1	0	2.6816
1649	-51.5	-0.5	51.502	984.542	8.62756	2.03	10.4	25.702	4.1828E-8	1	0	2.68257
1650	-51.5	0.5	51.502	984.542	8.62756	2.03	10.4	25.702	4.1828E-8	1	0	2.68257
1651	-51.5	1.5	51.522	984.514	8.62515	2.03	10.4	25.722	4.1805E-8	1	0	2.6816
1652	-51.5	2.5	51.561	984.458	8.62036	2.03	10.4	25.761	4.176E-8	1	0	2.67966
1653	-51.5	3.5	51.619	984.375	8.61324	2.03	10.4	25.819	4.1692E-8	1	0	2.67674
1654	-51.5	4.5	51.696	984.266	8.60388	2.03	10.4	25.896	4.1604E-8	1	0	2.67285
1655	-51.5	5.5	51.793	984.132	8.59238	2.03	10.4	25.993	4.1495E-8	1	0	2.66799
1656	-51.5	6.5	51.909	983.974	8.57889	2.03	10.4	26.109	4.1367E-8	1	0	2.66216
1657	-51.5	7.5	52.043	983.794	8.56356	2.03	10.4	26.243	4.1223E-8	1	0	2.65536
1658	-51.5	8.5	52.197	983.595	8.54657	2.03	10.4	26.397	4.1063E-8	1	0	2.6476
1659	-51.5	9.5	52.369	983.378	8.5281	2.03	10.4	26.569	4.0889E-8	1	0	2.63886
1660	-51.5	10.5	52.559	983.147	8.50839	2.03	10.4	26.759	4.0704E-8	1	0	2.62916
1661	-51.5	11.5	52.768	982.903	8.48764	2.03	10.4	26.968	4.051E-8	1	0	2.61851
1662	-51.5	12.5	52.995	982.649	8.46609	2.03	10.4	27.195	4.0309E-8	1	0	2.6069
1663	-51.5	13.5	53.24	982.388	8.44399	2.03	10.4	27.44	4.0103E-8	1	0	2.59434
1664	-51.5	14.5	53.502	982.123	8.42159	2.03	10.4	27.702	3.9895E-8	1	0	2.58083
1665	-51.5	15.5	53.782	981.858	8.39912	2.03	10.4	27.982	3.9687E-8	1	0	2.5664
1666	-51.5	16.5	54.079	981.593	8.37683	2.03	10.4	28.279	3.9481E-8	1	0	2.55105
1667	-51.5	17.5	54.392	981.334	8.35497	2.03	10.4	28.592	3.9279E-8	1	0	2.53479
1668	-51.5	18.5	54.722	981.082	8.33378	2.03	10.4	28.922	3.9084E-8	1	0	2.51764
1669	-51.5	19.5	55.068	980.841	8.31347	2.03	10.4	29.268	3.8898E-8	1	0	2.49963
1670	-51.5	20.5	55.43	980.612	8.29427	2.03	10.4	29.63	3.8722E-8	1	0	2.48076
1671	-51.5	21.5	55.808	980.398	8.27637	2.03	10.4	30.008	3.8558E-8	1	0	2.46108
1672	-51.5	22.5	56.201	980.202	8.25997	2.03	10.4	30.401	3.8409E-8	1	0	2.44061
1673	-51.5	23.5	56.608	980.026	8.24522	2.03	10.4	30.808	3.8275E-8	1	0	2.41937
1674	-51.5	24.5	57.031	979.871	8.2323	2.03	10.4	31.231	3.8157E-8	1	0	2.39742
1675	-51.5	25.5	57.467	979.74	8.22132	2.03	10.4	31.667	3.8057E-8	1	0	2.37479
1676	-51.5	26.5	57.918	979.633	8.2124	2.03	10.4	32.118	3.7977E-8	1	0	2.35152
1677	-51.5	27.5	58.382	979.552	8.20562	2.03	10.4	32.582	3.7915E-8	1	0	2.32766
1678	-51.5	28.5	58.86	979.497	8.20107	2.03	10.4	33.06	3.7874E-8	1	0	2.30327
1679	-51.5	29.5	59.351	979.47	8.19881	2.03	10.4	33.551	3.7854E-8	1	0	2.2784
1680	-50.5	-29.5	58.485	984.514	8.17578	2.03	10.4	32.685	3.7563E-8	1	0	2.33499
1681	-50.5	-28.5	57.987	984.543	8.17828	2.03	10.4	32.187	3.7585E-8	1	0	2.36184
1682	-50.5	-27.5	57.502	984.602	8.18332	2.03	10.4	31.702	3.7631E-8	1	0	2.38817
1683	-50.5	-26.5	57.031	984.689	8.19082	2.03	10.4	31.231	3.7698E-8	1	0	2.41392
1684	-50.5	-25.5	56.573	984.803	8.2007	2.03	10.4	30.773	3.7787E-8	1	0	2.43903
1685	-50.5	-24.5	56.129	984.944	8.21286	2.03	10.4	30.329	3.7897E-8	1	0	2.46346
1686	-50.5	-23.5	55.7	985.11	8.22718	2.03	10.4	29.9	3.8027E-8	1	0	2.48716
1687	-50.5	-22.5	55.286	985.298	8.24352	2.03	10.4	29.486	3.8175E-8	1	0	2.51008
1688	-50.5	-21.5	54.886	985.508	8.2617	2.03	10.4	29.086	3.834E-8	1	0	2.53218
1689	-50.5	-20.5	54.502	985.737	8.28154	2.03	10.4	28.702	3.8521E-8	1	0	2.55342
1690	-50.5	-19.5	54.134	985.982	8.30283	2.03	10.4	28.334	3.8715E-8	1	0	2.57377
1691	-50.5	-18.5	53.782	986.241	8.32536	2.03	10.4	27.982	3.8922E-8	1	0	2.59321
1692	-50.5	-17.5	53.446	986.51	8.34887	2.03	10.4	27.646	3.9137E-8	1	0	2.61171
1693	-50.5	-16.5	53.127	986.788	8.37313	2.03	10.4	27.327	3.9361E-8	1	0	2.62925
1694	-50.5	-15.5	52.825	987.071	8.39787	2.03	10.4	27.025	3.9589E-8	1	0	2.64581
1695	-50.5	-14.5	52.54	987.356	8.42282	2.03	10.4	26.74	3.982E-8	1	0	2.66138
1696	-50.5	-13.5	52.273	987.64	8.44771	2.03	10.4	26.473	4.0051E-8	1	0	2.67595
1697	-50.5	-12.5	52.024	987.919	8.47226	2.03	10.4	26.224	4.0279E-8	1	0	2.68949
1698	-50.5	-11.5	51.793	988.191	8.49621	2.03	10.4	25.993	4.0503E-8	1	0	2.70202
1699	-50.5	-10.5	51.58	988.452	8.51927	2.03	10.4	25.78	4.0718E-8	1	0	2.71351
1700	-50.5	-9.5	51.386	988.701	8.5412	2.03	10.4	25.586	4.0924E-8	1	0	2.72398
1701	-50.5	-8.5	51.21	988.933	8.56173	2.03	10.4	25.41	4.1117E-8	1	0	2.7334
1702	-50.5	-7.5	51.054	989.146	8.58064	2.03	10.4	25.254	4.1295E-8	1	0	2.74178
1703	-50.5	-6.5	50.917	989.339	8.5977	2.03	10.4	25.117	4.1456E-8	1	0	2.74911
1704	-50.5	-5.5	50.799	989.508	8.61272	2.03	10.4	24.999	4.1598E-8	1	0	2.7554
1705	-50.5	-4.5	50.7	989.652	8.62552	2.03	10.4	24.9	4.172E-8	1	0	2.76065
1706	-50.5	-3.5	50.621	989.769	8.63594	2.03	10.4	24.821	4.1818E-8	1	0	2.76484
1707	-50.5	-2.5	50.562	989.858	8.64387	2.03	10.4	24.762	4.1894E-8	1	0	2.76799
1708	-50.5	-1.5	50.522	989.918	8.6492	2.03	10.4	24.722	4.1944E-8	1	0	2.77009
1709	-50.5	-0.5	50.502	989.948	8.65189	2.03	10.4	24.702	4.197E-8	1	0	2.77114
1710	-50.5	0.5	50.502	989.948	8.65189	2.03	10.4	24.702	4.197E-8	1	0	2.77114
1711	-50.5	1.5	50.522	989.918	8.6492	2.03	10.4	24.722	4.1944E-8	1	0	2.77009
1712	-50.5	2.5	50.562	989.858	8.64387	2.03	10.4	24.762	4.1894E-8	1	0	2.76799
1713	-50.5	3.5	50.621	989.769	8.63594	2.03	10.4	24.821	4.1818E-8	1	0	2.76484
1714	-50.5	4.5	50.7	989.652	8.62552	2.03	10.4	24.9	4.172E-8	1	0	2.76065
1715	-50.5	5.5	50.799	989.508	8.61272	2.03	10.4	24.999	4.1598E-8	1	0	2.7554
1716	-50.5	6.5	50.917	989.339	8.5977	2.03	10.4	25.117	4.1456E-8	1	0	2.74911
1717	-50.5	7.5	51.054	989.146	8.58064	2.03	10.4	25.254	4.1295E-8	1	0	2.74178
1718	-50.5	8.5	51.21	988.933	8.56173	2.03	10.4	25.41	4.1117E-8	1	0	2.7334
1719	-50.5	9.5	51.386	988.701	8.5412	2.03	10.4	25.586	4.0924E-8	1	0	2.72398
1720	-50.5	10.5	51.58	988.452	8.51927	2.03	10.4	25.78	4.0718E-8	1	0	2.71351
1721	-50.5	11.5	51.793	988.191	8.49621	2.03	10.4	25.993	4.0503E-8	1	0	2.70202
1722	-50.5	12.5	52.024	987.919	8.47226	2.03	10.4	26.224	4.0279E-8	1	0	2.68949
1723	-50.5	13.5	52.273	987.64	8.44771	2.03	10.4	26.473	4.0051E-8	1	0	2.67595
1724	-50.5	14.5	52.54	987.356	8.42282	2.03	10.4	26.74	3.982E-8	1	0	2.66138
1725	-50.5	15.5	52.825	987.071	8.39787	2.03	10.4	27.025	3.9589E-8	1	0	2.64581
1726	-50.5	16.5	53.127	986.788	8.37313	2.03	10.4	27.327	3.9361E-8	1	0	2.62925
1727	-50.5	17.5	53.446	986.51	8.34887	2.03	10.4	27.646	3.9137E-8	1	0	2.61171
1728	-50.5	18.5	53.782	986.241	8.32536	2.03	10.4	27.982	3.8922E-8	1	0	2.59321
1729	-50.5	19.5	54.134	985.982	8.30283	2.03	10.4	28.334	3.8715E-8	1	0	2.57377
1730	-50.5	20.5	54.502	985.737	8.28154	2.03	10.4	28.702	3.8521E-8	1	0	2.55342
1731	-50.5	21.5	54.886	985.508	8.2617	2.03	10.4	29.086	3.834E-8	1	0	2.53218
1732	-50.5	22.5	55.286	985.298	8.24352	2.03	10.4	29.486	3.8175E-8	1	0	2.51008
1733	-50.5	23.5	55.7	985.11	8.22718	2.03	10.4	29.9	3.8027E-8	1	0	2.48716
1734	-50.5	24.5	56.129	984.944	8.21286	2.03	10.4	30.329	3.7897E-8	1	0	2.46346
1735	-50.5	25.5	56.573	984.803	8.2007	2.03	10.4	30.773	3.7787E-8	1	0	2.43903
1736	-50.5	26.5	57.031	984.689	8.19082	2.03	10.4	31.231	3.7698E-8	1	0	2.41392
1737	-50.5	27.5	57.502	984.602	8.18332	2.03	10.4	31.702	3.7631E-8	1	0	2.38817
1738	-50.5	28.5	57.987	984.543	8.17828	2.03	10.4	32.187	3.7585E-8	1	0	2.36184
1739	-50.5	29.5	58.485	984.514	8.17578	2.03	10.4	32.685	3.7563E-8	1	0	2.33499
1740	-49.5	-29.5	57.624	989.331	8.15029	2.03	10.4	31.824	3.7254E-8	1	0	2.39506
1741	-49.5	-28.5	57.118	989.363	8.15306	2.03	10.4	31.318	3.7279E-8	1	0	2.42408
1742	-49.5	-27.5	56.626	989.425	8.15864	2.03	10.4	30.826	3.7329E-8	1	0	2.45254
1743	-49.5	-26.5	56.147	989.518	8.16694	2.03	10.4	30.347	3.7403E-8	1	0	2.48038
1744	-49.5	-25.5	55.682	989.64	8.17788	2.03	10.4	29.882	3.7502E-8	1	0	2.50753
1745	-49.5	-24.5	55.231	989.791	8.19134	2.03	10.4	29.431	3.7623E-8	1	0	2.53394
1746	-49.5	-23.5	54.795	989.968	8.2072	2.03	10.4	28.995	3.7766E-8	1	0	2.55956
1747	-49.5	-22.5	54.374	990.17	8.2253	2.03	10.4	28.574	3.793E-8	1	0	2.58434
1748	-49.5	-21.5	53.968	990.394	8.24544	2.03	10.4	28.168	3.8112E-8	1	0	2.60823
1749	-49.5	-20.5	53.577	990.639	8.26743	2.03	10.4	27.777	3.8312E-8	1	0	2.63119
1750	-49.5	-19.5	53.202	990.901	8.29104	2.03	10.4	27.402	3.8527E-8	1	0	2.65319
1751	-49.5	-18.5	52.844	991.177	8.31601	2.03	10.4	27.044	3.8755E-8	1	0	2.6742
1752	-49.5	-17.5	52.502	991.466	8.3421	2.03	10.4	26.702	3.8993E-8	1	0	2.6942
1753	-49.5	-16.5	52.178	991.763	8.36902	2.03	10.4	26.378	3.9241E-8	1	0	2.71316
1754	-49.5	-15.5	51.87	992.066	8.39648	2.03	10.4	26.07	3.9494E-8	1	0	2.73106
1755	-49.5	-14.5	51.58	992.37	8.42418	2.03	10.4	25.78	3.975E-8	1	0	2.74789
1756	-49.5	-13.5	51.308	992.674	8.45183	2.03	10.4	25.508	4.0006E-8	1	0	2.76363
1757	-49.5	-12.5	51.054	992.973	8.47911	2.03	10.4	25.254	4.026E-8	1	0	2.77828
1758	-49.5	-11.5	50.818	993.264	8.50573	2.03	10.4	25.018	4.0508E-8	1	0	2.79182
1759	-49.5	-10.5	50.601	993.544	8.53137	2.03	10.4	24.801	4.0748E-8	1	0	2.80425
1760	-49.5	-9.5	50.403	993.809	8.55576	2.03	10.4	24.603	4.0976E-8	1	0	2.81556
1761	-49.5	-8.5	50.224	994.058	8.57861	2.03	10.4	24.424	4.1191E-8	1	0	2.82575
1762	-49.5	-7.5	50.065	994.286	8.59965	2.03	10.4	24.265	4.139E-8	1	0	2.83482
1763	-49.5	-6.5	49.925	994.492	8.61864	2.03	10.4	24.125	4.1569E-8	1	0	2.84275
1764	-49.5	-5.5	49.805	994.673	8.63535	2.03	10.4	24.005	4.1727E-8	1	0	2.84956
1765	-49.5	-4.5	49.704	994.827	8.6496	2.03	10.4	23.904	4.1862E-8	1	0	2.85523
1766	-49.5	-3.5	49.624	994.953	8.66121	2.03	10.4	23.824	4.1973E-8	1	0	2.85977
1767	-49.5	-2.5	49.563	995.048	8.67004	2.03	10.4	23.763	4.2057E-8	1	0	2.86318
1768	-49.5	-1.5	49.523	995.112	8.67598	2.03	10.4	23.723	4.2113E-8	1	0	2.86545
1769	-49.5	-0.5	49.503	995.145	8.67897	2.03	10.4	23.703	4.2142E-8	1	0	2.86659
1770	-49.5	0.5	49.503	995.145	8.67897	2.03	10.4	23.703	4.2142E-8	1	0	2.86659
1771	-49.5	1.5	49.523	995.112	8.67598	2.03	10.4	23.723	4.2113E-8	1	0	2.86545
1772	-49.5	2.5	49.563	995.048	8.67004	2.03	10.4	23.763	4.2057E-8	1	0	2.86318
1773	-49.5	3.5	49.624	994.953	8.66121	2.03	10.4	23.824	4.1973E-8	1	0	2.85977
1774	-49.5	4.5	49.704	994.827	8.6496	2.03	10.4	23.904	4.1862E-8	1	0	2.85523
1775	-49.5	5.5	49.805	994.673	8.63535	2.03	10.4	24.005	4.1727E-8	1	0	2.84956
1776	-49.5	6.5	49.925	994.492	8.61864	2.03	10.4	24.125	4.1569E-8	1	0	2.84275
1777	-49.5	7.5	50.065	994.286	8.59965	2.03	10.4	24.265	4.139E-8	1	0	2.83482
1778	-49.5	8.5	50.224	994.058	8.57861	2.03	10.4	24.424	4.1191E-8	1	0	2.82575
1779	-49.5	9.5	50.403	993.809	8.55576	2.03	10.4	24.603	4.0976E-8	1	0	2.81556
1780	-49.5	10.5	50.601	993.544	8.53137	2.03	10.4	24.801	4.0748E-8	1	0	2.80425
1781	-49.5	11.5	50.818	993.264	8.50573	2.03	10.4	25.018	4.0508E-8	1	0	2.79182
1782	-49.5	12.5	51.054	992.973	8.47911	2.03	10.4	25.254	4.026E-8	1	0	2.77828
1783	-49.5	13.5	51.308	992.674	8.45183	2.03	10.4	25.508	4.0006E-8	1	0	2.76363
1784	-49.5	14.5	51.58	992.37	8.42418	2.03	10.4	25.78	3.975E-8	1	0	2.74789
1785	-49.5	15.5	51.87	992.066	8.39648	2.03	10.4	26.07	3.9494E-8	1	0	2.73106
1786	-49.5	16.5	52.178	991.763	8.36902	2.03	10.4	26.378	3.9241E-8	1	0	2.71316
1787	-49.5	17.5	52.502	991.466	8.3421	2.03	10.4	26.702	3.8993E-8	1	0	2.6942
1788	-49.5	18.5	52.844	991.177	8.31601	2.03	10.4	27.044	3.8755E-8	1	0	2.6742
1789	-49.5	19.5	53.202	990.901	8.29104	2.03	10.4	27.402	3.8527E-8	1	0	2.65319
1790	-49.5	20.5	53.577	990.639	8.26743	2.03	10.4	27.777	3.8312E-8	1	0	2.63119
1791	-49.5	21.5	53.968	990.394	8.24544	2.03	10.4	28.168	3.8112E-8	1	0	2.60823
1792	-49.5	22.5	54.374	990.17	8.2253	2.03	10.4	28.574	3.793E-8	1	0	2.58434
1793	-49.5	23.5	54.795	989.968	8.2072	2.03	10.4	28.995	3.7766E-8	1	0	2.55956
1794	-49.5	24.5	55.231	989.791	8.19134	2.03	10.4	29.431	3.7623E-8	1	0	2.53394
1795	-49.5	25.5	55.682	989.64	8.17788	2.03	10.4	29.882	3.7502E-8	1	0	2.50753
1796	-49.5	26.5	56.147	989.518	8.16694	2.03	10.4	30.347	3.7403E-8	1	0	2.48038
1797	-49.5	27.5	56.626	989.425	8.15864	2.03	10.4	30.826	3.7329E-8	1	0	2.45254
1798	-49.5	28.5	57.118	989.363	8.15306	2.03	10.4	31.318	3.7279E-8	1	0	2.42408
1799	-49.5	29.5	57.624	989.331	8.15029	2.03	10.4	31.824	3.7254E-8	1	0	2.39506
1800	-48.5	-29.5	56.767	993.922	8.12208	2.03	10.4	30.967	3.6926E-8	1	0	2.45895
1801	-48.5	-28.5	56.254	993.956	8.12514	2.03	10.4	30.454	3.6953E-8	1	0	2.49037
1802	-48.5	-27.5	55.754	994.022	8.13132	2.03	10.4	29.954	3.7008E-8	1	0	2.52118
1803	-48.5	-26.5	55.268	994.121	8.1405	2.03	10.4	29.468	3.709E-8	1	0	2.55132
1804	-48.5	-25.5	54.795	994.252	8.15261	2.03	10.4	28.995	3.7199E-8	1	0	2.58073
1805	-48.5	-24.5	54.337	994.413	8.16752	2.03	10.4	28.537	3.7333E-8	1	0	2.60933
1806	-48.5	-23.5	53.893	994.602	8.18508	2.03	10.4	28.093	3.749E-8	1	0	2.63707
1807	-48.5	-22.5	53.465	994.817	8.20512	2.03	10.4	27.665	3.7671E-8	1	0	2.6639
1808	-48.5	-21.5	53.052	995.057	8.22743	2.03	10.4	27.252	3.7872E-8	1	0	2.68977
1809	-48.5	-20.5	52.655	995.318	8.2518	2.03	10.4	26.855	3.8093E-8	1	0	2.71464
1810	-48.5	-19.5	52.273	995.598	8.27796	2.03	10.4	26.473	3.833E-8	1	0	2.73847
1811	-48.5	-18.5	51.909	995.893	8.30566	2.03	10.4	26.109	3.8582E-8	1	0	2.76123
1812	-48.5	-17.5	51.561	996.201	8.33459	2.03	10.4	25.761	3.8846E-8	1	0	2.78289
1813	-48.5	-16.5	51.23	996.519	8.36445	2.03	10.4	25.43	3.912E-8	1	0	2.80342
1814	-48.5	-15.5	50.917	996.842	8.39493	2.03	10.4	25.117	3.94E-8	1	0	2.82282
1815	-48.5	-14.5	50.621	997.167	8.4257	2.03	10.4	24.821	3.9684E-8	1	0	2.84105
1816	-48.5	-13.5	50.344	997.492	8.45641	2.03	10.4	24.544	3.9969E-8	1	0	2.85811
1817	-48.5	-12.5	50.085	997.811	8.48673	2.03	10.4	24.285	4.0251E-8	1	0	2.87398
1818	-48.5	-11.5	49.845	998.122	8.51631	2.03	10.4	24.045	4.0526E-8	1	0	2.88866
1819	-48.5	-10.5	49.624	998.421	8.54483	2.03	10.4	23.824	4.0793E-8	1	0	2.90213
1820	-48.5	-9.5	49.422	998.705	8.57195	2.03	10.4	23.622	4.1048E-8	1	0	2.9144
1821	-48.5	-8.5	49.239	998.97	8.59737	2.03	10.4	23.439	4.1287E-8	1	0	2.92545
1822	-48.5	-7.5	49.076	999.214	8.62079	2.03	10.4	23.276	4.1508E-8	1	0	2.93529
1823	-48.5	-6.5	48.934	999.434	8.64193	2.03	10.4	23.134	4.1708E-8	1	0	2.9439
1824	-48.5	-5.5	48.811	999.628	8.66055	2.03	10.4	23.011	4.1884E-8	1	0	2.95129
1825	-48.5	-4.5	48.708	999.793	8.67642	2.03	10.4	22.908	4.2035E-8	1	0	2.95745
1826	-48.5	-3.5	48.626	999.927	8.68935	2.03	10.4	22.826	4.2158E-8	1	0	2.96238
1827	-48.5	-2.5	48.564	1000.029	8.69919	2.03	10.4	22.764	4.2252E-8	1	0	2.96608
1828	-48.5	-1.5	48.523	1000.097	8.70581	2.03	10.4	22.723	4.2315E-8	1	0	2.96854
1829	-48.5	-0.5	48.503	1000.132	8.70914	2.03	10.4	22.703	4.2347E-8	1	0	2.96978
1830	-48.5	0.5	48.503	1000.132	8.70914	2.03	10.4	22.703	4.2347E-8	1	0	2.96978
1831	-48.5	1.5	48.523	1000.097	8.70581	2.03	10.4	22.723	4.2315E-8	1	0	2.96854
1832	-48.5	2.5	48.564	1000.029	8.69919	2.03	10.4	22.764	4.2252E-8	1	0	2.96608
1833	-48.5	3.5	48.626	999.927	8.68935	2.03	10.4	22.826	4.2158E-8	1	0	2.96238
1834	-48.5	4.5	48.708	999.793	8.67642	2.03	10.4	22.908	4.2035E-8	1	0	2.95745
1835	-48.5	5.5	48.811	999.628	8.66055	2.03	10.4	23.011	4.1884E-8	1	0	2.95129
1836	-48.5	6.5	48.934	999.434	8.64193	2.03	10.4	23.134	4.1708E-8	1	0	2.9439
1837	-48.5	7.5	49.076	999.214	8.62079	2.03	10.4	23.276	4.1508E-8	1	0	2.93529
1838	-48.5	8.5	49.239	998.97	8.59737	2.03	10.4	23.439	4.1287E-8	1	0	2.92545
1839	-48.5	9.5	49.422	998.705	8.57195	2.03	10.4	23.622	4.1048E-8	1	0	2.9144
1840	-48.5	10.5	49.624	998.421	8.54483	2.03	10.4	23.824	4.0793E-8	1	0	2.90213
1841	-48.5	11.5	49.845	998.122	8.51631	2.03	10.4	24.045	4.0526E-8	1	0	2.88866
1842	-48.5	12.5	50.085	997.811	8.48673	2.03	10.4	24.285	4.0251E-8	1	0	2.87398
1843	-48.5	13.5	50.344	997.492	8.45641	2.03	10.4	24.544	3.9969E-8	1	0	2.85811
1844	-48.5	14.5	50.621	997.167	8.4257	2.03	10.4	24.821	3.9684E-8	1	0	2.84105
1845	-48.5	15.5	50.917	996.842	8.39493	2.03	10.4	25.117	3.94E-8	1	0	2.82282
1846	-48.5	16.5	51.23	996.519	8.36445	2.03	10.4	25.43	3.912E-8	1	0	2.80342
1847	-48.5	17.5	51.561	996.201	8.33459	2.03	10.4	25.761	3.8846E-8	1	0	2.78289
1848	-48.5	18.5	51.909	995.893	8.30566	2.03	10.4	26.109	3.8582E-8	1	0	2.76123
1849	-48.5	19.5	52.273	995.598	8.27796	2.03	10.4	26.473	3.833E-8	1	0	2.73847
1850	-48.5	20.5	52.655	995.318	8.2518	2.03	10.4	26.855	3.8093E-8	1	0	2.71464
1851	-48.5	21.5	53.052	995.057	8.22743	2.03	10.4	27.252	3.7872E-8	1	0	2.68977
1852	-48.5	22.5	53.465	994.817	8.20512	2.03	10.4	27.665	3.7671E-8	1	0	2.6639
1853	-48.5	23.5	53.893	994.602	8.18508	2.03	10.4	28.093	3.749E-8	1	0	2.63707
1854	-48.5	24.5	54.337	994.413	8.16752	2.03	10.4	28.537	3.7333E-8	1	0	2.60933
1855	-48.5	25.5	54.795	994.252	8.15261	2.03	10.4	28.995	3.7199E-8	1	0	2.58073
1856	-48.5	26.5	55.268	994.121	8.1405	2.03	10.4	29.468	3.709E-8	1	0	2.55132
1857	-48.5	27.5	55.754	994.022	8.13132	2.03	10.4	29.954	3.7008E-8	1	0	2.52118
1858	-48.5	28.5	56.254	993.956	8.12514	2.03	10.4	30.454	3.6953E-8	1	0	2.49037
1859	-48.5	29.5	56.767	993.922	8.12208	2.03	10.4	30.967	3.6926E-8	1	0	2.45895
1860	-47.5	-29.5	55.915	998.287	8.09089	2.03	10.4	30.115	3.6576E-8	1	0	2.52706
1861	-47.5	-28.5	55.394	998.323	8.09427	2.03	10.4	29.594	3.6606E-8	1	0	2.56113
1862	-47.5	-27.5	54.886	998.394	8.1011	2.03	10.4	29.086	3.6667E-8	1	0	2.59454
1863	-47.5	-26.5	54.392	998.5	8.11126	2.03	10.4	28.592	3.6757E-8	1	0	2.62723
1864	-47.5	-25.5	53.912	998.639	8.12465	2.03	10.4	28.112	3.6877E-8	1	0	2.65913
1865	-47.5	-24.5	53.446	998.81	8.14115	2.03	10.4	27.646	3.7024E-8	1	0	2.69016
1866	-47.5	-23.5	52.995	999.012	8.16058	2.03	10.4	27.195	3.7198E-8	1	0	2.72025
1867	-47.5	-22.5	52.559	999.242	8.18277	2.03	10.4	26.759	3.7397E-8	1	0	2.74936
1868	-47.5	-21.5	52.139	999.497	8.20748	2.03	10.4	26.339	3.7619E-8	1	0	2.77743
1869	-47.5	-20.5	51.735	999.775	8.23447	2.03	10.4	25.935	3.7862E-8	1	0	2.80442
1870	-47.5	-19.5	51.347	1000.073	8.26347	2.03	10.4	25.547	3.8125E-8	1	0	2.83028
1871	-47.5	-18.5	50.975	1000.389	8.29417	2.03	10.4	25.175	3.8403E-8	1	0	2.85498
1872	-47.5	-17.5	50.621	1000.717	8.32626	2.03	10.4	24.821	3.8696E-8	1	0	2.87849
1873	-47.5	-16.5	50.284	1001.056	8.35939	2.03	10.4	24.484	3.8999E-8	1	0	2.90079
1874	-47.5	-15.5	49.965	1001.4	8.39322	2.03	10.4	24.165	3.9309E-8	1	0	2.92185
1875	-47.5	-14.5	49.664	1001.748	8.42738	2.03	10.4	23.864	3.9624E-8	1	0	2.94165
1876	-47.5	-13.5	49.381	1002.093	8.46149	2.03	10.4	23.581	3.994E-8	1	0	2.96019
1877	-47.5	-12.5	49.117	1002.434	8.49518	2.03	10.4	23.317	4.0253E-8	1	0	2.97744
1878	-47.5	-11.5	48.872	1002.766	8.52807	2.03	10.4	23.072	4.056E-8	1	0	2.9934
1879	-47.5	-10.5	48.647	1003.085	8.55979	2.03	10.4	22.847	4.0856E-8	1	0	3.00805
1880	-47.5	-9.5	48.441	1003.387	8.58997	2.03	10.4	22.641	4.114E-8	1	0	3.0214
1881	-47.5	-8.5	48.255	1003.671	8.61826	2.03	10.4	22.455	4.1406E-8	1	0	3.03343
1882	-47.5	-7.5	48.088	1003.931	8.64433	2.03	10.4	22.288	4.1653E-8	1	0	3.04413
1883	-47.5	-6.5	47.943	1004.166	8.66788	2.03	10.4	22.143	4.1876E-8	1	0	3.05351
1884	-47.5	-5.5	47.817	1004.372	8.68861	2.03	10.4	22.017	4.2073E-8	1	0	3.06156
1885	-47.5	-4.5	47.713	1004.548	8.70629	2.03	10.4	21.913	4.2241E-8	1	0	3.06827
1886	-47.5	-3.5	47.629	1004.691	8.7207	2.03	10.4	21.829	4.2378E-8	1	0	3.07365
1887	-47.5	-2.5	47.566	1004.8	8.73166	2.03	10.4	21.766	4.2483E-8	1	0	3.07768
1888	-47.5	-1.5	47.524	1004.873	8.73904	2.03	10.4	21.724	4.2554E-8	1	0	3.08037
1889	-47.5	-0.5	47.503	1004.91	8.74276	2.03	10.4	21.703	4.2589E-8	1	0	3.08172
1890	-47.5	0.5	47.503	1004.91	8.74276	2.03	10.4	21.703	4.2589E-8	1	0	3.08172
1891	-47.5	1.5	47.524	1004.873	8.73904	2.03	10.4	21.724	4.2554E-8	1	0	3.08037
1892	-47.5	2.5	47.566	1004.8	8.73166	2.03	10.4	21.766	4.2483E-8	1	0	3.07768
1893	-47.5	3.5	47.629	1004.691	8.7207	2.03	10.4	21.829	4.2378E-8	1	0	3.07365
1894	-47.5	4.5	47.713	1004.548	8.70629	2.03	10.4	21.913	4.2241E-8	1	0	3.06827
1895	-47.5	5.5	47.817	1004.372	8.68861	2.03	10.4	22.017	4.2073E-8	1	0	3.06156
1896	-47.5	6.5	47.943	1004.166	8.66788	2.03	10.4	22.143	4.1876E-8	1	0	3.05351
1897	-47.5	7.5	48.088	1003.931	8.64433	2.03	10.4	22.288	4.1653E-8	1	0	3.04413
1898	-47.5	8.5	48.255	1003.671	8.61826	2.03	10.4	22.455	4.1406E-8	1	0	3.03343
1899	-47.5	9.5	48.441	1003.387	8.58997	2.03	10.4	22.641	4.114E-8	1	0	3.0214
1900	-47.5	10.5	48.647	1003.085	8.55979	2.03	10.4	22.847	4.0856E-8	1	0	3.00805
1901	-47.5	11.5	48.872	1002.766	8.52807	2.03	10.4	23.072	4.056E-8	1	0	2.9934
1902	-47.5	12.5	49.117	1002.434	8.49518	2.03	10.4	23.317	4.0253E-8	1	0	2.97744
1903	-47.5	13.5	49.381	1002.093	8.46149	2.03	10.4	23.581	3.994E-8	1	0	2.96019
1904	-47.5	14.5	49.664	1001.748	8.42738	2.03	10.4	23.864	3.9624E-8	1	0	2.94165
1905	-47.5	15.5	49.965	1001.4	8.39322	2.03	10.4	24.165	3.9309E-8	1	0	2.92185
1906	-47.5	16.5	50.284	1001.056	8.35939	2.03	10.4	24.484	3.8999E-8	1	0	2.90079
1907	-47.5	17.5	50.621	1000.717	8.32626	2.03	10.4	24.821	3.8696E-8	1	0	2.87849
1908	-47.5	18.5	50.975	1000.389	8.29417	2.03	10.4	25.175	3.8403E-8	1	0	2.85498
1909	-47.5	19.5	51.347	1000.073	8.26347	2.03	10.4	25.547	3.8125E-8	1	0	2.83028
1910	-47.5	20.5	51.735	999.775	8.23447	2.03	10.4	25.935	3.7862E-8	1	0	2.80442
1911	-47.5	21.5	52.139	999.497	8.20748	2.03	10.4	26.339	3.7619E-8	1	0	2.77743
1912	-47.5	22.5	52.559	999.242	8.18277	2.03	10.4	26.759	3.7397E-8	1	0	2.74936
1913	-47.5	23.5	52.995	999.012	8.16058	2.03	10.4	27.195	3.7198E-8	1	0	2.72025
1914	-47.5	24.5	53.446	998.81	8.14115	2.03	10.4	27.646	3.7024E-8	1	0	2.69016
1915	-47.5	25.5	53.912	998.639	8.12465	2.03	10.4	28.112	3.6877E-8	1	0	2.65913
1916	-47.5	26.5	54.392	998.5	8.11126	2.03	10.4	28.592	3.6757E-8	1	0	2.62723
1917	-47.5	27.5	54.886	998.394	8.1011	2.03	10.4	29.086	3.6667E-8	1	0	2.59454
1918	-47.5	28.5	55.394	998.323	8.09427	2.03	10.4	29.594	3.6606E-8	1	0	2.56113
1919	-47.5	29.5	55.915	998.287	8.09089	2.03	10.4	30.115	3.6576E-8	1	0	2.52706
1920	-46.5	-29.5	55.068	1002.428	8.05639	2.03	10.4	29.268	3.6202E-8	1	0	2.59983
1921	-46.5	-28.5	54.539	1002.466	8.06012	2.03	10.4	28.739	3.6235E-8	1	0	2.63683
1922	-46.5	-27.5	54.023	1002.542	8.06767	2.03	10.4	28.223	3.6302E-8	1	0	2.67313
1923	-46.5	-26.5	53.521	1002.655	8.07891	2.03	10.4	27.721	3.6401E-8	1	0	2.70865
1924	-46.5	-25.5	53.033	1002.803	8.09372	2.03	10.4	27.233	3.6533E-8	1	0	2.74331
1925	-46.5	-24.5	52.559	1002.985	8.11197	2.03	10.4	26.759	3.6695E-8	1	0	2.77703
1926	-46.5	-23.5	52.101	1003.199	8.13347	2.03	10.4	26.301	3.6886E-8	1	0	2.80975
1927	-46.5	-22.5	51.658	1003.444	8.15803	2.03	10.4	25.858	3.7106E-8	1	0	2.8414
1928	-46.5	-21.5	51.23	1003.716	8.18539	2.03	10.4	25.43	3.7351E-8	1	0	2.87192
1929	-46.5	-20.5	50.818	1004.012	8.21528	2.03	10.4	25.018	3.7619E-8	1	0	2.90126
1930	-46.5	-19.5	50.423	1004.329	8.2474	2.03	10.4	24.623	3.7909E-8	1	0	2.92939
1931	-46.5	-18.5	50.045	1004.665	8.28143	2.03	10.4	24.245	3.8217E-8	1	0	2.95626
1932	-46.5	-17.5	49.684	1005.015	8.31701	2.03	10.4	23.884	3.854E-8	1	0	2.98185
1933	-46.5	-16.5	49.341	1005.375	8.35377	2.03	10.4	23.541	3.8876E-8	1	0	3.00612
1934	-46.5	-15.5	49.015	1005.742	8.39132	2.03	10.4	23.215	3.922E-8	1	0	3.02905
1935	-46.5	-14.5	48.708	1006.111	8.42924	2.03	10.4	22.908	3.9569E-8	1	0	3.05063
1936	-46.5	-13.5	48.42	1006.48	8.46714	2.03	10.4	22.62	3.992E-8	1	0	3.07082
1937	-46.5	-12.5	48.151	1006.842	8.50458	2.03	10.4	22.351	4.0268E-8	1	0	3.08963
1938	-46.5	-11.5	47.901	1007.195	8.54115	2.03	10.4	22.101	4.0609E-8	1	0	3.10704
1939	-46.5	-10.5	47.671	1007.535	8.57643	2.03	10.4	21.871	4.0939E-8	1	0	3.12304
1940	-46.5	-9.5	47.461	1007.857	8.61001	2.03	10.4	21.661	4.1255E-8	1	0	3.13761
1941	-46.5	-8.5	47.27	1008.159	8.64151	2.03	10.4	21.47	4.1552E-8	1	0	3.15076
1942	-46.5	-7.5	47.101	1008.437	8.67054	2.03	10.4	21.301	4.1827E-8	1	0	3.16246
1943	-46.5	-6.5	46.952	1008.687	8.69677	2.03	10.4	21.152	4.2076E-8	1	0	3.17272
1944	-46.5	-5.5	46.824	1008.906	8.71987	2.03	10.4	21.024	4.2295E-8	1	0	3.18153
1945	-46.5	-4.5	46.717	1009.094	8.73957	2.03	10.4	20.917	4.2483E-8	1	0	3.18888
1946	-46.5	-3.5	46.632	1009.246	8.75564	2.03	10.4	20.832	4.2637E-8	1	0	3.19476
1947	-46.5	-2.5	46.567	1009.362	8.76786	2.03	10.4	20.767	4.2754E-8	1	0	3.19918
1948	-46.5	-1.5	46.524	1009.44	8.77609	2.03	10.4	20.724	4.2833E-8	1	0	3.20213
1949	-46.5	-0.5	46.503	1009.479	8.78023	2.03	10.4	20.703	4.2873E-8	1	0	3.2036
1950	-46.5	0.5	46.503	1009.479	8.78023	2.03	10.4	20.703	4.2873E-8	1	0	3.2036
1951	-46.5	1.5	46.524	1009.44	8.77609	2.03	10.4	20.724	4.2833E-8	1	0	3.20213
1952	-46.5	2.5	46.567	1009.362	8.76786	2.03	10.4	20.767	4.2754E-8	1	0	3.19918
1953	-46.5	3.5	46.632	1009.246	8.75564	2.03	10.4	20.832	4.2637E-8	1	0	3.19476
1954	-46.5	4.5	46.717	1009.094	8.73957	2.03	10.4	20.917	4.2483E-8	1	0	3.18888
1955	-46.5	5.5	46.824	1008.906	8.71987	2.03	10.4	21.024	4.2295E-8	1	0	3.18153
1956	-46.5	6.5	46.952	1008.687	8.69677	2.03	10.4	21.152	4.2076E-8	1	0	3.17272
1957	-46.5	7.5	47.101	1008.437	8.67054	2.03	10.4	21.301	4.1827E-8	1	0	3.16246
1958	-46.5	8.5	47.27	1008.159	8.64151	2.03	10.4	21.47	4.1552E-8	1	0	3.15076
1959	-46.5	9.5	47.461	1007.857	8.61001	2.03	10.4	21.661	4.1255E-8	1	0	3.13761
1960	-46.5	10.5	47.671	1007.535	8.57643	2.03	10.4	21.871	4.0939E-8	1	0	3.12304
1961	-46.5	11.5	47.901	1007.195	8.54115	2.03	10.4	22.101	4.0609E-8	1	0	3.10704
1962	-46.5	12.5	48.151	1006.842	8.50458	2.03	10.4	22.351	4.0268E-8	1	0	3.08963
1963	-46.5	13.5	48.42	1006.48	8.46714	2.03	10.4	22.62	3.992E-8	1	0	3.07082
1964	-46.5	14.5	48.708	1006.111	8.42924	2.03	10.4	22.908	3.9569E-8	1	0	3.05063
1965	-46.5	15.5	49.015	1005.742	8.39132	2.03	10.4	23.215	3.922E-8	1	0	3.02905
1966	-46.5	16.5	49.341	1005.375	8.35377	2.03	10.4	23.541	3.8876E-8	1	0	3.00612
1967	-46.5	17.5	49.684	1005.015	8.31701	2.03	10.4	23.884	3.854E-8	1	0	2.98185
1968	-46.5	18.5	50.045	1004.665	8.28143	2.03	10.4	24.245	3.8217E-8	1	0	2.95626
1969	-46.5	19.5	50.423	1004.329	8.2474	2.03	10.4	24.623	3.7909E-8	1	0	2.92939
1970	-46.5	20.5	50.818	1004.012	8.21528	2.03	10.4	25.018	3.7619E-8	1	0	2.90126
1971	-46.5	21.5	51.23	1003.716	8.18539	2.03	10.4	25.43	3.7351E-8	1	0	2.87192
1972	-46.5	22.5	51.658	1003.444	8.15803	2.03	10.4	25.858	3.7106E-8	1	0	2.8414
1973	-46.5	23.5	52.101	1003.199	8.13347	2.03	10.4	26.301	3.6886E-8	1	0	2.80975
1974	-46.5	24.5	52.559	1002.985	8.11197	2.03	10.4	26.759	3.6695E-8	1	0	2.77703
1975	-46.5	25.5	53.033	1002.803	8.09372	2.03	10.4	27.233	3.6533E-8	1	0	2.74331
1976	-46.5	26.5	53.521	1002.655	8.07891	2.03	10.4	27.721	3.6401E-8	1	0	2.70865
1977	-46.5	27.5	54.023	1002.542	8.06767	2.03	10.4	28.223	3.6302E-8	1	0	2.67313
1978	-46.5	28.5	54.539	1002.466	8.06012	2.03	10.4	28.739	3.6235E-8	1	0	2.63683
1979	-46.5	29.5	55.068	1002.428	8.05639	2.03	10.4	29.268	3.6202E-8	1	0	2.59983
1980	-45.5	-29.5	54.226	1006.347	8.01827	2.03	10.4	28.426	3.5802E-8	1	0	2.67777
1981	-45.5	-28.5	53.689	1006.387	8.02239	2.03	10.4	27.889	3.5838E-8	1	0	2.71803
1982	-45.5	-27.5	53.165	1006.467	8.03073	2.03	10.4	27.365	3.5911E-8	1	0	2.75753
1983	-45.5	-26.5	52.655	1006.587	8.04315	2.03	10.4	26.855	3.602E-8	1	0	2.7962
1984	-45.5	-25.5	52.158	1006.744	8.05952	2.03	10.4	26.358	3.6165E-8	1	0	2.83393
1985	-45.5	-24.5	51.677	1006.938	8.0797	2.03	10.4	25.877	3.6343E-8	1	0	2.87066
1986	-45.5	-23.5	51.21	1007.165	8.10348	2.03	10.4	25.41	3.6554E-8	1	0	2.90629
1987	-45.5	-22.5	50.759	1007.425	8.13064	2.03	10.4	24.959	3.6795E-8	1	0	2.94077
1988	-45.5	-21.5	50.324	1007.714	8.16092	2.03	10.4	24.524	3.7065E-8	1	0	2.97403
1989	-45.5	-20.5	49.905	1008.029	8.19402	2.03	10.4	24.105	3.7362E-8	1	0	3.00602
1990	-45.5	-19.5	49.503	1008.366	8.2296	2.03	10.4	23.703	3.7682E-8	1	0	3.03669
1991	-45.5	-18.5	49.117	1008.722	8.26731	2.03	10.4	23.317	3.8022E-8	1	0	3.066
1992	-45.5	-17.5	48.749	1009.094	8.30676	2.03	10.4	22.949	3.838E-8	1	0	3.09392
1993	-45.5	-16.5	48.399	1009.477	8.34753	2.03	10.4	22.599	3.8751E-8	1	0	3.12042
1994	-45.5	-15.5	48.068	1009.867	8.3892	2.03	10.4	22.268	3.9133E-8	1	0	3.14547
1995	-45.5	-14.5	47.755	1010.26	8.43131	2.03	10.4	21.955	3.952E-8	1	0	3.16905
1996	-45.5	-13.5	47.461	1010.651	8.47341	2.03	10.4	21.661	3.9909E-8	1	0	3.19114
1997	-45.5	-12.5	47.186	1011.036	8.51503	2.03	10.4	21.386	4.0296E-8	1	0	3.21172
1998	-45.5	-11.5	46.931	1011.411	8.5557	2.03	10.4	21.131	4.0675E-8	1	0	3.23078
1999	-45.5	-10.5	46.696	1011.772	8.59494	2.03	10.4	20.896	4.1043E-8	1	0	3.24831
2000	-45.5	-9.5	46.481	1012.115	8.63232	2.03	10.4	20.681	4.1395E-8	1	0	3.2643
2001	-45.5	-8.5	46.287	1012.436	8.66739	2.03	10.4	20.487	4.1726E-8	1	0	3.27872
2002	-45.5	-7.5	46.114	1012.73	8.69973	2.03	10.4	20.314	4.2033E-8	1	0	3.29158
2003	-45.5	-6.5	45.962	1012.996	8.72895	2.03	10.4	20.162	4.2311E-8	1	0	3.30286
2004	-45.5	-5.5	45.831	1013.23	8.75471	2.03	10.4	20.031	4.2557E-8	1	0	3.31254
2005	-45.5	-4.5	45.722	1013.429	8.77668	2.03	10.4	19.922	4.2767E-8	1	0	3.32063
2006	-45.5	-3.5	45.634	1013.591	8.79459	2.03	10.4	19.834	4.2939E-8	1	0	3.32711
2007	-45.5	-2.5	45.569	1013.714	8.80822	2.03	10.4	19.769	4.307E-8	1	0	3.33198
2008	-45.5	-1.5	45.525	1013.796	8.81741	2.03	10.4	19.725	4.3158E-8	1	0	3.33522
2009	-45.5	-0.5	45.503	1013.838	8.82203	2.03	10.4	19.703	4.3203E-8	1	0	3.33685
2010	-45.5	0.5	45.503	1013.838	8.82203	2.03	10.4	19.703	4.3203E-8	1	0	3.33685
2011	-45.5	1.5	45.525	1013.796	8.81741	2.03	10.4	19.725	4.3158E-8	1	0	3.33522
2012	-45.5	2.5	45.569	1013.714	8.80822	2.03	10.4	19.769	4.307E-8	1	0	3.33198
2013	-45.5	3.5	45.634	1013.591	8.79459	2.03	10.4	19.834	4.2939E-8	1	0	3.32711
2014	-45.5	4.5	45.722	1013.429	8.77668	2.03	10.4	19.922	4.2767E-8	1	0	3.32063
2015	-45.5	5.5	45.831	1013.23	8.75471	2.03	10.4	20.031	4.2557E-8	1	0	3.31254
2016	-45.5	6.5	45.962	1012.996	8.72895	2.03	10.4	20.162	4.2311E-8	1	0	3.30286
2017	-45.5	7.5	46.114	1012.73	8.69973	2.03	10.4	20.314	4.2033E-8	1	0	3.29158
2018	-45.5	8.5	46.287	1012.436	8.66739	2.03	10.4	20.487	4.1726E-8	1	0	3.27872
2019	-45.5	9.5	46.481	1012.115	8.63232	2.03	10.4	20.681	4.1395E-8	1	0	3.2643
2020	-45.5	10.5	46.696	1011.772	8.59494	2.03	10.4	20.896	4.1043E-8	1	0	3.24831
2021	-45.5	11.5	46.931	1011.411	8.5557	2.03	10.4	21.131	4.0675E-8	1	0	3.23078
2022	-45.5	12.5	47.186	1011.036	8.51503	2.03	10.4	21.386	4.0296E-8	1	0	3.21172
2023	-45.5	13.5	47.461	1010.651	8.47341	2.03	10.4	21.661	3.9909E-8	1	0	3.19114
2024	-45.5	14.5	47.755	1010.26	8.43131	2.03	10.4	21.955	3.952E-8	1	0	3.16905
2025	-45.5	15.5	48.068	1009.867	8.3892	2.03	10.4	22.268	3.9133E-8	1	0	3.14547
2026	-45.5	16.5	48.399	1009.477	8.34753	2.03	10.4	22.599	3.8751E-8	1	0	3.12042
2027	-45.5	17.5	48.749	1009.094	8.30676	2.03	10.4	22.949	3.838E-8	1	0	3.09392
2028	-45.5	18.5	49.117	1008.722	8.26731	2.03	10.4	23.317	3.8022E-8	1	0	3.066
2029	-45.5	19.5	49.503	1008.366	8.2296	2.03	10.4	23.703	3.7682E-8	1	0	3.03669
2030	-45.5	20.5	49.905	1008.029	8.19402	2.03	10.4	24.105	3.7362E-8	1	0	3.00602
2031	-45.5	21.5	50.324	1007.714	8.16092	2.03	10.4	24.524	3.7065E-8	1	0	2.97403
2032	-45.5	22.5	50.759	1007.425	8.13064	2.03	10.4	24.959	3.6795E-8	1	0	2.94077
2033	-45.5	23.5	51.21	1007.165	8.10348	2.03	10.4	25.41	3.6554E-8	1	0	2.90629
2034	-45.5	24.5	51.677	1006.938	8.0797	2.03	10.4	25.877	3.6343E-8	1	0	2.87066
2035	-45.5	25.5	52.158	1006.744	8.05952	2.03	10.4	26.358	3.6165E-8	1	0	2.83393
2036	-45.5	26.5	52.655	1006.587	8.04315	2.03	10.4	26.855	3.602E-8	1	0	2.7962
2037	-45.5	27.5	53.165	1006.467	8.03073	2.03	10.4	27.365	3.5911E-8	1	0	2.75753
2038	-45.5	28.5	53.689	1006.387	8.02239	2.03	10.4	27.889	3.5838E-8	1	0	2.71803
2039	-45.5	29.5	54.226	1006.347	8.01827	2.03	10.4	28.426	3.5802E-8	1	0	2.67777
2040	-44.5	-29.5	53.39	1010.043	7.97616	2.03	10.4	27.59	3.5372E-8	1	0	2.76144
2041	-44.5	-28.5	52.844	1010.086	7.9807	2.03	10.4	27.044	3.5411E-8	1	0	2.80533
2042	-44.5	-27.5	52.312	1010.171	7.98991	2.03	10.4	26.512	3.5492E-8	1	0	2.84841
2043	-44.5	-26.5	51.793	1010.298	8.00363	2.03	10.4	25.993	3.5612E-8	1	0	2.89058
2044	-44.5	-25.5	51.288	1010.465	8.02172	2.03	10.4	25.488	3.577E-8	1	0	2.93175
2045	-44.5	-24.5	50.799	1010.67	8.04402	2.03	10.4	24.999	3.5966E-8	1	0	2.97183
2046	-44.5	-23.5	50.324	1010.911	8.07031	2.03	10.4	24.524	3.6198E-8	1	0	3.01073
2047	-44.5	-22.5	49.865	1011.187	8.10035	2.03	10.4	24.065	3.6464E-8	1	0	3.04838
2048	-44.5	-21.5	49.422	1011.493	8.13385	2.03	10.4	23.622	3.6762E-8	1	0	3.08471
2049	-44.5	-20.5	48.995	1011.827	8.17048	2.03	10.4	23.195	3.7088E-8	1	0	3.11967
2050	-44.5	-19.5	48.585	1012.184	8.20989	2.03	10.4	22.785	3.7441E-8	1	0	3.1532
2051	-44.5	-18.5	48.192	1012.562	8.25166	2.03	10.4	22.392	3.7817E-8	1	0	3.18527
2052	-44.5	-17.5	47.817	1012.957	8.29539	2.03	10.4	22.017	3.8213E-8	1	0	3.21583
2053	-44.5	-16.5	47.461	1013.363	8.34061	2.03	10.4	21.661	3.8624E-8	1	0	3.24485
2054	-44.5	-15.5	47.122	1013.776	8.38685	2.03	10.4	21.322	3.9047E-8	1	0	3.27231
2055	-44.5	-14.5	46.803	1014.193	8.43361	2.03	10.4	21.003	3.9476E-8	1	0	3.29817
2056	-44.5	-13.5	46.503	1014.607	8.48038	2.03	10.4	20.703	3.9908E-8	1	0	3.32242
2057	-44.5	-12.5	46.222	1015.016	8.52664	2.03	10.4	20.422	4.0338E-8	1	0	3.34505
2058	-44.5	-11.5	45.962	1015.414	8.57187	2.03	10.4	20.162	4.076E-8	1	0	3.36602
2059	-44.5	-10.5	45.722	1015.797	8.61554	2.03	10.4	19.922	4.117E-8	1	0	3.38532
2060	-44.5	-9.5	45.503	1016.16	8.65716	2.03	10.4	19.703	4.1562E-8	1	0	3.40294
2061	-44.5	-8.5	45.305	1016.5	8.69622	2.03	10.4	19.505	4.1932E-8	1	0	3.41886
2062	-44.5	-7.5	45.128	1016.813	8.73225	2.03	10.4	19.328	4.2275E-8	1	0	3.43306
2063	-44.5	-6.5	44.972	1017.094	8.76483	2.03	10.4	19.172	4.2586E-8	1	0	3.44552
2064	-44.5	-5.5	44.839	1017.342	8.79355	2.03	10.4	19.039	4.2861E-8	1	0	3.45624
2065	-44.5	-4.5	44.727	1017.553	8.81806	2.03	10.4	18.927	4.3096E-8	1	0	3.4652
2066	-44.5	-3.5	44.637	1017.724	8.83804	2.03	10.4	18.837	4.3289E-8	1	0	3.47238
2067	-44.5	-2.5	44.57	1017.855	8.85326	2.03	10.4	18.77	4.3436E-8	1	0	3.47777
2068	-44.5	-1.5	44.525	1017.943	8.86351	2.03	10.4	18.725	4.3535E-8	1	0	3.48137
2069	-44.5	-0.5	44.503	1017.987	8.86867	2.03	10.4	18.703	4.3585E-8	1	0	3.48318
2070	-44.5	0.5	44.503	1017.987	8.86867	2.03	10.4	18.703	4.3585E-8	1	0	3.48318
2071	-44.5	1.5	44.525	1017.943	8.86351	2.03	10.4	18.725	4.3535E-8	1	0	3.48137
2072	-44.5	2.5	44.57	1017.855	8.85326	2.03	10.4	18.77	4.3436E-8	1	0	3.47777
2073	-44.5	3.5	44.637	1017.724	8.83804	2.03	10.4	18.837	4.3289E-8	1	0	3.47238
2074	-44.5	4.5	44.727	1017.553	8.81806	2.03	10.4	18.927	4.3096E-8	1	0	3.4652
2075	-44.5	5.5	44.839	1017.342	8.79355	2.03	10.4	19.039	4.2861E-8	1	0	3.45624
2076	-44.5	6.5	44.972	1017.094	8.76483	2.03	10.4	19.172	4.2586E-8	1	0	3.44552
2077	-44.5	7.5	45.128	1016.813	8.73225	2.03	10.4	19.328	4.2275E-8	1	0	3.43306
2078	-44.5	8.5	45.305	1016.5	8.69622	2.03	10.4	19.505	4.1932E-8	1	0	3.41886
2079	-44.5	9.5	45.503	1016.16	8.65716	2.03	10.4	19.703	4.1562E-8	1	0	3.40294
2080	-44.5	10.5	45.722	1015.797	8.61554	2.03	10.4	19.922	4.117E-8	1	0	3.38532
2081	-44.5	11.5	45.962	1015.414	8.57187	2.03	10.4	20.162	4.076E-8	1	0	3.36602
2082	-44.5	12.5	46.222	1015.016	8.52664	2.03	10.4	20.422	4.0338E-8	1	0	3.34505
2083	-44.5	13.5	46.503	1014.607	8.48038	2.03	10.4	20.703	3.9908E-8	1	0	3.32242
2084	-44.5	14.5	46.803	1014.193	8.43361	2.03	10.4	21.003	3.9476E-8	1	0	3.29817
2085	-44.5	15.5	47.122	1013.776	8.38685	2.03	10.4	21.322	3.9047E-8	1	0	3.27231
2086	-44.5	16.5	47.461	1013.363	8.34061	2.03	10.4	21.661	3.8624E-8	1	0	3.24485
2087	-44.5	17.5	47.817	1012.957	8.29539	2.03	10.4	22.017	3.8213E-8	1	0	3.21583
2088	-44.5	18.5	48.192	1012.562	8.25166	2.03	10.4	22.392	3.7817E-8	1	0	3.18527
2089	-44.5	19.5	48.585	1012.184	8.20989	2.03	10.4	22.785	3.7441E-8	1	0	3.1532
2090	-44.5	20.5	48.995	1011.827	8.17048	2.03	10.4	23.195	3.7088E-8	1	0	3.11967
2091	-44.5	21.5	49.422	1011.493	8.13385	2.03	10.4	23.622	3.6762E-8	1	0	3.08471
2092	-44.5	22.5	49.865	1011.187	8.10035	2.03	10.4	24.065	3.6464E-8	1	0	3.04838
2093	-44.5	23.5	50.324	1010.911	8.07031	2.03	10.4	24.524	3.6198E-8	1	0	3.01073
2094	-44.5	24.5	50.799	1010.67	8.04402	2.03	10.4	24.999	3.5966E-8	1	0	2.97183
2095	-44.5	25.5	51.288	1010.465	8.02172	2.03	10.4	25.488	3.577E-8	1	0	2.93175
2096	-44.5	26.5	51.793	1010.298	8.00363	2.03	10.4	25.993	3.5612E-8	1	0	2.89058
2097	-44.5	27.5	52.312	1010.171	7.98991	2.03	10.4	26.512	3.5492E-8	1	0	2.84841
2098	-44.5	28.5	52.844	1010.086	7.9807	2.03	10.4	27.044	3.5411E-8	1	0	2.80533
2099	-44.5	29.5	53.39	1010.043	7.97616	2.03	10.4	27.59	3.5372E-8	1	0	2.76144
2100	-43.5	-29.5	52.559	1013.52	7.92967	2.03	10.4	26.759	3.4909E-8	1	0	2.85149
2101	-43.5	-28.5	52.005	1013.565	7.93467	2.03	10.4	26.205	3.4953E-8	1	0	2.89944
2102	-43.5	-27.5	51.464	1013.655	7.94484	2.03	10.4	25.664	3.5041E-8	1	0	2.9465
2103	-43.5	-26.5	50.936	1013.789	7.95998	2.03	10.4	25.136	3.5173E-8	1	0	2.9926
2104	-43.5	-25.5	50.423	1013.966	7.97996	2.03	10.4	24.623	3.5347E-8	1	0	3.03762
2105	-43.5	-24.5	49.925	1014.183	8.00459	2.03	10.4	24.125	3.5562E-8	1	0	3.08145
2106	-43.5	-23.5	49.442	1014.439	8.03364	2.03	10.4	23.642	3.5817E-8	1	0	3.12402
2107	-43.5	-22.5	48.974	1014.73	8.06685	2.03	10.4	23.174	3.6109E-8	1	0	3.16524
2108	-43.5	-21.5	48.523	1015.054	8.1039	2.03	10.4	22.723	3.6437E-8	1	0	3.20504
2109	-43.5	-20.5	48.088	1015.407	8.14443	2.03	10.4	22.288	3.6797E-8	1	0	3.24335
2110	-43.5	-19.5	47.671	1015.786	8.18805	2.03	10.4	21.871	3.7186E-8	1	0	3.28013
2111	-43.5	-18.5	47.27	1016.186	8.23432	2.03	10.4	21.47	3.7601E-8	1	0	3.31532
2112	-43.5	-17.5	46.888	1016.603	8.28278	2.03	10.4	21.088	3.8038E-8	1	0	3.34888
2113	-43.5	-16.5	46.524	1017.033	8.33293	2.03	10.4	20.724	3.8493E-8	1	0	3.38078
2114	-43.5	-15.5	46.179	1017.47	8.38424	2.03	10.4	20.379	3.8962E-8	1	0	3.411
2115	-43.5	-14.5	45.853	1017.911	8.43616	2.03	10.4	20.053	3.9438E-8	1	0	3.43949
2116	-43.5	-13.5	45.547	1018.35	8.48812	2.03	10.4	19.747	3.9918E-8	1	0	3.46624
2117	-43.5	-12.5	45.26	1018.782	8.53955	2.03	10.4	19.46	4.0396E-8	1	0	3.49122
2118	-43.5	-11.5	44.994	1019.203	8.58986	2.03	10.4	19.194	4.0866E-8	1	0	3.51441
2119	-43.5	-10.5	44.749	1019.608	8.63847	2.03	10.4	18.949	4.1323E-8	1	0	3.53579
2120	-43.5	-9.5	44.525	1019.992	8.68481	2.03	10.4	18.725	4.1761E-8	1	0	3.55532
2121	-43.5	-8.5	44.323	1020.352	8.72833	2.03	10.4	18.523	4.2174E-8	1	0	3.57299
2122	-43.5	-7.5	44.142	1020.682	8.76851	2.03	10.4	18.342	4.2557E-8	1	0	3.58878
2123	-43.5	-6.5	43.983	1020.98	8.80484	2.03	10.4	18.183	4.2905E-8	1	0	3.60265
2124	-43.5	-5.5	43.846	1021.242	8.83688	2.03	10.4	18.046	4.3213E-8	1	0	3.61459
2125	-43.5	-4.5	43.732	1021.465	8.86423	2.03	10.4	17.932	4.3477E-8	1	0	3.62458
2126	-43.5	-3.5	43.641	1021.646	8.88654	2.03	10.4	17.841	4.3693E-8	1	0	3.6326
2127	-43.5	-2.5	43.572	1021.784	8.90352	2.03	10.4	17.772	4.3858E-8	1	0	3.63863
2128	-43.5	-1.5	43.526	1021.877	8.91497	2.03	10.4	17.726	4.3969E-8	1	0	3.64265
2129	-43.5	-0.5	43.503	1021.924	8.92073	2.03	10.4	17.703	4.4025E-8	1	0	3.64467
2130	-43.5	0.5	43.503	1021.924	8.92073	2.03	10.4	17.703	4.4025E-8	1	0	3.64467
2131	-43.5	1.5	43.526	1021.877	8.91497	2.03	10.4	17.726	4.3969E-8	1	0	3.64265
2132	-43.5	2.5	43.572	1021.784	8.90352	2.03	10.4	17.772	4.3858E-8	1	0	3.63863
2133	-43.5	3.5	43.641	1021.646	8.88654	2.03	10.4	17.841	4.3693E-8	1	0	3.6326
2134	-43.5	4.5	43.732	1021.465	8.86423	2.03	10.4	17.932	4.3477E-8	1	0	3.62458
2135	-43.5	5.5	43.846	1021.242	8.83688	2.03	10.4	18.046	4.3213E-8	1	0	3.61459
2136	-43.5	6.5	43.983	1020.98	8.80484	2.03	10.4	18.183	4.2905E-8	1	0	3.60265
2137	-43.5	7.5	44.142	1020.682	8.76851	2.03	10.4	18.342	4.2557E-8	1	0	3.58878
2138	-43.5	8.5	44.323	1020.352	8.72833	2.03	10.4	18.523	4.2174E-8	1	0	3.57299
2139	-43.5	9.5	44.525	1019.992	8.68481	2.03	10.4	18.725	4.1761E-8	1	0	3.55532
2140	-43.5	10.5	44.749	1019.608	8.63847	2.03	10.4	18.949	4.1323E-8	1	0	3.53579
2141	-43.5	11.5	44.994	1019.203	8.58986	2.03	10.4	19.194	4.0866E-8	1	0	3.51441
2142	-43.5	12.5	45.26	1018.782	8.53955	2.03	10.4	19.46	4.0396E-8	1	0	3.49122
2143	-43.5	13.5	45.547	1018.35	8.48812	2.03	10.4	19.747	3.9918E-8	1	0	3.46624
2144	-43.5	14.5	45.853	1017.911	8.43616	2.03	10.4	20.053	3.9438E-8	1	0	3.43949
2145	-43.5	15.5	46.179	1017.47	8.38424	2.03	10.4	20.379	3.8962E-8	1	0	3.411
2146	-43.5	16.5	46.524	1017.033	8.33293	2.03	10.4	20.724	3.8493E-8	1	0	3.38078
2147	-43.5	17.5	46.888	1016.603	8.28278	2.03	10.4	21.088	3.8038E-8	1	0	3.34888
2148	-43.5	18.5	47.27	1016.186	8.23432	2.03	10.4	21.47	3.7601E-8	1	0	3.31532
2149	-43.5	19.5	47.671	1015.786	8.18805	2.03	10.4	21.871	3.7186E-8	1	0	3.28013
2150	-43.5	20.5	48.088	1015.407	8.14443	2.03	10.4	22.288	3.6797E-8	1	0	3.24335
2151	-43.5	21.5	48.523	1015.054	8.1039	2.03	10.4	22.723	3.6437E-8	1	0	3.20504
2152	-43.5	22.5	48.974	1014.73	8.06685	2.03	10.4	23.174	3.6109E-8	1	0	3.16524
2153	-43.5	23.5	49.442	1014.439	8.03364	2.03	10.4	23.642	3.5817E-8	1	0	3.12402
2154	-43.5	24.5	49.925	1014.183	8.00459	2.03	10.4	24.125	3.5562E-8	1	0	3.08145
2155	-43.5	25.5	50.423	1013.966	7.97996	2.03	10.4	24.623	3.5347E-8	1	0	3.03762
2156	-43.5	26.5	50.936	1013.789	7.95998	2.03	10.4	25.136	3.5173E-8	1	0	2.9926
2157	-43.5	27.5	51.464	1013.655	7.94484	2.03	10.4	25.664	3.5041E-8	1	0	2.9465
2158	-43.5	28.5	52.005	1013.565	7.93467	2.03	10.4	26.205	3.4953E-8	1	0	2.89944
2159	-43.5	29.5	52.559	1013.52	7.92967	2.03	10.4	26.759	3.4909E-8	1	0	2.85149
2160	-42.5	-29.5	51.735	1016.779	7.87838	2.03	10.4	25.935	3.4412E-8	1	0	2.94868
2161	-42.5	-28.5	51.171	1016.827	7.88388	2.03	10.4	25.371	3.4459E-8	1	0	3.00116
2162	-42.5	-27.5	50.621	1016.922	7.8951	2.03	10.4	24.821	3.4556E-8	1	0	3.0527
2163	-42.5	-26.5	50.085	1017.064	7.9118	2.03	10.4	24.285	3.47E-8	1	0	3.10319
2164	-42.5	-25.5	49.563	1017.25	7.93385	2.03	10.4	23.763	3.4891E-8	1	0	3.15253
2165	-42.5	-24.5	49.056	1017.479	7.96104	2.03	10.4	23.256	3.5128E-8	1	0	3.2006
2166	-42.5	-23.5	48.564	1017.749	7.99312	2.03	10.4	22.764	3.5407E-8	1	0	3.2473
2167	-42.5	-22.5	48.088	1018.057	8.02981	2.03	10.4	22.288	3.5728E-8	1	0	3.29255
2168	-42.5	-21.5	47.629	1018.399	8.07076	2.03	10.4	21.829	3.6089E-8	1	0	3.33627
2169	-42.5	-20.5	47.186	1018.772	8.11559	2.03	10.4	21.386	3.6485E-8	1	0	3.37839
2170	-42.5	-19.5	46.76	1019.172	8.16386	2.03	10.4	20.96	3.6914E-8	1	0	3.41885
2171	-42.5	-18.5	46.352	1019.594	8.2151	2.03	10.4	20.552	3.7372E-8	1	0	3.45761
2172	-42.5	-17.5	45.962	1020.034	8.2688	2.03	10.4	20.162	3.7855E-8	1	0	3.49462
2173	-42.5	-16.5	45.591	1020.488	8.32441	2.03	10.4	19.791	3.8359E-8	1	0	3.52984
2174	-42.5	-15.5	45.238	1020.95	8.38134	2.03	10.4	19.438	3.8878E-8	1	0	3.56323
2175	-42.5	-14.5	44.905	1021.415	8.43899	2.03	10.4	19.105	3.9407E-8	1	0	3.59478
2176	-42.5	-13.5	44.593	1021.878	8.49672	2.03	10.4	18.793	3.994E-8	1	0	3.62444
2177	-42.5	-12.5	44.3	1022.334	8.5539	2.03	10.4	18.5	4.0471E-8	1	0	3.65218
2178	-42.5	-11.5	44.028	1022.778	8.60988	2.03	10.4	18.228	4.0995E-8	1	0	3.67797
2179	-42.5	-10.5	43.778	1023.205	8.664	2.03	10.4	17.978	4.1505E-8	1	0	3.70179
2180	-42.5	-9.5	43.549	1023.611	8.71562	2.03	10.4	17.749	4.1994E-8	1	0	3.7236
2181	-42.5	-8.5	43.342	1023.99	8.76413	2.03	10.4	17.542	4.2455E-8	1	0	3.74336
2182	-42.5	-7.5	43.157	1024.338	8.80893	2.03	10.4	17.357	4.2884E-8	1	0	3.76104
2183	-42.5	-6.5	42.994	1024.652	8.84947	2.03	10.4	17.194	4.3274E-8	1	0	3.7766
2184	-42.5	-5.5	42.854	1024.928	8.88523	2.03	10.4	17.054	4.362E-8	1	0	3.79002
2185	-42.5	-4.5	42.738	1025.163	8.91577	2.03	10.4	16.938	4.3916E-8	1	0	3.80125
2186	-42.5	-3.5	42.644	1025.354	8.94069	2.03	10.4	16.844	4.4158E-8	1	0	3.81028
2187	-42.5	-2.5	42.573	1025.5	8.95967	2.03	10.4	16.773	4.4343E-8	1	0	3.81708
2188	-42.5	-1.5	42.526	1025.597	8.97246	2.03	10.4	16.726	4.4468E-8	1	0	3.82162
2189	-42.5	-0.5	42.503	1025.647	8.9789	2.03	10.4	16.703	4.4531E-8	1	0	3.82389
2190	-42.5	0.5	42.503	1025.647	8.9789	2.03	10.4	16.703	4.4531E-8	1	0	3.82389
2191	-42.5	1.5	42.526	1025.597	8.97246	2.03	10.4	16.726	4.4468E-8	1	0	3.82162
2192	-42.5	2.5	42.573	1025.5	8.95967	2.03	10.4	16.773	4.4343E-8	1	0	3.81708
2193	-42.5	3.5	42.644	1025.354	8.94069	2.03	10.4	16.844	4.4158E-8	1	0	3.81028
2194	-42.5	4.5	42.738	1025.163	8.91577	2.03	10.4	16.938	4.3916E-8	1	0	3.80125
2195	-42.5	5.5	42.854	1024.928	8.88523	2.03	10.4	17.054	4.362E-8	1	0	3.79002
2196	-42.5	6.5	42.994	1024.652	8.84947	2.03	10.4	17.194	4.3274E-8	1	0	3.7766
2197	-42.5	7.5	43.157	1024.338	8.80893	2.03	10.4	17.357	4.2884E-8	1	0	3.76104
2198	-42.5	8.5	43.342	1023.99	8.76413	2.03	10.4	17.542	4.2455E-8	1	0	3.74336
2199	-42.5	9.5	43.549	1023.611	8.71562	2.03	10.4	17.749	4.1994E-8	1	0	3.7236
2200	-42.5	10.5	43.778	1023.205	8.664	2.03	10.4	17.978	4.1505E-8	1	0	3.70179
2201	-42.5	11.5	44.028	1022.778	8.60988	2.03	10.4	18.228	4.0995E-8	1	0	3.67797
2202	-42.5	12.5	44.3	1022.334	8.5539	2.03	10.4	18.5	4.0471E-8	1	0	3.65218
2203	-42.5	13.5	44.593	1021.878	8.49672	2.03	10.4	18.793	3.994E-8	1	0	3.62444
2204	-42.5	14.5	44.905	1021.415	8.43899	2.03	10.4	19.105	3.9407E-8	1	0	3.59478
2205	-42.5	15.5	45.238	1020.95	8.38134	2.03	10.4	19.438	3.8878E-8	1	0	3.56323
2206	-42.5	16.5	45.591	1020.488	8.32441	2.03	10.4	19.791	3.8359E-8	1	0	3.52984
2207	-42.5	17.5	45.962	1020.034	8.2688	2.03	10.4	20.162	3.7855E-8	1	0	3.49462
2208	-42.5	18.5	46.352	1019.594	8.2151	2.03	10.4	20.552	3.7372E-8	1	0	3.45761
2209	-42.5	19.5	46.76	1019.172	8.16386	2.03	10.4	20.96	3.6914E-8	1	0	3.41885
2210	-42.5	20.5	47.186	1018.772	8.11559	2.03	10.4	21.386	3.6485E-8	1	0	3.37839
2211	-42.5	21.5	47.629	1018.399	8.07076	2.03	10.4	21.829	3.6089E-8	1	0	3.33627
2212	-42.5	22.5	48.088	1018.057	8.02981	2.03	10.4	22.288	3.5728E-8	1	0	3.29255
2213	-42.5	23.5	48.564	1017.749	7.99312	2.03	10.4	22.764	3.5407E-8	1	0	3.2473
2214	-42.5	24.5	49.056	1017.479	7.96104	2.03	10.4	23.256	3.5128E-8	1	0	3.2006
2215	-42.5	25.5	49.563	1017.25	7.93385	2.03	10.4	23.763	3.4891E-8	1	0	3.15253
2216	-42.5	26.5	50.085	1017.064	7.9118	2.03	10.4	24.285	3.47E-8	1	0	3.10319
2217	-42.5	27.5	50.621	1016.922	7.8951	2.03	10.4	24.821	3.4556E-8	1	0	3.0527
2218	-42.5	28.5	51.171	1016.827	7.88388	2.03	10.4	25.371	3.4459E-8	1	0	3.00116
2219	-42.5	29.5	51.735	1016.779	7.87838	2.03	10.4	25.935	3.4412E-8	1	0	2.94868
2220	-41.5	-29.5	50.917	1019.823	7.82182	2.03	10.4	25.117	3.3876E-8	1	0	3.05384
2221	-41.5	-28.5	50.344	1019.873	7.82786	2.03	10.4	24.544	3.3928E-8	1	0	3.11142
2222	-41.5	-27.5	49.785	1019.973	7.84023	2.03	10.4	23.985	3.4034E-8	1	0	3.16798
2223	-41.5	-26.5	49.239	1020.123	7.85865	2.03	10.4	23.439	3.4192E-8	1	0	3.22343
2224	-41.5	-25.5	48.708	1020.319	7.88297	2.03	10.4	22.908	3.4401E-8	1	0	3.27764
2225	-41.5	-24.5	48.192	1020.561	7.91296	2.03	10.4	22.392	3.466E-8	1	0	3.33049
2226	-41.5	-23.5	47.692	1020.845	7.94838	2.03	10.4	21.892	3.4966E-8	1	0	3.38187
2227	-41.5	-22.5	47.207	1021.169	7.98889	2.03	10.4	21.407	3.5319E-8	1	0	3.4317
2228	-41.5	-21.5	46.739	1021.529	8.03414	2.03	10.4	20.939	3.5715E-8	1	0	3.47988
2229	-41.5	-20.5	46.287	1021.922	8.08369	2.03	10.4	20.487	3.6151E-8	1	0	3.52634
2230	-41.5	-19.5	45.853	1022.343	8.13709	2.03	10.4	20.053	3.6623E-8	1	0	3.57103
2231	-41.5	-18.5	45.437	1022.788	8.19382	2.03	10.4	19.637	3.7129E-8	1	0	3.61388
2232	-41.5	-17.5	45.039	1023.251	8.2533	2.03	10.4	19.239	3.7662E-8	1	0	3.65487
2233	-41.5	-16.5	44.66	1023.729	8.31495	2.03	10.4	18.86	3.8219E-8	1	0	3.69393
2234	-41.5	-15.5	44.3	1024.215	8.37811	2.03	10.4	18.5	3.8794E-8	1	0	3.73104
2235	-41.5	-14.5	43.96	1024.705	8.44212	2.03	10.4	18.16	3.9381E-8	1	0	3.76615
2236	-41.5	-13.5	43.641	1025.192	8.50628	2.03	10.4	17.841	3.9974E-8	1	0	3.79923
2237	-41.5	-12.5	43.342	1025.672	8.56987	2.03	10.4	17.542	4.0565E-8	1	0	3.83023
2238	-41.5	-11.5	43.064	1026.139	8.63216	2.03	10.4	17.264	4.1149E-8	1	0	3.85913
2239	-41.5	-10.5	42.808	1026.589	8.69243	2.03	10.4	17.008	4.1718E-8	1	0	3.88586
2240	-41.5	-9.5	42.573	1027.015	8.74996	2.03	10.4	16.773	4.2264E-8	1	0	3.9104
2241	-41.5	-8.5	42.362	1027.413	8.80405	2.03	10.4	16.562	4.2781E-8	1	0	3.93268
2242	-41.5	-7.5	42.172	1027.779	8.85404	2.03	10.4	16.372	4.3262E-8	1	0	3.95266
2243	-41.5	-6.5	42.006	1028.109	8.89929	2.03	10.4	16.206	4.3699E-8	1	0	3.97028
2244	-41.5	-5.5	41.863	1028.399	8.93923	2.03	10.4	16.063	4.4087E-8	1	0	3.9855
2245	-41.5	-4.5	41.743	1028.646	8.97335	2.03	10.4	15.943	4.4419E-8	1	0	3.99827
2246	-41.5	-3.5	41.647	1028.847	9.0012	2.03	10.4	15.847	4.4691E-8	1	0	4.00854
2247	-41.5	-2.5	41.575	1028.999	9.02241	2.03	10.4	15.775	4.49E-8	1	0	4.01628
2248	-41.5	-1.5	41.527	1029.102	9.03672	2.03	10.4	15.727	4.504E-8	1	0	4.02145
2249	-41.5	-0.5	41.503	1029.153	9.04392	2.03	10.4	15.703	4.5111E-8	1	0	4.02405
2250	-41.5	0.5	41.503	1029.153	9.04392	2.03	10.4	15.703	4.5111E-8	1	0	4.02405
2251	-41.5	1.5	41.527	1029.102	9.03672	2.03	10.4	15.727	4.504E-8	1	0	4.02145
2252	-41.5	2.5	41.575	1028.999	9.02241	2.03	10.4	15.775	4.49E-8	1	0	4.01628
2253	-41.5	3.5	41.647	1028.847	9.0012	2.03	10.4	15.847	4.4691E-8	1	0	4.00854
2254	-41.5	4.5	41.743	1028.646	8.97335	2.03	10.4	15.943	4.4419E-8	1	0	3.99827
2255	-41.5	5.5	41.863	1028.399	8.93923	2.03	10.4	16.063	4.4087E-8	1	0	3.9855
2256	-41.5	6.5	42.006	1028.109	8.89929	2.03	10.4	16.206	4.3699E-8	1	0	3.97028
2257	-41.5	7.5	42.172	1027.779	8.85404	2.03	10.4	16.372	4.3262E-8	1	0	3.95266
2258	-41.5	8.5	42.362	1027.413	8.80405	2.03	10.4	16.562	4.2781E-8	1	0	3.93268
2259	-41.5	9.5	42.573	1027.015	8.74996	2.03	10.4	16.773	4.2264E-8	1	0	3.9104
2260	-41.5	10.5	42.808	1026.589	8.69243	2.03	10.4	17.008	4.1718E-8	1	0	3.88586
2261	-41.5	11.5	43.064	1026.139	8.63216	2.03	10.4	17.264	4.1149E-8	1	0	3.85913
2262	-41.5	12.5	43.342	1025.672	8.56987	2.03	10.4	17.542	4.0565E-8	1	0	3.83023
2263	-41.5	13.5	43.641	1025.192	8.50628	2.03	10.4	17.841	3.9974E-8	1	0	3.79923
2264	-41.5	14.5	43.96	1024.705	8.44212	2.03	10.4	18.16	3.9381E-8	1	0	3.76615
2265	-41.5	15.5	44.3	1024.215	8.37811	2.03	10.4	18.5	3.8794E-8	1	0	3.73104
2266	-41.5	16.5	44.66	1023.729	8.31495	2.03	10.4	18.86	3.8219E-8	1	0	3.69393
2267	-41.5	17.5	45.039	1023.251	8.2533	2.03	10.4	19.239	3.7662E-8	1	0	3.65487
2268	-41.5	18.5	45.437	1022.788	8.19382	2.03	10.4	19.637	3.7129E-8	1	0	3.61388
2269	-41.5	19.5	45.853	1022.343	8.13709	2.03	10.4	20.053	3.6623E-8	1	0	3.57103
2270	-41.5	20.5	46.287	1021.922	8.08369	2.03	10.4	20.487	3.6151E-8	1	0	3.52634
2271	-41.5	21.5	46.739	1021.529	8.03414	2.03	10.4	20.939	3.5715E-8	1	0	3.47988
2272	-41.5	22.5	47.207	1021.169	7.98889	2.03	10.4	21.407	3.5319E-8	1	0	3.4317
2273	-41.5	23.5	47.692	1020.845	7.94838	2.03	10.4	21.892	3.4966E-8	1	0	3.38187
2274	-41.5	24.5	48.192	1020.561	7.91296	2.03	10.4	22.392	3.466E-8	1	0	3.33049
2275	-41.5	25.5	48.708	1020.319	7.88297	2.03	10.4	22.908	3.4401E-8	1	0	3.27764
2276	-41.5	26.5	49.239	1020.123	7.85865	2.03	10.4	23.439	3.4192E-8	1	0	3.22343
2277	-41.5	27.5	49.785	1019.973	7.84023	2.03	10.4	23.985	3.4034E-8	1	0	3.16798
2278	-41.5	28.5	50.344	1019.873	7.82786	2.03	10.4	24.544	3.3928E-8	1	0	3.11142
2279	-41.5	29.5	50.917	1019.823	7.82182	2.03	10.4	25.117	3.3876E-8	1	0	3.05384
2280	-40.5	-29.5	50.105	1022.654	7.75951	2.03	10.4	24.305	3.3299E-8	1	0	3.16796
2281	-40.5	-28.5	49.523	1022.707	7.76615	2.03	10.4	23.723	3.3355E-8	1	0	3.23128
2282	-40.5	-27.5	48.954	1022.812	7.77977	2.03	10.4	23.154	3.3471E-8	1	0	3.29351
2283	-40.5	-26.5	48.399	1022.969	7.80006	2.03	10.4	22.599	3.3643E-8	1	0	3.35455
2284	-40.5	-25.5	47.859	1023.175	7.82686	2.03	10.4	22.059	3.3872E-8	1	0	3.41428
2285	-40.5	-24.5	47.334	1023.429	7.85993	2.03	10.4	21.534	3.4155E-8	1	0	3.47255
2286	-40.5	-23.5	46.824	1023.728	7.89899	2.03	10.4	21.024	3.4491E-8	1	0	3.52926
2287	-40.5	-22.5	46.33	1024.068	7.9437	2.03	10.4	20.53	3.4878E-8	1	0	3.5843
2288	-40.5	-21.5	45.853	1024.447	7.99366	2.03	10.4	20.053	3.5312E-8	1	0	3.63758
2289	-40.5	-20.5	45.393	1024.86	8.04842	2.03	10.4	19.593	3.5791E-8	1	0	3.68903
2290	-40.5	-19.5	44.95	1025.302	8.10747	2.03	10.4	19.15	3.6312E-8	1	0	3.73859
2291	-40.5	-18.5	44.525	1025.769	8.17024	2.03	10.4	18.725	3.6869E-8	1	0	3.7862
2292	-40.5	-17.5	44.119	1026.256	8.23613	2.03	10.4	18.319	3.7458E-8	1	0	3.8318
2293	-40.5	-16.5	43.732	1026.757	8.30446	2.03	10.4	17.932	3.8074E-8	1	0	3.87536
2294	-40.5	-15.5	43.365	1027.268	8.37453	2.03	10.4	17.565	3.8711E-8	1	0	3.91683
2295	-40.5	-14.5	43.017	1027.781	8.4456	2.03	10.4	17.217	3.9362E-8	1	0	3.95616
2296	-40.5	-13.5	42.691	1028.293	8.5169	2.03	10.4	16.891	4.0021E-8	1	0	3.99331
2297	-40.5	-12.5	42.385	1028.796	8.58762	2.03	10.4	16.585	4.068E-8	1	0	4.02823
2298	-40.5	-11.5	42.101	1029.286	8.65696	2.03	10.4	16.301	4.1331E-8	1	0	4.06085
2299	-40.5	-10.5	41.839	1029.757	8.7241	2.03	10.4	16.039	4.1966E-8	1	0	4.09113
2300	-40.5	-9.5	41.599	1030.203	8.78824	2.03	10.4	15.799	4.2577E-8	1	0	4.11899
2301	-40.5	-8.5	41.382	1030.62	8.84859	2.03	10.4	15.582	4.3156E-8	1	0	4.14436
2302	-40.5	-7.5	41.189	1031.004	8.90439	2.03	10.4	15.389	4.3695E-8	1	0	4.16717
2303	-40.5	-6.5	41.018	1031.349	8.95493	2.03	10.4	15.218	4.4186E-8	1	0	4.18734
2304	-40.5	-5.5	40.872	1031.652	8.99957	2.03	10.4	15.072	4.4622E-8	1	0	4.20479
2305	-40.5	-4.5	40.749	1031.91	9.03771	2.03	10.4	14.949	4.4996E-8	1	0	4.21947
2306	-40.5	-3.5	40.651	1032.12	9.06886	2.03	10.4	14.851	4.5303E-8	1	0	4.2313
2307	-40.5	-2.5	40.577	1032.279	9.09259	2.03	10.4	14.777	4.5537E-8	1	0	4.24022
2308	-40.5	-1.5	40.528	1032.387	9.1086	2.03	10.4	14.728	4.5696E-8	1	0	4.24619
2309	-40.5	-0.5	40.503	1032.441	9.11665	2.03	10.4	14.703	4.5776E-8	1	0	4.24919
2310	-40.5	0.5	40.503	1032.441	9.11665	2.03	10.4	14.703	4.5776E-8	1	0	4.24919
2311	-40.5	1.5	40.528	1032.387	9.1086	2.03	10.4	14.728	4.5696E-8	1	0	4.24619
2312	-40.5	2.5	40.577	1032.279	9.09259	2.03	10.4	14.777	4.5537E-8	1	0	4.24022
2313	-40.5	3.5	40.651	1032.12	9.06886	2.03	10.4	14.851	4.5303E-8	1	0	4.2313
2314	-40.5	4.5	40.749	1031.91	9.03771	2.03	10.4	14.949	4.4996E-8	1	0	4.21947
2315	-40.5	5.5	40.872	1031.652	8.99957	2.03	10.4	15.072	4.4622E-8	1	0	4.20479
2316	-40.5	6.5	41.018	1031.349	8.95493	2.03	10.4	15.218	4.4186E-8	1	0	4.18734
2317	-40.5	7.5	41.189	1031.004	8.90439	2.03	10.4	15.389	4.3695E-8	1	0	4.16717
2318	-40.5	8.5	41.382	1030.62	8.84859	2.03	10.4	15.582	4.3156E-8	1	0	4.14436
2319	-40.5	9.5	41.599	1030.203	8.78824	2.03	10.4	15.799	4.2577E-8	1	0	4.11899
2320	-40.5	10.5	41.839	1029.757	8.7241	2.03	10.4	16.039	4.1966E-8	1	0	4.09113
2321	-40.5	11.5	42.101	1029.286	8.65696	2.03	10.4	16.301	4.1331E-8	1	0	4.06085
2322	-40.5	12.5	42.385	1028.796	8.58762	2.03	10.4	16.585	4.068E-8	1	0	4.02823
2323	-40.5	13.5	42.691	1028.293	8.5169	2.03	10.4	16.891	4.0021E-8	1	0	3.99331
2324	-40.5	14.5	43.017	1027.781	8.4456	2.03	10.4	17.217	3.9362E-8	1	0	3.95616
2325	-40.5	15.5	43.365	1027.268	8.37453	2.03	10.4	17.565	3.8711E-8	1	0	3.91683
2326	-40.5	16.5	43.732	1026.757	8.30446	2.03	10.4	17.932	3.8074E-8	1	0	3.87536
2327	-40.5	17.5	44.119	1026.256	8.23613	2.03	10.4	18.319	3.7458E-8	1	0	3.8318
2328	-40.5	18.5	44.525	1025.769	8.17024	2.03	10.4	18.725	3.6869E-8	1	0	3.7862
2329	-40.5	19.5	44.95	1025.302	8.10747	2.03	10.4	19.15	3.6312E-8	1	0	3.73859
2330	-40.5	20.5	45.393	1024.86	8.04842	2.03	10.4	19.593	3.5791E-8	1	0	3.68903
2331	-40.5	21.5	45.853	1024.447	7.99366	2.03	10.4	20.053	3.5312E-8	1	0	3.63758
2332	-40.5	22.5	46.33	1024.068	7.9437	2.03	10.4	20.53	3.4878E-8	1	0	3.5843
2333	-40.5	23.5	46.824	1023.728	7.89899	2.03	10.4	21.024	3.4491E-8	1	0	3.52926
2334	-40.5	24.5	47.334	1023.429	7.85993	2.03	10.4	21.534	3.4155E-8	1	0	3.47255
2335	-40.5	25.5	47.859	1023.175	7.82686	2.03	10.4	22.059	3.3872E-8	1	0	3.41428
2336	-40.5	26.5	48.399	1022.969	7.80006	2.03	10.4	22.599	3.3643E-8	1	0	3.35455
2337	-40.5	27.5	48.954	1022.812	7.77977	2.03	10.4	23.154	3.3471E-8	1	0	3.29351
2338	-40.5	28.5	49.523	1022.707	7.76615	2.03	10.4	23.723	3.3355E-8	1	0	3.23128
2339	-40.5	29.5	50.105	1022.654	7.75951	2.03	10.4	24.305	3.3299E-8	1	0	3.16796
2340	-39.5	-29.5	49.3	1025.275	7.69092	2.03	10.4	23.5	3.2677E-8	1	0	3.29217
2341	-39.5	-28.5	48.708	1025.33	7.69819	2.03	10.4	22.908	3.2738E-8	1	0	3.36198
2342	-39.5	-27.5	48.13	1025.441	7.71319	2.03	10.4	22.33	3.2864E-8	1	0	3.43062
2343	-39.5	-26.5	47.566	1025.605	7.73552	2.03	10.4	21.766	3.3052E-8	1	0	3.49801
2344	-39.5	-25.5	47.016	1025.822	7.76503	2.03	10.4	21.216	3.3302E-8	1	0	3.56401
2345	-39.5	-24.5	46.481	1026.088	7.80146	2.03	10.4	20.681	3.3611E-8	1	0	3.62846
2346	-39.5	-23.5	45.962	1026.401	7.84451	2.03	10.4	20.162	3.3979E-8	1	0	3.69125
2347	-39.5	-22.5	45.459	1026.758	7.89382	2.03	10.4	19.659	3.4402E-8	1	0	3.75227
2348	-39.5	-21.5	44.972	1027.155	7.94895	2.03	10.4	19.172	3.4878E-8	1	0	3.81143
2349	-39.5	-20.5	44.503	1027.587	8.00943	2.03	10.4	18.703	3.5405E-8	1	0	3.86864
2350	-39.5	-19.5	44.051	1028.05	8.0747	2.03	10.4	18.251	3.5977E-8	1	0	3.92386
2351	-39.5	-18.5	43.618	1028.539	8.14414	2.03	10.4	17.818	3.6591E-8	1	0	3.97701
2352	-39.5	-17.5	43.203	1029.049	8.21709	2.03	10.4	17.403	3.7241E-8	1	0	4.02804
2353	-39.5	-16.5	42.808	1029.574	8.29282	2.03	10.4	17.008	3.7922E-8	1	0	4.07691
2354	-39.5	-15.5	42.432	1030.108	8.37055	2.03	10.4	16.632	3.8628E-8	1	0	4.12356
2355	-39.5	-14.5	42.077	1030.645	8.44946	2.03	10.4	16.277	3.9351E-8	1	0	4.16795
2356	-39.5	-13.5	41.743	1031.179	8.5287	2.03	10.4	15.943	4.0083E-8	1	0	4.21
2357	-39.5	-12.5	41.431	1031.705	8.60738	2.03	10.4	15.631	4.0817E-8	1	0	4.24966
2358	-39.5	-11.5	41.14	1032.217	8.68458	2.03	10.4	15.34	4.1543E-8	1	0	4.28684
2359	-39.5	-10.5	40.872	1032.708	8.75941	2.03	10.4	15.072	4.2254E-8	1	0	4.32147
2360	-39.5	-9.5	40.626	1033.174	8.83094	2.03	10.4	14.826	4.2938E-8	1	0	4.35344
2361	-39.5	-8.5	40.404	1033.609	8.8983	2.03	10.4	14.604	4.3587E-8	1	0	4.38266
2362	-39.5	-7.5	40.206	1034.008	8.96063	2.03	10.4	14.406	4.4193E-8	1	0	4.40901
2363	-39.5	-6.5	40.031	1034.368	9.01712	2.03	10.4	14.231	4.4745E-8	1	0	4.43239
2364	-39.5	-5.5	39.881	1034.684	9.06704	2.03	10.4	14.081	4.5236E-8	1	0	4.45268
2365	-39.5	-4.5	39.756	1034.952	9.10971	2.03	10.4	13.956	4.5657E-8	1	0	4.46978
2366	-39.5	-3.5	39.655	1035.17	9.14458	2.03	10.4	13.855	4.6003E-8	1	0	4.48359
2367	-39.5	-2.5	39.579	1035.336	9.17115	2.03	10.4	13.779	4.6268E-8	1	0	4.49402
2368	-39.5	-1.5	39.528	1035.448	9.18907	2.03	10.4	13.728	4.6446E-8	1	0	4.50102
2369	-39.5	-0.5	39.503	1035.504	9.1981	2.03	10.4	13.703	4.6537E-8	1	0	4.50453
2370	-39.5	0.5	39.503	1035.504	9.1981	2.03	10.4	13.703	4.6537E-8	1	0	4.50453
2371	-39.5	1.5	39.528	1035.448	9.18907	2.03	10.4	13.728	4.6446E-8	1	0	4.50102
2372	-39.5	2.5	39.579	1035.336	9.17115	2.03	10.4	13.779	4.6268E-8	1	0	4.49402
2373	-39.5	3.5	39.655	1035.17	9.14458	2.03	10.4	13.855	4.6003E-8	1	0	4.48359
2374	-39.5	4.5	39.756	1034.952	9.10971	2.03	10.4	13.956	4.5657E-8	1	0	4.46978
2375	-39.5	5.5	39.881	1034.684	9.06704	2.03	10.4	14.081	4.5236E-8	1	0	4.45268
2376	-39.5	6.5	40.031	1034.368	9.01712	2.03	10.4	14.231	4.4745E-8	1	0	4.43239
2377	-39.5	7.5	40.206	1034.008	8.96063	2.03	10.4	14.406	4.4193E-8	1	0	4.40901
2378	-39.5	8.5	40.404	1033.609	8.8983	2.03	10.4	14.604	4.3587E-8	1	0	4.38266
2379	-39.5	9.5	40.626	1033.174	8.83094	2.03	10.4	14.826	4.2938E-8	1	0	4.35344
2380	-39.5	10.5	40.872	1032.708	8.75941	2.03	10.4	15.072	4.2254E-8	1	0	4.32147
2381	-39.5	11.5	41.14	1032.217	8.68458	2.03	10.4	15.34	4.1543E-8	1	0	4.28684
2382	-39.5	12.5	41.431	1031.705	8.60738	2.03	10.4	15.631	4.0817E-8	1	0	4.24966
2383	-39.5	13.5	41.743	1031.179	8.5287	2.03	10.4	15.943	4.0083E-8	1	0	4.21
2384	-39.5	14.5	42.077	1030.645	8.44946	2.03	10.4	16.277	3.9351E-8	1	0	4.16795
2385	-39.5	15.5	42.432	1030.108	8.37055	2.03	10.4	16.632	3.8628E-8	1	0	4.12356
2386	-39.5	16.5	42.808	1029.574	8.29282	2.03	10.4	17.008	3.7922E-8	1	0	4.07691
2387	-39.5	17.5	43.203	1029.049	8.21709	2.03	10.4	17.403	3.7241E-8	1	0	4.02804
2388	-39.5	18.5	43.618	1028.539	8.14414	2.03	10.4	17.818	3.6591E-8	1	0	3.97701
2389	-39.5	19.5	44.051	1028.05	8.0747	2.03	10.4	18.251	3.5977E-8	1	0	3.92386
2390	-39.5	20.5	44.503	1027.587	8.00943	2.03	10.4	18.703	3.5405E-8	1	0	3.86864
2391	-39.5	21.5	44.972	1027.155	7.94895	2.03	10.4	19.172	3.4878E-8	1	0	3.81143
2392	-39.5	22.5	45.459	1026.758	7.89382	2.03	10.4	19.659	3.4402E-8	1	0	3.75227
2393	-39.5	23.5	45.962	1026.401	7.84451	2.03	10.4	20.162	3.3979E-8	1	0	3.69125
2394	-39.5	24.5	46.481	1026.088	7.80146	2.03	10.4	20.681	3.3611E-8	1	0	3.62846
2395	-39.5	25.5	47.016	1025.822	7.76503	2.03	10.4	21.216	3.3302E-8	1	0	3.56401
2396	-39.5	26.5	47.566	1025.605	7.73552	2.03	10.4	21.766	3.3052E-8	1	0	3.49801
2397	-39.5	27.5	48.13	1025.441	7.71319	2.03	10.4	22.33	3.2864E-8	1	0	3.43062
2398	-39.5	28.5	48.708	1025.33	7.69819	2.03	10.4	22.908	3.2738E-8	1	0	3.36198
2399	-39.5	29.5	49.3	1025.275	7.69092	2.03	10.4	23.5	3.2677E-8	1	0	3.29217
2400	-38.5	-29.5	48.503	1027.69	7.61548	2.03	10.4	22.703	3.2006E-8	1	0	3.42778
2401	-38.5	-28.5	47.901	1027.748	7.62345	2.03	10.4	22.101	3.2072E-8	1	0	3.50495
2402	-38.5	-27.5	47.313	1027.863	7.63993	2.03	10.4	21.513	3.2209E-8	1	0	3.58087
2403	-38.5	-26.5	46.739	1028.035	7.66449	2.03	10.4	20.939	3.2415E-8	1	0	3.65549
2404	-38.5	-25.5	46.179	1028.262	7.69695	2.03	10.4	20.379	3.2687E-8	1	0	3.72865
2405	-38.5	-24.5	45.634	1028.54	7.73705	2.03	10.4	19.834	3.3024E-8	1	0	3.80018
2406	-38.5	-23.5	45.105	1028.867	7.78446	2.03	10.4	19.305	3.3425E-8	1	0	3.86995
2407	-38.5	-22.5	44.593	1029.24	7.8388	2.03	10.4	18.793	3.3888E-8	1	0	3.93787
2408	-38.5	-21.5	44.096	1029.655	7.89961	2.03	10.4	18.296	3.441E-8	1	0	4.00383
2409	-38.5	-20.5	43.618	1030.106	7.96636	2.03	10.4	17.818	3.4987E-8	1	0	4.06777
2410	-38.5	-19.5	43.157	1030.59	8.03846	2.03	10.4	17.357	3.5616E-8	1	0	4.1296
2411	-38.5	-18.5	42.714	1031.101	8.11525	2.03	10.4	16.914	3.6292E-8	1	0	4.18928
2412	-38.5	-17.5	42.291	1031.632	8.196	2.03	10.4	16.491	3.701E-8	1	0	4.24675
2413	-38.5	-16.5	41.887	1032.18	8.2799	2.03	10.4	16.087	3.7763E-8	1	0	4.30196
2414	-38.5	-15.5	41.503	1032.736	8.36612	2.03	10.4	15.703	3.8544E-8	1	0	4.35485
2415	-38.5	-14.5	41.14	1033.296	8.45375	2.03	10.4	15.34	3.9346E-8	1	0	4.40535
2416	-38.5	-13.5	40.798	1033.852	8.54182	2.03	10.4	14.998	4.0161E-8	1	0	4.4534
2417	-38.5	-12.5	40.478	1034.399	8.62936	2.03	10.4	14.678	4.0979E-8	1	0	4.4989
2418	-38.5	-11.5	40.181	1034.931	8.71535	2.03	10.4	14.381	4.179E-8	1	0	4.54174
2419	-38.5	-10.5	39.906	1035.442	8.79877	2.03	10.4	14.106	4.2585E-8	1	0	4.5818
2420	-38.5	-9.5	39.655	1035.925	8.87859	2.03	10.4	13.855	4.3352E-8	1	0	4.61895
2421	-38.5	-8.5	39.427	1036.376	8.95382	2.03	10.4	13.627	4.4081E-8	1	0	4.65304
2422	-38.5	-7.5	39.224	1036.791	9.02349	2.03	10.4	13.424	4.4762E-8	1	0	4.68392
2423	-38.5	-6.5	39.045	1037.163	9.08667	2.03	10.4	13.245	4.5384E-8	1	0	4.71141
2424	-38.5	-5.5	38.891	1037.49	9.14254	2.03	10.4	13.091	4.5937E-8	1	0	4.73535
2425	-38.5	-4.5	38.762	1037.768	9.19033	2.03	10.4	12.962	4.6413E-8	1	0	4.75558
2426	-38.5	-3.5	38.659	1037.993	9.22938	2.03	10.4	12.859	4.6804E-8	1	0	4.77197
2427	-38.5	-2.5	38.581	1038.165	9.25916	2.03	10.4	12.781	4.7103E-8	1	0	4.78438
2428	-38.5	-1.5	38.529	1038.28	9.27925	2.03	10.4	12.729	4.7306E-8	1	0	4.79271
2429	-38.5	-0.5	38.503	1038.338	9.28936	2.03	10.4	12.703	4.7408E-8	1	0	4.79689
2430	-38.5	0.5	38.503	1038.338	9.28936	2.03	10.4	12.703	4.7408E-8	1	0	4.79689
2431	-38.5	1.5	38.529	1038.28	9.27925	2.03	10.4	12.729	4.7306E-8	1	0	4.79271
2432	-38.5	2.5	38.581	1038.165	9.25916	2.03	10.4	12.781	4.7103E-8	1	0	4.78438
2433	-38.5	3.5	38.659	1037.993	9.22938	2.03	10.4	12.859	4.6804E-8	1	0	4.77197
2434	-38.5	4.5	38.762	1037.768	9.19033	2.03	10.4	12.962	4.6413E-8	1	0	4.75558
2435	-38.5	5.5	38.891	1037.49	9.14254	2.03	10.4	13.091	4.5937E-8	1	0	4.73535
2436	-38.5	6.5	39.045	1037.163	9.08667	2.03	10.4	13.245	4.5384E-8	1	0	4.71141
2437	-38.5	7.5	39.224	1036.791	9.02349	2.03	10.4	13.424	4.4762E-8	1	0	4.68392
2438	-38.5	8.5	39.427	1036.376	8.95382	2.03	10.4	13.627	4.4081E-8	1	0	4.65304
2439	-38.5	9.5	39.655	1035.925	8.87859	2.03	10.4	13.855	4.3352E-8	1	0	4.61895
2440	-38.5	10.5	39.906	1035.442	8.79877	2.03	10.4	14.106	4.2585E-8	1	0	4.5818
2441	-38.5	11.5	40.181	1034.931	8.71535	2.03	10.4	14.381	4.179E-8	1	0	4.54174
2442	-38.5	12.5	40.478	1034.399	8.62936	2.03	10.4	14.678	4.0979E-8	1	0	4.4989
2443	-38.5	13.5	40.798	1033.852	8.54182	2.03	10.4	14.998	4.0161E-8	1	0	4.4534
2444	-38.5	14.5	41.14	1033.296	8.45375	2.03	10.4	15.34	3.9346E-8	1	0	4.40535
2445	-38.5	15.5	41.503	1032.736	8.36612	2.03	10.4	15.703	3.8544E-8	1	0	4.35485
2446	-38.5	16.5	41.887	1032.18	8.2799	2.03	10.4	16.087	3.7763E-8	1	0	4.30196
2447	-38.5	17.5	42.291	1031.632	8.196	2.03	10.4	16.491	3.701E-8	1	0	4.24675
2448	-38.5	18.5	42.714	1031.101	8.11525	2.03	10.4	16.914	3.6292E-8	1	0	4.18928
2449	-38.5	19.5	43.157	1030.59	8.03846	2.03	10.4	17.357	3.5616E-8	1	0	4.1296
2450	-38.5	20.5	43.618	1030.106	7.96636	2.03	10.4	17.818	3.4987E-8	1	0	4.06777
2451	-38.5	21.5	44.096	1029.655	7.89961	2.03	10.4	18.296	3.441E-8	1	0	4.00383
2452	-38.5	22.5	44.593	1029.24	7.8388	2.03	10.4	18.793	3.3888E-8	1	0	3.93787
2453	-38.5	23.5	45.105	1028.867	7.78446	2.03	10.4	19.305	3.3425E-8	1	0	3.86995
2454	-38.5	24.5	45.634	1028.54	7.73705	2.03	10.4	19.834	3.3024E-8	1	0	3.80018
2455	-38.5	25.5	46.179	1028.262	7.69695	2.03	10.4	20.379	3.2687E-8	1	0	3.72865
2456	-38.5	26.5	46.739	1028.035	7.66449	2.03	10.4	20.939	3.2415E-8	1	0	3.65549
2457	-38.5	27.5	47.313	1027.863	7.63993	2.03	10.4	21.513	3.2209E-8	1	0	3.58087
2458	-38.5	28.5	47.901	1027.748	7.62345	2.03	10.4	22.101	3.2072E-8	1	0	3.50495
2459	-38.5	29.5	48.503	1027.69	7.61548	2.03	10.4	22.703	3.2006E-8	1	0	3.42778
2460	-37.5	-29.5	47.713	1029.903	7.5326	2.03	10.4	21.913	3.1284E-8	1	0	3.57631
2461	-37.5	-28.5	47.101	1029.963	7.54131	2.03	10.4	21.301	3.1355E-8	1	0	3.66186
2462	-37.5	-27.5	46.503	1030.084	7.55941	2.03	10.4	20.703	3.1505E-8	1	0	3.74609
2463	-37.5	-26.5	45.918	1030.263	7.5864	2.03	10.4	20.118	3.1727E-8	1	0	3.82898
2464	-37.5	-25.5	45.349	1030.499	7.62207	2.03	10.4	19.549	3.2023E-8	1	0	3.91035
2465	-37.5	-24.5	44.794	1030.789	7.66616	2.03	10.4	18.994	3.2391E-8	1	0	3.99002
2466	-37.5	-23.5	44.255	1031.13	7.71833	2.03	10.4	18.455	3.2828E-8	1	0	4.06788
2467	-37.5	-22.5	43.732	1031.519	7.77816	2.03	10.4	17.932	3.3334E-8	1	0	4.1438
2468	-37.5	-21.5	43.226	1031.95	7.84517	2.03	10.4	17.426	3.3905E-8	1	0	4.21771
2469	-37.5	-20.5	42.738	1032.42	7.91881	2.03	10.4	16.938	3.4537E-8	1	0	4.28951
2470	-37.5	-19.5	42.267	1032.924	7.99842	2.03	10.4	16.467	3.5228E-8	1	0	4.35917
2471	-37.5	-18.5	41.815	1033.455	8.08329	2.03	10.4	16.015	3.5971E-8	1	0	4.42661
2472	-37.5	-17.5	41.382	1034.008	8.17263	2.03	10.4	15.582	3.6762E-8	1	0	4.4918
2473	-37.5	-16.5	40.97	1034.576	8.26558	2.03	10.4	15.17	3.7594E-8	1	0	4.55467
2474	-37.5	-15.5	40.577	1035.154	8.3612	2.03	10.4	14.777	3.8459E-8	1	0	4.61516
2475	-37.5	-14.5	40.206	1035.735	8.4585	2.03	10.4	14.406	3.935E-8	1	0	4.67319
2476	-37.5	-13.5	39.856	1036.311	8.55641	2.03	10.4	14.056	4.0256E-8	1	0	4.72866
2477	-37.5	-12.5	39.528	1036.878	8.65383	2.03	10.4	13.728	4.1168E-8	1	0	4.78146
2478	-37.5	-11.5	39.224	1037.428	8.74964	2.03	10.4	13.424	4.2075E-8	1	0	4.83144
2479	-37.5	-10.5	38.942	1037.955	8.84269	2.03	10.4	13.142	4.2965E-8	1	0	4.87842
2480	-37.5	-9.5	38.685	1038.454	8.93181	2.03	10.4	12.885	4.3826E-8	1	0	4.92221
2481	-37.5	-8.5	38.451	1038.92	9.01588	2.03	10.4	12.651	4.4646E-8	1	0	4.9626
2482	-37.5	-7.5	38.243	1039.346	9.0938	2.03	10.4	12.443	4.5413E-8	1	0	4.99935
2483	-37.5	-6.5	38.059	1039.729	9.16453	2.03	10.4	12.259	4.6115E-8	1	0	5.03223
2484	-37.5	-5.5	37.901	1040.065	9.22711	2.03	10.4	12.101	4.674E-8	1	0	5.06098
2485	-37.5	-4.5	37.769	1040.351	9.28067	2.03	10.4	11.969	4.7278E-8	1	0	5.08536
2486	-37.5	-3.5	37.663	1040.582	9.32445	2.03	10.4	11.863	4.7721E-8	1	0	5.10517
2487	-37.5	-2.5	37.583	1040.758	9.35785	2.03	10.4	11.783	4.806E-8	1	0	5.12021
2488	-37.5	-1.5	37.53	1040.876	9.38039	2.03	10.4	11.73	4.8289E-8	1	0	5.13032
2489	-37.5	-0.5	37.503	1040.935	9.39174	2.03	10.4	11.703	4.8405E-8	1	0	5.13541
2490	-37.5	0.5	37.503	1040.935	9.39174	2.03	10.4	11.703	4.8405E-8	1	0	5.13541
2491	-37.5	1.5	37.53	1040.876	9.38039	2.03	10.4	11.73	4.8289E-8	1	0	5.13032
2492	-37.5	2.5	37.583	1040.758	9.35785	2.03	10.4	11.783	4.806E-8	1	0	5.12021
2493	-37.5	3.5	37.663	1040.582	9.32445	2.03	10.4	11.863	4.7721E-8	1	0	5.10517
2494	-37.5	4.5	37.769	1040.351	9.28067	2.03	10.4	11.969	4.7278E-8	1	0	5.08536
2495	-37.5	5.5	37.901	1040.065	9.22711	2.03	10.4	12.101	4.674E-8	1	0	5.06098
2496	-37.5	6.5	38.059	1039.729	9.16453	2.03	10.4	12.259	4.6115E-8	1	0	5.03223
2497	-37.5	7.5	38.243	1039.346	9.0938	2.03	10.4	12.443	4.5413E-8	1	0	4.99935
2498	-37.5	8.5	38.451	1038.92	9.01588	2.03	10.4	12.651	4.4646E-8	1	0	4.9626
2499	-37.5	9.5	38.685	1038.454	8.93181	2.03	10.4	12.885	4.3826E-8	1	0	4.92221
2500	-37.5	10.5	38.942	1037.955	8.84269	2.03	10.4	13.142	4.2965E-8	1	0	4.87842
2501	-37.5	11.5	39.224	1037.428	8.74964	2.03	10.4	13.424	4.2075E-8	1	0	4.83144
2502	-37.5	12.5	39.528	1036.878	8.65383	2.03	10.4	13.728	4.1168E-8	1	0	4.78146
2503	-37.5	13.5	39.856	1036.311	8.55641	2.03	10.4	14.056	4.0256E-8	1	0	4.72866
2504	-37.5	14.5	40.206	1035.735	8.4585	2.03	10.4	14.406	3.935E-8	1	0	4.67319
2505	-37.5	15.5	40.577	1035.154	8.3612	2.03	10.4	14.777	3.8459E-8	1	0	4.61516
2506	-37.5	16.5	40.97	1034.576	8.26558	2.03	10.4	15.17	3.7594E-8	1	0	4.55467
2507	-37.5	17.5	41.382	1034.008	8.17263	2.03	10.4	15.582	3.6762E-8	1	0	4.4918
2508	-37.5	18.5	41.815	1033.455	8.08329	2.03	10.4	16.015	3.5971E-8	1	0	4.42661
2509	-37.5	19.5	42.267	1032.924	7.99842	2.03	10.4	16.467	3.5228E-8	1	0	4.35917
2510	-37.5	20.5	42.738	1032.42	7.91881	2.03	10.4	16.938	3.4537E-8	1	0	4.28951
2511	-37.5	21.5	43.226	1031.95	7.84517	2.03	10.4	17.426	3.3905E-8	1	0	4.21771
2512	-37.5	22.5	43.732	1031.519	7.77816	2.03	10.4	17.932	3.3334E-8	1	0	4.1438
2513	-37.5	23.5	44.255	1031.13	7.71833	2.03	10.4	18.455	3.2828E-8	1	0	4.06788
2514	-37.5	24.5	44.794	1030.789	7.66616	2.03	10.4	18.994	3.2391E-8	1	0	3.99002
2515	-37.5	25.5	45.349	1030.499	7.62207	2.03	10.4	19.549	3.2023E-8	1	0	3.91035
2516	-37.5	26.5	45.918	1030.263	7.5864	2.03	10.4	20.118	3.1727E-8	1	0	3.82898
2517	-37.5	27.5	46.503	1030.084	7.55941	2.03	10.4	20.703	3.1505E-8	1	0	3.74609
2518	-37.5	28.5	47.101	1029.963	7.54131	2.03	10.4	21.301	3.1355E-8	1	0	3.66186
2519	-37.5	29.5	47.713	1029.903	7.5326	2.03	10.4	21.913	3.1284E-8	1	0	3.57631
2520	-36.5	-29.5	46.931	1031.918	7.44166	2.03	10.4	21.131	3.0507E-8	1	0	3.73955
2521	-36.5	-28.5	46.309	1031.981	7.45116	2.03	10.4	20.509	3.0584E-8	1	0	3.83468
2522	-36.5	-27.5	45.7	1032.106	7.47101	2.03	10.4	19.9	3.0746E-8	1	0	3.92844
2523	-36.5	-26.5	45.105	1032.293	7.50062	2.03	10.4	19.305	3.0987E-8	1	0	4.02082
2524	-36.5	-25.5	44.525	1032.538	7.53978	2.03	10.4	18.725	3.1309E-8	1	0	4.11165
2525	-36.5	-24.5	43.96	1032.839	7.58821	2.03	10.4	18.16	3.1708E-8	1	0	4.20075
2526	-36.5	-23.5	43.411	1033.194	7.64556	2.03	10.4	17.611	3.2184E-8	1	0	4.288
2527	-36.5	-22.5	42.878	1033.597	7.71138	2.03	10.4	17.078	3.2735E-8	1	0	4.37329
2528	-36.5	-21.5	42.362	1034.045	7.78517	2.03	10.4	16.562	3.3358E-8	1	0	4.45653
2529	-36.5	-20.5	41.863	1034.533	7.86633	2.03	10.4	16.063	3.405E-8	1	0	4.53767
2530	-36.5	-19.5	41.382	1035.055	7.95417	2.03	10.4	15.582	3.4807E-8	1	0	4.61665
2531	-36.5	-18.5	40.921	1035.605	8.04794	2.03	10.4	15.121	3.5625E-8	1	0	4.69343
2532	-36.5	-17.5	40.478	1036.178	8.14676	2.03	10.4	14.678	3.6496E-8	1	0	4.76798
2533	-36.5	-16.5	40.056	1036.766	8.2497	2.03	10.4	14.256	3.7415E-8	1	0	4.84022
2534	-36.5	-15.5	39.655	1037.363	8.35574	2.03	10.4	13.855	3.8373E-8	1	0	4.91011
2535	-36.5	-14.5	39.275	1037.962	8.46377	2.03	10.4	13.475	3.9362E-8	1	0	4.97753
2536	-36.5	-13.5	38.917	1038.556	8.57262	2.03	10.4	13.117	4.037E-8	1	0	5.04236
2537	-36.5	-12.5	38.581	1039.14	8.68108	2.03	10.4	12.781	4.1388E-8	1	0	5.10445
2538	-36.5	-11.5	38.269	1039.705	8.78787	2.03	10.4	12.469	4.2402E-8	1	0	5.16359
2539	-36.5	-10.5	37.98	1040.247	8.8917	2.03	10.4	12.18	4.34E-8	1	0	5.21955
2540	-36.5	-9.5	37.716	1040.758	8.99127	2.03	10.4	11.916	4.4368E-8	1	0	5.27203
2541	-36.5	-8.5	37.477	1041.235	9.08529	2.03	10.4	11.677	4.5292E-8	1	0	5.32073
2542	-36.5	-7.5	37.263	1041.671	9.17252	2.03	10.4	11.463	4.6157E-8	1	0	5.3653
2543	-36.5	-6.5	37.074	1042.062	9.25176	2.03	10.4	11.274	4.695E-8	1	0	5.40538
2544	-36.5	-5.5	36.912	1042.404	9.32192	2.03	10.4	11.112	4.7658E-8	1	0	5.44061
2545	-36.5	-4.5	36.776	1042.694	9.38201	2.03	10.4	10.976	4.8268E-8	1	0	5.47062
2546	-36.5	-3.5	36.667	1042.93	9.43115	2.03	10.4	10.867	4.8771E-8	1	0	5.49509
2547	-36.5	-2.5	36.586	1043.108	9.46865	2.03	10.4	10.786	4.9155E-8	1	0	5.51371
2548	-36.5	-1.5	36.531	1043.228	9.49396	2.03	10.4	10.731	4.9416E-8	1	0	5.52627
2549	-36.5	-0.5	36.503	1043.288	9.50671	2.03	10.4	10.703	4.9548E-8	1	0	5.53259
2550	-36.5	0.5	36.503	1043.288	9.50671	2.03	10.4	10.703	4.9548E-8	1	0	5.53259
2551	-36.5	1.5	36.531	1043.228	9.49396	2.03	10.4	10.731	4.9416E-8	1	0	5.52627
2552	-36.5	2.5	36.586	1043.108	9.46865	2.03	10.4	10.786	4.9155E-8	1	0	5.51371
2553	-36.5	3.5	36.667	1042.93	9.43115	2.03	10.4	10.867	4.8771E-8	1	0	5.49509
2554	-36.5	4.5	36.776	1042.694	9.38201	2.03	10.4	10.976	4.8268E-8	1	0	5.47062
2555	-36.5	5.5	36.912	1042.404	9.32192	2.03	10.4	11.112	4.7658E-8	1	0	5.44061
2556	-36.5	6.5	37.074	1042.062	9.25176	2.03	10.4	11.274	4.695E-8	1	0	5.40538
2557	-36.5	7.5	37.263	1041.671	9.17252	2.03	10.4	11.463	4.6157E-8	1	0	5.3653
2558	-36.5	8.5	37.477	1041.235	9.08529	2.03	10.4	11.677	4.5292E-8	1	0	5.32073
2559	-36.5	9.5	37.716	1040.758	8.99127	2.03	10.4	11.916	4.4368E-8	1	0	5.27203
2560	-36.5	10.5	37.98	1040.247	8.8917	2.03	10.4	12.18	4.34E-8	1	0	5.21955
2561	-36.5	11.5	38.269	1039.705	8.78787	2.03	10.4	12.469	4.2402E-8	1	0	5.16359
2562	-36.5	12.5	38.581	1039.14	8.68108	2.03	10.4	12.781	4.1388E-8	1	0	5.10445
2563	-36.5	13.5	38.917	1038.556	8.57262	2.03	10.4	13.117	4.037E-8	1	0	5.04236
2564	-36.5	14.5	39.275	1037.962	8.46377	2.03	10.4	13.475	3.9362E-8	1	0	4.97753
2565	-36.5	15.5	39.655	1037.363	8.35574	2.03	10.4	13.855	3.8373E-8	1	0	4.91011
2566	-36.5	16.5	40.056	1036.766	8.2497	2.03	10.4	14.256	3.7415E-8	1	0	4.84022
2567	-36.5	17.5	40.478	1036.178	8.14676	2.03	10.4	14.678	3.6496E-8	1	0	4.76798
2568	-36.5	18.5	40.921	1035.605	8.04794	2.03	10.4	15.121	3.5625E-8	1	0	4.69343
2569	-36.5	19.5	41.382	1035.055	7.95417	2.03	10.4	15.582	3.4807E-8	1	0	4.61665
2570	-36.5	20.5	41.863	1034.533	7.86633	2.03	10.4	16.063	3.405E-8	1	0	4.53767
2571	-36.5	21.5	42.362	1034.045	7.78517	2.03	10.4	16.562	3.3358E-8	1	0	4.45653
2572	-36.5	22.5	42.878	1033.597	7.71138	2.03	10.4	17.078	3.2735E-8	1	0	4.37329
2573	-36.5	23.5	43.411	1033.194	7.64556	2.03	10.4	17.611	3.2184E-8	1	0	4.288
2574	-36.5	24.5	43.96	1032.839	7.58821	2.03	10.4	18.16	3.1708E-8	1	0	4.20075
2575	-36.5	25.5	44.525	1032.538	7.53978	2.03	10.4	18.725	3.1309E-8	1	0	4.11165
2576	-36.5	26.5	45.105	1032.293	7.50062	2.03	10.4	19.305	3.0987E-8	1	0	4.02082
2577	-36.5	27.5	45.7	1032.106	7.47101	2.03	10.4	19.9	3.0746E-8	1	0	3.92844
2578	-36.5	28.5	46.309	1031.981	7.45116	2.03	10.4	20.509	3.0584E-8	1	0	3.83468
2579	-36.5	29.5	46.931	1031.918	7.44166	2.03	10.4	21.131	3.0507E-8	1	0	3.73955
2580	-35.5	-29.5	46.157	1033.741	7.34198	2.03	10.4	20.357	2.9672E-8	1	0	3.9196
2581	-35.5	-28.5	45.525	1033.806	7.35233	2.03	10.4	19.725	2.9755E-8	1	0	4.02573
2582	-35.5	-27.5	44.905	1033.936	7.37408	2.03	10.4	19.105	2.993E-8	1	0	4.13044
2583	-35.5	-26.5	44.3	1034.129	7.40653	2.03	10.4	18.5	3.0191E-8	1	0	4.23379
2584	-35.5	-25.5	43.709	1034.383	7.44947	2.03	10.4	17.909	3.0539E-8	1	0	4.33559
2585	-35.5	-24.5	43.134	1034.695	7.5026	2.03	10.4	17.334	3.0972E-8	1	0	4.43567
2586	-35.5	-23.5	42.573	1035.062	7.56556	2.03	10.4	16.773	3.1489E-8	1	0	4.53392
2587	-35.5	-22.5	42.03	1035.48	7.6379	2.03	10.4	16.23	3.2089E-8	1	0	4.63023
2588	-35.5	-21.5	41.503	1035.943	7.71908	2.03	10.4	15.703	3.2768E-8	1	0	4.72455
2589	-35.5	-20.5	40.994	1036.447	7.80846	2.03	10.4	15.194	3.3524E-8	1	0	4.81683
2590	-35.5	-19.5	40.503	1036.986	7.90533	2.03	10.4	14.703	3.4353E-8	1	0	4.90706
2591	-35.5	-18.5	40.031	1037.554	8.00886	2.03	10.4	14.231	3.525E-8	1	0	4.99521
2592	-35.5	-17.5	39.579	1038.144	8.11812	2.03	10.4	13.779	3.6209E-8	1	0	5.08125
2593	-35.5	-16.5	39.147	1038.749	8.23209	2.03	10.4	13.347	3.7224E-8	1	0	5.16514
2594	-35.5	-15.5	38.736	1039.363	8.34966	2.03	10.4	12.936	3.8285E-8	1	0	5.24681
2595	-35.5	-14.5	38.347	1039.978	8.46961	2.03	10.4	12.547	3.9382E-8	1	0	5.32615
2596	-35.5	-13.5	37.98	1040.587	8.59066	2.03	10.4	12.18	4.0505E-8	1	0	5.403
2597	-35.5	-12.5	37.636	1041.184	8.71144	2.03	10.4	11.836	4.1642E-8	1	0	5.47714
2598	-35.5	-11.5	37.316	1041.761	8.83052	2.03	10.4	11.516	4.2778E-8	1	0	5.5483
2599	-35.5	-10.5	37.02	1042.313	8.94645	2.03	10.4	11.22	4.3898E-8	1	0	5.61614
2600	-35.5	-9.5	36.749	1042.833	9.05777	2.03	10.4	10.949	4.4987E-8	1	0	5.68025
2601	-35.5	-8.5	36.503	1043.316	9.163	2.03	10.4	10.703	4.6029E-8	1	0	5.74017
2602	-35.5	-7.5	36.284	1043.758	9.26073	2.03	10.4	10.484	4.7007E-8	1	0	5.79539
2603	-35.5	-6.5	36.09	1044.153	9.3496	2.03	10.4	10.29	4.7906E-8	1	0	5.84537
2604	-35.5	-5.5	35.924	1044.498	9.42834	2.03	10.4	10.124	4.8709E-8	1	0	5.88954
2605	-35.5	-4.5	35.784	1044.79	9.49582	2.03	10.4	9.984	4.9402E-8	1	0	5.92737
2606	-35.5	-3.5	35.672	1045.027	9.55104	2.03	10.4	9.872	4.9974E-8	1	0	5.95835
2607	-35.5	-2.5	35.588	1045.206	9.59319	2.03	10.4	9.788	5.0412E-8	1	0	5.98202
2608	-35.5	-1.5	35.532	1045.326	9.62165	2.03	10.4	9.732	5.0709E-8	1	0	5.99802
2609	-35.5	-0.5	35.504	1045.386	9.63598	2.03	10.4	9.704	5.0859E-8	1	0	6.00608
2610	-35.5	0.5	35.504	1045.386	9.63598	2.03	10.4	9.704	5.0859E-8	1	0	6.00608
2611	-35.5	1.5	35.532	1045.326	9.62165	2.03	10.4	9.732	5.0709E-8	1	0	5.99802
2612	-35.5	2.5	35.588	1045.206	9.59319	2.03	10.4	9.788	5.0412E-8	1	0	5.98202
2613	-35.5	3.5	35.672	1045.027	9.55104	2.03	10.4	9.872	4.9974E-8	1	0	5.95835
2614	-35.5	4.5	35.784	1044.79	9.49582	2.03	10.4	9.984	4.9402E-8	1	0	5.92737
2615	-35.5	5.5	35.924	1044.498	9.42834	2.03	10.4	10.124	4.8709E-8	1	0	5.88954
2616	-35.5	6.5	36.09	1044.153	9.3496	2.03	10.4	10.29	4.7906E-8	1	0	5.84537
2617	-35.5	7.5	36.284	1043.758	9.26073	2.03	10.4	10.484	4.7007E-8	1	0	5.79539
2618	-35.5	8.5	36.503	1043.316	9.163	2.03	10.4	10.703	4.6029E-8	1	0	5.74017
2619	-35.5	9.5	36.749	1042.833	9.05777	2.03	10.4	10.949	4.4987E-8	1	0	5.68025
2620	-35.5	10.5	37.02	1042.313	8.94645	2.03	10.4	11.22	4.3898E-8	1	0	5.61614
2621	-35.5	11.5	37.316	1041.761	8.83052	2.03	10.4	11.516	4.2778E-8	1	0	5.5483
2622	-35.5	12.5	37.636	1041.184	8.71144	2.03	10.4	11.836	4.1642E-8	1	0	5.47714
2623	-35.5	13.5	37.98	1040.587	8.59066	2.03	10.4	12.18	4.0505E-8	1	0	5.403
2624	-35.5	14.5	38.347	1039.978	8.46961	2.03	10.4	12.547	3.9382E-8	1	0	5.32615
2625	-35.5	15.5	38.736	1039.363	8.34966	2.03	10.4	12.936	3.8285E-8	1	0	5.24681
2626	-35.5	16.5	39.147	1038.749	8.23209	2.03	10.4	13.347	3.7224E-8	1	0	5.16514
2627	-35.5	17.5	39.579	1038.144	8.11812	2.03	10.4	13.779	3.6209E-8	1	0	5.08125
2628	-35.5	18.5	40.031	1037.554	8.00886	2.03	10.4	14.231	3.525E-8	1	0	4.99521
2629	-35.5	19.5	40.503	1036.986	7.90533	2.03	10.4	14.703	3.4353E-8	1	0	4.90706
2630	-35.5	20.5	40.994	1036.447	7.80846	2.03	10.4	15.194	3.3524E-8	1	0	4.81683
2631	-35.5	21.5	41.503	1035.943	7.71908	2.03	10.4	15.703	3.2768E-8	1	0	4.72455
2632	-35.5	22.5	42.03	1035.48	7.6379	2.03	10.4	16.23	3.2089E-8	1	0	4.63023
2633	-35.5	23.5	42.573	1035.062	7.56556	2.03	10.4	16.773	3.1489E-8	1	0	4.53392
2634	-35.5	24.5	43.134	1034.695	7.5026	2.03	10.4	17.334	3.0972E-8	1	0	4.43567
2635	-35.5	25.5	43.709	1034.383	7.44947	2.03	10.4	17.909	3.0539E-8	1	0	4.33559
2636	-35.5	26.5	44.3	1034.129	7.40653	2.03	10.4	18.5	3.0191E-8	1	0	4.23379
2637	-35.5	27.5	44.905	1033.936	7.37408	2.03	10.4	19.105	2.993E-8	1	0	4.13044
2638	-35.5	28.5	45.525	1033.806	7.35233	2.03	10.4	19.725	2.9755E-8	1	0	4.02573
2639	-35.5	29.5	46.157	1033.741	7.34198	2.03	10.4	20.357	2.9672E-8	1	0	3.9196
2640	-34.5	-29.5	45.393	1035.378	7.23289	2.03	10.4	19.593	2.8777E-8	1	0	4.11893
2641	-34.5	-28.5	44.749	1035.445	7.24415	2.03	10.4	18.949	2.8866E-8	1	0	4.23774
2642	-34.5	-27.5	44.119	1035.579	7.26794	2.03	10.4	18.319	2.9054E-8	1	0	4.35511
2643	-34.5	-26.5	43.503	1035.779	7.30345	2.03	10.4	17.703	2.9336E-8	1	0	4.4712
2644	-34.5	-25.5	42.901	1036.041	7.35045	2.03	10.4	17.101	2.9712E-8	1	0	4.58579
2645	-34.5	-24.5	42.314	1036.363	7.40867	2.03	10.4	16.514	3.018E-8	1	0	4.69874
2646	-34.5	-23.5	41.743	1036.742	7.47772	2.03	10.4	15.943	3.074E-8	1	0	4.80995
2647	-34.5	-22.5	41.189	1037.172	7.55713	2.03	10.4	15.389	3.1391E-8	1	0	4.91936
2648	-34.5	-21.5	40.651	1037.65	7.64634	2.03	10.4	14.851	3.213E-8	1	0	5.02693
2649	-34.5	-20.5	40.131	1038.169	7.7447	2.03	10.4	14.331	3.2955E-8	1	0	5.13269
2650	-34.5	-19.5	39.63	1038.723	7.85143	2.03	10.4	13.83	3.3861E-8	1	0	5.23663
2651	-34.5	-18.5	39.147	1039.306	7.96567	2.03	10.4	13.347	3.4845E-8	1	0	5.33879
2652	-34.5	-17.5	38.685	1039.911	8.08641	2.03	10.4	12.885	3.59E-8	1	0	5.43917
2653	-34.5	-16.5	38.243	1040.53	8.21256	2.03	10.4	12.443	3.7019E-8	1	0	5.53775
2654	-34.5	-15.5	37.822	1041.157	8.3429	2.03	10.4	12.022	3.8194E-8	1	0	5.63447
2655	-34.5	-14.5	37.423	1041.784	8.4761	2.03	10.4	11.623	3.9412E-8	1	0	5.72922
2656	-34.5	-13.5	37.047	1042.404	8.61072	2.03	10.4	11.247	4.0663E-8	1	0	5.82179
2657	-34.5	-12.5	36.695	1043.01	8.74526	2.03	10.4	10.895	4.1933E-8	1	0	5.9119
2658	-34.5	-11.5	36.366	1043.594	8.87812	2.03	10.4	10.566	4.3206E-8	1	0	5.99917
2659	-34.5	-10.5	36.062	1044.151	9.00765	2.03	10.4	10.262	4.4466E-8	1	0	6.08313
2660	-34.5	-9.5	35.784	1044.674	9.13219	2.03	10.4	9.984	4.5694E-8	1	0	6.16319
2661	-34.5	-8.5	35.532	1045.159	9.25007	2.03	10.4	9.732	4.6871E-8	1	0	6.23865
2662	-34.5	-7.5	35.306	1045.601	9.35968	2.03	10.4	9.506	4.7979E-8	1	0	6.30877
2663	-34.5	-6.5	35.107	1045.995	9.45945	2.03	10.4	9.307	4.9E-8	1	0	6.37271
2664	-34.5	-5.5	34.936	1046.338	9.54793	2.03	10.4	9.136	4.9913E-8	1	0	6.42962
2665	-34.5	-4.5	34.792	1046.628	9.62381	2.03	10.4	8.992	5.0703E-8	1	0	6.47865
2666	-34.5	-3.5	34.677	1046.862	9.68593	2.03	10.4	8.877	5.1355E-8	1	0	6.51901
2667	-34.5	-2.5	34.59	1047.038	9.73336	2.03	10.4	8.79	5.1855E-8	1	0	6.54998
2668	-34.5	-1.5	34.533	1047.157	9.76538	2.03	10.4	8.733	5.2194E-8	1	0	6.57098
2669	-34.5	-0.5	34.504	1047.216	9.78152	2.03	10.4	8.704	5.2366E-8	1	0	6.58158
2670	-34.5	0.5	34.504	1047.216	9.78152	2.03	10.4	8.704	5.2366E-8	1	0	6.58158
2671	-34.5	1.5	34.533	1047.157	9.76538	2.03	10.4	8.733	5.2194E-8	1	0	6.57098
2672	-34.5	2.5	34.59	1047.038	9.73336	2.03	10.4	8.79	5.1855E-8	1	0	6.54998
2673	-34.5	3.5	34.677	1046.862	9.68593	2.03	10.4	8.877	5.1355E-8	1	0	6.51901
2674	-34.5	4.5	34.792	1046.628	9.62381	2.03	10.4	8.992	5.0703E-8	1	0	6.47865
2675	-34.5	5.5	34.936	1046.338	9.54793	2.03	10.4	9.136	4.9913E-8	1	0	6.42962
2676	-34.5	6.5	35.107	1045.995	9.45945	2.03	10.4	9.307	4.9E-8	1	0	6.37271
2677	-34.5	7.5	35.306	1045.601	9.35968	2.03	10.4	9.506	4.7979E-8	1	0	6.30877
2678	-34.5	8.5	35.532	1045.159	9.25007	2.03	10.4	9.732	4.6871E-8	1	0	6.23865
2679	-34.5	9.5	35.784	1044.674	9.13219	2.03	10.4	9.984	4.5694E-8	1	0	6.16319
2680	-34.5	10.5	36.062	1044.151	9.00765	2.03	10.4	10.262	4.4466E-8	1	0	6.08313
2681	-34.5	11.5	36.366	1043.594	8.87812	2.03	10.4	10.566	4.3206E-8	1	0	5.99917
2682	-34.5	12.5	36.695	1043.01	8.74526	2.03	10.4	10.895	4.1933E-8	1	0	5.9119
2683	-34.5	13.5	37.047	1042.404	8.61072	2.03	10.4	11.247	4.0663E-8	1	0	5.82179
2684	-34.5	14.5	37.423	1041.784	8.4761	2.03	10.4	11.623	3.9412E-8	1	0	5.72922
2685	-34.5	15.5	37.822	1041.157	8.3429	2.03	10.4	12.022	3.8194E-8	1	0	5.63447
2686	-34.5	16.5	38.243	1040.53	8.21256	2.03	10.4	12.443	3.7019E-8	1	0	5.53775
2687	-34.5	17.5	38.685	1039.911	8.08641	2.03	10.4	12.885	3.59E-8	1	0	5.43917
2688	-34.5	18.5	39.147	1039.306	7.96567	2.03	10.4	13.347	3.4845E-8	1	0	5.33879
2689	-34.5	19.5	39.63	1038.723	7.85143	2.03	10.4	13.83	3.3861E-8	1	0	5.23663
2690	-34.5	20.5	40.131	1038.169	7.7447	2.03	10.4	14.331	3.2955E-8	1	0	5.13269
2691	-34.5	21.5	40.651	1037.65	7.64634	2.03	10.4	14.851	3.213E-8	1	0	5.02693
2692	-34.5	22.5	41.189	1037.172	7.55713	2.03	10.4	15.389	3.1391E-8	1	0	4.91936
2693	-34.5	23.5	41.743	1036.742	7.47772	2.03	10.4	15.943	3.074E-8	1	0	4.80995
2694	-34.5	24.5	42.314	1036.363	7.40867	2.03	10.4	16.514	3.018E-8	1	0	4.69874
2695	-34.5	25.5	42.901	1036.041	7.35045	2.03	10.4	17.101	2.9712E-8	1	0	4.58579
2696	-34.5	26.5	43.503	1035.779	7.30345	2.03	10.4	17.703	2.9336E-8	1	0	4.4712
2697	-34.5	27.5	44.119	1035.579	7.26794	2.03	10.4	18.319	2.9054E-8	1	0	4.35511
2698	-34.5	28.5	44.749	1035.445	7.24415	2.03	10.4	18.949	2.8866E-8	1	0	4.23774
2699	-34.5	29.5	45.393	1035.378	7.23289	2.03	10.4	19.593	2.8777E-8	1	0	4.11893
2700	-33.5	-29.5	44.637	1036.834	7.1137	2.03	10.4	18.837	2.7819E-8	1	0	4.34046
2701	-33.5	-28.5	43.983	1036.904	7.12591	2.03	10.4	18.183	2.7914E-8	1	0	4.47397
2702	-33.5	-27.5	43.342	1037.042	7.15188	2.03	10.4	17.542	2.8116E-8	1	0	4.60606
2703	-33.5	-26.5	42.714	1037.247	7.19068	2.03	10.4	16.914	2.842E-8	1	0	4.73701
2704	-33.5	-25.5	42.101	1037.517	7.24207	2.03	10.4	16.301	2.8824E-8	1	0	4.86661
2705	-33.5	-24.5	41.503	1037.849	7.30576	2.03	10.4	15.703	2.9329E-8	1	0	4.99476
2706	-33.5	-23.5	40.921	1038.238	7.38138	2.03	10.4	15.121	2.9934E-8	1	0	5.12138
2707	-33.5	-22.5	40.355	1038.68	7.46844	2.03	10.4	14.555	3.0639E-8	1	0	5.24648
2708	-33.5	-21.5	39.806	1039.17	7.56638	2.03	10.4	14.006	3.1441E-8	1	0	5.37009
2709	-33.5	-20.5	39.275	1039.701	7.6745	2.03	10.4	13.475	3.2339E-8	1	0	5.49229
2710	-33.5	-19.5	38.762	1040.268	7.79201	2.03	10.4	12.962	3.3329E-8	1	0	5.61318
2711	-33.5	-18.5	38.269	1040.864	7.91797	2.03	10.4	12.469	3.4406E-8	1	0	5.73286
2712	-33.5	-17.5	37.796	1041.481	8.05134	2.03	10.4	11.996	3.5566E-8	1	0	5.8514
2713	-33.5	-16.5	37.343	1042.111	8.19091	2.03	10.4	11.543	3.68E-8	1	0	5.96883
2714	-33.5	-15.5	36.912	1042.747	8.33538	2.03	10.4	11.112	3.8099E-8	1	0	6.08515
2715	-33.5	-14.5	36.503	1043.382	8.48328	2.03	10.4	10.703	3.9452E-8	1	0	6.20022
2716	-33.5	-13.5	36.118	1044.007	8.63304	2.03	10.4	10.318	4.0847E-8	1	0	6.31382
2717	-33.5	-12.5	35.756	1044.616	8.78297	2.03	10.4	9.956	4.2267E-8	1	0	6.42559
2718	-33.5	-11.5	35.419	1045.201	8.93127	2.03	10.4	9.619	4.3695E-8	1	0	6.53501
2719	-33.5	-10.5	35.107	1045.757	9.0761	2.03	10.4	9.307	4.5113E-8	1	0	6.64142
2720	-33.5	-9.5	34.821	1046.277	9.21555	2.03	10.4	9.021	4.65E-8	1	0	6.74396
2721	-33.5	-8.5	34.562	1046.756	9.34774	2.03	10.4	8.762	4.7834E-8	1	0	6.84162
2722	-33.5	-7.5	34.329	1047.191	9.4708	2.03	10.4	8.529	4.9092E-8	1	0	6.93323
2723	-33.5	-6.5	34.125	1047.577	9.58296	2.03	10.4	8.325	5.0254E-8	1	0	7.01753
2724	-33.5	-5.5	33.948	1047.912	9.68251	2.03	10.4	8.148	5.1296E-8	1	0	7.09317
2725	-33.5	-4.5	33.801	1048.194	9.76794	2.03	10.4	8.001	5.2199E-8	1	0	7.15883
2726	-33.5	-3.5	33.682	1048.42	9.83791	2.03	10.4	7.882	5.2944E-8	1	0	7.21321
2727	-33.5	-2.5	33.593	1048.591	9.89134	2.03	10.4	7.793	5.3517E-8	1	0	7.25515
2728	-33.5	-1.5	33.534	1048.705	9.92743	2.03	10.4	7.734	5.3905E-8	1	0	7.28368
2729	-33.5	-0.5	33.504	1048.762	9.94561	2.03	10.4	7.704	5.4102E-8	1	0	7.29813
2730	-33.5	0.5	33.504	1048.762	9.94561	2.03	10.4	7.704	5.4102E-8	1	0	7.29813
2731	-33.5	1.5	33.534	1048.705	9.92743	2.03	10.4	7.734	5.3905E-8	1	0	7.28368
2732	-33.5	2.5	33.593	1048.591	9.89134	2.03	10.4	7.793	5.3517E-8	1	0	7.25515
2733	-33.5	3.5	33.682	1048.42	9.83791	2.03	10.4	7.882	5.2944E-8	1	0	7.21321
2734	-33.5	4.5	33.801	1048.194	9.76794	2.03	10.4	8.001	5.2199E-8	1	0	7.15883
2735	-33.5	5.5	33.948	1047.912	9.68251	2.03	10.4	8.148	5.1296E-8	1	0	7.09317
2736	-33.5	6.5	34.125	1047.577	9.58296	2.03	10.4	8.325	5.0254E-8	1	0	7.01753
2737	-33.5	7.5	34.329	1047.191	9.4708	2.03	10.4	8.529	4.9092E-8	1	0	6.93323
2738	-33.5	8.5	34.562	1046.756	9.34774	2.03	10.4	8.762	4.7834E-8	1	0	6.84162
2739	-33.5	9.5	34.821	1046.277	9.21555	2.03	10.4	9.021	4.65E-8	1	0	6.74396
2740	-33.5	10.5	35.107	1045.757	9.0761	2.03	10.4	9.307	4.5113E-8	1	0	6.64142
2741	-33.5	11.5	35.419	1045.201	8.93127	2.03	10.4	9.619	4.3695E-8	1	0	6.53501
2742	-33.5	12.5	35.756	1044.616	8.78297	2.03	10.4	9.956	4.2267E-8	1	0	6.42559
2743	-33.5	13.5	36.118	1044.007	8.63304	2.03	10.4	10.318	4.0847E-8	1	0	6.31382
2744	-33.5	14.5	36.503	1043.382	8.48328	2.03	10.4	10.703	3.9452E-8	1	0	6.20022
2745	-33.5	15.5	36.912	1042.747	8.33538	2.03	10.4	11.112	3.8099E-8	1	0	6.08515
2746	-33.5	16.5	37.343	1042.111	8.19091	2.03	10.4	11.543	3.68E-8	1	0	5.96883
2747	-33.5	17.5	37.796	1041.481	8.05134	2.03	10.4	11.996	3.5566E-8	1	0	5.8514
2748	-33.5	18.5	38.269	1040.864	7.91797	2.03	10.4	12.469	3.4406E-8	1	0	5.73286
2749	-33.5	19.5	38.762	1040.268	7.79201	2.03	10.4	12.962	3.3329E-8	1	0	5.61318
2750	-33.5	20.5	39.275	1039.701	7.6745	2.03	10.4	13.475	3.2339E-8	1	0	5.49229
2751	-33.5	21.5	39.806	1039.17	7.56638	2.03	10.4	14.006	3.1441E-8	1	0	5.37009
2752	-33.5	22.5	40.355	1038.68	7.46844	2.03	10.4	14.555	3.0639E-8	1	0	5.24648
2753	-33.5	23.5	40.921	1038.238	7.38138	2.03	10.4	15.121	2.9934E-8	1	0	5.12138
2754	-33.5	24.5	41.503	1037.849	7.30576	2.03	10.4	15.703	2.9329E-8	1	0	4.99476
2755	-33.5	25.5	42.101	1037.517	7.24207	2.03	10.4	16.301	2.8824E-8	1	0	4.86661
2756	-33.5	26.5	42.714	1037.247	7.19068	2.03	10.4	16.914	2.842E-8	1	0	4.73701
2757	-33.5	27.5	43.342	1037.042	7.15188	2.03	10.4	17.542	2.8116E-8	1	0	4.60606
2758	-33.5	28.5	43.983	1036.904	7.12591	2.03	10.4	18.183	2.7914E-8	1	0	4.47397
2759	-33.5	29.5	44.637	1036.834	7.1137	2.03	10.4	18.837	2.7819E-8	1	0	4.34046
2760	-32.5	-29.5	43.892	1038.119	6.9837	2.03	10.4	18.092	2.6797E-8	1	0	4.58769
2761	-32.5	-28.5	43.226	1038.19	6.9969	2.03	10.4	17.426	2.6898E-8	1	0	4.73832
2762	-32.5	-27.5	42.573	1038.332	7.02521	2.03	10.4	16.773	2.7114E-8	1	0	4.88762
2763	-32.5	-26.5	41.934	1038.543	7.06751	2.03	10.4	16.134	2.7439E-8	1	0	5.03602
2764	-32.5	-25.5	41.31	1038.819	7.1236	2.03	10.4	15.51	2.7873E-8	1	0	5.18336
2765	-32.5	-24.5	40.7	1039.159	7.19317	2.03	10.4	14.9	2.8416E-8	1	0	5.32957
2766	-32.5	-23.5	40.106	1039.557	7.27586	2.03	10.4	14.306	2.9068E-8	1	0	5.47468
2767	-32.5	-22.5	39.528	1040.009	7.37118	2.03	10.4	13.728	2.9829E-8	1	0	5.61877
2768	-32.5	-21.5	38.968	1040.51	7.47856	2.03	10.4	13.168	3.0698E-8	1	0	5.76199
2769	-32.5	-20.5	38.425	1041.052	7.59729	2.03	10.4	12.625	3.1673E-8	1	0	5.90454
2770	-32.5	-19.5	37.901	1041.629	7.72654	2.03	10.4	12.101	3.2752E-8	1	0	6.04666
2771	-32.5	-18.5	37.397	1042.234	7.86533	2.03	10.4	11.597	3.393E-8	1	0	6.18859
2772	-32.5	-17.5	36.912	1042.859	8.01255	2.03	10.4	11.112	3.5203E-8	1	0	6.33053
2773	-32.5	-16.5	36.449	1043.495	8.16692	2.03	10.4	10.649	3.6563E-8	1	0	6.47264
2774	-32.5	-15.5	36.007	1044.136	8.32702	2.03	10.4	10.207	3.8E-8	1	0	6.61498
2775	-32.5	-14.5	35.588	1044.772	8.49125	2.03	10.4	9.788	3.9503E-8	1	0	6.75748
2776	-32.5	-13.5	35.192	1045.397	8.65788	2.03	10.4	9.392	4.1058E-8	1	0	6.89991
2777	-32.5	-12.5	34.821	1046.001	8.82503	2.03	10.4	9.021	4.2647E-8	1	0	7.04184
2778	-32.5	-11.5	34.475	1046.58	8.99068	2.03	10.4	8.675	4.4252E-8	1	0	7.18259
2779	-32.5	-10.5	34.154	1047.126	9.15274	2.03	10.4	8.354	4.5851E-8	1	0	7.32122
2780	-32.5	-9.5	33.86	1047.634	9.30904	2.03	10.4	8.06	4.7421E-8	1	0	7.45651
2781	-32.5	-8.5	33.593	1048.099	9.45743	2.03	10.4	7.793	4.8935E-8	1	0	7.58696
2782	-32.5	-7.5	33.354	1048.518	9.59576	2.03	10.4	7.554	5.0368E-8	1	0	7.71075
2783	-32.5	-6.5	33.144	1048.888	9.722	2.03	10.4	7.344	5.1694E-8	1	0	7.82589
2784	-32.5	-5.5	32.962	1049.207	9.8342	2.03	10.4	7.162	5.2886E-8	1	0	7.93022
2785	-32.5	-4.5	32.81	1049.473	9.93052	2.03	10.4	7.01	5.3921E-8	1	0	8.02158
2786	-32.5	-3.5	32.688	1049.686	10.00943	2.03	10.4	6.888	5.4777E-8	1	0	8.09784
2787	-32.5	-2.5	32.596	1049.846	10.0697	2.03	10.4	6.796	5.5435E-8	1	0	8.15703
2788	-32.5	-1.5	32.535	1049.952	10.1104	2.03	10.4	6.735	5.5881E-8	1	0	8.19748
2789	-32.5	-0.5	32.504	1050.005	10.13091	2.03	10.4	6.704	5.6107E-8	1	0	8.21801
2790	-32.5	0.5	32.504	1050.005	10.13091	2.03	10.4	6.704	5.6107E-8	1	0	8.21801
2791	-32.5	1.5	32.535	1049.952	10.1104	2.03	10.4	6.735	5.5881E-8	1	0	8.19748
2792	-32.5	2.5	32.596	1049.846	10.0697	2.03	10.4	6.796	5.5435E-8	1	0	8.15703
2793	-32.5	3.5	32.688	1049.686	10.00943	2.03	10.4	6.888	5.4777E-8	1	0	8.09784
2794	-32.5	4.5	32.81	1049.473	9.93052	2.03	10.4	7.01	5.3921E-8	1	0	8.02158
2795	-32.5	5.5	32.962	1049.207	9.8342	2.03	10.4	7.162	5.2886E-8	1	0	7.93022
2796	-32.5	6.5	33.144	1048.888	9.722	2.03	10.4	7.344	5.1694E-8	1	0	7.82589
2797	-32.5	7.5	33.354	1048.518	9.59576	2.03	10.4	7.554	5.0368E-8	1	0	7.71075
2798	-32.5	8.5	33.593	1048.099	9.45743	2.03	10.4	7.793	4.8935E-8	1	0	7.58696
2799	-32.5	9.5	33.86	1047.634	9.30904	2.03	10.4	8.06	4.7421E-8	1	0	7.45651
2800	-32.5	10.5	34.154	1047.126	9.15274	2.03	10.4	8.354	4.5851E-8	1	0	7.32122
2801	-32.5	11.5	34.475	1046.58	8.99068	2.03	10.4	8.675	4.4252E-8	1	0	7.18259
2802	-32.5	12.5	34.821	1046.001	8.82503	2.03	10.4	9.021	4.2647E-8	1	0	7.04184
2803	-32.5	13.5	35.192	1045.397	8.65788	2.03	10.4	9.392	4.1058E-8	1	0	6.89991
2804	-32.5	14.5	35.588	1044.772	8.49125	2.03	10.4	9.788	3.9503E-8	1	0	6.75748
2805	-32.5	15.5	36.007	1044.136	8.32702	2.03	10.4	10.207	3.8E-8	1	0	6.61498
2806	-32.5	16.5	36.449	1043.495	8.16692	2.03	10.4	10.649	3.6563E-8	1	0	6.47264
2807	-32.5	17.5	36.912	1042.859	8.01255	2.03	10.4	11.112	3.5203E-8	1	0	6.33053
2808	-32.5	18.5	37.397	1042.234	7.86533	2.03	10.4	11.597	3.393E-8	1	0	6.18859
2809	-32.5	19.5	37.901	1041.629	7.72654	2.03	10.4	12.101	3.2752E-8	1	0	6.04666
2810	-32.5	20.5	38.425	1041.052	7.59729	2.03	10.4	12.625	3.1673E-8	1	0	5.90454
2811	-32.5	21.5	38.968	1040.51	7.47856	2.03	10.4	13.168	3.0698E-8	1	0	5.76199
2812	-32.5	22.5	39.528	1040.009	7.37118	2.03	10.4	13.728	2.9829E-8	1	0	5.61877
2813	-32.5	23.5	40.106	1039.557	7.27586	2.03	10.4	14.306	2.9068E-8	1	0	5.47468
2814	-32.5	24.5	40.7	1039.159	7.19317	2.03	10.4	14.9	2.8416E-8	1	0	5.32957
2815	-32.5	25.5	41.31	1038.819	7.1236	2.03	10.4	15.51	2.7873E-8	1	0	5.18336
2816	-32.5	26.5	41.934	1038.543	7.06751	2.03	10.4	16.134	2.7439E-8	1	0	5.03602
2817	-32.5	27.5	42.573	1038.332	7.02521	2.03	10.4	16.773	2.7114E-8	1	0	4.88762
2818	-32.5	28.5	43.226	1038.19	6.9969	2.03	10.4	17.426	2.6898E-8	1	0	4.73832
2819	-32.5	29.5	43.892	1038.119	6.9837	2.03	10.4	18.092	2.6797E-8	1	0	4.58769
2820	-31.5	-29.5	43.157	1039.239	6.84217	2.03	10.4	17.357	2.571E-8	1	0	4.86481
2821	-31.5	-28.5	42.479	1039.312	6.8564	2.03	10.4	16.679	2.5816E-8	1	0	5.03548
2822	-31.5	-27.5	41.815	1039.457	6.8872	2.03	10.4	16.015	2.6047E-8	1	0	5.20501
2823	-31.5	-26.5	41.164	1039.672	6.93325	2.03	10.4	15.364	2.6394E-8	1	0	5.37403
2824	-31.5	-25.5	40.528	1039.955	6.99434	2.03	10.4	14.728	2.6858E-8	1	0	5.54248
2825	-31.5	-24.5	39.906	1040.302	7.0702	2.03	10.4	14.106	2.744E-8	1	0	5.71037
2826	-31.5	-23.5	39.3	1040.708	7.16046	2.03	10.4	13.5	2.814E-8	1	0	5.87784
2827	-31.5	-22.5	38.71	1041.168	7.26467	2.03	10.4	12.91	2.8959E-8	1	0	6.04516
2828	-31.5	-21.5	38.138	1041.677	7.38224	2.03	10.4	12.338	2.9898E-8	1	0	6.21265
2829	-31.5	-20.5	37.583	1042.227	7.51245	2.03	10.4	11.783	3.0954E-8	1	0	6.38073
2830	-31.5	-19.5	37.047	1042.811	7.65446	2.03	10.4	11.247	3.2128E-8	1	0	6.54988
2831	-31.5	-18.5	36.531	1043.422	7.80726	2.03	10.4	10.731	3.3414E-8	1	0	6.72057
2832	-31.5	-17.5	36.035	1044.05	7.96966	2.03	10.4	10.235	3.481E-8	1	0	6.89326
2833	-31.5	-16.5	35.56	1044.688	8.14032	2.03	10.4	9.76	3.6307E-8	1	0	7.06834
2834	-31.5	-15.5	35.107	1045.326	8.3177	2.03	10.4	9.307	3.7896E-8	1	0	7.24608
2835	-31.5	-14.5	34.677	1045.958	8.50008	2.03	10.4	8.877	3.9565E-8	1	0	7.42656
2836	-31.5	-13.5	34.271	1046.573	8.68552	2.03	10.4	8.471	4.13E-8	1	0	7.60963
2837	-31.5	-12.5	33.89	1047.166	8.87196	2.03	10.4	8.09	4.3081E-8	1	0	7.79484
2838	-31.5	-11.5	33.534	1047.728	9.05712	2.03	10.4	7.734	4.4887E-8	1	0	7.98135
2839	-31.5	-10.5	33.204	1048.254	9.23863	2.03	10.4	7.404	4.6694E-8	1	0	8.16792
2840	-31.5	-9.5	32.901	1048.739	9.41401	2.03	10.4	7.101	4.8473E-8	1	0	8.35281
2841	-31.5	-8.5	32.627	1049.179	9.58076	2.03	10.4	6.827	5.0196E-8	1	0	8.53373
2842	-31.5	-7.5	32.381	1049.571	9.73647	2.03	10.4	6.581	5.1832E-8	1	0	8.7079
2843	-31.5	-6.5	32.164	1049.914	9.87879	2.03	10.4	6.364	5.3351E-8	1	0	8.872
2844	-31.5	-5.5	31.977	1050.206	10.00547	2.03	10.4	6.177	5.4721E-8	1	0	9.0225
2845	-31.5	-4.5	31.82	1050.447	10.11427	2.03	10.4	6.02	5.5912E-8	1	0	9.15578
2846	-31.5	-3.5	31.694	1050.638	10.20337	2.03	10.4	5.894	5.6897E-8	1	0	9.26814
2847	-31.5	-2.5	31.599	1050.78	10.27141	2.03	10.4	5.799	5.7655E-8	1	0	9.35603
2848	-31.5	-1.5	31.536	1050.873	10.31736	2.03	10.4	5.736	5.8169E-8	1	0	9.41643
2849	-31.5	-0.5	31.504	1050.92	10.34053	2.03	10.4	5.704	5.843E-8	1	1	9.44719
2850	-31.5	0.5	31.504	1050.92	10.34053	2.03	10.4	5.704	5.843E-8	1	1	9.44719
2851	-31.5	1.5	31.536	1050.873	10.31736	2.03	10.4	5.736	5.8169E-8	1	0	9.41643
2852	-31.5	2.5	31.599	1050.78	10.27141	2.03	10.4	5.799	5.7655E-8	1	0	9.35603
2853	-31.5	3.5	31.694	1050.638	10.20337	2.03	10.4	5.894	5.6897E-8	1	0	9.26814
2854	-31.5	4.5	31.82	1050.447	10.11427	2.03	10.4	6.02	5.5912E-8	1	0	9.15578
2855	-31.5	5.5	31.977	1050.206	10.00547	2.03	10.4	6.177	5.4721E-8	1	0	9.0225
2856	-31.5	6.5	32.164	1049.914	9.87879	2.03	10.4	6.364	5.3351E-8	1	0	8.872
2857	-31.5	7.5	32.381	1049.571	9.73647	2.03	10.4	6.581	5.1832E-8	1	0	8.7079
2858	-31.5	8.5	32.627	1049.179	9.58076	2.03	10.4	6.827	5.0196E-8	1	0	8.53373
2859	-31.5	9.5	32.901	1048.739	9.41401	2.03	10.4	7.101	4.8473E-8	1	0	8.35281
2860	-31.5	10.5	33.204	1048.254	9.23863	2.03	10.4	7.404	4.6694E-8	1	0	8.16792
2861	-31.5	11.5	33.534	1047.728	9.05712	2.03	10.4	7.734	4.4887E-8	1	0	7.98135
2862	-31.5	12.5	33.89	1047.166	8.87196	2.03	10.4	8.09	4.3081E-8	1	0	7.79484
2863	-31.5	13.5	34.271	1046.573	8.68552	2.03	10.4	8.471	4.13E-8	1	0	7.60963
2864	-31.5	14.5	34.677	1045.958	8.50008	2.03	10.4	8.877	3.9565E-8	1	0	7.42656
2865	-31.5	15.5	35.107	1045.326	8.3177	2.03	10.4	9.307	3.7896E-8	1	0	7.24608
2866	-31.5	16.5	35.56	1044.688	8.14032	2.03	10.4	9.76	3.6307E-8	1	0	7.06834
2867	-31.5	17.5	36.035	1044.05	7.96966	2.03	10.4	10.235	3.481E-8	1	0	6.89326
2868	-31.5	18.5	36.531	1043.422	7.80726	2.03	10.4	10.731	3.3414E-8	1	0	6.72057
2869	-31.5	19.5	37.047	1042.811	7.65446	2.03	10.4	11.247	3.2128E-8	1	0	6.54988
2870	-31.5	20.5	37.583	1042.227	7.51245	2.03	10.4	11.783	3.0954E-8	1	0	6.38073
2871	-31.5	21.5	38.138	1041.677	7.38224	2.03	10.4	12.338	2.9898E-8	1	0	6.21265
2872	-31.5	22.5	38.71	1041.168	7.26467	2.03	10.4	12.91	2.8959E-8	1	0	6.04516
2873	-31.5	23.5	39.3	1040.708	7.16046	2.03	10.4	13.5	2.814E-8	1	0	5.87784
2874	-31.5	24.5	39.906	1040.302	7.0702	2.03	10.4	14.106	2.744E-8	1	0	5.71037
2875	-31.5	25.5	40.528	1039.955	6.99434	2.03	10.4	14.728	2.6858E-8	1	0	5.54248
2876	-31.5	26.5	41.164	1039.672	6.93325	2.03	10.4	15.364	2.6394E-8	1	0	5.37403
2877	-31.5	27.5	41.815	1039.457	6.8872	2.03	10.4	16.015	2.6047E-8	1	0	5.20501
2878	-31.5	28.5	42.479	1039.312	6.8564	2.03	10.4	16.679	2.5816E-8	1	0	5.03548
2879	-31.5	29.5	43.157	1039.239	6.84217	2.03	10.4	17.357	2.571E-8	1	0	4.86481
2880	-30.5	-29.5	42.432	1040.204	6.68844	2.03	10.4	16.632	2.4557E-8	1	0	5.17684
2881	-30.5	-28.5	41.743	1040.279	6.70374	2.03	10.4	15.943	2.4669E-8	1	0	5.37114
2882	-30.5	-27.5	41.067	1040.426	6.73717	2.03	10.4	15.267	2.4914E-8	1	0	5.56458
2883	-30.5	-26.5	40.404	1040.646	6.78717	2.03	10.4	14.604	2.5283E-8	1	0	5.75817
2884	-30.5	-25.5	39.756	1040.934	6.85357	2.03	10.4	13.956	2.5777E-8	1	0	5.95192
2885	-30.5	-24.5	39.122	1041.286	6.93612	2.03	10.4	13.322	2.6398E-8	1	0	6.14603
2886	-30.5	-23.5	38.503	1041.699	7.03447	2.03	10.4	12.703	2.7147E-8	1	0	6.34086
2887	-30.5	-22.5	37.901	1042.165	7.1482	2.03	10.4	12.101	2.8026E-8	1	0	6.53692
2888	-30.5	-21.5	37.316	1042.68	7.27673	2.03	10.4	11.516	2.9037E-8	1	0	6.73485
2889	-30.5	-20.5	36.749	1043.235	7.41935	2.03	10.4	10.949	3.0179E-8	1	0	6.93544
2890	-30.5	-19.5	36.201	1043.822	7.57521	2.03	10.4	10.401	3.1452E-8	1	0	7.13957
2891	-30.5	-18.5	35.672	1044.434	7.74326	2.03	10.4	9.872	3.2855E-8	1	0	7.34816
2892	-30.5	-17.5	35.164	1045.061	7.92228	2.03	10.4	9.364	3.4382E-8	1	0	7.56213
2893	-30.5	-16.5	34.677	1045.694	8.11085	2.03	10.4	8.877	3.6029E-8	1	0	7.78235
2894	-30.5	-15.5	34.213	1046.323	8.30733	2.03	10.4	8.413	3.7785E-8	1	0	8.00953
2895	-30.5	-14.5	33.771	1046.941	8.50984	2.03	10.4	7.971	3.964E-8	1	0	8.24415
2896	-30.5	-13.5	33.354	1047.539	8.71629	2.03	10.4	7.554	4.1576E-8	1	0	8.4864
2897	-30.5	-12.5	32.962	1048.108	8.92436	2.03	10.4	7.162	4.3574E-8	1	0	8.73597
2898	-30.5	-11.5	32.596	1048.642	9.13151	2.03	10.4	6.796	4.561E-8	1	0	8.99203
2899	-30.5	-10.5	32.257	1049.136	9.33501	2.03	10.4	6.457	4.7655E-8	1	0	9.25304
2900	-30.5	-9.5	31.945	1049.584	9.53202	2.03	10.4	6.145	4.9678E-8	1	0	9.51662
2901	-30.5	-8.5	31.662	1049.985	9.71966	2.03	10.4	5.862	5.1644E-8	1	0	9.77941
2902	-30.5	-7.5	31.409	1050.335	9.89511	2.03	10.4	5.609	5.3518E-8	1	0	10.03699
2903	-30.5	-6.5	31.185	1050.637	10.05585	2.03	10.4	5.385	5.5263E-8	1	0	10.28375
2904	-30.5	-5.5	30.992	1050.888	10.19929	2.03	10.4	5.192	5.6845E-8	1	0	10.51344
2905	-30.5	-4.5	30.83	1051.092	10.32243	2.03	10.4	5.03	5.8221E-8	1	0	10.71995
2906	-30.5	-3.5	30.7	1051.25	10.42311	2.03	10.4	4.9	5.9358E-8	1	1	10.89639
2907	-30.5	-2.5	30.602	1051.366	10.49994	2.03	10.4	4.802	6.0234E-8	1	1	11.03586
2908	-30.5	-1.5	30.537	1051.441	10.55187	2.03	10.4	4.737	6.0829E-8	1	1	11.13238
2909	-30.5	-0.5	30.504	1051.478	10.57808	2.03	10.4	4.704	6.1131E-8	1	1	11.18172
2910	-30.5	0.5	30.504	1051.478	10.57808	2.03	10.4	4.704	6.1131E-8	1	1	11.18172
2911	-30.5	1.5	30.537	1051.441	10.55187	2.03	10.4	4.737	6.0829E-8	1	1	11.13238
2912	-30.5	2.5	30.602	1051.366	10.49994	2.03	10.4	4.802	6.0234E-8	1	1	11.03586
2913	-30.5	3.5	30.7	1051.25	10.42311	2.03	10.4	4.9	5.9358E-8	1	1	10.89639
2914	-30.5	4.5	30.83	1051.092	10.32243	2.03	10.4	5.03	5.8221E-8	1	0	10.71995
2915	-30.5	5.5	30.992	1050.888	10.19929	2.03	10.4	5.192	5.6845E-8	1	0	10.51344
2916	-30.5	6.5	31.185	1050.637	10.05585	2.03	10.4	5.385	5.5263E-8	1	0	10.28375
2917	-30.5	7.5	31.409	1050.335	9.89511	2.03	10.4	5.609	5.3518E-8	1	0	10.03699
2918	-30.5	8.5	31.662	1049.985	9.71966	2.03	10.4	5.862	5.1644E-8	1	0	9.77941
2919	-30.5	9.5	31.945	1049.584	9.53202	2.03	10.4	6.145	4.9678E-8	1	0	9.51662
2920	-30.5	10.5	32.257	1049.136	9.33501	2.03	10.4	6.457	4.7655E-8	1	0	9.25304
2921	-30.5	11.5	32.596	1048.642	9.13151	2.03	10.4	6.796	4.561E-8	1	0	8.99203
2922	-30.5	12.5	32.962	1048.108	8.92436	2.03	10.4	7.162	4.3574E-8	1	0	8.73597
2923	-30.5	13.5	33.354	1047.539	8.71629	2.03	10.4	7.554	4.1576E-8	1	0	8.4864
2924	-30.5	14.5	33.771	1046.941	8.50984	2.03	10.4	7.971	3.964E-8	1	0	8.24415
2925	-30.5	15.5	34.213	1046.323	8.30733	2.03	10.4	8.413	3.7785E-8	1	0	8.00953
2926	-30.5	16.5	34.677	1045.694	8.11085	2.03	10.4	8.877	3.6029E-8	1	0	7.78235
2927	-30.5	17.5	35.164	1045.061	7.92228	2.03	10.4	9.364	3.4382E-8	1	0	7.56213
2928	-30.5	18.5	35.672	1044.434	7.74326	2.03	10.4	9.872	3.2855E-8	1	0	7.34816
2929	-30.5	19.5	36.201	1043.822	7.57521	2.03	10.4	10.401	3.1452E-8	1	0	7.13957
2930	-30.5	20.5	36.749	1043.235	7.41935	2.03	10.4	10.949	3.0179E-8	1	0	6.93544
2931	-30.5	21.5	37.316	1042.68	7.27673	2.03	10.4	11.516	2.9037E-8	1	0	6.73485
2932	-30.5	22.5	37.901	1042.165	7.1482	2.03	10.4	12.101	2.8026E-8	1	0	6.53692
2933	-30.5	23.5	38.503	1041.699	7.03447	2.03	10.4	12.703	2.7147E-8	1	0	6.34086
2934	-30.5	24.5	39.122	1041.286	6.93612	2.03	10.4	13.322	2.6398E-8	1	0	6.14603
2935	-30.5	25.5	39.756	1040.934	6.85357	2.03	10.4	13.956	2.5777E-8	1	0	5.95192
2936	-30.5	26.5	40.404	1040.646	6.78717	2.03	10.4	14.604	2.5283E-8	1	0	5.75817
2937	-30.5	27.5	41.067	1040.426	6.73717	2.03	10.4	15.267	2.4914E-8	1	0	5.56458
2938	-30.5	28.5	41.743	1040.279	6.70374	2.03	10.4	15.943	2.4669E-8	1	0	5.37114
2939	-30.5	29.5	42.432	1040.204	6.68844	2.03	10.4	16.632	2.4557E-8	1	0	5.17684
2940	-29.5	-29.5	41.719	1041.024	6.52185	2.03	10.4	15.919	2.3341E-8	1	0	5.52991
2941	-29.5	-28.5	41.018	1041.1	6.53824	2.03	10.4	15.218	2.3458E-8	1	0	5.7522
2942	-29.5	-27.5	40.33	1041.25	6.57442	2.03	10.4	14.53	2.3717E-8	1	0	5.97412
2943	-29.5	-26.5	39.655	1041.473	6.62859	2.03	10.4	13.855	2.4107E-8	1	0	6.19715
2944	-29.5	-25.5	38.994	1041.765	6.70059	2.03	10.4	13.194	2.463E-8	1	0	6.42152
2945	-29.5	-24.5	38.347	1042.122	6.79022	2.03	10.4	12.547	2.529E-8	1	0	6.64767
2946	-29.5	-23.5	37.716	1042.539	6.89718	2.03	10.4	11.916	2.6088E-8	1	0	6.87632
2947	-29.5	-22.5	37.101	1043.01	7.02106	2.03	10.4	11.301	2.7028E-8	1	0	7.10839
2948	-29.5	-21.5	36.503	1043.528	7.16133	2.03	10.4	10.703	2.8113E-8	1	0	7.34507
2949	-29.5	-20.5	35.924	1044.084	7.31731	2.03	10.4	10.124	2.9344E-8	1	0	7.58775
2950	-29.5	-19.5	35.362	1044.671	7.48815	2.03	10.4	9.562	3.0722E-8	1	0	7.83803
2951	-29.5	-18.5	34.821	1045.28	7.67278	2.03	10.4	9.021	3.2248E-8	1	0	8.09765
2952	-29.5	-17.5	34.3	1045.899	7.86995	2.03	10.4	8.5	3.3917E-8	1	0	8.36841
2953	-29.5	-16.5	33.801	1046.52	8.07819	2.03	10.4	8.001	3.5727E-8	1	0	8.65213
2954	-29.5	-15.5	33.324	1047.132	8.29576	2.03	10.4	7.524	3.7667E-8	1	0	8.95049
2955	-29.5	-14.5	32.871	1047.727	8.52064	2.03	10.4	7.071	3.9727E-8	1	0	9.26498
2956	-29.5	-13.5	32.442	1048.295	8.75053	2.03	10.4	6.642	4.1889E-8	1	0	9.59675
2957	-29.5	-12.5	32.039	1048.828	8.98288	2.03	10.4	6.239	4.4133E-8	1	0	9.94627
2958	-29.5	-11.5	31.662	1049.32	9.21487	2.03	10.4	5.862	4.6433E-8	1	0	10.3132
2959	-29.5	-10.5	31.313	1049.765	9.44333	2.03	10.4	5.513	4.8754E-8	1	0	10.69619
2960	-29.5	-9.5	30.992	1050.161	9.66495	2.03	10.4	5.192	5.1061E-8	1	0	11.09243
2961	-29.5	-8.5	30.7	1050.503	9.87638	2.03	10.4	4.9	5.3311E-8	1	0	11.49718
2962	-29.5	-7.5	30.438	1050.794	10.07418	2.03	20	4.638	5.5461E-8	1	0	11.88674
2963	-29.5	-6.5	30.208	1051.037	10.25602	2.03	20	4.408	5.7476E-8	1	0	12.28607
2964	-29.5	-5.5	30.008	1051.232	10.4193	2.03	20	4.208	5.9315E-8	1	1	12.66497
2965	-29.5	-4.5	29.841	1051.382	10.55897	2.03	20	4.041	6.0912E-8	0	0	13.01311
2966	-29.5	-3.5	29.707	1051.493	10.67266	2.03	20	3.907	6.2228E-8	0	0	13.31635
2967	-29.5	-2.5	29.606	1051.571	10.75934	2.03	20	3.806	6.3241E-8	0	0	13.55952
2968	-29.5	-1.5	29.538	1051.62	10.81809	2.03	20	3.738	6.3932E-8	0	0	13.72945
2969	-29.5	-0.5	29.504	1051.644	10.84784	2.03	20	3.704	6.4284E-8	0	0	13.81678
2970	-29.5	0.5	29.504	1051.644	10.84784	2.03	20	3.704	6.4284E-8	0	0	13.81678
2971	-29.5	1.5	29.538	1051.62	10.81809	2.03	20	3.738	6.3932E-8	0	0	13.72945
2972	-29.5	2.5	29.606	1051.571	10.75934	2.03	20	3.806	6.3241E-8	0	0	13.55952
2973	-29.5	3.5	29.707	1051.493	10.67266	2.03	20	3.907	6.2228E-8	0	0	13.31635
2974	-29.5	4.5	29.841	1051.382	10.55897	2.03	20	4.041	6.0912E-8	0	0	13.01311
2975	-29.5	5.5	30.008	1051.232	10.4193	2.03	20	4.208	5.9315E-8	1	1	12.66497
2976	-29.5	6.5	30.208	1051.037	10.25602	2.03	20	4.408	5.7476E-8	1	0	12.28607
2977	-29.5	7.5	30.438	1050.794	10.07418	2.03	20	4.638	5.5461E-8	1	0	11.88674
2978	-29.5	8.5	30.7	1050.503	9.87638	2.03	10.4	4.9	5.3311E-8	1	0	11.49718
2979	-29.5	9.5	30.992	1050.161	9.66495	2.03	10.4	5.192	5.1061E-8	1	0	11.09243
2980	-29.5	10.5	31.313	1049.765	9.44333	2.03	10.4	5.513	4.8754E-8	1	0	10.69619
2981	-29.5	11.5	31.662	1049.32	9.21487	2.03	10.4	5.862	4.6433E-8	1	0	10.3132
2982	-29.5	12.5	32.039	1048.828	8.98288	2.03	10.4	6.239	4.4133E-8	1	0	9.94627
2983	-29.5	13.5	32.442	1048.295	8.75053	2.03	10.4	6.642	4.1889E-8	1	0	9.59675
2984	-29.5	14.5	32.871	1047.727	8.52064	2.03	10.4	7.071	3.9727E-8	1	0	9.26498
2985	-29.5	15.5	33.324	1047.132	8.29576	2.03	10.4	7.524	3.7667E-8	1	0	8.95049
2986	-29.5	16.5	33.801	1046.52	8.07819	2.03	10.4	8.001	3.5727E-8	1	0	8.65213
2987	-29.5	17.5	34.3	1045.899	7.86995	2.03	10.4	8.5	3.3917E-8	1	0	8.36841
2988	-29.5	18.5	34.821	1045.28	7.67278	2.03	10.4	9.021	3.2248E-8	1	0	8.09765
2989	-29.5	19.5	35.362	1044.671	7.48815	2.03	10.4	9.562	3.0722E-8	1	0	7.83803
2990	-29.5	20.5	35.924	1044.084	7.31731	2.03	10.4	10.124	2.9344E-8	1	0	7.58775
2991	-29.5	21.5	36.503	1043.528	7.16133	2.03	10.4	10.703	2.8113E-8	1	0	7.34507
2992	-29.5	22.5	37.101	1043.01	7.02106	2.03	10.4	11.301	2.7028E-8	1	0	7.10839
2993	-29.5	23.5	37.716	1042.539	6.89718	2.03	10.4	11.916	2.6088E-8	1	0	6.87632
2994	-29.5	24.5	38.347	1042.122	6.79022	2.03	10.4	12.547	2.529E-8	1	0	6.64767
2995	-29.5	25.5	38.994	1041.765	6.70059	2.03	10.4	13.194	2.463E-8	1	0	6.42152
2996	-29.5	26.5	39.655	1041.473	6.62859	2.03	10.4	13.855	2.4107E-8	1	0	6.19715
2997	-29.5	27.5	40.33	1041.25	6.57442	2.03	10.4	14.53	2.3717E-8	1	0	5.97412
2998	-29.5	28.5	41.018	1041.1	6.53824	2.03	10.4	15.218	2.3458E-8	1	0	5.7522
2999	-29.5	29.5	41.719	1041.024	6.52185	2.03	10.4	15.919	2.3341E-8	1	0	5.52991
3000	-28.5	-29.5	41.018	1041.71	6.34182	2.03	10.4	15.218	2.2064E-8	1	0	5.93146
3001	-28.5	-28.5	40.305	1041.786	6.35929	2.03	10.4	14.505	2.2185E-8	1	0	6.18715
3002	-28.5	-27.5	39.604	1041.938	6.39835	2.03	10.4	13.804	2.2457E-8	1	0	6.44321
3003	-28.5	-26.5	38.917	1042.164	6.45688	2.03	10.4	13.117	2.2867E-8	1	0	6.70184
3004	-28.5	-25.5	38.243	1042.459	6.53475	2.03	10.4	12.443	2.3419E-8	1	0	6.96356
3005	-28.5	-24.5	37.583	1042.819	6.63183	2.03	10.4	11.783	2.4117E-8	1	0	7.22928
3006	-28.5	-23.5	36.939	1043.239	6.74786	2.03	10.4	11.139	2.4963E-8	1	0	7.50024
3007	-28.5	-22.5	36.311	1043.713	6.88252	2.03	10.4	10.511	2.5964E-8	1	0	7.77809
3008	-28.5	-21.5	35.7	1044.231	7.03532	2.03	10.4	9.9	2.7124E-8	1	0	8.06488
3009	-28.5	-20.5	35.107	1044.786	7.20565	2.03	10.4	9.307	2.8447E-8	1	0	8.36307
3010	-28.5	-19.5	34.533	1045.369	7.39265	2.03	10.4	8.733	2.9935E-8	1	0	8.67554
3011	-28.5	-18.5	33.978	1045.968	7.59526	2.03	10.4	8.178	3.159E-8	1	0	9.00553
3012	-28.5	-17.5	33.444	1046.573	7.81221	2.03	10.4	7.644	3.3412E-8	1	0	9.35661
3013	-28.5	-16.5	32.932	1047.174	8.04199	2.03	10.4	7.132	3.5397E-8	1	0	9.73251
3014	-28.5	-15.5	32.442	1047.76	8.28284	2.03	10.4	6.642	3.754E-8	1	0	10.1371
3015	-28.5	-14.5	31.977	1048.32	8.53257	2.03	10.4	6.177	3.9828E-8	1	0	10.57433
3016	-28.5	-13.5	31.536	1048.846	8.78862	2.03	10.4	5.736	4.2245E-8	1	0	11.04806
3017	-28.5	-12.5	31.121	1049.328	9.04824	2.03	10.4	5.321	4.4768E-8	1	0	11.56136
3018	-28.5	-11.5	30.733	1049.76	9.30838	2.03	10.4	4.933	4.7371E-8	1	0	12.11629
3019	-28.5	-10.5	30.373	1050.137	9.5653	2.03	20	4.573	5.0014E-8	1	0	12.69619
3020	-28.5	-9.5	30.042	1050.459	9.81499	2.03	20	4.242	5.2652E-8	1	0	13.33664
3021	-28.5	-8.5	29.741	1050.721	10.05377	2.03	20	3.941	5.5239E-8	0	0	14.01269
3022	-28.5	-7.5	29.47	1050.924	10.2764	2.03	20	3.67	5.7707E-8	0	0	14.71658
3023	-28.5	-6.5	29.232	1051.071	10.48206	2.03	20	3.432	6.0036E-8	0	0	15.42879
3024	-28.5	-5.5	29.026	1051.172	10.67036	2.03	20	3.226	6.221E-8	0	0	16.1228
3025	-28.5	-4.5	28.853	1051.236	10.82896	2.03	20	3.053	6.4071E-8	0	0	16.78438
3026	-28.5	-3.5	28.714	1051.273	10.95671	2.03	20	2.914	6.5591E-8	0	0	17.37866
3027	-28.5	-2.5	28.609	1051.291	11.05422	2.03	20	2.809	6.6763E-8	0	0	17.86626
3028	-28.5	-1.5	28.539	1051.299	11.12083	2.03	20	2.739	6.757E-8	0	0	18.2124
3029	-28.5	-0.5	28.504	1051.302	11.1549	2.03	20	2.704	6.7984E-8	0	0	18.39186
3030	-28.5	0.5	28.504	1051.302	11.1549	2.03	20	2.704	6.7984E-8	0	0	18.39186
3031	-28.5	1.5	28.539	1051.299	11.12083	2.03	20	2.739	6.757E-8	0	0	18.2124
3032	-28.5	2.5	28.609	1051.291	11.05422	2.03	20	2.809	6.6763E-8	0	0	17.86626
3033	-28.5	3.5	28.714	1051.273	10.95671	2.03	20	2.914	6.5591E-8	0	0	17.37866
3034	-28.5	4.5	28.853	1051.236	10.82896	2.03	20	3.053	6.4071E-8	0	0	16.78438
3035	-28.5	5.5	29.026	1051.172	10.67036	2.03	20	3.226	6.221E-8	0	0	16.1228
3036	-28.5	6.5	29.232	1051.071	10.48206	2.03	20	3.432	6.0036E-8	0	0	15.42879
3037	-28.5	7.5	29.47	1050.924	10.2764	2.03	20	3.67	5.7707E-8	0	0	14.71658
3038	-28.5	8.5	29.741	1050.721	10.05377	2.03	20	3.941	5.5239E-8	0	0	14.01269
3039	-28.5	9.5	30.042	1050.459	9.81499	2.03	20	4.242	5.2652E-8	1	0	13.33664
3040	-28.5	10.5	30.373	1050.137	9.5653	2.03	20	4.573	5.0014E-8	1	0	12.69619
3041	-28.5	11.5	30.733	1049.76	9.30838	2.03	10.4	4.933	4.7371E-8	1	0	12.11629
3042	-28.5	12.5	31.121	1049.328	9.04824	2.03	10.4	5.321	4.4768E-8	1	0	11.56136
3043	-28.5	13.5	31.536	1048.846	8.78862	2.03	10.4	5.736	4.2245E-8	1	0	11.04806
3044	-28.5	14.5	31.977	1048.32	8.53257	2.03	10.4	6.177	3.9828E-8	1	0	10.57433
3045	-28.5	15.5	32.442	1047.76	8.28284	2.03	10.4	6.642	3.754E-8	1	0	10.1371
3046	-28.5	16.5	32.932	1047.174	8.04199	2.03	10.4	7.132	3.5397E-8	1	0	9.73251
3047	-28.5	17.5	33.444	1046.573	7.81221	2.03	10.4	7.644	3.3412E-8	1	0	9.35661
3048	-28.5	18.5	33.978	1045.968	7.59526	2.03	10.4	8.178	3.159E-8	1	0	9.00553
3049	-28.5	19.5	34.533	1045.369	7.39265	2.03	10.4	8.733	2.9935E-8	1	0	8.67554
3050	-28.5	20.5	35.107	1044.786	7.20565	2.03	10.4	9.307	2.8447E-8	1	0	8.36307
3051	-28.5	21.5	35.7	1044.231	7.03532	2.03	10.4	9.9	2.7124E-8	1	0	8.06488
3052	-28.5	22.5	36.311	1043.713	6.88252	2.03	10.4	10.511	2.5964E-8	1	0	7.77809
3053	-28.5	23.5	36.939	1043.239	6.74786	2.03	10.4	11.139	2.4963E-8	1	0	7.50024
3054	-28.5	24.5	37.583	1042.819	6.63183	2.03	10.4	11.783	2.4117E-8	1	0	7.22928
3055	-28.5	25.5	38.243	1042.459	6.53475	2.03	10.4	12.443	2.3419E-8	1	0	6.96356
3056	-28.5	26.5	38.917	1042.164	6.45688	2.03	10.4	13.117	2.2867E-8	1	0	6.70184
3057	-28.5	27.5	39.604	1041.938	6.39835	2.03	10.4	13.804	2.2457E-8	1	0	6.44321
3058	-28.5	28.5	40.305	1041.786	6.35929	2.03	10.4	14.505	2.2185E-8	1	0	6.18715
3059	-28.5	29.5	41.018	1041.71	6.34182	2.03	10.4	15.218	2.2064E-8	1	0	5.93146
3060	-27.5	-29.5	40.33	1042.272	6.14784	2.03	10.4	14.53	2.073E-8	1	0	6.39064
3061	-27.5	-28.5	39.604	1042.349	6.16638	2.03	10.4	13.804	2.0854E-8	1	0	6.68643
3062	-27.5	-27.5	38.891	1042.503	6.20842	2.03	10.4	13.091	2.1138E-8	1	0	6.98374
3063	-27.5	-26.5	38.19	1042.731	6.27145	2.03	10.4	12.39	2.1568E-8	1	0	7.28576
3064	-27.5	-25.5	37.503	1043.028	6.35543	2.03	10.4	11.703	2.2146E-8	1	0	7.59354
3065	-27.5	-24.5	36.831	1043.391	6.46028	2.03	10.4	11.031	2.2879E-8	1	0	7.90865
3066	-27.5	-23.5	36.173	1043.812	6.58584	2.03	10.4	10.373	2.3773E-8	1	0	8.23327
3067	-27.5	-22.5	35.532	1044.286	6.73187	2.03	10.4	9.732	2.4834E-8	1	0	8.5702
3068	-27.5	-21.5	34.907	1044.802	6.89799	2.03	10.4	9.107	2.6069E-8	1	0	8.92296
3069	-27.5	-20.5	34.3	1045.352	7.08365	2.03	10.4	8.5	2.7485E-8	1	0	9.29588
3070	-27.5	-19.5	33.712	1045.925	7.28804	2.03	10.4	7.912	2.9087E-8	1	0	9.69415
3071	-27.5	-18.5	33.144	1046.51	7.51011	2.03	10.4	7.344	3.0879E-8	1	0	10.12393
3072	-27.5	-17.5	32.596	1047.095	7.74854	2.03	10.4	6.796	3.2862E-8	1	0	10.59229
3073	-27.5	-16.5	32.07	1047.668	8.00186	2.03	10.4	6.27	3.5037E-8	1	0	11.10713
3074	-27.5	-15.5	31.567	1048.216	8.26837	2.03	10.4	5.767	3.7402E-8	1	0	11.67725
3075	-27.5	-14.5	31.089	1048.729	8.54577	2.03	10.4	5.289	3.9944E-8	1	0	12.31283
3076	-27.5	-13.5	30.635	1049.195	8.83097	2.03	20	4.835	4.2647E-8	1	0	13.00542
3077	-27.5	-12.5	30.208	1049.609	9.12113	2.03	20	4.408	4.5487E-8	1	0	13.80925
3078	-27.5	-11.5	29.808	1049.959	9.41342	2.03	20	4.008	4.8442E-8	0	0	14.71264
3079	-27.5	-10.5	29.436	1050.237	9.70301	2.03	20	3.636	5.1462E-8	0	0	15.72839
3080	-27.5	-9.5	29.095	1050.439	9.98466	2.03	20	3.295	5.4488E-8	0	0	16.86735
3081	-27.5	-8.5	28.784	1050.571	10.25614	2.03	20	2.984	5.7488E-8	0	0	18.12999
3082	-27.5	-7.5	28.504	1050.643	10.50452	2.03	20	2.704	6.0305E-8	0	0	19.52699
3083	-27.5	-6.5	28.258	1050.663	10.73473	2.03	20	2.458	6.2976E-8	0	0	21.02355
3084	-27.5	-5.5	28.045	1050.639	10.96058	2.03	20	2.245	6.5655E-8	0	0	22.54333
3085	-27.5	-4.5	27.866	1050.589	11.13927	2.03	20	2.066	6.7815E-8	0	0	24.10025
3086	-27.5	-3.5	27.722	1050.526	11.28047	2.03	20	1.922	6.9546E-8	0	0	25.57902
3087	-27.5	-2.5	27.613	1050.466	11.38944	2.03	20	1.813	7.0899E-8	0	0	26.84768
3088	-27.5	-1.5	27.541	1050.42	11.46562	2.03	20	1.741	7.1851E-8	0	0	27.77935
3089	-27.5	-0.5	27.505	1050.395	11.50557	2.03	20	1.705	7.2354E-8	0	0	28.27244
3090	-27.5	0.5	27.505	1050.395	11.50557	2.03	20	1.705	7.2354E-8	0	0	28.27244
3091	-27.5	1.5	27.541	1050.42	11.46562	2.03	20	1.741	7.1851E-8	0	0	27.77935
3092	-27.5	2.5	27.613	1050.466	11.38944	2.03	20	1.813	7.0899E-8	0	0	26.84768
3093	-27.5	3.5	27.722	1050.526	11.28047	2.03	20	1.922	6.9546E-8	0	0	25.57902
3094	-27.5	4.5	27.866	1050.589	11.13927	2.03	20	2.066	6.7815E-8	0	0	24.10025
3095	-27.5	5.5	28.045	1050.639	10.96058	2.03	20	2.245	6.5655E-8	0	0	22.54333
3096	-27.5	6.5	28.258	1050.663	10.73473	2.03	20	2.458	6.2976E-8	0	0	21.02355
3097	-27.5	7.5	28.504	1050.643	10.50452	2.03	20	2.704	6.0305E-8	0	0	19.52699
3098	-27.5	8.5	28.784	1050.571	10.25614	2.03	20	2.984	5.7488E-8	0	0	18.12999
3099	-27.5	9.5	29.095	1050.439	9.98466	2.03	20	3.295	5.4488E-8	0	0	16.86735
3100	-27.5	10.5	29.436	1050.237	9.70301	2.03	20	3.636	5.1462E-8	0	0	15.72839
3101	-27.5	11.5	29.808	1049.959	9.41342	2.03	20	4.008	4.8442E-8	0	0	14.71264
3102	-27.5	12.5	30.208	1049.609	9.12113	2.03	20	4.408	4.5487E-8	1	0	13.80925
3103	-27.5	13.5	30.635	1049.195	8.83097	2.03	20	4.835	4.2647E-8	1	0	13.00542
3104	-27.5	14.5	31.089	1048.729	8.54577	2.03	10.4	5.289	3.9944E-8	1	0	12.31283
3105	-27.5	15.5	31.567	1048.216	8.26837	2.03	10.4	5.767	3.7402E-8	1	0	11.67725
3106	-27.5	16.5	32.07	1047.668	8.00186	2.03	10.4	6.27	3.5037E-8	1	0	11.10713
3107	-27.5	17.5	32.596	1047.095	7.74854	2.03	10.4	6.796	3.2862E-8	1	0	10.59229
3108	-27.5	18.5	33.144	1046.51	7.51011	2.03	10.4	7.344	3.0879E-8	1	0	10.12393
3109	-27.5	19.5	33.712	1045.925	7.28804	2.03	10.4	7.912	2.9087E-8	1	0	9.69415
3110	-27.5	20.5	34.3	1045.352	7.08365	2.03	10.4	8.5	2.7485E-8	1	0	9.29588
3111	-27.5	21.5	34.907	1044.802	6.89799	2.03	10.4	9.107	2.6069E-8	1	0	8.92296
3112	-27.5	22.5	35.532	1044.286	6.73187	2.03	10.4	9.732	2.4834E-8	1	0	8.5702
3113	-27.5	23.5	36.173	1043.812	6.58584	2.03	10.4	10.373	2.3773E-8	1	0	8.23327
3114	-27.5	24.5	36.831	1043.391	6.46028	2.03	10.4	11.031	2.2879E-8	1	0	7.90865
3115	-27.5	25.5	37.503	1043.028	6.35543	2.03	10.4	11.703	2.2146E-8	1	0	7.59354
3116	-27.5	26.5	38.19	1042.731	6.27145	2.03	10.4	12.39	2.1568E-8	1	0	7.28576
3117	-27.5	27.5	38.891	1042.503	6.20842	2.03	10.4	13.091	2.1138E-8	1	0	6.98374
3118	-27.5	28.5	39.604	1042.349	6.16638	2.03	10.4	13.804	2.0854E-8	1	0	6.68643
3119	-27.5	29.5	40.33	1042.272	6.14784	2.03	10.4	14.53	2.073E-8	1	0	6.39064
3120	-26.5	-29.5	39.655	1042.724	5.93951	2.03	10.4	13.855	1.9345E-8	1	0	6.91873
3121	-26.5	-28.5	38.917	1042.802	5.95909	2.03	10.4	13.117	1.9472E-8	1	0	7.26306
3122	-26.5	-27.5	38.19	1042.957	6.00417	2.03	10.4	12.39	1.9766E-8	1	0	7.6106
3123	-26.5	-26.5	37.477	1043.186	6.07183	2.03	10.4	11.677	2.0212E-8	1	0	7.966
3124	-26.5	-25.5	36.776	1043.485	6.1621	2.03	10.4	10.976	2.0815E-8	1	0	8.33113
3125	-26.5	-24.5	36.09	1043.849	6.27499	2.03	10.4	10.29	2.1582E-8	1	0	8.7087
3126	-26.5	-23.5	35.419	1044.27	6.41046	2.03	10.4	9.619	2.2519E-8	1	0	9.10235
3127	-26.5	-22.5	34.763	1044.742	6.56841	2.03	10.4	8.963	2.3638E-8	1	0	9.51684
3128	-26.5	-21.5	34.125	1045.254	6.7486	2.03	10.4	8.325	2.4947E-8	1	0	9.9582
3129	-26.5	-20.5	33.504	1045.796	6.95061	2.03	10.4	7.704	2.6457E-8	1	0	10.43405
3130	-26.5	-19.5	32.901	1046.356	7.17369	2.03	10.4	7.101	2.8176E-8	1	0	10.95393
3131	-26.5	-18.5	32.319	1046.921	7.41677	2.03	10.4	6.519	3.0111E-8	1	0	11.52974
3132	-26.5	-17.5	31.757	1047.477	7.67843	2.03	10.4	5.957	3.2265E-8	1	0	12.17603
3133	-26.5	-16.5	31.217	1048.012	7.95728	2.03	10.4	5.417	3.4643E-8	1	0	12.91013
3134	-26.5	-15.5	30.7	1048.511	8.25208	2.03	10.4	4.9	3.725E-8	1	0	13.75253
3135	-26.5	-14.5	30.208	1048.962	8.56054	2.03	20	4.408	4.0079E-8	1	0	14.7109
3136	-26.5	-13.5	29.741	1049.351	8.87804	2.03	20	3.941	4.31E-8	0	0	15.86236
3137	-26.5	-12.5	29.3	1049.658	9.20195	2.03	20	3.5	4.6296E-8	0	0	17.22593
3138	-26.5	-11.5	28.888	1049.877	9.53157	2.03	20	3.088	4.9667E-8	0	0	18.8483
3139	-26.5	-10.5	28.504	1050.008	9.85935	2.03	20	2.704	5.3139E-8	0	0	20.80113
3140	-26.5	-9.5	28.151	1050.053	10.17551	2.03	20	2.351	5.6601E-8	0	0	23.17724
3141	-26.5	-8.5	27.83	1050.019	10.49262	2.03	20	2.03	6.0184E-8	0	0	26.0337
3142	-26.5	-7.5	27.541	1049.922	10.76181	2.03	20	1.741	6.3315E-8	0	0	29.59197
3143	-26.5	-6.5	27.286	1049.78	11.02859	2.03	20	1.486	6.6497E-8	0	0	33.83593
3144	-26.5	-5.5	27.065	1049.589	11.33807	2.03	20	1.265	7.0287E-8	0	0	38.65387
3145	-26.5	-4.5	26.879	1049.386	11.52848	2.03	20	1.079	7.2674E-8	0	0	44.54026
3146	-26.5	-3.5	26.73	1049.194	11.67678	2.03	20	1	7.4561E-8	0	0	47.46117
3147	-26.5	-2.5	26.618	1049.032	11.79269	2.03	20	1	7.6054E-8	0	0	46.99259
3148	-26.5	-1.5	26.542	1048.914	11.87139	2.03	20	1	7.7077E-8	0	1	46.67951
3149	-26.5	-0.5	26.505	1048.851	11.91013	2.03	20	1	7.7583E-8	0	1	46.52688
3150	-26.5	0.5	26.505	1048.851	11.91013	2.03	20	1	7.7583E-8	0	1	46.52688
3151	-26.5	1.5	26.542	1048.914	11.87139	2.03	20	1	7.7077E-8	0	1	46.67951
3152	-26.5	2.5	26.618	1049.032	11.79269	2.03	20	1	7.6054E-8	0	0	46.99259
3153	-26.5	3.5	26.73	1049.194	11.67678	2.03	20	1	7.4561E-8	0	0	47.46117
3154	-26.5	4.5	26.879	1049.386	11.52848	2.03	20	1.079	7.2674E-8	0	0	44.54026
3155	-26.5	5.5	27.065	1049.589	11.33807	2.03	20	1.265	7.0287E-8	0	0	38.65387
3156	-26.5	6.5	27.286	1049.78	11.02859	2.03	20	1.486	6.6497E-8	0	0	33.83593
3157	-26.5	7.5	27.541	1049.922	10.76181	2.03	20	1.741	6.3315E-8	0	0	29.59197
3158	-26.5	8.5	27.83	1050.019	10.49262	2.03	20	2.03	6.0184E-8	0	0	26.0337
3159	-26.5	9.5	28.151	1050.053	10.17551	2.03	20	2.351	5.6601E-8	0	0	23.17724
3160	-26.5	10.5	28.504	1050.008	9.85935	2.03	20	2.704	5.3139E-8	0	0	20.80113
3161	-26.5	11.5	28.888	1049.877	9.53157	2.03	20	3.088	4.9667E-8	0	0	18.8483
3162	-26.5	12.5	29.3	1049.658	9.20195	2.03	20	3.5	4.6296E-8	0	0	17.22593
3163	-26.5	13.5	29.741	1049.351	8.87804	2.03	20	3.941	4.31E-8	0	0	15.86236
3164	-26.5	14.5	30.208	1048.962	8.56054	2.03	20	4.408	4.0079E-8	1	0	14.7109
3165	-26.5	15.5	30.7	1048.511	8.25208	2.03	10.4	4.9	3.725E-8	1	0	13.75253
3166	-26.5	16.5	31.217	1048.012	7.95728	2.03	10.4	5.417	3.4643E-8	1	0	12.91013
3167	-26.5	17.5	31.757	1047.477	7.67843	2.03	10.4	5.957	3.2265E-8	1	0	12.17603
3168	-26.5	18.5	32.319	1046.921	7.41677	2.03	10.4	6.519	3.0111E-8	1	0	11.52974
3169	-26.5	19.5	32.901	1046.356	7.17369	2.03	10.4	7.101	2.8176E-8	1	0	10.95393
3170	-26.5	20.5	33.504	1045.796	6.95061	2.03	10.4	7.704	2.6457E-8	1	0	10.43405
3171	-26.5	21.5	34.125	1045.254	6.7486	2.03	10.4	8.325	2.4947E-8	1	0	9.9582
3172	-26.5	22.5	34.763	1044.742	6.56841	2.03	10.4	8.963	2.3638E-8	1	0	9.51684
3173	-26.5	23.5	35.419	1044.27	6.41046	2.03	10.4	9.619	2.2519E-8	1	0	9.10235
3174	-26.5	24.5	36.09	1043.849	6.27499	2.03	10.4	10.29	2.1582E-8	1	0	8.7087
3175	-26.5	25.5	36.776	1043.485	6.1621	2.03	10.4	10.976	2.0815E-8	1	0	8.33113
3176	-26.5	26.5	37.477	1043.186	6.07183	2.03	10.4	11.677	2.0212E-8	1	0	7.966
3177	-26.5	27.5	38.19	1042.957	6.00417	2.03	10.4	12.39	1.9766E-8	1	0	7.6106
3178	-26.5	28.5	38.917	1042.802	5.95909	2.03	10.4	13.117	1.9472E-8	1	0	7.26306
3179	-26.5	29.5	39.655	1042.724	5.93951	2.03	10.4	13.855	1.9345E-8	1	0	6.91873
3180	-25.5	-29.5	38.994	1043.078	5.7166	2.03	10.4	13.194	1.7917E-8	1	0	7.52981
3181	-25.5	-28.5	38.243	1043.156	5.73715	2.03	10.4	12.443	1.8046E-8	1	0	7.93331
3182	-25.5	-27.5	37.503	1043.312	5.78531	2.03	10.4	11.703	1.8349E-8	1	0	8.34255
3183	-25.5	-26.5	36.776	1043.543	5.85766	2.03	10.4	10.976	1.8809E-8	1	0	8.76427
3184	-25.5	-25.5	36.062	1043.843	5.95434	2.03	10.4	10.262	1.9432E-8	1	0	9.20166
3185	-25.5	-24.5	35.362	1044.207	6.07546	2.03	10.4	9.562	2.0228E-8	1	0	9.65925
3186	-25.5	-23.5	34.677	1044.628	6.22116	2.03	10.4	8.877	2.1206E-8	1	0	10.14315
3187	-25.5	-22.5	34.007	1045.097	6.39149	2.03	10.4	8.207	2.2379E-8	1	0	10.6614
3188	-25.5	-21.5	33.354	1045.602	6.58644	2.03	10.4	7.554	2.3759E-8	1	0	11.22444
3189	-25.5	-20.5	32.718	1046.133	6.80579	2.03	10.4	6.918	2.5363E-8	1	0	11.84586
3190	-25.5	-19.5	32.101	1046.675	7.04897	2.03	10.4	6.301	2.7201E-8	1	0	12.54349
3191	-25.5	-18.5	31.504	1047.214	7.31478	2.03	10.4	5.704	2.9285E-8	1	0	13.34106
3192	-25.5	-17.5	30.927	1047.736	7.60144	2.03	10.4	5.127	3.1618E-8	1	0	14.27011
3193	-25.5	-16.5	30.373	1048.222	7.90747	2.03	20	4.573	3.4208E-8	1	0	15.34979
3194	-25.5	-15.5	29.841	1048.659	8.23332	2.03	20	4.041	3.7078E-8	0	0	16.67623
3195	-25.5	-14.5	29.334	1049.017	8.57786	2.03	20	3.534	4.024E-8	0	0	18.29799
3196	-25.5	-13.5	28.853	1049.28	8.93065	2.03	20	3.053	4.3613E-8	0	0	20.34101
3197	-25.5	-12.5	28.399	1049.441	9.28966	2.03	20	2.599	4.7187E-8	0	0	22.96767
3198	-25.5	-11.5	27.973	1049.496	9.66468	2.03	20	2.173	5.1072E-8	0	0	26.39699
3199	-25.5	-10.5	27.577	1049.443	10.04057	2.03	20	1.777	5.5124E-8	0	0	31.06627
3200	-25.5	-9.5	27.212	1049.292	10.43226	2.03	20	1.412	5.9512E-8	0	0	37.62348
3201	-25.5	-8.5	26.879	1049.039	10.87885	2.03	20	1.079	6.4724E-8	0	0	47.19545
3202	-25.5	-7.5	26.58	1048.725	11.13315	2.03	20	1	6.7794E-8	0	0	49.77223
3203	-25.48	-6.521	26.301	1048.361	11.49551	2.03	20	1	7.229E-8	0	0	48.19844
3204	-25.6	-5.523	26.189	1048.158	11.57294	2.03	20	1	7.3274E-8	0	0	47.87326
3205	-25.699	-4.525	26.095	1047.983	11.71092	2.03	20	1	7.5037E-8	0	0	47.30691
3206	-25.778	-3.526	26.018	1047.831	11.87039	2.03	20	1	7.7099E-8	0	1	46.66943
3207	-25.837	-2.525	25.96	1047.709	12.00596	2.03	20	1	7.8875E-8	0	1	46.14087
3208	-25.877	-1.52	25.921	1047.623	12.10053	2.03	20	1	8.0125E-8	0	1	45.77917
3209	-25.897	-0.508	25.902	1047.578	12.14852	2.03	20	1	8.0763E-8	0	1	45.59775
3210	-25.897	0.508	25.902	1047.578	12.14852	2.03	20	1	8.0763E-8	0	1	45.59775
3211	-25.877	1.52	25.921	1047.623	12.10053	2.03	20	1	8.0125E-8	0	1	45.77917
3212	-25.837	2.525	25.96	1047.709	12.00596	2.03	20	1	7.8875E-8	0	1	46.14087
3213	-25.778	3.526	26.018	1047.831	11.87039	2.03	20	1	7.7099E-8	0	1	46.66943
3214	-25.699	4.525	26.095	1047.983	11.71092	2.03	20	1	7.5037E-8	0	0	47.30691
3215	-25.6	5.523	26.189	1048.158	11.57294	2.03	20	1	7.3274E-8	0	0	47.87326
3216	-25.48	6.521	26.301	1048.361	11.49551	2.03	20	1	7.229E-8	0	0	48.19844
3217	-25.5	7.5	26.58	1048.725	11.13315	2.03	20	1	6.7794E-8	0	0	49.77223
3218	-25.5	8.5	26.879	1049.039	10.87885	2.03	20	1.079	6.4724E-8	0	0	47.19545
3219	-25.5	9.5	27.212	1049.292	10.43226	2.03	20	1.412	5.9512E-8	0	0	37.62348
3220	-25.5	10.5	27.577	1049.443	10.04057	2.03	20	1.777	5.5124E-8	0	0	31.06627
3221	-25.5	11.5	27.973	1049.496	9.66468	2.03	20	2.173	5.1072E-8	0	0	26.39699
3222	-25.5	12.5	28.399	1049.441	9.28966	2.03	20	2.599	4.7187E-8	0	0	22.96767
3223	-25.5	13.5	28.853	1049.28	8.93065	2.03	20	3.053	4.3613E-8	0	0	20.34101
3224	-25.5	14.5	29.334	1049.017	8.57786	2.03	20	3.534	4.024E-8	0	0	18.29799
3225	-25.5	15.5	29.841	1048.659	8.23332	2.03	20	4.041	3.7078E-8	0	0	16.67623
3226	-25.5	16.5	30.373	1048.222	7.90747	2.03	20	4.573	3.4208E-8	1	0	15.34979
3227	-25.5	17.5	30.927	1047.736	7.60144	2.03	10.4	5.127	3.1618E-8	1	0	14.27011
3228	-25.5	18.5	31.504	1047.214	7.31478	2.03	10.4	5.704	2.9285E-8	1	0	13.34106
3229	-25.5	19.5	32.101	1046.675	7.04897	2.03	10.4	6.301	2.7201E-8	1	0	12.54349
3230	-25.5	20.5	32.718	1046.133	6.80579	2.03	10.4	6.918	2.5363E-8	1	0	11.84586
3231	-25.5	21.5	33.354	1045.602	6.58644	2.03	10.4	7.554	2.3759E-8	1	0	11.22444
3232	-25.5	22.5	34.007	1045.097	6.39149	2.03	10.4	8.207	2.2379E-8	1	0	10.6614
3233	-25.5	23.5	34.677	1044.628	6.22116	2.03	10.4	8.877	2.1206E-8	1	0	10.14315
3234	-25.5	24.5	35.362	1044.207	6.07546	2.03	10.4	9.562	2.0228E-8	1	0	9.65925
3235	-25.5	25.5	36.062	1043.843	5.95434	2.03	10.4	10.262	1.9432E-8	1	0	9.20166
3236	-25.5	26.5	36.776	1043.543	5.85766	2.03	10.4	10.976	1.8809E-8	1	0	8.76427
3237	-25.5	27.5	37.503	1043.312	5.78531	2.03	10.4	11.703	1.8349E-8	1	0	8.34255
3238	-25.5	28.5	38.243	1043.156	5.73715	2.03	10.4	12.443	1.8046E-8	1	0	7.93331
3239	-25.5	29.5	38.994	1043.078	5.7166	2.03	10.4	13.194	1.7917E-8	1	0	7.52981
3240	-24.5	-29.5	38.347	1043.347	5.47905	2.03	10.4	12.547	1.6457E-8	1	0	8.24151
3241	-24.5	-28.5	37.583	1043.427	5.50049	2.03	10.4	11.783	1.6586E-8	1	0	8.71776
3242	-24.5	-27.5	36.831	1043.584	5.55171	2.03	10.4	11.031	1.6895E-8	1	0	9.20346
3243	-24.5	-26.5	36.09	1043.815	5.62877	2.03	10.4	10.29	1.7366E-8	1	0	9.70842
3244	-24.5	-25.5	35.362	1044.116	5.73189	2.03	10.4	9.562	1.8005E-8	1	0	10.23797
3245	-24.5	-24.5	34.648	1044.481	5.86135	2.03	10.4	8.848	1.8825E-8	1	0	10.79962
3246	-24.5	-23.5	33.948	1044.9	6.01745	2.03	10.4	8.148	1.9838E-8	1	0	11.4036
3247	-24.5	-22.5	33.264	1045.365	6.20049	2.03	10.4	7.464	2.1059E-8	1	0	12.06368
3248	-24.5	-21.5	32.596	1045.862	6.41075	2.03	10.4	6.796	2.2506E-8	1	0	12.7982
3249	-24.5	-20.5	31.945	1046.379	6.64842	2.03	10.4	6.145	2.4201E-8	1	0	13.63189
3250	-24.5	-19.5	31.313	1046.901	6.91328	2.03	10.4	5.513	2.6161E-8	1	0	14.59891
3251	-24.5	-18.5	30.7	1047.41	7.20402	2.03	10.4	4.9	2.8402E-8	1	0	15.74842
3252	-24.5	-17.5	30.108	1047.889	7.51758	2.03	20	4.308	3.0922E-8	1	0	17.13221
3253	-24.5	-16.5	29.538	1048.31	7.85098	2.03	20	3.738	3.3719E-8	0	0	18.90077
3254	-24.5	-15.5	28.991	1048.643	8.20979	2.03	20	3.191	3.6867E-8	0	0	21.16602
3255	-24.5	-14.5	28.469	1048.873	8.60125	2.03	20	2.669	4.0462E-8	0	0	24.14925
3256	-24.5	-13.5	27.973	1048.985	8.9916	2.03	20	2.173	4.4216E-8	0	0	28.36895
3257	-24.5	-12.5	27.505	1048.969	9.37721	2.03	20	1.705	4.809E-8	0	0	34.67575
3258	-24.5	-11.5	27.065	1048.821	9.90189	2.03	20	1.265	5.3626E-8	0	0	44.25083
3259	-24.5	-10.5	26.655	1048.535	10.40449	2.03	20	1	5.9215E-8	0	0	53.25511
3260	-24.486	-9.533	26.276	1048.136	10.84849	2.03	20	1	6.4388E-8	0	0	51.06987
3261	-24.671	-8.545	26.109	1047.881	10.93885	2.03	20	1	6.5472E-8	0	0	50.64444
3262	-24.83	-7.58	25.961	1047.654	11.34204	2.03	20	1	7.0394E-8	0	0	48.84102
3263	-24.83	7.58	25.961	1047.654	11.34204	2.03	20	1	7.0394E-8	0	0	48.84102
3264	-24.671	8.545	26.109	1047.881	10.93885	2.03	20	1	6.5472E-8	0	0	50.64444
3265	-24.486	9.533	26.276	1048.136	10.84849	2.03	20	1	6.4388E-8	0	0	51.06987
3266	-24.5	10.5	26.655	1048.535	10.40449	2.03	20	1	5.9215E-8	0	0	53.25511
3267	-24.5	11.5	27.065	1048.821	9.90189	2.03	20	1.265	5.3626E-8	0	0	44.25083
3268	-24.5	12.5	27.505	1048.969	9.37721	2.03	20	1.705	4.809E-8	0	0	34.67575
3269	-24.5	13.5	27.973	1048.985	8.9916	2.03	20	2.173	4.4216E-8	0	0	28.36895
3270	-24.5	14.5	28.469	1048.873	8.60125	2.03	20	2.669	4.0462E-8	0	0	24.14925
3271	-24.5	15.5	28.991	1048.643	8.20979	2.03	20	3.191	3.6867E-8	0	0	21.16602
3272	-24.5	16.5	29.538	1048.31	7.85098	2.03	20	3.738	3.3719E-8	0	0	18.90077
3273	-24.5	17.5	30.108	1047.889	7.51758	2.03	20	4.308	3.0922E-8	1	0	17.13221
3274	-24.5	18.5	30.7	1047.41	7.20402	2.03	10.4	4.9	2.8402E-8	1	0	15.74842
3275	-24.5	19.5	31.313	1046.901	6.91328	2.03	10.4	5.513	2.6161E-8	1	0	14.59891
3276	-24.5	20.5	31.945	1046.379	6.64842	2.03	10.4	6.145	2.4201E-8	1	0	13.63189
3277	-24.5	21.5	32.596	1045.862	6.41075	2.03	10.4	6.796	2.2506E-8	1	0	12.7982
3278	-24.5	22.5	33.264	1045.365	6.20049	2.03	10.4	7.464	2.1059E-8	1	0	12.06368
3279	-24.5	23.5	33.948	1044.9	6.01745	2.03	10.4	8.148	1.9838E-8	1	0	11.4036
3280	-24.5	24.5	34.648	1044.481	5.86135	2.03	10.4	8.848	1.8825E-8	1	0	10.79962
3281	-24.5	25.5	35.362	1044.116	5.73189	2.03	10.4	9.562	1.8005E-8	1	0	10.23797
3282	-24.5	26.5	36.09	1043.815	5.62877	2.03	10.4	10.29	1.7366E-8	1	0	9.70842
3283	-24.5	27.5	36.831	1043.584	5.55171	2.03	10.4	11.031	1.6895E-8	1	0	9.20346
3284	-24.5	28.5	37.583	1043.427	5.50049	2.03	10.4	11.783	1.6586E-8	1	0	8.71776
3285	-24.5	29.5	38.347	1043.347	5.47905	2.03	10.4	12.547	1.6457E-8	1	0	8.24151
3286	-23.5	-29.5	37.716	1043.546	5.22706	2.03	10.4	11.916	1.4977E-8	1	0	9.07611
3287	-23.5	-28.5	36.939	1043.626	5.24925	2.03	10.4	11.139	1.5104E-8	1	0	9.64258
3288	-23.5	-27.5	36.173	1043.784	5.30348	2.03	10.4	10.373	1.5417E-8	1	0	10.22394
3289	-23.5	-26.5	35.419	1044.017	5.38517	2.03	10.4	9.619	1.5894E-8	1	0	10.83457
3290	-23.5	-25.5	34.677	1044.32	5.49467	2.03	10.4	8.877	1.6545E-8	1	0	11.48322
3291	-23.5	-24.5	33.948	1044.685	5.63245	2.03	10.4	8.148	1.7382E-8	1	0	12.18233
3292	-23.5	-23.5	33.234	1045.103	5.799	2.03	10.4	7.434	1.8422E-8	1	0	12.94924
3293	-23.5	-22.5	32.535	1045.563	5.99487	2.03	10.4	6.735	1.9683E-8	1	0	13.80793
3294	-23.5	-21.5	31.851	1046.052	6.22075	2.03	10.4	6.051	2.119E-8	1	0	14.79153
3295	-23.5	-20.5	31.185	1046.554	6.47748	2.03	10.4	5.385	2.297E-8	1	0	15.94649
3296	-23.5	-19.5	30.537	1047.053	6.76586	2.03	20	4.737	2.5056E-8	1	0	17.31471
3297	-23.5	-18.5	29.908	1047.528	7.08508	2.03	20	4.108	2.7471E-8	0	0	19.05797
3298	-23.5	-17.5	29.3	1047.94	7.42886	2.03	20	3.5	3.0196E-8	0	0	21.32716
3299	-23.5	-16.5	28.714	1048.261	7.78496	2.03	20	2.914	3.3155E-8	0	0	24.43858
3300	-23.5	-15.5	28.151	1048.47	8.17155	2.03	20	2.351	3.6527E-8	0	0	28.84846
3301	-23.5	-14.5	27.613	1048.55	8.64349	2.03	20	1.813	4.0866E-8	0	0	35.35812
3302	-23.5	-13.5	27.102	1048.484	9.16738	2.03	20	1.302	4.5972E-8	0	0	46.43653
3303	-23.5	-12.5	26.618	1048.257	9.8313	2.03	20	1	5.2877E-8	0	0	56.35569
3304	-23.535	-11.546	26.215	1047.907	10.30316	2.03	20	1	5.8083E-8	0	0	53.7695
3305	-23.763	-10.585	26.014	1047.664	10.49518	2.03	20	1	6.0274E-8	0	0	52.7822
3306	-23.763	10.585	26.014	1047.664	10.49518	2.03	20	1	6.0274E-8	0	0	52.7822
3307	-23.535	11.546	26.215	1047.907	10.30316	2.03	20	1	5.8083E-8	0	0	53.7695
3308	-23.5	12.5	26.618	1048.257	9.8313	2.03	20	1	5.2877E-8	0	0	56.35569
3309	-23.5	13.5	27.102	1048.484	9.16738	2.03	20	1.302	4.5972E-8	0	0	46.43653
3310	-23.5	14.5	27.613	1048.55	8.64349	2.03	20	1.813	4.0866E-8	0	0	35.35812
3311	-23.5	15.5	28.151	1048.47	8.17155	2.03	20	2.351	3.6527E-8	0	0	28.84846
3312	-23.5	16.5	28.714	1048.261	7.78496	2.03	20	2.914	3.3155E-8	0	0	24.43858
3313	-23.5	17.5	29.3	1047.94	7.42886	2.03	20	3.5	3.0196E-8	0	0	21.32716
3314	-23.5	18.5	29.908	1047.528	7.08508	2.03	20	4.108	2.7471E-8	0	0	19.05797
3315	-23.5	19.5	30.537	1047.053	6.76586	2.03	20	4.737	2.5056E-8	1	0	17.31471
3316	-23.5	20.5	31.185	1046.554	6.47748	2.03	10.4	5.385	2.297E-8	1	0	15.94649
3317	-23.5	21.5	31.851	1046.052	6.22075	2.03	10.4	6.051	2.119E-8	1	0	14.79153
3318	-23.5	22.5	32.535	1045.563	5.99487	2.03	10.4	6.735	1.9683E-8	1	0	13.80793
3319	-23.5	23.5	33.234	1045.103	5.799	2.03	10.4	7.434	1.8422E-8	1	0	12.94924
3320	-23.5	24.5	33.948	1044.685	5.63245	2.03	10.4	8.148	1.7382E-8	1	0	12.18233
3321	-23.5	25.5	34.677	1044.32	5.49467	2.03	10.4	8.877	1.6545E-8	1	0	11.48322
3322	-23.5	26.5	35.419	1044.017	5.38517	2.03	10.4	9.619	1.5894E-8	1	0	10.83457
3323	-23.5	27.5	36.173	1043.784	5.30348	2.03	10.4	10.373	1.5417E-8	1	0	10.22394
3324	-23.5	28.5	36.939	1043.626	5.24925	2.03	10.4	11.139	1.5104E-8	1	0	9.64258
3325	-23.5	29.5	37.716	1043.546	5.22706	2.03	10.4	11.916	1.4977E-8	1	0	9.07611
3326	-22.5	-29.5	37.101	1043.688	4.96107	2.03	10.4	11.301	1.3491E-8	1	0	10.06202
3327	-22.5	-28.5	36.311	1043.769	4.98385	2.03	10.4	10.511	1.3615E-8	1	0	10.74143
3328	-22.5	-27.5	35.532	1043.929	5.04098	2.03	10.4	9.732	1.3927E-8	1	0	11.44371
3329	-22.5	-26.5	34.763	1044.164	5.12714	2.03	10.4	8.963	1.4406E-8	1	0	12.19006
3330	-22.5	-25.5	34.007	1044.469	5.24287	2.03	10.4	8.207	1.5062E-8	1	0	12.99478
3331	-22.5	-24.5	33.264	1044.835	5.38882	2.03	10.4	7.464	1.591E-8	1	0	13.87861
3332	-22.5	-23.5	32.535	1045.253	5.56571	2.03	10.4	6.735	1.6968E-8	1	0	14.87133
3333	-22.5	-22.5	31.82	1045.71	5.7743	2.03	10.4	6.02	1.8261E-8	1	0	16.01583
3334	-22.5	-21.5	31.121	1046.191	6.01561	2.03	10.4	5.321	1.9815E-8	1	0	17.37443
3335	-22.5	-20.5	30.438	1046.679	6.29138	2.03	20	4.638	2.1668E-8	1	0	19.01201
3336	-22.5	-19.5	29.774	1047.151	6.60489	2.03	20	3.974	2.3877E-8	0	0	21.12883
3337	-22.5	-18.5	29.129	1047.565	6.95941	2.03	20	3.329	2.6504E-8	0	0	23.93122
3338	-22.5	-17.5	28.504	1047.889	7.34519	2.03	20	2.704	2.952E-8	0	0	27.90461
3339	-22.5	-16.5	27.902	1048.098	7.70675	2.03	20	2.102	3.2495E-8	0	0	34.21666
3340	-22.5	-15.5	27.322	1048.168	8.07399	2.03	20	1.522	3.5664E-8	0	0	45.08609
3341	-22.5	-14.5	26.768	1048.072	8.83752	2.03	20	1	4.273E-8	0	0	62.68965
3342	-22.476	-13.55	26.245	1047.783	9.46107	2.03	20	1	4.8979E-8	0	0	58.55332
3343	-22.754	-12.607	26.013	1047.577	9.57705	2.03	20	1	5.0192E-8	0	0	57.84091
3344	-22.754	12.607	26.013	1047.577	9.57705	2.03	20	1	5.0192E-8	0	0	57.84091
3345	-22.476	13.55	26.245	1047.783	9.46107	2.03	20	1	4.8979E-8	0	0	58.55332
3346	-22.5	14.5	26.768	1048.072	8.83752	2.03	20	1	4.273E-8	0	0	62.68965
3347	-22.5	15.5	27.322	1048.168	8.07399	2.03	20	1.522	3.5664E-8	0	0	45.08609
3348	-22.5	16.5	27.902	1048.098	7.70675	2.03	20	2.102	3.2495E-8	0	0	34.21666
3349	-22.5	17.5	28.504	1047.889	7.34519	2.03	20	2.704	2.952E-8	0	0	27.90461
3350	-22.5	18.5	29.129	1047.565	6.95941	2.03	20	3.329	2.6504E-8	0	0	23.93122
3351	-22.5	19.5	29.774	1047.151	6.60489	2.03	20	3.974	2.3877E-8	0	0	21.12883
3352	-22.5	20.5	30.438	1046.679	6.29138	2.03	20	4.638	2.1668E-8	1	0	19.01201
3353	-22.5	21.5	31.121	1046.191	6.01561	2.03	10.4	5.321	1.9815E-8	1	0	17.37443
3354	-22.5	22.5	31.82	1045.71	5.7743	2.03	10.4	6.02	1.8261E-8	1	0	16.01583
3355	-22.5	23.5	32.535	1045.253	5.56571	2.03	10.4	6.735	1.6968E-8	1	0	14.87133
3356	-22.5	24.5	33.264	1044.835	5.38882	2.03	10.4	7.464	1.591E-8	1	0	13.87861
3357	-22.5	25.5	34.007	1044.469	5.24287	2.03	10.4	8.207	1.5062E-8	1	0	12.99478
3358	-22.5	26.5	34.763	1044.164	5.12714	2.03	10.4	8.963	1.4406E-8	1	0	12.19006
3359	-22.5	27.5	35.532	1043.929	5.04098	2.03	10.4	9.732	1.3927E-8	1	0	11.44371
3360	-22.5	28.5	36.311	1043.769	4.98385	2.03	10.4	10.511	1.3615E-8	1	0	10.74143
3361	-22.5	29.5	37.101	1043.688	4.96107	2.03	10.4	11.301	1.3491E-8	1	0	10.06202
3362	-21.5	-29.5	36.503	1043.787	4.68187	2.03	10.4	10.703	1.2015E-8	1	0	11.23578
3363	-21.5	-28.5	35.7	1043.869	4.70504	2.03	10.4	9.9	1.2133E-8	1	0	12.05792
3364	-21.5	-27.5	34.907	1044.032	4.76486	2.03	10.4	9.107	1.2443E-8	1	0	12.91472
3365	-21.5	-26.5	34.125	1044.27	4.85524	2.03	10.4	8.325	1.2918E-8	1	0	13.83763
3366	-21.5	-25.5	33.354	1044.578	4.97693	2.03	10.4	7.554	1.3572E-8	1	0	14.85003
3367	-21.5	-24.5	32.596	1044.947	5.13082	2.03	10.4	6.796	1.4422E-8	1	0	15.9867
3368	-21.5	-23.5	31.851	1045.367	5.31785	2.03	10.4	6.051	1.549E-8	1	0	17.29961
3369	-21.5	-22.5	31.121	1045.823	5.53887	2.03	10.4	5.321	1.6801E-8	1	0	18.86792
3370	-21.5	-21.5	30.406	1046.299	5.79474	2.03	20	4.606	1.8385E-8	1	0	20.78598
3371	-21.5	-20.5	29.707	1046.771	6.0875	2.03	20	3.907	2.0286E-8	0	0	23.31563
3372	-21.5	-19.5	29.026	1047.192	6.42449	2.03	20	3.226	2.259E-8	0	0	26.74851
3373	-21.5	-18.5	28.364	1047.532	6.82527	2.03	20	2.564	2.5493E-8	0	0	31.67289
3374	-21.5	-17.5	27.722	1047.764	7.30436	2.03	20	1.922	2.9194E-8	0	0	39.47257
3375	-21.5	-16.5	27.102	1047.857	7.73463	2.03	20	1.302	3.2734E-8	0	0	55.02878
3376	-21.5	-15.5	26.505	1047.784	8.57959	2.03	20	1	4.0277E-8	0	0	64.56918
3377	-21.639	-14.585	26.096	1047.593	9.36256	2.03	20	1	4.7968E-8	0	0	59.16629
3378	-21.639	14.585	26.096	1047.593	9.36256	2.03	20	1	4.7968E-8	0	0	59.16629
3379	-21.5	15.5	26.505	1047.784	8.57959	2.03	20	1	4.0277E-8	0	0	64.56918
3380	-21.5	16.5	27.102	1047.857	7.73463	2.03	20	1.302	3.2734E-8	0	0	55.02878
3381	-21.5	17.5	27.722	1047.764	7.30436	2.03	20	1.922	2.9194E-8	0	0	39.47257
3382	-21.5	18.5	28.364	1047.532	6.82527	2.03	20	2.564	2.5493E-8	0	0	31.67289
3383	-21.5	19.5	29.026	1047.192	6.42449	2.03	20	3.226	2.259E-8	0	0	26.74851
3384	-21.5	20.5	29.707	1046.771	6.0875	2.03	20	3.907	2.0286E-8	0	0	23.31563
3385	-21.5	21.5	30.406	1046.299	5.79474	2.03	20	4.606	1.8385E-8	1	0	20.78598
3386	-21.5	22.5	31.121	1045.823	5.53887	2.03	10.4	5.321	1.6801E-8	1	0	18.86792
3387	-21.5	23.5	31.851	1045.367	5.31785	2.03	10.4	6.051	1.549E-8	1	0	17.29961
3388	-21.5	24.5	32.596	1044.947	5.13082	2.03	10.4	6.796	1.4422E-8	1	0	15.9867
3389	-21.5	25.5	33.354	1044.578	4.97693	2.03	10.4	7.554	1.3572E-8	1	0	14.85003
3390	-21.5	26.5	34.125	1044.27	4.85524	2.03	10.4	8.325	1.2918E-8	1	0	13.83763
3391	-21.5	27.5	34.907	1044.032	4.76486	2.03	10.4	9.107	1.2443E-8	1	0	12.91472
3392	-21.5	28.5	35.7	1043.869	4.70504	2.03	10.4	9.9	1.2133E-8	1	0	12.05792
3393	-21.5	29.5	36.503	1043.787	4.68187	2.03	10.4	10.703	1.2015E-8	1	0	11.23578
3394	-20.5	-29.5	35.924	1043.856	4.3906	2.03	10.4	10.124	1.0566E-8	1	0	12.64479
3395	-20.5	-28.5	35.107	1043.94	4.41392	2.03	10.4	9.307	1.0678E-8	1	0	13.64922
3396	-20.5	-27.5	34.3	1044.106	4.47614	2.03	10.4	8.5	1.098E-8	1	0	14.70579
3397	-20.5	-26.5	33.504	1044.349	4.57035	2.03	10.4	7.704	1.1446E-8	1	0	15.86159
3398	-20.5	-25.5	32.718	1044.663	4.69758	2.03	10.4	6.918	1.2091E-8	1	0	17.15497
3399	-20.5	-24.5	31.945	1045.038	4.85907	2.03	10.4	6.145	1.2934E-8	1	0	18.64476
3400	-20.5	-23.5	31.185	1045.463	5.05611	2.03	10.4	5.385	1.4002E-8	1	0	20.42309
3401	-20.5	-22.5	30.438	1045.922	5.28957	2.03	20	4.638	1.5322E-8	1	0	22.608
3402	-20.5	-21.5	29.707	1046.394	5.55912	2.03	20	3.907	1.692E-8	0	0	25.52903
3403	-20.5	-20.5	28.991	1046.827	5.86336	2.03	20	3.191	1.8819E-8	0	0	29.62141
3404	-20.5	-19.5	28.293	1047.191	6.20807	2.03	20	2.493	2.1094E-8	0	0	35.80335
3405	-20.5	-18.5	27.613	1047.458	6.6501	2.03	20	1.813	2.4202E-8	0	0	45.94289
3406	-20.5	-17.5	26.954	1047.592	7.27893	2.03	20	1.154	2.8993E-8	0	0	65.96823
3407	-20.391	-16.559	26.268	1047.524	7.771	2.03	20	1	3.3047E-8	0	0	71.28257
3408	-20.749	-15.666	25.998	1047.436	7.61702	2.03	20	1	3.1751E-8	0	0	72.72182
3409	-20.749	15.666	25.998	1047.436	7.61702	2.03	20	1	3.1751E-8	0	0	72.72182
3410	-20.391	16.559	26.268	1047.524	7.771	2.03	20	1	3.3047E-8	0	0	71.28257
3411	-20.5	17.5	26.954	1047.592	7.27893	2.03	20	1.154	2.8993E-8	0	0	65.96823
3412	-20.5	18.5	27.613	1047.458	6.6501	2.03	20	1.813	2.4202E-8	0	0	45.94289
3413	-20.5	19.5	28.293	1047.191	6.20807	2.03	20	2.493	2.1094E-8	0	0	35.80335
3414	-20.5	20.5	28.991	1046.827	5.86336	2.03	20	3.191	1.8819E-8	0	0	29.62141
3415	-20.5	21.5	29.707	1046.394	5.55912	2.03	20	3.907	1.692E-8	0	0	25.52903
3416	-20.5	22.5	30.438	1045.922	5.28957	2.03	20	4.638	1.5322E-8	1	0	22.608
3417	-20.5	23.5	31.185	1045.463	5.05611	2.03	10.4	5.385	1.4002E-8	1	0	20.42309
3418	-20.5	24.5	31.945	1045.038	4.85907	2.03	10.4	6.145	1.2934E-8	1	0	18.64476
3419	-20.5	25.5	32.718	1044.663	4.69758	2.03	10.4	6.918	1.2091E-8	1	0	17.15497
3420	-20.5	26.5	33.504	1044.349	4.57035	2.03	10.4	7.704	1.1446E-8	1	0	15.86159
3421	-20.5	27.5	34.3	1044.106	4.47614	2.03	10.4	8.5	1.098E-8	1	0	14.70579
3422	-20.5	28.5	35.107	1043.94	4.41392	2.03	10.4	9.307	1.0678E-8	1	0	13.64922
3423	-20.5	29.5	35.924	1043.856	4.3906	2.03	10.4	10.124	1.0566E-8	1	0	12.64479
3424	-19.5	-29.5	35.362	1043.908	4.08883	2.03	10.4	9.562	9.1632E-9	1	0	14.35113
3425	-19.5	-28.5	34.533	1043.994	4.112	2.03	10.4	8.733	9.2669E-9	1	0	15.59094
3426	-19.5	-27.5	33.712	1044.165	4.17622	2.03	10.4	7.912	9.558E-9	1	0	16.90906
3427	-19.5	-26.5	32.901	1044.414	4.2737	2.03	10.4	7.101	1.0008E-8	1	0	18.37677
3428	-19.5	-25.5	32.101	1044.737	4.40583	2.03	10.4	6.301	1.0635E-8	1	0	20.05757
3429	-19.5	-24.5	31.313	1045.122	4.57439	2.03	10.4	5.513	1.1463E-8	1	0	22.05229
3430	-19.5	-23.5	30.537	1045.557	4.78144	2.03	20	4.737	1.2522E-8	1	0	24.49053
3431	-19.5	-22.5	29.774	1046.024	5.02856	2.03	20	3.974	1.3847E-8	0	0	27.74348
3432	-19.5	-21.5	29.026	1046.473	5.31422	2.03	20	3.226	1.5462E-8	0	0	32.33047
3433	-19.5	-20.5	28.293	1046.869	5.62596	2.03	20	2.493	1.7326E-8	0	0	39.50432
3434	-19.5	-19.5	27.577	1047.182	5.92907	2.03	20	1.777	1.924E-8	0	0	52.57607
3435	-19.5	-18.5	26.879	1047.379	6.25863	2.03	20	1.079	2.1437E-8	0	0	81.99805
3436	-19.443	-17.574	26.208	1047.427	7.43353	2.03	20	1	3.024E-8	0	0	74.51673
3437	-19.443	17.574	26.208	1047.427	7.43353	2.03	20	1	3.024E-8	0	0	74.51673
3438	-19.5	18.5	26.879	1047.379	6.25863	2.03	20	1.079	2.1437E-8	0	0	81.99805
3439	-19.5	19.5	27.577	1047.182	5.92907	2.03	20	1.777	1.924E-8	0	0	52.57607
3440	-19.5	20.5	28.293	1046.869	5.62596	2.03	20	2.493	1.7326E-8	0	0	39.50432
3441	-19.5	21.5	29.026	1046.473	5.31422	2.03	20	3.226	1.5462E-8	0	0	32.33047
3442	-19.5	22.5	29.774	1046.024	5.02856	2.03	20	3.974	1.3847E-8	0	0	27.74348
3443	-19.5	23.5	30.537	1045.557	4.78144	2.03	20	4.737	1.2522E-8	1	0	24.49053
3444	-19.5	24.5	31.313	1045.122	4.57439	2.03	10.4	5.513	1.1463E-8	1	0	22.05229
3445	-19.5	25.5	32.101	1044.737	4.40583	2.03	10.4	6.301	1.0635E-8	1	0	20.05757
3446	-19.5	26.5	32.901	1044.414	4.2737	2.03	10.4	7.101	1.0008E-8	1	0	18.37677
3447	-19.5	27.5	33.712	1044.165	4.17622	2.03	10.4	7.912	9.558E-9	1	0	16.90906
3448	-19.5	28.5	34.533	1043.994	4.112	2.03	10.4	8.733	9.2669E-9	1	0	15.59094
3449	-19.5	29.5	35.362	1043.908	4.08883	2.03	10.4	9.562	9.1632E-9	1	0	14.35113
3450	-18.5	-29.5	34.821	1043.953	3.77856	2.03	10.4	9.021	7.8251E-9	1	0	16.4369
3451	-18.5	-28.5	33.978	1044.043	3.80122	2.03	10.4	8.178	7.919E-9	1	0	17.98414
3452	-18.5	-27.5	33.144	1044.22	3.86692	2.03	10.4	7.344	8.1944E-9	1	0	19.64931
3453	-18.5	-26.5	32.319	1044.479	3.9669	2.03	10.4	6.519	8.6227E-9	1	0	21.54183
3454	-18.5	-25.5	31.504	1044.814	4.10293	2.03	10.4	5.704	9.2229E-9	1	0	23.76859
3455	-18.5	-24.5	30.7	1045.214	4.2775	2.03	10.4	4.9	1.0023E-8	1	0	26.50664
3456	-18.5	-23.5	29.908	1045.665	4.49405	2.03	20	4.108	1.1061E-8	0	0	30.03022
3457	-18.5	-22.5	29.129	1046.125	4.7573	2.03	20	3.329	1.2392E-8	0	0	34.99472
3458	-18.5	-21.5	28.364	1046.554	5.0714	2.03	20	2.564	1.408E-8	0	0	42.61489
3459	-18.5	-20.5	27.613	1046.925	5.42281	2.03	20	1.813	1.6097E-8	0	0	56.33239
3460	-18.5	-19.5	26.879	1047.199	5.67082	2.03	20	1.079	1.7601E-8	0	0	90.49304
3461	-18.545	-18.545	26.227	1047.34	7.00299	2.03	20	1	2.684E-8	0	0	79.09601
3462	-18.545	18.545	26.227	1047.34	7.00299	2.03	20	1	2.684E-8	0	0	79.09601
3463	-18.5	19.5	26.879	1047.199	5.67082	2.03	20	1.079	1.7601E-8	0	0	90.49304
3464	-18.5	20.5	27.613	1046.925	5.42281	2.03	20	1.813	1.6097E-8	0	0	56.33239
3465	-18.5	21.5	28.364	1046.554	5.0714	2.03	20	2.564	1.408E-8	0	0	42.61489
3466	-18.5	22.5	29.129	1046.125	4.7573	2.03	20	3.329	1.2392E-8	0	0	34.99472
3467	-18.5	23.5	29.908	1045.665	4.49405	2.03	20	4.108	1.1061E-8	0	0	30.03022
3468	-18.5	24.5	30.7	1045.214	4.2775	2.03	10.4	4.9	1.0023E-8	1	0	26.50664
3469	-18.5	25.5	31.504	1044.814	4.10293	2.03	10.4	5.704	9.2229E-9	1	0	23.76859
3470	-18.5	26.5	32.319	1044.479	3.9669	2.03	10.4	6.519	8.6227E-9	1	0	21.54183
3471	-18.5	27.5	33.144	1044.22	3.86692	2.03	10.4	7.344	8.1944E-9	1	0	19.64931
3472	-18.5	28.5	33.978	1044.043	3.80122	2.03	10.4	8.178	7.919E-9	1	0	17.98414
3473	-18.5	29.5	34.821	1043.953	3.77856	2.03	10.4	9.021	7.8251E-9	1	0	16.4369
3474	-17.5	-29.5	34.3	1044.002	3.46225	2.03	10.4	8.5	6.5697E-9	1	0	19.0117
3475	-17.5	-28.5	33.444	1044.096	3.48404	2.03	10.4	7.644	6.6524E-9	1	0	20.96536
3476	-17.5	-27.5	32.596	1044.281	3.55057	2.03	10.4	6.796	6.9084E-9	1	0	23.09749
3477	-17.5	-26.5	31.757	1044.553	3.65207	2.03	10.4	5.957	7.3081E-9	1	0	25.57886
3478	-17.5	-25.5	30.927	1044.905	3.7906	2.03	10.4	5.127	7.8719E-9	1	0	28.59366
3479	-17.5	-24.5	30.108	1045.325	3.96911	2.03	20	4.308	8.6292E-9	1	0	32.42558
3480	-17.5	-23.5	29.3	1045.784	4.19218	2.03	20	3.5	9.6245E-9	0	0	37.77066
3481	-17.5	-22.5	28.504	1046.234	4.4693	2.03	20	2.704	1.0937E-8	0	0	45.83954
3482	-17.5	-21.5	27.722	1046.655	4.82728	2.03	20	1.922	1.2757E-8	0	0	59.70916
3483	-17.5	-20.5	26.954	1047.022	5.30823	2.03	20	1.154	1.5423E-8	0	0	90.44473
3484	-17.574	-19.443	26.208	1047.269	6.15252	2.03	20	1	2.0717E-8	0	0	90.02785
3485	-17.574	19.443	26.208	1047.269	6.15252	2.03	20	1	2.0717E-8	0	0	90.02785
3486	-17.5	20.5	26.954	1047.022	5.30823	2.03	20	1.154	1.5423E-8	0	0	90.44473
3487	-17.5	21.5	27.722	1046.655	4.82728	2.03	20	1.922	1.2757E-8	0	0	59.70916
3488	-17.5	22.5	28.504	1046.234	4.4693	2.03	20	2.704	1.0937E-8	0	0	45.83954
3489	-17.5	23.5	29.3	1045.784	4.19218	2.03	20	3.5	9.6245E-9	0	0	37.77066
3490	-17.5	24.5	30.108	1045.325	3.96911	2.03	20	4.308	8.6292E-9	1	0	32.42558
3491	-17.5	25.5	30.927	1044.905	3.7906	2.03	10.4	5.127	7.8719E-9	1	0	28.59366
3492	-17.5	26.5	31.757	1044.553	3.65207	2.03	10.4	5.957	7.3081E-9	1	0	25.57886
3493	-17.5	27.5	32.596	1044.281	3.55057	2.03	10.4	6.796	6.9084E-9	1	0	23.09749
3494	-17.5	28.5	33.444	1044.096	3.48404	2.03	10.4	7.644	6.6524E-9	1	0	20.96536
3495	-17.5	29.5	34.3	1044.002	3.46225	2.03	10.4	8.5	6.5697E-9	1	0	19.0117
3496	-16.5	-29.5	33.801	1044.063	3.14284	2.03	10.4	8.001	5.4133E-9	1	0	22.22338
3497	-16.5	-28.5	32.932	1044.162	3.16338	2.03	10.4	7.132	5.4841E-9	1	0	24.72098
3498	-16.5	-27.5	32.07	1044.358	3.23002	2.03	10.4	6.27	5.7171E-9	1	0	27.4904
3499	-16.5	-26.5	31.217	1044.646	3.33195	2.03	10.4	5.417	6.0829E-9	1	0	30.80246
3500	-16.5	-25.5	30.373	1045.019	3.47145	2.03	20	4.573	6.6018E-9	1	0	34.93345
3501	-16.5	-24.5	29.538	1045.459	3.65132	2.03	20	3.738	7.3023E-9	0	0	40.6077
3502	-16.5	-23.5	28.714	1045.916	3.87449	2.03	20	2.914	8.2206E-9	0	0	49.07207
3503	-16.5	-22.5	27.902	1046.365	4.14442	2.03	20	2.102	9.4042E-9	0	0	63.59691
3504	-16.5	-21.5	27.102	1046.784	4.53164	2.03	20	1.302	1.1242E-8	0	0	93.89559
3505	-16.559	-20.391	26.268	1047.188	5.06605	2.03	20	1	1.4047E-8	0	0	109.33279
3506	-16.559	20.391	26.268	1047.188	5.06605	2.03	20	1	1.4047E-8	0	0	109.33279
3507	-16.5	21.5	27.102	1046.784	4.53164	2.03	20	1.302	1.1242E-8	0	0	93.89559
3508	-16.5	22.5	27.902	1046.365	4.14442	2.03	20	2.102	9.4042E-9	0	0	63.59691
3509	-16.5	23.5	28.714	1045.916	3.87449	2.03	20	2.914	8.2206E-9	0	0	49.07207
3510	-16.5	24.5	29.538	1045.459	3.65132	2.03	20	3.738	7.3023E-9	0	0	40.6077
3511	-16.5	25.5	30.373	1045.019	3.47145	2.03	20	4.573	6.6018E-9	1	0	34.93345
3512	-16.5	26.5	31.217	1044.646	3.33195	2.03	10.4	5.417	6.0829E-9	1	0	30.80246
3513	-16.5	27.5	32.07	1044.358	3.23002	2.03	10.4	6.27	5.7171E-9	1	0	27.4904
3514	-16.5	28.5	32.932	1044.162	3.16338	2.03	10.4	7.132	5.4841E-9	1	0	24.72098
3515	-16.5	29.5	33.801	1044.063	3.14284	2.03	10.4	8.001	5.4133E-9	1	0	22.22338
3516	-15.5	-29.5	33.324	1044.141	2.82366	2.03	10.4	7.524	4.3695E-9	1	0	26.27362
3517	-15.5	-28.5	32.442	1044.246	2.84257	2.03	10.4	6.642	4.428E-9	1	0	29.50861
3518	-15.5	-27.5	31.567	1044.455	2.90855	2.03	10.4	5.767	4.6355E-9	1	0	33.16073
3519	-15.5	-26.5	30.7	1044.763	3.00983	2.03	10.4	4.9	4.9633E-9	1	0	37.66586
3520	-15.5	-25.5	29.841	1045.163	3.14913	2.03	20	4.041	5.4324E-9	0	0	43.55721
3521	-15.5	-24.5	28.991	1045.61	3.3296	2.03	20	3.191	6.0718E-9	0	0	52.14507
3522	-15.5	-23.5	28.151	1046.074	3.55252	2.03	20	2.351	6.9107E-9	0	0	66.31344
3523	-15.5	-22.5	27.322	1046.534	3.80611	2.03	20	1.522	7.9309E-9	0	0	95.59886
3524	-15.5	-21.5	26.505	1046.957	4.41463	2.03	20	1	1.0668E-8	0	0	125.45789
3525	-15.666	-20.749	25.998	1047.262	4.15005	2.03	20	1	9.4261E-9	0	0	133.46736
3526	-15.666	20.749	25.998	1047.262	4.15005	2.03	20	1	9.4261E-9	0	0	133.46736
3527	-15.5	21.5	26.505	1046.957	4.41463	2.03	20	1	1.0668E-8	0	0	125.45789
3528	-15.5	22.5	27.322	1046.534	3.80611	2.03	20	1.522	7.9309E-9	0	0	95.59886
3529	-15.5	23.5	28.151	1046.074	3.55252	2.03	20	2.351	6.9107E-9	0	0	66.31344
3530	-15.5	24.5	28.991	1045.61	3.3296	2.03	20	3.191	6.0718E-9	0	0	52.14507
3531	-15.5	25.5	29.841	1045.163	3.14913	2.03	20	4.041	5.4324E-9	0	0	43.55721
3532	-15.5	26.5	30.7	1044.763	3.00983	2.03	10.4	4.9	4.9633E-9	1	0	37.66586
3533	-15.5	27.5	31.567	1044.455	2.90855	2.03	10.4	5.767	4.6355E-9	1	0	33.16073
3534	-15.5	28.5	32.442	1044.246	2.84257	2.03	10.4	6.642	4.428E-9	1	0	29.50861
3535	-15.5	29.5	33.324	1044.141	2.82366	2.03	10.4	7.524	4.3695E-9	1	0	26.27362
3536	-14.5	-29.5	32.871	1044.24	2.50841	2.03	10.4	7.071	3.4481E-9	1	0	31.44049
3537	-14.5	-28.5	31.977	1044.354	2.52531	2.03	10.4	6.177	3.4946E-9	1	0	35.68873
3538	-14.5	-27.5	31.089	1044.578	2.58972	2.03	10.4	5.289	3.6748E-9	1	0	40.58346
3539	-14.5	-26.5	30.208	1044.91	2.68906	2.03	20	4.408	3.9615E-9	1	0	46.77882
3540	-14.5	-25.5	29.334	1045.328	2.82685	2.03	20	3.534	4.3771E-9	0	0	55.46687
3541	-14.5	-24.5	28.469	1045.785	3.00856	2.03	20	2.669	4.957E-9	0	0	68.98164
3542	-14.5	-23.5	27.613	1046.269	3.24364	2.03	20	1.813	5.7607E-9	0	0	94.16089
3543	-14.5	-22.5	26.768	1046.763	3.60375	2.03	20	1	7.1093E-9	0	0	153.67896
3544	-14.585	-21.639	26.096	1047.159	4.18559	2.03	20	1	9.5887E-9	0	0	132.33053
3545	-14.585	21.639	26.096	1047.159	4.18559	2.03	20	1	9.5887E-9	0	0	132.33053
3546	-14.5	22.5	26.768	1046.763	3.60375	2.03	20	1	7.1093E-9	0	0	153.67896
3547	-14.5	23.5	27.613	1046.269	3.24364	2.03	20	1.813	5.7607E-9	0	0	94.16089
3548	-14.5	24.5	28.469	1045.785	3.00856	2.03	20	2.669	4.957E-9	0	0	68.98164
3549	-14.5	25.5	29.334	1045.328	2.82685	2.03	20	3.534	4.3771E-9	0	0	55.46687
3550	-14.5	26.5	30.208	1044.91	2.68906	2.03	20	4.408	3.9615E-9	1	0	46.77882
3551	-14.5	27.5	31.089	1044.578	2.58972	2.03	10.4	5.289	3.6748E-9	1	0	40.58346
3552	-14.5	28.5	31.977	1044.354	2.52531	2.03	10.4	6.177	3.4946E-9	1	0	35.68873
3553	-14.5	29.5	32.871	1044.24	2.50841	2.03	10.4	7.071	3.4481E-9	1	0	31.44049
3554	-13.5	-29.5	32.442	1044.363	2.20099	2.03	10.4	6.642	2.6546E-9	1	0	38.11152
3555	-13.5	-28.5	31.536	1044.485	2.21556	2.03	10.4	5.736	2.6897E-9	1	0	43.7714
3556	-13.5	-27.5	30.635	1044.726	2.27739	2.03	20	4.835	2.8416E-9	1	0	50.36799
3557	-13.5	-26.5	29.741	1045.084	2.3731	2.03	20	3.941	3.085E-9	0	0	59.2725
3558	-13.5	-25.5	28.853	1045.51	2.50651	2.03	20	3.053	3.441E-9	0	0	72.39882
3559	-13.5	-24.5	27.973	1045.985	2.68355	2.03	20	2.173	3.9435E-9	0	0	94.97483
3560	-13.5	-23.5	27.102	1046.498	2.94762	2.03	20	1.302	4.7567E-9	0	0	144.34265
3561	-13.55	-22.476	26.245	1047.049	3.31999	2.03	20	1	6.0331E-9	0	0	166.82712
3562	-13.55	22.476	26.245	1047.049	3.31999	2.03	20	1	6.0331E-9	0	0	166.82712
3563	-13.5	23.5	27.102	1046.498	2.94762	2.03	20	1.302	4.7567E-9	0	0	144.34265
3564	-13.5	24.5	27.973	1045.985	2.68355	2.03	20	2.173	3.9435E-9	0	0	94.97483
3565	-13.5	25.5	28.853	1045.51	2.50651	2.03	20	3.053	3.441E-9	0	0	72.39882
3566	-13.5	26.5	29.741	1045.084	2.3731	2.03	20	3.941	3.085E-9	0	0	59.2725
3567	-13.5	27.5	30.635	1044.726	2.27739	2.03	20	4.835	2.8416E-9	1	0	50.36799
3568	-13.5	28.5	31.536	1044.485	2.21556	2.03	10.4	5.736	2.6897E-9	1	0	43.7714
3569	-13.5	29.5	32.442	1044.363	2.20099	2.03	10.4	6.642	2.6546E-9	1	0	38.11152
3570	-12.5	-29.5	32.039	1044.508	1.90546	2.03	10.4	6.239	1.9895E-9	1	0	46.83241
3571	-12.5	-28.5	31.121	1044.639	1.91742	2.03	10.4	5.321	2.0144E-9	1	0	54.48586
3572	-12.5	-27.5	30.208	1044.9	1.9757	2.03	20	4.408	2.1385E-9	1	0	63.66913
3573	-12.5	-26.5	29.3	1045.273	2.0662	2.03	20	3.5	2.3385E-9	0	0	76.6231
3574	-12.5	-25.5	28.399	1045.711	2.1926	2.03	20	2.599	2.6329E-9	0	0	97.20915
3575	-12.5	-24.5	27.505	1046.209	2.35897	2.03	20	1.705	3.047E-9	0	0	137.7351
3576	-12.5	-23.5	26.618	1046.754	2.67492	2.03	20	1	3.9169E-9	0	0	207.04119
3577	-12.607	-22.754	26.013	1047.196	2.75813	2.03	20	1	4.1636E-9	0	0	200.8193
3578	-12.607	22.754	26.013	1047.196	2.75813	2.03	20	1	4.1636E-9	0	0	200.8193
3579	-12.5	23.5	26.618	1046.754	2.67492	2.03	20	1	3.9169E-9	0	0	207.04119
3580	-12.5	24.5	27.505	1046.209	2.35897	2.03	20	1.705	3.047E-9	0	0	137.7351
3581	-12.5	25.5	28.399	1045.711	2.1926	2.03	20	2.599	2.6329E-9	0	0	97.20915
3582	-12.5	26.5	29.3	1045.273	2.0662	2.03	20	3.5	2.3385E-9	0	0	76.6231
3583	-12.5	27.5	30.208	1044.9	1.9757	2.03	20	4.408	2.1385E-9	1	0	63.66913
3584	-12.5	28.5	31.121	1044.639	1.91742	2.03	10.4	5.321	2.0144E-9	1	0	54.48586
3585	-12.5	29.5	32.039	1044.508	1.90546	2.03	10.4	6.239	1.9895E-9	1	0	46.83241
3586	-11.5	-29.5	31.662	1044.671	1.62573	2.03	10.4	5.862	1.4481E-9	1	0	58.37995
3587	-11.5	-28.5	30.733	1044.812	1.63495	2.03	10.4	4.933	1.4645E-9	1	0	68.88706
3588	-11.5	-27.5	29.808	1045.094	1.68881	2.03	20	4.008	1.5624E-9	0	0	81.89723
3589	-11.5	-26.5	28.888	1045.473	1.77294	2.03	20	3.088	1.7216E-9	0	0	101.20713
3590	-11.5	-25.5	27.973	1045.927	1.8916	2.03	20	2.173	1.9594E-9	0	0	134.73577
3591	-11.5	-24.5	27.065	1046.454	2.07226	2.03	20	1.265	2.3511E-9	0	0	211.30556
3592	-11.546	-23.535	26.215	1047.027	2.32329	2.03	20	1	2.9545E-9	0	0	238.39466
3593	-11.546	23.535	26.215	1047.027	2.32329	2.03	20	1	2.9545E-9	0	0	238.39466
3594	-11.5	24.5	27.065	1046.454	2.07226	2.03	20	1.265	2.3511E-9	0	0	211.30556
3595	-11.5	25.5	27.973	1045.927	1.8916	2.03	20	2.173	1.9594E-9	0	0	134.73577
3596	-11.5	26.5	28.888	1045.473	1.77294	2.03	20	3.088	1.7216E-9	0	0	101.20713
3597	-11.5	27.5	29.808	1045.094	1.68881	2.03	20	4.008	1.5624E-9	0	0	81.89723
3598	-11.5	28.5	30.733	1044.812	1.63495	2.03	10.4	4.933	1.4645E-9	1	0	68.88706
3599	-11.5	29.5	31.662	1044.671	1.62573	2.03	10.4	5.862	1.4481E-9	1	0	58.37995
3600	-10.5	-29.5	31.313	1044.85	1.36545	2.03	10.4	5.513	1.0215E-9	1	0	73.87165
3601	-10.5	-28.5	30.373	1045.001	1.37187	2.03	20	4.573	1.031E-9	1	0	88.39684
3602	-10.5	-27.5	29.436	1045.295	1.42048	2.03	20	3.636	1.1053E-9	0	0	107.28949
3603	-10.5	-26.5	28.504	1045.68	1.49685	2.03	20	2.704	1.2271E-9	0	0	136.84661
3604	-10.5	-25.5	27.577	1046.153	1.60572	2.03	20	1.777	1.4118E-9	0	0	194.07956
3605	-10.5	-24.5	26.655	1046.711	1.78681	2.03	20	1	1.7478E-9	0	0	309.94451
3606	-10.585	-23.763	26.014	1047.177	1.90116	2.03	20	1	1.9782E-9	0	0	291.33984
3607	-10.585	23.763	26.014	1047.177	1.90116	2.03	20	1	1.9782E-9	0	0	291.33984
3608	-10.5	24.5	26.655	1046.711	1.78681	2.03	20	1	1.7478E-9	0	0	309.94451
3609	-10.5	25.5	27.577	1046.153	1.60572	2.03	20	1.777	1.4118E-9	0	0	194.07956
3610	-10.5	26.5	28.504	1045.68	1.49685	2.03	20	2.704	1.2271E-9	0	0	136.84661
3611	-10.5	27.5	29.436	1045.295	1.42048	2.03	20	3.636	1.1053E-9	0	0	107.28949
3612	-10.5	28.5	30.373	1045.001	1.37187	2.03	20	4.573	1.031E-9	1	0	88.39684
3613	-10.5	29.5	31.313	1044.85	1.36545	2.03	10.4	5.513	1.0215E-9	1	0	73.87165
3614	-9.5	-29.5	30.992	1045.036	1.12771	2.03	10.4	5.192	6.9668E-10	1	0	94.93008
3615	-9.5	-28.5	30.042	1045.199	1.13144	2.03	20	4.242	7.0124E-10	1	0	115.52322
3616	-9.5	-27.5	29.095	1045.494	1.17411	2.03	20	3.295	7.5504E-10	0	0	143.24305
3617	-9.5	-26.5	28.151	1045.887	1.24135	2.03	20	2.351	8.4386E-10	0	0	189.76729
3618	-9.5	-25.5	27.212	1046.379	1.34626	2.03	20	1.412	9.9232E-10	0	0	291.31046
3619	-9.533	-24.486	26.276	1046.976	1.49289	2.03	20	1	1.2199E-9	0	0	370.99356
3620	-9.533	24.486	26.276	1046.976	1.49289	2.03	20	1	1.2199E-9	0	0	370.99356
3621	-9.5	25.5	27.212	1046.379	1.34626	2.03	20	1.412	9.9232E-10	0	0	291.31046
3622	-9.5	26.5	28.151	1045.887	1.24135	2.03	20	2.351	8.4386E-10	0	0	189.76729
3623	-9.5	27.5	29.095	1045.494	1.17411	2.03	20	3.295	7.5504E-10	0	0	143.24305
3624	-9.5	28.5	30.042	1045.199	1.13144	2.03	20	4.242	7.0124E-10	1	0	115.52322
3625	-9.5	29.5	30.992	1045.036	1.12771	2.03	10.4	5.192	6.9668E-10	1	0	94.93008
3626	-8.5	-29.5	30.7	1045.224	0.91488	2.03	10.4	4.9	4.5849E-10	1	0	123.93197
3627	-8.5	-28.5	29.741	1045.395	0.91617	2.03	20	3.941	4.5976E-10	0	0	153.54228
3628	-8.5	-27.5	28.784	1045.688	0.95254	2.03	20	2.984	4.9692E-10	0	0	194.94364
3629	-8.5	-26.5	27.83	1046.089	1.01028	2.03	20	2.03	5.5889E-10	0	0	270.08799
3630	-8.5	-25.5	26.879	1046.598	1.10778	2.03	20	1.079	6.7183E-10	0	0	463.1645
3631	-8.545	-24.671	26.109	1047.115	1.1653	2.03	20	1	7.4324E-10	0	0	475.30597
3632	-8.545	24.671	26.109	1047.115	1.1653	2.03	20	1	7.4324E-10	0	0	475.30597
3633	-8.5	25.5	26.879	1046.598	1.10778	2.03	20	1.079	6.7183E-10	0	0	463.1645
3634	-8.5	26.5	27.83	1046.089	1.01028	2.03	20	2.03	5.5889E-10	0	0	270.08799
3635	-8.5	27.5	28.784	1045.688	0.95254	2.03	20	2.984	4.9692E-10	0	0	194.94364
3636	-8.5	28.5	29.741	1045.395	0.91617	2.03	20	3.941	4.5976E-10	0	0	153.54228
3637	-8.5	29.5	30.7	1045.224	0.91488	2.03	10.4	4.9	4.5849E-10	1	0	123.93197
3638	-7.5	-29.5	30.438	1045.406	0.72839	2.03	20	4.638	2.906E-10	1	0	164.15641
3639	-7.5	-28.5	29.47	1045.58	0.7277	2.03	20	3.67	2.9003E-10	0	0	207.5156
3640	-7.5	-27.5	28.504	1045.871	0.75759	2.03	20	2.704	3.143E-10	0	0	270.39826
3641	-7.5	-26.5	27.541	1046.277	0.80417	2.03	20	1.741	3.5408E-10	0	0	395.61309
3642	-7.5	-25.5	26.58	1046.798	0.88215	2.03	20	1	4.2599E-10	0	0	627.81157
3643	-7.58	-24.83	25.961	1047.219	0.92991	2.03	20	1	4.7328E-10	0	0	595.6368
3644	-7.58	24.83	25.961	1047.219	0.92991	2.03	20	1	4.7328E-10	0	0	595.6368
3645	-7.5	25.5	26.58	1046.798	0.88215	2.03	20	1	4.2599E-10	0	0	627.81157
3646	-7.5	26.5	27.541	1046.277	0.80417	2.03	20	1.741	3.5408E-10	0	0	395.61309
3647	-7.5	27.5	28.504	1045.871	0.75759	2.03	20	2.704	3.143E-10	0	0	270.39826
3648	-7.5	28.5	29.47	1045.58	0.7277	2.03	20	3.67	2.9003E-10	0	0	207.5156
3649	-7.5	29.5	30.438	1045.406	0.72839	2.03	20	4.638	2.906E-10	1	0	164.15641
3650	-6.5	-29.5	30.208	1045.578	0.5686	2.03	20	4.408	1.7707E-10	1	0	221.26974
3651	-6.5	-28.5	29.232	1045.747	0.56659	2.03	20	3.432	1.7581E-10	0	0	285.01545
3652	-6.5	-27.5	28.258	1046.036	0.59082	2.03	20	2.458	1.9114E-10	0	0	381.4909
3653	-6.5	-26.5	27.286	1046.447	0.63081	2.03	20	1.486	2.1786E-10	0	0	591.01022
3654	-6.521	-25.48	26.301	1046.988	0.68735	2.03	20	1	2.5861E-10	0	0	805.77814
3655	-6.521	25.48	26.301	1046.988	0.68735	2.03	20	1	2.5861E-10	0	0	805.77814
3656	-6.5	26.5	27.286	1046.447	0.63081	2.03	20	1.486	2.1786E-10	0	0	591.01022
3657	-6.5	27.5	28.258	1046.036	0.59082	2.03	20	2.458	1.9114E-10	0	0	381.4909
3658	-6.5	28.5	29.232	1045.747	0.56659	2.03	20	3.432	1.7581E-10	0	0	285.01545
3659	-6.5	29.5	30.208	1045.578	0.5686	2.03	20	4.408	1.7707E-10	1	0	221.26974
3660	-5.5	-29.5	30.008	1045.728	0.43472	2.03	20	4.208	1.035E-10	1	0	303.08446
3661	-5.5	-28.5	29.026	1045.891	0.43206	2.03	20	3.226	1.0223E-10	0	0	397.5902
3662	-5.5	-27.5	28.045	1046.18	0.45173	2.03	20	2.245	1.1173E-10	0	0	546.31028
3663	-5.5	-26.5	27.065	1046.594	0.48486	2.03	20	1.265	1.287E-10	0	0	903.13204
3664	-5.523	-25.6	26.189	1047.082	0.50953	2.03	20	1	1.421E-10	0	0	1087.01396
3665	-5.523	25.6	26.189	1047.082	0.50953	2.03	20	1	1.421E-10	0	0	1087.01396
3666	-5.5	26.5	27.065	1046.594	0.48486	2.03	20	1.265	1.287E-10	0	0	903.13204
3667	-5.5	27.5	28.045	1046.18	0.45173	2.03	20	2.245	1.1173E-10	0	0	546.31028
3668	-5.5	28.5	29.026	1045.891	0.43206	2.03	20	3.226	1.0223E-10	0	0	397.5902
3669	-5.5	29.5	30.008	1045.728	0.43472	2.03	20	4.208	1.035E-10	1	0	303.08446
3670	-4.5	-29.5	29.841	1045.852	0.32496	2.03	20	4.041	5.7828E-11	0	0	422.18872
3671	-4.5	-28.5	28.853	1046.008	0.3223	2.03	20	3.053	5.6881E-11	0	0	563.12473
3672	-4.5	-27.5	27.866	1046.296	0.33806	2.03	20	2.066	6.2576E-11	0	0	793.15953
3673	-4.5	-26.5	26.879	1046.714	0.36295	2.03	20	1.079	7.2116E-11	0	0	1413.68021
3674	-4.525	-25.699	26.095	1047.151	0.37722	2.03	20	1	7.7883E-11	0	0	1468.30563
3675	-4.525	25.699	26.095	1047.151	0.37722	2.03	20	1	7.7883E-11	0	0	1468.30563
3676	-4.5	26.5	26.879	1046.714	0.36295	2.03	20	1.079	7.2116E-11	0	0	1413.68021
3677	-4.5	27.5	27.866	1046.296	0.33806	2.03	20	2.066	6.2576E-11	0	0	793.15953
3678	-4.5	28.5	28.853	1046.008	0.3223	2.03	20	3.053	5.6881E-11	0	0	563.12473
3679	-4.5	29.5	29.841	1045.852	0.32496	2.03	20	4.041	5.7828E-11	0	0	422.18872
3680	-3.5	-29.5	29.707	1045.942	0.23678	2.03	20	3.907	3.0702E-11	0	0	599.29296
3681	-3.5	-28.5	28.714	1046.095	0.23495	2.03	20	2.914	3.0228E-11	0	0	809.2644
3682	-3.5	-27.5	27.722	1046.384	0.24852	2.03	20	1.922	3.3816E-11	0	0	1159.70351
3683	-3.5	-26.5	26.73	1046.805	0.26764	2.03	20	1	3.9211E-11	0	0	2069.30574
3684	-3.526	-25.778	26.018	1047.201	0.27802	2.03	20	1	4.2304E-11	0	0	1992.28105
3685	-3.526	25.778	26.018	1047.201	0.27802	2.03	20	1	4.2304E-11	0	0	1992.28105
3686	-3.5	26.5	26.73	1046.805	0.26764	2.03	20	1	3.9211E-11	0	0	2069.30574
3687	-3.5	27.5	27.722	1046.384	0.24852	2.03	20	1.922	3.3816E-11	0	0	1159.70351
3688	-3.5	28.5	28.714	1046.095	0.23495	2.03	20	2.914	3.0228E-11	0	0	809.2644
3689	-3.5	29.5	29.707	1045.942	0.23678	2.03	20	3.907	3.0702E-11	0	0	599.29296
3690	-2.5	-29.5	29.606	1045.993	0.16707	2.03	20	3.806	1.5284E-11	0	0	871.88766
3691	-2.5	-28.5	28.609	1046.145	0.16704	2.03	20	2.809	1.5278E-11	0	0	1180.65124
3692	-2.5	-27.5	27.613	1046.439	0.18056	2.03	20	1.813	1.7849E-11	0	0	1691.65387
3693	-2.5	-26.5	26.618	1046.868	0.19643	2.03	20	1	2.112E-11	0	0	2819.54662
3694	-2.525	-25.837	25.96	1047.237	0.20469	2.03	20	1	2.2931E-11	0	0	2705.99024
3695	-2.525	25.837	25.96	1047.237	0.20469	2.03	20	1	2.2931E-11	0	0	2705.99024
3696	-2.5	26.5	26.618	1046.868	0.19643	2.03	20	1	2.112E-11	0	0	2819.54662
3697	-2.5	27.5	27.613	1046.439	0.18056	2.03	20	1.813	1.7849E-11	0	0	1691.65387
3698	-2.5	28.5	28.609	1046.145	0.16704	2.03	20	2.809	1.5278E-11	0	0	1180.65124
3699	-2.5	29.5	29.606	1045.993	0.16707	2.03	20	3.806	1.5284E-11	0	0	871.88766
3700	-1.5	-29.5	29.538	1045.999	0.11244	2.03	20	3.738	6.9235E-12	0	0	1318.83788
3701	-1.5	-28.5	28.539	1046.155	0.1154	2.03	20	2.739	7.2925E-12	0	0	1752.50931
3702	-1.5	-27.5	27.541	1046.46	0.13132	2.03	20	1.741	9.4408E-12	0	0	2422.8405
3703	-1.5	-26.5	26.542	1046.904	0.14598	2.03	20	1	1.1664E-11	0	0	3794.06515
3704	-1.52	-25.877	25.921	1047.26	0.15264	2.03	20	1	1.2751E-11	0	0	3628.79598
3705	-1.52	25.877	25.921	1047.26	0.15264	2.03	20	1	1.2751E-11	0	0	3628.79598
3706	-1.5	26.5	26.542	1046.904	0.14598	2.03	20	1	1.1664E-11	0	0	3794.06515
3707	-1.5	27.5	27.541	1046.46	0.13132	2.03	20	1.741	9.4408E-12	0	0	2422.8405
3708	-1.5	28.5	28.539	1046.155	0.1154	2.03	20	2.739	7.2925E-12	0	0	1752.50931
3709	-1.5	29.5	29.538	1045.999	0.11244	2.03	20	3.738	6.9235E-12	0	0	1318.83788
3710	-0.5	-29.5	29.504	1045.953	0.07	2.03	20	3.704	2.6833E-12	0	0	2137.77119
3711	-0.5	-28.5	28.504	1046.117	0.07776	2.03	20	2.704	3.3109E-12	0	0	2634.58572
3712	-0.5	-27.5	27.505	1046.441	0.09874	2.03	20	1.705	5.3377E-12	0	0	3290.84304
3713	-0.5	-26.5	26.505	1046.914	0.11328	2.03	20	1	7.0242E-12	0	0	4889.16413
3714	-0.508	-25.897	25.902	1047.27	0.11746	2.03	20	1	7.5509E-12	0	0	4715.65421
3715	-0.508	25.897	25.902	1047.27	0.11746	2.03	20	1	7.5509E-12	0	0	4715.65421
3716	-0.5	26.5	26.505	1046.914	0.11328	2.03	20	1	7.0242E-12	0	0	4889.16413
3717	-0.5	27.5	27.505	1046.441	0.09874	2.03	20	1.705	5.3377E-12	0	0	3290.84304
3718	-0.5	28.5	28.504	1046.117	0.07776	2.03	20	2.704	3.3109E-12	0	0	2634.58572
3719	-0.5	29.5	29.504	1045.953	0.07	2.03	20	3.704	2.6833E-12	0	0	2137.77119
3720	0.499	-29.497	29.501	1045.748	0.09349	0.73	20	3.701	1.7212E-12	0	0	1605.25628
3721	0.5	-28.5	28.504	1045.93	0.09113	0.73	20	2.704	1.6354E-12	0	0	2250.51394
3722	0.5	-27.5	27.505	1046.314	0.09617	0.73	20	1.705	1.8208E-12	0	0	3380.31984
3723	0.5	-26.5	26.505	1046.9	0.09615	0.8264	20	1	2.0602E-12	0	0	5760.65278
3724	0.508	-25.897	25.902	1047.285	0.05433	1.594	20	1	1.2686E-12	0	0	10194.90374
3725	0.508	25.897	25.902	1047.285	0.05433	1.594	20	1	1.2686E-12	0	0	10194.90374
3726	0.5	26.5	26.505	1046.9	0.09615	0.8264	20	1	2.0602E-12	0	0	5760.65278
3727	0.5	27.5	27.505	1046.314	0.09617	0.73	20	1.705	1.8208E-12	0	0	3380.31984
3728	0.5	28.5	28.504	1045.93	0.09113	0.73	20	2.704	1.6354E-12	0	0	2250.51394
3729	0.499	29.497	29.501	1045.748	0.09349	0.73	20	3.701	1.7212E-12	0	0	1605.25628
3730	1.496	-29.481	29.519	1045.538	0.06516	0.73	20	3.719	8.3626E-13	0	0	2292.44316
3731	1.5	-28.5	28.539	1045.733	0.06275	0.73	20	2.739	7.7559E-13	0	0	3226.24752
3732	1.5	-27.5	27.541	1046.167	0.06435	0.73	20	1.741	8.1537E-13	0	0	4946.12448
3733	1.5	-26.5	26.542	1046.835	0.06116	0.808	20	1	8.1495E-13	0	0	9057.00439
3734	1.52	-25.877	25.921	1047.27	0.03397	1.5338	20	1	4.771E-13	0	0	16307.45598
3735	1.52	25.877	25.921	1047.27	0.03397	1.5338	20	1	4.771E-13	0	0	16307.45598
3736	1.5	26.5	26.542	1046.835	0.06116	0.808	20	1	8.1495E-13	0	0	9057.00439
3737	1.5	27.5	27.541	1046.167	0.06435	0.73	20	1.741	8.1537E-13	0	0	4946.12448
3738	1.5	28.5	28.539	1045.733	0.06275	0.73	20	2.739	7.7559E-13	0	0	3226.24752
3739	1.496	29.481	29.519	1045.538	0.06516	0.73	20	3.719	8.3626E-13	0	0	2292.44316
3740	2.492	-29.447	29.553	1045.39	0.04515	0.73	20	3.753	4.015E-13	0	0	3278.53177
3741	2.5	-28.5	28.609	1045.58	0.04277	0.73	20	2.809	3.6027E-13	0	0	4616.1432
3742	2.5	-27.5	27.613	1046.034	0.04277	0.73	20	1.813	3.6022E-13	0	0	7144.20714
3743	2.5	-26.5	26.618	1046.742	0.04061	0.7793	20	1	3.4662E-13	0	0	13638.30812
3744	2.525	-25.837	25.96	1047.239	0.02289	1.4318	20	1	2.0232E-13	0	0	24195.32406
3745	2.525	25.837	25.96	1047.239	0.02289	1.4318	20	1	2.0232E-13	0	0	24195.32406
3746	2.5	26.5	26.618	1046.742	0.04061	0.7793	20	1	3.4662E-13	0	0	13638.30812
3747	2.5	27.5	27.613	1046.034	0.04277	0.73	20	1.813	3.6022E-13	0	0	7144.20714
3748	2.5	28.5	28.609	1045.58	0.04277	0.73	20	2.809	3.6027E-13	0	0	4616.1432
3749	2.492	29.447	29.553	1045.39	0.04515	0.73	20	3.753	4.015E-13	0	0	3278.53177
3750	3.488	-29.398	29.604	1045.286	0.03116	0.73	20	3.804	1.9122E-13	0	0	4687.36059
3751	3.5	-28.5	28.714	1045.453	0.02908	0.73	20	2.914	1.6662E-13	0	0	6544.95625
3752	3.5	-27.5	27.722	1045.902	0.02852	0.73	20	1.922	1.6023E-13	0	0	10108.63622
3753	3.5	-26.5	26.73	1046.62	0.02735	0.7517	20	1	1.5162E-13	0	0	20252.89707
3754	3.526	-25.778	26.018	1047.19	0.01602	1.3105	20	1	9.0725E-14	0	0	34568.21555
3755	3.526	25.778	26.018	1047.19	0.01602	1.3105	20	1	9.0725E-14	0	0	34568.21555
3756	3.5	26.5	26.73	1046.62	0.02735	0.7517	20	1	1.5162E-13	0	0	20252.89707
3757	3.5	27.5	27.722	1045.902	0.02852	0.73	20	1.922	1.6023E-13	0	0	10108.63622
3758	3.5	28.5	28.714	1045.453	0.02908	0.73	20	2.914	1.6662E-13	0	0	6544.95625
3759	3.488	29.398	29.604	1045.286	0.03116	0.73	20	3.804	1.9122E-13	0	0	4687.36059
3760	4.481	-29.331	29.671	1045.212	0.0215	0.73	20	3.871	9.1087E-14	0	0	6673.78068
3761	4.5	-28.5	28.853	1045.344	0.0198	0.73	20	3.053	7.7224E-14	0	0	9177.9354
3762	4.5	-27.5	27.866	1045.768	0.01914	0.73	20	2.066	7.2167E-14	0	0	14014.76522
3763	4.5	-26.5	26.879	1046.47	0.01836	0.7347	20	1.079	6.6825E-14	0	0	27943.8701
3764	4.525	-25.699	26.095	1047.117	0.01143	1.1891	20	1	4.1906E-14	0	0	48450.6054
3765	4.525	25.699	26.095	1047.117	0.01143	1.1891	20	1	4.1906E-14	0	0	48450.6054
3766	4.5	26.5	26.879	1046.47	0.01836	0.7347	20	1.079	6.6825E-14	0	0	27943.8701
3767	4.5	27.5	27.866	1045.768	0.01914	0.73	20	2.066	7.2167E-14	0	0	14014.76522
3768	4.5	28.5	28.853	1045.344	0.0198	0.73	20	3.053	7.7224E-14	0	0	9177.9354
3769	4.481	29.331	29.671	1045.212	0.0215	0.73	20	3.871	9.1087E-14	0	0	6673.78068
3770	5.468	-29.248	29.755	1045.16	0.01498	0.73	20	3.955	4.4202E-14	0	0	9379.55706
3771	5.5	-28.5	29.026	1045.25	0.01348	0.73	20	3.226	3.5808E-14	0	0	12759.57716
3772	5.5	-27.5	28.045	1045.634	0.01291	0.73	20	2.245	3.285E-14	0	0	19120.72312
3773	5.5	-26.5	27.065	1046.297	0.01224	0.7301	20	1.265	2.9494E-14	0	0	35787.87338
3774	5.523	-25.6	26.189	1047.018	0.00819	1.0835	20	1	1.9599E-14	0	0	67626.82206
3775	5.523	25.6	26.189	1047.018	0.00819	1.0835	20	1	1.9599E-14	0	0	67626.82206
3776	5.5	26.5	27.065	1046.297	0.01224	0.7301	20	1.265	2.9494E-14	0	0	35787.87338
3777	5.5	27.5	28.045	1045.634	0.01291	0.73	20	2.245	3.285E-14	0	0	19120.72312
3778	5.5	28.5	29.026	1045.25	0.01348	0.73	20	3.226	3.5808E-14	0	0	12759.57716
3779	5.468	29.248	29.755	1045.16	0.01498	0.73	20	3.955	4.4202E-14	0	0	9379.55706
3780	6.435	-29.15	29.852	1045.125	0.01099	0.73	20	4.052	2.3804E-14	0	0	12477.06096
3781	6.5	-28.5	29.232	1045.171	0.00908	0.73	20	3.432	1.6259E-14	0	0	17805.2635
3782	6.5	-27.5	28.258	1045.502	0.00873	0.73	20	2.458	1.4995E-14	0	0	25852.54313
3783	6.5	-26.5	27.286	1046.108	0.00815	0.73	20	1.486	1.3071E-14	0	0	45770.4336
3784	6.521	-25.48	26.301	1046.9	0.0058	1.0044	20	1	9.1135E-15	0	0	95484.8609
3785	6.521	25.48	26.301	1046.9	0.0058	1.0044	20	1	9.1135E-15	0	0	95484.8609
3786	6.5	26.5	27.286	1046.108	0.00815	0.73	20	1.486	1.3071E-14	0	0	45770.4336
3787	6.5	27.5	28.258	1045.502	0.00873	0.73	20	2.458	1.4995E-14	0	0	25852.54313
3788	6.5	28.5	29.232	1045.171	0.00908	0.73	20	3.432	1.6259E-14	0	0	17805.2635
3789	6.435	29.15	29.852	1045.125	0.01099	0.73	20	4.052	2.3804E-14	0	0	12477.06096
3790	7.229	-29.058	29.943	1045.102	0.00346	0.73	20	4.143	2.358E-15	0	0	38774.77709
3791	7.495	-28.493	29.463	1045.112	0.00602	0.73	20	3.663	7.1471E-15	0	0	25172.86713
3792	7.5	-27.5	28.504	1045.372	0.00591	0.73	20	2.704	6.8895E-15	0	0	34672.46353
3793	7.5	-26.5	27.541	1045.906	0.00544	0.73	20	1.741	5.8384E-15	0	0	58450.6928
3794	7.5	-25.5	26.58	1046.688	0.00481	0.7929	20	1	4.9493E-15	0	0	115130.39875
3795	7.58	-24.83	25.961	1047.224	0.00279	1.4388	20	1	3.0185E-15	0	0	198566.46719
3796	7.58	24.83	25.961	1047.224	0.00279	1.4388	20	1	3.0185E-15	0	0	198566.46719
3797	7.5	25.5	26.58	1046.688	0.00481	0.7929	20	1	4.9493E-15	0	0	115130.39875
3798	7.5	26.5	27.541	1045.906	0.00544	0.73	20	1.741	5.8384E-15	0	0	58450.6928
3799	7.5	27.5	28.504	1045.372	0.00591	0.73	20	2.704	6.8895E-15	0	0	34672.46353
3800	7.495	28.493	29.463	1045.112	0.00602	0.73	20	3.663	7.1471E-15	0	0	25172.86713
3801	7.229	29.058	29.943	1045.102	0.00346	0.73	20	4.143	2.358E-15	0	0	38774.77709
3802	8.468	-28.389	29.625	1045.076	0.0048	0.73	20	3.825	4.5457E-15	0	0	30231.0127
3803	8.5	-27.5	28.784	1045.248	0.00404	0.73	20	2.984	3.2229E-15	0	0	45966.33033
3804	8.5	-26.5	27.83	1045.701	0.0037	0.73	20	2.03	2.6958E-15	0	0	73792.07332
3805	8.5	-25.5	26.879	1046.421	0.00341	0.7354	20	1.079	2.3105E-15	0	0	150353.93056
3806	8.545	-24.671	26.109	1047.097	0.00207	1.1741	20	1	1.3554E-15	0	0	267691.61304
3807	8.545	24.671	26.109	1047.097	0.00207	1.1741	20	1	1.3554E-15	0	0	267691.61304
3808	8.5	25.5	26.879	1046.421	0.00341	0.7354	20	1.079	2.3105E-15	0	0	150353.93056
3809	8.5	26.5	27.83	1045.701	0.0037	0.73	20	2.03	2.6958E-15	0	0	73792.07332
3810	8.5	27.5	28.784	1045.248	0.00404	0.73	20	2.984	3.2229E-15	0	0	45966.33033
3811	8.468	28.389	29.625	1045.076	0.0048	0.73	20	3.825	4.5457E-15	0	0	30231.0127
3812	9.439	-28.237	29.773	1045.056	0.00344	0.73	20	3.973	2.3342E-15	0	0	40627.85415
3813	9.5	-27.5	29.095	1045.142	0.00277	0.73	20	3.295	1.5151E-15	0	0	60741.2644
3814	9.5	-26.5	28.151	1045.508	0.00254	0.73	20	2.351	1.269E-15	0	0	92877.73865
3815	9.5	-25.5	27.212	1046.135	0.0023	0.73	20	1.412	1.0397E-15	0	0	170714.95093
3816	9.533	-24.486	26.276	1046.921	0.00155	1.0209	20	1	6.5874E-16	0	0	358057.28548
3817	9.533	24.486	26.276	1046.921	0.00155	1.0209	20	1	6.5874E-16	0	0	358057.28548
3818	9.5	25.5	27.212	1046.135	0.0023	0.73	20	1.412	1.0397E-15	0	0	170714.95093
3819	9.5	26.5	28.151	1045.508	0.00254	0.73	20	2.351	1.269E-15	0	0	92877.73865
3820	9.5	27.5	29.095	1045.142	0.00277	0.73	20	3.295	1.5151E-15	0	0	60741.2644
3821	9.439	28.237	29.773	1045.056	0.00344	0.73	20	3.973	2.3342E-15	0	0	40627.85415
3822	10.259	-28.095	29.91	1045.046	0.00283	0.73	20	4.11	1.5823E-15	0	0	47720.32792
3823	10.496	-27.495	29.43	1045.069	0.00187	0.73	20	3.63	6.9154E-16	0	0	81642.04769
3824	10.5	-26.5	28.504	1045.331	0.00174	0.73	20	2.704	5.957E-16	0	0	117913.23913
3825	10.5	-25.5	27.577	1045.849	0.00154	0.73	20	1.777	4.6767E-16	0	0	202309.61306
3826	10.5	-24.5	26.655	1046.604	0.00134	0.7693	20	1	3.742E-16	0	0	412416.71308
3827	10.585	-23.763	26.014	1047.178	0.00078	1.3295	20	1	2.1893E-16	0	0	708774.35484
3828	10.585	23.763	26.014	1047.178	0.00078	1.3295	20	1	2.1893E-16	0	0	708774.35484
3829	10.5	24.5	26.655	1046.604	0.00134	0.7693	20	1	3.742E-16	0	0	412416.71308
3830	10.5	25.5	27.577	1045.849	0.00154	0.73	20	1.777	4.6767E-16	0	0	202309.61306
3831	10.5	26.5	28.504	1045.331	0.00174	0.73	20	2.704	5.957E-16	0	0	117913.23913
3832	10.496	27.495	29.43	1045.069	0.00187	0.73	20	3.63	6.9154E-16	0	0	81642.04769
3833	10.259	28.095	29.91	1045.046	0.00283	0.73	20	4.11	1.5823E-15	0	0	47720.32792
3834	11.451	-27.363	29.663	1045.033	0.0015	0.73	20	3.863	4.4359E-16	0	0	95840.37764
3835	11.5	-26.5	28.888	1045.179	0.0012	0.73	20	3.088	2.8556E-16	0	0	149241.60814
3836	11.5	-25.5	27.973	1045.587	0.00106	0.73	20	2.173	2.2315E-16	0	0	239594.91334
3837	11.5	-24.5	27.065	1046.24	0.00095	0.7304	20	1.265	1.7719E-16	0	0	461813.2781
3838	11.546	-23.535	26.215	1046.982	0.0006	1.0673	20	1	1.0468E-16	0	0	918400.88141
3839	11.546	23.535	26.215	1046.982	0.0006	1.0673	20	1	1.0468E-16	0	0	918400.88141
3840	11.5	24.5	27.065	1046.24	0.00095	0.7304	20	1.265	1.7719E-16	0	0	461813.2781
3841	11.5	25.5	27.973	1045.587	0.00106	0.73	20	2.173	2.2315E-16	0	0	239594.91334
3842	11.5	26.5	28.888	1045.179	0.0012	0.73	20	3.088	2.8556E-16	0	0	149241.60814
3843	11.451	27.363	29.663	1045.033	0.0015	0.73	20	3.863	4.4359E-16	0	0	95840.37764
3844	12.358	-27.167	29.846	1045.021	0.00115	0.73	20	4.046	2.5838E-16	0	0	119926.1758
3845	12.5	-26.5	29.3	1045.068	0.00083	0.73	20	3.5	1.3619E-16	0	0	190766.45471
3846	12.5	-25.5	28.399	1045.359	0.00074	0.73	20	2.599	1.0761E-16	0	0	288648.38012
3847	12.5	-24.5	27.505	1045.885	0.00064	0.73	20	1.705	8.0254E-17	0	0	509151.43516
3848	12.5	-23.5	26.618	1046.621	0.00054	0.7806	20	1	6.1967E-17	0	0	1020876.83529
3849	12.607	-22.754	26.013	1047.186	0.0003	1.3373	20	1	3.2832E-17	0	0	1835584.69484
3850	12.607	22.754	26.013	1047.186	0.0003	1.3373	20	1	3.2832E-17	0	0	1835584.69484
3851	12.5	23.5	26.618	1046.621	0.00054	0.7806	20	1	6.1967E-17	0	0	1020876.83529
3852	12.5	24.5	27.505	1045.885	0.00064	0.73	20	1.705	8.0254E-17	0	0	509151.43516
3853	12.5	25.5	28.399	1045.359	0.00074	0.73	20	2.599	1.0761E-16	0	0	288648.38012
3854	12.5	26.5	29.3	1045.068	0.00083	0.73	20	3.5	1.3619E-16	0	0	190766.45471
3855	12.358	27.167	29.846	1045.021	0.00115	0.73	20	4.046	2.5838E-16	0	0	119926.1758
3856	13.026	-27.012	29.989	1045.015	0.00063	0.73	20	4.189	7.8121E-17	0	0	210738.08832
3857	13.448	-26.407	29.634	1045.016	0.00064	0.73	20	3.834	8.1696E-17	0	0	225012.74431
3858	13.5	-25.5	28.853	1045.175	0.00051	0.73	20	3.053	5.2235E-17	0	0	352888.53462
3859	13.5	-24.5	27.973	1045.573	0.00045	0.73	20	2.173	3.9037E-17	0	0	572846.16304
3860	13.5	-23.5	27.102	1046.198	0.00039	0.7303	20	1.302	2.9711E-17	0	0	1095688.45786
3861	13.55	-22.476	26.245	1046.955	0.00024	1.0461	20	1	1.6274E-17	0	0	2306010.74093
3862	13.55	22.476	26.245	1046.955	0.00024	1.0461	20	1	1.6274E-17	0	0	2306010.74093
3863	13.5	23.5	27.102	1046.198	0.00039	0.7303	20	1.302	2.9711E-17	0	0	1095688.45786
3864	13.5	24.5	27.973	1045.573	0.00045	0.73	20	2.173	3.9037E-17	0	0	572846.16304
3865	13.5	25.5	28.853	1045.175	0.00051	0.73	20	3.053	5.2235E-17	0	0	352888.53462
3866	13.448	26.407	29.634	1045.016	0.00064	0.73	20	3.834	8.1696E-17	0	0	225012.74431
3867	13.026	27.012	29.989	1045.015	0.00063	0.73	20	4.189	7.8121E-17	0	0	210738.08832
3868	14.325	-26.179	29.842	1045	0.0005	0.73	20	4.042	5.0117E-17	0	0	272603.88425
3869	14.5	-25.5	29.334	1045.046	0.00036	0.73	20	3.534	2.5959E-17	0	0	432784.34636
3870	14.5	-24.5	28.469	1045.314	0.00031	0.73	20	2.669	1.9382E-17	0	0	662266.43744
3871	14.5	-23.5	27.613	1045.797	0.00026	0.73	20	1.813	1.3824E-17	0	0	1153233.06103
3872	14.5	-22.5	26.768	1046.484	0.00022	0.7479	20	1	1.0055E-17	0	0	2480720.78153
3873	14.585	-21.639	26.096	1047.082	0.00013	1.2024	20	1	5.7272E-18	0	0	4167408.58415
3874	14.585	21.639	26.096	1047.082	0.00013	1.2024	20	1	5.7272E-18	0	0	4167408.58415
3875	14.5	22.5	26.768	1046.484	0.00022	0.7479	20	1	1.0055E-17	0	0	2480720.78153
3876	14.5	23.5	27.613	1045.797	0.00026	0.73	20	1.813	1.3824E-17	0	0	1153233.06103
3877	14.5	24.5	28.469	1045.314	0.00031	0.73	20	2.669	1.9382E-17	0	0	662266.43744
3878	14.5	25.5	29.334	1045.046	0.00036	0.73	20	3.534	2.5959E-17	0	0	432784.34636
3879	14.325	26.179	29.842	1045	0.0005	0.73	20	4.042	5.0117E-17	0	0	272603.88425
3880	15.426	-25.364	29.687	1044.995	0.00029	0.73	20	3.887	1.6206E-17	0	0	498367.03925
3881	15.5	-24.5	28.991	1045.12	0.00022	0.73	20	3.191	9.7092E-18	0	0	783202.35509
3882	15.5	-23.5	28.151	1045.46	0.00019	0.73	20	2.351	6.8425E-18	0	0	1264822.35759
3883	15.5	-22.5	27.322	1046	0.00015	0.73	20	1.522	4.7247E-18	0	0	2349559.1124
3884	15.5	-21.5	26.505	1046.686	0.00012	0.8286	20	1	3.3757E-18	0	0	4506432.48424
3885	15.666	-20.749	25.998	1047.213	0.00006	1.3745	20	1	1.4816E-18	0	0	8760389.84811
3886	15.666	20.749	25.998	1047.213	0.00006	1.3745	20	1	1.4816E-18	0	0	8760389.84811
3887	15.5	21.5	26.505	1046.686	0.00012	0.8286	20	1	3.3757E-18	0	0	4506432.48424
3888	15.5	22.5	27.322	1046	0.00015	0.73	20	1.522	4.7247E-18	0	0	2349559.1124
3889	15.5	23.5	28.151	1045.46	0.00019	0.73	20	2.351	6.8425E-18	0	0	1264822.35759
3890	15.5	24.5	28.991	1045.12	0.00022	0.73	20	3.191	9.7092E-18	0	0	783202.35509
3891	15.426	25.364	29.687	1044.995	0.00029	0.73	20	3.887	1.6206E-17	0	0	498367.03925
3892	16.195	-25.126	29.893	1044.98	0.00019	0.73	20	4.093	7.191E-18	0	0	710664.18583
3893	16.478	-24.475	29.505	1045.009	0.00016	0.73	20	3.705	5.1369E-18	0	0	928349.42688
3894	16.5	-23.5	28.714	1045.204	0.00013	0.73	20	2.914	3.4864E-18	0	0	1430784.1687
3895	16.5	-22.5	27.902	1045.598	0.00011	0.73	20	2.102	2.3918E-18	0	0	2392912.95321
3896	16.5	-21.5	27.102	1046.184	0.00009	0.7303	20	1.302	1.69E-18	0	0	4594380.43117
3897	16.559	-20.391	26.268	1046.942	0.00005	1.0339	20	1	7.942E-19	0	0	10377635.74513
3898	16.559	20.391	26.268	1046.942	0.00005	1.0339	20	1	7.942E-19	0	0	10377635.74513
3899	16.5	21.5	27.102	1046.184	0.00009	0.7303	20	1.302	1.69E-18	0	0	4594380.43117
3900	16.5	22.5	27.902	1045.598	0.00011	0.73	20	2.102	2.3918E-18	0	0	2392912.95321
3901	16.5	23.5	28.714	1045.204	0.00013	0.73	20	2.914	3.4864E-18	0	0	1430784.1687
3902	16.478	24.475	29.505	1045.009	0.00016	0.73	20	3.705	5.1369E-18	0	0	928349.42688
3903	16.195	25.126	29.893	1044.98	0.00019	0.73	20	4.093	7.191E-18	0	0	710664.18583
3904	17.336	-24.241	29.802	1044.977	0.00013	0.73	20	4.002	3.3094E-18	0	0	1071278.76839
3905	17.5	-23.5	29.3	1045.034	0.0001	0.73	20	3.5	1.8879E-18	0	0	1620249.76479
3906	17.5	-22.5	28.504	1045.284	0.00008	0.73	20	2.704	1.2673E-18	0	0	2556480.10739
3907	17.5	-21.5	27.722	1045.715	0.00007	0.73	20	1.922	8.5169E-19	0	0	4384421.73407
3908	17.5	-20.5	26.954	1046.331	0.00005	0.7333	20	1.154	5.6023E-19	0	0	9020716.73967
3909	17.574	-19.443	26.208	1046.949	0.00003	1.0822	20	1	2.6938E-19	0	0	18230064.83718
3910	17.574	19.443	26.208	1046.949	0.00003	1.0822	20	1	2.6938E-19	0	0	18230064.83718
3911	17.5	20.5	26.954	1046.331	0.00005	0.7333	20	1.154	5.6023E-19	0	0	9020716.73967
3912	17.5	21.5	27.722	1045.715	0.00007	0.73	20	1.922	8.5169E-19	0	0	4384421.73407
3913	17.5	22.5	28.504	1045.284	0.00008	0.73	20	2.704	1.2673E-18	0	0	2556480.10739
3914	17.5	23.5	29.3	1045.034	0.0001	0.73	20	3.5	1.8879E-18	0	0	1620249.76479
3915	17.336	24.241	29.802	1044.977	0.00013	0.73	20	4.002	3.3094E-18	0	0	1071278.76839
3916	18.394	-23.349	29.723	1044.974	0.00008	0.73	20	3.923	1.111E-18	0	0	1885710.51145
3917	18.5	-22.5	29.129	1045.066	0.00006	0.73	20	3.329	6.7354E-19	0	0	2851277.11065
3918	18.5	-21.5	28.364	1045.34	0.00005	0.73	20	2.564	4.3679E-19	0	0	4592639.05353
3919	18.5	-20.5	27.613	1045.77	0.00004	0.73	20	1.813	2.7489E-19	0	0	8178147.93893
3920	18.5	-19.5	26.879	1046.324	0.00003	0.7372	20	1.079	1.6119E-19	0	0	18021675.46764
3921	18.545	-18.545	26.227	1046.793	0.00002	1.036	20	1	1.0425E-19	0	0	28671919.7921
3922	18.545	18.545	26.227	1046.793	0.00002	1.036	20	1	1.0425E-19	0	0	28671919.7921
3923	18.5	19.5	26.879	1046.324	0.00003	0.7372	20	1.079	1.6119E-19	0	0	18021675.46764
3924	18.5	20.5	27.613	1045.77	0.00004	0.73	20	1.813	2.7489E-19	0	0	8178147.93893
3925	18.5	21.5	28.364	1045.34	0.00005	0.73	20	2.564	4.3679E-19	0	0	4592639.05353
3926	18.5	22.5	29.129	1045.066	0.00006	0.73	20	3.329	6.7354E-19	0	0	2851277.11065
3927	18.394	23.349	29.723	1044.974	0.00008	0.73	20	3.923	1.111E-18	0	0	1885710.51145
3928	19.087	-23.072	29.944	1044.96	0.00006	0.73	20	4.144	6.1262E-19	0	0	2405199.98338
3929	19.422	-22.412	29.657	1044.971	0.00004	0.73	20	3.857	3.7625E-19	0	0	3295808.85025
3930	19.5	-21.5	29.026	1045.086	0.00003	0.73	20	3.226	2.3573E-19	0	0	4972937.22108
3931	19.5	-20.5	28.293	1045.36	0.00003	0.73	20	2.493	1.4623E-19	0	0	8161530.72824
3932	19.5	-19.5	27.577	1045.773	0.00002	0.73	20	1.777	8.8995E-20	0	0	14665703.23857
3933	19.5	-18.5	26.879	1046.324	0.00002	0.7372	20	1.079	5.6674E-20	0	0	30393164.76457
3934	19.443	-17.574	26.208	1046.949	0.00001	1.0822	20	1	3.6211E-20	0	0	49722543.12151
3935	19.443	17.574	26.208	1046.949	0.00001	1.0822	20	1	3.6211E-20	0	0	49722543.12151
3936	19.5	18.5	26.879	1046.324	0.00002	0.7372	20	1.079	5.6674E-20	0	0	30393164.76457
3937	19.5	19.5	27.577	1045.773	0.00002	0.73	20	1.777	8.8995E-20	0	0	14665703.23857
3938	19.5	20.5	28.293	1045.36	0.00003	0.73	20	2.493	1.4623E-19	0	0	8161530.72824
3939	19.5	21.5	29.026	1045.086	0.00003	0.73	20	3.226	2.3573E-19	0	0	4972937.22108
3940	19.422	22.412	29.657	1044.971	0.00004	0.73	20	3.857	3.7625E-19	0	0	3295808.85025
3941	19.087	23.072	29.944	1044.96	0.00006	0.73	20	4.144	6.1262E-19	0	0	2405199.98338
3942	20.132	-22.121	29.91	1044.95	0.00003	0.73	20	4.11	2.232E-19	0	0	4017139.10525
3943	20.438	-21.436	29.617	1044.969	0.00003	0.73	20	3.817	1.335E-19	0	0	5589901.11716
3944	20.5	-20.5	28.991	1045.091	0.00002	0.73	20	3.191	8.2754E-20	0	0	8483434.76446
3945	20.5	-19.5	28.293	1045.36	0.00002	0.73	20	2.493	5.0628E-20	0	0	13870465.53606
3946	20.5	-18.5	27.613	1045.77	0.00001	0.73	20	1.813	3.1491E-20	0	0	24162344.35783
3947	20.5	-17.5	26.954	1046.331	0.00001	0.7333	20	1.154	2.0051E-20	0	0	47682265.21943
3948	20.391	-16.559	26.268	1046.942	0.00001	1.0339	20	1	9.3003E-21	0	0	95899111.79016
3949	20.749	-15.666	25.998	1047.213	0	1.3745	20	1	3.0927E-21	0	0	191742982.61867
3950	20.749	15.666	25.998	1047.213	0	1.3745	20	1	3.0927E-21	0	0	191742982.61868
3951	20.391	16.559	26.268	1046.942	0.00001	1.0339	20	1	9.3003E-21	0	0	95899111.79016
3952	20.5	17.5	26.954	1046.331	0.00001	0.7333	20	1.154	2.0051E-20	0	0	47682265.21943
3953	20.5	18.5	27.613	1045.77	0.00001	0.73	20	1.813	3.1491E-20	0	0	24162344.35783
3954	20.5	19.5	28.293	1045.36	0.00002	0.73	20	2.493	5.0628E-20	0	0	13870465.53606
3955	20.5	20.5	28.991	1045.091	0.00002	0.73	20	3.191	8.2754E-20	0	0	8483434.76446
3956	20.438	21.436	29.617	1044.969	0.00003	0.73	20	3.817	1.335E-19	0	0	5589901.11716
3957	20.132	22.121	29.91	1044.95	0.00003	0.73	20	4.11	2.232E-19	0	0	4017139.10525
3958	21.142	-21.142	29.899	1044.947	0.00002	0.73	20	4.099	8.0316E-20	0	0	6715040.46129
3959	21.436	-20.438	29.617	1044.969	0.00002	0.73	20	3.817	4.824E-20	0	0	9299083.50592
3960	21.5	-19.5	29.026	1045.086	0.00001	0.73	20	3.226	2.9811E-20	0	0	13984139.22014
3961	21.5	-18.5	28.364	1045.339	0.00001	0.73	20	2.564	1.7945E-20	0	0	22658515.14326
3962	21.5	-17.5	27.722	1045.715	0.00001	0.73	20	1.922	1.068E-20	0	0	39153391.60559
3963	21.5	-16.5	27.102	1046.184	0.00001	0.7303	20	1.302	6.0662E-21	0	0	76685637.49906
3964	21.5	-15.5	26.505	1046.686	0	0.8286	20	1	3.3319E-21	0	0	143440350.13641
3965	21.639	-14.585	26.096	1047.082	0	1.2024	20	1	1.3569E-21	0	0	270748160.17625
3966	21.639	14.585	26.096	1047.082	0	1.2024	20	1	1.3569E-21	0	0	270748160.17627
3967	21.5	15.5	26.505	1046.686	0	0.8286	20	1	3.3319E-21	0	0	143440350.13642
3968	21.5	16.5	27.102	1046.184	0.00001	0.7303	20	1.302	6.0662E-21	0	0	76685637.49906
3969	21.5	17.5	27.722	1045.715	0.00001	0.73	20	1.922	1.068E-20	0	0	39153391.60559
3970	21.5	18.5	28.364	1045.339	0.00001	0.73	20	2.564	1.7945E-20	0	0	22658515.14326
3971	21.5	19.5	29.026	1045.086	0.00001	0.73	20	3.226	2.9811E-20	0	0	13984139.22014
3972	21.436	20.438	29.617	1044.969	0.00002	0.73	20	3.817	4.824E-20	0	0	9299083.50592
3973	21.142	21.142	29.899	1044.947	0.00002	0.73	20	4.099	8.0316E-20	0	0	6715040.46129
3974	22.121	-20.132	29.91	1044.95	0.00001	0.73	20	4.11	2.8941E-20	0	0	11156079.73327
3975	22.412	-19.422	29.657	1044.971	0.00001	0.73	20	3.857	1.7653E-20	0	0	15215846.78845
3976	22.5	-18.5	29.129	1045.066	0.00001	0.73	20	3.329	1.087E-20	0	0	22443944.74695
3977	22.5	-17.5	28.504	1045.283	0.00001	0.73	20	2.704	6.2175E-21	0	0	36497707.96779
3978	22.5	-16.5	27.902	1045.598	0	0.73	20	2.102	3.5053E-21	0	0	62507081.49099
3979	22.5	-15.5	27.322	1045.999	0	0.73	20	1.522	1.868E-21	0	0	118164668.96424
3980	22.5	-14.5	26.768	1046.484	0	0.7479	20	1	9.9046E-22	0	0	249950570.26401
3981	22.476	-13.55	26.245	1046.954	0	1.0461	20	1	3.7969E-22	0	0	477413969.86335
3982	22.754	-12.607	26.013	1047.186	0	1.3373	20	1	1.3387E-22	0	0	909039621.74035
3983	22.754	12.607	26.013	1047.186	0	1.3373	20	1	1.3387E-22	0	0	909039621.74045
3984	22.476	13.55	26.245	1046.954	0	1.0461	20	1	3.7969E-22	0	0	477413969.86339
3985	22.5	14.5	26.768	1046.484	0	0.7479	20	1	9.9046E-22	0	0	249950570.26404
3986	22.5	15.5	27.322	1045.999	0	0.73	20	1.522	1.868E-21	0	0	118164668.96425
3987	22.5	16.5	27.902	1045.598	0	0.73	20	2.102	3.5053E-21	0	0	62507081.49099
3988	22.5	17.5	28.504	1045.283	0.00001	0.73	20	2.704	6.2175E-21	0	0	36497707.96779
3989	22.5	18.5	29.129	1045.066	0.00001	0.73	20	3.329	1.087E-20	0	0	22443944.74695
3990	22.412	19.422	29.657	1044.971	0.00001	0.73	20	3.857	1.7653E-20	0	0	15215846.78845
3991	22.121	20.132	29.91	1044.95	0.00001	0.73	20	4.11	2.8941E-20	0	0	11156079.73327
3992	23.072	-19.087	29.944	1044.96	0.00001	0.73	20	4.144	1.0608E-20	0	0	18277850.15485
3993	23.349	-18.394	29.723	1044.973	0.00001	0.73	20	3.923	6.5212E-21	0	0	24612945.89532
3994	23.5	-17.5	29.3	1045.033	0	0.73	20	3.5	3.9684E-21	0	0	35339754.49877
3995	23.5	-16.5	28.714	1045.204	0	0.73	20	2.914	2.1533E-21	0	0	57571284.2768
3996	23.5	-15.5	28.151	1045.459	0	0.73	20	2.351	1.1594E-21	0	0	97166187.00965
3997	23.5	-14.5	27.613	1045.796	0	0.73	20	1.813	5.8982E-22	0	0	176552504.69936
3998	23.5	-13.5	27.102	1046.197	0	0.7303	20	1.302	2.9541E-22	0	0	347481244.99968
3999	23.5	-12.5	26.618	1046.62	0	0.7806	20	1	1.3776E-22	0	0	684682108.00854
4000	23.535	-11.546	26.215	1046.981	0	1.0673	20	1	5.0223E-23	0	0	1325919216.04191
4001	23.763	-10.585	26.014	1047.177	0	1.3295	20	1	2.3365E-23	0	0	2169578922.81508
4002	23.763	10.585	26.014	1047.177	0	1.3295	20	1	2.3365E-23	0	0	2169578922.81538
4003	23.535	11.546	26.215	1046.981	0	1.0673	20	1	5.0223E-23	0	0	1325919216.04208
4004	23.5	12.5	26.618	1046.62	0	0.7806	20	1	1.3776E-22	0	0	684682108.00864
4005	23.5	13.5	27.102	1046.197	0	0.7303	20	1.302	2.9541E-22	0	0	347481244.99972
4006	23.5	14.5	27.613	1045.796	0	0.73	20	1.813	5.8982E-22	0	0	176552504.69938
4007	23.5	15.5	28.151	1045.459	0	0.73	20	2.351	1.1594E-21	0	0	97166187.00966
4008	23.5	16.5	28.714	1045.204	0	0.73	20	2.914	2.1533E-21	0	0	57571284.2768
4009	23.5	17.5	29.3	1045.033	0	0.73	20	3.5	3.9684E-21	0	0	35339754.49877
4010	23.349	18.394	29.723	1044.973	0.00001	0.73	20	3.923	6.5212E-21	0	0	24612945.89532
4011	23.072	19.087	29.944	1044.96	0.00001	0.73	20	4.144	1.0608E-20	0	0	18277850.15485
4012	24.241	-17.336	29.802	1044.976	0	0.73	20	4.002	2.1589E-21	0	0	41943525.50011
4013	24.475	-16.478	29.505	1045.008	0	0.73	20	3.705	1.3243E-21	0	0	57819707.89905
4014	24.5	-15.5	28.991	1045.118	0	0.73	20	3.191	7.3735E-22	0	0	89872953.95755
4015	24.5	-14.5	28.469	1045.312	0	0.73	20	2.669	3.7921E-22	0	0	149723646.87437
4016	24.5	-13.5	27.973	1045.571	0	0.73	20	2.173	1.7996E-22	0	0	266802143.11325
4017	24.5	-12.5	27.505	1045.882	0	0.73	20	1.705	8.6083E-23	0	0	491610961.04675
4018	24.5	-11.5	27.065	1046.237	0	0.7304	20	1.265	4.3668E-23	0	0	930269448.04639
4019	24.5	-10.5	26.655	1046.601	0	0.7693	20	1	2.6471E-23	0	0	1550628694.94963
4020	24.486	-9.533	26.276	1046.919	0	1.0209	20	1	1.6287E-23	0	0	2277120069.6528
4021	24.671	-8.545	26.109	1047.096	0	1.1741	20	1	1.384E-23	0	0	2649168819.26474
4022	24.83	-7.58	25.961	1047.223	0	1.4388	20	1	1.3507E-23	0	0	2968411385.07868
4023	24.83	7.58	25.961	1047.223	0	1.4388	20	1	1.3507E-23	0	0	2968411385.07884
4024	24.671	8.545	26.109	1047.096	0	1.1741	20	1	1.384E-23	0	0	2649168819.26489
4025	24.486	9.533	26.276	1046.919	0	1.0209	20	1	1.6287E-23	0	0	2277120069.65299
4026	24.5	10.5	26.655	1046.601	0	0.7693	20	1	2.6471E-23	0	0	1550628694.94979
4027	24.5	11.5	27.065	1046.237	0	0.7304	20	1.265	4.3668E-23	0	0	930269448.04649
4028	24.5	12.5	27.505	1045.882	0	0.73	20	1.705	8.6083E-23	0	0	491610961.04682
4029	24.5	13.5	27.973	1045.571	0	0.73	20	2.173	1.7996E-22	0	0	266802143.11327
4030	24.5	14.5	28.469	1045.312	0	0.73	20	2.669	3.7921E-22	0	0	149723646.87438
4031	24.5	15.5	28.991	1045.118	0	0.73	20	3.191	7.3735E-22	0	0	89872953.95756
4032	24.475	16.478	29.505	1045.008	0	0.73	20	3.705	1.3243E-21	0	0	57819707.89905
4033	24.241	17.336	29.802	1044.976	0	0.73	20	4.002	2.1589E-21	0	0	41943525.50011
4034	25.126	-16.195	29.893	1044.979	0	0.73	20	4.093	6.2656E-22	0	0	76133718.61959
4035	25.364	-15.426	29.687	1044.993	0	0.73	20	3.887	4.8348E-22	0	0	91241112.214
4036	25.5	-14.5	29.334	1045.044	0	0.73	20	3.534	2.5478E-22	0	0	138143179.28252
4037	25.5	-13.5	28.853	1045.171	0	0.73	20	3.053	1.1635E-22	0	0	236449161.20606
4038	25.5	-12.5	28.399	1045.354	0	0.73	20	2.599	4.929E-23	0	0	426489284.39918
4039	25.5	-11.5	27.973	1045.582	0	0.73	20	2.173	2.4366E-23	0	0	725074806.13366
4040	25.5	-10.5	27.577	1045.843	0	0.73	20	1.777	1.6428E-23	0	0	1079420421.13602
4041	25.5	-9.5	27.212	1046.127	0	0.73	20	1.412	1.5402E-23	0	0	1402596757.50531
4042	25.5	-8.5	26.879	1046.413	0	0.7354	20	1.079	1.7709E-23	0	0	1717381074.32294
4043	25.5	-7.5	26.58	1046.68	0	0.7929	20	1	1.8063E-23	0	0	1905770695.63564
4044	25.48	-6.521	26.301	1046.892	0	1.0044	20	1	1.4116E-23	0	0	2426154199.72593
4045	25.6	-5.523	26.189	1047.01	0	1.0835	20	1	1.0937E-23	0	0	2862802821.95316
4046	25.699	-4.525	26.095	1047.107	0	1.1892	20	1	6.4929E-24	0	0	3892384844.13128
4047	25.778	-3.526	26.018	1047.18	0	1.3106	20	1	2.6222E-24	0	0	6429916919.44872
4048	25.837	-2.525	25.96	1047.229	0	1.4318	20	1	5.1369E-25	0	0	15184557617.4641
4049	25.877	-1.52	25.921	1047.259	0	1.5338	20	1	5.415E-27	0	0	153070768958.297
4050	25.897	-0.508	25.902	1047.273	0	1.594	20	1	1.2695E-25	0	0	32227647588.2688
4051	25.897	0.508	25.902	1047.273	0	1.594	20	1	1.2695E-25	0	0	32227647588.2673
4052	25.877	1.52	25.921	1047.259	0	1.5338	20	1	5.415E-27	0	0	153070768958.34
4053	25.837	2.525	25.96	1047.229	0	1.4318	20	1	5.1369E-25	0	0	15184557617.4656
4054	25.778	3.526	26.018	1047.18	0	1.3106	20	1	2.6222E-24	0	0	6429916919.44903
4055	25.699	4.525	26.095	1047.107	0	1.1892	20	1	6.4929E-24	0	0	3892384844.13146
4056	25.6	5.523	26.189	1047.01	0	1.0835	20	1	1.0937E-23	0	0	2862802821.95331
4057	25.48	6.521	26.301	1046.892	0	1.0044	20	1	1.4116E-23	0	0	2426154199.72605
4058	25.5	7.5	26.58	1046.68	0	0.7929	20	1	1.8063E-23	0	0	1905770695.63568
4059	25.5	8.5	26.879	1046.413	0	0.7354	20	1.079	1.7709E-23	0	0	1717381074.32303
4060	25.5	9.5	27.212	1046.127	0	0.73	20	1.412	1.5402E-23	0	0	1402596757.50536
4061	25.5	10.5	27.577	1045.843	0	0.73	20	1.777	1.6428E-23	0	0	1079420421.13615
4062	25.5	11.5	27.973	1045.582	0	0.73	20	2.173	2.4366E-23	0	0	725074806.13373
4063	25.5	12.5	28.399	1045.354	0	0.73	20	2.599	4.929E-23	0	0	426489284.3992
4064	25.5	13.5	28.853	1045.171	0	0.73	20	3.053	1.1635E-22	0	0	236449161.20609
4065	25.5	14.5	29.334	1045.044	0	0.73	20	3.534	2.5478E-22	0	0	138143179.28252
4066	25.364	15.426	29.687	1044.993	0	0.73	20	3.887	4.8348E-22	0	0	91241112.21401
4067	25.126	16.195	29.893	1044.979	0	0.73	20	4.093	6.2656E-22	0	0	76133718.61959
4068	26.179	-14.325	29.842	1044.997	0	0.73	20	4.042	1.2023E-22	0	0	176002295.20134
4069	26.407	-13.448	29.634	1045.012	0	0.73	20	3.834	6.5788E-23	0	0	250747405.11474
4070	26.5	-12.5	29.3	1045.062	0	0.73	20	3.5	3E-23	0	0	406454174.0902
4071	26.5	-11.5	28.888	1045.171	0	0.73	20	3.088	1.0506E-23	0	0	778062932.60104
4072	26.5	-10.5	28.504	1045.321	0	0.73	20	2.704	6.7542E-24	0	0	1107363526.97513
4073	26.5	-9.5	28.151	1045.494	0	0.73	20	2.351	8.4938E-24	0	0	1135234694.71335
4074	26.5	-8.5	27.83	1045.684	0	0.73	20	2.03	1.0298E-23	0	0	1193929731.48144
4075	26.5	-7.5	27.541	1045.884	0	0.73	20	1.741	1.3587E-23	0	0	1211646803.86087
4076	26.5	-6.5	27.286	1046.08	0	0.73	20	1.486	1.4126E-23	0	0	1392301562.51237
4077	26.5	-5.5	27.065	1046.263	0	0.7301	20	1.265	1.2417E-23	0	0	1744203579.81944
4078	26.5	-4.5	26.879	1046.428	0	0.7347	20	1.079	8.2505E-24	0	0	2514872725.02402
4079	26.5	-3.5	26.73	1046.567	0	0.7517	20	1	3.8901E-24	0	0	3998368240.815
4080	26.5	-2.5	26.618	1046.674	0	0.7793	20	1	1.1262E-24	0	0	7566215309.10001
4081	26.5	-1.5	26.542	1046.747	0	0.808	20	1	1.4312E-25	0	0	21611807473.0393
4082	26.5	-0.5	26.505	1046.784	0	0.8264	20	1	1.4685E-25	0	0	21576920802.6688
4083	26.5	0.5	26.505	1046.784	0	0.8264	20	1	1.4685E-25	0	0	21576920802.6684
4084	26.5	1.5	26.542	1046.747	0	0.808	20	1	1.4312E-25	0	0	21611807473.0403
4085	26.5	2.5	26.618	1046.674	0	0.7793	20	1	1.1262E-24	0	0	7566215309.10041
4086	26.5	3.5	26.73	1046.567	0	0.7517	20	1	3.8901E-24	0	0	3998368240.81516
4087	26.5	4.5	26.879	1046.428	0	0.7347	20	1.079	8.2505E-24	0	0	2514872725.02413
4088	26.5	5.5	27.065	1046.263	0	0.7301	20	1.265	1.2417E-23	0	0	1744203579.81955
4089	26.5	6.5	27.286	1046.08	0	0.73	20	1.486	1.4126E-23	0	0	1392301562.51244
4090	26.5	7.5	27.541	1045.884	0	0.73	20	1.741	1.3587E-23	0	0	1211646803.86093
4091	26.5	8.5	27.83	1045.684	0	0.73	20	2.03	1.0298E-23	0	0	1193929731.48146
4092	26.5	9.5	28.151	1045.494	0	0.73	20	2.351	8.4938E-24	0	0	1135234694.71352
4093	26.5	10.5	28.504	1045.321	0	0.73	20	2.704	6.7542E-24	0	0	1107363526.97536
4094	26.5	11.5	28.888	1045.171	0	0.73	20	3.088	1.0506E-23	0	0	778062932.60124
4095	26.5	12.5	29.3	1045.062	0	0.73	20	3.5	3E-23	0	0	406454174.09022
4096	26.407	13.448	29.634	1045.012	0	0.73	20	3.834	6.5788E-23	0	0	250747405.11475
4097	26.179	14.325	29.842	1044.997	0	0.73	20	4.042	1.2023E-22	0	0	176002295.20137
4098	27.012	-13.026	29.989	1045.01	0	0.73	20	4.189	2.6416E-23	0	0	362402167.77055
4099	27.167	-12.358	29.846	1045.014	0	0.73	20	4.046	9.1042E-24	0	0	638887887.44786
4100	27.363	-11.451	29.663	1045.023	0	0.73	20	3.863	4.4731E-24	0	0	954407787.60175
4101	27.495	-10.496	29.43	1045.055	0	0.73	20	3.63	1.8409E-24	0	0	1582364989.33145
4102	27.5	-9.5	29.095	1045.123	0	0.73	20	3.295	2.2242E-24	0	0	1585322086.17361
4103	27.5	-8.5	28.784	1045.221	0	0.73	20	2.984	4.2859E-24	0	0	1260483384.00052
4104	27.5	-7.5	28.504	1045.336	0	0.73	20	2.704	6.3163E-24	0	0	1145105116.79896
4105	27.5	-6.5	28.258	1045.453	0	0.73	20	2.458	8.6267E-24	0	0	1077837442.62578
4106	27.5	-5.5	28.045	1045.568	0	0.73	20	2.245	8.3162E-24	0	0	1201726476.53403
4107	27.5	-4.5	27.866	1045.677	0	0.73	20	2.066	6.9443E-24	0	0	1428688639.94515
4108	27.5	-3.5	27.722	1045.776	0	0.73	20	1.922	4.4645E-24	0	0	1914999325.58151
4109	27.5	-2.5	27.613	1045.858	0	0.73	20	1.813	2.1308E-24	0	0	2937396607.37296
4110	27.5	-1.5	27.541	1045.916	0	0.73	20	1.741	7.6856E-25	0	0	5094445640.98872
4111	27.5	-0.5	27.505	1045.947	0	0.73	20	1.705	1.5071E-25	0	0	11749461193.064
4112	27.5	0.5	27.505	1045.947	0	0.73	20	1.705	1.5071E-25	0	0	11749461193.0647
4113	27.5	1.5	27.541	1045.916	0	0.73	20	1.741	7.6856E-25	0	0	5094445640.98899
4114	27.5	2.5	27.613	1045.858	0	0.73	20	1.813	2.1308E-24	0	0	2937396607.373
4115	27.5	3.5	27.722	1045.776	0	0.73	20	1.922	4.4645E-24	0	0	1914999325.58154
4116	27.5	4.5	27.866	1045.677	0	0.73	20	2.066	6.9443E-24	0	0	1428688639.94525
4117	27.5	5.5	28.045	1045.568	0	0.73	20	2.245	8.3162E-24	0	0	1201726476.5341
4118	27.5	6.5	28.258	1045.453	0	0.73	20	2.458	8.6267E-24	0	0	1077837442.6258
4119	27.5	7.5	28.504	1045.336	0	0.73	20	2.704	6.3163E-24	0	0	1145105116.79902
4120	27.5	8.5	28.784	1045.221	0	0.73	20	2.984	4.2859E-24	0	0	1260483384.00055
4121	27.5	9.5	29.095	1045.123	0	0.73	20	3.295	2.2242E-24	0	0	1585322086.17376
4122	27.495	10.496	29.43	1045.055	0	0.73	20	3.63	1.8409E-24	0	0	1582364989.33153
4123	27.363	11.451	29.663	1045.023	0	0.73	20	3.863	4.4731E-24	0	0	954407787.60197
4124	27.167	12.358	29.846	1045.014	0	0.73	20	4.046	9.1042E-24	0	0	638887887.44793
4125	27.012	13.026	29.989	1045.01	0	0.73	20	4.189	2.6416E-23	0	0	362402167.77056
4126	28.095	-10.259	29.91	1045.03	0	0.73	20	4.11	2.3831E-24	0	0	1229634127.59897
4127	28.237	-9.439	29.773	1045.033	0	0.73	20	3.973	9.3655E-26	0	0	6414020494.36847
4128	28.389	-8.468	29.625	1045.043	0	0.73	20	3.825	2.7217E-24	0	0	1235473061.68629
4129	28.493	-7.495	29.463	1045.066	0	0.73	20	3.663	2.7687E-24	0	0	1278953973.45175
4130	28.5	-6.5	29.232	1045.106	0	0.73	20	3.432	3.667E-24	0	0	1185590905.58202
4131	28.5	-5.5	29.026	1045.159	0	0.73	20	3.226	6.0438E-24	0	0	982129117.78634
4132	28.5	-4.5	28.853	1045.215	0	0.73	20	3.053	6.2371E-24	0	0	1021235657.85254
4133	28.5	-3.5	28.714	1045.269	0	0.73	20	2.914	5.3563E-24	0	0	1154328097.96029
4134	28.5	-2.5	28.609	1045.316	0	0.73	20	2.809	3.3592E-24	0	0	1511699989.68228
4135	28.5	-1.5	28.539	1045.351	0	0.73	20	2.739	1.2917E-24	0	0	2499871889.77366
4136	28.5	-0.5	28.504	1045.369	0	0.73	20	2.704	1.9884E-25	0	0	6453896774.8667
4137	28.5	0.5	28.504	1045.369	0	0.73	20	2.704	1.9884E-25	0	0	6453896774.86755
4138	28.5	1.5	28.539	1045.351	0	0.73	20	2.739	1.2917E-24	0	0	2499871889.77372
4139	28.5	2.5	28.609	1045.316	0	0.73	20	2.809	3.3592E-24	0	0	1511699989.6823
4140	28.5	3.5	28.714	1045.269	0	0.73	20	2.914	5.3563E-24	0	0	1154328097.96034
4141	28.5	4.5	28.853	1045.215	0	0.73	20	3.053	6.2371E-24	0	0	1021235657.85259
4142	28.5	5.5	29.026	1045.159	0	0.73	20	3.226	6.0438E-24	0	0	982129117.78635
4143	28.5	6.5	29.232	1045.106	0	0.73	20	3.432	3.667E-24	0	0	1185590905.58208
4144	28.493	7.495	29.463	1045.066	0	0.73	20	3.663	2.7687E-24	0	0	1278953973.45175
4145	28.389	8.468	29.625	1045.043	0	0.73	20	3.825	2.7217E-24	0	0	1235473061.68627
4146	28.237	9.439	29.773	1045.033	0	0.73	20	3.973	9.3655E-26	0	0	6414020494.35466
4147	28.095	10.259	29.91	1045.03	0	0.73	20	4.11	2.3831E-24	0	0	1229634127.59849
4148	29.058	-7.229	29.943	1045.051	0	0.73	20	4.143	8.0475E-25	0	0	2098897769.33514
4149	29.15	-6.435	29.852	1045.055	0	0.73	20	4.052	3.9522E-24	0	0	968313281.00885
4150	29.248	-5.468	29.755	1045.058	0	0.73	20	3.955	5.438E-24	0	0	845634218.68919
4151	29.331	-4.481	29.671	1045.064	0	0.73	20	3.871	6.666E-24	0	0	780121210.85799
4152	29.398	-3.488	29.604	1045.071	0	0.73	20	3.804	5.2529E-24	0	0	894314398.2552
4153	29.447	-2.492	29.553	1045.079	0	0.73	20	3.753	3.5834E-24	0	0	1097392714.38455
4154	29.481	-1.496	29.519	1045.085	0	0.73	20	3.719	1.523E-24	0	0	1698668090.05697
4155	29.497	-0.499	29.501	1045.089	0	0.73	20	3.701	1.4726E-25	0	0	5487906079.89983
4156	29.497	0.499	29.501	1045.089	0	0.73	20	3.701	1.4726E-25	0	0	5487906079.90074
4157	29.481	1.496	29.519	1045.085	0	0.73	20	3.719	1.523E-24	0	0	1698668090.05702
4158	29.447	2.492	29.553	1045.079	0	0.73	20	3.753	3.5834E-24	0	0	1097392714.38452
4159	29.398	3.488	29.604	1045.071	0	0.73	20	3.804	5.2529E-24	0	0	894314398.25521
4160	29.331	4.481	29.671	1045.064	0	0.73	20	3.871	6.666E-24	0	0	780121210.858
4161	29.248	5.468	29.755	1045.058	0	0.73	20	3.955	5.438E-24	0	0	845634218.68927
4162	29.15	6.435	29.852	1045.055	0	0.73	20	4.052	3.9522E-24	0	0	968313281.009
4163	29.058	7.229	29.943	1045.051	0	0.73	20	4.143	8.0475E-25	0	0	2098897769.33542
